{
"type": "FeatureCollection",
"name": "ER_REGIAO_CIDADE_min_Arujá_Alto Tietê",
"crs": { "type": "name", "properties": { "name": "urn:ogc:def:crs:OGC:1.3:CRS84" } },
"xy_coordinate_resolution": 1e-15,
"features": [
{ "type": "Feature", "properties": { "CNPJ": "47029821000114", "IDCIDADE": "ARUJA", "NOMEFANTASIA": "SWEET_GABI_CONFEITARIA", "RAZAOSOCIAL": "SWEET_GABI_CONFEITARIA", "ENDEE": "MAJOR_BENJAMIN_FRANCO135__JARDIM_VITORIA_07400-165", "LATITUDE": "-23.3961285", "LONGITUDE": "-46.3249949", "LMAPS": "https://www.google.com/maps?q=&layer=c&cbll=-46.3249949,-23.3961285", "O_QUE_FAZER": "FINALIZADO", "ER_REGIAO_CIDADE_min": "Arujá_Alto Tietê" }, "geometry": { "type": "Point", "coordinates": [ -46.3249949, -23.3961285 ] } },
{ "type": "Feature", "properties": { "CNPJ": "11502109000143", "IDCIDADE": "ARUJA", "NOMEFANTASIA": "GOOD_GREEN", "RAZAOSOCIAL": "GOOD_GREEN", "ENDEE": "MAJOR_BENJAMIN_FRANCO164__JARDIM_VITORIA_07400-165", "LATITUDE": "-23.3959382", "LONGITUDE": "-46.3252636", "LMAPS": "https://www.google.com/maps?q=&layer=c&cbll=-46.3252636,-23.3959382", "O_QUE_FAZER": "FINALIZADO", "ER_REGIAO_CIDADE_min": "Arujá_Alto Tietê" }, "geometry": { "type": "Point", "coordinates": [ -46.3252636, -23.3959382 ] } },
{ "type": "Feature", "properties": { "CNPJ": "59112873000139", "IDCIDADE": "ARUJA", "NOMEFANTASIA": "GIBA_ESPORTES", "RAZAOSOCIAL": "GIBA_ESPORTES", "ENDEE": "MAJOR_BENJAMIN_FRANCO25__JARDIM_VITORIA_07400-165", "LATITUDE": "-23.3960469", "LONGITUDE": "-46.3238885", "LMAPS": "https://www.google.com/maps?q=&layer=c&cbll=-46.3238885,-23.3960469", "O_QUE_FAZER": "FINALIZADO", "ER_REGIAO_CIDADE_min": "Arujá_Alto Tietê" }, "geometry": { "type": "Point", "coordinates": [ -46.3238885, -23.3960469 ] } },
{ "type": "Feature", "properties": { "CNPJ": "28559918000194", "IDCIDADE": "ARUJA", "NOMEFANTASIA": "CASA_PAI_XANGO_ARTIGOS_RELIGIOSOS", "RAZAOSOCIAL": "CASA_PAI_XANGO_ARTIGOS_RELIGIOSOS", "ENDEE": "MAJOR_BENJAMIN_FRANCO79__JARDIM_VITORIA_07400-165", "LATITUDE": "-23.3961201", "LONGITUDE": "-46.3243805", "LMAPS": "https://www.google.com/maps?q=&layer=c&cbll=-46.3243805,-23.3961201", "O_QUE_FAZER": "FINALIZADO", "ER_REGIAO_CIDADE_min": "Arujá_Alto Tietê" }, "geometry": { "type": "Point", "coordinates": [ -46.3243805, -23.3961201 ] } },
{ "type": "Feature", "properties": { "CNPJ": "59647248000191", "IDCIDADE": "ARUJA", "NOMEFANTASIA": "AUTO_MOTO_ESCOLA_NATUREZA", "RAZAOSOCIAL": "AUTO_MOTO_ESCOLA_NATUREZA_LTDA", "ENDEE": "RUA_MAJOR_BENJAMIM_FRANCO13__CENTRO_07400-165", "LATITUDE": "-23.3960202", "LONGITUDE": "-46.3236803", "LMAPS": "https://www.google.com/maps?q=&layer=c&cbll=-46.3236803,-23.3960202", "O_QUE_FAZER": "FINALIZADO", "ER_REGIAO_CIDADE_min": "Arujá_Alto Tietê" }, "geometry": { "type": "Point", "coordinates": [ -46.3236803, -23.3960202 ] } },
{ "type": "Feature", "properties": { "CNPJ": "28321193000100", "IDCIDADE": "ARUJA", "NOMEFANTASIA": "INCA_JOIAS", "RAZAOSOCIAL": "M.E.J_FERREIRA_OTICA", "ENDEE": "RUA_MAJOR_BENJAMIN_FRANCO80__JARDIM_VITORIA_07400-165", "LATITUDE": "-23.395968", "LONGITUDE": "-46.3243721", "LMAPS": "https://www.google.com/maps?q=&layer=c&cbll=-46.3243721,-23.395968", "O_QUE_FAZER": "FINALIZADO", "ER_REGIAO_CIDADE_min": "Arujá_Alto Tietê" }, "geometry": { "type": "Point", "coordinates": [ -46.3243721, -23.395968 ] } },
{ "type": "Feature", "properties": { "CNPJ": "04552470000119", "IDCIDADE": "ARUJA", "NOMEFANTASIA": "SPALLA_AUTOMOTIVOS", "RAZAOSOCIAL": "SPALLA_SERVICOS_AUTOMOTIVOS_LTDA", "ENDEE": "AVENIDA_DOS_EXPEDICIONARIOS114__JARDIM_RINCAO_07400-460", "LATITUDE": "-23.4016049", "LONGITUDE": "-46.3179583", "LMAPS": "https://www.google.com/maps?q=&layer=c&cbll=-46.3179583,-23.4016049", "O_QUE_FAZER": "FINALIZADO", "ER_REGIAO_CIDADE_min": "Arujá_Alto Tietê" }, "geometry": { "type": "Point", "coordinates": [ -46.3179583, -23.4016049 ] } },
{ "type": "Feature", "properties": { "CNPJ": "11913970000102", "IDCIDADE": "ARUJA", "NOMEFANTASIA": "MECANICA_CARLAO", "RAZAOSOCIAL": "ANTONIO_CARLOS_DOS_SANTOS", "ENDEE": "AVENIDA_DOS_EXPEDICIONARIOS145__JARDIM_RINCAO_07400-460", "LATITUDE": "-23.4013467", "LONGITUDE": "-46.31826", "LMAPS": "https://www.google.com/maps?q=&layer=c&cbll=-46.31826,-23.4013467", "O_QUE_FAZER": "FINALIZADO", "ER_REGIAO_CIDADE_min": "Arujá_Alto Tietê" }, "geometry": { "type": "Point", "coordinates": [ -46.31826, -23.4013467 ] } },
{ "type": "Feature", "properties": { "CNPJ": "19546146000165", "IDCIDADE": "ARUJA", "NOMEFANTASIA": "RAINHA_DO_OLEO", "RAZAOSOCIAL": "V.DOS_SANTOS_CARVALHO", "ENDEE": "AVENIDA_DOS_EXPEDICIONARIOS313__JARDIM_RINCAO_07400-460", "LATITUDE": "-23.4002936", "LONGITUDE": "-46.3192028", "LMAPS": "https://www.google.com/maps?q=&layer=c&cbll=-46.3192028,-23.4002936", "O_QUE_FAZER": "FINALIZADO", "ER_REGIAO_CIDADE_min": "Arujá_Alto Tietê" }, "geometry": { "type": "Point", "coordinates": [ -46.3192028, -23.4002936 ] } },
{ "type": "Feature", "properties": { "CNPJ": "23271486000106", "IDCIDADE": "ARUJA", "NOMEFANTASIA": "MAIS_CELL", "RAZAOSOCIAL": "MAIS_CELL", "ENDEE": "DOS_EXPEDICIONARIOS1197__JARDIM_RINCAO_07400-460", "LATITUDE": "-23.3946895", "LONGITUDE": "-46.3222078", "LMAPS": "https://www.google.com/maps?q=&layer=c&cbll=-46.3222078,-23.3946895", "O_QUE_FAZER": "FINALIZADO", "ER_REGIAO_CIDADE_min": "Arujá_Alto Tietê" }, "geometry": { "type": "Point", "coordinates": [ -46.3222078, -23.3946895 ] } },
{ "type": "Feature", "properties": { "CNPJ": "06353839000190", "IDCIDADE": "ARUJA", "NOMEFANTASIA": "LAYOUT_GRAFICA", "RAZAOSOCIAL": "LAYOUT_GRAFICA", "ENDEE": "DOS_EXPEDICIONARIOS1523__JARDIM_RINCAO_07400-460", "LATITUDE": "-23.3932316", "LONGITUDE": "-46.3197995", "LMAPS": "https://www.google.com/maps?q=&layer=c&cbll=-46.3197995,-23.3932316", "O_QUE_FAZER": "FINALIZADO", "ER_REGIAO_CIDADE_min": "Arujá_Alto Tietê" }, "geometry": { "type": "Point", "coordinates": [ -46.3197995, -23.3932316 ] } },
{ "type": "Feature", "properties": { "CNPJ": "12855344000161", "IDCIDADE": "ARUJA", "NOMEFANTASIA": "ELETRIMAQ", "RAZAOSOCIAL": "ELETRIMAQ", "ENDEE": "DOS_EXPEDICIONARIOS1580__JARDIM_RINCAO_07400-460", "LATITUDE": "-23.3930241", "LONGITUDE": "-46.3189652", "LMAPS": "https://www.google.com/maps?q=&layer=c&cbll=-46.3189652,-23.3930241", "O_QUE_FAZER": "FINALIZADO", "ER_REGIAO_CIDADE_min": "Arujá_Alto Tietê" }, "geometry": { "type": "Point", "coordinates": [ -46.3189652, -23.3930241 ] } },
{ "type": "Feature", "properties": { "CNPJ": "52023506000110", "IDCIDADE": "ARUJA", "NOMEFANTASIA": "DOMAQ", "RAZAOSOCIAL": "DOMAQ", "ENDEE": "DOS_EXPEDICIONARIOS2171__JARDIM_RINCAO_07400-460", "LATITUDE": "-23.3889907", "LONGITUDE": "-46.3151881", "LMAPS": "https://www.google.com/maps?q=&layer=c&cbll=-46.3151881,-23.3889907", "O_QUE_FAZER": "FINALIZADO", "ER_REGIAO_CIDADE_min": "Arujá_Alto Tietê" }, "geometry": { "type": "Point", "coordinates": [ -46.3151881, -23.3889907 ] } },
{ "type": "Feature", "properties": { "CNPJ": "01366151000120", "IDCIDADE": "ARUJA", "NOMEFANTASIA": "REVEST_CAR", "RAZAOSOCIAL": "REVEST_CAR", "ENDEE": "DOS_EXPEDICIONARIOS2345__JARDIM_RINCAO_07400-460", "LATITUDE": "-23.3879481", "LONGITUDE": "-46.313851", "LMAPS": "https://www.google.com/maps?q=&layer=c&cbll=-46.313851,-23.3879481", "O_QUE_FAZER": "FINALIZADO", "ER_REGIAO_CIDADE_min": "Arujá_Alto Tietê" }, "geometry": { "type": "Point", "coordinates": [ -46.313851, -23.3879481 ] } },
{ "type": "Feature", "properties": { "CNPJ": "15377535000153", "IDCIDADE": "ARUJA", "NOMEFANTASIA": "KM", "RAZAOSOCIAL": "KM", "ENDEE": "DOS_EXPEDICIONARIOS2367__JARDIM_RINCAO_07400-460", "LATITUDE": "-23.387907", "LONGITUDE": "-46.3136263", "LMAPS": "https://www.google.com/maps?q=&layer=c&cbll=-46.3136263,-23.387907", "O_QUE_FAZER": "FINALIZADO", "ER_REGIAO_CIDADE_min": "Arujá_Alto Tietê" }, "geometry": { "type": "Point", "coordinates": [ -46.3136263, -23.387907 ] } },
{ "type": "Feature", "properties": { "CNPJ": "53343480000150", "IDCIDADE": "ARUJA", "NOMEFANTASIA": "ALGODAO_DOCE", "RAZAOSOCIAL": "ALGODAO_DOCE", "ENDEE": "DOS_EXPEDICIONARIOS241__JARDIM_RINCAO_07400-460", "LATITUDE": "-23.4006685", "LONGITUDE": "-46.3188382", "LMAPS": "https://www.google.com/maps?q=&layer=c&cbll=-46.3188382,-23.4006685", "O_QUE_FAZER": "FINALIZADO", "ER_REGIAO_CIDADE_min": "Arujá_Alto Tietê" }, "geometry": { "type": "Point", "coordinates": [ -46.3188382, -23.4006685 ] } },
{ "type": "Feature", "properties": { "CNPJ": "24458647000120", "IDCIDADE": "ARUJA", "NOMEFANTASIA": "RESTAURAR_MARTELINHO_DE_OURO", "RAZAOSOCIAL": "RESTAURAR_MARTELINHO_DE_OURO", "ENDEE": "DOS_EXPEDICIONARIOS331__JARDIM_RINCAO_07400-460", "LATITUDE": "-23.4001378", "LONGITUDE": "-46.3195819", "LMAPS": "https://www.google.com/maps?q=&layer=c&cbll=-46.3195819,-23.4001378", "O_QUE_FAZER": "FINALIZADO", "ER_REGIAO_CIDADE_min": "Arujá_Alto Tietê" }, "geometry": { "type": "Point", "coordinates": [ -46.3195819, -23.4001378 ] } },
{ "type": "Feature", "properties": { "CNPJ": "35055346000171", "IDCIDADE": "ARUJA", "NOMEFANTASIA": "SAPATARIA_BRASIL", "RAZAOSOCIAL": "SAPATARIA_BRASIL", "ENDEE": "DOS_EXPEDICIONARIOS445__JARDIM_RINCAO_07400-460", "LATITUDE": "-23.3993133", "LONGITUDE": "-46.3203136", "LMAPS": "https://www.google.com/maps?q=&layer=c&cbll=-46.3203136,-23.3993133", "O_QUE_FAZER": "FINALIZADO", "ER_REGIAO_CIDADE_min": "Arujá_Alto Tietê" }, "geometry": { "type": "Point", "coordinates": [ -46.3203136, -23.3993133 ] } },
{ "type": "Feature", "properties": { "CNPJ": "46139785000189", "IDCIDADE": "ARUJA", "NOMEFANTASIA": "BRILHA_MAIS", "RAZAOSOCIAL": "BRILHA_MAIS", "ENDEE": "DOS_EXPEDICIONARIOS681__JARDIM_RINCAO_07400-460", "LATITUDE": "-23.3978934", "LONGITUDE": "-46.3217228", "LMAPS": "https://www.google.com/maps?q=&layer=c&cbll=-46.3217228,-23.3978934", "O_QUE_FAZER": "FINALIZADO", "ER_REGIAO_CIDADE_min": "Arujá_Alto Tietê" }, "geometry": { "type": "Point", "coordinates": [ -46.3217228, -23.3978934 ] } },
{ "type": "Feature", "properties": { "CNPJ": "51093013000193", "IDCIDADE": "ARUJA", "NOMEFANTASIA": "BRIGE", "RAZAOSOCIAL": "BRIGE", "ENDEE": "DOS_EXPEDICIONARIOS681__JARDIM_RINCAO_07400-460", "LATITUDE": "-23.3978934", "LONGITUDE": "-46.3217228", "LMAPS": "https://www.google.com/maps?q=&layer=c&cbll=-46.3217228,-23.3978934", "O_QUE_FAZER": "FINALIZADO", "ER_REGIAO_CIDADE_min": "Arujá_Alto Tietê" }, "geometry": { "type": "Point", "coordinates": [ -46.3217228, -23.3978934 ] } },
{ "type": "Feature", "properties": { "CNPJ": "11314173000109", "IDCIDADE": "ARUJA", "NOMEFANTASIA": "RICARDO_OVOS", "RAZAOSOCIAL": "RICARDO_OVOS", "ENDEE": "DOS_EXPEDICIONARIOS771__JARDIM_RINCAO_07400-460", "LATITUDE": "-23.3973839", "LONGITUDE": "-46.3223901", "LMAPS": "https://www.google.com/maps?q=&layer=c&cbll=-46.3223901,-23.3973839", "O_QUE_FAZER": "FINALIZADO", "ER_REGIAO_CIDADE_min": "Arujá_Alto Tietê" }, "geometry": { "type": "Point", "coordinates": [ -46.3223901, -23.3973839 ] } },
{ "type": "Feature", "properties": { "CNPJ": "24272086000170", "IDCIDADE": "ARUJA", "NOMEFANTASIA": "AGUA_JA", "RAZAOSOCIAL": "AGUA_JA", "ENDEE": "DOS_EXPEDICIONARIOS797__JARDIM_RINCAO_07400-460", "LATITUDE": "-23.3972847", "LONGITUDE": "-46.3225512", "LMAPS": "https://www.google.com/maps?q=&layer=c&cbll=-46.3225512,-23.3972847", "O_QUE_FAZER": "FINALIZADO", "ER_REGIAO_CIDADE_min": "Arujá_Alto Tietê" }, "geometry": { "type": "Point", "coordinates": [ -46.3225512, -23.3972847 ] } },
{ "type": "Feature", "properties": { "CNPJ": "21255745000171", "IDCIDADE": "ARUJA", "NOMEFANTASIA": "OTICA MAX", "RAZAOSOCIAL": "ATITUDE DESIGN OTICA LTDA", "ENDEE": "DOS EXPEDICIONÁRIOS, 1211, JARDIM RINCÃO, 07400-460, ARUJÁ_07400-460", "LATITUDE": "-23.3946487", "LONGITUDE": "-46.3221361", "LMAPS": "https://www.google.com/maps?q=&layer=c&cbll=-46.3221361,-23.3946487", "O_QUE_FAZER": "FINALIZADO", "ER_REGIAO_CIDADE_min": "Arujá_Alto Tietê" }, "geometry": { "type": "Point", "coordinates": [ -46.3221361, -23.3946487 ] } },
{ "type": "Feature", "properties": { "CNPJ": "09283668000168", "IDCIDADE": "ARUJA", "NOMEFANTASIA": "NATUERVAS", "RAZAOSOCIAL": "ROSEMERE PISCIONERI MORAES", "ENDEE": "DOS EXPEDICIONÁRIOS, 1179, JARDIM RINCÃO, 07400-460, ARUJÁ_07400-460", "LATITUDE": "-23.3947699", "LONGITUDE": "-46.3224583", "LMAPS": "https://www.google.com/maps?q=&layer=c&cbll=-46.3224583,-23.3947699", "O_QUE_FAZER": "FINALIZADO", "ER_REGIAO_CIDADE_min": "Arujá_Alto Tietê" }, "geometry": { "type": "Point", "coordinates": [ -46.3224583, -23.3947699 ] } },
{ "type": "Feature", "properties": { "CNPJ": "28428874000163", "IDCIDADE": "ARUJA", "NOMEFANTASIA": "REGINA INFORMATICA", "RAZAOSOCIAL": "28.428.874 REGINA CELIA NORTE", "ENDEE": "DOS EXPEDICIONÁRIOS, 1179, JARDIM RINCÃO, 07400-460, ARUJÁ_07400-460", "LATITUDE": "-23.3947699", "LONGITUDE": "-46.3224583", "LMAPS": "https://www.google.com/maps?q=&layer=c&cbll=-46.3224583,-23.3947699", "O_QUE_FAZER": "FINALIZADO", "ER_REGIAO_CIDADE_min": "Arujá_Alto Tietê" }, "geometry": { "type": "Point", "coordinates": [ -46.3224583, -23.3947699 ] } },
{ "type": "Feature", "properties": { "CNPJ": "56895063000108", "IDCIDADE": "ARUJA", "NOMEFANTASIA": "SUPERMERCADO TREVO", "RAZAOSOCIAL": "MERCADINHO DO TREVO ARUJA LTDA", "ENDEE": "DOS EXPEDICIONÁRIOS, 338, JARDIM RINCÃO, 07400-460, ARUJÁ_07400-460", "LATITUDE": "-23.399995", "LONGITUDE": "-46.319315", "LMAPS": "https://www.google.com/maps?q=&layer=c&cbll=-46.319315,-23.399995", "O_QUE_FAZER": "FINALIZADO", "ER_REGIAO_CIDADE_min": "Arujá_Alto Tietê" }, "geometry": { "type": "Point", "coordinates": [ -46.319315, -23.399995 ] } },
{ "type": "Feature", "properties": { "CNPJ": "21358730000139", "IDCIDADE": "ARUJA", "NOMEFANTASIA": "ROUTE'Y 66", "RAZAOSOCIAL": "ROUTE'Y 66 LTDA", "ENDEE": "DOS EXPEDICIONÁRIOS, 361, JARDIM RINCÃO, 07400-460, ARUJÁ_07400-460", "LATITUDE": "-23.4000497", "LONGITUDE": "-46.3198436", "LMAPS": "https://www.google.com/maps?q=&layer=c&cbll=-46.3198436,-23.4000497", "O_QUE_FAZER": "FINALIZADO", "ER_REGIAO_CIDADE_min": "Arujá_Alto Tietê" }, "geometry": { "type": "Point", "coordinates": [ -46.3198436, -23.4000497 ] } },
{ "type": "Feature", "properties": { "CNPJ": "06087574000125", "IDCIDADE": "ARUJA", "NOMEFANTASIA": "VITORIA & VITORIA", "RAZAOSOCIAL": "VITORIA & VITORIA AQUECEDOR SOLAR LTDA", "ENDEE": "DOS EXPEDICIONÁRIOS, 330, JARDIM RINCÃO, 07400-460, ARUJÁ_07400-460", "LATITUDE": "-23.4001122", "LONGITUDE": "-46.3192189", "LMAPS": "https://www.google.com/maps?q=&layer=c&cbll=-46.3192189,-23.4001122", "O_QUE_FAZER": "FINALIZADO", "ER_REGIAO_CIDADE_min": "Arujá_Alto Tietê" }, "geometry": { "type": "Point", "coordinates": [ -46.3192189, -23.4001122 ] } },
{ "type": "Feature", "properties": { "CNPJ": "34073515000133", "IDCIDADE": "ARUJA", "NOMEFANTASIA": "CENTRO DE FORMACAO DE CONDUTORES ITAMARATY", "RAZAOSOCIAL": "CENTRO DE FORMACAO DE CONDUTORES STEFANNY LTDA", "ENDEE": "DOS EXPEDICIONÁRIOS, 1205, JARDIM RINCÃO, 07400-460, ARUJÁ_07400-460", "LATITUDE": "-23.3946255", "LONGITUDE": "-46.322166", "LMAPS": "https://www.google.com/maps?q=&layer=c&cbll=-23.3946255,-46.322166", "O_QUE_FAZER": "FINALIZADO", "ER_REGIAO_CIDADE_min": "Arujá_Alto Tietê" }, "geometry": { "type": "Point", "coordinates": [ -46.322166, -23.3946255 ] } },
{ "type": "Feature", "properties": { "CNPJ": "05645334000136", "IDCIDADE": "ARUJA", "NOMEFANTASIA": "VITAO_SPORTS", "RAZAOSOCIAL": "JCA_COMERCIO_DE_ARTIGOS_ESPORTIVOS_LTDA", "ENDEE": "AVENIDA_DOS_EXPEDICIONARIOS1152__VILA_FLORA_REGINA_07400-490", "LATITUDE": "-23.3951432", "LONGITUDE": "-46.3224291", "LMAPS": "https://www.google.com/maps?q=&layer=c&cbll=-46.3224291,-23.3951432", "O_QUE_FAZER": "FINALIZADO", "ER_REGIAO_CIDADE_min": "Arujá_Alto Tietê" }, "geometry": { "type": "Point", "coordinates": [ -46.3224291, -23.3951432 ] } },
{ "type": "Feature", "properties": { "CNPJ": "13994565000183", "IDCIDADE": "ARUJA", "NOMEFANTASIA": "A_MELODIA", "RAZAOSOCIAL": "BNCD_MELODIA_GRAVADORA_E_EDITORA_LTDA", "ENDEE": "AVENIDA_DOS_EXPEDICIONARIOS1179__VILA_FLORA_REGINA_07400-490", "LATITUDE": "-23.3947887", "LONGITUDE": "-46.3223287", "LMAPS": "https://www.google.com/maps?q=&layer=c&cbll=-46.3223287,-23.3947887", "O_QUE_FAZER": "FINALIZADO", "ER_REGIAO_CIDADE_min": "Arujá_Alto Tietê" }, "geometry": { "type": "Point", "coordinates": [ -46.3223287, -23.3947887 ] } },
{ "type": "Feature", "properties": { "CNPJ": "34912422000155", "IDCIDADE": "ARUJA", "NOMEFANTASIA": "RC_MODAS", "RAZAOSOCIAL": "RC_-_MODA_MASCULINA_E_FEMININA_LTDA", "ENDEE": "AVENIDA_DOS_EXPEDICIONARIOS1182__VILA_FLORA_REGINA_07400-490", "LATITUDE": "-23.3950324", "LONGITUDE": "-46.3223028", "LMAPS": "https://www.google.com/maps?q=&layer=c&cbll=-46.3223028,-23.3950324", "O_QUE_FAZER": "FINALIZADO", "ER_REGIAO_CIDADE_min": "Arujá_Alto Tietê" }, "geometry": { "type": "Point", "coordinates": [ -46.3223028, -23.3950324 ] } },
{ "type": "Feature", "properties": { "CNPJ": "28453685000140", "IDCIDADE": "ARUJA", "NOMEFANTASIA": "ROSSI_CALCADOS", "RAZAOSOCIAL": "COMERCIAL_ROSSI_JULLY_CALCADOS_E_VESTUARIOS_LTDA", "ENDEE": "AVENIDA_DOS_EXPEDICIONARIOS1222__VILA_FLORA_REGINA_07400-490", "LATITUDE": "-23.3948377", "LONGITUDE": "-46.321836", "LMAPS": "https://www.google.com/maps?q=&layer=c&cbll=-46.321836,-23.3948377", "O_QUE_FAZER": "FINALIZADO", "ER_REGIAO_CIDADE_min": "Arujá_Alto Tietê" }, "geometry": { "type": "Point", "coordinates": [ -46.321836, -23.3948377 ] } },
{ "type": "Feature", "properties": { "CNPJ": "51669740000156", "IDCIDADE": "ARUJA", "NOMEFANTASIA": "DROGARIA_POVO_FARMA", "RAZAOSOCIAL": "DROGARIA_POVO_FARMA_LTDA", "ENDEE": "AVENIDA_DOS_EXPEDICIONARIOS1260__VILA_FLORA_REGINA_07400-490", "LATITUDE": "-23.3946595", "LONGITUDE": "-46.3214825", "LMAPS": "https://www.google.com/maps?q=&layer=c&cbll=-46.3214825,-23.3946595", "O_QUE_FAZER": "FINALIZADO", "ER_REGIAO_CIDADE_min": "Arujá_Alto Tietê" }, "geometry": { "type": "Point", "coordinates": [ -46.3214825, -23.3946595 ] } },
{ "type": "Feature", "properties": { "CNPJ": "07805937000183", "IDCIDADE": "ARUJA", "NOMEFANTASIA": "ROSA_MODAS", "RAZAOSOCIAL": "MARIA_DO_ROSARIO_DOS_SANTOS_MODAS", "ENDEE": "AVENIDA_DOS_EXPEDICIONARIOS1264__VILA_FLORA_REGINA_07400-490", "LATITUDE": "-23.3946511", "LONGITUDE": "-46.3214674", "LMAPS": "https://www.google.com/maps?q=&layer=c&cbll=-46.3214674,-23.3946511", "O_QUE_FAZER": "FINALIZADO", "ER_REGIAO_CIDADE_min": "Arujá_Alto Tietê" }, "geometry": { "type": "Point", "coordinates": [ -46.3214674, -23.3946511 ] } },
{ "type": "Feature", "properties": { "CNPJ": "13496973000105", "IDCIDADE": "ARUJA", "NOMEFANTASIA": "BEOFFICE", "RAZAOSOCIAL": "BE_OFFICE_MOVEIS_PARA_ESCRITORIOS_LTDA", "ENDEE": "AVENIDA_DOS_EXPEDICIONARIOS1553__VILA_FLORA_REGINA_07400-490", "LATITUDE": "-23.3931679", "LONGITUDE": "-46.3195979", "LMAPS": "https://www.google.com/maps?q=&layer=c&cbll=-46.3195979,-23.3931679", "O_QUE_FAZER": "FINALIZADO", "ER_REGIAO_CIDADE_min": "Arujá_Alto Tietê" }, "geometry": { "type": "Point", "coordinates": [ -46.3195979, -23.3931679 ] } },
{ "type": "Feature", "properties": { "CNPJ": "12107904000108", "IDCIDADE": "ARUJA", "NOMEFANTASIA": "S._STEIN", "RAZAOSOCIAL": "N_C_D_G_DA_SILVA_JOALHERIA", "ENDEE": "AVENIDA_DOS_EXPEDICIONARIOS985__JARDIM_RINCAO_07400-490", "LATITUDE": "-23.3960783", "LONGITUDE": "-46.323616", "LMAPS": "https://www.google.com/maps?q=&layer=c&cbll=-46.323616,-23.3960783", "O_QUE_FAZER": "FINALIZADO", "ER_REGIAO_CIDADE_min": "Arujá_Alto Tietê" }, "geometry": { "type": "Point", "coordinates": [ -46.323616, -23.3960783 ] } },
{ "type": "Feature", "properties": { "CNPJ": "14280768000170", "IDCIDADE": "ARUJA", "NOMEFANTASIA": "MACA_DO_AMOR", "RAZAOSOCIAL": "MACA_DO_AMOR", "ENDEE": "DOS_EXPEDICIONARIOS1056__VILA_FLORA_REGINA_07400-490", "LATITUDE": "-23.3956153", "LONGITUDE": "-46.3232669", "LMAPS": "https://www.google.com/maps?q=&layer=c&cbll=-46.3232669,-23.3956153", "O_QUE_FAZER": "FINALIZADO", "ER_REGIAO_CIDADE_min": "Arujá_Alto Tietê" }, "geometry": { "type": "Point", "coordinates": [ -46.3232669, -23.3956153 ] } },
{ "type": "Feature", "properties": { "CNPJ": "37579740000134", "IDCIDADE": "ARUJA", "NOMEFANTASIA": "ANJO_MAGICO", "RAZAOSOCIAL": "ANJO_MAGICO", "ENDEE": "DOS_EXPEDICIONARIOS1179__VILA_FLORA_REGINA_07400-490", "LATITUDE": "-23.3947699", "LONGITUDE": "-46.3224583", "LMAPS": "https://www.google.com/maps?q=&layer=c&cbll=-46.3224583,-23.3947699", "O_QUE_FAZER": "FINALIZADO", "ER_REGIAO_CIDADE_min": "Arujá_Alto Tietê" }, "geometry": { "type": "Point", "coordinates": [ -46.3224583, -23.3947699 ] } },
{ "type": "Feature", "properties": { "CNPJ": "65302315000139", "IDCIDADE": "ARUJA", "NOMEFANTASIA": "MASTER_CELL", "RAZAOSOCIAL": "MASTER_CELL", "ENDEE": "DOS_EXPEDICIONARIOS1179__VILA_FLORA_REGINA_07400-490", "LATITUDE": "-23.3947699", "LONGITUDE": "-46.3224583", "LMAPS": "https://www.google.com/maps?q=&layer=c&cbll=-46.3224583,-23.3947699", "O_QUE_FAZER": "FINALIZADO", "ER_REGIAO_CIDADE_min": "Arujá_Alto Tietê" }, "geometry": { "type": "Point", "coordinates": [ -46.3224583, -23.3947699 ] } },
{ "type": "Feature", "properties": { "CNPJ": "20344194000150", "IDCIDADE": "ARUJA", "NOMEFANTASIA": "SINK_STEEL", "RAZAOSOCIAL": "SINK_STEEL", "ENDEE": "DOS_EXPEDICIONARIOS1255__VILA_FLORA_REGINA_07400-490", "LATITUDE": "-23.3943205", "LONGITUDE": "-46.3218351", "LMAPS": "https://www.google.com/maps?q=&layer=c&cbll=-46.3218351,-23.3943205", "O_QUE_FAZER": "FINALIZADO", "ER_REGIAO_CIDADE_min": "Arujá_Alto Tietê" }, "geometry": { "type": "Point", "coordinates": [ -46.3218351, -23.3943205 ] } },
{ "type": "Feature", "properties": { "CNPJ": "45051322000106", "IDCIDADE": "ARUJA", "NOMEFANTASIA": "CLINICA_VENANCIO", "RAZAOSOCIAL": "CLINICA_VENANCIO", "ENDEE": "DOS_EXPEDICIONARIOS1551__VILA_FLORA_REGINA_07400-490", "LATITUDE": "-23.3931117", "LONGITUDE": "-46.3195898", "LMAPS": "https://www.google.com/maps?q=&layer=c&cbll=-46.3195898,-23.3931117", "O_QUE_FAZER": "FINALIZADO", "ER_REGIAO_CIDADE_min": "Arujá_Alto Tietê" }, "geometry": { "type": "Point", "coordinates": [ -46.3195898, -23.3931117 ] } },
{ "type": "Feature", "properties": { "CNPJ": "63986994000187", "IDCIDADE": "ARUJA", "NOMEFANTASIA": "STUDIO_DE_BELEZA_LUIZ_EMIDIO", "RAZAOSOCIAL": "STUDIO_DE_BELEZA_LUIZ_EMIDIO", "ENDEE": "DOS_EXPEDICIONARIOS925__VILA_FLORA_REGINA_07400-490", "LATITUDE": "-23.3964279", "LONGITUDE": "-46.3236474", "LMAPS": "https://www.google.com/maps?q=&layer=c&cbll=-46.3236474,-23.3964279", "O_QUE_FAZER": "FINALIZADO", "ER_REGIAO_CIDADE_min": "Arujá_Alto Tietê" }, "geometry": { "type": "Point", "coordinates": [ -46.3236474, -23.3964279 ] } },
{ "type": "Feature", "properties": { "CNPJ": "55598204000168", "IDCIDADE": "ARUJA", "NOMEFANTASIA": "CHEIRIN_BAO", "RAZAOSOCIAL": "CHEIRIN_BAO", "ENDEE": "DOS_EXPEDICIONARIOS927__VILA_FLORA_REGINA_07400-490", "LATITUDE": "-23.3963878", "LONGITUDE": "-46.3236318", "LMAPS": "https://www.google.com/maps?q=&layer=c&cbll=-46.3236318,-23.3963878", "O_QUE_FAZER": "FINALIZADO", "ER_REGIAO_CIDADE_min": "Arujá_Alto Tietê" }, "geometry": { "type": "Point", "coordinates": [ -46.3236318, -23.3963878 ] } },
{ "type": "Feature", "properties": { "CNPJ": "14566339000164", "IDCIDADE": "ARUJA", "NOMEFANTASIA": "BAMBALALAO KONFETS DOCES E FESTAS", "RAZAOSOCIAL": "IZAIAS MEIRELES SANTOS", "ENDEE": "DOS EXPEDICIONÁRIOS, 1056, VILA FLORA REGINA, 07400-490, ARUJÁ_07400-490", "LATITUDE": "-23.3956153", "LONGITUDE": "-46.3232669", "LMAPS": "https://www.google.com/maps?q=&layer=c&cbll=-46.3232669,-23.3956153", "O_QUE_FAZER": "FINALIZADO", "ER_REGIAO_CIDADE_min": "Arujá_Alto Tietê" }, "geometry": { "type": "Point", "coordinates": [ -46.3232669, -23.3956153 ] } },
{ "type": "Feature", "properties": { "CNPJ": "41263972000156", "IDCIDADE": "ARUJA", "NOMEFANTASIA": "CHAVEIRO_CENTRAL", "RAZAOSOCIAL": "CHAVEIRO_CENTRAL", "ENDEE": "PRUDENTE_DE_MORAES105__VILA_FLORA_REGINA_07400-500", "LATITUDE": "-23.3963982", "LONGITUDE": "-46.3224095", "LMAPS": "https://www.google.com/maps?q=&layer=c&cbll=-46.3224095,-23.3963982", "O_QUE_FAZER": "FINALIZADO", "ER_REGIAO_CIDADE_min": "Arujá_Alto Tietê" }, "geometry": { "type": "Point", "coordinates": [ -46.3224095, -23.3963982 ] } },
{ "type": "Feature", "properties": { "CNPJ": "58032275000197", "IDCIDADE": "ARUJA", "NOMEFANTASIA": "PAMELA_MODAS", "RAZAOSOCIAL": "PAMELA_MODAS", "ENDEE": "PRUDENTE_DE_MORAES105__VILA_FLORA_REGINA_07400-500", "LATITUDE": "-23.3963982", "LONGITUDE": "-46.3224095", "LMAPS": "https://www.google.com/maps?q=&layer=c&cbll=-46.3224095,-23.3963982", "O_QUE_FAZER": "FINALIZADO", "ER_REGIAO_CIDADE_min": "Arujá_Alto Tietê" }, "geometry": { "type": "Point", "coordinates": [ -46.3224095, -23.3963982 ] } },
{ "type": "Feature", "properties": { "CNPJ": "51947662000104", "IDCIDADE": "ARUJA", "NOMEFANTASIA": "BISTROT_E_CAFETERIA_DUMONT", "RAZAOSOCIAL": "BISTROT_E_CAFETERIA_DUMONT", "ENDEE": "PRUDENTE_DE_MORAES39__VILA_FLORA_REGINA_07400-500", "LATITUDE": "-23.396495", "LONGITUDE": "-46.3229771", "LMAPS": "https://www.google.com/maps?q=&layer=c&cbll=-46.3229771,-23.396495", "O_QUE_FAZER": "FINALIZADO", "ER_REGIAO_CIDADE_min": "Arujá_Alto Tietê" }, "geometry": { "type": "Point", "coordinates": [ -46.3229771, -23.396495 ] } },
{ "type": "Feature", "properties": { "CNPJ": "11840304000183", "IDCIDADE": "ARUJA", "NOMEFANTASIA": "ELIANA_CAMPOS", "RAZAOSOCIAL": "D'CAMPOS_ROUPAS_E_ACESSORIOS_LTDA", "ENDEE": "RUA_PRUDENTE_DE_MORAES138__VILA_FLORA_REGINA_07400-500", "LATITUDE": "-23.396667", "LONGITUDE": "-46.3221214", "LMAPS": "https://www.google.com/maps?q=&layer=c&cbll=-46.3221214,-23.396667", "O_QUE_FAZER": "FINALIZADO", "ER_REGIAO_CIDADE_min": "Arujá_Alto Tietê" }, "geometry": { "type": "Point", "coordinates": [ -46.3221214, -23.396667 ] } },
{ "type": "Feature", "properties": { "CNPJ": "36834113000130", "IDCIDADE": "ARUJA", "NOMEFANTASIA": "STUDIO_SIMONE_VIEIRA", "RAZAOSOCIAL": "STUDIO_SIMONE_VIEIRA", "ENDEE": "JOSE_BASILIO_ALVARENGA21__VILA_FLORA_REGINA_07400-505", "LATITUDE": "-23.3963796", "LONGITUDE": "-46.3224411", "LMAPS": "https://www.google.com/maps?q=&layer=c&cbll=-46.3224411,-23.3963796", "O_QUE_FAZER": "FINALIZADO", "ER_REGIAO_CIDADE_min": "Arujá_Alto Tietê" }, "geometry": { "type": "Point", "coordinates": [ -46.3224411, -23.3963796 ] } },
{ "type": "Feature", "properties": { "CNPJ": "34062922000145", "IDCIDADE": "ARUJA", "NOMEFANTASIA": "PHOTO_ONE_PERSONALIZADOS", "RAZAOSOCIAL": "PHOTO_ONE_PERSONALIZADOS", "ENDEE": "JOSE_BASILIO_ALVARENGA44__VILA_FLORA_REGINA_07400-505", "LATITUDE": "-23.3961061", "LONGITUDE": "-46.3225783", "LMAPS": "https://www.google.com/maps?q=&layer=c&cbll=-46.3225783,-23.3961061", "O_QUE_FAZER": "FINALIZADO", "ER_REGIAO_CIDADE_min": "Arujá_Alto Tietê" }, "geometry": { "type": "Point", "coordinates": [ -46.3225783, -23.3961061 ] } },
{ "type": "Feature", "properties": { "CNPJ": "55817044000109", "IDCIDADE": "ARUJA", "NOMEFANTASIA": "ALL_BLUE_TECH", "RAZAOSOCIAL": "ALL_BLUE_TECH", "ENDEE": "JOSE_BASILIO_ALVARENGA44__VILA_FLORA_REGINA_07400-505", "LATITUDE": "-23.3961061", "LONGITUDE": "-46.3225783", "LMAPS": "https://www.google.com/maps?q=&layer=c&cbll=-46.3225783,-23.3961061", "O_QUE_FAZER": "FINALIZADO", "ER_REGIAO_CIDADE_min": "Arujá_Alto Tietê" }, "geometry": { "type": "Point", "coordinates": [ -46.3225783, -23.3961061 ] } },
{ "type": "Feature", "properties": { "CNPJ": "64284795000190", "IDCIDADE": "ARUJA", "NOMEFANTASIA": "ASSESSORIA_FRANCINE_MARTINS", "RAZAOSOCIAL": "ASSESSORIA_FRANCINE_MARTINS", "ENDEE": "JOSE_BASILIO_ALVARENGA44__VILA_FLORA_REGINA_07400-505", "LATITUDE": "-23.3961061", "LONGITUDE": "-46.3225783", "LMAPS": "https://www.google.com/maps?q=&layer=c&cbll=-46.3225783,-23.3961061", "O_QUE_FAZER": "FINALIZADO", "ER_REGIAO_CIDADE_min": "Arujá_Alto Tietê" }, "geometry": { "type": "Point", "coordinates": [ -46.3225783, -23.3961061 ] } },
{ "type": "Feature", "properties": { "CNPJ": "65599350000161", "IDCIDADE": "ARUJA", "NOMEFANTASIA": "GAABGS_MARKETING", "RAZAOSOCIAL": "GAABGS_MARKETING", "ENDEE": "JOSE_BASILIO_ALVARENGA55__VILA_FLORA_REGINA_07400-505", "LATITUDE": "-23.3964047", "LONGITUDE": "-46.3227747", "LMAPS": "https://www.google.com/maps?q=&layer=c&cbll=-46.3227747,-23.3964047", "O_QUE_FAZER": "FINALIZADO", "ER_REGIAO_CIDADE_min": "Arujá_Alto Tietê" }, "geometry": { "type": "Point", "coordinates": [ -46.3227747, -23.3964047 ] } },
{ "type": "Feature", "properties": { "CNPJ": "49470215000165", "IDCIDADE": "ARUJA", "NOMEFANTASIA": "BIFFI_BAKING_CO", "RAZAOSOCIAL": "BIFFI_BAKING_CO", "ENDEE": "JOSE_BASILIO_ALVARENGA71__VILA_FLORA_REGINA_07400-505", "LATITUDE": "-23.396225", "LONGITUDE": "-46.3229811", "LMAPS": "https://www.google.com/maps?q=&layer=c&cbll=-46.3229811,-23.396225", "O_QUE_FAZER": "FINALIZADO", "ER_REGIAO_CIDADE_min": "Arujá_Alto Tietê" }, "geometry": { "type": "Point", "coordinates": [ -46.3229811, -23.396225 ] } },
{ "type": "Feature", "properties": { "CNPJ": "46831837000183", "IDCIDADE": "ARUJA", "NOMEFANTASIA": "MAIBELLA", "RAZAOSOCIAL": "M_MAIBELLA_MODAS_ROUPAS_E_ACESSORIOS_LTDA", "ENDEE": "RUA_PRUDENTE_DE_MORAES82__VILA_FLORA_REGINA_07400-505", "LATITUDE": "-23.3967215", "LONGITUDE": "-46.3226698", "LMAPS": "https://www.google.com/maps?q=&layer=c&cbll=-46.3226698,-23.3967215", "O_QUE_FAZER": "FINALIZADO", "ER_REGIAO_CIDADE_min": "Arujá_Alto Tietê" }, "geometry": { "type": "Point", "coordinates": [ -46.3226698, -23.3967215 ] } },
{ "type": "Feature", "properties": { "CNPJ": "07015668000151", "IDCIDADE": "ARUJA", "NOMEFANTASIA": "STATION_PARK", "RAZAOSOCIAL": "STATION_PARK", "ENDEE": "WASHINGTON_LUIZ_PEREIRA_DE_SOUZA45__VILA_FLORA_REGINA_07400-515", "LATITUDE": "-23.3974477", "LONGITUDE": "-46.3210166", "LMAPS": "https://www.google.com/maps?q=&layer=c&cbll=-46.3210166,-23.3974477", "O_QUE_FAZER": "FINALIZADO", "ER_REGIAO_CIDADE_min": "Arujá_Alto Tietê" }, "geometry": { "type": "Point", "coordinates": [ -46.3210166, -23.3974477 ] } },
{ "type": "Feature", "properties": { "CNPJ": "23008508000131", "IDCIDADE": "ARUJÁ", "NOMEFANTASIA": "STUDIO RODHI SANTOS", "RAZAOSOCIAL": "STUDIO RODHI SANTOS", "ENDEE": "WASHINGTON LUIZ PEREIRA DE SOUZA_108_VILA FLORA REGINA_ARUJÁ_07400-515", "LATITUDE": "-23.3979503", "LONGITUDE": "-46.3211574", "LMAPS": "https://www.google.com/maps?q=&layer=c&cbll=-23.3979503,-46.3211574", "O_QUE_FAZER": "FINALIZADO", "ER_REGIAO_CIDADE_min": "Arujá_Alto Tietê" }, "geometry": { "type": "Point", "coordinates": [ -46.3211574, -23.3979503 ] } },
{ "type": "Feature", "properties": { "CNPJ": "36708520000109", "IDCIDADE": "ARUJA", "NOMEFANTASIA": "ACHEI_CAFE", "RAZAOSOCIAL": "ACHEI_CAFE", "ENDEE": "EUCLIDES_DA_CUNHA88__VILA_FLORA_REGINA_07400-520", "LATITUDE": "-23.397491", "LONGITUDE": "-46.3205928", "LMAPS": "https://www.google.com/maps?q=&layer=c&cbll=-46.3205928,-23.397491", "O_QUE_FAZER": "FINALIZADO", "ER_REGIAO_CIDADE_min": "Arujá_Alto Tietê" }, "geometry": { "type": "Point", "coordinates": [ -46.3205928, -23.397491 ] } },
{ "type": "Feature", "properties": { "CNPJ": "71884845000135", "IDCIDADE": "ARUJA", "NOMEFANTASIA": "RESTAURANTE_RAINHA_DO_TREVO", "RAZAOSOCIAL": "LANCHONETE_RAINHA_DO_TREVO_LTDA", "ENDEE": "RUA_DUQUE_DE_CAXIAS123__VILA_FLORA_REGINA_07400-545", "LATITUDE": "-23.4006914", "LONGITUDE": "-46.3175347", "LMAPS": "https://www.google.com/maps?q=&layer=c&cbll=-46.3175347,-23.4006914", "O_QUE_FAZER": "FINALIZADO", "ER_REGIAO_CIDADE_min": "Arujá_Alto Tietê" }, "geometry": { "type": "Point", "coordinates": [ -46.3175347, -23.4006914 ] } },
{ "type": "Feature", "properties": { "CNPJ": "39343110000191", "IDCIDADE": "ARUJA", "NOMEFANTASIA": "KS_STORE", "RAZAOSOCIAL": "KS_STORE", "ENDEE": "MONTEIRO_LOBATO121__CENTRO_07400-555", "LATITUDE": "-23.3951365", "LONGITUDE": "-46.3227109", "LMAPS": "https://www.google.com/maps?q=&layer=c&cbll=-46.3227109,-23.3951365", "O_QUE_FAZER": "FINALIZADO", "ER_REGIAO_CIDADE_min": "Arujá_Alto Tietê" }, "geometry": { "type": "Point", "coordinates": [ -46.3227109, -23.3951365 ] } },
{ "type": "Feature", "properties": { "CNPJ": "57467215000134", "IDCIDADE": "ARUJA", "NOMEFANTASIA": "FARMAPOP", "RAZAOSOCIAL": "FARMAPOP", "ENDEE": "MONTEIRO_LOBATO135__CENTRO_07400-555", "LATITUDE": "-23.3951365", "LONGITUDE": "-46.3227109", "LMAPS": "https://www.google.com/maps?q=&layer=c&cbll=-46.3227109,-23.3951365", "O_QUE_FAZER": "FINALIZADO", "ER_REGIAO_CIDADE_min": "Arujá_Alto Tietê" }, "geometry": { "type": "Point", "coordinates": [ -46.3227109, -23.3951365 ] } },
{ "type": "Feature", "properties": { "CNPJ": "13164680000120", "IDCIDADE": "ARUJA", "NOMEFANTASIA": "NILLIVROS", "RAZAOSOCIAL": "NILLIVROS", "ENDEE": "MONTEIRO_LOBATO153__CENTRO_07400-555", "LATITUDE": "-23.3951365", "LONGITUDE": "-46.3227109", "LMAPS": "https://www.google.com/maps?q=&layer=c&cbll=-46.3227109,-23.3951365", "O_QUE_FAZER": "FINALIZADO", "ER_REGIAO_CIDADE_min": "Arujá_Alto Tietê" }, "geometry": { "type": "Point", "coordinates": [ -46.3227109, -23.3951365 ] } },
{ "type": "Feature", "properties": { "CNPJ": "60482448000110", "IDCIDADE": "ARUJA", "NOMEFANTASIA": "BENVINDA_JOIAS", "RAZAOSOCIAL": "BENVINDA_JOIAS", "ENDEE": "MONTEIRO_LOBATO44__CENTRO_07400-555", "LATITUDE": "-23.3951365", "LONGITUDE": "-46.3227109", "LMAPS": "https://www.google.com/maps?q=&layer=c&cbll=-46.3227109,-23.3951365", "O_QUE_FAZER": "FINALIZADO", "ER_REGIAO_CIDADE_min": "Arujá_Alto Tietê" }, "geometry": { "type": "Point", "coordinates": [ -46.3227109, -23.3951365 ] } },
{ "type": "Feature", "properties": { "CNPJ": "12536367000103", "IDCIDADE": "ARUJA", "NOMEFANTASIA": "-", "RAZAOSOCIAL": "DIGITEC", "ENDEE": "RUA_MONTEIRO_LOBATO_141_141_VILA_FLORA_REGINA_ARUJA__07400-555", "LATITUDE": "-23.3962178", "LONGITUDE": "-46.3221885", "LMAPS": "https://www.google.com/maps?q=&layer=c&cbll=-46.3221885,-23.3962178", "O_QUE_FAZER": "FINALIZADO", "ER_REGIAO_CIDADE_min": "Arujá_Alto Tietê" }, "geometry": { "type": "Point", "coordinates": [ -46.3221885, -23.3962178 ] } },
{ "type": "Feature", "properties": { "CNPJ": "32993277000159", "IDCIDADE": "ARUJA", "NOMEFANTASIA": "TEC_FUTURO", "RAZAOSOCIAL": "J.R_DE_CAMPOS_NETO_ASSISTENCIA_TECNICA", "ENDEE": "RUA_PRIMEIRO_CENTENARIO243__CENTRO_07400-555", "LATITUDE": "-23.3962252", "LONGITUDE": "-46.3211319", "LMAPS": "https://www.google.com/maps?q=&layer=c&cbll=-46.3211319,-23.3962252", "O_QUE_FAZER": "FINALIZADO", "ER_REGIAO_CIDADE_min": "Arujá_Alto Tietê" }, "geometry": { "type": "Point", "coordinates": [ -46.3211319, -23.3962252 ] } },
{ "type": "Feature", "properties": { "CNPJ": "51368884000172", "IDCIDADE": "ARUJA", "NOMEFANTASIA": "BAZAR NORTE", "RAZAOSOCIAL": "BAZAR NORTE LTDA", "ENDEE": "MONTEIRO LOBATO, 103, CENTRO, 07400-555, ARUJÁ_07400-555", "LATITUDE": "-23.3951365", "LONGITUDE": "-46.3227109", "LMAPS": "https://www.google.com/maps?q=&layer=c&cbll=-23.3951365,-46.3227109", "O_QUE_FAZER": "FINALIZADO", "ER_REGIAO_CIDADE_min": "Arujá_Alto Tietê" }, "geometry": { "type": "Point", "coordinates": [ -46.3227109, -23.3951365 ] } },
{ "type": "Feature", "properties": { "CNPJ": "35328680000151", "IDCIDADE": "ARUJA", "NOMEFANTASIA": "BENDITO_CHOCOLATE", "RAZAOSOCIAL": "BENDITO_CHOCOLATE", "ENDEE": "ANTONIO_AFONSO_DE_LIMA185__CENTRO_07400-560", "LATITUDE": "-23.399254", "LONGITUDE": "-46.319214", "LMAPS": "https://www.google.com/maps?q=&layer=c&cbll=-46.319214,-23.399254", "O_QUE_FAZER": "FINALIZADO", "ER_REGIAO_CIDADE_min": "Arujá_Alto Tietê" }, "geometry": { "type": "Point", "coordinates": [ -46.319214, -23.399254 ] } },
{ "type": "Feature", "properties": { "CNPJ": "15810117000108", "IDCIDADE": "ARUJA", "NOMEFANTASIA": "RKM_SERVICOS", "RAZAOSOCIAL": "RKM_SERVICOS", "ENDEE": "ANTONIO_AFONSO_DE_LIMA205__CENTRO_07400-560", "LATITUDE": "-23.3992014", "LONGITUDE": "-46.3192149", "LMAPS": "https://www.google.com/maps?q=&layer=c&cbll=-46.3192149,-23.3992014", "O_QUE_FAZER": "FINALIZADO", "ER_REGIAO_CIDADE_min": "Arujá_Alto Tietê" }, "geometry": { "type": "Point", "coordinates": [ -46.3192149, -23.3992014 ] } },
{ "type": "Feature", "properties": { "CNPJ": "63096898000163", "IDCIDADE": "ARUJA", "NOMEFANTASIA": "EMPORIO_ROTA_MINEIRA", "RAZAOSOCIAL": "EMPORIO_ROTA_MINEIRA", "ENDEE": "ANTONIO_AFONSO_DE_LIMA402__CENTRO_07400-560", "LATITUDE": "-23.397394", "LONGITUDE": "-46.3197998", "LMAPS": "https://www.google.com/maps?q=&layer=c&cbll=-46.3197998,-23.397394", "O_QUE_FAZER": "FINALIZADO", "ER_REGIAO_CIDADE_min": "Arujá_Alto Tietê" }, "geometry": { "type": "Point", "coordinates": [ -46.3197998, -23.397394 ] } },
{ "type": "Feature", "properties": { "CNPJ": "54914632000190", "IDCIDADE": "ARUJA", "NOMEFANTASIA": "PAULISTA_MODAS", "RAZAOSOCIAL": "PAULISTA_MODAS", "ENDEE": "ANTONIO_AFONSO_DE_LIMA571__CENTRO_07400-560", "LATITUDE": "-23.3963099", "LONGITUDE": "-46.3210855", "LMAPS": "https://www.google.com/maps?q=&layer=c&cbll=-46.3210855,-23.3963099", "O_QUE_FAZER": "FINALIZADO", "ER_REGIAO_CIDADE_min": "Arujá_Alto Tietê" }, "geometry": { "type": "Point", "coordinates": [ -46.3210855, -23.3963099 ] } },
{ "type": "Feature", "properties": { "CNPJ": "59816391000160", "IDCIDADE": "ARUJA", "NOMEFANTASIA": "CHINELARIA.COM", "RAZAOSOCIAL": "CHINELARIA.COM", "ENDEE": "ANTONIO_AFONSO_DE_LIMA585__CENTRO_07400-560", "LATITUDE": "-23.3962981", "LONGITUDE": "-46.3211672", "LMAPS": "https://www.google.com/maps?q=&layer=c&cbll=-46.3211672,-23.3962981", "O_QUE_FAZER": "FINALIZADO", "ER_REGIAO_CIDADE_min": "Arujá_Alto Tietê" }, "geometry": { "type": "Point", "coordinates": [ -46.3211672, -23.3962981 ] } },
{ "type": "Feature", "properties": { "CNPJ": "21194887000176", "IDCIDADE": "ARUJA", "NOMEFANTASIA": "ESPACO_NICE", "RAZAOSOCIAL": "ESPACO_NICE", "ENDEE": "ANTONIO_AFONSO_DE_LIMA615__CENTRO_07400-560", "LATITUDE": "-23.396205", "LONGITUDE": "-46.3213637", "LMAPS": "https://www.google.com/maps?q=&layer=c&cbll=-46.3213637,-23.396205", "O_QUE_FAZER": "FINALIZADO", "ER_REGIAO_CIDADE_min": "Arujá_Alto Tietê" }, "geometry": { "type": "Point", "coordinates": [ -46.3213637, -23.396205 ] } },
{ "type": "Feature", "properties": { "CNPJ": "65323424000132", "IDCIDADE": "ARUJA", "NOMEFANTASIA": "OTICA_E_RELOJOARIA_ORIGINAL", "RAZAOSOCIAL": "OTICA_E_RELOJOARIA_ORIGINAL", "ENDEE": "ANTONIO_AFONSO_DE_LIMA648__CENTRO_07400-560", "LATITUDE": "-23.3958013", "LONGITUDE": "-46.3214874", "LMAPS": "https://www.google.com/maps?q=&layer=c&cbll=-46.3214874,-23.3958013", "O_QUE_FAZER": "FINALIZADO", "ER_REGIAO_CIDADE_min": "Arujá_Alto Tietê" }, "geometry": { "type": "Point", "coordinates": [ -46.3214874, -23.3958013 ] } },
{ "type": "Feature", "properties": { "CNPJ": "38060642000159", "IDCIDADE": "ARUJA", "NOMEFANTASIA": "CRISTAL_ARUJA", "RAZAOSOCIAL": "JONATHAN_MARQUES_DE_ALMEIDA_GESSO", "ENDEE": "AVENIDA_ANTONIO_AFONSO_DE_LIMA126__CENTRO_07400-560", "LATITUDE": "-23.3996007", "LONGITUDE": "-46.3186743", "LMAPS": "https://www.google.com/maps?q=&layer=c&cbll=-46.3186743,-23.3996007", "O_QUE_FAZER": "FINALIZADO", "ER_REGIAO_CIDADE_min": "Arujá_Alto Tietê" }, "geometry": { "type": "Point", "coordinates": [ -46.3186743, -23.3996007 ] } },
{ "type": "Feature", "properties": { "CNPJ": "39151905000106", "IDCIDADE": "ARUJA", "NOMEFANTASIA": "AP_COSTA", "RAZAOSOCIAL": "A.P._COSTA_EMPORIO", "ENDEE": "AVENIDA_ANTONIO_AFONSO_DE_LIMA641__CENTRO_07400-560", "LATITUDE": "-23.3960209", "LONGITUDE": "-46.3215683", "LMAPS": "https://www.google.com/maps?q=&layer=c&cbll=-46.3215683,-23.3960209", "O_QUE_FAZER": "FINALIZADO", "ER_REGIAO_CIDADE_min": "Arujá_Alto Tietê" }, "geometry": { "type": "Point", "coordinates": [ -46.3215683, -23.3960209 ] } },
{ "type": "Feature", "properties": { "CNPJ": "66013749000181", "IDCIDADE": "ARUJA", "NOMEFANTASIA": "ORTOPEDIA_ARUJA_PE", "RAZAOSOCIAL": "ORTOPEDIA_ARUJA_-_PE_LTDA", "ENDEE": "AVENIDA_ANTONIO_AFONSO_DE_LIMA652__CENTRO_07400-560", "LATITUDE": "-23.3958333", "LONGITUDE": "-46.3215564", "LMAPS": "https://www.google.com/maps?q=&layer=c&cbll=-46.3215564,-23.3958333", "O_QUE_FAZER": "FINALIZADO", "ER_REGIAO_CIDADE_min": "Arujá_Alto Tietê" }, "geometry": { "type": "Point", "coordinates": [ -46.3215564, -23.3958333 ] } },
{ "type": "Feature", "properties": { "CNPJ": "55600953000182", "IDCIDADE": "ARUJA", "NOMEFANTASIA": "BRAGA_STUDIO", "RAZAOSOCIAL": "BRAGA_STUDIO", "ENDEE": "DECIO_MARCELO_MANOEL23__CENTRO_07400-565", "LATITUDE": "-23.395782", "LONGITUDE": "-46.324258", "LMAPS": "https://www.google.com/maps?q=&layer=c&cbll=-46.324258,-23.395782", "O_QUE_FAZER": "FINALIZADO", "ER_REGIAO_CIDADE_min": "Arujá_Alto Tietê" }, "geometry": { "type": "Point", "coordinates": [ -46.324258, -23.395782 ] } },
{ "type": "Feature", "properties": { "CNPJ": "15030068000190", "IDCIDADE": "ARUJA", "NOMEFANTASIA": "SAPATARIA_JACUI", "RAZAOSOCIAL": "SAPATARIA_JACUI", "ENDEE": "DECIO_MARCELO_MANOEL27__CENTRO_07400-565", "LATITUDE": "-23.3957147", "LONGITUDE": "-46.3243778", "LMAPS": "https://www.google.com/maps?q=&layer=c&cbll=-46.3243778,-23.3957147", "O_QUE_FAZER": "FINALIZADO", "ER_REGIAO_CIDADE_min": "Arujá_Alto Tietê" }, "geometry": { "type": "Point", "coordinates": [ -46.3243778, -23.3957147 ] } },
{ "type": "Feature", "properties": { "CNPJ": "27268280000170", "IDCIDADE": "ARUJA", "NOMEFANTASIA": "L&G_MODAS", "RAZAOSOCIAL": "L&G_MODAS", "ENDEE": "DECIO_MARCELO_MANOEL29__CENTRO_07400-565", "LATITUDE": "-23.395682", "LONGITUDE": "-46.324264", "LMAPS": "https://www.google.com/maps?q=&layer=c&cbll=-46.324264,-23.395682", "O_QUE_FAZER": "FINALIZADO", "ER_REGIAO_CIDADE_min": "Arujá_Alto Tietê" }, "geometry": { "type": "Point", "coordinates": [ -46.324264, -23.395682 ] } },
{ "type": "Feature", "properties": { "CNPJ": "49891832000134", "IDCIDADE": "ARUJA", "NOMEFANTASIA": "SALAO_MAE_E_FILHO", "RAZAOSOCIAL": "SALAO_MAE_E_FILHO", "ENDEE": "MAJOR_BENJAMIN_FRANCO126__CENTRO_07400-590", "LATITUDE": "-23.3959399", "LONGITUDE": "-46.3249794", "LMAPS": "https://www.google.com/maps?q=&layer=c&cbll=-46.3249794,-23.3959399", "O_QUE_FAZER": "FINALIZADO", "ER_REGIAO_CIDADE_min": "Arujá_Alto Tietê" }, "geometry": { "type": "Point", "coordinates": [ -46.3249794, -23.3959399 ] } },
{ "type": "Feature", "properties": { "CNPJ": "10801671000105", "IDCIDADE": "ARUJA", "NOMEFANTASIA": "CAPRI_COLCHOES", "RAZAOSOCIAL": "G_MATIAS_SERVICO_E_COMERCIO_DE_COLCHOES_LTDA", "ENDEE": "AVENIDA_JOAO_MANOEL1105__CENTRO_07400-605", "LATITUDE": "-23.3971726", "LONGITUDE": "-46.333119", "LMAPS": "https://www.google.com/maps?q=&layer=c&cbll=-46.333119,-23.3971726", "O_QUE_FAZER": "FINALIZADO", "ER_REGIAO_CIDADE_min": "Arujá_Alto Tietê" }, "geometry": { "type": "Point", "coordinates": [ -46.333119, -23.3971726 ] } },
{ "type": "Feature", "properties": { "CNPJ": "35506212000120", "IDCIDADE": "ARUJA", "NOMEFANTASIA": "OGGI", "RAZAOSOCIAL": "MV_COMERCIO_DE_SORVETES_E_DOCES_LTDA", "ENDEE": "AVENIDA_JOAO_MANOEL145__CENTRO_07400-605", "LATITUDE": "-23.3952706", "LONGITUDE": "-46.3243344", "LMAPS": "https://www.google.com/maps?q=&layer=c&cbll=-46.3243344,-23.3952706", "O_QUE_FAZER": "FINALIZADO", "ER_REGIAO_CIDADE_min": "Arujá_Alto Tietê" }, "geometry": { "type": "Point", "coordinates": [ -46.3243344, -23.3952706 ] } },
{ "type": "Feature", "properties": { "CNPJ": "11551246000178", "IDCIDADE": "ARUJA", "NOMEFANTASIA": "NATHICAR", "RAZAOSOCIAL": "NATHICAR_COMERCIO_DE_AUTO_PECAS_LTDA", "ENDEE": "AVENIDA_JOAO_MANOEL303__CENTRO_07400-605", "LATITUDE": "-23.3953982", "LONGITUDE": "-46.3259068", "LMAPS": "https://www.google.com/maps?q=&layer=c&cbll=-46.3259068,-23.3953982", "O_QUE_FAZER": "FINALIZADO", "ER_REGIAO_CIDADE_min": "Arujá_Alto Tietê" }, "geometry": { "type": "Point", "coordinates": [ -46.3259068, -23.3953982 ] } },
{ "type": "Feature", "properties": { "CNPJ": "29434101000152", "IDCIDADE": "ARUJA", "NOMEFANTASIA": "BAZAR_VENDAS_E_CONCERTO", "RAZAOSOCIAL": "BAZAR_VENDAS_E_CONCERTO", "ENDEE": "JOAO_MANOEL150__CENTRO_07400-605", "LATITUDE": "-23.3945776", "LONGITUDE": "-46.3236409", "LMAPS": "https://www.google.com/maps?q=&layer=c&cbll=-46.3236409,-23.3945776", "O_QUE_FAZER": "FINALIZADO", "ER_REGIAO_CIDADE_min": "Arujá_Alto Tietê" }, "geometry": { "type": "Point", "coordinates": [ -46.3236409, -23.3945776 ] } },
{ "type": "Feature", "properties": { "CNPJ": "14679439000105", "IDCIDADE": "ARUJA", "NOMEFANTASIA": "BAR_DO_ZINHO", "RAZAOSOCIAL": "BAR_DO_ZINHO", "ENDEE": "JOAO_MANOEL161__CENTRO_07400-605", "LATITUDE": "-23.3953911", "LONGITUDE": "-46.3245769", "LMAPS": "https://www.google.com/maps?q=&layer=c&cbll=-46.3245769,-23.3953911", "O_QUE_FAZER": "FINALIZADO", "ER_REGIAO_CIDADE_min": "Arujá_Alto Tietê" }, "geometry": { "type": "Point", "coordinates": [ -46.3245769, -23.3953911 ] } },
{ "type": "Feature", "properties": { "CNPJ": "00653116000120", "IDCIDADE": "ARUJA", "NOMEFANTASIA": "ALEX_AUTO_PECAS", "RAZAOSOCIAL": "ALEX_AUTO_PECAS", "ENDEE": "JOAO_MANOEL317__CENTRO_07400-605", "LATITUDE": "-23.3953638", "LONGITUDE": "-46.3259394", "LMAPS": "https://www.google.com/maps?q=&layer=c&cbll=-46.3259394,-23.3953638", "O_QUE_FAZER": "FINALIZADO", "ER_REGIAO_CIDADE_min": "Arujá_Alto Tietê" }, "geometry": { "type": "Point", "coordinates": [ -46.3259394, -23.3953638 ] } },
{ "type": "Feature", "properties": { "CNPJ": "22700008000101", "IDCIDADE": "ARUJA", "NOMEFANTASIA": "NIPPO_GARDEN", "RAZAOSOCIAL": "NIPPO_GARDEN", "ENDEE": "JOAO_MANOEL903__CENTRO_07400-605", "LATITUDE": "-23.396634", "LONGITUDE": "-46.3315745", "LMAPS": "https://www.google.com/maps?q=&layer=c&cbll=-46.3315745,-23.396634", "O_QUE_FAZER": "FINALIZADO", "ER_REGIAO_CIDADE_min": "Arujá_Alto Tietê" }, "geometry": { "type": "Point", "coordinates": [ -46.3315745, -23.396634 ] } },
{ "type": "Feature", "properties": { "CNPJ": "07997624000174", "IDCIDADE": "ARUJA", "NOMEFANTASIA": "MARIAH CONFECCOES", "RAZAOSOCIAL": "MARIAH COMERCIO DE ROUPAS LTDA", "ENDEE": "JOÃO MANOEL, 150, CENTRO, 07400-605, ARUJÁ_07400-605", "LATITUDE": "-23.3945776", "LONGITUDE": "-46.3236409", "LMAPS": "https://www.google.com/maps?q=&layer=c&cbll=-46.3236409,-23.3945776", "O_QUE_FAZER": "FINALIZADO", "ER_REGIAO_CIDADE_min": "Arujá_Alto Tietê" }, "geometry": { "type": "Point", "coordinates": [ -46.3236409, -23.3945776 ] } },
{ "type": "Feature", "properties": { "CNPJ": "07748438000100", "IDCIDADE": "ARUJA", "NOMEFANTASIA": "SOFIA_MOVEIS", "RAZAOSOCIAL": "SOFIA_MOVEIS_E_DECORACAO_LTDA", "ENDEE": "AVENIDA_JOAO_MANOEL554__CENTRO_07400-610", "LATITUDE": "-23.3947303", "LONGITUDE": "-46.327892", "LMAPS": "https://www.google.com/maps?q=&layer=c&cbll=-46.327892,-23.3947303", "O_QUE_FAZER": "FINALIZADO", "ER_REGIAO_CIDADE_min": "Arujá_Alto Tietê" }, "geometry": { "type": "Point", "coordinates": [ -46.327892, -23.3947303 ] } },
{ "type": "Feature", "properties": { "CNPJ": "39253046000158", "IDCIDADE": "ARUJA", "NOMEFANTASIA": "SHEK_HINAH", "RAZAOSOCIAL": "SHEK_HINAH", "ENDEE": "JOAO_MANOEL150__CENTRO_07400-610", "LATITUDE": "-23.3945776", "LONGITUDE": "-46.3236409", "LMAPS": "https://www.google.com/maps?q=&layer=c&cbll=-46.3236409,-23.3945776", "O_QUE_FAZER": "FINALIZADO", "ER_REGIAO_CIDADE_min": "Arujá_Alto Tietê" }, "geometry": { "type": "Point", "coordinates": [ -46.3236409, -23.3945776 ] } },
{ "type": "Feature", "properties": { "CNPJ": "39621871000168", "IDCIDADE": "ARUJA", "NOMEFANTASIA": "CONFEITARIA_ARTESANAL_AMOR_PERFEITO", "RAZAOSOCIAL": "CONFEITARIA_ARTESANAL_AMOR_PERFEITO", "ENDEE": "JOAO_MANOEL150__CENTRO_07400-610", "LATITUDE": "-23.3945776", "LONGITUDE": "-46.3236409", "LMAPS": "https://www.google.com/maps?q=&layer=c&cbll=-46.3236409,-23.3945776", "O_QUE_FAZER": "FINALIZADO", "ER_REGIAO_CIDADE_min": "Arujá_Alto Tietê" }, "geometry": { "type": "Point", "coordinates": [ -46.3236409, -23.3945776 ] } },
{ "type": "Feature", "properties": { "CNPJ": "43115016000152", "IDCIDADE": "ARUJA", "NOMEFANTASIA": "TOKAI", "RAZAOSOCIAL": "TOKAI", "ENDEE": "JOAO_MANOEL150__CENTRO_07400-610", "LATITUDE": "-23.3945776", "LONGITUDE": "-46.3236409", "LMAPS": "https://www.google.com/maps?q=&layer=c&cbll=-46.3236409,-23.3945776", "O_QUE_FAZER": "FINALIZADO", "ER_REGIAO_CIDADE_min": "Arujá_Alto Tietê" }, "geometry": { "type": "Point", "coordinates": [ -46.3236409, -23.3945776 ] } },
{ "type": "Feature", "properties": { "CNPJ": "20494224000104", "IDCIDADE": "ARUJA", "NOMEFANTASIA": "CARBEL NET CELULARES E ACESSORIOS", "RAZAOSOCIAL": "ALBERTO AMARAL RIBEIRO DE JESUS", "ENDEE": "JOÃO MANOEL, 150, CENTRO, 07400-610, ARUJÁ_07400-610", "LATITUDE": "-23.3945776", "LONGITUDE": "-46.3236409", "LMAPS": "https://www.google.com/maps?q=&layer=c&cbll=-46.3236409,-23.3945776", "O_QUE_FAZER": "FINALIZADO", "ER_REGIAO_CIDADE_min": "Arujá_Alto Tietê" }, "geometry": { "type": "Point", "coordinates": [ -46.3236409, -23.3945776 ] } },
{ "type": "Feature", "properties": { "CNPJ": "05486805000100", "IDCIDADE": "ARUJA", "NOMEFANTASIA": "LANDA LINGERIE", "RAZAOSOCIAL": "LANDA LINGERIE LTDA", "ENDEE": "JOÃO MANOEL, 150, CENTRO, 07400-610, ARUJÁ_07400-610", "LATITUDE": "-23.3945776", "LONGITUDE": "-46.3236409", "LMAPS": "https://www.google.com/maps?q=&layer=c&cbll=-46.3236409,-23.3945776", "O_QUE_FAZER": "FINALIZADO", "ER_REGIAO_CIDADE_min": "Arujá_Alto Tietê" }, "geometry": { "type": "Point", "coordinates": [ -46.3236409, -23.3945776 ] } },
{ "type": "Feature", "properties": { "CNPJ": "00817420000165", "IDCIDADE": "ARUJA", "NOMEFANTASIA": "SANTANGELO", "RAZAOSOCIAL": "ARUJA AUDIO E VIDEO LTDA", "ENDEE": "JOÃO MANOEL, 150, CENTRO, 07400-610, ARUJÁ_07400-610", "LATITUDE": "-23.3945776", "LONGITUDE": "-46.3236409", "LMAPS": "https://www.google.com/maps?q=&layer=c&cbll=-46.3236409,-23.3945776", "O_QUE_FAZER": "FINALIZADO", "ER_REGIAO_CIDADE_min": "Arujá_Alto Tietê" }, "geometry": { "type": "Point", "coordinates": [ -46.3236409, -23.3945776 ] } },
{ "type": "Feature", "properties": { "CNPJ": "01191079000148", "IDCIDADE": "ARUJA", "NOMEFANTASIA": "AMASSADINHOS", "RAZAOSOCIAL": "AMASSADINHOS LTDA", "ENDEE": "JOÃO MANOEL, 150, CENTRO, 07400-610, ARUJÁ_07400-610", "LATITUDE": "-23.3945776", "LONGITUDE": "-46.3236409", "LMAPS": "https://www.google.com/maps?q=&layer=c&cbll=-46.3236409,-23.3945776", "O_QUE_FAZER": "FINALIZADO", "ER_REGIAO_CIDADE_min": "Arujá_Alto Tietê" }, "geometry": { "type": "Point", "coordinates": [ -46.3236409, -23.3945776 ] } },
{ "type": "Feature", "properties": { "CNPJ": "11121587000103", "IDCIDADE": "ARUJA", "NOMEFANTASIA": "TRILHAS_BIKE", "RAZAOSOCIAL": "TRILHAS_BIKE", "ENDEE": "JOAO_MANOEL795__CENTRO_07400-615", "LATITUDE": "-23.3963007", "LONGITUDE": "-46.3304122", "LMAPS": "https://www.google.com/maps?q=&layer=c&cbll=-46.3304122,-23.3963007", "O_QUE_FAZER": "FINALIZADO", "ER_REGIAO_CIDADE_min": "Arujá_Alto Tietê" }, "geometry": { "type": "Point", "coordinates": [ -46.3304122, -23.3963007 ] } },
{ "type": "Feature", "properties": { "CNPJ": "50585005000100", "IDCIDADE": "ARUJA", "NOMEFANTASIA": "TOWER_GRAFICA", "RAZAOSOCIAL": "TOWER_GRAFICA", "ENDEE": "JOAO_MANOEL150__CENTRO_07400-650", "LATITUDE": "-23.3945776", "LONGITUDE": "-46.3236409", "LMAPS": "https://www.google.com/maps?q=&layer=c&cbll=-46.3236409,-23.3945776", "O_QUE_FAZER": "FINALIZADO", "ER_REGIAO_CIDADE_min": "Arujá_Alto Tietê" }, "geometry": { "type": "Point", "coordinates": [ -46.3236409, -23.3945776 ] } },
{ "type": "Feature", "properties": { "CNPJ": "29347490000189", "IDCIDADE": "ARUJA", "NOMEFANTASIA": "VERMELHO RACOES", "RAZAOSOCIAL": "JONATHAN DA ROCHA LUZ COMERCIO DE ALIMENTOS E ARTIGOS PARA ANIMAIS DE ESTIMACAO", "ENDEE": "JOÃO MANOEL, 150, CENTRO, 07400-650, ARUJÁ_07400-650", "LATITUDE": "-23.3945776", "LONGITUDE": "-46.3236409", "LMAPS": "https://www.google.com/maps?q=&layer=c&cbll=-46.3236409,-23.3945776", "O_QUE_FAZER": "FINALIZADO", "ER_REGIAO_CIDADE_min": "Arujá_Alto Tietê" }, "geometry": { "type": "Point", "coordinates": [ -46.3236409, -23.3945776 ] } },
{ "type": "Feature", "properties": { "CNPJ": "51116240000278", "IDCIDADE": "ARUJA", "NOMEFANTASIA": "PRECINHO_DO_BARRETO", "RAZAOSOCIAL": "PRECINHO_DO_BARRETO", "ENDEE": "ARMANDO_COLANGELO1170__ARUJA_CENTER_VILLE_07401-070", "LATITUDE": "-23.3872488", "LONGITUDE": "-46.3257482", "LMAPS": "https://www.google.com/maps?q=&layer=c&cbll=-46.3257482,-23.3872488", "O_QUE_FAZER": "FINALIZADO", "ER_REGIAO_CIDADE_min": "Arujá_Alto Tietê" }, "geometry": { "type": "Point", "coordinates": [ -46.3257482, -23.3872488 ] } },
{ "type": "Feature", "properties": { "CNPJ": "11338087000128", "IDCIDADE": "ARUJA", "NOMEFANTASIA": "SINHORZINHOS_SALGADOS", "RAZAOSOCIAL": "SINHORZINHOS_SALGADOS", "ENDEE": "ARMANDO_COLANGELO173__ARUJA_CENTER_VILLE_07401-070", "LATITUDE": "-23.3948257", "LONGITUDE": "-46.3299391", "LMAPS": "https://www.google.com/maps?q=&layer=c&cbll=-46.3299391,-23.3948257", "O_QUE_FAZER": "FINALIZADO", "ER_REGIAO_CIDADE_min": "Arujá_Alto Tietê" }, "geometry": { "type": "Point", "coordinates": [ -46.3299391, -23.3948257 ] } },
{ "type": "Feature", "properties": { "CNPJ": "34216789000134", "IDCIDADE": "ARUJA", "NOMEFANTASIA": "DRIKHA_FASHION", "RAZAOSOCIAL": "DRIKHA_FASHION", "ENDEE": "ARMANDO_COLANGELO173__ARUJA_CENTER_VILLE_07401-070", "LATITUDE": "-23.3948257", "LONGITUDE": "-46.3299391", "LMAPS": "https://www.google.com/maps?q=&layer=c&cbll=-46.3299391,-23.3948257", "O_QUE_FAZER": "FINALIZADO", "ER_REGIAO_CIDADE_min": "Arujá_Alto Tietê" }, "geometry": { "type": "Point", "coordinates": [ -46.3299391, -23.3948257 ] } },
{ "type": "Feature", "properties": { "CNPJ": "38338441000170", "IDCIDADE": "ARUJA", "NOMEFANTASIA": "GOOD_MUG_CANECAS", "RAZAOSOCIAL": "GOOD_MUG_CANECAS", "ENDEE": "ARMANDO_COLANGELO173__ARUJA_CENTER_VILLE_07401-070", "LATITUDE": "-23.3948257", "LONGITUDE": "-46.3299391", "LMAPS": "https://www.google.com/maps?q=&layer=c&cbll=-46.3299391,-23.3948257", "O_QUE_FAZER": "FINALIZADO", "ER_REGIAO_CIDADE_min": "Arujá_Alto Tietê" }, "geometry": { "type": "Point", "coordinates": [ -46.3299391, -23.3948257 ] } },
{ "type": "Feature", "properties": { "CNPJ": "49931305000106", "IDCIDADE": "ARUJA", "NOMEFANTASIA": "DEZ_CONTO_STORE", "RAZAOSOCIAL": "DEZ_CONTO_STORE", "ENDEE": "ARMANDO_COLANGELO173__ARUJA_CENTER_VILLE_07401-070", "LATITUDE": "-23.3948257", "LONGITUDE": "-46.3299391", "LMAPS": "https://www.google.com/maps?q=&layer=c&cbll=-46.3299391,-23.3948257", "O_QUE_FAZER": "FINALIZADO", "ER_REGIAO_CIDADE_min": "Arujá_Alto Tietê" }, "geometry": { "type": "Point", "coordinates": [ -46.3299391, -23.3948257 ] } },
{ "type": "Feature", "properties": { "CNPJ": "52844049000124", "IDCIDADE": "ARUJA", "NOMEFANTASIA": "DK_KING", "RAZAOSOCIAL": "DK_KING", "ENDEE": "ARMANDO_COLANGELO173__ARUJA_CENTER_VILLE_07401-070", "LATITUDE": "-23.3948257", "LONGITUDE": "-46.3299391", "LMAPS": "https://www.google.com/maps?q=&layer=c&cbll=-46.3299391,-23.3948257", "O_QUE_FAZER": "FINALIZADO", "ER_REGIAO_CIDADE_min": "Arujá_Alto Tietê" }, "geometry": { "type": "Point", "coordinates": [ -46.3299391, -23.3948257 ] } },
{ "type": "Feature", "properties": { "CNPJ": "53002668000134", "IDCIDADE": "ARUJA", "NOMEFANTASIA": "EAF_SUPLEMENTOS", "RAZAOSOCIAL": "EAF_SUPLEMENTOS", "ENDEE": "ARMANDO_COLANGELO173__ARUJA_CENTER_VILLE_07401-070", "LATITUDE": "-23.3948257", "LONGITUDE": "-46.3299391", "LMAPS": "https://www.google.com/maps?q=&layer=c&cbll=-46.3299391,-23.3948257", "O_QUE_FAZER": "FINALIZADO", "ER_REGIAO_CIDADE_min": "Arujá_Alto Tietê" }, "geometry": { "type": "Point", "coordinates": [ -46.3299391, -23.3948257 ] } },
{ "type": "Feature", "properties": { "CNPJ": "53937402000183", "IDCIDADE": "ARUJA", "NOMEFANTASIA": "PORTUGAS_PNEUS", "RAZAOSOCIAL": "PORTUGAS_PNEUS", "ENDEE": "ARMANDO_COLANGELO173__ARUJA_CENTER_VILLE_07401-070", "LATITUDE": "-23.3948257", "LONGITUDE": "-46.3299391", "LMAPS": "https://www.google.com/maps?q=&layer=c&cbll=-46.3299391,-23.3948257", "O_QUE_FAZER": "FINALIZADO", "ER_REGIAO_CIDADE_min": "Arujá_Alto Tietê" }, "geometry": { "type": "Point", "coordinates": [ -46.3299391, -23.3948257 ] } },
{ "type": "Feature", "properties": { "CNPJ": "18992835000130", "IDCIDADE": "ARUJA", "NOMEFANTASIA": "AKITEMSOM_SOM_E_ACESSORIOS", "RAZAOSOCIAL": "AKITEMSOM_SOM_E_ACESSORIOS", "ENDEE": "ARMANDO_COLANGELO210__ARUJA_CENTER_VILLE_07401-070", "LATITUDE": "-23.3948365", "LONGITUDE": "-46.3292355", "LMAPS": "https://www.google.com/maps?q=&layer=c&cbll=-46.3292355,-23.3948365", "O_QUE_FAZER": "FINALIZADO", "ER_REGIAO_CIDADE_min": "Arujá_Alto Tietê" }, "geometry": { "type": "Point", "coordinates": [ -46.3292355, -23.3948365 ] } },
{ "type": "Feature", "properties": { "CNPJ": "45123096000113", "IDCIDADE": "ARUJA", "NOMEFANTASIA": "GARAGE_WASH_CAR", "RAZAOSOCIAL": "GARAGE_WASH_CAR", "ENDEE": "ARMANDO_COLANGELO536__ARUJA_CENTER_VILLE_07401-070", "LATITUDE": "-23.3920274", "LONGITUDE": "-46.3285856", "LMAPS": "https://www.google.com/maps?q=&layer=c&cbll=-46.3285856,-23.3920274", "O_QUE_FAZER": "FINALIZADO", "ER_REGIAO_CIDADE_min": "Arujá_Alto Tietê" }, "geometry": { "type": "Point", "coordinates": [ -46.3285856, -23.3920274 ] } },
{ "type": "Feature", "properties": { "CNPJ": "60287838000130", "IDCIDADE": "ARUJA", "NOMEFANTASIA": "BODY_PARK", "RAZAOSOCIAL": "BODY_PARK", "ENDEE": "ARMANDO_COLANGELO600__ARUJA_CENTER_VILLE_07401-070", "LATITUDE": "-23.3915452", "LONGITUDE": "-46.3282118", "LMAPS": "https://www.google.com/maps?q=&layer=c&cbll=-46.3282118,-23.3915452", "O_QUE_FAZER": "FINALIZADO", "ER_REGIAO_CIDADE_min": "Arujá_Alto Tietê" }, "geometry": { "type": "Point", "coordinates": [ -46.3282118, -23.3915452 ] } },
{ "type": "Feature", "properties": { "CNPJ": "57757731000101", "IDCIDADE": "ARUJA", "NOMEFANTASIA": "ELETROMOTORES", "RAZAOSOCIAL": "ELETROMOTORES", "ENDEE": "ARMANDO_COLANGELO616__ARUJA_CENTER_VILLE_07401-070", "LATITUDE": "-23.3913807", "LONGITUDE": "-46.3281176", "LMAPS": "https://www.google.com/maps?q=&layer=c&cbll=-46.3281176,-23.3913807", "O_QUE_FAZER": "FINALIZADO", "ER_REGIAO_CIDADE_min": "Arujá_Alto Tietê" }, "geometry": { "type": "Point", "coordinates": [ -46.3281176, -23.3913807 ] } },
{ "type": "Feature", "properties": { "CNPJ": "64890633000103", "IDCIDADE": "ARUJA", "NOMEFANTASIA": "DUBU_PILATES", "RAZAOSOCIAL": "DUBU_PILATES", "ENDEE": "ARMANDO_COLANGELO664__ARUJA_CENTER_VILLE_07401-070", "LATITUDE": "-23.3910778", "LONGITUDE": "-46.327687", "LMAPS": "https://www.google.com/maps?q=&layer=c&cbll=-46.327687,-23.3910778", "O_QUE_FAZER": "FINALIZADO", "ER_REGIAO_CIDADE_min": "Arujá_Alto Tietê" }, "geometry": { "type": "Point", "coordinates": [ -46.327687, -23.3910778 ] } },
{ "type": "Feature", "properties": { "CNPJ": "20242500000147", "IDCIDADE": "ARUJA", "NOMEFANTASIA": "MUNDIAL_AQUARIOS", "RAZAOSOCIAL": "MUNDIAL_AQUARIOS", "ENDEE": "ARMANDO_COLANGELO760__ARUJA_CENTER_VILLE_07401-070", "LATITUDE": "-23.3903787", "LONGITUDE": "-46.3271839", "LMAPS": "https://www.google.com/maps?q=&layer=c&cbll=-46.3271839,-23.3903787", "O_QUE_FAZER": "FINALIZADO", "ER_REGIAO_CIDADE_min": "Arujá_Alto Tietê" }, "geometry": { "type": "Point", "coordinates": [ -46.3271839, -23.3903787 ] } },
{ "type": "Feature", "properties": { "CNPJ": "29249335000120", "IDCIDADE": "ARUJA", "NOMEFANTASIA": "MK_PET", "RAZAOSOCIAL": "MK_PETS_E_SERVICOS_LTDA", "ENDEE": "AVENIDA_ARMANDO_COLANGELO173__ARUJA_CENTER_VILLE_07401-070", "LATITUDE": "-23.3950511", "LONGITUDE": "-46.3298052", "LMAPS": "https://www.google.com/maps?q=&layer=c&cbll=-46.3298052,-23.3950511", "O_QUE_FAZER": "FINALIZADO", "ER_REGIAO_CIDADE_min": "Arujá_Alto Tietê" }, "geometry": { "type": "Point", "coordinates": [ -46.3298052, -23.3950511 ] } },
{ "type": "Feature", "properties": { "CNPJ": "38301841000101", "IDCIDADE": "ARUJA", "NOMEFANTASIA": "MARINGA_CAR", "RAZAOSOCIAL": "MARINGA_CAR_AUTO_CENTER_LTDA", "ENDEE": "AVENIDA_ARMANDO_COLANGELO814__PARQUE_RODRIGO_BARRETO_07401-070", "LATITUDE": "-23.3899819", "LONGITUDE": "-46.3268978", "LMAPS": "https://www.google.com/maps?q=&layer=c&cbll=-46.3268978,-23.3899819", "O_QUE_FAZER": "FINALIZADO", "ER_REGIAO_CIDADE_min": "Arujá_Alto Tietê" }, "geometry": { "type": "Point", "coordinates": [ -46.3268978, -23.3899819 ] } },
{ "type": "Feature", "properties": { "CNPJ": "12955505000199", "IDCIDADE": "ARUJA", "NOMEFANTASIA": "GATHI", "RAZAOSOCIAL": "VALDIR PEREIRA LIMA 03786520879", "ENDEE": "ARMANDO COLANGELO, 684, ARUJÁ CENTER VILLE, 07401-070, ARUJÁ_07401-070", "LATITUDE": "-23.3909332", "LONGITUDE": "-46.3274977", "LMAPS": "https://www.google.com/maps?q=&layer=c&cbll=-46.3274977,-23.3909332", "O_QUE_FAZER": "FINALIZADO", "ER_REGIAO_CIDADE_min": "Arujá_Alto Tietê" }, "geometry": { "type": "Point", "coordinates": [ -46.3274977, -23.3909332 ] } },
{ "type": "Feature", "properties": { "CNPJ": "63792654000115", "IDCIDADE": "ARUJA", "NOMEFANTASIA": "PITICO_PETS", "RAZAOSOCIAL": "PITICO_PETS", "ENDEE": "AIRES_MONTEIRO138__ARUJA_CENTER_VILLE_07401-085", "LATITUDE": "-23.3913566", "LONGITUDE": "-46.3257435", "LMAPS": "https://www.google.com/maps?q=&layer=c&cbll=-46.3257435,-23.3913566", "O_QUE_FAZER": "FINALIZADO", "ER_REGIAO_CIDADE_min": "Arujá_Alto Tietê" }, "geometry": { "type": "Point", "coordinates": [ -46.3257435, -23.3913566 ] } },
{ "type": "Feature", "properties": { "CNPJ": "63755097000162", "IDCIDADE": "ARUJA", "NOMEFANTASIA": "PET_SHOP_BELLAS_PATAS", "RAZAOSOCIAL": "PET_SHOP_BELLAS_PATAS", "ENDEE": "AIRES_MONTEIRO152__ARUJA_CENTER_VILLE_07401-085", "LATITUDE": "-23.3912954", "LONGITUDE": "-46.3257902", "LMAPS": "https://www.google.com/maps?q=&layer=c&cbll=-46.3257902,-23.3912954", "O_QUE_FAZER": "FINALIZADO", "ER_REGIAO_CIDADE_min": "Arujá_Alto Tietê" }, "geometry": { "type": "Point", "coordinates": [ -46.3257902, -23.3912954 ] } },
{ "type": "Feature", "properties": { "CNPJ": "33702699000190", "IDCIDADE": "ARUJA", "NOMEFANTASIA": "HT_CUBAS", "RAZAOSOCIAL": "HT_CUBAS", "ENDEE": "AIRES_MONTEIRO262__ARUJA_CENTER_VILLE_07401-085", "LATITUDE": "-23.390393", "LONGITUDE": "-46.3254624", "LMAPS": "https://www.google.com/maps?q=&layer=c&cbll=-46.3254624,-23.390393", "O_QUE_FAZER": "FINALIZADO", "ER_REGIAO_CIDADE_min": "Arujá_Alto Tietê" }, "geometry": { "type": "Point", "coordinates": [ -46.3254624, -23.390393 ] } },
{ "type": "Feature", "properties": { "CNPJ": "51980377000195", "IDCIDADE": "ARUJA", "NOMEFANTASIA": "ODONTO_PREMIUM_ARUJA", "RAZAOSOCIAL": "ODONTO_PREMIUM_ARUJA", "ENDEE": "AIRES_MONTEIRO380__ARUJA_CENTER_VILLE_07401-085", "LATITUDE": "-23.3895016", "LONGITUDE": "-46.3260992", "LMAPS": "https://www.google.com/maps?q=&layer=c&cbll=-46.3260992,-23.3895016", "O_QUE_FAZER": "FINALIZADO", "ER_REGIAO_CIDADE_min": "Arujá_Alto Tietê" }, "geometry": { "type": "Point", "coordinates": [ -46.3260992, -23.3895016 ] } },
{ "type": "Feature", "properties": { "CNPJ": "07993786000134", "IDCIDADE": "ARUJA", "NOMEFANTASIA": "PLANETA_UNIFORMES", "RAZAOSOCIAL": "PLANETA_UNIFORMES_CONFECCOES_LTDA", "ENDEE": "RUA_AIRES_MONTEIRO67__ARUJA_CENTER_VILLE_07401-085", "LATITUDE": "-23.3920825", "LONGITUDE": "-46.3258526", "LMAPS": "https://www.google.com/maps?q=&layer=c&cbll=-46.3258526,-23.3920825", "O_QUE_FAZER": "FINALIZADO", "ER_REGIAO_CIDADE_min": "Arujá_Alto Tietê" }, "geometry": { "type": "Point", "coordinates": [ -46.3258526, -23.3920825 ] } },
{ "type": "Feature", "properties": { "CNPJ": "35738929000105", "IDCIDADE": "ARUJA", "NOMEFANTASIA": "HENRIQUE_MIRANDA", "RAZAOSOCIAL": "HENRIQUE_MIRANDA", "ENDEE": "SERGIO_SALEH_RIMAN30__ARUJA_CENTER_VILLE_07401-105", "LATITUDE": "-23.3930623", "LONGITUDE": "-46.3265405", "LMAPS": "https://www.google.com/maps?q=&layer=c&cbll=-46.3265405,-23.3930623", "O_QUE_FAZER": "FINALIZADO", "ER_REGIAO_CIDADE_min": "Arujá_Alto Tietê" }, "geometry": { "type": "Point", "coordinates": [ -46.3265405, -23.3930623 ] } },
{ "type": "Feature", "properties": { "CNPJ": "47021960000100", "IDCIDADE": "ARUJA", "NOMEFANTASIA": "FORCCE_CAR_DETAILS", "RAZAOSOCIAL": "FORCCE_CAR_DETAILS", "ENDEE": "SERGIO_SALEH_RIMAN30__ARUJA_CENTER_VILLE_07401-105", "LATITUDE": "-23.3930623", "LONGITUDE": "-46.3265405", "LMAPS": "https://www.google.com/maps?q=&layer=c&cbll=-46.3265405,-23.3930623", "O_QUE_FAZER": "FINALIZADO", "ER_REGIAO_CIDADE_min": "Arujá_Alto Tietê" }, "geometry": { "type": "Point", "coordinates": [ -46.3265405, -23.3930623 ] } },
{ "type": "Feature", "properties": { "CNPJ": "31883901000100", "IDCIDADE": "ARUJA", "NOMEFANTASIA": "3J_MOTORS", "RAZAOSOCIAL": "3J_MOTORS_LTDA", "ENDEE": "AVENIDA_DOS_EXPEDICIONARIOS1413__VILA_FLORA_REGINA_07401-370", "LATITUDE": "-23.3935842", "LONGITUDE": "-46.3204477", "LMAPS": "https://www.google.com/maps?q=&layer=c&cbll=-46.3204477,-23.3935842", "O_QUE_FAZER": "FINALIZADO", "ER_REGIAO_CIDADE_min": "Arujá_Alto Tietê" }, "geometry": { "type": "Point", "coordinates": [ -46.3204477, -23.3935842 ] } },
{ "type": "Feature", "properties": { "CNPJ": "28061280000167", "IDCIDADE": "ARUJA", "NOMEFANTASIA": "VISTORIA_BRASIL", "RAZAOSOCIAL": "PRESTEC_-_VISTORIA_VEICULAR_LTDA.", "ENDEE": "AVENIDA_DOS_EXPEDICIONARIOS1570__VILA_FLORA_REGINA_07401-370", "LATITUDE": "-23.39304", "LONGITUDE": "-46.3190656", "LMAPS": "https://www.google.com/maps?q=&layer=c&cbll=-46.3190656,-23.39304", "O_QUE_FAZER": "FINALIZADO", "ER_REGIAO_CIDADE_min": "Arujá_Alto Tietê" }, "geometry": { "type": "Point", "coordinates": [ -46.3190656, -23.39304 ] } },
{ "type": "Feature", "properties": { "CNPJ": "44229038000297", "IDCIDADE": "ARUJA", "NOMEFANTASIA": "VIFER_FERRO", "RAZAOSOCIAL": "VIFER_FERRO", "ENDEE": "DOS_EXPEDICIONARIOS1434__VILA_RIMAN_07401-370", "LATITUDE": "-23.3938743", "LONGITUDE": "-46.3202484", "LMAPS": "https://www.google.com/maps?q=&layer=c&cbll=-46.3202484,-23.3938743", "O_QUE_FAZER": "FINALIZADO", "ER_REGIAO_CIDADE_min": "Arujá_Alto Tietê" }, "geometry": { "type": "Point", "coordinates": [ -46.3202484, -23.3938743 ] } },
{ "type": "Feature", "properties": { "CNPJ": "11821435000113", "IDCIDADE": "ARUJA", "NOMEFANTASIA": "CENTRO_MEDICO_HILARION", "RAZAOSOCIAL": "CENTRO_MEDICO_HILARION", "ENDEE": "DOS_EXPEDICIONARIOS1445__VILA_RIMAN_07401-370", "LATITUDE": "-23.393598", "LONGITUDE": "-46.320198", "LMAPS": "https://www.google.com/maps?q=&layer=c&cbll=-46.320198,-23.393598", "O_QUE_FAZER": "FINALIZADO", "ER_REGIAO_CIDADE_min": "Arujá_Alto Tietê" }, "geometry": { "type": "Point", "coordinates": [ -46.320198, -23.393598 ] } },
{ "type": "Feature", "properties": { "CNPJ": "50378947000109", "IDCIDADE": "ARUJA", "NOMEFANTASIA": "IMPERADOR_BATERIAS", "RAZAOSOCIAL": "IMPERADOR_BATERIAS", "ENDEE": "DOS_EXPEDICIONARIOS1448__VILA_RIMAN_07401-370", "LATITUDE": "-23.3938194", "LONGITUDE": "-46.3199348", "LMAPS": "https://www.google.com/maps?q=&layer=c&cbll=-46.3199348,-23.3938194", "O_QUE_FAZER": "FINALIZADO", "ER_REGIAO_CIDADE_min": "Arujá_Alto Tietê" }, "geometry": { "type": "Point", "coordinates": [ -46.3199348, -23.3938194 ] } },
{ "type": "Feature", "properties": { "CNPJ": "31417915000201", "IDCIDADE": "ARUJA", "NOMEFANTASIA": "CV_DISTRIBUIDORA", "RAZAOSOCIAL": "CV_DISTRIBUIDORA", "ENDEE": "DOS_EXPEDICIONARIOS1618__VILA_RIMAN_07401-370", "LATITUDE": "-23.3927137", "LONGITUDE": "-46.3186898", "LMAPS": "https://www.google.com/maps?q=&layer=c&cbll=-46.3186898,-23.3927137", "O_QUE_FAZER": "FINALIZADO", "ER_REGIAO_CIDADE_min": "Arujá_Alto Tietê" }, "geometry": { "type": "Point", "coordinates": [ -46.3186898, -23.3927137 ] } },
{ "type": "Feature", "properties": { "CNPJ": "34606721000161", "IDCIDADE": "ARUJA", "NOMEFANTASIA": "THE_LORD_BARBER", "RAZAOSOCIAL": "THE_LORD_BARBER", "ENDEE": "DOS_EXPEDICIONARIOS787__VILA_RIMAN_07401-370", "LATITUDE": "-23.3973289", "LONGITUDE": "-46.3225385", "LMAPS": "https://www.google.com/maps?q=&layer=c&cbll=-46.3225385,-23.3973289", "O_QUE_FAZER": "FINALIZADO", "ER_REGIAO_CIDADE_min": "Arujá_Alto Tietê" }, "geometry": { "type": "Point", "coordinates": [ -46.3225385, -23.3973289 ] } },
{ "type": "Feature", "properties": { "CNPJ": "37358101000149", "IDCIDADE": "ARUJA", "NOMEFANTASIA": "DADIVA_CORRETORA_DE_SEGUROS_LTDA", "RAZAOSOCIAL": "DADIVA", "ENDEE": "RUA_MACEDO_SOARES114__VILA_PILAR_07401-765", "LATITUDE": "-23.3849114", "LONGITUDE": "-46.313522", "LMAPS": "https://www.google.com/maps?q=&layer=c&cbll=-46.313522,-23.3849114", "O_QUE_FAZER": "FINALIZADO", "ER_REGIAO_CIDADE_min": "Arujá_Alto Tietê" }, "geometry": { "type": "Point", "coordinates": [ -46.313522, -23.3849114 ] } },
{ "type": "Feature", "properties": { "CNPJ": "01109086000158", "IDCIDADE": "ARUJA", "NOMEFANTASIA": "BARBOSA_PECAS_E_INJECAO", "RAZAOSOCIAL": "BARBOSA_PECAS_E_INJECAO_LTDA", "ENDEE": "AVENIDA_DOS_EXPEDICIONARIOS1962__VILA_PILAR_07401-790", "LATITUDE": "-23.3907439", "LONGITUDE": "-46.3165971", "LMAPS": "https://www.google.com/maps?q=&layer=c&cbll=-46.3165971,-23.3907439", "O_QUE_FAZER": "FINALIZADO", "ER_REGIAO_CIDADE_min": "Arujá_Alto Tietê" }, "geometry": { "type": "Point", "coordinates": [ -46.3165971, -23.3907439 ] } },
{ "type": "Feature", "properties": { "CNPJ": "59267948000150", "IDCIDADE": "ARUJA", "NOMEFANTASIA": "VIDRACARIA_KO", "RAZAOSOCIAL": "LEONARDO_KOOETSU_TAKEHASHI", "ENDEE": "AVENIDA_DOS_EXPEDICIONARIOS1978__VILA_PILAR_07401-790", "LATITUDE": "-23.3904106", "LONGITUDE": "-46.3163448", "LMAPS": "https://www.google.com/maps?q=&layer=c&cbll=-46.3163448,-23.3904106", "O_QUE_FAZER": "FINALIZADO", "ER_REGIAO_CIDADE_min": "Arujá_Alto Tietê" }, "geometry": { "type": "Point", "coordinates": [ -46.3163448, -23.3904106 ] } },
{ "type": "Feature", "properties": { "CNPJ": "21673568000143", "IDCIDADE": "ARUJA", "NOMEFANTASIA": "TOKAI", "RAZAOSOCIAL": "RAUL_CHICATE_CLARO", "ENDEE": "AVENIDA_DOS_EXPEDICIONARIOS2405__VILA_PILAR_07401-790", "LATITUDE": "-23.3877077", "LONGITUDE": "-46.3132855", "LMAPS": "https://www.google.com/maps?q=&layer=c&cbll=-46.3132855,-23.3877077", "O_QUE_FAZER": "FINALIZADO", "ER_REGIAO_CIDADE_min": "Arujá_Alto Tietê" }, "geometry": { "type": "Point", "coordinates": [ -46.3132855, -23.3877077 ] } },
{ "type": "Feature", "properties": { "CNPJ": "27368347000148", "IDCIDADE": "ARUJA", "NOMEFANTASIA": "ATACADO_DA_ROCA", "RAZAOSOCIAL": "AGROPECUARIA_ATACADAO_DA_ROCA_LTDA", "ENDEE": "AVENIDA_DOS_EXPEDICIONARIOS2461__VILA_PILAR_07401-790", "LATITUDE": "-23.3874057", "LONGITUDE": "-46.3127481", "LMAPS": "https://www.google.com/maps?q=&layer=c&cbll=-46.3127481,-23.3874057", "O_QUE_FAZER": "FINALIZADO", "ER_REGIAO_CIDADE_min": "Arujá_Alto Tietê" }, "geometry": { "type": "Point", "coordinates": [ -46.3127481, -23.3874057 ] } },
{ "type": "Feature", "properties": { "CNPJ": "60131134000173", "IDCIDADE": "ARUJA", "NOMEFANTASIA": "VIX", "RAZAOSOCIAL": "VIX", "ENDEE": "DOS_EXPEDICIONARIOS1968__VILA_PILAR_07401-790", "LATITUDE": "-23.3906577", "LONGITUDE": "-46.3166032", "LMAPS": "https://www.google.com/maps?q=&layer=c&cbll=-46.3166032,-23.3906577", "O_QUE_FAZER": "FINALIZADO", "ER_REGIAO_CIDADE_min": "Arujá_Alto Tietê" }, "geometry": { "type": "Point", "coordinates": [ -46.3166032, -23.3906577 ] } },
{ "type": "Feature", "properties": { "CNPJ": "44265018000190", "IDCIDADE": "ARUJA", "NOMEFANTASIA": "ARCA_DOCE", "RAZAOSOCIAL": "ICE_CREAM_RIBEIRO_COMERCIO_DE_SORVETES_E_GELADOS_LTDA", "ENDEE": "PRACA_NARCISO_JOSE_LOPES80__VILA_PILAR_07401-795", "LATITUDE": "-23.3901197", "LONGITUDE": "-46.3156381", "LMAPS": "https://www.google.com/maps?q=&layer=c&cbll=-46.3156381,-23.3901197", "O_QUE_FAZER": "FINALIZADO", "ER_REGIAO_CIDADE_min": "Arujá_Alto Tietê" }, "geometry": { "type": "Point", "coordinates": [ -46.3156381, -23.3901197 ] } },
{ "type": "Feature", "properties": { "CNPJ": "14963372000128", "IDCIDADE": "ARUJA", "NOMEFANTASIA": "CONSTRUA_JA", "RAZAOSOCIAL": "CONSTRUA_JA_MATERIAIS_PARA_CONSTRUCAO_LTDA", "ENDEE": "RUA_RAPOSO_TAVARES60__VILA_LIMA_07402-120", "LATITUDE": "-23.3949995", "LONGITUDE": "-46.3209817", "LMAPS": "https://www.google.com/maps?q=&layer=c&cbll=-46.3209817,-23.3949995", "O_QUE_FAZER": "FINALIZADO", "ER_REGIAO_CIDADE_min": "Arujá_Alto Tietê" }, "geometry": { "type": "Point", "coordinates": [ -46.3209817, -23.3949995 ] } },
{ "type": "Feature", "properties": { "CNPJ": "03215937000172", "IDCIDADE": "ARUJA", "NOMEFANTASIA": "MIX COMPUTERS", "RAZAOSOCIAL": "03.215.937 ALEIR GOMES DO NASCIMENTO", "ENDEE": "BORBA GATO, 38, VILA LIMA, 07402-125, ARUJÁ_07402-125", "LATITUDE": "-23.3951158", "LONGITUDE": "-46.3217992", "LMAPS": "https://www.google.com/maps?q=&layer=c&cbll=-46.3217992,-23.3951158", "O_QUE_FAZER": "FINALIZADO", "ER_REGIAO_CIDADE_min": "Arujá_Alto Tietê" }, "geometry": { "type": "Point", "coordinates": [ -46.3217992, -23.3951158 ] } },
{ "type": "Feature", "properties": { "CNPJ": "28945785000194", "IDCIDADE": "ARUJA", "NOMEFANTASIA": "NORD_CHINA", "RAZAOSOCIAL": "NORD_CHINA", "ENDEE": "SILVINA_DE_CAMARGO118__VILA_LIMA_07402-135", "LATITUDE": "-23.3969985", "LONGITUDE": "-46.3196817", "LMAPS": "https://www.google.com/maps?q=&layer=c&cbll=-46.3196817,-23.3969985", "O_QUE_FAZER": "FINALIZADO", "ER_REGIAO_CIDADE_min": "Arujá_Alto Tietê" }, "geometry": { "type": "Point", "coordinates": [ -46.3196817, -23.3969985 ] } },
{ "type": "Feature", "properties": { "CNPJ": "60838790000100", "IDCIDADE": "ARUJA", "NOMEFANTASIA": "OTICA_MADRI", "RAZAOSOCIAL": "OTICA_MADRI", "ENDEE": "SILVINA_DE_CAMARGO120__VILA_LIMA_07402-135", "LATITUDE": "-23.3810489", "LONGITUDE": "-46.3253968", "LMAPS": "https://www.google.com/maps?q=&layer=c&cbll=-46.3253968,-23.3810489", "O_QUE_FAZER": "FINALIZADO", "ER_REGIAO_CIDADE_min": "Arujá_Alto Tietê" }, "geometry": { "type": "Point", "coordinates": [ -46.3253968, -23.3810489 ] } },
{ "type": "Feature", "properties": { "CNPJ": "27291993000154", "IDCIDADE": "ARUJA", "NOMEFANTASIA": "ARUAGUAS", "RAZAOSOCIAL": "ARUAGUAS", "ENDEE": "MARANHAO199__JARDIM_PLANALTO_07402-165", "LATITUDE": "-23.3962994", "LONGITUDE": "-46.3186652", "LMAPS": "https://www.google.com/maps?q=&layer=c&cbll=-46.3186652,-23.3962994", "O_QUE_FAZER": "FINALIZADO", "ER_REGIAO_CIDADE_min": "Arujá_Alto Tietê" }, "geometry": { "type": "Point", "coordinates": [ -46.3186652, -23.3962994 ] } },
{ "type": "Feature", "properties": { "CNPJ": "51166943000120", "IDCIDADE": "ARUJA", "NOMEFANTASIA": "PATRICIA_DANTAS_ACESSORIOS", "RAZAOSOCIAL": "PATRICIA_DANTAS_ACESSORIOS", "ENDEE": "THEOFILO_RAMOS_DE_ANDRADE2__ARUJAMERICA_07403-005", "LATITUDE": "-23.3964311", "LONGITUDE": "-46.3110308", "LMAPS": "https://www.google.com/maps?q=&layer=c&cbll=-46.3110308,-23.3964311", "O_QUE_FAZER": "FINALIZADO", "ER_REGIAO_CIDADE_min": "Arujá_Alto Tietê" }, "geometry": { "type": "Point", "coordinates": [ -46.3110308, -23.3964311 ] } },
{ "type": "Feature", "properties": { "CNPJ": "52221144000171", "IDCIDADE": "ARUJA", "NOMEFANTASIA": "7_MAGIAS_VELAS_E_ARTIGOS_ESOTERICOS", "RAZAOSOCIAL": "7_MAGIAS_VELAS_E_ARTIGOS_ESOTERICOS", "ENDEE": "SERRA_DE_BRAGANCA260__MIRANTE_DO_ARUJA_07404-085", "LATITUDE": "-23.3899521", "LONGITUDE": "-46.2995868", "LMAPS": "https://www.google.com/maps?q=&layer=c&cbll=-46.2995868,-23.3899521", "O_QUE_FAZER": "FINALIZADO", "ER_REGIAO_CIDADE_min": "Arujá_Alto Tietê" }, "geometry": { "type": "Point", "coordinates": [ -46.2995868, -23.3899521 ] } },
{ "type": "Feature", "properties": { "CNPJ": "33841841000180", "IDCIDADE": "ARUJA", "NOMEFANTASIA": "MIMI_PET", "RAZAOSOCIAL": "MIMI_PET", "ENDEE": "SANTO_ANTONIO385__JORDANOPOLIS_07411-170", "LATITUDE": "-23.4041542", "LONGITUDE": "-46.3403562", "LMAPS": "https://www.google.com/maps?q=&layer=c&cbll=-46.3403562,-23.4041542", "O_QUE_FAZER": "FINALIZADO", "ER_REGIAO_CIDADE_min": "Arujá_Alto Tietê" }, "geometry": { "type": "Point", "coordinates": [ -46.3403562, -23.4041542 ] } },
{ "type": "Feature", "properties": { "CNPJ": "32151617000102", "IDCIDADE": "ARUJA", "NOMEFANTASIA": "COZINHA_DA_VAL_PURO_SABOR", "RAZAOSOCIAL": "COZINHA_DA_VAL_PURO_SABOR", "ENDEE": "SANTO_ANTONIO421__JORDANOPOLIS_07411-170", "LATITUDE": "-23.4042055", "LONGITUDE": "-46.3407237", "LMAPS": "https://www.google.com/maps?q=&layer=c&cbll=-46.3407237,-23.4042055", "O_QUE_FAZER": "FINALIZADO", "ER_REGIAO_CIDADE_min": "Arujá_Alto Tietê" }, "geometry": { "type": "Point", "coordinates": [ -46.3407237, -23.4042055 ] } },
{ "type": "Feature", "properties": { "CNPJ": "41705480000173", "IDCIDADE": "ARUJA", "NOMEFANTASIA": "KATIA_CONCEPT", "RAZAOSOCIAL": "KATIA_CONCEPT", "ENDEE": "SANTO_ANTONIO441__JORDANOPOLIS_07411-170", "LATITUDE": "-23.4042196", "LONGITUDE": "-46.3410576", "LMAPS": "https://www.google.com/maps?q=&layer=c&cbll=-46.3410576,-23.4042196", "O_QUE_FAZER": "FINALIZADO", "ER_REGIAO_CIDADE_min": "Arujá_Alto Tietê" }, "geometry": { "type": "Point", "coordinates": [ -46.3410576, -23.4042196 ] } },
{ "type": "Feature", "properties": { "CNPJ": "39814197000138", "IDCIDADE": "ARUJA", "NOMEFANTASIA": "RAYSLA_FASHION", "RAZAOSOCIAL": "RAYSLA_FASHION", "ENDEE": "SANTO_ANTONIO447__JORDANOPOLIS_07411-170", "LATITUDE": "-23.4042404", "LONGITUDE": "-46.3410593", "LMAPS": "https://www.google.com/maps?q=&layer=c&cbll=-46.3410593,-23.4042404", "O_QUE_FAZER": "FINALIZADO", "ER_REGIAO_CIDADE_min": "Arujá_Alto Tietê" }, "geometry": { "type": "Point", "coordinates": [ -46.3410593, -23.4042404 ] } },
{ "type": "Feature", "properties": { "CNPJ": "51485953000128", "IDCIDADE": "ARUJA", "NOMEFANTASIA": "AS_DELICIAS_DA_PRI", "RAZAOSOCIAL": "AS_DELICIAS_DA_PRI", "ENDEE": "SANTO_ANTONIO451__JORDANOPOLIS_07411-170", "LATITUDE": "-23.4042409", "LONGITUDE": "-46.3411109", "LMAPS": "https://www.google.com/maps?q=&layer=c&cbll=-46.3411109,-23.4042409", "O_QUE_FAZER": "FINALIZADO", "ER_REGIAO_CIDADE_min": "Arujá_Alto Tietê" }, "geometry": { "type": "Point", "coordinates": [ -46.3411109, -23.4042409 ] } },
{ "type": "Feature", "properties": { "CNPJ": "29201741000112", "IDCIDADE": "ARUJA", "NOMEFANTASIA": "PET_SHOP_CAO_FIEL", "RAZAOSOCIAL": "PET_SHOP_CAO_FIEL", "ENDEE": "SANTO_ANTONIO475__JORDANOPOLIS_07411-170", "LATITUDE": "-23.4043013", "LONGITUDE": "-46.3412656", "LMAPS": "https://www.google.com/maps?q=&layer=c&cbll=-46.3412656,-23.4043013", "O_QUE_FAZER": "FINALIZADO", "ER_REGIAO_CIDADE_min": "Arujá_Alto Tietê" }, "geometry": { "type": "Point", "coordinates": [ -46.3412656, -23.4043013 ] } },
{ "type": "Feature", "properties": { "CNPJ": "60108383000148", "IDCIDADE": "ARUJA", "NOMEFANTASIA": "JAILSON_ALVES_DE_OLIVEIRA", "RAZAOSOCIAL": "JAILSON_ALVES_DE_OLIVEIRA", "ENDEE": "NOSSA_SENHORA_DA_POMPEIA119__JORDANOPOLIS_07411-205", "LATITUDE": "-23.4016868", "LONGITUDE": "-46.3404814", "LMAPS": "https://www.google.com/maps?q=&layer=c&cbll=-46.3404814,-23.4016868", "O_QUE_FAZER": "FINALIZADO", "ER_REGIAO_CIDADE_min": "Arujá_Alto Tietê" }, "geometry": { "type": "Point", "coordinates": [ -46.3404814, -23.4016868 ] } },
{ "type": "Feature", "properties": { "CNPJ": "46099952000105", "IDCIDADE": "ARUJA", "NOMEFANTASIA": "LEILA_RAQUEL_DOS_SANTOS_LIMA_(_SI_FORMA_COSMETICS)", "RAZAOSOCIAL": "LEILA_RAQUEL_DOS_SANTOS_LIMA_(_SI_FORMA_COSMETICS)", "ENDEE": "DAS_TULIPAS133__CIDADE_NOVA_ARUJA_07411-415", "LATITUDE": "-23.4063898", "LONGITUDE": "-46.3436098", "LMAPS": "https://www.google.com/maps?q=&layer=c&cbll=-46.3436098,-23.4063898", "O_QUE_FAZER": "FINALIZADO", "ER_REGIAO_CIDADE_min": "Arujá_Alto Tietê" }, "geometry": { "type": "Point", "coordinates": [ -46.3436098, -23.4063898 ] } },
{ "type": "Feature", "properties": { "CNPJ": "63048666000130", "IDCIDADE": "ARUJA", "NOMEFANTASIA": "DANIELA_ARTES", "RAZAOSOCIAL": "DANIELA_ARTES", "ENDEE": "MILTON_FERREIRA_FRANCO506__PARQUE_RODRIGO_BARRETO_07417-160", "LATITUDE": "-23.3860135", "LONGITUDE": "-46.3294498", "LMAPS": "https://www.google.com/maps?q=&layer=c&cbll=-46.3294498,-23.3860135", "O_QUE_FAZER": "FINALIZADO", "ER_REGIAO_CIDADE_min": "Arujá_Alto Tietê" }, "geometry": { "type": "Point", "coordinates": [ -46.3294498, -23.3860135 ] } },
{ "type": "Feature", "properties": { "CNPJ": "53486659000166", "IDCIDADE": "ARUJA", "NOMEFANTASIA": "MEU_CANTINHO_CASEIRO", "RAZAOSOCIAL": "MEU_CANTINHO_CASEIRO", "ENDEE": "ROGERIO_DE_ANDRADE_SANTOS211__PARQUE_RODRIGO_BARRETO_07417-195", "LATITUDE": "-23.3811788", "LONGITUDE": "-46.3278506", "LMAPS": "https://www.google.com/maps?q=&layer=c&cbll=-46.3278506,-23.3811788", "O_QUE_FAZER": "FINALIZADO", "ER_REGIAO_CIDADE_min": "Arujá_Alto Tietê" }, "geometry": { "type": "Point", "coordinates": [ -46.3278506, -23.3811788 ] } },
{ "type": "Feature", "properties": { "CNPJ": "35582708000182", "IDCIDADE": "ARUJA", "NOMEFANTASIA": "TASSI_VB_MODAS", "RAZAOSOCIAL": "TASSI_VB_MODAS", "ENDEE": "JOSE_PEREIRA_DE_AQUINO343__PARQUE_RODRIGO_BARRETO_07417-215", "LATITUDE": "-23.3787529", "LONGITUDE": "-46.3293467", "LMAPS": "https://www.google.com/maps?q=&layer=c&cbll=-46.3293467,-23.3787529", "O_QUE_FAZER": "FINALIZADO", "ER_REGIAO_CIDADE_min": "Arujá_Alto Tietê" }, "geometry": { "type": "Point", "coordinates": [ -46.3293467, -23.3787529 ] } },
{ "type": "Feature", "properties": { "CNPJ": "55330969000112", "IDCIDADE": "ARUJA", "NOMEFANTASIA": "DF_TRANSPORTE", "RAZAOSOCIAL": "DF_TRANSPORTE", "ENDEE": "SERAFIM_ANTONIO_DOMINGOS96__PARQUE_RODRIGO_BARRETO_07417-260", "LATITUDE": "-23.3805707", "LONGITUDE": "-46.3336253", "LMAPS": "https://www.google.com/maps?q=&layer=c&cbll=-46.3336253,-23.3805707", "O_QUE_FAZER": "FINALIZADO", "ER_REGIAO_CIDADE_min": "Arujá_Alto Tietê" }, "geometry": { "type": "Point", "coordinates": [ -46.3336253, -23.3805707 ] } },
{ "type": "Feature", "properties": { "CNPJ": "15505048000129", "IDCIDADE": "ARUJA", "NOMEFANTASIA": "LIDER", "RAZAOSOCIAL": "VILMA_PEREIRA_DE_ANDRADE_PARAFUSOS", "ENDEE": "AVENIDA_RAILDA_ALVES_DE_OLIVEIRA358__PARQUE_RODRIGO_BARRETO_07417-265", "LATITUDE": "-23.3786219", "LONGITUDE": "-46.3289156", "LMAPS": "https://www.google.com/maps?q=&layer=c&cbll=-46.3289156,-23.3786219", "O_QUE_FAZER": "FINALIZADO", "ER_REGIAO_CIDADE_min": "Arujá_Alto Tietê" }, "geometry": { "type": "Point", "coordinates": [ -46.3289156, -23.3786219 ] } },
{ "type": "Feature", "properties": { "CNPJ": "13802544000119", "IDCIDADE": "ARUJA", "NOMEFANTASIA": "EC._STACIACKI", "RAZAOSOCIAL": "E_C_STACIAKI_COMERCIO_DE_MATERIAIS_DE_CONSTRUCAO", "ENDEE": "AVENIDA_RAILDA_ALVES_DE_OLIVEIRA91__PARQUE_RODRIGO_BARRETO_07417-265", "LATITUDE": "-23.3787967", "LONGITUDE": "-46.3262917", "LMAPS": "https://www.google.com/maps?q=&layer=c&cbll=-46.3262917,-23.3787967", "O_QUE_FAZER": "FINALIZADO", "ER_REGIAO_CIDADE_min": "Arujá_Alto Tietê" }, "geometry": { "type": "Point", "coordinates": [ -46.3262917, -23.3787967 ] } },
{ "type": "Feature", "properties": { "CNPJ": "33458948000144", "IDCIDADE": "ARUJA", "NOMEFANTASIA": "W_REDENCAO", "RAZAOSOCIAL": "W_REDENCAO", "ENDEE": "RAILDA_ALVES_DE_OLIVEIRA110__PARQUE_RODRIGO_BARRETO_07417-265", "LATITUDE": "-23.3785416", "LONGITUDE": "-46.3265137", "LMAPS": "https://www.google.com/maps?q=&layer=c&cbll=-46.3265137,-23.3785416", "O_QUE_FAZER": "FINALIZADO", "ER_REGIAO_CIDADE_min": "Arujá_Alto Tietê" }, "geometry": { "type": "Point", "coordinates": [ -46.3265137, -23.3785416 ] } },
{ "type": "Feature", "properties": { "CNPJ": "58107484000152", "IDCIDADE": "ARUJA", "NOMEFANTASIA": "PERFUME_DO_CEU", "RAZAOSOCIAL": "PERFUME_DO_CEU", "ENDEE": "RAILDA_ALVES_DE_OLIVEIRA126__PARQUE_RODRIGO_BARRETO_07417-265", "LATITUDE": "-23.3785978", "LONGITUDE": "-46.3266113", "LMAPS": "https://www.google.com/maps?q=&layer=c&cbll=-46.3266113,-23.3785978", "O_QUE_FAZER": "FINALIZADO", "ER_REGIAO_CIDADE_min": "Arujá_Alto Tietê" }, "geometry": { "type": "Point", "coordinates": [ -46.3266113, -23.3785978 ] } },
{ "type": "Feature", "properties": { "CNPJ": "63875616000126", "IDCIDADE": "ARUJA", "NOMEFANTASIA": "PLB_SALGADOS", "RAZAOSOCIAL": "PLB_SALGADOS", "ENDEE": "RAILDA_ALVES_DE_OLIVEIRA126__PARQUE_RODRIGO_BARRETO_07417-265", "LATITUDE": "-23.3785978", "LONGITUDE": "-46.3266113", "LMAPS": "https://www.google.com/maps?q=&layer=c&cbll=-46.3266113,-23.3785978", "O_QUE_FAZER": "FINALIZADO", "ER_REGIAO_CIDADE_min": "Arujá_Alto Tietê" }, "geometry": { "type": "Point", "coordinates": [ -46.3266113, -23.3785978 ] } },
{ "type": "Feature", "properties": { "CNPJ": "18891920000102", "IDCIDADE": "ARUJA", "NOMEFANTASIA": "LIEDIANA_MODAS", "RAZAOSOCIAL": "LIEDIANA_MODAS", "ENDEE": "RAILDA_ALVES_DE_OLIVEIRA136__PARQUE_RODRIGO_BARRETO_07417-265", "LATITUDE": "-23.3785843", "LONGITUDE": "-46.3267916", "LMAPS": "https://www.google.com/maps?q=&layer=c&cbll=-46.3267916,-23.3785843", "O_QUE_FAZER": "FINALIZADO", "ER_REGIAO_CIDADE_min": "Arujá_Alto Tietê" }, "geometry": { "type": "Point", "coordinates": [ -46.3267916, -23.3785843 ] } },
{ "type": "Feature", "properties": { "CNPJ": "39797603000100", "IDCIDADE": "ARUJA", "NOMEFANTASIA": "GROPECUARIA_PRIME_GOUVEIA", "RAZAOSOCIAL": "GROPECUARIA_PRIME_GOUVEIA", "ENDEE": "RAILDA_ALVES_DE_OLIVEIRA2255__PARQUE_RODRIGO_BARRETO_07417-265", "LATITUDE": "-23.3792437", "LONGITUDE": "-46.3148432", "LMAPS": "https://www.google.com/maps?q=&layer=c&cbll=-46.3148432,-23.3792437", "O_QUE_FAZER": "FINALIZADO", "ER_REGIAO_CIDADE_min": "Arujá_Alto Tietê" }, "geometry": { "type": "Point", "coordinates": [ -46.3148432, -23.3792437 ] } },
{ "type": "Feature", "properties": { "CNPJ": "59234437000132", "IDCIDADE": "ARUJA", "NOMEFANTASIA": "STUDIO_V8", "RAZAOSOCIAL": "STUDIO_V8", "ENDEE": "RAILDA_ALVES_DE_OLIVEIRA2275__PARQUE_RODRIGO_BARRETO_07417-265", "LATITUDE": "-23.3787306", "LONGITUDE": "-46.3237849", "LMAPS": "https://www.google.com/maps?q=&layer=c&cbll=-46.3237849,-23.3787306", "O_QUE_FAZER": "FINALIZADO", "ER_REGIAO_CIDADE_min": "Arujá_Alto Tietê" }, "geometry": { "type": "Point", "coordinates": [ -46.3237849, -23.3787306 ] } },
{ "type": "Feature", "properties": { "CNPJ": "39604198000158", "IDCIDADE": "ARUJA", "NOMEFANTASIA": "ESPETINHONENEN", "RAZAOSOCIAL": "ESPETINHONENEN", "ENDEE": "RAILDA_ALVES_DE_OLIVEIRA229__PARQUE_RODRIGO_BARRETO_07417-265", "LATITUDE": "-23.3788199", "LONGITUDE": "-46.3229624", "LMAPS": "https://www.google.com/maps?q=&layer=c&cbll=-46.3229624,-23.3788199", "O_QUE_FAZER": "FINALIZADO", "ER_REGIAO_CIDADE_min": "Arujá_Alto Tietê" }, "geometry": { "type": "Point", "coordinates": [ -46.3229624, -23.3788199 ] } },
{ "type": "Feature", "properties": { "CNPJ": "56431652000135", "IDCIDADE": "ARUJA", "NOMEFANTASIA": "EMPORIO_NUTRIFIT", "RAZAOSOCIAL": "EMPORIO_NUTRIFIT", "ENDEE": "RAILDA_ALVES_DE_OLIVEIRA25__PARQUE_RODRIGO_BARRETO_07417-265", "LATITUDE": "-23.3788916", "LONGITUDE": "-46.3257444", "LMAPS": "https://www.google.com/maps?q=&layer=c&cbll=-46.3257444,-23.3788916", "O_QUE_FAZER": "FINALIZADO", "ER_REGIAO_CIDADE_min": "Arujá_Alto Tietê" }, "geometry": { "type": "Point", "coordinates": [ -46.3257444, -23.3788916 ] } },
{ "type": "Feature", "properties": { "CNPJ": "23523008000138", "IDCIDADE": "ARUJA", "NOMEFANTASIA": "SMART_CELL_JR", "RAZAOSOCIAL": "SMART_CELL_JR", "ENDEE": "RAILDA_ALVES_DE_OLIVEIRA2518__PARQUE_RODRIGO_BARRETO_07417-265", "LATITUDE": "-23.379152", "LONGITUDE": "-46.3213197", "LMAPS": "https://www.google.com/maps?q=&layer=c&cbll=-46.3213197,-23.379152", "O_QUE_FAZER": "FINALIZADO", "ER_REGIAO_CIDADE_min": "Arujá_Alto Tietê" }, "geometry": { "type": "Point", "coordinates": [ -46.3213197, -23.379152 ] } },
{ "type": "Feature", "properties": { "CNPJ": "35734183000153", "IDCIDADE": "ARUJA", "NOMEFANTASIA": "MIMOS_PAPELARIA", "RAZAOSOCIAL": "MIMOS_PAPELARIA", "ENDEE": "RAILDA_ALVES_DE_OLIVEIRA258__PARQUE_RODRIGO_BARRETO_07417-265", "LATITUDE": "-23.378491", "LONGITUDE": "-46.3280108", "LMAPS": "https://www.google.com/maps?q=&layer=c&cbll=-46.3280108,-23.378491", "O_QUE_FAZER": "FINALIZADO", "ER_REGIAO_CIDADE_min": "Arujá_Alto Tietê" }, "geometry": { "type": "Point", "coordinates": [ -46.3280108, -23.378491 ] } },
{ "type": "Feature", "properties": { "CNPJ": "27770199000193", "IDCIDADE": "ARUJA", "NOMEFANTASIA": "CHAPAO_CALHAS", "RAZAOSOCIAL": "CHAPAO_CALHAS", "ENDEE": "RAILDA_ALVES_DE_OLIVEIRA2754__PARQUE_RODRIGO_BARRETO_07417-265", "LATITUDE": "-23.3794055", "LONGITUDE": "-46.314247", "LMAPS": "https://www.google.com/maps?q=&layer=c&cbll=-46.314247,-23.3794055", "O_QUE_FAZER": "FINALIZADO", "ER_REGIAO_CIDADE_min": "Arujá_Alto Tietê" }, "geometry": { "type": "Point", "coordinates": [ -46.314247, -23.3794055 ] } },
{ "type": "Feature", "properties": { "CNPJ": "35209567000157", "IDCIDADE": "ARUJA", "NOMEFANTASIA": "CHOCOLATE_COM_PIMENTA", "RAZAOSOCIAL": "CHOCOLATE_COM_PIMENTA", "ENDEE": "RAILDA_ALVES_DE_OLIVEIRA294__PARQUE_RODRIGO_BARRETO_07417-265", "LATITUDE": "-23.3785393", "LONGITUDE": "-46.3284057", "LMAPS": "https://www.google.com/maps?q=&layer=c&cbll=-46.3284057,-23.3785393", "O_QUE_FAZER": "FINALIZADO", "ER_REGIAO_CIDADE_min": "Arujá_Alto Tietê" }, "geometry": { "type": "Point", "coordinates": [ -46.3284057, -23.3785393 ] } },
{ "type": "Feature", "properties": { "CNPJ": "60673728000106", "IDCIDADE": "ARUJA", "NOMEFANTASIA": "COSTUREIRA_CHEIA", "RAZAOSOCIAL": "COSTUREIRA_CHEIA", "ENDEE": "RAILDA_ALVES_DE_OLIVEIRA3209__PARQUE_RODRIGO_BARRETO_07417-265", "LATITUDE": "-23.379316", "LONGITUDE": "-46.314549", "LMAPS": "https://www.google.com/maps?q=&layer=c&cbll=-46.314549,-23.379316", "O_QUE_FAZER": "FINALIZADO", "ER_REGIAO_CIDADE_min": "Arujá_Alto Tietê" }, "geometry": { "type": "Point", "coordinates": [ -46.314549, -23.379316 ] } },
{ "type": "Feature", "properties": { "CNPJ": "51872461000195", "IDCIDADE": "ARUJA", "NOMEFANTASIA": "NA_BOUTIQUE", "RAZAOSOCIAL": "NA_BOUTIQUE", "ENDEE": "RAILDA_ALVES_DE_OLIVEIRA398__PARQUE_RODRIGO_BARRETO_07417-265", "LATITUDE": "-23.3785361", "LONGITUDE": "-46.329385", "LMAPS": "https://www.google.com/maps?q=&layer=c&cbll=-46.329385,-23.3785361", "O_QUE_FAZER": "FINALIZADO", "ER_REGIAO_CIDADE_min": "Arujá_Alto Tietê" }, "geometry": { "type": "Point", "coordinates": [ -46.329385, -23.3785361 ] } },
{ "type": "Feature", "properties": { "CNPJ": "26280163000169", "IDCIDADE": "ARUJA", "NOMEFANTASIA": "GELATTO_PINGUIM", "RAZAOSOCIAL": "GELATTO_PINGUIM", "ENDEE": "RAILDA_ALVES_DE_OLIVEIRA408__PARQUE_RODRIGO_BARRETO_07417-265", "LATITUDE": "-23.3784457", "LONGITUDE": "-46.3294754", "LMAPS": "https://www.google.com/maps?q=&layer=c&cbll=-46.3294754,-23.3784457", "O_QUE_FAZER": "FINALIZADO", "ER_REGIAO_CIDADE_min": "Arujá_Alto Tietê" }, "geometry": { "type": "Point", "coordinates": [ -46.3294754, -23.3784457 ] } },
{ "type": "Feature", "properties": { "CNPJ": "51221138000151", "IDCIDADE": "ARUJA", "NOMEFANTASIA": "BARBEARIA_ALMEIDA", "RAZAOSOCIAL": "BARBEARIA_ALMEIDA", "ENDEE": "RAILDA_ALVES_DE_OLIVEIRA418__PARQUE_RODRIGO_BARRETO_07417-265", "LATITUDE": "-23.3784256", "LONGITUDE": "-46.3295622", "LMAPS": "https://www.google.com/maps?q=&layer=c&cbll=-46.3295622,-23.3784256", "O_QUE_FAZER": "FINALIZADO", "ER_REGIAO_CIDADE_min": "Arujá_Alto Tietê" }, "geometry": { "type": "Point", "coordinates": [ -46.3295622, -23.3784256 ] } },
{ "type": "Feature", "properties": { "CNPJ": "54361195000124", "IDCIDADE": "ARUJA", "NOMEFANTASIA": "GV_SOLDAS_ESPECIALIZADAS", "RAZAOSOCIAL": "GV_SOLDAS_ESPECIALIZADAS", "ENDEE": "RAILDA_ALVES_DE_OLIVEIRA501__PARQUE_RODRIGO_BARRETO_07417-265", "LATITUDE": "-23.3787204", "LONGITUDE": "-46.3304053", "LMAPS": "https://www.google.com/maps?q=&layer=c&cbll=-46.3304053,-23.3787204", "O_QUE_FAZER": "FINALIZADO", "ER_REGIAO_CIDADE_min": "Arujá_Alto Tietê" }, "geometry": { "type": "Point", "coordinates": [ -46.3304053, -23.3787204 ] } },
{ "type": "Feature", "properties": { "CNPJ": "49409523000185", "IDCIDADE": "ARUJA", "NOMEFANTASIA": "RA_HIDRAULICA_E_ELETRICA", "RAZAOSOCIAL": "RA_HIDRAULICA_E_ELETRICA", "ENDEE": "RAILDA_ALVES_DE_OLIVEIRA518__PARQUE_RODRIGO_BARRETO_07417-265", "LATITUDE": "-23.3784234", "LONGITUDE": "-46.3305505", "LMAPS": "https://www.google.com/maps?q=&layer=c&cbll=-46.3305505,-23.3784234", "O_QUE_FAZER": "FINALIZADO", "ER_REGIAO_CIDADE_min": "Arujá_Alto Tietê" }, "geometry": { "type": "Point", "coordinates": [ -46.3305505, -23.3784234 ] } },
{ "type": "Feature", "properties": { "CNPJ": "45326878000150", "IDCIDADE": "ARUJA", "NOMEFANTASIA": "PRIMOTICA", "RAZAOSOCIAL": "PRIMOTICA", "ENDEE": "RAILDA_ALVES_DE_OLIVEIRA54__PARQUE_RODRIGO_BARRETO_07417-265", "LATITUDE": "-23.3785822", "LONGITUDE": "-46.3260248", "LMAPS": "https://www.google.com/maps?q=&layer=c&cbll=-46.3260248,-23.3785822", "O_QUE_FAZER": "FINALIZADO", "ER_REGIAO_CIDADE_min": "Arujá_Alto Tietê" }, "geometry": { "type": "Point", "coordinates": [ -46.3260248, -23.3785822 ] } },
{ "type": "Feature", "properties": { "CNPJ": "28551672000104", "IDCIDADE": "ARUJA", "NOMEFANTASIA": "JN_DEPOSITO", "RAZAOSOCIAL": "JN_DEPOSITO", "ENDEE": "RAILDA_ALVES_DE_OLIVEIRA6__PARQUE_RODRIGO_BARRETO_07417-265", "LATITUDE": "-23.378991", "LONGITUDE": "-46.315129", "LMAPS": "https://www.google.com/maps?q=&layer=c&cbll=-46.315129,-23.378991", "O_QUE_FAZER": "FINALIZADO", "ER_REGIAO_CIDADE_min": "Arujá_Alto Tietê" }, "geometry": { "type": "Point", "coordinates": [ -46.315129, -23.378991 ] } },
{ "type": "Feature", "properties": { "CNPJ": "13802450000140", "IDCIDADE": "ARUJA", "NOMEFANTASIA": "CR_AUTO_PECAS", "RAZAOSOCIAL": "CR_AUTO_PECAS", "ENDEE": "RAILDA_ALVES_DE_OLIVEIRA608__PARQUE_RODRIGO_BARRETO_07417-265", "LATITUDE": "-23.3791871", "LONGITUDE": "-46.3197195", "LMAPS": "https://www.google.com/maps?q=&layer=c&cbll=-46.3197195,-23.3791871", "O_QUE_FAZER": "FINALIZADO", "ER_REGIAO_CIDADE_min": "Arujá_Alto Tietê" }, "geometry": { "type": "Point", "coordinates": [ -46.3197195, -23.3791871 ] } },
{ "type": "Feature", "properties": { "CNPJ": "38778823000115", "IDCIDADE": "ARUJA", "NOMEFANTASIA": "LUKY_CAR", "RAZAOSOCIAL": "LUKY_CAR", "ENDEE": "RAILDA_ALVES_DE_OLIVEIRA671__PARQUE_RODRIGO_BARRETO_07417-265", "LATITUDE": "-23.3786816", "LONGITUDE": "-46.331967", "LMAPS": "https://www.google.com/maps?q=&layer=c&cbll=-46.331967,-23.3786816", "O_QUE_FAZER": "FINALIZADO", "ER_REGIAO_CIDADE_min": "Arujá_Alto Tietê" }, "geometry": { "type": "Point", "coordinates": [ -46.331967, -23.3786816 ] } },
{ "type": "Feature", "properties": { "CNPJ": "44845413000142", "IDCIDADE": "ARUJA", "NOMEFANTASIA": "LUKY_CAR", "RAZAOSOCIAL": "LUKY_CAR", "ENDEE": "RAILDA_ALVES_DE_OLIVEIRA671__PARQUE_RODRIGO_BARRETO_07417-265", "LATITUDE": "-23.3786816", "LONGITUDE": "-46.331967", "LMAPS": "https://www.google.com/maps?q=&layer=c&cbll=-46.331967,-23.3786816", "O_QUE_FAZER": "FINALIZADO", "ER_REGIAO_CIDADE_min": "Arujá_Alto Tietê" }, "geometry": { "type": "Point", "coordinates": [ -46.331967, -23.3786816 ] } },
{ "type": "Feature", "properties": { "CNPJ": "30128210000120", "IDCIDADE": "ARUJA", "NOMEFANTASIA": "AZUL_PRODUTOS_DE_LIMPEZA", "RAZAOSOCIAL": "AZUL_PRODUTOS_DE_LIMPEZA", "ENDEE": "RAILDA_ALVES_DE_OLIVEIRA696__PARQUE_RODRIGO_BARRETO_07417-265", "LATITUDE": "-23.3783985", "LONGITUDE": "-46.3322618", "LMAPS": "https://www.google.com/maps?q=&layer=c&cbll=-46.3322618,-23.3783985", "O_QUE_FAZER": "FINALIZADO", "ER_REGIAO_CIDADE_min": "Arujá_Alto Tietê" }, "geometry": { "type": "Point", "coordinates": [ -46.3322618, -23.3783985 ] } },
{ "type": "Feature", "properties": { "CNPJ": "45214953000190", "IDCIDADE": "ARUJA", "NOMEFANTASIA": "KI_BARATO", "RAZAOSOCIAL": "KI_BARATO", "ENDEE": "RAILDA_ALVES_DE_OLIVEIRA713__PARQUE_RODRIGO_BARRETO_07417-265", "LATITUDE": "-23.3790436", "LONGITUDE": "-46.3184353", "LMAPS": "https://www.google.com/maps?q=&layer=c&cbll=-46.3184353,-23.3790436", "O_QUE_FAZER": "FINALIZADO", "ER_REGIAO_CIDADE_min": "Arujá_Alto Tietê" }, "geometry": { "type": "Point", "coordinates": [ -46.3184353, -23.3790436 ] } },
{ "type": "Feature", "properties": { "CNPJ": "42863992000120", "IDCIDADE": "ARUJA", "NOMEFANTASIA": "MERCADINHO_DO_BIGODE", "RAZAOSOCIAL": "MERCADINHO_DO_BIGODE", "ENDEE": "RAILDA_ALVES_DE_OLIVEIRA749__PARQUE_RODRIGO_BARRETO_07417-265", "LATITUDE": "-23.3785628", "LONGITUDE": "-46.3325827", "LMAPS": "https://www.google.com/maps?q=&layer=c&cbll=-46.3325827,-23.3785628", "O_QUE_FAZER": "FINALIZADO", "ER_REGIAO_CIDADE_min": "Arujá_Alto Tietê" }, "geometry": { "type": "Point", "coordinates": [ -46.3325827, -23.3785628 ] } },
{ "type": "Feature", "properties": { "CNPJ": "58869923000164", "IDCIDADE": "ARUJA", "NOMEFANTASIA": "IMPERIO__DJA_STUDIO", "RAZAOSOCIAL": "IMPERIO__DJA_STUDIO", "ENDEE": "RAILDA_ALVES_DE_OLIVEIRA850__PARQUE_RODRIGO_BARRETO_07417-265", "LATITUDE": "-23.3792968", "LONGITUDE": "-46.3172013", "LMAPS": "https://www.google.com/maps?q=&layer=c&cbll=-46.3172013,-23.3792968", "O_QUE_FAZER": "FINALIZADO", "ER_REGIAO_CIDADE_min": "Arujá_Alto Tietê" }, "geometry": { "type": "Point", "coordinates": [ -46.3172013, -23.3792968 ] } },
{ "type": "Feature", "properties": { "CNPJ": "12654306000140", "IDCIDADE": "ARUJA", "NOMEFANTASIA": "MS_MODAS", "RAZAOSOCIAL": "MS_MODAS", "ENDEE": "RAILDA_ALVES_DE_OLIVEIRA94__PARQUE_RODRIGO_BARRETO_07417-265", "LATITUDE": "-23.3785727", "LONGITUDE": "-46.3264174", "LMAPS": "https://www.google.com/maps?q=&layer=c&cbll=-46.3264174,-23.3785727", "O_QUE_FAZER": "FINALIZADO", "ER_REGIAO_CIDADE_min": "Arujá_Alto Tietê" }, "geometry": { "type": "Point", "coordinates": [ -46.3264174, -23.3785727 ] } },
{ "type": "Feature", "properties": { "CNPJ": "15208827000162", "IDCIDADE": "ARUJA", "NOMEFANTASIA": "PET_ANELY", "RAZAOSOCIAL": "PET_ANELY", "ENDEE": "RAILDA_ALVES_DE_OLIVEIRA972__PARQUE_RODRIGO_BARRETO_07417-265", "LATITUDE": "-23.3793582", "LONGITUDE": "-46.3159516", "LMAPS": "https://www.google.com/maps?q=&layer=c&cbll=-46.3159516,-23.3793582", "O_QUE_FAZER": "FINALIZADO", "ER_REGIAO_CIDADE_min": "Arujá_Alto Tietê" }, "geometry": { "type": "Point", "coordinates": [ -46.3159516, -23.3793582 ] } },
{ "type": "Feature", "properties": { "CNPJ": "30161884000127", "IDCIDADE": "ARUJA", "NOMEFANTASIA": "PREMIUM COMERCIO DE BEBIDAS", "RAZAOSOCIAL": "J. G. APOLINARIO COMERCIO DE BEBIDAS", "ENDEE": "RAILDA ALVES DE OLIVEIRA, 480, PARQUE RODRIGO BARRETO, 07417-265, ARUJÁ_07417-265", "LATITUDE": "-23.3783895", "LONGITUDE": "-46.330198", "LMAPS": "https://www.google.com/maps?q=&layer=c&cbll=-46.330198,-23.3783895", "O_QUE_FAZER": "FINALIZADO", "ER_REGIAO_CIDADE_min": "Arujá_Alto Tietê" }, "geometry": { "type": "Point", "coordinates": [ -46.330198, -23.3783895 ] } },
{ "type": "Feature", "properties": { "CNPJ": "28808693000162", "IDCIDADE": "ARUJA", "NOMEFANTASIA": "FERRAGENS OLIVEIRA", "RAZAOSOCIAL": "EDILSON AVELINO DE OLIVEIRA FERRAGENS", "ENDEE": "RAILDA ALVES DE OLIVEIRA, 134, PARQUE RODRIGO BARRETO, 07417-265, ARUJÁ_07417-265", "LATITUDE": "-23.3786203", "LONGITUDE": "-46.3267598", "LMAPS": "https://www.google.com/maps?q=&layer=c&cbll=-46.3267598,-23.3786203", "O_QUE_FAZER": "FINALIZADO", "ER_REGIAO_CIDADE_min": "Arujá_Alto Tietê" }, "geometry": { "type": "Point", "coordinates": [ -46.3267598, -23.3786203 ] } },
{ "type": "Feature", "properties": { "CNPJ": "02643917000130", "IDCIDADE": "ARUJA", "NOMEFANTASIA": "SAO JOSE", "RAZAOSOCIAL": "MERCEARIA SOUZAS LTDA", "ENDEE": "RAILDA ALVES DE OLIVEIRA, 337, PARQUE RODRIGO BARRETO, 07417-265, ARUJÁ_07417-265", "LATITUDE": "-23.3788197", "LONGITUDE": "-46.3288427", "LMAPS": "https://www.google.com/maps?q=&layer=c&cbll=-46.3288427,-23.3788197", "O_QUE_FAZER": "FINALIZADO", "ER_REGIAO_CIDADE_min": "Arujá_Alto Tietê" }, "geometry": { "type": "Point", "coordinates": [ -46.3288427, -23.3788197 ] } },
{ "type": "Feature", "properties": { "CNPJ": "62438958000116", "IDCIDADE": "ARUJA", "NOMEFANTASIA": "BRECHO_BOSS_BELCHIOR", "RAZAOSOCIAL": "BRECHO_BOSS_BELCHIOR", "ENDEE": "AVENIDA_RAILDA_ALVES_DE_OLIVEIRA__156_07417-265", "LATITUDE": "-23.3786111", "LONGITUDE": "-46.3270099", "LMAPS": "https://www.google.com/maps?q=&layer=c&cbll=-46.3270099,-23.3786111", "O_QUE_FAZER": "FINALIZADO", "ER_REGIAO_CIDADE_min": "Arujá_Alto Tietê" }, "geometry": { "type": "Point", "coordinates": [ -46.3270099, -23.3786111 ] } },
{ "type": "Feature", "properties": { "CNPJ": "60892421000104", "IDCIDADE": "ARUJA", "NOMEFANTASIA": "MOVE_CENTRO_AUTOMOTIVO", "RAZAOSOCIAL": "MOVE_CENTRO_AUTOMOTIVO", "ENDEE": "BENEDITO_PALMIRO_RODRIGUES95__PARQUE_RODRIGO_BARRETO_07417-285", "LATITUDE": "-23.3780274", "LONGITUDE": "-46.3316738", "LMAPS": "https://www.google.com/maps?q=&layer=c&cbll=-46.3316738,-23.3780274", "O_QUE_FAZER": "FINALIZADO", "ER_REGIAO_CIDADE_min": "Arujá_Alto Tietê" }, "geometry": { "type": "Point", "coordinates": [ -46.3316738, -23.3780274 ] } },
{ "type": "Feature", "properties": { "CNPJ": "54317594000198", "IDCIDADE": "ARUJA", "NOMEFANTASIA": "CRS_DETAIL", "RAZAOSOCIAL": "CRS_DETAIL", "ENDEE": "SEBASTIAO_MARTINS_GUIMARAES185__PARQUE_RODRIGO_BARRETO_07417-290", "LATITUDE": "-23.377698", "LONGITUDE": "-46.3271762", "LMAPS": "https://www.google.com/maps?q=&layer=c&cbll=-46.3271762,-23.377698", "O_QUE_FAZER": "FINALIZADO", "ER_REGIAO_CIDADE_min": "Arujá_Alto Tietê" }, "geometry": { "type": "Point", "coordinates": [ -46.3271762, -23.377698 ] } },
{ "type": "Feature", "properties": { "CNPJ": "53767909000136", "IDCIDADE": "ARUJA", "NOMEFANTASIA": "IZAIAS_MECANICA_GERAL", "RAZAOSOCIAL": "IZAIAS_MECANICA_GERAL", "ENDEE": "SEBASTIAO_MARTINS_GUIMARAES260__PARQUE_RODRIGO_BARRETO_07417-290", "LATITUDE": "-23.3773664", "LONGITUDE": "-46.3273904", "LMAPS": "https://www.google.com/maps?q=&layer=c&cbll=-46.3273904,-23.3773664", "O_QUE_FAZER": "FINALIZADO", "ER_REGIAO_CIDADE_min": "Arujá_Alto Tietê" }, "geometry": { "type": "Point", "coordinates": [ -46.3273904, -23.3773664 ] } },
{ "type": "Feature", "properties": { "CNPJ": "56091775000174", "IDCIDADE": "ARUJA", "NOMEFANTASIA": "BRABUS_MODA_E_ACESSORIOS", "RAZAOSOCIAL": "BRABUS_MODA_E_ACESSORIOS", "ENDEE": "SOLDADO_EDSON_DE_PAULA_E_SILVA17__PARQUE_RODRIGO_BARRETO_07417-295", "LATITUDE": "-23.3821943", "LONGITUDE": "-46.3197872", "LMAPS": "https://www.google.com/maps?q=&layer=c&cbll=-46.3197872,-23.3821943", "O_QUE_FAZER": "FINALIZADO", "ER_REGIAO_CIDADE_min": "Arujá_Alto Tietê" }, "geometry": { "type": "Point", "coordinates": [ -46.3197872, -23.3821943 ] } },
{ "type": "Feature", "properties": { "CNPJ": "23561318000147", "IDCIDADE": "ARUJA", "NOMEFANTASIA": "AR_E_FER", "RAZAOSOCIAL": "AR_E_FER", "ENDEE": "ARMANDO_COLANGELO1131__PARQUE_RODRIGO_BARRETO_07417-305", "LATITUDE": "-23.3781689", "LONGITUDE": "-46.3251275", "LMAPS": "https://www.google.com/maps?q=&layer=c&cbll=-46.3251275,-23.3781689", "O_QUE_FAZER": "FINALIZADO", "ER_REGIAO_CIDADE_min": "Arujá_Alto Tietê" }, "geometry": { "type": "Point", "coordinates": [ -46.3251275, -23.3781689 ] } },
{ "type": "Feature", "properties": { "CNPJ": "65159993000194", "IDCIDADE": "ARUJA", "NOMEFANTASIA": "DOCE_PATINHA", "RAZAOSOCIAL": "DOCE_PATINHA", "ENDEE": "ARMANDO_COLANGELO1191__PARQUE_RODRIGO_BARRETO_07417-305", "LATITUDE": "-23.3870732", "LONGITUDE": "-46.3260408", "LMAPS": "https://www.google.com/maps?q=&layer=c&cbll=-46.3260408,-23.3870732", "O_QUE_FAZER": "FINALIZADO", "ER_REGIAO_CIDADE_min": "Arujá_Alto Tietê" }, "geometry": { "type": "Point", "coordinates": [ -46.3260408, -23.3870732 ] } },
{ "type": "Feature", "properties": { "CNPJ": "37818352000169", "IDCIDADE": "ARUJA", "NOMEFANTASIA": "CT_TIME_FALCAO", "RAZAOSOCIAL": "CT_TIME_FALCAO", "ENDEE": "ARMANDO_COLANGELO1219__PARQUE_RODRIGO_BARRETO_07417-305", "LATITUDE": "-23.3869009", "LONGITUDE": "-46.326057", "LMAPS": "https://www.google.com/maps?q=&layer=c&cbll=-46.326057,-23.3869009", "O_QUE_FAZER": "FINALIZADO", "ER_REGIAO_CIDADE_min": "Arujá_Alto Tietê" }, "geometry": { "type": "Point", "coordinates": [ -46.326057, -23.3869009 ] } },
{ "type": "Feature", "properties": { "CNPJ": "44498177000135", "IDCIDADE": "ARUJA", "NOMEFANTASIA": "TAPECARIA_RC", "RAZAOSOCIAL": "TAPECARIA_RC", "ENDEE": "ARMANDO_COLANGELO1220__PARQUE_RODRIGO_BARRETO_07417-305", "LATITUDE": "-23.3868069", "LONGITUDE": "-46.3258734", "LMAPS": "https://www.google.com/maps?q=&layer=c&cbll=-46.3258734,-23.3868069", "O_QUE_FAZER": "FINALIZADO", "ER_REGIAO_CIDADE_min": "Arujá_Alto Tietê" }, "geometry": { "type": "Point", "coordinates": [ -46.3258734, -23.3868069 ] } },
{ "type": "Feature", "properties": { "CNPJ": "61749794000185", "IDCIDADE": "ARUJA", "NOMEFANTASIA": "LION_JIREH", "RAZAOSOCIAL": "LION_JIREH", "ENDEE": "ARMANDO_COLANGELO1280__PARQUE_RODRIGO_BARRETO_07417-305", "LATITUDE": "-23.3862655", "LONGITUDE": "-46.3257214", "LMAPS": "https://www.google.com/maps?q=&layer=c&cbll=-46.3257214,-23.3862655", "O_QUE_FAZER": "FINALIZADO", "ER_REGIAO_CIDADE_min": "Arujá_Alto Tietê" }, "geometry": { "type": "Point", "coordinates": [ -46.3257214, -23.3862655 ] } },
{ "type": "Feature", "properties": { "CNPJ": "65161019000165", "IDCIDADE": "ARUJA", "NOMEFANTASIA": "TEM_TUDO_PRESENTES_E_VARIEDADES", "RAZAOSOCIAL": "TEM_TUDO_PRESENTES_E_VARIEDADES", "ENDEE": "ARMANDO_COLANGELO1291__PARQUE_RODRIGO_BARRETO_07417-305", "LATITUDE": "-23.3861941", "LONGITUDE": "-46.3260735", "LMAPS": "https://www.google.com/maps?q=&layer=c&cbll=-46.3260735,-23.3861941", "O_QUE_FAZER": "FINALIZADO", "ER_REGIAO_CIDADE_min": "Arujá_Alto Tietê" }, "geometry": { "type": "Point", "coordinates": [ -46.3260735, -23.3861941 ] } },
{ "type": "Feature", "properties": { "CNPJ": "46689581000111", "IDCIDADE": "ARUJA", "NOMEFANTASIA": "RCJ_INFORCELL", "RAZAOSOCIAL": "RCJ_INFORCELL", "ENDEE": "ARMANDO_COLANGELO1302__PARQUE_RODRIGO_BARRETO_07417-305", "LATITUDE": "-23.3860745", "LONGITUDE": "-46.3258183", "LMAPS": "https://www.google.com/maps?q=&layer=c&cbll=-46.3258183,-23.3860745", "O_QUE_FAZER": "FINALIZADO", "ER_REGIAO_CIDADE_min": "Arujá_Alto Tietê" }, "geometry": { "type": "Point", "coordinates": [ -46.3258183, -23.3860745 ] } },
{ "type": "Feature", "properties": { "CNPJ": "65018076000190", "IDCIDADE": "ARUJA", "NOMEFANTASIA": "DOUTOR_FARMA", "RAZAOSOCIAL": "DOUTOR_FARMA", "ENDEE": "ARMANDO_COLANGELO1331__PARQUE_RODRIGO_BARRETO_07417-305", "LATITUDE": "-23.3858019", "LONGITUDE": "-46.3260832", "LMAPS": "https://www.google.com/maps?q=&layer=c&cbll=-46.3260832,-23.3858019", "O_QUE_FAZER": "FINALIZADO", "ER_REGIAO_CIDADE_min": "Arujá_Alto Tietê" }, "geometry": { "type": "Point", "coordinates": [ -46.3260832, -23.3858019 ] } },
{ "type": "Feature", "properties": { "CNPJ": "63211275000194", "IDCIDADE": "ARUJA", "NOMEFANTASIA": "NEUZA_VIEIRA_MODA_&_ACESSORIOS", "RAZAOSOCIAL": "NEUZA_VIEIRA_MODA_&_ACESSORIOS", "ENDEE": "ARMANDO_COLANGELO1340__PARQUE_RODRIGO_BARRETO_07417-305", "LATITUDE": "-23.3857267", "LONGITUDE": "-46.3256466", "LMAPS": "https://www.google.com/maps?q=&layer=c&cbll=-46.3256466,-23.3857267", "O_QUE_FAZER": "FINALIZADO", "ER_REGIAO_CIDADE_min": "Arujá_Alto Tietê" }, "geometry": { "type": "Point", "coordinates": [ -46.3256466, -23.3857267 ] } },
{ "type": "Feature", "properties": { "CNPJ": "63378887000176", "IDCIDADE": "ARUJA", "NOMEFANTASIA": "MONSTER_FITINESS_STORE", "RAZAOSOCIAL": "MONSTER_FITINESS_STORE", "ENDEE": "ARMANDO_COLANGELO1350__PARQUE_RODRIGO_BARRETO_07417-305", "LATITUDE": "-23.3856509", "LONGITUDE": "-46.3257236", "LMAPS": "https://www.google.com/maps?q=&layer=c&cbll=-46.3257236,-23.3856509", "O_QUE_FAZER": "FINALIZADO", "ER_REGIAO_CIDADE_min": "Arujá_Alto Tietê" }, "geometry": { "type": "Point", "coordinates": [ -46.3257236, -23.3856509 ] } },
{ "type": "Feature", "properties": { "CNPJ": "51884738000108", "IDCIDADE": "ARUJA", "NOMEFANTASIA": "WORD_CAR", "RAZAOSOCIAL": "WORD_CAR", "ENDEE": "ARMANDO_COLANGELO1451__PARQUE_RODRIGO_BARRETO_07417-305", "LATITUDE": "-23.38469", "LONGITUDE": "-46.3259993", "LMAPS": "https://www.google.com/maps?q=&layer=c&cbll=-46.3259993,-23.38469", "O_QUE_FAZER": "FINALIZADO", "ER_REGIAO_CIDADE_min": "Arujá_Alto Tietê" }, "geometry": { "type": "Point", "coordinates": [ -46.3259993, -23.38469 ] } },
{ "type": "Feature", "properties": { "CNPJ": "07476994000166", "IDCIDADE": "ARUJA", "NOMEFANTASIA": "AUTO_MECANICA_E_ELETRICA_FABIO", "RAZAOSOCIAL": "AUTO_MECANICA_E_ELETRICA_FABIO", "ENDEE": "ARMANDO_COLANGELO1465__PARQUE_RODRIGO_BARRETO_07417-305", "LATITUDE": "-23.384481", "LONGITUDE": "-46.3259343", "LMAPS": "https://www.google.com/maps?q=&layer=c&cbll=-46.3259343,-23.384481", "O_QUE_FAZER": "FINALIZADO", "ER_REGIAO_CIDADE_min": "Arujá_Alto Tietê" }, "geometry": { "type": "Point", "coordinates": [ -46.3259343, -23.384481 ] } },
{ "type": "Feature", "properties": { "CNPJ": "32613254000171", "IDCIDADE": "ARUJA", "NOMEFANTASIA": "RESTAURANTE_MANOS", "RAZAOSOCIAL": "RESTAURANTE_MANOS", "ENDEE": "ARMANDO_COLANGELO1499__PARQUE_RODRIGO_BARRETO_07417-305", "LATITUDE": "-23.3842628", "LONGITUDE": "-46.3259345", "LMAPS": "https://www.google.com/maps?q=&layer=c&cbll=-46.3259345,-23.3842628", "O_QUE_FAZER": "FINALIZADO", "ER_REGIAO_CIDADE_min": "Arujá_Alto Tietê" }, "geometry": { "type": "Point", "coordinates": [ -46.3259345, -23.3842628 ] } },
{ "type": "Feature", "properties": { "CNPJ": "57371492000149", "IDCIDADE": "ARUJA", "NOMEFANTASIA": "VAL_COSMETICOS_&_PERFUMARIA", "RAZAOSOCIAL": "VAL_COSMETICOS_&_PERFUMARIA", "ENDEE": "ARMANDO_COLANGELO1539__PARQUE_RODRIGO_BARRETO_07417-305", "LATITUDE": "-23.3839142", "LONGITUDE": "-46.3259762", "LMAPS": "https://www.google.com/maps?q=&layer=c&cbll=-46.3259762,-23.3839142", "O_QUE_FAZER": "FINALIZADO", "ER_REGIAO_CIDADE_min": "Arujá_Alto Tietê" }, "geometry": { "type": "Point", "coordinates": [ -46.3259762, -23.3839142 ] } },
{ "type": "Feature", "properties": { "CNPJ": "62604017000105", "IDCIDADE": "ARUJA", "NOMEFANTASIA": "MATHEUS_SOBRAL", "RAZAOSOCIAL": "MATHEUS_SOBRAL", "ENDEE": "ARMANDO_COLANGELO1589__PARQUE_RODRIGO_BARRETO_07417-305", "LATITUDE": "-23.3834411", "LONGITUDE": "-46.3260167", "LMAPS": "https://www.google.com/maps?q=&layer=c&cbll=-46.3260167,-23.3834411", "O_QUE_FAZER": "FINALIZADO", "ER_REGIAO_CIDADE_min": "Arujá_Alto Tietê" }, "geometry": { "type": "Point", "coordinates": [ -46.3260167, -23.3834411 ] } },
{ "type": "Feature", "properties": { "CNPJ": "64848123000160", "IDCIDADE": "ARUJA", "NOMEFANTASIA": "DAMIANA_FRAGOSO", "RAZAOSOCIAL": "DAMIANA_FRAGOSO", "ENDEE": "ARMANDO_COLANGELO1589__PARQUE_RODRIGO_BARRETO_07417-305", "LATITUDE": "-23.3834411", "LONGITUDE": "-46.3260167", "LMAPS": "https://www.google.com/maps?q=&layer=c&cbll=-46.3260167,-23.3834411", "O_QUE_FAZER": "FINALIZADO", "ER_REGIAO_CIDADE_min": "Arujá_Alto Tietê" }, "geometry": { "type": "Point", "coordinates": [ -46.3260167, -23.3834411 ] } },
{ "type": "Feature", "properties": { "CNPJ": "54504375000118", "IDCIDADE": "ARUJA", "NOMEFANTASIA": "DIDDY_MOTO_PECAS", "RAZAOSOCIAL": "DIDDY_MOTO_PECAS", "ENDEE": "ARMANDO_COLANGELO1785__PARQUE_RODRIGO_BARRETO_07417-305", "LATITUDE": "-23.3816817", "LONGITUDE": "-46.3258624", "LMAPS": "https://www.google.com/maps?q=&layer=c&cbll=-46.3258624,-23.3816817", "O_QUE_FAZER": "FINALIZADO", "ER_REGIAO_CIDADE_min": "Arujá_Alto Tietê" }, "geometry": { "type": "Point", "coordinates": [ -46.3258624, -23.3816817 ] } },
{ "type": "Feature", "properties": { "CNPJ": "64943302000186", "IDCIDADE": "ARUJA", "NOMEFANTASIA": "ARUJA_BEBIDAS", "RAZAOSOCIAL": "ARUJA_BEBIDAS", "ENDEE": "ARMANDO_COLANGELO1859__PARQUE_RODRIGO_BARRETO_07417-305", "LATITUDE": "-23.3813389", "LONGITUDE": "-46.3258426", "LMAPS": "https://www.google.com/maps?q=&layer=c&cbll=-46.3258426,-23.3813389", "O_QUE_FAZER": "FINALIZADO", "ER_REGIAO_CIDADE_min": "Arujá_Alto Tietê" }, "geometry": { "type": "Point", "coordinates": [ -46.3258426, -23.3813389 ] } },
{ "type": "Feature", "properties": { "CNPJ": "31433313000167", "IDCIDADE": "ARUJA", "NOMEFANTASIA": "WJ_FILMES_E_ACESSORIOS", "RAZAOSOCIAL": "WJ_FILMES_E_ACESSORIOS", "ENDEE": "ARMANDO_COLANGELO1885__PARQUE_RODRIGO_BARRETO_07417-305", "LATITUDE": "-23.3808006", "LONGITUDE": "-46.3257838", "LMAPS": "https://www.google.com/maps?q=&layer=c&cbll=-46.3257838,-23.3808006", "O_QUE_FAZER": "FINALIZADO", "ER_REGIAO_CIDADE_min": "Arujá_Alto Tietê" }, "geometry": { "type": "Point", "coordinates": [ -46.3257838, -23.3808006 ] } },
{ "type": "Feature", "properties": { "CNPJ": "17292420000191", "IDCIDADE": "ARUJA", "NOMEFANTASIA": "AUTO_ESTIMA_MODA_E_BELEZA", "RAZAOSOCIAL": "AUTO_ESTIMA_MODA_E_BELEZA", "ENDEE": "ARMANDO_COLANGELO1925__PARQUE_RODRIGO_BARRETO_07417-305", "LATITUDE": "-23.3804962", "LONGITUDE": "-46.3257875", "LMAPS": "https://www.google.com/maps?q=&layer=c&cbll=-46.3257875,-23.3804962", "O_QUE_FAZER": "FINALIZADO", "ER_REGIAO_CIDADE_min": "Arujá_Alto Tietê" }, "geometry": { "type": "Point", "coordinates": [ -46.3257875, -23.3804962 ] } },
{ "type": "Feature", "properties": { "CNPJ": "51147439000182", "IDCIDADE": "ARUJA", "NOMEFANTASIA": "NATURAL_SAUDE", "RAZAOSOCIAL": "NATURAL_SAUDE", "ENDEE": "ARMANDO_COLANGELO1991__PARQUE_RODRIGO_BARRETO_07417-305", "LATITUDE": "-23.3799184", "LONGITUDE": "-46.3257797", "LMAPS": "https://www.google.com/maps?q=&layer=c&cbll=-46.3257797,-23.3799184", "O_QUE_FAZER": "FINALIZADO", "ER_REGIAO_CIDADE_min": "Arujá_Alto Tietê" }, "geometry": { "type": "Point", "coordinates": [ -46.3257797, -23.3799184 ] } },
{ "type": "Feature", "properties": { "CNPJ": "02641573000120", "IDCIDADE": "ARUJA", "NOMEFANTASIA": "VIDRACARIA_SAO_CAMILO", "RAZAOSOCIAL": "VIDRACARIA_SAO_CAMILO", "ENDEE": "ARMANDO_COLANGELO2040__PARQUE_RODRIGO_BARRETO_07417-305", "LATITUDE": "-23.3793626", "LONGITUDE": "-46.3252891", "LMAPS": "https://www.google.com/maps?q=&layer=c&cbll=-46.3252891,-23.3793626", "O_QUE_FAZER": "FINALIZADO", "ER_REGIAO_CIDADE_min": "Arujá_Alto Tietê" }, "geometry": { "type": "Point", "coordinates": [ -46.3252891, -23.3793626 ] } },
{ "type": "Feature", "properties": { "CNPJ": "45481920000107", "IDCIDADE": "ARUJA", "NOMEFANTASIA": "ANGELICS_MAKE_E_ACESSORIOS", "RAZAOSOCIAL": "ANGELICS_MAKE_E_ACESSORIOS", "ENDEE": "ARMANDO_COLANGELO2100__PARQUE_RODRIGO_BARRETO_07417-305", "LATITUDE": "-23.3790489", "LONGITUDE": "-46.3253434", "LMAPS": "https://www.google.com/maps?q=&layer=c&cbll=-46.3253434,-23.3790489", "O_QUE_FAZER": "FINALIZADO", "ER_REGIAO_CIDADE_min": "Arujá_Alto Tietê" }, "geometry": { "type": "Point", "coordinates": [ -46.3253434, -23.3790489 ] } },
{ "type": "Feature", "properties": { "CNPJ": "34793318000199", "IDCIDADE": "ARUJA", "NOMEFANTASIA": "RODRICAR_COMERCIO_DE_PECAS", "RAZAOSOCIAL": "RODRICAR_COMERCIO_DE_AUTO_PECAS_LTDA", "ENDEE": "AVENIDA_ARMANDO_COLANGELO1519__PARQUE_RODRIGO_BARRETO_07417-305", "LATITUDE": "-23.3841068", "LONGITUDE": "-46.3258162", "LMAPS": "https://www.google.com/maps?q=&layer=c&cbll=-46.3258162,-23.3841068", "O_QUE_FAZER": "FINALIZADO", "ER_REGIAO_CIDADE_min": "Arujá_Alto Tietê" }, "geometry": { "type": "Point", "coordinates": [ -46.3258162, -23.3841068 ] } },
{ "type": "Feature", "properties": { "CNPJ": "18047272000102", "IDCIDADE": "ARUJA", "NOMEFANTASIA": "RICK CELL BARRETO", "RAZAOSOCIAL": "TECK CELL ACESSORIOS LTDA", "ENDEE": "ARMANDO COLANGELO, 1945, PARQUE RODRIGO BARRETO, 07417-305, ARUJÁ_07417-305", "LATITUDE": "-23.3802752", "LONGITUDE": "-46.3257865", "LMAPS": "https://www.google.com/maps?q=&layer=c&cbll=-46.3257865,-23.3802752", "O_QUE_FAZER": "FINALIZADO", "ER_REGIAO_CIDADE_min": "Arujá_Alto Tietê" }, "geometry": { "type": "Point", "coordinates": [ -46.3257865, -23.3802752 ] } },
{ "type": "Feature", "properties": { "CNPJ": "03979661000107", "IDCIDADE": "ARUJA", "NOMEFANTASIA": "COMERCIO DE DOCES NB", "RAZAOSOCIAL": "IRENE RIBEIRO GIROTTO", "ENDEE": "ARMANDO COLANGELO, 1429, PARQUE RODRIGO BARRETO, 07417-305, ARUJÁ_07417-305", "LATITUDE": "-23.3848909", "LONGITUDE": "-46.326029", "LMAPS": "https://www.google.com/maps?q=&layer=c&cbll=-46.326029,-23.3848909", "O_QUE_FAZER": "FINALIZADO", "ER_REGIAO_CIDADE_min": "Arujá_Alto Tietê" }, "geometry": { "type": "Point", "coordinates": [ -46.326029, -23.3848909 ] } },
{ "type": "Feature", "properties": { "CNPJ": "28646695000100", "IDCIDADE": "ARUJA", "NOMEFANTASIA": "RECANTO_NORDESTINO", "RAZAOSOCIAL": "RECANTO_NORDESTINO", "ENDEE": "ANTONIO_ARMANDO_JUSTICA708__PARQUE_RODRIGO_BARRETO_07417-325", "LATITUDE": "-23.3809294", "LONGITUDE": "-46.3241906", "LMAPS": "https://www.google.com/maps?q=&layer=c&cbll=-46.3241906,-23.3809294", "O_QUE_FAZER": "FINALIZADO", "ER_REGIAO_CIDADE_min": "Arujá_Alto Tietê" }, "geometry": { "type": "Point", "coordinates": [ -46.3241906, -23.3809294 ] } },
{ "type": "Feature", "properties": { "CNPJ": "29203575000193", "IDCIDADE": "ARUJA", "NOMEFANTASIA": "SUZY_MODAS_STORE", "RAZAOSOCIAL": "SUZY_MODAS_STORE", "ENDEE": "ANTONIO_ARMANDO_JUSTICA719__PARQUE_RODRIGO_BARRETO_07417-325", "LATITUDE": "-23.3809688", "LONGITUDE": "-46.3247132", "LMAPS": "https://www.google.com/maps?q=&layer=c&cbll=-46.3247132,-23.3809688", "O_QUE_FAZER": "FINALIZADO", "ER_REGIAO_CIDADE_min": "Arujá_Alto Tietê" }, "geometry": { "type": "Point", "coordinates": [ -46.3247132, -23.3809688 ] } },
{ "type": "Feature", "properties": { "CNPJ": "51562808000101", "IDCIDADE": "ARUJA", "NOMEFANTASIA": "BRILHO_TOTAL", "RAZAOSOCIAL": "BRILHO_TOTAL", "ENDEE": "ANTONIO_ARMANDO_JUSTICA745__PARQUE_RODRIGO_BARRETO_07417-325", "LATITUDE": "-23.3806458", "LONGITUDE": "-46.3249617", "LMAPS": "https://www.google.com/maps?q=&layer=c&cbll=-46.3249617,-23.3806458", "O_QUE_FAZER": "FINALIZADO", "ER_REGIAO_CIDADE_min": "Arujá_Alto Tietê" }, "geometry": { "type": "Point", "coordinates": [ -46.3249617, -23.3806458 ] } },
{ "type": "Feature", "properties": { "CNPJ": "51105126000161", "IDCIDADE": "ARUJA", "NOMEFANTASIA": "PET_MAXX", "RAZAOSOCIAL": "PET_MAXX", "ENDEE": "ANTONIO_ARMANDO_JUSTICA845__PARQUE_RODRIGO_BARRETO_07417-325", "LATITUDE": "-23.3796706", "LONGITUDE": "-46.3250734", "LMAPS": "https://www.google.com/maps?q=&layer=c&cbll=-46.3250734,-23.3796706", "O_QUE_FAZER": "FINALIZADO", "ER_REGIAO_CIDADE_min": "Arujá_Alto Tietê" }, "geometry": { "type": "Point", "coordinates": [ -46.3250734, -23.3796706 ] } },
{ "type": "Feature", "properties": { "CNPJ": "56435517000168", "IDCIDADE": "ARUJA", "NOMEFANTASIA": "STUDIO_JULIA_ALVES", "RAZAOSOCIAL": "STUDIO_JULIA_ALVES", "ENDEE": "JOSE_VELOSO_DA_SILVA360__PARQUE_RODRIGO_BARRETO_07417-375", "LATITUDE": "-23.3851103", "LONGITUDE": "-46.3256325", "LMAPS": "https://www.google.com/maps?q=&layer=c&cbll=-46.3256325,-23.3851103", "O_QUE_FAZER": "FINALIZADO", "ER_REGIAO_CIDADE_min": "Arujá_Alto Tietê" }, "geometry": { "type": "Point", "coordinates": [ -46.3256325, -23.3851103 ] } },
{ "type": "Feature", "properties": { "CNPJ": "46044778000101", "IDCIDADE": "ARUJA", "NOMEFANTASIA": "DBO_SOLUCOES", "RAZAOSOCIAL": "DBO_SOLUCOES", "ENDEE": "JOSE_VELOSO_DA_SILVA411__PARQUE_RODRIGO_BARRETO_07417-375", "LATITUDE": "-23.3853089", "LONGITUDE": "-46.3261166", "LMAPS": "https://www.google.com/maps?q=&layer=c&cbll=-46.3261166,-23.3853089", "O_QUE_FAZER": "FINALIZADO", "ER_REGIAO_CIDADE_min": "Arujá_Alto Tietê" }, "geometry": { "type": "Point", "coordinates": [ -46.3261166, -23.3853089 ] } },
{ "type": "Feature", "properties": { "CNPJ": "24230342000166", "IDCIDADE": "ARUJA", "NOMEFANTASIA": "ACADEMIA_CLASSE_A", "RAZAOSOCIAL": "ACADEMIA_DE_GINASTICA_CLASSE_A_LTDA", "ENDEE": "AVENIDA_ARMANDO_COLANGELO1054__PARQUE_RODRIGO_BARRETO_07417-380", "LATITUDE": "-23.3884383", "LONGITUDE": "-46.3259633", "LMAPS": "https://www.google.com/maps?q=&layer=c&cbll=-46.3259633,-23.3884383", "O_QUE_FAZER": "FINALIZADO", "ER_REGIAO_CIDADE_min": "Arujá_Alto Tietê" }, "geometry": { "type": "Point", "coordinates": [ -46.3259633, -23.3884383 ] } },
{ "type": "Feature", "properties": { "CNPJ": "59299970000182", "IDCIDADE": "ARUJA", "NOMEFANTASIA": "2_D_DESPACHANTE", "RAZAOSOCIAL": "2_D_DESPACHANTE", "ENDEE": "JOSE_SEVERINO_FILHO122__PARQUE_RODRIGO_BARRETO_07417-380", "LATITUDE": "-23.3878608", "LONGITUDE": "-46.3256435", "LMAPS": "https://www.google.com/maps?q=&layer=c&cbll=-46.3256435,-23.3878608", "O_QUE_FAZER": "FINALIZADO", "ER_REGIAO_CIDADE_min": "Arujá_Alto Tietê" }, "geometry": { "type": "Point", "coordinates": [ -46.3256435, -23.3878608 ] } },
{ "type": "Feature", "properties": { "CNPJ": "49798634000120", "IDCIDADE": "ARUJA", "NOMEFANTASIA": "BARBEARIA_OLIVOTTO", "RAZAOSOCIAL": "BARBEARIA_OLIVOTTO", "ENDEE": "JOSE_SEVERINO_FILHO327__PARQUE_RODRIGO_BARRETO_07417-380", "LATITUDE": "-23.3860217", "LONGITUDE": "-46.3253391", "LMAPS": "https://www.google.com/maps?q=&layer=c&cbll=-46.3253391,-23.3860217", "O_QUE_FAZER": "FINALIZADO", "ER_REGIAO_CIDADE_min": "Arujá_Alto Tietê" }, "geometry": { "type": "Point", "coordinates": [ -46.3253391, -23.3860217 ] } },
{ "type": "Feature", "properties": { "CNPJ": "57876568000198", "IDCIDADE": "ARUJA", "NOMEFANTASIA": "CASINHA_JULLY", "RAZAOSOCIAL": "CASINHA_JULLY", "ENDEE": "RUA_JOSE_SEVERINO_FILHO__72_07417-380", "LATITUDE": "-23.3882212", "LONGITUDE": "-46.3257246", "LMAPS": "https://www.google.com/maps?q=&layer=c&cbll=-46.3257246,-23.3882212", "O_QUE_FAZER": "FINALIZADO", "ER_REGIAO_CIDADE_min": "Arujá_Alto Tietê" }, "geometry": { "type": "Point", "coordinates": [ -46.3257246, -23.3882212 ] } },
{ "type": "Feature", "properties": { "CNPJ": "18867383000165", "IDCIDADE": "ARUJA", "NOMEFANTASIA": "FLOR_MORENA_CABELEIREIRA", "RAZAOSOCIAL": "FLOR_MORENA_CABELEIREIRA", "ENDEE": "JOSE_MARIA_LEANDRO_DA_SILVA420__PARQUE_RODRIGO_BARRETO_07417-510", "LATITUDE": "-23.3797269", "LONGITUDE": "-46.3197457", "LMAPS": "https://www.google.com/maps?q=&layer=c&cbll=-46.3197457,-23.3797269", "O_QUE_FAZER": "FINALIZADO", "ER_REGIAO_CIDADE_min": "Arujá_Alto Tietê" }, "geometry": { "type": "Point", "coordinates": [ -46.3197457, -23.3797269 ] } },
{ "type": "Feature", "properties": { "CNPJ": "36078407000189", "IDCIDADE": "ARUJA", "NOMEFANTASIA": "CASA_DE_RACAO__IMPERIAL", "RAZAOSOCIAL": "CASA_DE_RACAO__IMPERIAL", "ENDEE": "DA_PEINHA1077__CHACARA_BANANAL_07418-085", "LATITUDE": "-23.3951365", "LONGITUDE": "-46.3227109", "LMAPS": "https://www.google.com/maps?q=&layer=c&cbll=-46.3227109,-23.3951365", "O_QUE_FAZER": "FINALIZADO", "ER_REGIAO_CIDADE_min": "Arujá_Alto Tietê" }, "geometry": { "type": "Point", "coordinates": [ -46.3227109, -23.3951365 ] } },
{ "type": "Feature", "properties": { "CNPJ": "58079213000130", "IDCIDADE": "ARUJA", "NOMEFANTASIA": "RESTAURANTE_E_CHURRASCARIA_DA_LE", "RAZAOSOCIAL": "RESTAURANTE_E_CHURRASCARIA_DA_LE", "ENDEE": "DA_PEINHA835__CHACARA_BANANAL_07418-085", "LATITUDE": "-23.3951365", "LONGITUDE": "-46.3227109", "LMAPS": "https://www.google.com/maps?q=&layer=c&cbll=-46.3227109,-23.3951365", "O_QUE_FAZER": "FINALIZADO", "ER_REGIAO_CIDADE_min": "Arujá_Alto Tietê" }, "geometry": { "type": "Point", "coordinates": [ -46.3227109, -23.3951365 ] } },
{ "type": "Feature", "properties": { "CNPJ": "53607643000164", "IDCIDADE": "ARUJA", "NOMEFANTASIA": "ARTURAGRO", "RAZAOSOCIAL": "ARTURAGRO", "ENDEE": "DA_PEINHA921__CHACARA_BANANAL_07418-085", "LATITUDE": "-23.3951365", "LONGITUDE": "-46.3227109", "LMAPS": "https://www.google.com/maps?q=&layer=c&cbll=-46.3227109,-23.3951365", "O_QUE_FAZER": "FINALIZADO", "ER_REGIAO_CIDADE_min": "Arujá_Alto Tietê" }, "geometry": { "type": "Point", "coordinates": [ -46.3227109, -23.3951365 ] } },
{ "type": "Feature", "properties": { "CNPJ": "48279252000128", "IDCIDADE": "ARUJA", "NOMEFANTASIA": "EXCLUSIVE_TINTAA", "RAZAOSOCIAL": "EXCLUSIVE_TINTAA", "ENDEE": "BENEDITO_MANOEL_DOS_SANTOS1111__ARUJA_5_07428-205", "LATITUDE": "-23.4115428", "LONGITUDE": "-46.3251893", "LMAPS": "https://www.google.com/maps?q=&layer=c&cbll=-46.3251893,-23.4115428", "O_QUE_FAZER": "FINALIZADO", "ER_REGIAO_CIDADE_min": "Arujá_Alto Tietê" }, "geometry": { "type": "Point", "coordinates": [ -46.3251893, -23.4115428 ] } },
{ "type": "Feature", "properties": { "CNPJ": "46609765000124", "IDCIDADE": "ARUJA", "NOMEFANTASIA": "ME_AGUAS", "RAZAOSOCIAL": "ME_AGUAS", "ENDEE": "BENEDITO_MANOEL_DOS_SANTOS1297__ARUJA_5_07428-205", "LATITUDE": "-23.4130344", "LONGITUDE": "-46.3244904", "LMAPS": "https://www.google.com/maps?q=&layer=c&cbll=-46.3244904,-23.4130344", "O_QUE_FAZER": "FINALIZADO", "ER_REGIAO_CIDADE_min": "Arujá_Alto Tietê" }, "geometry": { "type": "Point", "coordinates": [ -46.3244904, -23.4130344 ] } },
{ "type": "Feature", "properties": { "CNPJ": "49403435000176", "IDCIDADE": "ARUJA", "NOMEFANTASIA": "SPAOLONZI", "RAZAOSOCIAL": "SPAOLONZI", "ENDEE": "ALBERTO_HINOTO1647__JARDIM_LIMOEIRO_07434-100", "LATITUDE": "-23.4135479", "LONGITUDE": "-46.3215713", "LMAPS": "https://www.google.com/maps?q=&layer=c&cbll=-46.3215713,-23.4135479", "O_QUE_FAZER": "FINALIZADO", "ER_REGIAO_CIDADE_min": "Arujá_Alto Tietê" }, "geometry": { "type": "Point", "coordinates": [ -46.3215713, -23.4135479 ] } },
{ "type": "Feature", "properties": { "CNPJ": "55824192000142", "IDCIDADE": "ARUJA", "NOMEFANTASIA": "BOTTEGA_MIRELA_CAMPAGNOLI", "RAZAOSOCIAL": "BOTTEGA_MIRELA_CAMPAGNOLI", "ENDEE": "ALBERTO_HINOTO1647__JARDIM_LIMOEIRO_07434-100", "LATITUDE": "-23.4135479", "LONGITUDE": "-46.3215713", "LMAPS": "https://www.google.com/maps?q=&layer=c&cbll=-46.3215713,-23.4135479", "O_QUE_FAZER": "FINALIZADO", "ER_REGIAO_CIDADE_min": "Arujá_Alto Tietê" }, "geometry": { "type": "Point", "coordinates": [ -46.3215713, -23.4135479 ] } },
{ "type": "Feature", "properties": { "CNPJ": "05022599000188", "IDCIDADE": "ARUJA", "NOMEFANTASIA": "TINTAS_SAO_MIGUEL", "RAZAOSOCIAL": "FERNANDA_CRISTINA_DIAS", "ENDEE": "ESTRADA_SANTA_ISABEL1577__CAPUTERA_07434-100", "LATITUDE": "-23.4130854", "LONGITUDE": "-46.3213741", "LMAPS": "https://www.google.com/maps?q=&layer=c&cbll=-46.3213741,-23.4130854", "O_QUE_FAZER": "FINALIZADO", "ER_REGIAO_CIDADE_min": "Arujá_Alto Tietê" }, "geometry": { "type": "Point", "coordinates": [ -46.3213741, -23.4130854 ] } },
{ "type": "Feature", "properties": { "CNPJ": "28621997000116", "IDCIDADE": "ARUJA", "NOMEFANTASIA": "DETROIT_BURGUER_SHOP", "RAZAOSOCIAL": "DETROIT_BURGUER_SHOP", "ENDEE": "RUA_JURANDIR_SANCHES_MAIOLINO__55_07434-310", "LATITUDE": "-23.4123307", "LONGITUDE": "-46.3218588", "LMAPS": "https://www.google.com/maps?q=&layer=c&cbll=-46.3218588,-23.4123307", "O_QUE_FAZER": "FINALIZADO", "ER_REGIAO_CIDADE_min": "Arujá_Alto Tietê" }, "geometry": { "type": "Point", "coordinates": [ -46.3218588, -23.4123307 ] } },
{ "type": "Feature", "properties": { "CNPJ": "06889846000100", "IDCIDADE": "ARUJA", "NOMEFANTASIA": "ESMERALDA_IMOVEIS", "RAZAOSOCIAL": "ESMERALDA_IMOVEIS", "ENDEE": "ALBERTO_HINOTO1620__VILA_PEDROSO_07434-325", "LATITUDE": "-23.4130519", "LONGITUDE": "-46.3218843", "LMAPS": "https://www.google.com/maps?q=&layer=c&cbll=-46.3218843,-23.4130519", "O_QUE_FAZER": "FINALIZADO", "ER_REGIAO_CIDADE_min": "Arujá_Alto Tietê" }, "geometry": { "type": "Point", "coordinates": [ -46.3218843, -23.4130519 ] } },
{ "type": "Feature", "properties": { "CNPJ": "07634373000163", "IDCIDADE": "ARUJA", "NOMEFANTASIA": "REI_DA_MOLDURA", "RAZAOSOCIAL": "VALDINEI_BEZERRA_DE_MELO", "ENDEE": "AVENIDA_DOS_EXPEDICIONARIOS671__JARDIM_RINCAO_07434-325", "LATITUDE": "-23.3979835", "LONGITUDE": "-46.3216936", "LMAPS": "https://www.google.com/maps?q=&layer=c&cbll=-46.3216936,-23.3979835", "O_QUE_FAZER": "FINALIZADO", "ER_REGIAO_CIDADE_min": "Arujá_Alto Tietê" }, "geometry": { "type": "Point", "coordinates": [ -46.3216936, -23.3979835 ] } },
{ "type": "Feature", "properties": { "CNPJ": "03417614000161", "IDCIDADE": "ARUJA", "NOMEFANTASIA": "STUDIO_MARCIA_MARIA", "RAZAOSOCIAL": "STUDIO_MARCIA_MARIA", "ENDEE": "DE_SANTA_ISABEL1510__VILA_PEDROSO_07435-180", "LATITUDE": "-23.4124824", "LONGITUDE": "-46.3210386", "LMAPS": "https://www.google.com/maps?q=&layer=c&cbll=-46.3210386,-23.4124824", "O_QUE_FAZER": "FINALIZADO", "ER_REGIAO_CIDADE_min": "Arujá_Alto Tietê" }, "geometry": { "type": "Point", "coordinates": [ -46.3210386, -23.4124824 ] } },
{ "type": "Feature", "properties": { "CNPJ": "27614794000130", "IDCIDADE": "ARUJA", "NOMEFANTASIA": "EL_SHADAY_BARBEARIA", "RAZAOSOCIAL": "EL_SHADAY_BARBEARIA", "ENDEE": "DE_SANTA_ISABEL1577__ARUJAZINHO_IV_07435-180", "LATITUDE": "-23.4130188", "LONGITUDE": "-46.3213048", "LMAPS": "https://www.google.com/maps?q=&layer=c&cbll=-46.3213048,-23.4130188", "O_QUE_FAZER": "FINALIZADO", "ER_REGIAO_CIDADE_min": "Arujá_Alto Tietê" }, "geometry": { "type": "Point", "coordinates": [ -46.3213048, -23.4130188 ] } },
{ "type": "Feature", "properties": { "CNPJ": "07149293000201", "IDCIDADE": "ARUJA", "NOMEFANTASIA": "FAZ_FARMA", "RAZAOSOCIAL": "FAZ_FARMA", "ENDEE": "DE_SANTA_ISABEL1604__VILA_PEDROSO_07435-180", "LATITUDE": "-23.412958", "LONGITUDE": "-46.3218101", "LMAPS": "https://www.google.com/maps?q=&layer=c&cbll=-46.3218101,-23.412958", "O_QUE_FAZER": "FINALIZADO", "ER_REGIAO_CIDADE_min": "Arujá_Alto Tietê" }, "geometry": { "type": "Point", "coordinates": [ -46.3218101, -23.412958 ] } },
{ "type": "Feature", "properties": { "CNPJ": "29425646000100", "IDCIDADE": "ARUJA", "NOMEFANTASIA": "PAULINHO_BARBEARIA", "RAZAOSOCIAL": "PAULINHO_BARBEARIA", "ENDEE": "DE_SANTA_ISABEL1612__VILA_PEDROSO_07435-180", "LATITUDE": "-23.4130543", "LONGITUDE": "-46.3218229", "LMAPS": "https://www.google.com/maps?q=&layer=c&cbll=-46.3218229,-23.4130543", "O_QUE_FAZER": "FINALIZADO", "ER_REGIAO_CIDADE_min": "Arujá_Alto Tietê" }, "geometry": { "type": "Point", "coordinates": [ -46.3218229, -23.4130543 ] } },
{ "type": "Feature", "properties": { "CNPJ": "25234846000117", "IDCIDADE": "ARUJA", "NOMEFANTASIA": "STE_INTIMATES", "RAZAOSOCIAL": "STE_INTIMATES", "ENDEE": "DE_SANTA_ISABEL1647__JARDIM_LIMOEIRO_07435-180", "LATITUDE": "-23.4135737", "LONGITUDE": "-46.3216603", "LMAPS": "https://www.google.com/maps?q=&layer=c&cbll=-46.3216603,-23.4135737", "O_QUE_FAZER": "FINALIZADO", "ER_REGIAO_CIDADE_min": "Arujá_Alto Tietê" }, "geometry": { "type": "Point", "coordinates": [ -46.3216603, -23.4135737 ] } },
{ "type": "Feature", "properties": { "CNPJ": "29134267000153", "IDCIDADE": "ARUJA", "NOMEFANTASIA": "BELL_PET", "RAZAOSOCIAL": "GIOVANNA_BELMONTE_FLORENCIO", "ENDEE": "ESTRADA_SANTA_ISABEL1480__VILA_PEDROSO_07435-180", "LATITUDE": "-23.4122446", "LONGITUDE": "-46.3209064", "LMAPS": "https://www.google.com/maps?q=&layer=c&cbll=-46.3209064,-23.4122446", "O_QUE_FAZER": "FINALIZADO", "ER_REGIAO_CIDADE_min": "Arujá_Alto Tietê" }, "geometry": { "type": "Point", "coordinates": [ -46.3209064, -23.4122446 ] } },
{ "type": "Feature", "properties": { "CNPJ": "07497242000181", "IDCIDADE": "ARUJA", "NOMEFANTASIA": "BIZUCAO", "RAZAOSOCIAL": "BIZUCAO_COMERCIO_DE_RACAO_LTDA", "ENDEE": "ESTRADA_SANTA_ISABEL1558__VILA_PEDROSO_07435-180", "LATITUDE": "-23.4127427", "LONGITUDE": "-46.3214372", "LMAPS": "https://www.google.com/maps?q=&layer=c&cbll=-46.3214372,-23.4127427", "O_QUE_FAZER": "FINALIZADO", "ER_REGIAO_CIDADE_min": "Arujá_Alto Tietê" }, "geometry": { "type": "Point", "coordinates": [ -46.3214372, -23.4127427 ] } },
{ "type": "Feature", "properties": { "CNPJ": "30762418000105", "IDCIDADE": "ARUJA", "NOMEFANTASIA": "BUTIFARRA", "RAZAOSOCIAL": "COMERCIAL_BUTIFARRA_LTDA", "ENDEE": "ESTRADA_SANTA_ISABEL1576__VILA_PEDROSO_07435-180", "LATITUDE": "-23.4090549", "LONGITUDE": "-46.3179521", "LMAPS": "https://www.google.com/maps?q=&layer=c&cbll=-46.3179521,-23.4090549", "O_QUE_FAZER": "FINALIZADO", "ER_REGIAO_CIDADE_min": "Arujá_Alto Tietê" }, "geometry": { "type": "Point", "coordinates": [ -46.3179521, -23.4090549 ] } },
{ "type": "Feature", "properties": { "CNPJ": "09077153000101", "IDCIDADE": "ARUJA", "NOMEFANTASIA": "RESTAURANTE_O_PORTUGUES", "RAZAOSOCIAL": "ROSSI_E_CHAMBEL_RESTAURANTE_LTDA", "ENDEE": "ESTRADA_SANTA_ISABEL1647__CAPUTERA_07435-180", "LATITUDE": "-23.4136933", "LONGITUDE": "-46.3218387", "LMAPS": "https://www.google.com/maps?q=&layer=c&cbll=-46.3218387,-23.4136933", "O_QUE_FAZER": "FINALIZADO", "ER_REGIAO_CIDADE_min": "Arujá_Alto Tietê" }, "geometry": { "type": "Point", "coordinates": [ -46.3218387, -23.4136933 ] } },
{ "type": "Feature", "properties": { "CNPJ": "44070637000120", "IDCIDADE": "ARUJA", "NOMEFANTASIA": "REI_DO_OLEO", "RAZAOSOCIAL": "COMERCIAL_REI_DO_OLEO_III_LTDA", "ENDEE": "PRACA_NARCISO_JOSE_LOPES138__VILA_PILAR_07435-180", "LATITUDE": "-23.3895318", "LONGITUDE": "-46.3151617", "LMAPS": "https://www.google.com/maps?q=&layer=c&cbll=-46.3151617,-23.3895318", "O_QUE_FAZER": "FINALIZADO", "ER_REGIAO_CIDADE_min": "Arujá_Alto Tietê" }, "geometry": { "type": "Point", "coordinates": [ -46.3151617, -23.3895318 ] } },
{ "type": "Feature", "properties": { "CNPJ": "43890809000149", "IDCIDADE": "ARUJA", "NOMEFANTASIA": "BB2_STORE", "RAZAOSOCIAL": "BB_DOIS_STORE_LTDA", "ENDEE": "RODOVIA_ALBERTO_HINOTO1647__VILA_PEDROSO_07435-180", "LATITUDE": "-23.41359", "LONGITUDE": "-46.3217767", "LMAPS": "https://www.google.com/maps?q=&layer=c&cbll=-46.3217767,-23.41359", "O_QUE_FAZER": "FINALIZADO", "ER_REGIAO_CIDADE_min": "Arujá_Alto Tietê" }, "geometry": { "type": "Point", "coordinates": [ -46.3217767, -23.41359 ] } },
{ "type": "Feature", "properties": { "CNPJ": "00677939000195", "IDCIDADE": "ARUJA", "NOMEFANTASIA": "MARMORARIA_PERSONAL", "RAZAOSOCIAL": "ROBERTO_H_F_BARBOSA", "ENDEE": "RODOVIA_DE_SANTA_ISABEL1920__JARDIM_LIMOEIRO_07435-180", "LATITUDE": "-23.4146534", "LONGITUDE": "-46.3246253", "LMAPS": "https://www.google.com/maps?q=&layer=c&cbll=-46.3246253,-23.4146534", "O_QUE_FAZER": "FINALIZADO", "ER_REGIAO_CIDADE_min": "Arujá_Alto Tietê" }, "geometry": { "type": "Point", "coordinates": [ -46.3246253, -23.4146534 ] } },
{ "type": "Feature", "properties": { "CNPJ": "59386417000187", "IDCIDADE": "ARUJA", "NOMEFANTASIA": "A FERRAGISTA DE ARUJA", "RAZAOSOCIAL": "A FERRAGISTA DE ARUJA LTDA.", "ENDEE": "DE SANTA ISABEL, 1501, ARUJAZINHO IV, 07435-180, ARUJÁ_07435-180", "LATITUDE": "-23.4125838", "LONGITUDE": "-46.3205645", "LMAPS": "https://www.google.com/maps?q=&layer=c&cbll=-46.3205645,-23.4125838", "O_QUE_FAZER": "FINALIZADO", "ER_REGIAO_CIDADE_min": "Arujá_Alto Tietê" }, "geometry": { "type": "Point", "coordinates": [ -46.3205645, -23.4125838 ] } },
{ "type": "Feature", "properties": { "CNPJ": "49920064000108", "IDCIDADE": "ARUJA", "NOMEFANTASIA": "MARI_FLOR", "RAZAOSOCIAL": "MARI_FLOR", "ENDEE": "RUA_SILVINA_DE_CAMARGO__122_07402-135", "LATITUDE": "-23.3970709", "LONGITUDE": "-46.3195583", "LMAPS": "https://www.google.com/maps?q=&layer=c&cbll=-46.3195583,-23.3970709", "O_QUE_FAZER": "FINALIZADO", "ER_REGIAO_CIDADE_min": "Arujá_Alto Tietê" }, "geometry": { "type": "Point", "coordinates": [ -46.3195583, -23.3970709 ] } },
{ "type": "Feature", "properties": { "CNPJ": "42482403000164", "IDCIDADE": "ARUJA", "NOMEFANTASIA": "COSTUREIRA_CHEIA", "RAZAOSOCIAL": "COSTUREIRA_CHEIA", "ENDEE": "ESTRADA_RAILDA_ALVES_DE_OLIVEIRA__3209_07417-265", "LATITUDE": "-23.379316", "LONGITUDE": "-46.314549", "LMAPS": "https://www.google.com/maps?q=&layer=c&cbll=-46.314549,-23.379316", "O_QUE_FAZER": "FINALIZADO", "ER_REGIAO_CIDADE_min": "Arujá_Alto Tietê" }, "geometry": { "type": "Point", "coordinates": [ -46.314549, -23.379316 ] } },
{ "type": "Feature", "properties": { "CNPJ": "53778263000192", "IDCIDADE": "BILAC", "NOMEFANTASIA": "-", "RAZAOSOCIAL": "INGRID CALDARONE CARILLO SERVICOS LTDA", "ENDEE": "AVENIDA_HANS OSSAMU SUZUKI_172_ARUJAMERICA_07403-000_CAPIVARI_DA_MATA", "LATITUDE": "-23.3958589", "LONGITUDE": "-46.3102558", "LMAPS": "https://www.google.com/maps?q=&layer=c&cbll=-23.3958589,-46.3102558", "O_QUE_FAZER": "FINALIZADO", "ER_REGIAO_CIDADE_min": "Arujá_Alto Tietê" }, "geometry": { "type": "Point", "coordinates": [ -46.3102558, -23.3958589 ] } },
{ "type": "Feature", "properties": { "CNPJ": "48273761000143", "IDCIDADE": "ARUJÁ", "NOMEFANTASIA": "ARUJÁ CAFÉ CARAMELLO", "RAZAOSOCIAL": "ARUJÁ CAFÉ CARAMELLO", "ENDEE": "DAS LARANJEIRAS, 115, ARUJÁ COUNTRY CLUB, ARUJÁ", "LATITUDE": "-23.4236223", "LONGITUDE": "-46.3259184", "LMAPS": "https://www.google.com/maps?q=&layer=c&cbll=-23.4236223,-46.3259184", "O_QUE_FAZER": "FINALIZADO", "ER_REGIAO_CIDADE_min": "Arujá_Alto Tietê" }, "geometry": { "type": "Point", "coordinates": [ -46.3259184, -23.4236223 ] } },
{ "type": "Feature", "properties": { "CNPJ": "03084259000156", "IDCIDADE": "ARUJA", "NOMEFANTASIA": "USIFORT_-_INDUSTRIA_DE_PECAS_LTDA", "RAZAOSOCIAL": "USIFORT_-_INDUSTRIA_DE_PECAS_LTDA", "ENDEE": "AVENIDA_ADILIA_BARBOSA_NEVES3800__BAIRRO_FONTE_07400-015", "LATITUDE": "-23.4102939", "LONGITUDE": "-46.3637293", "LMAPS": "https://www.google.com/maps?q=&layer=c&cbll=-46.3637293,-23.4102939", "O_QUE_FAZER": "FINALIZADO", "ER_REGIAO_CIDADE_min": "Arujá_Alto Tietê" }, "geometry": { "type": "Point", "coordinates": [ -46.3637293, -23.4102939 ] } },
{ "type": "Feature", "properties": { "CNPJ": "35675663000190", "IDCIDADE": "ARUJA", "NOMEFANTASIA": "DFA_MATERIAIS_PARA_CONSTRUCAO_LTDA", "RAZAOSOCIAL": "DFA_BLOCOS", "ENDEE": "RUA_BUENOS_AIRES168__JARDIM_RINCAO_07400-385", "LATITUDE": "-23.4011129", "LONGITUDE": "-46.3231642", "LMAPS": "https://www.google.com/maps?q=&layer=c&cbll=-46.3231642,-23.4011129", "O_QUE_FAZER": "FINALIZADO", "ER_REGIAO_CIDADE_min": "Arujá_Alto Tietê" }, "geometry": { "type": "Point", "coordinates": [ -46.3231642, -23.4011129 ] } },
{ "type": "Feature", "properties": { "CNPJ": "38298622000110", "IDCIDADE": "ARUJA", "NOMEFANTASIA": "E._MOREIRA_FISIOTERAPIA", "RAZAOSOCIAL": "CLINICA_DE_FISIOTERAPIA", "ENDEE": "AVENIDA_DOS_EXPEDICIONARIOS1056__VILA_FLORA_REGINA_07400-490", "LATITUDE": "-23.3956153", "LONGITUDE": "-46.3232669", "LMAPS": "https://www.google.com/maps?q=&layer=c&cbll=-46.3232669,-23.3956153", "O_QUE_FAZER": "FINALIZADO", "ER_REGIAO_CIDADE_min": "Arujá_Alto Tietê" }, "geometry": { "type": "Point", "coordinates": [ -46.3232669, -23.3956153 ] } },
{ "type": "Feature", "properties": { "CNPJ": "50219512000111", "IDCIDADE": "ARUJA", "NOMEFANTASIA": "50.219.512_MARIANA_RUBIA_NEVES", "RAZAOSOCIAL": "MARIANA_RUBIA_NEVES", "ENDEE": "RUA_PRUDENTE_DE_MORAES105__VILA_FLORA_REGINA_07400-500", "LATITUDE": "-23.3963982", "LONGITUDE": "-46.3224095", "LMAPS": "https://www.google.com/maps?q=&layer=c&cbll=-46.3224095,-23.3963982", "O_QUE_FAZER": "FINALIZADO", "ER_REGIAO_CIDADE_min": "Arujá_Alto Tietê" }, "geometry": { "type": "Point", "coordinates": [ -46.3224095, -23.3963982 ] } },
{ "type": "Feature", "properties": { "CNPJ": "41676857000103", "IDCIDADE": "ARUJA", "NOMEFANTASIA": "MOOV_CONSULTORIA_E_CORRETAGEM_DE_SEGUROS_LTDA", "RAZAOSOCIAL": "MOOV", "ENDEE": "AVENIDA_JOAO_MANOEL600__CENTRO_07400-610", "LATITUDE": "-23.3950316", "LONGITUDE": "-46.3284077", "LMAPS": "https://www.google.com/maps?q=&layer=c&cbll=-46.3284077,-23.3950316", "O_QUE_FAZER": "FINALIZADO", "ER_REGIAO_CIDADE_min": "Arujá_Alto Tietê" }, "geometry": { "type": "Point", "coordinates": [ -46.3284077, -23.3950316 ] } },
{ "type": "Feature", "properties": { "CNPJ": "46238877000116", "IDCIDADE": "ARUJA", "NOMEFANTASIA": "GARCIA_GESTAO_E_PRESTACAO_DE_SERVICOS_LTDA", "RAZAOSOCIAL": "46.238.877_FABRICIO_GARCIA_DOS_SANTOS", "ENDEE": "RUA_OTHELO_MELECKCEVISKS188__ARUJA_CENTER_VILLE_07401-080", "LATITUDE": "-23.3880779", "LONGITUDE": "-46.324966", "LMAPS": "https://www.google.com/maps?q=&layer=c&cbll=-46.324966,-23.3880779", "O_QUE_FAZER": "FINALIZADO", "ER_REGIAO_CIDADE_min": "Arujá_Alto Tietê" }, "geometry": { "type": "Point", "coordinates": [ -46.324966, -23.3880779 ] } },
{ "type": "Feature", "properties": { "CNPJ": "42510979000198", "IDCIDADE": "ARUJA", "NOMEFANTASIA": "DEALER_COMUNICACAO_VISUAL_LTDA", "RAZAOSOCIAL": "DEALER_COMUNICACAO_VISUAL_LTDA", "ENDEE": "RUA_SERGIO_SALEH_RIMAN234__ARUJA_CENTER_VILLE_07401-105", "LATITUDE": "-23.3921628", "LONGITUDE": "-46.3249424", "LMAPS": "https://www.google.com/maps?q=&layer=c&cbll=-46.3249424,-23.3921628", "O_QUE_FAZER": "FINALIZADO", "ER_REGIAO_CIDADE_min": "Arujá_Alto Tietê" }, "geometry": { "type": "Point", "coordinates": [ -46.3249424, -23.3921628 ] } },
{ "type": "Feature", "properties": { "CNPJ": "42842852000176", "IDCIDADE": "ARUJA", "NOMEFANTASIA": "ANIELE_PEREIRA_DA_SILVA_11606345729", "RAZAOSOCIAL": "ANIELE_PEREIRA_DA_SILVA", "ENDEE": "RUA_PRESTES_MAIA187__VILA_RIMAN_07401-330", "LATITUDE": "-23.3913805", "LONGITUDE": "-46.3225465", "LMAPS": "https://www.google.com/maps?q=&layer=c&cbll=-46.3225465,-23.3913805", "O_QUE_FAZER": "FINALIZADO", "ER_REGIAO_CIDADE_min": "Arujá_Alto Tietê" }, "geometry": { "type": "Point", "coordinates": [ -46.3225465, -23.3913805 ] } },
{ "type": "Feature", "properties": { "CNPJ": "34071424000169", "IDCIDADE": "ARUJA", "NOMEFANTASIA": "34.071.424_CAIO_HIKARI_TAMADA_YOKOYAMA", "RAZAOSOCIAL": "CAIO_HIKARI_TAMADA_YOKOYAMA", "ENDEE": "ESTRADA_ZENCURO_TAMADA0__VILA_PILAR_07401-680", "LATITUDE": "-23.3872943", "LONGITUDE": "-46.318102", "LMAPS": "https://www.google.com/maps?q=&layer=c&cbll=-46.318102,-23.3872943", "O_QUE_FAZER": "FINALIZADO", "ER_REGIAO_CIDADE_min": "Arujá_Alto Tietê" }, "geometry": { "type": "Point", "coordinates": [ -46.318102, -23.3872943 ] } },
{ "type": "Feature", "properties": { "CNPJ": "45941559000154", "IDCIDADE": "ARUJA", "NOMEFANTASIA": "RAFAELA_FERNANDA_DA_SILVA_32629330826", "RAZAOSOCIAL": "RAFAELA_FERNANDA_DA_SILVA_32629330826", "ENDEE": "RUA_BORBA_GATO28__VILA_LIMA_07402-125", "LATITUDE": "-23.3949913", "LONGITUDE": "-46.3219462", "LMAPS": "https://www.google.com/maps?q=&layer=c&cbll=-46.3219462,-23.3949913", "O_QUE_FAZER": "FINALIZADO", "ER_REGIAO_CIDADE_min": "Arujá_Alto Tietê" }, "geometry": { "type": "Point", "coordinates": [ -46.3219462, -23.3949913 ] } },
{ "type": "Feature", "properties": { "CNPJ": "48794248000106", "IDCIDADE": "ARUJA", "NOMEFANTASIA": "C.C.D.S.FREITAS_COMERCIO", "RAZAOSOCIAL": "C.C.D.S.FREITAS_COMERCIO", "ENDEE": "RUA_SILVINA_DE_CAMARGO120__VILA_LIMA_II_07402-135", "LATITUDE": "-23.3951707", "LONGITUDE": "-46.3160045", "LMAPS": "https://www.google.com/maps?q=&layer=c&cbll=-46.3160045,-23.3951707", "O_QUE_FAZER": "FINALIZADO", "ER_REGIAO_CIDADE_min": "Arujá_Alto Tietê" }, "geometry": { "type": "Point", "coordinates": [ -46.3160045, -23.3951707 ] } },
{ "type": "Feature", "properties": { "CNPJ": "11156279000113", "IDCIDADE": "ARUJA", "NOMEFANTASIA": "AW_PRINT_GRAFICA_E_EDITORA_LTDA", "RAZAOSOCIAL": "AW_PRINT", "ENDEE": "RUA_MARANHAO209__JARDIM_PLANALTO_07402-165", "LATITUDE": "-23.396225", "LONGITUDE": "-46.318546", "LMAPS": "https://www.google.com/maps?q=&layer=c&cbll=-46.318546,-23.396225", "O_QUE_FAZER": "FINALIZADO", "ER_REGIAO_CIDADE_min": "Arujá_Alto Tietê" }, "geometry": { "type": "Point", "coordinates": [ -46.318546, -23.396225 ] } },
{ "type": "Feature", "properties": { "CNPJ": "29953228000188", "IDCIDADE": "ARUJA", "NOMEFANTASIA": "LILLIAN_CRISTINA_DIAS_MARTINS_FERNANDES_27868548819", "RAZAOSOCIAL": "LUNA_PET_SHOP_LTDA", "ENDEE": "RUA_MINAS_GERAIS295__JARDIM_PLANALTO_07402-205", "LATITUDE": "-23.3995867", "LONGITUDE": "-46.3160196", "LMAPS": "https://www.google.com/maps?q=&layer=c&cbll=-46.3160196,-23.3995867", "O_QUE_FAZER": "FINALIZADO", "ER_REGIAO_CIDADE_min": "Arujá_Alto Tietê" }, "geometry": { "type": "Point", "coordinates": [ -46.3160196, -23.3995867 ] } },
{ "type": "Feature", "properties": { "CNPJ": "37646374000199", "IDCIDADE": "ARUJA", "NOMEFANTASIA": "BUYPRO_COMERCIO_ONLINE_LTDA", "RAZAOSOCIAL": "BUY_TRO", "ENDEE": "RUA_MARINA_DE_LIMA_SANTANGELO303__CHACARA_SAO_JOSE_07402-295", "LATITUDE": "-23.3953391", "LONGITUDE": "-46.3128185", "LMAPS": "https://www.google.com/maps?q=&layer=c&cbll=-46.3128185,-23.3953391", "O_QUE_FAZER": "FINALIZADO", "ER_REGIAO_CIDADE_min": "Arujá_Alto Tietê" }, "geometry": { "type": "Point", "coordinates": [ -46.3128185, -23.3953391 ] } },
{ "type": "Feature", "properties": { "CNPJ": "53830457000190", "IDCIDADE": "ARUJA", "NOMEFANTASIA": "53.830.457_DENIS_DA_CRUZ_GONCALVES", "RAZAOSOCIAL": "53.830.457_DENIS_DA_CRUZ_GONCALVES", "ENDEE": "RUA_PERDIZES136__JARDIM_PINHEIRO_07405-465", "LATITUDE": "-23.3862443", "LONGITUDE": "-46.3005473", "LMAPS": "https://www.google.com/maps?q=&layer=c&cbll=-46.3005473,-23.3862443", "O_QUE_FAZER": "FINALIZADO", "ER_REGIAO_CIDADE_min": "Arujá_Alto Tietê" }, "geometry": { "type": "Point", "coordinates": [ -46.3005473, -23.3862443 ] } },
{ "type": "Feature", "properties": { "CNPJ": "26254143000113", "IDCIDADE": "ARUJA", "NOMEFANTASIA": "26.254.143_EXODO_SANTOS_CARDIM", "RAZAOSOCIAL": "26.254.143_EXODO_SANTOS_CARDIM", "ENDEE": "AL_AL_DAS_CAMELIAS282__CIDADE_NOVA_ARUJA_07411-445", "LATITUDE": "-23.4078477", "LONGITUDE": "-46.3452421", "LMAPS": "https://www.google.com/maps?q=&layer=c&cbll=-46.3452421,-23.4078477", "O_QUE_FAZER": "FINALIZADO", "ER_REGIAO_CIDADE_min": "Arujá_Alto Tietê" }, "geometry": { "type": "Point", "coordinates": [ -46.3452421, -23.4078477 ] } },
{ "type": "Feature", "properties": { "CNPJ": "63768418000163", "IDCIDADE": "ARUJA", "NOMEFANTASIA": "63.768.418_BIANCA_CRISTINA_DA_SILVA_PEREIRA", "RAZAOSOCIAL": "BIANCA_CRISTINA_DA_SILVA_PEREIRA", "ENDEE": "RUA_JOSE_ROBERTO_TARIFFE_DE_OLIVEIRA49__PARQUE_RODRIGO_BARRETO_07417-110", "LATITUDE": "-23.3835389", "LONGITUDE": "-46.3326864", "LMAPS": "https://www.google.com/maps?q=&layer=c&cbll=-46.3326864,-23.3835389", "O_QUE_FAZER": "FINALIZADO", "ER_REGIAO_CIDADE_min": "Arujá_Alto Tietê" }, "geometry": { "type": "Point", "coordinates": [ -46.3326864, -23.3835389 ] } },
{ "type": "Feature", "properties": { "CNPJ": "15460598000179", "IDCIDADE": "ARUJA", "NOMEFANTASIA": "15.460.598_BRUNO_GANDARELA_SOARES_MENEZES", "RAZAOSOCIAL": "15.460.598_BRUNO_GANDARELA_SOARES_MENEZES", "ENDEE": "RUA_CLAUDINO_ANTONIO_BARBOSA179__PARQUE_RODRIGO_BARRETO_07417-320", "LATITUDE": "-23.3820188", "LONGITUDE": "-46.3252446", "LMAPS": "https://www.google.com/maps?q=&layer=c&cbll=-46.3252446,-23.3820188", "O_QUE_FAZER": "FINALIZADO", "ER_REGIAO_CIDADE_min": "Arujá_Alto Tietê" }, "geometry": { "type": "Point", "coordinates": [ -46.3252446, -23.3820188 ] } },
{ "type": "Feature", "properties": { "CNPJ": "35266135000188", "IDCIDADE": "ARUJA", "NOMEFANTASIA": "L_&_S_CAR_CENTRO_AUTOMOTIVO_LTDA", "RAZAOSOCIAL": "L_&_S_CAR_CENTRO_AUTOMOTIVO_LTDA", "ENDEE": "AVENIDA_ARMANDO_COLANGELO1579__PARQUE_RODRIGO_BARRETO_07417-365", "LATITUDE": "-23.3835832", "LONGITUDE": "-46.3259981", "LMAPS": "https://www.google.com/maps?q=&layer=c&cbll=-46.3259981,-23.3835832", "O_QUE_FAZER": "FINALIZADO", "ER_REGIAO_CIDADE_min": "Arujá_Alto Tietê" }, "geometry": { "type": "Point", "coordinates": [ -46.3259981, -23.3835832 ] } },
{ "type": "Feature", "properties": { "CNPJ": "48006336000198", "IDCIDADE": "ARUJA", "NOMEFANTASIA": "MONALISA_TAIS_RODRIGUES_DOS_SANTOS_38201927869", "RAZAOSOCIAL": "MANUELO_VENDAS", "ENDEE": "RUA_BENEDITO_BARBOSA_DE_SOUZA247__PARQUE_RODRIGO_BARRETO_07417-555", "LATITUDE": "-23.3778596", "LONGITUDE": "-46.3207721", "LMAPS": "https://www.google.com/maps?q=&layer=c&cbll=-46.3207721,-23.3778596", "O_QUE_FAZER": "FINALIZADO", "ER_REGIAO_CIDADE_min": "Arujá_Alto Tietê" }, "geometry": { "type": "Point", "coordinates": [ -46.3207721, -23.3778596 ] } },
{ "type": "Feature", "properties": { "CNPJ": "58387314000179", "IDCIDADE": "ARUJA", "NOMEFANTASIA": "58.387.314_CESAR_LOPES_DE_ALMEIDA_NETO", "RAZAOSOCIAL": "58.387.314_CESAR_LOPES_DE_ALMEIDA_NETO", "ENDEE": "ESTRADA_DOS_CORREAS7__CANJICAS_07424-000", "LATITUDE": "-23.3424269", "LONGITUDE": "-46.3104308", "LMAPS": "https://www.google.com/maps?q=&layer=c&cbll=-46.3104308,-23.3424269", "O_QUE_FAZER": "FINALIZADO", "ER_REGIAO_CIDADE_min": "Arujá_Alto Tietê" }, "geometry": { "type": "Point", "coordinates": [ -46.3104308, -23.3424269 ] } },
{ "type": "Feature", "properties": { "CNPJ": "07421882000108", "IDCIDADE": "ARUJA", "NOMEFANTASIA": "TWISTER_MOTO_PECAS", "RAZAOSOCIAL": "MICHAEL_DOUGLAS_DA_SILVA_MOTO_PECAS_LTDA", "ENDEE": "AVENIDA_ANTONIO_AFONSO_DE_LIMA160__CENTRO_07400-015", "LATITUDE": "-23.3994243", "LONGITUDE": "-46.3187675", "LMAPS": "https://www.google.com/maps?q=&layer=c&cbll=-46.3187675,-23.3994243", "O_QUE_FAZER": "CARTEIRA", "ER_REGIAO_CIDADE_min": "Arujá_Alto Tietê" }, "geometry": { "type": "Point", "coordinates": [ -46.3187675, -23.3994243 ] } },
{ "type": "Feature", "properties": { "CNPJ": "07866400000123", "IDCIDADE": "ARUJA", "NOMEFANTASIA": "BABI_949", "RAZAOSOCIAL": "BABI_949_MOTOPECAS_LTDA", "ENDEE": "AVENIDA_ANTONIO_AFONSO_DE_LIMA267__CENTRO_07400-015", "LATITUDE": "-23.3985881", "LONGITUDE": "-46.3194985", "LMAPS": "https://www.google.com/maps?q=&layer=c&cbll=-46.3194985,-23.3985881", "O_QUE_FAZER": "CARTEIRA", "ER_REGIAO_CIDADE_min": "Arujá_Alto Tietê" }, "geometry": { "type": "Point", "coordinates": [ -46.3194985, -23.3985881 ] } },
{ "type": "Feature", "properties": { "CNPJ": "00017235000196", "IDCIDADE": "ARUJA", "NOMEFANTASIA": "MODATIVAS", "RAZAOSOCIAL": "ALMAGRO_&_FERNANDES_LTDA", "ENDEE": "AVENIDA_ANTONIO_AFONSO_DE_LIMA644__CENTRO_07400-015", "LATITUDE": "-23.3958256", "LONGITUDE": "-46.3215746", "LMAPS": "https://www.google.com/maps?q=&layer=c&cbll=-46.3215746,-23.3958256", "O_QUE_FAZER": "CARTEIRA", "ER_REGIAO_CIDADE_min": "Arujá_Alto Tietê" }, "geometry": { "type": "Point", "coordinates": [ -46.3215746, -23.3958256 ] } },
{ "type": "Feature", "properties": { "CNPJ": "11275222000133", "IDCIDADE": "ARUJA", "NOMEFANTASIA": "RATINHO_MECANICA", "RAZAOSOCIAL": "ROSIVALDO_MENEZES_DA_SILVA_MECANICA", "ENDEE": "AVENIDA_ARMANDO_COLANGELO360__ARUJA_CENTER_VILLE_07400-015", "LATITUDE": "-23.3934602", "LONGITUDE": "-46.3291825", "LMAPS": "https://www.google.com/maps?q=&layer=c&cbll=-46.3291825,-23.3934602", "O_QUE_FAZER": "CARTEIRA", "ER_REGIAO_CIDADE_min": "Arujá_Alto Tietê" }, "geometry": { "type": "Point", "coordinates": [ -46.3291825, -23.3934602 ] } },
{ "type": "Feature", "properties": { "CNPJ": "39743078000131", "IDCIDADE": "ARUJA", "NOMEFANTASIA": "AM3_VEICULOS", "RAZAOSOCIAL": "PELEGRINA_&_COSTA_COMERCIO_DE_VEICULOS_LTDA", "ENDEE": "AVENIDA_ARMANDO_COLANGELO372__ARUJA_CENTER_VILLE_07400-015", "LATITUDE": "-23.3933253", "LONGITUDE": "-46.3285159", "LMAPS": "https://www.google.com/maps?q=&layer=c&cbll=-46.3285159,-23.3933253", "O_QUE_FAZER": "CARTEIRA", "ER_REGIAO_CIDADE_min": "Arujá_Alto Tietê" }, "geometry": { "type": "Point", "coordinates": [ -46.3285159, -23.3933253 ] } },
{ "type": "Feature", "properties": { "CNPJ": "07799211000185", "IDCIDADE": "ARUJA", "NOMEFANTASIA": "MERCADO_YORK", "RAZAOSOCIAL": "SARAH_VALLIM", "ENDEE": "AVENIDA_DUTRA261__JARDIM_EMILIA_07400-015", "LATITUDE": "-23.417313", "LONGITUDE": "-46.365957", "LMAPS": "https://www.google.com/maps?q=&layer=c&cbll=-46.365957,-23.417313", "O_QUE_FAZER": "CARTEIRA", "ER_REGIAO_CIDADE_min": "Arujá_Alto Tietê" }, "geometry": { "type": "Point", "coordinates": [ -46.365957, -23.417313 ] } },
{ "type": "Feature", "properties": { "CNPJ": "74612748000181", "IDCIDADE": "ARUJA", "NOMEFANTASIA": "REMANAS", "RAZAOSOCIAL": "LANCHONETE_REMANAS_LTDA", "ENDEE": "AVENIDA_JOAO_MANOEL150__CENTRO_07400-015", "LATITUDE": "-23.3932859", "LONGITUDE": "-46.3212482", "LMAPS": "https://www.google.com/maps?q=&layer=c&cbll=-46.3212482,-23.3932859", "O_QUE_FAZER": "CARTEIRA", "ER_REGIAO_CIDADE_min": "Arujá_Alto Tietê" }, "geometry": { "type": "Point", "coordinates": [ -46.3212482, -23.3932859 ] } },
{ "type": "Feature", "properties": { "CNPJ": "07808037000190", "IDCIDADE": "ARUJA", "NOMEFANTASIA": "LER_REACOES", "RAZAOSOCIAL": "W_L_RACOES_LTDA", "ENDEE": "AVENIDA_JOAO_MANOEL407__CENTRO_07400-015", "LATITUDE": "-23.3954058", "LONGITUDE": "-46.3269363", "LMAPS": "https://www.google.com/maps?q=&layer=c&cbll=-46.3269363,-23.3954058", "O_QUE_FAZER": "CARTEIRA", "ER_REGIAO_CIDADE_min": "Arujá_Alto Tietê" }, "geometry": { "type": "Point", "coordinates": [ -46.3269363, -23.3954058 ] } },
{ "type": "Feature", "properties": { "CNPJ": "09431801000186", "IDCIDADE": "ARUJA", "NOMEFANTASIA": "DOG_SHOPPING", "RAZAOSOCIAL": "LUCIMARA_PARRILLO", "ENDEE": "AVENIDA_JOAO_MANOEL512__CENTRO_07400-015", "LATITUDE": "-23.3948642", "LONGITUDE": "-46.3276511", "LMAPS": "https://www.google.com/maps?q=&layer=c&cbll=-46.3276511,-23.3948642", "O_QUE_FAZER": "CARTEIRA", "ER_REGIAO_CIDADE_min": "Arujá_Alto Tietê" }, "geometry": { "type": "Point", "coordinates": [ -46.3276511, -23.3948642 ] } },
{ "type": "Feature", "properties": { "CNPJ": "03856974000160", "IDCIDADE": "ARUJA", "NOMEFANTASIA": "RPA_SEGUROS", "RAZAOSOCIAL": "RPA_CONSULTORIA_E_CORRETAGEM_DE_SEGUROS_LTDA", "ENDEE": "RUA_PRUDENTE_DE_MORAES5__VILA_FLORA_REGINA_07400-015", "LATITUDE": "-23.3965167", "LONGITUDE": "-46.323341", "LMAPS": "https://www.google.com/maps?q=&layer=c&cbll=-46.323341,-23.3965167", "O_QUE_FAZER": "CARTEIRA", "ER_REGIAO_CIDADE_min": "Arujá_Alto Tietê" }, "geometry": { "type": "Point", "coordinates": [ -46.323341, -23.3965167 ] } },
{ "type": "Feature", "properties": { "CNPJ": "47793990000126", "IDCIDADE": "ARUJA", "NOMEFANTASIA": "PADARIA_ULTIMA_PARADA", "RAZAOSOCIAL": "RL_LOJA_DE_CONVENIENCIA_LTDA", "ENDEE": "RUA_RENOVA_DOS_SANTOS355__LAVORARE_ARUJA_07400-025", "LATITUDE": "-23.3994825", "LONGITUDE": "-46.3316287", "LMAPS": "https://www.google.com/maps?q=&layer=c&cbll=-46.3316287,-23.3994825", "O_QUE_FAZER": "CARTEIRA", "ER_REGIAO_CIDADE_min": "Arujá_Alto Tietê" }, "geometry": { "type": "Point", "coordinates": [ -46.3316287, -23.3994825 ] } },
{ "type": "Feature", "properties": { "CNPJ": "06272760000134", "IDCIDADE": "ARUJA", "NOMEFANTASIA": "OVERALL", "RAZAOSOCIAL": "STUDIO_LUIZ_ANTONIO_BLIUJUS_LTDA", "ENDEE": "AVENIDA_JOAO_MANOEL785__CENTRO_07400-165", "LATITUDE": "-23.3965227", "LONGITUDE": "-46.3305141", "LMAPS": "https://www.google.com/maps?q=&layer=c&cbll=-46.3305141,-23.3965227", "O_QUE_FAZER": "CARTEIRA", "ER_REGIAO_CIDADE_min": "Arujá_Alto Tietê" }, "geometry": { "type": "Point", "coordinates": [ -46.3305141, -23.3965227 ] } },
{ "type": "Feature", "properties": { "CNPJ": "54246366000174", "IDCIDADE": "ARUJA", "NOMEFANTASIA": "GOODGREEN", "RAZAOSOCIAL": "GOOD_GREEN_ARUJA_LTDA", "ENDEE": "RUA_MAJOR_BENJAMIN_FRANCO164__JARDIM_VITORIA_07400-165", "LATITUDE": "-23.3960224", "LONGITUDE": "-46.3252729", "LMAPS": "https://www.google.com/maps?q=&layer=c&cbll=-46.3252729,-23.3960224", "O_QUE_FAZER": "CARTEIRA", "ER_REGIAO_CIDADE_min": "Arujá_Alto Tietê" }, "geometry": { "type": "Point", "coordinates": [ -46.3252729, -23.3960224 ] } },
{ "type": "Feature", "properties": { "CNPJ": "07410367000122", "IDCIDADE": "ARUJA", "NOMEFANTASIA": "SANTA_LUZIA", "RAZAOSOCIAL": "DISTRIBUIDORA_DE_AGUAS_SANTA_LUZIA_LTDA", "ENDEE": "RUA_MAJOR_BENJAMIN_FRANCO256__JARDIM_VITORIA_07400-165", "LATITUDE": "-23.396162", "LONGITUDE": "-46.3261932", "LMAPS": "https://www.google.com/maps?q=&layer=c&cbll=-46.3261932,-23.396162", "O_QUE_FAZER": "CARTEIRA", "ER_REGIAO_CIDADE_min": "Arujá_Alto Tietê" }, "geometry": { "type": "Point", "coordinates": [ -46.3261932, -23.396162 ] } },
{ "type": "Feature", "properties": { "CNPJ": "08811539000132", "IDCIDADE": "ARUJA", "NOMEFANTASIA": "VILELA", "RAZAOSOCIAL": "REGINA_SCHNABL_DELGADO_PASCOAL", "ENDEE": "RUA_MAJOR_BENJAMIN_FRANCO320__JARDIM_VITORIA_07400-165", "LATITUDE": "-23.3960521", "LONGITUDE": "-46.3268442", "LMAPS": "https://www.google.com/maps?q=&layer=c&cbll=-46.3268442,-23.3960521", "O_QUE_FAZER": "CARTEIRA", "ER_REGIAO_CIDADE_min": "Arujá_Alto Tietê" }, "geometry": { "type": "Point", "coordinates": [ -46.3268442, -23.3960521 ] } },
{ "type": "Feature", "properties": { "CNPJ": "09253587000115", "IDCIDADE": "ARUJA", "NOMEFANTASIA": "ONYX", "RAZAOSOCIAL": "CENTRO_DE_FORMACAO_DE_CONDUTORES_ONYX_S.J.T_LTDA", "ENDEE": "RUA_MAJOR_BENJAMIN_FRANCO367__JARDIM_VITORIA_07400-165", "LATITUDE": "-23.3962063", "LONGITUDE": "-46.3271426", "LMAPS": "https://www.google.com/maps?q=&layer=c&cbll=-46.3271426,-23.3962063", "O_QUE_FAZER": "CARTEIRA", "ER_REGIAO_CIDADE_min": "Arujá_Alto Tietê" }, "geometry": { "type": "Point", "coordinates": [ -46.3271426, -23.3962063 ] } },
{ "type": "Feature", "properties": { "CNPJ": "39017066000120", "IDCIDADE": "ARUJA", "NOMEFANTASIA": "BAZAR_NOSSA_SENHORA_APARECIDA", "RAZAOSOCIAL": "BAZAR_E_ARMARINHOS_NOSSA_SENHORA_APARECIDA_LTDA", "ENDEE": "RUA_MAJOR_BENJAMIN_FRANCO83__JARDIM_VITORIA_07400-165", "LATITUDE": "-23.395914", "LONGITUDE": "-46.3244902", "LMAPS": "https://www.google.com/maps?q=&layer=c&cbll=-46.3244902,-23.395914", "O_QUE_FAZER": "CARTEIRA", "ER_REGIAO_CIDADE_min": "Arujá_Alto Tietê" }, "geometry": { "type": "Point", "coordinates": [ -46.3244902, -23.395914 ] } },
{ "type": "Feature", "properties": { "CNPJ": "15207513000145", "IDCIDADE": "ARUJA", "NOMEFANTASIA": "APROFER", "RAZAOSOCIAL": "APROFISSIONAL_FERRAMENTAS_LTDA", "ENDEE": "AVENIDA_MARECHAL_CASTELO_BRANCO321__JARDIM_RINCAO_07400-445", "LATITUDE": "-23.4004381", "LONGITUDE": "-46.3198732", "LMAPS": "https://www.google.com/maps?q=&layer=c&cbll=-46.3198732,-23.4004381", "O_QUE_FAZER": "CARTEIRA", "ER_REGIAO_CIDADE_min": "Arujá_Alto Tietê" }, "geometry": { "type": "Point", "coordinates": [ -46.3198732, -23.4004381 ] } },
{ "type": "Feature", "properties": { "CNPJ": "32609748000182", "IDCIDADE": "ARUJA", "NOMEFANTASIA": "FUNERARIA_PAX_OLIVEIRA", "RAZAOSOCIAL": "FUNERARIA_PAX_OLIVEIRA_LTDA", "ENDEE": "AVENIDA_MARECHAL_CASTELO_BRANCO49__JARDIM_RINCAO_07400-445", "LATITUDE": "-23.3990401", "LONGITUDE": "-46.3219484", "LMAPS": "https://www.google.com/maps?q=&layer=c&cbll=-46.3219484,-23.3990401", "O_QUE_FAZER": "CARTEIRA", "ER_REGIAO_CIDADE_min": "Arujá_Alto Tietê" }, "geometry": { "type": "Point", "coordinates": [ -46.3219484, -23.3990401 ] } },
{ "type": "Feature", "properties": { "CNPJ": "19912374000101", "IDCIDADE": "ARUJA", "NOMEFANTASIA": "JAJ_PORCELANATO", "RAZAOSOCIAL": "JAIR_DE_AGUIAR_JUNIOR", "ENDEE": "AVENIDA_MARECHAL_CASTELO_BRANCO536__JARDIM_RINCAO_07400-445", "LATITUDE": "-23.4018088", "LONGITUDE": "-46.3182532", "LMAPS": "https://www.google.com/maps?q=&layer=c&cbll=-46.3182532,-23.4018088", "O_QUE_FAZER": "CARTEIRA", "ER_REGIAO_CIDADE_min": "Arujá_Alto Tietê" }, "geometry": { "type": "Point", "coordinates": [ -46.3182532, -23.4018088 ] } },
{ "type": "Feature", "properties": { "CNPJ": "28695577000184", "IDCIDADE": "ARUJA", "NOMEFANTASIA": "ZOOTOPIA", "RAZAOSOCIAL": "CLINICA_VETERINARIA_ZOOTOPIA_LTDA", "ENDEE": "AVENIDA_MARECHAL_CASTELO_BRANCO554__JARDIM_RINCAO_07400-445", "LATITUDE": "-23.401905", "LONGITUDE": "-46.3181083", "LMAPS": "https://www.google.com/maps?q=&layer=c&cbll=-46.3181083,-23.401905", "O_QUE_FAZER": "CARTEIRA", "ER_REGIAO_CIDADE_min": "Arujá_Alto Tietê" }, "geometry": { "type": "Point", "coordinates": [ -46.3181083, -23.401905 ] } },
{ "type": "Feature", "properties": { "CNPJ": "44427620000187", "IDCIDADE": "ARUJA", "NOMEFANTASIA": "REALL_PET", "RAZAOSOCIAL": "REALL_PET_PREMIUM_LTDA", "ENDEE": "AVENIDA_DOS_EXPEDICIONARIOS131__JARDIM_RINCAO_07400-460", "LATITUDE": "-23.4014317", "LONGITUDE": "-46.31818", "LMAPS": "https://www.google.com/maps?q=&layer=c&cbll=-46.31818,-23.4014317", "O_QUE_FAZER": "CARTEIRA", "ER_REGIAO_CIDADE_min": "Arujá_Alto Tietê" }, "geometry": { "type": "Point", "coordinates": [ -46.31818, -23.4014317 ] } },
{ "type": "Feature", "properties": { "CNPJ": "09645750000195", "IDCIDADE": "ARUJA", "NOMEFANTASIA": "BONECPVALER_MOVEIS", "RAZAOSOCIAL": "BONEVALER_MOVEIS_LTDA", "ENDEE": "AVENIDA_DOS_EXPEDICIONARIOS148__JARDIM_RINCAO_07400-460", "LATITUDE": "-23.4013533", "LONGITUDE": "-46.3181617", "LMAPS": "https://www.google.com/maps?q=&layer=c&cbll=-46.3181617,-23.4013533", "O_QUE_FAZER": "CARTEIRA", "ER_REGIAO_CIDADE_min": "Arujá_Alto Tietê" }, "geometry": { "type": "Point", "coordinates": [ -46.3181617, -23.4013533 ] } },
{ "type": "Feature", "properties": { "CNPJ": "27846475000150", "IDCIDADE": "ARUJA", "NOMEFANTASIA": "REALMENTE_PET_BANHO_E_TOSA", "RAZAOSOCIAL": "CENTRO_MEDICO_VETERINARIO_REALL_PET_LTDA", "ENDEE": "AVENIDA_DOS_EXPEDICIONARIOS153__JARDIM_RINCAO_07400-460", "LATITUDE": "-23.4013097", "LONGITUDE": "-46.3183802", "LMAPS": "https://www.google.com/maps?q=&layer=c&cbll=-46.3183802,-23.4013097", "O_QUE_FAZER": "CARTEIRA", "ER_REGIAO_CIDADE_min": "Arujá_Alto Tietê" }, "geometry": { "type": "Point", "coordinates": [ -46.3183802, -23.4013097 ] } },
{ "type": "Feature", "properties": { "CNPJ": "09201964000172", "IDCIDADE": "ARUJA", "NOMEFANTASIA": "W-JET", "RAZAOSOCIAL": "W-JET_EQUIPAMENTOS_E_SUPRIMENTOS_DE_INFORMATICA_LTDA", "ENDEE": "AVENIDA_DOS_EXPEDICIONARIOS265__JARDIM_RINCAO_07400-460", "LATITUDE": "-23.4004594", "LONGITUDE": "-46.3189504", "LMAPS": "https://www.google.com/maps?q=&layer=c&cbll=-46.3189504,-23.4004594", "O_QUE_FAZER": "CARTEIRA", "ER_REGIAO_CIDADE_min": "Arujá_Alto Tietê" }, "geometry": { "type": "Point", "coordinates": [ -46.3189504, -23.4004594 ] } },
{ "type": "Feature", "properties": { "CNPJ": "14239348000140", "IDCIDADE": "ARUJA", "NOMEFANTASIA": "LIDER", "RAZAOSOCIAL": "MAURICIA_F._FERNANDES", "ENDEE": "AVENIDA_DOS_EXPEDICIONARIOS280__JARDIM_RINCAO_07400-460", "LATITUDE": "-23.4003339", "LONGITUDE": "-46.3189793", "LMAPS": "https://www.google.com/maps?q=&layer=c&cbll=-46.3189793,-23.4003339", "O_QUE_FAZER": "CARTEIRA", "ER_REGIAO_CIDADE_min": "Arujá_Alto Tietê" }, "geometry": { "type": "Point", "coordinates": [ -46.3189793, -23.4003339 ] } },
{ "type": "Feature", "properties": { "CNPJ": "04424699000178", "IDCIDADE": "ARUJA", "NOMEFANTASIA": "ARULIMP", "RAZAOSOCIAL": "ARULIMP_COMERCIO_DE_ARTIGOS_PARA_LIMPEZA_LTDA", "ENDEE": "AVENIDA_DOS_EXPEDICIONARIOS443__JARDIM_RINCAO_07400-460", "LATITUDE": "-23.3993684", "LONGITUDE": "-46.3202548", "LMAPS": "https://www.google.com/maps?q=&layer=c&cbll=-46.3202548,-23.3993684", "O_QUE_FAZER": "CARTEIRA", "ER_REGIAO_CIDADE_min": "Arujá_Alto Tietê" }, "geometry": { "type": "Point", "coordinates": [ -46.3202548, -23.3993684 ] } },
{ "type": "Feature", "properties": { "CNPJ": "25116267000170", "IDCIDADE": "ARUJA", "NOMEFANTASIA": "WV_FERRAMENTAS", "RAZAOSOCIAL": "WV_ARUJA_FERRAMENTAS_LTDA", "ENDEE": "AVENIDA_DOS_EXPEDICIONARIOS471__JARDIM_RINCAO_07400-460", "LATITUDE": "-23.3991485", "LONGITUDE": "-46.3203745", "LMAPS": "https://www.google.com/maps?q=&layer=c&cbll=-46.3203745,-23.3991485", "O_QUE_FAZER": "CARTEIRA", "ER_REGIAO_CIDADE_min": "Arujá_Alto Tietê" }, "geometry": { "type": "Point", "coordinates": [ -46.3203745, -23.3991485 ] } },
{ "type": "Feature", "properties": { "CNPJ": "03489799000110", "IDCIDADE": "ARUJA", "NOMEFANTASIA": "EMPORIO_DAS_FORMULAS", "RAZAOSOCIAL": "TOLENTINO_&_CASTRO_FARMACIA_DE_MANIPULACAO_LTDA", "ENDEE": "AVENIDA_DOS_EXPEDICIONARIOS604__JARDIM_RINCAO_07400-460", "LATITUDE": "-23.3981941", "LONGITUDE": "-46.3210142", "LMAPS": "https://www.google.com/maps?q=&layer=c&cbll=-46.3210142,-23.3981941", "O_QUE_FAZER": "CARTEIRA", "ER_REGIAO_CIDADE_min": "Arujá_Alto Tietê" }, "geometry": { "type": "Point", "coordinates": [ -46.3210142, -23.3981941 ] } },
{ "type": "Feature", "properties": { "CNPJ": "27283906000117", "IDCIDADE": "ARUJA", "NOMEFANTASIA": "AGRUPAR_FIXACAO", "RAZAOSOCIAL": "ARUPAR_FIXACAO_MAQUINAS_FERRAMENTAS_E_EQUIPAMENTOS_DE_PROTECAO_INDIVIDUAL_LTDA", "ENDEE": "AVENIDA_DOS_EXPEDICIONARIOS721__JARDIM_RINCAO_07400-460", "LATITUDE": "-23.3975553", "LONGITUDE": "-46.322055", "LMAPS": "https://www.google.com/maps?q=&layer=c&cbll=-46.322055,-23.3975553", "O_QUE_FAZER": "CARTEIRA", "ER_REGIAO_CIDADE_min": "Arujá_Alto Tietê" }, "geometry": { "type": "Point", "coordinates": [ -46.322055, -23.3975553 ] } },
{ "type": "Feature", "properties": { "CNPJ": "27478746000161", "IDCIDADE": "ARUJA", "NOMEFANTASIA": "NUCLEO_MATERIAIS_ELETRICOS", "RAZAOSOCIAL": "NUCLEO_MATERIAIS_ELETRICOS_LTDA", "ENDEE": "AVENIDA_DOS_EXPEDICIONARIOS740__JARDIM_RINCAO_07400-460", "LATITUDE": "-23.3974052", "LONGITUDE": "-46.3220171", "LMAPS": "https://www.google.com/maps?q=&layer=c&cbll=-46.3220171,-23.3974052", "O_QUE_FAZER": "CARTEIRA", "ER_REGIAO_CIDADE_min": "Arujá_Alto Tietê" }, "geometry": { "type": "Point", "coordinates": [ -46.3220171, -23.3974052 ] } },
{ "type": "Feature", "properties": { "CNPJ": "12427104000166", "IDCIDADE": "ARUJA", "NOMEFANTASIA": "AGUA_JA", "RAZAOSOCIAL": "AGUA-ARUJA_COMERCIO_DE_AGUA_LTDA", "ENDEE": "AVENIDA_DOS_EXPEDICIONARIOS824__JARDIM_RINCAO_07400-460", "LATITUDE": "-23.3971516", "LONGITUDE": "-46.32258", "LMAPS": "https://www.google.com/maps?q=&layer=c&cbll=-46.32258,-23.3971516", "O_QUE_FAZER": "CARTEIRA", "ER_REGIAO_CIDADE_min": "Arujá_Alto Tietê" }, "geometry": { "type": "Point", "coordinates": [ -46.32258, -23.3971516 ] } },
{ "type": "Feature", "properties": { "CNPJ": "35487926000138", "IDCIDADE": "ARUJA", "NOMEFANTASIA": "CAULE_TOPOGRAFIA", "RAZAOSOCIAL": "CAULE_SERVICOS_DE_CARTOGRAFIA_TOPOGRAFIA_E_GEODESIA_LTDA", "ENDEE": "RUA_SIQUEIRA_CAMPOS40__JARDIM_RINCAO_07400-470", "LATITUDE": "-23.3973816", "LONGITUDE": "-46.3226178", "LMAPS": "https://www.google.com/maps?q=&layer=c&cbll=-46.3226178,-23.3973816", "O_QUE_FAZER": "CARTEIRA", "ER_REGIAO_CIDADE_min": "Arujá_Alto Tietê" }, "geometry": { "type": "Point", "coordinates": [ -46.3226178, -23.3973816 ] } },
{ "type": "Feature", "properties": { "CNPJ": "08215448000134", "IDCIDADE": "ARUJA", "NOMEFANTASIA": "PARIS_ROSA_ENXOVAIS", "RAZAOSOCIAL": "PARISROSA_DE_ARUJA_COMERCIO_DE_ENXOVAIS_LTDA", "ENDEE": "AVENIDA_DOS_EXPEDICIONARIOS1162__VILA_FLORA_REGINA_07400-490", "LATITUDE": "-23.3950617", "LONGITUDE": "-46.3223433", "LMAPS": "https://www.google.com/maps?q=&layer=c&cbll=-46.3223433,-23.3950617", "O_QUE_FAZER": "CARTEIRA", "ER_REGIAO_CIDADE_min": "Arujá_Alto Tietê" }, "geometry": { "type": "Point", "coordinates": [ -46.3223433, -23.3950617 ] } },
{ "type": "Feature", "properties": { "CNPJ": "17794128000177", "IDCIDADE": "ARUJA", "NOMEFANTASIA": "NATURA", "RAZAOSOCIAL": "C._E._F._COMERCIO_DE_COSMETICOS_LTDA", "ENDEE": "AVENIDA_DOS_EXPEDICIONARIOS1187__VILA_FLORA_REGINA_07400-490", "LATITUDE": "-23.3948", "LONGITUDE": "-46.3222917", "LMAPS": "https://www.google.com/maps?q=&layer=c&cbll=-46.3222917,-23.3948", "O_QUE_FAZER": "CARTEIRA", "ER_REGIAO_CIDADE_min": "Arujá_Alto Tietê" }, "geometry": { "type": "Point", "coordinates": [ -46.3222917, -23.3948 ] } },
{ "type": "Feature", "properties": { "CNPJ": "08185619000120", "IDCIDADE": "ARUJA", "NOMEFANTASIA": "OTICAS_CAROL", "RAZAOSOCIAL": "I._G._ROCHA_OTICA", "ENDEE": "AVENIDA_DOS_EXPEDICIONARIOS1190__VILA_FLORA_REGINA_07400-490", "LATITUDE": "-23.3949539", "LONGITUDE": "-46.3221784", "LMAPS": "https://www.google.com/maps?q=&layer=c&cbll=-46.3221784,-23.3949539", "O_QUE_FAZER": "CARTEIRA", "ER_REGIAO_CIDADE_min": "Arujá_Alto Tietê" }, "geometry": { "type": "Point", "coordinates": [ -46.3221784, -23.3949539 ] } },
{ "type": "Feature", "properties": { "CNPJ": "05821184000174", "IDCIDADE": "ARUJA", "NOMEFANTASIA": "ROSSI_KIDS", "RAZAOSOCIAL": "FERNANDO_CANHADAS_DE_ARAUJO", "ENDEE": "AVENIDA_DOS_EXPEDICIONARIOS1192__VILA_FLORA_REGINA_07400-490", "LATITUDE": "-23.3949448", "LONGITUDE": "-46.3220918", "LMAPS": "https://www.google.com/maps?q=&layer=c&cbll=-46.3220918,-23.3949448", "O_QUE_FAZER": "CARTEIRA", "ER_REGIAO_CIDADE_min": "Arujá_Alto Tietê" }, "geometry": { "type": "Point", "coordinates": [ -46.3220918, -23.3949448 ] } },
{ "type": "Feature", "properties": { "CNPJ": "26704596000102", "IDCIDADE": "ARUJA", "NOMEFANTASIA": "A_NORDESTINA", "RAZAOSOCIAL": "A_NORDESTINA_ITAQUA_MOVEIS_E_ELETRO_LTDA", "ENDEE": "AVENIDA_DOS_EXPEDICIONARIOS866__JARDIM_RINCAO_07400-490", "LATITUDE": "-23.396965", "LONGITUDE": "-46.3228167", "LMAPS": "https://www.google.com/maps?q=&layer=c&cbll=-46.3228167,-23.396965", "O_QUE_FAZER": "CARTEIRA", "ER_REGIAO_CIDADE_min": "Arujá_Alto Tietê" }, "geometry": { "type": "Point", "coordinates": [ -46.3228167, -23.396965 ] } },
{ "type": "Feature", "properties": { "CNPJ": "48865793000138", "IDCIDADE": "ARUJA", "NOMEFANTASIA": "BIFARMA", "RAZAOSOCIAL": "CVAR_FARMA_LTDA", "ENDEE": "AVENIDA_DOS_EXPEDICIONARIOS976__JARDIM_RINCAO_07400-490", "LATITUDE": "-23.3960536", "LONGITUDE": "-46.3233155", "LMAPS": "https://www.google.com/maps?q=&layer=c&cbll=-46.3233155,-23.3960536", "O_QUE_FAZER": "CARTEIRA", "ER_REGIAO_CIDADE_min": "Arujá_Alto Tietê" }, "geometry": { "type": "Point", "coordinates": [ -46.3233155, -23.3960536 ] } },
{ "type": "Feature", "properties": { "CNPJ": "23724352000195", "IDCIDADE": "ARUJA", "NOMEFANTASIA": "AJ1000", "RAZAOSOCIAL": "AJ1000_AUTOMOVEIS_LTDA", "ENDEE": "AVENIDA_DOS_EXPEDICIONARIOS997__VILA_FLORA_REGINA_07400-490", "LATITUDE": "-23.3958805", "LONGITUDE": "-46.3236316", "LMAPS": "https://www.google.com/maps?q=&layer=c&cbll=-46.3236316,-23.3958805", "O_QUE_FAZER": "CARTEIRA", "ER_REGIAO_CIDADE_min": "Arujá_Alto Tietê" }, "geometry": { "type": "Point", "coordinates": [ -46.3236316, -23.3958805 ] } },
{ "type": "Feature", "properties": { "CNPJ": "37611619000142", "IDCIDADE": "ARUJA", "NOMEFANTASIA": "SANTA_MODA", "RAZAOSOCIAL": "EMILY_VALERA_DE_SOUSA_TAKEHASHI", "ENDEE": "RUA_CAMPOS_SALES51__VILA_FLORA_REGINA_07400-495", "LATITUDE": "-23.3968731", "LONGITUDE": "-46.3221627", "LMAPS": "https://www.google.com/maps?q=&layer=c&cbll=-46.3221627,-23.3968731", "O_QUE_FAZER": "CARTEIRA", "ER_REGIAO_CIDADE_min": "Arujá_Alto Tietê" }, "geometry": { "type": "Point", "coordinates": [ -46.3221627, -23.3968731 ] } },
{ "type": "Feature", "properties": { "CNPJ": "25054839000133", "IDCIDADE": "ARUJA", "NOMEFANTASIA": "CAROL_CAMPOS_MODA_E_ACESSORIOS", "RAZAOSOCIAL": "CAROLINA_CAMPOS_MENEZES", "ENDEE": "RUA_PRUDENTE_DE_MORAES110__VILA_FLORA_REGINA_07400-500", "LATITUDE": "-23.3966894", "LONGITUDE": "-46.3223072", "LMAPS": "https://www.google.com/maps?q=&layer=c&cbll=-46.3223072,-23.3966894", "O_QUE_FAZER": "CARTEIRA", "ER_REGIAO_CIDADE_min": "Arujá_Alto Tietê" }, "geometry": { "type": "Point", "coordinates": [ -46.3223072, -23.3966894 ] } },
{ "type": "Feature", "properties": { "CNPJ": "35662064000132", "IDCIDADE": "ARUJA", "NOMEFANTASIA": "OTICAS_DINIZ", "RAZAOSOCIAL": "CARVALHO_CENTRO_OTICO_LTDA", "ENDEE": "RUA_PRUDENTE_DE_MORAES12__VILA_FLORA_REGINA_07400-500", "LATITUDE": "-23.3966084", "LONGITUDE": "-46.3233222", "LMAPS": "https://www.google.com/maps?q=&layer=c&cbll=-46.3233222,-23.3966084", "O_QUE_FAZER": "CARTEIRA", "ER_REGIAO_CIDADE_min": "Arujá_Alto Tietê" }, "geometry": { "type": "Point", "coordinates": [ -46.3233222, -23.3966084 ] } },
{ "type": "Feature", "properties": { "CNPJ": "49324129000144", "IDCIDADE": "ARUJA", "NOMEFANTASIA": "SALSA_E_CANELA", "RAZAOSOCIAL": "RESTAURANTE_BOM_SABOR_ARUJA_LTDA", "ENDEE": "RUA_PRUDENTE_DE_MORAES86__VILA_FLORA_REGINA_07400-500", "LATITUDE": "-23.3966514", "LONGITUDE": "-46.3225919", "LMAPS": "https://www.google.com/maps?q=&layer=c&cbll=-46.3225919,-23.3966514", "O_QUE_FAZER": "CARTEIRA", "ER_REGIAO_CIDADE_min": "Arujá_Alto Tietê" }, "geometry": { "type": "Point", "coordinates": [ -46.3225919, -23.3966514 ] } },
{ "type": "Feature", "properties": { "CNPJ": "26745640000114", "IDCIDADE": "ARUJA", "NOMEFANTASIA": "QUINTAL_GARAGEM", "RAZAOSOCIAL": "ADELINO_DE_BRITO_SOUZA_CARVALHO", "ENDEE": "RUA_JOSE_BASILIO_ALVARENGA55__VILA_FLORA_REGINA_07400-505", "LATITUDE": "-23.3961775", "LONGITUDE": "-46.3228548", "LMAPS": "https://www.google.com/maps?q=&layer=c&cbll=-46.3228548,-23.3961775", "O_QUE_FAZER": "CARTEIRA", "ER_REGIAO_CIDADE_min": "Arujá_Alto Tietê" }, "geometry": { "type": "Point", "coordinates": [ -46.3228548, -23.3961775 ] } },
{ "type": "Feature", "properties": { "CNPJ": "30077985000114", "IDCIDADE": "ARUJA", "NOMEFANTASIA": "PLANET_PET", "RAZAOSOCIAL": "PET_ARUJA_COMERCIO_DE_PRODUTOS_VETERINARIOS_LTDA", "ENDEE": "AVENIDA_ANTONIO_AFONSO_DE_LIMA111__CENTRO_07400-530", "LATITUDE": "-23.4002017", "LONGITUDE": "-46.318737", "LMAPS": "https://www.google.com/maps?q=&layer=c&cbll=-46.318737,-23.4002017", "O_QUE_FAZER": "CARTEIRA", "ER_REGIAO_CIDADE_min": "Arujá_Alto Tietê" }, "geometry": { "type": "Point", "coordinates": [ -46.318737, -23.4002017 ] } },
{ "type": "Feature", "properties": { "CNPJ": "32574107000130", "IDCIDADE": "ARUJA", "NOMEFANTASIA": "DESMONTE_ARUJA", "RAZAOSOCIAL": "DESMONTE_ARUJA_H.A_LTDA", "ENDEE": "AVENIDA_ANTONIO_AFONSO_DE_LIMA136__CENTRO_07400-530", "LATITUDE": "-23.3998393", "LONGITUDE": "-46.3184118", "LMAPS": "https://www.google.com/maps?q=&layer=c&cbll=-46.3184118,-23.3998393", "O_QUE_FAZER": "CARTEIRA", "ER_REGIAO_CIDADE_min": "Arujá_Alto Tietê" }, "geometry": { "type": "Point", "coordinates": [ -46.3184118, -23.3998393 ] } },
{ "type": "Feature", "properties": { "CNPJ": "52305554000109", "IDCIDADE": "ARUJA", "NOMEFANTASIA": "PARRILLO", "RAZAOSOCIAL": "AGROPECUARIA_ARUJA_LTDA", "ENDEE": "AVENIDA_ANTONIO_AFONSO_DE_LIMA167__CENTRO_07400-530", "LATITUDE": "-23.3994936", "LONGITUDE": "-46.3189908", "LMAPS": "https://www.google.com/maps?q=&layer=c&cbll=-46.3189908,-23.3994936", "O_QUE_FAZER": "CARTEIRA", "ER_REGIAO_CIDADE_min": "Arujá_Alto Tietê" }, "geometry": { "type": "Point", "coordinates": [ -46.3189908, -23.3994936 ] } },
{ "type": "Feature", "properties": { "CNPJ": "13178075000109", "IDCIDADE": "ARUJA", "NOMEFANTASIA": "TINTAS_MC", "RAZAOSOCIAL": "NCM_COMERCIO_DE_TINTAS_E_IMPERMEABILIZANTES_LTDA", "ENDEE": "AVENIDA_ANTONIO_AFONSO_DE_LIMA237__CENTRO_07400-530", "LATITUDE": "-23.3989089", "LONGITUDE": "-46.319407", "LMAPS": "https://www.google.com/maps?q=&layer=c&cbll=-46.319407,-23.3989089", "O_QUE_FAZER": "CARTEIRA", "ER_REGIAO_CIDADE_min": "Arujá_Alto Tietê" }, "geometry": { "type": "Point", "coordinates": [ -46.319407, -23.3989089 ] } },
{ "type": "Feature", "properties": { "CNPJ": "21262475000126", "IDCIDADE": "ARUJA", "NOMEFANTASIA": "CACAU_SHOW", "RAZAOSOCIAL": "JS_CHOCOLATES_LTDA", "ENDEE": "AVENIDA_ANTONIO_AFONSO_DE_LIMA474__CENTRO_07400-530", "LATITUDE": "-23.3967302", "LONGITUDE": "-46.3201275", "LMAPS": "https://www.google.com/maps?q=&layer=c&cbll=-46.3201275,-23.3967302", "O_QUE_FAZER": "CARTEIRA", "ER_REGIAO_CIDADE_min": "Arujá_Alto Tietê" }, "geometry": { "type": "Point", "coordinates": [ -46.3201275, -23.3967302 ] } },
{ "type": "Feature", "properties": { "CNPJ": "47968748000146", "IDCIDADE": "ARUJA", "NOMEFANTASIA": "PNEU_JA", "RAZAOSOCIAL": "PNEUJA_COMERCIO_DE_PNEUS_LTDA", "ENDEE": "AVENIDA_ANTONIO_AFONSO_DE_LIMA62__CENTRO_07400-530", "LATITUDE": "-23.400133", "LONGITUDE": "-46.3183505", "LMAPS": "https://www.google.com/maps?q=&layer=c&cbll=-46.3183505,-23.400133", "O_QUE_FAZER": "CARTEIRA", "ER_REGIAO_CIDADE_min": "Arujá_Alto Tietê" }, "geometry": { "type": "Point", "coordinates": [ -46.3183505, -23.400133 ] } },
{ "type": "Feature", "properties": { "CNPJ": "16666831000137", "IDCIDADE": "ARUJA", "NOMEFANTASIA": "GOMES_TINTAS", "RAZAOSOCIAL": "W_L_COMERCIO_DE_TINTAS_LTDA", "ENDEE": "AVENIDA_ANTONIO_AFONSO_DE_LIMA63__CENTRO_07400-530", "LATITUDE": "-23.400227", "LONGITUDE": "-46.318724", "LMAPS": "https://www.google.com/maps?q=&layer=c&cbll=-46.318724,-23.400227", "O_QUE_FAZER": "CARTEIRA", "ER_REGIAO_CIDADE_min": "Arujá_Alto Tietê" }, "geometry": { "type": "Point", "coordinates": [ -46.318724, -23.400227 ] } },
{ "type": "Feature", "properties": { "CNPJ": "43966990000120", "IDCIDADE": "ARUJA", "NOMEFANTASIA": "LINK_INFORMATICA", "RAZAOSOCIAL": "TIEGO_DE_CAMARGO_FERREIRA_LTDA.", "ENDEE": "AVENIDA_ANTONIO_AFONSO_DE_LIMA93__CENTRO_07400-530", "LATITUDE": "-23.3955644", "LONGITUDE": "-46.3219039", "LMAPS": "https://www.google.com/maps?q=&layer=c&cbll=-46.3219039,-23.3955644", "O_QUE_FAZER": "CARTEIRA", "ER_REGIAO_CIDADE_min": "Arujá_Alto Tietê" }, "geometry": { "type": "Point", "coordinates": [ -46.3219039, -23.3955644 ] } },
{ "type": "Feature", "properties": { "CNPJ": "61086906000165", "IDCIDADE": "ARUJA", "NOMEFANTASIA": "GORETTE_PECAS", "RAZAOSOCIAL": "COMERCIAL_ARUCAR_DE_AUTO_PECAS_LTDA", "ENDEE": "RUA_DUQUE_DE_CAXIAS110__VILA_FLORA_REGINA_07400-545", "LATITUDE": "-23.400976", "LONGITUDE": "-46.3175507", "LMAPS": "https://www.google.com/maps?q=&layer=c&cbll=-46.3175507,-23.400976", "O_QUE_FAZER": "CARTEIRA", "ER_REGIAO_CIDADE_min": "Arujá_Alto Tietê" }, "geometry": { "type": "Point", "coordinates": [ -46.3175507, -23.400976 ] } },
{ "type": "Feature", "properties": { "CNPJ": "06539331000180", "IDCIDADE": "ARUJA", "NOMEFANTASIA": "AGRIMAQ", "RAZAOSOCIAL": "AGRIMAQUINAS_EQUIPAMENTOS_AGRICOLAS_LTDA", "ENDEE": "RUA_DUQUE_DE_CAXIAS131__VILA_FLORA_REGINA_07400-545", "LATITUDE": "-23.4007178", "LONGITUDE": "-46.3174829", "LMAPS": "https://www.google.com/maps?q=&layer=c&cbll=-46.3174829,-23.4007178", "O_QUE_FAZER": "CARTEIRA", "ER_REGIAO_CIDADE_min": "Arujá_Alto Tietê" }, "geometry": { "type": "Point", "coordinates": [ -46.3174829, -23.4007178 ] } },
{ "type": "Feature", "properties": { "CNPJ": "07037145000106", "IDCIDADE": "ARUJA", "NOMEFANTASIA": "POLI_RODAS", "RAZAOSOCIAL": "DANIELA_PELLEGRINO", "ENDEE": "RUA_DUQUE_DE_CAXIAS180__VILA_FLORA_REGINA_07400-545", "LATITUDE": "-23.4009567", "LONGITUDE": "-46.3175774", "LMAPS": "https://www.google.com/maps?q=&layer=c&cbll=-46.3175774,-23.4009567", "O_QUE_FAZER": "CARTEIRA", "ER_REGIAO_CIDADE_min": "Arujá_Alto Tietê" }, "geometry": { "type": "Point", "coordinates": [ -46.3175774, -23.4009567 ] } },
{ "type": "Feature", "properties": { "CNPJ": "47859194000149", "IDCIDADE": "ARUJA", "NOMEFANTASIA": "COSTELAO_ARUJA", "RAZAOSOCIAL": "RESTAURANTE_COSTELAO_LTDA", "ENDEE": "RUA_DUQUE_DE_CAXIAS222__VILA_FLORA_REGINA_07400-545", "LATITUDE": "-23.4014981", "LONGITUDE": "-46.3167922", "LMAPS": "https://www.google.com/maps?q=&layer=c&cbll=-46.3167922,-23.4014981", "O_QUE_FAZER": "CARTEIRA", "ER_REGIAO_CIDADE_min": "Arujá_Alto Tietê" }, "geometry": { "type": "Point", "coordinates": [ -46.3167922, -23.4014981 ] } },
{ "type": "Feature", "properties": { "CNPJ": "00465942000145", "IDCIDADE": "ARUJA", "NOMEFANTASIA": "ARUJA_FLEX", "RAZAOSOCIAL": "ARUJA-FLEX_PECAS_E_ACESSORIOS_PARA_VEICULOS_E_MAQUINAS_LTDA", "ENDEE": "RUA_DUQUE_DE_CAXIAS245__VILA_FLORA_REGINA_07400-545", "LATITUDE": "-23.4016394", "LONGITUDE": "-46.3166165", "LMAPS": "https://www.google.com/maps?q=&layer=c&cbll=-46.3166165,-23.4016394", "O_QUE_FAZER": "CARTEIRA", "ER_REGIAO_CIDADE_min": "Arujá_Alto Tietê" }, "geometry": { "type": "Point", "coordinates": [ -46.3166165, -23.4016394 ] } },
{ "type": "Feature", "properties": { "CNPJ": "53332276000133", "IDCIDADE": "ARUJA", "NOMEFANTASIA": "CHALEIRA_PRETA", "RAZAOSOCIAL": "CHURRASCARIA_CHALEIRA_PRETA_LTDA", "ENDEE": "RUA_DUQUE_DE_CAXIAS253__VILA_FLORA_REGINA_07400-545", "LATITUDE": "-23.4017116", "LONGITUDE": "-46.3163884", "LMAPS": "https://www.google.com/maps?q=&layer=c&cbll=-46.3163884,-23.4017116", "O_QUE_FAZER": "CARTEIRA", "ER_REGIAO_CIDADE_min": "Arujá_Alto Tietê" }, "geometry": { "type": "Point", "coordinates": [ -46.3163884, -23.4017116 ] } },
{ "type": "Feature", "properties": { "CNPJ": "02961566000105", "IDCIDADE": "ARUJA", "NOMEFANTASIA": "SHALLON_VEICULOS", "RAZAOSOCIAL": "SHALLON_COMERCIO_E_ESTACIONAMENTO_DE_VEICULOS_LTDA.", "ENDEE": "RUA_MARTINS_FONTES23__CENTRO_07400-550", "LATITUDE": "-23.4006188", "LONGITUDE": "-46.3179756", "LMAPS": "https://www.google.com/maps?q=&layer=c&cbll=-46.3179756,-23.4006188", "O_QUE_FAZER": "CARTEIRA", "ER_REGIAO_CIDADE_min": "Arujá_Alto Tietê" }, "geometry": { "type": "Point", "coordinates": [ -46.3179756, -23.4006188 ] } },
{ "type": "Feature", "properties": { "CNPJ": "50151206000190", "IDCIDADE": "ARUJA", "NOMEFANTASIA": "SKINA_GAZ", "RAZAOSOCIAL": "SKINAGAS_LTDA", "ENDEE": "RUA_MARTINS_FONTES32__CENTRO_07400-550", "LATITUDE": "-23.4004219", "LONGITUDE": "-46.3182777", "LMAPS": "https://www.google.com/maps?q=&layer=c&cbll=-46.3182777,-23.4004219", "O_QUE_FAZER": "CARTEIRA", "ER_REGIAO_CIDADE_min": "Arujá_Alto Tietê" }, "geometry": { "type": "Point", "coordinates": [ -46.3182777, -23.4004219 ] } },
{ "type": "Feature", "properties": { "CNPJ": "19751512000118", "IDCIDADE": "ARUJA", "NOMEFANTASIA": "SPORTS_ARUJA", "RAZAOSOCIAL": "SPORTS_ARUJA_-_ARTIGOS_ESPORTIVOS_LTDA.", "ENDEE": "RUA_MONTEIRO_LOBATO102__CENTRO_07400-555", "LATITUDE": "-23.396035", "LONGITUDE": "-46.3220233", "LMAPS": "https://www.google.com/maps?q=&layer=c&cbll=-46.3220233,-23.396035", "O_QUE_FAZER": "CARTEIRA", "ER_REGIAO_CIDADE_min": "Arujá_Alto Tietê" }, "geometry": { "type": "Point", "coordinates": [ -46.3220233, -23.396035 ] } },
{ "type": "Feature", "properties": { "CNPJ": "23794024000165", "IDCIDADE": "ARUJA", "NOMEFANTASIA": "CAPIVARAS_SKATE", "RAZAOSOCIAL": "CAPIVARAS_SKATE_SHOP_ARTIGOS_ESPORTIVOS_LTDA", "ENDEE": "RUA_MONTEIRO_LOBATO1056__CENTRO_07400-555", "LATITUDE": "-23.3954677", "LONGITUDE": "-46.3231708", "LMAPS": "https://www.google.com/maps?q=&layer=c&cbll=-46.3231708,-23.3954677", "O_QUE_FAZER": "CARTEIRA", "ER_REGIAO_CIDADE_min": "Arujá_Alto Tietê" }, "geometry": { "type": "Point", "coordinates": [ -46.3231708, -23.3954677 ] } },
{ "type": "Feature", "properties": { "CNPJ": "21887090000154", "IDCIDADE": "ARUJA", "NOMEFANTASIA": "ON_NUTRITION", "RAZAOSOCIAL": "R._S._SILVA_SUPLEMENTOS_ALIMENTARES", "ENDEE": "RUA_MONTEIRO_LOBATO121__CENTRO_07400-555", "LATITUDE": "-23.3962014", "LONGITUDE": "-46.3221384", "LMAPS": "https://www.google.com/maps?q=&layer=c&cbll=-46.3221384,-23.3962014", "O_QUE_FAZER": "CARTEIRA", "ER_REGIAO_CIDADE_min": "Arujá_Alto Tietê" }, "geometry": { "type": "Point", "coordinates": [ -46.3221384, -23.3962014 ] } },
{ "type": "Feature", "properties": { "CNPJ": "21947642000172", "IDCIDADE": "ARUJA", "NOMEFANTASIA": "SUBWAY", "RAZAOSOCIAL": "M_&_R_-_FAST_FOOD_LTDA", "ENDEE": "RUA_MONTEIRO_LOBATO177__CENTRO_07400-555", "LATITUDE": "-23.3962241", "LONGITUDE": "-46.3218339", "LMAPS": "https://www.google.com/maps?q=&layer=c&cbll=-46.3218339,-23.3962241", "O_QUE_FAZER": "CARTEIRA", "ER_REGIAO_CIDADE_min": "Arujá_Alto Tietê" }, "geometry": { "type": "Point", "coordinates": [ -46.3218339, -23.3962241 ] } },
{ "type": "Feature", "properties": { "CNPJ": "24068866000100", "IDCIDADE": "ARUJA", "NOMEFANTASIA": "JCARLOS_IMOVEIS", "RAZAOSOCIAL": "J._R._C._DE_JESUS_IMOVEIS", "ENDEE": "RUA_MONTEIRO_LOBATO231__CENTRO_07400-555", "LATITUDE": "-23.3965318", "LONGITUDE": "-46.3213552", "LMAPS": "https://www.google.com/maps?q=&layer=c&cbll=-46.3213552,-23.3965318", "O_QUE_FAZER": "CARTEIRA", "ER_REGIAO_CIDADE_min": "Arujá_Alto Tietê" }, "geometry": { "type": "Point", "coordinates": [ -46.3213552, -23.3965318 ] } },
{ "type": "Feature", "properties": { "CNPJ": "47807415000135", "IDCIDADE": "ARUJA", "NOMEFANTASIA": "ECOBOX", "RAZAOSOCIAL": "POLIANA_CRAIBAS_PAPELARIA_E_PRESENTES_LTDA", "ENDEE": "RUA_MONTEIRO_LOBATO36__CENTRO_07400-555", "LATITUDE": "-23.3958401", "LONGITUDE": "-46.3226155", "LMAPS": "https://www.google.com/maps?q=&layer=c&cbll=-46.3226155,-23.3958401", "O_QUE_FAZER": "CARTEIRA", "ER_REGIAO_CIDADE_min": "Arujá_Alto Tietê" }, "geometry": { "type": "Point", "coordinates": [ -46.3226155, -23.3958401 ] } },
{ "type": "Feature", "properties": { "CNPJ": "13276138000160", "IDCIDADE": "ARUJA", "NOMEFANTASIA": "ARUFONTES", "RAZAOSOCIAL": "JANAINA_RODRIGUES_DE_CAMPOS", "ENDEE": "RUA_MONTEIRO_LOBATO75__CENTRO_07400-555", "LATITUDE": "-23.3956967", "LONGITUDE": "-46.3225927", "LMAPS": "https://www.google.com/maps?q=&layer=c&cbll=-46.3225927,-23.3956967", "O_QUE_FAZER": "CARTEIRA", "ER_REGIAO_CIDADE_min": "Arujá_Alto Tietê" }, "geometry": { "type": "Point", "coordinates": [ -46.3225927, -23.3956967 ] } },
{ "type": "Feature", "properties": { "CNPJ": "12617744000139", "IDCIDADE": "ARUJA", "NOMEFANTASIA": "NOVA_TEC", "RAZAOSOCIAL": "EDUARDO_FERREIRA_FAUSTINO", "ENDEE": "RUA_MONTEIRO_LOBATO78__CENTRO_07400-555", "LATITUDE": "-23.3958208", "LONGITUDE": "-46.3226505", "LMAPS": "https://www.google.com/maps?q=&layer=c&cbll=-46.3226505,-23.3958208", "O_QUE_FAZER": "CARTEIRA", "ER_REGIAO_CIDADE_min": "Arujá_Alto Tietê" }, "geometry": { "type": "Point", "coordinates": [ -46.3226505, -23.3958208 ] } },
{ "type": "Feature", "properties": { "CNPJ": "21415936000153", "IDCIDADE": "ARUJA", "NOMEFANTASIA": "BENNU_SHOP", "RAZAOSOCIAL": "BENNU_COMERCIO_DE_VESTUARIOS_CALCADOS_E_ACESSORIOS_LTDA", "ENDEE": "RUA_MONTEIRO_LOBATO85__CENTRO_07400-555", "LATITUDE": "-23.3957121", "LONGITUDE": "-46.3225003", "LMAPS": "https://www.google.com/maps?q=&layer=c&cbll=-46.3225003,-23.3957121", "O_QUE_FAZER": "CARTEIRA", "ER_REGIAO_CIDADE_min": "Arujá_Alto Tietê" }, "geometry": { "type": "Point", "coordinates": [ -46.3225003, -23.3957121 ] } },
{ "type": "Feature", "properties": { "CNPJ": "15398838000152", "IDCIDADE": "ARUJA", "NOMEFANTASIA": "BRAFEST", "RAZAOSOCIAL": "BRAFEST_-_UTENSILIOS_PARA_CHURRASCO_FESTA_E_LAZER_LTDA", "ENDEE": "AVENIDA_ANTONIO_AFONSO_DE_LIMA287__CENTRO_07400-560", "LATITUDE": "-23.3984483", "LONGITUDE": "-46.3195782", "LMAPS": "https://www.google.com/maps?q=&layer=c&cbll=-46.3195782,-23.3984483", "O_QUE_FAZER": "CARTEIRA", "ER_REGIAO_CIDADE_min": "Arujá_Alto Tietê" }, "geometry": { "type": "Point", "coordinates": [ -46.3195782, -23.3984483 ] } },
{ "type": "Feature", "properties": { "CNPJ": "43816886000159", "IDCIDADE": "ARUJA", "NOMEFANTASIA": "ART_OCULOS", "RAZAOSOCIAL": "T.M.A_COMERCIO_DE_ARTIGOS_OPTICOS_LTDA", "ENDEE": "AVENIDA_ANTONIO_AFONSO_DE_LIMA350__CENTRO_07400-560", "LATITUDE": "-23.3978421", "LONGITUDE": "-46.3199239", "LMAPS": "https://www.google.com/maps?q=&layer=c&cbll=-46.3199239,-23.3978421", "O_QUE_FAZER": "CARTEIRA", "ER_REGIAO_CIDADE_min": "Arujá_Alto Tietê" }, "geometry": { "type": "Point", "coordinates": [ -46.3199239, -23.3978421 ] } },
{ "type": "Feature", "properties": { "CNPJ": "09253587000204", "IDCIDADE": "ARUJA", "NOMEFANTASIA": "AUTO_ESCOLA_ONYX", "RAZAOSOCIAL": "CENTRO_DE_FORMACAO_DE_CONDUTORES_ONYX_S.J.T_LTDA", "ENDEE": "AVENIDA_ANTONIO_AFONSO_DE_LIMA389__CENTRO_07400-560", "LATITUDE": "-23.3975664", "LONGITUDE": "-46.3199845", "LMAPS": "https://www.google.com/maps?q=&layer=c&cbll=-46.3199845,-23.3975664", "O_QUE_FAZER": "CARTEIRA", "ER_REGIAO_CIDADE_min": "Arujá_Alto Tietê" }, "geometry": { "type": "Point", "coordinates": [ -46.3199845, -23.3975664 ] } },
{ "type": "Feature", "properties": { "CNPJ": "49977313000193", "IDCIDADE": "ARUJA", "NOMEFANTASIA": "CASA_DO_NORTE_COSTA", "RAZAOSOCIAL": "A_P_COSTA_ARUJA_LTDA", "ENDEE": "AVENIDA_ANTONIO_AFONSO_DE_LIMA422__CENTRO_07400-560", "LATITUDE": "-23.397182", "LONGITUDE": "-46.3198547", "LMAPS": "https://www.google.com/maps?q=&layer=c&cbll=-46.3198547,-23.397182", "O_QUE_FAZER": "CARTEIRA", "ER_REGIAO_CIDADE_min": "Arujá_Alto Tietê" }, "geometry": { "type": "Point", "coordinates": [ -46.3198547, -23.397182 ] } },
{ "type": "Feature", "properties": { "CNPJ": "45183328000129", "IDCIDADE": "ARUJA", "NOMEFANTASIA": "KANGURU", "RAZAOSOCIAL": "FABI_PAPELARIA_E_SUPRIMENTOS_DE_INFORMARTICA_LTDA", "ENDEE": "AVENIDA_ANTONIO_AFONSO_DE_LIMA484__CENTRO_07400-560", "LATITUDE": "-23.3967614", "LONGITUDE": "-46.320212", "LMAPS": "https://www.google.com/maps?q=&layer=c&cbll=-46.320212,-23.3967614", "O_QUE_FAZER": "CARTEIRA", "ER_REGIAO_CIDADE_min": "Arujá_Alto Tietê" }, "geometry": { "type": "Point", "coordinates": [ -46.320212, -23.3967614 ] } },
{ "type": "Feature", "properties": { "CNPJ": "05275117000100", "IDCIDADE": "ARUJA", "NOMEFANTASIA": "FANTASTICO_AUTO_ESCOLA", "RAZAOSOCIAL": "CFC_FANTASTICO_CENTRO_DE_FORMACAO_DE_CONDUTORES_B_EDUCACAO_PARA_O_TRANSITO_LTDA", "ENDEE": "AVENIDA_ANTONIO_AFONSO_DE_LIMA488__CENTRO_07400-560", "LATITUDE": "-23.3966417", "LONGITUDE": "-46.3202118", "LMAPS": "https://www.google.com/maps?q=&layer=c&cbll=-46.3202118,-23.3966417", "O_QUE_FAZER": "CARTEIRA", "ER_REGIAO_CIDADE_min": "Arujá_Alto Tietê" }, "geometry": { "type": "Point", "coordinates": [ -46.3202118, -23.3966417 ] } },
{ "type": "Feature", "properties": { "CNPJ": "51452314000166", "IDCIDADE": "ARUJA", "NOMEFANTASIA": "JR_RELOGIOS", "RAZAOSOCIAL": "JR_JOIAS_E_RELOGIOS_LTDA", "ENDEE": "AVENIDA_ANTONIO_AFONSO_DE_LIMA575__CENTRO_07400-560", "LATITUDE": "-23.3962737", "LONGITUDE": "-46.3208289", "LMAPS": "https://www.google.com/maps?q=&layer=c&cbll=-46.3208289,-23.3962737", "O_QUE_FAZER": "CARTEIRA", "ER_REGIAO_CIDADE_min": "Arujá_Alto Tietê" }, "geometry": { "type": "Point", "coordinates": [ -46.3208289, -23.3962737 ] } },
{ "type": "Feature", "properties": { "CNPJ": "33924045000101", "IDCIDADE": "ARUJA", "NOMEFANTASIA": "HIPPO_KIDS", "RAZAOSOCIAL": "HYPPO_KIDS_BRINQUEDOS_EDUCATIVOS_LTDA", "ENDEE": "AVENIDA_ANTONIO_AFONSO_DE_LIMA633__CENTRO_07400-560", "LATITUDE": "-23.3961033", "LONGITUDE": "-46.3214356", "LMAPS": "https://www.google.com/maps?q=&layer=c&cbll=-46.3214356,-23.3961033", "O_QUE_FAZER": "CARTEIRA", "ER_REGIAO_CIDADE_min": "Arujá_Alto Tietê" }, "geometry": { "type": "Point", "coordinates": [ -46.3214356, -23.3961033 ] } },
{ "type": "Feature", "properties": { "CNPJ": "13276138000402", "IDCIDADE": "ARUJA", "NOMEFANTASIA": "ARUFONTES", "RAZAOSOCIAL": "JANAINA_RODRIGUES_DE_CAMPOS", "ENDEE": "AVENIDA_ANTONIO_AFONSO_DE_LIMA745__CENTRO_07400-560", "LATITUDE": "-23.3955307", "LONGITUDE": "-46.3224486", "LMAPS": "https://www.google.com/maps?q=&layer=c&cbll=-46.3224486,-23.3955307", "O_QUE_FAZER": "CARTEIRA", "ER_REGIAO_CIDADE_min": "Arujá_Alto Tietê" }, "geometry": { "type": "Point", "coordinates": [ -46.3224486, -23.3955307 ] } },
{ "type": "Feature", "properties": { "CNPJ": "23893058000298", "IDCIDADE": "ARUJA", "NOMEFANTASIA": "HOSPITAL_DO_SECADOR", "RAZAOSOCIAL": "ALEXANDRO_MARTINEZ_MUNIZ_ASSISTENCIA_TECNICA", "ENDEE": "RUA_MAJOR_BENJAMIN_FRANCO555__JARDIM_VITORIA_07400-590", "LATITUDE": "-23.3967328", "LONGITUDE": "-46.3289998", "LMAPS": "https://www.google.com/maps?q=&layer=c&cbll=-46.3289998,-23.3967328", "O_QUE_FAZER": "CARTEIRA", "ER_REGIAO_CIDADE_min": "Arujá_Alto Tietê" }, "geometry": { "type": "Point", "coordinates": [ -46.3289998, -23.3967328 ] } },
{ "type": "Feature", "properties": { "CNPJ": "09261684000150", "IDCIDADE": "ARUJA", "NOMEFANTASIA": "TANAKARA", "RAZAOSOCIAL": "TANAKARA_ARUJA_MINIMERCADO_LTDA", "ENDEE": "AVENIDA_JOAO_MANOEL135__CENTRO_07400-605", "LATITUDE": "-23.3954545", "LONGITUDE": "-46.324213", "LMAPS": "https://www.google.com/maps?q=&layer=c&cbll=-46.324213,-23.3954545", "O_QUE_FAZER": "CARTEIRA", "ER_REGIAO_CIDADE_min": "Arujá_Alto Tietê" }, "geometry": { "type": "Point", "coordinates": [ -46.324213, -23.3954545 ] } },
{ "type": "Feature", "properties": { "CNPJ": "28670900000165", "IDCIDADE": "ARUJA", "NOMEFANTASIA": "BENEZER", "RAZAOSOCIAL": "PENIEL_COMERCIO_DE_GAS_LTDA", "ENDEE": "AVENIDA_JOAO_MANOEL159__CENTRO_07400-605", "LATITUDE": "-23.3952896", "LONGITUDE": "-46.3245351", "LMAPS": "https://www.google.com/maps?q=&layer=c&cbll=-46.3245351,-23.3952896", "O_QUE_FAZER": "CARTEIRA", "ER_REGIAO_CIDADE_min": "Arujá_Alto Tietê" }, "geometry": { "type": "Point", "coordinates": [ -46.3245351, -23.3952896 ] } },
{ "type": "Feature", "properties": { "CNPJ": "18368668000151", "IDCIDADE": "ARUJA", "NOMEFANTASIA": "MAGAZINE_DO_REAL", "RAZAOSOCIAL": "ARF_COMERCIO_DE_UTILIDADES_DOMESTICAS_LTDA", "ENDEE": "AVENIDA_JOAO_MANOEL163__CENTRO_07400-605", "LATITUDE": "-23.3953164", "LONGITUDE": "-46.3245837", "LMAPS": "https://www.google.com/maps?q=&layer=c&cbll=-46.3245837,-23.3953164", "O_QUE_FAZER": "CARTEIRA", "ER_REGIAO_CIDADE_min": "Arujá_Alto Tietê" }, "geometry": { "type": "Point", "coordinates": [ -46.3245837, -23.3953164 ] } },
{ "type": "Feature", "properties": { "CNPJ": "08027455000102", "IDCIDADE": "ARUJA", "NOMEFANTASIA": "SUPER_JL", "RAZAOSOCIAL": "SUPER_J.L_COMERCIO_DE_MATERIAIS_ELETRICOS_LTDA", "ENDEE": "AVENIDA_JOAO_MANOEL175__CENTRO_07400-605", "LATITUDE": "-23.3953748", "LONGITUDE": "-46.3247568", "LMAPS": "https://www.google.com/maps?q=&layer=c&cbll=-46.3247568,-23.3953748", "O_QUE_FAZER": "CARTEIRA", "ER_REGIAO_CIDADE_min": "Arujá_Alto Tietê" }, "geometry": { "type": "Point", "coordinates": [ -46.3247568, -23.3953748 ] } },
{ "type": "Feature", "properties": { "CNPJ": "45380140000170", "IDCIDADE": "ARUJA", "NOMEFANTASIA": "CRIATIVA_SOFAS", "RAZAOSOCIAL": "CRIATIVA_SOFAS_LTDA", "ENDEE": "AVENIDA_JOAO_MANOEL215__CENTRO_07400-605", "LATITUDE": "-23.3952871", "LONGITUDE": "-46.3250335", "LMAPS": "https://www.google.com/maps?q=&layer=c&cbll=-46.3250335,-23.3952871", "O_QUE_FAZER": "CARTEIRA", "ER_REGIAO_CIDADE_min": "Arujá_Alto Tietê" }, "geometry": { "type": "Point", "coordinates": [ -46.3250335, -23.3952871 ] } },
{ "type": "Feature", "properties": { "CNPJ": "01169958000173", "IDCIDADE": "ARUJA", "NOMEFANTASIA": "TREKOS_CAR", "RAZAOSOCIAL": "JOAO_RICARDO_RIBEIRO_PNEUS", "ENDEE": "AVENIDA_JOAO_MANOEL221__CENTRO_07400-605", "LATITUDE": "-23.3952933", "LONGITUDE": "-46.3252175", "LMAPS": "https://www.google.com/maps?q=&layer=c&cbll=-46.3252175,-23.3952933", "O_QUE_FAZER": "CARTEIRA", "ER_REGIAO_CIDADE_min": "Arujá_Alto Tietê" }, "geometry": { "type": "Point", "coordinates": [ -46.3252175, -23.3952933 ] } },
{ "type": "Feature", "properties": { "CNPJ": "05478448000139", "IDCIDADE": "ARUJA", "NOMEFANTASIA": "HOTEL_JIN_JU", "RAZAOSOCIAL": "HOTEL_JIN_JU_LTDA", "ENDEE": "AVENIDA_JOAO_MANOEL245__CENTRO_07400-605", "LATITUDE": "-23.3955168", "LONGITUDE": "-46.325308", "LMAPS": "https://www.google.com/maps?q=&layer=c&cbll=-46.325308,-23.3955168", "O_QUE_FAZER": "CARTEIRA", "ER_REGIAO_CIDADE_min": "Arujá_Alto Tietê" }, "geometry": { "type": "Point", "coordinates": [ -46.325308, -23.3955168 ] } },
{ "type": "Feature", "properties": { "CNPJ": "41258238000107", "IDCIDADE": "ARUJA", "NOMEFANTASIA": "ZUBAO_SALVADOS", "RAZAOSOCIAL": "RICARDO_ELIAS_DA_SILVA_ANTUNES", "ENDEE": "AVENIDA_JOAO_MANOEL259__CENTRO_07400-605", "LATITUDE": "-23.3954058", "LONGITUDE": "-46.3253556", "LMAPS": "https://www.google.com/maps?q=&layer=c&cbll=-46.3253556,-23.3954058", "O_QUE_FAZER": "CARTEIRA", "ER_REGIAO_CIDADE_min": "Arujá_Alto Tietê" }, "geometry": { "type": "Point", "coordinates": [ -46.3253556, -23.3954058 ] } },
{ "type": "Feature", "properties": { "CNPJ": "11109686000170", "IDCIDADE": "ARUJA", "NOMEFANTASIA": "ZELAR_EMPREGOS", "RAZAOSOCIAL": "ZELAR_EMPREGOS_E_SERVICOS_LTDA", "ENDEE": "AVENIDA_JOAO_MANOEL319__CENTRO_07400-605", "LATITUDE": "-23.3953535", "LONGITUDE": "-46.3260809", "LMAPS": "https://www.google.com/maps?q=&layer=c&cbll=-46.3260809,-23.3953535", "O_QUE_FAZER": "CARTEIRA", "ER_REGIAO_CIDADE_min": "Arujá_Alto Tietê" }, "geometry": { "type": "Point", "coordinates": [ -46.3260809, -23.3953535 ] } },
{ "type": "Feature", "properties": { "CNPJ": "27933269000187", "IDCIDADE": "ARUJA", "NOMEFANTASIA": "STUDIO_MARILIA_BOTELHO", "RAZAOSOCIAL": "STUDIO_MARILIA_BOTELHO_SOLUCOES_EM_REPAROS_E_ESTETICA_AUTOMOTIVA_LTDA", "ENDEE": "AVENIDA_JOAO_MANOEL345__CENTRO_07400-605", "LATITUDE": "-23.3954352", "LONGITUDE": "-46.3265578", "LMAPS": "https://www.google.com/maps?q=&layer=c&cbll=-46.3265578,-23.3954352", "O_QUE_FAZER": "CARTEIRA", "ER_REGIAO_CIDADE_min": "Arujá_Alto Tietê" }, "geometry": { "type": "Point", "coordinates": [ -46.3265578, -23.3954352 ] } },
{ "type": "Feature", "properties": { "CNPJ": "22919413000107", "IDCIDADE": "ARUJA", "NOMEFANTASIA": "SODIE_DOCES", "RAZAOSOCIAL": "DELICIA_DE_ACUCAR_COMERCIO_DE_BOLOS_LTDA", "ENDEE": "AVENIDA_JOAO_MANOEL377__CENTRO_07400-605", "LATITUDE": "-23.3955266", "LONGITUDE": "-46.3265844", "LMAPS": "https://www.google.com/maps?q=&layer=c&cbll=-46.3265844,-23.3955266", "O_QUE_FAZER": "CARTEIRA", "ER_REGIAO_CIDADE_min": "Arujá_Alto Tietê" }, "geometry": { "type": "Point", "coordinates": [ -46.3265844, -23.3955266 ] } },
{ "type": "Feature", "properties": { "CNPJ": "34051386000182", "IDCIDADE": "ARUJA", "NOMEFANTASIA": "STUDIO_DESTAKE", "RAZAOSOCIAL": "STUDIO_DESTAK_LTDA", "ENDEE": "AVENIDA_JOAO_MANOEL427__CENTRO_07400-605", "LATITUDE": "-23.3952774", "LONGITUDE": "-46.3272027", "LMAPS": "https://www.google.com/maps?q=&layer=c&cbll=-46.3272027,-23.3952774", "O_QUE_FAZER": "CARTEIRA", "ER_REGIAO_CIDADE_min": "Arujá_Alto Tietê" }, "geometry": { "type": "Point", "coordinates": [ -46.3272027, -23.3952774 ] } },
{ "type": "Feature", "properties": { "CNPJ": "28743234000148", "IDCIDADE": "ARUJA", "NOMEFANTASIA": "FARMA_LESTE", "RAZAOSOCIAL": "FARMA_LESTE_RODOVIARIA_LTDA", "ENDEE": "AVENIDA_JOAO_MANOEL150__CENTRO_07400-610", "LATITUDE": "-23.3947437", "LONGITUDE": "-46.3244476", "LMAPS": "https://www.google.com/maps?q=&layer=c&cbll=-46.3244476,-23.3947437", "O_QUE_FAZER": "CARTEIRA", "ER_REGIAO_CIDADE_min": "Arujá_Alto Tietê" }, "geometry": { "type": "Point", "coordinates": [ -46.3244476, -23.3947437 ] } },
{ "type": "Feature", "properties": { "CNPJ": "11195048000119", "IDCIDADE": "ARUJA", "NOMEFANTASIA": "AM_MATERIAIS", "RAZAOSOCIAL": "M_C_C_MASSARO", "ENDEE": "AVENIDA_JOAO_MANOEL542__CENTRO_07400-610", "LATITUDE": "-23.3949567", "LONGITUDE": "-46.3282829", "LMAPS": "https://www.google.com/maps?q=&layer=c&cbll=-46.3282829,-23.3949567", "O_QUE_FAZER": "CARTEIRA", "ER_REGIAO_CIDADE_min": "Arujá_Alto Tietê" }, "geometry": { "type": "Point", "coordinates": [ -46.3282829, -23.3949567 ] } },
{ "type": "Feature", "properties": { "CNPJ": "45746742000107", "IDCIDADE": "ARUJA", "NOMEFANTASIA": "CRESCI_E_PERDI", "RAZAOSOCIAL": "LDA_ARTIGOS_INFANTIS_LTDA", "ENDEE": "AVENIDA_JOAO_MANOEL660__CENTRO_07400-610", "LATITUDE": "-23.39508", "LONGITUDE": "-46.329315", "LMAPS": "https://www.google.com/maps?q=&layer=c&cbll=-46.329315,-23.39508", "O_QUE_FAZER": "CARTEIRA", "ER_REGIAO_CIDADE_min": "Arujá_Alto Tietê" }, "geometry": { "type": "Point", "coordinates": [ -46.329315, -23.39508 ] } },
{ "type": "Feature", "properties": { "CNPJ": "42957360000126", "IDCIDADE": "ARUJA", "NOMEFANTASIA": "ADEGA_DAHUN", "RAZAOSOCIAL": "ADEGA_DA_HUM_LTDA", "ENDEE": "AVENIDA_JOAO_MANOEL1045__CENTRO_07400-615", "LATITUDE": "-23.3969249", "LONGITUDE": "-46.3325606", "LMAPS": "https://www.google.com/maps?q=&layer=c&cbll=-46.3325606,-23.3969249", "O_QUE_FAZER": "CARTEIRA", "ER_REGIAO_CIDADE_min": "Arujá_Alto Tietê" }, "geometry": { "type": "Point", "coordinates": [ -46.3325606, -23.3969249 ] } },
{ "type": "Feature", "properties": { "CNPJ": "47887464000125", "IDCIDADE": "ARUJA", "NOMEFANTASIA": "GOYA", "RAZAOSOCIAL": "MANDICA_SHOP_COSMETICOS_LTDA", "ENDEE": "AVENIDA_JOAO_MANOEL150__CENTRO_07400-615", "LATITUDE": "-23.3947813", "LONGITUDE": "-46.3242221", "LMAPS": "https://www.google.com/maps?q=&layer=c&cbll=-46.3242221,-23.3947813", "O_QUE_FAZER": "CARTEIRA", "ER_REGIAO_CIDADE_min": "Arujá_Alto Tietê" }, "geometry": { "type": "Point", "coordinates": [ -46.3242221, -23.3947813 ] } },
{ "type": "Feature", "properties": { "CNPJ": "07587799000375", "IDCIDADE": "ARUJA", "NOMEFANTASIA": "BOTICARIO", "RAZAOSOCIAL": "FERF_&_JLG_ARUJA_COMERCIO_DE_COSMETICOS_LTDA", "ENDEE": "AVENIDA_JOAO_MANOEL541__CENTRO_07400-615", "LATITUDE": "-23.3953391", "LONGITUDE": "-46.3273084", "LMAPS": "https://www.google.com/maps?q=&layer=c&cbll=-46.3273084,-23.3953391", "O_QUE_FAZER": "CARTEIRA", "ER_REGIAO_CIDADE_min": "Arujá_Alto Tietê" }, "geometry": { "type": "Point", "coordinates": [ -46.3273084, -23.3953391 ] } },
{ "type": "Feature", "properties": { "CNPJ": "07474926000168", "IDCIDADE": "ARUJA", "NOMEFANTASIA": "OURO_VERDE", "RAZAOSOCIAL": "MADEIREIRA_E_TRANSPORTES_OURO_VERDE_LTDA", "ENDEE": "AVENIDA_JOAO_MANOEL735__CENTRO_07400-615", "LATITUDE": "-23.3961253", "LONGITUDE": "-46.3297948", "LMAPS": "https://www.google.com/maps?q=&layer=c&cbll=-46.3297948,-23.3961253", "O_QUE_FAZER": "CARTEIRA", "ER_REGIAO_CIDADE_min": "Arujá_Alto Tietê" }, "geometry": { "type": "Point", "coordinates": [ -46.3297948, -23.3961253 ] } },
{ "type": "Feature", "properties": { "CNPJ": "22478263000143", "IDCIDADE": "ARUJA", "NOMEFANTASIA": "BASE_CENTRO_AUTOMOTIVO", "RAZAOSOCIAL": "BASE_CENTRO_AUTOMOTIVO_LTDA", "ENDEE": "AVENIDA_JOAO_MANOEL785__CENTRO_07400-615", "LATITUDE": "-23.3965849", "LONGITUDE": "-46.3304041", "LMAPS": "https://www.google.com/maps?q=&layer=c&cbll=-46.3304041,-23.3965849", "O_QUE_FAZER": "CARTEIRA", "ER_REGIAO_CIDADE_min": "Arujá_Alto Tietê" }, "geometry": { "type": "Point", "coordinates": [ -46.3304041, -23.3965849 ] } },
{ "type": "Feature", "properties": { "CNPJ": "36210665000177", "IDCIDADE": "ARUJA", "NOMEFANTASIA": "RIO_PISCINAS", "RAZAOSOCIAL": "CEARA_COMERCIO_DE_PISCINAS_LTDA", "ENDEE": "AVENIDA_JOAO_MANOEL909__CENTRO_07400-615", "LATITUDE": "-23.3966276", "LONGITUDE": "-46.3317419", "LMAPS": "https://www.google.com/maps?q=&layer=c&cbll=-46.3317419,-23.3966276", "O_QUE_FAZER": "CARTEIRA", "ER_REGIAO_CIDADE_min": "Arujá_Alto Tietê" }, "geometry": { "type": "Point", "coordinates": [ -46.3317419, -23.3966276 ] } },
{ "type": "Feature", "properties": { "CNPJ": "49757957000176", "IDCIDADE": "ARUJA", "NOMEFANTASIA": "SANISA", "RAZAOSOCIAL": "SANISA_AGUA_E_LOCACOES_LTDA", "ENDEE": "AVENIDA_JOAO_MANOEL1054__CENTRO_07400-650", "LATITUDE": "-23.3962403", "LONGITUDE": "-46.333016", "LMAPS": "https://www.google.com/maps?q=&layer=c&cbll=-46.333016,-23.3962403", "O_QUE_FAZER": "CARTEIRA", "ER_REGIAO_CIDADE_min": "Arujá_Alto Tietê" }, "geometry": { "type": "Point", "coordinates": [ -46.333016, -23.3962403 ] } },
{ "type": "Feature", "properties": { "CNPJ": "20460263000190", "IDCIDADE": "ARUJA", "NOMEFANTASIA": "CONTAINER_PASTA_E_BURGUER", "RAZAOSOCIAL": "JMV_COMERCIO_DE_ALIMENTOS_LTDA", "ENDEE": "AVENIDA_JOAO_MANOEL1090__CENTRO_07400-650", "LATITUDE": "-23.3963622", "LONGITUDE": "-46.3333815", "LMAPS": "https://www.google.com/maps?q=&layer=c&cbll=-46.3333815,-23.3963622", "O_QUE_FAZER": "CARTEIRA", "ER_REGIAO_CIDADE_min": "Arujá_Alto Tietê" }, "geometry": { "type": "Point", "coordinates": [ -46.3333815, -23.3963622 ] } },
{ "type": "Feature", "properties": { "CNPJ": "11483032000101", "IDCIDADE": "ARUJA", "NOMEFANTASIA": "SIMONETTO", "RAZAOSOCIAL": "DMAIS_COMERCIO_DE_MOVEIS_PLANEJADOS_LTDA", "ENDEE": "AVENIDA_JOAO_MANOEL1118__CENTRO_07400-650", "LATITUDE": "-23.396436", "LONGITUDE": "-46.3336066", "LMAPS": "https://www.google.com/maps?q=&layer=c&cbll=-46.3336066,-23.396436", "O_QUE_FAZER": "CARTEIRA", "ER_REGIAO_CIDADE_min": "Arujá_Alto Tietê" }, "geometry": { "type": "Point", "coordinates": [ -46.3336066, -23.396436 ] } },
{ "type": "Feature", "properties": { "CNPJ": "46295959000100", "IDCIDADE": "ARUJA", "NOMEFANTASIA": "DROGARIA_LIMA_NIGUMA", "RAZAOSOCIAL": "LIMA_E_NIGUMA_DROGARIA_E_PERFUMARIA_LTDA", "ENDEE": "AVENIDA_JOAO_MANOEL173__CENTRO_07400-650", "LATITUDE": "-23.3951221", "LONGITUDE": "-46.3301229", "LMAPS": "https://www.google.com/maps?q=&layer=c&cbll=-46.3301229,-23.3951221", "O_QUE_FAZER": "CARTEIRA", "ER_REGIAO_CIDADE_min": "Arujá_Alto Tietê" }, "geometry": { "type": "Point", "coordinates": [ -46.3301229, -23.3951221 ] } },
{ "type": "Feature", "properties": { "CNPJ": "20460462000280", "IDCIDADE": "ARUJA", "NOMEFANTASIA": "ALIANCAS_LITORANEAS", "RAZAOSOCIAL": "ALIANCAS_LITORANEA_LTDA", "ENDEE": "AVENIDA_ARMANDO_COLANGELO173__ARUJA_CENTER_VILLE_07401-070", "LATITUDE": "-23.395108", "LONGITUDE": "-46.3297039", "LMAPS": "https://www.google.com/maps?q=&layer=c&cbll=-46.3297039,-23.395108", "O_QUE_FAZER": "CARTEIRA", "ER_REGIAO_CIDADE_min": "Arujá_Alto Tietê" }, "geometry": { "type": "Point", "coordinates": [ -46.3297039, -23.395108 ] } },
{ "type": "Feature", "properties": { "CNPJ": "18919112000106", "IDCIDADE": "ARUJA", "NOMEFANTASIA": "BADULAKE", "RAZAOSOCIAL": "GABRIELA_DOS_SANTOS_GIORDANI_GRANDO_DE_SOUZA", "ENDEE": "AVENIDA_ARMANDO_COLANGELO173__ARUJA_CENTER_VILLE_07401-070", "LATITUDE": "-23.3951357", "LONGITUDE": "-46.3299635", "LMAPS": "https://www.google.com/maps?q=&layer=c&cbll=-46.3299635,-23.3951357", "O_QUE_FAZER": "CARTEIRA", "ER_REGIAO_CIDADE_min": "Arujá_Alto Tietê" }, "geometry": { "type": "Point", "coordinates": [ -46.3299635, -23.3951357 ] } },
{ "type": "Feature", "properties": { "CNPJ": "48535021000138", "IDCIDADE": "ARUJA", "NOMEFANTASIA": "CHICKENS_FRANGO_FRITO", "RAZAOSOCIAL": "CHICKEN'S_FRANGO_FRITO_LTDA", "ENDEE": "AVENIDA_ARMANDO_COLANGELO173__ARUJA_CENTER_VILLE_07401-070", "LATITUDE": "-23.3951437", "LONGITUDE": "-46.33007", "LMAPS": "https://www.google.com/maps?q=&layer=c&cbll=-46.33007,-23.3951437", "O_QUE_FAZER": "CARTEIRA", "ER_REGIAO_CIDADE_min": "Arujá_Alto Tietê" }, "geometry": { "type": "Point", "coordinates": [ -46.33007, -23.3951437 ] } },
{ "type": "Feature", "properties": { "CNPJ": "27784684000116", "IDCIDADE": "ARUJA", "NOMEFANTASIA": "REI_DA_EMBREAGEM", "RAZAOSOCIAL": "C.H._DE_ANDRADE_COMERCIO_DE_PECAS", "ENDEE": "AVENIDA_ARMANDO_COLANGELO1885__PARQUE_RODRIGO_BARRETO_07401-070", "LATITUDE": "-23.3808341", "LONGITUDE": "-46.3256768", "LMAPS": "https://www.google.com/maps?q=&layer=c&cbll=-46.3256768,-23.3808341", "O_QUE_FAZER": "CARTEIRA", "ER_REGIAO_CIDADE_min": "Arujá_Alto Tietê" }, "geometry": { "type": "Point", "coordinates": [ -46.3256768, -23.3808341 ] } },
{ "type": "Feature", "properties": { "CNPJ": "44884971000117", "IDCIDADE": "ARUJA", "NOMEFANTASIA": "AM", "RAZAOSOCIAL": "A_C_C_MASSARO_COMERCIO_DE_MATERIAIS_PARA_CONSTRUCOES", "ENDEE": "AVENIDA_ARMANDO_COLANGELO260__ARUJA_CENTER_VILLE_07401-075", "LATITUDE": "-23.3942872", "LONGITUDE": "-46.3292069", "LMAPS": "https://www.google.com/maps?q=&layer=c&cbll=-46.3292069,-23.3942872", "O_QUE_FAZER": "CARTEIRA", "ER_REGIAO_CIDADE_min": "Arujá_Alto Tietê" }, "geometry": { "type": "Point", "coordinates": [ -46.3292069, -23.3942872 ] } },
{ "type": "Feature", "properties": { "CNPJ": "36557558000110", "IDCIDADE": "ARUJA", "NOMEFANTASIA": "WM_ESPECIALISTA", "RAZAOSOCIAL": "WM_COMERCIO_PARA_MANUTENCAO_INDUSTRIAL_LTDA", "ENDEE": "AVENIDA_ARMANDO_COLANGELO604__PARQUE_RODRIGO_BARRETO_07401-075", "LATITUDE": "-23.3915732", "LONGITUDE": "-46.3279994", "LMAPS": "https://www.google.com/maps?q=&layer=c&cbll=-46.3279994,-23.3915732", "O_QUE_FAZER": "CARTEIRA", "ER_REGIAO_CIDADE_min": "Arujá_Alto Tietê" }, "geometry": { "type": "Point", "coordinates": [ -46.3279994, -23.3915732 ] } },
{ "type": "Feature", "properties": { "CNPJ": "42553501000145", "IDCIDADE": "ARUJA", "NOMEFANTASIA": "GESSO_NATUREZA", "RAZAOSOCIAL": "GESSO_NATUREZA_LTDA", "ENDEE": "AVENIDA_ARMANDO_COLANGELO640__PARQUE_RODRIGO_BARRETO_07401-075", "LATITUDE": "-23.3912737", "LONGITUDE": "-46.3278616", "LMAPS": "https://www.google.com/maps?q=&layer=c&cbll=-46.3278616,-23.3912737", "O_QUE_FAZER": "CARTEIRA", "ER_REGIAO_CIDADE_min": "Arujá_Alto Tietê" }, "geometry": { "type": "Point", "coordinates": [ -46.3278616, -23.3912737 ] } },
{ "type": "Feature", "properties": { "CNPJ": "46224884000240", "IDCIDADE": "ARUJA", "NOMEFANTASIA": "RJ7", "RAZAOSOCIAL": "RJ7_CONFECCOES_LTDA", "ENDEE": "RUA_AIRES_MONTEIRO81__ARUJA_CENTER_VILLE_07401-085", "LATITUDE": "-23.3919926", "LONGITUDE": "-46.3259204", "LMAPS": "https://www.google.com/maps?q=&layer=c&cbll=-46.3259204,-23.3919926", "O_QUE_FAZER": "CARTEIRA", "ER_REGIAO_CIDADE_min": "Arujá_Alto Tietê" }, "geometry": { "type": "Point", "coordinates": [ -46.3259204, -23.3919926 ] } },
{ "type": "Feature", "properties": { "CNPJ": "03615435000139", "IDCIDADE": "ARUJA", "NOMEFANTASIA": "LOOK_ADESIVOS", "RAZAOSOCIAL": "LOOK_ADESIVOS_PERSONALIZADOS_LTDA", "ENDEE": "RUA_SERGIO_SALEH_RIMAN125__ARUJA_CENTER_VILLE_07401-105", "LATITUDE": "-23.3929548", "LONGITUDE": "-46.3259066", "LMAPS": "https://www.google.com/maps?q=&layer=c&cbll=-46.3259066,-23.3929548", "O_QUE_FAZER": "CARTEIRA", "ER_REGIAO_CIDADE_min": "Arujá_Alto Tietê" }, "geometry": { "type": "Point", "coordinates": [ -46.3259066, -23.3929548 ] } },
{ "type": "Feature", "properties": { "CNPJ": "54577218000132", "IDCIDADE": "ARUJA", "NOMEFANTASIA": "FERPAVA", "RAZAOSOCIAL": "FERPAVA_-_COMERCIO_E_SERVICOS_DE_AUTO_PECAS_LTDA", "ENDEE": "RUA_SERGIO_SALEH_RIMAN191__ARUJA_CENTER_VILLE_07401-105", "LATITUDE": "-23.3923362", "LONGITUDE": "-46.3253177", "LMAPS": "https://www.google.com/maps?q=&layer=c&cbll=-46.3253177,-23.3923362", "O_QUE_FAZER": "CARTEIRA", "ER_REGIAO_CIDADE_min": "Arujá_Alto Tietê" }, "geometry": { "type": "Point", "coordinates": [ -46.3253177, -23.3923362 ] } },
{ "type": "Feature", "properties": { "CNPJ": "29278936000160", "IDCIDADE": "ARUJA", "NOMEFANTASIA": "SANDRO_POUPAS", "RAZAOSOCIAL": "SANDRO_A._MATTEO_POLPA_DE_FRUTA", "ENDEE": "RUA_GUILHERME_MARCHINI185__ARUJA_CENTER_VILLE_07401-115", "LATITUDE": "-23.3926505", "LONGITUDE": "-46.324746", "LMAPS": "https://www.google.com/maps?q=&layer=c&cbll=-46.324746,-23.3926505", "O_QUE_FAZER": "CARTEIRA", "ER_REGIAO_CIDADE_min": "Arujá_Alto Tietê" }, "geometry": { "type": "Point", "coordinates": [ -46.324746, -23.3926505 ] } },
{ "type": "Feature", "properties": { "CNPJ": "54455603000107", "IDCIDADE": "ARUJA", "NOMEFANTASIA": "CLINICA_EQUILIBRIUM", "RAZAOSOCIAL": "NUCLEO_TERAPEUTICO_EQUILIBRIUM_LTDA", "ENDEE": "RUA_VANDERLEY_NASSER_DO_PRADO100__ARUJA_CENTER_VILLE_07401-120", "LATITUDE": "-23.393923", "LONGITUDE": "-46.325861", "LMAPS": "https://www.google.com/maps?q=&layer=c&cbll=-46.325861,-23.393923", "O_QUE_FAZER": "CARTEIRA", "ER_REGIAO_CIDADE_min": "Arujá_Alto Tietê" }, "geometry": { "type": "Point", "coordinates": [ -46.325861, -23.393923 ] } },
{ "type": "Feature", "properties": { "CNPJ": "23149252000182", "IDCIDADE": "ARUJA", "NOMEFANTASIA": "INNGRIFFE", "RAZAOSOCIAL": "INN_GRIFFE_UNIFORMES_E_ACESSORIOS_LTDA", "ENDEE": "RUA_VANDERLEY_NASSER_DO_PRADO75__ARUJA_CENTER_VILLE_07401-120", "LATITUDE": "-23.3936903", "LONGITUDE": "-46.325924", "LMAPS": "https://www.google.com/maps?q=&layer=c&cbll=-46.325924,-23.3936903", "O_QUE_FAZER": "CARTEIRA", "ER_REGIAO_CIDADE_min": "Arujá_Alto Tietê" }, "geometry": { "type": "Point", "coordinates": [ -46.325924, -23.3936903 ] } },
{ "type": "Feature", "properties": { "CNPJ": "00357039000160", "IDCIDADE": "ARUJA", "NOMEFANTASIA": "NOVA_JL", "RAZAOSOCIAL": "JOSE_BENEDITO_PEREIRA_DE_OLIVEIRA_ARUJA", "ENDEE": "ALAMEDA_NASSIMA_JORGE_MIGUEL75__ARUJA_CENTER_VILLE_07401-140", "LATITUDE": "-23.3938098", "LONGITUDE": "-46.3254672", "LMAPS": "https://www.google.com/maps?q=&layer=c&cbll=-46.3254672,-23.3938098", "O_QUE_FAZER": "CARTEIRA", "ER_REGIAO_CIDADE_min": "Arujá_Alto Tietê" }, "geometry": { "type": "Point", "coordinates": [ -46.3254672, -23.3938098 ] } },
{ "type": "Feature", "properties": { "CNPJ": "47949225000152", "IDCIDADE": "ARUJA", "NOMEFANTASIA": "OTICA_DINIZ", "RAZAOSOCIAL": "VINTE_E_QUATRO_CENTRO_OTICO_LTDA", "ENDEE": "PRACA_DALILA_FERREIRA_BARBOSA36__JARDIM_MODELO_07401-295", "LATITUDE": "-23.3946966", "LONGITUDE": "-46.3226761", "LMAPS": "https://www.google.com/maps?q=&layer=c&cbll=-46.3226761,-23.3946966", "O_QUE_FAZER": "CARTEIRA", "ER_REGIAO_CIDADE_min": "Arujá_Alto Tietê" }, "geometry": { "type": "Point", "coordinates": [ -46.3226761, -23.3946966 ] } },
{ "type": "Feature", "properties": { "CNPJ": "32828194000104", "IDCIDADE": "ARUJA", "NOMEFANTASIA": "RESTAURANTE_ZERO_HORA", "RAZAOSOCIAL": "MARJORI_PRISCILA_DE_OLIVEIRA", "ENDEE": "RUA_ARMANDO_SALES_DE_OLIVEIRA12__VILA_RIMAN_07401-345", "LATITUDE": "-23.3936982", "LONGITUDE": "-46.3205966", "LMAPS": "https://www.google.com/maps?q=&layer=c&cbll=-46.3205966,-23.3936982", "O_QUE_FAZER": "CARTEIRA", "ER_REGIAO_CIDADE_min": "Arujá_Alto Tietê" }, "geometry": { "type": "Point", "coordinates": [ -46.3205966, -23.3936982 ] } },
{ "type": "Feature", "properties": { "CNPJ": "07944073000180", "IDCIDADE": "ARUJA", "NOMEFANTASIA": "RICARDO_CENTER", "RAZAOSOCIAL": "RICARDO_LOPES_CLAUDIO", "ENDEE": "AVENIDA_DOS_EXPEDICIONARIOS1493__VILA_FLORA_REGINA_07401-370", "LATITUDE": "-23.3933296", "LONGITUDE": "-46.3198774", "LMAPS": "https://www.google.com/maps?q=&layer=c&cbll=-46.3198774,-23.3933296", "O_QUE_FAZER": "CARTEIRA", "ER_REGIAO_CIDADE_min": "Arujá_Alto Tietê" }, "geometry": { "type": "Point", "coordinates": [ -46.3198774, -23.3933296 ] } },
{ "type": "Feature", "properties": { "CNPJ": "04922974000183", "IDCIDADE": "ARUJA", "NOMEFANTASIA": "BUTEKU'S_DULCE", "RAZAOSOCIAL": "DULCINEIA_BARBOSA_ARUJA", "ENDEE": "AVENIDA_DOS_EXPEDICIONARIOS2431__VILA_PILAR_07401-790", "LATITUDE": "-23.3877704", "LONGITUDE": "-46.3133227", "LMAPS": "https://www.google.com/maps?q=&layer=c&cbll=-46.3133227,-23.3877704", "O_QUE_FAZER": "CARTEIRA", "ER_REGIAO_CIDADE_min": "Arujá_Alto Tietê" }, "geometry": { "type": "Point", "coordinates": [ -46.3133227, -23.3877704 ] } },
{ "type": "Feature", "properties": { "CNPJ": "32987475000100", "IDCIDADE": "ARUJA", "NOMEFANTASIA": "ULTIMA_PARADA", "RAZAOSOCIAL": "ULTIMA_PARADA_LOJA_DE_CONVENIENCIA_LTDA", "ENDEE": "AVENIDA_DOS_EXPEDICIONARIOS2451__VILA_PILAR_07401-790", "LATITUDE": "-23.3877305", "LONGITUDE": "-46.3124549", "LMAPS": "https://www.google.com/maps?q=&layer=c&cbll=-46.3124549,-23.3877305", "O_QUE_FAZER": "CARTEIRA", "ER_REGIAO_CIDADE_min": "Arujá_Alto Tietê" }, "geometry": { "type": "Point", "coordinates": [ -46.3124549, -23.3877305 ] } },
{ "type": "Feature", "properties": { "CNPJ": "50767920000108", "IDCIDADE": "ARUJA", "NOMEFANTASIA": "ELETRICA_KAWANO", "RAZAOSOCIAL": "ELETRICA_KAWANO_LTDA", "ENDEE": "RUA_ZEFERINO_BARBOSA_DE_SOUZA42__BARBOSAS_07402-040", "LATITUDE": "-23.3948183", "LONGITUDE": "-46.3202465", "LMAPS": "https://www.google.com/maps?q=&layer=c&cbll=-46.3202465,-23.3948183", "O_QUE_FAZER": "CARTEIRA", "ER_REGIAO_CIDADE_min": "Arujá_Alto Tietê" }, "geometry": { "type": "Point", "coordinates": [ -46.3202465, -23.3948183 ] } },
{ "type": "Feature", "properties": { "CNPJ": "41794739000108", "IDCIDADE": "ARUJA", "NOMEFANTASIA": "ROBERTA_LOPES_DOCES", "RAZAOSOCIAL": "A._R._JORGE_CONFEITARIA", "ENDEE": "AVENIDA_AMAZONAS173__BARBOSAS_07402-085", "LATITUDE": "-23.3952464", "LONGITUDE": "-46.3183905", "LMAPS": "https://www.google.com/maps?q=&layer=c&cbll=-46.3183905,-23.3952464", "O_QUE_FAZER": "CARTEIRA", "ER_REGIAO_CIDADE_min": "Arujá_Alto Tietê" }, "geometry": { "type": "Point", "coordinates": [ -46.3183905, -23.3952464 ] } },
{ "type": "Feature", "properties": { "CNPJ": "68468750000126", "IDCIDADE": "ARUJA", "NOMEFANTASIA": "PLANO_ESPACO", "RAZAOSOCIAL": "ENGEHOUSE_CONSTRUTORA_LTDA", "ENDEE": "AVENIDA_DOS_EXPEDICIONARIOS1880__VILA_PILAR_07402-085", "LATITUDE": "-23.3911717", "LONGITUDE": "-46.3169357", "LMAPS": "https://www.google.com/maps?q=&layer=c&cbll=-46.3169357,-23.3911717", "O_QUE_FAZER": "CARTEIRA", "ER_REGIAO_CIDADE_min": "Arujá_Alto Tietê" }, "geometry": { "type": "Point", "coordinates": [ -46.3169357, -23.3911717 ] } },
{ "type": "Feature", "properties": { "CNPJ": "17071901000177", "IDCIDADE": "ARUJA", "NOMEFANTASIA": "REI_DO_OLEO_CENTRO", "RAZAOSOCIAL": "G_P_LUBRIFICANTES_LTDA", "ENDEE": "AVENIDA_AMAZONAS96__BARBOSAS_07402-090", "LATITUDE": "-23.3960714", "LONGITUDE": "-46.318849", "LMAPS": "https://www.google.com/maps?q=&layer=c&cbll=-46.318849,-23.3960714", "O_QUE_FAZER": "CARTEIRA", "ER_REGIAO_CIDADE_min": "Arujá_Alto Tietê" }, "geometry": { "type": "Point", "coordinates": [ -46.318849, -23.3960714 ] } },
{ "type": "Feature", "properties": { "CNPJ": "27117826000191", "IDCIDADE": "ARUJA", "NOMEFANTASIA": "TRILHA_CICLE", "RAZAOSOCIAL": "TRILHAS_CYCLES_LTDA", "ENDEE": "RUA_RAPOSO_TAVARES105__VILA_LIMA_07402-120", "LATITUDE": "-23.3950554", "LONGITUDE": "-46.3204033", "LMAPS": "https://www.google.com/maps?q=&layer=c&cbll=-46.3204033,-23.3950554", "O_QUE_FAZER": "CARTEIRA", "ER_REGIAO_CIDADE_min": "Arujá_Alto Tietê" }, "geometry": { "type": "Point", "coordinates": [ -46.3204033, -23.3950554 ] } },
{ "type": "Feature", "properties": { "CNPJ": "27903572000137", "IDCIDADE": "ARUJA", "NOMEFANTASIA": "ACADEMIA_JP_PRO_TEAM", "RAZAOSOCIAL": "JESSICA_DE_OLIVEIRA_PIRES_ATIVIDADES_DE_CONDICIONAMENTO", "ENDEE": "RUA_RAPOSO_TAVARES40__VILA_LIMA_07402-120", "LATITUDE": "-23.3947922", "LONGITUDE": "-46.3210519", "LMAPS": "https://www.google.com/maps?q=&layer=c&cbll=-46.3210519,-23.3947922", "O_QUE_FAZER": "CARTEIRA", "ER_REGIAO_CIDADE_min": "Arujá_Alto Tietê" }, "geometry": { "type": "Point", "coordinates": [ -46.3210519, -23.3947922 ] } },
{ "type": "Feature", "properties": { "CNPJ": "13571778000100", "IDCIDADE": "ARUJA", "NOMEFANTASIA": "CANTINHO_DO_SABOR", "RAZAOSOCIAL": "CANTINHO_DO_SABOR_DE_ARUJA_RESTAURANTE_LTDA", "ENDEE": "RUA_RAPOSO_TAVARES44__VILA_LIMA_07402-120", "LATITUDE": "-23.3948351", "LONGITUDE": "-46.3211273", "LMAPS": "https://www.google.com/maps?q=&layer=c&cbll=-46.3211273,-23.3948351", "O_QUE_FAZER": "CARTEIRA", "ER_REGIAO_CIDADE_min": "Arujá_Alto Tietê" }, "geometry": { "type": "Point", "coordinates": [ -46.3211273, -23.3948351 ] } },
{ "type": "Feature", "properties": { "CNPJ": "21811156000122", "IDCIDADE": "ARUJA", "NOMEFANTASIA": "CAFE_NO_PINICO", "RAZAOSOCIAL": "CAFE_NO_PINICO_LANCHONETE_E_CONVENIENCIAS_LTDA", "ENDEE": "RUA_SILVINA_DE_CAMARGO31__VILA_LIMA_07402-135", "LATITUDE": "-23.3963048", "LONGITUDE": "-46.3196596", "LMAPS": "https://www.google.com/maps?q=&layer=c&cbll=-46.3196596,-23.3963048", "O_QUE_FAZER": "CARTEIRA", "ER_REGIAO_CIDADE_min": "Arujá_Alto Tietê" }, "geometry": { "type": "Point", "coordinates": [ -46.3196596, -23.3963048 ] } },
{ "type": "Feature", "properties": { "CNPJ": "49933711000108", "IDCIDADE": "ARUJA", "NOMEFANTASIA": "AMORE_PET", "RAZAOSOCIAL": "BRUNO_DOS_SANTOS_NARDOZZA", "ENDEE": "RUA_SILVINA_DE_CAMARGO72__VILA_LIMA_07402-135", "LATITUDE": "-23.3966127", "LONGITUDE": "-46.3197772", "LMAPS": "https://www.google.com/maps?q=&layer=c&cbll=-46.3197772,-23.3966127", "O_QUE_FAZER": "CARTEIRA", "ER_REGIAO_CIDADE_min": "Arujá_Alto Tietê" }, "geometry": { "type": "Point", "coordinates": [ -46.3197772, -23.3966127 ] } },
{ "type": "Feature", "properties": { "CNPJ": "30638602000130", "IDCIDADE": "ARUJA", "NOMEFANTASIA": "ODONTO_COMPANY", "RAZAOSOCIAL": "GABRIELA_G_MENDES_SERVICOS_ODONTOLOGICOS_LTDA", "ENDEE": "RUA_SILVINA_DE_CAMARGO75__VILA_LIMA_07402-135", "LATITUDE": "-23.3966733", "LONGITUDE": "-46.319508", "LMAPS": "https://www.google.com/maps?q=&layer=c&cbll=-46.319508,-23.3966733", "O_QUE_FAZER": "CARTEIRA", "ER_REGIAO_CIDADE_min": "Arujá_Alto Tietê" }, "geometry": { "type": "Point", "coordinates": [ -46.319508, -23.3966733 ] } },
{ "type": "Feature", "properties": { "CNPJ": "08176028000196", "IDCIDADE": "ARUJA", "NOMEFANTASIA": "LS_EMBALAGENS", "RAZAOSOCIAL": "F_&_S_EMBALAGENS_LTDA.", "ENDEE": "RUA_SILVINA_DE_CAMARGO77__VILA_LIMA_07402-135", "LATITUDE": "-23.3966841", "LONGITUDE": "-46.3194806", "LMAPS": "https://www.google.com/maps?q=&layer=c&cbll=-46.3194806,-23.3966841", "O_QUE_FAZER": "CARTEIRA", "ER_REGIAO_CIDADE_min": "Arujá_Alto Tietê" }, "geometry": { "type": "Point", "coordinates": [ -46.3194806, -23.3966841 ] } },
{ "type": "Feature", "properties": { "CNPJ": "03165668000187", "IDCIDADE": "ARUJA", "NOMEFANTASIA": "DELGA_DOG", "RAZAOSOCIAL": "DELGADOG_CLINICA_VETERINARIA_LTDA", "ENDEE": "RUA_SILVINA_DE_CAMARGO80__VILA_LIMA_07402-135", "LATITUDE": "-23.3966095", "LONGITUDE": "-46.3197533", "LMAPS": "https://www.google.com/maps?q=&layer=c&cbll=-46.3197533,-23.3966095", "O_QUE_FAZER": "CARTEIRA", "ER_REGIAO_CIDADE_min": "Arujá_Alto Tietê" }, "geometry": { "type": "Point", "coordinates": [ -46.3197533, -23.3966095 ] } },
{ "type": "Feature", "properties": { "CNPJ": "35099414000102", "IDCIDADE": "ARUJA", "NOMEFANTASIA": "LS_VEICULOS", "RAZAOSOCIAL": "L.S._VEICULOS_LTDA", "ENDEE": "RUA_MARANHAO307__JARDIM_PLANALTO_07402-165", "LATITUDE": "-23.395643", "LONGITUDE": "-46.3176571", "LMAPS": "https://www.google.com/maps?q=&layer=c&cbll=-46.3176571,-23.395643", "O_QUE_FAZER": "CARTEIRA", "ER_REGIAO_CIDADE_min": "Arujá_Alto Tietê" }, "geometry": { "type": "Point", "coordinates": [ -46.3176571, -23.395643 ] } },
{ "type": "Feature", "properties": { "CNPJ": "71706337000167", "IDCIDADE": "ARUJA", "NOMEFANTASIA": "ROBRU_VEICULOS", "RAZAOSOCIAL": "ROBRU_COMERCIO_DE_VEICULOS_LTDA", "ENDEE": "RUA_MARANHAO349__JARDIM_PLANALTO_07402-165", "LATITUDE": "-23.3956279", "LONGITUDE": "-46.3172901", "LMAPS": "https://www.google.com/maps?q=&layer=c&cbll=-46.3172901,-23.3956279", "O_QUE_FAZER": "CARTEIRA", "ER_REGIAO_CIDADE_min": "Arujá_Alto Tietê" }, "geometry": { "type": "Point", "coordinates": [ -46.3172901, -23.3956279 ] } },
{ "type": "Feature", "properties": { "CNPJ": "22169582000177", "IDCIDADE": "ARUJA", "NOMEFANTASIA": "ATM_GROUP", "RAZAOSOCIAL": "ATM_REPRESENTACOES_COMERCIAIS_LTDA", "ENDEE": "RUA_MARANHAO446__JARDIM_PLANALTO_07402-165", "LATITUDE": "-23.3958676", "LONGITUDE": "-46.316519", "LMAPS": "https://www.google.com/maps?q=&layer=c&cbll=-46.316519,-23.3958676", "O_QUE_FAZER": "CARTEIRA", "ER_REGIAO_CIDADE_min": "Arujá_Alto Tietê" }, "geometry": { "type": "Point", "coordinates": [ -46.316519, -23.3958676 ] } },
{ "type": "Feature", "properties": { "CNPJ": "11238282000186", "IDCIDADE": "ARUJA", "NOMEFANTASIA": "VIDRAUTO", "RAZAOSOCIAL": "VIDRAUTO_SENNA_COMERCIO_DE_VIDROS_E_ACESSORIOS_PARA_AUTOS_LTDA", "ENDEE": "RUA_MARANHAO522__JARDIM_PLANALTO_07402-165", "LATITUDE": "-23.3955522", "LONGITUDE": "-46.3154828", "LMAPS": "https://www.google.com/maps?q=&layer=c&cbll=-46.3154828,-23.3955522", "O_QUE_FAZER": "CARTEIRA", "ER_REGIAO_CIDADE_min": "Arujá_Alto Tietê" }, "geometry": { "type": "Point", "coordinates": [ -46.3154828, -23.3955522 ] } },
{ "type": "Feature", "properties": { "CNPJ": "22596885000176", "IDCIDADE": "ARUJA", "NOMEFANTASIA": "ML_PILATES", "RAZAOSOCIAL": "ML_STUDIO_PILATES_LTDA", "ENDEE": "RUA_BAHIA343__JARDIM_PLANALTO_07402-170", "LATITUDE": "-23.3991518", "LONGITUDE": "-46.3176218", "LMAPS": "https://www.google.com/maps?q=&layer=c&cbll=-46.3176218,-23.3991518", "O_QUE_FAZER": "CARTEIRA", "ER_REGIAO_CIDADE_min": "Arujá_Alto Tietê" }, "geometry": { "type": "Point", "coordinates": [ -46.3176218, -23.3991518 ] } },
{ "type": "Feature", "properties": { "CNPJ": "07799185000195", "IDCIDADE": "ARUJA", "NOMEFANTASIA": "AGRIJET", "RAZAOSOCIAL": "AGRIJET_ARUJA_COMPRESSORES_LTDA", "ENDEE": "RUA_BAHIA36__JARDIM_PLANALTO_07402-170", "LATITUDE": "-23.4004515", "LONGITUDE": "-46.3172409", "LMAPS": "https://www.google.com/maps?q=&layer=c&cbll=-46.3172409,-23.4004515", "O_QUE_FAZER": "CARTEIRA", "ER_REGIAO_CIDADE_min": "Arujá_Alto Tietê" }, "geometry": { "type": "Point", "coordinates": [ -46.3172409, -23.4004515 ] } },
{ "type": "Feature", "properties": { "CNPJ": "52413085000133", "IDCIDADE": "ARUJA", "NOMEFANTASIA": "PRESTOTEC", "RAZAOSOCIAL": "PRESTOTEC_TECNOLOGIA_EM_MANUTENCAO_INDUSTRIAL_LTDA.", "ENDEE": "RUA_BAHIA414__JARDIM_PLANALTO_07402-170", "LATITUDE": "-23.3998602", "LONGITUDE": "-46.3175111", "LMAPS": "https://www.google.com/maps?q=&layer=c&cbll=-46.3175111,-23.3998602", "O_QUE_FAZER": "CARTEIRA", "ER_REGIAO_CIDADE_min": "Arujá_Alto Tietê" }, "geometry": { "type": "Point", "coordinates": [ -46.3175111, -23.3998602 ] } },
{ "type": "Feature", "properties": { "CNPJ": "09001328000105", "IDCIDADE": "ARUJA", "NOMEFANTASIA": "PEROLA_AREIA_E_PEDRA", "RAZAOSOCIAL": "JOAO_CARLOS_PEROLA", "ENDEE": "RUA_BAHIA426__JARDIM_PLANALTO_07402-170", "LATITUDE": "-23.3997422", "LONGITUDE": "-46.3175952", "LMAPS": "https://www.google.com/maps?q=&layer=c&cbll=-46.3175952,-23.3997422", "O_QUE_FAZER": "CARTEIRA", "ER_REGIAO_CIDADE_min": "Arujá_Alto Tietê" }, "geometry": { "type": "Point", "coordinates": [ -46.3175952, -23.3997422 ] } },
{ "type": "Feature", "properties": { "CNPJ": "02959946000105", "IDCIDADE": "ARUJA", "NOMEFANTASIA": "ULTRA_VISAO", "RAZAOSOCIAL": "EDILENE_BARBOSA_CARACA", "ENDEE": "RUA_BAHIA6__JARDIM_PLANALTO_07402-170", "LATITUDE": "-23.4006147", "LONGITUDE": "-46.317179", "LMAPS": "https://www.google.com/maps?q=&layer=c&cbll=-46.317179,-23.4006147", "O_QUE_FAZER": "CARTEIRA", "ER_REGIAO_CIDADE_min": "Arujá_Alto Tietê" }, "geometry": { "type": "Point", "coordinates": [ -46.317179, -23.4006147 ] } },
{ "type": "Feature", "properties": { "CNPJ": "11181361000106", "IDCIDADE": "ARUJA", "NOMEFANTASIA": "RETOCAR", "RAZAOSOCIAL": "RETOCAR_REPAROS_AUTOMOTIVOS_LTDA", "ENDEE": "RUA_MARINA_DE_LIMA_SANTANGELO61__CHACARA_SAO_JOSE_07402-295", "LATITUDE": "-23.3952397", "LONGITUDE": "-46.3150364", "LMAPS": "https://www.google.com/maps?q=&layer=c&cbll=-46.3150364,-23.3952397", "O_QUE_FAZER": "CARTEIRA", "ER_REGIAO_CIDADE_min": "Arujá_Alto Tietê" }, "geometry": { "type": "Point", "coordinates": [ -46.3150364, -23.3952397 ] } },
{ "type": "Feature", "properties": { "CNPJ": "26133739000165", "IDCIDADE": "ARUJA", "NOMEFANTASIA": "PADARIA_AMAZONAS", "RAZAOSOCIAL": "PADARIA_E_CONVENIENCIA_AMAZONAS_LTDA", "ENDEE": "AVENIDA_FRANCISCO_ANTONIO_PEDRO_PAULO591__ARUJAMERICA_07403-015", "LATITUDE": "-23.3944119", "LONGITUDE": "-46.3139423", "LMAPS": "https://www.google.com/maps?q=&layer=c&cbll=-46.3139423,-23.3944119", "O_QUE_FAZER": "CARTEIRA", "ER_REGIAO_CIDADE_min": "Arujá_Alto Tietê" }, "geometry": { "type": "Point", "coordinates": [ -46.3139423, -23.3944119 ] } },
{ "type": "Feature", "properties": { "CNPJ": "04979042000177", "IDCIDADE": "ARUJA", "NOMEFANTASIA": "PINHO_DAGUA", "RAZAOSOCIAL": "FERNANDO_ANTONIO_DE_FREITAS_FELIPE_DISTRIBUIDORA", "ENDEE": "AVENIDA_FRANCISCO_ANTONIO_PEDRO_PAULO98__ARUJAMERICA_07403-015", "LATITUDE": "-23.3945854", "LONGITUDE": "-46.3138527", "LMAPS": "https://www.google.com/maps?q=&layer=c&cbll=-46.3138527,-23.3945854", "O_QUE_FAZER": "CARTEIRA", "ER_REGIAO_CIDADE_min": "Arujá_Alto Tietê" }, "geometry": { "type": "Point", "coordinates": [ -46.3138527, -23.3945854 ] } },
{ "type": "Feature", "properties": { "CNPJ": "66914870000184", "IDCIDADE": "ARUJA", "NOMEFANTASIA": "CASA_SANCHES", "RAZAOSOCIAL": "CASA_SANCHES_ARUJA_LTDA", "ENDEE": "AVENIDA_INOCENCIO_JOSE_RODRIGUES12__ARUJAMERICA_07403-080", "LATITUDE": "-23.3901523", "LONGITUDE": "-46.3110007", "LMAPS": "https://www.google.com/maps?q=&layer=c&cbll=-46.3110007,-23.3901523", "O_QUE_FAZER": "CARTEIRA", "ER_REGIAO_CIDADE_min": "Arujá_Alto Tietê" }, "geometry": { "type": "Point", "coordinates": [ -46.3110007, -23.3901523 ] } },
{ "type": "Feature", "properties": { "CNPJ": "30289889000130", "IDCIDADE": "ARUJA", "NOMEFANTASIA": "POP_FARMA", "RAZAOSOCIAL": "DAIANE_DA_SILVA_DOS_SANTOS", "ENDEE": "ESTRADA_DOS_FERNANDES2176__MIRANTE_DO_ARUJA_07404-100", "LATITUDE": "-23.3892312", "LONGITUDE": "-46.2953851", "LMAPS": "https://www.google.com/maps?q=&layer=c&cbll=-46.2953851,-23.3892312", "O_QUE_FAZER": "CARTEIRA", "ER_REGIAO_CIDADE_min": "Arujá_Alto Tietê" }, "geometry": { "type": "Point", "coordinates": [ -46.2953851, -23.3892312 ] } },
{ "type": "Feature", "properties": { "CNPJ": "28135597000281", "IDCIDADE": "ARUJA", "NOMEFANTASIA": "BOM_DIA_MERCADO", "RAZAOSOCIAL": "SEMPRE_BOM_DIA_PRODUTOS_ALIMENTICIOS_LTDA", "ENDEE": "RUA_SERRA_DAS_VERTENTES28__MIRANTE_DO_ARUJA_07404-125", "LATITUDE": "-23.389375", "LONGITUDE": "-46.295615", "LMAPS": "https://www.google.com/maps?q=&layer=c&cbll=-46.295615,-23.389375", "O_QUE_FAZER": "CARTEIRA", "ER_REGIAO_CIDADE_min": "Arujá_Alto Tietê" }, "geometry": { "type": "Point", "coordinates": [ -46.295615, -23.389375 ] } },
{ "type": "Feature", "properties": { "CNPJ": "73074296000169", "IDCIDADE": "ARUJA", "NOMEFANTASIA": "DUTRA_100", "RAZAOSOCIAL": "DUTRA_100_COMERCIO_E_MANUTENCAO_DE_EXTINTORES_LTDA", "ENDEE": "RUA_SANTO_ANTONIO137__JORDANOPOLIS_07411-170", "LATITUDE": "-23.4039034", "LONGITUDE": "-46.3378669", "LMAPS": "https://www.google.com/maps?q=&layer=c&cbll=-46.3378669,-23.4039034", "O_QUE_FAZER": "CARTEIRA", "ER_REGIAO_CIDADE_min": "Arujá_Alto Tietê" }, "geometry": { "type": "Point", "coordinates": [ -46.3378669, -23.4039034 ] } },
{ "type": "Feature", "properties": { "CNPJ": "52155648000130", "IDCIDADE": "ARUJA", "NOMEFANTASIA": "EMPORIO_SANTO_ANTONIO", "RAZAOSOCIAL": "WCS_MERCADO_LTDA", "ENDEE": "RUA_SANTO_ANTONIO430__JORDANOPOLIS_07411-170", "LATITUDE": "-23.4040275", "LONGITUDE": "-46.340796", "LMAPS": "https://www.google.com/maps?q=&layer=c&cbll=-46.340796,-23.4040275", "O_QUE_FAZER": "CARTEIRA", "ER_REGIAO_CIDADE_min": "Arujá_Alto Tietê" }, "geometry": { "type": "Point", "coordinates": [ -46.340796, -23.4040275 ] } },
{ "type": "Feature", "properties": { "CNPJ": "27529607000110", "IDCIDADE": "ARUJA", "NOMEFANTASIA": "MOLAS_HORA_CERTA", "RAZAOSOCIAL": "G_S_MENDONCA_TRUCK_CENTER", "ENDEE": "ESTRADA_ADILIA_BARBOSA_NEVES4850__PORTAO_07411-195", "LATITUDE": "-23.4153351", "LONGITUDE": "-46.3710759", "LMAPS": "https://www.google.com/maps?q=&layer=c&cbll=-46.3710759,-23.4153351", "O_QUE_FAZER": "CARTEIRA", "ER_REGIAO_CIDADE_min": "Arujá_Alto Tietê" }, "geometry": { "type": "Point", "coordinates": [ -46.3710759, -23.4153351 ] } },
{ "type": "Feature", "properties": { "CNPJ": "26686641000135", "IDCIDADE": "ARUJA", "NOMEFANTASIA": "DFRIO", "RAZAOSOCIAL": "DENILSON_ROMUALDO_GARCIA", "ENDEE": "AVENIDA_NOSSA_SENHORA_DE_FATIMA275__JORDANOPOLIS_07411-210", "LATITUDE": "-23.4042458", "LONGITUDE": "-46.3404505", "LMAPS": "https://www.google.com/maps?q=&layer=c&cbll=-46.3404505,-23.4042458", "O_QUE_FAZER": "CARTEIRA", "ER_REGIAO_CIDADE_min": "Arujá_Alto Tietê" }, "geometry": { "type": "Point", "coordinates": [ -46.3404505, -23.4042458 ] } },
{ "type": "Feature", "properties": { "CNPJ": "12474485000134", "IDCIDADE": "ARUJA", "NOMEFANTASIA": "PMA_PLASTICOS", "RAZAOSOCIAL": "PMA_PLASTICOS_LTDA", "ENDEE": "AVENIDA_TORONTO185__CENTRO_INDUSTRIAL_DE_ARUJA_07411-630", "LATITUDE": "-23.4023073", "LONGITUDE": "-46.3484883", "LMAPS": "https://www.google.com/maps?q=&layer=c&cbll=-46.3484883,-23.4023073", "O_QUE_FAZER": "CARTEIRA", "ER_REGIAO_CIDADE_min": "Arujá_Alto Tietê" }, "geometry": { "type": "Point", "coordinates": [ -46.3484883, -23.4023073 ] } },
{ "type": "Feature", "properties": { "CNPJ": "17808752000186", "IDCIDADE": "ARUJA", "NOMEFANTASIA": "PET_HUG", "RAZAOSOCIAL": "PET_HUG_BRASIL_LTDA", "ENDEE": "RUA_MILTON_FERREIRA_FRANCO15__PARQUE_RODRIGO_BARRETO_07417-160", "LATITUDE": "-23.3887204", "LONGITUDE": "-46.3261435", "LMAPS": "https://www.google.com/maps?q=&layer=c&cbll=-46.3261435,-23.3887204", "O_QUE_FAZER": "CARTEIRA", "ER_REGIAO_CIDADE_min": "Arujá_Alto Tietê" }, "geometry": { "type": "Point", "coordinates": [ -46.3261435, -23.3887204 ] } },
{ "type": "Feature", "properties": { "CNPJ": "16740445000148", "IDCIDADE": "ARUJA", "NOMEFANTASIA": "REAL_DA_ECONOMIA", "RAZAOSOCIAL": "PAULA_DE_JESUS_SOUZA_SILVA", "ENDEE": "RUA_DEOLINDA_ROSA_DOS_SANTOS204__PARQUE_RODRIGO_BARRETO_07417-200", "LATITUDE": "-23.3791377", "LONGITUDE": "-46.3266824", "LMAPS": "https://www.google.com/maps?q=&layer=c&cbll=-46.3266824,-23.3791377", "O_QUE_FAZER": "CARTEIRA", "ER_REGIAO_CIDADE_min": "Arujá_Alto Tietê" }, "geometry": { "type": "Point", "coordinates": [ -46.3266824, -23.3791377 ] } },
{ "type": "Feature", "properties": { "CNPJ": "52751380000108", "IDCIDADE": "ARUJA", "NOMEFANTASIA": "TOP_FARMA_4", "RAZAOSOCIAL": "TOPFARMA_4_DROGARIA_E_PERFUMARIA_LTDA", "ENDEE": "AVENIDA_RAILDA_ALVES_DE_OLIVEIRA14__PARQUE_RODRIGO_BARRETO_07417-265", "LATITUDE": "-23.3786067", "LONGITUDE": "-46.3285267", "LMAPS": "https://www.google.com/maps?q=&layer=c&cbll=-46.3285267,-23.3786067", "O_QUE_FAZER": "CARTEIRA", "ER_REGIAO_CIDADE_min": "Arujá_Alto Tietê" }, "geometry": { "type": "Point", "coordinates": [ -46.3285267, -23.3786067 ] } },
{ "type": "Feature", "properties": { "CNPJ": "27663975000156", "IDCIDADE": "ARUJA", "NOMEFANTASIA": "CELIA_MODAS", "RAZAOSOCIAL": "CELIA_DE_S.O.PEREIRA_COMERCIO_VAREJISTA_DE_ARTIGOS_DO_VESTUARIO_E_ACESSORIOS", "ENDEE": "AVENIDA_RAILDA_ALVES_DE_OLIVEIRA184__PARQUE_RODRIGO_BARRETO_07417-265", "LATITUDE": "-23.3786733", "LONGITUDE": "-46.3272892", "LMAPS": "https://www.google.com/maps?q=&layer=c&cbll=-46.3272892,-23.3786733", "O_QUE_FAZER": "CARTEIRA", "ER_REGIAO_CIDADE_min": "Arujá_Alto Tietê" }, "geometry": { "type": "Point", "coordinates": [ -46.3272892, -23.3786733 ] } },
{ "type": "Feature", "properties": { "CNPJ": "12414167000188", "IDCIDADE": "ARUJA", "NOMEFANTASIA": "ARUJA_PET_HOUSE", "RAZAOSOCIAL": "ARUJA_PET_HOUSE_LTDA", "ENDEE": "AVENIDA_RAILDA_ALVES_DE_OLIVEIRA358__PARQUE_RODRIGO_BARRETO_07417-265", "LATITUDE": "-23.3786204", "LONGITUDE": "-46.3289822", "LMAPS": "https://www.google.com/maps?q=&layer=c&cbll=-46.3289822,-23.3786204", "O_QUE_FAZER": "CARTEIRA", "ER_REGIAO_CIDADE_min": "Arujá_Alto Tietê" }, "geometry": { "type": "Point", "coordinates": [ -46.3289822, -23.3786204 ] } },
{ "type": "Feature", "properties": { "CNPJ": "52233138000134", "IDCIDADE": "ARUJA", "NOMEFANTASIA": "EXTRA_BOI_BARRETO", "RAZAOSOCIAL": "COMERCIAL_DE_CARNES_PRIME_LTDA", "ENDEE": "AVENIDA_RAILDA_ALVES_DE_OLIVEIRA84__PARQUE_RODRIGO_BARRETO_07417-265", "LATITUDE": "-23.3787017", "LONGITUDE": "-46.32629", "LMAPS": "https://www.google.com/maps?q=&layer=c&cbll=-46.32629,-23.3787017", "O_QUE_FAZER": "CARTEIRA", "ER_REGIAO_CIDADE_min": "Arujá_Alto Tietê" }, "geometry": { "type": "Point", "coordinates": [ -46.32629, -23.3787017 ] } },
{ "type": "Feature", "properties": { "CNPJ": "19921929000181", "IDCIDADE": "ARUJA", "NOMEFANTASIA": "MERCADO_ATHOS", "RAZAOSOCIAL": "MERCADO_ATHOS_LTDA", "ENDEE": "AVENIDA_ARMANDO_COLANGELO1087__PARQUE_RODRIGO_BARRETO_07417-305", "LATITUDE": "-23.3880307", "LONGITUDE": "-46.3261654", "LMAPS": "https://www.google.com/maps?q=&layer=c&cbll=-46.3261654,-23.3880307", "O_QUE_FAZER": "CARTEIRA", "ER_REGIAO_CIDADE_min": "Arujá_Alto Tietê" }, "geometry": { "type": "Point", "coordinates": [ -46.3261654, -23.3880307 ] } },
{ "type": "Feature", "properties": { "CNPJ": "51037892000136", "IDCIDADE": "ARUJA", "NOMEFANTASIA": "IBIQ_LIMP", "RAZAOSOCIAL": "PAULA_&_SILVA_PRODUTOS_DE_LIMPEZA_LTDA", "ENDEE": "AVENIDA_ARMANDO_COLANGELO1191__PARQUE_RODRIGO_BARRETO_07417-305", "LATITUDE": "-23.3870963", "LONGITUDE": "-46.3260064", "LMAPS": "https://www.google.com/maps?q=&layer=c&cbll=-46.3260064,-23.3870963", "O_QUE_FAZER": "CARTEIRA", "ER_REGIAO_CIDADE_min": "Arujá_Alto Tietê" }, "geometry": { "type": "Point", "coordinates": [ -46.3260064, -23.3870963 ] } },
{ "type": "Feature", "properties": { "CNPJ": "09371203000169", "IDCIDADE": "ARUJA", "NOMEFANTASIA": "DROGARIA_MAIS_BRASIL", "RAZAOSOCIAL": "ED_LEAL_CAPOVILLA_DROGARIA_LTDA.", "ENDEE": "AVENIDA_ARMANDO_COLANGELO1250__PARQUE_RODRIGO_BARRETO_07417-305", "LATITUDE": "-23.3865269", "LONGITUDE": "-46.3258488", "LMAPS": "https://www.google.com/maps?q=&layer=c&cbll=-46.3258488,-23.3865269", "O_QUE_FAZER": "CARTEIRA", "ER_REGIAO_CIDADE_min": "Arujá_Alto Tietê" }, "geometry": { "type": "Point", "coordinates": [ -46.3258488, -23.3865269 ] } },
{ "type": "Feature", "properties": { "CNPJ": "19994414000101", "IDCIDADE": "ARUJA", "NOMEFANTASIA": "REFORMA_CENTER", "RAZAOSOCIAL": "REFORMA_CENTER_LTDA", "ENDEE": "AVENIDA_ARMANDO_COLANGELO1341__PARQUE_RODRIGO_BARRETO_07417-310", "LATITUDE": "-23.3856949", "LONGITUDE": "-46.325989", "LMAPS": "https://www.google.com/maps?q=&layer=c&cbll=-46.325989,-23.3856949", "O_QUE_FAZER": "CARTEIRA", "ER_REGIAO_CIDADE_min": "Arujá_Alto Tietê" }, "geometry": { "type": "Point", "coordinates": [ -46.325989, -23.3856949 ] } },
{ "type": "Feature", "properties": { "CNPJ": "07966323000183", "IDCIDADE": "ARUJA", "NOMEFANTASIA": "PANIFICADORA_CENTRAL_DO_BARRETO", "RAZAOSOCIAL": "PANIFICADORA_CENTRAL_DO_BARRETO_LTDA", "ENDEE": "AVENIDA_ARMANDO_COLANGELO1380__PARQUE_RODRIGO_BARRETO_07417-310", "LATITUDE": "-23.3852834", "LONGITUDE": "-46.3257324", "LMAPS": "https://www.google.com/maps?q=&layer=c&cbll=-46.3257324,-23.3852834", "O_QUE_FAZER": "CARTEIRA", "ER_REGIAO_CIDADE_min": "Arujá_Alto Tietê" }, "geometry": { "type": "Point", "coordinates": [ -46.3257324, -23.3852834 ] } },
{ "type": "Feature", "properties": { "CNPJ": "32984725000158", "IDCIDADE": "ARUJA", "NOMEFANTASIA": "ACADEMIA_NIVEL_1", "RAZAOSOCIAL": "ACADEMIA_NIVEL_1_LTDA", "ENDEE": "AVENIDA_ARMANDO_COLANGELO1997__PARQUE_RODRIGO_BARRETO_07417-365", "LATITUDE": "-23.3798502", "LONGITUDE": "-46.3256149", "LMAPS": "https://www.google.com/maps?q=&layer=c&cbll=-46.3256149,-23.3798502", "O_QUE_FAZER": "CARTEIRA", "ER_REGIAO_CIDADE_min": "Arujá_Alto Tietê" }, "geometry": { "type": "Point", "coordinates": [ -46.3256149, -23.3798502 ] } },
{ "type": "Feature", "properties": { "CNPJ": "20309604000202", "IDCIDADE": "ARUJA", "NOMEFANTASIA": "TINTAS_BARRETO", "RAZAOSOCIAL": "V._R._V._F._GUIMARAES_TINTAS", "ENDEE": "AVENIDA_ARMANDO_COLANGELO2035__PARQUE_RODRIGO_BARRETO_07417-365", "LATITUDE": "-23.3795067", "LONGITUDE": "-46.3256033", "LMAPS": "https://www.google.com/maps?q=&layer=c&cbll=-46.3256033,-23.3795067", "O_QUE_FAZER": "CARTEIRA", "ER_REGIAO_CIDADE_min": "Arujá_Alto Tietê" }, "geometry": { "type": "Point", "coordinates": [ -46.3256033, -23.3795067 ] } },
{ "type": "Feature", "properties": { "CNPJ": "34425969000126", "IDCIDADE": "ARUJA", "NOMEFANTASIA": "KIMTEL", "RAZAOSOCIAL": "LUAN_APARECIDO_DE_MORAIS_IMOBILIARIA", "ENDEE": "AVENIDA_ARMANDO_COLANGELO2125__PARQUE_RODRIGO_BARRETO_07417-365", "LATITUDE": "-23.3787865", "LONGITUDE": "-46.3255914", "LMAPS": "https://www.google.com/maps?q=&layer=c&cbll=-46.3255914,-23.3787865", "O_QUE_FAZER": "CARTEIRA", "ER_REGIAO_CIDADE_min": "Arujá_Alto Tietê" }, "geometry": { "type": "Point", "coordinates": [ -46.3255914, -23.3787865 ] } },
{ "type": "Feature", "properties": { "CNPJ": "17461422000167", "IDCIDADE": "ARUJA", "NOMEFANTASIA": "BENEZER_GAS", "RAZAOSOCIAL": "ELOI_-_COMERCIO_DE_GAS_LTDA", "ENDEE": "AVENIDA_ARMANDO_COLANGELO1990__PARQUE_RODRIGO_BARRETO_07417-370", "LATITUDE": "-23.3798786", "LONGITUDE": "-46.3255919", "LMAPS": "https://www.google.com/maps?q=&layer=c&cbll=-46.3255919,-23.3798786", "O_QUE_FAZER": "CARTEIRA", "ER_REGIAO_CIDADE_min": "Arujá_Alto Tietê" }, "geometry": { "type": "Point", "coordinates": [ -46.3255919, -23.3798786 ] } },
{ "type": "Feature", "properties": { "CNPJ": "38365884000150", "IDCIDADE": "ARUJA", "NOMEFANTASIA": "ASA_COMERCIO_DE_CALCADOS", "RAZAOSOCIAL": "ASA_COMERCIO_CALCADOS_LTDA", "ENDEE": "AVENIDA_ARMANDO_COLANGELO2000__PARQUE_RODRIGO_BARRETO_07417-370", "LATITUDE": "-23.3797422", "LONGITUDE": "-46.3254487", "LMAPS": "https://www.google.com/maps?q=&layer=c&cbll=-46.3254487,-23.3797422", "O_QUE_FAZER": "CARTEIRA", "ER_REGIAO_CIDADE_min": "Arujá_Alto Tietê" }, "geometry": { "type": "Point", "coordinates": [ -46.3254487, -23.3797422 ] } },
{ "type": "Feature", "properties": { "CNPJ": "01570067000124", "IDCIDADE": "ARUJA", "NOMEFANTASIA": "DROGA_2000", "RAZAOSOCIAL": "DROGARIA_PARQUE_RODRIGO_BARRETO_LTDA", "ENDEE": "AVENIDA_ARMANDO_COLANGELO2050__PARQUE_RODRIGO_BARRETO_07417-370", "LATITUDE": "-23.3793451", "LONGITUDE": "-46.3254065", "LMAPS": "https://www.google.com/maps?q=&layer=c&cbll=-46.3254065,-23.3793451", "O_QUE_FAZER": "CARTEIRA", "ER_REGIAO_CIDADE_min": "Arujá_Alto Tietê" }, "geometry": { "type": "Point", "coordinates": [ -46.3254065, -23.3793451 ] } },
{ "type": "Feature", "properties": { "CNPJ": "14072340000132", "IDCIDADE": "ARUJA", "NOMEFANTASIA": "ARUJA_CROSS_FIT", "RAZAOSOCIAL": "CENTRO_DE_TREINAMENTO_ARUJA_LTDA", "ENDEE": "AVENIDA_BENEDITO_MANOEL_DOS_SANTOS1135__JARDIM_FAZENDA_RINCAO_07428-205", "LATITUDE": "-23.411776", "LONGITUDE": "-46.3250585", "LMAPS": "https://www.google.com/maps?q=&layer=c&cbll=-46.3250585,-23.411776", "O_QUE_FAZER": "CARTEIRA", "ER_REGIAO_CIDADE_min": "Arujá_Alto Tietê" }, "geometry": { "type": "Point", "coordinates": [ -46.3250585, -23.411776 ] } },
{ "type": "Feature", "properties": { "CNPJ": "01698046000199", "IDCIDADE": "ARUJA", "NOMEFANTASIA": "MAXI_PRINT", "RAZAOSOCIAL": "MAXIPRINT_AUTOADESIVOS_E_EMBALAGENS_LTDA", "ENDEE": "AVENIDA_BARTIRA16__JARDIM_TUPI_07431-220", "LATITUDE": "-23.4171875", "LONGITUDE": "-46.3555811", "LMAPS": "https://www.google.com/maps?q=&layer=c&cbll=-46.3555811,-23.4171875", "O_QUE_FAZER": "CARTEIRA", "ER_REGIAO_CIDADE_min": "Arujá_Alto Tietê" }, "geometry": { "type": "Point", "coordinates": [ -46.3555811, -23.4171875 ] } },
{ "type": "Feature", "properties": { "CNPJ": "05569078000145", "IDCIDADE": "ARUJA", "NOMEFANTASIA": "REAL_TUBOS", "RAZAOSOCIAL": "REAL_TUBOS_E_CONEXOES_LTDA", "ENDEE": "RUA_ARMANDO_PEREIRA432__JARDIM_JOIA_07431-280", "LATITUDE": "-23.4159425", "LONGITUDE": "-46.3569133", "LMAPS": "https://www.google.com/maps?q=&layer=c&cbll=-46.3569133,-23.4159425", "O_QUE_FAZER": "CARTEIRA", "ER_REGIAO_CIDADE_min": "Arujá_Alto Tietê" }, "geometry": { "type": "Point", "coordinates": [ -46.3569133, -23.4159425 ] } },
{ "type": "Feature", "properties": { "CNPJ": "30588437000159", "IDCIDADE": "ARUJA", "NOMEFANTASIA": "PRIORE", "RAZAOSOCIAL": "PRIORE_METALURGIA_LTDA", "ENDEE": "RUA_ARMANDO_PEREIRA444__JARDIM_JOIA_07431-280", "LATITUDE": "-23.4160634", "LONGITUDE": "-46.3568797", "LMAPS": "https://www.google.com/maps?q=&layer=c&cbll=-46.3568797,-23.4160634", "O_QUE_FAZER": "CARTEIRA", "ER_REGIAO_CIDADE_min": "Arujá_Alto Tietê" }, "geometry": { "type": "Point", "coordinates": [ -46.3568797, -23.4160634 ] } },
{ "type": "Feature", "properties": { "CNPJ": "36572488000179", "IDCIDADE": "ARUJA", "NOMEFANTASIA": "RIPPARTS", "RAZAOSOCIAL": "RIPPA_PARTS_PECAS_E_ACESSORIOS_AUTOMOTIVOS_LTDA", "ENDEE": "RUA_TOPAZIO232__JARDIM_JOIA_07431-285", "LATITUDE": "-23.4156658", "LONGITUDE": "-46.3590238", "LMAPS": "https://www.google.com/maps?q=&layer=c&cbll=-46.3590238,-23.4156658", "O_QUE_FAZER": "CARTEIRA", "ER_REGIAO_CIDADE_min": "Arujá_Alto Tietê" }, "geometry": { "type": "Point", "coordinates": [ -46.3590238, -23.4156658 ] } },
{ "type": "Feature", "properties": { "CNPJ": "13511896000115", "IDCIDADE": "ARUJA", "NOMEFANTASIA": "CRM_CALDEIRARIA", "RAZAOSOCIAL": "CRM_CALDEIRARIA_MANUTENCAO_E_MONTAGENS_INDUSTRIAIS_LTDA", "ENDEE": "RUA_SAFIRA201__JARDIM_JOIA_07431-295", "LATITUDE": "-23.4148047", "LONGITUDE": "-46.3588881", "LMAPS": "https://www.google.com/maps?q=&layer=c&cbll=-46.3588881,-23.4148047", "O_QUE_FAZER": "CARTEIRA", "ER_REGIAO_CIDADE_min": "Arujá_Alto Tietê" }, "geometry": { "type": "Point", "coordinates": [ -46.3588881, -23.4148047 ] } },
{ "type": "Feature", "properties": { "CNPJ": "18850755000140", "IDCIDADE": "ARUJA", "NOMEFANTASIA": "ACQUA_NOBILIS", "RAZAOSOCIAL": "ACQUA_NOBILIS_AMBIENTAL_LTDA", "ENDEE": "RUA_SAFIRA205__JARDIM_JOIA_07431-295", "LATITUDE": "-23.4147727", "LONGITUDE": "-46.3591252", "LMAPS": "https://www.google.com/maps?q=&layer=c&cbll=-46.3591252,-23.4147727", "O_QUE_FAZER": "CARTEIRA", "ER_REGIAO_CIDADE_min": "Arujá_Alto Tietê" }, "geometry": { "type": "Point", "coordinates": [ -46.3591252, -23.4147727 ] } },
{ "type": "Feature", "properties": { "CNPJ": "03062124000190", "IDCIDADE": "ARUJA", "NOMEFANTASIA": "PADARIA_VITORIA", "RAZAOSOCIAL": "PANIFICADORA_ALMEIDA_LUCAS_LTDA", "ENDEE": "AVENIDA_DUTRA175__JARDIM_EMILIA_07432-050", "LATITUDE": "-23.4166703", "LONGITUDE": "-46.3662201", "LMAPS": "https://www.google.com/maps?q=&layer=c&cbll=-46.3662201,-23.4166703", "O_QUE_FAZER": "CARTEIRA", "ER_REGIAO_CIDADE_min": "Arujá_Alto Tietê" }, "geometry": { "type": "Point", "coordinates": [ -46.3662201, -23.4166703 ] } },
{ "type": "Feature", "properties": { "CNPJ": "52672874000199", "IDCIDADE": "ARUJA", "NOMEFANTASIA": "MLA_FITNESS", "RAZAOSOCIAL": "MUSCLE_LINE_ATHLETIC_LTDA", "ENDEE": "AVENIDA_DUTRA244__JARDIM_EMILIA_07432-050", "LATITUDE": "-23.4171541", "LONGITUDE": "-46.3661027", "LMAPS": "https://www.google.com/maps?q=&layer=c&cbll=-46.3661027,-23.4171541", "O_QUE_FAZER": "CARTEIRA", "ER_REGIAO_CIDADE_min": "Arujá_Alto Tietê" }, "geometry": { "type": "Point", "coordinates": [ -46.3661027, -23.4171541 ] } },
{ "type": "Feature", "properties": { "CNPJ": "15124805000114", "IDCIDADE": "ARUJA", "NOMEFANTASIA": "DINAMO_ESTRUTURAS_METALICAS", "RAZAOSOCIAL": "CRISTIAN_ARMANDO_AGUILERA_ONATE", "ENDEE": "AVENIDA_DUTRA333__JARDIM_EMILIA_07432-050", "LATITUDE": "-23.4180024", "LONGITUDE": "-46.3656192", "LMAPS": "https://www.google.com/maps?q=&layer=c&cbll=-46.3656192,-23.4180024", "O_QUE_FAZER": "CARTEIRA", "ER_REGIAO_CIDADE_min": "Arujá_Alto Tietê" }, "geometry": { "type": "Point", "coordinates": [ -46.3656192, -23.4180024 ] } },
{ "type": "Feature", "properties": { "CNPJ": "46902179000173", "IDCIDADE": "ARUJA", "NOMEFANTASIA": "FARMADELLA", "RAZAOSOCIAL": "THAIS_DELLA_ROVERE_ANSELMO", "ENDEE": "RUA_DAS_PITANGUEIRAS179__RECANTO_PRIMAVERA_07432-445", "LATITUDE": "-23.4240025", "LONGITUDE": "-46.3665221", "LMAPS": "https://www.google.com/maps?q=&layer=c&cbll=-46.3665221,-23.4240025", "O_QUE_FAZER": "CARTEIRA", "ER_REGIAO_CIDADE_min": "Arujá_Alto Tietê" }, "geometry": { "type": "Point", "coordinates": [ -46.3665221, -23.4240025 ] } },
{ "type": "Feature", "properties": { "CNPJ": "07726401000172", "IDCIDADE": "ARUJA", "NOMEFANTASIA": "PANNORP_PADARIA", "RAZAOSOCIAL": "GERALDO_BATISTA_GUEDES", "ENDEE": "RUA_DAS_PITANGUEIRAS179__RECANTO_PRIMAVERA_07432-445", "LATITUDE": "-23.424171", "LONGITUDE": "-46.3664657", "LMAPS": "https://www.google.com/maps?q=&layer=c&cbll=-46.3664657,-23.424171", "O_QUE_FAZER": "CARTEIRA", "ER_REGIAO_CIDADE_min": "Arujá_Alto Tietê" }, "geometry": { "type": "Point", "coordinates": [ -46.3664657, -23.424171 ] } },
{ "type": "Feature", "properties": { "CNPJ": "04115760000103", "IDCIDADE": "ARUJA", "NOMEFANTASIA": "MADEREIRA_CRISTAL", "RAZAOSOCIAL": "MADEIREIRA_CRISTAL_LTDA", "ENDEE": "RODOVIA_ALBERTO_HINOTO1812__JARDIM_LIMOEIRO_07434-325", "LATITUDE": "-23.4139032", "LONGITUDE": "-46.3234895", "LMAPS": "https://www.google.com/maps?q=&layer=c&cbll=-46.3234895,-23.4139032", "O_QUE_FAZER": "CARTEIRA", "ER_REGIAO_CIDADE_min": "Arujá_Alto Tietê" }, "geometry": { "type": "Point", "coordinates": [ -46.3234895, -23.4139032 ] } },
{ "type": "Feature", "properties": { "CNPJ": "22919413000298", "IDCIDADE": "ARUJA", "NOMEFANTASIA": "SODIE", "RAZAOSOCIAL": "DELICIA_DE_ACUCAR_COMERCIO_DE_BOLOS_LTDA", "ENDEE": "ESTRADA_SANTA_ISABEL1630__VILA_PEDROSO_07435-180", "LATITUDE": "-23.4132021", "LONGITUDE": "-46.3220822", "LMAPS": "https://www.google.com/maps?q=&layer=c&cbll=-46.3220822,-23.4132021", "O_QUE_FAZER": "CARTEIRA", "ER_REGIAO_CIDADE_min": "Arujá_Alto Tietê" }, "geometry": { "type": "Point", "coordinates": [ -46.3220822, -23.4132021 ] } },
{ "type": "Feature", "properties": { "CNPJ": "46036941000186", "IDCIDADE": "ARUJA", "NOMEFANTASIA": "EMARINHO", "RAZAOSOCIAL": "EMMARINHO_MATERIAIS_DE_CONSTRUCAO_EM_GERAL_LTDA", "ENDEE": "ESTRADA_SANTA_ISABEL1640__VILA_PEDROSO_07435-180", "LATITUDE": "-23.4131961", "LONGITUDE": "-46.3220753", "LMAPS": "https://www.google.com/maps?q=&layer=c&cbll=-46.3220753,-23.4131961", "O_QUE_FAZER": "CARTEIRA", "ER_REGIAO_CIDADE_min": "Arujá_Alto Tietê" }, "geometry": { "type": "Point", "coordinates": [ -46.3220753, -23.4131961 ] } },
{ "type": "Feature", "properties": { "CNPJ": "22267302000163", "IDCIDADE": "ARUJA", "NOMEFANTASIA": "OFFER", "RAZAOSOCIAL": "RB_COMERCIO_DE_BEBIDAS_LTDA", "ENDEE": "ESTRADA_SANTA_ISABEL1647__CAPUTERA_07435-180", "LATITUDE": "-23.4135173", "LONGITUDE": "-46.3215839", "LMAPS": "https://www.google.com/maps?q=&layer=c&cbll=-46.3215839,-23.4135173", "O_QUE_FAZER": "CARTEIRA", "ER_REGIAO_CIDADE_min": "Arujá_Alto Tietê" }, "geometry": { "type": "Point", "coordinates": [ -46.3215839, -23.4135173 ] } },
{ "type": "Feature", "properties": { "CNPJ": "50000042000109", "IDCIDADE": "ARUJA", "NOMEFANTASIA": "ORAL_SI", "RAZAOSOCIAL": "EGEA_BACO_&_ALMEIDA_ODONTOLOGIA_LTDA", "ENDEE": "RODOVIA_DE_SANTA_ISABEL1201__JARDIM_LIMOEIRO_07435-180", "LATITUDE": "-23.4198553", "LONGITUDE": "-46.3267774", "LMAPS": "https://www.google.com/maps?q=&layer=c&cbll=-46.3267774,-23.4198553", "O_QUE_FAZER": "CARTEIRA", "ER_REGIAO_CIDADE_min": "Arujá_Alto Tietê" }, "geometry": { "type": "Point", "coordinates": [ -46.3267774, -23.4198553 ] } },
{ "type": "Feature", "properties": { "CNPJ": "46697238000119", "IDCIDADE": "ARUJA", "NOMEFANTASIA": "TRACK_&_FIELD", "RAZAOSOCIAL": "MATHEUS_PALHUCA_COMERCIO_DE_ARTIGOS_ESPORTIVOS_LTDA", "ENDEE": "RODOVIA_DE_SANTA_ISABEL1201__JARDIM_LIMOEIRO_07435-180", "LATITUDE": "-23.4200669", "LONGITUDE": "-46.3269171", "LMAPS": "https://www.google.com/maps?q=&layer=c&cbll=-46.3269171,-23.4200669", "O_QUE_FAZER": "CARTEIRA", "ER_REGIAO_CIDADE_min": "Arujá_Alto Tietê" }, "geometry": { "type": "Point", "coordinates": [ -46.3269171, -23.4200669 ] } },
{ "type": "Feature", "properties": { "CNPJ": "33130676000159", "IDCIDADE": "ARUJA", "NOMEFANTASIA": "ARU_GESSO", "RAZAOSOCIAL": "ARUGESSO_DECORACOES_LTDA", "ENDEE": "RODOVIA_DE_SANTA_ISABEL2244__JARDIM_LIMOEIRO_07435-180", "LATITUDE": "-23.4149472", "LONGITUDE": "-46.3247067", "LMAPS": "https://www.google.com/maps?q=&layer=c&cbll=-46.3247067,-23.4149472", "O_QUE_FAZER": "CARTEIRA", "ER_REGIAO_CIDADE_min": "Arujá_Alto Tietê" }, "geometry": { "type": "Point", "coordinates": [ -46.3247067, -23.4149472 ] } },
{ "type": "Feature", "properties": { "CNPJ": "23918783000192", "IDCIDADE": "ARUJA", "NOMEFANTASIA": "YELLOW_IMOVEIS", "RAZAOSOCIAL": "YELLOW_IMOVEIS_LTDA", "ENDEE": "RODOVIA_DE_SANTA_ISABEL2320__JARDIM_LIMOEIRO_07435-180", "LATITUDE": "-23.4177534", "LONGITUDE": "-46.3264018", "LMAPS": "https://www.google.com/maps?q=&layer=c&cbll=-46.3264018,-23.4177534", "O_QUE_FAZER": "CARTEIRA", "ER_REGIAO_CIDADE_min": "Arujá_Alto Tietê" }, "geometry": { "type": "Point", "coordinates": [ -46.3264018, -23.4177534 ] } },
{ "type": "Feature", "properties": { "CNPJ": "05606472000106", "IDCIDADE": "ARUJA", "NOMEFANTASIA": "PH_MAIS_PISCINAS", "RAZAOSOCIAL": "PH_+_PISCINAS_LTDA", "ENDEE": "RODOVIA_DE_SANTA_ISABEL2540__JARDIM_LIMOEIRO_07435-180", "LATITUDE": "-23.4199269", "LONGITUDE": "-46.3268376", "LMAPS": "https://www.google.com/maps?q=&layer=c&cbll=-46.3268376,-23.4199269", "O_QUE_FAZER": "CARTEIRA", "ER_REGIAO_CIDADE_min": "Arujá_Alto Tietê" }, "geometry": { "type": "Point", "coordinates": [ -46.3268376, -23.4199269 ] } },
{ "type": "Feature", "properties": { "CNPJ": "40871775000157", "IDCIDADE": "ARUJA", "NOMEFANTASIA": "IMPACTOFIT", "RAZAOSOCIAL": "VR_ACADEMIA_LTDA", "ENDEE": "RUA_DOS_COQUEIROS161__RECANTO_PRIMAVERA_08583-550", "LATITUDE": "-23.4242048", "LONGITUDE": "-46.3664411", "LMAPS": "https://www.google.com/maps?q=&layer=c&cbll=-46.3664411,-23.4242048", "O_QUE_FAZER": "CARTEIRA", "ER_REGIAO_CIDADE_min": "Arujá_Alto Tietê" }, "geometry": { "type": "Point", "coordinates": [ -46.3664411, -23.4242048 ] } },
{ "type": "Feature", "properties": { "CNPJ": "37240601000181", "IDCIDADE": "ITAQUAQUECETUBA", "NOMEFANTASIA": "MAMAE_MERCADO", "RAZAOSOCIAL": "MERCADINHO_MAMAE_PEROBAL_LTDA", "ENDEE": "ESTRADA_PEDRO_DA_CUNHA_ALBUQUERQUE_LOPES2290__PEROBAL_08584-584", "LATITUDE": "-23.4204409", "LONGITUDE": "-46.3499643", "LMAPS": "https://www.google.com/maps?q=&layer=c&cbll=-46.3499643,-23.4204409", "O_QUE_FAZER": "CARTEIRA", "ER_REGIAO_CIDADE_min": "Arujá_Alto Tietê" }, "geometry": { "type": "Point", "coordinates": [ -46.3499643, -23.4204409 ] } },
{ "type": "Feature", "properties": { "CNPJ": "23834280000139", "IDCIDADE": "ITAQUAQUECETUBA", "NOMEFANTASIA": "AG_MODAS", "RAZAOSOCIAL": "ALINE_APARECIDA_SOARES_GUIMARAES", "ENDEE": "RUA_DAS_PALMEIRAS560__JARDIM_DOS_IPES_08598-050", "LATITUDE": "-23.427869", "LONGITUDE": "-46.2929503", "LMAPS": "https://www.google.com/maps?q=&layer=c&cbll=-46.2929503,-23.427869", "O_QUE_FAZER": "CARTEIRA", "ER_REGIAO_CIDADE_min": "Arujá_Alto Tietê" }, "geometry": { "type": "Point", "coordinates": [ -46.2929503, -23.427869 ] } },
{ "type": "Feature", "properties": { "CNPJ": "28649037000164", "IDCIDADE": "ARUJA", "NOMEFANTASIA": "REALCE", "RAZAOSOCIAL": "REALCE", "ENDEE": "RUA_MAJOR_BENJAMIN_FRANCO__137_07400-165", "LATITUDE": "-23.3961318", "LONGITUDE": "-46.3250346", "LMAPS": "https://www.google.com/maps?q=&layer=c&cbll=-46.3250346,-23.3961318", "O_QUE_FAZER": "APLICAR T3", "ER_REGIAO_CIDADE_min": "Arujá_Alto Tietê" }, "geometry": { "type": "Point", "coordinates": [ -46.3250346, -23.3961318 ] } },
{ "type": "Feature", "properties": { "CNPJ": "74463795000100", "IDCIDADE": "ARUJA", "NOMEFANTASIA": "BAR_DO_MOCOTO", "RAZAOSOCIAL": "BAR_DO_MOCOTO", "ENDEE": "MARECHAL_CASTELO_BRANCO580__JARDIM_RINCAO_07400-445", "LATITUDE": "-23.40209", "LONGITUDE": "-46.3178889", "LMAPS": "https://www.google.com/maps?q=&layer=c&cbll=-46.3178889,-23.40209", "O_QUE_FAZER": "APLICAR T3", "ER_REGIAO_CIDADE_min": "Arujá_Alto Tietê" }, "geometry": { "type": "Point", "coordinates": [ -46.3178889, -23.40209 ] } },
{ "type": "Feature", "properties": { "CNPJ": "10510936000116", "IDCIDADE": "ARUJA", "NOMEFANTASIA": "JAVAI__CALHAS", "RAZAOSOCIAL": "JAVAI__CALHAS", "ENDEE": "WENCESLAU_BRAZ371__JARDIM_RINCAO_07400-455", "LATITUDE": "-23.4000218", "LONGITUDE": "-46.3198867", "LMAPS": "https://www.google.com/maps?q=&layer=c&cbll=-46.3198867,-23.4000218", "O_QUE_FAZER": "APLICAR T3", "ER_REGIAO_CIDADE_min": "Arujá_Alto Tietê" }, "geometry": { "type": "Point", "coordinates": [ -46.3198867, -23.4000218 ] } },
{ "type": "Feature", "properties": { "CNPJ": "06340651000107", "IDCIDADE": "ARUJA", "NOMEFANTASIA": "COLORE_TINTAS", "RAZAOSOCIAL": "COLORE_DISTRIBUIDORA_DE_TINTAS_LTDA", "ENDEE": "AVENIDA_DOS_EXPEDICIONARIOS516__JARDIM_RINCAO_07400-460", "LATITUDE": "-23.3988196", "LONGITUDE": "-46.3204314", "LMAPS": "https://www.google.com/maps?q=&layer=c&cbll=-46.3204314,-23.3988196", "O_QUE_FAZER": "APLICAR T3", "ER_REGIAO_CIDADE_min": "Arujá_Alto Tietê" }, "geometry": { "type": "Point", "coordinates": [ -46.3204314, -23.3988196 ] } },
{ "type": "Feature", "properties": { "CNPJ": "06227176000167", "IDCIDADE": "ARUJA", "NOMEFANTASIA": "NANAKOYA", "RAZAOSOCIAL": "NANAKOYA", "ENDEE": "AVENIDA_DOS_EXPEDICIONARIOS__1056_07400-490", "LATITUDE": "-23.3956153", "LONGITUDE": "-46.3232669", "LMAPS": "https://www.google.com/maps?q=&layer=c&cbll=-46.3232669,-23.3956153", "O_QUE_FAZER": "APLICAR T3", "ER_REGIAO_CIDADE_min": "Arujá_Alto Tietê" }, "geometry": { "type": "Point", "coordinates": [ -46.3232669, -23.3956153 ] } },
{ "type": "Feature", "properties": { "CNPJ": "20146133000188", "IDCIDADE": "ARUJA", "NOMEFANTASIA": "RESTAURANTE E PIZZARIA DA TIA", "RAZAOSOCIAL": "RESTAURANTE E PIZZARIA OS GAUCHOS LTDA", "ENDEE": "OLAVO BILAC, 54, VILA FLORA REGINA, 07400-525, ARUJÁ_07400-525", "LATITUDE": "-23.3982712", "LONGITUDE": "-46.3202206", "LMAPS": "https://www.google.com/maps?q=&layer=c&cbll=-46.3202206,-23.3982712", "O_QUE_FAZER": "APLICAR T3", "ER_REGIAO_CIDADE_min": "Arujá_Alto Tietê" }, "geometry": { "type": "Point", "coordinates": [ -46.3202206, -23.3982712 ] } },
{ "type": "Feature", "properties": { "CNPJ": "53269577000160", "IDCIDADE": "ARUJA", "NOMEFANTASIA": "ZIROL COMERCIO DE ROUPAS", "RAZAOSOCIAL": "ZIROL COMERCIO DE ROUPAS LTDA", "ENDEE": "JOÃO MANOEL, 150, CENTRO, 07400-610, ARUJÁ_07400-610", "LATITUDE": "-23.3945776", "LONGITUDE": "-46.3236409", "LMAPS": "https://www.google.com/maps?q=&layer=c&cbll=-46.3236409,-23.3945776", "O_QUE_FAZER": "APLICAR T3", "ER_REGIAO_CIDADE_min": "Arujá_Alto Tietê" }, "geometry": { "type": "Point", "coordinates": [ -46.3236409, -23.3945776 ] } },
{ "type": "Feature", "properties": { "CNPJ": "40519140000195", "IDCIDADE": "ARUJA", "NOMEFANTASIA": "CRIS_TOLDOS", "RAZAOSOCIAL": "CRIS_TOLDOS", "ENDEE": "DOS_EXPEDICIONARIOS2264__VILA_RIMAN_07401-370", "LATITUDE": "-23.388655", "LONGITUDE": "-46.3144358", "LMAPS": "https://www.google.com/maps?q=&layer=c&cbll=-46.3144358,-23.388655", "O_QUE_FAZER": "APLICAR T3", "ER_REGIAO_CIDADE_min": "Arujá_Alto Tietê" }, "geometry": { "type": "Point", "coordinates": [ -46.3144358, -23.388655 ] } },
{ "type": "Feature", "properties": { "CNPJ": "43352013000132", "IDCIDADE": "ARUJA", "NOMEFANTASIA": "GONCALVES_MATIC", "RAZAOSOCIAL": "GONCALVES_MATIC", "ENDEE": "DOS_EXPEDICIONARIOS1970__VILA_PILAR_07401-790", "LATITUDE": "-23.3904733", "LONGITUDE": "-46.3164419", "LMAPS": "https://www.google.com/maps?q=&layer=c&cbll=-46.3164419,-23.3904733", "O_QUE_FAZER": "APLICAR T3", "ER_REGIAO_CIDADE_min": "Arujá_Alto Tietê" }, "geometry": { "type": "Point", "coordinates": [ -46.3164419, -23.3904733 ] } },
{ "type": "Feature", "properties": { "CNPJ": "40343194000142", "IDCIDADE": "ARUJA", "NOMEFANTASIA": "CHARMING_NAILS", "RAZAOSOCIAL": "UNHAS_CHARMOSAS_E_ACESSORIOS_LTDA", "ENDEE": "RUA_SILVINA_DE_CAMARGO53__VILA_LIMA_07402-135", "LATITUDE": "-23.3964501", "LONGITUDE": "-46.319493", "LMAPS": "https://www.google.com/maps?q=&layer=c&cbll=-46.319493,-23.3964501", "O_QUE_FAZER": "APLICAR T3", "ER_REGIAO_CIDADE_min": "Arujá_Alto Tietê" }, "geometry": { "type": "Point", "coordinates": [ -46.319493, -23.3964501 ] } },
{ "type": "Feature", "properties": { "CNPJ": "36587086000148", "IDCIDADE": "ARUJA", "NOMEFANTASIA": "SOUZA_PRADO_MODAS", "RAZAOSOCIAL": "SOUZA_PRADO_MODAS", "ENDEE": "SILVINA_DE_CAMARGO110__VILA_LIMA_07402-135", "LATITUDE": "-23.3969415", "LONGITUDE": "-46.3196039", "LMAPS": "https://www.google.com/maps?q=&layer=c&cbll=-46.3196039,-23.3969415", "O_QUE_FAZER": "APLICAR T3", "ER_REGIAO_CIDADE_min": "Arujá_Alto Tietê" }, "geometry": { "type": "Point", "coordinates": [ -46.3196039, -23.3969415 ] } },
{ "type": "Feature", "properties": { "CNPJ": "47090472000146", "IDCIDADE": "ARUJÁ", "NOMEFANTASIA": "JOSILMA COSTA FONTES", "RAZAOSOCIAL": "JOSILMA COSTA FONTES", "ENDEE": "NOSSA SENHORA DE FÁTIMA_489_JORDANÓPOLIS_ARUJÁ_07411-210", "LATITUDE": "-23.3962308", "LONGITUDE": "-46.3234521", "LMAPS": "https://www.google.com/maps?q=&layer=c&cbll=-23.3962308,-46.3234521", "O_QUE_FAZER": "APLICAR T3", "ER_REGIAO_CIDADE_min": "Arujá_Alto Tietê" }, "geometry": { "type": "Point", "coordinates": [ -46.3234521, -23.3962308 ] } },
{ "type": "Feature", "properties": { "CNPJ": "15256559000154", "IDCIDADE": "ARUJA", "NOMEFANTASIA": "QUALIMANUTECH", "RAZAOSOCIAL": "QUALIMANUTECH", "ENDEE": "DOS_LILAZES178__CIDADE_NOVA_ARUJA_07411-400", "LATITUDE": "-23.4034905", "LONGITUDE": "-46.3446795", "LMAPS": "https://www.google.com/maps?q=&layer=c&cbll=-46.3446795,-23.4034905", "O_QUE_FAZER": "APLICAR T3", "ER_REGIAO_CIDADE_min": "Arujá_Alto Tietê" }, "geometry": { "type": "Point", "coordinates": [ -46.3446795, -23.4034905 ] } },
{ "type": "Feature", "properties": { "CNPJ": "04994657000172", "IDCIDADE": "ARUJA", "NOMEFANTASIA": "LINA_CONSTRUCAO", "RAZAOSOCIAL": "LINA_CONSTRUCAO", "ENDEE": "LUIZ_PAULO_COLANGELO_NOBREGA951__PARQUE_RODRIGO_BARRETO_07417-185", "LATITUDE": "-23.3792415", "LONGITUDE": "-46.326437", "LMAPS": "https://www.google.com/maps?q=&layer=c&cbll=-46.326437,-23.3792415", "O_QUE_FAZER": "APLICAR T3", "ER_REGIAO_CIDADE_min": "Arujá_Alto Tietê" }, "geometry": { "type": "Point", "coordinates": [ -46.326437, -23.3792415 ] } },
{ "type": "Feature", "properties": { "CNPJ": "49698584000100", "IDCIDADE": "ARUJA", "NOMEFANTASIA": "BLACK_DIAMONDS", "RAZAOSOCIAL": "BLACK_DIAMONDS", "ENDEE": "ROGERIO_DE_ANDRADE_SANTOS353__PARQUE_RODRIGO_BARRETO_07417-195", "LATITUDE": "-23.381022", "LONGITUDE": "-46.3290991", "LMAPS": "https://www.google.com/maps?q=&layer=c&cbll=-46.3290991,-23.381022", "O_QUE_FAZER": "APLICAR T3", "ER_REGIAO_CIDADE_min": "Arujá_Alto Tietê" }, "geometry": { "type": "Point", "coordinates": [ -46.3290991, -23.381022 ] } },
{ "type": "Feature", "properties": { "CNPJ": "47373644000199", "IDCIDADE": "ARUJA", "NOMEFANTASIA": "VOCE_PRODUTOS_DE_LIMPEZA", "RAZAOSOCIAL": "VOCE_PRODUTOS_DE_LIMPEZA", "ENDEE": "AVENIDA_RAILDA_ALVES_DE_OLIVEIRA__344_07417-265", "LATITUDE": "-23.3785097", "LONGITUDE": "-46.3287972", "LMAPS": "https://www.google.com/maps?q=&layer=c&cbll=-46.3287972,-23.3785097", "O_QUE_FAZER": "APLICAR T3", "ER_REGIAO_CIDADE_min": "Arujá_Alto Tietê" }, "geometry": { "type": "Point", "coordinates": [ -46.3287972, -23.3785097 ] } },
{ "type": "Feature", "properties": { "CNPJ": "63700183000178", "IDCIDADE": "ARUJA", "NOMEFANTASIA": "REAL_SEAUCI", "RAZAOSOCIAL": "REAL_SEAUCI", "ENDEE": "AVENIDA_RAILDA_ALVES_DE_OLIVEIRA__358_07417-265", "LATITUDE": "-23.3784461", "LONGITUDE": "-46.3289915", "LMAPS": "https://www.google.com/maps?q=&layer=c&cbll=-46.3289915,-23.3784461", "O_QUE_FAZER": "APLICAR T3", "ER_REGIAO_CIDADE_min": "Arujá_Alto Tietê" }, "geometry": { "type": "Point", "coordinates": [ -46.3289915, -23.3784461 ] } },
{ "type": "Feature", "properties": { "CNPJ": "26885067000144", "IDCIDADE": "ARUJA", "NOMEFANTASIA": "CASA_DE_RACAO_LESSY", "RAZAOSOCIAL": "CASA_DE_RACAO_LESSY_LTDA", "ENDEE": "AVENIDA_RAILDA_ALVES_DE_OLIVEIRA550__PARQUE_RODRIGO_BARRETO_07417-265", "LATITUDE": "-23.3787747", "LONGITUDE": "-46.3258629", "LMAPS": "https://www.google.com/maps?q=&layer=c&cbll=-46.3258629,-23.3787747", "O_QUE_FAZER": "APLICAR T3", "ER_REGIAO_CIDADE_min": "Arujá_Alto Tietê" }, "geometry": { "type": "Point", "coordinates": [ -46.3258629, -23.3787747 ] } },
{ "type": "Feature", "properties": { "CNPJ": "43871494000192", "IDCIDADE": "ARUJA", "NOMEFANTASIA": "RM_BARBEARIA", "RAZAOSOCIAL": "RM_BARBEARIA", "ENDEE": "RAILDA_ALVES_DE_OLIVEIRA274__PARQUE_RODRIGO_BARRETO_07417-265", "LATITUDE": "-23.3785575", "LONGITUDE": "-46.3282023", "LMAPS": "https://www.google.com/maps?q=&layer=c&cbll=-46.3282023,-23.3785575", "O_QUE_FAZER": "APLICAR T3", "ER_REGIAO_CIDADE_min": "Arujá_Alto Tietê" }, "geometry": { "type": "Point", "coordinates": [ -46.3282023, -23.3785575 ] } },
{ "type": "Feature", "properties": { "CNPJ": "60397565000186", "IDCIDADE": "ARUJA", "NOMEFANTASIA": "VIDROS_COSTA", "RAZAOSOCIAL": "VIDROS_COSTA", "ENDEE": "ARMANDO_COLANGELO1191__PARQUE_RODRIGO_BARRETO_07417-305", "LATITUDE": "-23.3870732", "LONGITUDE": "-46.3260408", "LMAPS": "https://www.google.com/maps?q=&layer=c&cbll=-46.3260408,-23.3870732", "O_QUE_FAZER": "APLICAR T3", "ER_REGIAO_CIDADE_min": "Arujá_Alto Tietê" }, "geometry": { "type": "Point", "coordinates": [ -46.3260408, -23.3870732 ] } },
{ "type": "Feature", "properties": { "CNPJ": "51794958000132", "IDCIDADE": "ARUJA", "NOMEFANTASIA": "DUTRA_OFICINA_E_PECAS", "RAZAOSOCIAL": "GF_DUTRA_OFICINA_E_PECAS_LTDA", "ENDEE": "AVENIDA_ARMANDO_COLANGELO1230__PARQUE_RODRIGO_BARRETO_07417-305", "LATITUDE": "-23.3866856", "LONGITUDE": "-46.3258712", "LMAPS": "https://www.google.com/maps?q=&layer=c&cbll=-46.3258712,-23.3866856", "O_QUE_FAZER": "APLICAR T3", "ER_REGIAO_CIDADE_min": "Arujá_Alto Tietê" }, "geometry": { "type": "Point", "coordinates": [ -46.3258712, -23.3866856 ] } },
{ "type": "Feature", "properties": { "CNPJ": "30969613000100", "IDCIDADE": "ARUJA", "NOMEFANTASIA": "MJ_CAR", "RAZAOSOCIAL": "MICHELLE_MENDES_MADUREIRA", "ENDEE": "AVENIDA_ARMANDO_COLANGELO1420__PARQUE_RODRIGO_BARRETO_07417-305", "LATITUDE": "-23.3851208", "LONGITUDE": "-46.3257667", "LMAPS": "https://www.google.com/maps?q=&layer=c&cbll=-46.3257667,-23.3851208", "O_QUE_FAZER": "APLICAR T3", "ER_REGIAO_CIDADE_min": "Arujá_Alto Tietê" }, "geometry": { "type": "Point", "coordinates": [ -46.3257667, -23.3851208 ] } },
{ "type": "Feature", "properties": { "CNPJ": "11099889000122", "IDCIDADE": "ARUJA", "NOMEFANTASIA": "DIMAS CENTRO AUTOMOTIVOS", "RAZAOSOCIAL": "DIMAS ANDRADE SILVA", "ENDEE": "ARMANDO COLANGELO, 1589, PARQUE RODRIGO BARRETO, 07417-305, ARUJÁ_07417-305", "LATITUDE": "-23.3834411", "LONGITUDE": "-46.3260167", "LMAPS": "https://www.google.com/maps?q=&layer=c&cbll=-46.3260167,-23.3834411", "O_QUE_FAZER": "APLICAR T3", "ER_REGIAO_CIDADE_min": "Arujá_Alto Tietê" }, "geometry": { "type": "Point", "coordinates": [ -46.3260167, -23.3834411 ] } },
{ "type": "Feature", "properties": { "CNPJ": "09446446000119", "IDCIDADE": "ARUJA", "NOMEFANTASIA": "AUTO PECAS L & A", "RAZAOSOCIAL": "FABIO R. DE SOUSA AUTO PECAS", "ENDEE": "ARMANDO COLANGELO, 1465, PARQUE RODRIGO BARRETO, 07417-305, ARUJÁ_07417-305", "LATITUDE": "-23.384481", "LONGITUDE": "-46.3259343", "LMAPS": "https://www.google.com/maps?q=&layer=c&cbll=-46.3259343,-23.384481", "O_QUE_FAZER": "APLICAR T3", "ER_REGIAO_CIDADE_min": "Arujá_Alto Tietê" }, "geometry": { "type": "Point", "coordinates": [ -46.3259343, -23.384481 ] } },
{ "type": "Feature", "properties": { "CNPJ": "72857931000111", "IDCIDADE": "ARUJA", "NOMEFANTASIA": "OK_ANA_LAR_E_CONSTRUCAO", "RAZAOSOCIAL": "CENTER_VILLE_COMERCIO_DE_MATERIAIS_PARA_CONSTRUCAO_LTDA.", "ENDEE": "RUA_JOSE_SEVERINO_FILHO58__PARQUE_RODRIGO_BARRETO_07417-380", "LATITUDE": "-23.3882918", "LONGITUDE": "-46.3257726", "LMAPS": "https://www.google.com/maps?q=&layer=c&cbll=-46.3257726,-23.3882918", "O_QUE_FAZER": "APLICAR T3", "ER_REGIAO_CIDADE_min": "Arujá_Alto Tietê" }, "geometry": { "type": "Point", "coordinates": [ -46.3257726, -23.3882918 ] } },
{ "type": "Feature", "properties": { "CNPJ": "11946769000113", "IDCIDADE": "ARUJA", "NOMEFANTASIA": "DEPOSITO_PEINHA", "RAZAOSOCIAL": "DEPOSITO_PEINHA", "ENDEE": "DA_PEINHA885__CHACARA_BANANAL_07418-085", "LATITUDE": "-23.3951365", "LONGITUDE": "-46.3227109", "LMAPS": "https://www.google.com/maps?q=&layer=c&cbll=-46.3227109,-23.3951365", "O_QUE_FAZER": "APLICAR T3", "ER_REGIAO_CIDADE_min": "Arujá_Alto Tietê" }, "geometry": { "type": "Point", "coordinates": [ -46.3227109, -23.3951365 ] } },
{ "type": "Feature", "properties": { "CNPJ": "20080638000197", "IDCIDADE": "ARUJA", "NOMEFANTASIA": "SENHOR_EMPADAO", "RAZAOSOCIAL": "SENHOR_EMPADAO", "ENDEE": "JURANDIR_SANCHES_MAIOLINO145__VILA_PEDROSO_07434-310", "LATITUDE": "-23.4123307", "LONGITUDE": "-46.3218588", "LMAPS": "https://www.google.com/maps?q=&layer=c&cbll=-46.3218588,-23.4123307", "O_QUE_FAZER": "APLICAR T3", "ER_REGIAO_CIDADE_min": "Arujá_Alto Tietê" }, "geometry": { "type": "Point", "coordinates": [ -46.3218588, -23.4123307 ] } },
{ "type": "Feature", "properties": { "CNPJ": "62020155000147", "IDCIDADE": "ARUJA", "NOMEFANTASIA": "BARBEARIA_09", "RAZAOSOCIAL": "BARBEARIA_09", "ENDEE": "RUA_ROGERIO_DE_ANDRADE_SANTOS__90_07417-195", "LATITUDE": "-23.3809122", "LONGITUDE": "-46.3265078", "LMAPS": "https://www.google.com/maps?q=&layer=c&cbll=-46.3265078,-23.3809122", "O_QUE_FAZER": "APLICAR T3", "ER_REGIAO_CIDADE_min": "Arujá_Alto Tietê" }, "geometry": { "type": "Point", "coordinates": [ -46.3265078, -23.3809122 ] } },
{ "type": "Feature", "properties": { "CNPJ": "56895972000146", "IDCIDADE": "ARUJA", "NOMEFANTASIA": "PADARIA_ARUJA", "RAZAOSOCIAL": "PADARIA_E_CONFEITARIA_ARUJA_LTDA", "ENDEE": "AVENIDA_DOS_EXPEDICIONARIOS1084__VILA_FLORA_REGINA_07400-490", "LATITUDE": "-23.3954444", "LONGITUDE": "-46.3229989", "LMAPS": "https://www.google.com/maps?q=&layer=c&cbll=-46.3229989,-23.3954444", "O_QUE_FAZER": "APLICAR T2", "ER_REGIAO_CIDADE_min": "Arujá_Alto Tietê" }, "geometry": { "type": "Point", "coordinates": [ -46.3229989, -23.3954444 ] } },
{ "type": "Feature", "properties": { "CNPJ": "45359381000138", "IDCIDADE": "ARUJA", "NOMEFANTASIA": "ECOLOGICPEL", "RAZAOSOCIAL": "ECOLOGICPEL", "ENDEE": "AVENIDA_ARMANDO_COLANGELO__173_07401-070", "LATITUDE": "-23.3948257", "LONGITUDE": "-46.3299391", "LMAPS": "https://www.google.com/maps?q=&layer=c&cbll=-46.3299391,-23.3948257", "O_QUE_FAZER": "APLICAR T2", "ER_REGIAO_CIDADE_min": "Arujá_Alto Tietê" }, "geometry": { "type": "Point", "coordinates": [ -46.3299391, -23.3948257 ] } },
{ "type": "Feature", "properties": { "CNPJ": "35442579000127", "IDCIDADE": "ARUJA", "NOMEFANTASIA": "BRASERO_PARRILLAS_COMERCIO_E_SERVICOS_ESPECIALIZADOS_EM_CHURRASQUEIRA_LTDA", "RAZAOSOCIAL": "BRASERO_PARRILLAS", "ENDEE": "RUA_SILMAR_MONTONI145__ARUJA_CENTER_VILLE_07401-135", "LATITUDE": "-23.3944522", "LONGITUDE": "-46.327958", "LMAPS": "https://www.google.com/maps?q=&layer=c&cbll=-46.327958,-23.3944522", "O_QUE_FAZER": "APLICAR T2", "ER_REGIAO_CIDADE_min": "Arujá_Alto Tietê" }, "geometry": { "type": "Point", "coordinates": [ -46.327958, -23.3944522 ] } },
{ "type": "Feature", "properties": { "CNPJ": "20743348000186", "IDCIDADE": "ARUJA", "NOMEFANTASIA": "KING_CEL", "RAZAOSOCIAL": "KING_CEL", "ENDEE": "RUA_BORBA_GATO__28_07402-125", "LATITUDE": "-23.3949913", "LONGITUDE": "-46.3219462", "LMAPS": "https://www.google.com/maps?q=&layer=c&cbll=-46.3219462,-23.3949913", "O_QUE_FAZER": "APLICAR T2", "ER_REGIAO_CIDADE_min": "Arujá_Alto Tietê" }, "geometry": { "type": "Point", "coordinates": [ -46.3219462, -23.3949913 ] } },
{ "type": "Feature", "properties": { "CNPJ": "13175094000181", "IDCIDADE": "ARUJA", "NOMEFANTASIA": "ASTEB", "RAZAOSOCIAL": "ASTEB", "ENDEE": "RUA_BORBA_GATO__35_07402-125", "LATITUDE": "-23.3949028", "LONGITUDE": "-46.3215616", "LMAPS": "https://www.google.com/maps?q=&layer=c&cbll=-46.3215616,-23.3949028", "O_QUE_FAZER": "APLICAR T2", "ER_REGIAO_CIDADE_min": "Arujá_Alto Tietê" }, "geometry": { "type": "Point", "coordinates": [ -46.3215616, -23.3949028 ] } },
{ "type": "Feature", "properties": { "CNPJ": "48081887000116", "IDCIDADE": "ARUJA", "NOMEFANTASIA": "ELETRO_SERVICE", "RAZAOSOCIAL": "ELETRO_SERVICE", "ENDEE": "RUA_BORBA_GATO__35_07402-125", "LATITUDE": "-23.3949028", "LONGITUDE": "-46.3215616", "LMAPS": "https://www.google.com/maps?q=&layer=c&cbll=-46.3215616,-23.3949028", "O_QUE_FAZER": "APLICAR T2", "ER_REGIAO_CIDADE_min": "Arujá_Alto Tietê" }, "geometry": { "type": "Point", "coordinates": [ -46.3215616, -23.3949028 ] } },
{ "type": "Feature", "properties": { "CNPJ": "64645465000182", "IDCIDADE": "ARUJA", "NOMEFANTASIA": "PANIFICADORA_NOVA_SAO_GERALDO", "RAZAOSOCIAL": "PANIFICADORA_NOVA_SAO_GERALDO", "ENDEE": "AVENIDA_ARMANDO_COLANGELO__1905_07417-305", "LATITUDE": "-23.380596", "LONGITUDE": "-46.3258175", "LMAPS": "https://www.google.com/maps?q=&layer=c&cbll=-46.3258175,-23.380596", "O_QUE_FAZER": "APLICAR T2", "ER_REGIAO_CIDADE_min": "Arujá_Alto Tietê" }, "geometry": { "type": "Point", "coordinates": [ -46.3258175, -23.380596 ] } },
{ "type": "Feature", "properties": { "CNPJ": "39689605000177", "IDCIDADE": "ARUJA", "NOMEFANTASIA": "ADEGA_PURO_MALTE", "RAZAOSOCIAL": "ADEGA_PURO_MALTE", "ENDEE": "AVENIDA_ANTONIO_ARMANDO_JUSTICA__843_07417-325", "LATITUDE": "-23.3794943", "LONGITUDE": "-46.3250749", "LMAPS": "https://www.google.com/maps?q=&layer=c&cbll=-46.3250749,-23.3794943", "O_QUE_FAZER": "APLICAR T2", "ER_REGIAO_CIDADE_min": "Arujá_Alto Tietê" }, "geometry": { "type": "Point", "coordinates": [ -46.3250749, -23.3794943 ] } },
{ "type": "Feature", "properties": { "CNPJ": "39248072000198", "IDCIDADE": "ARUJA", "NOMEFANTASIA": "MZK_MOTORS", "RAZAOSOCIAL": "MZK_MOTORS", "ENDEE": "AVENIDA_BENEDITO_MANOEL_DOS_SANTOS__1440_07428-205", "LATITUDE": "-23.4144485", "LONGITUDE": "-46.3244027", "LMAPS": "https://www.google.com/maps?q=&layer=c&cbll=-46.3244027,-23.4144485", "O_QUE_FAZER": "APLICAR T2", "ER_REGIAO_CIDADE_min": "Arujá_Alto Tietê" }, "geometry": { "type": "Point", "coordinates": [ -46.3244027, -23.4144485 ] } },
{ "type": "Feature", "properties": { "CNPJ": "08268624000104", "IDCIDADE": "ARUJA", "NOMEFANTASIA": "GORELLI", "RAZAOSOCIAL": "GORELLI_IMOVEIS_LTDA", "ENDEE": "ESTRADA_SANTA_ISABEL1577__CAPUTERA_07434-100", "LATITUDE": "-23.4130909", "LONGITUDE": "-46.3213555", "LMAPS": "https://www.google.com/maps?q=&layer=c&cbll=-46.3213555,-23.4130909", "O_QUE_FAZER": "APLICAR T2", "ER_REGIAO_CIDADE_min": "Arujá_Alto Tietê" }, "geometry": { "type": "Point", "coordinates": [ -46.3213555, -23.4130909 ] } }
]
}
