{
"type": "FeatureCollection",
"name": "ER_REGIAO_CIDADE_min_Ibaté_Araraquara",
"crs": { "type": "name", "properties": { "name": "urn:ogc:def:crs:OGC:1.3:CRS84" } },
"xy_coordinate_resolution": 1e-15,
"features": [
{ "type": "Feature", "properties": { "CNPJ": "34499027000192", "IDCIDADE": "IBATE", "NOMEFANTASIA": "34.499.027_TIAGO_FERREIRA_DE_LIMA", "RAZAOSOCIAL": "TOLDOS_ALPHA", "ENDEE": "AVENIDA_MAESTRO_ADAO_DE_OLIVEIRA526__DOMINGOS_VALERIO_14815-000", "LATITUDE": "-21.9513026", "LONGITUDE": "-48.0107421", "LMAPS": "https://www.google.com/maps?q=&layer=c&cbll=-48.0107421,-21.9513026", "O_QUE_FAZER": "FINALIZADO", "ER_REGIAO_CIDADE_min": "Ibaté_Araraquara" }, "geometry": { "type": "Point", "coordinates": [ -48.0107421, -21.9513026 ] } },
{ "type": "Feature", "properties": { "CNPJ": "43539375000137", "IDCIDADE": "IBATE", "NOMEFANTASIA": "WERNHER_CAMILO_KIEFER_43273879831", "RAZAOSOCIAL": "ENCANTO_DOCES", "ENDEE": "RUA_SAO_JOAO857__CENTRO_14815-000", "LATITUDE": "-21.9513828", "LONGITUDE": "-47.9993542", "LMAPS": "https://www.google.com/maps?q=&layer=c&cbll=-47.9993542,-21.9513828", "O_QUE_FAZER": "FINALIZADO", "ER_REGIAO_CIDADE_min": "Ibaté_Araraquara" }, "geometry": { "type": "Point", "coordinates": [ -47.9993542, -21.9513828 ] } },
{ "type": "Feature", "properties": { "CNPJ": "10931433000114", "IDCIDADE": "IBATE", "NOMEFANTASIA": "MARCELO_DE_LIMA_PRESENTES", "RAZAOSOCIAL": "FRONTIER_PRESENTES", "ENDEE": "AVENIDA_SAO_JOAO988__CENTRO_14815-000", "LATITUDE": "-21.9525755", "LONGITUDE": "-47.999064", "LMAPS": "https://www.google.com/maps?q=&layer=c&cbll=-47.999064,-21.9525755", "O_QUE_FAZER": "FINALIZADO", "ER_REGIAO_CIDADE_min": "Ibaté_Araraquara" }, "geometry": { "type": "Point", "coordinates": [ -47.999064, -21.9525755 ] } },
{ "type": "Feature", "properties": { "CNPJ": "44753624000155", "IDCIDADE": "IBATE", "NOMEFANTASIA": "CLEBER_ROGERIO_MARQUES", "RAZAOSOCIAL": "TRANSCAVEIRA", "ENDEE": "RUA_JULIO_DONATONI151__JARDIM_MARIANA_14815-000", "LATITUDE": "-21.9521538", "LONGITUDE": "-48.0037635", "LMAPS": "https://www.google.com/maps?q=&layer=c&cbll=-48.0037635,-21.9521538", "O_QUE_FAZER": "FINALIZADO", "ER_REGIAO_CIDADE_min": "Ibaté_Araraquara" }, "geometry": { "type": "Point", "coordinates": [ -48.0037635, -21.9521538 ] } },
{ "type": "Feature", "properties": { "CNPJ": "44280702000141", "IDCIDADE": "IBATE", "NOMEFANTASIA": "C_F_R_SAMBINI_SORVETES", "RAZAOSOCIAL": "SAMBINI_SORVETES", "ENDEE": "RUA_PAULINO_CARLOS891__CENTRO_14815-000", "LATITUDE": "-21.9546549", "LONGITUDE": "-47.9965649", "LMAPS": "https://www.google.com/maps?q=&layer=c&cbll=-47.9965649,-21.9546549", "O_QUE_FAZER": "FINALIZADO", "ER_REGIAO_CIDADE_min": "Ibaté_Araraquara" }, "geometry": { "type": "Point", "coordinates": [ -47.9965649, -21.9546549 ] } },
{ "type": "Feature", "properties": { "CNPJ": "18938604000149", "IDCIDADE": "IBATE", "NOMEFANTASIA": "18.938.604_MAURICIO_ALVES_MARQUES", "RAZAOSOCIAL": "18.938.604_MAURICIO_ALVES_MARQUES", "ENDEE": "RUA_VALENTIN_TONIOLO115__JARDIM_NOSSA_SENHORA_APARECIDA_14815-000", "LATITUDE": "-21.9571445", "LONGITUDE": "-48.015563", "LMAPS": "https://www.google.com/maps?q=&layer=c&cbll=-48.015563,-21.9571445", "O_QUE_FAZER": "FINALIZADO", "ER_REGIAO_CIDADE_min": "Ibaté_Araraquara" }, "geometry": { "type": "Point", "coordinates": [ -48.015563, -21.9571445 ] } },
{ "type": "Feature", "properties": { "CNPJ": "51200554000173", "IDCIDADE": "IBATE", "NOMEFANTASIA": "FATIMA_DONIZETI_HECK_VAZ", "RAZAOSOCIAL": "VAZ_EXPRESS", "ENDEE": "RUA_BERNARDINO_DE_CAMPOS469__CENTRO_14815-043", "LATITUDE": "-21.9550145", "LONGITUDE": "-47.995386", "LMAPS": "https://www.google.com/maps?q=&layer=c&cbll=-47.995386,-21.9550145", "O_QUE_FAZER": "FINALIZADO", "ER_REGIAO_CIDADE_min": "Ibaté_Araraquara" }, "geometry": { "type": "Point", "coordinates": [ -47.995386, -21.9550145 ] } },
{ "type": "Feature", "properties": { "CNPJ": "55025343000100", "IDCIDADE": "IBATE", "NOMEFANTASIA": "55.025.343_LUIS_HENRIQUE_DIDONE", "RAZAOSOCIAL": "55.025.343_LUIS_HENRIQUE_DIDONE", "ENDEE": "RUA_ORLANDO_VOLPIANO870__RESIDENCIAL_MARIANA_14817-124", "LATITUDE": "-21.9548765", "LONGITUDE": "-48.0077327", "LMAPS": "https://www.google.com/maps?q=&layer=c&cbll=-48.0077327,-21.9548765", "O_QUE_FAZER": "FINALIZADO", "ER_REGIAO_CIDADE_min": "Ibaté_Araraquara" }, "geometry": { "type": "Point", "coordinates": [ -48.0077327, -21.9548765 ] } },
{ "type": "Feature", "properties": { "CNPJ": "19295841000100", "IDCIDADE": "IBATE", "NOMEFANTASIA": "LOJA_REAL", "RAZAOSOCIAL": "ISABEL_CRISTINA_FRIZONI_CAMINOTTO", "ENDEE": "RUA_VISCONDE_DE_PELOTAS243__CENTRO_14815-000", "LATITUDE": "-21.9553231", "LONGITUDE": "-47.9946431", "LMAPS": "https://www.google.com/maps?q=&layer=c&cbll=-47.9946431,-21.9553231", "O_QUE_FAZER": "CARTEIRA", "ER_REGIAO_CIDADE_min": "Ibaté_Araraquara" }, "geometry": { "type": "Point", "coordinates": [ -47.9946431, -21.9553231 ] } },
{ "type": "Feature", "properties": { "CNPJ": "05475456000121", "IDCIDADE": "IBATE", "NOMEFANTASIA": "SERRALHERIA_SANTA_TEREZINHA", "RAZAOSOCIAL": "ANESIO_AMERICO_ALVES", "ENDEE": "RUA_JOAO_ROSSITO767__VILA_SANTA_TEREZINHA_14815-003", "LATITUDE": "-21.9568101", "LONGITUDE": "-48.00172", "LMAPS": "https://www.google.com/maps?q=&layer=c&cbll=-48.00172,-21.9568101", "O_QUE_FAZER": "CARTEIRA", "ER_REGIAO_CIDADE_min": "Ibaté_Araraquara" }, "geometry": { "type": "Point", "coordinates": [ -48.00172, -21.9568101 ] } },
{ "type": "Feature", "properties": { "CNPJ": "50200507000167", "IDCIDADE": "IBATE", "NOMEFANTASIA": "LIGEIRO_FARMA", "RAZAOSOCIAL": "AL_LIGEIRO_DROGARIA_LTDA", "ENDEE": "RUA_JOAO_ROSSITO991__VILA_SANTA_TEREZINHA_14815-003", "LATITUDE": "-21.9588545", "LONGITUDE": "-48.0009535", "LMAPS": "https://www.google.com/maps?q=&layer=c&cbll=-48.0009535,-21.9588545", "O_QUE_FAZER": "CARTEIRA", "ER_REGIAO_CIDADE_min": "Ibaté_Araraquara" }, "geometry": { "type": "Point", "coordinates": [ -48.0009535, -21.9588545 ] } },
{ "type": "Feature", "properties": { "CNPJ": "26940543000182", "IDCIDADE": "IBATE", "NOMEFANTASIA": "CASA_DOS_FRIOS_SPANA", "RAZAOSOCIAL": "MARCOS_SPANA", "ENDEE": "RUA_ANGELO_PERUCCI845__SANTA_TEREZINHA_14815-005", "LATITUDE": "-21.9570237", "LONGITUDE": "-48.0008502", "LMAPS": "https://www.google.com/maps?q=&layer=c&cbll=-48.0008502,-21.9570237", "O_QUE_FAZER": "CARTEIRA", "ER_REGIAO_CIDADE_min": "Ibaté_Araraquara" }, "geometry": { "type": "Point", "coordinates": [ -48.0008502, -21.9570237 ] } },
{ "type": "Feature", "properties": { "CNPJ": "46588128000119", "IDCIDADE": "IBATE", "NOMEFANTASIA": "LAROCCA_RESTAURANTE", "RAZAOSOCIAL": "ARIANI_GALVAO_LAROCCA", "ENDEE": "RUA_SANTA_IRIA803__SANTA_TEREZINHA_14815-005", "LATITUDE": "-21.9569233", "LONGITUDE": "-48.0008933", "LMAPS": "https://www.google.com/maps?q=&layer=c&cbll=-48.0008933,-21.9569233", "O_QUE_FAZER": "CARTEIRA", "ER_REGIAO_CIDADE_min": "Ibaté_Araraquara" }, "geometry": { "type": "Point", "coordinates": [ -48.0008933, -21.9569233 ] } },
{ "type": "Feature", "properties": { "CNPJ": "33875470000158", "IDCIDADE": "IBATE", "NOMEFANTASIA": "PRECISAO_PLANEJADOS", "RAZAOSOCIAL": "PRECISAO_MOVELARIA_PLANEJADOS_LTDA", "ENDEE": "AVENIDA_CONSELHEIRO_MOREIRA_DE_BARROS105__JARDIM_MARIANA_14815-011", "LATITUDE": "-21.94987", "LONGITUDE": "-48.0022817", "LMAPS": "https://www.google.com/maps?q=&layer=c&cbll=-48.0022817,-21.94987", "O_QUE_FAZER": "CARTEIRA", "ER_REGIAO_CIDADE_min": "Ibaté_Araraquara" }, "geometry": { "type": "Point", "coordinates": [ -48.0022817, -21.94987 ] } },
{ "type": "Feature", "properties": { "CNPJ": "33225096000145", "IDCIDADE": "IBATE", "NOMEFANTASIA": "SOS_MULTI_CENTRO", "RAZAOSOCIAL": "S.O.S_MULTI_CENTRO_AUTOMOTIVO_LTDA", "ENDEE": "AVENIDA_CONSELHEIRO_MOREIRA_DE_BARROS261__JARDIM_MARIANA_14815-011", "LATITUDE": "-21.9513067", "LONGITUDE": "-48.0014833", "LMAPS": "https://www.google.com/maps?q=&layer=c&cbll=-48.0014833,-21.9513067", "O_QUE_FAZER": "CARTEIRA", "ER_REGIAO_CIDADE_min": "Ibaté_Araraquara" }, "geometry": { "type": "Point", "coordinates": [ -48.0014833, -21.9513067 ] } },
{ "type": "Feature", "properties": { "CNPJ": "02604334000108", "IDCIDADE": "IBATE", "NOMEFANTASIA": "FUNERARIA_SANTA_TEREZINHA_DE_JESUS", "RAZAOSOCIAL": "ORGANIZACAO_DE_LUTO_FTJ_LTDA", "ENDEE": "AVENIDA_CONSELHEIRO_MOREIRA_DE_BARROS286__JARDIM_MARIANA_14815-011", "LATITUDE": "-21.9516921", "LONGITUDE": "-48.001627", "LMAPS": "https://www.google.com/maps?q=&layer=c&cbll=-48.001627,-21.9516921", "O_QUE_FAZER": "CARTEIRA", "ER_REGIAO_CIDADE_min": "Ibaté_Araraquara" }, "geometry": { "type": "Point", "coordinates": [ -48.001627, -21.9516921 ] } },
{ "type": "Feature", "properties": { "CNPJ": "19713653000146", "IDCIDADE": "IBATE", "NOMEFANTASIA": "ROMA_MECANICA", "RAZAOSOCIAL": "TARTARINI_MECANICA_LTDA", "ENDEE": "AVENIDA_CONSELHEIRO_MOREIRA_DE_BARROS91__JARDIM_MARIANA_14815-011", "LATITUDE": "-21.9497765", "LONGITUDE": "-48.0022926", "LMAPS": "https://www.google.com/maps?q=&layer=c&cbll=-48.0022926,-21.9497765", "O_QUE_FAZER": "CARTEIRA", "ER_REGIAO_CIDADE_min": "Ibaté_Araraquara" }, "geometry": { "type": "Point", "coordinates": [ -48.0022926, -21.9497765 ] } },
{ "type": "Feature", "properties": { "CNPJ": "05065191000193", "IDCIDADE": "IBATE", "NOMEFANTASIA": "ESCOLA_CDI", "RAZAOSOCIAL": "JOSE_SILVIO_RECALDE_&_CIA._LTDA", "ENDEE": "RUA_CONSELHEIRO_MOREIRA_DE_BARROS800__CENTRO_14815-011", "LATITUDE": "-21.9561081", "LONGITUDE": "-47.9993412", "LMAPS": "https://www.google.com/maps?q=&layer=c&cbll=-47.9993412,-21.9561081", "O_QUE_FAZER": "CARTEIRA", "ER_REGIAO_CIDADE_min": "Ibaté_Araraquara" }, "geometry": { "type": "Point", "coordinates": [ -47.9993412, -21.9561081 ] } },
{ "type": "Feature", "properties": { "CNPJ": "12308875000134", "IDCIDADE": "IBATE", "NOMEFANTASIA": "NA_ELEGANCE", "RAZAOSOCIAL": "NAIR_DURVAL", "ENDEE": "AVENIDA_SAO_JOAO1002__CENTRO_14815-017", "LATITUDE": "-21.9527056", "LONGITUDE": "-47.9989059", "LMAPS": "https://www.google.com/maps?q=&layer=c&cbll=-47.9989059,-21.9527056", "O_QUE_FAZER": "CARTEIRA", "ER_REGIAO_CIDADE_min": "Ibaté_Araraquara" }, "geometry": { "type": "Point", "coordinates": [ -47.9989059, -21.9527056 ] } },
{ "type": "Feature", "properties": { "CNPJ": "11127017000120", "IDCIDADE": "IBATE", "NOMEFANTASIA": "KI_DELICIA_SORVETERIA", "RAZAOSOCIAL": "SANDRA_APARECIDA_BONAN", "ENDEE": "AVENIDA_SAO_JOAO1012__CENTRO_14815-017", "LATITUDE": "-21.9527452", "LONGITUDE": "-47.9988356", "LMAPS": "https://www.google.com/maps?q=&layer=c&cbll=-47.9988356,-21.9527452", "O_QUE_FAZER": "CARTEIRA", "ER_REGIAO_CIDADE_min": "Ibaté_Araraquara" }, "geometry": { "type": "Point", "coordinates": [ -47.9988356, -21.9527452 ] } },
{ "type": "Feature", "properties": { "CNPJ": "04829569000115", "IDCIDADE": "IBATE", "NOMEFANTASIA": "LECA_MODAS", "RAZAOSOCIAL": "ALEXSANDRA_MARIA_DOS_SANTOS_ANDRADE", "ENDEE": "AVENIDA_SAO_JOAO1036__CENTRO_14815-017", "LATITUDE": "-21.9529242", "LONGITUDE": "-47.9987223", "LMAPS": "https://www.google.com/maps?q=&layer=c&cbll=-47.9987223,-21.9529242", "O_QUE_FAZER": "CARTEIRA", "ER_REGIAO_CIDADE_min": "Ibaté_Araraquara" }, "geometry": { "type": "Point", "coordinates": [ -47.9987223, -21.9529242 ] } },
{ "type": "Feature", "properties": { "CNPJ": "36948079000124", "IDCIDADE": "IBATE", "NOMEFANTASIA": "MUITO_MAIS_VATIEDADES", "RAZAOSOCIAL": "R._M._DE_IBATE_COMERCIO_DE_UTILIDADES_LTDA", "ENDEE": "AVENIDA_SAO_JOAO1051__CENTRO_14815-017", "LATITUDE": "-21.9529934", "LONGITUDE": "-47.9986091", "LMAPS": "https://www.google.com/maps?q=&layer=c&cbll=-47.9986091,-21.9529934", "O_QUE_FAZER": "CARTEIRA", "ER_REGIAO_CIDADE_min": "Ibaté_Araraquara" }, "geometry": { "type": "Point", "coordinates": [ -47.9986091, -21.9529934 ] } },
{ "type": "Feature", "properties": { "CNPJ": "04812727000124", "IDCIDADE": "IBATE", "NOMEFANTASIA": "PERFUMARIA_ACORDO_A_CORPO", "RAZAOSOCIAL": "SPILLA_COMERCIO_DE_COSMETICOS_LTDA", "ENDEE": "AVENIDA_SAO_JOAO1059__CENTRO_14815-017", "LATITUDE": "-21.9530187", "LONGITUDE": "-47.998426", "LMAPS": "https://www.google.com/maps?q=&layer=c&cbll=-47.998426,-21.9530187", "O_QUE_FAZER": "CARTEIRA", "ER_REGIAO_CIDADE_min": "Ibaté_Araraquara" }, "geometry": { "type": "Point", "coordinates": [ -47.998426, -21.9530187 ] } },
{ "type": "Feature", "properties": { "CNPJ": "11472650000156", "IDCIDADE": "IBATE", "NOMEFANTASIA": "CASA_DE_CARNES_E_MINI_MERCADO_MODELO", "RAZAOSOCIAL": "LIGIA_CORNETA", "ENDEE": "AVENIDA_SAO_JOAO1060__CENTRO_14815-017", "LATITUDE": "-21.9530916", "LONGITUDE": "-47.9986549", "LMAPS": "https://www.google.com/maps?q=&layer=c&cbll=-47.9986549,-21.9530916", "O_QUE_FAZER": "CARTEIRA", "ER_REGIAO_CIDADE_min": "Ibaté_Araraquara" }, "geometry": { "type": "Point", "coordinates": [ -47.9986549, -21.9530916 ] } },
{ "type": "Feature", "properties": { "CNPJ": "16422028000157", "IDCIDADE": "IBATE", "NOMEFANTASIA": "OTICAS_MADRI", "RAZAOSOCIAL": "NATANAEL_BERMUDES", "ENDEE": "AVENIDA_SAO_JOAO1063__CENTRO_14815-017", "LATITUDE": "-21.9530122", "LONGITUDE": "-47.9982942", "LMAPS": "https://www.google.com/maps?q=&layer=c&cbll=-47.9982942,-21.9530122", "O_QUE_FAZER": "CARTEIRA", "ER_REGIAO_CIDADE_min": "Ibaté_Araraquara" }, "geometry": { "type": "Point", "coordinates": [ -47.9982942, -21.9530122 ] } },
{ "type": "Feature", "properties": { "CNPJ": "40007727000115", "IDCIDADE": "IBATE", "NOMEFANTASIA": "ODONTO_COMPANY", "RAZAOSOCIAL": "MARQUES_E_PIPOLI_ODONTOLOGIA_LTDA", "ENDEE": "AVENIDA_SAO_JOAO1089__CENTRO_14815-017", "LATITUDE": "-21.9533503", "LONGITUDE": "-47.998316", "LMAPS": "https://www.google.com/maps?q=&layer=c&cbll=-47.998316,-21.9533503", "O_QUE_FAZER": "CARTEIRA", "ER_REGIAO_CIDADE_min": "Ibaté_Araraquara" }, "geometry": { "type": "Point", "coordinates": [ -47.998316, -21.9533503 ] } },
{ "type": "Feature", "properties": { "CNPJ": "53201200000179", "IDCIDADE": "IBATE", "NOMEFANTASIA": "BARATO_WEAR", "RAZAOSOCIAL": "VF_COMERCIO_DE_VESTUARIO_LTDA", "ENDEE": "AVENIDA_SAO_JOAO1103__CENTRO_14815-017", "LATITUDE": "-21.9533205", "LONGITUDE": "-47.9982254", "LMAPS": "https://www.google.com/maps?q=&layer=c&cbll=-47.9982254,-21.9533205", "O_QUE_FAZER": "CARTEIRA", "ER_REGIAO_CIDADE_min": "Ibaté_Araraquara" }, "geometry": { "type": "Point", "coordinates": [ -47.9982254, -21.9533205 ] } },
{ "type": "Feature", "properties": { "CNPJ": "51474778000173", "IDCIDADE": "IBATE", "NOMEFANTASIA": "DEA_CASA", "RAZAOSOCIAL": "DEA_COLCHOES_E_ACESSORIOS_LTDA", "ENDEE": "AVENIDA_SAO_JOAO1160__CENTRO_14815-017", "LATITUDE": "-21.9540706", "LONGITUDE": "-47.99844", "LMAPS": "https://www.google.com/maps?q=&layer=c&cbll=-47.99844,-21.9540706", "O_QUE_FAZER": "CARTEIRA", "ER_REGIAO_CIDADE_min": "Ibaté_Araraquara" }, "geometry": { "type": "Point", "coordinates": [ -47.99844, -21.9540706 ] } },
{ "type": "Feature", "properties": { "CNPJ": "01709043000103", "IDCIDADE": "IBATE", "NOMEFANTASIA": "SELMA_AVIAMENTOS", "RAZAOSOCIAL": "CAMPANER_PARCIASEPE_LTDA", "ENDEE": "AVENIDA_SAO_JOAO1163__CENTRO_14815-017", "LATITUDE": "-21.953785", "LONGITUDE": "-47.9981275", "LMAPS": "https://www.google.com/maps?q=&layer=c&cbll=-47.9981275,-21.953785", "O_QUE_FAZER": "CARTEIRA", "ER_REGIAO_CIDADE_min": "Ibaté_Araraquara" }, "geometry": { "type": "Point", "coordinates": [ -47.9981275, -21.953785 ] } },
{ "type": "Feature", "properties": { "CNPJ": "46588313000103", "IDCIDADE": "IBATE", "NOMEFANTASIA": "HELENA_PRESENTES", "RAZAOSOCIAL": "FUAN_ZHU_&_LI_LTDA", "ENDEE": "AVENIDA_SAO_JOAO1188__CENTRO_14815-017", "LATITUDE": "-21.9541782", "LONGITUDE": "-47.9981501", "LMAPS": "https://www.google.com/maps?q=&layer=c&cbll=-47.9981501,-21.9541782", "O_QUE_FAZER": "CARTEIRA", "ER_REGIAO_CIDADE_min": "Ibaté_Araraquara" }, "geometry": { "type": "Point", "coordinates": [ -47.9981501, -21.9541782 ] } },
{ "type": "Feature", "properties": { "CNPJ": "43854619000176", "IDCIDADE": "IBATE", "NOMEFANTASIA": "MERCADAO_DOS_OCULOS", "RAZAOSOCIAL": "ROGERIO_FERNANDES_MONTEIRO_&_CIA_LTDA", "ENDEE": "AVENIDA_SAO_JOAO1194__CENTRO_14815-017", "LATITUDE": "-21.9543121", "LONGITUDE": "-47.9980836", "LMAPS": "https://www.google.com/maps?q=&layer=c&cbll=-47.9980836,-21.9543121", "O_QUE_FAZER": "CARTEIRA", "ER_REGIAO_CIDADE_min": "Ibaté_Araraquara" }, "geometry": { "type": "Point", "coordinates": [ -47.9980836, -21.9543121 ] } },
{ "type": "Feature", "properties": { "CNPJ": "01583339000120", "IDCIDADE": "IBATE", "NOMEFANTASIA": "PAPELARIA_IBATE", "RAZAOSOCIAL": "PAPELARIA_IBATE_LTDA", "ENDEE": "AVENIDA_SAO_JOAO1222__CENTRO_14815-017", "LATITUDE": "-21.9544648", "LONGITUDE": "-47.998046", "LMAPS": "https://www.google.com/maps?q=&layer=c&cbll=-47.998046,-21.9544648", "O_QUE_FAZER": "CARTEIRA", "ER_REGIAO_CIDADE_min": "Ibaté_Araraquara" }, "geometry": { "type": "Point", "coordinates": [ -47.998046, -21.9544648 ] } },
{ "type": "Feature", "properties": { "CNPJ": "00235107000119", "IDCIDADE": "IBATE", "NOMEFANTASIA": "BOTICARIO", "RAZAOSOCIAL": "MAIREN_FERNANDES_SOARES", "ENDEE": "AVENIDA_SAO_JOAO1246__CENTRO_14815-017", "LATITUDE": "-21.9545936", "LONGITUDE": "-47.9979771", "LMAPS": "https://www.google.com/maps?q=&layer=c&cbll=-47.9979771,-21.9545936", "O_QUE_FAZER": "CARTEIRA", "ER_REGIAO_CIDADE_min": "Ibaté_Araraquara" }, "geometry": { "type": "Point", "coordinates": [ -47.9979771, -21.9545936 ] } },
{ "type": "Feature", "properties": { "CNPJ": "62044003000184", "IDCIDADE": "IBATE", "NOMEFANTASIA": "PAPELARIA_CENTRAL", "RAZAOSOCIAL": "ZOTESSO_LOURENCO_LTDA", "ENDEE": "AVENIDA_SAO_JOAO1260__CENTRO_14815-017", "LATITUDE": "-21.9548916", "LONGITUDE": "-47.9980048", "LMAPS": "https://www.google.com/maps?q=&layer=c&cbll=-47.9980048,-21.9548916", "O_QUE_FAZER": "CARTEIRA", "ER_REGIAO_CIDADE_min": "Ibaté_Araraquara" }, "geometry": { "type": "Point", "coordinates": [ -47.9980048, -21.9548916 ] } },
{ "type": "Feature", "properties": { "CNPJ": "50028232000126", "IDCIDADE": "IBATE", "NOMEFANTASIA": "DROGARIA_TOTAL", "RAZAOSOCIAL": "LIGEIRO_FARMA_DROGARIA_LTDA", "ENDEE": "AVENIDA_SAO_JOAO1266__CENTRO_14815-017", "LATITUDE": "-21.954869", "LONGITUDE": "-47.9978216", "LMAPS": "https://www.google.com/maps?q=&layer=c&cbll=-47.9978216,-21.954869", "O_QUE_FAZER": "CARTEIRA", "ER_REGIAO_CIDADE_min": "Ibaté_Araraquara" }, "geometry": { "type": "Point", "coordinates": [ -47.9978216, -21.954869 ] } },
{ "type": "Feature", "properties": { "CNPJ": "04142818000108", "IDCIDADE": "IBATE", "NOMEFANTASIA": "CASA_BIANCO", "RAZAOSOCIAL": "RENATO_BIANCO", "ENDEE": "AVENIDA_SAO_JOAO1272__CENTRO_14815-017", "LATITUDE": "-21.9549133", "LONGITUDE": "-47.99791", "LMAPS": "https://www.google.com/maps?q=&layer=c&cbll=-47.99791,-21.9549133", "O_QUE_FAZER": "CARTEIRA", "ER_REGIAO_CIDADE_min": "Ibaté_Araraquara" }, "geometry": { "type": "Point", "coordinates": [ -47.99791, -21.9549133 ] } },
{ "type": "Feature", "properties": { "CNPJ": "74551169000176", "IDCIDADE": "IBATE", "NOMEFANTASIA": "SILMAR", "RAZAOSOCIAL": "SILMAR_MATERIAIS_PARA_CONSTRUCOES_LTDA", "ENDEE": "AVENIDA_SAO_JOAO1298__CENTRO_14815-017", "LATITUDE": "-21.9552605", "LONGITUDE": "-47.9978927", "LMAPS": "https://www.google.com/maps?q=&layer=c&cbll=-47.9978927,-21.9552605", "O_QUE_FAZER": "CARTEIRA", "ER_REGIAO_CIDADE_min": "Ibaté_Araraquara" }, "geometry": { "type": "Point", "coordinates": [ -47.9978927, -21.9552605 ] } },
{ "type": "Feature", "properties": { "CNPJ": "45848138000183", "IDCIDADE": "IBATE", "NOMEFANTASIA": "LUPO", "RAZAOSOCIAL": "BELLA_ARTIGOS_ESPORTIVOS_LTDA", "ENDEE": "AVENIDA_SAO_JOAO1470__CENTRO_14815-017", "LATITUDE": "-21.9563902", "LONGITUDE": "-47.997041", "LMAPS": "https://www.google.com/maps?q=&layer=c&cbll=-47.997041,-21.9563902", "O_QUE_FAZER": "CARTEIRA", "ER_REGIAO_CIDADE_min": "Ibaté_Araraquara" }, "geometry": { "type": "Point", "coordinates": [ -47.997041, -21.9563902 ] } },
{ "type": "Feature", "properties": { "CNPJ": "08936093000172", "IDCIDADE": "IBATE", "NOMEFANTASIA": "LARANJINHA_AGUA_E_GAS", "RAZAOSOCIAL": "DIEGO_HENRIQUE_LAROCCA", "ENDEE": "AVENIDA_SAO_JOAO150__CENTRO_14815-017", "LATITUDE": "-21.9457315", "LONGITUDE": "-48.0023652", "LMAPS": "https://www.google.com/maps?q=&layer=c&cbll=-48.0023652,-21.9457315", "O_QUE_FAZER": "CARTEIRA", "ER_REGIAO_CIDADE_min": "Ibaté_Araraquara" }, "geometry": { "type": "Point", "coordinates": [ -48.0023652, -21.9457315 ] } },
{ "type": "Feature", "properties": { "CNPJ": "02018104000159", "IDCIDADE": "IBATE", "NOMEFANTASIA": "DROGARIA_GOMES", "RAZAOSOCIAL": "ADALBERTO_ZAVAGLIA_GOMES", "ENDEE": "AVENIDA_SAO_JOAO1512__CENTRO_14815-017", "LATITUDE": "-21.956886", "LONGITUDE": "-47.9968285", "LMAPS": "https://www.google.com/maps?q=&layer=c&cbll=-47.9968285,-21.956886", "O_QUE_FAZER": "CARTEIRA", "ER_REGIAO_CIDADE_min": "Ibaté_Araraquara" }, "geometry": { "type": "Point", "coordinates": [ -47.9968285, -21.956886 ] } },
{ "type": "Feature", "properties": { "CNPJ": "32387173000109", "IDCIDADE": "IBATE", "NOMEFANTASIA": "HORUS_COBERTURAS", "RAZAOSOCIAL": "HORUS_MONTAGEM_E_LOCACAO_DE_EQUIPAMENTOS_LTDA", "ENDEE": "AVENIDA_SAO_JOAO160__CENTRO_14815-017", "LATITUDE": "-21.9373397", "LONGITUDE": "-48.0131173", "LMAPS": "https://www.google.com/maps?q=&layer=c&cbll=-48.0131173,-21.9373397", "O_QUE_FAZER": "CARTEIRA", "ER_REGIAO_CIDADE_min": "Ibaté_Araraquara" }, "geometry": { "type": "Point", "coordinates": [ -48.0131173, -21.9373397 ] } },
{ "type": "Feature", "properties": { "CNPJ": "16930294000190", "IDCIDADE": "IBATE", "NOMEFANTASIA": "SR_MODA_INTIMA", "RAZAOSOCIAL": "SILVIA_ADRIANA_BONI_ROTTA", "ENDEE": "AVENIDA_SAO_JOAO1639__CENTRO_14815-017", "LATITUDE": "-21.9579544", "LONGITUDE": "-47.9961246", "LMAPS": "https://www.google.com/maps?q=&layer=c&cbll=-47.9961246,-21.9579544", "O_QUE_FAZER": "CARTEIRA", "ER_REGIAO_CIDADE_min": "Ibaté_Araraquara" }, "geometry": { "type": "Point", "coordinates": [ -47.9961246, -21.9579544 ] } },
{ "type": "Feature", "properties": { "CNPJ": "46034225000160", "IDCIDADE": "IBATE", "NOMEFANTASIA": "CENTER_COISAS_IBATE", "RAZAOSOCIAL": "CENTERCOISAS_COMERCIAL_LTDA", "ENDEE": "AVENIDA_SAO_JOAO242__CENTRO_14815-017", "LATITUDE": "-21.9464236", "LONGITUDE": "-48.0019798", "LMAPS": "https://www.google.com/maps?q=&layer=c&cbll=-48.0019798,-21.9464236", "O_QUE_FAZER": "CARTEIRA", "ER_REGIAO_CIDADE_min": "Ibaté_Araraquara" }, "geometry": { "type": "Point", "coordinates": [ -48.0019798, -21.9464236 ] } },
{ "type": "Feature", "properties": { "CNPJ": "44835349000119", "IDCIDADE": "IBATE", "NOMEFANTASIA": "EXCONT", "RAZAOSOCIAL": "PFS_ALMEIDA_LTDA", "ENDEE": "AVENIDA_SAO_JOAO353__CENTRO_14815-017", "LATITUDE": "-21.9471508", "LONGITUDE": "-48.0015246", "LMAPS": "https://www.google.com/maps?q=&layer=c&cbll=-48.0015246,-21.9471508", "O_QUE_FAZER": "CARTEIRA", "ER_REGIAO_CIDADE_min": "Ibaté_Araraquara" }, "geometry": { "type": "Point", "coordinates": [ -48.0015246, -21.9471508 ] } },
{ "type": "Feature", "properties": { "CNPJ": "12365783000196", "IDCIDADE": "IBATE", "NOMEFANTASIA": "PRIME_FLORA_DO_BRASIL", "RAZAOSOCIAL": "JESSICA_NAYARA_DA_SILVA", "ENDEE": "AVENIDA_SAO_JOAO359__CENTRO_14815-017", "LATITUDE": "-21.9470596", "LONGITUDE": "-48.0015235", "LMAPS": "https://www.google.com/maps?q=&layer=c&cbll=-48.0015235,-21.9470596", "O_QUE_FAZER": "CARTEIRA", "ER_REGIAO_CIDADE_min": "Ibaté_Araraquara" }, "geometry": { "type": "Point", "coordinates": [ -48.0015235, -21.9470596 ] } },
{ "type": "Feature", "properties": { "CNPJ": "11074728000184", "IDCIDADE": "IBATE", "NOMEFANTASIA": "TEMPERO_DELICIA", "RAZAOSOCIAL": "LUCIA_HELENA_DA_SILVA_ANDRADE_BUFE", "ENDEE": "AVENIDA_SAO_JOAO631__CENTRO_14815-017", "LATITUDE": "-21.9495381", "LONGITUDE": "-48.0003843", "LMAPS": "https://www.google.com/maps?q=&layer=c&cbll=-48.0003843,-21.9495381", "O_QUE_FAZER": "CARTEIRA", "ER_REGIAO_CIDADE_min": "Ibaté_Araraquara" }, "geometry": { "type": "Point", "coordinates": [ -48.0003843, -21.9495381 ] } },
{ "type": "Feature", "properties": { "CNPJ": "04802287000124", "IDCIDADE": "IBATE", "NOMEFANTASIA": "IBAPHARMA", "RAZAOSOCIAL": "IBAPHARMA_FARMACIA_E_MANIPULACAO_IBATE_LTDA", "ENDEE": "AVENIDA_SAO_JOAO805__CENTRO_14815-017", "LATITUDE": "-21.9508816", "LONGITUDE": "-47.9995578", "LMAPS": "https://www.google.com/maps?q=&layer=c&cbll=-47.9995578,-21.9508816", "O_QUE_FAZER": "CARTEIRA", "ER_REGIAO_CIDADE_min": "Ibaté_Araraquara" }, "geometry": { "type": "Point", "coordinates": [ -47.9995578, -21.9508816 ] } },
{ "type": "Feature", "properties": { "CNPJ": "12472728000103", "IDCIDADE": "IBATE", "NOMEFANTASIA": "GVR_MOTOS", "RAZAOSOCIAL": "GVR_MOTO_CENTER_LTDA", "ENDEE": "AVENIDA_SAO_JOAO807__CENTRO_14815-017", "LATITUDE": "-21.9510858", "LONGITUDE": "-47.9994613", "LMAPS": "https://www.google.com/maps?q=&layer=c&cbll=-47.9994613,-21.9510858", "O_QUE_FAZER": "CARTEIRA", "ER_REGIAO_CIDADE_min": "Ibaté_Araraquara" }, "geometry": { "type": "Point", "coordinates": [ -47.9994613, -21.9510858 ] } },
{ "type": "Feature", "properties": { "CNPJ": "10912602000179", "IDCIDADE": "IBATE", "NOMEFANTASIA": "ELETROTEC", "RAZAOSOCIAL": "AGUINALDO_LUIZ_ALVES", "ENDEE": "AVENIDA_SAO_JOAO841__CENTRO_14815-017", "LATITUDE": "-21.9512176", "LONGITUDE": "-47.9995221", "LMAPS": "https://www.google.com/maps?q=&layer=c&cbll=-47.9995221,-21.9512176", "O_QUE_FAZER": "CARTEIRA", "ER_REGIAO_CIDADE_min": "Ibaté_Araraquara" }, "geometry": { "type": "Point", "coordinates": [ -47.9995221, -21.9512176 ] } },
{ "type": "Feature", "properties": { "CNPJ": "28838188000160", "IDCIDADE": "IBATE", "NOMEFANTASIA": "DOG_AGROPET", "RAZAOSOCIAL": "EVERSON_FERNANDO_DA_SILVA", "ENDEE": "AVENIDA_SAO_JOAO850__CENTRO_14815-017", "LATITUDE": "-21.951434", "LONGITUDE": "-47.9995162", "LMAPS": "https://www.google.com/maps?q=&layer=c&cbll=-47.9995162,-21.951434", "O_QUE_FAZER": "CARTEIRA", "ER_REGIAO_CIDADE_min": "Ibaté_Araraquara" }, "geometry": { "type": "Point", "coordinates": [ -47.9995162, -21.951434 ] } },
{ "type": "Feature", "properties": { "CNPJ": "19010052000177", "IDCIDADE": "IBATE", "NOMEFANTASIA": "DROGARIA_AVENIDA", "RAZAOSOCIAL": "FABIO_ROBERTO_DE_MONTI_&_CIA_LTDA", "ENDEE": "AVENIDA_SAO_JOAO943__CENTRO_14815-017", "LATITUDE": "-21.9520783", "LONGITUDE": "-47.9989886", "LMAPS": "https://www.google.com/maps?q=&layer=c&cbll=-47.9989886,-21.9520783", "O_QUE_FAZER": "CARTEIRA", "ER_REGIAO_CIDADE_min": "Ibaté_Araraquara" }, "geometry": { "type": "Point", "coordinates": [ -47.9989886, -21.9520783 ] } },
{ "type": "Feature", "properties": { "CNPJ": "35621384000144", "IDCIDADE": "IBATE", "NOMEFANTASIA": "ACAI_DR_BOA", "RAZAOSOCIAL": "TCBR_ACAI_E_SORVETERIA_LTDA", "ENDEE": "AVENIDA_SAO_JOAO949__CENTRO_14815-017", "LATITUDE": "-21.9521085", "LONGITUDE": "-47.9988684", "LMAPS": "https://www.google.com/maps?q=&layer=c&cbll=-47.9988684,-21.9521085", "O_QUE_FAZER": "CARTEIRA", "ER_REGIAO_CIDADE_min": "Ibaté_Araraquara" }, "geometry": { "type": "Point", "coordinates": [ -47.9988684, -21.9521085 ] } },
{ "type": "Feature", "properties": { "CNPJ": "54640703000103", "IDCIDADE": "IBATE", "NOMEFANTASIA": "PADARIA_KALEPAN", "RAZAOSOCIAL": "PAMELA_CAROLINE_GOMES_LTDA", "ENDEE": "AVENIDA_SAO_JOAO962__CENTRO_14815-017", "LATITUDE": "-21.9524114", "LONGITUDE": "-47.9990692", "LMAPS": "https://www.google.com/maps?q=&layer=c&cbll=-47.9990692,-21.9524114", "O_QUE_FAZER": "CARTEIRA", "ER_REGIAO_CIDADE_min": "Ibaté_Araraquara" }, "geometry": { "type": "Point", "coordinates": [ -47.9990692, -21.9524114 ] } },
{ "type": "Feature", "properties": { "CNPJ": "47337454000116", "IDCIDADE": "IBATE", "NOMEFANTASIA": "CASA_DO_CHINELO", "RAZAOSOCIAL": "CARLOS_ANDRE_DONATONI", "ENDEE": "AVENIDA_SAO_JOAO988__CENTRO_14815-017", "LATITUDE": "-21.9525377", "LONGITUDE": "-47.9989594", "LMAPS": "https://www.google.com/maps?q=&layer=c&cbll=-47.9989594,-21.9525377", "O_QUE_FAZER": "CARTEIRA", "ER_REGIAO_CIDADE_min": "Ibaté_Araraquara" }, "geometry": { "type": "Point", "coordinates": [ -47.9989594, -21.9525377 ] } },
{ "type": "Feature", "properties": { "CNPJ": "07147452000140", "IDCIDADE": "IBATE", "NOMEFANTASIA": "AGRO_PET_RACA_BRASIL", "RAZAOSOCIAL": "ELISABETE_OLIVEIRA_DA_SILVA_-_RACAO", "ENDEE": "RUA_TOTO_PESSENTE143__JARDIM_MARIANA_14815-021", "LATITUDE": "-21.951522", "LONGITUDE": "-48.0006266", "LMAPS": "https://www.google.com/maps?q=&layer=c&cbll=-48.0006266,-21.951522", "O_QUE_FAZER": "CARTEIRA", "ER_REGIAO_CIDADE_min": "Ibaté_Araraquara" }, "geometry": { "type": "Point", "coordinates": [ -48.0006266, -21.951522 ] } },
{ "type": "Feature", "properties": { "CNPJ": "02086465000132", "IDCIDADE": "IBATE", "NOMEFANTASIA": "REGOLAO_MADEIRAS", "RAZAOSOCIAL": "LILIAN_MEIRE_PERUCHI_REGOLAO", "ENDEE": "RUA_TOTO_PESSENTE230__CENTRO_14815-021", "LATITUDE": "-21.9514234", "LONGITUDE": "-48.0010449", "LMAPS": "https://www.google.com/maps?q=&layer=c&cbll=-48.0010449,-21.9514234", "O_QUE_FAZER": "CARTEIRA", "ER_REGIAO_CIDADE_min": "Ibaté_Araraquara" }, "geometry": { "type": "Point", "coordinates": [ -48.0010449, -21.9514234 ] } },
{ "type": "Feature", "properties": { "CNPJ": "09223778000134", "IDCIDADE": "IBATE", "NOMEFANTASIA": "CONVENIENCIA_POSTO_MARCA", "RAZAOSOCIAL": "MARCA_MANIA_CONVENIENCIA_LTDA", "ENDEE": "RUA_TOTO_PESSENTE79__CENTRO_14815-021", "LATITUDE": "-21.9508222", "LONGITUDE": "-47.9987516", "LMAPS": "https://www.google.com/maps?q=&layer=c&cbll=-47.9987516,-21.9508222", "O_QUE_FAZER": "CARTEIRA", "ER_REGIAO_CIDADE_min": "Ibaté_Araraquara" }, "geometry": { "type": "Point", "coordinates": [ -47.9987516, -21.9508222 ] } },
{ "type": "Feature", "properties": { "CNPJ": "57414617000170", "IDCIDADE": "IBATE", "NOMEFANTASIA": "CENTANIN_AUTO_PECAS", "RAZAOSOCIAL": "JOAO_FERNANDO_CENTANIN", "ENDEE": "RUA_TOTO_PESSENTE85__CENTRO_14815-021", "LATITUDE": "-21.9512406", "LONGITUDE": "-48.0000702", "LMAPS": "https://www.google.com/maps?q=&layer=c&cbll=-48.0000702,-21.9512406", "O_QUE_FAZER": "CARTEIRA", "ER_REGIAO_CIDADE_min": "Ibaté_Araraquara" }, "geometry": { "type": "Point", "coordinates": [ -48.0000702, -21.9512406 ] } },
{ "type": "Feature", "properties": { "CNPJ": "40336776000100", "IDCIDADE": "IBATE", "NOMEFANTASIA": "ATACADO_DA_LIMPEZA", "RAZAOSOCIAL": "ATACADAO_DA_LIMPEZA_DE_IBATE_LTDA", "ENDEE": "RUA_EDUARDO_APREIA76__VILA_BANDEIRANTES_14815-023", "LATITUDE": "-21.9487358", "LONGITUDE": "-48.0025033", "LMAPS": "https://www.google.com/maps?q=&layer=c&cbll=-48.0025033,-21.9487358", "O_QUE_FAZER": "CARTEIRA", "ER_REGIAO_CIDADE_min": "Ibaté_Araraquara" }, "geometry": { "type": "Point", "coordinates": [ -48.0025033, -21.9487358 ] } },
{ "type": "Feature", "properties": { "CNPJ": "02295164000119", "IDCIDADE": "IBATE", "NOMEFANTASIA": "CFC_IBATE", "RAZAOSOCIAL": "AUTO_ESCOLA_IBATE_LTDA.", "ENDEE": "RUA_PAULINO_CARLOS1102__CENTRO_14815-029", "LATITUDE": "-21.9565461", "LONGITUDE": "-47.9957798", "LMAPS": "https://www.google.com/maps?q=&layer=c&cbll=-47.9957798,-21.9565461", "O_QUE_FAZER": "CARTEIRA", "ER_REGIAO_CIDADE_min": "Ibaté_Araraquara" }, "geometry": { "type": "Point", "coordinates": [ -47.9957798, -21.9565461 ] } },
{ "type": "Feature", "properties": { "CNPJ": "04903620000191", "IDCIDADE": "IBATE", "NOMEFANTASIA": "AVENIDA_VIDROS", "RAZAOSOCIAL": "ADRIANO_NATALINO_LOPES_DA_SILVA", "ENDEE": "RUA_PAULINO_CARLOS1242__CENTRO_14815-029", "LATITUDE": "-21.9577633", "LONGITUDE": "-47.995185", "LMAPS": "https://www.google.com/maps?q=&layer=c&cbll=-47.995185,-21.9577633", "O_QUE_FAZER": "CARTEIRA", "ER_REGIAO_CIDADE_min": "Ibaté_Araraquara" }, "geometry": { "type": "Point", "coordinates": [ -47.995185, -21.9577633 ] } },
{ "type": "Feature", "properties": { "CNPJ": "01508775000135", "IDCIDADE": "IBATE", "NOMEFANTASIA": "OFICINA_SAO_JOSE", "RAZAOSOCIAL": "IRMAOS_CARLINO_LTDA", "ENDEE": "RUA_PAULINO_CARLOS191__CENTRO_14815-029", "LATITUDE": "-21.948843", "LONGITUDE": "-47.999549", "LMAPS": "https://www.google.com/maps?q=&layer=c&cbll=-47.999549,-21.948843", "O_QUE_FAZER": "CARTEIRA", "ER_REGIAO_CIDADE_min": "Ibaté_Araraquara" }, "geometry": { "type": "Point", "coordinates": [ -47.999549, -21.948843 ] } },
{ "type": "Feature", "properties": { "CNPJ": "50619427000140", "IDCIDADE": "IBATE", "NOMEFANTASIA": "MIX_SUSHI", "RAZAOSOCIAL": "VAEMISSON_DO_ESPIRITO_SANTO_SILVA", "ENDEE": "RUA_PAULINO_CARLOS895__CENTRO_14815-029", "LATITUDE": "-21.9547225", "LONGITUDE": "-47.9965599", "LMAPS": "https://www.google.com/maps?q=&layer=c&cbll=-47.9965599,-21.9547225", "O_QUE_FAZER": "CARTEIRA", "ER_REGIAO_CIDADE_min": "Ibaté_Araraquara" }, "geometry": { "type": "Point", "coordinates": [ -47.9965599, -21.9547225 ] } },
{ "type": "Feature", "properties": { "CNPJ": "41917210000126", "IDCIDADE": "IBATE", "NOMEFANTASIA": "ORAL_SIN", "RAZAOSOCIAL": "CMP_SORRISO_ODONTOLOGIA_LTDA", "ENDEE": "RUA_PAULINO_CARLOS907__CENTRO_14815-029", "LATITUDE": "-21.9548601", "LONGITUDE": "-47.9964762", "LMAPS": "https://www.google.com/maps?q=&layer=c&cbll=-47.9964762,-21.9548601", "O_QUE_FAZER": "CARTEIRA", "ER_REGIAO_CIDADE_min": "Ibaté_Araraquara" }, "geometry": { "type": "Point", "coordinates": [ -47.9964762, -21.9548601 ] } },
{ "type": "Feature", "properties": { "CNPJ": "48672748000167", "IDCIDADE": "IBATE", "NOMEFANTASIA": "CENTRO_DAS_FRALDAS", "RAZAOSOCIAL": "CENTRO_DAS_FRALDAS_LTDA", "ENDEE": "RUA_PROFESSOR_LUIZ_AUGUSTO_DE_OLIVEIRA99__CENTRO_14815-033", "LATITUDE": "-21.9516229", "LONGITUDE": "-47.9986438", "LMAPS": "https://www.google.com/maps?q=&layer=c&cbll=-47.9986438,-21.9516229", "O_QUE_FAZER": "CARTEIRA", "ER_REGIAO_CIDADE_min": "Ibaté_Araraquara" }, "geometry": { "type": "Point", "coordinates": [ -47.9986438, -21.9516229 ] } },
{ "type": "Feature", "properties": { "CNPJ": "04919534000177", "IDCIDADE": "IBATE", "NOMEFANTASIA": "PORCO_CAIPIRA", "RAZAOSOCIAL": "NEUZA_LUCILEI_MACARIO_PERUCH_CONVENIENCIA", "ENDEE": "RODOVIA_WASHINGTON_LUIZ0__RURAL_14815-037", "LATITUDE": "-21.921879", "LONGITUDE": "-48.0314678", "LMAPS": "https://www.google.com/maps?q=&layer=c&cbll=-48.0314678,-21.921879", "O_QUE_FAZER": "CARTEIRA", "ER_REGIAO_CIDADE_min": "Ibaté_Araraquara" }, "geometry": { "type": "Point", "coordinates": [ -48.0314678, -21.921879 ] } },
{ "type": "Feature", "properties": { "CNPJ": "01398415000128", "IDCIDADE": "IBATE", "NOMEFANTASIA": "SERRARIA_IBATE", "RAZAOSOCIAL": "EDVANIA_MARTINS_IBATE", "ENDEE": "RODOVIA_WASHINGTON_LUIZ252__RURAL_14815-037", "LATITUDE": "-21.93736", "LONGITUDE": "-48.0102283", "LMAPS": "https://www.google.com/maps?q=&layer=c&cbll=-48.0102283,-21.93736", "O_QUE_FAZER": "CARTEIRA", "ER_REGIAO_CIDADE_min": "Ibaté_Araraquara" }, "geometry": { "type": "Point", "coordinates": [ -48.0102283, -21.93736 ] } },
{ "type": "Feature", "properties": { "CNPJ": "11589724000139", "IDCIDADE": "IBATE", "NOMEFANTASIA": "DROGA_VITHA", "RAZAOSOCIAL": "DROGA_VITHA_MEDICAMENTOS_E_PERFUMARIA_LTDA", "ENDEE": "RUA_DOMINGOS_CARDOSO440__SAO_BENEDITO_14815-045", "LATITUDE": "-21.9559712", "LONGITUDE": "-47.9939889", "LMAPS": "https://www.google.com/maps?q=&layer=c&cbll=-47.9939889,-21.9559712", "O_QUE_FAZER": "CARTEIRA", "ER_REGIAO_CIDADE_min": "Ibaté_Araraquara" }, "geometry": { "type": "Point", "coordinates": [ -47.9939889, -21.9559712 ] } },
{ "type": "Feature", "properties": { "CNPJ": "41456067000112", "IDCIDADE": "IBATE", "NOMEFANTASIA": "RR_GAS", "RAZAOSOCIAL": "R_R_GAS_IBATE_LTDA", "ENDEE": "RUA_DOUTOR_TEIXEIRA_DE_BARROS1619__RESIDENCIAL_JEQUITIBA_II_14815-047", "LATITUDE": "-21.959853", "LONGITUDE": "-48.0100233", "LMAPS": "https://www.google.com/maps?q=&layer=c&cbll=-48.0100233,-21.959853", "O_QUE_FAZER": "CARTEIRA", "ER_REGIAO_CIDADE_min": "Ibaté_Araraquara" }, "geometry": { "type": "Point", "coordinates": [ -48.0100233, -21.959853 ] } },
{ "type": "Feature", "properties": { "CNPJ": "03173775000157", "IDCIDADE": "IBATE", "NOMEFANTASIA": "CACAU_SHOW", "RAZAOSOCIAL": "ERICA_EGIDIO_CASTRO_BAPTISTELLA.", "ENDEE": "RUA_DOUTOR_TEIXEIRA_DE_BARROS218__CENTRO_14815-047", "LATITUDE": "-21.9545916", "LONGITUDE": "-47.9981646", "LMAPS": "https://www.google.com/maps?q=&layer=c&cbll=-47.9981646,-21.9545916", "O_QUE_FAZER": "CARTEIRA", "ER_REGIAO_CIDADE_min": "Ibaté_Araraquara" }, "geometry": { "type": "Point", "coordinates": [ -47.9981646, -21.9545916 ] } },
{ "type": "Feature", "properties": { "CNPJ": "51283807000110", "IDCIDADE": "IBATE", "NOMEFANTASIA": "R3STS7RANTE_VENEZA", "RAZAOSOCIAL": "ISABELA_CINTRA_DE_OLIVEIRA_RIGOLAO", "ENDEE": "RUA_DOUTOR_TEIXEIRA_DE_BARROS222__CENTRO_14815-047", "LATITUDE": "-21.9546374", "LONGITUDE": "-47.998164", "LMAPS": "https://www.google.com/maps?q=&layer=c&cbll=-47.998164,-21.9546374", "O_QUE_FAZER": "CARTEIRA", "ER_REGIAO_CIDADE_min": "Ibaté_Araraquara" }, "geometry": { "type": "Point", "coordinates": [ -47.998164, -21.9546374 ] } },
{ "type": "Feature", "properties": { "CNPJ": "07331173000131", "IDCIDADE": "IBATE", "NOMEFANTASIA": "COPAG", "RAZAOSOCIAL": "COPAG_MATERIAL_DE_CONSTRUCAO_LTDA", "ENDEE": "RUA_DOUTOR_TEIXEIRA_DE_BARROS223__CENTRO_14815-047", "LATITUDE": "-21.954702", "LONGITUDE": "-47.9981404", "LMAPS": "https://www.google.com/maps?q=&layer=c&cbll=-47.9981404,-21.954702", "O_QUE_FAZER": "CARTEIRA", "ER_REGIAO_CIDADE_min": "Ibaté_Araraquara" }, "geometry": { "type": "Point", "coordinates": [ -47.9981404, -21.954702 ] } },
{ "type": "Feature", "properties": { "CNPJ": "12434096000185", "IDCIDADE": "IBATE", "NOMEFANTASIA": "TO_ALAGADA_1,99", "RAZAOSOCIAL": "NATALI_RICHELI_ZIAGO_VARIEDADES", "ENDEE": "RUA_DOUTOR_TEIXEIRA_DE_BARROS243__CENTRO_14815-047", "LATITUDE": "-21.9547346", "LONGITUDE": "-47.9982634", "LMAPS": "https://www.google.com/maps?q=&layer=c&cbll=-47.9982634,-21.9547346", "O_QUE_FAZER": "CARTEIRA", "ER_REGIAO_CIDADE_min": "Ibaté_Araraquara" }, "geometry": { "type": "Point", "coordinates": [ -47.9982634, -21.9547346 ] } },
{ "type": "Feature", "properties": { "CNPJ": "11189676000191", "IDCIDADE": "IBATE", "NOMEFANTASIA": "FLORICULTURA_SANTA_LUZIA", "RAZAOSOCIAL": "REGINA_APARECIDA_CARLINO_ESPOSITO", "ENDEE": "RUA_DOUTOR_TEIXEIRA_DE_BARROS252__CENTRO_14815-047", "LATITUDE": "-21.9546454", "LONGITUDE": "-47.9984628", "LMAPS": "https://www.google.com/maps?q=&layer=c&cbll=-47.9984628,-21.9546454", "O_QUE_FAZER": "CARTEIRA", "ER_REGIAO_CIDADE_min": "Ibaté_Araraquara" }, "geometry": { "type": "Point", "coordinates": [ -47.9984628, -21.9546454 ] } },
{ "type": "Feature", "properties": { "CNPJ": "01013731000134", "IDCIDADE": "IBATE", "NOMEFANTASIA": "LOJA_MARINA", "RAZAOSOCIAL": "MANOEL_ASSIS_DOS_SANTOS", "ENDEE": "RUA_DOUTOR_TEIXEIRA_DE_BARROS41__CENTRO_14815-047", "LATITUDE": "-21.9539609", "LONGITUDE": "-47.9964605", "LMAPS": "https://www.google.com/maps?q=&layer=c&cbll=-47.9964605,-21.9539609", "O_QUE_FAZER": "CARTEIRA", "ER_REGIAO_CIDADE_min": "Ibaté_Araraquara" }, "geometry": { "type": "Point", "coordinates": [ -47.9964605, -21.9539609 ] } },
{ "type": "Feature", "properties": { "CNPJ": "11443972000177", "IDCIDADE": "IBATE", "NOMEFANTASIA": "KRISTEN_PLANEJADOS", "RAZAOSOCIAL": "CONCEITO_PLANEJAR_-_MOVEIS_PLANEJADOS_LTDA", "ENDEE": "RUA_SANTA_IRIA825__VILA_SANTA_TEREZINHA_14815-047", "LATITUDE": "-21.9570094", "LONGITUDE": "-48.0011075", "LMAPS": "https://www.google.com/maps?q=&layer=c&cbll=-48.0011075,-21.9570094", "O_QUE_FAZER": "CARTEIRA", "ER_REGIAO_CIDADE_min": "Ibaté_Araraquara" }, "geometry": { "type": "Point", "coordinates": [ -48.0011075, -21.9570094 ] } },
{ "type": "Feature", "properties": { "CNPJ": "07566543000110", "IDCIDADE": "IBATE", "NOMEFANTASIA": "EW_CENTRO_AUTOMOTIVO", "RAZAOSOCIAL": "E.W._CENTRO_AUTOMOTIVO_LTDA", "ENDEE": "RUA_SANTA_IRIA241__CENTRO_14815-051", "LATITUDE": "-21.9548236", "LONGITUDE": "-47.9959838", "LMAPS": "https://www.google.com/maps?q=&layer=c&cbll=-47.9959838,-21.9548236", "O_QUE_FAZER": "CARTEIRA", "ER_REGIAO_CIDADE_min": "Ibaté_Araraquara" }, "geometry": { "type": "Point", "coordinates": [ -47.9959838, -21.9548236 ] } },
{ "type": "Feature", "properties": { "CNPJ": "39689945000106", "IDCIDADE": "IBATE", "NOMEFANTASIA": "TABACARIA_BERTACINE", "RAZAOSOCIAL": "CORUJAO_COMERCIO_DE_BEBIDAS_E_TABACARIA_LTDA", "ENDEE": "RUA_SANTA_IRIA272__CENTRO_14815-051", "LATITUDE": "-21.9547636", "LONGITUDE": "-47.9962861", "LMAPS": "https://www.google.com/maps?q=&layer=c&cbll=-47.9962861,-21.9547636", "O_QUE_FAZER": "CARTEIRA", "ER_REGIAO_CIDADE_min": "Ibaté_Araraquara" }, "geometry": { "type": "Point", "coordinates": [ -47.9962861, -21.9547636 ] } },
{ "type": "Feature", "properties": { "CNPJ": "42639798000166", "IDCIDADE": "IBATE", "NOMEFANTASIA": "PET_CENTER", "RAZAOSOCIAL": "ANA_FLAVIA_DE_SOUZA", "ENDEE": "RUA_SANTA_IRIA428__CENTRO_14815-051", "LATITUDE": "-21.9551287", "LONGITUDE": "-47.9977719", "LMAPS": "https://www.google.com/maps?q=&layer=c&cbll=-47.9977719,-21.9551287", "O_QUE_FAZER": "CARTEIRA", "ER_REGIAO_CIDADE_min": "Ibaté_Araraquara" }, "geometry": { "type": "Point", "coordinates": [ -47.9977719, -21.9551287 ] } },
{ "type": "Feature", "properties": { "CNPJ": "02535465000172", "IDCIDADE": "IBATE", "NOMEFANTASIA": "OTICA_DAVINI", "RAZAOSOCIAL": "JOSE_RODRIGO_NICOLETTI", "ENDEE": "RUA_SANTA_IRIA445__CENTRO_14815-051", "LATITUDE": "-21.9552732", "LONGITUDE": "-47.9976119", "LMAPS": "https://www.google.com/maps?q=&layer=c&cbll=-47.9976119,-21.9552732", "O_QUE_FAZER": "CARTEIRA", "ER_REGIAO_CIDADE_min": "Ibaté_Araraquara" }, "geometry": { "type": "Point", "coordinates": [ -47.9976119, -21.9552732 ] } },
{ "type": "Feature", "properties": { "CNPJ": "35624929000176", "IDCIDADE": "IBATE", "NOMEFANTASIA": "CENTRAL_MED", "RAZAOSOCIAL": "ADRIANA_DA_SILVA_TASSIN", "ENDEE": "RUA_SANTA_IRIA488__CENTRO_14815-051", "LATITUDE": "-21.9556117", "LONGITUDE": "-47.998155", "LMAPS": "https://www.google.com/maps?q=&layer=c&cbll=-47.998155,-21.9556117", "O_QUE_FAZER": "CARTEIRA", "ER_REGIAO_CIDADE_min": "Ibaté_Araraquara" }, "geometry": { "type": "Point", "coordinates": [ -47.998155, -21.9556117 ] } },
{ "type": "Feature", "properties": { "CNPJ": "28741865000128", "IDCIDADE": "IBATE", "NOMEFANTASIA": "OTICAS_CAROL", "RAZAOSOCIAL": "CESTARO_E_AMARAL_LTDA", "ENDEE": "RUA_SANTA_IRIA490__CENTRO_14815-051", "LATITUDE": "-21.9556205", "LONGITUDE": "-47.9982029", "LMAPS": "https://www.google.com/maps?q=&layer=c&cbll=-47.9982029,-21.9556205", "O_QUE_FAZER": "CARTEIRA", "ER_REGIAO_CIDADE_min": "Ibaté_Araraquara" }, "geometry": { "type": "Point", "coordinates": [ -47.9982029, -21.9556205 ] } },
{ "type": "Feature", "properties": { "CNPJ": "04181406000179", "IDCIDADE": "IBATE", "NOMEFANTASIA": "COFIX", "RAZAOSOCIAL": "M._C._REGOLAO_TONIOLLI_LTDA", "ENDEE": "RUA_SANTA_IRIA688__CENTRO_14815-051", "LATITUDE": "-21.956401", "LONGITUDE": "-47.9999602", "LMAPS": "https://www.google.com/maps?q=&layer=c&cbll=-47.9999602,-21.956401", "O_QUE_FAZER": "CARTEIRA", "ER_REGIAO_CIDADE_min": "Ibaté_Araraquara" }, "geometry": { "type": "Point", "coordinates": [ -47.9999602, -21.956401 ] } },
{ "type": "Feature", "properties": { "CNPJ": "04635133000195", "IDCIDADE": "IBATE", "NOMEFANTASIA": "BAR_DO_LUCIO", "RAZAOSOCIAL": "MARIA_APARECIDA_MARQUES_DEA", "ENDEE": "RUA_VISCONDE_DE_PELOTAS1073__SANTA_TEREZINHA_14815-053", "LATITUDE": "-21.9585005", "LONGITUDE": "-48.0020991", "LMAPS": "https://www.google.com/maps?q=&layer=c&cbll=-48.0020991,-21.9585005", "O_QUE_FAZER": "CARTEIRA", "ER_REGIAO_CIDADE_min": "Ibaté_Araraquara" }, "geometry": { "type": "Point", "coordinates": [ -48.0020991, -21.9585005 ] } },
{ "type": "Feature", "properties": { "CNPJ": "58273046000164", "IDCIDADE": "IBATE", "NOMEFANTASIA": "DROGARIA_SANTA_TEREZINHA", "RAZAOSOCIAL": "MAURO_D.L._BELLI_&_CIA_LTDA", "ENDEE": "RUA_VISCONDE_DE_PELOTAS1083__SANTA_TEREZINHA_14815-053", "LATITUDE": "-21.9586217", "LONGITUDE": "-48.00217", "LMAPS": "https://www.google.com/maps?q=&layer=c&cbll=-48.00217,-21.9586217", "O_QUE_FAZER": "CARTEIRA", "ER_REGIAO_CIDADE_min": "Ibaté_Araraquara" }, "geometry": { "type": "Point", "coordinates": [ -48.00217, -21.9586217 ] } },
{ "type": "Feature", "properties": { "CNPJ": "26399912000171", "IDCIDADE": "IBATE", "NOMEFANTASIA": "INSTALTEC", "RAZAOSOCIAL": "INSTALTEC_COMERCIO_DE_MATERIAIS_E_INSTALACOES_LTDA", "ENDEE": "RUA_VISCONDE_DE_PELOTAS136__SANTA_TEREZINHA_14815-053", "LATITUDE": "-21.9546697", "LONGITUDE": "-47.9939299", "LMAPS": "https://www.google.com/maps?q=&layer=c&cbll=-47.9939299,-21.9546697", "O_QUE_FAZER": "CARTEIRA", "ER_REGIAO_CIDADE_min": "Ibaté_Araraquara" }, "geometry": { "type": "Point", "coordinates": [ -47.9939299, -21.9546697 ] } },
{ "type": "Feature", "properties": { "CNPJ": "27438843000120", "IDCIDADE": "IBATE", "NOMEFANTASIA": "AGRO_VERDE_HORTI_FRUTTI", "RAZAOSOCIAL": "AGRO_VERDE_HORTIFRUTI_LTDA", "ENDEE": "RUA_VISCONDE_DE_PELOTAS265__CENTRO_14815-053", "LATITUDE": "-21.9554107", "LONGITUDE": "-47.9949817", "LMAPS": "https://www.google.com/maps?q=&layer=c&cbll=-47.9949817,-21.9554107", "O_QUE_FAZER": "CARTEIRA", "ER_REGIAO_CIDADE_min": "Ibaté_Araraquara" }, "geometry": { "type": "Point", "coordinates": [ -47.9949817, -21.9554107 ] } },
{ "type": "Feature", "properties": { "CNPJ": "05477771000198", "IDCIDADE": "IBATE", "NOMEFANTASIA": "CFC_OPCAO", "RAZAOSOCIAL": "OPCAO_-_CENTRO_DE_FORMACAO_DE_CONDUTORES_S/S_LTDA", "ENDEE": "RUA_VISCONDE_DE_PELOTAS302__CENTRO_14815-053", "LATITUDE": "-21.955347", "LONGITUDE": "-47.9953554", "LMAPS": "https://www.google.com/maps?q=&layer=c&cbll=-47.9953554,-21.955347", "O_QUE_FAZER": "CARTEIRA", "ER_REGIAO_CIDADE_min": "Ibaté_Araraquara" }, "geometry": { "type": "Point", "coordinates": [ -47.9953554, -21.955347 ] } },
{ "type": "Feature", "properties": { "CNPJ": "08656414000185", "IDCIDADE": "IBATE", "NOMEFANTASIA": "PERFUMARIA_E_COSMETICOS_MATUBARO", "RAZAOSOCIAL": "JOAQUIM_ROBERTO_RODRIGUES", "ENDEE": "RUA_VISCONDE_DE_PELOTAS332__CENTRO_14815-053", "LATITUDE": "-21.9554626", "LONGITUDE": "-47.99567", "LMAPS": "https://www.google.com/maps?q=&layer=c&cbll=-47.99567,-21.9554626", "O_QUE_FAZER": "CARTEIRA", "ER_REGIAO_CIDADE_min": "Ibaté_Araraquara" }, "geometry": { "type": "Point", "coordinates": [ -47.99567, -21.9554626 ] } },
{ "type": "Feature", "properties": { "CNPJ": "40763709000163", "IDCIDADE": "IBATE", "NOMEFANTASIA": "DELICIA_E_CIA", "RAZAOSOCIAL": "DELICIA_&_CIA_LANCHONETE_LTDA", "ENDEE": "RUA_VISCONDE_DE_PELOTAS347__CENTRO_14815-053", "LATITUDE": "-21.9556487", "LONGITUDE": "-47.9956797", "LMAPS": "https://www.google.com/maps?q=&layer=c&cbll=-47.9956797,-21.9556487", "O_QUE_FAZER": "CARTEIRA", "ER_REGIAO_CIDADE_min": "Ibaté_Araraquara" }, "geometry": { "type": "Point", "coordinates": [ -47.9956797, -21.9556487 ] } },
{ "type": "Feature", "properties": { "CNPJ": "27082831000106", "IDCIDADE": "IBATE", "NOMEFANTASIA": "BEM_ESTAR", "RAZAOSOCIAL": "VAZ_MEIRA_COMERCIO_DE_CEREAIS_LTDA", "ENDEE": "RUA_VISCONDE_DE_PELOTAS361__SANTA_TEREZINHA_14815-053", "LATITUDE": "-21.9558244", "LONGITUDE": "-47.99588", "LMAPS": "https://www.google.com/maps?q=&layer=c&cbll=-47.99588,-21.9558244", "O_QUE_FAZER": "CARTEIRA", "ER_REGIAO_CIDADE_min": "Ibaté_Araraquara" }, "geometry": { "type": "Point", "coordinates": [ -47.99588, -21.9558244 ] } },
{ "type": "Feature", "properties": { "CNPJ": "49161532000108", "IDCIDADE": "IBATE", "NOMEFANTASIA": "DROGARIA_PLANALTO", "RAZAOSOCIAL": "CAVICHIOLI_E_CAVICHIOLI_LTDA", "ENDEE": "RUA_VISCONDE_DE_PELOTAS591__SANTA_TEREZINHA_14815-053", "LATITUDE": "-21.9566323", "LONGITUDE": "-47.9978409", "LMAPS": "https://www.google.com/maps?q=&layer=c&cbll=-47.9978409,-21.9566323", "O_QUE_FAZER": "CARTEIRA", "ER_REGIAO_CIDADE_min": "Ibaté_Araraquara" }, "geometry": { "type": "Point", "coordinates": [ -47.9978409, -21.9566323 ] } },
{ "type": "Feature", "properties": { "CNPJ": "42457972000150", "IDCIDADE": "IBATE", "NOMEFANTASIA": "ELLI_PISOS_E_ACABAMENTOS", "RAZAOSOCIAL": "ALINE_MARIA_GOMES_MATERIAIS_PARA_CONSTRUCAO", "ENDEE": "RUA_VISCONDE_DE_PELOTAS716__CENTRO_14815-053", "LATITUDE": "-21.9568519", "LONGITUDE": "-47.9990329", "LMAPS": "https://www.google.com/maps?q=&layer=c&cbll=-47.9990329,-21.9568519", "O_QUE_FAZER": "CARTEIRA", "ER_REGIAO_CIDADE_min": "Ibaté_Araraquara" }, "geometry": { "type": "Point", "coordinates": [ -47.9990329, -21.9568519 ] } },
{ "type": "Feature", "properties": { "CNPJ": "33617052000160", "IDCIDADE": "IBATE", "NOMEFANTASIA": "OLIVEIRA_MATERIAIS_CONSTRUCAO", "RAZAOSOCIAL": "OLIVEIRA_MATERIAIS_DE_CONSTRUCAO_LTDA", "ENDEE": "RUA_VISCONDE_DE_PELOTAS865__SANTA_TEREZINHA_14815-053", "LATITUDE": "-21.9577123", "LONGITUDE": "-48.0003", "LMAPS": "https://www.google.com/maps?q=&layer=c&cbll=-48.0003,-21.9577123", "O_QUE_FAZER": "CARTEIRA", "ER_REGIAO_CIDADE_min": "Ibaté_Araraquara" }, "geometry": { "type": "Point", "coordinates": [ -48.0003, -21.9577123 ] } },
{ "type": "Feature", "properties": { "CNPJ": "62720586000116", "IDCIDADE": "IBATE", "NOMEFANTASIA": "KARAMELLUS", "RAZAOSOCIAL": "OLIVEIRA_&_DI_FELIPPO_COMERCIO_DE_BOLOS_E_DOCES_LTDA", "ENDEE": "RUA_VISCONDE_DE_PELOTAS888__SANTA_TEREZINHA_14815-053", "LATITUDE": "-21.9577033", "LONGITUDE": "-48.0005567", "LMAPS": "https://www.google.com/maps?q=&layer=c&cbll=-48.0005567,-21.9577033", "O_QUE_FAZER": "CARTEIRA", "ER_REGIAO_CIDADE_min": "Ibaté_Araraquara" }, "geometry": { "type": "Point", "coordinates": [ -48.0005567, -21.9577033 ] } },
{ "type": "Feature", "properties": { "CNPJ": "04334937000154", "IDCIDADE": "IBATE", "NOMEFANTASIA": "A_PRINCIPAL_OTICA", "RAZAOSOCIAL": "MARIA_ELISA_NICOLETTI", "ENDEE": "RUA_VISCONDE_DE_PELOTAS910__SANTA_TEREZINHA_14815-053", "LATITUDE": "-21.9576838", "LONGITUDE": "-48.0006955", "LMAPS": "https://www.google.com/maps?q=&layer=c&cbll=-48.0006955,-21.9576838", "O_QUE_FAZER": "CARTEIRA", "ER_REGIAO_CIDADE_min": "Ibaté_Araraquara" }, "geometry": { "type": "Point", "coordinates": [ -48.0006955, -21.9576838 ] } },
{ "type": "Feature", "properties": { "CNPJ": "09138175000134", "IDCIDADE": "IBATE", "NOMEFANTASIA": "AGRO_PESCA", "RAZAOSOCIAL": "TREVISAN_&_PERIANI_AGROPECUARIA_LTDA", "ENDEE": "RUA_FLORIANO_PEIXOTO146__CENTRO_14815-057", "LATITUDE": "-21.9554491", "LONGITUDE": "-47.9931291", "LMAPS": "https://www.google.com/maps?q=&layer=c&cbll=-47.9931291,-21.9554491", "O_QUE_FAZER": "CARTEIRA", "ER_REGIAO_CIDADE_min": "Ibaté_Araraquara" }, "geometry": { "type": "Point", "coordinates": [ -47.9931291, -21.9554491 ] } },
{ "type": "Feature", "properties": { "CNPJ": "05792515000195", "IDCIDADE": "IBATE", "NOMEFANTASIA": "MARQUINHOS_AUTO_PECAS", "RAZAOSOCIAL": "MARCOS_ROBERTO_DO_NASCIMENTO_AUTOPECAS", "ENDEE": "RUA_FLORIANO_PEIXOTO148__CENTRO_14815-057", "LATITUDE": "-21.9555083", "LONGITUDE": "-47.99326", "LMAPS": "https://www.google.com/maps?q=&layer=c&cbll=-47.99326,-21.9555083", "O_QUE_FAZER": "CARTEIRA", "ER_REGIAO_CIDADE_min": "Ibaté_Araraquara" }, "geometry": { "type": "Point", "coordinates": [ -47.99326, -21.9555083 ] } },
{ "type": "Feature", "properties": { "CNPJ": "10930591000150", "IDCIDADE": "IBATE", "NOMEFANTASIA": "FORTALEZA_PISOS_E_REVESTIMENTOS", "RAZAOSOCIAL": "CAROLINA_EDWIGES_RAMOS_DA_SILVA", "ENDEE": "RUA_FLORIANO_PEIXOTO170__CENTRO_14815-057", "LATITUDE": "-21.9554436", "LONGITUDE": "-47.9935115", "LMAPS": "https://www.google.com/maps?q=&layer=c&cbll=-47.9935115,-21.9554436", "O_QUE_FAZER": "CARTEIRA", "ER_REGIAO_CIDADE_min": "Ibaté_Araraquara" }, "geometry": { "type": "Point", "coordinates": [ -47.9935115, -21.9554436 ] } },
{ "type": "Feature", "properties": { "CNPJ": "23090078000140", "IDCIDADE": "IBATE", "NOMEFANTASIA": "THAYAME_CALCADOS", "RAZAOSOCIAL": "VALDAIR_DE_LIMA_CALCADOS", "ENDEE": "RUA_FLORIANO_PEIXOTO243__SAO_BENEDITO_14815-057", "LATITUDE": "-21.9559455", "LONGITUDE": "-47.9940455", "LMAPS": "https://www.google.com/maps?q=&layer=c&cbll=-47.9940455,-21.9559455", "O_QUE_FAZER": "CARTEIRA", "ER_REGIAO_CIDADE_min": "Ibaté_Araraquara" }, "geometry": { "type": "Point", "coordinates": [ -47.9940455, -21.9559455 ] } },
{ "type": "Feature", "properties": { "CNPJ": "20359788000134", "IDCIDADE": "IBATE", "NOMEFANTASIA": "CONECT_PLAY", "RAZAOSOCIAL": "PAULO_MATHEUS_LIMA_DA_COSTA", "ENDEE": "RUA_FLORIANO_PEIXOTO274__SAO_BENEDITO_14815-057", "LATITUDE": "-21.9559469", "LONGITUDE": "-47.9942443", "LMAPS": "https://www.google.com/maps?q=&layer=c&cbll=-47.9942443,-21.9559469", "O_QUE_FAZER": "CARTEIRA", "ER_REGIAO_CIDADE_min": "Ibaté_Araraquara" }, "geometry": { "type": "Point", "coordinates": [ -47.9942443, -21.9559469 ] } },
{ "type": "Feature", "properties": { "CNPJ": "11480817000120", "IDCIDADE": "IBATE", "NOMEFANTASIA": "IBATE_TURISMO", "RAZAOSOCIAL": "IBATE_TURISMO_LTDA", "ENDEE": "RUA_FLORIANO_PEIXOTO446__CENTRO_14815-057", "LATITUDE": "-21.9566943", "LONGITUDE": "-47.9960567", "LMAPS": "https://www.google.com/maps?q=&layer=c&cbll=-47.9960567,-21.9566943", "O_QUE_FAZER": "CARTEIRA", "ER_REGIAO_CIDADE_min": "Ibaté_Araraquara" }, "geometry": { "type": "Point", "coordinates": [ -47.9960567, -21.9566943 ] } },
{ "type": "Feature", "properties": { "CNPJ": "00753155000107", "IDCIDADE": "IBATE", "NOMEFANTASIA": "AUTO_ESCOLA_SAO_JOAO", "RAZAOSOCIAL": "CENTRO_DE_FORMACAO_DE_CONDUTORES_SAO_JOAO_LTDA", "ENDEE": "RUA_FLORIANO_PEIXOTO572__CENTRO_14815-057", "LATITUDE": "-21.957103", "LONGITUDE": "-47.9969202", "LMAPS": "https://www.google.com/maps?q=&layer=c&cbll=-47.9969202,-21.957103", "O_QUE_FAZER": "CARTEIRA", "ER_REGIAO_CIDADE_min": "Ibaté_Araraquara" }, "geometry": { "type": "Point", "coordinates": [ -47.9969202, -21.957103 ] } },
{ "type": "Feature", "properties": { "CNPJ": "05082872000160", "IDCIDADE": "IBATE", "NOMEFANTASIA": "ZEEK_CURSOS", "RAZAOSOCIAL": "DAVID_RIGOLAO", "ENDEE": "RUA_FLORIANO_PEIXOTO628__CENTRO_14815-057", "LATITUDE": "-21.9573051", "LONGITUDE": "-47.9974713", "LMAPS": "https://www.google.com/maps?q=&layer=c&cbll=-47.9974713,-21.9573051", "O_QUE_FAZER": "CARTEIRA", "ER_REGIAO_CIDADE_min": "Ibaté_Araraquara" }, "geometry": { "type": "Point", "coordinates": [ -47.9974713, -21.9573051 ] } },
{ "type": "Feature", "properties": { "CNPJ": "62591474000102", "IDCIDADE": "IBATE", "NOMEFANTASIA": "GAS_E_AGUA_RUSCITO", "RAZAOSOCIAL": "RUSCITO_COMERCIO_E_DISTRIBUIDORA_DE_GAS_LTDA", "ENDEE": "RUA_FLORIANO_PEIXOTO670__CENTRO_14815-057", "LATITUDE": "-21.9575226", "LONGITUDE": "-47.997981", "LMAPS": "https://www.google.com/maps?q=&layer=c&cbll=-47.997981,-21.9575226", "O_QUE_FAZER": "CARTEIRA", "ER_REGIAO_CIDADE_min": "Ibaté_Araraquara" }, "geometry": { "type": "Point", "coordinates": [ -47.997981, -21.9575226 ] } },
{ "type": "Feature", "properties": { "CNPJ": "40438620000121", "IDCIDADE": "IBATE", "NOMEFANTASIA": "BLACK_FIT", "RAZAOSOCIAL": "BLACK_FIT_ACADEMIAS_IBATE_LTDA", "ENDEE": "RUA_FLORIANO_PEIXOTO725__CENTRO_14815-057", "LATITUDE": "-21.95746", "LONGITUDE": "-47.9989167", "LMAPS": "https://www.google.com/maps?q=&layer=c&cbll=-47.9989167,-21.95746", "O_QUE_FAZER": "CARTEIRA", "ER_REGIAO_CIDADE_min": "Ibaté_Araraquara" }, "geometry": { "type": "Point", "coordinates": [ -47.9989167, -21.95746 ] } },
{ "type": "Feature", "properties": { "CNPJ": "26924681000178", "IDCIDADE": "IBATE", "NOMEFANTASIA": "CERVEJARIA_VITRUVIANA", "RAZAOSOCIAL": "SEVEN_CERVEJARIA_ARTESANAL_LTDA", "ENDEE": "RUA_FLORIANO_PEIXOTO882__CENTRO_14815-057", "LATITUDE": "-21.9581581", "LONGITUDE": "-47.9998817", "LMAPS": "https://www.google.com/maps?q=&layer=c&cbll=-47.9998817,-21.9581581", "O_QUE_FAZER": "CARTEIRA", "ER_REGIAO_CIDADE_min": "Ibaté_Araraquara" }, "geometry": { "type": "Point", "coordinates": [ -47.9998817, -21.9581581 ] } },
{ "type": "Feature", "properties": { "CNPJ": "53966789000104", "IDCIDADE": "IBATE", "NOMEFANTASIA": "VITAL_LABORATORIO", "RAZAOSOCIAL": "VITALLAB_LABORATORIO_DE_ANALISES_CLINICAS_LTDA", "ENDEE": "RUA_FLORIANO_PEIXOTO963__CENTRO_14815-057", "LATITUDE": "-21.9588333", "LONGITUDE": "-48.0003183", "LMAPS": "https://www.google.com/maps?q=&layer=c&cbll=-48.0003183,-21.9588333", "O_QUE_FAZER": "CARTEIRA", "ER_REGIAO_CIDADE_min": "Ibaté_Araraquara" }, "geometry": { "type": "Point", "coordinates": [ -48.0003183, -21.9588333 ] } },
{ "type": "Feature", "properties": { "CNPJ": "26696107000100", "IDCIDADE": "IBATE", "NOMEFANTASIA": "I_CAR", "RAZAOSOCIAL": "TATIANE_PERUSSI_BUZO", "ENDEE": "RUA_FLORIANO_PEIXOTO992__CENTRO_14815-057", "LATITUDE": "-21.95862", "LONGITUDE": "-48.0006933", "LMAPS": "https://www.google.com/maps?q=&layer=c&cbll=-48.0006933,-21.95862", "O_QUE_FAZER": "CARTEIRA", "ER_REGIAO_CIDADE_min": "Ibaté_Araraquara" }, "geometry": { "type": "Point", "coordinates": [ -48.0006933, -21.95862 ] } },
{ "type": "Feature", "properties": { "CNPJ": "73050940000169", "IDCIDADE": "IBATE", "NOMEFANTASIA": "ATACADO_DA_CONSTRUCAO", "RAZAOSOCIAL": "SERGIO_AP_DE_SOUZA_MATERIAIS_PARA_CONSTRUCAO", "ENDEE": "RUA_JOANA_FRANCISCA_ATAIDE25__JARDIM_ENC_DO_PLANALTO_14815-400", "LATITUDE": "-21.9542944", "LONGITUDE": "-47.9918508", "LMAPS": "https://www.google.com/maps?q=&layer=c&cbll=-47.9918508,-21.9542944", "O_QUE_FAZER": "CARTEIRA", "ER_REGIAO_CIDADE_min": "Ibaté_Araraquara" }, "geometry": { "type": "Point", "coordinates": [ -47.9918508, -21.9542944 ] } },
{ "type": "Feature", "properties": { "CNPJ": "11852402000130", "IDCIDADE": "IBATE", "NOMEFANTASIA": "A_POPULAR_MUITI_COISAS", "RAZAOSOCIAL": "CINTIA_CRISTINA_DIAS_GARCIA", "ENDEE": "RUA_BAHIA31__CJ_HAB_CDRO_N_MORGANTI_14815-472", "LATITUDE": "-21.9556754", "LONGITUDE": "-47.988892", "LMAPS": "https://www.google.com/maps?q=&layer=c&cbll=-47.988892,-21.9556754", "O_QUE_FAZER": "CARTEIRA", "ER_REGIAO_CIDADE_min": "Ibaté_Araraquara" }, "geometry": { "type": "Point", "coordinates": [ -47.988892, -21.9556754 ] } },
{ "type": "Feature", "properties": { "CNPJ": "12274255000121", "IDCIDADE": "IBATE", "NOMEFANTASIA": "DIGIT_SOUND", "RAZAOSOCIAL": "DIGIT_SOUND_SOM_E_ACESSORIOS_AUTOMOTIVO_LTDA", "ENDEE": "RUA_HENRIQUE_MILORI75__POPULAR_3_14815-492", "LATITUDE": "-21.9575126", "LONGITUDE": "-47.9869066", "LMAPS": "https://www.google.com/maps?q=&layer=c&cbll=-47.9869066,-21.9575126", "O_QUE_FAZER": "CARTEIRA", "ER_REGIAO_CIDADE_min": "Ibaté_Araraquara" }, "geometry": { "type": "Point", "coordinates": [ -47.9869066, -21.9575126 ] } },
{ "type": "Feature", "properties": { "CNPJ": "57835977000146", "IDCIDADE": "IBATE", "NOMEFANTASIA": "HOTEL_VENEZA", "RAZAOSOCIAL": "MARISA_APARECIDA_TERSIGNI_VIRGILIO", "ENDEE": "RUA_ANTONIO_DE_VAL34__JARDIM_MARIANA_14817-050", "LATITUDE": "-21.9557178", "LONGITUDE": "-48.0020004", "LMAPS": "https://www.google.com/maps?q=&layer=c&cbll=-48.0020004,-21.9557178", "O_QUE_FAZER": "CARTEIRA", "ER_REGIAO_CIDADE_min": "Ibaté_Araraquara" }, "geometry": { "type": "Point", "coordinates": [ -48.0020004, -21.9557178 ] } },
{ "type": "Feature", "properties": { "CNPJ": "03093420000158", "IDCIDADE": "IBATE", "NOMEFANTASIA": "SUPERMERCADO_VERDE", "RAZAOSOCIAL": "MARGARETH_GINIO_IBATE", "ENDEE": "RUA_ANTONIO_MEROLA139__JARDIM_ICARAI_14817-176", "LATITUDE": "-21.9590295", "LONGITUDE": "-48.0152645", "LMAPS": "https://www.google.com/maps?q=&layer=c&cbll=-48.0152645,-21.9590295", "O_QUE_FAZER": "CARTEIRA", "ER_REGIAO_CIDADE_min": "Ibaté_Araraquara" }, "geometry": { "type": "Point", "coordinates": [ -48.0152645, -21.9590295 ] } },
{ "type": "Feature", "properties": { "CNPJ": "12391001000193", "IDCIDADE": "IBATE", "NOMEFANTASIA": "RODOINOX", "RAZAOSOCIAL": "RODO_INOX_INDUSTRIA_E_COMERCIO_DE_TANQUES_LTDA", "ENDEE": "AVENIDA_EZIO_MORGANTI1000__DISTRITO_INDUSTRIAL_14817-472", "LATITUDE": "-21.9323254", "LONGITUDE": "-48.0219336", "LMAPS": "https://www.google.com/maps?q=&layer=c&cbll=-48.0219336,-21.9323254", "O_QUE_FAZER": "CARTEIRA", "ER_REGIAO_CIDADE_min": "Ibaté_Araraquara" }, "geometry": { "type": "Point", "coordinates": [ -48.0219336, -21.9323254 ] } },
{ "type": "Feature", "properties": { "CNPJ": "47621506000181", "IDCIDADE": "IBATE", "NOMEFANTASIA": "RENOVA_PLASTICOS", "RAZAOSOCIAL": "RENOVA_PLASTICOS_SOLUCOES_AMBIENTAIS_LTDA", "ENDEE": "AVENIDA_EZIO_MORGANTI404__DISTRITO_INDUSTRIAL_14817-472", "LATITUDE": "-21.9312582", "LONGITUDE": "-48.023385", "LMAPS": "https://www.google.com/maps?q=&layer=c&cbll=-48.023385,-21.9312582", "O_QUE_FAZER": "CARTEIRA", "ER_REGIAO_CIDADE_min": "Ibaté_Araraquara" }, "geometry": { "type": "Point", "coordinates": [ -48.023385, -21.9312582 ] } },
{ "type": "Feature", "properties": { "CNPJ": "21651691000163", "IDCIDADE": "IBATE", "NOMEFANTASIA": "WELCKMAN_TINTAS", "RAZAOSOCIAL": "JEFERSON_ALEXANDRE_MARIANO", "ENDEE": "AVENIDA_EZIO_MORGANTI404__DISTRITO_INDUSTRIAL_14817-472", "LATITUDE": "-21.9314867", "LONGITUDE": "-48.0234415", "LMAPS": "https://www.google.com/maps?q=&layer=c&cbll=-48.0234415,-21.9314867", "O_QUE_FAZER": "CARTEIRA", "ER_REGIAO_CIDADE_min": "Ibaté_Araraquara" }, "geometry": { "type": "Point", "coordinates": [ -48.0234415, -21.9314867 ] } },
{ "type": "Feature", "properties": { "CNPJ": "40051569000109", "IDCIDADE": "IBATE", "NOMEFANTASIA": "COLUNAS_BRASIL", "RAZAOSOCIAL": "C._F._GASPARETTO_ARAMES_LTDA", "ENDEE": "AVENIDA_EZIO_MORGANTI930__DISTRITO_INDUSTRIAL_14817-472", "LATITUDE": "-21.9323546", "LONGITUDE": "-48.0218006", "LMAPS": "https://www.google.com/maps?q=&layer=c&cbll=-48.0218006,-21.9323546", "O_QUE_FAZER": "CARTEIRA", "ER_REGIAO_CIDADE_min": "Ibaté_Araraquara" }, "geometry": { "type": "Point", "coordinates": [ -48.0218006, -21.9323546 ] } },
{ "type": "Feature", "properties": { "CNPJ": "24409030000114", "IDCIDADE": "IBATE", "NOMEFANTASIA": "LOCAR_COBERTURAS", "RAZAOSOCIAL": "LOCAR_COBERTURAS_LTDA", "ENDEE": "RUA_JULIO_GONZAGA354__DISTRITO_INDUSTRIAL_14817-488", "LATITUDE": "-21.9371217", "LONGITUDE": "-48.01806", "LMAPS": "https://www.google.com/maps?q=&layer=c&cbll=-48.01806,-21.9371217", "O_QUE_FAZER": "CARTEIRA", "ER_REGIAO_CIDADE_min": "Ibaté_Araraquara" }, "geometry": { "type": "Point", "coordinates": [ -48.01806, -21.9371217 ] } },
{ "type": "Feature", "properties": { "CNPJ": "23226086000170", "IDCIDADE": "IBATE", "NOMEFANTASIA": "IBAFE_METAL", "RAZAOSOCIAL": "IBAFERRO_INDUSTRIA_E_COMERCIO_LTDA", "ENDEE": "RUA_BENEDITO_DA_COSTA_TELLES351__DISTRITO_INDUSTRIAL_14817-500", "LATITUDE": "-21.9336131", "LONGITUDE": "-48.0225218", "LMAPS": "https://www.google.com/maps?q=&layer=c&cbll=-48.0225218,-21.9336131", "O_QUE_FAZER": "CARTEIRA", "ER_REGIAO_CIDADE_min": "Ibaté_Araraquara" }, "geometry": { "type": "Point", "coordinates": [ -48.0225218, -21.9336131 ] } },
{ "type": "Feature", "properties": { "CNPJ": "01136426000130", "IDCIDADE": "IBATE", "NOMEFANTASIA": "PLANALCAR", "RAZAOSOCIAL": "AUTO_PECAS_E_ACESSORIOS_PLANALCAR_LTDA", "ENDEE": "RUA_JOSE_BENTO_DA_SILVA110__JARDIM_ENCANTO_DO_PLANALTO_14818-000", "LATITUDE": "-21.9423461", "LONGITUDE": "-48.0032244", "LMAPS": "https://www.google.com/maps?q=&layer=c&cbll=-48.0032244,-21.9423461", "O_QUE_FAZER": "CARTEIRA", "ER_REGIAO_CIDADE_min": "Ibaté_Araraquara" }, "geometry": { "type": "Point", "coordinates": [ -48.0032244, -21.9423461 ] } },
{ "type": "Feature", "properties": { "CNPJ": "15211866000119", "IDCIDADE": "IBATE", "NOMEFANTASIA": "TUDO_LONAS_IBATE", "RAZAOSOCIAL": "CLAUDEMIR_DONIZETE_CABRAL", "ENDEE": "RUA_JOSE_BENTO_DA_SILVA110__JARDIM_ENCANTO_DO_PLANALTO_14818-000", "LATITUDE": "-21.9425926", "LONGITUDE": "-48.0030284", "LMAPS": "https://www.google.com/maps?q=&layer=c&cbll=-48.0030284,-21.9425926", "O_QUE_FAZER": "CARTEIRA", "ER_REGIAO_CIDADE_min": "Ibaté_Araraquara" }, "geometry": { "type": "Point", "coordinates": [ -48.0030284, -21.9425926 ] } },
{ "type": "Feature", "properties": { "CNPJ": "07873442000191", "IDCIDADE": "IBATE", "NOMEFANTASIA": "ELIANA_MODAS", "RAZAOSOCIAL": "ELIANA_LIMA_DA_SILVA", "ENDEE": "RUA_TAQUARITINGA215__JARDIM_CRUZADO_14818-114", "LATITUDE": "-21.9371147", "LONGITUDE": "-48.0037106", "LMAPS": "https://www.google.com/maps?q=&layer=c&cbll=-48.0037106,-21.9371147", "O_QUE_FAZER": "CARTEIRA", "ER_REGIAO_CIDADE_min": "Ibaté_Araraquara" }, "geometry": { "type": "Point", "coordinates": [ -48.0037106, -21.9371147 ] } },
{ "type": "Feature", "properties": { "CNPJ": "03389234000160", "IDCIDADE": "IBATE", "NOMEFANTASIA": "GIAN_CALCADOS", "RAZAOSOCIAL": "ARGENILDO_DA_SILVA", "ENDEE": "RUA_TAQUARITINGA235__JARDIM_CRUZADO_14818-114", "LATITUDE": "-21.9370133", "LONGITUDE": "-48.0039433", "LMAPS": "https://www.google.com/maps?q=&layer=c&cbll=-48.0039433,-21.9370133", "O_QUE_FAZER": "CARTEIRA", "ER_REGIAO_CIDADE_min": "Ibaté_Araraquara" }, "geometry": { "type": "Point", "coordinates": [ -48.0039433, -21.9370133 ] } },
{ "type": "Feature", "properties": { "CNPJ": "50562365000188", "IDCIDADE": "IBATE", "NOMEFANTASIA": "NOVA_PANIFICADORA", "RAZAOSOCIAL": "ELIANE_DA_S._REIS", "ENDEE": "RUA_ARARAQUARA178__JARDIM_CRUZADO_14818-124", "LATITUDE": "-21.9374672", "LONGITUDE": "-48.0029485", "LMAPS": "https://www.google.com/maps?q=&layer=c&cbll=-48.0029485,-21.9374672", "O_QUE_FAZER": "CARTEIRA", "ER_REGIAO_CIDADE_min": "Ibaté_Araraquara" }, "geometry": { "type": "Point", "coordinates": [ -48.0029485, -21.9374672 ] } },
{ "type": "Feature", "properties": { "CNPJ": "10716671000107", "IDCIDADE": "IBATE", "NOMEFANTASIA": "DROGARIA_TOTAL", "RAZAOSOCIAL": "LIGEIRO_E_RIMOLDI_DROGARIA_LTDA", "ENDEE": "RUA_ARARAQUARA233__JARDIM_CRUZADO_14818-124", "LATITUDE": "-21.9380612", "LONGITUDE": "-48.0031565", "LMAPS": "https://www.google.com/maps?q=&layer=c&cbll=-48.0031565,-21.9380612", "O_QUE_FAZER": "CARTEIRA", "ER_REGIAO_CIDADE_min": "Ibaté_Araraquara" }, "geometry": { "type": "Point", "coordinates": [ -48.0031565, -21.9380612 ] } },
{ "type": "Feature", "properties": { "CNPJ": "04919534000177", "IDCIDADE": "IBATÉ", "NOMEFANTASIA": "PORCO_CAIPIRA", "RAZAOSOCIAL": "NEUZA_LUCILEI_MACARIO_PERUCH_CONVENIENCIA", "ENDEE": "RODOVIA_WASHINGTON_LUIZ_0_RURAL_14815-037_IBATÉ_BRASIL", "LATITUDE": "-21.921879", "LONGITUDE": "-48.0314678", "LMAPS": "https://www.google.com/maps?q=&layer=c&cbll=-21.921879,-48.0314678", "O_QUE_FAZER": "CARTEIRA", "ER_REGIAO_CIDADE_min": "Ibaté_Araraquara" }, "geometry": { "type": "Point", "coordinates": [ -48.0314678, -21.921879 ] } },
{ "type": "Feature", "properties": { "CNPJ": "47621506000181", "IDCIDADE": "IBATÉ", "NOMEFANTASIA": "RENOVA_PLASTICOS", "RAZAOSOCIAL": "RENOVA_PLASTICOS_SOLUCOES_AMBIENTAIS_LTDA", "ENDEE": "AVENIDA_EZIO_MORGANTI_404_DISTRITO_INDUSTRIAL_14817-472_IBATÉ_BRASIL", "LATITUDE": "-21.9312582", "LONGITUDE": "-48.023385", "LMAPS": "https://www.google.com/maps?q=&layer=c&cbll=-21.9312582,-48.023385", "O_QUE_FAZER": "CARTEIRA", "ER_REGIAO_CIDADE_min": "Ibaté_Araraquara" }, "geometry": { "type": "Point", "coordinates": [ -48.023385, -21.9312582 ] } },
{ "type": "Feature", "properties": { "CNPJ": "21651691000163", "IDCIDADE": "IBATÉ", "NOMEFANTASIA": "WELCKMAN_TINTAS", "RAZAOSOCIAL": "JEFERSON_ALEXANDRE_MARIANO", "ENDEE": "AVENIDA_EZIO_MORGANTI_404_DISTRITO_INDUSTRIAL_14817-472_IBATÉ_BRASIL", "LATITUDE": "-21.9314867", "LONGITUDE": "-48.0234415", "LMAPS": "https://www.google.com/maps?q=&layer=c&cbll=-21.9314867,-48.0234415", "O_QUE_FAZER": "CARTEIRA", "ER_REGIAO_CIDADE_min": "Ibaté_Araraquara" }, "geometry": { "type": "Point", "coordinates": [ -48.0234415, -21.9314867 ] } },
{ "type": "Feature", "properties": { "CNPJ": "12391001000193", "IDCIDADE": "IBATÉ", "NOMEFANTASIA": "RODOINOX", "RAZAOSOCIAL": "RODO_INOX_INDUSTRIA_E_COMERCIO_DE_TANQUES_LTDA", "ENDEE": "AVENIDA_EZIO_MORGANTI_1000_DISTRITO_INDUSTRIAL_14817-472_IBATÉ_BRASIL", "LATITUDE": "-21.9323254", "LONGITUDE": "-48.0219336", "LMAPS": "https://www.google.com/maps?q=&layer=c&cbll=-21.9323254,-48.0219336", "O_QUE_FAZER": "CARTEIRA", "ER_REGIAO_CIDADE_min": "Ibaté_Araraquara" }, "geometry": { "type": "Point", "coordinates": [ -48.0219336, -21.9323254 ] } },
{ "type": "Feature", "properties": { "CNPJ": "40051569000109", "IDCIDADE": "IBATÉ", "NOMEFANTASIA": "COLUNAS_BRASIL", "RAZAOSOCIAL": "C._F._GASPARETTO_ARAMES_LTDA", "ENDEE": "AVENIDA_EZIO_MORGANTI_930_DISTRITO_INDUSTRIAL_14817-472_IBATÉ_BRASIL", "LATITUDE": "-21.9323546", "LONGITUDE": "-48.0218006", "LMAPS": "https://www.google.com/maps?q=&layer=c&cbll=-21.9323546,-48.0218006", "O_QUE_FAZER": "CARTEIRA", "ER_REGIAO_CIDADE_min": "Ibaté_Araraquara" }, "geometry": { "type": "Point", "coordinates": [ -48.0218006, -21.9323546 ] } },
{ "type": "Feature", "properties": { "CNPJ": "23226086000170", "IDCIDADE": "IBATÉ", "NOMEFANTASIA": "IBAFE_METAL", "RAZAOSOCIAL": "IBAFERRO_INDUSTRIA_E_COMERCIO_LTDA", "ENDEE": "RUA_BENEDITO_DA_COSTA_TELLES_351_DISTRITO_INDUSTRIAL_14817-500_IBATÉ_BRASIL", "LATITUDE": "-21.9336131", "LONGITUDE": "-48.0225218", "LMAPS": "https://www.google.com/maps?q=&layer=c&cbll=-21.9336131,-48.0225218", "O_QUE_FAZER": "CARTEIRA", "ER_REGIAO_CIDADE_min": "Ibaté_Araraquara" }, "geometry": { "type": "Point", "coordinates": [ -48.0225218, -21.9336131 ] } },
{ "type": "Feature", "properties": { "CNPJ": "03389234000160", "IDCIDADE": "IBATÉ", "NOMEFANTASIA": "GIAN_CALCADOS", "RAZAOSOCIAL": "ARGENILDO_DA_SILVA", "ENDEE": "RUA_TAQUARITINGA_235_JARDIM_CRUZADO_14818-114_IBATÉ_BRASIL", "LATITUDE": "-21.9370133", "LONGITUDE": "-48.0039433", "LMAPS": "https://www.google.com/maps?q=&layer=c&cbll=-21.9370133,-48.0039433", "O_QUE_FAZER": "CARTEIRA", "ER_REGIAO_CIDADE_min": "Ibaté_Araraquara" }, "geometry": { "type": "Point", "coordinates": [ -48.0039433, -21.9370133 ] } },
{ "type": "Feature", "properties": { "CNPJ": "07873442000191", "IDCIDADE": "IBATÉ", "NOMEFANTASIA": "ELIANA_MODAS", "RAZAOSOCIAL": "ELIANA_LIMA_DA_SILVA", "ENDEE": "RUA_TAQUARITINGA_215_JARDIM_CRUZADO_14818-114_IBATÉ_BRASIL", "LATITUDE": "-21.9371147", "LONGITUDE": "-48.0037106", "LMAPS": "https://www.google.com/maps?q=&layer=c&cbll=-21.9371147,-48.0037106", "O_QUE_FAZER": "CARTEIRA", "ER_REGIAO_CIDADE_min": "Ibaté_Araraquara" }, "geometry": { "type": "Point", "coordinates": [ -48.0037106, -21.9371147 ] } },
{ "type": "Feature", "properties": { "CNPJ": "24409030000114", "IDCIDADE": "IBATÉ", "NOMEFANTASIA": "LOCAR_COBERTURAS", "RAZAOSOCIAL": "LOCAR_COBERTURAS_LTDA", "ENDEE": "RUA_JULIO_GONZAGA_354_DISTRITO_INDUSTRIAL_14817-488_IBATÉ_BRASIL", "LATITUDE": "-21.9371217", "LONGITUDE": "-48.01806", "LMAPS": "https://www.google.com/maps?q=&layer=c&cbll=-21.9371217,-48.01806", "O_QUE_FAZER": "CARTEIRA", "ER_REGIAO_CIDADE_min": "Ibaté_Araraquara" }, "geometry": { "type": "Point", "coordinates": [ -48.01806, -21.9371217 ] } },
{ "type": "Feature", "properties": { "CNPJ": "32387173000109", "IDCIDADE": "IBATÉ", "NOMEFANTASIA": "HORUS_COBERTURAS", "RAZAOSOCIAL": "HORUS_MONTAGEM_E_LOCACAO_DE_EQUIPAMENTOS_LTDA", "ENDEE": "AVENIDA_SÃO_JOÃO_160_CENTRO_14815-017_IBATÉ_BRASIL", "LATITUDE": "-21.9373397", "LONGITUDE": "-48.0131173", "LMAPS": "https://www.google.com/maps?q=&layer=c&cbll=-21.9373397,-48.0131173", "O_QUE_FAZER": "CARTEIRA", "ER_REGIAO_CIDADE_min": "Ibaté_Araraquara" }, "geometry": { "type": "Point", "coordinates": [ -48.0131173, -21.9373397 ] } },
{ "type": "Feature", "properties": { "CNPJ": "01398415000128", "IDCIDADE": "IBATÉ", "NOMEFANTASIA": "SERRARIA_IBATE", "RAZAOSOCIAL": "EDVANIA_MARTINS_IBATE", "ENDEE": "RODOVIA_WASHINGTON_LUIZ_252_RURAL_14815-037_IBATÉ_BRASIL", "LATITUDE": "-21.93736", "LONGITUDE": "-48.0102283", "LMAPS": "https://www.google.com/maps?q=&layer=c&cbll=-21.93736,-48.0102283", "O_QUE_FAZER": "CARTEIRA", "ER_REGIAO_CIDADE_min": "Ibaté_Araraquara" }, "geometry": { "type": "Point", "coordinates": [ -48.0102283, -21.93736 ] } },
{ "type": "Feature", "properties": { "CNPJ": "50562365000188", "IDCIDADE": "IBATÉ", "NOMEFANTASIA": "NOVA_PANIFICADORA", "RAZAOSOCIAL": "ELIANE_DA_S._REIS", "ENDEE": "RUA_ARARAQUARA_178_JARDIM_CRUZADO_14818-124_IBATÉ_BRASIL", "LATITUDE": "-21.9374672", "LONGITUDE": "-48.0029485", "LMAPS": "https://www.google.com/maps?q=&layer=c&cbll=-21.9374672,-48.0029485", "O_QUE_FAZER": "CARTEIRA", "ER_REGIAO_CIDADE_min": "Ibaté_Araraquara" }, "geometry": { "type": "Point", "coordinates": [ -48.0029485, -21.9374672 ] } },
{ "type": "Feature", "properties": { "CNPJ": "10716671000107", "IDCIDADE": "IBATÉ", "NOMEFANTASIA": "DROGARIA_TOTAL", "RAZAOSOCIAL": "LIGEIRO_E_RIMOLDI_DROGARIA_LTDA", "ENDEE": "RUA_ARARAQUARA_233_JARDIM_CRUZADO_14818-124_IBATÉ_BRASIL", "LATITUDE": "-21.9380612", "LONGITUDE": "-48.0031565", "LMAPS": "https://www.google.com/maps?q=&layer=c&cbll=-21.9380612,-48.0031565", "O_QUE_FAZER": "CARTEIRA", "ER_REGIAO_CIDADE_min": "Ibaté_Araraquara" }, "geometry": { "type": "Point", "coordinates": [ -48.0031565, -21.9380612 ] } },
{ "type": "Feature", "properties": { "CNPJ": "01136426000130", "IDCIDADE": "IBATÉ", "NOMEFANTASIA": "PLANALCAR", "RAZAOSOCIAL": "AUTO_PECAS_E_ACESSORIOS_PLANALCAR_LTDA", "ENDEE": "RUA_JOSÉ_BENTO_DA_SILVA_110_JARDIM_ENCANTO_DO_PLANALTO_14818-000_IBATÉ_BRASIL", "LATITUDE": "-21.9423461", "LONGITUDE": "-48.0032244", "LMAPS": "https://www.google.com/maps?q=&layer=c&cbll=-21.9423461,-48.0032244", "O_QUE_FAZER": "CARTEIRA", "ER_REGIAO_CIDADE_min": "Ibaté_Araraquara" }, "geometry": { "type": "Point", "coordinates": [ -48.0032244, -21.9423461 ] } },
{ "type": "Feature", "properties": { "CNPJ": "15211866000119", "IDCIDADE": "IBATÉ", "NOMEFANTASIA": "TUDO_LONAS_IBATÉ", "RAZAOSOCIAL": "CLAUDEMIR_DONIZETE_CABRAL", "ENDEE": "RUA_JOSÉ_BENTO_DA_SILVA_110_JARDIM_ENCANTO_DO_PLANALTO_14818-000_IBATÉ_BRASIL", "LATITUDE": "-21.9425926", "LONGITUDE": "-48.0030284", "LMAPS": "https://www.google.com/maps?q=&layer=c&cbll=-21.9425926,-48.0030284", "O_QUE_FAZER": "CARTEIRA", "ER_REGIAO_CIDADE_min": "Ibaté_Araraquara" }, "geometry": { "type": "Point", "coordinates": [ -48.0030284, -21.9425926 ] } },
{ "type": "Feature", "properties": { "CNPJ": "08936093000172", "IDCIDADE": "IBATÉ", "NOMEFANTASIA": "LARANJINHA_ÁGUA_E_GÁS", "RAZAOSOCIAL": "DIEGO_HENRIQUE_LAROCCA", "ENDEE": "AVENIDA_SÃO_JOÃO_150_CENTRO_14815-017_IBATÉ_BRASIL", "LATITUDE": "-21.9457315", "LONGITUDE": "-48.0023652", "LMAPS": "https://www.google.com/maps?q=&layer=c&cbll=-21.9457315,-48.0023652", "O_QUE_FAZER": "CARTEIRA", "ER_REGIAO_CIDADE_min": "Ibaté_Araraquara" }, "geometry": { "type": "Point", "coordinates": [ -48.0023652, -21.9457315 ] } },
{ "type": "Feature", "properties": { "CNPJ": "46034225000160", "IDCIDADE": "IBATÉ", "NOMEFANTASIA": "CENTER_COISAS_IBATÉ", "RAZAOSOCIAL": "CENTERCOISAS_COMERCIAL_LTDA", "ENDEE": "AVENIDA_SÃO_JOÃO_242_CENTRO_14815-017_IBATÉ_BRASIL", "LATITUDE": "-21.9464236", "LONGITUDE": "-48.0019798", "LMAPS": "https://www.google.com/maps?q=&layer=c&cbll=-21.9464236,-48.0019798", "O_QUE_FAZER": "CARTEIRA", "ER_REGIAO_CIDADE_min": "Ibaté_Araraquara" }, "geometry": { "type": "Point", "coordinates": [ -48.0019798, -21.9464236 ] } },
{ "type": "Feature", "properties": { "CNPJ": "12365783000196", "IDCIDADE": "IBATÉ", "NOMEFANTASIA": "PRIME_FLORA_DO_BRASIL", "RAZAOSOCIAL": "JESSICA_NAYARA_DA_SILVA", "ENDEE": "AVENIDA_SÃO_JOÃO_359_CENTRO_14815-017_IBATÉ_BRASIL", "LATITUDE": "-21.9470596", "LONGITUDE": "-48.0015235", "LMAPS": "https://www.google.com/maps?q=&layer=c&cbll=-21.9470596,-48.0015235", "O_QUE_FAZER": "CARTEIRA", "ER_REGIAO_CIDADE_min": "Ibaté_Araraquara" }, "geometry": { "type": "Point", "coordinates": [ -48.0015235, -21.9470596 ] } },
{ "type": "Feature", "properties": { "CNPJ": "44835349000119", "IDCIDADE": "IBATÉ", "NOMEFANTASIA": "EXCONT", "RAZAOSOCIAL": "PFS_ALMEIDA_LTDA", "ENDEE": "AVENIDA_SÃO_JOÃO_353_CENTRO_14815-017_IBATÉ_BRASIL", "LATITUDE": "-21.9471508", "LONGITUDE": "-48.0015246", "LMAPS": "https://www.google.com/maps?q=&layer=c&cbll=-21.9471508,-48.0015246", "O_QUE_FAZER": "CARTEIRA", "ER_REGIAO_CIDADE_min": "Ibaté_Araraquara" }, "geometry": { "type": "Point", "coordinates": [ -48.0015246, -21.9471508 ] } },
{ "type": "Feature", "properties": { "CNPJ": "40336776000100", "IDCIDADE": "IBATÉ", "NOMEFANTASIA": "ATACADO_DA_LIMPEZA", "RAZAOSOCIAL": "ATACADAO_DA_LIMPEZA_DE_IBATE_LTDA", "ENDEE": "RUA_EDUARDO_APREIA_76_VILA_BANDEIRANTES_14815-023_IBATÉ_BRASIL", "LATITUDE": "-21.9487358", "LONGITUDE": "-48.0025033", "LMAPS": "https://www.google.com/maps?q=&layer=c&cbll=-21.9487358,-48.0025033", "O_QUE_FAZER": "CARTEIRA", "ER_REGIAO_CIDADE_min": "Ibaté_Araraquara" }, "geometry": { "type": "Point", "coordinates": [ -48.0025033, -21.9487358 ] } },
{ "type": "Feature", "properties": { "CNPJ": "01508775000135", "IDCIDADE": "IBATÉ", "NOMEFANTASIA": "OFICINA_SÃO_JOSE", "RAZAOSOCIAL": "IRMAOS_CARLINO_LTDA", "ENDEE": "RUA_PAULINO_CARLOS_191_CENTRO_14815-029_IBATÉ_BRASIL", "LATITUDE": "-21.948843", "LONGITUDE": "-47.999549", "LMAPS": "https://www.google.com/maps?q=&layer=c&cbll=-21.948843,-47.999549", "O_QUE_FAZER": "CARTEIRA", "ER_REGIAO_CIDADE_min": "Ibaté_Araraquara" }, "geometry": { "type": "Point", "coordinates": [ -47.999549, -21.948843 ] } },
{ "type": "Feature", "properties": { "CNPJ": "11074728000184", "IDCIDADE": "IBATÉ", "NOMEFANTASIA": "TEMPERO_DELICIA", "RAZAOSOCIAL": "LUCIA_HELENA_DA_SILVA_ANDRADE_BUFE", "ENDEE": "AVENIDA_SÃO_JOÃO_631_CENTRO_14815-017_IBATÉ_BRASIL", "LATITUDE": "-21.9495381", "LONGITUDE": "-48.0003843", "LMAPS": "https://www.google.com/maps?q=&layer=c&cbll=-21.9495381,-48.0003843", "O_QUE_FAZER": "CARTEIRA", "ER_REGIAO_CIDADE_min": "Ibaté_Araraquara" }, "geometry": { "type": "Point", "coordinates": [ -48.0003843, -21.9495381 ] } },
{ "type": "Feature", "properties": { "CNPJ": "19713653000146", "IDCIDADE": "IBATÉ", "NOMEFANTASIA": "ROMA_MECANICA", "RAZAOSOCIAL": "TARTARINI_MECANICA_LTDA", "ENDEE": "AVENIDA_CONSELHEIRO_MOREIRA_DE_BARROS_91_JARDIM_MARIANA_14815-011_IBATÉ_BRASIL", "LATITUDE": "-21.9497765", "LONGITUDE": "-48.0022926", "LMAPS": "https://www.google.com/maps?q=&layer=c&cbll=-21.9497765,-48.0022926", "O_QUE_FAZER": "CARTEIRA", "ER_REGIAO_CIDADE_min": "Ibaté_Araraquara" }, "geometry": { "type": "Point", "coordinates": [ -48.0022926, -21.9497765 ] } },
{ "type": "Feature", "properties": { "CNPJ": "33875470000158", "IDCIDADE": "IBATÉ", "NOMEFANTASIA": "PRECISÃO_PLANEJADOS", "RAZAOSOCIAL": "PRECISAO_MOVELARIA_PLANEJADOS_LTDA", "ENDEE": "AVENIDA_CONSELHEIRO_MOREIRA_DE_BARROS_105_JARDIM_MARIANA_14815-011_IBATÉ_BRASIL", "LATITUDE": "-21.94987", "LONGITUDE": "-48.0022817", "LMAPS": "https://www.google.com/maps?q=&layer=c&cbll=-21.94987,-48.0022817", "O_QUE_FAZER": "CARTEIRA", "ER_REGIAO_CIDADE_min": "Ibaté_Araraquara" }, "geometry": { "type": "Point", "coordinates": [ -48.0022817, -21.94987 ] } },
{ "type": "Feature", "properties": { "CNPJ": "09223778000134", "IDCIDADE": "IBATÉ", "NOMEFANTASIA": "CONVENIÊNCIA_POSTO_MARCA", "RAZAOSOCIAL": "MARCA_MANIA_CONVENIENCIA_LTDA", "ENDEE": "RUA_TOTÓ_PESSENTE_79_CENTRO_14815-021_IBATÉ_BRASIL", "LATITUDE": "-21.9508222", "LONGITUDE": "-47.9987516", "LMAPS": "https://www.google.com/maps?q=&layer=c&cbll=-21.9508222,-47.9987516", "O_QUE_FAZER": "CARTEIRA", "ER_REGIAO_CIDADE_min": "Ibaté_Araraquara" }, "geometry": { "type": "Point", "coordinates": [ -47.9987516, -21.9508222 ] } },
{ "type": "Feature", "properties": { "CNPJ": "04802287000124", "IDCIDADE": "IBATÉ", "NOMEFANTASIA": "IBAPHARMA", "RAZAOSOCIAL": "IBAPHARMA_FARMACIA_E_MANIPULACAO_IBATE_LTDA", "ENDEE": "AVENIDA_SÃO_JOÃO_805_CENTRO_14815-017_IBATÉ_BRASIL", "LATITUDE": "-21.9508816", "LONGITUDE": "-47.9995578", "LMAPS": "https://www.google.com/maps?q=&layer=c&cbll=-21.9508816,-47.9995578", "O_QUE_FAZER": "CARTEIRA", "ER_REGIAO_CIDADE_min": "Ibaté_Araraquara" }, "geometry": { "type": "Point", "coordinates": [ -47.9995578, -21.9508816 ] } },
{ "type": "Feature", "properties": { "CNPJ": "12472728000103", "IDCIDADE": "IBATÉ", "NOMEFANTASIA": "GVR_MOTOS", "RAZAOSOCIAL": "GVR_MOTO_CENTER_LTDA", "ENDEE": "AVENIDA_SÃO_JOÃO_807_CENTRO_14815-017_IBATÉ_BRASIL", "LATITUDE": "-21.9510858", "LONGITUDE": "-47.9994613", "LMAPS": "https://www.google.com/maps?q=&layer=c&cbll=-21.9510858,-47.9994613", "O_QUE_FAZER": "CARTEIRA", "ER_REGIAO_CIDADE_min": "Ibaté_Araraquara" }, "geometry": { "type": "Point", "coordinates": [ -47.9994613, -21.9510858 ] } },
{ "type": "Feature", "properties": { "CNPJ": "10912602000179", "IDCIDADE": "IBATÉ", "NOMEFANTASIA": "ELETROTEC", "RAZAOSOCIAL": "AGUINALDO_LUIZ_ALVES", "ENDEE": "AVENIDA_SÃO_JOÃO_841_CENTRO_14815-017_IBATÉ_BRASIL", "LATITUDE": "-21.9512176", "LONGITUDE": "-47.9995221", "LMAPS": "https://www.google.com/maps?q=&layer=c&cbll=-21.9512176,-47.9995221", "O_QUE_FAZER": "CARTEIRA", "ER_REGIAO_CIDADE_min": "Ibaté_Araraquara" }, "geometry": { "type": "Point", "coordinates": [ -47.9995221, -21.9512176 ] } },
{ "type": "Feature", "properties": { "CNPJ": "57414617000170", "IDCIDADE": "IBATÉ", "NOMEFANTASIA": "CENTANIN_AUTO_PECAS", "RAZAOSOCIAL": "JOAO_FERNANDO_CENTANIN", "ENDEE": "RUA_TOTÓ_PESSENTE_85_CENTRO_14815-021_IBATÉ_BRASIL", "LATITUDE": "-21.9512406", "LONGITUDE": "-48.0000702", "LMAPS": "https://www.google.com/maps?q=&layer=c&cbll=-21.9512406,-48.0000702", "O_QUE_FAZER": "CARTEIRA", "ER_REGIAO_CIDADE_min": "Ibaté_Araraquara" }, "geometry": { "type": "Point", "coordinates": [ -48.0000702, -21.9512406 ] } },
{ "type": "Feature", "properties": { "CNPJ": "33225096000145", "IDCIDADE": "IBATÉ", "NOMEFANTASIA": "SOS_MULTI_CENTRO", "RAZAOSOCIAL": "S.O.S_MULTI_CENTRO_AUTOMOTIVO_LTDA", "ENDEE": "AVENIDA_CONSELHEIRO_MOREIRA_DE_BARROS_261_JARDIM_MARIANA_14815-011_IBATÉ_BRASIL", "LATITUDE": "-21.9513067", "LONGITUDE": "-48.0014833", "LMAPS": "https://www.google.com/maps?q=&layer=c&cbll=-21.9513067,-48.0014833", "O_QUE_FAZER": "CARTEIRA", "ER_REGIAO_CIDADE_min": "Ibaté_Araraquara" }, "geometry": { "type": "Point", "coordinates": [ -48.0014833, -21.9513067 ] } },
{ "type": "Feature", "properties": { "CNPJ": "02086465000132", "IDCIDADE": "IBATÉ", "NOMEFANTASIA": "REGOLAO_MADEIRAS", "RAZAOSOCIAL": "LILIAN_MEIRE_PERUCHI_REGOLAO", "ENDEE": "RUA_TOTÓ_PESSENTE_230_CENTRO_14815-021_IBATÉ_BRASIL", "LATITUDE": "-21.9514234", "LONGITUDE": "-48.0010449", "LMAPS": "https://www.google.com/maps?q=&layer=c&cbll=-21.9514234,-48.0010449", "O_QUE_FAZER": "CARTEIRA", "ER_REGIAO_CIDADE_min": "Ibaté_Araraquara" }, "geometry": { "type": "Point", "coordinates": [ -48.0010449, -21.9514234 ] } },
{ "type": "Feature", "properties": { "CNPJ": "28838188000160", "IDCIDADE": "IBATÉ", "NOMEFANTASIA": "DOG_AGROPET", "RAZAOSOCIAL": "EVERSON_FERNANDO_DA_SILVA", "ENDEE": "AVENIDA_SÃO_JOÃO_850_CENTRO_14815-017_IBATÉ_BRASIL", "LATITUDE": "-21.951434", "LONGITUDE": "-47.9995162", "LMAPS": "https://www.google.com/maps?q=&layer=c&cbll=-21.951434,-47.9995162", "O_QUE_FAZER": "CARTEIRA", "ER_REGIAO_CIDADE_min": "Ibaté_Araraquara" }, "geometry": { "type": "Point", "coordinates": [ -47.9995162, -21.951434 ] } },
{ "type": "Feature", "properties": { "CNPJ": "07147452000140", "IDCIDADE": "IBATÉ", "NOMEFANTASIA": "AGRO_PET_RAÇA_BRASIL", "RAZAOSOCIAL": "ELISABETE_OLIVEIRA_DA_SILVA_-_RACAO", "ENDEE": "RUA_TOTÓ_PESSENTE_143_JARDIM_MARIANA_14815-021_IBATÉ_BRASIL", "LATITUDE": "-21.951522", "LONGITUDE": "-48.0006266", "LMAPS": "https://www.google.com/maps?q=&layer=c&cbll=-21.951522,-48.0006266", "O_QUE_FAZER": "CARTEIRA", "ER_REGIAO_CIDADE_min": "Ibaté_Araraquara" }, "geometry": { "type": "Point", "coordinates": [ -48.0006266, -21.951522 ] } },
{ "type": "Feature", "properties": { "CNPJ": "48672748000167", "IDCIDADE": "IBATÉ", "NOMEFANTASIA": "CENTRO_DAS_FRALDAS", "RAZAOSOCIAL": "CENTRO_DAS_FRALDAS_LTDA", "ENDEE": "RUA_PROFESSOR_LUIZ_AUGUSTO_DE_OLIVEIRA_99_CENTRO_14815-033_IBATÉ_BRASIL", "LATITUDE": "-21.9516229", "LONGITUDE": "-47.9986438", "LMAPS": "https://www.google.com/maps?q=&layer=c&cbll=-21.9516229,-47.9986438", "O_QUE_FAZER": "CARTEIRA", "ER_REGIAO_CIDADE_min": "Ibaté_Araraquara" }, "geometry": { "type": "Point", "coordinates": [ -47.9986438, -21.9516229 ] } },
{ "type": "Feature", "properties": { "CNPJ": "02604334000108", "IDCIDADE": "IBATÉ", "NOMEFANTASIA": "FUNERÁRIA_SANTA_TEREZINHA_DE_JESUS", "RAZAOSOCIAL": "ORGANIZACAO_DE_LUTO_FTJ_LTDA", "ENDEE": "AVENIDA_CONSELHEIRO_MOREIRA_DE_BARROS_286_JARDIM_MARIANA_14815-011_IBATÉ_BRASIL", "LATITUDE": "-21.9516921", "LONGITUDE": "-48.001627", "LMAPS": "https://www.google.com/maps?q=&layer=c&cbll=-21.9516921,-48.001627", "O_QUE_FAZER": "CARTEIRA", "ER_REGIAO_CIDADE_min": "Ibaté_Araraquara" }, "geometry": { "type": "Point", "coordinates": [ -48.001627, -21.9516921 ] } },
{ "type": "Feature", "properties": { "CNPJ": "19010052000177", "IDCIDADE": "IBATÉ", "NOMEFANTASIA": "DROGARIA_AVENIDA", "RAZAOSOCIAL": "FABIO_ROBERTO_DE_MONTI_&_CIA_LTDA", "ENDEE": "AVENIDA_SÃO_JOÃO_943_CENTRO_14815-017_IBATÉ_BRASIL", "LATITUDE": "-21.9520783", "LONGITUDE": "-47.9989886", "LMAPS": "https://www.google.com/maps?q=&layer=c&cbll=-21.9520783,-47.9989886", "O_QUE_FAZER": "CARTEIRA", "ER_REGIAO_CIDADE_min": "Ibaté_Araraquara" }, "geometry": { "type": "Point", "coordinates": [ -47.9989886, -21.9520783 ] } },
{ "type": "Feature", "properties": { "CNPJ": "35621384000144", "IDCIDADE": "IBATÉ", "NOMEFANTASIA": "AÇAÍ_DR_BOA", "RAZAOSOCIAL": "TCBR_ACAI_E_SORVETERIA_LTDA", "ENDEE": "AVENIDA_SÃO_JOÃO_949_CENTRO_14815-017_IBATÉ_BRASIL", "LATITUDE": "-21.9521085", "LONGITUDE": "-47.9988684", "LMAPS": "https://www.google.com/maps?q=&layer=c&cbll=-21.9521085,-47.9988684", "O_QUE_FAZER": "CARTEIRA", "ER_REGIAO_CIDADE_min": "Ibaté_Araraquara" }, "geometry": { "type": "Point", "coordinates": [ -47.9988684, -21.9521085 ] } },
{ "type": "Feature", "properties": { "CNPJ": "54640703000103", "IDCIDADE": "IBATÉ", "NOMEFANTASIA": "PADARIA_KALEPAN", "RAZAOSOCIAL": "PAMELA_CAROLINE_GOMES_LTDA", "ENDEE": "AVENIDA_SÃO_JOÃO_962_CENTRO_14815-017_IBATÉ_BRASIL", "LATITUDE": "-21.9524114", "LONGITUDE": "-47.9990692", "LMAPS": "https://www.google.com/maps?q=&layer=c&cbll=-21.9524114,-47.9990692", "O_QUE_FAZER": "CARTEIRA", "ER_REGIAO_CIDADE_min": "Ibaté_Araraquara" }, "geometry": { "type": "Point", "coordinates": [ -47.9990692, -21.9524114 ] } },
{ "type": "Feature", "properties": { "CNPJ": "47337454000116", "IDCIDADE": "IBATÉ", "NOMEFANTASIA": "CASA_DO_CHINELO", "RAZAOSOCIAL": "CARLOS_ANDRE_DONATONI", "ENDEE": "AVENIDA_SÃO_JOÃO_988_CENTRO_14815-017_IBATÉ_BRASIL", "LATITUDE": "-21.9525377", "LONGITUDE": "-47.9989594", "LMAPS": "https://www.google.com/maps?q=&layer=c&cbll=-21.9525377,-47.9989594", "O_QUE_FAZER": "CARTEIRA", "ER_REGIAO_CIDADE_min": "Ibaté_Araraquara" }, "geometry": { "type": "Point", "coordinates": [ -47.9989594, -21.9525377 ] } },
{ "type": "Feature", "properties": { "CNPJ": "12308875000134", "IDCIDADE": "IBATÉ", "NOMEFANTASIA": "NA_ELEGANCE", "RAZAOSOCIAL": "NAIR_DURVAL", "ENDEE": "AVENIDA_SÃO_JOÃO_1002_CENTRO_14815-017_IBATÉ_BRASIL", "LATITUDE": "-21.9527056", "LONGITUDE": "-47.9989059", "LMAPS": "https://www.google.com/maps?q=&layer=c&cbll=-21.9527056,-47.9989059", "O_QUE_FAZER": "CARTEIRA", "ER_REGIAO_CIDADE_min": "Ibaté_Araraquara" }, "geometry": { "type": "Point", "coordinates": [ -47.9989059, -21.9527056 ] } },
{ "type": "Feature", "properties": { "CNPJ": "11127017000120", "IDCIDADE": "IBATÉ", "NOMEFANTASIA": "KI_DELICIA_SORVETERIA", "RAZAOSOCIAL": "SANDRA_APARECIDA_BONAN", "ENDEE": "AVENIDA_SÃO_JOÃO_1012_CENTRO_14815-017_IBATÉ_BRASIL", "LATITUDE": "-21.9527452", "LONGITUDE": "-47.9988356", "LMAPS": "https://www.google.com/maps?q=&layer=c&cbll=-21.9527452,-47.9988356", "O_QUE_FAZER": "CARTEIRA", "ER_REGIAO_CIDADE_min": "Ibaté_Araraquara" }, "geometry": { "type": "Point", "coordinates": [ -47.9988356, -21.9527452 ] } },
{ "type": "Feature", "properties": { "CNPJ": "04829569000115", "IDCIDADE": "IBATÉ", "NOMEFANTASIA": "LECA_MODAS", "RAZAOSOCIAL": "ALEXSANDRA_MARIA_DOS_SANTOS_ANDRADE", "ENDEE": "AVENIDA_SÃO_JOÃO_1036_CENTRO_14815-017_IBATÉ_BRASIL", "LATITUDE": "-21.9529242", "LONGITUDE": "-47.9987223", "LMAPS": "https://www.google.com/maps?q=&layer=c&cbll=-21.9529242,-47.9987223", "O_QUE_FAZER": "CARTEIRA", "ER_REGIAO_CIDADE_min": "Ibaté_Araraquara" }, "geometry": { "type": "Point", "coordinates": [ -47.9987223, -21.9529242 ] } },
{ "type": "Feature", "properties": { "CNPJ": "36948079000124", "IDCIDADE": "IBATÉ", "NOMEFANTASIA": "MUITO_MAIS_VATIEDADES", "RAZAOSOCIAL": "R._M._DE_IBATE_COMERCIO_DE_UTILIDADES_LTDA", "ENDEE": "AVENIDA_SÃO_JOÃO_1051_CENTRO_14815-017_IBATÉ_BRASIL", "LATITUDE": "-21.9529934", "LONGITUDE": "-47.9986091", "LMAPS": "https://www.google.com/maps?q=&layer=c&cbll=-21.9529934,-47.9986091", "O_QUE_FAZER": "CARTEIRA", "ER_REGIAO_CIDADE_min": "Ibaté_Araraquara" }, "geometry": { "type": "Point", "coordinates": [ -47.9986091, -21.9529934 ] } },
{ "type": "Feature", "properties": { "CNPJ": "16422028000157", "IDCIDADE": "IBATÉ", "NOMEFANTASIA": "ÓTICAS_MADRI", "RAZAOSOCIAL": "NATANAEL_BERMUDES", "ENDEE": "AVENIDA_SÃO_JOÃO_1063_CENTRO_14815-017_IBATÉ_BRASIL", "LATITUDE": "-21.9530122", "LONGITUDE": "-47.9982942", "LMAPS": "https://www.google.com/maps?q=&layer=c&cbll=-21.9530122,-47.9982942", "O_QUE_FAZER": "CARTEIRA", "ER_REGIAO_CIDADE_min": "Ibaté_Araraquara" }, "geometry": { "type": "Point", "coordinates": [ -47.9982942, -21.9530122 ] } },
{ "type": "Feature", "properties": { "CNPJ": "04812727000124", "IDCIDADE": "IBATÉ", "NOMEFANTASIA": "PERFUMARIA_ACORDO_A_CORPO", "RAZAOSOCIAL": "SPILLA_COMERCIO_DE_COSMETICOS_LTDA", "ENDEE": "AVENIDA_SÃO_JOÃO_1059_CENTRO_14815-017_IBATÉ_BRASIL", "LATITUDE": "-21.9530187", "LONGITUDE": "-47.998426", "LMAPS": "https://www.google.com/maps?q=&layer=c&cbll=-21.9530187,-47.998426", "O_QUE_FAZER": "CARTEIRA", "ER_REGIAO_CIDADE_min": "Ibaté_Araraquara" }, "geometry": { "type": "Point", "coordinates": [ -47.998426, -21.9530187 ] } },
{ "type": "Feature", "properties": { "CNPJ": "11472650000156", "IDCIDADE": "IBATÉ", "NOMEFANTASIA": "CASA_DE_CARNES_E_MINI_MERCADO_MODELO", "RAZAOSOCIAL": "LIGIA_CORNETA", "ENDEE": "AVENIDA_SÃO_JOÃO_1060_CENTRO_14815-017_IBATÉ_BRASIL", "LATITUDE": "-21.9530916", "LONGITUDE": "-47.9986549", "LMAPS": "https://www.google.com/maps?q=&layer=c&cbll=-21.9530916,-47.9986549", "O_QUE_FAZER": "CARTEIRA", "ER_REGIAO_CIDADE_min": "Ibaté_Araraquara" }, "geometry": { "type": "Point", "coordinates": [ -47.9986549, -21.9530916 ] } },
{ "type": "Feature", "properties": { "CNPJ": "53201200000179", "IDCIDADE": "IBATÉ", "NOMEFANTASIA": "BARATO_WEAR", "RAZAOSOCIAL": "VF_COMERCIO_DE_VESTUARIO_LTDA", "ENDEE": "AVENIDA_SÃO_JOÃO_1103_CENTRO_14815-017_IBATÉ_BRASIL", "LATITUDE": "-21.9533205", "LONGITUDE": "-47.9982254", "LMAPS": "https://www.google.com/maps?q=&layer=c&cbll=-21.9533205,-47.9982254", "O_QUE_FAZER": "CARTEIRA", "ER_REGIAO_CIDADE_min": "Ibaté_Araraquara" }, "geometry": { "type": "Point", "coordinates": [ -47.9982254, -21.9533205 ] } },
{ "type": "Feature", "properties": { "CNPJ": "40007727000115", "IDCIDADE": "IBATÉ", "NOMEFANTASIA": "ODONTO_COMPANY", "RAZAOSOCIAL": "MARQUES_E_PIPOLI_ODONTOLOGIA_LTDA", "ENDEE": "AVENIDA_SÃO_JOÃO_1089_CENTRO_14815-017_IBATÉ_BRASIL", "LATITUDE": "-21.9533503", "LONGITUDE": "-47.998316", "LMAPS": "https://www.google.com/maps?q=&layer=c&cbll=-21.9533503,-47.998316", "O_QUE_FAZER": "CARTEIRA", "ER_REGIAO_CIDADE_min": "Ibaté_Araraquara" }, "geometry": { "type": "Point", "coordinates": [ -47.998316, -21.9533503 ] } },
{ "type": "Feature", "properties": { "CNPJ": "01709043000103", "IDCIDADE": "IBATÉ", "NOMEFANTASIA": "SELMA_AVIAMENTOS", "RAZAOSOCIAL": "CAMPANER_PARCIASEPE_LTDA", "ENDEE": "AVENIDA_SÃO_JOÃO_1163_CENTRO_14815-017_IBATÉ_BRASIL", "LATITUDE": "-21.953785", "LONGITUDE": "-47.9981275", "LMAPS": "https://www.google.com/maps?q=&layer=c&cbll=-21.953785,-47.9981275", "O_QUE_FAZER": "CARTEIRA", "ER_REGIAO_CIDADE_min": "Ibaté_Araraquara" }, "geometry": { "type": "Point", "coordinates": [ -47.9981275, -21.953785 ] } },
{ "type": "Feature", "properties": { "CNPJ": "01013731000134", "IDCIDADE": "IBATÉ", "NOMEFANTASIA": "LOJA_MARINA", "RAZAOSOCIAL": "MANOEL_ASSIS_DOS_SANTOS", "ENDEE": "RUA_DOUTOR_TEIXEIRA_DE_BARROS_41_CENTRO_14815-047_IBATÉ_BRASIL", "LATITUDE": "-21.9539609", "LONGITUDE": "-47.9964605", "LMAPS": "https://www.google.com/maps?q=&layer=c&cbll=-21.9539609,-47.9964605", "O_QUE_FAZER": "CARTEIRA", "ER_REGIAO_CIDADE_min": "Ibaté_Araraquara" }, "geometry": { "type": "Point", "coordinates": [ -47.9964605, -21.9539609 ] } },
{ "type": "Feature", "properties": { "CNPJ": "51474778000173", "IDCIDADE": "IBATÉ", "NOMEFANTASIA": "DEA_CASA", "RAZAOSOCIAL": "DEA_COLCHOES_E_ACESSORIOS_LTDA", "ENDEE": "AVENIDA_SÃO_JOÃO_1160_CENTRO_14815-017_IBATÉ_BRASIL", "LATITUDE": "-21.9540706", "LONGITUDE": "-47.99844", "LMAPS": "https://www.google.com/maps?q=&layer=c&cbll=-21.9540706,-47.99844", "O_QUE_FAZER": "CARTEIRA", "ER_REGIAO_CIDADE_min": "Ibaté_Araraquara" }, "geometry": { "type": "Point", "coordinates": [ -47.99844, -21.9540706 ] } },
{ "type": "Feature", "properties": { "CNPJ": "46588313000103", "IDCIDADE": "IBATÉ", "NOMEFANTASIA": "HELENA_PRESENTES", "RAZAOSOCIAL": "FUAN_ZHU_&_LI_LTDA", "ENDEE": "AVENIDA_SÃO_JOÃO_1188_CENTRO_14815-017_IBATÉ_BRASIL", "LATITUDE": "-21.9541782", "LONGITUDE": "-47.9981501", "LMAPS": "https://www.google.com/maps?q=&layer=c&cbll=-21.9541782,-47.9981501", "O_QUE_FAZER": "CARTEIRA", "ER_REGIAO_CIDADE_min": "Ibaté_Araraquara" }, "geometry": { "type": "Point", "coordinates": [ -47.9981501, -21.9541782 ] } },
{ "type": "Feature", "properties": { "CNPJ": "73050940000169", "IDCIDADE": "IBATÉ", "NOMEFANTASIA": "ATACADO_DA_CONSTRUÇÃO", "RAZAOSOCIAL": "SERGIO_AP_DE_SOUZA_MATERIAIS_PARA_CONSTRUCAO", "ENDEE": "RUA_JOANA_FRANCISCA_ATAIDE_25_JARDIM_ENC_DO_PLANALTO_14815-400_IBATÉ_BRASIL", "LATITUDE": "-21.9542944", "LONGITUDE": "-47.9918508", "LMAPS": "https://www.google.com/maps?q=&layer=c&cbll=-21.9542944,-47.9918508", "O_QUE_FAZER": "CARTEIRA", "ER_REGIAO_CIDADE_min": "Ibaté_Araraquara" }, "geometry": { "type": "Point", "coordinates": [ -47.9918508, -21.9542944 ] } },
{ "type": "Feature", "properties": { "CNPJ": "43854619000176", "IDCIDADE": "IBATÉ", "NOMEFANTASIA": "MERCADAO_DOS_ÓCULOS", "RAZAOSOCIAL": "ROGERIO_FERNANDES_MONTEIRO_&_CIA_LTDA", "ENDEE": "AVENIDA_SÃO_JOÃO_1194_CENTRO_14815-017_IBATÉ_BRASIL", "LATITUDE": "-21.9543121", "LONGITUDE": "-47.9980836", "LMAPS": "https://www.google.com/maps?q=&layer=c&cbll=-21.9543121,-47.9980836", "O_QUE_FAZER": "CARTEIRA", "ER_REGIAO_CIDADE_min": "Ibaté_Araraquara" }, "geometry": { "type": "Point", "coordinates": [ -47.9980836, -21.9543121 ] } },
{ "type": "Feature", "properties": { "CNPJ": "01583339000120", "IDCIDADE": "IBATÉ", "NOMEFANTASIA": "PAPELARIA_IBATÉ", "RAZAOSOCIAL": "PAPELARIA_IBATE_LTDA", "ENDEE": "AVENIDA_SÃO_JOÃO_1222_CENTRO_14815-017_IBATÉ_BRASIL", "LATITUDE": "-21.9544648", "LONGITUDE": "-47.998046", "LMAPS": "https://www.google.com/maps?q=&layer=c&cbll=-21.9544648,-47.998046", "O_QUE_FAZER": "CARTEIRA", "ER_REGIAO_CIDADE_min": "Ibaté_Araraquara" }, "geometry": { "type": "Point", "coordinates": [ -47.998046, -21.9544648 ] } },
{ "type": "Feature", "properties": { "CNPJ": "03173775000157", "IDCIDADE": "IBATÉ", "NOMEFANTASIA": "CACAU_SHOW", "RAZAOSOCIAL": "ERICA_EGIDIO_CASTRO_BAPTISTELLA.", "ENDEE": "RUA_DOUTOR_TEIXEIRA_DE_BARROS_218_CENTRO_14815-047_IBATÉ_BRASIL", "LATITUDE": "-21.9545916", "LONGITUDE": "-47.9981646", "LMAPS": "https://www.google.com/maps?q=&layer=c&cbll=-21.9545916,-47.9981646", "O_QUE_FAZER": "CARTEIRA", "ER_REGIAO_CIDADE_min": "Ibaté_Araraquara" }, "geometry": { "type": "Point", "coordinates": [ -47.9981646, -21.9545916 ] } },
{ "type": "Feature", "properties": { "CNPJ": "00235107000119", "IDCIDADE": "IBATÉ", "NOMEFANTASIA": "BOTICÁRIO", "RAZAOSOCIAL": "MAIREN_FERNANDES_SOARES", "ENDEE": "AVENIDA_SÃO_JOÃO_1246_CENTRO_14815-017_IBATÉ_BRASIL", "LATITUDE": "-21.9545936", "LONGITUDE": "-47.9979771", "LMAPS": "https://www.google.com/maps?q=&layer=c&cbll=-21.9545936,-47.9979771", "O_QUE_FAZER": "CARTEIRA", "ER_REGIAO_CIDADE_min": "Ibaté_Araraquara" }, "geometry": { "type": "Point", "coordinates": [ -47.9979771, -21.9545936 ] } },
{ "type": "Feature", "properties": { "CNPJ": "51283807000110", "IDCIDADE": "IBATÉ", "NOMEFANTASIA": "R3STS7RANTE_VENEZA", "RAZAOSOCIAL": "ISABELA_CINTRA_DE_OLIVEIRA_RIGOLAO", "ENDEE": "RUA_DOUTOR_TEIXEIRA_DE_BARROS_222_CENTRO_14815-047_IBATÉ_BRASIL", "LATITUDE": "-21.9546374", "LONGITUDE": "-47.998164", "LMAPS": "https://www.google.com/maps?q=&layer=c&cbll=-21.9546374,-47.998164", "O_QUE_FAZER": "CARTEIRA", "ER_REGIAO_CIDADE_min": "Ibaté_Araraquara" }, "geometry": { "type": "Point", "coordinates": [ -47.998164, -21.9546374 ] } },
{ "type": "Feature", "properties": { "CNPJ": "11189676000191", "IDCIDADE": "IBATÉ", "NOMEFANTASIA": "FLORICULTURA_SANTA_LUZIA", "RAZAOSOCIAL": "REGINA_APARECIDA_CARLINO_ESPOSITO", "ENDEE": "RUA_DOUTOR_TEIXEIRA_DE_BARROS_252_CENTRO_14815-047_IBATÉ_BRASIL", "LATITUDE": "-21.9546454", "LONGITUDE": "-47.9984628", "LMAPS": "https://www.google.com/maps?q=&layer=c&cbll=-21.9546454,-47.9984628", "O_QUE_FAZER": "CARTEIRA", "ER_REGIAO_CIDADE_min": "Ibaté_Araraquara" }, "geometry": { "type": "Point", "coordinates": [ -47.9984628, -21.9546454 ] } },
{ "type": "Feature", "properties": { "CNPJ": "26399912000171", "IDCIDADE": "IBATÉ", "NOMEFANTASIA": "INSTALTEC", "RAZAOSOCIAL": "INSTALTEC_COMERCIO_DE_MATERIAIS_E_INSTALACOES_LTDA", "ENDEE": "RUA_VISCONDE_DE_PELOTAS_136_SANTA_TEREZINHA_14815-053_IBATÉ_BRASIL", "LATITUDE": "-21.9546697", "LONGITUDE": "-47.9939299", "LMAPS": "https://www.google.com/maps?q=&layer=c&cbll=-21.9546697,-47.9939299", "O_QUE_FAZER": "CARTEIRA", "ER_REGIAO_CIDADE_min": "Ibaté_Araraquara" }, "geometry": { "type": "Point", "coordinates": [ -47.9939299, -21.9546697 ] } },
{ "type": "Feature", "properties": { "CNPJ": "07331173000131", "IDCIDADE": "IBATÉ", "NOMEFANTASIA": "COPAG", "RAZAOSOCIAL": "COPAG_MATERIAL_DE_CONSTRUCAO_LTDA", "ENDEE": "RUA_DOUTOR_TEIXEIRA_DE_BARROS_223_CENTRO_14815-047_IBATÉ_BRASIL", "LATITUDE": "-21.954702", "LONGITUDE": "-47.9981404", "LMAPS": "https://www.google.com/maps?q=&layer=c&cbll=-21.954702,-47.9981404", "O_QUE_FAZER": "CARTEIRA", "ER_REGIAO_CIDADE_min": "Ibaté_Araraquara" }, "geometry": { "type": "Point", "coordinates": [ -47.9981404, -21.954702 ] } },
{ "type": "Feature", "properties": { "CNPJ": "50619427000140", "IDCIDADE": "IBATÉ", "NOMEFANTASIA": "MIX_SUSHI", "RAZAOSOCIAL": "VAEMISSON_DO_ESPIRITO_SANTO_SILVA", "ENDEE": "RUA_PAULINO_CARLOS_895_CENTRO_14815-029_IBATÉ_BRASIL", "LATITUDE": "-21.9547225", "LONGITUDE": "-47.9965599", "LMAPS": "https://www.google.com/maps?q=&layer=c&cbll=-21.9547225,-47.9965599", "O_QUE_FAZER": "CARTEIRA", "ER_REGIAO_CIDADE_min": "Ibaté_Araraquara" }, "geometry": { "type": "Point", "coordinates": [ -47.9965599, -21.9547225 ] } },
{ "type": "Feature", "properties": { "CNPJ": "12434096000185", "IDCIDADE": "IBATÉ", "NOMEFANTASIA": "TÔ_ALAGADA_199", "RAZAOSOCIAL": "NATALI_RICHELI_ZIAGO_VARIEDADES", "ENDEE": "RUA_DOUTOR_TEIXEIRA_DE_BARROS_243_CENTRO_14815-047_IBATÉ_BRASIL", "LATITUDE": "-21.9547346", "LONGITUDE": "-47.9982634", "LMAPS": "https://www.google.com/maps?q=&layer=c&cbll=-21.9547346,-47.9982634", "O_QUE_FAZER": "CARTEIRA", "ER_REGIAO_CIDADE_min": "Ibaté_Araraquara" }, "geometry": { "type": "Point", "coordinates": [ -47.9982634, -21.9547346 ] } },
{ "type": "Feature", "properties": { "CNPJ": "39689945000106", "IDCIDADE": "IBATÉ", "NOMEFANTASIA": "TABACARIA_BERTACINE", "RAZAOSOCIAL": "CORUJAO_COMERCIO_DE_BEBIDAS_E_TABACARIA_LTDA", "ENDEE": "RUA_SANTA_IRIA_272_CENTRO_14815-051_IBATÉ_BRASIL", "LATITUDE": "-21.9547636", "LONGITUDE": "-47.9962861", "LMAPS": "https://www.google.com/maps?q=&layer=c&cbll=-21.9547636,-47.9962861", "O_QUE_FAZER": "CARTEIRA", "ER_REGIAO_CIDADE_min": "Ibaté_Araraquara" }, "geometry": { "type": "Point", "coordinates": [ -47.9962861, -21.9547636 ] } },
{ "type": "Feature", "properties": { "CNPJ": "07566543000110", "IDCIDADE": "IBATÉ", "NOMEFANTASIA": "EW_CENTRO_AUTOMOTIVO", "RAZAOSOCIAL": "E.W._CENTRO_AUTOMOTIVO_LTDA", "ENDEE": "RUA_SANTA_IRIA_241_CENTRO_14815-051_IBATÉ_BRASIL", "LATITUDE": "-21.9548236", "LONGITUDE": "-47.9959838", "LMAPS": "https://www.google.com/maps?q=&layer=c&cbll=-21.9548236,-47.9959838", "O_QUE_FAZER": "CARTEIRA", "ER_REGIAO_CIDADE_min": "Ibaté_Araraquara" }, "geometry": { "type": "Point", "coordinates": [ -47.9959838, -21.9548236 ] } },
{ "type": "Feature", "properties": { "CNPJ": "41917210000126", "IDCIDADE": "IBATÉ", "NOMEFANTASIA": "ORAL_SIN", "RAZAOSOCIAL": "CMP_SORRISO_ODONTOLOGIA_LTDA", "ENDEE": "RUA_PAULINO_CARLOS_907_CENTRO_14815-029_IBATÉ_BRASIL", "LATITUDE": "-21.9548601", "LONGITUDE": "-47.9964762", "LMAPS": "https://www.google.com/maps?q=&layer=c&cbll=-21.9548601,-47.9964762", "O_QUE_FAZER": "CARTEIRA", "ER_REGIAO_CIDADE_min": "Ibaté_Araraquara" }, "geometry": { "type": "Point", "coordinates": [ -47.9964762, -21.9548601 ] } },
{ "type": "Feature", "properties": { "CNPJ": "50028232000126", "IDCIDADE": "IBATÉ", "NOMEFANTASIA": "DROGARIA_TOTAL", "RAZAOSOCIAL": "LIGEIRO_FARMA_DROGARIA_LTDA", "ENDEE": "AVENIDA_SÃO_JOÃO_1266_CENTRO_14815-017_IBATÉ_BRASIL", "LATITUDE": "-21.954869", "LONGITUDE": "-47.9978216", "LMAPS": "https://www.google.com/maps?q=&layer=c&cbll=-21.954869,-47.9978216", "O_QUE_FAZER": "CARTEIRA", "ER_REGIAO_CIDADE_min": "Ibaté_Araraquara" }, "geometry": { "type": "Point", "coordinates": [ -47.9978216, -21.954869 ] } },
{ "type": "Feature", "properties": { "CNPJ": "62044003000184", "IDCIDADE": "IBATÉ", "NOMEFANTASIA": "PAPELARIA_CENTRAL", "RAZAOSOCIAL": "ZOTESSO_LOURENCO_LTDA", "ENDEE": "AVENIDA_SÃO_JOÃO_1260_CENTRO_14815-017_IBATÉ_BRASIL", "LATITUDE": "-21.9548916", "LONGITUDE": "-47.9980048", "LMAPS": "https://www.google.com/maps?q=&layer=c&cbll=-21.9548916,-47.9980048", "O_QUE_FAZER": "CARTEIRA", "ER_REGIAO_CIDADE_min": "Ibaté_Araraquara" }, "geometry": { "type": "Point", "coordinates": [ -47.9980048, -21.9548916 ] } },
{ "type": "Feature", "properties": { "CNPJ": "04142818000108", "IDCIDADE": "IBATÉ", "NOMEFANTASIA": "CASA_BIANCO", "RAZAOSOCIAL": "RENATO_BIANCO", "ENDEE": "AVENIDA_SÃO_JOÃO_1272_CENTRO_14815-017_IBATÉ_BRASIL", "LATITUDE": "-21.9549133", "LONGITUDE": "-47.99791", "LMAPS": "https://www.google.com/maps?q=&layer=c&cbll=-21.9549133,-47.99791", "O_QUE_FAZER": "CARTEIRA", "ER_REGIAO_CIDADE_min": "Ibaté_Araraquara" }, "geometry": { "type": "Point", "coordinates": [ -47.99791, -21.9549133 ] } },
{ "type": "Feature", "properties": { "CNPJ": "42639798000166", "IDCIDADE": "IBATÉ", "NOMEFANTASIA": "PET_CENTER", "RAZAOSOCIAL": "ANA_FLAVIA_DE_SOUZA", "ENDEE": "RUA_SANTA_IRIA_428_CENTRO_14815-051_IBATÉ_BRASIL", "LATITUDE": "-21.9551287", "LONGITUDE": "-47.9977719", "LMAPS": "https://www.google.com/maps?q=&layer=c&cbll=-21.9551287,-47.9977719", "O_QUE_FAZER": "CARTEIRA", "ER_REGIAO_CIDADE_min": "Ibaté_Araraquara" }, "geometry": { "type": "Point", "coordinates": [ -47.9977719, -21.9551287 ] } },
{ "type": "Feature", "properties": { "CNPJ": "74551169000176", "IDCIDADE": "IBATÉ", "NOMEFANTASIA": "SILMAR", "RAZAOSOCIAL": "SILMAR_MATERIAIS_PARA_CONSTRUCOES_LTDA", "ENDEE": "AVENIDA_SÃO_JOÃO_1298_CENTRO_14815-017_IBATÉ_BRASIL", "LATITUDE": "-21.9552605", "LONGITUDE": "-47.9978927", "LMAPS": "https://www.google.com/maps?q=&layer=c&cbll=-21.9552605,-47.9978927", "O_QUE_FAZER": "CARTEIRA", "ER_REGIAO_CIDADE_min": "Ibaté_Araraquara" }, "geometry": { "type": "Point", "coordinates": [ -47.9978927, -21.9552605 ] } },
{ "type": "Feature", "properties": { "CNPJ": "02535465000172", "IDCIDADE": "IBATÉ", "NOMEFANTASIA": "ÓTICA_DAVINI", "RAZAOSOCIAL": "JOSE_RODRIGO_NICOLETTI", "ENDEE": "RUA_SANTA_IRIA_445_CENTRO_14815-051_IBATÉ_BRASIL", "LATITUDE": "-21.9552732", "LONGITUDE": "-47.9976119", "LMAPS": "https://www.google.com/maps?q=&layer=c&cbll=-21.9552732,-47.9976119", "O_QUE_FAZER": "CARTEIRA", "ER_REGIAO_CIDADE_min": "Ibaté_Araraquara" }, "geometry": { "type": "Point", "coordinates": [ -47.9976119, -21.9552732 ] } },
{ "type": "Feature", "properties": { "CNPJ": "19295841000100", "IDCIDADE": "IBATÉ", "NOMEFANTASIA": "LOJA_REAL", "RAZAOSOCIAL": "ISABEL_CRISTINA_FRIZONI_CAMINOTTO", "ENDEE": "RUA_VISCONDE_DE_PELOTAS_243_CENTRO_14815-000_IBATÉ_BRASIL", "LATITUDE": "-21.9553231", "LONGITUDE": "-47.9946431", "LMAPS": "https://www.google.com/maps?q=&layer=c&cbll=-21.9553231,-47.9946431", "O_QUE_FAZER": "CARTEIRA", "ER_REGIAO_CIDADE_min": "Ibaté_Araraquara" }, "geometry": { "type": "Point", "coordinates": [ -47.9946431, -21.9553231 ] } },
{ "type": "Feature", "properties": { "CNPJ": "05477771000198", "IDCIDADE": "IBATÉ", "NOMEFANTASIA": "CFC_OPÇAO", "RAZAOSOCIAL": "OPCAO_-_CENTRO_DE_FORMACAO_DE_CONDUTORES_S/S_LTDA", "ENDEE": "RUA_VISCONDE_DE_PELOTAS_302_CENTRO_14815-053_IBATÉ_BRASIL", "LATITUDE": "-21.955347", "LONGITUDE": "-47.9953554", "LMAPS": "https://www.google.com/maps?q=&layer=c&cbll=-21.955347,-47.9953554", "O_QUE_FAZER": "CARTEIRA", "ER_REGIAO_CIDADE_min": "Ibaté_Araraquara" }, "geometry": { "type": "Point", "coordinates": [ -47.9953554, -21.955347 ] } },
{ "type": "Feature", "properties": { "CNPJ": "27438843000120", "IDCIDADE": "IBATÉ", "NOMEFANTASIA": "AGRO_VERDE_HORTI_FRUTTI", "RAZAOSOCIAL": "AGRO_VERDE_HORTIFRUTI_LTDA", "ENDEE": "RUA_VISCONDE_DE_PELOTAS_265_CENTRO_14815-053_IBATÉ_BRASIL", "LATITUDE": "-21.9554107", "LONGITUDE": "-47.9949817", "LMAPS": "https://www.google.com/maps?q=&layer=c&cbll=-21.9554107,-47.9949817", "O_QUE_FAZER": "CARTEIRA", "ER_REGIAO_CIDADE_min": "Ibaté_Araraquara" }, "geometry": { "type": "Point", "coordinates": [ -47.9949817, -21.9554107 ] } },
{ "type": "Feature", "properties": { "CNPJ": "10930591000150", "IDCIDADE": "IBATÉ", "NOMEFANTASIA": "FORTALEZA_PISOS_E_REVESTIMENTOS", "RAZAOSOCIAL": "CAROLINA_EDWIGES_RAMOS_DA_SILVA", "ENDEE": "RUA_FLORIANO_PEIXOTO_170_CENTRO_14815-057_IBATÉ_BRASIL", "LATITUDE": "-21.9554436", "LONGITUDE": "-47.9935115", "LMAPS": "https://www.google.com/maps?q=&layer=c&cbll=-21.9554436,-47.9935115", "O_QUE_FAZER": "CARTEIRA", "ER_REGIAO_CIDADE_min": "Ibaté_Araraquara" }, "geometry": { "type": "Point", "coordinates": [ -47.9935115, -21.9554436 ] } },
{ "type": "Feature", "properties": { "CNPJ": "09138175000134", "IDCIDADE": "IBATÉ", "NOMEFANTASIA": "AGRO_PESCA", "RAZAOSOCIAL": "TREVISAN_&_PERIANI_AGROPECUARIA_LTDA", "ENDEE": "RUA_FLORIANO_PEIXOTO_146_CENTRO_14815-057_IBATÉ_BRASIL", "LATITUDE": "-21.9554491", "LONGITUDE": "-47.9931291", "LMAPS": "https://www.google.com/maps?q=&layer=c&cbll=-21.9554491,-47.9931291", "O_QUE_FAZER": "CARTEIRA", "ER_REGIAO_CIDADE_min": "Ibaté_Araraquara" }, "geometry": { "type": "Point", "coordinates": [ -47.9931291, -21.9554491 ] } },
{ "type": "Feature", "properties": { "CNPJ": "08656414000185", "IDCIDADE": "IBATÉ", "NOMEFANTASIA": "PERFUMARIA_E_COSMÉTICOS_MATUBARO", "RAZAOSOCIAL": "JOAQUIM_ROBERTO_RODRIGUES", "ENDEE": "RUA_VISCONDE_DE_PELOTAS_332_CENTRO_14815-053_IBATÉ_BRASIL", "LATITUDE": "-21.9554626", "LONGITUDE": "-47.99567", "LMAPS": "https://www.google.com/maps?q=&layer=c&cbll=-21.9554626,-47.99567", "O_QUE_FAZER": "CARTEIRA", "ER_REGIAO_CIDADE_min": "Ibaté_Araraquara" }, "geometry": { "type": "Point", "coordinates": [ -47.99567, -21.9554626 ] } },
{ "type": "Feature", "properties": { "CNPJ": "05792515000195", "IDCIDADE": "IBATÉ", "NOMEFANTASIA": "MARQUINHOS_AUTO_PEÇAS", "RAZAOSOCIAL": "MARCOS_ROBERTO_DO_NASCIMENTO_AUTOPECAS", "ENDEE": "RUA_FLORIANO_PEIXOTO_148_CENTRO_14815-057_IBATÉ_BRASIL", "LATITUDE": "-21.9555083", "LONGITUDE": "-47.99326", "LMAPS": "https://www.google.com/maps?q=&layer=c&cbll=-21.9555083,-47.99326", "O_QUE_FAZER": "CARTEIRA", "ER_REGIAO_CIDADE_min": "Ibaté_Araraquara" }, "geometry": { "type": "Point", "coordinates": [ -47.99326, -21.9555083 ] } },
{ "type": "Feature", "properties": { "CNPJ": "35624929000176", "IDCIDADE": "IBATÉ", "NOMEFANTASIA": "CENTRAL_MED", "RAZAOSOCIAL": "ADRIANA_DA_SILVA_TASSIN", "ENDEE": "RUA_SANTA_IRIA_488_CENTRO_14815-051_IBATÉ_BRASIL", "LATITUDE": "-21.9556117", "LONGITUDE": "-47.998155", "LMAPS": "https://www.google.com/maps?q=&layer=c&cbll=-21.9556117,-47.998155", "O_QUE_FAZER": "CARTEIRA", "ER_REGIAO_CIDADE_min": "Ibaté_Araraquara" }, "geometry": { "type": "Point", "coordinates": [ -47.998155, -21.9556117 ] } },
{ "type": "Feature", "properties": { "CNPJ": "28741865000128", "IDCIDADE": "IBATÉ", "NOMEFANTASIA": "ÓTICAS_CAROL", "RAZAOSOCIAL": "CESTARO_E_AMARAL_LTDA", "ENDEE": "RUA_SANTA_IRIA_490_CENTRO_14815-051_IBATÉ_BRASIL", "LATITUDE": "-21.9556205", "LONGITUDE": "-47.9982029", "LMAPS": "https://www.google.com/maps?q=&layer=c&cbll=-21.9556205,-47.9982029", "O_QUE_FAZER": "CARTEIRA", "ER_REGIAO_CIDADE_min": "Ibaté_Araraquara" }, "geometry": { "type": "Point", "coordinates": [ -47.9982029, -21.9556205 ] } },
{ "type": "Feature", "properties": { "CNPJ": "40763709000163", "IDCIDADE": "IBATÉ", "NOMEFANTASIA": "DELICIA_E_CIA", "RAZAOSOCIAL": "DELICIA_&_CIA_LANCHONETE_LTDA", "ENDEE": "RUA_VISCONDE_DE_PELOTAS_347_CENTRO_14815-053_IBATÉ_BRASIL", "LATITUDE": "-21.9556487", "LONGITUDE": "-47.9956797", "LMAPS": "https://www.google.com/maps?q=&layer=c&cbll=-21.9556487,-47.9956797", "O_QUE_FAZER": "CARTEIRA", "ER_REGIAO_CIDADE_min": "Ibaté_Araraquara" }, "geometry": { "type": "Point", "coordinates": [ -47.9956797, -21.9556487 ] } },
{ "type": "Feature", "properties": { "CNPJ": "11852402000130", "IDCIDADE": "IBATÉ", "NOMEFANTASIA": "A_POPULAR_MUITI_COISAS", "RAZAOSOCIAL": "CINTIA_CRISTINA_DIAS_GARCIA", "ENDEE": "RUA_BAHIA_31_CJ_HAB_CDRO_N_MORGANTI_14815-472_IBATÉ_BRASIL", "LATITUDE": "-21.9556754", "LONGITUDE": "-47.988892", "LMAPS": "https://www.google.com/maps?q=&layer=c&cbll=-21.9556754,-47.988892", "O_QUE_FAZER": "CARTEIRA", "ER_REGIAO_CIDADE_min": "Ibaté_Araraquara" }, "geometry": { "type": "Point", "coordinates": [ -47.988892, -21.9556754 ] } },
{ "type": "Feature", "properties": { "CNPJ": "57835977000146", "IDCIDADE": "IBATÉ", "NOMEFANTASIA": "HOTEL_VENEZA", "RAZAOSOCIAL": "MARISA_APARECIDA_TERSIGNI_VIRGILIO", "ENDEE": "RUA_ANTÔNIO_DE_VAL_34_JARDIM_MARIANA_14817-050_IBATÉ_BRASIL", "LATITUDE": "-21.9557178", "LONGITUDE": "-48.0020004", "LMAPS": "https://www.google.com/maps?q=&layer=c&cbll=-21.9557178,-48.0020004", "O_QUE_FAZER": "CARTEIRA", "ER_REGIAO_CIDADE_min": "Ibaté_Araraquara" }, "geometry": { "type": "Point", "coordinates": [ -48.0020004, -21.9557178 ] } },
{ "type": "Feature", "properties": { "CNPJ": "27082831000106", "IDCIDADE": "IBATÉ", "NOMEFANTASIA": "BEM_ESTAR", "RAZAOSOCIAL": "VAZ_MEIRA_COMERCIO_DE_CEREAIS_LTDA", "ENDEE": "RUA_VISCONDE_DE_PELOTAS_361_SANTA_TEREZINHA_14815-053_IBATÉ_BRASIL", "LATITUDE": "-21.9558244", "LONGITUDE": "-47.99588", "LMAPS": "https://www.google.com/maps?q=&layer=c&cbll=-21.9558244,-47.99588", "O_QUE_FAZER": "CARTEIRA", "ER_REGIAO_CIDADE_min": "Ibaté_Araraquara" }, "geometry": { "type": "Point", "coordinates": [ -47.99588, -21.9558244 ] } },
{ "type": "Feature", "properties": { "CNPJ": "23090078000140", "IDCIDADE": "IBATÉ", "NOMEFANTASIA": "THAYAME_CALCADOS", "RAZAOSOCIAL": "VALDAIR_DE_LIMA_CALCADOS", "ENDEE": "RUA_FLORIANO_PEIXOTO_243_SÃO_BENEDITO_14815-057_IBATÉ_BRASIL", "LATITUDE": "-21.9559455", "LONGITUDE": "-47.9940455", "LMAPS": "https://www.google.com/maps?q=&layer=c&cbll=-21.9559455,-47.9940455", "O_QUE_FAZER": "CARTEIRA", "ER_REGIAO_CIDADE_min": "Ibaté_Araraquara" }, "geometry": { "type": "Point", "coordinates": [ -47.9940455, -21.9559455 ] } },
{ "type": "Feature", "properties": { "CNPJ": "20359788000134", "IDCIDADE": "IBATÉ", "NOMEFANTASIA": "CONECT_PLAY", "RAZAOSOCIAL": "PAULO_MATHEUS_LIMA_DA_COSTA", "ENDEE": "RUA_FLORIANO_PEIXOTO_274_SÃO_BENEDITO_14815-057_IBATÉ_BRASIL", "LATITUDE": "-21.9559469", "LONGITUDE": "-47.9942443", "LMAPS": "https://www.google.com/maps?q=&layer=c&cbll=-21.9559469,-47.9942443", "O_QUE_FAZER": "CARTEIRA", "ER_REGIAO_CIDADE_min": "Ibaté_Araraquara" }, "geometry": { "type": "Point", "coordinates": [ -47.9942443, -21.9559469 ] } },
{ "type": "Feature", "properties": { "CNPJ": "11589724000139", "IDCIDADE": "IBATÉ", "NOMEFANTASIA": "DROGA_VITHA", "RAZAOSOCIAL": "DROGA_VITHA_MEDICAMENTOS_E_PERFUMARIA_LTDA", "ENDEE": "RUA_DOMINGOS_CARDOSO_440_SÃO_BENEDITO_14815-045_IBATÉ_BRASIL", "LATITUDE": "-21.9559712", "LONGITUDE": "-47.9939889", "LMAPS": "https://www.google.com/maps?q=&layer=c&cbll=-21.9559712,-47.9939889", "O_QUE_FAZER": "CARTEIRA", "ER_REGIAO_CIDADE_min": "Ibaté_Araraquara" }, "geometry": { "type": "Point", "coordinates": [ -47.9939889, -21.9559712 ] } },
{ "type": "Feature", "properties": { "CNPJ": "05065191000193", "IDCIDADE": "IBATÉ", "NOMEFANTASIA": "ESCOLA_CDI", "RAZAOSOCIAL": "JOSE_SILVIO_RECALDE_&_CIA._LTDA", "ENDEE": "RUA_CONSELHEIRO_MOREIRA_DE_BARROS_800_CENTRO_14815-011_IBATÉ_BRASIL", "LATITUDE": "-21.9561081", "LONGITUDE": "-47.9993412", "LMAPS": "https://www.google.com/maps?q=&layer=c&cbll=-21.9561081,-47.9993412", "O_QUE_FAZER": "CARTEIRA", "ER_REGIAO_CIDADE_min": "Ibaté_Araraquara" }, "geometry": { "type": "Point", "coordinates": [ -47.9993412, -21.9561081 ] } },
{ "type": "Feature", "properties": { "CNPJ": "45848138000183", "IDCIDADE": "IBATÉ", "NOMEFANTASIA": "LUPO", "RAZAOSOCIAL": "BELLA_ARTIGOS_ESPORTIVOS_LTDA", "ENDEE": "AVENIDA_SÃO_JOÃO_1470_CENTRO_14815-017_IBATÉ_BRASIL", "LATITUDE": "-21.9563902", "LONGITUDE": "-47.997041", "LMAPS": "https://www.google.com/maps?q=&layer=c&cbll=-21.9563902,-47.997041", "O_QUE_FAZER": "CARTEIRA", "ER_REGIAO_CIDADE_min": "Ibaté_Araraquara" }, "geometry": { "type": "Point", "coordinates": [ -47.997041, -21.9563902 ] } },
{ "type": "Feature", "properties": { "CNPJ": "04181406000179", "IDCIDADE": "IBATÉ", "NOMEFANTASIA": "COFIX", "RAZAOSOCIAL": "M._C._REGOLAO_TONIOLLI_LTDA", "ENDEE": "RUA_SANTA_IRIA_688_CENTRO_14815-051_IBATÉ_BRASIL", "LATITUDE": "-21.956401", "LONGITUDE": "-47.9999602", "LMAPS": "https://www.google.com/maps?q=&layer=c&cbll=-21.956401,-47.9999602", "O_QUE_FAZER": "CARTEIRA", "ER_REGIAO_CIDADE_min": "Ibaté_Araraquara" }, "geometry": { "type": "Point", "coordinates": [ -47.9999602, -21.956401 ] } },
{ "type": "Feature", "properties": { "CNPJ": "02295164000119", "IDCIDADE": "IBATÉ", "NOMEFANTASIA": "CFC_IBATÉ", "RAZAOSOCIAL": "AUTO_ESCOLA_IBATE_LTDA.", "ENDEE": "RUA_PAULINO_CARLOS_1102_CENTRO_14815-029_IBATÉ_BRASIL", "LATITUDE": "-21.9565461", "LONGITUDE": "-47.9957798", "LMAPS": "https://www.google.com/maps?q=&layer=c&cbll=-21.9565461,-47.9957798", "O_QUE_FAZER": "CARTEIRA", "ER_REGIAO_CIDADE_min": "Ibaté_Araraquara" }, "geometry": { "type": "Point", "coordinates": [ -47.9957798, -21.9565461 ] } },
{ "type": "Feature", "properties": { "CNPJ": "49161532000108", "IDCIDADE": "IBATÉ", "NOMEFANTASIA": "DROGARIA_PLANALTO", "RAZAOSOCIAL": "CAVICHIOLI_E_CAVICHIOLI_LTDA", "ENDEE": "RUA_VISCONDE_DE_PELOTAS_591_SANTA_TEREZINHA_14815-053_IBATÉ_BRASIL", "LATITUDE": "-21.9566323", "LONGITUDE": "-47.9978409", "LMAPS": "https://www.google.com/maps?q=&layer=c&cbll=-21.9566323,-47.9978409", "O_QUE_FAZER": "CARTEIRA", "ER_REGIAO_CIDADE_min": "Ibaté_Araraquara" }, "geometry": { "type": "Point", "coordinates": [ -47.9978409, -21.9566323 ] } },
{ "type": "Feature", "properties": { "CNPJ": "11480817000120", "IDCIDADE": "IBATÉ", "NOMEFANTASIA": "IBATÉ_TURISMO", "RAZAOSOCIAL": "IBATE_TURISMO_LTDA", "ENDEE": "RUA_FLORIANO_PEIXOTO_446_CENTRO_14815-057_IBATÉ_BRASIL", "LATITUDE": "-21.9566943", "LONGITUDE": "-47.9960567", "LMAPS": "https://www.google.com/maps?q=&layer=c&cbll=-21.9566943,-47.9960567", "O_QUE_FAZER": "CARTEIRA", "ER_REGIAO_CIDADE_min": "Ibaté_Araraquara" }, "geometry": { "type": "Point", "coordinates": [ -47.9960567, -21.9566943 ] } },
{ "type": "Feature", "properties": { "CNPJ": "05475456000121", "IDCIDADE": "IBATÉ", "NOMEFANTASIA": "SERRALHERIA_SANTA_TEREZINHA", "RAZAOSOCIAL": "ANESIO_AMERICO_ALVES", "ENDEE": "RUA_JOÃO_ROSSITO_767_VILA_SANTA_TEREZINHA_14815-003_IBATÉ_BRASIL", "LATITUDE": "-21.9568101", "LONGITUDE": "-48.00172", "LMAPS": "https://www.google.com/maps?q=&layer=c&cbll=-21.9568101,-48.00172", "O_QUE_FAZER": "CARTEIRA", "ER_REGIAO_CIDADE_min": "Ibaté_Araraquara" }, "geometry": { "type": "Point", "coordinates": [ -48.00172, -21.9568101 ] } },
{ "type": "Feature", "properties": { "CNPJ": "42457972000150", "IDCIDADE": "IBATÉ", "NOMEFANTASIA": "ELLI_PISOS_E_ACABAMENTOS", "RAZAOSOCIAL": "ALINE_MARIA_GOMES_MATERIAIS_PARA_CONSTRUCAO", "ENDEE": "RUA_VISCONDE_DE_PELOTAS_716_CENTRO_14815-053_IBATÉ_BRASIL", "LATITUDE": "-21.9568519", "LONGITUDE": "-47.9990329", "LMAPS": "https://www.google.com/maps?q=&layer=c&cbll=-21.9568519,-47.9990329", "O_QUE_FAZER": "CARTEIRA", "ER_REGIAO_CIDADE_min": "Ibaté_Araraquara" }, "geometry": { "type": "Point", "coordinates": [ -47.9990329, -21.9568519 ] } },
{ "type": "Feature", "properties": { "CNPJ": "02018104000159", "IDCIDADE": "IBATÉ", "NOMEFANTASIA": "DROGARIA_GOMES", "RAZAOSOCIAL": "ADALBERTO_ZAVAGLIA_GOMES", "ENDEE": "AVENIDA_SÃO_JOÃO_1512_CENTRO_14815-017_IBATÉ_BRASIL", "LATITUDE": "-21.956886", "LONGITUDE": "-47.9968285", "LMAPS": "https://www.google.com/maps?q=&layer=c&cbll=-21.956886,-47.9968285", "O_QUE_FAZER": "CARTEIRA", "ER_REGIAO_CIDADE_min": "Ibaté_Araraquara" }, "geometry": { "type": "Point", "coordinates": [ -47.9968285, -21.956886 ] } },
{ "type": "Feature", "properties": { "CNPJ": "46588128000119", "IDCIDADE": "IBATÉ", "NOMEFANTASIA": "LAROCCA_RESTAURANTE", "RAZAOSOCIAL": "ARIANI_GALVAO_LAROCCA", "ENDEE": "RUA_SANTA_IRIA_803_SANTA_TEREZINHA_14815-005_IBATÉ_BRASIL", "LATITUDE": "-21.9569233", "LONGITUDE": "-48.0008933", "LMAPS": "https://www.google.com/maps?q=&layer=c&cbll=-21.9569233,-48.0008933", "O_QUE_FAZER": "CARTEIRA", "ER_REGIAO_CIDADE_min": "Ibaté_Araraquara" }, "geometry": { "type": "Point", "coordinates": [ -48.0008933, -21.9569233 ] } },
{ "type": "Feature", "properties": { "CNPJ": "11443972000177", "IDCIDADE": "IBATÉ", "NOMEFANTASIA": "KRISTEN_PLANEJADOS", "RAZAOSOCIAL": "CONCEITO_PLANEJAR_-_MOVEIS_PLANEJADOS_LTDA", "ENDEE": "RUA_SANTA_IRIA_825_VILA_SANTA_TEREZINHA_14815-047_IBATÉ_BRASIL", "LATITUDE": "-21.9570094", "LONGITUDE": "-48.0011075", "LMAPS": "https://www.google.com/maps?q=&layer=c&cbll=-21.9570094,-48.0011075", "O_QUE_FAZER": "CARTEIRA", "ER_REGIAO_CIDADE_min": "Ibaté_Araraquara" }, "geometry": { "type": "Point", "coordinates": [ -48.0011075, -21.9570094 ] } },
{ "type": "Feature", "properties": { "CNPJ": "26940543000182", "IDCIDADE": "IBATÉ", "NOMEFANTASIA": "CASA_DOS_FRIOS_SPANA", "RAZAOSOCIAL": "MARCOS_SPANA", "ENDEE": "RUA_ANGELO_PERUCCI_845_SANTA_TEREZINHA_14815-005_IBATÉ_BRASIL", "LATITUDE": "-21.9570237", "LONGITUDE": "-48.0008502", "LMAPS": "https://www.google.com/maps?q=&layer=c&cbll=-21.9570237,-48.0008502", "O_QUE_FAZER": "CARTEIRA", "ER_REGIAO_CIDADE_min": "Ibaté_Araraquara" }, "geometry": { "type": "Point", "coordinates": [ -48.0008502, -21.9570237 ] } },
{ "type": "Feature", "properties": { "CNPJ": "00753155000107", "IDCIDADE": "IBATÉ", "NOMEFANTASIA": "AUTO_ESCOLA_SÃO_JOÃO", "RAZAOSOCIAL": "CENTRO_DE_FORMACAO_DE_CONDUTORES_SAO_JOAO_LTDA", "ENDEE": "RUA_FLORIANO_PEIXOTO_572_CENTRO_14815-057_IBATÉ_BRASIL", "LATITUDE": "-21.957103", "LONGITUDE": "-47.9969202", "LMAPS": "https://www.google.com/maps?q=&layer=c&cbll=-21.957103,-47.9969202", "O_QUE_FAZER": "CARTEIRA", "ER_REGIAO_CIDADE_min": "Ibaté_Araraquara" }, "geometry": { "type": "Point", "coordinates": [ -47.9969202, -21.957103 ] } },
{ "type": "Feature", "properties": { "CNPJ": "05082872000160", "IDCIDADE": "IBATÉ", "NOMEFANTASIA": "ZEEK_CURSOS", "RAZAOSOCIAL": "DAVID_RIGOLAO", "ENDEE": "RUA_FLORIANO_PEIXOTO_628_CENTRO_14815-057_IBATÉ_BRASIL", "LATITUDE": "-21.9573051", "LONGITUDE": "-47.9974713", "LMAPS": "https://www.google.com/maps?q=&layer=c&cbll=-21.9573051,-47.9974713", "O_QUE_FAZER": "CARTEIRA", "ER_REGIAO_CIDADE_min": "Ibaté_Araraquara" }, "geometry": { "type": "Point", "coordinates": [ -47.9974713, -21.9573051 ] } },
{ "type": "Feature", "properties": { "CNPJ": "40438620000121", "IDCIDADE": "IBATÉ", "NOMEFANTASIA": "BLACK_FIT", "RAZAOSOCIAL": "BLACK_FIT_ACADEMIAS_IBATE_LTDA", "ENDEE": "RUA_FLORIANO_PEIXOTO_725_CENTRO_14815-057_IBATÉ_BRASIL", "LATITUDE": "-21.95746", "LONGITUDE": "-47.9989167", "LMAPS": "https://www.google.com/maps?q=&layer=c&cbll=-21.95746,-47.9989167", "O_QUE_FAZER": "CARTEIRA", "ER_REGIAO_CIDADE_min": "Ibaté_Araraquara" }, "geometry": { "type": "Point", "coordinates": [ -47.9989167, -21.95746 ] } },
{ "type": "Feature", "properties": { "CNPJ": "12274255000121", "IDCIDADE": "IBATÉ", "NOMEFANTASIA": "DIGIT_SOUND", "RAZAOSOCIAL": "DIGIT_SOUND_SOM_E_ACESSORIOS_AUTOMOTIVO_LTDA", "ENDEE": "RUA_HENRIQUE_MILORI_75_POPULAR_3_14815-492_IBATÉ_BRASIL", "LATITUDE": "-21.9575126", "LONGITUDE": "-47.9869066", "LMAPS": "https://www.google.com/maps?q=&layer=c&cbll=-21.9575126,-47.9869066", "O_QUE_FAZER": "CARTEIRA", "ER_REGIAO_CIDADE_min": "Ibaté_Araraquara" }, "geometry": { "type": "Point", "coordinates": [ -47.9869066, -21.9575126 ] } },
{ "type": "Feature", "properties": { "CNPJ": "62591474000102", "IDCIDADE": "IBATÉ", "NOMEFANTASIA": "GÁS_E_ÁGUA_RUSCITO", "RAZAOSOCIAL": "RUSCITO_COMERCIO_E_DISTRIBUIDORA_DE_GAS_LTDA", "ENDEE": "RUA_FLORIANO_PEIXOTO_670_CENTRO_14815-057_IBATÉ_BRASIL", "LATITUDE": "-21.9575226", "LONGITUDE": "-47.997981", "LMAPS": "https://www.google.com/maps?q=&layer=c&cbll=-21.9575226,-47.997981", "O_QUE_FAZER": "CARTEIRA", "ER_REGIAO_CIDADE_min": "Ibaté_Araraquara" }, "geometry": { "type": "Point", "coordinates": [ -47.997981, -21.9575226 ] } },
{ "type": "Feature", "properties": { "CNPJ": "04334937000154", "IDCIDADE": "IBATÉ", "NOMEFANTASIA": "A_PRINCIPAL_ÓTICA", "RAZAOSOCIAL": "MARIA_ELISA_NICOLETTI", "ENDEE": "RUA_VISCONDE_DE_PELOTAS_910_SANTA_TEREZINHA_14815-053_IBATÉ_BRASIL", "LATITUDE": "-21.9576838", "LONGITUDE": "-48.0006955", "LMAPS": "https://www.google.com/maps?q=&layer=c&cbll=-21.9576838,-48.0006955", "O_QUE_FAZER": "CARTEIRA", "ER_REGIAO_CIDADE_min": "Ibaté_Araraquara" }, "geometry": { "type": "Point", "coordinates": [ -48.0006955, -21.9576838 ] } },
{ "type": "Feature", "properties": { "CNPJ": "62720586000116", "IDCIDADE": "IBATÉ", "NOMEFANTASIA": "KARAMELLUS", "RAZAOSOCIAL": "OLIVEIRA_&_DI_FELIPPO_COMERCIO_DE_BOLOS_E_DOCES_LTDA", "ENDEE": "RUA_VISCONDE_DE_PELOTAS_888_SANTA_TEREZINHA_14815-053_IBATÉ_BRASIL", "LATITUDE": "-21.9577033", "LONGITUDE": "-48.0005567", "LMAPS": "https://www.google.com/maps?q=&layer=c&cbll=-21.9577033,-48.0005567", "O_QUE_FAZER": "CARTEIRA", "ER_REGIAO_CIDADE_min": "Ibaté_Araraquara" }, "geometry": { "type": "Point", "coordinates": [ -48.0005567, -21.9577033 ] } },
{ "type": "Feature", "properties": { "CNPJ": "33617052000160", "IDCIDADE": "IBATÉ", "NOMEFANTASIA": "OLIVEIRA_MATERIAIS_CONSTRUÇÃO", "RAZAOSOCIAL": "OLIVEIRA_MATERIAIS_DE_CONSTRUCAO_LTDA", "ENDEE": "RUA_VISCONDE_DE_PELOTAS_865_SANTA_TEREZINHA_14815-053_IBATÉ_BRASIL", "LATITUDE": "-21.9577123", "LONGITUDE": "-48.0003", "LMAPS": "https://www.google.com/maps?q=&layer=c&cbll=-21.9577123,-48.0003", "O_QUE_FAZER": "CARTEIRA", "ER_REGIAO_CIDADE_min": "Ibaté_Araraquara" }, "geometry": { "type": "Point", "coordinates": [ -48.0003, -21.9577123 ] } },
{ "type": "Feature", "properties": { "CNPJ": "04903620000191", "IDCIDADE": "IBATÉ", "NOMEFANTASIA": "AVENIDA_VIDROS", "RAZAOSOCIAL": "ADRIANO_NATALINO_LOPES_DA_SILVA", "ENDEE": "RUA_PAULINO_CARLOS_1242_CENTRO_14815-029_IBATÉ_BRASIL", "LATITUDE": "-21.9577633", "LONGITUDE": "-47.995185", "LMAPS": "https://www.google.com/maps?q=&layer=c&cbll=-21.9577633,-47.995185", "O_QUE_FAZER": "CARTEIRA", "ER_REGIAO_CIDADE_min": "Ibaté_Araraquara" }, "geometry": { "type": "Point", "coordinates": [ -47.995185, -21.9577633 ] } },
{ "type": "Feature", "properties": { "CNPJ": "16930294000190", "IDCIDADE": "IBATÉ", "NOMEFANTASIA": "SR_MODA_INTIMA", "RAZAOSOCIAL": "SILVIA_ADRIANA_BONI_ROTTA", "ENDEE": "AVENIDA_SÃO_JOÃO_1639_CENTRO_14815-017_IBATÉ_BRASIL", "LATITUDE": "-21.9579544", "LONGITUDE": "-47.9961246", "LMAPS": "https://www.google.com/maps?q=&layer=c&cbll=-21.9579544,-47.9961246", "O_QUE_FAZER": "CARTEIRA", "ER_REGIAO_CIDADE_min": "Ibaté_Araraquara" }, "geometry": { "type": "Point", "coordinates": [ -47.9961246, -21.9579544 ] } },
{ "type": "Feature", "properties": { "CNPJ": "26924681000178", "IDCIDADE": "IBATÉ", "NOMEFANTASIA": "CERVEJARIA_VITRUVIANA", "RAZAOSOCIAL": "SEVEN_CERVEJARIA_ARTESANAL_LTDA", "ENDEE": "RUA_FLORIANO_PEIXOTO_882_CENTRO_14815-057_IBATÉ_BRASIL", "LATITUDE": "-21.9581581", "LONGITUDE": "-47.9998817", "LMAPS": "https://www.google.com/maps?q=&layer=c&cbll=-21.9581581,-47.9998817", "O_QUE_FAZER": "CARTEIRA", "ER_REGIAO_CIDADE_min": "Ibaté_Araraquara" }, "geometry": { "type": "Point", "coordinates": [ -47.9998817, -21.9581581 ] } },
{ "type": "Feature", "properties": { "CNPJ": "04635133000195", "IDCIDADE": "IBATÉ", "NOMEFANTASIA": "BAR_DO_LUCIO", "RAZAOSOCIAL": "MARIA_APARECIDA_MARQUES_DEA", "ENDEE": "RUA_VISCONDE_DE_PELOTAS_1073_SANTA_TEREZINHA_14815-053_IBATÉ_BRASIL", "LATITUDE": "-21.9585005", "LONGITUDE": "-48.0020991", "LMAPS": "https://www.google.com/maps?q=&layer=c&cbll=-21.9585005,-48.0020991", "O_QUE_FAZER": "CARTEIRA", "ER_REGIAO_CIDADE_min": "Ibaté_Araraquara" }, "geometry": { "type": "Point", "coordinates": [ -48.0020991, -21.9585005 ] } },
{ "type": "Feature", "properties": { "CNPJ": "26696107000100", "IDCIDADE": "IBATÉ", "NOMEFANTASIA": "I_CAR", "RAZAOSOCIAL": "TATIANE_PERUSSI_BUZO", "ENDEE": "RUA_FLORIANO_PEIXOTO_992_CENTRO_14815-057_IBATÉ_BRASIL", "LATITUDE": "-21.95862", "LONGITUDE": "-48.0006933", "LMAPS": "https://www.google.com/maps?q=&layer=c&cbll=-21.95862,-48.0006933", "O_QUE_FAZER": "CARTEIRA", "ER_REGIAO_CIDADE_min": "Ibaté_Araraquara" }, "geometry": { "type": "Point", "coordinates": [ -48.0006933, -21.95862 ] } },
{ "type": "Feature", "properties": { "CNPJ": "58273046000164", "IDCIDADE": "IBATÉ", "NOMEFANTASIA": "DROGARIA_SANTA_TEREZINHA", "RAZAOSOCIAL": "MAURO_D.L._BELLI_&_CIA_LTDA", "ENDEE": "RUA_VISCONDE_DE_PELOTAS_1083_SANTA_TEREZINHA_14815-053_IBATÉ_BRASIL", "LATITUDE": "-21.9586217", "LONGITUDE": "-48.00217", "LMAPS": "https://www.google.com/maps?q=&layer=c&cbll=-21.9586217,-48.00217", "O_QUE_FAZER": "CARTEIRA", "ER_REGIAO_CIDADE_min": "Ibaté_Araraquara" }, "geometry": { "type": "Point", "coordinates": [ -48.00217, -21.9586217 ] } },
{ "type": "Feature", "properties": { "CNPJ": "53966789000104", "IDCIDADE": "IBATÉ", "NOMEFANTASIA": "VITAL_LABORATÓRIO", "RAZAOSOCIAL": "VITALLAB_LABORATORIO_DE_ANALISES_CLINICAS_LTDA", "ENDEE": "RUA_FLORIANO_PEIXOTO_963_CENTRO_14815-057_IBATÉ_BRASIL", "LATITUDE": "-21.9588333", "LONGITUDE": "-48.0003183", "LMAPS": "https://www.google.com/maps?q=&layer=c&cbll=-21.9588333,-48.0003183", "O_QUE_FAZER": "CARTEIRA", "ER_REGIAO_CIDADE_min": "Ibaté_Araraquara" }, "geometry": { "type": "Point", "coordinates": [ -48.0003183, -21.9588333 ] } },
{ "type": "Feature", "properties": { "CNPJ": "50200507000167", "IDCIDADE": "IBATÉ", "NOMEFANTASIA": "LIGEIRO_FARMA", "RAZAOSOCIAL": "AL_LIGEIRO_DROGARIA_LTDA", "ENDEE": "RUA_JOÃO_ROSSITO_991_VILA_SANTA_TEREZINHA_14815-003_IBATÉ_BRASIL", "LATITUDE": "-21.9588545", "LONGITUDE": "-48.0009535", "LMAPS": "https://www.google.com/maps?q=&layer=c&cbll=-21.9588545,-48.0009535", "O_QUE_FAZER": "CARTEIRA", "ER_REGIAO_CIDADE_min": "Ibaté_Araraquara" }, "geometry": { "type": "Point", "coordinates": [ -48.0009535, -21.9588545 ] } },
{ "type": "Feature", "properties": { "CNPJ": "03093420000158", "IDCIDADE": "IBATÉ", "NOMEFANTASIA": "SUPERMERCADO_VERDE", "RAZAOSOCIAL": "MARGARETH_GINIO_IBATE", "ENDEE": "RUA_ANTÔNIO_MEROLA_139_JARDIM_ICARAI_14817-176_IBATÉ_BRASIL", "LATITUDE": "-21.9590295", "LONGITUDE": "-48.0152645", "LMAPS": "https://www.google.com/maps?q=&layer=c&cbll=-21.9590295,-48.0152645", "O_QUE_FAZER": "CARTEIRA", "ER_REGIAO_CIDADE_min": "Ibaté_Araraquara" }, "geometry": { "type": "Point", "coordinates": [ -48.0152645, -21.9590295 ] } },
{ "type": "Feature", "properties": { "CNPJ": "41456067000112", "IDCIDADE": "IBATÉ", "NOMEFANTASIA": "RR_GAS", "RAZAOSOCIAL": "R_R_GAS_IBATE_LTDA", "ENDEE": "RUA_DOUTOR_TEIXEIRA_DE_BARROS_1619_RESIDENCIAL_JEQUITIBA_II_14815-047_IBATÉ_BRASIL", "LATITUDE": "-21.959853", "LONGITUDE": "-48.0100233", "LMAPS": "https://www.google.com/maps?q=&layer=c&cbll=-21.959853,-48.0100233", "O_QUE_FAZER": "CARTEIRA", "ER_REGIAO_CIDADE_min": "Ibaté_Araraquara" }, "geometry": { "type": "Point", "coordinates": [ -48.0100233, -21.959853 ] } },
{ "type": "Feature", "properties": { "CNPJ": "03248654000127", "IDCIDADE": "IBATÉ", "NOMEFANTASIA": "LM_MATERIAIS_PARA_CONSTRUÇÃO", "RAZAOSOCIAL": "LUIZ_MARIANO_DA_CRUZ_IBATE", "ENDEE": "AVENIDA_ANTÔNIO_JORGE_311_JARDIM_CRUZADO_II_14815-000_IBATÉ_BRASIL", "LATITUDE": "-21.9334994", "LONGITUDE": "-48.0015498", "LMAPS": "https://www.google.com/maps?q=&layer=c&cbll=-21.9334994,-48.0015498", "O_QUE_FAZER": "CARTEIRA", "ER_REGIAO_CIDADE_min": "Ibaté_Araraquara" }, "geometry": { "type": "Point", "coordinates": [ -48.0015498, -21.9334994 ] } },
{ "type": "Feature", "properties": { "CNPJ": "40105107000119", "IDCIDADE": "IBATÉ", "NOMEFANTASIA": "MESTRE_DAS_PIZZAS", "RAZAOSOCIAL": "MESTRE_DAS_PIZZAS_IBATE_LTDA", "ENDEE": "AVENIDA_ANTÔNIO_JORGE_355_JARDIM_CRUZADO_II_14815-000_IBATÉ_BRASIL", "LATITUDE": "-21.9336936", "LONGITUDE": "-48.001177", "LMAPS": "https://www.google.com/maps?q=&layer=c&cbll=-21.9336936,-48.001177", "O_QUE_FAZER": "CARTEIRA", "ER_REGIAO_CIDADE_min": "Ibaté_Araraquara" }, "geometry": { "type": "Point", "coordinates": [ -48.001177, -21.9336936 ] } },
{ "type": "Feature", "properties": { "CNPJ": "31982053000189", "IDCIDADE": "IBATÉ", "NOMEFANTASIA": "AUTO_MECÂNICA_PABLO", "RAZAOSOCIAL": "PABLO_SANTOS_DA_SILVA_AUTO_MECANICA", "ENDEE": "AVENIDA_SANTA_RUFINA_120_VILA_TAMOIO_14815-000_IBATÉ_BRASIL", "LATITUDE": "-21.9604698", "LONGITUDE": "-48.0032113", "LMAPS": "https://www.google.com/maps?q=&layer=c&cbll=-21.9604698,-48.0032113", "O_QUE_FAZER": "CARTEIRA", "ER_REGIAO_CIDADE_min": "Ibaté_Araraquara" }, "geometry": { "type": "Point", "coordinates": [ -48.0032113, -21.9604698 ] } },
{ "type": "Feature", "properties": { "CNPJ": "41587870000277", "IDCIDADE": "IBATÉ", "NOMEFANTASIA": "REAL_EMPRÉSTIMOS", "RAZAOSOCIAL": "REAL_EMPRESTIMOS_LTDA", "ENDEE": "AVENIDA_SÃO_JOÃO_1033_CENTRO_14815-000_IBATÉ_BRASIL", "LATITUDE": "-21.9528463", "LONGITUDE": "-47.9985776", "LMAPS": "https://www.google.com/maps?q=&layer=c&cbll=-21.9528463,-47.9985776", "O_QUE_FAZER": "CARTEIRA", "ER_REGIAO_CIDADE_min": "Ibaté_Araraquara" }, "geometry": { "type": "Point", "coordinates": [ -47.9985776, -21.9528463 ] } },
{ "type": "Feature", "properties": { "CNPJ": "04441458000137", "IDCIDADE": "IBATÉ", "NOMEFANTASIA": "ARMAÇÃO", "RAZAOSOCIAL": "JOSIANE_APARECIDA_BISPO_DA_SILVA_IBATE", "ENDEE": "AVENIDA_SÃO_JOÃO_1068_CENTRO_14815-000_IBATÉ_BRASIL", "LATITUDE": "-21.9532032", "LONGITUDE": "-47.9987486", "LMAPS": "https://www.google.com/maps?q=&layer=c&cbll=-21.9532032,-47.9987486", "O_QUE_FAZER": "CARTEIRA", "ER_REGIAO_CIDADE_min": "Ibaté_Araraquara" }, "geometry": { "type": "Point", "coordinates": [ -47.9987486, -21.9532032 ] } },
{ "type": "Feature", "properties": { "CNPJ": "17762905000100", "IDCIDADE": "IBATÉ", "NOMEFANTASIA": "TOP_PRESENTES_E_UTILIDADES", "RAZAOSOCIAL": "LEI_LIANGXIAN", "ENDEE": "AVENIDA_SÃO_JOÃO_1081_CENTRO_14815-000_IBATÉ_BRASIL", "LATITUDE": "-21.9531738", "LONGITUDE": "-47.9982962", "LMAPS": "https://www.google.com/maps?q=&layer=c&cbll=-21.9531738,-47.9982962", "O_QUE_FAZER": "CARTEIRA", "ER_REGIAO_CIDADE_min": "Ibaté_Araraquara" }, "geometry": { "type": "Point", "coordinates": [ -47.9982962, -21.9531738 ] } },
{ "type": "Feature", "properties": { "CNPJ": "04981145000252", "IDCIDADE": "IBATÉ", "NOMEFANTASIA": "GRUPO_SANTA_CRUZ", "RAZAOSOCIAL": "ROSANGELA_APARECIDA_ALBUQUERQUE_RUIZ", "ENDEE": "AVENIDA_SÃO_JOÃO_1084_CENTRO_14815-000_IBATÉ_BRASIL", "LATITUDE": "-21.9533473", "LONGITUDE": "-47.9987253", "LMAPS": "https://www.google.com/maps?q=&layer=c&cbll=-21.9533473,-47.9987253", "O_QUE_FAZER": "CARTEIRA", "ER_REGIAO_CIDADE_min": "Ibaté_Araraquara" }, "geometry": { "type": "Point", "coordinates": [ -47.9987253, -21.9533473 ] } },
{ "type": "Feature", "properties": { "CNPJ": "43308421000510", "IDCIDADE": "IBATÉ", "NOMEFANTASIA": "ÁGUA_DE_CHEIRO", "RAZAOSOCIAL": "FRANCOSO_&_VOLPIANO_COMERCIO_DE_PERFUMES_E_COSMETICOS_LTDA", "ENDEE": "AVENIDA_SÃO_JOÃO_1103_CENTRO_14815-000_IBATÉ_BRASIL", "LATITUDE": "-21.9533802", "LONGITUDE": "-47.9983048", "LMAPS": "https://www.google.com/maps?q=&layer=c&cbll=-21.9533802,-47.9983048", "O_QUE_FAZER": "CARTEIRA", "ER_REGIAO_CIDADE_min": "Ibaté_Araraquara" }, "geometry": { "type": "Point", "coordinates": [ -47.9983048, -21.9533802 ] } },
{ "type": "Feature", "properties": { "CNPJ": "24356780000175", "IDCIDADE": "IBATÉ", "NOMEFANTASIA": "SORVETERIA_MINEIRINHO", "RAZAOSOCIAL": "LUZIA_HELENA_MACHADO_ALVES", "ENDEE": "AVENIDA_SÃO_JOÃO_1154_CENTRO_14815-000_IBATÉ_BRASIL", "LATITUDE": "-21.95395", "LONGITUDE": "-47.9984465", "LMAPS": "https://www.google.com/maps?q=&layer=c&cbll=-21.95395,-47.9984465", "O_QUE_FAZER": "CARTEIRA", "ER_REGIAO_CIDADE_min": "Ibaté_Araraquara" }, "geometry": { "type": "Point", "coordinates": [ -47.9984465, -21.95395 ] } },
{ "type": "Feature", "properties": { "CNPJ": "23317677000153", "IDCIDADE": "IBATÉ", "NOMEFANTASIA": "PASTELARIA_MACAU", "RAZAOSOCIAL": "MANLI_LUO_PASTELARIA_LTDA", "ENDEE": "AVENIDA_SÃO_JOÃO_1176_CENTRO_14815-000_IBATÉ_BRASIL", "LATITUDE": "-21.9541358", "LONGITUDE": "-47.9983283", "LMAPS": "https://www.google.com/maps?q=&layer=c&cbll=-21.9541358,-47.9983283", "O_QUE_FAZER": "CARTEIRA", "ER_REGIAO_CIDADE_min": "Ibaté_Araraquara" }, "geometry": { "type": "Point", "coordinates": [ -47.9983283, -21.9541358 ] } },
{ "type": "Feature", "properties": { "CNPJ": "21058112000173", "IDCIDADE": "IBATÉ", "NOMEFANTASIA": "CONSERTA_SMART", "RAZAOSOCIAL": "LUCAS_POMPONIO_MARINO", "ENDEE": "AVENIDA_SÃO_JOÃO_1181_CENTRO_14815-000_IBATÉ_BRASIL", "LATITUDE": "-21.9540294", "LONGITUDE": "-47.9980317", "LMAPS": "https://www.google.com/maps?q=&layer=c&cbll=-21.9540294,-47.9980317", "O_QUE_FAZER": "CARTEIRA", "ER_REGIAO_CIDADE_min": "Ibaté_Araraquara" }, "geometry": { "type": "Point", "coordinates": [ -47.9980317, -21.9540294 ] } },
{ "type": "Feature", "properties": { "CNPJ": "38011741000221", "IDCIDADE": "IBATÉ", "NOMEFANTASIA": "NIGUI", "RAZAOSOCIAL": "NIGUI_BABY_KIDS_&_TEEN_MODA_E_ACESSORIOS_LTDA", "ENDEE": "AVENIDA_SÃO_JOÃO_1386_CENTRO_14815-000_IBATÉ_BRASIL", "LATITUDE": "-21.9557934", "LONGITUDE": "-47.9974503", "LMAPS": "https://www.google.com/maps?q=&layer=c&cbll=-21.9557934,-47.9974503", "O_QUE_FAZER": "CARTEIRA", "ER_REGIAO_CIDADE_min": "Ibaté_Araraquara" }, "geometry": { "type": "Point", "coordinates": [ -47.9974503, -21.9557934 ] } },
{ "type": "Feature", "properties": { "CNPJ": "22193297000191", "IDCIDADE": "IBATÉ", "NOMEFANTASIA": "ED_MAIS_IBATE", "RAZAOSOCIAL": "CONFECCOES_EDIBATE_LTDA", "ENDEE": "AVENIDA_SÃO_JOÃO_1407_CENTRO_14815-000_IBATÉ_BRASIL", "LATITUDE": "-21.9558754", "LONGITUDE": "-47.9970341", "LMAPS": "https://www.google.com/maps?q=&layer=c&cbll=-21.9558754,-47.9970341", "O_QUE_FAZER": "CARTEIRA", "ER_REGIAO_CIDADE_min": "Ibaté_Araraquara" }, "geometry": { "type": "Point", "coordinates": [ -47.9970341, -21.9558754 ] } },
{ "type": "Feature", "properties": { "CNPJ": "08789330000543", "IDCIDADE": "IBATÉ", "NOMEFANTASIA": "CERTEZA_MODAS", "RAZAOSOCIAL": "UNI_-_CERTEZA_MAGAZINE_LTDA", "ENDEE": "AVENIDA_SÃO_JOÃO_1451_CENTRO_14815-000_IBATÉ_BRASIL", "LATITUDE": "-21.9311894", "LONGITUDE": "-48.0233156", "LMAPS": "https://www.google.com/maps?q=&layer=c&cbll=-21.9311894,-48.0233156", "O_QUE_FAZER": "CARTEIRA", "ER_REGIAO_CIDADE_min": "Ibaté_Araraquara" }, "geometry": { "type": "Point", "coordinates": [ -48.0233156, -21.9311894 ] } },
{ "type": "Feature", "properties": { "CNPJ": "30244366000258", "IDCIDADE": "IBATÉ", "NOMEFANTASIA": "JD_TECNOLOGIA", "RAZAOSOCIAL": "VINICIUS_APARECIDO_PASSOS_DIAGONEL_&_CIA_LTDA", "ENDEE": "AVENIDA_SÃO_JOÃO_1462_CENTRO_14815-000_IBATÉ_BRASIL", "LATITUDE": "-21.9564287", "LONGITUDE": "-47.9971158", "LMAPS": "https://www.google.com/maps?q=&layer=c&cbll=-21.9564287,-47.9971158", "O_QUE_FAZER": "CARTEIRA", "ER_REGIAO_CIDADE_min": "Ibaté_Araraquara" }, "geometry": { "type": "Point", "coordinates": [ -47.9971158, -21.9564287 ] } },
{ "type": "Feature", "properties": { "CNPJ": "13141111000160", "IDCIDADE": "IBATÉ", "NOMEFANTASIA": "CANTINHO_DO_PASTEL", "RAZAOSOCIAL": "MARIA_CICERA_ALVES_INOCENCIO", "ENDEE": "AVENIDA_SÃO_JOÃO_1486_CENTRO_14815-000_IBATÉ_BRASIL", "LATITUDE": "-21.95671", "LONGITUDE": "-47.9970581", "LMAPS": "https://www.google.com/maps?q=&layer=c&cbll=-21.95671,-47.9970581", "O_QUE_FAZER": "CARTEIRA", "ER_REGIAO_CIDADE_min": "Ibaté_Araraquara" }, "geometry": { "type": "Point", "coordinates": [ -47.9970581, -21.95671 ] } },
{ "type": "Feature", "properties": { "CNPJ": "11047174000126", "IDCIDADE": "IBATÉ", "NOMEFANTASIA": "COMPRA_CERTA_MATERIAIS_PARA_CONSTRUÇÃO", "RAZAOSOCIAL": "T_DE_J_DA_SILVA_MATERIAIS_PARA_CONSTRUCAO", "ENDEE": "AVENIDA_SÃO_JOÃO_1631_CENTRO_14815-000_IBATÉ_BRASIL", "LATITUDE": "-21.9578835", "LONGITUDE": "-47.9960808", "LMAPS": "https://www.google.com/maps?q=&layer=c&cbll=-21.9578835,-47.9960808", "O_QUE_FAZER": "CARTEIRA", "ER_REGIAO_CIDADE_min": "Ibaté_Araraquara" }, "geometry": { "type": "Point", "coordinates": [ -47.9960808, -21.9578835 ] } },
{ "type": "Feature", "properties": { "CNPJ": "74236126000104", "IDCIDADE": "IBATÉ", "NOMEFANTASIA": "DJ_BORRACHAS", "RAZAOSOCIAL": "D.J._BORRACHAS_-_INDUSTRIA_E_COMERCIO_LTDA", "ENDEE": "AVENIDA_SÃO_JOÃO_367_CENTRO_14815-000_IBATÉ_BRASIL", "LATITUDE": "-21.9473337", "LONGITUDE": "-48.0011881", "LMAPS": "https://www.google.com/maps?q=&layer=c&cbll=-21.9473337,-48.0011881", "O_QUE_FAZER": "CARTEIRA", "ER_REGIAO_CIDADE_min": "Ibaté_Araraquara" }, "geometry": { "type": "Point", "coordinates": [ -48.0011881, -21.9473337 ] } },
{ "type": "Feature", "properties": { "CNPJ": "39328942000139", "IDCIDADE": "IBATÉ", "NOMEFANTASIA": "CASA_DO_CONSTRUTOR_IBATE", "RAZAOSOCIAL": "DFC_IBATE_ALUGUEL_DE_EQUIPAMENTOS_E_MAQUINAS_LTDA", "ENDEE": "AVENIDA_SÃO_JOÃO_461_CENTRO_14815-000_IBATÉ_BRASIL", "LATITUDE": "-21.9481665", "LONGITUDE": "-48.0008575", "LMAPS": "https://www.google.com/maps?q=&layer=c&cbll=-21.9481665,-48.0008575", "O_QUE_FAZER": "CARTEIRA", "ER_REGIAO_CIDADE_min": "Ibaté_Araraquara" }, "geometry": { "type": "Point", "coordinates": [ -48.0008575, -21.9481665 ] } },
{ "type": "Feature", "properties": { "CNPJ": "20181651000132", "IDCIDADE": "IBATÉ", "NOMEFANTASIA": "PIRÂMIDE_VEÍCULOS", "RAZAOSOCIAL": "FTF_VEICULOS_LTDA", "ENDEE": "AVENIDA_SÃO_JOÃO_471_CENTRO_14815-000_IBATÉ_BRASIL", "LATITUDE": "-21.9482448", "LONGITUDE": "-48.0008836", "LMAPS": "https://www.google.com/maps?q=&layer=c&cbll=-21.9482448,-48.0008836", "O_QUE_FAZER": "CARTEIRA", "ER_REGIAO_CIDADE_min": "Ibaté_Araraquara" }, "geometry": { "type": "Point", "coordinates": [ -48.0008836, -21.9482448 ] } },
{ "type": "Feature", "properties": { "CNPJ": "10701780000150", "IDCIDADE": "IBATÉ", "NOMEFANTASIA": "PISOS_IBATE", "RAZAOSOCIAL": "DONIZETTE_RICARTI_DA_SILVA", "ENDEE": "AVENIDA_SÃO_JOÃO_561_CENTRO_14815-000_IBATÉ_BRASIL", "LATITUDE": "-21.9489382", "LONGITUDE": "-48.0005674", "LMAPS": "https://www.google.com/maps?q=&layer=c&cbll=-21.9489382,-48.0005674", "O_QUE_FAZER": "CARTEIRA", "ER_REGIAO_CIDADE_min": "Ibaté_Araraquara" }, "geometry": { "type": "Point", "coordinates": [ -48.0005674, -21.9489382 ] } },
{ "type": "Feature", "properties": { "CNPJ": "01830136000191", "IDCIDADE": "IBATÉ", "NOMEFANTASIA": "QUATRO_PATAS", "RAZAOSOCIAL": "CRISTIANE_CASALE_GUERESCHI", "ENDEE": "AVENIDA_SÃO_JOÃO_721_CENTRO_14815-000_IBATÉ_BRASIL", "LATITUDE": "-21.9502285", "LONGITUDE": "-47.9999235", "LMAPS": "https://www.google.com/maps?q=&layer=c&cbll=-21.9502285,-47.9999235", "O_QUE_FAZER": "CARTEIRA", "ER_REGIAO_CIDADE_min": "Ibaté_Araraquara" }, "geometry": { "type": "Point", "coordinates": [ -47.9999235, -21.9502285 ] } },
{ "type": "Feature", "properties": { "CNPJ": "23684064000154", "IDCIDADE": "IBATÉ", "NOMEFANTASIA": "PRO_QUÍMICA", "RAZAOSOCIAL": "ALEXANDRE_ROBERTO_CAMARGO", "ENDEE": "AVENIDA_SÃO_JOÃO_976_CENTRO_14815-000_IBATÉ_BRASIL", "LATITUDE": "-21.9524657", "LONGITUDE": "-47.9990859", "LMAPS": "https://www.google.com/maps?q=&layer=c&cbll=-21.9524657,-47.9990859", "O_QUE_FAZER": "CARTEIRA", "ER_REGIAO_CIDADE_min": "Ibaté_Araraquara" }, "geometry": { "type": "Point", "coordinates": [ -47.9990859, -21.9524657 ] } },
{ "type": "Feature", "properties": { "CNPJ": "13722953000105", "IDCIDADE": "IBATÉ", "NOMEFANTASIA": "FLEX_TROCA_DE_ÓLEO", "RAZAOSOCIAL": "SOUZA_&_NATI_LUBRIFICANTES_LTDA", "ENDEE": "AVENIDA_SÃO_JOÃO_978_CENTRO_14815-000_IBATÉ_BRASIL", "LATITUDE": "-21.9524657", "LONGITUDE": "-47.9990859", "LMAPS": "https://www.google.com/maps?q=&layer=c&cbll=-21.9524657,-47.9990859", "O_QUE_FAZER": "CARTEIRA", "ER_REGIAO_CIDADE_min": "Ibaté_Araraquara" }, "geometry": { "type": "Point", "coordinates": [ -47.9990859, -21.9524657 ] } },
{ "type": "Feature", "properties": { "CNPJ": "14212155000104", "IDCIDADE": "IBATÉ", "NOMEFANTASIA": "ARMAZÉM_DA_LINGERIE", "RAZAOSOCIAL": "ELOA_SIMONE_PESSENTE", "ENDEE": "AVENIDA_SÃO_JOÃO_983_CENTRO_14815-000_IBATÉ_BRASIL", "LATITUDE": "-21.9569652", "LONGITUDE": "-47.9966417", "LMAPS": "https://www.google.com/maps?q=&layer=c&cbll=-21.9569652,-47.9966417", "O_QUE_FAZER": "CARTEIRA", "ER_REGIAO_CIDADE_min": "Ibaté_Araraquara" }, "geometry": { "type": "Point", "coordinates": [ -47.9966417, -21.9569652 ] } },
{ "type": "Feature", "properties": { "CNPJ": "56637895000124", "IDCIDADE": "IBATÉ", "NOMEFANTASIA": "ARMAZÉM_DA_CARNES", "RAZAOSOCIAL": "PERUSSI_&_PERUSSI_LTDA", "ENDEE": "RUA_ALBANO_BUZO_217_JARDIM_MARIANA_14815-000_IBATÉ_BRASIL", "LATITUDE": "-21.9512019", "LONGITUDE": "-48.0022758", "LMAPS": "https://www.google.com/maps?q=&layer=c&cbll=-21.9512019,-48.0022758", "O_QUE_FAZER": "CARTEIRA", "ER_REGIAO_CIDADE_min": "Ibaté_Araraquara" }, "geometry": { "type": "Point", "coordinates": [ -48.0022758, -21.9512019 ] } },
{ "type": "Feature", "properties": { "CNPJ": "74604596000175", "IDCIDADE": "IBATÉ", "NOMEFANTASIA": "CAPELA_BIKES", "RAZAOSOCIAL": "CARLISVAN_LOPES_DE_OLIVEIRA", "ENDEE": "RUA_ALBANO_BUZO_399_JARDIM_MARIANA_14815-000_IBATÉ_BRASIL", "LATITUDE": "-21.9533914", "LONGITUDE": "-48.0012298", "LMAPS": "https://www.google.com/maps?q=&layer=c&cbll=-21.9533914,-48.0012298", "O_QUE_FAZER": "CARTEIRA", "ER_REGIAO_CIDADE_min": "Ibaté_Araraquara" }, "geometry": { "type": "Point", "coordinates": [ -48.0012298, -21.9533914 ] } },
{ "type": "Feature", "properties": { "CNPJ": "14952983000170", "IDCIDADE": "IBATÉ", "NOMEFANTASIA": "ERRO_CONSULTORIA_E_GESTÃO", "RAZAOSOCIAL": "ERLO_CONSULTORIA_E_GESTAO_EMPRESARIAL_LTDA", "ENDEE": "RUA_AMERICO_BRASILIENSE_111_JARDIM_CRUZADO_14815-000_IBATÉ_BRASIL", "LATITUDE": "-21.9378493", "LONGITUDE": "-48.0047769", "LMAPS": "https://www.google.com/maps?q=&layer=c&cbll=-21.9378493,-48.0047769", "O_QUE_FAZER": "CARTEIRA", "ER_REGIAO_CIDADE_min": "Ibaté_Araraquara" }, "geometry": { "type": "Point", "coordinates": [ -48.0047769, -21.9378493 ] } },
{ "type": "Feature", "properties": { "CNPJ": "07856376000141", "IDCIDADE": "IBATÉ", "NOMEFANTASIA": "VIA_MATA_MATERIAL_PARA_CONSTRUÇÃO", "RAZAOSOCIAL": "I._R._MARTINS_COMERCIO_E_PRESTACAO_DE_SERVICOS", "ENDEE": "RUA_AMÉRICO_BRASILIENSE_175_JARDIM_CRUZADO_14815-000_IBATÉ_BRASIL", "LATITUDE": "-21.9374101", "LONGITUDE": "-48.0054915", "LMAPS": "https://www.google.com/maps?q=&layer=c&cbll=-21.9374101,-48.0054915", "O_QUE_FAZER": "CARTEIRA", "ER_REGIAO_CIDADE_min": "Ibaté_Araraquara" }, "geometry": { "type": "Point", "coordinates": [ -48.0054915, -21.9374101 ] } },
{ "type": "Feature", "properties": { "CNPJ": "26352404000138", "IDCIDADE": "IBATÉ", "NOMEFANTASIA": "TEXAS_AGROPECUARIA", "RAZAOSOCIAL": "GERALDO_TOME_DA_SILVA_12673936882", "ENDEE": "RUA_AMERICO_BRASILIENSE_27_JARDIM_CRUZADO_14815-000_IBATÉ_BRASIL", "LATITUDE": "-21.9384433", "LONGITUDE": "-48.0039308", "LMAPS": "https://www.google.com/maps?q=&layer=c&cbll=-21.9384433,-48.0039308", "O_QUE_FAZER": "CARTEIRA", "ER_REGIAO_CIDADE_min": "Ibaté_Araraquara" }, "geometry": { "type": "Point", "coordinates": [ -48.0039308, -21.9384433 ] } },
{ "type": "Feature", "properties": { "CNPJ": "00556631000191", "IDCIDADE": "IBATÉ", "NOMEFANTASIA": "CASA_DO_CRIADOR", "RAZAOSOCIAL": "GUARATI_&_SILVA_LTDA", "ENDEE": "RUA_ANGELO_PERUCCI_778_VILA_SANTA_TEREZINHA_14815-000_IBATÉ_BRASIL", "LATITUDE": "-21.9564586", "LONGITUDE": "-48.0012393", "LMAPS": "https://www.google.com/maps?q=&layer=c&cbll=-21.9564586,-48.0012393", "O_QUE_FAZER": "CARTEIRA", "ER_REGIAO_CIDADE_min": "Ibaté_Araraquara" }, "geometry": { "type": "Point", "coordinates": [ -48.0012393, -21.9564586 ] } },
{ "type": "Feature", "properties": { "CNPJ": "04025108000190", "IDCIDADE": "IBATÉ", "NOMEFANTASIA": "RIB_REFRIGERAÇÃO_IRMÃOS_BARBANO", "RAZAOSOCIAL": "REFRIGERACAO_IRMAOS_BARBANO_LTDA", "ENDEE": "RUA_ANGELO_PERUCCI_854_VILA_SANTA_TEREZINHA_14815-000_IBATÉ_BRASIL", "LATITUDE": "-21.9564586", "LONGITUDE": "-48.0012393", "LMAPS": "https://www.google.com/maps?q=&layer=c&cbll=-21.9564586,-48.0012393", "O_QUE_FAZER": "CARTEIRA", "ER_REGIAO_CIDADE_min": "Ibaté_Araraquara" }, "geometry": { "type": "Point", "coordinates": [ -48.0012393, -21.9564586 ] } },
{ "type": "Feature", "properties": { "CNPJ": "02156029000192", "IDCIDADE": "IBATÉ", "NOMEFANTASIA": "MERCADO_3_IRMÃOS", "RAZAOSOCIAL": "SERGIO_SIMOES_DOS_SANTOS_IBATE", "ENDEE": "RUA_ARARAQUARA_15_JARDIM_CRUZADO_14815-000_IBATÉ_BRASIL", "LATITUDE": "-21.9397134", "LONGITUDE": "-48.0046142", "LMAPS": "https://www.google.com/maps?q=&layer=c&cbll=-21.9397134,-48.0046142", "O_QUE_FAZER": "CARTEIRA", "ER_REGIAO_CIDADE_min": "Ibaté_Araraquara" }, "geometry": { "type": "Point", "coordinates": [ -48.0046142, -21.9397134 ] } },
{ "type": "Feature", "properties": { "CNPJ": "23288776000154", "IDCIDADE": "IBATÉ", "NOMEFANTASIA": "VR_ROTISSERIA", "RAZAOSOCIAL": "V_R_ROTISSERIE_LTDA", "ENDEE": "RUA_ARARAQUARA_183_JARDIM_CRUZADO_14815-000_IBATÉ_BRASIL", "LATITUDE": "-21.9382953", "LONGITUDE": "-48.0034653", "LMAPS": "https://www.google.com/maps?q=&layer=c&cbll=-21.9382953,-48.0034653", "O_QUE_FAZER": "CARTEIRA", "ER_REGIAO_CIDADE_min": "Ibaté_Araraquara" }, "geometry": { "type": "Point", "coordinates": [ -48.0034653, -21.9382953 ] } },
{ "type": "Feature", "properties": { "CNPJ": "22228559000106", "IDCIDADE": "IBATÉ", "NOMEFANTASIA": "TOP_MODAS", "RAZAOSOCIAL": "ANTONIA_DOS_SANTOS_ELIAS", "ENDEE": "RUA_ARARAQUARA_228_JARDIM_CRUZADO_14815-000_IBATÉ_BRASIL", "LATITUDE": "-21.9370837", "LONGITUDE": "-48.0026851", "LMAPS": "https://www.google.com/maps?q=&layer=c&cbll=-21.9370837,-48.0026851", "O_QUE_FAZER": "CARTEIRA", "ER_REGIAO_CIDADE_min": "Ibaté_Araraquara" }, "geometry": { "type": "Point", "coordinates": [ -48.0026851, -21.9370837 ] } },
{ "type": "Feature", "properties": { "CNPJ": "32931227000147", "IDCIDADE": "IBATÉ", "NOMEFANTASIA": "VÂNIA_VARIEDADES_CRUZADO", "RAZAOSOCIAL": "ANTONIO_FERNANDO_BEZERRA_DE_CARVALHO", "ENDEE": "RUA_ARARAQUARA_293_JARDIM_CRUZADO_14815-000_IBATÉ_BRASIL", "LATITUDE": "-21.9373705", "LONGITUDE": "-48.0026723", "LMAPS": "https://www.google.com/maps?q=&layer=c&cbll=-21.9373705,-48.0026723", "O_QUE_FAZER": "CARTEIRA", "ER_REGIAO_CIDADE_min": "Ibaté_Araraquara" }, "geometry": { "type": "Point", "coordinates": [ -48.0026723, -21.9373705 ] } },
{ "type": "Feature", "properties": { "CNPJ": "04334935000165", "IDCIDADE": "IBATÉ", "NOMEFANTASIA": "BAR_DO_BENINI", "RAZAOSOCIAL": "KLEYSON_BENINI_IBATE", "ENDEE": "RUA_ARARAQUARA_35_JARDIM_CRUZADO_14815-000_IBATÉ_BRASIL", "LATITUDE": "-21.9396645", "LONGITUDE": "-48.0045174", "LMAPS": "https://www.google.com/maps?q=&layer=c&cbll=-21.9396645,-48.0045174", "O_QUE_FAZER": "CARTEIRA", "ER_REGIAO_CIDADE_min": "Ibaté_Araraquara" }, "geometry": { "type": "Point", "coordinates": [ -48.0045174, -21.9396645 ] } },
{ "type": "Feature", "properties": { "CNPJ": "12047355000115", "IDCIDADE": "IBATÉ", "NOMEFANTASIA": "ESCRITÓRIO_JUNIOR_E_JULIANA", "RAZAOSOCIAL": "JULIANA_MENDES_DANIEL", "ENDEE": "RUA_BERNARDINO_DE_CAMPOS_449_CENTRO_14815-000_IBATÉ_BRASIL", "LATITUDE": "-21.9549047", "LONGITUDE": "-47.9953708", "LMAPS": "https://www.google.com/maps?q=&layer=c&cbll=-21.9549047,-47.9953708", "O_QUE_FAZER": "CARTEIRA", "ER_REGIAO_CIDADE_min": "Ibaté_Araraquara" }, "geometry": { "type": "Point", "coordinates": [ -47.9953708, -21.9549047 ] } },
{ "type": "Feature", "properties": { "CNPJ": "06131408000189", "IDCIDADE": "IBATÉ", "NOMEFANTASIA": "AUTO_ESCOLA_OPÇÃO", "RAZAOSOCIAL": "CENTRO_DE_FORMACAO_DE_CONDUTORES_OPCAO_II_S/S_LTDA", "ENDEE": "RUA_BERNARDINO_DE_CAMPOS_482_CENTRO_14815-000_IBATÉ_BRASIL", "LATITUDE": "-21.9551952", "LONGITUDE": "-47.995436", "LMAPS": "https://www.google.com/maps?q=&layer=c&cbll=-21.9551952,-47.995436", "O_QUE_FAZER": "CARTEIRA", "ER_REGIAO_CIDADE_min": "Ibaté_Araraquara" }, "geometry": { "type": "Point", "coordinates": [ -47.995436, -21.9551952 ] } },
{ "type": "Feature", "properties": { "CNPJ": "44353005000173", "IDCIDADE": "IBATÉ", "NOMEFANTASIA": "IBATE_CRÉDITO", "RAZAOSOCIAL": "MARCIO_RODRIGO_DA_SILVA_MOLINA", "ENDEE": "RUA_CONDE_DO_PINHAL_823_CENTRO_14815-000_IBATÉ_BRASIL", "LATITUDE": "-21.955856", "LONGITUDE": "-47.9982004", "LMAPS": "https://www.google.com/maps?q=&layer=c&cbll=-21.955856,-47.9982004", "O_QUE_FAZER": "CARTEIRA", "ER_REGIAO_CIDADE_min": "Ibaté_Araraquara" }, "geometry": { "type": "Point", "coordinates": [ -47.9982004, -21.955856 ] } },
{ "type": "Feature", "properties": { "CNPJ": "11311399000148", "IDCIDADE": "IBATÉ", "NOMEFANTASIA": "GINA_ESTETIC_CENTER", "RAZAOSOCIAL": "GINA_ESTETIC_CENTER_LTDA", "ENDEE": "RUA_CONDE_DO_PINHAL_857_CENTRO_14815-000_IBATÉ_BRASIL", "LATITUDE": "-21.9560385", "LONGITUDE": "-47.9980389", "LMAPS": "https://www.google.com/maps?q=&layer=c&cbll=-21.9560385,-47.9980389", "O_QUE_FAZER": "CARTEIRA", "ER_REGIAO_CIDADE_min": "Ibaté_Araraquara" }, "geometry": { "type": "Point", "coordinates": [ -47.9980389, -21.9560385 ] } },
{ "type": "Feature", "properties": { "CNPJ": "09327197000142", "IDCIDADE": "IBATÉ", "NOMEFANTASIA": "FRONTAL_10_MODAS", "RAZAOSOCIAL": "PIRADAO_DOS_BRINQUEDOS_LTDA", "ENDEE": "RUA_CONDE_DO_PINHAL_870_CENTRO_14815-000_IBATÉ_BRASIL", "LATITUDE": "-21.9562454", "LONGITUDE": "-47.9982842", "LMAPS": "https://www.google.com/maps?q=&layer=c&cbll=-21.9562454,-47.9982842", "O_QUE_FAZER": "CARTEIRA", "ER_REGIAO_CIDADE_min": "Ibaté_Araraquara" }, "geometry": { "type": "Point", "coordinates": [ -47.9982842, -21.9562454 ] } },
{ "type": "Feature", "properties": { "CNPJ": "01183430000159", "IDCIDADE": "IBATÉ", "NOMEFANTASIA": "BRANCO_IBELLI_MÓVEIS_E_VIDROS", "RAZAOSOCIAL": "OTAVIO_LUIS_CAMPANER_IBELLI", "ENDEE": "RUA_CONDE_DO_PINHAL_871_CENTRO_14815-000_IBATÉ_BRASIL", "LATITUDE": "-21.9561643", "LONGITUDE": "-47.9980739", "LMAPS": "https://www.google.com/maps?q=&layer=c&cbll=-21.9561643,-47.9980739", "O_QUE_FAZER": "CARTEIRA", "ER_REGIAO_CIDADE_min": "Ibaté_Araraquara" }, "geometry": { "type": "Point", "coordinates": [ -47.9980739, -21.9561643 ] } },
{ "type": "Feature", "properties": { "CNPJ": "55429948000159", "IDCIDADE": "IBATÉ", "NOMEFANTASIA": "MÓVEIS_VILA_VERDE", "RAZAOSOCIAL": "BUZO_&_CAVICHIOLI_LTDA", "ENDEE": "RUA_CONDE_DO_PINHAL_876_CENTRO_14815-000_IBATÉ_BRASIL", "LATITUDE": "-21.9563516", "LONGITUDE": "-47.9982531", "LMAPS": "https://www.google.com/maps?q=&layer=c&cbll=-21.9563516,-47.9982531", "O_QUE_FAZER": "CARTEIRA", "ER_REGIAO_CIDADE_min": "Ibaté_Araraquara" }, "geometry": { "type": "Point", "coordinates": [ -47.9982531, -21.9563516 ] } },
{ "type": "Feature", "properties": { "CNPJ": "15362294000179", "IDCIDADE": "IBATÉ", "NOMEFANTASIA": "LC_CRED", "RAZAOSOCIAL": "LUANA_CAMPOS", "ENDEE": "RUA_CONSELHEIRO_MOREIRA_DE_BARROS_802_CENTRO_14815-000_IBATÉ_BRASIL", "LATITUDE": "-21.956104", "LONGITUDE": "-47.9994213", "LMAPS": "https://www.google.com/maps?q=&layer=c&cbll=-21.956104,-47.9994213", "O_QUE_FAZER": "CARTEIRA", "ER_REGIAO_CIDADE_min": "Ibaté_Araraquara" }, "geometry": { "type": "Point", "coordinates": [ -47.9994213, -21.956104 ] } },
{ "type": "Feature", "properties": { "CNPJ": "00938485000169", "IDCIDADE": "IBATÉ", "NOMEFANTASIA": "BAR_DO_GUSTÃO", "RAZAOSOCIAL": "MARIA_DE_LOURDES_BERGAMO_PERUCHI", "ENDEE": "RUA_CONSELHEIRO_MOREIRA_DE_BARROS_823_CENTRO_14815-000_IBATÉ_BRASIL", "LATITUDE": "-21.9562655", "LONGITUDE": "-47.9989893", "LMAPS": "https://www.google.com/maps?q=&layer=c&cbll=-21.9562655,-47.9989893", "O_QUE_FAZER": "CARTEIRA", "ER_REGIAO_CIDADE_min": "Ibaté_Araraquara" }, "geometry": { "type": "Point", "coordinates": [ -47.9989893, -21.9562655 ] } },
{ "type": "Feature", "properties": { "CNPJ": "17172504000191", "IDCIDADE": "IBATÉ", "NOMEFANTASIA": "MAJU_MODAS", "RAZAOSOCIAL": "MARIA_DA_GLORIA_MAQUEDANO_SIVIERO", "ENDEE": "RUA_DOMINGOS_CARDOSO_446_SÃO_BENEDITO_14815-000_IBATÉ_BRASIL", "LATITUDE": "-21.9560563", "LONGITUDE": "-47.9939648", "LMAPS": "https://www.google.com/maps?q=&layer=c&cbll=-21.9560563,-47.9939648", "O_QUE_FAZER": "CARTEIRA", "ER_REGIAO_CIDADE_min": "Ibaté_Araraquara" }, "geometry": { "type": "Point", "coordinates": [ -47.9939648, -21.9560563 ] } },
{ "type": "Feature", "properties": { "CNPJ": "15435971000131", "IDCIDADE": "IBATÉ", "NOMEFANTASIA": "MERCADINHO_DO_NEGUINHO", "RAZAOSOCIAL": "VALDECIR_RODRIGUES_LEAL", "ENDEE": "RUA_DOURADO_13_JARDIM_CRUZADO_14815-000_IBATÉ_BRASIL", "LATITUDE": "-21.9351523", "LONGITUDE": "-48.0063448", "LMAPS": "https://www.google.com/maps?q=&layer=c&cbll=-21.9351523,-48.0063448", "O_QUE_FAZER": "CARTEIRA", "ER_REGIAO_CIDADE_min": "Ibaté_Araraquara" }, "geometry": { "type": "Point", "coordinates": [ -48.0063448, -21.9351523 ] } },
{ "type": "Feature", "properties": { "CNPJ": "05294073000157", "IDCIDADE": "IBATÉ", "NOMEFANTASIA": "RESTAURANTE_VENEZA", "RAZAOSOCIAL": "NEUZA_AFFONSO_VIRGILIO", "ENDEE": "RUA_DOUTOR_TEIXEIRA_DE_BARROS_222_CENTRO_14815-000_IBATÉ_BRASIL", "LATITUDE": "-21.9545234", "LONGITUDE": "-47.9982609", "LMAPS": "https://www.google.com/maps?q=&layer=c&cbll=-21.9545234,-47.9982609", "O_QUE_FAZER": "CARTEIRA", "ER_REGIAO_CIDADE_min": "Ibaté_Araraquara" }, "geometry": { "type": "Point", "coordinates": [ -47.9982609, -21.9545234 ] } },
{ "type": "Feature", "properties": { "CNPJ": "12041997000107", "IDCIDADE": "IBATÉ", "NOMEFANTASIA": "COPAG", "RAZAOSOCIAL": "COPAG_COMERCIO_DE_PARAFUSOS_EM_GERAL_EIRELI", "ENDEE": "RUA_DOUTOR_TEIXEIRA_DE_BARROS_223_CENTRO_14815-000_IBATÉ_BRASIL", "LATITUDE": "-21.9547489", "LONGITUDE": "-47.9981337", "LMAPS": "https://www.google.com/maps?q=&layer=c&cbll=-21.9547489,-47.9981337", "O_QUE_FAZER": "CARTEIRA", "ER_REGIAO_CIDADE_min": "Ibaté_Araraquara" }, "geometry": { "type": "Point", "coordinates": [ -47.9981337, -21.9547489 ] } },
{ "type": "Feature", "properties": { "CNPJ": "27175059000177", "IDCIDADE": "IBATÉ", "NOMEFANTASIA": "MATRIX_VARIEDADES", "RAZAOSOCIAL": "SERGIO_&_LEONARDO_ELETRO_ELETRONICOS_LTDA", "ENDEE": "RUA_DOUTOR_TEIXEIRA_DE_BARROS_268_CENTRO_14815-000_IBATÉ_BRASIL", "LATITUDE": "-21.954663", "LONGITUDE": "-47.9985868", "LMAPS": "https://www.google.com/maps?q=&layer=c&cbll=-21.954663,-47.9985868", "O_QUE_FAZER": "CARTEIRA", "ER_REGIAO_CIDADE_min": "Ibaté_Araraquara" }, "geometry": { "type": "Point", "coordinates": [ -47.9985868, -21.954663 ] } },
{ "type": "Feature", "properties": { "CNPJ": "07864008000145", "IDCIDADE": "IBATÉ", "NOMEFANTASIA": "MESSIAS_MATERIAIS_DE_CONSTRUÇÃO", "RAZAOSOCIAL": "FLAVIA_FERNANDA_DOS_SANTOS_DA_SILVA", "ENDEE": "RUA_DOUTOR_TEIXEIRA_DE_BARROS_70_CENTRO_14815-000_IBATÉ_BRASIL", "LATITUDE": "-21.9540449", "LONGITUDE": "-47.996617", "LMAPS": "https://www.google.com/maps?q=&layer=c&cbll=-21.9540449,-47.996617", "O_QUE_FAZER": "CARTEIRA", "ER_REGIAO_CIDADE_min": "Ibaté_Araraquara" }, "geometry": { "type": "Point", "coordinates": [ -47.996617, -21.9540449 ] } },
{ "type": "Feature", "properties": { "CNPJ": "46593984000162", "IDCIDADE": "IBATÉ", "NOMEFANTASIA": "DEPÓSITO_MESSIAS", "RAZAOSOCIAL": "LEONOR_MARIA_PEDRO_DOS_SANTOS", "ENDEE": "RUA_DOUTOR_TEIXEIRA_DE_BARROS_920_JARDIM_MARIANA_14815-000_IBATÉ_BRASIL", "LATITUDE": "-21.9571076", "LONGITUDE": "-48.0042085", "LMAPS": "https://www.google.com/maps?q=&layer=c&cbll=-21.9571076,-48.0042085", "O_QUE_FAZER": "CARTEIRA", "ER_REGIAO_CIDADE_min": "Ibaté_Araraquara" }, "geometry": { "type": "Point", "coordinates": [ -48.0042085, -21.9571076 ] } },
{ "type": "Feature", "properties": { "CNPJ": "09456258000171", "IDCIDADE": "IBATÉ", "NOMEFANTASIA": "AGROPECUÁRIA_SHALON", "RAZAOSOCIAL": "VALDIR_FERREIRA_DE_BRITO", "ENDEE": "RUA_EDUARDO_APREIA_64_VILA_BANDEIRANTES_14815-000_IBATÉ_BRASIL", "LATITUDE": "-21.9485582", "LONGITUDE": "-48.0025462", "LMAPS": "https://www.google.com/maps?q=&layer=c&cbll=-21.9485582,-48.0025462", "O_QUE_FAZER": "CARTEIRA", "ER_REGIAO_CIDADE_min": "Ibaté_Araraquara" }, "geometry": { "type": "Point", "coordinates": [ -48.0025462, -21.9485582 ] } },
{ "type": "Feature", "properties": { "CNPJ": "04348259000189", "IDCIDADE": "IBATÉ", "NOMEFANTASIA": "AGROPECUÁRIA_BRASIL", "RAZAOSOCIAL": "OSVALDO_DA_SILVA_IBATE", "ENDEE": "RUA_ETEVOR_NICOLAU_159_VILA_TAMOIO_14815-000_IBATÉ_BRASIL", "LATITUDE": "-21.9603459", "LONGITUDE": "-48.0057156", "LMAPS": "https://www.google.com/maps?q=&layer=c&cbll=-21.9603459,-48.0057156", "O_QUE_FAZER": "CARTEIRA", "ER_REGIAO_CIDADE_min": "Ibaté_Araraquara" }, "geometry": { "type": "Point", "coordinates": [ -48.0057156, -21.9603459 ] } },
{ "type": "Feature", "properties": { "CNPJ": "16930561000120", "IDCIDADE": "IBATÉ", "NOMEFANTASIA": "LAROCCA_MANUTENÇÃO_ELÉTRICA", "RAZAOSOCIAL": "TIAGO_HENRIQUE_LAROCCA", "ENDEE": "RUA_FLORIANO_PEIXOTO_1319_CENTRO_14815-000_IBATÉ_BRASIL", "LATITUDE": "-21.9602523", "LONGITUDE": "-48.0037251", "LMAPS": "https://www.google.com/maps?q=&layer=c&cbll=-21.9602523,-48.0037251", "O_QUE_FAZER": "CARTEIRA", "ER_REGIAO_CIDADE_min": "Ibaté_Araraquara" }, "geometry": { "type": "Point", "coordinates": [ -48.0037251, -21.9602523 ] } },
{ "type": "Feature", "properties": { "CNPJ": "00748338000126", "IDCIDADE": "IBATÉ", "NOMEFANTASIA": "IVANI_MODAS", "RAZAOSOCIAL": "MOISES_RODRIGUES_IBATE", "ENDEE": "RUA_FLORIANO_PEIXOTO_1619_CENTRO_14815-000_IBATÉ_BRASIL", "LATITUDE": "-21.9613753", "LONGITUDE": "-48.0063034", "LMAPS": "https://www.google.com/maps?q=&layer=c&cbll=-21.9613753,-48.0063034", "O_QUE_FAZER": "CARTEIRA", "ER_REGIAO_CIDADE_min": "Ibaté_Araraquara" }, "geometry": { "type": "Point", "coordinates": [ -48.0063034, -21.9613753 ] } },
{ "type": "Feature", "properties": { "CNPJ": "15761413000166", "IDCIDADE": "IBATÉ", "NOMEFANTASIA": "JUNIOR_VIDROS", "RAZAOSOCIAL": "LAERCIO_SALVADOR_DA_SILVA_JUNIOR", "ENDEE": "RUA_FLORIANO_PEIXOTO_1625_CENTRO_14815-000_IBATÉ_BRASIL", "LATITUDE": "-21.9613437", "LONGITUDE": "-48.0063855", "LMAPS": "https://www.google.com/maps?q=&layer=c&cbll=-21.9613437,-48.0063855", "O_QUE_FAZER": "CARTEIRA", "ER_REGIAO_CIDADE_min": "Ibaté_Araraquara" }, "geometry": { "type": "Point", "coordinates": [ -48.0063855, -21.9613437 ] } },
{ "type": "Feature", "properties": { "CNPJ": "26162026000120", "IDCIDADE": "IBATÉ", "NOMEFANTASIA": "IBATE_IMÓVEIS", "RAZAOSOCIAL": "MARTHA_APARECIDA_PELLENS_EUGENIO", "ENDEE": "RUA_FLORIANO_PEIXOTO_305_CENTRO_14815-000_IBATÉ_BRASIL", "LATITUDE": "-21.9562759", "LONGITUDE": "-47.9945604", "LMAPS": "https://www.google.com/maps?q=&layer=c&cbll=-21.9562759,-47.9945604", "O_QUE_FAZER": "CARTEIRA", "ER_REGIAO_CIDADE_min": "Ibaté_Araraquara" }, "geometry": { "type": "Point", "coordinates": [ -47.9945604, -21.9562759 ] } },
{ "type": "Feature", "properties": { "CNPJ": "20964627000170", "IDCIDADE": "IBATÉ", "NOMEFANTASIA": "ESCRITÓRIO_SÃO_BENEDITO", "RAZAOSOCIAL": "ESCRITORIO_DE_CONTABILIDADE_SAO_BENEDITO_LTDA", "ENDEE": "RUA_FLORIANO_PEIXOTO_485_CENTRO_14815-000_IBATÉ_BRASIL", "LATITUDE": "-21.956944", "LONGITUDE": "-47.9961049", "LMAPS": "https://www.google.com/maps?q=&layer=c&cbll=-21.956944,-47.9961049", "O_QUE_FAZER": "CARTEIRA", "ER_REGIAO_CIDADE_min": "Ibaté_Araraquara" }, "geometry": { "type": "Point", "coordinates": [ -47.9961049, -21.956944 ] } },
{ "type": "Feature", "properties": { "CNPJ": "02684909000131", "IDCIDADE": "IBATÉ", "NOMEFANTASIA": "BOTECO_DO_PANCHO", "RAZAOSOCIAL": "MARCIO_LUCIO_AGOSTINI", "ENDEE": "RUA_FLORIANO_PEIXOTO_611_CENTRO_14815-000_IBATÉ_BRASIL", "LATITUDE": "-21.9573919", "LONGITUDE": "-47.9972933", "LMAPS": "https://www.google.com/maps?q=&layer=c&cbll=-21.9573919,-47.9972933", "O_QUE_FAZER": "CARTEIRA", "ER_REGIAO_CIDADE_min": "Ibaté_Araraquara" }, "geometry": { "type": "Point", "coordinates": [ -47.9972933, -21.9573919 ] } },
{ "type": "Feature", "properties": { "CNPJ": "55547970000101", "IDCIDADE": "IBATÉ", "NOMEFANTASIA": "AUTO_ELÉTRICA_DELSIM", "RAZAOSOCIAL": "ANESIO_APARECIDO_DELSIM", "ENDEE": "RUA_FLORIANO_PEIXOTO_665_CENTRO_14815-000_IBATÉ_BRASIL", "LATITUDE": "-21.9576501", "LONGITUDE": "-47.9977578", "LMAPS": "https://www.google.com/maps?q=&layer=c&cbll=-21.9576501,-47.9977578", "O_QUE_FAZER": "CARTEIRA", "ER_REGIAO_CIDADE_min": "Ibaté_Araraquara" }, "geometry": { "type": "Point", "coordinates": [ -47.9977578, -21.9576501 ] } },
{ "type": "Feature", "properties": { "CNPJ": "27185210000158", "IDCIDADE": "IBATÉ", "NOMEFANTASIA": "BABALU_KIDS", "RAZAOSOCIAL": "VALMIRA_SILVA_SOUZA", "ENDEE": "RUA_FLORIANO_PEIXOTO_730_CENTRO_14815-000_IBATÉ_BRASIL", "LATITUDE": "-21.9578128", "LONGITUDE": "-47.9985953", "LMAPS": "https://www.google.com/maps?q=&layer=c&cbll=-21.9578128,-47.9985953", "O_QUE_FAZER": "CARTEIRA", "ER_REGIAO_CIDADE_min": "Ibaté_Araraquara" }, "geometry": { "type": "Point", "coordinates": [ -47.9985953, -21.9578128 ] } },
{ "type": "Feature", "properties": { "CNPJ": "17778250000150", "IDCIDADE": "IBATÉ", "NOMEFANTASIA": "GM_CONSTRUTORA", "RAZAOSOCIAL": "CONSTRUTORA_G_M_EIRELI", "ENDEE": "RUA_FLORIANO_PEIXOTO_76_CENTRO_14815-000_IBATÉ_BRASIL", "LATITUDE": "-21.9551647", "LONGITUDE": "-47.9926245", "LMAPS": "https://www.google.com/maps?q=&layer=c&cbll=-21.9551647,-47.9926245", "O_QUE_FAZER": "CARTEIRA", "ER_REGIAO_CIDADE_min": "Ibaté_Araraquara" }, "geometry": { "type": "Point", "coordinates": [ -47.9926245, -21.9551647 ] } },
{ "type": "Feature", "properties": { "CNPJ": "04290217000134", "IDCIDADE": "IBATÉ", "NOMEFANTASIA": "CASA_DO_PARAFUSO", "RAZAOSOCIAL": "SANTOS_&_MARCO_COMERCIO_DE_FERRAGENS_LTDA", "ENDEE": "RUA_HILARIO_VALCAZARA_22_VILA_BANDEIRANTES_14815-000_IBATÉ_BRASIL", "LATITUDE": "-21.9478052", "LONGITUDE": "-48.0005833", "LMAPS": "https://www.google.com/maps?q=&layer=c&cbll=-21.9478052,-48.0005833", "O_QUE_FAZER": "CARTEIRA", "ER_REGIAO_CIDADE_min": "Ibaté_Araraquara" }, "geometry": { "type": "Point", "coordinates": [ -48.0005833, -21.9478052 ] } },
{ "type": "Feature", "properties": { "CNPJ": "11393969000196", "IDCIDADE": "IBATÉ", "NOMEFANTASIA": "VOLPIAN_PLANEJADOS", "RAZAOSOCIAL": "ALESSANDRO_ANTONIO_VOLPIAN", "ENDEE": "RUA_JOÃO_ROSSITO_920_VILA_SANTA_TEREZINHA_14815-000_IBATÉ_BRASIL", "LATITUDE": "-21.9583152", "LONGITUDE": "-48.0015039", "LMAPS": "https://www.google.com/maps?q=&layer=c&cbll=-21.9583152,-48.0015039", "O_QUE_FAZER": "CARTEIRA", "ER_REGIAO_CIDADE_min": "Ibaté_Araraquara" }, "geometry": { "type": "Point", "coordinates": [ -48.0015039, -21.9583152 ] } },
{ "type": "Feature", "properties": { "CNPJ": "09622289000155", "IDCIDADE": "IBATÉ", "NOMEFANTASIA": "MASTER_CALHAS", "RAZAOSOCIAL": "ISAC_MASTER_CALHAS_IBATE_LTDA", "ENDEE": "RUA_JOSE_JUQUITA_RODRIGUES_184_ENCANTO_DO_PLANALTO_14815-000_IBATÉ_BRASIL", "LATITUDE": "-21.9518596", "LONGITUDE": "-47.9919698", "LMAPS": "https://www.google.com/maps?q=&layer=c&cbll=-21.9518596,-47.9919698", "O_QUE_FAZER": "CARTEIRA", "ER_REGIAO_CIDADE_min": "Ibaté_Araraquara" }, "geometry": { "type": "Point", "coordinates": [ -47.9919698, -21.9518596 ] } },
{ "type": "Feature", "properties": { "CNPJ": "39924921000186", "IDCIDADE": "IBATÉ", "NOMEFANTASIA": "BRUTAL_BIKE_SHOP", "RAZAOSOCIAL": "RODRIGO_CESAR_DANTAS_DA_SILVA", "ENDEE": "RUA_JOSÉ_LINHARES_41_VILA_SANTA_TEREZINHA_14815-000_IBATÉ_BRASIL", "LATITUDE": "-21.9580834", "LONGITUDE": "-48.0006682", "LMAPS": "https://www.google.com/maps?q=&layer=c&cbll=-21.9580834,-48.0006682", "O_QUE_FAZER": "CARTEIRA", "ER_REGIAO_CIDADE_min": "Ibaté_Araraquara" }, "geometry": { "type": "Point", "coordinates": [ -48.0006682, -21.9580834 ] } },
{ "type": "Feature", "properties": { "CNPJ": "11808749000186", "IDCIDADE": "IBATÉ", "NOMEFANTASIA": "BAR_DO_LO", "RAZAOSOCIAL": "MIRIAN_CLAUDIANO_DOS_SANTOS_LANCHONETE", "ENDEE": "RUA_JOSÉ_MENZANI_346_JARDIM_NOSSA_SENHORA_APARECIDA_14815-000_IBATÉ_BRASIL", "LATITUDE": "-21.9584284", "LONGITUDE": "-48.0160533", "LMAPS": "https://www.google.com/maps?q=&layer=c&cbll=-21.9584284,-48.0160533", "O_QUE_FAZER": "CARTEIRA", "ER_REGIAO_CIDADE_min": "Ibaté_Araraquara" }, "geometry": { "type": "Point", "coordinates": [ -48.0160533, -21.9584284 ] } },
{ "type": "Feature", "properties": { "CNPJ": "05035991000161", "IDCIDADE": "IBATÉ", "NOMEFANTASIA": "MERCADO_PEREIRA", "RAZAOSOCIAL": "ADOALDO_PEREIRA_AGUIAR", "ENDEE": "RUA_JOSÉ_MENZANI_350_JARDIM_NOSSA_SENHORA_APARECIDA_14815-000_IBATÉ_BRASIL", "LATITUDE": "-21.9584436", "LONGITUDE": "-48.0161364", "LMAPS": "https://www.google.com/maps?q=&layer=c&cbll=-21.9584436,-48.0161364", "O_QUE_FAZER": "CARTEIRA", "ER_REGIAO_CIDADE_min": "Ibaté_Araraquara" }, "geometry": { "type": "Point", "coordinates": [ -48.0161364, -21.9584436 ] } },
{ "type": "Feature", "properties": { "CNPJ": "12479362000196", "IDCIDADE": "IBATÉ", "NOMEFANTASIA": "CASA_DO_NORTE_APARECIDA", "RAZAOSOCIAL": "CLAUDIO_S._SOUZA_ARMARINHO", "ENDEE": "RUA_JOSÉ_MENZANI_370_JARDIM_NOSSA_SENHORA_APARECIDA_14815-000_IBATÉ_BRASIL", "LATITUDE": "-21.9583796", "LONGITUDE": "-48.0163234", "LMAPS": "https://www.google.com/maps?q=&layer=c&cbll=-21.9583796,-48.0163234", "O_QUE_FAZER": "CARTEIRA", "ER_REGIAO_CIDADE_min": "Ibaté_Araraquara" }, "geometry": { "type": "Point", "coordinates": [ -48.0163234, -21.9583796 ] } },
{ "type": "Feature", "properties": { "CNPJ": "13723539000110", "IDCIDADE": "IBATÉ", "NOMEFANTASIA": "COBERTURA_STYLE", "RAZAOSOCIAL": "ROBERTO_VANDEILSON_CORREIA_DOS_SANTOS", "ENDEE": "RUA_JOSÉ_MENZANI_402_JARDIM_NOSSA_SENHORA_APARECIDA_14815-000_IBATÉ_BRASIL", "LATITUDE": "-21.9583154", "LONGITUDE": "-48.016511", "LMAPS": "https://www.google.com/maps?q=&layer=c&cbll=-21.9583154,-48.016511", "O_QUE_FAZER": "CARTEIRA", "ER_REGIAO_CIDADE_min": "Ibaté_Araraquara" }, "geometry": { "type": "Point", "coordinates": [ -48.016511, -21.9583154 ] } },
{ "type": "Feature", "properties": { "CNPJ": "14355030000125", "IDCIDADE": "IBATÉ", "NOMEFANTASIA": "LAVA_RÁPIDO_CHICAO", "RAZAOSOCIAL": "FRANCISCO_ANANIAS_DOS_SANTOS_JUNIOR_LAVA_RAPIDO", "ENDEE": "RUA_MAJOR_JOSÉ_INACIO_161_CENTRO_14815-000_IBATÉ_BRASIL", "LATITUDE": "-21.9530959", "LONGITUDE": "-47.9971506", "LMAPS": "https://www.google.com/maps?q=&layer=c&cbll=-21.9530959,-47.9971506", "O_QUE_FAZER": "CARTEIRA", "ER_REGIAO_CIDADE_min": "Ibaté_Araraquara" }, "geometry": { "type": "Point", "coordinates": [ -47.9971506, -21.9530959 ] } },
{ "type": "Feature", "properties": { "CNPJ": "22782365000158", "IDCIDADE": "IBATÉ", "NOMEFANTASIA": "MERCADO_DIA_A_DIA", "RAZAOSOCIAL": "CICERO_MONTEIRO_DA_SILVA_MINIMERCADO", "ENDEE": "RUA_MARIA_HELENA_STAINE_GIRO_243_JARDIM_AMERICA_14815-000_IBATÉ_BRASIL", "LATITUDE": "-21.9418445", "LONGITUDE": "-48.0003847", "LMAPS": "https://www.google.com/maps?q=&layer=c&cbll=-21.9418445,-48.0003847", "O_QUE_FAZER": "CARTEIRA", "ER_REGIAO_CIDADE_min": "Ibaté_Araraquara" }, "geometry": { "type": "Point", "coordinates": [ -48.0003847, -21.9418445 ] } },
{ "type": "Feature", "properties": { "CNPJ": "19729186000142", "IDCIDADE": "IBATÉ", "NOMEFANTASIA": "MERCADINHO_MARCELINHO", "RAZAOSOCIAL": "RENATA_DE_OLIVEIRA_FERREIRA_MINIMERCADO", "ENDEE": "RUA_NICOLA_HERCOLI_437_JARDIM_NOSSA_SENHORA_APARECIDA_14815-000_IBATÉ_BRASIL", "LATITUDE": "-21.9580162", "LONGITUDE": "-48.0171896", "LMAPS": "https://www.google.com/maps?q=&layer=c&cbll=-21.9580162,-48.0171896", "O_QUE_FAZER": "CARTEIRA", "ER_REGIAO_CIDADE_min": "Ibaté_Araraquara" }, "geometry": { "type": "Point", "coordinates": [ -48.0171896, -21.9580162 ] } },
{ "type": "Feature", "properties": { "CNPJ": "08900017000107", "IDCIDADE": "IBATÉ", "NOMEFANTASIA": "JC_CIMENTOS", "RAZAOSOCIAL": "JULIO_CESAR_FERREIRA_RODRIGUES", "ENDEE": "RUA_NICOLA_HERCOLI_487_JARDIM_NOSSA_SENHORA_APARECIDA_14815-000_IBATÉ_BRASIL", "LATITUDE": "-21.9574416", "LONGITUDE": "-48.0168751", "LMAPS": "https://www.google.com/maps?q=&layer=c&cbll=-21.9574416,-48.0168751", "O_QUE_FAZER": "CARTEIRA", "ER_REGIAO_CIDADE_min": "Ibaté_Araraquara" }, "geometry": { "type": "Point", "coordinates": [ -48.0168751, -21.9574416 ] } },
{ "type": "Feature", "properties": { "CNPJ": "21215068000168", "IDCIDADE": "IBATÉ", "NOMEFANTASIA": "DROGARIA_TOTAL", "RAZAOSOCIAL": "DENIS_LIGEIRO", "ENDEE": "RUA_ORESTE_DEL_PONTE_396_JARDIM_ICARAI_14815-000_IBATÉ_BRASIL", "LATITUDE": "-21.9608391", "LONGITUDE": "-48.0167191", "LMAPS": "https://www.google.com/maps?q=&layer=c&cbll=-21.9608391,-48.0167191", "O_QUE_FAZER": "CARTEIRA", "ER_REGIAO_CIDADE_min": "Ibaté_Araraquara" }, "geometry": { "type": "Point", "coordinates": [ -48.0167191, -21.9608391 ] } },
{ "type": "Feature", "properties": { "CNPJ": "06046509000151", "IDCIDADE": "IBATÉ", "NOMEFANTASIA": "AGROPECUÁRIA_ALQUIMIA", "RAZAOSOCIAL": "MARIA_SILVANIA_SIMONE_TREVISAN", "ENDEE": "RUA_ORESTE_DEL_PONTE_426_JARDIM_ICARAI_14815-000_IBATÉ_BRASIL", "LATITUDE": "-21.9610384", "LONGITUDE": "-48.0170444", "LMAPS": "https://www.google.com/maps?q=&layer=c&cbll=-21.9610384,-48.0170444", "O_QUE_FAZER": "CARTEIRA", "ER_REGIAO_CIDADE_min": "Ibaté_Araraquara" }, "geometry": { "type": "Point", "coordinates": [ -48.0170444, -21.9610384 ] } },
{ "type": "Feature", "properties": { "CNPJ": "68194471000111", "IDCIDADE": "IBATÉ", "NOMEFANTASIA": "DROGARIA_BANDEIRANTE", "RAZAOSOCIAL": "IRMAOS_DE_MARCO_LTDA", "ENDEE": "RUA_PASCHOAL_IBELLI_44_VILA_BANDEIRANTES_14815-000_IBATÉ_BRASIL", "LATITUDE": "-21.9484562", "LONGITUDE": "-48.002983", "LMAPS": "https://www.google.com/maps?q=&layer=c&cbll=-21.9484562,-48.002983", "O_QUE_FAZER": "CARTEIRA", "ER_REGIAO_CIDADE_min": "Ibaté_Araraquara" }, "geometry": { "type": "Point", "coordinates": [ -48.002983, -21.9484562 ] } },
{ "type": "Feature", "properties": { "CNPJ": "15318544000173", "IDCIDADE": "IBATÉ", "NOMEFANTASIA": "LG_CONTABILIDADE", "RAZAOSOCIAL": "FERNANDA_ESCUDERO", "ENDEE": "RUA_PAULINO_CARLOS_765_CENTRO_14815-000_IBATÉ_BRASIL", "LATITUDE": "-21.953684", "LONGITUDE": "-47.9970325", "LMAPS": "https://www.google.com/maps?q=&layer=c&cbll=-21.953684,-47.9970325", "O_QUE_FAZER": "CARTEIRA", "ER_REGIAO_CIDADE_min": "Ibaté_Araraquara" }, "geometry": { "type": "Point", "coordinates": [ -47.9970325, -21.953684 ] } },
{ "type": "Feature", "properties": { "CNPJ": "40131413000120", "IDCIDADE": "IBATÉ", "NOMEFANTASIA": "CEM_LIMITES", "RAZAOSOCIAL": "100_LIMITES_SPORTWEAR_BIKE_E_CIA_LTDA", "ENDEE": "RUA_PAULINO_CARLOS_891_CENTRO_14815-000_IBATÉ_BRASIL", "LATITUDE": "-21.9546549", "LONGITUDE": "-47.9965649", "LMAPS": "https://www.google.com/maps?q=&layer=c&cbll=-21.9546549,-47.9965649", "O_QUE_FAZER": "CARTEIRA", "ER_REGIAO_CIDADE_min": "Ibaté_Araraquara" }, "geometry": { "type": "Point", "coordinates": [ -47.9965649, -21.9546549 ] } },
{ "type": "Feature", "properties": { "CNPJ": "05673307000177", "IDCIDADE": "IBATÉ", "NOMEFANTASIA": "PADARIA_ICARAÍ", "RAZAOSOCIAL": "RAFAELSON_RIBEIRO_DE_CINTRA", "ENDEE": "RUA_PEDRO_RONCHIN_263_JARDIM_ICARAI_14815-000_IBATÉ_BRASIL", "LATITUDE": "-21.9595714", "LONGITUDE": "-48.0160178", "LMAPS": "https://www.google.com/maps?q=&layer=c&cbll=-21.9595714,-48.0160178", "O_QUE_FAZER": "CARTEIRA", "ER_REGIAO_CIDADE_min": "Ibaté_Araraquara" }, "geometry": { "type": "Point", "coordinates": [ -48.0160178, -21.9595714 ] } },
{ "type": "Feature", "properties": { "CNPJ": "23334326000150", "IDCIDADE": "IBATÉ", "NOMEFANTASIA": "SKINAO_DEPÓSITO_DE_BEBIDAS", "RAZAOSOCIAL": "ALINE_CRISTINA_BERNARDO_DA_SILVA_VARIEDADES", "ENDEE": "RUA_SANTA_IRIA_1418_CENTRO_14815-000_IBATÉ_BRASIL", "LATITUDE": "-21.9591493", "LONGITUDE": "-48.0066255", "LMAPS": "https://www.google.com/maps?q=&layer=c&cbll=-21.9591493,-48.0066255", "O_QUE_FAZER": "CARTEIRA", "ER_REGIAO_CIDADE_min": "Ibaté_Araraquara" }, "geometry": { "type": "Point", "coordinates": [ -48.0066255, -21.9591493 ] } },
{ "type": "Feature", "properties": { "CNPJ": "28392517000354", "IDCIDADE": "IBATÉ", "NOMEFANTASIA": "MR_CRED", "RAZAOSOCIAL": "MONICA_RODRIGUES_GAMEIRO", "ENDEE": "RUA_SANTA_IRIA_171_CENTRO_14815-000_IBATÉ_BRASIL", "LATITUDE": "-21.9545479", "LONGITUDE": "-47.9952945", "LMAPS": "https://www.google.com/maps?q=&layer=c&cbll=-21.9545479,-47.9952945", "O_QUE_FAZER": "CARTEIRA", "ER_REGIAO_CIDADE_min": "Ibaté_Araraquara" }, "geometry": { "type": "Point", "coordinates": [ -47.9952945, -21.9545479 ] } },
{ "type": "Feature", "properties": { "CNPJ": "08369987000128", "IDCIDADE": "IBATÉ", "NOMEFANTASIA": "JETEC_CELULARES", "RAZAOSOCIAL": "JEFERSON_PIOVEZAN", "ENDEE": "RUA_SANTA_IRIA_545_CENTRO_14815-000_IBATÉ_BRASIL", "LATITUDE": "-21.9559892", "LONGITUDE": "-47.9986408", "LMAPS": "https://www.google.com/maps?q=&layer=c&cbll=-21.9559892,-47.9986408", "O_QUE_FAZER": "CARTEIRA", "ER_REGIAO_CIDADE_min": "Ibaté_Araraquara" }, "geometry": { "type": "Point", "coordinates": [ -47.9986408, -21.9559892 ] } },
{ "type": "Feature", "properties": { "CNPJ": "05434720000189", "IDCIDADE": "IBATÉ", "NOMEFANTASIA": "TRIBO_DO_SOL", "RAZAOSOCIAL": "CARINA_FERRARI_GINI", "ENDEE": "RUA_SANTA_IRIA_557_CENTRO_14815-000_IBATÉ_BRASIL", "LATITUDE": "-21.9560702", "LONGITUDE": "-47.9987131", "LMAPS": "https://www.google.com/maps?q=&layer=c&cbll=-21.9560702,-47.9987131", "O_QUE_FAZER": "CARTEIRA", "ER_REGIAO_CIDADE_min": "Ibaté_Araraquara" }, "geometry": { "type": "Point", "coordinates": [ -47.9987131, -21.9560702 ] } },
{ "type": "Feature", "properties": { "CNPJ": "05165982000195", "IDCIDADE": "IBATÉ", "NOMEFANTASIA": "JR_CUSTOMIZAÇÃO", "RAZAOSOCIAL": "NELSON_BIANCHI_GIALORENCO_JUNIOR_IBATE", "ENDEE": "RUA_SANTA_IRIA_736_CENTRO_14815-000_IBATÉ_BRASIL", "LATITUDE": "-21.9564146", "LONGITUDE": "-48.0004383", "LMAPS": "https://www.google.com/maps?q=&layer=c&cbll=-21.9564146,-48.0004383", "O_QUE_FAZER": "CARTEIRA", "ER_REGIAO_CIDADE_min": "Ibaté_Araraquara" }, "geometry": { "type": "Point", "coordinates": [ -48.0004383, -21.9564146 ] } },
{ "type": "Feature", "properties": { "CNPJ": "35703771000120", "IDCIDADE": "IBATÉ", "NOMEFANTASIA": "QUALI_CLÍNICA", "RAZAOSOCIAL": "QUALI_CLINICA_SERVICOS_MEDICOS_LTDA", "ENDEE": "RUA_SANTA_IRIA_746_CENTRO_14815-000_IBATÉ_BRASIL", "LATITUDE": "-21.9564615", "LONGITUDE": "-48.0005046", "LMAPS": "https://www.google.com/maps?q=&layer=c&cbll=-21.9564615,-48.0005046", "O_QUE_FAZER": "CARTEIRA", "ER_REGIAO_CIDADE_min": "Ibaté_Araraquara" }, "geometry": { "type": "Point", "coordinates": [ -48.0005046, -21.9564615 ] } },
{ "type": "Feature", "properties": { "CNPJ": "09565385000109", "IDCIDADE": "IBATÉ", "NOMEFANTASIA": "BAR_DO_DI", "RAZAOSOCIAL": "EDVALDO_MARTINS_LANCHONETE", "ENDEE": "RUA_SANTA_IRIA_800_CENTRO_14815-000_IBATÉ_BRASIL", "LATITUDE": "-21.9566783", "LONGITUDE": "-48.001004", "LMAPS": "https://www.google.com/maps?q=&layer=c&cbll=-21.9566783,-48.001004", "O_QUE_FAZER": "CARTEIRA", "ER_REGIAO_CIDADE_min": "Ibaté_Araraquara" }, "geometry": { "type": "Point", "coordinates": [ -48.001004, -21.9566783 ] } },
{ "type": "Feature", "properties": { "CNPJ": "62865456000171", "IDCIDADE": "IBATÉ", "NOMEFANTASIA": "SUPERMERCADO_REAL", "RAZAOSOCIAL": "LAUDINEI_FERREIRA_DOS_SANTOS_IBATE", "ENDEE": "RUA_SANTE_TERSIGNI_177_JARDIM_ICARAI_14815-000_IBATÉ_BRASIL", "LATITUDE": "-21.9611221", "LONGITUDE": "-48.0141012", "LMAPS": "https://www.google.com/maps?q=&layer=c&cbll=-21.9611221,-48.0141012", "O_QUE_FAZER": "CARTEIRA", "ER_REGIAO_CIDADE_min": "Ibaté_Araraquara" }, "geometry": { "type": "Point", "coordinates": [ -48.0141012, -21.9611221 ] } },
{ "type": "Feature", "properties": { "CNPJ": "21021818000160", "IDCIDADE": "IBATÉ", "NOMEFANTASIA": "JEFERSON_PAULO_TABARINI", "RAZAOSOCIAL": "JEFERSON_PAULO_TABARINI", "ENDEE": "RUA_SANTE_TERSIGNI_224_JARDIM_ICARAI_14815-000_IBATÉ_BRASIL", "LATITUDE": "-21.9611311", "LONGITUDE": "-48.0146931", "LMAPS": "https://www.google.com/maps?q=&layer=c&cbll=-21.9611311,-48.0146931", "O_QUE_FAZER": "CARTEIRA", "ER_REGIAO_CIDADE_min": "Ibaté_Araraquara" }, "geometry": { "type": "Point", "coordinates": [ -48.0146931, -21.9611311 ] } },
{ "type": "Feature", "properties": { "CNPJ": "26127806000139", "IDCIDADE": "IBATÉ", "NOMEFANTASIA": "CASA_DAS_COISAS_MATERIAL_PARA_CONSTRUÇÃO", "RAZAOSOCIAL": "MARIA_IVANILDE_RODRIGUES_ALMEIDA_RIOS", "ENDEE": "RUA_SEBASTIÃO_GOMES_46_JARDIM_AMÉRICA_14815-000_IBATÉ_BRASIL", "LATITUDE": "-21.940427", "LONGITUDE": "-48.0013948", "LMAPS": "https://www.google.com/maps?q=&layer=c&cbll=-21.940427,-48.0013948", "O_QUE_FAZER": "CARTEIRA", "ER_REGIAO_CIDADE_min": "Ibaté_Araraquara" }, "geometry": { "type": "Point", "coordinates": [ -48.0013948, -21.940427 ] } },
{ "type": "Feature", "properties": { "CNPJ": "11609892000149", "IDCIDADE": "IBATÉ", "NOMEFANTASIA": "BAR_SEU_DAVI", "RAZAOSOCIAL": "DINALVA_ALVES_DA_SILVA_LANCHONETE", "ENDEE": "RUA_SEBASTIÃO_GOMES_82_JARDIM_AMERICA_14815-000_IBATÉ_BRASIL", "LATITUDE": "-21.9401955", "LONGITUDE": "-48.0013177", "LMAPS": "https://www.google.com/maps?q=&layer=c&cbll=-21.9401955,-48.0013177", "O_QUE_FAZER": "CARTEIRA", "ER_REGIAO_CIDADE_min": "Ibaté_Araraquara" }, "geometry": { "type": "Point", "coordinates": [ -48.0013177, -21.9401955 ] } },
{ "type": "Feature", "properties": { "CNPJ": "11513625000173", "IDCIDADE": "IBATÉ", "NOMEFANTASIA": "RILTON_PNEUS", "RAZAOSOCIAL": "RILTON_PEREIRA_DE_ALMEIDA", "ENDEE": "RUA_TABATINGA_12_JARDIM_CRUZADO_14815-000_IBATÉ_BRASIL", "LATITUDE": "-21.9363531", "LONGITUDE": "-48.0044308", "LMAPS": "https://www.google.com/maps?q=&layer=c&cbll=-21.9363531,-48.0044308", "O_QUE_FAZER": "CARTEIRA", "ER_REGIAO_CIDADE_min": "Ibaté_Araraquara" }, "geometry": { "type": "Point", "coordinates": [ -48.0044308, -21.9363531 ] } },
{ "type": "Feature", "properties": { "CNPJ": "10813776000184", "IDCIDADE": "IBATÉ", "NOMEFANTASIA": "DROGARIA_DO_ADAUTO", "RAZAOSOCIAL": "ZAVAGLIA_&_GOMES_COMERCIO_DE_PRODUTOS_FARMACEUTICOS_LTDA", "ENDEE": "RUA_TABATINGA_202_JARDIM_CRUZADO_14815-000_IBATÉ_BRASIL", "LATITUDE": "-21.9349711", "LONGITUDE": "-48.0033207", "LMAPS": "https://www.google.com/maps?q=&layer=c&cbll=-21.9349711,-48.0033207", "O_QUE_FAZER": "CARTEIRA", "ER_REGIAO_CIDADE_min": "Ibaté_Araraquara" }, "geometry": { "type": "Point", "coordinates": [ -48.0033207, -21.9349711 ] } },
{ "type": "Feature", "properties": { "CNPJ": "29259657000150", "IDCIDADE": "IBATÉ", "NOMEFANTASIA": "PANIFICADORA_MATOS", "RAZAOSOCIAL": "J_S_LIMA_PANIFICADORA", "ENDEE": "RUA_TABATINGA_242_JARDIM_CRUZADO_14815-000_IBATÉ_BRASIL", "LATITUDE": "-21.9344359", "LONGITUDE": "-48.0028691", "LMAPS": "https://www.google.com/maps?q=&layer=c&cbll=-21.9344359,-48.0028691", "O_QUE_FAZER": "CARTEIRA", "ER_REGIAO_CIDADE_min": "Ibaté_Araraquara" }, "geometry": { "type": "Point", "coordinates": [ -48.0028691, -21.9344359 ] } },
{ "type": "Feature", "properties": { "CNPJ": "18358446000158", "IDCIDADE": "IBATÉ", "NOMEFANTASIA": "MERCEARIA_FERREIRA", "RAZAOSOCIAL": "NORMEIDE_FERREIRA_GOMES_ALMEIDA", "ENDEE": "RUA_TABATINGA_272_JARDIM_CRUZADO_14815-000_IBATÉ_BRASIL", "LATITUDE": "-21.9344018", "LONGITUDE": "-48.0028763", "LMAPS": "https://www.google.com/maps?q=&layer=c&cbll=-21.9344018,-48.0028763", "O_QUE_FAZER": "CARTEIRA", "ER_REGIAO_CIDADE_min": "Ibaté_Araraquara" }, "geometry": { "type": "Point", "coordinates": [ -48.0028763, -21.9344018 ] } },
{ "type": "Feature", "properties": { "CNPJ": "13642535000108", "IDCIDADE": "IBATÉ", "NOMEFANTASIA": "FLOR_DE_PIMENTA", "RAZAOSOCIAL": "REGIANA_LOURENCO_DA_SILVA", "ENDEE": "RUA_TABATINGA_46_JARDIM_CRUZADO_14815-000_IBATÉ_BRASIL", "LATITUDE": "-21.9360618", "LONGITUDE": "-48.0041826", "LMAPS": "https://www.google.com/maps?q=&layer=c&cbll=-21.9360618,-48.0041826", "O_QUE_FAZER": "CARTEIRA", "ER_REGIAO_CIDADE_min": "Ibaté_Araraquara" }, "geometry": { "type": "Point", "coordinates": [ -48.0041826, -21.9360618 ] } },
{ "type": "Feature", "properties": { "CNPJ": "28232125000166", "IDCIDADE": "IBATÉ", "NOMEFANTASIA": "LR_AGROPECUÁRIA", "RAZAOSOCIAL": "MACIA_MARIA_DOS_SANTOS_GADANHO", "ENDEE": "RUA_TAQUARITINGA_165_JARDIM_CRUZADO_14815-000_IBATÉ_BRASIL", "LATITUDE": "-21.9376878", "LONGITUDE": "-47.998377", "LMAPS": "https://www.google.com/maps?q=&layer=c&cbll=-21.9376878,-47.998377", "O_QUE_FAZER": "CARTEIRA", "ER_REGIAO_CIDADE_min": "Ibaté_Araraquara" }, "geometry": { "type": "Point", "coordinates": [ -47.998377, -21.9376878 ] } },
{ "type": "Feature", "properties": { "CNPJ": "26636724000110", "IDCIDADE": "IBATÉ", "NOMEFANTASIA": "CASA_DE_CARNES_CONFIANÇA", "RAZAOSOCIAL": "CASA_DE_CARNES_CONFIANCA_LTDA", "ENDEE": "RUA_TAQUARITINGA_275_JARDIM_CRUZADO_14815-000_IBATÉ_BRASIL", "LATITUDE": "-21.936894", "LONGITUDE": "-48.0041545", "LMAPS": "https://www.google.com/maps?q=&layer=c&cbll=-21.936894,-48.0041545", "O_QUE_FAZER": "CARTEIRA", "ER_REGIAO_CIDADE_min": "Ibaté_Araraquara" }, "geometry": { "type": "Point", "coordinates": [ -48.0041545, -21.936894 ] } },
{ "type": "Feature", "properties": { "CNPJ": "21914698000120", "IDCIDADE": "IBATÉ", "NOMEFANTASIA": "PADARIA_LG", "RAZAOSOCIAL": "GILMA_NASCIMENTO_DE_SOUZA", "ENDEE": "RUA_TAQUARITINGA_515_JARDIM_CRUZADO_14815-000_IBATÉ_BRASIL", "LATITUDE": "-21.9353162", "LONGITUDE": "-48.0062731", "LMAPS": "https://www.google.com/maps?q=&layer=c&cbll=-21.9353162,-48.0062731", "O_QUE_FAZER": "CARTEIRA", "ER_REGIAO_CIDADE_min": "Ibaté_Araraquara" }, "geometry": { "type": "Point", "coordinates": [ -48.0062731, -21.9353162 ] } },
{ "type": "Feature", "properties": { "CNPJ": "06962978000110", "IDCIDADE": "IBATÉ", "NOMEFANTASIA": "STLIO_MODA_EVANGELICA", "RAZAOSOCIAL": "MARIA_DO_CARMO_ROSA_PEREIRA", "ENDEE": "RUA_TERIGE_MACERA_26_CONJUNTO_HABITACIONAL_NELLO_MORGANTI_14815-000_IBATÉ_BRASIL", "LATITUDE": "-21.9585973", "LONGITUDE": "-47.9864556", "LMAPS": "https://www.google.com/maps?q=&layer=c&cbll=-21.9585973,-47.9864556", "O_QUE_FAZER": "CARTEIRA", "ER_REGIAO_CIDADE_min": "Ibaté_Araraquara" }, "geometry": { "type": "Point", "coordinates": [ -47.9864556, -21.9585973 ] } },
{ "type": "Feature", "properties": { "CNPJ": "05740520000154", "IDCIDADE": "IBATÉ", "NOMEFANTASIA": "CICLO_SERAFIM", "RAZAOSOCIAL": "SERAFIM_&_SERAFIM_IBATE_LTDA", "ENDEE": "RUA_TIRADENTES_227_SÃO_BENEDITO_14815-000_IBATÉ_BRASIL", "LATITUDE": "-21.9555293", "LONGITUDE": "-47.9928908", "LMAPS": "https://www.google.com/maps?q=&layer=c&cbll=-21.9555293,-47.9928908", "O_QUE_FAZER": "CARTEIRA", "ER_REGIAO_CIDADE_min": "Ibaté_Araraquara" }, "geometry": { "type": "Point", "coordinates": [ -47.9928908, -21.9555293 ] } },
{ "type": "Feature", "properties": { "CNPJ": "09226329000140", "IDCIDADE": "IBATÉ", "NOMEFANTASIA": "MVK_STUDIO", "RAZAOSOCIAL": "RENATA_MARCELA_GOMES_ESTETICA", "ENDEE": "RUA_VISCONDE_DE_PELOTAS_1084_SANTA_TEREZINHA_14815-000_IBATÉ_BRASIL", "LATITUDE": "-21.958347", "LONGITUDE": "-48.0022861", "LMAPS": "https://www.google.com/maps?q=&layer=c&cbll=-21.958347,-48.0022861", "O_QUE_FAZER": "CARTEIRA", "ER_REGIAO_CIDADE_min": "Ibaté_Araraquara" }, "geometry": { "type": "Point", "coordinates": [ -48.0022861, -21.958347 ] } },
{ "type": "Feature", "properties": { "CNPJ": "05438444000127", "IDCIDADE": "IBATÉ", "NOMEFANTASIA": "CAEMAN_CONTABILIDADE", "RAZAOSOCIAL": "ESCRITORIO_DE_CONTABILIDADE_E_AUDITORIA_IBATE_-_EIRELI", "ENDEE": "RUA_VISCONDE_DE_PELOTAS_1227_SANTA_TEREZINHA_14815-000_IBATÉ_BRASIL", "LATITUDE": "-21.9591125", "LONGITUDE": "-48.0033791", "LMAPS": "https://www.google.com/maps?q=&layer=c&cbll=-21.9591125,-48.0033791", "O_QUE_FAZER": "CARTEIRA", "ER_REGIAO_CIDADE_min": "Ibaté_Araraquara" }, "geometry": { "type": "Point", "coordinates": [ -48.0033791, -21.9591125 ] } },
{ "type": "Feature", "properties": { "CNPJ": "11253584000123", "IDCIDADE": "IBATÉ", "NOMEFANTASIA": "BELLA_CALÇADOS", "RAZAOSOCIAL": "LEDA_CRISTIANE_DIAS_RICARDO_MARQUES", "ENDEE": "RUA_VISCONDE_DE_PELOTAS_1300_SANTA_TEREZINHA_14815-000_IBATÉ_BRASIL", "LATITUDE": "-21.9590847", "LONGITUDE": "-48.0041424", "LMAPS": "https://www.google.com/maps?q=&layer=c&cbll=-21.9590847,-48.0041424", "O_QUE_FAZER": "CARTEIRA", "ER_REGIAO_CIDADE_min": "Ibaté_Araraquara" }, "geometry": { "type": "Point", "coordinates": [ -48.0041424, -21.9590847 ] } },
{ "type": "Feature", "properties": { "CNPJ": "50768431000170", "IDCIDADE": "IBATÉ", "NOMEFANTASIA": "LOJA_DO_CUPIRA", "RAZAOSOCIAL": "ANTONIO_JOSE_MARCELINO_DA_SILVA", "ENDEE": "RUA_VISCONDE_DE_PELOTAS_1419_SANTA_TEREZINHA_14815-000_IBATÉ_BRASIL", "LATITUDE": "-21.9599118", "LONGITUDE": "-48.0051933", "LMAPS": "https://www.google.com/maps?q=&layer=c&cbll=-21.9599118,-48.0051933", "O_QUE_FAZER": "CARTEIRA", "ER_REGIAO_CIDADE_min": "Ibaté_Araraquara" }, "geometry": { "type": "Point", "coordinates": [ -48.0051933, -21.9599118 ] } },
{ "type": "Feature", "properties": { "CNPJ": "00608725000167", "IDCIDADE": "IBATÉ", "NOMEFANTASIA": "LOJA_MATUBARU", "RAZAOSOCIAL": "LOJA_MATUBARO_LTDA", "ENDEE": "RUA_VISCONDE_DE_PELOTAS_323_CENTRO_14815-000_IBATÉ_BRASIL", "LATITUDE": "-21.9556244", "LONGITUDE": "-47.9955177", "LMAPS": "https://www.google.com/maps?q=&layer=c&cbll=-21.9556244,-47.9955177", "O_QUE_FAZER": "CARTEIRA", "ER_REGIAO_CIDADE_min": "Ibaté_Araraquara" }, "geometry": { "type": "Point", "coordinates": [ -47.9955177, -21.9556244 ] } },
{ "type": "Feature", "properties": { "CNPJ": "01950065000160", "IDCIDADE": "IBATÉ", "NOMEFANTASIA": "MATUBARO_BABY", "RAZAOSOCIAL": "NELSON_TERUO_YOSHIDA_&_CIA_LTDA", "ENDEE": "RUA_VISCONDE_DE_PELOTAS_333_CENTRO_14815-000_IBATÉ_BRASIL", "LATITUDE": "-21.955784", "LONGITUDE": "-47.9955539", "LMAPS": "https://www.google.com/maps?q=&layer=c&cbll=-21.955784,-47.9955539", "O_QUE_FAZER": "CARTEIRA", "ER_REGIAO_CIDADE_min": "Ibaté_Araraquara" }, "geometry": { "type": "Point", "coordinates": [ -47.9955539, -21.955784 ] } },
{ "type": "Feature", "properties": { "CNPJ": "05467364000108", "IDCIDADE": "IBATÉ", "NOMEFANTASIA": "NETUNO", "RAZAOSOCIAL": "NETUNO_INFORMATICA_IBATE_LTDA", "ENDEE": "RUA_VISCONDE_DE_PELOTAS_365_CENTRO_14815-000_IBATÉ_BRASIL", "LATITUDE": "-21.9557778", "LONGITUDE": "-47.995987", "LMAPS": "https://www.google.com/maps?q=&layer=c&cbll=-21.9557778,-47.995987", "O_QUE_FAZER": "CARTEIRA", "ER_REGIAO_CIDADE_min": "Ibaté_Araraquara" }, "geometry": { "type": "Point", "coordinates": [ -47.995987, -21.9557778 ] } },
{ "type": "Feature", "properties": { "CNPJ": "07717369000169", "IDCIDADE": "IBATÉ", "NOMEFANTASIA": "ACADEMIA_ACQUA_SPORTE", "RAZAOSOCIAL": "ACADEMIA_ACQUA_SPORT_S/S_LTDA", "ENDEE": "RUA_VISCONDE_DE_PELOTAS_653_CENTRO_14815-000_IBATÉ_BRASIL", "LATITUDE": "-21.9569043", "LONGITUDE": "-47.9984339", "LMAPS": "https://www.google.com/maps?q=&layer=c&cbll=-21.9569043,-47.9984339", "O_QUE_FAZER": "CARTEIRA", "ER_REGIAO_CIDADE_min": "Ibaté_Araraquara" }, "geometry": { "type": "Point", "coordinates": [ -47.9984339, -21.9569043 ] } },
{ "type": "Feature", "properties": { "CNPJ": "55311989000146", "IDCIDADE": "IBATÉ", "NOMEFANTASIA": "GARBINHO_FOTOS", "RAZAOSOCIAL": "VALMIR_GARBO", "ENDEE": "RUA_VISCONDE_DE_PELOTAS_657_CENTRO_14815-000_IBATÉ_BRASIL", "LATITUDE": "-21.9569257", "LONGITUDE": "-47.998487", "LMAPS": "https://www.google.com/maps?q=&layer=c&cbll=-21.9569257,-47.998487", "O_QUE_FAZER": "CARTEIRA", "ER_REGIAO_CIDADE_min": "Ibaté_Araraquara" }, "geometry": { "type": "Point", "coordinates": [ -47.998487, -21.9569257 ] } },
{ "type": "Feature", "properties": { "CNPJ": "08328636000179", "IDCIDADE": "IBATÉ", "NOMEFANTASIA": "ELVIRA_COSTURA", "RAZAOSOCIAL": "ELVIRINHA_LUZIA_MASCARO_RUSCITO", "ENDEE": "RUA_VISCONDE_DE_PELOTAS_667_CENTRO_14815-000_IBATÉ_BRASIL", "LATITUDE": "-21.9569375", "LONGITUDE": "-47.998514", "LMAPS": "https://www.google.com/maps?q=&layer=c&cbll=-21.9569375,-47.998514", "O_QUE_FAZER": "CARTEIRA", "ER_REGIAO_CIDADE_min": "Ibaté_Araraquara" }, "geometry": { "type": "Point", "coordinates": [ -47.998514, -21.9569375 ] } },
{ "type": "Feature", "properties": { "CNPJ": "37626832000128", "IDCIDADE": "IBATÉ", "NOMEFANTASIA": "BROTYN_MUDAS_E_PLANTAS", "RAZAOSOCIAL": "BROTYN_-_MUDAS_E_PLANTAS_LTDA", "ENDEE": "RUA_VISCONDE_PELOTAS_438_CENTRO_14815-000_IBATÉ_BRASIL", "LATITUDE": "-21.9557177", "LONGITUDE": "-47.9967513", "LMAPS": "https://www.google.com/maps?q=&layer=c&cbll=-21.9557177,-47.9967513", "O_QUE_FAZER": "CARTEIRA", "ER_REGIAO_CIDADE_min": "Ibaté_Araraquara" }, "geometry": { "type": "Point", "coordinates": [ -47.9967513, -21.9557177 ] } }
]
}
