{
"type": "FeatureCollection",
"name": "ER_REGIAO_CIDADE_min_Capital Leste II_São Miguel",
"crs": { "type": "name", "properties": { "name": "urn:ogc:def:crs:OGC:1.3:CRS84" } },
"xy_coordinate_resolution": 1e-15,
"features": [
{ "type": "Feature", "properties": { "fid": 344, "CNPJ": "00021029000150", "IDCIDADE": "SAO_PAULO", "NOMEFANTASIA": "GILCAR_MULTIMARCAS", "RAZAOSOCIAL": "GILSON_GONCALVES_DOS_SANTOS", "ENDEE": "AVENIDA_NORDESTINA1601__CIDADE_NOVA_SAO_MIGUEL_08021-000", "LMAPS": "https://www.google.com/maps?q=&layer=c&cbll=-23.5066417,-46.4395088", "O_QUE_FAZER": "CARTEIRA", "ER_REGIAO_CIDADE_min": "Capital Leste II_São Miguel" }, "geometry": { "type": "Point", "coordinates": [ -46.4395088, -23.5066417 ] } },
{ "type": "Feature", "properties": { "fid": 2183, "CNPJ": "00447181000107", "IDCIDADE": "SAO_PAULO", "NOMEFANTASIA": "TAU_VE.AS", "RAZAOSOCIAL": "TAU_VELAS_INDUSTRIA_E_COMERCIO_LTDA", "ENDEE": "RUA_DELCIO_ANGELO_CHIUVITTI30__VILA_GIORDANO_08020-360", "LMAPS": "https://www.google.com/maps?q=&layer=c&cbll=-23.4990118,-46.4424761", "O_QUE_FAZER": "CARTEIRA", "ER_REGIAO_CIDADE_min": "Capital Leste II_São Miguel" }, "geometry": { "type": "Point", "coordinates": [ -46.4424761, -23.4990118 ] } },
{ "type": "Feature", "properties": { "fid": 2581, "CNPJ": "00530902000130", "IDCIDADE": "SAO_PAULO", "NOMEFANTASIA": "VISOCENTER", "RAZAOSOCIAL": "OTICA_VISOCENTER_LTDA", "ENDEE": "RUA_ARLINDO_COLACO328__SAO_MIGUEL_PAULISTA_08010-010", "LMAPS": "https://www.google.com/maps?q=&layer=c&cbll=-23.4927237,-46.4410766", "O_QUE_FAZER": "CARTEIRA", "ER_REGIAO_CIDADE_min": "Capital Leste II_São Miguel" }, "geometry": { "type": "Point", "coordinates": [ -46.4410766, -23.4927237 ] } },
{ "type": "Feature", "properties": { "fid": 2587, "CNPJ": "00531972000102", "IDCIDADE": "SAO_PAULO", "NOMEFANTASIA": "PIZZARIA_FARAOS", "RAZAOSOCIAL": "PIZZARIA_E_ESFIHARIA_FARAOS_LTDA", "ENDEE": "AVENIDA_NORDESTINA1273__VILA_AMERICANA_08021-000", "LMAPS": "https://www.google.com/maps?q=&layer=c&cbll=-23.5039183,-46.4397067", "O_QUE_FAZER": "CARTEIRA", "ER_REGIAO_CIDADE_min": "Capital Leste II_São Miguel" }, "geometry": { "type": "Point", "coordinates": [ -46.4397067, -23.5039183 ] } },
{ "type": "Feature", "properties": { "fid": 2828, "CNPJ": "00583676000155", "IDCIDADE": "SAO_PAULO", "NOMEFANTASIA": "PLENA_VISAO", "RAZAOSOCIAL": "OTICA_PLENA_VISAO_LTDA", "ENDEE": "AVENIDA_MARECHAL_TITO421__SAO_MIGUEL_PAULISTA_08010-090", "LMAPS": "https://www.google.com/maps?q=&layer=c&cbll=-23.4933186,-46.4414574", "O_QUE_FAZER": "CARTEIRA", "ER_REGIAO_CIDADE_min": "Capital Leste II_São Miguel" }, "geometry": { "type": "Point", "coordinates": [ -46.4414574, -23.4933186 ] } },
{ "type": "Feature", "properties": { "fid": 2897, "CNPJ": "00594587000104", "IDCIDADE": "SAO_PAULO", "NOMEFANTASIA": "NOVA-MAQ", "RAZAOSOCIAL": "NOVA-MAQ_COMERCIO_DE_MAQUINAS_DE_COSTURA_LTDA", "ENDEE": "PRACA_PADRE_ALEIXO_MONTEIRO_MAFRA17__SAO_MIGUEL_PAULISTA_08011-010", "LMAPS": "https://www.google.com/maps?q=&layer=c&cbll=-23.492343,-46.4454967", "O_QUE_FAZER": "CARTEIRA", "ER_REGIAO_CIDADE_min": "Capital Leste II_São Miguel" }, "geometry": { "type": "Point", "coordinates": [ -46.4454967, -23.492343 ] } },
{ "type": "Feature", "properties": { "fid": 2972, "CNPJ": "00608030000185", "IDCIDADE": "SAO_PAULO", "NOMEFANTASIA": "COMERCIO_DE_AUTOMOVEIS_URQUIZA", "RAZAOSOCIAL": "COMERCIO_DE_AUTOMOVEIS_URQUIZA_LTDA", "ENDEE": "AVENIDA_NORDESTINA1395__VILA_AMERICANA_08021-000", "LMAPS": "https://www.google.com/maps?q=&layer=c&cbll=-23.5049027,-46.4395199", "O_QUE_FAZER": "CARTEIRA", "ER_REGIAO_CIDADE_min": "Capital Leste II_São Miguel" }, "geometry": { "type": "Point", "coordinates": [ -46.4395199, -23.5049027 ] } },
{ "type": "Feature", "properties": { "fid": 3260, "CNPJ": "00652986000184", "IDCIDADE": "SAO_PAULO", "NOMEFANTASIA": "REFREGERAUDO", "RAZAOSOCIAL": "REFRIGERAUTO_COMERCIO_E_SERVICOS_LTDA", "ENDEE": "AVENIDA_SAO_MIGUEL9318__VILA_NORMA_08070-000", "LMAPS": "https://www.google.com/maps?q=&layer=c&cbll=-23.4929373,-46.4491765", "O_QUE_FAZER": "CARTEIRA", "ER_REGIAO_CIDADE_min": "Capital Leste II_São Miguel" }, "geometry": { "type": "Point", "coordinates": [ -46.4491765, -23.4929373 ] } },
{ "type": "Feature", "properties": { "fid": 3335, "CNPJ": "00666084000105", "IDCIDADE": "SAO_PAULO", "NOMEFANTASIA": "TAMAI", "RAZAOSOCIAL": "O._H._TAMAI_RELOGIOS", "ENDEE": "RUA_SERRA_DOURADA160__SAO_MIGUEL_PAULISTA_08010-000", "LMAPS": "https://www.google.com/maps?q=&layer=c&cbll=-23.4925382,-46.4408232", "O_QUE_FAZER": "CARTEIRA", "ER_REGIAO_CIDADE_min": "Capital Leste II_São Miguel" }, "geometry": { "type": "Point", "coordinates": [ -46.4408232, -23.4925382 ] } },
{ "type": "Feature", "properties": { "fid": 4682, "CNPJ": "00969470000168", "IDCIDADE": "SAO_PAULO", "NOMEFANTASIA": "ESCOLA_DE_EDUCACAO_INFANTIL_OS_BRASILEIRINHOS_LTDA", "RAZAOSOCIAL": "OS_BRASILEIRINHOS", "ENDEE": "RUA_NICOLAU_CAMPANELLA0__VILA_VERDE_08230-600", "LMAPS": "https://www.google.com/maps?q=&layer=c&cbll=-23.5173197,-46.4437804", "O_QUE_FAZER": "FINALIZADO", "ER_REGIAO_CIDADE_min": "Capital Leste II_São Miguel" }, "geometry": { "type": "Point", "coordinates": [ -46.4437804, -23.5173197 ] } },
{ "type": "Feature", "properties": { "fid": 4729, "CNPJ": "00982137000199", "IDCIDADE": "SAO_PAULO", "NOMEFANTASIA": "DROGARIA_CHIQUINHO", "RAZAOSOCIAL": "FRANCISCO_CARLOS_GONCALVES_DROGARIA", "ENDEE": "AVENIDA_PIRES_DO_RIO823__VILA_AMERICANA_08020-000", "LMAPS": "https://www.google.com/maps?q=&layer=c&cbll=-23.5037774,-46.4428828", "O_QUE_FAZER": "CARTEIRA", "ER_REGIAO_CIDADE_min": "Capital Leste II_São Miguel" }, "geometry": { "type": "Point", "coordinates": [ -46.4428828, -23.5037774 ] } },
{ "type": "Feature", "properties": { "fid": 4897, "CNPJ": "01014792000116", "IDCIDADE": "SAO_PAULO", "NOMEFANTASIA": "MP_TINTAS", "RAZAOSOCIAL": "MARCOS_RICARDO", "ENDEE": "AVENIDA_NORDESTINA1087__VILA_AMERICANA_08021-000", "LMAPS": "https://www.google.com/maps?q=&layer=c&cbll=-23.5022203,-46.4397194", "O_QUE_FAZER": "CARTEIRA", "ER_REGIAO_CIDADE_min": "Capital Leste II_São Miguel" }, "geometry": { "type": "Point", "coordinates": [ -46.4397194, -23.5022203 ] } },
{ "type": "Feature", "properties": { "fid": 5053, "CNPJ": "01050792000171", "IDCIDADE": "SAO_PAULO", "NOMEFANTASIA": "RESTAURANTE_E_LANCHONETE_IRMAOS_MOITINHO_LTDA", "RAZAOSOCIAL": "OS_MANOS", "ENDEE": "RUA_MIGUEL_ANGELO_LAPENA179__SAO_MIGUEL_PAULISTA_08010-040", "LMAPS": "https://www.google.com/maps?q=&layer=c&cbll=-23.4918537,-46.442038", "O_QUE_FAZER": "FINALIZADO", "ER_REGIAO_CIDADE_min": "Capital Leste II_São Miguel" }, "geometry": { "type": "Point", "coordinates": [ -46.442038, -23.4918537 ] } },
{ "type": "Feature", "properties": { "fid": 5258, "CNPJ": "01094942000149", "IDCIDADE": "SAO_PAULO", "NOMEFANTASIA": "ATALHO_AUTO_PECAS", "RAZAOSOCIAL": "ATALHO_PECAS_E_ACESSORIOS_PARA_AUTOS_LTDA", "ENDEE": "RUA_CARDON998__VILA_PROGRESSO_08041-525", "LMAPS": "https://www.google.com/maps?q=&layer=c&cbll=-23.5186096,-46.4398543", "O_QUE_FAZER": "CARTEIRA", "ER_REGIAO_CIDADE_min": "Capital Leste II_São Miguel" }, "geometry": { "type": "Point", "coordinates": [ -46.4398543, -23.5186096 ] } },
{ "type": "Feature", "properties": { "fid": 5406, "CNPJ": "01123424000106", "IDCIDADE": "SAO PAULO", "NOMEFANTASIA": "MERCEARIA & EMPORIO DADARIO LTDA", "RAZAOSOCIAL": "MERCEARIA_&_EMPORIO_DADARIO_LTDA", "ENDEE": "AVENIDA MARECHAL TITO, 567, SAO MIGUEL PTA, 08010-090, SÃO PAULO, SP, BRASIL", "LMAPS": "https://www.google.com/maps?q=&layer=c&cbll=-23.4936896,-46.4397519", "O_QUE_FAZER": "APLICAR T2", "ER_REGIAO_CIDADE_min": "Capital Leste II_São Miguel" }, "geometry": { "type": "Point", "coordinates": [ -46.4397519, -23.4936896 ] } },
{ "type": "Feature", "properties": { "fid": 5867, "CNPJ": "01212615000144", "IDCIDADE": "SAO_PAULO", "NOMEFANTASIA": "CENTRAO_PRATAS_E_CHAPEADOS", "RAZAOSOCIAL": "MARILENE_PEREIRA_DA_SILVA_CHAPEADOS", "ENDEE": "RUA_CAPITAO_FRANCISCO_ISAIAS_DE_CARVALHO167__SAO_MIGUEL_PAULISTA_08010-030", "LMAPS": "https://www.google.com/maps?q=&layer=c&cbll=-23.4916972,-46.4417517", "O_QUE_FAZER": "CARTEIRA", "ER_REGIAO_CIDADE_min": "Capital Leste II_São Miguel" }, "geometry": { "type": "Point", "coordinates": [ -46.4417517, -23.4916972 ] } },
{ "type": "Feature", "properties": { "fid": 6205, "CNPJ": "01282662000164", "IDCIDADE": "SAO_PAULO", "NOMEFANTASIA": "DROGARIA_FONTE_VIDA", "RAZAOSOCIAL": "DROGARIA_FONTE_DE_VIDA_LTDA", "ENDEE": "AVENIDA_PIRES_DO_RIO2673__JARDIM_SAO_SEBASTIAO_08041-000", "LMAPS": "https://www.google.com/maps?q=&layer=c&cbll=-23.5170671,-46.4436257", "O_QUE_FAZER": "CARTEIRA", "ER_REGIAO_CIDADE_min": "Capital Leste II_São Miguel" }, "geometry": { "type": "Point", "coordinates": [ -46.4436257, -23.5170671 ] } },
{ "type": "Feature", "properties": { "fid": 6228, "CNPJ": "01286826000121", "IDCIDADE": "SAO_PAULO", "NOMEFANTASIA": "PERFUMARIA_MONICA", "RAZAOSOCIAL": "CARLOS_HIDENORI_SAKIHAMA_BAZAR", "ENDEE": "RUA_MOACIR_DANTAS_ITAPICURU184__CIDADE_NOVA_SAO_MIGUEL_08042-290", "LMAPS": "https://www.google.com/maps?q=&layer=c&cbll=-23.5056675,-46.4343564", "O_QUE_FAZER": "CARTEIRA", "ER_REGIAO_CIDADE_min": "Capital Leste II_São Miguel" }, "geometry": { "type": "Point", "coordinates": [ -46.4343564, -23.5056675 ] } },
{ "type": "Feature", "properties": { "fid": 7386, "CNPJ": "01524703000181", "IDCIDADE": "SAO_PAULO", "NOMEFANTASIA": "LOJAO_1001", "RAZAOSOCIAL": "LOJAO_DAS_1001_VARIEDADES_LTDA", "ENDEE": "AVENIDA_MARECHAL_TITO248__SAO_MIGUEL_PAULISTA_08010-090", "LMAPS": "https://www.google.com/maps?q=&layer=c&cbll=-23.4937364,-46.4435495", "O_QUE_FAZER": "CARTEIRA", "ER_REGIAO_CIDADE_min": "Capital Leste II_São Miguel" }, "geometry": { "type": "Point", "coordinates": [ -46.4435495, -23.4937364 ] } },
{ "type": "Feature", "properties": { "fid": 7416, "CNPJ": "01532767000124", "IDCIDADE": "SAO_PAULO", "NOMEFANTASIA": "CENTRAL_AUTO_PECAS_ACESSORIOS", "RAZAOSOCIAL": "MARIO_ALEX_VAZ", "ENDEE": "RUA_MOACIR_DANTAS_ITAPICURU871__CIDADE_NOVA_SAO_MIGUEL_08042-212", "LMAPS": "https://www.google.com/maps?q=&layer=c&cbll=-23.5059279,-46.4344996", "O_QUE_FAZER": "CARTEIRA", "ER_REGIAO_CIDADE_min": "Capital Leste II_São Miguel" }, "geometry": { "type": "Point", "coordinates": [ -46.4344996, -23.5059279 ] } },
{ "type": "Feature", "properties": { "fid": 9065, "CNPJ": "01853054000162", "IDCIDADE": "SAO_PAULO", "NOMEFANTASIA": "CLUBE_BEBE", "RAZAOSOCIAL": "MOHAMAD_IBRAHIM_EL_SAIFI", "ENDEE": "AVENIDA_MARECHAL_TITO229__SAO_MIGUEL_PAULISTA_08010-090", "LMAPS": "https://www.google.com/maps?q=&layer=c&cbll=-23.4933088,-46.4435625", "O_QUE_FAZER": "CARTEIRA", "ER_REGIAO_CIDADE_min": "Capital Leste II_São Miguel" }, "geometry": { "type": "Point", "coordinates": [ -46.4435625, -23.4933088 ] } },
{ "type": "Feature", "properties": { "fid": 9635, "CNPJ": "01987420000176", "IDCIDADE": "SAO_PAULO", "NOMEFANTASIA": "EMPORIO_DO_INEZ", "RAZAOSOCIAL": "DIANA_SATIRI_MITSUSE_MURAO_CEREAIS", "ENDEE": "AVENIDA_MARECHAL_TITO567__SAO_MIGUEL_PAULISTA_08010-090", "LMAPS": "https://www.google.com/maps?q=&layer=c&cbll=-23.4928691,-46.439177", "O_QUE_FAZER": "APLICAR T2", "ER_REGIAO_CIDADE_min": "Capital Leste II_São Miguel" }, "geometry": { "type": "Point", "coordinates": [ -46.439177, -23.4928691 ] } },
{ "type": "Feature", "properties": { "fid": 9912, "CNPJ": "02046653000137", "IDCIDADE": "SAO_PAULO", "NOMEFANTASIA": "KISS_BABY", "RAZAOSOCIAL": "KISSU_MODA_INFANTIL_LTDA", "ENDEE": "RUA_CAPITAO_FRANCISCO_ISAIAS_DE_CARVALHO209__SAO_MIGUEL_PAULISTA_08010-030", "LMAPS": "https://www.google.com/maps?q=&layer=c&cbll=-23.4915522,-46.4413234", "O_QUE_FAZER": "CARTEIRA", "ER_REGIAO_CIDADE_min": "Capital Leste II_São Miguel" }, "geometry": { "type": "Point", "coordinates": [ -46.4413234, -23.4915522 ] } },
{ "type": "Feature", "properties": { "fid": 10142, "CNPJ": "02091701000109", "IDCIDADE": "SAO_PAULO", "NOMEFANTASIA": "MIRAMAD", "RAZAOSOCIAL": "MIRAMAD_COMERCIAL_LTDA", "ENDEE": "RUA_LAURENTINO_XAVIER_DOS_SANTOS417__VILA_PROGRESSO_08240-740", "LMAPS": "https://www.google.com/maps?q=&layer=c&cbll=-23.5184379,-46.439163", "O_QUE_FAZER": "CARTEIRA", "ER_REGIAO_CIDADE_min": "Capital Leste II_São Miguel" }, "geometry": { "type": "Point", "coordinates": [ -46.439163, -23.5184379 ] } },
{ "type": "Feature", "properties": { "fid": 10968, "CNPJ": "02235876000142", "IDCIDADE": "SAO_PAULO", "NOMEFANTASIA": "LOJA_DUBELLAS", "RAZAOSOCIAL": "WHELIGTON_BELAS_DA_CRUZ", "ENDEE": "PRACA_GETULIO_VARGAS_FILHO286__SAO_MIGUEL_PAULISTA_08010-050", "LMAPS": "https://www.google.com/maps?q=&layer=c&cbll=-23.4928146,-46.4416488", "O_QUE_FAZER": "CARTEIRA", "ER_REGIAO_CIDADE_min": "Capital Leste II_São Miguel" }, "geometry": { "type": "Point", "coordinates": [ -46.4416488, -23.4928146 ] } },
{ "type": "Feature", "properties": { "fid": 11063, "CNPJ": "02251074000126", "IDCIDADE": "SAO_PAULO", "NOMEFANTASIA": "FANTASTICO_FNT", "RAZAOSOCIAL": "RIBAVALE_-_COMERCIO_DE_ROUPAS_LTDA", "ENDEE": "RUA_JOSE_OTONI95__SAO_MIGUEL_PAULISTA_08010-290", "LMAPS": "https://www.google.com/maps?q=&layer=c&cbll=-23.4929331,-46.4399837", "O_QUE_FAZER": "CARTEIRA", "ER_REGIAO_CIDADE_min": "Capital Leste II_São Miguel" }, "geometry": { "type": "Point", "coordinates": [ -46.4399837, -23.4929331 ] } },
{ "type": "Feature", "properties": { "fid": 12443, "CNPJ": "02530332000103", "IDCIDADE": "SAO_PAULO", "NOMEFANTASIA": "DISK_MESAS", "RAZAOSOCIAL": "LOVE_LOCACOES_E_VENDAS_LTDA", "ENDEE": "AVENIDA_ROSARIA481__VILA_ROSARIA_08021-070", "LMAPS": "https://www.google.com/maps?q=&layer=c&cbll=-23.4995935,-46.4322191", "O_QUE_FAZER": "CARTEIRA", "ER_REGIAO_CIDADE_min": "Capital Leste II_São Miguel" }, "geometry": { "type": "Point", "coordinates": [ -46.4322191, -23.4995935 ] } },
{ "type": "Feature", "properties": { "fid": 12481, "CNPJ": "02540831000181", "IDCIDADE": "SAO_PAULO", "NOMEFANTASIA": "LIGHT_ILUMI", "RAZAOSOCIAL": "NEW_FACELED_MATERIAIS_ELETRICOS_LTDA", "ENDEE": "AVENIDA_MARECHAL_TITO1125__JARDIM_MIRAGAIA_08010-090", "LMAPS": "https://www.google.com/maps?q=&layer=c&cbll=-23.4948587,-46.4352449", "O_QUE_FAZER": "CARTEIRA", "ER_REGIAO_CIDADE_min": "Capital Leste II_São Miguel" }, "geometry": { "type": "Point", "coordinates": [ -46.4352449, -23.4948587 ] } },
{ "type": "Feature", "properties": { "fid": 13289, "CNPJ": "02691614000192", "IDCIDADE": "SAO_PAULO", "NOMEFANTASIA": "FOTO_SINAI", "RAZAOSOCIAL": "NELSON_BERNARDINO_DA_SILVA", "ENDEE": "AVENIDA_PIRES_DO_RIO2990__JARDIM_NORMA_08240-005", "LMAPS": "https://www.google.com/maps?q=&layer=c&cbll=-23.5194842,-46.4438904", "O_QUE_FAZER": "FINALIZADO", "ER_REGIAO_CIDADE_min": "Capital Leste II_São Miguel" }, "geometry": { "type": "Point", "coordinates": [ -46.4438904, -23.5194842 ] } },
{ "type": "Feature", "properties": { "fid": 13766, "CNPJ": "02784894000183", "IDCIDADE": "SAO_PAULO", "NOMEFANTASIA": "IMPARATO", "RAZAOSOCIAL": "LUCIANA_ROSA_BRINQUEDOS_E_PRESENTES_LTDA", "ENDEE": "PRACA_GETULIO_VARGAS_FILHO59__SAO_MIGUEL_PAULISTA_08010-050", "LMAPS": "https://www.google.com/maps?q=&layer=c&cbll=-23.4923892,-46.4415253", "O_QUE_FAZER": "CARTEIRA", "ER_REGIAO_CIDADE_min": "Capital Leste II_São Miguel" }, "geometry": { "type": "Point", "coordinates": [ -46.4415253, -23.4923892 ] } },
{ "type": "Feature", "properties": { "fid": 13823, "CNPJ": "02793622000220", "IDCIDADE": "SAO_PAULO", "NOMEFANTASIA": "BORUSSI_CHOCOLATES_FINOS", "RAZAOSOCIAL": "BORUSSIA_INDUSTRIA_E_COMERCIO_DE_CHOCOLATES_LTDA", "ENDEE": "AVENIDA_MARECHAL_TITO567__SAO_MIGUEL_PAULISTA_08010-090", "LMAPS": "https://www.google.com/maps?q=&layer=c&cbll=-23.4933049,-46.4395254", "O_QUE_FAZER": "CARTEIRA", "ER_REGIAO_CIDADE_min": "Capital Leste II_São Miguel" }, "geometry": { "type": "Point", "coordinates": [ -46.4395254, -23.4933049 ] } },
{ "type": "Feature", "properties": { "fid": 14114, "CNPJ": "02839471000113", "IDCIDADE": "SAO_PAULO", "NOMEFANTASIA": "RESIDENCE_PLANEJADOS", "RAZAOSOCIAL": "RESIDENCE_COZINHAS_PLANEJADAS_LTDA", "ENDEE": "AVENIDA_MARECHAL_TITO1604__SAO_MIGUEL_PAULISTA_08115-100", "LMAPS": "https://www.google.com/maps?q=&layer=c&cbll=-23.4954957,-46.4307288", "O_QUE_FAZER": "CARTEIRA", "ER_REGIAO_CIDADE_min": "Capital Leste II_São Miguel" }, "geometry": { "type": "Point", "coordinates": [ -46.4307288, -23.4954957 ] } },
{ "type": "Feature", "properties": { "fid": 14814, "CNPJ": "02948796000134", "IDCIDADE": "SAO_PAULO", "NOMEFANTASIA": "INAA_YE", "RAZAOSOCIAL": "INA_AYE_DISTRIBUIDORA_DE_ARTIGOS_RELIGIOSOS_LTDA", "ENDEE": "RUA_ARLINDO_COLACO31__SAO_MIGUEL_PAULISTA_08010-010", "LMAPS": "https://www.google.com/maps?q=&layer=c&cbll=-23.4916324,-46.4434909", "O_QUE_FAZER": "CARTEIRA", "ER_REGIAO_CIDADE_min": "Capital Leste II_São Miguel" }, "geometry": { "type": "Point", "coordinates": [ -46.4434909, -23.4916324 ] } },
{ "type": "Feature", "properties": { "fid": 15009, "CNPJ": "02981073000137", "IDCIDADE": "SAO_PAULO", "NOMEFANTASIA": "ZARREF", "RAZAOSOCIAL": "PAULUANA_MODAS_LTDA", "ENDEE": "RUA_CAPITAO_FRANCISCO_ISAIAS_DE_CARVALHO182__SAO_MIGUEL_PAULISTA_08010-030", "LMAPS": "https://www.google.com/maps?q=&layer=c&cbll=-23.4918042,-46.4415884", "O_QUE_FAZER": "CARTEIRA", "ER_REGIAO_CIDADE_min": "Capital Leste II_São Miguel" }, "geometry": { "type": "Point", "coordinates": [ -46.4415884, -23.4918042 ] } },
{ "type": "Feature", "properties": { "fid": 15127, "CNPJ": "02999630000147", "IDCIDADE": "SAO_PAULO", "NOMEFANTASIA": "OTICA_PROGRESSIVA_LTDA", "RAZAOSOCIAL": "OTICA_BOA_VISAO", "ENDEE": "RUA_SEVERINA_LEOPOLDINA_DE_SOUSA30__CIDADE_NITRO_OPERARIA_08010-310", "LMAPS": "https://www.google.com/maps?q=&layer=c&cbll=-23.4937544,-46.4393682", "O_QUE_FAZER": "FINALIZADO", "ER_REGIAO_CIDADE_min": "Capital Leste II_São Miguel" }, "geometry": { "type": "Point", "coordinates": [ -46.4393682, -23.4937544 ] } },
{ "type": "Feature", "properties": { "fid": 15184, "CNPJ": "03011313000133", "IDCIDADE": "SAO_PAULO", "NOMEFANTASIA": "SERRALHERIA_FORUM", "RAZAOSOCIAL": "SERRALHERIA_FORUM_LTDA", "ENDEE": "AVENIDA_ROSARIA420__VILA_ROSARIA_08021-070", "LMAPS": "https://www.google.com/maps?q=&layer=c&cbll=-23.4990931,-46.4323368", "O_QUE_FAZER": "CARTEIRA", "ER_REGIAO_CIDADE_min": "Capital Leste II_São Miguel" }, "geometry": { "type": "Point", "coordinates": [ -46.4323368, -23.4990931 ] } },
{ "type": "Feature", "properties": { "fid": 15829, "CNPJ": "03113877000187", "IDCIDADE": "SAO_PAULO", "NOMEFANTASIA": "ALUMIL", "RAZAOSOCIAL": "ALUMIL_CHAPA,_PERFIS_E_ACESSORIOS_DE_ALUMINIO_LTDA", "ENDEE": "AVENIDA_PIRES_DO_RIO2252__JARDIM_SAO_SEBASTIAO_08041-000", "LMAPS": "https://www.google.com/maps?q=&layer=c&cbll=-23.5164649,-46.4437661", "O_QUE_FAZER": "CARTEIRA", "ER_REGIAO_CIDADE_min": "Capital Leste II_São Miguel" }, "geometry": { "type": "Point", "coordinates": [ -46.4437661, -23.5164649 ] } },
{ "type": "Feature", "properties": { "fid": 16762, "CNPJ": "03272873000141", "IDCIDADE": "SAO_PAULO", "NOMEFANTASIA": "DOCE_PRECO", "RAZAOSOCIAL": "MINI_MERCADO_DOCE_PRECO_LTDA.", "ENDEE": "AVENIDA_NORDESTINA977__VILA_AMERICANA_08021-000", "LMAPS": "https://www.google.com/maps?q=&layer=c&cbll=-23.5014038,-46.4397123", "O_QUE_FAZER": "CARTEIRA", "ER_REGIAO_CIDADE_min": "Capital Leste II_São Miguel" }, "geometry": { "type": "Point", "coordinates": [ -46.4397123, -23.5014038 ] } },
{ "type": "Feature", "properties": { "fid": 17094, "CNPJ": "03326140000142", "IDCIDADE": "SAO_PAULO", "NOMEFANTASIA": "RODRIGUES_TELHAS", "RAZAOSOCIAL": "LEANDRO_VIEIRA_DA_ROCHA_TELHAS", "ENDEE": "AVENIDA_PIRES_DO_RIO1221__VILA_AMERICANA_08020-000", "LMAPS": "https://www.google.com/maps?q=&layer=c&cbll=-23.5074089,-46.443117", "O_QUE_FAZER": "CARTEIRA", "ER_REGIAO_CIDADE_min": "Capital Leste II_São Miguel" }, "geometry": { "type": "Point", "coordinates": [ -46.443117, -23.5074089 ] } },
{ "type": "Feature", "properties": { "fid": 17254, "CNPJ": "03350415000183", "IDCIDADE": "SAO_PAULO", "NOMEFANTASIA": "WALQUIRIA_PAPELARIA_SERVICPS", "RAZAOSOCIAL": "WALQUIRIA_DE_ALMEIDA_GAMA_-_PAPELARIA", "ENDEE": "RUA_HENRIQUE_DE_PAULA_FRANCA160__SAO_MIGUEL_PAULISTA_08010-080", "LMAPS": "https://www.google.com/maps?q=&layer=c&cbll=-23.4942746,-46.4425861", "O_QUE_FAZER": "APLICAR T2", "ER_REGIAO_CIDADE_min": "Capital Leste II_São Miguel" }, "geometry": { "type": "Point", "coordinates": [ -46.4425861, -23.4942746 ] } },
{ "type": "Feature", "properties": { "fid": 18086, "CNPJ": "03477910000158", "IDCIDADE": "SAO_PAULO", "NOMEFANTASIA": "PET_SHOP_CATARINA", "RAZAOSOCIAL": "PET_SHOP_CATARINA_LTDA", "ENDEE": "AVENIDA_PIRES_DO_RIO1181__VILA_AMERICANA_08020-000", "LMAPS": "https://www.google.com/maps?q=&layer=c&cbll=-23.5069395,-46.4430272", "O_QUE_FAZER": "CARTEIRA", "ER_REGIAO_CIDADE_min": "Capital Leste II_São Miguel" }, "geometry": { "type": "Point", "coordinates": [ -46.4430272, -23.5069395 ] } },
{ "type": "Feature", "properties": { "fid": 18092, "CNPJ": "03478400000103", "IDCIDADE": "SAO_PAULO", "NOMEFANTASIA": "BAR_CARAIBAS", "RAZAOSOCIAL": "GONCALO_VERISSIMO_DO_AMARAL", "ENDEE": "PRACA_PADRE_ALEIXO_MONTEIRO_MAFRA17__SAO_MIGUEL_PAULISTA_08011-010", "LMAPS": "https://www.google.com/maps?q=&layer=c&cbll=-23.4923593,-46.4454906", "O_QUE_FAZER": "CARTEIRA", "ER_REGIAO_CIDADE_min": "Capital Leste II_São Miguel" }, "geometry": { "type": "Point", "coordinates": [ -46.4454906, -23.4923593 ] } },
{ "type": "Feature", "properties": { "fid": 18667, "CNPJ": "03573803000123", "IDCIDADE": "SAO_PAULO", "NOMEFANTASIA": "PIRESBELLA", "RAZAOSOCIAL": "PIRESBELLA_COMERCIO_DE_ALIMENTOS_LTDA", "ENDEE": "AVENIDA_PIRES_DO_RIO410__VILA_AMERICANA_08020-000", "LMAPS": "https://www.google.com/maps?q=&layer=c&cbll=-23.5000777,-46.442624", "O_QUE_FAZER": "CARTEIRA", "ER_REGIAO_CIDADE_min": "Capital Leste II_São Miguel" }, "geometry": { "type": "Point", "coordinates": [ -46.442624, -23.5000777 ] } },
{ "type": "Feature", "properties": { "fid": 19355, "CNPJ": "03690218000103", "IDCIDADE": "SAO_PAULO", "NOMEFANTASIA": "IRENEU_CAR", "RAZAOSOCIAL": "NOMAR_COMERCIO_DE_VEICULOS_LTDA", "ENDEE": "AVENIDA_PIRES_DO_RIO1121__VILA_AMERICANA_08020-000", "LMAPS": "https://www.google.com/maps?q=&layer=c&cbll=-23.5067097,-46.4430307", "O_QUE_FAZER": "CARTEIRA", "ER_REGIAO_CIDADE_min": "Capital Leste II_São Miguel" }, "geometry": { "type": "Point", "coordinates": [ -46.4430307, -23.5067097 ] } },
{ "type": "Feature", "properties": { "fid": 19481, "CNPJ": "03709798000133", "IDCIDADE": "SAO_PAULO", "NOMEFANTASIA": "CEU_AZUL", "RAZAOSOCIAL": "EDSON_PORTILHO_BENTO_FILHO", "ENDEE": "RUA_HELIO_VESSONI38__VILA_VESSONI_08020-220", "LMAPS": "https://www.google.com/maps?q=&layer=c&cbll=-23.50525,-46.4428086", "O_QUE_FAZER": "CARTEIRA", "ER_REGIAO_CIDADE_min": "Capital Leste II_São Miguel" }, "geometry": { "type": "Point", "coordinates": [ -46.4428086, -23.50525 ] } },
{ "type": "Feature", "properties": { "fid": 21257, "CNPJ": "04004930000174", "IDCIDADE": "SAO_PAULO", "NOMEFANTASIA": "EXTINTORES_MACONTEEN", "RAZAOSOCIAL": "MACONTEEN_-_EXTINTORES_E_SERVICOS_LTDA", "ENDEE": "AVENIDA_NORDESTINA1199__VILA_AMERICANA_08021-000", "LMAPS": "https://www.google.com/maps?q=&layer=c&cbll=-23.503281,-46.4396814", "O_QUE_FAZER": "CARTEIRA", "ER_REGIAO_CIDADE_min": "Capital Leste II_São Miguel" }, "geometry": { "type": "Point", "coordinates": [ -46.4396814, -23.503281 ] } },
{ "type": "Feature", "properties": { "fid": 21729, "CNPJ": "04069031000150", "IDCIDADE": "SAO_PAULO", "NOMEFANTASIA": "EMPORIO_DO_LENCOL", "RAZAOSOCIAL": "EMPORIO_CONFORTO_COMERCIAL_LTDA", "ENDEE": "RUA_CAPITAO_FRANCISCO_ISAIAS_DE_CARVALHO194__SAO_MIGUEL_PAULISTA_08010-030", "LMAPS": "https://www.google.com/maps?q=&layer=c&cbll=-23.4918125,-46.4414624", "O_QUE_FAZER": "CARTEIRA", "ER_REGIAO_CIDADE_min": "Capital Leste II_São Miguel" }, "geometry": { "type": "Point", "coordinates": [ -46.4414624, -23.4918125 ] } },
{ "type": "Feature", "properties": { "fid": 22848, "CNPJ": "04230700000123", "IDCIDADE": "SAO_PAULO", "NOMEFANTASIA": "PETALAS_DE_OURO", "RAZAOSOCIAL": "FLORICULTURA_DORA_&_ELIAS_LTDA", "ENDEE": "AVENIDA_PIRES_DO_RIO1488__JARDIM_SAO_SEBASTIAO_08041-000", "LMAPS": "https://www.google.com/maps?q=&layer=c&cbll=-23.5096333,-46.4435399", "O_QUE_FAZER": "CARTEIRA", "ER_REGIAO_CIDADE_min": "Capital Leste II_São Miguel" }, "geometry": { "type": "Point", "coordinates": [ -46.4435399, -23.5096333 ] } },
{ "type": "Feature", "properties": { "fid": 24615, "CNPJ": "04507369000146", "IDCIDADE": "SAO_PAULO", "NOMEFANTASIA": "REMATEC_DIESEL", "RAZAOSOCIAL": "REMATEC_DIESEL_PECAS_AUTOMOTIVAS_LTDA", "ENDEE": "AVENIDA_NORDESTINA1417__VILA_AMERICANA_08021-000", "LMAPS": "https://www.google.com/maps?q=&layer=c&cbll=-23.5051566,-46.4395421", "O_QUE_FAZER": "CARTEIRA", "ER_REGIAO_CIDADE_min": "Capital Leste II_São Miguel" }, "geometry": { "type": "Point", "coordinates": [ -46.4395421, -23.5051566 ] } },
{ "type": "Feature", "properties": { "fid": 24920, "CNPJ": "04554376000107", "IDCIDADE": "SAO_PAULO", "NOMEFANTASIA": "CLAIRGAS_-_GNC", "RAZAOSOCIAL": "CENTRO_REPARADOR_DE_AUTOS_CLAIRGAS_LTDA", "ENDEE": "AVENIDA_PIRES_DO_RIO1932__VILA_AMERICANA_08020-000", "LMAPS": "https://www.google.com/maps?q=&layer=c&cbll=-23.5080389,-46.4433664", "O_QUE_FAZER": "CARTEIRA", "ER_REGIAO_CIDADE_min": "Capital Leste II_São Miguel" }, "geometry": { "type": "Point", "coordinates": [ -46.4433664, -23.5080389 ] } },
{ "type": "Feature", "properties": { "fid": 25304, "CNPJ": "04609250000184", "IDCIDADE": "SAO_PAULO", "NOMEFANTASIA": "DROGA_PLENNA", "RAZAOSOCIAL": "DROGARIA_E_PERFUMARIA_CASSIARI_IMAZAVA_LTDA", "ENDEE": "RUA_MOACIR_DANTAS_ITAPICURU899__CIDADE_NOVA_SAO_MIGUEL_08042-212", "LMAPS": "https://www.google.com/maps?q=&layer=c&cbll=-23.5055773,-46.4343452", "O_QUE_FAZER": "CARTEIRA", "ER_REGIAO_CIDADE_min": "Capital Leste II_São Miguel" }, "geometry": { "type": "Point", "coordinates": [ -46.4343452, -23.5055773 ] } },
{ "type": "Feature", "properties": { "fid": 25646, "CNPJ": "04655836000185", "IDCIDADE": "SAO_PAULO", "NOMEFANTASIA": "CIRURGICA_ORTOPEDIA_CATEDRAL", "RAZAOSOCIAL": "TAMIRES_TEIXEIRA_ALVES_ARTIGOS_ORTOPEDICOS", "ENDEE": "AVENIDA_NORDESTINA273__VILA_AMERICANA_08011-000", "LMAPS": "https://www.google.com/maps?q=&layer=c&cbll=-23.4956823,-46.4424038", "O_QUE_FAZER": "CARTEIRA", "ER_REGIAO_CIDADE_min": "Capital Leste II_São Miguel" }, "geometry": { "type": "Point", "coordinates": [ -46.4424038, -23.4956823 ] } },
{ "type": "Feature", "properties": { "fid": 25753, "CNPJ": "04670588000141", "IDCIDADE": "SAO_PAULO", "NOMEFANTASIA": "MAGHALITTA_PIZZARIA_PARA_VIAGENS_ ", "RAZAOSOCIAL": "PIZZARIA_MAGHALITTA_LTDA", "ENDEE": "AVENIDA_PIRES_DO_RIO563__VILA_AMERICANA_08020-000", "LMAPS": "https://www.google.com/maps?q=&layer=c&cbll=-23.5010585,-46.4425111", "O_QUE_FAZER": "CARTEIRA", "ER_REGIAO_CIDADE_min": "Capital Leste II_São Miguel" }, "geometry": { "type": "Point", "coordinates": [ -46.4425111, -23.5010585 ] } },
{ "type": "Feature", "properties": { "fid": 26604, "CNPJ": "04787721000144", "IDCIDADE": "SAO_PAULO", "NOMEFANTASIA": "OTICA_IDEAL", "RAZAOSOCIAL": "OTICA_IDEAL_PAULISTA_LTDA.", "ENDEE": "AVENIDA_MARECHAL_TITO988__SAO_MIGUEL_PAULISTA_08010-090", "LMAPS": "https://www.google.com/maps?q=&layer=c&cbll=-23.4950421,-46.436694", "O_QUE_FAZER": "CARTEIRA", "ER_REGIAO_CIDADE_min": "Capital Leste II_São Miguel" }, "geometry": { "type": "Point", "coordinates": [ -46.436694, -23.4950421 ] } },
{ "type": "Feature", "properties": { "fid": 27180, "CNPJ": "04874110000133", "IDCIDADE": "SAO_PAULO", "NOMEFANTASIA": "TURMA_DA_GREICE", "RAZAOSOCIAL": "ELIOMAR_FROIS_LIMA", "ENDEE": "RUA_LAURENTINO_XAVIER_DOS_SANTOS35__VILA_PROGRESSO_08240-740", "LMAPS": "https://www.google.com/maps?q=&layer=c&cbll=-23.5196623,-46.4390115", "O_QUE_FAZER": "CARTEIRA", "ER_REGIAO_CIDADE_min": "Capital Leste II_São Miguel" }, "geometry": { "type": "Point", "coordinates": [ -46.4390115, -23.5196623 ] } },
{ "type": "Feature", "properties": { "fid": 27284, "CNPJ": "04889795000191", "IDCIDADE": "SAO_PAULO", "NOMEFANTASIA": "TRISTE_MODAS", "RAZAOSOCIAL": "TRISK_MODAS_LIMITADA", "ENDEE": "RUA_DANIEL_BERNARDO49__SAO_MIGUEL_PAULISTA_08010-100", "LMAPS": "https://www.google.com/maps?q=&layer=c&cbll=-23.4938455,-46.4418872", "O_QUE_FAZER": "CARTEIRA", "ER_REGIAO_CIDADE_min": "Capital Leste II_São Miguel" }, "geometry": { "type": "Point", "coordinates": [ -46.4418872, -23.4938455 ] } },
{ "type": "Feature", "properties": { "fid": 28245, "CNPJ": "05015182000198", "IDCIDADE": "SAO_PAULO", "NOMEFANTASIA": "OPTICA_ANA", "RAZAOSOCIAL": "OPTICAS_ANA_LTDA", "ENDEE": "AVENIDA_PIRES_DO_RIO144__VILA_AMERICANA_08020-000", "LMAPS": "https://www.google.com/maps?q=&layer=c&cbll=-23.4976267,-46.4422616", "O_QUE_FAZER": "CARTEIRA - FAMPE", "ER_REGIAO_CIDADE_min": "Capital Leste II_São Miguel" }, "geometry": { "type": "Point", "coordinates": [ -46.4422616, -23.4976267 ] } },
{ "type": "Feature", "properties": { "fid": 28718, "CNPJ": "05083617000131", "IDCIDADE": "SAO_PAULO", "NOMEFANTASIA": "OM_MODAS", "RAZAOSOCIAL": "OSWALDO_RODRIGUES_DE_MENEZES", "ENDEE": "RUA_MIGUEL_ANGELO_LAPENA244__SAO_MIGUEL_PAULISTA_08010-040", "LMAPS": "https://www.google.com/maps?q=&layer=c&cbll=-23.4912993,-46.4420474", "O_QUE_FAZER": "CARTEIRA", "ER_REGIAO_CIDADE_min": "Capital Leste II_São Miguel" }, "geometry": { "type": "Point", "coordinates": [ -46.4420474, -23.4912993 ] } },
{ "type": "Feature", "properties": { "fid": 29021, "CNPJ": "05123383000109", "IDCIDADE": "SAO_PAULO", "NOMEFANTASIA": "FORCA_JOVEM", "RAZAOSOCIAL": "NIKA_COMERCIO_DE_VESTUARIO_LTDA", "ENDEE": "RUA_CAPITAO_FRANCISCO_ISAIAS_DE_CARVALHO206__SAO_MIGUEL_PAULISTA_08010-030", "LMAPS": "https://www.google.com/maps?q=&layer=c&cbll=-23.4916982,-46.4413993", "O_QUE_FAZER": "CARTEIRA", "ER_REGIAO_CIDADE_min": "Capital Leste II_São Miguel" }, "geometry": { "type": "Point", "coordinates": [ -46.4413993, -23.4916982 ] } },
{ "type": "Feature", "properties": { "fid": 30305, "CNPJ": "05315507000158", "IDCIDADE": "SAO_PAULO", "NOMEFANTASIA": "BORRACHARIA_TREIS_M", "RAZAOSOCIAL": "TREIS_M_BORRACHARIA_LTDA", "ENDEE": "AVENIDA_NORDESTINA1077__VILA_AMERICANA_08021-000", "LMAPS": "https://www.google.com/maps?q=&layer=c&cbll=-23.5020455,-46.4398261", "O_QUE_FAZER": "CARTEIRA", "ER_REGIAO_CIDADE_min": "Capital Leste II_São Miguel" }, "geometry": { "type": "Point", "coordinates": [ -46.4398261, -23.5020455 ] } },
{ "type": "Feature", "properties": { "fid": 30698, "CNPJ": "05367002000137", "IDCIDADE": "SAO_PAULO", "NOMEFANTASIA": "MECANICA_DO_HELIO", "RAZAOSOCIAL": "E._S._SILVA_MECANICA", "ENDEE": "RUA_CORVETA_EUTERPE10__JARDIM_LUCINDA_08041-200", "LMAPS": "https://www.google.com/maps?q=&layer=c&cbll=-23.5171497,-46.4432842", "O_QUE_FAZER": "CARTEIRA", "ER_REGIAO_CIDADE_min": "Capital Leste II_São Miguel" }, "geometry": { "type": "Point", "coordinates": [ -46.4432842, -23.5171497 ] } },
{ "type": "Feature", "properties": { "fid": 31517, "CNPJ": "05492581000140", "IDCIDADE": "SAO_PAULO", "NOMEFANTASIA": "TSA_TECIDOS", "RAZAOSOCIAL": "T.S_A._COMERCIO_DE_TECIDOS_LTDA", "ENDEE": "RUA_SALVADOR_DE_MEDEIROS200__SAO_MIGUEL_PAULISTA_08010-020", "LMAPS": "https://www.google.com/maps?q=&layer=c&cbll=-23.4910669,-46.4426073", "O_QUE_FAZER": "CARTEIRA", "ER_REGIAO_CIDADE_min": "Capital Leste II_São Miguel" }, "geometry": { "type": "Point", "coordinates": [ -46.4426073, -23.4910669 ] } },
{ "type": "Feature", "properties": { "fid": 33986, "CNPJ": "05831640000167", "IDCIDADE": "SAO_PAULO", "NOMEFANTASIA": "AMORELA", "RAZAOSOCIAL": "AMORELA_MODAS_LTDA", "ENDEE": "RUA_SERRA_DOURADA62__SAO_MIGUEL_PAULISTA_08010-000", "LMAPS": "https://www.google.com/maps?q=&layer=c&cbll=-23.4917045,-46.4411296", "O_QUE_FAZER": "CARTEIRA", "ER_REGIAO_CIDADE_min": "Capital Leste II_São Miguel" }, "geometry": { "type": "Point", "coordinates": [ -46.4411296, -23.4917045 ] } },
{ "type": "Feature", "properties": { "fid": 34602, "CNPJ": "05912345000135", "IDCIDADE": "SAO_PAULO", "NOMEFANTASIA": "FORNALETTI_MODAS", "RAZAOSOCIAL": "F._C._FURLANETTI_MODAS", "ENDEE": "AVENIDA_ROSARIA435__VILA_ROSARIA_08021-070", "LMAPS": "https://www.google.com/maps?q=&layer=c&cbll=-23.4991758,-46.4322795", "O_QUE_FAZER": "CARTEIRA", "ER_REGIAO_CIDADE_min": "Capital Leste II_São Miguel" }, "geometry": { "type": "Point", "coordinates": [ -46.4322795, -23.4991758 ] } },
{ "type": "Feature", "properties": { "fid": 35920, "CNPJ": "06089540000170", "IDCIDADE": "SAO_PAULO", "NOMEFANTASIA": "QUITANDA_SANTA_TEREZA", "RAZAOSOCIAL": "SATIO_ITO_RAI", "ENDEE": "AVENIDA_PIRES_DO_RIO1078__VILA_AMERICANA_08020-000", "LMAPS": "https://www.google.com/maps?q=&layer=c&cbll=-23.5059521,-46.4430737", "O_QUE_FAZER": "CARTEIRA", "ER_REGIAO_CIDADE_min": "Capital Leste II_São Miguel" }, "geometry": { "type": "Point", "coordinates": [ -46.4430737, -23.5059521 ] } },
{ "type": "Feature", "properties": { "fid": 37041, "CNPJ": "06235480000156", "IDCIDADE": "SAO_PAULO", "NOMEFANTASIA": "TAMARA_OTICA", "RAZAOSOCIAL": "TAMARA_OTICA_LTDA", "ENDEE": "AVENIDA_MARECHAL_TITO881__SAO_MIGUEL_PAULISTA_08010-090", "LMAPS": "https://www.google.com/maps?q=&layer=c&cbll=-23.4948993,-46.4372122", "O_QUE_FAZER": "CARTEIRA", "ER_REGIAO_CIDADE_min": "Capital Leste II_São Miguel" }, "geometry": { "type": "Point", "coordinates": [ -46.4372122, -23.4948993 ] } },
{ "type": "Feature", "properties": { "fid": 38581, "CNPJ": "06935278000137", "IDCIDADE": "SAO_PAULO", "NOMEFANTASIA": "PET_SHOP_BANHO_E_TOSA_SAO_MIGUEL ", "RAZAOSOCIAL": "PET_SHOP_BANHO_E_TOSA_SAO_MIGUEL_LTDA", "ENDEE": "AVENIDA_PIRES_DO_RIO18__VILA_AMERICANA_08020-000", "LMAPS": "https://www.google.com/maps?q=&layer=c&cbll=-23.496472,-46.4422804", "O_QUE_FAZER": "CARTEIRA", "ER_REGIAO_CIDADE_min": "Capital Leste II_São Miguel" }, "geometry": { "type": "Point", "coordinates": [ -46.4422804, -23.496472 ] } },
{ "type": "Feature", "properties": { "fid": 38813, "CNPJ": "06967930000103", "IDCIDADE": "SAO_PAULO", "NOMEFANTASIA": "NOSTRA_PIZZA", "RAZAOSOCIAL": "R._A._DA_SILVA_PIZZARIA", "ENDEE": "AVENIDA_ANTONIO_BERNARDO_SILVESTRE66__VILA_SAO_SILVESTRE_08011-390", "LMAPS": "https://www.google.com/maps?q=&layer=c&cbll=-23.497779,-46.4428854", "O_QUE_FAZER": "CARTEIRA", "ER_REGIAO_CIDADE_min": "Capital Leste II_São Miguel" }, "geometry": { "type": "Point", "coordinates": [ -46.4428854, -23.497779 ] } },
{ "type": "Feature", "properties": { "fid": 38919, "CNPJ": "06980257000133", "IDCIDADE": "SAO_PAULO", "NOMEFANTASIA": "LU_ARTES", "RAZAOSOCIAL": "LU_ARTES_DECORACAO_DE_INTERIORES_LTDA", "ENDEE": "RUA_SALVADOR_DE_MEDEIROS218__SAO_MIGUEL_PAULISTA_08010-020", "LMAPS": "https://www.google.com/maps?q=&layer=c&cbll=-23.4911271,-46.4424437", "O_QUE_FAZER": "CARTEIRA", "ER_REGIAO_CIDADE_min": "Capital Leste II_São Miguel" }, "geometry": { "type": "Point", "coordinates": [ -46.4424437, -23.4911271 ] } },
{ "type": "Feature", "properties": { "fid": 39149, "CNPJ": "07005522000125", "IDCIDADE": "SAO PAULO", "NOMEFANTASIA": null, "RAZAOSOCIAL": "REIS_CLINICA_ODONTOLOGICA_LTDA", "ENDEE": "RUA CAPITAO FRANCISCO ISAIAS DE CARVALHO, 54, SAO MIGUEL PAULISTA, 08010-030, SÃO PAULO, SP, BRASIL", "LMAPS": "https://www.google.com/maps?q=&layer=c&cbll=-23.4916071,-46.4429288", "O_QUE_FAZER": "CARTEIRA - FAMPE", "ER_REGIAO_CIDADE_min": "Capital Leste II_São Miguel" }, "geometry": { "type": "Point", "coordinates": [ -46.4429288, -23.4916071 ] } },
{ "type": "Feature", "properties": { "fid": 41513, "CNPJ": "07299247000108", "IDCIDADE": "SAO_PAULO", "NOMEFANTASIA": "RESTAURANTE_PRINCESA_DE_POA", "RAZAOSOCIAL": "FRANCISCA_FRANCINETE_DA_SILVA_FRANCISCO", "ENDEE": "RUA_TENENTE_LUIS_FERNANDO_LOBO145__SAO_MIGUEL_PAULISTA_08010-060", "LMAPS": "https://www.google.com/maps?q=&layer=c&cbll=-23.491844,-46.4424225", "O_QUE_FAZER": "CARTEIRA", "ER_REGIAO_CIDADE_min": "Capital Leste II_São Miguel" }, "geometry": { "type": "Point", "coordinates": [ -46.4424225, -23.491844 ] } },
{ "type": "Feature", "properties": { "fid": 42092, "CNPJ": "07365980000175", "IDCIDADE": "SAO_PAULO", "NOMEFANTASIA": "LESTE_TECH", "RAZAOSOCIAL": "JOAO_PAULO_SOARES_DE_ANDRADE", "ENDEE": "RUA_CAPITAO_FRANCISCO_ISAIAS_DE_CARVALHO185__SAO_MIGUEL_PAULISTA_08010-030", "LMAPS": "https://www.google.com/maps?q=&layer=c&cbll=-23.4918261,-46.4424081", "O_QUE_FAZER": "CARTEIRA", "ER_REGIAO_CIDADE_min": "Capital Leste II_São Miguel" }, "geometry": { "type": "Point", "coordinates": [ -46.4424081, -23.4918261 ] } },
{ "type": "Feature", "properties": { "fid": 42093, "CNPJ": "07366086000110", "IDCIDADE": "SAO PAULO", "NOMEFANTASIA": null, "RAZAOSOCIAL": "ROBERTA_ALMEIDA_RODRIGUES_16889616820", "ENDEE": "RUA CRISOLITA RODRIGUES PEREIRA, 51, SAO MIGUEL PAULISTA, 08011-340, SÃO PAULO, SP, BRASIL", "LMAPS": "https://www.google.com/maps?q=&layer=c&cbll=-23.4958014,-46.4428257", "O_QUE_FAZER": "CARTEIRA - FAMPE", "ER_REGIAO_CIDADE_min": "Capital Leste II_São Miguel" }, "geometry": { "type": "Point", "coordinates": [ -46.4428257, -23.4958014 ] } },
{ "type": "Feature", "properties": { "fid": 42262, "CNPJ": "07386707000127", "IDCIDADE": "SAO PAULO", "NOMEFANTASIA": null, "RAZAOSOCIAL": "MARI_COMERCIO_DE_TELHAS_LTDA", "ENDEE": "AVENIDA AFONSO LOPES DE BAIAO, 1355, VILA CAROLINA, 08040-115, SÃO PAULO, SP, BRASIL", "LMAPS": "https://www.google.com/maps?q=&layer=c&cbll=-23.5082668,-46.4448386", "O_QUE_FAZER": "CARTEIRA - FAMPE", "ER_REGIAO_CIDADE_min": "Capital Leste II_São Miguel" }, "geometry": { "type": "Point", "coordinates": [ -46.4448386, -23.5082668 ] } },
{ "type": "Feature", "properties": { "fid": 42505, "CNPJ": "07414569000142", "IDCIDADE": "SAO_PAULO", "NOMEFANTASIA": "PES_DE_ANJOS", "RAZAOSOCIAL": "PES_DE_ANJO_LTDA", "ENDEE": "RUA_SERRA_DOURADA120__SAO_MIGUEL_PAULISTA_08010-000", "LMAPS": "https://www.google.com/maps?q=&layer=c&cbll=-23.4923806,-46.4409994", "O_QUE_FAZER": "CARTEIRA", "ER_REGIAO_CIDADE_min": "Capital Leste II_São Miguel" }, "geometry": { "type": "Point", "coordinates": [ -46.4409994, -23.4923806 ] } },
{ "type": "Feature", "properties": { "fid": 42742, "CNPJ": "07441437000100", "IDCIDADE": "SAO_PAULO", "NOMEFANTASIA": "SILVA_LANCHES", "RAZAOSOCIAL": "ANTONIO_F._DA_SILVA_LANCHES", "ENDEE": "RUA_MOACIR_DANTAS_ITAPICURU978__CIDADE_NOVA_SAO_MIGUEL_08042-290", "LMAPS": "https://www.google.com/maps?q=&layer=c&cbll=-23.5051404,-46.4337425", "O_QUE_FAZER": "CARTEIRA", "ER_REGIAO_CIDADE_min": "Capital Leste II_São Miguel" }, "geometry": { "type": "Point", "coordinates": [ -46.4337425, -23.5051404 ] } },
{ "type": "Feature", "properties": { "fid": 43191, "CNPJ": "07494946000109", "IDCIDADE": "SAO PAULO", "NOMEFANTASIA": "DUDU_HAIR_DESIGNER", "RAZAOSOCIAL": "FERNANDO_GABRIEL_CABELEIREIROS", "ENDEE": "AVENIDA PIRES DO RIO, 676, SAO MIGUEL PAULISTA, 08020-000, SÃO PAULO, SP, BRASIL", "LMAPS": "https://www.google.com/maps?q=&layer=c&cbll=-23.5023045,-46.4428446", "O_QUE_FAZER": "CARTEIRA - FAMPE", "ER_REGIAO_CIDADE_min": "Capital Leste II_São Miguel" }, "geometry": { "type": "Point", "coordinates": [ -46.4428446, -23.5023045 ] } },
{ "type": "Feature", "properties": { "fid": 44732, "CNPJ": "07686277000169", "IDCIDADE": "SAO_PAULO", "NOMEFANTASIA": "NOVO_PLAST", "RAZAOSOCIAL": "NOVOPLAST_COMERCIO_DE_PLASTICOS_LTDA", "ENDEE": "AVENIDA_ANTONIO_BERNARDO_SILVESTRE6__VILA_SAO_SILVESTRE_08011-390", "LMAPS": "https://www.google.com/maps?q=&layer=c&cbll=-23.4979231,-46.4423788", "O_QUE_FAZER": "CARTEIRA", "ER_REGIAO_CIDADE_min": "Capital Leste II_São Miguel" }, "geometry": { "type": "Point", "coordinates": [ -46.4423788, -23.4979231 ] } },
{ "type": "Feature", "properties": { "fid": 44820, "CNPJ": "07694682000129", "IDCIDADE": "SAO_PAULO", "NOMEFANTASIA": "LAR_DOS_COLCHOES", "RAZAOSOCIAL": "MARIA_MOHAMAD_ARABI_-_COLCHOES", "ENDEE": "AVENIDA_MARECHAL_TITO319__SAO_MIGUEL_PAULISTA_08010-090", "LMAPS": "https://www.google.com/maps?q=&layer=c&cbll=-23.4934433,-46.4424581", "O_QUE_FAZER": "CARTEIRA", "ER_REGIAO_CIDADE_min": "Capital Leste II_São Miguel" }, "geometry": { "type": "Point", "coordinates": [ -46.4424581, -23.4934433 ] } },
{ "type": "Feature", "properties": { "fid": 45238, "CNPJ": "07735967000160", "IDCIDADE": "SAO_PAULO", "NOMEFANTASIA": "MASTER_COPY_ ", "RAZAOSOCIAL": "J_B_DOS_SANTOS", "ENDEE": "RUA_HENRIQUE_DE_PAULA_FRANCA149__SAO_MIGUEL_PAULISTA_08010-080", "LMAPS": "https://www.google.com/maps?q=&layer=c&cbll=-23.4941269,-46.4425073", "O_QUE_FAZER": "CARTEIRA", "ER_REGIAO_CIDADE_min": "Capital Leste II_São Miguel" }, "geometry": { "type": "Point", "coordinates": [ -46.4425073, -23.4941269 ] } },
{ "type": "Feature", "properties": { "fid": 46736, "CNPJ": "07903046000160", "IDCIDADE": "SAO_PAULO", "NOMEFANTASIA": "LUCIMAK", "RAZAOSOCIAL": "LUCIANO_JOSE_DA_SILVA", "ENDEE": "AVENIDA_PIRES_DO_RIO2980__JARDIM_NORMA_08240-005", "LMAPS": "https://www.google.com/maps?q=&layer=c&cbll=-23.5233541,-46.4437157", "O_QUE_FAZER": "CARTEIRA", "ER_REGIAO_CIDADE_min": "Capital Leste II_São Miguel" }, "geometry": { "type": "Point", "coordinates": [ -46.4437157, -23.5233541 ] } },
{ "type": "Feature", "properties": { "fid": 47189, "CNPJ": "07983119000170", "IDCIDADE": "SAO_PAULO", "NOMEFANTASIA": "XEREN_CAR'S", "RAZAOSOCIAL": "CELSO_APARECIDO_JOAQUIM_DA_SILVA_AUTO_PECA", "ENDEE": "RUA_DOMINGOS_MASSULO52__VILA_SAO_SILVESTRE_08011-380", "LMAPS": "https://www.google.com/maps?q=&layer=c&cbll=-23.4965707,-46.4423527", "O_QUE_FAZER": "CARTEIRA", "ER_REGIAO_CIDADE_min": "Capital Leste II_São Miguel" }, "geometry": { "type": "Point", "coordinates": [ -46.4423527, -23.4965707 ] } },
{ "type": "Feature", "properties": { "fid": 47489, "CNPJ": "08030992000101", "IDCIDADE": "SAO_PAULO", "NOMEFANTASIA": "NELSON'S_CAR", "RAZAOSOCIAL": "J._N._DA_SILVA_PECAS", "ENDEE": "RUA_ERVA_PRATA116__VILA_PROGRESSO_08245-000", "LMAPS": "https://www.google.com/maps?q=&layer=c&cbll=-23.5184887,-46.4393114", "O_QUE_FAZER": "CARTEIRA", "ER_REGIAO_CIDADE_min": "Capital Leste II_São Miguel" }, "geometry": { "type": "Point", "coordinates": [ -46.4393114, -23.5184887 ] } },
{ "type": "Feature", "properties": { "fid": 47686, "CNPJ": "08053990000138", "IDCIDADE": "SAO_PAULO", "NOMEFANTASIA": "SSBRASIL", "RAZAOSOCIAL": "SILVIO_DA_SILVA_RIBEIRO_ROUPAS", "ENDEE": "RUA_SALVADOR_DE_MEDEIROS312__SAO_MIGUEL_PAULISTA_08010-020", "LMAPS": "https://www.google.com/maps?q=&layer=c&cbll=-23.4911536,-46.4415984", "O_QUE_FAZER": "CARTEIRA", "ER_REGIAO_CIDADE_min": "Capital Leste II_São Miguel" }, "geometry": { "type": "Point", "coordinates": [ -46.4415984, -23.4911536 ] } },
{ "type": "Feature", "properties": { "fid": 47689, "CNPJ": "08054392000183", "IDCIDADE": "SAO_PAULO", "NOMEFANTASIA": "ERICKFER", "RAZAOSOCIAL": "MICHAEL_ERICK_DOS_SANTOS", "ENDEE": "RUA_ARAGUAGUA141__VILA_CAROLINA_08040-140", "LMAPS": "https://www.google.com/maps?q=&layer=c&cbll=-23.5060192,-46.4434037", "O_QUE_FAZER": "CARTEIRA", "ER_REGIAO_CIDADE_min": "Capital Leste II_São Miguel" }, "geometry": { "type": "Point", "coordinates": [ -46.4434037, -23.5060192 ] } },
{ "type": "Feature", "properties": { "fid": 47871, "CNPJ": "08078714000124", "IDCIDADE": "SAO_PAULO", "NOMEFANTASIA": "FB_MOTORS", "RAZAOSOCIAL": "FABIO_ANTONIO_VIEIRA_-_VEICULOS", "ENDEE": "AVENIDA_NORDESTINA1540__CIDADE_NOVA_SAO_MIGUEL_08021-000", "LMAPS": "https://www.google.com/maps?q=&layer=c&cbll=-23.5062141,-46.439808", "O_QUE_FAZER": "CARTEIRA", "ER_REGIAO_CIDADE_min": "Capital Leste II_São Miguel" }, "geometry": { "type": "Point", "coordinates": [ -46.439808, -23.5062141 ] } },
{ "type": "Feature", "properties": { "fid": 47931, "CNPJ": "08086040000100", "IDCIDADE": "SAO_PAULO", "NOMEFANTASIA": "BILL_GRIL", "RAZAOSOCIAL": "LANCHONETE_&_RESTAURANTE_BILL_GRIL_LTDA", "ENDEE": "RUA_JOAO_AUGUSTO_MORAIS72__VILA_DOUTOR_EIRAS_08010-150", "LMAPS": "https://www.google.com/maps?q=&layer=c&cbll=-23.4947793,-46.4394785", "O_QUE_FAZER": "CARTEIRA", "ER_REGIAO_CIDADE_min": "Capital Leste II_São Miguel" }, "geometry": { "type": "Point", "coordinates": [ -46.4394785, -23.4947793 ] } },
{ "type": "Feature", "properties": { "fid": 48946, "CNPJ": "08241878000120", "IDCIDADE": "SAO_PAULO", "NOMEFANTASIA": "PIPOCA_PET", "RAZAOSOCIAL": "RACOES_PEGASUS_LTDA", "ENDEE": "AVENIDA_PIRES_DO_RIO1095__VILA_AMERICANA_08020-000", "LMAPS": "https://www.google.com/maps?q=&layer=c&cbll=-23.5055732,-46.4436079", "O_QUE_FAZER": "CARTEIRA", "ER_REGIAO_CIDADE_min": "Capital Leste II_São Miguel" }, "geometry": { "type": "Point", "coordinates": [ -46.4436079, -23.5055732 ] } },
{ "type": "Feature", "properties": { "fid": 49349, "CNPJ": "08292273000169", "IDCIDADE": "SAO_PAULO", "NOMEFANTASIA": "JOYCE_NOIVAS_ ", "RAZAOSOCIAL": "MARIA_JOSIANE_DE_BARROS_RIBEIRO_DA_SILVA", "ENDEE": "AVENIDA_MARECHAL_TITO137__SAO_MIGUEL_PAULISTA_08010-090", "LMAPS": "https://www.google.com/maps?q=&layer=c&cbll=-23.49299,-46.4439176", "O_QUE_FAZER": "CARTEIRA", "ER_REGIAO_CIDADE_min": "Capital Leste II_São Miguel" }, "geometry": { "type": "Point", "coordinates": [ -46.4439176, -23.49299 ] } },
{ "type": "Feature", "properties": { "fid": 49350, "CNPJ": "08292273000240", "IDCIDADE": "SAO_PAULO", "NOMEFANTASIA": "D'BELLAS_TRAJES_A_RIGOR", "RAZAOSOCIAL": "MARIA_JOSIANE_DE_BARROS_RIBEIRO_DA_SILVA", "ENDEE": "AVENIDA_MARECHAL_TITO167__SAO_MIGUEL_PAULISTA_08010-090", "LMAPS": "https://www.google.com/maps?q=&layer=c&cbll=-23.4932697,-46.4438819", "O_QUE_FAZER": "CARTEIRA", "ER_REGIAO_CIDADE_min": "Capital Leste II_São Miguel" }, "geometry": { "type": "Point", "coordinates": [ -46.4438819, -23.4932697 ] } },
{ "type": "Feature", "properties": { "fid": 49452, "CNPJ": "08308342000185", "IDCIDADE": "SAO_PAULO", "NOMEFANTASIA": "VIDA_CALCADOS_E_BOLSAS_LTDA", "RAZAOSOCIAL": "ESPERANCA_CALCADOS", "ENDEE": "AVENIDA_MARECHAL_TITO799__SAO_MIGUEL_PAULISTA_08115-000", "LMAPS": "https://www.google.com/maps?q=&layer=c&cbll=-23.4945462,-46.4378966", "O_QUE_FAZER": "FINALIZADO", "ER_REGIAO_CIDADE_min": "Capital Leste II_São Miguel" }, "geometry": { "type": "Point", "coordinates": [ -46.4378966, -23.4945462 ] } },
{ "type": "Feature", "properties": { "fid": 51440, "CNPJ": "08651996000107", "IDCIDADE": "SAO_PAULO", "NOMEFANTASIA": "AUTO_ESCOLA_SUCESSO", "RAZAOSOCIAL": "CENTRO_DE_FORMACAO_DE_CONDUTORES_VILA_PROGRESSO_LTDA", "ENDEE": "RUA_CARDON808__VILA_PROGRESSO_08041-525", "LMAPS": "https://www.google.com/maps?q=&layer=c&cbll=-23.5171204,-46.4387137", "O_QUE_FAZER": "CARTEIRA", "ER_REGIAO_CIDADE_min": "Capital Leste II_São Miguel" }, "geometry": { "type": "Point", "coordinates": [ -46.4387137, -23.5171204 ] } },
{ "type": "Feature", "properties": { "fid": 51885, "CNPJ": "08708857000172", "IDCIDADE": "SAO_PAULO", "NOMEFANTASIA": "PATURY_PIZZARIA", "RAZAOSOCIAL": "PATURY_ESFIHA_LTDA", "ENDEE": "AVENIDA_PIRES_DO_RIO2635__JARDIM_NORMA_08240-005", "LMAPS": "https://www.google.com/maps?q=&layer=c&cbll=-23.5199564,-46.4439732", "O_QUE_FAZER": "CARTEIRA", "ER_REGIAO_CIDADE_min": "Capital Leste II_São Miguel" }, "geometry": { "type": "Point", "coordinates": [ -46.4439732, -23.5199564 ] } },
{ "type": "Feature", "properties": { "fid": 52328, "CNPJ": "08757944000110", "IDCIDADE": "SAO_PAULO", "NOMEFANTASIA": "SAPATARIA_JARAGUA", "RAZAOSOCIAL": "SAPATARIA_FRAGATA_LTDA", "ENDEE": "AVENIDA_MARECHAL_TITO1206__SAO_MIGUEL_PAULISTA_08115-100", "LMAPS": "https://www.google.com/maps?q=&layer=c&cbll=-23.4952243,-46.4345657", "O_QUE_FAZER": "CARTEIRA", "ER_REGIAO_CIDADE_min": "Capital Leste II_São Miguel" }, "geometry": { "type": "Point", "coordinates": [ -46.4345657, -23.4952243 ] } },
{ "type": "Feature", "properties": { "fid": 53432, "CNPJ": "08895766000193", "IDCIDADE": "SAO_PAULO", "NOMEFANTASIA": "CIRURGICA_E_ORTOPEDIA", "RAZAOSOCIAL": "COMERCIO_DE_MATERIAIS_CIRURGICOS_E_ORTOPEDICOS_MARECHAL_TITO_LTDA", "ENDEE": "PRACA_PADRE_ALEIXO_MONTEIRO_MAFRA3__SAO_MIGUEL_PAULISTA_08011-010", "LMAPS": "https://www.google.com/maps?q=&layer=c&cbll=-23.492157,-46.4449165", "O_QUE_FAZER": "CARTEIRA", "ER_REGIAO_CIDADE_min": "Capital Leste II_São Miguel" }, "geometry": { "type": "Point", "coordinates": [ -46.4449165, -23.492157 ] } },
{ "type": "Feature", "properties": { "fid": 53760, "CNPJ": "08934005000101", "IDCIDADE": "SAO_PAULO", "NOMEFANTASIA": "OTICA_NV", "RAZAOSOCIAL": "HFM_COMERCIAL_LTDA", "ENDEE": "RUA_MOACIR_DANTAS_ITAPICURU876__CIDADE_NOVA_SAO_MIGUEL_08042-212", "LMAPS": "https://www.google.com/maps?q=&layer=c&cbll=-23.5058388,-46.4343801", "O_QUE_FAZER": "CARTEIRA", "ER_REGIAO_CIDADE_min": "Capital Leste II_São Miguel" }, "geometry": { "type": "Point", "coordinates": [ -46.4343801, -23.5058388 ] } },
{ "type": "Feature", "properties": { "fid": 54141, "CNPJ": "08974378000106", "IDCIDADE": "SAO_PAULO", "NOMEFANTASIA": "C_C_M_PECORELLI_BRAGA", "RAZAOSOCIAL": "C_C_M_PECORELLI_BRAGA", "ENDEE": "RUA_TENENTE_LUIS_FERNANDO_LOBO105__SAO_MIGUEL_PAULISTA_08010-060", "LMAPS": "https://www.google.com/maps?q=&layer=c&cbll=-23.4921202,-46.442653", "O_QUE_FAZER": "CARTEIRA", "ER_REGIAO_CIDADE_min": "Capital Leste II_São Miguel" }, "geometry": { "type": "Point", "coordinates": [ -46.442653, -23.4921202 ] } },
{ "type": "Feature", "properties": { "fid": 54326, "CNPJ": "08997618000180", "IDCIDADE": "SAO PAULO", "NOMEFANTASIA": "IMPACTO_DISCOS_DIAMANTADO", "RAZAOSOCIAL": "SANDRO_DA_SILVA_LEITE_DISCOS_DIAMANTADO", "ENDEE": "RUA MOACIR DANTAS ITAPICURU, 48, CIDADE NOVA SO MIGUEL, 08042-290, SÃO PAULO, SP, BRASIL", "LMAPS": "https://www.google.com/maps?q=&layer=c&cbll=-23.512228,-46.433227", "O_QUE_FAZER": "CARTEIRA - FAMPE", "ER_REGIAO_CIDADE_min": "Capital Leste II_São Miguel" }, "geometry": { "type": "Point", "coordinates": [ -46.433227, -23.512228 ] } },
{ "type": "Feature", "properties": { "fid": 55774, "CNPJ": "09161446000172", "IDCIDADE": "SAO_PAULO", "NOMEFANTASIA": "CFC_EFETIVA", "RAZAOSOCIAL": "CENTRO_DE_FORMACAO_DE_CONDUTORES_EFETIVA_LTDA", "ENDEE": "RUA_MOACIR_DANTAS_ITAPICURU764__CIDADE_NOVA_SAO_MIGUEL_08042-290", "LMAPS": "https://www.google.com/maps?q=&layer=c&cbll=-23.5066588,-46.4349665", "O_QUE_FAZER": "CARTEIRA", "ER_REGIAO_CIDADE_min": "Capital Leste II_São Miguel" }, "geometry": { "type": "Point", "coordinates": [ -46.4349665, -23.5066588 ] } },
{ "type": "Feature", "properties": { "fid": 56372, "CNPJ": "09228709000113", "IDCIDADE": "SAO_PAULO", "NOMEFANTASIA": "DIVINAS_NOIVAS", "RAZAOSOCIAL": "DIVINAS_TRAJES_A_RIGOR_LTDA", "ENDEE": "AVENIDA_MARECHAL_TITO73__VILA_AMERICANA_08010-090", "LMAPS": "https://www.google.com/maps?q=&layer=c&cbll=-23.4925225,-46.4442949", "O_QUE_FAZER": "CARTEIRA", "ER_REGIAO_CIDADE_min": "Capital Leste II_São Miguel" }, "geometry": { "type": "Point", "coordinates": [ -46.4442949, -23.4925225 ] } },
{ "type": "Feature", "properties": { "fid": 56375, "CNPJ": "09228964000166", "IDCIDADE": "SAO_PAULO", "NOMEFANTASIA": "LIGUE_CHOPP_SAO_MIGUEL", "RAZAOSOCIAL": "CHOPP_MAIS_FACIL_COMERCIO_DE_BEBIDAS_LTDA", "ENDEE": "AVENIDA_PIRES_DO_RIO335__VILA_AMERICANA_08020-000", "LMAPS": "https://www.google.com/maps?q=&layer=c&cbll=-23.4992235,-46.4422667", "O_QUE_FAZER": "CARTEIRA", "ER_REGIAO_CIDADE_min": "Capital Leste II_São Miguel" }, "geometry": { "type": "Point", "coordinates": [ -46.4422667, -23.4992235 ] } },
{ "type": "Feature", "properties": { "fid": 57362, "CNPJ": "09344316000175", "IDCIDADE": "SAO_PAULO", "NOMEFANTASIA": "ELETRONICA_NOVA_DIAMANTE", "RAZAOSOCIAL": "ELETRONICA_NOVA_DIAMANTE_LTDA", "ENDEE": "RUA_CRISOLITA_RODRIGUES_PEREIRA55__SAO_MIGUEL_PAULISTA_08011-340", "LMAPS": "https://www.google.com/maps?q=&layer=c&cbll=-23.4957784,-46.4428938", "O_QUE_FAZER": "CARTEIRA", "ER_REGIAO_CIDADE_min": "Capital Leste II_São Miguel" }, "geometry": { "type": "Point", "coordinates": [ -46.4428938, -23.4957784 ] } },
{ "type": "Feature", "properties": { "fid": 57536, "CNPJ": "09361971000131", "IDCIDADE": "SAO_PAULO", "NOMEFANTASIA": "LOLLY_TINA", "RAZAOSOCIAL": "ANSELMO_DA_CONCEICAO_RIBEIRO", "ENDEE": "AVENIDA_PIRES_DO_RIO983__JARDIM_NORMA_08240-005", "LMAPS": "https://www.google.com/maps?q=&layer=c&cbll=-23.5183209,-46.4397073", "O_QUE_FAZER": "CARTEIRA", "ER_REGIAO_CIDADE_min": "Capital Leste II_São Miguel" }, "geometry": { "type": "Point", "coordinates": [ -46.4397073, -23.5183209 ] } },
{ "type": "Feature", "properties": { "fid": 57592, "CNPJ": "09368332000106", "IDCIDADE": "SAO_PAULO", "NOMEFANTASIA": "MP_KIDS", "RAZAOSOCIAL": "MP_KIDS_COMERCIO_DE_ROUPAS_LTDA", "ENDEE": "RUA_SEVERINA_LEOPOLDINA_DE_SOUSA26__CIDADE_NITRO_OPERARIA_08010-310", "LMAPS": "https://www.google.com/maps?q=&layer=c&cbll=-23.4937054,-46.4395875", "O_QUE_FAZER": "CARTEIRA", "ER_REGIAO_CIDADE_min": "Capital Leste II_São Miguel" }, "geometry": { "type": "Point", "coordinates": [ -46.4395875, -23.4937054 ] } },
{ "type": "Feature", "properties": { "fid": 58224, "CNPJ": "09436918000152", "IDCIDADE": "SAO_PAULO", "NOMEFANTASIA": "VALENTE_CENTER", "RAZAOSOCIAL": "VALENTE_CENTER_LTDA", "ENDEE": "AVENIDA_NORDESTINA2749__CIDADE_NOVA_SAO_MIGUEL_08021-000", "LMAPS": "https://www.google.com/maps?q=&layer=c&cbll=-23.5122522,-46.4328822", "O_QUE_FAZER": "CARTEIRA", "ER_REGIAO_CIDADE_min": "Capital Leste II_São Miguel" }, "geometry": { "type": "Point", "coordinates": [ -46.4328822, -23.5122522 ] } },
{ "type": "Feature", "properties": { "fid": 59224, "CNPJ": "09540693000180", "IDCIDADE": "SAO_PAULO", "NOMEFANTASIA": "VEL_PLAST_EMBALAGENS", "RAZAOSOCIAL": "DIRCE_APARECIDA_GERMANO_VELHO", "ENDEE": "RUA_PROFESSOR_JOAQUIM_DE_CAMARGO18__SAO_MIGUEL_PAULISTA_08011-320", "LMAPS": "https://www.google.com/maps?q=&layer=c&cbll=-23.4945677,-46.4433414", "O_QUE_FAZER": "APLICAR T2", "ER_REGIAO_CIDADE_min": "Capital Leste II_São Miguel" }, "geometry": { "type": "Point", "coordinates": [ -46.4433414, -23.4945677 ] } },
{ "type": "Feature", "properties": { "fid": 59637, "CNPJ": "09595683000141", "IDCIDADE": "SAO_PAULO", "NOMEFANTASIA": "PATTS_RESTAURANTE", "RAZAOSOCIAL": "GOURMET_LANCHONETE_E_RESTAURANTE_LTDA", "ENDEE": "AVENIDA_MARECHAL_TITO567__SAO_MIGUEL_PAULISTA_08010-090", "LMAPS": "https://www.google.com/maps?q=&layer=c&cbll=-23.4937,-46.4393489", "O_QUE_FAZER": "CARTEIRA", "ER_REGIAO_CIDADE_min": "Capital Leste II_São Miguel" }, "geometry": { "type": "Point", "coordinates": [ -46.4393489, -23.4937 ] } },
{ "type": "Feature", "properties": { "fid": 59817, "CNPJ": "09620271000114", "IDCIDADE": "SAO_PAULO", "NOMEFANTASIA": "HERPY_LINGERIE", "RAZAOSOCIAL": "M_DO_LIVRAMENTO_ASSIS_LANGERIE", "ENDEE": "AVENIDA_MARECHAL_TITO1109__SAO_MIGUEL_PAULISTA_08010-090", "LMAPS": "https://www.google.com/maps?q=&layer=c&cbll=-23.4949994,-46.4351848", "O_QUE_FAZER": "CARTEIRA", "ER_REGIAO_CIDADE_min": "Capital Leste II_São Miguel" }, "geometry": { "type": "Point", "coordinates": [ -46.4351848, -23.4949994 ] } },
{ "type": "Feature", "properties": { "fid": 62363, "CNPJ": "10393052000129", "IDCIDADE": "SAO_PAULO", "NOMEFANTASIA": "RODOLFO_SIQUEIRA", "RAZAOSOCIAL": "RODOLFO_SIQUEIRA", "ENDEE": "PRACA_PADRE_ALEIXO_MONTEIRO_MAFRA64__SAO_MIGUEL_PAULISTA_08011-010", "LMAPS": "https://www.google.com/maps?q=&layer=c&cbll=-23.4909841,-46.4458065", "O_QUE_FAZER": "CARTEIRA", "ER_REGIAO_CIDADE_min": "Capital Leste II_São Miguel" }, "geometry": { "type": "Point", "coordinates": [ -46.4458065, -23.4909841 ] } },
{ "type": "Feature", "properties": { "fid": 64182, "CNPJ": "10590047000106", "IDCIDADE": "SAO_PAULO", "NOMEFANTASIA": "INVASAO_SOUND", "RAZAOSOCIAL": "INVASAO_SOUND_-_SOM_E_ACESSORIOS_PARA_AUTOS_MOTOS_LTDA.", "ENDEE": "AVENIDA_PIRES_DO_RIO1348__VILA_AMERICANA_08020-000", "LMAPS": "https://www.google.com/maps?q=&layer=c&cbll=-23.5083095,-46.4432667", "O_QUE_FAZER": "CARTEIRA", "ER_REGIAO_CIDADE_min": "Capital Leste II_São Miguel" }, "geometry": { "type": "Point", "coordinates": [ -46.4432667, -23.5083095 ] } },
{ "type": "Feature", "properties": { "fid": 68067, "CNPJ": "11000204000149", "IDCIDADE": "SAO_PAULO", "NOMEFANTASIA": "VAREJAO_ARRUDA", "RAZAOSOCIAL": "VAREJAO_ARRUDA_COMERCIO_DE_FERRAGENS,_FERRAMENTAS_E_MATERIAL_DE_CONSTRUCAO_LTDA", "ENDEE": "RUA_ARLINDO_COLACO82__SAO_MIGUEL_PAULISTA_08010-010", "LMAPS": "https://www.google.com/maps?q=&layer=c&cbll=-23.4920832,-46.4433098", "O_QUE_FAZER": "CARTEIRA", "ER_REGIAO_CIDADE_min": "Capital Leste II_São Miguel" }, "geometry": { "type": "Point", "coordinates": [ -46.4433098, -23.4920832 ] } },
{ "type": "Feature", "properties": { "fid": 68346, "CNPJ": "11032853000121", "IDCIDADE": "SAO_PAULO", "NOMEFANTASIA": "MARCIA_MARIA_SALGADOS_E_DOCES_ ", "RAZAOSOCIAL": "MARCIA_&_MARIA_SALGADOS_E_DOCES_LTDA", "ENDEE": "AVENIDA_PIRES_DO_RIO658__VILA_AMERICANA_08020-000", "LMAPS": "https://www.google.com/maps?q=&layer=c&cbll=-23.5021788,-46.4427284", "O_QUE_FAZER": "CARTEIRA", "ER_REGIAO_CIDADE_min": "Capital Leste II_São Miguel" }, "geometry": { "type": "Point", "coordinates": [ -46.4427284, -23.5021788 ] } },
{ "type": "Feature", "properties": { "fid": 68494, "CNPJ": "11050720000188", "IDCIDADE": "SAO_PAULO", "NOMEFANTASIA": "TURISMO_BRA", "RAZAOSOCIAL": "EDIVALDO_GONCALVES_DA_SILVA_TURISMO", "ENDEE": "AVENIDA_NORDESTINA135__VILA_AMERICANA_08011-000", "LMAPS": "https://www.google.com/maps?q=&layer=c&cbll=-23.4946971,-46.4430597", "O_QUE_FAZER": "CARTEIRA", "ER_REGIAO_CIDADE_min": "Capital Leste II_São Miguel" }, "geometry": { "type": "Point", "coordinates": [ -46.4430597, -23.4946971 ] } },
{ "type": "Feature", "properties": { "fid": 69432, "CNPJ": "11169722000190", "IDCIDADE": "SAO_PAULO", "NOMEFANTASIA": "PONTO_G_TINTAS", "RAZAOSOCIAL": "PONTO_G_TINTAS_LTDA", "ENDEE": "AVENIDA_PIRES_DO_RIO499__VILA_AMERICANA_08020-000", "LMAPS": "https://www.google.com/maps?q=&layer=c&cbll=-23.5009248,-46.4425385", "O_QUE_FAZER": "CARTEIRA", "ER_REGIAO_CIDADE_min": "Capital Leste II_São Miguel" }, "geometry": { "type": "Point", "coordinates": [ -46.4425385, -23.5009248 ] } },
{ "type": "Feature", "properties": { "fid": 71640, "CNPJ": "11451246000104", "IDCIDADE": "SAO_PAULO", "NOMEFANTASIA": "JJ_PRODUCOES", "RAZAOSOCIAL": "JOTA_JOTA_PRODUCOES_LTDA", "ENDEE": "RUA_CRISOLITA_RODRIGUES_PEREIRA4__SAO_MIGUEL_PAULISTA_08011-340", "LMAPS": "https://www.google.com/maps?q=&layer=c&cbll=-23.4956945,-46.4429559", "O_QUE_FAZER": "CARTEIRA", "ER_REGIAO_CIDADE_min": "Capital Leste II_São Miguel" }, "geometry": { "type": "Point", "coordinates": [ -46.4429559, -23.4956945 ] } },
{ "type": "Feature", "properties": { "fid": 71966, "CNPJ": "11489801000189", "IDCIDADE": "SAO_PAULO", "NOMEFANTASIA": "SELL_CAR", "RAZAOSOCIAL": "SELL_COMERCIO_DE_VEICULOS_LTDA", "ENDEE": "AVENIDA_NORDESTINA1348__VILA_AMERICANA_08021-000", "LMAPS": "https://www.google.com/maps?q=&layer=c&cbll=-23.5045838,-46.4398704", "O_QUE_FAZER": "CARTEIRA", "ER_REGIAO_CIDADE_min": "Capital Leste II_São Miguel" }, "geometry": { "type": "Point", "coordinates": [ -46.4398704, -23.5045838 ] } },
{ "type": "Feature", "properties": { "fid": 72102, "CNPJ": "11506916000134", "IDCIDADE": "SAO_PAULO", "NOMEFANTASIA": "LAPENAS_BAR", "RAZAOSOCIAL": "LAPENAS_LANCHONETE_E_COMERCIO_DE_ALIMENTOS_LTDA", "ENDEE": "RUA_MIGUEL_ANGELO_LAPENA255__SAO_MIGUEL_PAULISTA_08010-040", "LMAPS": "https://www.google.com/maps?q=&layer=c&cbll=-23.4911113,-46.4421198", "O_QUE_FAZER": "CARTEIRA", "ER_REGIAO_CIDADE_min": "Capital Leste II_São Miguel" }, "geometry": { "type": "Point", "coordinates": [ -46.4421198, -23.4911113 ] } },
{ "type": "Feature", "properties": { "fid": 73266, "CNPJ": "11700885000158", "IDCIDADE": "SAO_PAULO", "NOMEFANTASIA": "GRAFICA_EDICAO", "RAZAOSOCIAL": "PAULO_SERGIO_BARBOZA_GRAFICA", "ENDEE": "RUA_PASCOAL_DANIEL101__VILA_GIORDANO_08020-370", "LMAPS": "https://www.google.com/maps?q=&layer=c&cbll=-23.497923,-46.4412885", "O_QUE_FAZER": "CARTEIRA", "ER_REGIAO_CIDADE_min": "Capital Leste II_São Miguel" }, "geometry": { "type": "Point", "coordinates": [ -46.4412885, -23.497923 ] } },
{ "type": "Feature", "properties": { "fid": 73526, "CNPJ": "11738367000123", "IDCIDADE": "SAO_PAULO", "NOMEFANTASIA": "T&M_FERRAGENS", "RAZAOSOCIAL": "ANTONIO_CATIGERO_OLIVEIRA", "ENDEE": "AVENIDA_DECIO_ANGELO_CHIUVITTI53__VILA_GIORDANO_08020-360", "LMAPS": "https://www.google.com/maps?q=&layer=c&cbll=-23.4988517,-46.4418512", "O_QUE_FAZER": "CARTEIRA", "ER_REGIAO_CIDADE_min": "Capital Leste II_São Miguel" }, "geometry": { "type": "Point", "coordinates": [ -46.4418512, -23.4988517 ] } },
{ "type": "Feature", "properties": { "fid": 74487, "CNPJ": "11898188000153", "IDCIDADE": "SAO_PAULO", "NOMEFANTASIA": "SAO_MIGUEL_AUTOMOTIVA", "RAZAOSOCIAL": "SAO_MIGUEL_REPARACAO_AUTOMOTIVA_LTDA", "ENDEE": "AVENIDA_PIRES_DO_RIO117__VILA_AMERICANA_08020-000", "LMAPS": "https://www.google.com/maps?q=&layer=c&cbll=-23.4974528,-46.4421194", "O_QUE_FAZER": "CARTEIRA", "ER_REGIAO_CIDADE_min": "Capital Leste II_São Miguel" }, "geometry": { "type": "Point", "coordinates": [ -46.4421194, -23.4974528 ] } },
{ "type": "Feature", "properties": { "fid": 74592, "CNPJ": "11915522000130", "IDCIDADE": "SAO_PAULO", "NOMEFANTASIA": "AGNALDO_CORREIA_DO_NASCIMENTO_17070385897", "RAZAOSOCIAL": "AGNALDO_CORREIA_DO_NASCIMENTO", "ENDEE": "RUA_PEDRO_GOMES_PEREIRA466__CIDADE_NOVA_SAO_MIGUEL_08042-220", "LMAPS": "https://www.google.com/maps?q=&layer=c&cbll=-23.5084439,-46.433146", "O_QUE_FAZER": "FINALIZADO", "ER_REGIAO_CIDADE_min": "Capital Leste II_São Miguel" }, "geometry": { "type": "Point", "coordinates": [ -46.433146, -23.5084439 ] } },
{ "type": "Feature", "properties": { "fid": 75368, "CNPJ": "12045757000180", "IDCIDADE": "SAO_PAULO", "NOMEFANTASIA": "DORME_BEM", "RAZAOSOCIAL": "HCI_ELETRONICOS_LTDA", "ENDEE": "AVENIDA_MARECHAL_TITO1500__SAO_MIGUEL_PAULISTA_08115-100", "LMAPS": "https://www.google.com/maps?q=&layer=c&cbll=-23.4951939,-46.4311308", "O_QUE_FAZER": "CARTEIRA", "ER_REGIAO_CIDADE_min": "Capital Leste II_São Miguel" }, "geometry": { "type": "Point", "coordinates": [ -46.4311308, -23.4951939 ] } },
{ "type": "Feature", "properties": { "fid": 75927, "CNPJ": "12143401000180", "IDCIDADE": "SAO_PAULO", "NOMEFANTASIA": "UNIPHARMA_LESTE_DROGARIA_E_PERFUMARIA_LTDA_ ", "RAZAOSOCIAL": "UNIPHARMA_LESTE_DROGARIA_E_PERFUMARIA_LTDA", "ENDEE": "AVENIDA_NORDESTINA2735__VILA_AMERICANA_08021-000", "LMAPS": "https://www.google.com/maps?q=&layer=c&cbll=-23.5125444,-46.4330033", "O_QUE_FAZER": "CARTEIRA", "ER_REGIAO_CIDADE_min": "Capital Leste II_São Miguel" }, "geometry": { "type": "Point", "coordinates": [ -46.4330033, -23.5125444 ] } },
{ "type": "Feature", "properties": { "fid": 76052, "CNPJ": "12183713000117", "IDCIDADE": "SAO_PAULO", "NOMEFANTASIA": "NOVA_BRASIL_TOUR", "RAZAOSOCIAL": "BARBARA_DEMORI_NISHIMURA", "ENDEE": "AVENIDA_NORDESTINA109__VILA_AMERICANA_08011-000", "LMAPS": "https://www.google.com/maps?q=&layer=c&cbll=-23.4945035,-46.4432142", "O_QUE_FAZER": "CARTEIRA", "ER_REGIAO_CIDADE_min": "Capital Leste II_São Miguel" }, "geometry": { "type": "Point", "coordinates": [ -46.4432142, -23.4945035 ] } },
{ "type": "Feature", "properties": { "fid": 76352, "CNPJ": "12251601000156", "IDCIDADE": "SAO_PAULO", "NOMEFANTASIA": "VISAO_NATURAL", "RAZAOSOCIAL": "OTICAS_VISAO_NATURAL_LTDA", "ENDEE": "PRACA_PADRE_ALEIXO_MONTEIRO_MAFRA26__SAO_MIGUEL_PAULISTA_08011-010", "LMAPS": "https://www.google.com/maps?q=&layer=c&cbll=-23.4912524,-46.444797", "O_QUE_FAZER": "CARTEIRA", "ER_REGIAO_CIDADE_min": "Capital Leste II_São Miguel" }, "geometry": { "type": "Point", "coordinates": [ -46.444797, -23.4912524 ] } },
{ "type": "Feature", "properties": { "fid": 76440, "CNPJ": "12269354000115", "IDCIDADE": "SAO_PAULO", "NOMEFANTASIA": "LENDARIOS", "RAZAOSOCIAL": "IVANILDA_SILVA_WANDENKOLK", "ENDEE": "RUA_ABAITINGA3__CIDADE_NITRO_OPERARIA_08010-360", "LMAPS": "https://www.google.com/maps?q=&layer=c&cbll=-23.4920506,-46.4388734", "O_QUE_FAZER": "CARTEIRA", "ER_REGIAO_CIDADE_min": "Capital Leste II_São Miguel" }, "geometry": { "type": "Point", "coordinates": [ -46.4388734, -23.4920506 ] } },
{ "type": "Feature", "properties": { "fid": 78716, "CNPJ": "12656046000142", "IDCIDADE": "SAO_PAULO", "NOMEFANTASIA": "MARMORARIA_TARGINO", "RAZAOSOCIAL": "TARGINO_MARMORES_E_CONSTRUCOES_LTDA", "ENDEE": "RUA_MOACIR_DANTAS_ITAPICURU48__CIDADE_NOVA_SAO_MIGUEL_08042-290", "LMAPS": "https://www.google.com/maps?q=&layer=c&cbll=-23.5123868,-46.4333177", "O_QUE_FAZER": "CARTEIRA", "ER_REGIAO_CIDADE_min": "Capital Leste II_São Miguel" }, "geometry": { "type": "Point", "coordinates": [ -46.4333177, -23.5123868 ] } },
{ "type": "Feature", "properties": { "fid": 79798, "CNPJ": "12915367000114", "IDCIDADE": "SAO_PAULO", "NOMEFANTASIA": "INVICTUS_SPORTS_ ", "RAZAOSOCIAL": "INVICTUS_SPORTS_-_CONFECCOES_LTDA", "ENDEE": "AVENIDA_NORDESTINA818__VILA_AMERICANA_08021-000", "LMAPS": "https://www.google.com/maps?q=&layer=c&cbll=-23.4999862,-46.440176", "O_QUE_FAZER": "CARTEIRA", "ER_REGIAO_CIDADE_min": "Capital Leste II_São Miguel" }, "geometry": { "type": "Point", "coordinates": [ -46.440176, -23.4999862 ] } },
{ "type": "Feature", "properties": { "fid": 80075, "CNPJ": "12965104000110", "IDCIDADE": "SAO_PAULO", "NOMEFANTASIA": "CASA_DE_CARNES_TUBARAO", "RAZAOSOCIAL": "CASA_DE_CARNES_E_ROTISSERIE_NOVA_BELARMINO_LTDA", "ENDEE": "RUA_CARDON826__VILA_PROGRESSO_08041-525", "LMAPS": "https://www.google.com/maps?q=&layer=c&cbll=-23.5171819,-46.4388095", "O_QUE_FAZER": "CARTEIRA", "ER_REGIAO_CIDADE_min": "Capital Leste II_São Miguel" }, "geometry": { "type": "Point", "coordinates": [ -46.4388095, -23.5171819 ] } },
{ "type": "Feature", "properties": { "fid": 80514, "CNPJ": "13051681000169", "IDCIDADE": "SAO_PAULO", "NOMEFANTASIA": "A_REALEZA", "RAZAOSOCIAL": "V.S.D.S_COMERCIO_DE_PRESENTES_LTDA", "ENDEE": "RUA_SALVADOR_DE_MEDEIROS438__SAO_MIGUEL_PAULISTA_08010-020", "LMAPS": "https://www.google.com/maps?q=&layer=c&cbll=-23.4912309,-46.4403059", "O_QUE_FAZER": "CARTEIRA", "ER_REGIAO_CIDADE_min": "Capital Leste II_São Miguel" }, "geometry": { "type": "Point", "coordinates": [ -46.4403059, -23.4912309 ] } },
{ "type": "Feature", "properties": { "fid": 81086, "CNPJ": "13171849000170", "IDCIDADE": "SAO_PAULO", "NOMEFANTASIA": "NET_CLASS_EDITORA_DE_LISTAS_VIRTUAIS_LTDA", "RAZAOSOCIAL": "_NET_CLASS_EDITORA_DE_LISTAS_VIRTUAIS", "ENDEE": "AVENIDA_MARECHAL_TITO955__SAO_MIGUEL_PAULISTA_08115-000", "LMAPS": "https://www.google.com/maps?q=&layer=c&cbll=-23.4946147,-46.4364052", "O_QUE_FAZER": "FINALIZADO", "ER_REGIAO_CIDADE_min": "Capital Leste II_São Miguel" }, "geometry": { "type": "Point", "coordinates": [ -46.4364052, -23.4946147 ] } },
{ "type": "Feature", "properties": { "fid": 81199, "CNPJ": "13190057000142", "IDCIDADE": "SAO PAULO", "NOMEFANTASIA": "VENOARTE_COMUNICACAO_VISUAL", "RAZAOSOCIAL": "CAIO_RUIZ_DE_CARVALHO_COMUNICACAO_VISUAL", "ENDEE": "RUA ENGENHEIRO CESAR POLILO, 644, VILA GIORDANO, 08021-150, SÃO PAULO, SP, BRASIL", "LMAPS": "https://www.google.com/maps?q=&layer=c&cbll=-23.4998139,-46.4354283", "O_QUE_FAZER": "CARTEIRA - FAMPE", "ER_REGIAO_CIDADE_min": "Capital Leste II_São Miguel" }, "geometry": { "type": "Point", "coordinates": [ -46.4354283, -23.4998139 ] } },
{ "type": "Feature", "properties": { "fid": 83179, "CNPJ": "13536322000100", "IDCIDADE": "SAO_PAULO", "NOMEFANTASIA": "MDV_AUTO_PECAS", "RAZAOSOCIAL": "MDV_COMERCIO_DE_AUTO_PECAS_LTDA", "ENDEE": "AVENIDA_NORDESTINA1610__CIDADE_NOVA_SAO_MIGUEL_08021-000", "LMAPS": "https://www.google.com/maps?q=&layer=c&cbll=-23.5066309,-46.439518", "O_QUE_FAZER": "CARTEIRA", "ER_REGIAO_CIDADE_min": "Capital Leste II_São Miguel" }, "geometry": { "type": "Point", "coordinates": [ -46.439518, -23.5066309 ] } },
{ "type": "Feature", "properties": { "fid": 84236, "CNPJ": "13727506000300", "IDCIDADE": "SAO_PAULO", "NOMEFANTASIA": "MASTER_TOTAL_LATAS", "RAZAOSOCIAL": "MASTER_TOTAL_LATAS_LTDA", "ENDEE": "AVENIDA_MARECHAL_TITO1662__SAO_MIGUEL_PAULISTA_08022-000", "LMAPS": "https://www.google.com/maps?q=&layer=c&cbll=-23.4955577,-46.4301729", "O_QUE_FAZER": "CARTEIRA", "ER_REGIAO_CIDADE_min": "Capital Leste II_São Miguel" }, "geometry": { "type": "Point", "coordinates": [ -46.4301729, -23.4955577 ] } },
{ "type": "Feature", "properties": { "fid": 84867, "CNPJ": "13845795000180", "IDCIDADE": "SAO_PAULO", "NOMEFANTASIA": "BIANCALANA", "RAZAOSOCIAL": "IVALDO_BIANCALANA_CONSTRUCOES", "ENDEE": "AVENIDA_PIRES_DO_RIO1955__JARDIM_SAO_SEBASTIAO_08041-000", "LMAPS": "https://www.google.com/maps?q=&layer=c&cbll=-23.5119797,-46.4435199", "O_QUE_FAZER": "CARTEIRA", "ER_REGIAO_CIDADE_min": "Capital Leste II_São Miguel" }, "geometry": { "type": "Point", "coordinates": [ -46.4435199, -23.5119797 ] } },
{ "type": "Feature", "properties": { "fid": 85356, "CNPJ": "13971600000149", "IDCIDADE": "SAO_PAULO", "NOMEFANTASIA": "PET_DANTAS", "RAZAOSOCIAL": "JOAO_CARLOS_DOS_ANJOS_ARAUJO", "ENDEE": "AVENIDA_NORDESTINA2326__CIDADE_NOVA_SAO_MIGUEL_08021-000", "LMAPS": "https://www.google.com/maps?q=&layer=c&cbll=-23.511904,-46.4359508", "O_QUE_FAZER": "CARTEIRA", "ER_REGIAO_CIDADE_min": "Capital Leste II_São Miguel" }, "geometry": { "type": "Point", "coordinates": [ -46.4359508, -23.511904 ] } },
{ "type": "Feature", "properties": { "fid": 85387, "CNPJ": "13980251000121", "IDCIDADE": "SAO PAULO", "NOMEFANTASIA": "Alafia_Imob", "RAZAOSOCIAL": "ALAFIA_ASSESSORIA_DE_NEGOCIOS_IMOBILIARIOS_LTDA", "ENDEE": "AVENIDA NORDESTINA, 1192, VILA AMERICANA, 08021-000, SÃO PAULO, SP, BRASIL", "LMAPS": "https://www.google.com/maps?q=&layer=c&cbll=-23.503338,-46.439923", "O_QUE_FAZER": "CARTEIRA - FAMPE", "ER_REGIAO_CIDADE_min": "Capital Leste II_São Miguel" }, "geometry": { "type": "Point", "coordinates": [ -46.439923, -23.503338 ] } },
{ "type": "Feature", "properties": { "fid": 85605, "CNPJ": "14017705000126", "IDCIDADE": "SAO_PAULO", "NOMEFANTASIA": "COMERCIAL_GOES", "RAZAOSOCIAL": "COMERCIAL_GOES_MATERIAIS_PARA_CONSTRUCAO_LTDA", "ENDEE": "AVENIDA_NORDESTINA1131__VILA_AMERICANA_08021-000", "LMAPS": "https://www.google.com/maps?q=&layer=c&cbll=-23.5025574,-46.4397739", "O_QUE_FAZER": "CARTEIRA", "ER_REGIAO_CIDADE_min": "Capital Leste II_São Miguel" }, "geometry": { "type": "Point", "coordinates": [ -46.4397739, -23.5025574 ] } },
{ "type": "Feature", "properties": { "fid": 86352, "CNPJ": "14156300000179", "IDCIDADE": "SAO_PAULO", "NOMEFANTASIA": "BUFFET_IUP", "RAZAOSOCIAL": "TATIANA_CRISTINA_GENETACCIO_NICOLAU", "ENDEE": "AVENIDA_PIRES_DO_RIO339__VILA_AMERICANA_08020-000", "LMAPS": "https://www.google.com/maps?q=&layer=c&cbll=-23.4991483,-46.4423327", "O_QUE_FAZER": "CARTEIRA", "ER_REGIAO_CIDADE_min": "Capital Leste II_São Miguel" }, "geometry": { "type": "Point", "coordinates": [ -46.4423327, -23.4991483 ] } },
{ "type": "Feature", "properties": { "fid": 86513, "CNPJ": "14188523000118", "IDCIDADE": "SAO_PAULO", "NOMEFANTASIA": "E.F_MARQUES_-_AUTO_MECANICA", "RAZAOSOCIAL": "E.F_MARQUES_-_AUTO_MECANICA", "ENDEE": "AVENIDA_PIRES_DO_RIO403__VILA_AMERICANA_08020-000", "LMAPS": "https://www.google.com/maps?q=&layer=c&cbll=-23.5001896,-46.4424201", "O_QUE_FAZER": "CARTEIRA", "ER_REGIAO_CIDADE_min": "Capital Leste II_São Miguel" }, "geometry": { "type": "Point", "coordinates": [ -46.4424201, -23.5001896 ] } },
{ "type": "Feature", "properties": { "fid": 87199, "CNPJ": "14324722000106", "IDCIDADE": "SAO PAULO", "NOMEFANTASIA": "Beauty_Point", "RAZAOSOCIAL": "KAMILA_P._DA_SILVA", "ENDEE": "RUA CARUATAI, 86, BOX 4, VILA PROGRESSO (ZONA LESTE), 08240-680, SÃO PAULO, SP, BRASIL", "LMAPS": "https://www.google.com/maps?q=&layer=c&cbll=-23.5226119,-46.4348355", "O_QUE_FAZER": "APLICAR T2", "ER_REGIAO_CIDADE_min": "Capital Leste II_São Miguel" }, "geometry": { "type": "Point", "coordinates": [ -46.4348355, -23.5226119 ] } },
{ "type": "Feature", "properties": { "fid": 87251, "CNPJ": "14337484000173", "IDCIDADE": "SAO_PAULO", "NOMEFANTASIA": "IOPEM_-_INST._ORIENTACAO_E_PREP._AS_ESCOLAS_MILITARES", "RAZAOSOCIAL": "IPL_-_INSTITUTO_PROFISSIONALIZANTE_LTDA", "ENDEE": "RUA_IACAMACIRI42__SAO_MIGUEL_PAULISTA_08011-015", "LMAPS": "https://www.google.com/maps?q=&layer=c&cbll=-23.4907802,-46.4453447", "O_QUE_FAZER": "CARTEIRA", "ER_REGIAO_CIDADE_min": "Capital Leste II_São Miguel" }, "geometry": { "type": "Point", "coordinates": [ -46.4453447, -23.4907802 ] } },
{ "type": "Feature", "properties": { "fid": 88091, "CNPJ": "14503185000161", "IDCIDADE": "SAO_PAULO", "NOMEFANTASIA": "WOOD_102", "RAZAOSOCIAL": "M_T_DE_LIMA_MOVEIS_PLANEJADOS_E_RUSTICOS", "ENDEE": "AVENIDA_NORDESTINA1833__CIDADE_NOVA_SAO_MIGUEL_08021-000", "LMAPS": "https://www.google.com/maps?q=&layer=c&cbll=-23.510874,-46.4376151", "O_QUE_FAZER": "CARTEIRA", "ER_REGIAO_CIDADE_min": "Capital Leste II_São Miguel" }, "geometry": { "type": "Point", "coordinates": [ -46.4376151, -23.510874 ] } },
{ "type": "Feature", "properties": { "fid": 88527, "CNPJ": "14589673000133", "IDCIDADE": "SAO_PAULO", "NOMEFANTASIA": "OTICA_TANAKA", "RAZAOSOCIAL": "OTICA_TAN_SMI_LTDA", "ENDEE": "AVENIDA_MARECHAL_TITO722__SAO_MIGUEL_PAULISTA_08010-090", "LMAPS": "https://www.google.com/maps?q=&layer=c&cbll=-23.4943688,-46.4391194", "O_QUE_FAZER": "CARTEIRA", "ER_REGIAO_CIDADE_min": "Capital Leste II_São Miguel" }, "geometry": { "type": "Point", "coordinates": [ -46.4391194, -23.4943688 ] } },
{ "type": "Feature", "properties": { "fid": 88530, "CNPJ": "14589728000105", "IDCIDADE": "SAO_PAULO", "NOMEFANTASIA": "CHICO_AUTO_PECAS", "RAZAOSOCIAL": "FJ_DE_OLIVEIRA_-_PECAS_E_SERVICOS", "ENDEE": "AVENIDA_PIRES_DO_RIO1293__VILA_AMERICANA_08020-000", "LMAPS": "https://www.google.com/maps?q=&layer=c&cbll=-23.5079572,-46.4431077", "O_QUE_FAZER": "CARTEIRA", "ER_REGIAO_CIDADE_min": "Capital Leste II_São Miguel" }, "geometry": { "type": "Point", "coordinates": [ -46.4431077, -23.5079572 ] } },
{ "type": "Feature", "properties": { "fid": 90435, "CNPJ": "15014989000160", "IDCIDADE": "SAO PAULO", "NOMEFANTASIA": "Costume_Popular", "RAZAOSOCIAL": "COSTUME_POPULAR_COMERCIO_DE_COMIDAS_TIPICAS_LTDA", "ENDEE": "RUA TENENTE MIGUEL DELIA, 758, LETRA A SALA 3, VILA ROSARIA, 08021-090, SÃO PAULO, SP, BRASIL", "LMAPS": "https://www.google.com/maps?q=&layer=c&cbll=-23.4986609,-46.4363927", "O_QUE_FAZER": "CARTEIRA - FAMPE", "ER_REGIAO_CIDADE_min": "Capital Leste II_São Miguel" }, "geometry": { "type": "Point", "coordinates": [ -46.4363927, -23.4986609 ] } },
{ "type": "Feature", "properties": { "fid": 91434, "CNPJ": "15219450000147", "IDCIDADE": "SAO_PAULO", "NOMEFANTASIA": "YUME", "RAZAOSOCIAL": "LUIZ_TAKAO_TOKURA", "ENDEE": "RUA_PROFESSOR_ASSIS_VELOSO53__JARDIM_SAO_VICENTE_08021-470", "LMAPS": "https://www.google.com/maps?q=&layer=c&cbll=-23.4959837,-46.4312003", "O_QUE_FAZER": "CARTEIRA", "ER_REGIAO_CIDADE_min": "Capital Leste II_São Miguel" }, "geometry": { "type": "Point", "coordinates": [ -46.4312003, -23.4959837 ] } },
{ "type": "Feature", "properties": { "fid": 92261, "CNPJ": "15390037000140", "IDCIDADE": "SAO_PAULO", "NOMEFANTASIA": "RAVI", "RAZAOSOCIAL": "ANAILDO_MATOS_DA_SILVA_MODAS", "ENDEE": "RUA_SERRA_DOURADA73__SAO_MIGUEL_PAULISTA_08010-000", "LMAPS": "https://www.google.com/maps?q=&layer=c&cbll=-23.4917573,-46.4409788", "O_QUE_FAZER": "CARTEIRA", "ER_REGIAO_CIDADE_min": "Capital Leste II_São Miguel" }, "geometry": { "type": "Point", "coordinates": [ -46.4409788, -23.4917573 ] } },
{ "type": "Feature", "properties": { "fid": 92852, "CNPJ": "15519602000127", "IDCIDADE": "SAO PAULO", "NOMEFANTASIA": "MERCADO_E_ADEGA_BOM_PRECO", "RAZAOSOCIAL": "MERCADO_BOM_PRECO_NORDESTINA_LTDA", "ENDEE": "AVENIDA PIRES DO RIO, 560, VILA AMERICANA, 08020-000, SÃO PAULO, SP, BRASIL", "LMAPS": "https://www.google.com/maps?q=&layer=c&cbll=-23.5012904,-46.4426765", "O_QUE_FAZER": "CARTEIRA - FAMPE", "ER_REGIAO_CIDADE_min": "Capital Leste II_São Miguel" }, "geometry": { "type": "Point", "coordinates": [ -46.4426765, -23.5012904 ] } },
{ "type": "Feature", "properties": { "fid": 92895, "CNPJ": "15529354000103", "IDCIDADE": "SAO_PAULO", "NOMEFANTASIA": "IMPORIO_WO", "RAZAOSOCIAL": "EMPORIO_DAS_BEBIDAS_WO_LTDA", "ENDEE": "AVENIDA_PIRES_DO_RIO560__VILA_AMERICANA_08020-000", "LMAPS": "https://www.google.com/maps?q=&layer=c&cbll=-23.5012909,-46.4427648", "O_QUE_FAZER": "CARTEIRA", "ER_REGIAO_CIDADE_min": "Capital Leste II_São Miguel" }, "geometry": { "type": "Point", "coordinates": [ -46.4427648, -23.5012909 ] } },
{ "type": "Feature", "properties": { "fid": 93163, "CNPJ": "15587830000134", "IDCIDADE": "SAO_PAULO", "NOMEFANTASIA": "SM_AUTOMARCAS", "RAZAOSOCIAL": "SM_AUTOMARCAS_COMERCIO_DE_VEICULOS_LTDA", "ENDEE": "RUA_HELIO_VESSONI93__VILA_VESSONI_08020-220", "LMAPS": "https://www.google.com/maps?q=&layer=c&cbll=-23.5028333,-46.4400999", "O_QUE_FAZER": "CARTEIRA", "ER_REGIAO_CIDADE_min": "Capital Leste II_São Miguel" }, "geometry": { "type": "Point", "coordinates": [ -46.4400999, -23.5028333 ] } },
{ "type": "Feature", "properties": { "fid": 95076, "CNPJ": "16616273000103", "IDCIDADE": "SAO_PAULO", "NOMEFANTASIA": "WORD_CELL", "RAZAOSOCIAL": "MARCELO_JOSE_SILVA_TELEFONIA", "ENDEE": "AVENIDA_NORDESTINA937__VILA_AMERICANA_08021-000", "LMAPS": "https://www.google.com/maps?q=&layer=c&cbll=-23.5010054,-46.4399531", "O_QUE_FAZER": "CARTEIRA", "ER_REGIAO_CIDADE_min": "Capital Leste II_São Miguel" }, "geometry": { "type": "Point", "coordinates": [ -46.4399531, -23.5010054 ] } },
{ "type": "Feature", "properties": { "fid": 95458, "CNPJ": "16700669000126", "IDCIDADE": "SAO_PAULO", "NOMEFANTASIA": "BIA_LINGERIE_LTDA", "RAZAOSOCIAL": "MISS_BIA", "ENDEE": "RUA_ARLINDO_COLACO436__SAO_MIGUEL_PAULISTA_08010-010", "LMAPS": "https://www.google.com/maps?q=&layer=c&cbll=-23.491968,-46.4401372", "O_QUE_FAZER": "FINALIZADO", "ER_REGIAO_CIDADE_min": "Capital Leste II_São Miguel" }, "geometry": { "type": "Point", "coordinates": [ -46.4401372, -23.491968 ] } },
{ "type": "Feature", "properties": { "fid": 96309, "CNPJ": "16879343000108", "IDCIDADE": "SAO_PAULO", "NOMEFANTASIA": "LIDE_CALCADOS", "RAZAOSOCIAL": "LIDIANE_COSTA_DA_SILVA", "ENDEE": "RUA_MIGUEL_ANGELO_LAPENA229__SAO_MIGUEL_PAULISTA_08010-040", "LMAPS": "https://www.google.com/maps?q=&layer=c&cbll=-23.4913255,-46.442308", "O_QUE_FAZER": "CARTEIRA", "ER_REGIAO_CIDADE_min": "Capital Leste II_São Miguel" }, "geometry": { "type": "Point", "coordinates": [ -46.442308, -23.4913255 ] } },
{ "type": "Feature", "properties": { "fid": 96414, "CNPJ": "16897359000143", "IDCIDADE": "SAO_PAULO", "NOMEFANTASIA": "ONIX_MOTORS", "RAZAOSOCIAL": "CEZAR_REMEDIO_RODRIGUES_VEICULOS", "ENDEE": "AVENIDA_MARECHAL_TITO1374__SAO_MIGUEL_PAULISTA_08010-090", "LMAPS": "https://www.google.com/maps?q=&layer=c&cbll=-23.4954649,-46.4330558", "O_QUE_FAZER": "CARTEIRA", "ER_REGIAO_CIDADE_min": "Capital Leste II_São Miguel" }, "geometry": { "type": "Point", "coordinates": [ -46.4330558, -23.4954649 ] } },
{ "type": "Feature", "properties": { "fid": 97564, "CNPJ": "17124766000180", "IDCIDADE": "SAO_PAULO", "NOMEFANTASIA": "MARIA_MODAS", "RAZAOSOCIAL": "MARIA_DA_CONCEICAO_S._DA_S._URBANO_MODAS", "ENDEE": "RUA_CAPITAO_FRANCISCO_ISAIAS_DE_CARVALHO210__SAO_MIGUEL_PAULISTA_08010-030", "LMAPS": "https://www.google.com/maps?q=&layer=c&cbll=-23.4916744,-46.4413401", "O_QUE_FAZER": "CARTEIRA", "ER_REGIAO_CIDADE_min": "Capital Leste II_São Miguel" }, "geometry": { "type": "Point", "coordinates": [ -46.4413401, -23.4916744 ] } },
{ "type": "Feature", "properties": { "fid": 97610, "CNPJ": "17131733000168", "IDCIDADE": "SAO_PAULO", "NOMEFANTASIA": "AMICAO", "RAZAOSOCIAL": "FABIANA_APARECIDA_DOS_SANTOS_PET_SHOP", "ENDEE": "AVENIDA_PIRES_DO_RIO25__JARDIM_NORMA_08240-005", "LMAPS": "https://www.google.com/maps?q=&layer=c&cbll=-23.5180248,-46.4395979", "O_QUE_FAZER": "CARTEIRA", "ER_REGIAO_CIDADE_min": "Capital Leste II_São Miguel" }, "geometry": { "type": "Point", "coordinates": [ -46.4395979, -23.5180248 ] } },
{ "type": "Feature", "properties": { "fid": 97850, "CNPJ": "17177966000100", "IDCIDADE": "SAO PAULO", "NOMEFANTASIA": "3E_LAVA_PARK", "RAZAOSOCIAL": "3E_ESTACIONAMENTO_E_LAVA_RAPIDO_UNIPESSOAL_LTDA", "ENDEE": "RUA CAPITAO FRANCISCO ISAIAS DE CARVALHO, 70, SAO MIGUEL PAULISTA, 08010-030, SÃO PAULO, SP, BRASIL", "LMAPS": "https://www.google.com/maps?q=&layer=c&cbll=-23.4917286,-46.4427974", "O_QUE_FAZER": "CARTEIRA - FAMPE", "ER_REGIAO_CIDADE_min": "Capital Leste II_São Miguel" }, "geometry": { "type": "Point", "coordinates": [ -46.4427974, -23.4917286 ] } },
{ "type": "Feature", "properties": { "fid": 98620, "CNPJ": "17325453000190", "IDCIDADE": "SAO_PAULO", "NOMEFANTASIA": "PRIMEIRA_CLASSE_ADMINISTRACAO_DE_OBRAS_E_MANUTENCAO_LTDA", "RAZAOSOCIAL": "PRIMEIRA_CLASSE", "ENDEE": "AVENIDA_NORDESTINA1531__VILA_AMERICANA_08021-000", "LMAPS": "https://www.google.com/maps?q=&layer=c&cbll=-23.50623,-46.4393387", "O_QUE_FAZER": "FINALIZADO", "ER_REGIAO_CIDADE_min": "Capital Leste II_São Miguel" }, "geometry": { "type": "Point", "coordinates": [ -46.4393387, -23.50623 ] } },
{ "type": "Feature", "properties": { "fid": 98914, "CNPJ": "17391331000100", "IDCIDADE": "SAO_PAULO", "NOMEFANTASIA": "ARMARIOS_DA_LEJU", "RAZAOSOCIAL": "GIVALDO_ALVES_FERNANDES_JUNIOR", "ENDEE": "AVENIDA_NORDESTINA2098__CIDADE_NOVA_SAO_MIGUEL_08042-000", "LMAPS": "https://www.google.com/maps?q=&layer=c&cbll=-23.51096,-46.4377456", "O_QUE_FAZER": "CARTEIRA", "ER_REGIAO_CIDADE_min": "Capital Leste II_São Miguel" }, "geometry": { "type": "Point", "coordinates": [ -46.4377456, -23.51096 ] } },
{ "type": "Feature", "properties": { "fid": 99190, "CNPJ": "17457685000100", "IDCIDADE": "SAO_PAULO", "NOMEFANTASIA": "MUNDIAL_CIMENTO", "RAZAOSOCIAL": "MUNDIAL_DISTRIBUIDORA_DE_CIMENTO_E_MATERIAIS_PARA_CONSTRUCAO_LTDA", "ENDEE": "AVENIDA_PIRES_DO_RIO1352__JARDIM_SAO_SEBASTIAO_08041-000", "LMAPS": "https://www.google.com/maps?q=&layer=c&cbll=-23.5085861,-46.4433708", "O_QUE_FAZER": "CARTEIRA", "ER_REGIAO_CIDADE_min": "Capital Leste II_São Miguel" }, "geometry": { "type": "Point", "coordinates": [ -46.4433708, -23.5085861 ] } },
{ "type": "Feature", "properties": { "fid": 101916, "CNPJ": "17992663000132", "IDCIDADE": "SAO_PAULO", "NOMEFANTASIA": "LUCIA_MODAS", "RAZAOSOCIAL": "MARIA_LUCIA_RODRIGUES_DOS_SANTOS", "ENDEE": "RUA_SALVADOR_DE_MEDEIROS46__SAO_MIGUEL_PAULISTA_08010-020", "LMAPS": "https://www.google.com/maps?q=&layer=c&cbll=-23.4915622,-46.443894", "O_QUE_FAZER": "CARTEIRA", "ER_REGIAO_CIDADE_min": "Capital Leste II_São Miguel" }, "geometry": { "type": "Point", "coordinates": [ -46.443894, -23.4915622 ] } },
{ "type": "Feature", "properties": { "fid": 104000, "CNPJ": "18421197000106", "IDCIDADE": "SAO_PAULO", "NOMEFANTASIA": "MF_RIFAELI_MODA_EVANGELICA", "RAZAOSOCIAL": "MF_RIFAELI_MODA_EVANGELICA_LTDA", "ENDEE": "AVENIDA_MARECHAL_TITO187__SAO_MIGUEL_PAULISTA_08010-090", "LMAPS": "https://www.google.com/maps?q=&layer=c&cbll=-23.4933893,-46.4437298", "O_QUE_FAZER": "APLICAR T2", "ER_REGIAO_CIDADE_min": "Capital Leste II_São Miguel" }, "geometry": { "type": "Point", "coordinates": [ -46.4437298, -23.4933893 ] } },
{ "type": "Feature", "properties": { "fid": 104500, "CNPJ": "18545902000179", "IDCIDADE": "SAO_PAULO", "NOMEFANTASIA": "DROGARIA_JOTTA", "RAZAOSOCIAL": "DROGARIA_E_PERFUMARIA_JOTTA_LTDA", "ENDEE": "AVENIDA_PIRES_DO_RIO1087__VILA_AMERICANA_08020-000", "LMAPS": "https://www.google.com/maps?q=&layer=c&cbll=-23.5056033,-46.4428518", "O_QUE_FAZER": "CARTEIRA", "ER_REGIAO_CIDADE_min": "Capital Leste II_São Miguel" }, "geometry": { "type": "Point", "coordinates": [ -46.4428518, -23.5056033 ] } },
{ "type": "Feature", "properties": { "fid": 104590, "CNPJ": "18563053000186", "IDCIDADE": "SAO_PAULO", "NOMEFANTASIA": "JE_COMPRESSORES", "RAZAOSOCIAL": "PAULO_CESAR_FERREIRA_DA_SILVA_SERVICOS", "ENDEE": "RUA_PARMENIDES1__CIDADE_NOVA_SAO_MIGUEL_08042-110", "LMAPS": "https://www.google.com/maps?q=&layer=c&cbll=-23.5079673,-46.4392647", "O_QUE_FAZER": "CARTEIRA", "ER_REGIAO_CIDADE_min": "Capital Leste II_São Miguel" }, "geometry": { "type": "Point", "coordinates": [ -46.4392647, -23.5079673 ] } },
{ "type": "Feature", "properties": { "fid": 104915, "CNPJ": "18621504000194", "IDCIDADE": "SAO_PAULO", "NOMEFANTASIA": "RECANTO_DA_ESTACAO", "RAZAOSOCIAL": "LANCHONETE_RECANTO_DA_ESTACAO_LTDA", "ENDEE": "RUA_ARLINDO_COLACO15__SAO_MIGUEL_PAULISTA_08010-010", "LMAPS": "https://www.google.com/maps?q=&layer=c&cbll=-23.4915403,-46.4436179", "O_QUE_FAZER": "CARTEIRA", "ER_REGIAO_CIDADE_min": "Capital Leste II_São Miguel" }, "geometry": { "type": "Point", "coordinates": [ -46.4436179, -23.4915403 ] } },
{ "type": "Feature", "properties": { "fid": 105434, "CNPJ": "18729765000122", "IDCIDADE": "SAO PAULO", "NOMEFANTASIA": "ENRICO_III", "RAZAOSOCIAL": "GR_SANTOS_-_PIZZARIA_LTDA", "ENDEE": "RUA PASCOAL DANIEL, 37, LETRA A, VILA GIORDANO, 08020-370, SÃO PAULO, SP, BRASIL", "LMAPS": "https://www.google.com/maps?q=&layer=c&cbll=-23.4977793,-46.441872", "O_QUE_FAZER": "CARTEIRA - FAMPE", "ER_REGIAO_CIDADE_min": "Capital Leste II_São Miguel" }, "geometry": { "type": "Point", "coordinates": [ -46.441872, -23.4977793 ] } },
{ "type": "Feature", "properties": { "fid": 105492, "CNPJ": "18744625000123", "IDCIDADE": "SAO_PAULO", "NOMEFANTASIA": "VITORIA_MODAS", "RAZAOSOCIAL": "JANAINA_OLIVEIRA_SANTOS_VIANA", "ENDEE": "RUA_ARLINDO_COLACO512__SAO_MIGUEL_PAULISTA_08010-010", "LMAPS": "https://www.google.com/maps?q=&layer=c&cbll=-23.4913722,-46.439789", "O_QUE_FAZER": "CARTEIRA", "ER_REGIAO_CIDADE_min": "Capital Leste II_São Miguel" }, "geometry": { "type": "Point", "coordinates": [ -46.439789, -23.4913722 ] } },
{ "type": "Feature", "properties": { "fid": 105903, "CNPJ": "18825937000161", "IDCIDADE": "SAO_PAULO", "NOMEFANTASIA": "R&A_KITS_DE_ENFERMAGENS", "RAZAOSOCIAL": "R_&_A_MATERIAIS_HOSPITALARES_E_SERVICOS_LTDA", "ENDEE": "AVENIDA_MARECHAL_TITO1467__SAO_MIGUEL_PAULISTA_08115-100", "LMAPS": "https://www.google.com/maps?q=&layer=c&cbll=-23.49516,-46.4314991", "O_QUE_FAZER": "CARTEIRA", "ER_REGIAO_CIDADE_min": "Capital Leste II_São Miguel" }, "geometry": { "type": "Point", "coordinates": [ -46.4314991, -23.49516 ] } },
{ "type": "Feature", "properties": { "fid": 107156, "CNPJ": "19098290000186", "IDCIDADE": "SAO_PAULO", "NOMEFANTASIA": "BOUTIQUE_SANTA_DIVA", "RAZAOSOCIAL": "SANTA_DIVA_BOUTIQUE_LTDA", "ENDEE": "AVENIDA_NORDESTINA317__VILA_AMERICANA_08011-000", "LMAPS": "https://www.google.com/maps?q=&layer=c&cbll=-23.4961167,-46.442176", "O_QUE_FAZER": "CARTEIRA", "ER_REGIAO_CIDADE_min": "Capital Leste II_São Miguel" }, "geometry": { "type": "Point", "coordinates": [ -46.442176, -23.4961167 ] } },
{ "type": "Feature", "properties": { "fid": 107337, "CNPJ": "19130463000104", "IDCIDADE": "SAO_PAULO", "NOMEFANTASIA": "FAMILIA_GULA", "RAZAOSOCIAL": "ANA_VITORIA_DE_OLIVEIRA_COMERCIO_DE_SALGADOS", "ENDEE": "AVENIDA_DECIO_ANGELO_CHIUVITTI39__VILA_GIORDANO_08020-360", "LMAPS": "https://www.google.com/maps?q=&layer=c&cbll=-23.4988459,-46.4419556", "O_QUE_FAZER": "CARTEIRA", "ER_REGIAO_CIDADE_min": "Capital Leste II_São Miguel" }, "geometry": { "type": "Point", "coordinates": [ -46.4419556, -23.4988459 ] } },
{ "type": "Feature", "properties": { "fid": 107970, "CNPJ": "19273482000181", "IDCIDADE": "SAO_PAULO", "NOMEFANTASIA": "RAIO_DE_LUZ", "RAZAOSOCIAL": "A_&_A_COMERCIO_DE_SORVETES_E_ACAI_LTDA", "ENDEE": "RUA_CARDON1135__VILA_PROGRESSO_08041-525", "LMAPS": "https://www.google.com/maps?q=&layer=c&cbll=-23.5194208,-46.4406204", "O_QUE_FAZER": "CARTEIRA", "ER_REGIAO_CIDADE_min": "Capital Leste II_São Miguel" }, "geometry": { "type": "Point", "coordinates": [ -46.4406204, -23.5194208 ] } },
{ "type": "Feature", "properties": { "fid": 108617, "CNPJ": "19422280000154", "IDCIDADE": "SAO_PAULO", "NOMEFANTASIA": "CHEL_AUTO_MARCAS", "RAZAOSOCIAL": "CHEL_AUTO_MARCAS_LTDA", "ENDEE": "RUA_AMADEU_GAMBERINI295__VILA_AMERICANA_08010-110", "LMAPS": "https://www.google.com/maps?q=&layer=c&cbll=-23.4959136,-46.4421876", "O_QUE_FAZER": "CARTEIRA", "ER_REGIAO_CIDADE_min": "Capital Leste II_São Miguel" }, "geometry": { "type": "Point", "coordinates": [ -46.4421876, -23.4959136 ] } },
{ "type": "Feature", "properties": { "fid": 110136, "CNPJ": "19777981000106", "IDCIDADE": "SAO_PAULO", "NOMEFANTASIA": "PANIFICADORA_PARAISO", "RAZAOSOCIAL": "PANIFICADORA_PARAISO_D_&_G_LTDA", "ENDEE": "AVENIDA_NORDESTINA1843__CIDADE_NOVA_SAO_MIGUEL_08021-000", "LMAPS": "https://www.google.com/maps?q=&layer=c&cbll=-23.5110598,-46.4374527", "O_QUE_FAZER": "CARTEIRA", "ER_REGIAO_CIDADE_min": "Capital Leste II_São Miguel" }, "geometry": { "type": "Point", "coordinates": [ -46.4374527, -23.5110598 ] } },
{ "type": "Feature", "properties": { "fid": 112651, "CNPJ": "20335389000133", "IDCIDADE": "SAO_PAULO", "NOMEFANTASIA": "REI_DOS_REIS", "RAZAOSOCIAL": "OPTICA_REI_DOS_REIS_LTDA", "ENDEE": "RUA_LUIS_PICOLO6__CIDADE_NITRO_OPERARIA_08010-320", "LMAPS": "https://www.google.com/maps?q=&layer=c&cbll=-23.4942113,-46.4382151", "O_QUE_FAZER": "CARTEIRA", "ER_REGIAO_CIDADE_min": "Capital Leste II_São Miguel" }, "geometry": { "type": "Point", "coordinates": [ -46.4382151, -23.4942113 ] } },
{ "type": "Feature", "properties": { "fid": 113272, "CNPJ": "20463628000130", "IDCIDADE": "SAO PAULO", "NOMEFANTASIA": "JUNIOR_REVESTIMENTOS_&_ATIVIDADES", "RAZAOSOCIAL": "BENEDITO_VIEIRA_JUNIOR", "ENDEE": "RUA PRAIA DO VALENTE, 26, CIDADE NOVA SAO MIGUEL, 08042-310, SÃO PAULO, SP, BRASIL", "LMAPS": "https://www.google.com/maps?q=&layer=c&cbll=-23.504838,-46.4309462", "O_QUE_FAZER": "CARTEIRA - FAMPE", "ER_REGIAO_CIDADE_min": "Capital Leste II_São Miguel" }, "geometry": { "type": "Point", "coordinates": [ -46.4309462, -23.504838 ] } },
{ "type": "Feature", "properties": { "fid": 114104, "CNPJ": "20682518000160", "IDCIDADE": "SAO PAULO", "NOMEFANTASIA": "Andytech_Mechanic", "RAZAOSOCIAL": "ANDERSON_BEZERRA_DA_SILVA", "ENDEE": "RUA PEDRO SOARES DE ANDRADE, 927, VILA ROSARIA, 08021-040, SÃO PAULO, SP, BRASIL", "LMAPS": "https://www.google.com/maps?q=&layer=c&cbll=-23.5033788,-46.4354394", "O_QUE_FAZER": "CARTEIRA - FAMPE", "ER_REGIAO_CIDADE_min": "Capital Leste II_São Miguel" }, "geometry": { "type": "Point", "coordinates": [ -46.4354394, -23.5033788 ] } },
{ "type": "Feature", "properties": { "fid": 114221, "CNPJ": "20709667000175", "IDCIDADE": "SAO_PAULO", "NOMEFANTASIA": "ROSA_SHOCK", "RAZAOSOCIAL": "ANDERSON_GOMES_CANDIDO_DA_SILVA", "ENDEE": "AVENIDA_MARECHAL_TITO690__SAO_MIGUEL_PAULISTA_08010-090", "LMAPS": "https://www.google.com/maps?q=&layer=c&cbll=-23.4941816,-46.4393268", "O_QUE_FAZER": "CARTEIRA", "ER_REGIAO_CIDADE_min": "Capital Leste II_São Miguel" }, "geometry": { "type": "Point", "coordinates": [ -46.4393268, -23.4941816 ] } },
{ "type": "Feature", "properties": { "fid": 114447, "CNPJ": "20754935000170", "IDCIDADE": "SAO_PAULO", "NOMEFANTASIA": "MANGATA_ARTIGOS_PARA_FESTAS", "RAZAOSOCIAL": "SULLIVAN_DE_SOUZA", "ENDEE": "RUA_TENENTE_LUIS_FERNANDO_LOBO83__SAO_MIGUEL_PAULISTA_08010-060", "LMAPS": "https://www.google.com/maps?q=&layer=c&cbll=-23.4922882,-46.4428341", "O_QUE_FAZER": "CARTEIRA", "ER_REGIAO_CIDADE_min": "Capital Leste II_São Miguel" }, "geometry": { "type": "Point", "coordinates": [ -46.4428341, -23.4922882 ] } },
{ "type": "Feature", "properties": { "fid": 115843, "CNPJ": "21081118000161", "IDCIDADE": "SAO_PAULO", "NOMEFANTASIA": "COMERCIAL_IMPERIO", "RAZAOSOCIAL": "CLEBER_ARANTES_DE_MELO", "ENDEE": "AVENIDA_PIRES_DO_RIO799__VILA_AMERICANA_08020-000", "LMAPS": "https://www.google.com/maps?q=&layer=c&cbll=-23.5035791,-46.4426893", "O_QUE_FAZER": "CARTEIRA", "ER_REGIAO_CIDADE_min": "Capital Leste II_São Miguel" }, "geometry": { "type": "Point", "coordinates": [ -46.4426893, -23.5035791 ] } },
{ "type": "Feature", "properties": { "fid": 116390, "CNPJ": "21198664000187", "IDCIDADE": "SAO_PAULO", "NOMEFANTASIA": "RA_REMANUFATURADORA_DE_AUTO_PECAS", "RAZAOSOCIAL": "ROBERTO_ALVES_MIRANDA_AUTO_PECAS", "ENDEE": "AVENIDA_NORDESTINA1200__VILA_AMERICANA_08021-000", "LMAPS": "https://www.google.com/maps?q=&layer=c&cbll=-23.5034657,-46.4395361", "O_QUE_FAZER": "CARTEIRA", "ER_REGIAO_CIDADE_min": "Capital Leste II_São Miguel" }, "geometry": { "type": "Point", "coordinates": [ -46.4395361, -23.5034657 ] } },
{ "type": "Feature", "properties": { "fid": 116832, "CNPJ": "21284950000246", "IDCIDADE": "SAO_PAULO", "NOMEFANTASIA": "MATRINUS", "RAZAOSOCIAL": "MANOEL_RIBEIRO_DA_SILVA_NETO_ROUPAS", "ENDEE": "AVENIDA_MARECHAL_TITO54__SAO_MIGUEL_PAULISTA_08010-090", "LMAPS": "https://www.google.com/maps?q=&layer=c&cbll=-23.4924584,-46.4446521", "O_QUE_FAZER": "CARTEIRA", "ER_REGIAO_CIDADE_min": "Capital Leste II_São Miguel" }, "geometry": { "type": "Point", "coordinates": [ -46.4446521, -23.4924584 ] } },
{ "type": "Feature", "properties": { "fid": 117451, "CNPJ": "21423370000101", "IDCIDADE": "SAO_PAULO", "NOMEFANTASIA": "MARMORARIA_CARDON", "RAZAOSOCIAL": "MARMORARIA_CARDON_LTDA", "ENDEE": "RUA_CARDON958__VILA_PROGRESSO_08041-525", "LMAPS": "https://www.google.com/maps?q=&layer=c&cbll=-23.5181434,-46.4397347", "O_QUE_FAZER": "CARTEIRA", "ER_REGIAO_CIDADE_min": "Capital Leste II_São Miguel" }, "geometry": { "type": "Point", "coordinates": [ -46.4397347, -23.5181434 ] } },
{ "type": "Feature", "properties": { "fid": 118768, "CNPJ": "21733398000145", "IDCIDADE": "SAO_PAULO", "NOMEFANTASIA": "OPPORTUNITY_HOUSE", "RAZAOSOCIAL": "SONHO_BOM_COMERCIO_DE_COLCHOES_LTDA.", "ENDEE": "AVENIDA_MARECHAL_TITO1625__SAO_MIGUEL_PAULISTA_08022-000", "LMAPS": "https://www.google.com/maps?q=&layer=c&cbll=-23.4951731,-46.4300574", "O_QUE_FAZER": "CARTEIRA", "ER_REGIAO_CIDADE_min": "Capital Leste II_São Miguel" }, "geometry": { "type": "Point", "coordinates": [ -46.4300574, -23.4951731 ] } },
{ "type": "Feature", "properties": { "fid": 119457, "CNPJ": "21884616000142", "IDCIDADE": "SAO_PAULO", "NOMEFANTASIA": "LUCAS_ALVES_SANTOS_40336471807", "RAZAOSOCIAL": "NICK_CELLB_CONSERTO_CELULAR", "ENDEE": "AVENIDA_MARECHAL_TITO955__SAO_MIGUEL_PAULISTA_08115-000", "LMAPS": "https://www.google.com/maps?q=&layer=c&cbll=-23.4946147,-46.4364052", "O_QUE_FAZER": "FINALIZADO", "ER_REGIAO_CIDADE_min": "Capital Leste II_São Miguel" }, "geometry": { "type": "Point", "coordinates": [ -46.4364052, -23.4946147 ] } },
{ "type": "Feature", "properties": { "fid": 119500, "CNPJ": "21894474000102", "IDCIDADE": "SAO_PAULO", "NOMEFANTASIA": "LUKINHAS_BABY", "RAZAOSOCIAL": "LUKINHAS_BABY_ENXOVAIS_LTDA", "ENDEE": "RUA_ARLINDO_COLACO483__SAO_MIGUEL_PAULISTA_08010-010", "LMAPS": "https://www.google.com/maps?q=&layer=c&cbll=-23.4915443,-46.4401477", "O_QUE_FAZER": "CARTEIRA", "ER_REGIAO_CIDADE_min": "Capital Leste II_São Miguel" }, "geometry": { "type": "Point", "coordinates": [ -46.4401477, -23.4915443 ] } },
{ "type": "Feature", "properties": { "fid": 120478, "CNPJ": "22090465000113", "IDCIDADE": "SAO_PAULO", "NOMEFANTASIA": "22.090.465_RENATO_CAVALCANTE_DE_OLIVEIRA", "RAZAOSOCIAL": "ACAI_JOY", "ENDEE": "AVENIDA_PIRES_DO_RIO2363__JARDIM_SAO_SEBASTIAO_08041-000", "LMAPS": "https://www.google.com/maps?q=&layer=c&cbll=-23.5177395,-46.4436708", "O_QUE_FAZER": "APLICAR T2", "ER_REGIAO_CIDADE_min": "Capital Leste II_São Miguel" }, "geometry": { "type": "Point", "coordinates": [ -46.4436708, -23.5177395 ] } },
{ "type": "Feature", "properties": { "fid": 120517, "CNPJ": "22097090000113", "IDCIDADE": "SAO PAULO", "NOMEFANTASIA": "-", "RAZAOSOCIAL": "22.097.090_ANDERSON_DA_SILVA_HENRIQUES", "ENDEE": "RUA MEMORIA ANTIGA, 62, PARQUE SONIA, 08020-080, SÃO PAULO, SP, BRASIL", "LMAPS": "https://www.google.com/maps?q=&layer=c&cbll=-23.5006831,-46.4470219", "O_QUE_FAZER": "APLICAR T2", "ER_REGIAO_CIDADE_min": "Capital Leste II_São Miguel" }, "geometry": { "type": "Point", "coordinates": [ -46.4470219, -23.5006831 ] } },
{ "type": "Feature", "properties": { "fid": 120603, "CNPJ": "22114923000107", "IDCIDADE": "SAO_PAULO", "NOMEFANTASIA": "ULTRA_MAIS_PAULLISTANA", "RAZAOSOCIAL": "ULTRA_MAIS_PAULISTANA_LTDA", "ENDEE": "PRACA_GETULIO_VARGAS_FILHO291__SAO_MIGUEL_PAULISTA_08010-050", "LMAPS": "https://www.google.com/maps?q=&layer=c&cbll=-23.4925121,-46.4414218", "O_QUE_FAZER": "CARTEIRA", "ER_REGIAO_CIDADE_min": "Capital Leste II_São Miguel" }, "geometry": { "type": "Point", "coordinates": [ -46.4414218, -23.4925121 ] } },
{ "type": "Feature", "properties": { "fid": 120617, "CNPJ": "22119422000113", "IDCIDADE": "SAO_PAULO", "NOMEFANTASIA": "AVA_AUTO_SOCORRO_24_HS._LTDA", "RAZAOSOCIAL": "AVA_AUTO_SOCORRO_24_HS._LTDA", "ENDEE": "RUA_JOSE_FERREIRA_CRESPO47__JARDIM_SAO_VICENTE_08021-480", "LMAPS": "https://www.google.com/maps?q=&layer=c&cbll=-23.4954727,-46.4301848", "O_QUE_FAZER": "CARTEIRA", "ER_REGIAO_CIDADE_min": "Capital Leste II_São Miguel" }, "geometry": { "type": "Point", "coordinates": [ -46.4301848, -23.4954727 ] } },
{ "type": "Feature", "properties": { "fid": 120975, "CNPJ": "22190348000121", "IDCIDADE": "SAO_PAULO", "NOMEFANTASIA": "IMOBIMAX", "RAZAOSOCIAL": "CESAR_LAURINDO_IMOVEIS", "ENDEE": "AVENIDA_NORDESTINA2280__CIDADE_NOVA_SAO_MIGUEL_08021-000", "LMAPS": "https://www.google.com/maps?q=&layer=c&cbll=-23.5118227,-46.4364528", "O_QUE_FAZER": "CARTEIRA", "ER_REGIAO_CIDADE_min": "Capital Leste II_São Miguel" }, "geometry": { "type": "Point", "coordinates": [ -46.4364528, -23.5118227 ] } },
{ "type": "Feature", "properties": { "fid": 121057, "CNPJ": "22206636000127", "IDCIDADE": "SAO_PAULO", "NOMEFANTASIA": "RESTAURANTE_E_LANCHONETE_PRIMOS_D'WILL_LTDA", "RAZAOSOCIAL": "RESTAURANTE_E_LANCHONETE_PRIMOS_D'WILL_LTDA", "ENDEE": "AVENIDA_NORDESTINA1475__CIDADE_NOVA_SAO_MIGUEL_08042-000", "LMAPS": "https://www.google.com/maps?q=&layer=c&cbll=-23.5060745,-46.4394858", "O_QUE_FAZER": "CARTEIRA", "ER_REGIAO_CIDADE_min": "Capital Leste II_São Miguel" }, "geometry": { "type": "Point", "coordinates": [ -46.4394858, -23.5060745 ] } },
{ "type": "Feature", "properties": { "fid": 121292, "CNPJ": "22259375000103", "IDCIDADE": "SAO PAULO", "NOMEFANTASIA": "MARQUES_&_BORGES_COMERCIAL", "RAZAOSOCIAL": "F_B_DE_OLIVEIRA_COMERCIO_LTDA", "ENDEE": "AVENIDA NORDESTINA, 910, VILA AMERICANA, 08021-000, SÃO PAULO, SP, BRASIL", "LMAPS": "https://www.google.com/maps?q=&layer=c&cbll=-23.5007619,-46.4402029", "O_QUE_FAZER": "CARTEIRA - FAMPE", "ER_REGIAO_CIDADE_min": "Capital Leste II_São Miguel" }, "geometry": { "type": "Point", "coordinates": [ -46.4402029, -23.5007619 ] } },
{ "type": "Feature", "properties": { "fid": 123067, "CNPJ": "22629270000107", "IDCIDADE": "SAO_PAULO", "NOMEFANTASIA": "LANCHONETE_TOP_BURGUER_LTDA", "RAZAOSOCIAL": "CHAPARRAL", "ENDEE": "RUA_JOSE_OTONI31__SAO_MIGUEL_PAULISTA_08010-000", "LMAPS": "https://www.google.com/maps?q=&layer=c&cbll=-23.4933637,-46.4404123", "O_QUE_FAZER": "FINALIZADO", "ER_REGIAO_CIDADE_min": "Capital Leste II_São Miguel" }, "geometry": { "type": "Point", "coordinates": [ -46.4404123, -23.4933637 ] } },
{ "type": "Feature", "properties": { "fid": 123639, "CNPJ": "22739748000143", "IDCIDADE": "SAO PAULO", "NOMEFANTASIA": null, "RAZAOSOCIAL": "RONALDO_ELOI_DA_SILVA_17478965865", "ENDEE": "RUA PARAVISCO, 485, CASA 2, VILA PROGRESSO (ZONA LESTE), 08240-660, SÃO PAULO, SP, BRASIL", "LMAPS": "https://www.google.com/maps?q=&layer=c&cbll=-23.5203616,-46.436021", "O_QUE_FAZER": "CARTEIRA - FAMPE", "ER_REGIAO_CIDADE_min": "Capital Leste II_São Miguel" }, "geometry": { "type": "Point", "coordinates": [ -46.436021, -23.5203616 ] } },
{ "type": "Feature", "properties": { "fid": 123721, "CNPJ": "22753880000100", "IDCIDADE": "SAO_PAULO", "NOMEFANTASIA": "FOTO_GAMES", "RAZAOSOCIAL": "FOTOGAMES_COMERCIO_DE_ELETRONICOS_LTDA.", "ENDEE": "RUA_SERRA_DOURADA164__SAO_MIGUEL_PAULISTA_08010-000", "LMAPS": "https://www.google.com/maps?q=&layer=c&cbll=-23.4925696,-46.440791", "O_QUE_FAZER": "CARTEIRA", "ER_REGIAO_CIDADE_min": "Capital Leste II_São Miguel" }, "geometry": { "type": "Point", "coordinates": [ -46.440791, -23.4925696 ] } },
{ "type": "Feature", "properties": { "fid": 124214, "CNPJ": "22873203000125", "IDCIDADE": "SAO_PAULO", "NOMEFANTASIA": "NSA_VIDROS", "RAZAOSOCIAL": "NSA_COMERCIO_DE_VIDROS_LTDA", "ENDEE": "AVENIDA_PIRES_DO_RIO2364__JARDIM_SAO_SEBASTIAO_08041-000", "LMAPS": "https://www.google.com/maps?q=&layer=c&cbll=-23.5178762,-46.4438285", "O_QUE_FAZER": "CARTEIRA", "ER_REGIAO_CIDADE_min": "Capital Leste II_São Miguel" }, "geometry": { "type": "Point", "coordinates": [ -46.4438285, -23.5178762 ] } },
{ "type": "Feature", "properties": { "fid": 124405, "CNPJ": "22915983000129", "IDCIDADE": "SAO_PAULO", "NOMEFANTASIA": "SAO_MIGUEL_ARCANJO_PLASTICOS_ ", "RAZAOSOCIAL": "COMERCIO_DE_EQUIPAMENTOS_PLASTICOS_SAO_MIGUEL_LTDA", "ENDEE": "AVENIDA_PIRES_DO_RIO1168__VILA_AMERICANA_08020-000", "LMAPS": "https://www.google.com/maps?q=&layer=c&cbll=-23.5067317,-46.4432002", "O_QUE_FAZER": "CARTEIRA", "ER_REGIAO_CIDADE_min": "Capital Leste II_São Miguel" }, "geometry": { "type": "Point", "coordinates": [ -46.4432002, -23.5067317 ] } },
{ "type": "Feature", "properties": { "fid": 124791, "CNPJ": "22995860000145", "IDCIDADE": "SAO_PAULO", "NOMEFANTASIA": "NIPPON_AUTO_CENTER", "RAZAOSOCIAL": "THIAGO_DE_SOUZA_OSHIRO", "ENDEE": "AVENIDA_PIRES_DO_RIO1116__VILA_AMERICANA_08020-000", "LMAPS": "https://www.google.com/maps?q=&layer=c&cbll=-23.5061654,-46.4433407", "O_QUE_FAZER": "CARTEIRA", "ER_REGIAO_CIDADE_min": "Capital Leste II_São Miguel" }, "geometry": { "type": "Point", "coordinates": [ -46.4433407, -23.5061654 ] } },
{ "type": "Feature", "properties": { "fid": 124912, "CNPJ": "23020131000136", "IDCIDADE": "SAO_PAULO", "NOMEFANTASIA": "-", "RAZAOSOCIAL": "23.020.131_MARCOS_FERNANDO_DIAS_DOS_SANTOS", "ENDEE": "RUA_JOSÉ FREIRE JÚNIOR_417_JARDIM LAJEADO_08041-700_SAO_PAULO", "LMAPS": "https://www.google.com/maps?q=&layer=c&cbll=-23.5137016,-46.4374443", "O_QUE_FAZER": "APLICAR T4", "ER_REGIAO_CIDADE_min": "Capital Leste II_São Miguel" }, "geometry": { "type": "Point", "coordinates": [ -46.4374443, -23.5137016 ] } },
{ "type": "Feature", "properties": { "fid": 125023, "CNPJ": "23043799000107", "IDCIDADE": "SAO_PAULO", "NOMEFANTASIA": "PRATA_CAR", "RAZAOSOCIAL": "VALMIR_CARLOS_FIGUEIREDO_-_AUTOMOVEIS", "ENDEE": "RUA_ERVA_PRATA239__VILA_PROGRESSO_08245-000", "LMAPS": "https://www.google.com/maps?q=&layer=c&cbll=-23.5183916,-46.4377767", "O_QUE_FAZER": "CARTEIRA", "ER_REGIAO_CIDADE_min": "Capital Leste II_São Miguel" }, "geometry": { "type": "Point", "coordinates": [ -46.4377767, -23.5183916 ] } },
{ "type": "Feature", "properties": { "fid": 125646, "CNPJ": "23187782000115", "IDCIDADE": "SAO PAULO", "NOMEFANTASIA": "ARMARINHOS_SAO_MIGUEL", "RAZAOSOCIAL": "ARMARINHOS_&_MONTAGEM_SAO_MIGUEL_LTDA", "ENDEE": "AVENIDA MAL TITO, 283, SLJ R HENQ P FRANCA 41, SAO MIGUEL PAULISTA, 08010-090, SÃO PAULO, SP, BRASIL", "LMAPS": "https://www.google.com/maps?q=&layer=c&cbll=-23.4934013,-46.4428537", "O_QUE_FAZER": "CARTEIRA - FAMPE", "ER_REGIAO_CIDADE_min": "Capital Leste II_São Miguel" }, "geometry": { "type": "Point", "coordinates": [ -46.4428537, -23.4934013 ] } },
{ "type": "Feature", "properties": { "fid": 125939, "CNPJ": "23245666000105", "IDCIDADE": "SAO_PAULO", "NOMEFANTASIA": "GRAFICA_PICONI", "RAZAOSOCIAL": "HELBER_SERRANO_DA_COSTA", "ENDEE": "RUA_BERALDO_MARCONDES126__SAO_MIGUEL_PAULISTA_08010-070", "LMAPS": "https://www.google.com/maps?q=&layer=c&cbll=-23.4926784,-46.4436767", "O_QUE_FAZER": "CARTEIRA", "ER_REGIAO_CIDADE_min": "Capital Leste II_São Miguel" }, "geometry": { "type": "Point", "coordinates": [ -46.4436767, -23.4926784 ] } },
{ "type": "Feature", "properties": { "fid": 126119, "CNPJ": "23284456000126", "IDCIDADE": "SAO_PAULO", "NOMEFANTASIA": "RELOGIOS_TAMAI", "RAZAOSOCIAL": "O._HISSATO_TAMAI_RELOGIOS_EIRELI", "ENDEE": "AVENIDA_MARECHAL_TITO651__JARDIM_MIRAGAIA_08010-090", "LMAPS": "https://www.google.com/maps?q=&layer=c&cbll=-23.4940426,-46.4393692", "O_QUE_FAZER": "CARTEIRA", "ER_REGIAO_CIDADE_min": "Capital Leste II_São Miguel" }, "geometry": { "type": "Point", "coordinates": [ -46.4393692, -23.4940426 ] } },
{ "type": "Feature", "properties": { "fid": 126558, "CNPJ": "23379362000130", "IDCIDADE": "SAO_PAULO", "NOMEFANTASIA": "CLINICA_DENTARIA_AGAPE", "RAZAOSOCIAL": "CLINICA_DENTARIA_AGAPE_J.D_LTDA", "ENDEE": "AVENIDA_MARECHAL_TITO488__SAO_MIGUEL_PAULISTA_08010-090", "LMAPS": "https://www.google.com/maps?q=&layer=c&cbll=-23.4935586,-46.4411352", "O_QUE_FAZER": "CARTEIRA", "ER_REGIAO_CIDADE_min": "Capital Leste II_São Miguel" }, "geometry": { "type": "Point", "coordinates": [ -46.4411352, -23.4935586 ] } },
{ "type": "Feature", "properties": { "fid": 127970, "CNPJ": "23673832000174", "IDCIDADE": "SAO_PAULO", "NOMEFANTASIA": "WANTEX_BOLSAS ", "RAZAOSOCIAL": "WANTEX_BOLSAS_LTDA", "ENDEE": "RUA_ARLINDO_COLACO379__SAO_MIGUEL_PAULISTA_08010-010", "LMAPS": "https://www.google.com/maps?q=&layer=c&cbll=-23.4922078,-46.4406265", "O_QUE_FAZER": "CARTEIRA", "ER_REGIAO_CIDADE_min": "Capital Leste II_São Miguel" }, "geometry": { "type": "Point", "coordinates": [ -46.4406265, -23.4922078 ] } },
{ "type": "Feature", "properties": { "fid": 130670, "CNPJ": "24238076000118", "IDCIDADE": "SAO_PAULO", "NOMEFANTASIA": "NESSE_MULTIMARCAS", "RAZAOSOCIAL": "NERES_VEICULOS_MULTIMARCAS_LTDA", "ENDEE": "AVENIDA_MARECHAL_TITO1638__SAO_MIGUEL_PAULISTA_08022-000", "LMAPS": "https://www.google.com/maps?q=&layer=c&cbll=-23.4954956,-46.4303988", "O_QUE_FAZER": "CARTEIRA", "ER_REGIAO_CIDADE_min": "Capital Leste II_São Miguel" }, "geometry": { "type": "Point", "coordinates": [ -46.4303988, -23.4954956 ] } },
{ "type": "Feature", "properties": { "fid": 131331, "CNPJ": "24377853000105", "IDCIDADE": "SAO_PAULO", "NOMEFANTASIA": "DERPA_VAN", "RAZAOSOCIAL": "DERPA_VAN_COMERCIO_DE_PECAS_E_SERVICOS_DE_RECONDICIONAMENTO_LTDA", "ENDEE": "RUA_ILHA_DE_TATUOCA3__CIDADE_NOVA_SAO_MIGUEL_08042-120", "LMAPS": "https://www.google.com/maps?q=&layer=c&cbll=-23.5094837,-46.4383127", "O_QUE_FAZER": "CARTEIRA", "ER_REGIAO_CIDADE_min": "Capital Leste II_São Miguel" }, "geometry": { "type": "Point", "coordinates": [ -46.4383127, -23.5094837 ] } },
{ "type": "Feature", "properties": { "fid": 132195, "CNPJ": "24535350000110", "IDCIDADE": "SAO_PAULO", "NOMEFANTASIA": "MERCADO_PET", "RAZAOSOCIAL": "ALEXSANDRO_NOBREGA_PESSOA", "ENDEE": "AVENIDA_PIRES_DO_RIO259__VILA_AMERICANA_08020-000", "LMAPS": "https://www.google.com/maps?q=&layer=c&cbll=-23.4987685,-46.4421165", "O_QUE_FAZER": "CARTEIRA", "ER_REGIAO_CIDADE_min": "Capital Leste II_São Miguel" }, "geometry": { "type": "Point", "coordinates": [ -46.4421165, -23.4987685 ] } },
{ "type": "Feature", "properties": { "fid": 132299, "CNPJ": "24553063000133", "IDCIDADE": "SAO_PAULO", "NOMEFANTASIA": "MBRASIL", "RAZAOSOCIAL": "2_M_F_MODAS_LTDA", "ENDEE": "RUA_BERALDO_MARCONDES36__SAO_MIGUEL_PAULISTA_08010-070", "LMAPS": "https://www.google.com/maps?q=&layer=c&cbll=-23.4920699,-46.4443029", "O_QUE_FAZER": "CARTEIRA", "ER_REGIAO_CIDADE_min": "Capital Leste II_São Miguel" }, "geometry": { "type": "Point", "coordinates": [ -46.4443029, -23.4920699 ] } },
{ "type": "Feature", "properties": { "fid": 132359, "CNPJ": "24565763000148", "IDCIDADE": "SAO_PAULO", "NOMEFANTASIA": "ITAQUERA_UTILIDADES_DOMESTICAS_LTDA", "RAZAOSOCIAL": "ISABELA_PRESENTES", "ENDEE": "AVENIDA_PIRES_DO_RIO759__VILA_REGINA_03163-010", "LMAPS": "https://www.google.com/maps?q=&layer=c&cbll=-23.5235576,-46.4436605", "O_QUE_FAZER": "FINALIZADO", "ER_REGIAO_CIDADE_min": "Capital Leste II_São Miguel" }, "geometry": { "type": "Point", "coordinates": [ -46.4436605, -23.5235576 ] } },
{ "type": "Feature", "properties": { "fid": 132613, "CNPJ": "24617694000179", "IDCIDADE": "SAO_PAULO", "NOMEFANTASIA": "DESPACHANTE_NOGUEIRINHA", "RAZAOSOCIAL": "NOGUEIRA_E_COSTA_SERVICOS_DE_INFORMACAO_LTDA", "ENDEE": "RUA_JOSE_ALDO_PIASSI48__SAO_MIGUEL_PAULISTA_08011-300", "LMAPS": "https://www.google.com/maps?q=&layer=c&cbll=-23.4934687,-46.4444643", "O_QUE_FAZER": "CARTEIRA", "ER_REGIAO_CIDADE_min": "Capital Leste II_São Miguel" }, "geometry": { "type": "Point", "coordinates": [ -46.4444643, -23.4934687 ] } },
{ "type": "Feature", "properties": { "fid": 133306, "CNPJ": "24762693000118", "IDCIDADE": "SAO_PAULO", "NOMEFANTASIA": "FOKA_-_PET_SHOP_LTDA", "RAZAOSOCIAL": "FOKA_-_PET_SHOP_LTDA", "ENDEE": "RUA_MOACIR_DANTAS_ITAPICURU891__CIDADE_NOVA_SAO_MIGUEL_08042-212", "LMAPS": "https://www.google.com/maps?q=&layer=c&cbll=-23.5056811,-46.4344523", "O_QUE_FAZER": "CARTEIRA", "ER_REGIAO_CIDADE_min": "Capital Leste II_São Miguel" }, "geometry": { "type": "Point", "coordinates": [ -46.4344523, -23.5056811 ] } },
{ "type": "Feature", "properties": { "fid": 133944, "CNPJ": "24890185000115", "IDCIDADE": "SAO_PAULO", "NOMEFANTASIA": "ACO_SAO_MIGUEL", "RAZAOSOCIAL": "ISABELA_MACHADO_TEIXEIRA", "ENDEE": "AVENIDA_NORDESTINA1490__VILA_AMERICANA_08021-000", "LMAPS": "https://www.google.com/maps?q=&layer=c&cbll=-23.5058661,-46.439702", "O_QUE_FAZER": "CARTEIRA", "ER_REGIAO_CIDADE_min": "Capital Leste II_São Miguel" }, "geometry": { "type": "Point", "coordinates": [ -46.439702, -23.5058661 ] } },
{ "type": "Feature", "properties": { "fid": 134255, "CNPJ": "24948668000123", "IDCIDADE": "SAO_PAULO", "NOMEFANTASIA": "MODAS_STAR_GIRL", "RAZAOSOCIAL": "SUSANA_JOSE_AMORIM_ELETRONICOS", "ENDEE": "AVENIDA_NORDESTINA49__VILA_AMERICANA_08011-000", "LMAPS": "https://www.google.com/maps?q=&layer=c&cbll=-23.4939973,-46.4434731", "O_QUE_FAZER": "CARTEIRA", "ER_REGIAO_CIDADE_min": "Capital Leste II_São Miguel" }, "geometry": { "type": "Point", "coordinates": [ -46.4434731, -23.4939973 ] } },
{ "type": "Feature", "properties": { "fid": 134892, "CNPJ": "25063978000123", "IDCIDADE": "SAO PAULO", "NOMEFANTASIA": null, "RAZAOSOCIAL": "CASA_DE_REPOUSO_SIRIUS_LTDA", "ENDEE": "RUA CAPITAO MANUEL GUIMARAES, 681, VILA ROSARIA, 08021-290, SÃO PAULO, SP, BRASIL", "LMAPS": "https://www.google.com/maps?q=&layer=c&cbll=-23.5013913,-46.4331855", "O_QUE_FAZER": "CARTEIRA - FAMPE", "ER_REGIAO_CIDADE_min": "Capital Leste II_São Miguel" }, "geometry": { "type": "Point", "coordinates": [ -46.4331855, -23.5013913 ] } },
{ "type": "Feature", "properties": { "fid": 135403, "CNPJ": "25148192000109", "IDCIDADE": "SAO_PAULO", "NOMEFANTASIA": "ANDREZA_MOREIRA_MENDONCA", "RAZAOSOCIAL": "ULTRA_VISAO", "ENDEE": "AVENIDA_PIRES_DO_RIO1318__JARDIM_SAO_SEBASTIAO_08041-000", "LMAPS": "https://www.google.com/maps?q=&layer=c&cbll=-23.5080726,-46.4433323", "O_QUE_FAZER": "FINALIZADO", "ER_REGIAO_CIDADE_min": "Capital Leste II_São Miguel" }, "geometry": { "type": "Point", "coordinates": [ -46.4433323, -23.5080726 ] } },
{ "type": "Feature", "properties": { "fid": 137693, "CNPJ": "26157067000128", "IDCIDADE": "SAO_PAULO", "NOMEFANTASIA": "MODAS_PAULA", "RAZAOSOCIAL": "TALENTO_TEENS_COMERCIO_DE_ROUPAS_LTDA", "ENDEE": "RUA_ARLINDO_COLACO450__SAO_MIGUEL_PAULISTA_08010-010", "LMAPS": "https://www.google.com/maps?q=&layer=c&cbll=-23.4919775,-46.4398594", "O_QUE_FAZER": "CARTEIRA", "ER_REGIAO_CIDADE_min": "Capital Leste II_São Miguel" }, "geometry": { "type": "Point", "coordinates": [ -46.4398594, -23.4919775 ] } },
{ "type": "Feature", "properties": { "fid": 138528, "CNPJ": "26308381000164", "IDCIDADE": "SAO_PAULO", "NOMEFANTASIA": "BELA_CORTINA", "RAZAOSOCIAL": "VANDER_RIBEIRO_MACEDO", "ENDEE": "RUA_SALVADOR_DE_MEDEIROS222__SAO_MIGUEL_PAULISTA_08010-020", "LMAPS": "https://www.google.com/maps?q=&layer=c&cbll=-23.4912872,-46.4424249", "O_QUE_FAZER": "CARTEIRA", "ER_REGIAO_CIDADE_min": "Capital Leste II_São Miguel" }, "geometry": { "type": "Point", "coordinates": [ -46.4424249, -23.4912872 ] } },
{ "type": "Feature", "properties": { "fid": 139001, "CNPJ": "26388102000110", "IDCIDADE": "SAO_PAULO", "NOMEFANTASIA": "ADEGA_E_CONVENIENCIA", "RAZAOSOCIAL": "ADEGA_E_CONVENIENCIA_POSTO_SAO_MIGUEL_LTDA", "ENDEE": "AVENIDA_MARECHAL_TITO1688__SAO_MIGUEL_PAULISTA_08022-000", "LMAPS": "https://www.google.com/maps?q=&layer=c&cbll=-23.4956832,-46.4298466", "O_QUE_FAZER": "CARTEIRA", "ER_REGIAO_CIDADE_min": "Capital Leste II_São Miguel" }, "geometry": { "type": "Point", "coordinates": [ -46.4298466, -23.4956832 ] } },
{ "type": "Feature", "properties": { "fid": 139056, "CNPJ": "26399258000104", "IDCIDADE": "SAO_PAULO", "NOMEFANTASIA": "ACADEMIA_EVOLVE", "RAZAOSOCIAL": "EVOLVE_FITNESS_CENTER_LTDA", "ENDEE": "RUA_MOACIR_DANTAS_ITAPICURU773__CIDADE_NOVA_SAO_MIGUEL_08042-290", "LMAPS": "https://www.google.com/maps?q=&layer=c&cbll=-23.5065113,-46.4352463", "O_QUE_FAZER": "CARTEIRA", "ER_REGIAO_CIDADE_min": "Capital Leste II_São Miguel" }, "geometry": { "type": "Point", "coordinates": [ -46.4352463, -23.5065113 ] } },
{ "type": "Feature", "properties": { "fid": 139850, "CNPJ": "26555364000121", "IDCIDADE": "SAO_PAULO", "NOMEFANTASIA": "OTICA_VILLELA", "RAZAOSOCIAL": "OTICA_VILLELA_LTDA", "ENDEE": "RUA_ARLINDO_COLACO534__SAO_MIGUEL_PAULISTA_08010-010", "LMAPS": "https://www.google.com/maps?q=&layer=c&cbll=-23.4912059,-46.4396694", "O_QUE_FAZER": "CARTEIRA", "ER_REGIAO_CIDADE_min": "Capital Leste II_São Miguel" }, "geometry": { "type": "Point", "coordinates": [ -46.4396694, -23.4912059 ] } },
{ "type": "Feature", "properties": { "fid": 140096, "CNPJ": "26596683000185", "IDCIDADE": "SAO_PAULO", "NOMEFANTASIA": "OTICA_POPULAR", "RAZAOSOCIAL": "SP_MARECHAL_ARTIGOS_OPTICOS_EIRELI", "ENDEE": "AVENIDA_MARECHAL_TITO680__JARDIM_MIRAGAIA_08010-090", "LMAPS": "https://www.google.com/maps?q=&layer=c&cbll=-23.4940994,-46.4394982", "O_QUE_FAZER": "CARTEIRA", "ER_REGIAO_CIDADE_min": "Capital Leste II_São Miguel" }, "geometry": { "type": "Point", "coordinates": [ -46.4394982, -23.4940994 ] } },
{ "type": "Feature", "properties": { "fid": 140446, "CNPJ": "26660635000109", "IDCIDADE": "SAO_PAULO", "NOMEFANTASIA": "DROGARIA_ESSENCIAL_SAUDE", "RAZAOSOCIAL": "DROGARIA_E_PERFUMARIA_ESSENCIAL_SAUDE_LTDA", "ENDEE": "AVENIDA_NORDESTINA745__VILA_AMERICANA_08021-000", "LMAPS": "https://www.google.com/maps?q=&layer=c&cbll=-23.4992584,-46.4401005", "O_QUE_FAZER": "CARTEIRA", "ER_REGIAO_CIDADE_min": "Capital Leste II_São Miguel" }, "geometry": { "type": "Point", "coordinates": [ -46.4401005, -23.4992584 ] } },
{ "type": "Feature", "properties": { "fid": 140785, "CNPJ": "26720444000195", "IDCIDADE": "SAO PAULO", "NOMEFANTASIA": null, "RAZAOSOCIAL": "SAULO_BATISTA_DA_SILVA_ESTEVAM_37314094888", "ENDEE": "AVENIDA INAJA-GUACU, 535, VILA PROGRESSO (ZONA LESTE), 08240-530, SÃO PAULO, SP, BRASIL", "LMAPS": "https://www.google.com/maps?q=&layer=c&cbll=-23.5199376,-46.4399049", "O_QUE_FAZER": "CARTEIRA - FAMPE", "ER_REGIAO_CIDADE_min": "Capital Leste II_São Miguel" }, "geometry": { "type": "Point", "coordinates": [ -46.4399049, -23.5199376 ] } },
{ "type": "Feature", "properties": { "fid": 141946, "CNPJ": "26962994000110", "IDCIDADE": "SAO_PAULO", "NOMEFANTASIA": "BANANA_SKOCK", "RAZAOSOCIAL": "NANCI_ABRAO_CALCADOS", "ENDEE": "AVENIDA_MARECHAL_TITO1069__SAO_MIGUEL_PAULISTA_08010-090", "LMAPS": "https://www.google.com/maps?q=&layer=c&cbll=-23.4950515,-46.4354182", "O_QUE_FAZER": "CARTEIRA", "ER_REGIAO_CIDADE_min": "Capital Leste II_São Miguel" }, "geometry": { "type": "Point", "coordinates": [ -46.4354182, -23.4950515 ] } },
{ "type": "Feature", "properties": { "fid": 142342, "CNPJ": "27049836000137", "IDCIDADE": "SAO_PAULO", "NOMEFANTASIA": "PETSHOP_PELUDINHO", "RAZAOSOCIAL": "PET_SHOP_PELUDINHO_COMERCIO_DE_RACOES_ANIMAIS_LTDA", "ENDEE": "AVENIDA_PIRES_DO_RIO593__VILA_AMERICANA_08020-000", "LMAPS": "https://www.google.com/maps?q=&layer=c&cbll=-23.5017384,-46.4424727", "O_QUE_FAZER": "CARTEIRA", "ER_REGIAO_CIDADE_min": "Capital Leste II_São Miguel" }, "geometry": { "type": "Point", "coordinates": [ -46.4424727, -23.5017384 ] } },
{ "type": "Feature", "properties": { "fid": 143381, "CNPJ": "27259428000100", "IDCIDADE": "SAO_PAULO", "NOMEFANTASIA": "CL_MULTIMARCAS", "RAZAOSOCIAL": "CL_MULTIMARCAS_LTDA", "ENDEE": "AVENIDA_NORDESTINA2423__CIDADE_NOVA_SAO_MIGUEL_08042-000", "LMAPS": "https://www.google.com/maps?q=&layer=c&cbll=-23.5119409,-46.4351069", "O_QUE_FAZER": "CARTEIRA", "ER_REGIAO_CIDADE_min": "Capital Leste II_São Miguel" }, "geometry": { "type": "Point", "coordinates": [ -46.4351069, -23.5119409 ] } },
{ "type": "Feature", "properties": { "fid": 146288, "CNPJ": "27813592000117", "IDCIDADE": "SAO_PAULO", "NOMEFANTASIA": "BETEL_CELULARES", "RAZAOSOCIAL": "BETEL_CELULARES_INFORMATICA_LTDA", "ENDEE": "RUA_PEDRO_SOARES_DE_ANDRADE215__VILA_ROSARIA_08021-040", "LMAPS": "https://www.google.com/maps?q=&layer=c&cbll=-23.4969989,-46.4362999", "O_QUE_FAZER": "CARTEIRA", "ER_REGIAO_CIDADE_min": "Capital Leste II_São Miguel" }, "geometry": { "type": "Point", "coordinates": [ -46.4362999, -23.4969989 ] } },
{ "type": "Feature", "properties": { "fid": 148127, "CNPJ": "28153515000140", "IDCIDADE": "SAO_PAULO", "NOMEFANTASIA": "MANU_CAR", "RAZAOSOCIAL": "CLEBER_TONIETTI_FERREIRA_VEICULOS_NOVOS_E_USADOS_LTDA", "ENDEE": "AVENIDA_NORDESTINA1335__VILA_AMERICANA_08021-000", "LMAPS": "https://www.google.com/maps?q=&layer=c&cbll=-23.5044594,-46.439534", "O_QUE_FAZER": "CARTEIRA", "ER_REGIAO_CIDADE_min": "Capital Leste II_São Miguel" }, "geometry": { "type": "Point", "coordinates": [ -46.439534, -23.5044594 ] } },
{ "type": "Feature", "properties": { "fid": 148532, "CNPJ": "28220139000160", "IDCIDADE": "SAO_PAULO", "NOMEFANTASIA": "JC_MOTOS", "RAZAOSOCIAL": "C.A_GARCIA_MOTO_PECAS_LTDA", "ENDEE": "AVENIDA_PIRES_DO_RIO777__VILA_AMERICANA_08020-000", "LMAPS": "https://www.google.com/maps?q=&layer=c&cbll=-23.5033965,-46.4427719", "O_QUE_FAZER": "CARTEIRA", "ER_REGIAO_CIDADE_min": "Capital Leste II_São Miguel" }, "geometry": { "type": "Point", "coordinates": [ -46.4427719, -23.5033965 ] } },
{ "type": "Feature", "properties": { "fid": 148956, "CNPJ": "28299979000160", "IDCIDADE": "SAO_PAULO", "NOMEFANTASIA": "OTICA_RESGATE_COMERCIO_DE_OCULOS_LTDA", "RAZAOSOCIAL": "OTICA_RESGASTE", "ENDEE": "AVENIDA_MARECHAL_TITO913__SAO_MIGUEL_PAULISTA_08115-000", "LMAPS": "https://www.google.com/maps?q=&layer=c&cbll=-23.4948176,-46.4368836", "O_QUE_FAZER": "FINALIZADO", "ER_REGIAO_CIDADE_min": "Capital Leste II_São Miguel" }, "geometry": { "type": "Point", "coordinates": [ -46.4368836, -23.4948176 ] } },
{ "type": "Feature", "properties": { "fid": 149850, "CNPJ": "28454393000122", "IDCIDADE": "SAO_PAULO", "NOMEFANTASIA": "100_ATACADAO_DO_OLEO_FILTROS_E_LUBRIFICANTES", "RAZAOSOCIAL": "100%_ATACADAO_DO_OLEO_FILTROS_E_LUBRIFICANTES_LTDA", "ENDEE": "AVENIDA_MARECHAL_TITO1643__SAO_MIGUEL_PAULISTA_08022-000", "LMAPS": "https://www.google.com/maps?q=&layer=c&cbll=-23.4952992,-46.42975", "O_QUE_FAZER": "CARTEIRA", "ER_REGIAO_CIDADE_min": "Capital Leste II_São Miguel" }, "geometry": { "type": "Point", "coordinates": [ -46.42975, -23.4952992 ] } },
{ "type": "Feature", "properties": { "fid": 150983, "CNPJ": "28673885000109", "IDCIDADE": "SAO_PAULO", "NOMEFANTASIA": "DIVA_LINS", "RAZAOSOCIAL": "DIVA_LINS", "ENDEE": "RUA_AMADEU GAMBERINI_299_VILA AMERICANA_08010-110_SAO_PAULO", "LMAPS": "https://www.google.com/maps?q=&layer=c&cbll=-23.4960203,-46.4420449", "O_QUE_FAZER": "APLICAR T3", "ER_REGIAO_CIDADE_min": "Capital Leste II_São Miguel" }, "geometry": { "type": "Point", "coordinates": [ -46.4420449, -23.4960203 ] } },
{ "type": "Feature", "properties": { "fid": 152314, "CNPJ": "28926547000131", "IDCIDADE": "SAO_PAULO", "NOMEFANTASIA": "MULTISHOPPING", "RAZAOSOCIAL": "LAIS_OLIVEIRA_NASCIMENTO_SERVICOS_E_COMERCIO", "ENDEE": "RUA_JOSE_OTONI82__SAO_MIGUEL_PAULISTA_08010-290", "LMAPS": "https://www.google.com/maps?q=&layer=c&cbll=-23.4930161,-46.440018", "O_QUE_FAZER": "CARTEIRA", "ER_REGIAO_CIDADE_min": "Capital Leste II_São Miguel" }, "geometry": { "type": "Point", "coordinates": [ -46.440018, -23.4930161 ] } },
{ "type": "Feature", "properties": { "fid": 153306, "CNPJ": "29109924000102", "IDCIDADE": "SAO_PAULO", "NOMEFANTASIA": "GRAZZY", "RAZAOSOCIAL": "GRAZZY_SCHMITT_STORE_LTDA", "ENDEE": "AVENIDA_PIRES_DO_RIO723__VILA_AMERICANA_08020-000", "LMAPS": "https://www.google.com/maps?q=&layer=c&cbll=-23.5027299,-46.4424985", "O_QUE_FAZER": "CARTEIRA", "ER_REGIAO_CIDADE_min": "Capital Leste II_São Miguel" }, "geometry": { "type": "Point", "coordinates": [ -46.4424985, -23.5027299 ] } },
{ "type": "Feature", "properties": { "fid": 153447, "CNPJ": "29133355000130", "IDCIDADE": "SAO_PAULO", "NOMEFANTASIA": "EMERSON_ROBERTO_DA_SILVA_ ", "RAZAOSOCIAL": "EMERSON_ROBERTO_DA_SILVA", "ENDEE": "RUA_CAPITAO_FRANCISCO_ISAIAS_DE_CARVALHO43__SAO_MIGUEL_PAULISTA_08010-030", "LMAPS": "https://www.google.com/maps?q=&layer=c&cbll=-23.4914507,-46.4429213", "O_QUE_FAZER": "CARTEIRA", "ER_REGIAO_CIDADE_min": "Capital Leste II_São Miguel" }, "geometry": { "type": "Point", "coordinates": [ -46.4429213, -23.4914507 ] } },
{ "type": "Feature", "properties": { "fid": 153555, "CNPJ": "29151377000123", "IDCIDADE": "SAO_PAULO", "NOMEFANTASIA": "ANA_-MANUTENCAO_AR_CONDICIONADO_AUTOMOTIVO_ ", "RAZAOSOCIAL": "G2_AR_CONDICIONADO_VEICULAR_LTDA", "ENDEE": "AVENIDA_NORDESTINA794__VILA_AMERICANA_08021-000", "LMAPS": "https://www.google.com/maps?q=&layer=c&cbll=-23.4997988,-46.4403443", "O_QUE_FAZER": "CARTEIRA", "ER_REGIAO_CIDADE_min": "Capital Leste II_São Miguel" }, "geometry": { "type": "Point", "coordinates": [ -46.4403443, -23.4997988 ] } },
{ "type": "Feature", "properties": { "fid": 153840, "CNPJ": "29201959000177", "IDCIDADE": "SAO_PAULO", "NOMEFANTASIA": "CENTRO_ESTETICA_MERCADO_PET", "RAZAOSOCIAL": "REINALDO_LUIZ_AMARAL_PUCCI", "ENDEE": "AVENIDA_DECIO_ANGELO_CHIUVITTI45__VILA_GIORDANO_08020-360", "LMAPS": "https://www.google.com/maps?q=&layer=c&cbll=-23.4988656,-46.4418891", "O_QUE_FAZER": "CARTEIRA", "ER_REGIAO_CIDADE_min": "Capital Leste II_São Miguel" }, "geometry": { "type": "Point", "coordinates": [ -46.4418891, -23.4988656 ] } },
{ "type": "Feature", "properties": { "fid": 154109, "CNPJ": "29251631000165", "IDCIDADE": "SAO_PAULO", "NOMEFANTASIA": "SHOPTEC", "RAZAOSOCIAL": "SHOPTEK_COMERCIO_DE_PRODUTOS_TECNOLOGICOS_LTDA", "ENDEE": "AVENIDA_PIRES_DO_RIO406__VILA_AMERICANA_08020-000", "LMAPS": "https://www.google.com/maps?q=&layer=c&cbll=-23.5000014,-46.4426177", "O_QUE_FAZER": "CARTEIRA", "ER_REGIAO_CIDADE_min": "Capital Leste II_São Miguel" }, "geometry": { "type": "Point", "coordinates": [ -46.4426177, -23.5000014 ] } },
{ "type": "Feature", "properties": { "fid": 155691, "CNPJ": "29603506000177", "IDCIDADE": "SAO_PAULO", "NOMEFANTASIA": "D.A.M_RODAS_E_PNEUS", "RAZAOSOCIAL": "DAM_RODAS_E_PNEUS_LTDA", "ENDEE": "AVENIDA_NORDESTINA802__VILA_AMERICANA_08021-000", "LMAPS": "https://www.google.com/maps?q=&layer=c&cbll=-23.4998517,-46.4400844", "O_QUE_FAZER": "CARTEIRA", "ER_REGIAO_CIDADE_min": "Capital Leste II_São Miguel" }, "geometry": { "type": "Point", "coordinates": [ -46.4400844, -23.4998517 ] } },
{ "type": "Feature", "properties": { "fid": 156846, "CNPJ": "29822583000118", "IDCIDADE": "SAO_PAULO", "NOMEFANTASIA": "NORDESTINA_ESQUADRIAS", "RAZAOSOCIAL": "NORDESTINA_ESQUADRIAS_LTDA", "ENDEE": "AVENIDA_PIRES_DO_RIO79__VILA_AMERICANA_08020-000", "LMAPS": "https://www.google.com/maps?q=&layer=c&cbll=-23.4972031,-46.4420727", "O_QUE_FAZER": "CARTEIRA", "ER_REGIAO_CIDADE_min": "Capital Leste II_São Miguel" }, "geometry": { "type": "Point", "coordinates": [ -46.4420727, -23.4972031 ] } },
{ "type": "Feature", "properties": { "fid": 156954, "CNPJ": "29842470000184", "IDCIDADE": "SAO_PAULO", "NOMEFANTASIA": "J.R_NORONHA_SERVICOS_ADMINISTRATIVOS", "RAZAOSOCIAL": "NORONHA_SERVICOS_CONTABEIS", "ENDEE": "RUA_PASCOAL_DANIEL37__VILA_GIORDANO_08020-370", "LMAPS": "https://www.google.com/maps?q=&layer=c&cbll=-23.4977799,-46.4418774", "O_QUE_FAZER": "FINALIZADO", "ER_REGIAO_CIDADE_min": "Capital Leste II_São Miguel" }, "geometry": { "type": "Point", "coordinates": [ -46.4418774, -23.4977799 ] } },
{ "type": "Feature", "properties": { "fid": 157054, "CNPJ": "29861430000180", "IDCIDADE": "SAO_PAULO", "NOMEFANTASIA": "LUANA_BIJU", "RAZAOSOCIAL": "JACK_BIJOUX_BIJUTERIAS_LTDA", "ENDEE": "RUA_SALVADOR_DE_MEDEIROS61__SAO_MIGUEL_PAULISTA_08010-020", "LMAPS": "https://www.google.com/maps?q=&layer=c&cbll=-23.4913459,-46.4438688", "O_QUE_FAZER": "CARTEIRA", "ER_REGIAO_CIDADE_min": "Capital Leste II_São Miguel" }, "geometry": { "type": "Point", "coordinates": [ -46.4438688, -23.4913459 ] } },
{ "type": "Feature", "properties": { "fid": 157122, "CNPJ": "29875249000122", "IDCIDADE": "SAO PAULO", "NOMEFANTASIA": "Dagosto", "RAZAOSOCIAL": "MARIA_INES_D._DA_SILVA_ALIMENTICIO", "ENDEE": "AVENIDA JOAO NERI DE CARVALHO, 648, CASA TERREO, VILA ROSARIA, 08021-010, SÃO PAULO, SP, BRASIL", "LMAPS": "https://www.google.com/maps?q=&layer=c&cbll=-23.4974953,-46.4343869", "O_QUE_FAZER": "CARTEIRA - FAMPE", "ER_REGIAO_CIDADE_min": "Capital Leste II_São Miguel" }, "geometry": { "type": "Point", "coordinates": [ -46.4343869, -23.4974953 ] } },
{ "type": "Feature", "properties": { "fid": 157154, "CNPJ": "29882804000143", "IDCIDADE": "SAO_PAULO", "NOMEFANTASIA": "PIZARINI_COMERCIO_VAREJISTA_DE_CALCADOS_LTDA", "RAZAOSOCIAL": "PIZARINI_FABRICACAO_PROPRIA", "ENDEE": "AVENIDA_MARECHAL_TITO955__SAO_MIGUEL_PAULISTA_08115-000", "LMAPS": "https://www.google.com/maps?q=&layer=c&cbll=-23.4946147,-46.4364052", "O_QUE_FAZER": "FINALIZADO", "ER_REGIAO_CIDADE_min": "Capital Leste II_São Miguel" }, "geometry": { "type": "Point", "coordinates": [ -46.4364052, -23.4946147 ] } },
{ "type": "Feature", "properties": { "fid": 157491, "CNPJ": "29953212000175", "IDCIDADE": "SAO_PAULO", "NOMEFANTASIA": "GRAFICA_TOLENI", "RAZAOSOCIAL": "MELISSA_TOLEDO_PICONI", "ENDEE": "AVENIDA_PIRES_DO_RIO71__VILA_AMERICANA_08020-000", "LMAPS": "https://www.google.com/maps?q=&layer=c&cbll=-23.4970958,-46.4421082", "O_QUE_FAZER": "CARTEIRA", "ER_REGIAO_CIDADE_min": "Capital Leste II_São Miguel" }, "geometry": { "type": "Point", "coordinates": [ -46.4421082, -23.4970958 ] } },
{ "type": "Feature", "properties": { "fid": 157894, "CNPJ": "30025496000208", "IDCIDADE": "SAO_PAULO", "NOMEFANTASIA": "OTICA_FELIPE", "RAZAOSOCIAL": "OTICAS_FELIPE_LTDA", "ENDEE": "RUA_BERALDO_MARCONDES62__SAO_MIGUEL_PAULISTA_08010-070", "LMAPS": "https://www.google.com/maps?q=&layer=c&cbll=-23.4922416,-46.4440617", "O_QUE_FAZER": "CARTEIRA", "ER_REGIAO_CIDADE_min": "Capital Leste II_São Miguel" }, "geometry": { "type": "Point", "coordinates": [ -46.4440617, -23.4922416 ] } },
{ "type": "Feature", "properties": { "fid": 158051, "CNPJ": "30057390000105", "IDCIDADE": "SAO_PAULO", "NOMEFANTASIA": "LOGO_KIDS", "RAZAOSOCIAL": "LOLO_KIDS_MODAS_LTDA", "ENDEE": "RUA_SALVADOR_DE_MEDEIROS456__SAO_MIGUEL_PAULISTA_08010-020", "LMAPS": "https://www.google.com/maps?q=&layer=c&cbll=-23.491287,-46.4401342", "O_QUE_FAZER": "CARTEIRA", "ER_REGIAO_CIDADE_min": "Capital Leste II_São Miguel" }, "geometry": { "type": "Point", "coordinates": [ -46.4401342, -23.491287 ] } },
{ "type": "Feature", "properties": { "fid": 158163, "CNPJ": "30074851000140", "IDCIDADE": "SAO_PAULO", "NOMEFANTASIA": "ARMARINHO_ARTESANATO_VIRTUAL", "RAZAOSOCIAL": "WILLIANS_CABRAL_XAVIER_RODRIGUES", "ENDEE": "AVENIDA_MARECHAL_TITO1567__SAO_MIGUEL_PAULISTA_08022-000", "LMAPS": "https://www.google.com/maps?q=&layer=c&cbll=-23.4951796,-46.4305508", "O_QUE_FAZER": "APLICAR T2", "ER_REGIAO_CIDADE_min": "Capital Leste II_São Miguel" }, "geometry": { "type": "Point", "coordinates": [ -46.4305508, -23.4951796 ] } },
{ "type": "Feature", "properties": { "fid": 158812, "CNPJ": "30195243000193", "IDCIDADE": "SAO_PAULO", "NOMEFANTASIA": "MONICA_CARLA_DE_MATOS_OLIVEIRA_-_TOP_DAS_ESSENCIAS", "RAZAOSOCIAL": "TOP_DAS_ESSENCIAS", "ENDEE": "AVENIDA_MARECHAL_TITO1463__SAO_MIGUEL_PAULISTA_08115-000", "LMAPS": "https://www.google.com/maps?q=&layer=c&cbll=-23.4951486,-46.4316558", "O_QUE_FAZER": "FINALIZADO", "ER_REGIAO_CIDADE_min": "Capital Leste II_São Miguel" }, "geometry": { "type": "Point", "coordinates": [ -46.4316558, -23.4951486 ] } },
{ "type": "Feature", "properties": { "fid": 159222, "CNPJ": "30274465000100", "IDCIDADE": "SAO PAULO", "NOMEFANTASIA": "-", "RAZAOSOCIAL": "30.274.465_AINOAN_MARA_DA_SILVA", "ENDEE": "AVENIDA PIRES DO RIO, 1354, LETRA A, JARDIM SAO SEBASTIAO, 08041-000, SÃO PAULO, SP, BRASIL", "LMAPS": "https://www.google.com/maps?q=&layer=c&cbll=-23.5083862,-46.4435294", "O_QUE_FAZER": "CARTEIRA - FAMPE", "ER_REGIAO_CIDADE_min": "Capital Leste II_São Miguel" }, "geometry": { "type": "Point", "coordinates": [ -46.4435294, -23.5083862 ] } },
{ "type": "Feature", "properties": { "fid": 159687, "CNPJ": "30371260000134", "IDCIDADE": "SAO PAULO", "NOMEFANTASIA": "Gerotek", "RAZAOSOCIAL": "GEROTEK_OFICINA_MECANICA_E_PECAS_LTDA", "ENDEE": "RUA ACUCIO QUINTILIANO, 38, VILA PEDROSO, 08070-490, SÃO PAULO, SP, BRASIL", "LMAPS": "https://www.google.com/maps?q=&layer=c&cbll=-23.4944866,-46.4515185", "O_QUE_FAZER": "APLICAR T2", "ER_REGIAO_CIDADE_min": "Capital Leste II_São Miguel" }, "geometry": { "type": "Point", "coordinates": [ -46.4515185, -23.4944866 ] } },
{ "type": "Feature", "properties": { "fid": 160182, "CNPJ": "30462934000106", "IDCIDADE": "SAO_PAULO", "NOMEFANTASIA": "3F_AUTOMARCAS", "RAZAOSOCIAL": "3F_AUTOMARCAS_COMERCIO_DE_VEICULOS_LTDA", "ENDEE": "AVENIDA_PIRES_DO_RIO82__VILA_AMERICANA_08020-000", "LMAPS": "https://www.google.com/maps?q=&layer=c&cbll=-23.4971048,-46.4424022", "O_QUE_FAZER": "CARTEIRA", "ER_REGIAO_CIDADE_min": "Capital Leste II_São Miguel" }, "geometry": { "type": "Point", "coordinates": [ -46.4424022, -23.4971048 ] } },
{ "type": "Feature", "properties": { "fid": 160811, "CNPJ": "30572575000140", "IDCIDADE": "SAO_PAULO", "NOMEFANTASIA": "EMPORIO_MARILOC", "RAZAOSOCIAL": "ARVL&M_COMERCIAL_LTDA", "ENDEE": "AVENIDA_PIRES_DO_RIO560__VILA_AMERICANA_08020-000", "LMAPS": "https://www.google.com/maps?q=&layer=c&cbll=-23.5012385,-46.4426758", "O_QUE_FAZER": "CARTEIRA", "ER_REGIAO_CIDADE_min": "Capital Leste II_São Miguel" }, "geometry": { "type": "Point", "coordinates": [ -46.4426758, -23.5012385 ] } },
{ "type": "Feature", "properties": { "fid": 161277, "CNPJ": "30664399000176", "IDCIDADE": "SAO_PAULO", "NOMEFANTASIA": "GLAUCIA_DOS_SANTOS_CARPANEDO_33752723831", "RAZAOSOCIAL": "GLAU_STORIE", "ENDEE": "RUA_FRAGATA650__VILA_DOUTOR_EIRAS_08010-250", "LMAPS": "https://www.google.com/maps?q=&layer=c&cbll=-23.4974436,-46.4347734", "O_QUE_FAZER": "FINALIZADO", "ER_REGIAO_CIDADE_min": "Capital Leste II_São Miguel" }, "geometry": { "type": "Point", "coordinates": [ -46.4347734, -23.4974436 ] } },
{ "type": "Feature", "properties": { "fid": 161336, "CNPJ": "30675071000155", "IDCIDADE": "SAO PAULO", "NOMEFANTASIA": "-", "RAZAOSOCIAL": "30.675.071_CAMILA_ASSUMPCAO_DE_GOUVEA", "ENDEE": "RUA ERVA LANAR, 219, VILA RAQUEL, 08041-350, SÃO PAULO, SP, BRASIL", "LMAPS": "https://www.google.com/maps?q=&layer=c&cbll=-23.5188869,-46.4422168", "O_QUE_FAZER": "APLICAR T2", "ER_REGIAO_CIDADE_min": "Capital Leste II_São Miguel" }, "geometry": { "type": "Point", "coordinates": [ -46.4422168, -23.5188869 ] } },
{ "type": "Feature", "properties": { "fid": 161621, "CNPJ": "30726367000158", "IDCIDADE": "SAO_PAULO", "NOMEFANTASIA": "CARLOS_CARDOSO_PEREIRA_JUNIOR_30702469823", "RAZAOSOCIAL": "GLAMOUR_COSMETICOS", "ENDEE": "AVENIDA_MARECHAL_TITO1553__SAO_MIGUEL_PAULISTA_08115-000", "LMAPS": "https://www.google.com/maps?q=&layer=c&cbll=-23.4951984,-46.4306658", "O_QUE_FAZER": "FINALIZADO", "ER_REGIAO_CIDADE_min": "Capital Leste II_São Miguel" }, "geometry": { "type": "Point", "coordinates": [ -46.4306658, -23.4951984 ] } },
{ "type": "Feature", "properties": { "fid": 161959, "CNPJ": "30782904000187", "IDCIDADE": "SAO_PAULO", "NOMEFANTASIA": "ERIKA_FLORES_ANDRADE_ ", "RAZAOSOCIAL": "ERIKA_FLORES_ANDRADE", "ENDEE": "AVENIDA_PIRES_DO_RIO1001__VILA_AMERICANA_08020-000", "LMAPS": "https://www.google.com/maps?q=&layer=c&cbll=-23.503654,-46.4427667", "O_QUE_FAZER": "CARTEIRA", "ER_REGIAO_CIDADE_min": "Capital Leste II_São Miguel" }, "geometry": { "type": "Point", "coordinates": [ -46.4427667, -23.503654 ] } },
{ "type": "Feature", "properties": { "fid": 162217, "CNPJ": "30831901000196", "IDCIDADE": "SAO_PAULO", "NOMEFANTASIA": "SAO_MIGUEL_PNEUS", "RAZAOSOCIAL": "SAO_MIGUEL_PNEUS_LTDA", "ENDEE": "AVENIDA_PIRES_DO_RIO850__VILA_AMERICANA_08020-000", "LMAPS": "https://www.google.com/maps?q=&layer=c&cbll=-23.5038493,-46.4430549", "O_QUE_FAZER": "CARTEIRA", "ER_REGIAO_CIDADE_min": "Capital Leste II_São Miguel" }, "geometry": { "type": "Point", "coordinates": [ -46.4430549, -23.5038493 ] } },
{ "type": "Feature", "properties": { "fid": 162777, "CNPJ": "30948454000150", "IDCIDADE": "SAO_PAULO", "NOMEFANTASIA": "CLINICA_ODONTOLOGICA_MATRIZ", "RAZAOSOCIAL": "ANDERSON_FRENHAN", "ENDEE": "RUA_SALVADOR_DE_MEDEIROS51__SAO_MIGUEL_PAULISTA_08010-020", "LMAPS": "https://www.google.com/maps?q=&layer=c&cbll=-23.4914475,-46.4440367", "O_QUE_FAZER": "CARTEIRA", "ER_REGIAO_CIDADE_min": "Capital Leste II_São Miguel" }, "geometry": { "type": "Point", "coordinates": [ -46.4440367, -23.4914475 ] } },
{ "type": "Feature", "properties": { "fid": 163541, "CNPJ": "31095035000185", "IDCIDADE": "SAO_PAULO", "NOMEFANTASIA": "SERGIO_BEZERRA_ALVES_16689265803", "RAZAOSOCIAL": "SD_CELULARES", "ENDEE": "AVENIDA_PIRES_DO_RIO2843__JARDIM_SAO_SEBASTIAO_08041-000", "LMAPS": "https://www.google.com/maps?q=&layer=c&cbll=-23.522126,-46.4431822", "O_QUE_FAZER": "FINALIZADO", "ER_REGIAO_CIDADE_min": "Capital Leste II_São Miguel" }, "geometry": { "type": "Point", "coordinates": [ -46.4431822, -23.522126 ] } },
{ "type": "Feature", "properties": { "fid": 163919, "CNPJ": "31174993000141", "IDCIDADE": "SAO PAULO", "NOMEFANTASIA": "GM_MAQUINAS", "RAZAOSOCIAL": "ENG_PELL_MAQUINAS,_COMERCIO_DE_EQUIPAMENTOS_LTDA", "ENDEE": "RUA JACINTO JOSE FAGUNDES, 15, ANEXO 25A, VILA PEDROSO, 08070-530, SÃO PAULO, SP, BRASIL", "LMAPS": "https://www.google.com/maps?q=&layer=c&cbll=-23.4921177,-46.4516163", "O_QUE_FAZER": "CARTEIRA - FAMPE", "ER_REGIAO_CIDADE_min": "Capital Leste II_São Miguel" }, "geometry": { "type": "Point", "coordinates": [ -46.4516163, -23.4921177 ] } },
{ "type": "Feature", "properties": { "fid": 164152, "CNPJ": "31241081000145", "IDCIDADE": "SAO_PAULO", "NOMEFANTASIA": "GRANCAR", "RAZAOSOCIAL": "GRANCAR_REPAROS_E_PINTURAS_AUTOMOTIVAS_LTDA", "ENDEE": "AVENIDA_PIRES_DO_RIO109__VILA_AMERICANA_08020-000", "LMAPS": "https://www.google.com/maps?q=&layer=c&cbll=-23.4974663,-46.442005", "O_QUE_FAZER": "CARTEIRA", "ER_REGIAO_CIDADE_min": "Capital Leste II_São Miguel" }, "geometry": { "type": "Point", "coordinates": [ -46.442005, -23.4974663 ] } },
{ "type": "Feature", "properties": { "fid": 167818, "CNPJ": "31967746000100", "IDCIDADE": "SAO_PAULO", "NOMEFANTASIA": "MBG_DOG", "RAZAOSOCIAL": "CANIL_MBGDOGS_LTDA", "ENDEE": "AVENIDA_NORDESTINA23__VILA_AMERICANA_08011-000", "LMAPS": "https://www.google.com/maps?q=&layer=c&cbll=-23.4937352,-46.4435563", "O_QUE_FAZER": "CARTEIRA", "ER_REGIAO_CIDADE_min": "Capital Leste II_São Miguel" }, "geometry": { "type": "Point", "coordinates": [ -46.4435563, -23.4937352 ] } },
{ "type": "Feature", "properties": { "fid": 168003, "CNPJ": "32000459000181", "IDCIDADE": "SAO_PAULO", "NOMEFANTASIA": "VOCE_PODE", "RAZAOSOCIAL": "VOCE_PODE_MAIS_COMERCIO_DE_COSMETICOS_LTDA", "ENDEE": "AVENIDA_MARECHAL_TITO686__SAO_MIGUEL_PAULISTA_08010-090", "LMAPS": "https://www.google.com/maps?q=&layer=c&cbll=-23.494146,-46.4393251", "O_QUE_FAZER": "CARTEIRA", "ER_REGIAO_CIDADE_min": "Capital Leste II_São Miguel" }, "geometry": { "type": "Point", "coordinates": [ -46.4393251, -23.494146 ] } },
{ "type": "Feature", "properties": { "fid": 168089, "CNPJ": "32018043000190", "IDCIDADE": "SAO_PAULO", "NOMEFANTASIA": "CLINICA_VET_SC", "RAZAOSOCIAL": "CLINICA_VETERINARIA_SANTANA_COSTA_LTDA", "ENDEE": "RUA_CARDON998__VILA_PROGRESSO_08041-525", "LMAPS": "https://www.google.com/maps?q=&layer=c&cbll=-23.5185797,-46.4400016", "O_QUE_FAZER": "CARTEIRA", "ER_REGIAO_CIDADE_min": "Capital Leste II_São Miguel" }, "geometry": { "type": "Point", "coordinates": [ -46.4400016, -23.5185797 ] } },
{ "type": "Feature", "properties": { "fid": 168512, "CNPJ": "32111654000421", "IDCIDADE": "SAO_PAULO", "NOMEFANTASIA": "MASTER_CONFORTS", "RAZAOSOCIAL": "PILLOWTEX_COLCHOES_INDUSTRIA_E_COMERCIO_DE_ESPUMAS_LTDA", "ENDEE": "RUA_MIGUEL_ANGELO_LAPENA25__SAO_MIGUEL_PAULISTA_08010-040", "LMAPS": "https://www.google.com/maps?q=&layer=c&cbll=-23.4931036,-46.4417827", "O_QUE_FAZER": "CARTEIRA", "ER_REGIAO_CIDADE_min": "Capital Leste II_São Miguel" }, "geometry": { "type": "Point", "coordinates": [ -46.4417827, -23.4931036 ] } },
{ "type": "Feature", "properties": { "fid": 168625, "CNPJ": "32135916000145", "IDCIDADE": "SAO_PAULO", "NOMEFANTASIA": "OTICA_LIMA_ANDRADE", "RAZAOSOCIAL": "OTICA_LIMA_ANDRADE_LTDA", "ENDEE": "RUA_HENRIQUE_DE_PAULA_FRANCA152__SAO_MIGUEL_PAULISTA_08010-080", "LMAPS": "https://www.google.com/maps?q=&layer=c&cbll=-23.4942395,-46.4426573", "O_QUE_FAZER": "CARTEIRA", "ER_REGIAO_CIDADE_min": "Capital Leste II_São Miguel" }, "geometry": { "type": "Point", "coordinates": [ -46.4426573, -23.4942395 ] } },
{ "type": "Feature", "properties": { "fid": 168705, "CNPJ": "32149020000115", "IDCIDADE": "SAO_PAULO", "NOMEFANTASIA": "NENNUS_DISTRIBUICAO_COMERCIO_E_SERVICOS_LTDA.", "RAZAOSOCIAL": "NENNUS", "ENDEE": "RUA_AURELIANO_JOSE_LESSA85__VILA_CAROLINA_08040-030", "LMAPS": "https://www.google.com/maps?q=&layer=c&cbll=-23.5084804,-46.4440178", "O_QUE_FAZER": "FINALIZADO", "ER_REGIAO_CIDADE_min": "Capital Leste II_São Miguel" }, "geometry": { "type": "Point", "coordinates": [ -46.4440178, -23.5084804 ] } },
{ "type": "Feature", "properties": { "fid": 170098, "CNPJ": "32463063000170", "IDCIDADE": "SAO_PAULO", "NOMEFANTASIA": "SIMONE_DOS_SANTOS_SILVA_28469885871", "RAZAOSOCIAL": "STUDIO_TELLES", "ENDEE": "RUA_LUIZ_AMORIM_COSTA23__VILA_CAROLINA_08040-220", "LMAPS": "https://www.google.com/maps?q=&layer=c&cbll=-23.5057219,-46.4432149", "O_QUE_FAZER": "FINALIZADO", "ER_REGIAO_CIDADE_min": "Capital Leste II_São Miguel" }, "geometry": { "type": "Point", "coordinates": [ -46.4432149, -23.5057219 ] } },
{ "type": "Feature", "properties": { "fid": 170169, "CNPJ": "32479473000100", "IDCIDADE": "SAO_PAULO", "NOMEFANTASIA": "BARBARA_DANIELLE_DOS_SANTOS_35365867831", "RAZAOSOCIAL": "SENHORITATRUFADOS@GMAIL.COM", "ENDEE": "RUA_FELIX_DE_OLIVEIRA120__PARQUE_SONIA_08020-040", "LMAPS": "https://www.google.com/maps?q=&layer=c&cbll=-23.5002544,-46.4439066", "O_QUE_FAZER": "FINALIZADO", "ER_REGIAO_CIDADE_min": "Capital Leste II_São Miguel" }, "geometry": { "type": "Point", "coordinates": [ -46.4439066, -23.5002544 ] } },
{ "type": "Feature", "properties": { "fid": 170331, "CNPJ": "32515748000113", "IDCIDADE": "SAO_PAULO", "NOMEFANTASIA": "AGP_SERVICOS_E_SOLUCOES_LTDA", "RAZAOSOCIAL": "AGP_VISUAL", "ENDEE": "RUA_SANTA_BERNADETE22__JARDIM_NAIR_08071-280", "LMAPS": "https://www.google.com/maps?q=&layer=c&cbll=-23.491075,-46.4515424", "O_QUE_FAZER": "FINALIZADO", "ER_REGIAO_CIDADE_min": "Capital Leste II_São Miguel" }, "geometry": { "type": "Point", "coordinates": [ -46.4515424, -23.491075 ] } },
{ "type": "Feature", "properties": { "fid": 170692, "CNPJ": "32592538000129", "IDCIDADE": "SAO_PAULO", "NOMEFANTASIA": "OFICINA_DO_WESLEY", "RAZAOSOCIAL": "OFICINA_DO_WESLEY_SISTEMAS_DE_DIRECAO_LTDA", "ENDEE": "AVENIDA_AFONSO_LOPES_DE_BAIAO729__VILA_CAROLINA_08040-000", "LMAPS": "https://www.google.com/maps?q=&layer=c&cbll=-23.501359,-46.4479917", "O_QUE_FAZER": "CARTEIRA", "ER_REGIAO_CIDADE_min": "Capital Leste II_São Miguel" }, "geometry": { "type": "Point", "coordinates": [ -46.4479917, -23.501359 ] } },
{ "type": "Feature", "properties": { "fid": 170770, "CNPJ": "32608680000117", "IDCIDADE": "SAO_PAULO", "NOMEFANTASIA": "ALEX_ROGERIO_CARLETO_CALCADOS", "RAZAOSOCIAL": "BANANA_SHOCK", "ENDEE": "AVENIDA_MARECHAL_TITO1069__SAO_MIGUEL_PAULISTA_08115-000", "LMAPS": "https://www.google.com/maps?q=&layer=c&cbll=-23.495009,-46.4354146", "O_QUE_FAZER": "FINALIZADO", "ER_REGIAO_CIDADE_min": "Capital Leste II_São Miguel" }, "geometry": { "type": "Point", "coordinates": [ -46.4354146, -23.495009 ] } },
{ "type": "Feature", "properties": { "fid": 172930, "CNPJ": "33039781000187", "IDCIDADE": "SAO_PAULO", "NOMEFANTASIA": "OPTICA_DA_VILLA", "RAZAOSOCIAL": "ANA_CAROLINA_TORRECILHAS", "ENDEE": "AVENIDA_PIRES_DO_RIO2647__JARDIM_NORMA_08041-000", "LMAPS": "https://www.google.com/maps?q=&layer=c&cbll=-23.5200556,-46.4440343", "O_QUE_FAZER": "APLICAR T2", "ER_REGIAO_CIDADE_min": "Capital Leste II_São Miguel" }, "geometry": { "type": "Point", "coordinates": [ -46.4440343, -23.5200556 ] } },
{ "type": "Feature", "properties": { "fid": 173564, "CNPJ": "33158377000122", "IDCIDADE": "SAO_PAULO", "NOMEFANTASIA": "MINI_MERCADO_DUDA", "RAZAOSOCIAL": "F_H_FILHO_MERCADO", "ENDEE": "RUA_ERVA_GALEGA335__VILA_PROGRESSO_08240-600", "LMAPS": "https://www.google.com/maps?q=&layer=c&cbll=-23.5193954,-46.4372533", "O_QUE_FAZER": "CARTEIRA", "ER_REGIAO_CIDADE_min": "Capital Leste II_São Miguel" }, "geometry": { "type": "Point", "coordinates": [ -46.4372533, -23.5193954 ] } },
{ "type": "Feature", "properties": { "fid": 173768, "CNPJ": "33191815000154", "IDCIDADE": "SAO_PAULO", "NOMEFANTASIA": "LOJA_KING", "RAZAOSOCIAL": "KING_DEPARTAMENTO_E_PRESENTES_LTDA", "ENDEE": "AVENIDA_MARECHAL_TITO934__SAO_MIGUEL_PAULISTA_08010-090", "LMAPS": "https://www.google.com/maps?q=&layer=c&cbll=-23.4952293,-46.4372096", "O_QUE_FAZER": "CARTEIRA", "ER_REGIAO_CIDADE_min": "Capital Leste II_São Miguel" }, "geometry": { "type": "Point", "coordinates": [ -46.4372096, -23.4952293 ] } },
{ "type": "Feature", "properties": { "fid": 176719, "CNPJ": "33750585000116", "IDCIDADE": "SAO_PAULO", "NOMEFANTASIA": "PATOLLO_VARIEDADES", "RAZAOSOCIAL": "PATOLLO_VARIEDADES_LTDA", "ENDEE": "AVENIDA_MARECHAL_TITO493__SAO_MIGUEL_PAULISTA_08010-090", "LMAPS": "https://www.google.com/maps?q=&layer=c&cbll=-23.4934621,-46.4407267", "O_QUE_FAZER": "CARTEIRA", "ER_REGIAO_CIDADE_min": "Capital Leste II_São Miguel" }, "geometry": { "type": "Point", "coordinates": [ -46.4407267, -23.4934621 ] } },
{ "type": "Feature", "properties": { "fid": 177141, "CNPJ": "33831221000160", "IDCIDADE": "SAO_PAULO", "NOMEFANTASIA": "BRU_SANT'S_FOTOGRAFIA_ ", "RAZAOSOCIAL": "RICARDO_DIAS_DE_JESUS_ALVES_SANTOS", "ENDEE": "AVENIDA_PIRES_DO_RIO756__VILA_AMERICANA_08020-000", "LMAPS": "https://www.google.com/maps?q=&layer=c&cbll=-23.5030215,-46.4428254", "O_QUE_FAZER": "CARTEIRA", "ER_REGIAO_CIDADE_min": "Capital Leste II_São Miguel" }, "geometry": { "type": "Point", "coordinates": [ -46.4428254, -23.5030215 ] } },
{ "type": "Feature", "properties": { "fid": 178450, "CNPJ": "34081245000102", "IDCIDADE": "SAO_PAULO", "NOMEFANTASIA": "ANDRE_XAVIER_PINHEIRO_22478559897", "RAZAOSOCIAL": "CHAVE_TEC", "ENDEE": "AVENIDA_NORDESTINA20176__CIDADE_NOVA_SAO_MIGUEL_08042-117", "LMAPS": "https://www.google.com/maps?q=&layer=c&cbll=-23.5102313,-46.438081", "O_QUE_FAZER": "FINALIZADO", "ER_REGIAO_CIDADE_min": "Capital Leste II_São Miguel" }, "geometry": { "type": "Point", "coordinates": [ -46.438081, -23.5102313 ] } },
{ "type": "Feature", "properties": { "fid": 178810, "CNPJ": "34164818000161", "IDCIDADE": "SAO_PAULO", "NOMEFANTASIA": "ICOS_-_INSTITUTO_CENTRO_OPTICO_SOLIDARIO", "RAZAOSOCIAL": "ICOS_-_INSTITUTO_CENTRO_OPTICO_SOLIDARIO_LTDA", "ENDEE": "RUA_HENRIQUE_DE_PAULA_FRANCA49__SAO_MIGUEL_PAULISTA_08010-080", "LMAPS": "https://www.google.com/maps?q=&layer=c&cbll=-23.493266,-46.443045", "O_QUE_FAZER": "CARTEIRA", "ER_REGIAO_CIDADE_min": "Capital Leste II_São Miguel" }, "geometry": { "type": "Point", "coordinates": [ -46.443045, -23.493266 ] } },
{ "type": "Feature", "properties": { "fid": 178852, "CNPJ": "34176085000185", "IDCIDADE": "SAO_PAULO", "NOMEFANTASIA": "FLORICULTURA_PIRES_DO_RIO", "RAZAOSOCIAL": "CRISANA_FLORICULTURA_LTDA", "ENDEE": "AVENIDA_PIRES_DO_RIO1468__JARDIM_SAO_SEBASTIAO_08041-000", "LMAPS": "https://www.google.com/maps?q=&layer=c&cbll=-23.5095297,-46.4435817", "O_QUE_FAZER": "CARTEIRA", "ER_REGIAO_CIDADE_min": "Capital Leste II_São Miguel" }, "geometry": { "type": "Point", "coordinates": [ -46.4435817, -23.5095297 ] } },
{ "type": "Feature", "properties": { "fid": 179388, "CNPJ": "34282249000159", "IDCIDADE": "SAO_PAULO", "NOMEFANTASIA": "NOVA_SUPRELIMP", "RAZAOSOCIAL": "ADILSON_SOUZA_BARBOSA", "ENDEE": "RUA_JOAO_CANDIDO_VIEIRA462__CIDADE_SAO_MIGUEL_08040-210", "LMAPS": "https://www.google.com/maps?q=&layer=c&cbll=-23.5035327,-46.4430005", "O_QUE_FAZER": "CARTEIRA", "ER_REGIAO_CIDADE_min": "Capital Leste II_São Miguel" }, "geometry": { "type": "Point", "coordinates": [ -46.4430005, -23.5035327 ] } },
{ "type": "Feature", "properties": { "fid": 180090, "CNPJ": "34408093000100", "IDCIDADE": "SAO_PAULO", "NOMEFANTASIA": "MERCADO_ROCHA", "RAZAOSOCIAL": "LUCIENE_DE_SOUZA_ROCHA", "ENDEE": "RUA_CARDON996__VILA_PROGRESSO_08041-525", "LMAPS": "https://www.google.com/maps?q=&layer=c&cbll=-23.518351,-46.4398501", "O_QUE_FAZER": "CARTEIRA", "ER_REGIAO_CIDADE_min": "Capital Leste II_São Miguel" }, "geometry": { "type": "Point", "coordinates": [ -46.4398501, -23.518351 ] } },
{ "type": "Feature", "properties": { "fid": 180558, "CNPJ": "34500072000110", "IDCIDADE": "SAO_PAULO", "NOMEFANTASIA": "LOJAO_DO_BAIXINHO", "RAZAOSOCIAL": "CICI_BABY_COMERCIO_DE_ARTIGOS_DO_VESTUARIO_LTDA", "ENDEE": "RUA_ARLINDO_COLACO496__SAO_MIGUEL_PAULISTA_08010-010", "LMAPS": "https://www.google.com/maps?q=&layer=c&cbll=-23.4914482,-46.439771", "O_QUE_FAZER": "CARTEIRA", "ER_REGIAO_CIDADE_min": "Capital Leste II_São Miguel" }, "geometry": { "type": "Point", "coordinates": [ -46.439771, -23.4914482 ] } },
{ "type": "Feature", "properties": { "fid": 185058, "CNPJ": "35444984000184", "IDCIDADE": "SAO_PAULO", "NOMEFANTASIA": "MALAGUETA_JEANS", "RAZAOSOCIAL": "MALAGUETA_JEANS_LTDA", "ENDEE": "RUA_SERRA_DOURADA74__SAO_MIGUEL_PAULISTA_08010-000", "LMAPS": "https://www.google.com/maps?q=&layer=c&cbll=-23.4917989,-46.4411733", "O_QUE_FAZER": "CARTEIRA", "ER_REGIAO_CIDADE_min": "Capital Leste II_São Miguel" }, "geometry": { "type": "Point", "coordinates": [ -46.4411733, -23.4917989 ] } },
{ "type": "Feature", "properties": { "fid": 185709, "CNPJ": "35591793000145", "IDCIDADE": "SAO_PAULO", "NOMEFANTASIA": "ALAC_COMERCIO_DE_ALUMINIO_E_VIDROS_ ", "RAZAOSOCIAL": "ALAC_COMERCIO_DE_ALUMINIO_E_VIDROS_LTDA", "ENDEE": "AVENIDA_NORDESTINA1438__VILA_AMERICANA_08021-000", "LMAPS": "https://www.google.com/maps?q=&layer=c&cbll=-23.5057339,-46.4396067", "O_QUE_FAZER": "CARTEIRA", "ER_REGIAO_CIDADE_min": "Capital Leste II_São Miguel" }, "geometry": { "type": "Point", "coordinates": [ -46.4396067, -23.5057339 ] } },
{ "type": "Feature", "properties": { "fid": 186008, "CNPJ": "35651217000146", "IDCIDADE": "SAO_PAULO", "NOMEFANTASIA": "TECIDOS_SANTOS_ANTONIO", "RAZAOSOCIAL": "COMERCIO_DE_TECIDOS_SANTO_ANTONIO_LTDA", "ENDEE": "RUA_SALVADOR_DE_MEDEIROS95__SAO_MIGUEL_PAULISTA_08010-020", "LMAPS": "https://www.google.com/maps?q=&layer=c&cbll=-23.4912011,-46.4435834", "O_QUE_FAZER": "CARTEIRA", "ER_REGIAO_CIDADE_min": "Capital Leste II_São Miguel" }, "geometry": { "type": "Point", "coordinates": [ -46.4435834, -23.4912011 ] } },
{ "type": "Feature", "properties": { "fid": 187502, "CNPJ": "35965572000190", "IDCIDADE": "SAO_PAULO", "NOMEFANTASIA": "EDEN_COZINHA_SAUDAVEL", "RAZAOSOCIAL": "FRANCISCO_GERALDO_SOARES_NOVAIS_RESTAURANTE", "ENDEE": "AVENIDA_NORDESTINA159__VILA_AMERICANA_08011-000", "LMAPS": "https://www.google.com/maps?q=&layer=c&cbll=-23.4931868,-46.4439995", "O_QUE_FAZER": "CARTEIRA", "ER_REGIAO_CIDADE_min": "Capital Leste II_São Miguel" }, "geometry": { "type": "Point", "coordinates": [ -46.4439995, -23.4931868 ] } },
{ "type": "Feature", "properties": { "fid": 187514, "CNPJ": "35967589000186", "IDCIDADE": "SAO_PAULO", "NOMEFANTASIA": "THE_LUCAS_BARBER_LTDA", "RAZAOSOCIAL": "THE_LUCAS_BARBER", "ENDEE": "AVENIDA_PIRES_DO_RIO1040__VILA_VESSONI_08020-000", "LMAPS": "https://www.google.com/maps?q=&layer=c&cbll=-23.5055383,-46.443127", "O_QUE_FAZER": "FINALIZADO", "ER_REGIAO_CIDADE_min": "Capital Leste II_São Miguel" }, "geometry": { "type": "Point", "coordinates": [ -46.443127, -23.5055383 ] } },
{ "type": "Feature", "properties": { "fid": 188377, "CNPJ": "36162250000175", "IDCIDADE": "SAO_PAULO", "NOMEFANTASIA": "NOSSA_LOJA", "RAZAOSOCIAL": "NL.ECOM_COMERCIO_DE_ROUPAS_E_ACESSORIOS_LTDA", "ENDEE": "AVENIDA_MARECHAL_TITO864__SAO_MIGUEL_PAULISTA_08010-170", "LMAPS": "https://www.google.com/maps?q=&layer=c&cbll=-23.4950666,-46.4381332", "O_QUE_FAZER": "CARTEIRA", "ER_REGIAO_CIDADE_min": "Capital Leste II_São Miguel" }, "geometry": { "type": "Point", "coordinates": [ -46.4381332, -23.4950666 ] } },
{ "type": "Feature", "properties": { "fid": 189806, "CNPJ": "36452359000147", "IDCIDADE": "SAO_PAULO", "NOMEFANTASIA": "GOLDEN_HOUSE", "RAZAOSOCIAL": "MACEDO_CALANCA_NEW_HOUSE_MOVEIS_E_DECORACOES_LTDA", "ENDEE": "RUA_MIGUEL_ANGELO_LAPENA51__SAO_MIGUEL_PAULISTA_08010-040", "LMAPS": "https://www.google.com/maps?q=&layer=c&cbll=-23.4928794,-46.4416777", "O_QUE_FAZER": "CARTEIRA", "ER_REGIAO_CIDADE_min": "Capital Leste II_São Miguel" }, "geometry": { "type": "Point", "coordinates": [ -46.4416777, -23.4928794 ] } },
{ "type": "Feature", "properties": { "fid": 189950, "CNPJ": "36484622000180", "IDCIDADE": "SAO_PAULO", "NOMEFANTASIA": "TRATTORIA_DO_VINI", "RAZAOSOCIAL": "TRATTORIA_DO_VINI_RESTAURANTE_LTDA", "ENDEE": "RUA_AMADEU_GAMBERINI283__VILA_AMERICANA_08010-110", "LMAPS": "https://www.google.com/maps?q=&layer=c&cbll=-23.4958793,-46.4419138", "O_QUE_FAZER": "CARTEIRA", "ER_REGIAO_CIDADE_min": "Capital Leste II_São Miguel" }, "geometry": { "type": "Point", "coordinates": [ -46.4419138, -23.4958793 ] } },
{ "type": "Feature", "properties": { "fid": 190197, "CNPJ": "36535156000114", "IDCIDADE": "SAO_PAULO", "NOMEFANTASIA": "CARAGAGEM_CAR", "RAZAOSOCIAL": "CARANGAGEN_CAR_VEICULOS_MULTIMARCAS_LTDA", "ENDEE": "AVENIDA_PIRES_DO_RIO972__VILA_AMERICANA_08020-000", "LMAPS": "https://www.google.com/maps?q=&layer=c&cbll=-23.5049666,-46.4431388", "O_QUE_FAZER": "CARTEIRA", "ER_REGIAO_CIDADE_min": "Capital Leste II_São Miguel" }, "geometry": { "type": "Point", "coordinates": [ -46.4431388, -23.5049666 ] } },
{ "type": "Feature", "properties": { "fid": 190283, "CNPJ": "36554486000157", "IDCIDADE": "SAO PAULO", "NOMEFANTASIA": "-", "RAZAOSOCIAL": "36.554.486_RAPHAEL_DE_MIRANDA_SANTOS", "ENDEE": "RUA PRAIA DO PINHAO, 46, JARDIM BEATRIZ (ZONA LESTE), 08245-360, SÃO PAULO, SP, BRASIL", "LMAPS": "https://www.google.com/maps?q=&layer=c&cbll=-23.5204276,-46.4318936", "O_QUE_FAZER": "CARTEIRA - FAMPE", "ER_REGIAO_CIDADE_min": "Capital Leste II_São Miguel" }, "geometry": { "type": "Point", "coordinates": [ -46.4318936, -23.5204276 ] } },
{ "type": "Feature", "properties": { "fid": 190949, "CNPJ": "36674467000164", "IDCIDADE": "SAO_PAULO", "NOMEFANTASIA": "TELHADOS_CAMPOS", "RAZAOSOCIAL": "TELHADOS_E_SERRALHERIA_CAMPOS_LTDA", "ENDEE": "AVENIDA_DEOCLECIANO_ALVES_PEREIRA11__VILA_ROSARIA_08021-400", "LMAPS": "https://www.google.com/maps?q=&layer=c&cbll=-23.5039998,-46.4394068", "O_QUE_FAZER": "CARTEIRA", "ER_REGIAO_CIDADE_min": "Capital Leste II_São Miguel" }, "geometry": { "type": "Point", "coordinates": [ -46.4394068, -23.5039998 ] } },
{ "type": "Feature", "properties": { "fid": 191516, "CNPJ": "36863557000101", "IDCIDADE": "SAO_PAULO", "NOMEFANTASIA": "ELITE_COMERCIO_DE_ARTIGOS_DO_VESTUARIO_E_CALCADOS_LTDA", "RAZAOSOCIAL": "ELITE_CALCADOS", "ENDEE": "RUA_JOSE_OTONI80__SAO_MIGUEL_PAULISTA_08010-290", "LMAPS": "https://www.google.com/maps?q=&layer=c&cbll=-23.4931752,-46.4400555", "O_QUE_FAZER": "FINALIZADO", "ER_REGIAO_CIDADE_min": "Capital Leste II_São Miguel" }, "geometry": { "type": "Point", "coordinates": [ -46.4400555, -23.4931752 ] } },
{ "type": "Feature", "properties": { "fid": 192554, "CNPJ": "37157573000133", "IDCIDADE": "SAO_PAULO", "NOMEFANTASIA": "ALENCAR_SP_MULTIMARCAS_ ", "RAZAOSOCIAL": "PAULO_PRUDENCIO_ALENCAR_AUTOMOVEIS", "ENDEE": "AVENIDA_NORDESTINA4399__CIDADE_NOVA_SAO_MIGUEL_08042-000", "LMAPS": "https://www.google.com/maps?q=&layer=c&cbll=-23.5077037,-46.4393369", "O_QUE_FAZER": "CARTEIRA", "ER_REGIAO_CIDADE_min": "Capital Leste II_São Miguel" }, "geometry": { "type": "Point", "coordinates": [ -46.4393369, -23.5077037 ] } },
{ "type": "Feature", "properties": { "fid": 194204, "CNPJ": "37539799000107", "IDCIDADE": "SAO_PAULO", "NOMEFANTASIA": "RK_OUTLET_DOS_ELETRONICOS", "RAZAOSOCIAL": "REGINALDO_PEREIRA_SOUZA_36467129881", "ENDEE": "AVENIDA_MARECHAL_TITO917__SAO_MIGUEL_PAULISTA_08010-090", "LMAPS": "https://www.google.com/maps?q=&layer=c&cbll=-23.4949629,-46.4369336", "O_QUE_FAZER": "CARTEIRA", "ER_REGIAO_CIDADE_min": "Capital Leste II_São Miguel" }, "geometry": { "type": "Point", "coordinates": [ -46.4369336, -23.4949629 ] } },
{ "type": "Feature", "properties": { "fid": 194881, "CNPJ": "37666655000103", "IDCIDADE": "SAO_PAULO", "NOMEFANTASIA": "MEGA_CELL_LTDA", "RAZAOSOCIAL": "MEGA_CELL_ASSISTENCIA_TECNICA_E_ACESSORIOS_PARA_CELULAR_LTDA", "ENDEE": "RUA_TENENTE_LUIS_FERNANDO_LOBO137__SAO_MIGUEL_PAULISTA_08010-060", "LMAPS": "https://www.google.com/maps?q=&layer=c&cbll=-23.4919702,-46.4424083", "O_QUE_FAZER": "CARTEIRA", "ER_REGIAO_CIDADE_min": "Capital Leste II_São Miguel" }, "geometry": { "type": "Point", "coordinates": [ -46.4424083, -23.4919702 ] } },
{ "type": "Feature", "properties": { "fid": 195173, "CNPJ": "37718868000131", "IDCIDADE": "SAO_PAULO", "NOMEFANTASIA": "DONNA_BRISA_MODA", "RAZAOSOCIAL": "DONNA_BRISA_MODA_E_CONFECCAO_LTDA", "ENDEE": "AVENIDA_MARECHAL_TITO163__VILA_AMERICANA_08010-090", "LMAPS": "https://www.google.com/maps?q=&layer=c&cbll=-23.4932491,-46.4439694", "O_QUE_FAZER": "CARTEIRA", "ER_REGIAO_CIDADE_min": "Capital Leste II_São Miguel" }, "geometry": { "type": "Point", "coordinates": [ -46.4439694, -23.4932491 ] } },
{ "type": "Feature", "properties": { "fid": 195557, "CNPJ": "37787221000161", "IDCIDADE": "SAO_PAULO", "NOMEFANTASIA": "MASETTI_AUTOMOVEIS", "RAZAOSOCIAL": "MASETTI_AUTOMOVEIS_VEICULOS_LTDA", "ENDEE": "AVENIDA_NORDESTINA1797__CIDADE_NOVA_SAO_MIGUEL_08021-000", "LMAPS": "https://www.google.com/maps?q=&layer=c&cbll=-23.5076613,-46.4392141", "O_QUE_FAZER": "CARTEIRA", "ER_REGIAO_CIDADE_min": "Capital Leste II_São Miguel" }, "geometry": { "type": "Point", "coordinates": [ -46.4392141, -23.5076613 ] } },
{ "type": "Feature", "properties": { "fid": 196265, "CNPJ": "37919767000129", "IDCIDADE": "SAO_PAULO", "NOMEFANTASIA": "JL_MULTIMARCAS", "RAZAOSOCIAL": "JL_MULTIMARCAS_COMERCIO_DE_VEICULOS_LTDA", "ENDEE": "AVENIDA_PIRES_DO_RIO667__VILA_AMERICANA_08020-000", "LMAPS": "https://www.google.com/maps?q=&layer=c&cbll=-23.5023717,-46.4424909", "O_QUE_FAZER": "CARTEIRA", "ER_REGIAO_CIDADE_min": "Capital Leste II_São Miguel" }, "geometry": { "type": "Point", "coordinates": [ -46.4424909, -23.5023717 ] } },
{ "type": "Feature", "properties": { "fid": 196687, "CNPJ": "37992048000133", "IDCIDADE": "SAO_PAULO", "NOMEFANTASIA": "37.992.048_PAULO_JOSE_DE_SOUZA_ALVES", "RAZAOSOCIAL": "CUSTOMIZE_SOLUCOES_AUTOMOTIVOS", "ENDEE": "RUA_MARCION586__JARDIM_LAJEADO_08041-500", "LMAPS": "https://www.google.com/maps?q=&layer=c&cbll=-23.5143308,-46.4356742", "O_QUE_FAZER": "FINALIZADO", "ER_REGIAO_CIDADE_min": "Capital Leste II_São Miguel" }, "geometry": { "type": "Point", "coordinates": [ -46.4356742, -23.5143308 ] } },
{ "type": "Feature", "properties": { "fid": 196975, "CNPJ": "38046549000190", "IDCIDADE": "SAO_PAULO", "NOMEFANTASIA": "KOMFORTHOUSE_SOFAS_LTDA", "RAZAOSOCIAL": "CONFORT_HOUSE", "ENDEE": "AVENIDA_MARECHAL_TITO1401__SAO_MIGUEL_PAULISTA_08115-000", "LMAPS": "https://www.google.com/maps?q=&layer=c&cbll=-23.4951391,-46.4321496", "O_QUE_FAZER": "FINALIZADO", "ER_REGIAO_CIDADE_min": "Capital Leste II_São Miguel" }, "geometry": { "type": "Point", "coordinates": [ -46.4321496, -23.4951391 ] } },
{ "type": "Feature", "properties": { "fid": 197717, "CNPJ": "38181404000100", "IDCIDADE": "SAO_PAULO", "NOMEFANTASIA": "DIRETO_DO_FORNO_BOLATERIA", "RAZAOSOCIAL": "DIRETO_DO_FORNO_BOLATERIA_LTDA", "ENDEE": "AVENIDA_PIRES_DO_RIO990__VILA_AMERICANA_08020-000", "LMAPS": "https://www.google.com/maps?q=&layer=c&cbll=-23.5052492,-46.443063", "O_QUE_FAZER": "CARTEIRA", "ER_REGIAO_CIDADE_min": "Capital Leste II_São Miguel" }, "geometry": { "type": "Point", "coordinates": [ -46.443063, -23.5052492 ] } },
{ "type": "Feature", "properties": { "fid": 197949, "CNPJ": "38228592000176", "IDCIDADE": "SAO PAULO", "NOMEFANTASIA": "RENATA__FURLAN", "RAZAOSOCIAL": "RENATA_FURLAN_19349255863", "ENDEE": "AVENIDA ANTÔNIO BERNARDO SILVESTRE, 501, VILA SÃO SILVESTRE, 08011-390, SÃO PAULO, SP, BRASIL", "LMAPS": "https://www.google.com/maps?q=&layer=c&cbll=-23.4982585,-46.447209", "O_QUE_FAZER": "FINALIZADO", "ER_REGIAO_CIDADE_min": "Capital Leste II_São Miguel" }, "geometry": { "type": "Point", "coordinates": [ -46.447209, -23.4982585 ] } },
{ "type": "Feature", "properties": { "fid": 198372, "CNPJ": "38310476000100", "IDCIDADE": "SAO_PAULO", "NOMEFANTASIA": "MARMORARIA_NORDESTINA_PORTE_ME_ ", "RAZAOSOCIAL": "MARMORARIA_NORDESTINA_LTDA", "ENDEE": "AVENIDA_NORDESTINA2014__CIDADE_NOVA_SAO_MIGUEL_08042-000", "LMAPS": "https://www.google.com/maps?q=&layer=c&cbll=-23.510391,-46.4383227", "O_QUE_FAZER": "CARTEIRA", "ER_REGIAO_CIDADE_min": "Capital Leste II_São Miguel" }, "geometry": { "type": "Point", "coordinates": [ -46.4383227, -23.510391 ] } },
{ "type": "Feature", "properties": { "fid": 199838, "CNPJ": "38905568000124", "IDCIDADE": "SAO_PAULO", "NOMEFANTASIA": "JR_ESCAPAMENTOS", "RAZAOSOCIAL": "IMPERIAL_GIRO_AUTO_PECAS_LTDA", "ENDEE": "AVENIDA_NORDESTINA2491__CIDADE_NOVA_SAO_MIGUEL_08021-000", "LMAPS": "https://www.google.com/maps?q=&layer=c&cbll=-23.5121607,-46.43455", "O_QUE_FAZER": "CARTEIRA", "ER_REGIAO_CIDADE_min": "Capital Leste II_São Miguel" }, "geometry": { "type": "Point", "coordinates": [ -46.43455, -23.5121607 ] } },
{ "type": "Feature", "properties": { "fid": 199975, "CNPJ": "38969432000188", "IDCIDADE": "SAO_PAULO", "NOMEFANTASIA": "HARAGUCHI", "RAZAOSOCIAL": "MASANOBU_NAKASHIMA_&_CIA_LTDA", "ENDEE": "AVENIDA_PIRES_DO_RIO840__VILA_AMERICANA_08020-000", "LMAPS": "https://www.google.com/maps?q=&layer=c&cbll=-23.5038059,-46.4430635", "O_QUE_FAZER": "CARTEIRA", "ER_REGIAO_CIDADE_min": "Capital Leste II_São Miguel" }, "geometry": { "type": "Point", "coordinates": [ -46.4430635, -23.5038059 ] } },
{ "type": "Feature", "properties": { "fid": 199998, "CNPJ": "38985669000152", "IDCIDADE": "SAO_PAULO", "NOMEFANTASIA": "LANCHONETE_ESTILO", "RAZAOSOCIAL": "SANDWICHE_PASTEL_&_SIMILARES_LTDA", "ENDEE": "RUA_JOSE_OTONI94__SAO_MIGUEL_PAULISTA_08010-290", "LMAPS": "https://www.google.com/maps?q=&layer=c&cbll=-23.4929991,-46.4398974", "O_QUE_FAZER": "CARTEIRA", "ER_REGIAO_CIDADE_min": "Capital Leste II_São Miguel" }, "geometry": { "type": "Point", "coordinates": [ -46.4398974, -23.4929991 ] } },
{ "type": "Feature", "properties": { "fid": 200150, "CNPJ": "39153181000121", "IDCIDADE": "SAO_PAULO", "NOMEFANTASIA": "NEW_OPEN_FIT", "RAZAOSOCIAL": "ACADEMIA_NEW_OPEN_FIT_LTDA", "ENDEE": "AVENIDA_PIRES_DO_RIO1028__VILA_AMERICANA_08020-000", "LMAPS": "https://www.google.com/maps?q=&layer=c&cbll=-23.5053684,-46.4431988", "O_QUE_FAZER": "CARTEIRA", "ER_REGIAO_CIDADE_min": "Capital Leste II_São Miguel" }, "geometry": { "type": "Point", "coordinates": [ -46.4431988, -23.5053684 ] } },
{ "type": "Feature", "properties": { "fid": 200551, "CNPJ": "39297287000107", "IDCIDADE": "SAO_PAULO", "NOMEFANTASIA": "A&E_MULTIMARCAS", "RAZAOSOCIAL": "A_&_E_MULTIMARCAS_LTDA", "ENDEE": "AVENIDA_NORDESTINA2403__CIDADE_NOVA_SAO_MIGUEL_08021-000", "LMAPS": "https://www.google.com/maps?q=&layer=c&cbll=-23.5119395,-46.4353383", "O_QUE_FAZER": "CARTEIRA", "ER_REGIAO_CIDADE_min": "Capital Leste II_São Miguel" }, "geometry": { "type": "Point", "coordinates": [ -46.4353383, -23.5119395 ] } },
{ "type": "Feature", "properties": { "fid": 200629, "CNPJ": "39310635000120", "IDCIDADE": "SAO_PAULO", "NOMEFANTASIA": "FACIL_MOBILIA", "RAZAOSOCIAL": "TOP_7_SEVEN_COMERCIO_E_DISTRIBUIDORA_LTDA", "ENDEE": "RUA_JOSE_OTONI189__SAO_MIGUEL_PAULISTA_08010-290", "LMAPS": "https://www.google.com/maps?q=&layer=c&cbll=-23.4920424,-46.4396286", "O_QUE_FAZER": "CARTEIRA", "ER_REGIAO_CIDADE_min": "Capital Leste II_São Miguel" }, "geometry": { "type": "Point", "coordinates": [ -46.4396286, -23.4920424 ] } },
{ "type": "Feature", "properties": { "fid": 200854, "CNPJ": "39357274000178", "IDCIDADE": "SAO_PAULO", "NOMEFANTASIA": "PIRIKET_MAGAZINE", "RAZAOSOCIAL": "PIRIKET_MAGAZINE_LTDA", "ENDEE": "RUA_SALVADOR_DE_MEDEIROS123__SAO_MIGUEL_PAULISTA_08010-020", "LMAPS": "https://www.google.com/maps?q=&layer=c&cbll=-23.4910566,-46.4433663", "O_QUE_FAZER": "CARTEIRA", "ER_REGIAO_CIDADE_min": "Capital Leste II_São Miguel" }, "geometry": { "type": "Point", "coordinates": [ -46.4433663, -23.4910566 ] } },
{ "type": "Feature", "properties": { "fid": 201543, "CNPJ": "39492773000178", "IDCIDADE": "SAO PAULO", "NOMEFANTASIA": null, "RAZAOSOCIAL": "GLEIDE_NOGUEIRA_DE_SOUZA_03383583589", "ENDEE": "RUA ARLINDO COLACO, 463, BOX 33, SAO MIGUEL PAULISTA, 08010-010, SÃO PAULO, SP, BRASIL", "LMAPS": "https://www.google.com/maps?q=&layer=c&cbll=-23.4916834,-46.4402628", "O_QUE_FAZER": "CARTEIRA - FAMPE", "ER_REGIAO_CIDADE_min": "Capital Leste II_São Miguel" }, "geometry": { "type": "Point", "coordinates": [ -46.4402628, -23.4916834 ] } },
{ "type": "Feature", "properties": { "fid": 204175, "CNPJ": "40053923000126", "IDCIDADE": "SAO_PAULO", "NOMEFANTASIA": "TJ_STORE", "RAZAOSOCIAL": "THALITA_JHULIE_ARAUJO_DE_MELO", "ENDEE": "RUA_MOACIR_DANTAS_ITAPICURU811__CIDADE_NOVA_SAO_MIGUEL_08042-212", "LMAPS": "https://www.google.com/maps?q=&layer=c&cbll=-23.5055616,-46.4343327", "O_QUE_FAZER": "CARTEIRA", "ER_REGIAO_CIDADE_min": "Capital Leste II_São Miguel" }, "geometry": { "type": "Point", "coordinates": [ -46.4343327, -23.5055616 ] } },
{ "type": "Feature", "properties": { "fid": 205375, "CNPJ": "40376622000133", "IDCIDADE": "SAO_PAULO", "NOMEFANTASIA": "AMARILIS", "RAZAOSOCIAL": "ROBERTO_JOSE_DO_NASCIMENTO", "ENDEE": "AVENIDA_NORDESTINA1835__CIDADE_NOVA_SAO_MIGUEL_08042-000", "LMAPS": "https://www.google.com/maps?q=&layer=c&cbll=-23.5108878,-46.4375403", "O_QUE_FAZER": "CARTEIRA", "ER_REGIAO_CIDADE_min": "Capital Leste II_São Miguel" }, "geometry": { "type": "Point", "coordinates": [ -46.4375403, -23.5108878 ] } },
{ "type": "Feature", "properties": { "fid": 206253, "CNPJ": "40616461000108", "IDCIDADE": "SAO_PAULO", "NOMEFANTASIA": "OKUMA", "RAZAOSOCIAL": "LK_-_COMERCIO_DE_PECAS_E_SERVICOS_LTDA", "ENDEE": "RUA_AMADEU_GAMBERINI393__VILA_AMERICANA_08010-110", "LMAPS": "https://www.google.com/maps?q=&layer=c&cbll=-23.4959869,-46.4421133", "O_QUE_FAZER": "CARTEIRA", "ER_REGIAO_CIDADE_min": "Capital Leste II_São Miguel" }, "geometry": { "type": "Point", "coordinates": [ -46.4421133, -23.4959869 ] } },
{ "type": "Feature", "properties": { "fid": 206964, "CNPJ": "40804185000101", "IDCIDADE": "SAO_PAULO", "NOMEFANTASIA": "LEVARE_LINGERIE", "RAZAOSOCIAL": "LEVARE_DOIS_LINGERIE_E_ACESSORIOS_LTDA", "ENDEE": "AVENIDA_MARECHAL_TITO905__SAO_MIGUEL_PAULISTA_08010-090", "LMAPS": "https://www.google.com/maps?q=&layer=c&cbll=-23.4949896,-46.4369673", "O_QUE_FAZER": "CARTEIRA", "ER_REGIAO_CIDADE_min": "Capital Leste II_São Miguel" }, "geometry": { "type": "Point", "coordinates": [ -46.4369673, -23.4949896 ] } },
{ "type": "Feature", "properties": { "fid": 208834, "CNPJ": "41280315000117", "IDCIDADE": "SAO_PAULO", "NOMEFANTASIA": "FILTI_MARCENARIA_LTDA", "RAZAOSOCIAL": "FILTI_MARCENARIA_LTDA", "ENDEE": "RUA_CARDON938__VILA_PROGRESSO_08041-525", "LMAPS": "https://www.google.com/maps?q=&layer=c&cbll=-23.5179881,-46.439516", "O_QUE_FAZER": "CARTEIRA", "ER_REGIAO_CIDADE_min": "Capital Leste II_São Miguel" }, "geometry": { "type": "Point", "coordinates": [ -46.439516, -23.5179881 ] } },
{ "type": "Feature", "properties": { "fid": 209383, "CNPJ": "41432495000296", "IDCIDADE": "SAO_PAULO", "NOMEFANTASIA": "PET_CENTER", "RAZAOSOCIAL": "NORDESTINA_PET_CENTER_LTDA", "ENDEE": "AVENIDA_PIRES_DO_RIO2322__JARDIM_SAO_SEBASTIAO_08041-000", "LMAPS": "https://www.google.com/maps?q=&layer=c&cbll=-23.5174149,-46.44383", "O_QUE_FAZER": "CARTEIRA", "ER_REGIAO_CIDADE_min": "Capital Leste II_São Miguel" }, "geometry": { "type": "Point", "coordinates": [ -46.44383, -23.5174149 ] } },
{ "type": "Feature", "properties": { "fid": 210544, "CNPJ": "41722782000150", "IDCIDADE": "SAO_PAULO", "NOMEFANTASIA": "KJ_MATERIAIS", "RAZAOSOCIAL": "KJ_MATERIAIS_PARA_CONSTRUCAO_LTDA", "ENDEE": "AVENIDA_NORDESTINA1132__VILA_AMERICANA_08021-000", "LMAPS": "https://www.google.com/maps?q=&layer=c&cbll=-23.5026921,-46.4399594", "O_QUE_FAZER": "CARTEIRA", "ER_REGIAO_CIDADE_min": "Capital Leste II_São Miguel" }, "geometry": { "type": "Point", "coordinates": [ -46.4399594, -23.5026921 ] } },
{ "type": "Feature", "properties": { "fid": 212042, "CNPJ": "42060471000135", "IDCIDADE": "SAO_PAULO", "NOMEFANTASIA": "EMPORIO_SAO_MIGUEL", "RAZAOSOCIAL": "A_S_EMPORIO_SAO_MIGUEL_LTDA", "ENDEE": "RUA_SALVADOR_DE_MEDEIROS71__SAO_MIGUEL_PAULISTA_08010-020", "LMAPS": "https://www.google.com/maps?q=&layer=c&cbll=-23.4913835,-46.4437371", "O_QUE_FAZER": "CARTEIRA", "ER_REGIAO_CIDADE_min": "Capital Leste II_São Miguel" }, "geometry": { "type": "Point", "coordinates": [ -46.4437371, -23.4913835 ] } },
{ "type": "Feature", "properties": { "fid": 212735, "CNPJ": "42205877000169", "IDCIDADE": "SAO_PAULO", "NOMEFANTASIA": "A_SEDUTORA_STORE", "RAZAOSOCIAL": "EMILLYN_FERREIRA_DA_SILVA_42975134800", "ENDEE": "RUA_SALVADOR_DE_MEDEIROS258__SAO_MIGUEL_PAULISTA_08010-020", "LMAPS": "https://www.google.com/maps?q=&layer=c&cbll=-23.49111,-46.4429716", "O_QUE_FAZER": "CARTEIRA", "ER_REGIAO_CIDADE_min": "Capital Leste II_São Miguel" }, "geometry": { "type": "Point", "coordinates": [ -46.4429716, -23.49111 ] } },
{ "type": "Feature", "properties": { "fid": 213670, "CNPJ": "42427355000101", "IDCIDADE": "SAO_PAULO", "NOMEFANTASIA": "A_FAVORITA_LINGERIE", "RAZAOSOCIAL": "A_FAVORITA_LINGERIE_LTDA", "ENDEE": "RUA_ARLINDO_COLACO505__SAO_MIGUEL_PAULISTA_08010-010", "LMAPS": "https://www.google.com/maps?q=&layer=c&cbll=-23.4913864,-46.4399201", "O_QUE_FAZER": "FINALIZADO", "ER_REGIAO_CIDADE_min": "Capital Leste II_São Miguel" }, "geometry": { "type": "Point", "coordinates": [ -46.4399201, -23.4913864 ] } },
{ "type": "Feature", "properties": { "fid": 213908, "CNPJ": "42475883000136", "IDCIDADE": "SAO_PAULO", "NOMEFANTASIA": "HAMBURGUERIA_TEXAS_ROMANO_ ", "RAZAOSOCIAL": "HAMBURGUERIA_TEXAS_ROMANO", "ENDEE": "AVENIDA_PIRES_DO_RIO2433__JARDIM_SAO_SEBASTIAO_08041-000", "LMAPS": "https://www.google.com/maps?q=&layer=c&cbll=-23.5180418,-46.4436919", "O_QUE_FAZER": "CARTEIRA", "ER_REGIAO_CIDADE_min": "Capital Leste II_São Miguel" }, "geometry": { "type": "Point", "coordinates": [ -46.4436919, -23.5180418 ] } },
{ "type": "Feature", "properties": { "fid": 214579, "CNPJ": "42623440000145", "IDCIDADE": "SAO_PAULO", "NOMEFANTASIA": "LIDE_CALCALDOS", "RAZAOSOCIAL": "LEONIO_SILVA_DE_SOUZA", "ENDEE": "RUA_CAPITAO_FRANCISCO_ISAIAS_DE_CARVALHO167__SAO_MIGUEL_PAULISTA_08010-030", "LMAPS": "https://www.google.com/maps?q=&layer=c&cbll=-23.4916942,-46.4417587", "O_QUE_FAZER": "CARTEIRA", "ER_REGIAO_CIDADE_min": "Capital Leste II_São Miguel" }, "geometry": { "type": "Point", "coordinates": [ -46.4417587, -23.4916942 ] } },
{ "type": "Feature", "properties": { "fid": 214631, "CNPJ": "42636946000199", "IDCIDADE": "SAO_PAULO", "NOMEFANTASIA": "KIDTOSK", "RAZAOSOCIAL": "SANDRIELE_KIDS_LTDA", "ENDEE": "AVENIDA_MARECHAL_TITO726__SAO_MIGUEL_PAULISTA_08010-090", "LMAPS": "https://www.google.com/maps?q=&layer=c&cbll=-23.4943028,-46.4391298", "O_QUE_FAZER": "CARTEIRA", "ER_REGIAO_CIDADE_min": "Capital Leste II_São Miguel" }, "geometry": { "type": "Point", "coordinates": [ -46.4391298, -23.4943028 ] } },
{ "type": "Feature", "properties": { "fid": 214990, "CNPJ": "42732340000157", "IDCIDADE": "SAO_PAULO", "NOMEFANTASIA": "CAMISARIA_PAI_E_FILHO", "RAZAOSOCIAL": "EUGENIA_DOS_SANTOS_ALMEIDA_LTDA", "ENDEE": "RUA_SALVADOR_DE_MEDEIROS161__SAO_MIGUEL_PAULISTA_08010-020", "LMAPS": "https://www.google.com/maps?q=&layer=c&cbll=-23.4910181,-46.4429676", "O_QUE_FAZER": "CARTEIRA", "ER_REGIAO_CIDADE_min": "Capital Leste II_São Miguel" }, "geometry": { "type": "Point", "coordinates": [ -46.4429676, -23.4910181 ] } },
{ "type": "Feature", "properties": { "fid": 215188, "CNPJ": "42776158000106", "IDCIDADE": "SAO_PAULO", "NOMEFANTASIA": "JABA_BRASIL", "RAZAOSOCIAL": "JABA_BRASIL_EMPORIO_LTDA", "ENDEE": "AVENIDA_MARECHAL_TITO965__ITAIM_PAULISTA_08115-100", "LMAPS": "https://www.google.com/maps?q=&layer=c&cbll=-23.4948562,-46.4363825", "O_QUE_FAZER": "CARTEIRA", "ER_REGIAO_CIDADE_min": "Capital Leste II_São Miguel" }, "geometry": { "type": "Point", "coordinates": [ -46.4363825, -23.4948562 ] } },
{ "type": "Feature", "properties": { "fid": 216986, "CNPJ": "43150012000105", "IDCIDADE": "SAO_PAULO", "NOMEFANTASIA": "LESTE_MUSICAL", "RAZAOSOCIAL": "SANTANA_E_SILVA_INSTRUMENTOS_MUSICAIS_LTDA", "ENDEE": "RUA_LUIS_PICOLO5__CIDADE_NITRO_OPERARIA_08010-320", "LMAPS": "https://www.google.com/maps?q=&layer=c&cbll=-23.493968,-46.4381466", "O_QUE_FAZER": "CARTEIRA", "ER_REGIAO_CIDADE_min": "Capital Leste II_São Miguel" }, "geometry": { "type": "Point", "coordinates": [ -46.4381466, -23.493968 ] } },
{ "type": "Feature", "properties": { "fid": 217276, "CNPJ": "43207671000130", "IDCIDADE": "SAO PAULO", "NOMEFANTASIA": "-", "RAZAOSOCIAL": "43.207.671_LUCIVANIA_ARAUJO_VIDAL", "ENDEE": "RUA DOUTOR MIGUEL DO VAL, 309, VILA CAROLINA, 08040-170, SÃO PAULO, SP, BRASIL", "LMAPS": "https://www.google.com/maps?q=&layer=c&cbll=-23.5051113,-46.4460224", "O_QUE_FAZER": "CARTEIRA - FAMPE", "ER_REGIAO_CIDADE_min": "Capital Leste II_São Miguel" }, "geometry": { "type": "Point", "coordinates": [ -46.4460224, -23.5051113 ] } },
{ "type": "Feature", "properties": { "fid": 217928, "CNPJ": "43339343000198", "IDCIDADE": "SAO_PAULO", "NOMEFANTASIA": "IMPERIO_BOLSAS", "RAZAOSOCIAL": "IMPERIO_BOLSAS_&_VARIEDADES_LTDA", "ENDEE": "RUA_BERALDO_MARCONDES277__SAO_MIGUEL_PAULISTA_08010-070", "LMAPS": "https://www.google.com/maps?q=&layer=c&cbll=-23.4930823,-46.4422785", "O_QUE_FAZER": "CARTEIRA", "ER_REGIAO_CIDADE_min": "Capital Leste II_São Miguel" }, "geometry": { "type": "Point", "coordinates": [ -46.4422785, -23.4930823 ] } },
{ "type": "Feature", "properties": { "fid": 218593, "CNPJ": "43468994000188", "IDCIDADE": "SAO_PAULO", "NOMEFANTASIA": "PE_DE_PASTEL", "RAZAOSOCIAL": "PLB_PASTEL_&_MASSAS_LTDA", "ENDEE": "AVENIDA_MARECHAL_TITO1459__ITAIM_PAULISTA_08115-100", "LMAPS": "https://www.google.com/maps?q=&layer=c&cbll=-23.4952427,-46.4317006", "O_QUE_FAZER": "CARTEIRA", "ER_REGIAO_CIDADE_min": "Capital Leste II_São Miguel" }, "geometry": { "type": "Point", "coordinates": [ -46.4317006, -23.4952427 ] } },
{ "type": "Feature", "properties": { "fid": 218637, "CNPJ": "43475542000123", "IDCIDADE": "SAO_PAULO", "NOMEFANTASIA": "TRULI_FIOS", "RAZAOSOCIAL": "TRULI_FIOS_V_LTDA", "ENDEE": "RUA_ARLINDO_COLACO67__SAO_MIGUEL_PAULISTA_08010-010", "LMAPS": "https://www.google.com/maps?q=&layer=c&cbll=-23.4918884,-46.4432478", "O_QUE_FAZER": "CARTEIRA", "ER_REGIAO_CIDADE_min": "Capital Leste II_São Miguel" }, "geometry": { "type": "Point", "coordinates": [ -46.4432478, -23.4918884 ] } },
{ "type": "Feature", "properties": { "fid": 218892, "CNPJ": "43532337000152", "IDCIDADE": "SAO_PAULO", "NOMEFANTASIA": "RESTAURANTE_EXPLOSAO_DE_SABORES", "RAZAOSOCIAL": "RESTAURANTE_&_LANCHONETE_EXPLOSAO_DE_SABORES_LTDA", "ENDEE": "AVENIDA_PIRES_DO_RIO589__VILA_AMERICANA_08020-000", "LMAPS": "https://www.google.com/maps?q=&layer=c&cbll=-23.5016676,-46.4424354", "O_QUE_FAZER": "CARTEIRA", "ER_REGIAO_CIDADE_min": "Capital Leste II_São Miguel" }, "geometry": { "type": "Point", "coordinates": [ -46.4424354, -23.5016676 ] } },
{ "type": "Feature", "properties": { "fid": 220383, "CNPJ": "43827214000149", "IDCIDADE": "SAO_PAULO", "NOMEFANTASIA": "M&E_MINIMERCADO", "RAZAOSOCIAL": "M&E_MINIMERCADO_LTDA", "ENDEE": "RUA_SUZANA_DE_MELO309__VILA_PROGRESSO_08245-160", "LMAPS": "https://www.google.com/maps?q=&layer=c&cbll=-23.5207149,-46.4410312", "O_QUE_FAZER": "CARTEIRA", "ER_REGIAO_CIDADE_min": "Capital Leste II_São Miguel" }, "geometry": { "type": "Point", "coordinates": [ -46.4410312, -23.5207149 ] } },
{ "type": "Feature", "properties": { "fid": 220493, "CNPJ": "43859519000132", "IDCIDADE": "SAO_PAULO", "NOMEFANTASIA": "VERO_LIMP", "RAZAOSOCIAL": "AZ_UTILIDADES_LTDA", "ENDEE": "RUA_LUIS_PICOLO5__CIDADE_NITRO_OPERARIA_08010-320", "LMAPS": "https://www.google.com/maps?q=&layer=c&cbll=-23.4939673,-46.4382065", "O_QUE_FAZER": "CARTEIRA", "ER_REGIAO_CIDADE_min": "Capital Leste II_São Miguel" }, "geometry": { "type": "Point", "coordinates": [ -46.4382065, -23.4939673 ] } },
{ "type": "Feature", "properties": { "fid": 220562, "CNPJ": "43874948000260", "IDCIDADE": "SAO_PAULO", "NOMEFANTASIA": "Q_MARAVILHA_EMBALAGENS_LTDA", "RAZAOSOCIAL": "Q_MARAVILHA_EMBALAGENS_LTDA", "ENDEE": "RUA_SALVADOR_DE_MEDEIROS111__SAO_MIGUEL_PAULISTA_08010-020", "LMAPS": "https://www.google.com/maps?q=&layer=c&cbll=-23.4911796,-46.443447", "O_QUE_FAZER": "CARTEIRA", "ER_REGIAO_CIDADE_min": "Capital Leste II_São Miguel" }, "geometry": { "type": "Point", "coordinates": [ -46.443447, -23.4911796 ] } },
{ "type": "Feature", "properties": { "fid": 220820, "CNPJ": "43925970000100", "IDCIDADE": "SAO_PAULO", "NOMEFANTASIA": "CATARINE_CASSIA_MARQUES_RIBEIRO_43380718858", "RAZAOSOCIAL": "CATARINA_MEGA_HAIR", "ENDEE": "AVENIDA_MARECHAL_TITO955__SAO_MIGUEL_PAULISTA_08115-000", "LMAPS": "https://www.google.com/maps?q=&layer=c&cbll=-23.4946147,-46.4364052", "O_QUE_FAZER": "FINALIZADO", "ER_REGIAO_CIDADE_min": "Capital Leste II_São Miguel" }, "geometry": { "type": "Point", "coordinates": [ -46.4364052, -23.4946147 ] } },
{ "type": "Feature", "properties": { "fid": 221166, "CNPJ": "43986051000147", "IDCIDADE": "SAO_PAULO", "NOMEFANTASIA": "HERING_SAO_MIGUEL", "RAZAOSOCIAL": "H_BASIC_SAO_MIGUEL_VESTUARIO_LTDA", "ENDEE": "RUA_BERALDO_MARCONDES36__SAO_MIGUEL_PAULISTA_08010-070", "LMAPS": "https://www.google.com/maps?q=&layer=c&cbll=-23.492056,-46.4442743", "O_QUE_FAZER": "CARTEIRA", "ER_REGIAO_CIDADE_min": "Capital Leste II_São Miguel" }, "geometry": { "type": "Point", "coordinates": [ -46.4442743, -23.492056 ] } },
{ "type": "Feature", "properties": { "fid": 221943, "CNPJ": "44157364000155", "IDCIDADE": "SAO PAULO", "NOMEFANTASIA": null, "RAZAOSOCIAL": "LUKI_AUTOPARTS_LTDA", "ENDEE": "RUA IMBUCURU, 96, FUNDOS-, VILA CAROLINA, 08040-040, SÃO PAULO, SP, BRASIL", "LMAPS": "https://www.google.com/maps?q=&layer=c&cbll=-23.5080161,-46.4442639", "O_QUE_FAZER": "CARTEIRA - FAMPE", "ER_REGIAO_CIDADE_min": "Capital Leste II_São Miguel" }, "geometry": { "type": "Point", "coordinates": [ -46.4442639, -23.5080161 ] } },
{ "type": "Feature", "properties": { "fid": 222629, "CNPJ": "44286162000103", "IDCIDADE": "SAO_PAULO", "NOMEFANTASIA": "AUTOS_OLEO", "RAZAOSOCIAL": "SOARES_TRANSPORTES_E_SERVICOS_LTDA", "ENDEE": "AVENIDA_PIRES_DO_RIO2990__JARDIM_NORMA_08041-000", "LMAPS": "https://www.google.com/maps?q=&layer=c&cbll=-23.52041,-46.4436399", "O_QUE_FAZER": "CARTEIRA", "ER_REGIAO_CIDADE_min": "Capital Leste II_São Miguel" }, "geometry": { "type": "Point", "coordinates": [ -46.4436399, -23.52041 ] } },
{ "type": "Feature", "properties": { "fid": 223221, "CNPJ": "44411982000180", "IDCIDADE": "SAO_PAULO", "NOMEFANTASIA": "DREAMS_CAR", "RAZAOSOCIAL": "LUIZON_&_CARDOSO_COMERCIO_DE_VEICULOS_LTDA", "ENDEE": "AVENIDA_NORDESTINA2562__CIDADE_NOVA_SAO_MIGUEL_08042-117", "LMAPS": "https://www.google.com/maps?q=&layer=c&cbll=-23.5126493,-46.4340344", "O_QUE_FAZER": "CARTEIRA", "ER_REGIAO_CIDADE_min": "Capital Leste II_São Miguel" }, "geometry": { "type": "Point", "coordinates": [ -46.4340344, -23.5126493 ] } },
{ "type": "Feature", "properties": { "fid": 225201, "CNPJ": "44851964000119", "IDCIDADE": "SAO_PAULO", "NOMEFANTASIA": "A&R_COMERCIO_DE_EMBALAGENS", "RAZAOSOCIAL": "A&R_COMERCIO_DE_EMBALAGENS_E_DESCARTAVEIS_LTDA", "ENDEE": "RUA_CARDON1192__VILA_PROGRESSO_08041-250", "LMAPS": "https://www.google.com/maps?q=&layer=c&cbll=-23.519647,-46.4412115", "O_QUE_FAZER": "CARTEIRA", "ER_REGIAO_CIDADE_min": "Capital Leste II_São Miguel" }, "geometry": { "type": "Point", "coordinates": [ -46.4412115, -23.519647 ] } },
{ "type": "Feature", "properties": { "fid": 225270, "CNPJ": "44865640000130", "IDCIDADE": "SAO_PAULO", "NOMEFANTASIA": "SIPEL_CALCADOS", "RAZAOSOCIAL": "SIPEL_CALCADOS_E_CONFECCOES_LTDA", "ENDEE": "AVENIDA_PIRES_DO_RIO699__VILA_AMERICANA_08020-000", "LMAPS": "https://www.google.com/maps?q=&layer=c&cbll=-23.5026904,-46.4427551", "O_QUE_FAZER": "CARTEIRA", "ER_REGIAO_CIDADE_min": "Capital Leste II_São Miguel" }, "geometry": { "type": "Point", "coordinates": [ -46.4427551, -23.5026904 ] } },
{ "type": "Feature", "properties": { "fid": 227398, "CNPJ": "45332784000193", "IDCIDADE": "SAO_PAULO", "NOMEFANTASIA": "GELCIMAR_PLANEJADOS", "RAZAOSOCIAL": "CRISTIANO_SILVA_DE_SOUZA", "ENDEE": "AVENIDA_LARA_CAMPOS81__JARDIM_IPANEMA_08041-600", "LMAPS": "https://www.google.com/maps?q=&layer=c&cbll=-23.518345,-46.4375117", "O_QUE_FAZER": "CARTEIRA", "ER_REGIAO_CIDADE_min": "Capital Leste II_São Miguel" }, "geometry": { "type": "Point", "coordinates": [ -46.4375117, -23.518345 ] } },
{ "type": "Feature", "properties": { "fid": 228090, "CNPJ": "45491553000122", "IDCIDADE": "SAO_PAULO", "NOMEFANTASIA": "YASMIN_LOJAS", "RAZAOSOCIAL": "AMANDA_BRAGA_DOS_SANTOS_40511424850", "ENDEE": "RUA_SALVADOR_DE_MEDEIROS165__SAO_MIGUEL_PAULISTA_08010-020", "LMAPS": "https://www.google.com/maps?q=&layer=c&cbll=-23.4910238,-46.4429585", "O_QUE_FAZER": "CARTEIRA - FAMPE", "ER_REGIAO_CIDADE_min": "Capital Leste II_São Miguel" }, "geometry": { "type": "Point", "coordinates": [ -46.4429585, -23.4910238 ] } },
{ "type": "Feature", "properties": { "fid": 229794, "CNPJ": "45838944000170", "IDCIDADE": "SAO_PAULO", "NOMEFANTASIA": "JOIA_DESPACHANTE_LTDA", "RAZAOSOCIAL": "JOIA_DESPACHANTE", "ENDEE": "RUA_PEDRO_GOMES_PEREIRA37__CIDADE_NOVA_SAO_MIGUEL_08042-220", "LMAPS": "https://www.google.com/maps?q=&layer=c&cbll=-23.5054818,-46.435521", "O_QUE_FAZER": "FINALIZADO", "ER_REGIAO_CIDADE_min": "Capital Leste II_São Miguel" }, "geometry": { "type": "Point", "coordinates": [ -46.435521, -23.5054818 ] } },
{ "type": "Feature", "properties": { "fid": 229867, "CNPJ": "45851924000130", "IDCIDADE": "SAO_PAULO", "NOMEFANTASIA": "45.851.924_EDSON_NASCIMENTO_DE_SOUSA", "RAZAOSOCIAL": "BRIGADEIRO_DO_SORRISO", "ENDEE": "RUA_NOVA_SANTA_ROSA36__VILA_CHAVANTES_08041-130", "LMAPS": "https://www.google.com/maps?q=&layer=c&cbll=-23.5140308,-46.4422349", "O_QUE_FAZER": "FINALIZADO", "ER_REGIAO_CIDADE_min": "Capital Leste II_São Miguel" }, "geometry": { "type": "Point", "coordinates": [ -46.4422349, -23.5140308 ] } },
{ "type": "Feature", "properties": { "fid": 229899, "CNPJ": "45857127000160", "IDCIDADE": "SAO_PAULO", "NOMEFANTASIA": "MAIS_BOM_VIZINHO", "RAZAOSOCIAL": "MAIS_BOM_VIZINHO_MERCADO_LTDA", "ENDEE": "AVENIDA_INAJA-GUACU578__VILA_PROGRESSO_08240-530", "LMAPS": "https://www.google.com/maps?q=&layer=c&cbll=-23.5201864,-46.4399334", "O_QUE_FAZER": "CARTEIRA", "ER_REGIAO_CIDADE_min": "Capital Leste II_São Miguel" }, "geometry": { "type": "Point", "coordinates": [ -46.4399334, -23.5201864 ] } },
{ "type": "Feature", "properties": { "fid": 232182, "CNPJ": "46308250000194", "IDCIDADE": "SAO_PAULO", "NOMEFANTASIA": "JOSE_LUIZ_SUANO_ ", "RAZAOSOCIAL": "JOSE_LUIZ_SUANO", "ENDEE": "RUA_ARLINDO_COLACO40__SAO_MIGUEL_PAULISTA_08010-010", "LMAPS": "https://www.google.com/maps?q=&layer=c&cbll=-23.4918767,-46.4435708", "O_QUE_FAZER": "CARTEIRA", "ER_REGIAO_CIDADE_min": "Capital Leste II_São Miguel" }, "geometry": { "type": "Point", "coordinates": [ -46.4435708, -23.4918767 ] } },
{ "type": "Feature", "properties": { "fid": 233437, "CNPJ": "46559742000152", "IDCIDADE": "SAO_PAULO", "NOMEFANTASIA": "TATA_MODAS_LTDA", "RAZAOSOCIAL": "TATA_MODAS", "ENDEE": "RUA_JOSE_OTONI80__SAO_MIGUEL_PAULISTA_08010-290", "LMAPS": "https://www.google.com/maps?q=&layer=c&cbll=-23.4931752,-46.4400555", "O_QUE_FAZER": "FINALIZADO", "ER_REGIAO_CIDADE_min": "Capital Leste II_São Miguel" }, "geometry": { "type": "Point", "coordinates": [ -46.4400555, -23.4931752 ] } },
{ "type": "Feature", "properties": { "fid": 234064, "CNPJ": "46689897000103", "IDCIDADE": "SAO_PAULO", "NOMEFANTASIA": "OTICA_MERCADOTICA", "RAZAOSOCIAL": "OTICAS_DILE_LTDA", "ENDEE": "PRACA_PADRE_ALEIXO_MONTEIRO_MAFRA181__SAO_MIGUEL_PAULISTA_08011-010", "LMAPS": "https://www.google.com/maps?q=&layer=c&cbll=-23.4914057,-46.4446414", "O_QUE_FAZER": "CARTEIRA", "ER_REGIAO_CIDADE_min": "Capital Leste II_São Miguel" }, "geometry": { "type": "Point", "coordinates": [ -46.4446414, -23.4914057 ] } },
{ "type": "Feature", "properties": { "fid": 234112, "CNPJ": "46698186000103", "IDCIDADE": "SAO_PAULO", "NOMEFANTASIA": "RENANTEC_ASSISTENCIA_TECNICA", "RAZAOSOCIAL": "RENANTEC_ASSISTENCIA_TECNICA_LTDA", "ENDEE": "AVENIDA_NORDESTINA1119__VILA_AMERICANA_08011-000", "LMAPS": "https://www.google.com/maps?q=&layer=c&cbll=-23.4945618,-46.4431417", "O_QUE_FAZER": "CARTEIRA", "ER_REGIAO_CIDADE_min": "Capital Leste II_São Miguel" }, "geometry": { "type": "Point", "coordinates": [ -46.4431417, -23.4945618 ] } },
{ "type": "Feature", "properties": { "fid": 234202, "CNPJ": "46717700000100", "IDCIDADE": "SAO_PAULO", "NOMEFANTASIA": "DESCARTAVEIS_EMBALA_BEM", "RAZAOSOCIAL": "COMERCIO_DE_DESCARTAVEIS_EMBALABEM_LTDA", "ENDEE": "AVENIDA_MARECHAL_TITO1563__SAO_MIGUEL_PAULISTA_08115-100", "LMAPS": "https://www.google.com/maps?q=&layer=c&cbll=-23.4952755,-46.4306003", "O_QUE_FAZER": "CARTEIRA", "ER_REGIAO_CIDADE_min": "Capital Leste II_São Miguel" }, "geometry": { "type": "Point", "coordinates": [ -46.4306003, -23.4952755 ] } },
{ "type": "Feature", "properties": { "fid": 234534, "CNPJ": "46784945000142", "IDCIDADE": "SAO_PAULO", "NOMEFANTASIA": "46.784.945_JOSE_MIGUEL_RAPOSO_TEIXEIRA", "RAZAOSOCIAL": "MIGUEL_RAPOZO_", "ENDEE": "RUA_MARCION406__JARDIM_LAJEADO_08041-500", "LMAPS": "https://www.google.com/maps?q=&layer=c&cbll=-23.5146301,-46.4374833", "O_QUE_FAZER": "FINALIZADO", "ER_REGIAO_CIDADE_min": "Capital Leste II_São Miguel" }, "geometry": { "type": "Point", "coordinates": [ -46.4374833, -23.5146301 ] } },
{ "type": "Feature", "properties": { "fid": 235335, "CNPJ": "46947023000109", "IDCIDADE": "SAO_PAULO", "NOMEFANTASIA": "OTICA_PREVESNT", "RAZAOSOCIAL": "OTICA_PREVENT_SAO_MIGUEL_PAULISTA_LTDA", "ENDEE": "RUA_ARLINDO_COLACO190__SAO_MIGUEL_PAULISTA_08010-010", "LMAPS": "https://www.google.com/maps?q=&layer=c&cbll=-23.4926607,-46.4423568", "O_QUE_FAZER": "CARTEIRA", "ER_REGIAO_CIDADE_min": "Capital Leste II_São Miguel" }, "geometry": { "type": "Point", "coordinates": [ -46.4423568, -23.4926607 ] } },
{ "type": "Feature", "properties": { "fid": 235341, "CNPJ": "46948380000191", "IDCIDADE": "SAO_PAULO", "NOMEFANTASIA": "PRIER_HORTIFRUTI", "RAZAOSOCIAL": "RBM_PREMIER_HORTIFRUTI_LTDA", "ENDEE": "AVENIDA_PIRES_DO_RIO853__VILA_AMERICANA_08020-000", "LMAPS": "https://www.google.com/maps?q=&layer=c&cbll=-23.5039496,-46.4427588", "O_QUE_FAZER": "CARTEIRA", "ER_REGIAO_CIDADE_min": "Capital Leste II_São Miguel" }, "geometry": { "type": "Point", "coordinates": [ -46.4427588, -23.5039496 ] } },
{ "type": "Feature", "properties": { "fid": 235694, "CNPJ": "47024365000110", "IDCIDADE": "SAO_PAULO", "NOMEFANTASIA": "BOUTIQUE_DASSI", "RAZAOSOCIAL": "DASSI_BOUTIQUE_MODA_FEMININA_LTDA", "ENDEE": "RUA_ARLINDO_COLACO384__SAO_MIGUEL_PAULISTA_08010-010", "LMAPS": "https://www.google.com/maps?q=&layer=c&cbll=-23.492724,-46.4411224", "O_QUE_FAZER": "CARTEIRA", "ER_REGIAO_CIDADE_min": "Capital Leste II_São Miguel" }, "geometry": { "type": "Point", "coordinates": [ -46.4411224, -23.492724 ] } },
{ "type": "Feature", "properties": { "fid": 236823, "CNPJ": "47240662000100", "IDCIDADE": "SAO_PAULO", "NOMEFANTASIA": "OUTLET_PREMIUM_COMERCIO_DE_REVESTIMENTOS", "RAZAOSOCIAL": "OUTLET_PREMIUM_COMERCIO_DE_REVESTIMENTOS_LTDA", "ENDEE": "RUA_MOACIR_DANTAS_ITAPICURU1040__CIDADE_NOVA_SAO_MIGUEL_08042-212", "LMAPS": "https://www.google.com/maps?q=&layer=c&cbll=-23.5045063,-46.4332119", "O_QUE_FAZER": "CARTEIRA", "ER_REGIAO_CIDADE_min": "Capital Leste II_São Miguel" }, "geometry": { "type": "Point", "coordinates": [ -46.4332119, -23.5045063 ] } },
{ "type": "Feature", "properties": { "fid": 237320, "CNPJ": "47349763000106", "IDCIDADE": "SAO_PAULO", "NOMEFANTASIA": "MIRO_CAR", "RAZAOSOCIAL": "MRO_CAR_SERVICOS_DE_FUNILARIA_LTDA", "ENDEE": "RUA_ERVA_PRATA193__VILA_PROGRESSO_08245-000", "LMAPS": "https://www.google.com/maps?q=&layer=c&cbll=-23.5183485,-46.4380244", "O_QUE_FAZER": "CARTEIRA", "ER_REGIAO_CIDADE_min": "Capital Leste II_São Miguel" }, "geometry": { "type": "Point", "coordinates": [ -46.4380244, -23.5183485 ] } },
{ "type": "Feature", "properties": { "fid": 237606, "CNPJ": "47407532000101", "IDCIDADE": "SAO PAULO", "NOMEFANTASIA": "Pet_House_SM", "RAZAOSOCIAL": "PET_HOUSE_LUTTEROGATA_COMERCIO_E_SERVICOS_LTDA", "ENDEE": "AVENIDA PIRES DO RIO, 1267, VILA AMERICANA, 08020-000, SÃO PAULO, SP, BRASIL", "LMAPS": "https://www.google.com/maps?q=&layer=c&cbll=-23.5077852,-46.4430787", "O_QUE_FAZER": "CARTEIRA - FAMPE", "ER_REGIAO_CIDADE_min": "Capital Leste II_São Miguel" }, "geometry": { "type": "Point", "coordinates": [ -46.4430787, -23.5077852 ] } },
{ "type": "Feature", "properties": { "fid": 238698, "CNPJ": "47647004000120", "IDCIDADE": "SAO PAULO", "NOMEFANTASIA": null, "RAZAOSOCIAL": "BTH_STYLE_COMERCIAL_LTDA", "ENDEE": "RUA PARAVISCO, 161, VILA PROGRESSO (ZONA LESTE), 08240-660, SÃO PAULO, SP, BRASIL", "LMAPS": "https://www.google.com/maps?q=&layer=c&cbll=-23.5175666,-46.4364138", "O_QUE_FAZER": "FINALIZADO", "ER_REGIAO_CIDADE_min": "Capital Leste II_São Miguel" }, "geometry": { "type": "Point", "coordinates": [ -46.4364138, -23.5175666 ] } },
{ "type": "Feature", "properties": { "fid": 240997, "CNPJ": "48124108000112", "IDCIDADE": "SAO PAULO", "NOMEFANTASIA": "STOREBASSI", "RAZAOSOCIAL": "SARA_DA_SILVA_RIBEIRO", "ENDEE": "RUA MARIA BRANCA, 57, VILA ROSARIA, 08021-020, SÃO PAULO, SP, BRASIL", "LMAPS": "https://www.google.com/maps?q=&layer=c&cbll=-23.4975217,-46.4380594", "O_QUE_FAZER": "CARTEIRA - FAMPE", "ER_REGIAO_CIDADE_min": "Capital Leste II_São Miguel" }, "geometry": { "type": "Point", "coordinates": [ -46.4380594, -23.4975217 ] } },
{ "type": "Feature", "properties": { "fid": 242959, "CNPJ": "48510820000150", "IDCIDADE": "SAO_PAULO", "NOMEFANTASIA": "OTICA_REIBAN", "RAZAOSOCIAL": "COMERCIAL_OTICA_TAMAI_LTDA", "ENDEE": "RUA_ARLINDO_COLACO325__SAO_MIGUEL_PAULISTA_08010-010", "LMAPS": "https://www.google.com/maps?q=&layer=c&cbll=-23.4923618,-46.4410914", "O_QUE_FAZER": "CARTEIRA", "ER_REGIAO_CIDADE_min": "Capital Leste II_São Miguel" }, "geometry": { "type": "Point", "coordinates": [ -46.4410914, -23.4923618 ] } },
{ "type": "Feature", "properties": { "fid": 243088, "CNPJ": "48537029000133", "IDCIDADE": "SAO_PAULO", "NOMEFANTASIA": "VITORIA_CENTER", "RAZAOSOCIAL": "LM_MATERIAIS_DE_CONSTRUCAO_LTDA", "ENDEE": "RUA_AURELIANO_JOSE_LESSA13__VILA_CAROLINA_08040-030", "LMAPS": "https://www.google.com/maps?q=&layer=c&cbll=-23.5085427,-46.4447766", "O_QUE_FAZER": "CARTEIRA", "ER_REGIAO_CIDADE_min": "Capital Leste II_São Miguel" }, "geometry": { "type": "Point", "coordinates": [ -46.4447766, -23.5085427 ] } },
{ "type": "Feature", "properties": { "fid": 243284, "CNPJ": "48573547000374", "IDCIDADE": "SAO_PAULO", "NOMEFANTASIA": "AUTO_ESCOLA_VIRTUAL", "RAZAOSOCIAL": "CENTRO_DE_FORMACAO_DE_CONDUTORES_VIRTUAL_LTDA", "ENDEE": "RUA_PEDRO_SOARES_DE_ANDRADE208__VILA_ROSARIA_08021-040", "LMAPS": "https://www.google.com/maps?q=&layer=c&cbll=-23.4970221,-46.4362847", "O_QUE_FAZER": "CARTEIRA", "ER_REGIAO_CIDADE_min": "Capital Leste II_São Miguel" }, "geometry": { "type": "Point", "coordinates": [ -46.4362847, -23.4970221 ] } },
{ "type": "Feature", "properties": { "fid": 245482, "CNPJ": "49051956000101", "IDCIDADE": "SAO_PAULO", "NOMEFANTASIA": "ELETRONICA_BRESSAN", "RAZAOSOCIAL": "ELETRONICA_BRESSAN_COMPONENTES_LTDA", "ENDEE": "AVENIDA_MARECHAL_TITO1174__SAO_MIGUEL_PAULISTA_08010-090", "LMAPS": "https://www.google.com/maps?q=&layer=c&cbll=-23.4951857,-46.4350133", "O_QUE_FAZER": "APLICAR T2", "ER_REGIAO_CIDADE_min": "Capital Leste II_São Miguel" }, "geometry": { "type": "Point", "coordinates": [ -46.4350133, -23.4951857 ] } },
{ "type": "Feature", "properties": { "fid": 245757, "CNPJ": "49127355000135", "IDCIDADE": "SAO_PAULO", "NOMEFANTASIA": "NOSSA_PANIFICADORA", "RAZAOSOCIAL": "NOSSA_PANIFICADORA_DE_SAO_MIGUEL_PAULISTA_LTDA", "ENDEE": "AVENIDA_NORDESTINA729__VILA_AMERICANA_08021-000", "LMAPS": "https://www.google.com/maps?q=&layer=c&cbll=-23.4991462,-46.4400043", "O_QUE_FAZER": "CARTEIRA", "ER_REGIAO_CIDADE_min": "Capital Leste II_São Miguel" }, "geometry": { "type": "Point", "coordinates": [ -46.4400043, -23.4991462 ] } },
{ "type": "Feature", "properties": { "fid": 246139, "CNPJ": "49215185000140", "IDCIDADE": "SAO_PAULO", "NOMEFANTASIA": "MAVPLAST", "RAZAOSOCIAL": "MAVPLAST_EMBALAGENS_LTDA", "ENDEE": "AVENIDA_PIRES_DO_RIO345__VILA_AMERICANA_08020-000", "LMAPS": "https://www.google.com/maps?q=&layer=c&cbll=-23.4995539,-46.4423234", "O_QUE_FAZER": "CARTEIRA", "ER_REGIAO_CIDADE_min": "Capital Leste II_São Miguel" }, "geometry": { "type": "Point", "coordinates": [ -46.4423234, -23.4995539 ] } },
{ "type": "Feature", "properties": { "fid": 246186, "CNPJ": "49222058000179", "IDCIDADE": "SAO_PAULO", "NOMEFANTASIA": "ACAI_DA_BARRA", "RAZAOSOCIAL": "ACAI_SAO_MIGUEL_PAULISTA_LTDA", "ENDEE": "AVENIDA_PIRES_DO_RIO990__VILA_AMERICANA_08020-000", "LMAPS": "https://www.google.com/maps?q=&layer=c&cbll=-23.5051683,-46.4431246", "O_QUE_FAZER": "CARTEIRA", "ER_REGIAO_CIDADE_min": "Capital Leste II_São Miguel" }, "geometry": { "type": "Point", "coordinates": [ -46.4431246, -23.5051683 ] } },
{ "type": "Feature", "properties": { "fid": 246991, "CNPJ": "49405684000109", "IDCIDADE": "SAO_PAULO", "NOMEFANTASIA": "PHONE_ASSISTENCIA_TECNICA", "RAZAOSOCIAL": "QR_PHONE_ASSISTENCIA_TECNICA_LTDA", "ENDEE": "AVENIDA_NORDESTINA29__VILA_AMERICANA_08011-000", "LMAPS": "https://www.google.com/maps?q=&layer=c&cbll=-23.493835,-46.4436107", "O_QUE_FAZER": "CARTEIRA", "ER_REGIAO_CIDADE_min": "Capital Leste II_São Miguel" }, "geometry": { "type": "Point", "coordinates": [ -46.4436107, -23.493835 ] } },
{ "type": "Feature", "properties": { "fid": 247360, "CNPJ": "49488729000148", "IDCIDADE": "SAO_PAULO", "NOMEFANTASIA": "DROGARIA_NIPO_FARMA", "RAZAOSOCIAL": "NIPOFARMA_DROGARIA_LTDA", "ENDEE": "RUA_PEDRO_SOARES_DE_ANDRADE188__VILA_ROSARIA_08021-040", "LMAPS": "https://www.google.com/maps?q=&layer=c&cbll=-23.4968019,-46.4363552", "O_QUE_FAZER": "APLICAR T2", "ER_REGIAO_CIDADE_min": "Capital Leste II_São Miguel" }, "geometry": { "type": "Point", "coordinates": [ -46.4363552, -23.4968019 ] } },
{ "type": "Feature", "properties": { "fid": 247373, "CNPJ": "49491276000109", "IDCIDADE": "SAO_PAULO", "NOMEFANTASIA": "DEPOSITO_DA_LINGERIE", "RAZAOSOCIAL": "TAS_COMERCIO_DO_VESTUARIO_LTDA", "ENDEE": "AVENIDA_MARECHAL_TITO1046__SAO_MIGUEL_PAULISTA_08010-090", "LMAPS": "https://www.google.com/maps?q=&layer=c&cbll=-23.4952519,-46.436065", "O_QUE_FAZER": "CARTEIRA", "ER_REGIAO_CIDADE_min": "Capital Leste II_São Miguel" }, "geometry": { "type": "Point", "coordinates": [ -46.436065, -23.4952519 ] } },
{ "type": "Feature", "properties": { "fid": 247463, "CNPJ": "49516507000191", "IDCIDADE": "SAO_PAULO", "NOMEFANTASIA": "NOVA_GF_PANIFICADORA", "RAZAOSOCIAL": "PANIFICADORA_NOVA_GF_LTDA", "ENDEE": "RUA_MOACIR_DANTAS_ITAPICURU926__CIDADE_NOVA_SAO_MIGUEL_08042-212", "LMAPS": "https://www.google.com/maps?q=&layer=c&cbll=-23.5056068,-46.4341564", "O_QUE_FAZER": "CARTEIRA", "ER_REGIAO_CIDADE_min": "Capital Leste II_São Miguel" }, "geometry": { "type": "Point", "coordinates": [ -46.4341564, -23.5056068 ] } },
{ "type": "Feature", "properties": { "fid": 247696, "CNPJ": "49557226000187", "IDCIDADE": "SAO_PAULO", "NOMEFANTASIA": "AUTO_PECAS_MONTE_FUJI", "RAZAOSOCIAL": "COMERCIO_DE_PECAS_E_ACES_P/_VEICULOS_MONTE_FUJI_LTDA", "ENDEE": "AVENIDA_PIRES_DO_RIO1275__VILA_AMERICANA_08020-000", "LMAPS": "https://www.google.com/maps?q=&layer=c&cbll=-23.5078093,-46.4429969", "O_QUE_FAZER": "CARTEIRA", "ER_REGIAO_CIDADE_min": "Capital Leste II_São Miguel" }, "geometry": { "type": "Point", "coordinates": [ -46.4429969, -23.5078093 ] } },
{ "type": "Feature", "properties": { "fid": 248372, "CNPJ": "49690266000100", "IDCIDADE": "SAO_PAULO", "NOMEFANTASIA": "GARCIA_SUPERMERCADO", "RAZAOSOCIAL": "GARCIA_SUPERMERCADOS_LTDA", "ENDEE": "AVENIDA_NORDESTINA1841__CIDADE_NOVA_SAO_MIGUEL_08021-000", "LMAPS": "https://www.google.com/maps?q=&layer=c&cbll=-23.5109673,-46.4374346", "O_QUE_FAZER": "CARTEIRA", "ER_REGIAO_CIDADE_min": "Capital Leste II_São Miguel" }, "geometry": { "type": "Point", "coordinates": [ -46.4374346, -23.5109673 ] } },
{ "type": "Feature", "properties": { "fid": 248373, "CNPJ": "49690266000283", "IDCIDADE": "SAO_PAULO", "NOMEFANTASIA": "GARCIA_SUPERMERCADOS", "RAZAOSOCIAL": "GARCIA_SUPERMERCADOS_LTDA", "ENDEE": "AVENIDA_NORDESTINA2088__CIDADE_NOVA_SAO_MIGUEL_08042-000", "LMAPS": "https://www.google.com/maps?q=&layer=c&cbll=-23.5108847,-46.4377602", "O_QUE_FAZER": "CARTEIRA", "ER_REGIAO_CIDADE_min": "Capital Leste II_São Miguel" }, "geometry": { "type": "Point", "coordinates": [ -46.4377602, -23.5108847 ] } },
{ "type": "Feature", "properties": { "fid": 248692, "CNPJ": "49759339000165", "IDCIDADE": "SAO_PAULO", "NOMEFANTASIA": "VILA_AMERICANA", "RAZAOSOCIAL": "PAES_E_DOCES_VILA_AMERICANA_LTDA", "ENDEE": "AVENIDA_PIRES_DO_RIO1061__VILA_AMERICANA_08020-000", "LMAPS": "https://www.google.com/maps?q=&layer=c&cbll=-23.5054314,-46.4428915", "O_QUE_FAZER": "CARTEIRA", "ER_REGIAO_CIDADE_min": "Capital Leste II_São Miguel" }, "geometry": { "type": "Point", "coordinates": [ -46.4428915, -23.5054314 ] } },
{ "type": "Feature", "properties": { "fid": 248870, "CNPJ": "49791373000117", "IDCIDADE": "SAO_PAULO", "NOMEFANTASIA": "SETHOUSE_OUTLET", "RAZAOSOCIAL": "SET_HOUSE_DECOR_MOVEIS_E_PLANEJADOS_LTDA", "ENDEE": "RUA_HENRIQUE_DE_PAULA_FRANCA26__SAO_MIGUEL_PAULISTA_08010-080", "LMAPS": "https://www.google.com/maps?q=&layer=c&cbll=-23.493138,-46.4432562", "O_QUE_FAZER": "CARTEIRA", "ER_REGIAO_CIDADE_min": "Capital Leste II_São Miguel" }, "geometry": { "type": "Point", "coordinates": [ -46.4432562, -23.493138 ] } },
{ "type": "Feature", "properties": { "fid": 249882, "CNPJ": "49977389000119", "IDCIDADE": "SAO_PAULO", "NOMEFANTASIA": "49.977.389_ANDERSON_RODRIGUES_PINHEIRO", "RAZAOSOCIAL": "49.977.389_ANDERSON_RODRIGUES_PINHEIRO", "ENDEE": "RUA_DOMITILIA_D'ABRIL238__CIDADE_NOVA_SAO_MIGUEL_08042-550", "LMAPS": "https://www.google.com/maps?q=&layer=c&cbll=-23.5111159,-46.432479", "O_QUE_FAZER": "FINALIZADO", "ER_REGIAO_CIDADE_min": "Capital Leste II_São Miguel" }, "geometry": { "type": "Point", "coordinates": [ -46.432479, -23.5111159 ] } },
{ "type": "Feature", "properties": { "fid": 249919, "CNPJ": "49984692000149", "IDCIDADE": "SAO_PAULO", "NOMEFANTASIA": "HABIB_COLCHOES", "RAZAOSOCIAL": "G_A_REZENDE_COMERCIO_DE_COLCHOES_LTDA", "ENDEE": "AVENIDA_MARECHAL_TITO227__SAO_MIGUEL_PAULISTA_08010-090", "LMAPS": "https://www.google.com/maps?q=&layer=c&cbll=-23.4934958,-46.4436562", "O_QUE_FAZER": "CARTEIRA", "ER_REGIAO_CIDADE_min": "Capital Leste II_São Miguel" }, "geometry": { "type": "Point", "coordinates": [ -46.4436562, -23.4934958 ] } },
{ "type": "Feature", "properties": { "fid": 250661, "CNPJ": "50122958000123", "IDCIDADE": "SAO PAULO", "NOMEFANTASIA": "Lenita_Baby", "RAZAOSOCIAL": "LENITA_BABY_COMERCIO_ATACADISTA_DE_BRINQUEDOS,_ALIMENTOS,_VESTUARIO_E_LOJAS_DE_VARIEDADES_LTDA", "ENDEE": "RUA IDA VANUSSI PUNTEL, 136, CIDADE NOVA SÃO MIGUEL, 08042-280, SÃO PAULO, SP, BRASIL", "LMAPS": "https://www.google.com/maps?q=&layer=c&cbll=-23.5063394,-46.4318866", "O_QUE_FAZER": "CARTEIRA - FAMPE", "ER_REGIAO_CIDADE_min": "Capital Leste II_São Miguel" }, "geometry": { "type": "Point", "coordinates": [ -46.4318866, -23.5063394 ] } },
{ "type": "Feature", "properties": { "fid": 251597, "CNPJ": "50311289000138", "IDCIDADE": "SAO_PAULO", "NOMEFANTASIA": "GLAM_PLANEJADOS_LTDA", "RAZAOSOCIAL": "GLAM_PLANEJADOS", "ENDEE": "AVENIDA_MARECHAL_TITO1555__SAO_MIGUEL_PAULISTA_08115-000", "LMAPS": "https://www.google.com/maps?q=&layer=c&cbll=-23.4948362,-46.4365026", "O_QUE_FAZER": "FINALIZADO", "ER_REGIAO_CIDADE_min": "Capital Leste II_São Miguel" }, "geometry": { "type": "Point", "coordinates": [ -46.4365026, -23.4948362 ] } },
{ "type": "Feature", "properties": { "fid": 252125, "CNPJ": "50426549000110", "IDCIDADE": "SAO_PAULO", "NOMEFANTASIA": "LUCENDI_MOVEIS", "RAZAOSOCIAL": "LUCENDI_OUTLET_MOVEIS_DECORACOES_E_PLANEJADOS_LTDA", "ENDEE": "RUA_JOSE_OTONI120__SAO_MIGUEL_PAULISTA_08010-290", "LMAPS": "https://www.google.com/maps?q=&layer=c&cbll=-23.4927822,-46.4397664", "O_QUE_FAZER": "CARTEIRA", "ER_REGIAO_CIDADE_min": "Capital Leste II_São Miguel" }, "geometry": { "type": "Point", "coordinates": [ -46.4397664, -23.4927822 ] } },
{ "type": "Feature", "properties": { "fid": 252239, "CNPJ": "50449557000182", "IDCIDADE": "SAO_PAULO", "NOMEFANTASIA": "PROX_MUSICS", "RAZAOSOCIAL": "PRO_X_MUSICS_AUDIO_E_INSTRUMENTOS_MUSICAIS_LTDA", "ENDEE": "RUA_JOSE_OTONI102__SAO_MIGUEL_PAULISTA_08010-290", "LMAPS": "https://www.google.com/maps?q=&layer=c&cbll=-23.4928921,-46.4399224", "O_QUE_FAZER": "CARTEIRA", "ER_REGIAO_CIDADE_min": "Capital Leste II_São Miguel" }, "geometry": { "type": "Point", "coordinates": [ -46.4399224, -23.4928921 ] } },
{ "type": "Feature", "properties": { "fid": 252459, "CNPJ": "50497125000147", "IDCIDADE": "SAO_PAULO", "NOMEFANTASIA": "-", "RAZAOSOCIAL": "50.497.125_WALLEM_ARAUJO_CASTRO", "ENDEE": "RUA_BERNARDO DADDI_26_VILA DOUTOR EIRAS_08010-270_SAO_PAULO", "LMAPS": "https://www.google.com/maps?q=&layer=c&cbll=-23.4962253,-46.4334836", "O_QUE_FAZER": "APLICAR T4", "ER_REGIAO_CIDADE_min": "Capital Leste II_São Miguel" }, "geometry": { "type": "Point", "coordinates": [ -46.4334836, -23.4962253 ] } },
{ "type": "Feature", "properties": { "fid": 252637, "CNPJ": "50542001000136", "IDCIDADE": "SAO PAULO", "NOMEFANTASIA": "ODONTOIMPO", "RAZAOSOCIAL": "ODONTO_IMPO_LTDA", "ENDEE": "AVENIDA JOAO NERI DE CARVALHO, 436, VILA ROSARIA, 08021-010, SÃO PAULO, SP, BRASIL", "LMAPS": "https://www.google.com/maps?q=&layer=c&cbll=-23.4978126,-46.4365522", "O_QUE_FAZER": "CARTEIRA - FAMPE", "ER_REGIAO_CIDADE_min": "Capital Leste II_São Miguel" }, "geometry": { "type": "Point", "coordinates": [ -46.4365522, -23.4978126 ] } },
{ "type": "Feature", "properties": { "fid": 252715, "CNPJ": "50556487000161", "IDCIDADE": "SAO_PAULO", "NOMEFANTASIA": "BABY_MODAS", "RAZAOSOCIAL": "LUZ_PROPRIA_CALCADOS_E_ROUPAS_LTDA", "ENDEE": "RUA_SALVADOR_DE_MEDEIROS304__SAO_MIGUEL_PAULISTA_08010-020", "LMAPS": "https://www.google.com/maps?q=&layer=c&cbll=-23.4911405,-46.4415413", "O_QUE_FAZER": "CARTEIRA", "ER_REGIAO_CIDADE_min": "Capital Leste II_São Miguel" }, "geometry": { "type": "Point", "coordinates": [ -46.4415413, -23.4911405 ] } },
{ "type": "Feature", "properties": { "fid": 253471, "CNPJ": "50707703000122", "IDCIDADE": "SAO_PAULO", "NOMEFANTASIA": "PET_ANCHIETA", "RAZAOSOCIAL": "PET_ANCHIETA_LTDA", "ENDEE": "RUA_ALBERTINA_MEDEIROS472__VILA_DANUBIO_AZUL_08241-250", "LMAPS": "https://www.google.com/maps?q=&layer=c&cbll=-23.5195849,-46.4395392", "O_QUE_FAZER": "CARTEIRA", "ER_REGIAO_CIDADE_min": "Capital Leste II_São Miguel" }, "geometry": { "type": "Point", "coordinates": [ -46.4395392, -23.5195849 ] } },
{ "type": "Feature", "properties": { "fid": 254098, "CNPJ": "50816963000136", "IDCIDADE": "SAO_PAULO", "NOMEFANTASIA": "NR_SERVICOS", "RAZAOSOCIAL": "NR_COMERCIO_&_SERVICOS_MARMORARIA_E_VIDRACARIA_LTDA", "ENDEE": "AVENIDA_PIRES_DO_RIO2134__JARDIM_SAO_SEBASTIAO_08041-000", "LMAPS": "https://www.google.com/maps?q=&layer=c&cbll=-23.5156726,-46.4437897", "O_QUE_FAZER": "CARTEIRA", "ER_REGIAO_CIDADE_min": "Capital Leste II_São Miguel" }, "geometry": { "type": "Point", "coordinates": [ -46.4437897, -23.5156726 ] } },
{ "type": "Feature", "properties": { "fid": 254263, "CNPJ": "50851192000118", "IDCIDADE": "SAO_PAULO", "NOMEFANTASIA": "RENATO_GABRIEL_-_FISIOTERAPIA", "RAZAOSOCIAL": "RENATO_GABRIEL_-_CLINICA_DE_FISIOTERAPIA", "ENDEE": "RUA_ARDISIA172__VILA_PROGRESSO_08245-230", "LMAPS": "https://www.google.com/maps?q=&layer=c&cbll=-23.5178988,-46.4309452", "O_QUE_FAZER": "FINALIZADO", "ER_REGIAO_CIDADE_min": "Capital Leste II_São Miguel" }, "geometry": { "type": "Point", "coordinates": [ -46.4309452, -23.5178988 ] } },
{ "type": "Feature", "properties": { "fid": 254400, "CNPJ": "50877588000134", "IDCIDADE": "SAO_PAULO", "NOMEFANTASIA": "COLE_MOVEIS", "RAZAOSOCIAL": "COLE_EQUIPAMENTOS_PARA_ESCRITORIO_LTDA", "ENDEE": "RUA_HENRIQUE_DE_PAULA_FRANCA128__SAO_MIGUEL_PAULISTA_08010-080", "LMAPS": "https://www.google.com/maps?q=&layer=c&cbll=-23.4928489,-46.4432046", "O_QUE_FAZER": "CARTEIRA", "ER_REGIAO_CIDADE_min": "Capital Leste II_São Miguel" }, "geometry": { "type": "Point", "coordinates": [ -46.4432046, -23.4928489 ] } },
{ "type": "Feature", "properties": { "fid": 255741, "CNPJ": "51123312000123", "IDCIDADE": "SAO PAULO", "NOMEFANTASIA": "-", "RAZAOSOCIAL": "51.123.312_CLAUDEANE_DOS_SANTOS", "ENDEE": "RUA ERVA DE ANTA, 200, VILA CHAVANTES, 08041-160, SÃO PAULO, SP, BRASIL", "LMAPS": "https://www.google.com/maps?q=&layer=c&cbll=-23.5151686,-46.4419318", "O_QUE_FAZER": "CARTEIRA - FAMPE", "ER_REGIAO_CIDADE_min": "Capital Leste II_São Miguel" }, "geometry": { "type": "Point", "coordinates": [ -46.4419318, -23.5151686 ] } },
{ "type": "Feature", "properties": { "fid": 255807, "CNPJ": "51133865000167", "IDCIDADE": "SAO_PAULO", "NOMEFANTASIA": "EDEN_CAFE", "RAZAOSOCIAL": "FRANCISCO_GERALDO_SOARES_NOVAIS_CAFETERIA_LTDA", "ENDEE": "AVENIDA_MARECHAL_TITO159__SAO_MIGUEL_PAULISTA_08010-090", "LMAPS": "https://www.google.com/maps?q=&layer=c&cbll=-23.4931902,-46.4439508", "O_QUE_FAZER": "CARTEIRA", "ER_REGIAO_CIDADE_min": "Capital Leste II_São Miguel" }, "geometry": { "type": "Point", "coordinates": [ -46.4439508, -23.4931902 ] } },
{ "type": "Feature", "properties": { "fid": 256645, "CNPJ": "51315359000199", "IDCIDADE": "SAO PAULO", "NOMEFANTASIA": "-", "RAZAOSOCIAL": "51.315.359_ALDENIZA_CANDIDO_DE_QUEIROZ", "ENDEE": "RUA PAULINO JOSE DE OLIVEIRA, 100, CASA, VILA APARECIDA, 08020-190, SÃO PAULO, SP, BRASIL", "LMAPS": "https://www.google.com/maps?q=&layer=c&cbll=-23.5064297,-46.4406891", "O_QUE_FAZER": "CARTEIRA - FAMPE", "ER_REGIAO_CIDADE_min": "Capital Leste II_São Miguel" }, "geometry": { "type": "Point", "coordinates": [ -46.4406891, -23.5064297 ] } },
{ "type": "Feature", "properties": { "fid": 256956, "CNPJ": "51381674000114", "IDCIDADE": "SAO_PAULO", "NOMEFANTASIA": "LA_KAMA_COLCHOES", "RAZAOSOCIAL": "L_M_ARABI_-_COLCHOES", "ENDEE": "AVENIDA_MARECHAL_TITO1150__SAO_MIGUEL_PAULISTA_08010-090", "LMAPS": "https://www.google.com/maps?q=&layer=c&cbll=-23.4953489,-46.4349457", "O_QUE_FAZER": "CARTEIRA", "ER_REGIAO_CIDADE_min": "Capital Leste II_São Miguel" }, "geometry": { "type": "Point", "coordinates": [ -46.4349457, -23.4953489 ] } },
{ "type": "Feature", "properties": { "fid": 257869, "CNPJ": "51559318000148", "IDCIDADE": "SAO_PAULO", "NOMEFANTASIA": "AUTO_PECAS_E_ACESSORIOS_PRIMO_LTDA_ ", "RAZAOSOCIAL": "AUTO_PECAS_E_ACESSORIOS_PRIMO_LTDA", "ENDEE": "AVENIDA_MARECHAL_TITO262__SAO_MIGUEL_PAULISTA_08010-090", "LMAPS": "https://www.google.com/maps?q=&layer=c&cbll=-23.4937317,-46.4432816", "O_QUE_FAZER": "CARTEIRA", "ER_REGIAO_CIDADE_min": "Capital Leste II_São Miguel" }, "geometry": { "type": "Point", "coordinates": [ -46.4432816, -23.4937317 ] } },
{ "type": "Feature", "properties": { "fid": 258638, "CNPJ": "51722544000106", "IDCIDADE": "SAO_PAULO", "NOMEFANTASIA": "OTICA_INDAIA", "RAZAOSOCIAL": "OTICA_SMI_LTDA", "ENDEE": "AVENIDA_MARECHAL_TITO794__SAO_MIGUEL_PAULISTA_08010-090", "LMAPS": "https://www.google.com/maps?q=&layer=c&cbll=-23.4949407,-46.438564", "O_QUE_FAZER": "CARTEIRA", "ER_REGIAO_CIDADE_min": "Capital Leste II_São Miguel" }, "geometry": { "type": "Point", "coordinates": [ -46.438564, -23.4949407 ] } },
{ "type": "Feature", "properties": { "fid": 260634, "CNPJ": "52117062000181", "IDCIDADE": "SAO_PAULO", "NOMEFANTASIA": "-", "RAZAOSOCIAL": "52.117.062_REGINALDO_FURTADO_DE_CARVALHO", "ENDEE": "AVENIDA_JACATIRAO DA SERRA_687_VILA PROGRESSO_08245-020_SAO_PAULO", "LMAPS": "https://www.google.com/maps?q=&layer=c&cbll=-23.5186146,-46.4335313", "O_QUE_FAZER": "APLICAR T2", "ER_REGIAO_CIDADE_min": "Capital Leste II_São Miguel" }, "geometry": { "type": "Point", "coordinates": [ -46.4335313, -23.5186146 ] } },
{ "type": "Feature", "properties": { "fid": 262112, "CNPJ": "52424157000148", "IDCIDADE": "SAO_PAULO", "NOMEFANTASIA": "BAZAR_SUELI", "RAZAOSOCIAL": "BAZAR_SUELI_E_ARTESANATO_LTDA", "ENDEE": "AVENIDA_MARECHAL_TITO765__SAO_MIGUEL_PAULISTA_08010-090", "LMAPS": "https://www.google.com/maps?q=&layer=c&cbll=-23.4946513,-46.4384702", "O_QUE_FAZER": "CARTEIRA", "ER_REGIAO_CIDADE_min": "Capital Leste II_São Miguel" }, "geometry": { "type": "Point", "coordinates": [ -46.4384702, -23.4946513 ] } },
{ "type": "Feature", "properties": { "fid": 262241, "CNPJ": "52452596000164", "IDCIDADE": "SAO_PAULO", "NOMEFANTASIA": "PADARIA_NOVA_UNIDA", "RAZAOSOCIAL": "PANIFICADORA_UNIDA_LTDA", "ENDEE": "AVENIDA_PIRES_DO_RIO2681__JARDIM_SAO_SEBASTIAO_08041-000", "LMAPS": "https://www.google.com/maps?q=&layer=c&cbll=-23.5172502,-46.4435779", "O_QUE_FAZER": "CARTEIRA", "ER_REGIAO_CIDADE_min": "Capital Leste II_São Miguel" }, "geometry": { "type": "Point", "coordinates": [ -46.4435779, -23.5172502 ] } },
{ "type": "Feature", "properties": { "fid": 262263, "CNPJ": "52454560000110", "IDCIDADE": "SAO PAULO", "NOMEFANTASIA": "-", "RAZAOSOCIAL": "52.454.560_JULIA_SANTOS_BRONZIN", "ENDEE": "AVENIDA ROSARIA, 573, VILA ROSARIA, 08021-070, SÃO PAULO, SP, BRASIL", "LMAPS": "https://www.google.com/maps?q=&layer=c&cbll=-23.500405,-46.4322001", "O_QUE_FAZER": "CARTEIRA - FAMPE", "ER_REGIAO_CIDADE_min": "Capital Leste II_São Miguel" }, "geometry": { "type": "Point", "coordinates": [ -46.4322001, -23.500405 ] } },
{ "type": "Feature", "properties": { "fid": 262333, "CNPJ": "52466508000183", "IDCIDADE": "SAO PAULO", "NOMEFANTASIA": "-", "RAZAOSOCIAL": "52.466.508_MICHELE_DE_FATIMA_CORREIA_NASCIMENTO", "ENDEE": "AVENIDA DEOCLECIANO ALVES PEREIRA, 575, VILA ROSARIA, 08021-400, SÃO PAULO, SP, BRASIL", "LMAPS": "https://www.google.com/maps?q=&layer=c&cbll=-23.5030689,-46.4337473", "O_QUE_FAZER": "CARTEIRA - FAMPE", "ER_REGIAO_CIDADE_min": "Capital Leste II_São Miguel" }, "geometry": { "type": "Point", "coordinates": [ -46.4337473, -23.5030689 ] } },
{ "type": "Feature", "properties": { "fid": 263907, "CNPJ": "52787330000172", "IDCIDADE": "SAO_PAULO", "NOMEFANTASIA": "MARIO_KAZUO_KUMABE", "RAZAOSOCIAL": "MARIO_KAZUO_KUMABE", "ENDEE": "AVENIDA_NORDESTINA59__VILA_AMERICANA_08011-000", "LMAPS": "https://www.google.com/maps?q=&layer=c&cbll=-23.4940469,-46.443448", "O_QUE_FAZER": "CARTEIRA", "ER_REGIAO_CIDADE_min": "Capital Leste II_São Miguel" }, "geometry": { "type": "Point", "coordinates": [ -46.443448, -23.4940469 ] } },
{ "type": "Feature", "properties": { "fid": 265469, "CNPJ": "53139829000136", "IDCIDADE": "SAO PAULO", "NOMEFANTASIA": "DUETECH_TEXTIL", "RAZAOSOCIAL": "JF_NOVO_UNIFORME_LTDA", "ENDEE": "RUA AFONSO SIMONE NETO, 66, JARDIM SÃO VICENTE, 08021-560, SÃO PAULO, SP, BRASIL", "LMAPS": "https://www.google.com/maps?q=&layer=c&cbll=-23.4999882,-46.4305556", "O_QUE_FAZER": "CARTEIRA - FAMPE", "ER_REGIAO_CIDADE_min": "Capital Leste II_São Miguel" }, "geometry": { "type": "Point", "coordinates": [ -46.4305556, -23.4999882 ] } },
{ "type": "Feature", "properties": { "fid": 265983, "CNPJ": "53259705000194", "IDCIDADE": "SAO PAULO", "NOMEFANTASIA": "-", "RAZAOSOCIAL": "53.259.705_VITOR_BEZERRA_SANTOS", "ENDEE": "RUA PEDRO GOMES PEREIRA, 319, CIDADE NOVA SAO MIGUEL, 08042-220, SÃO PAULO, SP, BRASIL", "LMAPS": "https://www.google.com/maps?q=&layer=c&cbll=-23.5074834,-46.434146", "O_QUE_FAZER": "CARTEIRA - FAMPE", "ER_REGIAO_CIDADE_min": "Capital Leste II_São Miguel" }, "geometry": { "type": "Point", "coordinates": [ -46.434146, -23.5074834 ] } },
{ "type": "Feature", "properties": { "fid": 267558, "CNPJ": "53628657000164", "IDCIDADE": "SAO_PAULO", "NOMEFANTASIA": "ANUAL_DEPOSITO_DE_MEIAS", "RAZAOSOCIAL": "DEPOSITO_DE_MEIAS_ANUAR_LTDA", "ENDEE": "RUA_JOSE_OTONI213__SAO_MIGUEL_PAULISTA_08010-290", "LMAPS": "https://www.google.com/maps?q=&layer=c&cbll=-23.4920801,-46.4395609", "O_QUE_FAZER": "CARTEIRA", "ER_REGIAO_CIDADE_min": "Capital Leste II_São Miguel" }, "geometry": { "type": "Point", "coordinates": [ -46.4395609, -23.4920801 ] } },
{ "type": "Feature", "properties": { "fid": 268077, "CNPJ": "53755443000159", "IDCIDADE": "SAO_PAULO", "NOMEFANTASIA": "TECELANDIA_DECORACOES_INDUSTRIA_E_COMERCIO_LTDA_ ", "RAZAOSOCIAL": "TECELANDIA_DECORACOES_INDUSTRIA_E_COMERCIO_LTDA", "ENDEE": "RUA_CAPITAO_FRANCISCO_ISAIAS_DE_CARVALHO146__SAO_MIGUEL_PAULISTA_08010-030", "LMAPS": "https://www.google.com/maps?q=&layer=c&cbll=-23.4912541,-46.4430619", "O_QUE_FAZER": "CARTEIRA", "ER_REGIAO_CIDADE_min": "Capital Leste II_São Miguel" }, "geometry": { "type": "Point", "coordinates": [ -46.4430619, -23.4912541 ] } },
{ "type": "Feature", "properties": { "fid": 273521, "CNPJ": "54948042000188", "IDCIDADE": "SAO_PAULO", "NOMEFANTASIA": "CENTER_BENEVALDO_COMERCIO_DE_CONSTRUCAO", "RAZAOSOCIAL": "CENTER_BENEVALDO_MATERIAIS_PARA_CONSTRUCAO_LTDA", "ENDEE": "PRACA_ANTONIO_ASSIS_PEREIRA2__CIDADE_NOVA_SAO_MIGUEL_08042-270", "LMAPS": "https://www.google.com/maps?q=&layer=c&cbll=-23.5045377,-46.4332791", "O_QUE_FAZER": "CARTEIRA", "ER_REGIAO_CIDADE_min": "Capital Leste II_São Miguel" }, "geometry": { "type": "Point", "coordinates": [ -46.4332791, -23.5045377 ] } },
{ "type": "Feature", "properties": { "fid": 274240, "CNPJ": "55106568000183", "IDCIDADE": "SAO_PAULO", "NOMEFANTASIA": "SANTMARTIN_SEGUROS_COMERCIO_DE_PLANOS_DE_SAUDE_LTDA", "RAZAOSOCIAL": "SANTMARTIN_SEGUROS", "ENDEE": "RUA_DANIEL_BERNARDO61__SAO_MIGUEL_PAULISTA_08010-100", "LMAPS": "https://www.google.com/maps?q=&layer=c&cbll=-23.4940278,-46.4418774", "O_QUE_FAZER": "FINALIZADO", "ER_REGIAO_CIDADE_min": "Capital Leste II_São Miguel" }, "geometry": { "type": "Point", "coordinates": [ -46.4418774, -23.4940278 ] } },
{ "type": "Feature", "properties": { "fid": 276309, "CNPJ": "55594325000131", "IDCIDADE": "SAO_PAULO", "NOMEFANTASIA": "55.594.325_THAMIRES_FREIRE_DE_OLIVEIRA_LOMBARDE", "RAZAOSOCIAL": "BOLOS_DA_TITA_", "ENDEE": "RUA_PROJETADA15__VILA_PROGRESSO_08245-025", "LMAPS": "https://www.google.com/maps?q=&layer=c&cbll=-23.5204759,-46.4340223", "O_QUE_FAZER": "FINALIZADO", "ER_REGIAO_CIDADE_min": "Capital Leste II_São Miguel" }, "geometry": { "type": "Point", "coordinates": [ -46.4340223, -23.5204759 ] } },
{ "type": "Feature", "properties": { "fid": 276311, "CNPJ": "55594477000134", "IDCIDADE": "SAO_PAULO", "NOMEFANTASIA": "AUTO_ESCOLA_ALENCAR ", "RAZAOSOCIAL": "AUTO_ESCOLA_ALENCAR_LTDA", "ENDEE": "AVENIDA_PIRES_DO_RIO2419__JARDIM_SAO_SEBASTIAO_08041-000", "LMAPS": "https://www.google.com/maps?q=&layer=c&cbll=-23.5179744,-46.4436878", "O_QUE_FAZER": "CARTEIRA", "ER_REGIAO_CIDADE_min": "Capital Leste II_São Miguel" }, "geometry": { "type": "Point", "coordinates": [ -46.4436878, -23.5179744 ] } },
{ "type": "Feature", "properties": { "fid": 277953, "CNPJ": "56004807000157", "IDCIDADE": "SAO_PAULO", "NOMEFANTASIA": "FOTO_DARCY", "RAZAOSOCIAL": "FD_SOLUCOES_EM_IMPRESSAO_LTDA", "ENDEE": "RUA_MIGUEL_ANGELO_LAPENA224__SAO_MIGUEL_PAULISTA_08010-040", "LMAPS": "https://www.google.com/maps?q=&layer=c&cbll=-23.4914923,-46.4419988", "O_QUE_FAZER": "CARTEIRA", "ER_REGIAO_CIDADE_min": "Capital Leste II_São Miguel" }, "geometry": { "type": "Point", "coordinates": [ -46.4419988, -23.4914923 ] } },
{ "type": "Feature", "properties": { "fid": 278186, "CNPJ": "56069683000198", "IDCIDADE": "SAO_PAULO", "NOMEFANTASIA": "LUXO_OUTLET_STORE_LTDA", "RAZAOSOCIAL": "LUXO_STORE", "ENDEE": "AVENIDA_MARECHAL_TITO283__SAO_MIGUEL_PAULISTA_08010-090", "LMAPS": "https://www.google.com/maps?q=&layer=c&cbll=-23.4934013,-46.4428537", "O_QUE_FAZER": "FINALIZADO", "ER_REGIAO_CIDADE_min": "Capital Leste II_São Miguel" }, "geometry": { "type": "Point", "coordinates": [ -46.4428537, -23.4934013 ] } },
{ "type": "Feature", "properties": { "fid": 278570, "CNPJ": "56175161000170", "IDCIDADE": "SAO PAULO", "NOMEFANTASIA": "-", "RAZAOSOCIAL": "56.175.161_CAMILA_CRISTINA_DA_SILVA", "ENDEE": "AVENIDA PIRES DO RIO, 813 A, VILA AMERICANA, 08020-000, SÃO PAULO, SP, BRASIL", "LMAPS": "https://www.google.com/maps?q=&layer=c&cbll=-23.5036878,-46.4426284", "O_QUE_FAZER": "CARTEIRA - FAMPE", "ER_REGIAO_CIDADE_min": "Capital Leste II_São Miguel" }, "geometry": { "type": "Point", "coordinates": [ -46.4426284, -23.5036878 ] } },
{ "type": "Feature", "properties": { "fid": 278688, "CNPJ": "56208432000147", "IDCIDADE": "SAO_PAULO", "NOMEFANTASIA": "FARMANATURAL", "RAZAOSOCIAL": "FARMANATURAL_FARMACIA_E_LABORATORIO_LTDA", "ENDEE": "RUA_CAPITAO_FRANCISCO_ISAIAS_DE_CARVALHO188__SAO_MIGUEL_PAULISTA_08010-030", "LMAPS": "https://www.google.com/maps?q=&layer=c&cbll=-23.491764,-46.4415601", "O_QUE_FAZER": "CARTEIRA", "ER_REGIAO_CIDADE_min": "Capital Leste II_São Miguel" }, "geometry": { "type": "Point", "coordinates": [ -46.4415601, -23.491764 ] } },
{ "type": "Feature", "properties": { "fid": 278759, "CNPJ": "56228992000163", "IDCIDADE": "SAO_PAULO", "NOMEFANTASIA": "MAZARIZAL_PAPELARIA", "RAZAOSOCIAL": "LOJA_ISAURA_LTDA", "ENDEE": "AVENIDA_MARECHAL_TITO755__SAO_MIGUEL_PAULISTA_08010-090", "LMAPS": "https://www.google.com/maps?q=&layer=c&cbll=-23.4944944,-46.4383272", "O_QUE_FAZER": "CARTEIRA", "ER_REGIAO_CIDADE_min": "Capital Leste II_São Miguel" }, "geometry": { "type": "Point", "coordinates": [ -46.4383272, -23.4944944 ] } },
{ "type": "Feature", "properties": { "fid": 279918, "CNPJ": "56876410000155", "IDCIDADE": "SAO_PAULO", "NOMEFANTASIA": "YELLO_BOX_PRESENTES", "RAZAOSOCIAL": "PAULO_&_ELIZA_YELLOW_BOX_PRESENTES_E_UTILIDADES_LTDA", "ENDEE": "AVENIDA_MARECHAL_TITO567__SAO_MIGUEL_PAULISTA_08010-090", "LMAPS": "https://www.google.com/maps?q=&layer=c&cbll=-23.493533,-46.4396308", "O_QUE_FAZER": "APLICAR T2", "ER_REGIAO_CIDADE_min": "Capital Leste II_São Miguel" }, "geometry": { "type": "Point", "coordinates": [ -46.4396308, -23.493533 ] } },
{ "type": "Feature", "properties": { "fid": 280059, "CNPJ": "56920620000101", "IDCIDADE": "SAO PAULO", "NOMEFANTASIA": "Gil_Eletro", "RAZAOSOCIAL": "GIL_ELETRO_ELETRONICOS_PPE_LTDA", "ENDEE": "RUA JOAQUIM XAVIER DE LIRA, 155, VILA APARECIDA, 08020-140, SÃO PAULO, SP, BRASIL", "LMAPS": "https://www.google.com/maps?q=&layer=c&cbll=-23.5070972,-46.4415563", "O_QUE_FAZER": "CARTEIRA - FAMPE", "ER_REGIAO_CIDADE_min": "Capital Leste II_São Miguel" }, "geometry": { "type": "Point", "coordinates": [ -46.4415563, -23.5070972 ] } },
{ "type": "Feature", "properties": { "fid": 280120, "CNPJ": "56936173000170", "IDCIDADE": "SAO PAULO", "NOMEFANTASIA": "-", "RAZAOSOCIAL": "56.936.173_WALLEF_DA_SILVA_COSTA", "ENDEE": "RUA JULIAO COSME, 320, VILA SIQUEIRA (ZONA LESTE), 08070-440, SÃO PAULO, SP, BRASIL", "LMAPS": "https://www.google.com/maps?q=&layer=c&cbll=-23.4941163,-46.4537392", "O_QUE_FAZER": "CARTEIRA - FAMPE", "ER_REGIAO_CIDADE_min": "Capital Leste II_São Miguel" }, "geometry": { "type": "Point", "coordinates": [ -46.4537392, -23.4941163 ] } },
{ "type": "Feature", "properties": { "fid": 280483, "CNPJ": "57037466000189", "IDCIDADE": "SAO_PAULO", "NOMEFANTASIA": "57.037.466_HUMBERTO_FRATA_DE_CARVALHO_BEZERRA", "RAZAOSOCIAL": "57.037.466_HUMBERTO_FRATA_DE_CARVALHO_BEZERRA", "ENDEE": "RUA_CARUATAI93__VILA_PROGRESSO_08240-680", "LMAPS": "https://www.google.com/maps?q=&layer=c&cbll=-23.5226068,-46.4348793", "O_QUE_FAZER": "FINALIZADO", "ER_REGIAO_CIDADE_min": "Capital Leste II_São Miguel" }, "geometry": { "type": "Point", "coordinates": [ -46.4348793, -23.5226068 ] } },
{ "type": "Feature", "properties": { "fid": 281154, "CNPJ": "57227729000112", "IDCIDADE": "SAO PAULO", "NOMEFANTASIA": null, "RAZAOSOCIAL": "TRANSPORTADORA_TRANS_BED_TRANSPORTES_LTDA", "ENDEE": "AVENIDA MOISES MAIMONIDES, 123, LETRA A, JARDIM LAJEADO, 08041-520, SÃO PAULO, SP, BRASIL", "LMAPS": "https://www.google.com/maps?q=&layer=c&cbll=-23.5155838,-46.438135", "O_QUE_FAZER": "CARTEIRA - FAMPE", "ER_REGIAO_CIDADE_min": "Capital Leste II_São Miguel" }, "geometry": { "type": "Point", "coordinates": [ -46.438135, -23.5155838 ] } },
{ "type": "Feature", "properties": { "fid": 281650, "CNPJ": "57346674000160", "IDCIDADE": "SAO_PAULO", "NOMEFANTASIA": "57.346.674_FERNANDA_SILVA_BATISTA", "RAZAOSOCIAL": "COISAS_DE_MALU", "ENDEE": "AVENIDA_MARECHAL_TITO955__SAO_MIGUEL_PAULISTA_08115-000", "LMAPS": "https://www.google.com/maps?q=&layer=c&cbll=-23.4946147,-46.4364052", "O_QUE_FAZER": "FINALIZADO", "ER_REGIAO_CIDADE_min": "Capital Leste II_São Miguel" }, "geometry": { "type": "Point", "coordinates": [ -46.4364052, -23.4946147 ] } },
{ "type": "Feature", "properties": { "fid": 282097, "CNPJ": "57472882000105", "IDCIDADE": "SAO_PAULO", "NOMEFANTASIA": "57.472.882_WLIENE_DANIELE_DA_SILVA", "RAZAOSOCIAL": "ARMAZEM", "ENDEE": "RUA_JOSE_OTONI80__SAO_MIGUEL_PAULISTA_08010-290", "LMAPS": "https://www.google.com/maps?q=&layer=c&cbll=-23.4931752,-46.4400555", "O_QUE_FAZER": "FINALIZADO", "ER_REGIAO_CIDADE_min": "Capital Leste II_São Miguel" }, "geometry": { "type": "Point", "coordinates": [ -46.4400555, -23.4931752 ] } },
{ "type": "Feature", "properties": { "fid": 283197, "CNPJ": "57796733000100", "IDCIDADE": "SAO PAULO", "NOMEFANTASIA": "-", "RAZAOSOCIAL": "57.796.733_RODRIGO_BIAGIO_VIEIRA_DE_LIMA", "ENDEE": "RUA TELEMACO BORBA, 9, VILA VESSONI, 08020-250, SÃO PAULO, SP, BRASIL", "LMAPS": "https://www.google.com/maps?q=&layer=c&cbll=-23.5047712,-46.4424371", "O_QUE_FAZER": "CARTEIRA - FAMPE", "ER_REGIAO_CIDADE_min": "Capital Leste II_São Miguel" }, "geometry": { "type": "Point", "coordinates": [ -46.4424371, -23.5047712 ] } },
{ "type": "Feature", "properties": { "fid": 284316, "CNPJ": "58119928000170", "IDCIDADE": "SAO_PAULO", "NOMEFANTASIA": "58.119.928_JOELSON_RODRIGUES_DA_SILVA", "RAZAOSOCIAL": "RODRIMAQ_ASSISTENCIA_TECNICA", "ENDEE": "AVENIDA_MARECHAL_TITO955__SAO_MIGUEL_PAULISTA_08115-000", "LMAPS": "https://www.google.com/maps?q=&layer=c&cbll=-23.4946147,-46.4364052", "O_QUE_FAZER": "FINALIZADO", "ER_REGIAO_CIDADE_min": "Capital Leste II_São Miguel" }, "geometry": { "type": "Point", "coordinates": [ -46.4364052, -23.4946147 ] } },
{ "type": "Feature", "properties": { "fid": 285368, "CNPJ": "58421747000101", "IDCIDADE": "SAO_PAULO", "NOMEFANTASIA": "58.421.747_WELLINGTON_CALISTO_DE_SOUSA", "RAZAOSOCIAL": "XAMEGO_ACA", "ENDEE": "AVENIDA_RAIMUNDO_PARADERA184__VILA_ROSARIA_08021-450", "LMAPS": "https://www.google.com/maps?q=&layer=c&cbll=-23.5055723,-46.437882", "O_QUE_FAZER": "FINALIZADO", "ER_REGIAO_CIDADE_min": "Capital Leste II_São Miguel" }, "geometry": { "type": "Point", "coordinates": [ -46.437882, -23.5055723 ] } },
{ "type": "Feature", "properties": { "fid": 286844, "CNPJ": "58925403000121", "IDCIDADE": "SAO PAULO", "NOMEFANTASIA": null, "RAZAOSOCIAL": "F.R.A._EUGENIO_SERVICOS_DE_ULTRASSONOGRAFICOS", "ENDEE": "AVENIDA ROSARIA, 546, APT 85, VILA ROSARIA, 08021-070, SÃO PAULO, SP, BRASIL", "LMAPS": "https://www.google.com/maps?q=&layer=c&cbll=-23.5001539,-46.4324546", "O_QUE_FAZER": "CARTEIRA - FAMPE", "ER_REGIAO_CIDADE_min": "Capital Leste II_São Miguel" }, "geometry": { "type": "Point", "coordinates": [ -46.4324546, -23.5001539 ] } },
{ "type": "Feature", "properties": { "fid": 286972, "CNPJ": "58970047000168", "IDCIDADE": "SAO_PAULO", "NOMEFANTASIA": "ELETRONICA_LEST3", "RAZAOSOCIAL": "ELETRICA_LESTE_MOTORES_E_FERRAMENTAS_LTDA", "ENDEE": "AVENIDA_PIRES_DO_RIO75__VILA_AMERICANA_08020-000", "LMAPS": "https://www.google.com/maps?q=&layer=c&cbll=-23.4971786,-46.4420853", "O_QUE_FAZER": "CARTEIRA", "ER_REGIAO_CIDADE_min": "Capital Leste II_São Miguel" }, "geometry": { "type": "Point", "coordinates": [ -46.4420853, -23.4971786 ] } },
{ "type": "Feature", "properties": { "fid": 289126, "CNPJ": "59653774000164", "IDCIDADE": "SAO_PAULO", "NOMEFANTASIA": "FLORICULTURA_FLORES_ROMA_LTDA_ ", "RAZAOSOCIAL": "FLORICULTURA_FLORES_ROMA_LTDA", "ENDEE": "AVENIDA_PIRES_DO_RIO144__VILA_AMERICANA_08020-000", "LMAPS": "https://www.google.com/maps?q=&layer=c&cbll=-23.5091992,-46.4435001", "O_QUE_FAZER": "CARTEIRA", "ER_REGIAO_CIDADE_min": "Capital Leste II_São Miguel" }, "geometry": { "type": "Point", "coordinates": [ -46.4435001, -23.5091992 ] } },
{ "type": "Feature", "properties": { "fid": 289148, "CNPJ": "59660280000107", "IDCIDADE": "SAO_PAULO", "NOMEFANTASIA": "59.660.280_MAGNO_SANTOS_MOREIRA", "RAZAOSOCIAL": "KEBRON_EMPREITEIRA_", "ENDEE": "RUA_LAURENTINO_XAVIER_DOS_SANTOS921__VILA_PROGRESSO_08240-740", "LMAPS": "https://www.google.com/maps?q=&layer=c&cbll=-23.5228453,-46.4384869", "O_QUE_FAZER": "FINALIZADO", "ER_REGIAO_CIDADE_min": "Capital Leste II_São Miguel" }, "geometry": { "type": "Point", "coordinates": [ -46.4384869, -23.5228453 ] } },
{ "type": "Feature", "properties": { "fid": 289942, "CNPJ": "59890461000120", "IDCIDADE": "SAO_PAULO", "NOMEFANTASIA": "59.890.461_RENATA_SALIMENI_PEDROZO", "RAZAOSOCIAL": "HOME_BELEZA", "ENDEE": "RUA_JOSE_OTONI80__SAO_MIGUEL_PAULISTA_08010-290", "LMAPS": "https://www.google.com/maps?q=&layer=c&cbll=-23.4931752,-46.4400555", "O_QUE_FAZER": "FINALIZADO", "ER_REGIAO_CIDADE_min": "Capital Leste II_São Miguel" }, "geometry": { "type": "Point", "coordinates": [ -46.4400555, -23.4931752 ] } },
{ "type": "Feature", "properties": { "fid": 290093, "CNPJ": "59937277000198", "IDCIDADE": "SAO PAULO", "NOMEFANTASIA": null, "RAZAOSOCIAL": "59.937.277_VILSON_DOS_SANTOS_ALKMIM", "ENDEE": "RUA CRIUVA, 513, VILA PROGRESSO (ZONA LESTE), 08245-300, SÃO PAULO, SP, BRASIL", "LMAPS": "https://www.google.com/maps?q=&layer=c&cbll=-23.5172359,-46.4324535", "O_QUE_FAZER": "APLICAR T4", "ER_REGIAO_CIDADE_min": "Capital Leste II_São Miguel" }, "geometry": { "type": "Point", "coordinates": [ -46.4324535, -23.5172359 ] } },
{ "type": "Feature", "properties": { "fid": 290405, "CNPJ": "60044310000130", "IDCIDADE": "SAO_PAULO", "NOMEFANTASIA": "CASA_DE_CARNES_BRILHANTE", "RAZAOSOCIAL": "MARQUES_GINAS_PEREIRA", "ENDEE": "AVENIDA_PIRES_DO_RIO1071__VILA_AMERICANA_08020-000", "LMAPS": "https://www.google.com/maps?q=&layer=c&cbll=-23.505563,-46.4429081", "O_QUE_FAZER": "CARTEIRA", "ER_REGIAO_CIDADE_min": "Capital Leste II_São Miguel" }, "geometry": { "type": "Point", "coordinates": [ -46.4429081, -23.505563 ] } },
{ "type": "Feature", "properties": { "fid": 290885, "CNPJ": "60220895000100", "IDCIDADE": "SAO PAULO", "NOMEFANTASIA": "ALFA_CONCEITO", "RAZAOSOCIAL": "ISABELLA_RIBEIRO_DA_SILVA_SANTANA_SERVICOS", "ENDEE": "RUA JOÃO CÂNDIDO VIEIRA, 89, CIDADE SÃO MIGUEL, 08040-210, SÃO PAULO, SP, BRASIL", "LMAPS": "https://www.google.com/maps?q=&layer=c&cbll=-23.503333,-46.4436569", "O_QUE_FAZER": "APLICAR T4", "ER_REGIAO_CIDADE_min": "Capital Leste II_São Miguel" }, "geometry": { "type": "Point", "coordinates": [ -46.4436569, -23.503333 ] } },
{ "type": "Feature", "properties": { "fid": 293635, "CNPJ": "61173282000113", "IDCIDADE": "SAO_PAULO", "NOMEFANTASIA": "QUEIJOS_&_MERCEARIA_DANTAS", "RAZAOSOCIAL": "QUEIJOS_&_MERCEARIA_DANTAS_LTDA", "ENDEE": "RUA_MOACIR_DANTAS_ITAPICURU885__CIDADE_NOVA_SAO_MIGUEL_08042-212", "LMAPS": "https://www.google.com/maps?q=&layer=c&cbll=-23.5058028,-46.4344518", "O_QUE_FAZER": "CARTEIRA", "ER_REGIAO_CIDADE_min": "Capital Leste II_São Miguel" }, "geometry": { "type": "Point", "coordinates": [ -46.4344518, -23.5058028 ] } },
{ "type": "Feature", "properties": { "fid": 295207, "CNPJ": "61771403000129", "IDCIDADE": "SAO PAULO", "NOMEFANTASIA": null, "RAZAOSOCIAL": "61.771.403_MARILU_BRAGA_LUIZ", "ENDEE": "RUA BRAS FERREIRA DA SILVA, 293, VILA APARECIDA, 08020-150, SÃO PAULO, SP, BRASIL", "LMAPS": "https://www.google.com/maps?q=&layer=c&cbll=-23.5055984,-46.4410151", "O_QUE_FAZER": "CARTEIRA - FAMPE", "ER_REGIAO_CIDADE_min": "Capital Leste II_São Miguel" }, "geometry": { "type": "Point", "coordinates": [ -46.4410151, -23.5055984 ] } },
{ "type": "Feature", "properties": { "fid": 296452, "CNPJ": "62249057000186", "IDCIDADE": "SAO_PAULO", "NOMEFANTASIA": "PANIFICADORA_UM", "RAZAOSOCIAL": "PANIFICADORA_UM_LTDA", "ENDEE": "AVENIDA_PIRES_DO_RIO1__VILA_AMERICANA_08020-000", "LMAPS": "https://www.google.com/maps?q=&layer=c&cbll=-23.4966222,-46.4419649", "O_QUE_FAZER": "CARTEIRA", "ER_REGIAO_CIDADE_min": "Capital Leste II_São Miguel" }, "geometry": { "type": "Point", "coordinates": [ -46.4419649, -23.4966222 ] } },
{ "type": "Feature", "properties": { "fid": 297565, "CNPJ": "62732466000139", "IDCIDADE": "SAO_PAULO", "NOMEFANTASIA": "MONTE_FUJI", "RAZAOSOCIAL": "PADARIA_E_CONFEITARIA_MONTE_FUJI_LTDA", "ENDEE": "AVENIDA_PIRES_DO_RIO653__VILA_AMERICANA_08020-000", "LMAPS": "https://www.google.com/maps?q=&layer=c&cbll=-23.50216,-46.4425567", "O_QUE_FAZER": "CARTEIRA", "ER_REGIAO_CIDADE_min": "Capital Leste II_São Miguel" }, "geometry": { "type": "Point", "coordinates": [ -46.4425567, -23.50216 ] } },
{ "type": "Feature", "properties": { "fid": 297596, "CNPJ": "62742739000126", "IDCIDADE": "SAO_PAULO", "NOMEFANTASIA": "TINTAS_SAO_MIGUEL", "RAZAOSOCIAL": "TINTAS_SAO_MIGUEL_LTDA", "ENDEE": "AVENIDA_NORDESTINA24__VILA_AMERICANA_08011-000", "LMAPS": "https://www.google.com/maps?q=&layer=c&cbll=-23.4938409,-46.4436544", "O_QUE_FAZER": "APLICAR T2", "ER_REGIAO_CIDADE_min": "Capital Leste II_São Miguel" }, "geometry": { "type": "Point", "coordinates": [ -46.4436544, -23.4938409 ] } },
{ "type": "Feature", "properties": { "fid": 297877, "CNPJ": "62868414000194", "IDCIDADE": "SAO_PAULO", "NOMEFANTASIA": "TZ_CAR_SERVICOS_AUTOMOTIVOS_LTDA", "RAZAOSOCIAL": "TZ_CAR", "ENDEE": "AVENIDA_PIRES_DO_RIO2251__BELENZINHO_03163-010", "LMAPS": "https://www.google.com/maps?q=&layer=c&cbll=-23.5165361,-46.4435588", "O_QUE_FAZER": "APLICAR T2", "ER_REGIAO_CIDADE_min": "Capital Leste II_São Miguel" }, "geometry": { "type": "Point", "coordinates": [ -46.4435588, -23.5165361 ] } },
{ "type": "Feature", "properties": { "fid": 300195, "CNPJ": "64396029000117", "IDCIDADE": "SAO PAULO", "NOMEFANTASIA": null, "RAZAOSOCIAL": "64.396.029_GRAZIELI_CONCEICAO_DE_LIMA", "ENDEE": "RUA DOUTOR MARIO MOURA, 16B, VILA PROGRESSO (ZONA LESTE), 08240-480, SÃO PAULO, SP, BRASIL", "LMAPS": "https://www.google.com/maps?q=&layer=c&cbll=-23.5228541,-46.4424063", "O_QUE_FAZER": "CARTEIRA - FAMPE", "ER_REGIAO_CIDADE_min": "Capital Leste II_São Miguel" }, "geometry": { "type": "Point", "coordinates": [ -46.4424063, -23.5228541 ] } },
{ "type": "Feature", "properties": { "fid": 301503, "CNPJ": "65020125000129", "IDCIDADE": "SAO_PAULO", "NOMEFANTASIA": "JORDAM_MODAS", "RAZAOSOCIAL": "CREACOES_JORDAM_LTDA", "ENDEE": "RUA_SERRA_DOURADA109__SAO_MIGUEL_PAULISTA_08010-000", "LMAPS": "https://www.google.com/maps?q=&layer=c&cbll=-23.4919715,-46.4408489", "O_QUE_FAZER": "CARTEIRA", "ER_REGIAO_CIDADE_min": "Capital Leste II_São Miguel" }, "geometry": { "type": "Point", "coordinates": [ -46.4408489, -23.4919715 ] } },
{ "type": "Feature", "properties": { "fid": 303810, "CNPJ": "66211884000131", "IDCIDADE": "SAO PAULO", "NOMEFANTASIA": null, "RAZAOSOCIAL": "66.211.884_ALEXANDRE_DAS_CHAGAS", "ENDEE": "RUA ERVA PREA, 23, JARDIM LAJEADO, 08041-570, SÃO PAULO, SP, BRASIL", "LMAPS": "https://www.google.com/maps?q=&layer=c&cbll=-23.5151874,-46.4369212", "O_QUE_FAZER": "CARTEIRA - FAMPE", "ER_REGIAO_CIDADE_min": "Capital Leste II_São Miguel" }, "geometry": { "type": "Point", "coordinates": [ -46.4369212, -23.5151874 ] } },
{ "type": "Feature", "properties": { "fid": 303854, "CNPJ": "66254689000199", "IDCIDADE": "SAO PAULO", "NOMEFANTASIA": null, "RAZAOSOCIAL": "66.254.689_EVERTON_DO_NASCIMENTO_SILVA", "ENDEE": "RUA ABAITINGA, 250, CIDADE NITRO OPERARIA, 08010-360, SÃO PAULO, SP, BRASIL", "LMAPS": "https://www.google.com/maps?q=&layer=c&cbll=-23.4931171,-46.4370421", "O_QUE_FAZER": "CARTEIRA - FAMPE", "ER_REGIAO_CIDADE_min": "Capital Leste II_São Miguel" }, "geometry": { "type": "Point", "coordinates": [ -46.4370421, -23.4931171 ] } },
{ "type": "Feature", "properties": { "fid": 304681, "CNPJ": "66752791000114", "IDCIDADE": "SAO_PAULO", "NOMEFANTASIA": "NIVECAR_AUTOMOVEIS_LTDA.", "RAZAOSOCIAL": "VIOCAR_AUTOMOVEIS", "ENDEE": "AVENIDA_MARECHAL_TITO1315__SAO_MIGUEL_PAULISTA_08115-000", "LMAPS": "https://www.google.com/maps?q=&layer=c&cbll=-23.4950432,-46.4329662", "O_QUE_FAZER": "FINALIZADO", "ER_REGIAO_CIDADE_min": "Capital Leste II_São Miguel" }, "geometry": { "type": "Point", "coordinates": [ -46.4329662, -23.4950432 ] } },
{ "type": "Feature", "properties": { "fid": 304961, "CNPJ": "66855453000108", "IDCIDADE": "SAO PAULO", "NOMEFANTASIA": null, "RAZAOSOCIAL": "ADVANCE_CONTABILIDADE_LTDA", "ENDEE": "RUA JOSE OTONI, 284, ANDAR 8 CONJ 83,84, SAO MIGUEL PAULISTA, 08010-290, SÃO PAULO, SP, BRASIL", "LMAPS": "https://www.google.com/maps?q=&layer=c&cbll=-23.4916257,-46.4386543", "O_QUE_FAZER": "CARTEIRA - FAMPE", "ER_REGIAO_CIDADE_min": "Capital Leste II_São Miguel" }, "geometry": { "type": "Point", "coordinates": [ -46.4386543, -23.4916257 ] } },
{ "type": "Feature", "properties": { "fid": 305022, "CNPJ": "66882820000162", "IDCIDADE": "SAO_PAULO", "NOMEFANTASIA": "PASTELARIA_TERUYA", "RAZAOSOCIAL": "PASTELARIA_TERUYA_E_MERCEARIA_LTDA", "ENDEE": "RUA_SALVADOR_DE_MEDEIROS346__SAO_MIGUEL_PAULISTA_08010-020", "LMAPS": "https://www.google.com/maps?q=&layer=c&cbll=-23.4911693,-46.441139", "O_QUE_FAZER": "CARTEIRA", "ER_REGIAO_CIDADE_min": "Capital Leste II_São Miguel" }, "geometry": { "type": "Point", "coordinates": [ -46.441139, -23.4911693 ] } },
{ "type": "Feature", "properties": { "fid": 305686, "CNPJ": "67186803000153", "IDCIDADE": "SAO PAULO", "NOMEFANTASIA": null, "RAZAOSOCIAL": "67.186.803_CINTHIA_VASCONCELOS_LIMA", "ENDEE": "RUA AFONSO SIMONE NETO, 251, JARDIM SAO VICENTE, 08021-560, SÃO PAULO, SP, BRASIL", "LMAPS": "https://www.google.com/maps?q=&layer=c&cbll=-23.4997604,-46.4287717", "O_QUE_FAZER": "CARTEIRA - FAMPE", "ER_REGIAO_CIDADE_min": "Capital Leste II_São Miguel" }, "geometry": { "type": "Point", "coordinates": [ -46.4287717, -23.4997604 ] } },
{ "type": "Feature", "properties": { "fid": 305918, "CNPJ": "67287144000141", "IDCIDADE": "SAO_PAULO", "NOMEFANTASIA": "OCEANO_PRONTA_ENTREGA", "RAZAOSOCIAL": "FENIX_LAR_CENTRO_UTILIDADES_DOMESTICAS_LTDA", "ENDEE": "RUA_MIGUEL_ANGELO_LAPENA140__SAO_MIGUEL_PAULISTA_08010-040", "LMAPS": "https://www.google.com/maps?q=&layer=c&cbll=-23.4921646,-46.4417261", "O_QUE_FAZER": "CARTEIRA", "ER_REGIAO_CIDADE_min": "Capital Leste II_São Miguel" }, "geometry": { "type": "Point", "coordinates": [ -46.4417261, -23.4921646 ] } },
{ "type": "Feature", "properties": { "fid": 305956, "CNPJ": "67305532000108", "IDCIDADE": "SAO_PAULO", "NOMEFANTASIA": "PIZZA_PAULISTA", "RAZAOSOCIAL": "CARVALHO_&_SILVA_PIZZARIA_LTDA", "ENDEE": "RUA_ENGENHEIRO_CESAR_POLILO16__VILA_GIORDANO_08021-150", "LMAPS": "https://www.google.com/maps?q=&layer=c&cbll=-23.50003,-46.4424101", "O_QUE_FAZER": "CARTEIRA", "ER_REGIAO_CIDADE_min": "Capital Leste II_São Miguel" }, "geometry": { "type": "Point", "coordinates": [ -46.4424101, -23.50003 ] } },
{ "type": "Feature", "properties": { "fid": 306625, "CNPJ": "67665538000196", "IDCIDADE": "SAO PAULO", "NOMEFANTASIA": null, "RAZAOSOCIAL": "67.665.538_EDUARDO_CARVALHO_DOS_SANTOS", "ENDEE": "RUA AGRIMONIA, 36, VILA RAQUEL, 08041-390, SÃO PAULO, SP, BRASIL", "LMAPS": "https://www.google.com/maps?q=&layer=c&cbll=-23.5170611,-46.440923", "O_QUE_FAZER": "CARTEIRA - FAMPE", "ER_REGIAO_CIDADE_min": "Capital Leste II_São Miguel" }, "geometry": { "type": "Point", "coordinates": [ -46.440923, -23.5170611 ] } },
{ "type": "Feature", "properties": { "fid": 308747, "CNPJ": "69070399000183", "IDCIDADE": "SAO_PAULO", "NOMEFANTASIA": "KADAO_AUTO_CENTER", "RAZAOSOCIAL": "KADAO_-_AUTO_CENTER_LTDA", "ENDEE": "RUA_CARDON1111__VILA_PROGRESSO_08041-525", "LMAPS": "https://www.google.com/maps?q=&layer=c&cbll=-23.5193762,-46.4406446", "O_QUE_FAZER": "CARTEIRA", "ER_REGIAO_CIDADE_min": "Capital Leste II_São Miguel" }, "geometry": { "type": "Point", "coordinates": [ -46.4406446, -23.5193762 ] } },
{ "type": "Feature", "properties": { "fid": 308748, "CNPJ": "69070399000345", "IDCIDADE": "SAO_PAULO", "NOMEFANTASIA": "KADAO_CENTER", "RAZAOSOCIAL": "KADAO_-_AUTO_CENTER_LTDA", "ENDEE": "AVENIDA_PIRES_DO_RIO2251__JARDIM_SAO_SEBASTIAO_08041-000", "LMAPS": "https://www.google.com/maps?q=&layer=c&cbll=-23.5165674,-46.4435827", "O_QUE_FAZER": "CARTEIRA", "ER_REGIAO_CIDADE_min": "Capital Leste II_São Miguel" }, "geometry": { "type": "Point", "coordinates": [ -46.4435827, -23.5165674 ] } },
{ "type": "Feature", "properties": { "fid": 309853, "CNPJ": "72009764000159", "IDCIDADE": "SAO_PAULO", "NOMEFANTASIA": "GAMILEIRA_MATERIAIS_PARA_CONSTRUCAO", "RAZAOSOCIAL": "GAMILEIRA_MATERIAIS_PARA_CONSTRUCAO_LTDA", "ENDEE": "RUA_CIPO_DE_CHUMBO1__VILA_PROGRESSO_08240-520", "LMAPS": "https://www.google.com/maps?q=&layer=c&cbll=-23.5199933,-46.4412409", "O_QUE_FAZER": "CARTEIRA", "ER_REGIAO_CIDADE_min": "Capital Leste II_São Miguel" }, "geometry": { "type": "Point", "coordinates": [ -46.4412409, -23.5199933 ] } },
{ "type": "Feature", "properties": { "fid": 310829, "CNPJ": "73171472000180", "IDCIDADE": "SAO_PAULO", "NOMEFANTASIA": "DOMI_LUSTRES", "RAZAOSOCIAL": "DOMI_LUSTRES_LTDA", "ENDEE": "AVENIDA_PIRES_DO_RIO912__VILA_AMERICANA_08020-000", "LMAPS": "https://www.google.com/maps?q=&layer=c&cbll=-23.504436,-46.4430591", "O_QUE_FAZER": "CARTEIRA", "ER_REGIAO_CIDADE_min": "Capital Leste II_São Miguel" }, "geometry": { "type": "Point", "coordinates": [ -46.4430591, -23.504436 ] } },
{ "type": "Feature", "properties": { "fid": 311944, "CNPJ": "96280334000135", "IDCIDADE": "SAO_PAULO", "NOMEFANTASIA": "JBEZERRA", "RAZAOSOCIAL": "J.BEZERRA_MATERIAIS_P/CONSTRUCOES_LTDA", "ENDEE": "AVENIDA_PIRES_DO_RIO2672__JARDIM_SAO_SEBASTIAO_08041-000", "LMAPS": "https://www.google.com/maps?q=&layer=c&cbll=-23.5170077,-46.443864", "O_QUE_FAZER": "CARTEIRA", "ER_REGIAO_CIDADE_min": "Capital Leste II_São Miguel" }, "geometry": { "type": "Point", "coordinates": [ -46.443864, -23.5170077 ] } },
{ "type": "Feature", "properties": { "fid": 312635, "CNPJ": "97547322000197", "IDCIDADE": "SAO_PAULO", "NOMEFANTASIA": "FORCE_COSMETICOS", "RAZAOSOCIAL": "DIOGENES_ANTONIO_BARBOSA_COSMETICOS", "ENDEE": "RUA_JOSE_OTONI174__SAO_MIGUEL_PAULISTA_08010-290", "LMAPS": "https://www.google.com/maps?q=&layer=c&cbll=-23.4923467,-46.439489", "O_QUE_FAZER": "CARTEIRA", "ER_REGIAO_CIDADE_min": "Capital Leste II_São Miguel" }, "geometry": { "type": "Point", "coordinates": [ -46.439489, -23.4923467 ] } },
{ "type": "Feature", "properties": { "fid": 314198, "CNPJ": "43021028000118", "IDCIDADE": "São Paulo", "NOMEFANTASIA": "PAG MENOS", "RAZAOSOCIAL": "BOM BARATO VARIEDADES COMERCIO DE PRODUTOS ALIMENTICIOS LTDA", "ENDEE": "ARLINDO COLAÇO, 193, SÃO MIGUEL PAULISTA, 08010-010, São Paulo, SP, BRASIL", "LMAPS": "https://www.google.com/maps?q=&layer=c&cbll=-23.4924208,-46.4422624", "O_QUE_FAZER": "APLICAR T2", "ER_REGIAO_CIDADE_min": "Capital Leste II_São Miguel" }, "geometry": { "type": "Point", "coordinates": [ -46.4422624, -23.4924208 ] } },
{ "type": "Feature", "properties": { "fid": 314199, "CNPJ": "34645512000127", "IDCIDADE": "São Paulo", "NOMEFANTASIA": "CHICOS LANCHONETES", "RAZAOSOCIAL": "FRANCISCO ALVES DE AGUIAR 60005210305", "ENDEE": "SEVERINA LEOPOLDINA DE SOUSA, 220, CIDADE NITRO OPERÁRIA, 08010-310, São Paulo, SP, BRASIL", "LMAPS": "https://www.google.com/maps?q=&layer=c&cbll=-23.4924664,-46.4383294", "O_QUE_FAZER": "APLICAR T2", "ER_REGIAO_CIDADE_min": "Capital Leste II_São Miguel" }, "geometry": { "type": "Point", "coordinates": [ -46.4383294, -23.4924664 ] } },
{ "type": "Feature", "properties": { "fid": 314201, "CNPJ": "26940960000125", "IDCIDADE": "São Paulo", "NOMEFANTASIA": "PIPO LESTE ITAQUA", "RAZAOSOCIAL": "EMPORIO PIPOLESTE LTDA", "ENDEE": "ABAITINGA, 109, CIDADE NITRO OPERÁRIA, 08010-360, São Paulo, SP, BRASIL", "LMAPS": "https://www.google.com/maps?q=&layer=c&cbll=-23.4925055,-46.4382485", "O_QUE_FAZER": "APLICAR T2", "ER_REGIAO_CIDADE_min": "Capital Leste II_São Miguel" }, "geometry": { "type": "Point", "coordinates": [ -46.4382485, -23.4925055 ] } },
{ "type": "Feature", "properties": { "fid": 314203, "CNPJ": "25093466000100", "IDCIDADE": "São Paulo", "NOMEFANTASIA": "START REPAIR", "RAZAOSOCIAL": "EDVAN BATISTA DA SILVA", "ENDEE": "JOSÉ OTONI, 110, SÃO MIGUEL PAULISTA, 08010-290, São Paulo, SP, BRASIL", "LMAPS": "https://www.google.com/maps?q=&layer=c&cbll=-23.492821,-46.4397983", "O_QUE_FAZER": "APLICAR T2", "ER_REGIAO_CIDADE_min": "Capital Leste II_São Miguel" }, "geometry": { "type": "Point", "coordinates": [ -46.4397983, -23.492821 ] } },
{ "type": "Feature", "properties": { "fid": 314204, "CNPJ": "08829953000179", "IDCIDADE": "São Paulo", "NOMEFANTASIA": "TAPIOCA SABOR CASEIRO", "RAZAOSOCIAL": "TAPIOCA SABOR CASEIRO LTDA", "ENDEE": "MARECHAL TITO, 567, SÃO MIGUEL PAULISTA, 08010-090, São Paulo, SP, BRASIL", "LMAPS": "https://www.google.com/maps?q=&layer=c&cbll=-23.4929351,-46.4391582", "O_QUE_FAZER": "APLICAR T2", "ER_REGIAO_CIDADE_min": "Capital Leste II_São Miguel" }, "geometry": { "type": "Point", "coordinates": [ -46.4391582, -23.4929351 ] } },
{ "type": "Feature", "properties": { "fid": 314205, "CNPJ": "56149819000170", "IDCIDADE": "São Paulo", "NOMEFANTASIA": "VIVACE", "RAZAOSOCIAL": "56.149.819 VITORIA DE ALMEIDA COSTA BARRETO", "ENDEE": "SEVERINA LEOPOLDINA DE SOUSA, 22, CIDADE NITRO OPERÁRIA, 08010-310, São Paulo, SP, BRASIL", "LMAPS": "https://www.google.com/maps?q=&layer=c&cbll=-23.4932391,-46.4395225", "O_QUE_FAZER": "APLICAR T2", "ER_REGIAO_CIDADE_min": "Capital Leste II_São Miguel" }, "geometry": { "type": "Point", "coordinates": [ -46.4395225, -23.4932391 ] } },
{ "type": "Feature", "properties": { "fid": 314206, "CNPJ": "68326489000120", "IDCIDADE": "São Paulo", "NOMEFANTASIA": "ANGEL'S MR", "RAZAOSOCIAL": "68.326.489 ANGELA MARIA MORENO ROMA", "ENDEE": "JOSÉ OTONI, 291, SÃO MIGUEL PAULISTA, 08010-290, São Paulo, SP, BRASIL", "LMAPS": "https://www.google.com/maps?q=&layer=c&cbll=-23.4932694,-46.4398946", "O_QUE_FAZER": "APLICAR T2", "ER_REGIAO_CIDADE_min": "Capital Leste II_São Miguel" }, "geometry": { "type": "Point", "coordinates": [ -46.4398946, -23.4932694 ] } },
{ "type": "Feature", "properties": { "fid": 314207, "CNPJ": "61697892000116", "IDCIDADE": "São Paulo", "NOMEFANTASIA": "EMPORUO MISUZU", "RAZAOSOCIAL": "MISUZU EMPORIO LTDA", "ENDEE": "SEVERINA LEOPOLDINA DE SOUSA, 33, CIDADE NITRO OPERÁRIA, 08010-310, São Paulo, SP, BRASIL", "LMAPS": "https://www.google.com/maps?q=&layer=c&cbll=-23.4932982,-46.4393931", "O_QUE_FAZER": "APLICAR T2", "ER_REGIAO_CIDADE_min": "Capital Leste II_São Miguel" }, "geometry": { "type": "Point", "coordinates": [ -46.4393931, -23.4932982 ] } },
{ "type": "Feature", "properties": { "fid": 314208, "CNPJ": "36880372000105", "IDCIDADE": "São Paulo", "NOMEFANTASIA": "K14 TECIDOS", "RAZAOSOCIAL": "LUNNA PRESENTES LTDA", "ENDEE": "JOSÉ OTONI, 291, SÃO MIGUEL PAULISTA, 08010-290, São Paulo, SP, BRASIL", "LMAPS": "https://www.google.com/maps?q=&layer=c&cbll=-23.4933027,-46.4398559", "O_QUE_FAZER": "APLICAR T2", "ER_REGIAO_CIDADE_min": "Capital Leste II_São Miguel" }, "geometry": { "type": "Point", "coordinates": [ -46.4398559, -23.4933027 ] } },
{ "type": "Feature", "properties": { "fid": 314209, "CNPJ": "04704551000197", "IDCIDADE": "São Paulo", "NOMEFANTASIA": "REI DOS MIUDOS", "RAZAOSOCIAL": "S. S. REI DOS MIUDOS E COMERCIO LTDA", "ENDEE": "MARECHAL TITO, 567, SÃO MIGUEL PAULISTA, 08010-090, São Paulo, SP, BRASIL", "LMAPS": "https://www.google.com/maps?q=&layer=c&cbll=-23.4933169,-46.4399737", "O_QUE_FAZER": "APLICAR T2", "ER_REGIAO_CIDADE_min": "Capital Leste II_São Miguel" }, "geometry": { "type": "Point", "coordinates": [ -46.4399737, -23.4933169 ] } },
{ "type": "Feature", "properties": { "fid": 314210, "CNPJ": "10960788000131", "IDCIDADE": "São Paulo", "NOMEFANTASIA": "NAO PERTUBA", "RAZAOSOCIAL": "NAO PERTUBA COMERCIO DE BEBIDAS LTDA", "ENDEE": "SEVERINA LEOPOLDINA DE SOUSA, 22, CIDADE NITRO OPERÁRIA, 08010-310, São Paulo, SP, BRASIL", "LMAPS": "https://www.google.com/maps?q=&layer=c&cbll=-23.4933242,-46.4394792", "O_QUE_FAZER": "APLICAR T2", "ER_REGIAO_CIDADE_min": "Capital Leste II_São Miguel" }, "geometry": { "type": "Point", "coordinates": [ -46.4394792, -23.4933242 ] } },
{ "type": "Feature", "properties": { "fid": 314211, "CNPJ": "52131844000175", "IDCIDADE": "São Paulo", "NOMEFANTASIA": "EMOPORIO ELITE", "RAZAOSOCIAL": "EMPORIO E MERCEARIA ELITE LTDA", "ENDEE": "MARECHAL TITO, 567, SÃO MIGUEL PAULISTA, 08010-090, São Paulo, SP, BRASIL", "LMAPS": "https://www.google.com/maps?q=&layer=c&cbll=-23.4933439,-46.4400639", "O_QUE_FAZER": "APLICAR T2", "ER_REGIAO_CIDADE_min": "Capital Leste II_São Miguel" }, "geometry": { "type": "Point", "coordinates": [ -46.4400639, -23.4933439 ] } },
{ "type": "Feature", "properties": { "fid": 314212, "CNPJ": "09180680000147", "IDCIDADE": "São Paulo", "NOMEFANTASIA": "LANCHONETE CANGCHANG", "RAZAOSOCIAL": "LANCHONETE CANGCHANG LTDA", "ENDEE": "SEVERINA LEOPOLDINA DE SOUSA, 33, CIDADE NITRO OPERÁRIA, 08010-310, São Paulo, SP, BRASIL", "LMAPS": "https://www.google.com/maps?q=&layer=c&cbll=-23.49336,-46.4394155", "O_QUE_FAZER": "APLICAR T2", "ER_REGIAO_CIDADE_min": "Capital Leste II_São Miguel" }, "geometry": { "type": "Point", "coordinates": [ -46.4394155, -23.49336 ] } },
{ "type": "Feature", "properties": { "fid": 314215, "CNPJ": "57266414000265", "IDCIDADE": "São Paulo", "NOMEFANTASIA": "JM IMOVEIS E DESIGNER", "RAZAOSOCIAL": "PEREZ MOVEIS E DECORACAO LTDA", "ENDEE": "MARECHAL TITO, 358, SÃO MIGUEL PAULISTA, 08010-090, São Paulo, SP, BRASIL", "LMAPS": "https://www.google.com/maps?q=&layer=c&cbll=-23.4936399,-46.4424591", "O_QUE_FAZER": "APLICAR T2", "ER_REGIAO_CIDADE_min": "Capital Leste II_São Miguel" }, "geometry": { "type": "Point", "coordinates": [ -46.4424591, -23.4936399 ] } },
{ "type": "Feature", "properties": { "fid": 314216, "CNPJ": "09331549000133", "IDCIDADE": "São Paulo", "NOMEFANTASIA": "QR LOGÍSTICA", "RAZAOSOCIAL": "09.331.549 CLEBER DE LIMA SANTOS", "ENDEE": "HENRIQUE DE PAULA FRANCA, 152, SÃO MIGUEL PAULISTA, 08010-080, São Paulo, SP, BRASIL", "LMAPS": "https://www.google.com/maps?q=&layer=c&cbll=-23.4942191,-46.442632", "O_QUE_FAZER": "APLICAR T2", "ER_REGIAO_CIDADE_min": "Capital Leste II_São Miguel" }, "geometry": { "type": "Point", "coordinates": [ -46.442632, -23.4942191 ] } },
{ "type": "Feature", "properties": { "fid": 314218, "CNPJ": "67780164000150", "IDCIDADE": "São Paulo", "NOMEFANTASIA": "ULTRAFACIL LOJA 10", "RAZAOSOCIAL": "ULTRAFACIL UTILIDADES LTDA", "ENDEE": "MARECHAL TITO, 860, SÃO MIGUEL PAULISTA, 08010-090, São Paulo, SP, BRASIL", "LMAPS": "https://www.google.com/maps?q=&layer=c&cbll=-23.4947058,-46.4381905", "O_QUE_FAZER": "APLICAR T2", "ER_REGIAO_CIDADE_min": "Capital Leste II_São Miguel" }, "geometry": { "type": "Point", "coordinates": [ -46.4381905, -23.4947058 ] } },
{ "type": "Feature", "properties": { "fid": 314219, "CNPJ": "60527266000119", "IDCIDADE": "São Paulo", "NOMEFANTASIA": "COISAS DE MALLU", "RAZAOSOCIAL": "60.527.266 RICARDO EUSTAQUIO DA SILVA", "ENDEE": "MARECHAL TITO, 982, SÃO MIGUEL PAULISTA, 08010-090, São Paulo, SP, BRASIL", "LMAPS": "https://www.google.com/maps?q=&layer=c&cbll=-23.4951064,-46.4367848", "O_QUE_FAZER": "APLICAR T2", "ER_REGIAO_CIDADE_min": "Capital Leste II_São Miguel" }, "geometry": { "type": "Point", "coordinates": [ -46.4367848, -23.4951064 ] } },
{ "type": "Feature", "properties": { "fid": 314220, "CNPJ": "07975321000150", "IDCIDADE": "São Paulo", "NOMEFANTASIA": "FOTO PAULA", "RAZAOSOCIAL": "ANA PAULA MOREIRA DA SILVA SOUSA-FOTOGRAFIA", "ENDEE": "MARECHAL TITO, 996, ITAIM PAULISTA, 08115-100, São Paulo, SP, BRASIL", "LMAPS": "https://www.google.com/maps?q=&layer=c&cbll=-23.4951968,-46.4366007", "O_QUE_FAZER": "APLICAR T2", "ER_REGIAO_CIDADE_min": "Capital Leste II_São Miguel" }, "geometry": { "type": "Point", "coordinates": [ -46.4366007, -23.4951968 ] } },
{ "type": "Feature", "properties": { "fid": 314221, "CNPJ": "50544851000173", "IDCIDADE": "São Paulo", "NOMEFANTASIA": "THANK GOD MULTIMARCAS", "RAZAOSOCIAL": "THANK GOD MULTIMARCAS LTDA", "ENDEE": "MARECHAL TITO, 1641, ITAIM PAULISTA, 08115-000, São Paulo, SP, BRASIL", "LMAPS": "https://www.google.com/maps?q=&layer=c&cbll=-23.4952089,-46.4297663", "O_QUE_FAZER": "APLICAR T2", "ER_REGIAO_CIDADE_min": "Capital Leste II_São Miguel" }, "geometry": { "type": "Point", "coordinates": [ -46.4297663, -23.4952089 ] } },
{ "type": "Feature", "properties": { "fid": 314222, "CNPJ": "08768659000102", "IDCIDADE": "São Paulo", "NOMEFANTASIA": "BRANCO INFOPRINT", "RAZAOSOCIAL": "BRANCO INFORMATICA LTDA", "ENDEE": "ENGENHEIRO MANUEL OSÓRIO, 52, VILA DOUTOR EIRAS, 08010-160, São Paulo, SP, BRASIL", "LMAPS": "https://www.google.com/maps?q=&layer=c&cbll=-23.4953125,-46.4379809", "O_QUE_FAZER": "APLICAR T2", "ER_REGIAO_CIDADE_min": "Capital Leste II_São Miguel" }, "geometry": { "type": "Point", "coordinates": [ -46.4379809, -23.4953125 ] } },
{ "type": "Feature", "properties": { "fid": 314223, "CNPJ": "21484029000166", "IDCIDADE": "São Paulo", "NOMEFANTASIA": "ROTATIVO", "RAZAOSOCIAL": "ROTATIVO ESTACIONAMENTO E LANCHONETE LTDA", "ENDEE": "JOÃO AUGUSTO MORAIS, 134, VILA DOUTOR EIRAS, 08010-150, São Paulo, SP, BRASIL", "LMAPS": "https://www.google.com/maps?q=&layer=c&cbll=-23.4953219,-46.4398228", "O_QUE_FAZER": "APLICAR T2", "ER_REGIAO_CIDADE_min": "Capital Leste II_São Miguel" }, "geometry": { "type": "Point", "coordinates": [ -46.4398228, -23.4953219 ] } },
{ "type": "Feature", "properties": { "fid": 314224, "CNPJ": "67967794000138", "IDCIDADE": "São Paulo", "NOMEFANTASIA": "FERRO LESTE", "RAZAOSOCIAL": "FERRO LESTE INDUSTRIA E COMERCIO DE FERRO E ACO LTDA", "ENDEE": "DA MAÇONARIA, 41, VILA DOUTOR EIRAS, 08010-230, São Paulo, SP, BRASIL", "LMAPS": "https://www.google.com/maps?q=&layer=c&cbll=-23.4953364,-46.437043", "O_QUE_FAZER": "APLICAR T2", "ER_REGIAO_CIDADE_min": "Capital Leste II_São Miguel" }, "geometry": { "type": "Point", "coordinates": [ -46.437043, -23.4953364 ] } },
{ "type": "Feature", "properties": { "fid": 314225, "CNPJ": "51494638000167", "IDCIDADE": "São Paulo", "NOMEFANTASIA": "DELICIA PURA", "RAZAOSOCIAL": "51.494.638 VANDIRLENE RIBEIRO DA SILVA", "ENDEE": "MARECHAL TITO, 1500, ITAIM PAULISTA, 08115-100, São Paulo, SP, BRASIL", "LMAPS": "https://www.google.com/maps?q=&layer=c&cbll=-23.4953481,-46.4319466", "O_QUE_FAZER": "APLICAR T2", "ER_REGIAO_CIDADE_min": "Capital Leste II_São Miguel" }, "geometry": { "type": "Point", "coordinates": [ -46.4319466, -23.4953481 ] } },
{ "type": "Feature", "properties": { "fid": 314227, "CNPJ": "30664548000105", "IDCIDADE": "São Paulo", "NOMEFANTASIA": "NOVA SANDRA", "RAZAOSOCIAL": "PADARIA E CONFEITARIA NOVA SANDRA LTDA", "ENDEE": "MARECHAL TITO, 1570, SÃO MIGUEL PAULISTA, 08022-000, São Paulo, SP, BRASIL", "LMAPS": "https://www.google.com/maps?q=&layer=c&cbll=-23.4954326,-46.4310843", "O_QUE_FAZER": "APLICAR T2", "ER_REGIAO_CIDADE_min": "Capital Leste II_São Miguel" }, "geometry": { "type": "Point", "coordinates": [ -46.4310843, -23.4954326 ] } },
{ "type": "Feature", "properties": { "fid": 314228, "CNPJ": "37619097000125", "IDCIDADE": "São Paulo", "NOMEFANTASIA": "PLANNER PERSONALIZADO", "RAZAOSOCIAL": "PLANNER PERSONALIZADOS PAPELARIA LTDA", "ENDEE": "DA MAÇONARIA, 54, VILA DOUTOR EIRAS, 08010-230, São Paulo, SP, BRASIL", "LMAPS": "https://www.google.com/maps?q=&layer=c&cbll=-23.4956045,-46.4371794", "O_QUE_FAZER": "APLICAR T2", "ER_REGIAO_CIDADE_min": "Capital Leste II_São Miguel" }, "geometry": { "type": "Point", "coordinates": [ -46.4371794, -23.4956045 ] } },
{ "type": "Feature", "properties": { "fid": 314229, "CNPJ": "34074458000107", "IDCIDADE": "São Paulo", "NOMEFANTASIA": "CLAUDIO CABELEIREIROS", "RAZAOSOCIAL": "THAIS NEGRINI MIMOSA", "ENDEE": "EVA PÉRICO RACHID, 1, VILA DOUTOR EIRAS, 08010-180, São Paulo, SP, BRASIL", "LMAPS": "https://www.google.com/maps?q=&layer=c&cbll=-23.4956333,-46.4395526", "O_QUE_FAZER": "APLICAR T2", "ER_REGIAO_CIDADE_min": "Capital Leste II_São Miguel" }, "geometry": { "type": "Point", "coordinates": [ -46.4395526, -23.4956333 ] } },
{ "type": "Feature", "properties": { "fid": 314230, "CNPJ": "40469162000198", "IDCIDADE": "São Paulo", "NOMEFANTASIA": "SR PARK", "RAZAOSOCIAL": "SR PARK", "ENDEE": "ENGENHEIRO MANUEL OSÓRIO, 7, VILA DOUTOR EIRAS, 08010-160, São Paulo, SP, BRASIL", "LMAPS": "https://www.google.com/maps?q=&layer=c&cbll=-23.495694,-46.4378642", "O_QUE_FAZER": "APLICAR T2", "ER_REGIAO_CIDADE_min": "Capital Leste II_São Miguel" }, "geometry": { "type": "Point", "coordinates": [ -46.4378642, -23.495694 ] } },
{ "type": "Feature", "properties": { "fid": 314231, "CNPJ": "58765215000183", "IDCIDADE": "São Paulo", "NOMEFANTASIA": "FARMA LINE FARMACIA DE MANIPULACAO", "RAZAOSOCIAL": "A.M.P. FARMACIA DE MANIPULACAO DE FORMULAS MAGISTRAIS LTDA", "ENDEE": "JOÃO AUGUSTO MORAIS, 184, VILA DOUTOR EIRAS, 08010-150, São Paulo, SP, BRASIL", "LMAPS": "https://www.google.com/maps?q=&layer=c&cbll=-23.4957478,-46.4399713", "O_QUE_FAZER": "APLICAR T2", "ER_REGIAO_CIDADE_min": "Capital Leste II_São Miguel" }, "geometry": { "type": "Point", "coordinates": [ -46.4399713, -23.4957478 ] } },
{ "type": "Feature", "properties": { "fid": 314232, "CNPJ": "51654744000160", "IDCIDADE": "São Paulo", "NOMEFANTASIA": "MAESTRA", "RAZAOSOCIAL": "GRAN MAESTRA MANIPULACAO FARMACEUTICA LTDA", "ENDEE": "EVA PÉRICO RACHID, 158, VILA DOUTOR EIRAS, 08010-180, São Paulo, SP, BRASIL", "LMAPS": "https://www.google.com/maps?q=&layer=c&cbll=-23.4961668,-46.4383175", "O_QUE_FAZER": "APLICAR T2", "ER_REGIAO_CIDADE_min": "Capital Leste II_São Miguel" }, "geometry": { "type": "Point", "coordinates": [ -46.4383175, -23.4961668 ] } },
{ "type": "Feature", "properties": { "fid": 314233, "CNPJ": "07229326000134", "IDCIDADE": "São Paulo", "NOMEFANTASIA": "KC IDIOMAS", "RAZAOSOCIAL": "ANA PAULA MARTINS DA SILVA - IDIOMAS", "ENDEE": "PROFESSOR ASSIS VELOSO, 90, JARDIM SÃO VICENTE, 08021-470, São Paulo, SP, BRASIL", "LMAPS": "https://www.google.com/maps?q=&layer=c&cbll=-23.4962195,-46.4316629", "O_QUE_FAZER": "APLICAR T2", "ER_REGIAO_CIDADE_min": "Capital Leste II_São Miguel" }, "geometry": { "type": "Point", "coordinates": [ -46.4316629, -23.4962195 ] } },
{ "type": "Feature", "properties": { "fid": 314235, "CNPJ": "22741006000152", "IDCIDADE": "São Paulo", "NOMEFANTASIA": "CLINICA ROSA DE SARON", "RAZAOSOCIAL": "ODONTO MOURA & VIEIRA CLINICA ODONTOLOGICA LTDA", "ENDEE": "JOÃO AUGUSTO MORAIS, 279, VILA DOUTOR EIRAS, 08010-150, São Paulo, SP, BRASIL", "LMAPS": "https://www.google.com/maps?q=&layer=c&cbll=-23.4965864,-46.4401424", "O_QUE_FAZER": "APLICAR T2", "ER_REGIAO_CIDADE_min": "Capital Leste II_São Miguel" }, "geometry": { "type": "Point", "coordinates": [ -46.4401424, -23.4965864 ] } },
{ "type": "Feature", "properties": { "fid": 314236, "CNPJ": "37282116000170", "IDCIDADE": "São Paulo", "NOMEFANTASIA": "GRILEX TRANSPORTES", "RAZAOSOCIAL": "GRILEX TRANSPORTES LTDA", "ENDEE": "FRANCISCO DE PAULA COLLI, 82, JARDIM SÃO VICENTE, 08021-630, São Paulo, SP, BRASIL", "LMAPS": "https://www.google.com/maps?q=&layer=c&cbll=-23.4966117,-46.4303826", "O_QUE_FAZER": "APLICAR T2", "ER_REGIAO_CIDADE_min": "Capital Leste II_São Miguel" }, "geometry": { "type": "Point", "coordinates": [ -46.4303826, -23.4966117 ] } },
{ "type": "Feature", "properties": { "fid": 314237, "CNPJ": "63643983000102", "IDCIDADE": "São Paulo", "NOMEFANTASIA": "AUTO MAX", "RAZAOSOCIAL": "63.643.983 LUCAS FAZIO ROCHA", "ENDEE": "PROFESSOR ASSIS VELOSO, 142, JARDIM SÃO VICENTE, 08021-470, São Paulo, SP, BRASIL", "LMAPS": "https://www.google.com/maps?q=&layer=c&cbll=-23.4966434,-46.4313148", "O_QUE_FAZER": "APLICAR T2", "ER_REGIAO_CIDADE_min": "Capital Leste II_São Miguel" }, "geometry": { "type": "Point", "coordinates": [ -46.4313148, -23.4966434 ] } },
{ "type": "Feature", "properties": { "fid": 314238, "CNPJ": "08273157000100", "IDCIDADE": "São Paulo", "NOMEFANTASIA": "VIRADA MODAS", "RAZAOSOCIAL": "RENATO JUSTINO DE CARVALHO FILHO LTDA", "ENDEE": "PEDRO SOARES DE ANDRADE, 181, VILA ROSARIA, 08021-040, São Paulo, SP, BRASIL", "LMAPS": "https://www.google.com/maps?q=&layer=c&cbll=-23.4966728,-46.4362555", "O_QUE_FAZER": "APLICAR T2", "ER_REGIAO_CIDADE_min": "Capital Leste II_São Miguel" }, "geometry": { "type": "Point", "coordinates": [ -46.4362555, -23.4966728 ] } },
{ "type": "Feature", "properties": { "fid": 314241, "CNPJ": "22492785000108", "IDCIDADE": "São Paulo", "NOMEFANTASIA": "SMS COMPRESSORES", "RAZAOSOCIAL": "FERNANDO DUARTE MECIAS DE SOUZA", "ENDEE": "PROFESSOR ASSIS VELOSO, 194, JARDIM SÃO VICENTE, 08021-470, São Paulo, SP, BRASIL", "LMAPS": "https://www.google.com/maps?q=&layer=c&cbll=-23.4970932,-46.4312872", "O_QUE_FAZER": "APLICAR T2", "ER_REGIAO_CIDADE_min": "Capital Leste II_São Miguel" }, "geometry": { "type": "Point", "coordinates": [ -46.4312872, -23.4970932 ] } },
{ "type": "Feature", "properties": { "fid": 314243, "CNPJ": "08493755000187", "IDCIDADE": "São Paulo", "NOMEFANTASIA": "L.A.S. RETIFICA E COMERCIO DE PECAS", "RAZAOSOCIAL": "LEONARDO ARGOLO DOS SANTOS RETIFICA", "ENDEE": "JOSÉ FERREIRA CRESPO, 282, JARDIM SÃO VICENTE, 08021-480, São Paulo, SP, BRASIL", "LMAPS": "https://www.google.com/maps?q=&layer=c&cbll=-23.4980839,-46.4301258", "O_QUE_FAZER": "APLICAR T2", "ER_REGIAO_CIDADE_min": "Capital Leste II_São Miguel" }, "geometry": { "type": "Point", "coordinates": [ -46.4301258, -23.4980839 ] } },
{ "type": "Feature", "properties": { "fid": 314244, "CNPJ": "21178450000149", "IDCIDADE": "São Paulo", "NOMEFANTASIA": "DROGARIA E PERFUMARIA AGUIAR", "RAZAOSOCIAL": "DROGARIA E PERFUMARIA AGUIAR LTDA", "ENDEE": "JOSÉ DE AGUIAR, 16, JARDIM SÃO VICENTE, 08021-590, São Paulo, SP, BRASIL", "LMAPS": "https://www.google.com/maps?q=&layer=c&cbll=-23.4982498,-46.4311822", "O_QUE_FAZER": "APLICAR T2", "ER_REGIAO_CIDADE_min": "Capital Leste II_São Miguel" }, "geometry": { "type": "Point", "coordinates": [ -46.4311822, -23.4982498 ] } },
{ "type": "Feature", "properties": { "fid": 314245, "CNPJ": "55616628000108", "IDCIDADE": "São Paulo", "NOMEFANTASIA": "PAPELARIA FLOR DE CLEO", "RAZAOSOCIAL": "55.616.628 RODRIGO MORENO FRANZINI", "ENDEE": "JOSÉ DE AGUIAR, 18, JARDIM SÃO VICENTE, 08021-590, São Paulo, SP, BRASIL", "LMAPS": "https://www.google.com/maps?q=&layer=c&cbll=-23.498256,-46.4311003", "O_QUE_FAZER": "APLICAR T2", "ER_REGIAO_CIDADE_min": "Capital Leste II_São Miguel" }, "geometry": { "type": "Point", "coordinates": [ -46.4311003, -23.498256 ] } },
{ "type": "Feature", "properties": { "fid": 314246, "CNPJ": "65532234000125", "IDCIDADE": "São Paulo", "NOMEFANTASIA": "ARRUDA MOTOS", "RAZAOSOCIAL": "ARRUDA MOTOS LTDA", "ENDEE": "JOSÉ DE AGUIAR, 22, JARDIM SÃO VICENTE, 08021-590, São Paulo, SP, BRASIL", "LMAPS": "https://www.google.com/maps?q=&layer=c&cbll=-23.4982571,-46.4309939", "O_QUE_FAZER": "APLICAR T2", "ER_REGIAO_CIDADE_min": "Capital Leste II_São Miguel" }, "geometry": { "type": "Point", "coordinates": [ -46.4309939, -23.4982571 ] } }
]
}
