{
"type": "FeatureCollection",
"name": "ER_REGIAO_CIDADE_min_Capital Oeste_Morumbi",
"crs": { "type": "name", "properties": { "name": "urn:ogc:def:crs:OGC:1.3:CRS84" } },
"xy_coordinate_resolution": 1e-15,
"features": [
{ "type": "Feature", "properties": { "fid": 253, "CNPJ": "00015409000181", "IDCIDADE": "SAO_PAULO", "NOMEFANTASIA": "5_PIZZARIA", "RAZAOSOCIAL": "PIZZARIA_VIA_LOMBARDI_LTDA", "ENDEE": "RUA_DOM_ARMANDO_LOMBARDI432__VILA_PROGREDIOR_05616-010", "LMAPS": "https://www.google.com/maps?q=&layer=c&cbll=-23.5892071,-46.7197858", "O_QUE_FAZER": "CARTEIRA", "ER_REGIAO_CIDADE_min": "Capital Oeste_Morumbi" }, "geometry": { "type": "Point", "coordinates": [ -46.7197858, -23.5892071 ] } },
{ "type": "Feature", "properties": { "fid": 2104, "CNPJ": "00430910000104", "IDCIDADE": "SAO_PAULO", "NOMEFANTASIA": "RECANTO_DO_CAO", "RAZAOSOCIAL": "RECANTO_DO_CAO_COMERCIO_DE_RACOES_LTDA", "ENDEE": "AVENIDA_PROFESSOR_FRANCISCO_MORATO2188__BUTANTA_05512-100", "LMAPS": "https://www.google.com/maps?q=&layer=c&cbll=-23.5850583,-46.719885", "O_QUE_FAZER": "FINALIZADO", "ER_REGIAO_CIDADE_min": "Capital Oeste_Morumbi" }, "geometry": { "type": "Point", "coordinates": [ -46.719885, -23.5850583 ] } },
{ "type": "Feature", "properties": { "fid": 3786, "CNPJ": "00777036000186", "IDCIDADE": "SAO_PAULO", "NOMEFANTASIA": "OPERACAO_PAPEL", "RAZAOSOCIAL": "OPERACAO_PAPEL_EPP_LTDA", "ENDEE": "AVENIDA_JORGE_JOAO_SAAD259__VILA_PROGREDIOR_05618-000", "LMAPS": "https://www.google.com/maps?q=&layer=c&cbll=-23.5885483,-46.7226058", "O_QUE_FAZER": "CARTEIRA", "ER_REGIAO_CIDADE_min": "Capital Oeste_Morumbi" }, "geometry": { "type": "Point", "coordinates": [ -46.7226058, -23.5885483 ] } },
{ "type": "Feature", "properties": { "fid": 4331, "CNPJ": "00900111000154", "IDCIDADE": "SAO_PAULO", "NOMEFANTASIA": "BAR_DO_QUIM", "RAZAOSOCIAL": "GUEDALA_CONVENIENCIA_LTDA", "ENDEE": "RUA_JOSE_JANNARELLI496__VILA_PROGREDIOR_05615-000", "LMAPS": "https://www.google.com/maps?q=&layer=c&cbll=-23.5887818,-46.7174513", "O_QUE_FAZER": "CARTEIRA", "ER_REGIAO_CIDADE_min": "Capital Oeste_Morumbi" }, "geometry": { "type": "Point", "coordinates": [ -46.7174513, -23.5887818 ] } },
{ "type": "Feature", "properties": { "fid": 6144, "CNPJ": "01268386000180", "IDCIDADE": "SAO_PAULO", "NOMEFANTASIA": "MARACATU_BRASIL", "RAZAOSOCIAL": "MARACATU_BRASIL_-_BAR_E_LANCHONETE_LTDA", "ENDEE": "AVENIDA_PROFESSOR_FRANCISCO_MORATO2048__BUTANTA_05512-000", "LMAPS": "https://www.google.com/maps?q=&layer=c&cbll=-23.5845762,-46.7185443", "O_QUE_FAZER": "CARTEIRA", "ER_REGIAO_CIDADE_min": "Capital Oeste_Morumbi" }, "geometry": { "type": "Point", "coordinates": [ -46.7185443, -23.5845762 ] } },
{ "type": "Feature", "properties": { "fid": 6341, "CNPJ": "01315698000105", "IDCIDADE": "SAO_PAULO", "NOMEFANTASIA": "FOTOS_FUTUSHI", "RAZAOSOCIAL": "FOTOS_FUTOSHI_LTDA", "ENDEE": "RUA_TRES_IRMAOS468__VILA_PROGREDIOR_05615-190", "LMAPS": "https://www.google.com/maps?q=&layer=c&cbll=-23.5886281,-46.7164139", "O_QUE_FAZER": "CARTEIRA", "ER_REGIAO_CIDADE_min": "Capital Oeste_Morumbi" }, "geometry": { "type": "Point", "coordinates": [ -46.7164139, -23.5886281 ] } },
{ "type": "Feature", "properties": { "fid": 6555, "CNPJ": "01359392000142", "IDCIDADE": "SAO_PAULO", "NOMEFANTASIA": "VILLA_VI", "RAZAOSOCIAL": "FROZEN_KITUTTES_ALIMENTOS_CONGELADOS_LTDA", "ENDEE": "RUA_LICIO_MARCONDES_DO_AMARAL47__VILA_PROGREDIOR_05616-100", "LMAPS": "https://www.google.com/maps?q=&layer=c&cbll=-23.5860326,-46.7181254", "O_QUE_FAZER": "CARTEIRA", "ER_REGIAO_CIDADE_min": "Capital Oeste_Morumbi" }, "geometry": { "type": "Point", "coordinates": [ -46.7181254, -23.5860326 ] } },
{ "type": "Feature", "properties": { "fid": 8247, "CNPJ": "01709217000138", "IDCIDADE": "SAO_PAULO", "NOMEFANTASIA": "EDUCANT_FLORES", "RAZAOSOCIAL": "EDUCANT_COMERCIO_E_SERVICOS_LTDA", "ENDEE": "RUA_AMELIA_CORREA_FONTES_GUIMARAES592__VILA_PROGREDIOR_05617-010", "LMAPS": "https://www.google.com/maps?q=&layer=c&cbll=-23.5899376,-46.7219947", "O_QUE_FAZER": "CARTEIRA", "ER_REGIAO_CIDADE_min": "Capital Oeste_Morumbi" }, "geometry": { "type": "Point", "coordinates": [ -46.7219947, -23.5899376 ] } },
{ "type": "Feature", "properties": { "fid": 8967, "CNPJ": "01837531000104", "IDCIDADE": "SAO_PAULO", "NOMEFANTASIA": "LEO_BAR", "RAZAOSOCIAL": "SILVA_&_SILVA_LANCHONETE_LTDA", "ENDEE": "RUA_DOS_TRES_IRMAOS78__VILA_PROGREDIOR_05615-190", "LMAPS": "https://www.google.com/maps?q=&layer=c&cbll=-23.5854755,-46.71802", "O_QUE_FAZER": "CARTEIRA", "ER_REGIAO_CIDADE_min": "Capital Oeste_Morumbi" }, "geometry": { "type": "Point", "coordinates": [ -46.71802, -23.5854755 ] } },
{ "type": "Feature", "properties": { "fid": 10738, "CNPJ": "02194617000110", "IDCIDADE": "SAO_PAULO", "NOMEFANTASIA": "MORUMBI_DECOR", "RAZAOSOCIAL": "REAL_MORUMBI_DECORACOES_LTDA", "ENDEE": "RUA_REGENTE_LEON_KANIEFSKY123__VILA_PROGREDIOR_05617-030", "LMAPS": "https://www.google.com/maps?q=&layer=c&cbll=-23.59156,-46.720522", "O_QUE_FAZER": "CARTEIRA", "ER_REGIAO_CIDADE_min": "Capital Oeste_Morumbi" }, "geometry": { "type": "Point", "coordinates": [ -46.720522, -23.59156 ] } },
{ "type": "Feature", "properties": { "fid": 10883, "CNPJ": "02220843000129", "IDCIDADE": "SAO_PAULO", "NOMEFANTASIA": "MELINDA_E_JULIUS", "RAZAOSOCIAL": "MELINDA_&_JULIUS_COMERCIO_DE_ALIMENTOS_LTDA", "ENDEE": "RUA_DOM_ARMANDO_LOMBARDI511__VILA_PROGREDIOR_05616-010", "LMAPS": "https://www.google.com/maps?q=&layer=c&cbll=-23.5897902,-46.7193398", "O_QUE_FAZER": "CARTEIRA", "ER_REGIAO_CIDADE_min": "Capital Oeste_Morumbi" }, "geometry": { "type": "Point", "coordinates": [ -46.7193398, -23.5897902 ] } },
{ "type": "Feature", "properties": { "fid": 11057, "CNPJ": "02250351000186", "IDCIDADE": "SAO_PAULO", "NOMEFANTASIA": "SAMPETC", "RAZAOSOCIAL": "SANTEC_COMERCIO_E_SERVICOS_LTDA", "ENDEE": "RUA_DOS_TRES_IRMAOS555__VILA_PROGREDIOR_05615-190", "LMAPS": "https://www.google.com/maps?q=&layer=c&cbll=-23.5892669,-46.7158084", "O_QUE_FAZER": "CARTEIRA", "ER_REGIAO_CIDADE_min": "Capital Oeste_Morumbi" }, "geometry": { "type": "Point", "coordinates": [ -46.7158084, -23.5892669 ] } },
{ "type": "Feature", "properties": { "fid": 11803, "CNPJ": "02409971000115", "IDCIDADE": "SAO_PAULO", "NOMEFANTASIA": "MUNDO_ZOO", "RAZAOSOCIAL": "MUNDO_ZOO_COMERCIAL_LTDA", "ENDEE": "RUA_REGENTE_LEON_KANIEFSKY585__VILA_PROGREDIOR_05617-030", "LMAPS": "https://www.google.com/maps?q=&layer=c&cbll=-23.5896911,-46.7164501", "O_QUE_FAZER": "CARTEIRA", "ER_REGIAO_CIDADE_min": "Capital Oeste_Morumbi" }, "geometry": { "type": "Point", "coordinates": [ -46.7164501, -23.5896911 ] } },
{ "type": "Feature", "properties": { "fid": 13067, "CNPJ": "02653599000198", "IDCIDADE": "SAO_PAULO", "NOMEFANTASIA": "PHARMACIA_HARMONIA", "RAZAOSOCIAL": "FARMA_SISTER_MANIPULACAO_ALOPATICA_LTDA", "ENDEE": "RUA_LICIO_MARCONDES_DO_AMARAL58__VILA_PROGREDIOR_05616-100", "LMAPS": "https://www.google.com/maps?q=&layer=c&cbll=-23.5858972,-46.7183449", "O_QUE_FAZER": "CARTEIRA", "ER_REGIAO_CIDADE_min": "Capital Oeste_Morumbi" }, "geometry": { "type": "Point", "coordinates": [ -46.7183449, -23.5858972 ] } },
{ "type": "Feature", "properties": { "fid": 15732, "CNPJ": "03096647000238", "IDCIDADE": "SAO_PAULO", "NOMEFANTASIA": "CASA_DO_SACO", "RAZAOSOCIAL": "CASA_DO_SACO_MATERIAIS_PARA_LIMPEZA_LTDA", "ENDEE": "RUA_PROFESSOR_OSWALDO_TEIXEIRA393__VILA_PROGREDIOR_05617-020", "LMAPS": "https://www.google.com/maps?q=&layer=c&cbll=-23.5895212,-46.7186632", "O_QUE_FAZER": "CARTEIRA", "ER_REGIAO_CIDADE_min": "Capital Oeste_Morumbi" }, "geometry": { "type": "Point", "coordinates": [ -46.7186632, -23.5895212 ] } },
{ "type": "Feature", "properties": { "fid": 16629, "CNPJ": "03246835000114", "IDCIDADE": "SAO_PAULO", "NOMEFANTASIA": "KIMI_COSMETICOS", "RAZAOSOCIAL": "CENTRAL_MORUMBI_DE_COSMETICOS_LTDA", "ENDEE": "AVENIDA_PROFESSOR_FRANCISCO_MORATO2291__BUTANTA_05512-000", "LMAPS": "https://www.google.com/maps?q=&layer=c&cbll=-23.5854833,-46.7207592", "O_QUE_FAZER": "CARTEIRA", "ER_REGIAO_CIDADE_min": "Capital Oeste_Morumbi" }, "geometry": { "type": "Point", "coordinates": [ -46.7207592, -23.5854833 ] } },
{ "type": "Feature", "properties": { "fid": 17004, "CNPJ": "03314268000196", "IDCIDADE": "SAO_PAULO", "NOMEFANTASIA": "SAPATARIA_EXPRESSO", "RAZAOSOCIAL": "MANUEL_CAMPINHO_FERROS", "ENDEE": "RUA_DOS_TRES_IRMAOS560__VILA_PROGREDIOR_05615-190", "LMAPS": "https://www.google.com/maps?q=&layer=c&cbll=-23.5893254,-46.715991", "O_QUE_FAZER": "CARTEIRA", "ER_REGIAO_CIDADE_min": "Capital Oeste_Morumbi" }, "geometry": { "type": "Point", "coordinates": [ -46.715991, -23.5893254 ] } },
{ "type": "Feature", "properties": { "fid": 23990, "CNPJ": "04409982000120", "IDCIDADE": "SAO_PAULO", "NOMEFANTASIA": "DENTRE_OTICA", "RAZAOSOCIAL": "FLIPOPTICA_DO_BRASIL_LTDA", "ENDEE": "RUA_DOS_TRES_IRMAOS476__VILA_PROGREDIOR_05615-190", "LMAPS": "https://www.google.com/maps?q=&layer=c&cbll=-23.5887227,-46.7163275", "O_QUE_FAZER": "CARTEIRA", "ER_REGIAO_CIDADE_min": "Capital Oeste_Morumbi" }, "geometry": { "type": "Point", "coordinates": [ -46.7163275, -23.5887227 ] } },
{ "type": "Feature", "properties": { "fid": 23991, "CNPJ": "04409982000201", "IDCIDADE": "SAO_PAULO", "NOMEFANTASIA": "DOUTOR_E_OTICAS", "RAZAOSOCIAL": "FLIPOPTICA_DO_BRASIL_LTDA", "ENDEE": "RUA_DOS_TRES_IRMAOS476__VILA_PROGREDIOR_05615-190", "LMAPS": "https://www.google.com/maps?q=&layer=c&cbll=-23.5887157,-46.7162738", "O_QUE_FAZER": "CARTEIRA", "ER_REGIAO_CIDADE_min": "Capital Oeste_Morumbi" }, "geometry": { "type": "Point", "coordinates": [ -46.7162738, -23.5887157 ] } },
{ "type": "Feature", "properties": { "fid": 27779, "CNPJ": "04954270000192", "IDCIDADE": "SAO_PAULO", "NOMEFANTASIA": "CAMINHO_DO_SOL_&", "RAZAOSOCIAL": "MARIA_DAS_MERCES_DONATO_DE_ARAUJO_ARMARINHO", "ENDEE": "RUA_DOS_TRES_IRMAOS364__VILA_PROGREDIOR_05615-190", "LMAPS": "https://www.google.com/maps?q=&layer=c&cbll=-23.5877998,-46.7167668", "O_QUE_FAZER": "CARTEIRA", "ER_REGIAO_CIDADE_min": "Capital Oeste_Morumbi" }, "geometry": { "type": "Point", "coordinates": [ -46.7167668, -23.5877998 ] } },
{ "type": "Feature", "properties": { "fid": 27908, "CNPJ": "04971052000166", "IDCIDADE": "SAO_PAULO", "NOMEFANTASIA": "GENTIL_ELETRICA_E_HIDRAULICA", "RAZAOSOCIAL": "BRUSCALIN_COMERCIO_DE_MATERIAL_ELETRICO_E_HIDRAULICO_LTDA", "ENDEE": "RUA_DOUTOR_CLOVIS_DE_OLIVEIRA156__VILA_PROGREDIOR_05616-000", "LMAPS": "https://www.google.com/maps?q=&layer=c&cbll=-23.5865293,-46.7200673", "O_QUE_FAZER": "CARTEIRA", "ER_REGIAO_CIDADE_min": "Capital Oeste_Morumbi" }, "geometry": { "type": "Point", "coordinates": [ -46.7200673, -23.5865293 ] } },
{ "type": "Feature", "properties": { "fid": 29841, "CNPJ": "05258556000104", "IDCIDADE": "SAO_PAULO", "NOMEFANTASIA": "METAZOOA_PET_SHOP", "RAZAOSOCIAL": "C._SARTORATO", "ENDEE": "RUA_BRACO_DO_SUL107__VILA_PROGREDIOR_05617-090", "LMAPS": "https://www.google.com/maps?q=&layer=c&cbll=-23.5909957,-46.7192722", "O_QUE_FAZER": "CARTEIRA", "ER_REGIAO_CIDADE_min": "Capital Oeste_Morumbi" }, "geometry": { "type": "Point", "coordinates": [ -46.7192722, -23.5909957 ] } },
{ "type": "Feature", "properties": { "fid": 30389, "CNPJ": "05327142000181", "IDCIDADE": "SAO PAULO", "NOMEFANTASIA": null, "RAZAOSOCIAL": "VICINO_AL_CUORE_FORNECIMENTO_DE_ALIMENTOS_LTDA", "ENDEE": "RUA PROF SANTIAGO DANTAS, 261, VILA TRAMONTANO, 05690-010, SÃO PAULO, SP, BRASIL", "LMAPS": "https://www.google.com/maps?q=&layer=c&cbll=-23.6160916,-46.7047408", "O_QUE_FAZER": "CARTEIRA - FAMPE", "ER_REGIAO_CIDADE_min": "Capital Oeste_Morumbi" }, "geometry": { "type": "Point", "coordinates": [ -46.7047408, -23.6160916 ] } },
{ "type": "Feature", "properties": { "fid": 31470, "CNPJ": "05486783000189", "IDCIDADE": "SAO_PAULO", "NOMEFANTASIA": "KEILA", "RAZAOSOCIAL": "CRISTINA_KAZUE_SHIMIZU", "ENDEE": "RUA_AMELIA_CORREA_FONTES_GUIMARAES306__VILA_PROGREDIOR_05617-010", "LMAPS": "https://www.google.com/maps?q=&layer=c&cbll=-23.5887861,-46.7196209", "O_QUE_FAZER": "CARTEIRA", "ER_REGIAO_CIDADE_min": "Capital Oeste_Morumbi" }, "geometry": { "type": "Point", "coordinates": [ -46.7196209, -23.5887861 ] } },
{ "type": "Feature", "properties": { "fid": 31916, "CNPJ": "05548922000151", "IDCIDADE": "SAO_PAULO", "NOMEFANTASIA": "ADEGA_SAIDEIRA", "RAZAOSOCIAL": "SUCRE_ET_SALE_ATELIER_DOS_DOCES_LTDA.", "ENDEE": "RUA_REGENTE_LEON_KANIEFSKY183__VILA_PROGREDIOR_05617-030", "LMAPS": "https://www.google.com/maps?q=&layer=c&cbll=-23.5913868,-46.7199273", "O_QUE_FAZER": "CARTEIRA", "ER_REGIAO_CIDADE_min": "Capital Oeste_Morumbi" }, "geometry": { "type": "Point", "coordinates": [ -46.7199273, -23.5913868 ] } },
{ "type": "Feature", "properties": { "fid": 32879, "CNPJ": "05670663000137", "IDCIDADE": "SAO_PAULO", "NOMEFANTASIA": "DELICIA_DO_MAR", "RAZAOSOCIAL": "DELICIAS_DO_MAR_PESCADOS_E_ALIMENTOS_LTDA", "ENDEE": "RUA_DOS_TRES_IRMAOS564__VILA_PROGREDIOR_05615-190", "LMAPS": "https://www.google.com/maps?q=&layer=c&cbll=-23.5893891,-46.7159948", "O_QUE_FAZER": "CARTEIRA", "ER_REGIAO_CIDADE_min": "Capital Oeste_Morumbi" }, "geometry": { "type": "Point", "coordinates": [ -46.7159948, -23.5893891 ] } },
{ "type": "Feature", "properties": { "fid": 33916, "CNPJ": "05824335000148", "IDCIDADE": "SAO_PAULO", "NOMEFANTASIA": "PAIS_E_FILHOS", "RAZAOSOCIAL": "ALZINETE_MENDES_BARBOSA-LANCHONETE", "ENDEE": "RUA_DOS_TRES_IRMAOS233__VILA_PROGREDIOR_05615-190", "LMAPS": "https://www.google.com/maps?q=&layer=c&cbll=-23.5866532,-46.7175116", "O_QUE_FAZER": "CARTEIRA", "ER_REGIAO_CIDADE_min": "Capital Oeste_Morumbi" }, "geometry": { "type": "Point", "coordinates": [ -46.7175116, -23.5866532 ] } },
{ "type": "Feature", "properties": { "fid": 35222, "CNPJ": "05992414000168", "IDCIDADE": "SAO_PAULO", "NOMEFANTASIA": "LANCHONETE_CAXINGUI", "RAZAOSOCIAL": "JODIMARIO_SILVA_ARAUJO_LANCHONETE", "ENDEE": "AVENIDA_PROFESSOR_FRANCISCO_MORATO2062__BUTANTA_05512-000", "LMAPS": "https://www.google.com/maps?q=&layer=c&cbll=-23.5846646,-46.7185995", "O_QUE_FAZER": "CARTEIRA", "ER_REGIAO_CIDADE_min": "Capital Oeste_Morumbi" }, "geometry": { "type": "Point", "coordinates": [ -46.7185995, -23.5846646 ] } },
{ "type": "Feature", "properties": { "fid": 37219, "CNPJ": "06254454000175", "IDCIDADE": "SAO_PAULO", "NOMEFANTASIA": "MILLENIUM_BYTE", "RAZAOSOCIAL": "BYTE_COMPUTER_SUPRIMENTOS_DE_INFORMATICA_LTDA", "ENDEE": "RUA_DOM_ARMANDO_LOMBARDI210__VILA_PROGREDIOR_05616-010", "LMAPS": "https://www.google.com/maps?q=&layer=c&cbll=-23.5873108,-46.7208836", "O_QUE_FAZER": "CARTEIRA", "ER_REGIAO_CIDADE_min": "Capital Oeste_Morumbi" }, "geometry": { "type": "Point", "coordinates": [ -46.7208836, -23.5873108 ] } },
{ "type": "Feature", "properties": { "fid": 37294, "CNPJ": "06262973000185", "IDCIDADE": "SAO_PAULO", "NOMEFANTASIA": "ROAD_PARK_ESTACIONAMENTO", "RAZAOSOCIAL": "L._R._C._ESTACIONAMENTO_E_LAVA_RAPIDO_LTDA", "ENDEE": "RUA_JOSE_JANNARELLI43__VILA_PROGREDIOR_05615-000", "LMAPS": "https://www.google.com/maps?q=&layer=c&cbll=-23.585275,-46.7192817", "O_QUE_FAZER": "CARTEIRA", "ER_REGIAO_CIDADE_min": "Capital Oeste_Morumbi" }, "geometry": { "type": "Point", "coordinates": [ -46.7192817, -23.585275 ] } },
{ "type": "Feature", "properties": { "fid": 38207, "CNPJ": "06792786000103", "IDCIDADE": "SAO_PAULO", "NOMEFANTASIA": "USEI_E_BODIEI", "RAZAOSOCIAL": "FAMILIA_VENDE_TUDO_BY_VIRGINIA_NORA_LTDA", "ENDEE": "RUA_LICIO_MARCONDES_DO_AMARAL268__VILA_PROGREDIOR_05616-100", "LMAPS": "https://www.google.com/maps?q=&layer=c&cbll=-23.5867686,-46.7202035", "O_QUE_FAZER": "CARTEIRA", "ER_REGIAO_CIDADE_min": "Capital Oeste_Morumbi" }, "geometry": { "type": "Point", "coordinates": [ -46.7202035, -23.5867686 ] } },
{ "type": "Feature", "properties": { "fid": 42229, "CNPJ": "07382338000102", "IDCIDADE": "SAO_PAULO", "NOMEFANTASIA": "TODA_TORTA", "RAZAOSOCIAL": "TODA_TORTA_COMERCIO_DE_DOCES_LTDA", "ENDEE": "RUA_DOS_TRES_IRMAOS134__VILA_PROGREDIOR_05615-190", "LMAPS": "https://www.google.com/maps?q=&layer=c&cbll=-23.5859709,-46.7179037", "O_QUE_FAZER": "CARTEIRA", "ER_REGIAO_CIDADE_min": "Capital Oeste_Morumbi" }, "geometry": { "type": "Point", "coordinates": [ -46.7179037, -23.5859709 ] } },
{ "type": "Feature", "properties": { "fid": 42245, "CNPJ": "07384638000112", "IDCIDADE": "SAO_PAULO", "NOMEFANTASIA": "CENTRO_AUTOMOTIVO_MAMEDE", "RAZAOSOCIAL": "FRANCISCO_JOSE_PEREIRA_MAMEDE", "ENDEE": "RUA_JOSE_JANNARELLI370__VILA_PROGREDIOR_05617-010", "LMAPS": "https://www.google.com/maps?q=&layer=c&cbll=-23.5879446,-46.7179079", "O_QUE_FAZER": "FINALIZADO", "ER_REGIAO_CIDADE_min": "Capital Oeste_Morumbi" }, "geometry": { "type": "Point", "coordinates": [ -46.7179079, -23.5879446 ] } },
{ "type": "Feature", "properties": { "fid": 43744, "CNPJ": "07574410000195", "IDCIDADE": "SAO_PAULO", "NOMEFANTASIA": "PIRATAS_DE_AQUARIO", "RAZAOSOCIAL": "RAD_-_COMERCIO_DE_ARTIGOS_DE_PEIXES_LTDA", "ENDEE": "RUA_REGENTE_LEON_KANIEFSKY491__VILA_PROGREDIOR_05617-030", "LMAPS": "https://www.google.com/maps?q=&layer=c&cbll=-23.5920128,-46.7211593", "O_QUE_FAZER": "CARTEIRA", "ER_REGIAO_CIDADE_min": "Capital Oeste_Morumbi" }, "geometry": { "type": "Point", "coordinates": [ -46.7211593, -23.5920128 ] } },
{ "type": "Feature", "properties": { "fid": 45614, "CNPJ": "07774252000117", "IDCIDADE": "SAO_PAULO", "NOMEFANTASIA": "FARMACIA_DE_MANUTENCAO_IESUS", "RAZAOSOCIAL": "FARMACIA_IESUS_DE_MANIPULACAO_E_HOMEOPATIA_LTDA", "ENDEE": "RUA_DOS_TRES_IRMAOS531__VILA_PROGREDIOR_05615-190", "LMAPS": "https://www.google.com/maps?q=&layer=c&cbll=-23.5890868,-46.7159776", "O_QUE_FAZER": "CARTEIRA", "ER_REGIAO_CIDADE_min": "Capital Oeste_Morumbi" }, "geometry": { "type": "Point", "coordinates": [ -46.7159776, -23.5890868 ] } },
{ "type": "Feature", "properties": { "fid": 49175, "CNPJ": "08271243000176", "IDCIDADE": "SAO_PAULO", "NOMEFANTASIA": "KITZ", "RAZAOSOCIAL": "KITZ_COMERCIO_DE_CONFECCOES_LIMITADA", "ENDEE": "RUA_JOSE_JANNARELLI547__VILA_PROGREDIOR_05615-000", "LMAPS": "https://www.google.com/maps?q=&layer=c&cbll=-23.5893936,-46.7170411", "O_QUE_FAZER": "CARTEIRA", "ER_REGIAO_CIDADE_min": "Capital Oeste_Morumbi" }, "geometry": { "type": "Point", "coordinates": [ -46.7170411, -23.5893936 ] } },
{ "type": "Feature", "properties": { "fid": 57182, "CNPJ": "09323571000131", "IDCIDADE": "SAO_PAULO", "NOMEFANTASIA": "AUTO_ESCOLA_PINHEIRENSE", "RAZAOSOCIAL": "C.F.C._AB_PINHEIRENSE_LTDA", "ENDEE": "AVENIDA_PROFESSOR_FRANCISCO_MORATO1876__BUTANTA_05512-000", "LMAPS": "https://www.google.com/maps?q=&layer=c&cbll=-23.5839703,-46.717106", "O_QUE_FAZER": "CARTEIRA", "ER_REGIAO_CIDADE_min": "Capital Oeste_Morumbi" }, "geometry": { "type": "Point", "coordinates": [ -46.717106, -23.5839703 ] } },
{ "type": "Feature", "properties": { "fid": 58953, "CNPJ": "09511765000160", "IDCIDADE": "SAO_PAULO", "NOMEFANTASIA": "PEIXARIA_SANTA_CLARA", "RAZAOSOCIAL": "COMERCIO_DE_PESCADOS_SANTA_CLARA_MORUMBI_LTDA", "ENDEE": "RUA_JOSE_JANNARELLI496__VILA_PROGREDIOR_05615-000", "LMAPS": "https://www.google.com/maps?q=&layer=c&cbll=-23.588759,-46.717467", "O_QUE_FAZER": "CARTEIRA", "ER_REGIAO_CIDADE_min": "Capital Oeste_Morumbi" }, "geometry": { "type": "Point", "coordinates": [ -46.717467, -23.588759 ] } },
{ "type": "Feature", "properties": { "fid": 59377, "CNPJ": "09560909000179", "IDCIDADE": "SAO_PAULO", "NOMEFANTASIA": "FARNEL_IMOVEIS", "RAZAOSOCIAL": "FANEL_SERVICOS_DE_REFORMAS_LTDA", "ENDEE": "RUA_REGENTE_LEON_KANIEFSKY113__VILA_PROGREDIOR_05617-030", "LMAPS": "https://www.google.com/maps?q=&layer=c&cbll=-23.5915403,-46.7205926", "O_QUE_FAZER": "CARTEIRA", "ER_REGIAO_CIDADE_min": "Capital Oeste_Morumbi" }, "geometry": { "type": "Point", "coordinates": [ -46.7205926, -23.5915403 ] } },
{ "type": "Feature", "properties": { "fid": 64659, "CNPJ": "10642717000190", "IDCIDADE": "SAO_PAULO", "NOMEFANTASIA": "CLINICA_VETERINARIA_PAULISTA", "RAZAOSOCIAL": "S_A_L_RUIZ_PET_SHOP", "ENDEE": "AVENIDA_JORGE_JOAO_SAAD673__VILA_PROGREDIOR_05618-000", "LMAPS": "https://www.google.com/maps?q=&layer=c&cbll=-23.5923745,-46.7212511", "O_QUE_FAZER": "CARTEIRA", "ER_REGIAO_CIDADE_min": "Capital Oeste_Morumbi" }, "geometry": { "type": "Point", "coordinates": [ -46.7212511, -23.5923745 ] } },
{ "type": "Feature", "properties": { "fid": 67286, "CNPJ": "10910468000177", "IDCIDADE": "SAO_PAULO", "NOMEFANTASIA": "CENTER_MORUMBI", "RAZAOSOCIAL": "CENTER_MORUMBI_ELETRICA_E_HIDRAULICA_LTDA", "ENDEE": "AVENIDA_JORGE_JOAO_SAAD667__VILA_PROGREDIOR_05618-000", "LMAPS": "https://www.google.com/maps?q=&layer=c&cbll=-23.5924096,-46.7213606", "O_QUE_FAZER": "CARTEIRA", "ER_REGIAO_CIDADE_min": "Capital Oeste_Morumbi" }, "geometry": { "type": "Point", "coordinates": [ -46.7213606, -23.5924096 ] } },
{ "type": "Feature", "properties": { "fid": 69288, "CNPJ": "11155573000100", "IDCIDADE": "SAO_PAULO", "NOMEFANTASIA": "RESTAURANTE_NOVA_CAXINGUI", "RAZAOSOCIAL": "NOVA_CAXINGUI_-_BAR_E_LANCHONETE_LTDA", "ENDEE": "AVENIDA_PROFESSOR_FRANCISCO_MORATO2019__BUTANTA_05512-000", "LMAPS": "https://www.google.com/maps?q=&layer=c&cbll=-23.5849111,-46.7181595", "O_QUE_FAZER": "CARTEIRA", "ER_REGIAO_CIDADE_min": "Capital Oeste_Morumbi" }, "geometry": { "type": "Point", "coordinates": [ -46.7181595, -23.5849111 ] } },
{ "type": "Feature", "properties": { "fid": 70154, "CNPJ": "11257274000187", "IDCIDADE": "SAO_PAULO", "NOMEFANTASIA": "OTICA_CONCEITO", "RAZAOSOCIAL": "SILNEY_CASSIO_DE_LIMA", "ENDEE": "RUA_LICIO_MARCONDES_DO_AMARAL33__VILA_PROGREDIOR_05616-100", "LMAPS": "https://www.google.com/maps?q=&layer=c&cbll=-23.5859875,-46.71808", "O_QUE_FAZER": "CARTEIRA", "ER_REGIAO_CIDADE_min": "Capital Oeste_Morumbi" }, "geometry": { "type": "Point", "coordinates": [ -46.71808, -23.5859875 ] } },
{ "type": "Feature", "properties": { "fid": 70941, "CNPJ": "11365499000157", "IDCIDADE": "SAO_PAULO", "NOMEFANTASIA": "DESERET_BRASIL", "RAZAOSOCIAL": "DESERET_BRASIL_BOOK_STORE_LTDA", "ENDEE": "AVENIDA_PROFESSOR_FRANCISCO_MORATO2355__BUTANTA_05512-000", "LMAPS": "https://www.google.com/maps?q=&layer=c&cbll=-23.5856436,-46.7213662", "O_QUE_FAZER": "CARTEIRA", "ER_REGIAO_CIDADE_min": "Capital Oeste_Morumbi" }, "geometry": { "type": "Point", "coordinates": [ -46.7213662, -23.5856436 ] } },
{ "type": "Feature", "properties": { "fid": 71075, "CNPJ": "11380514000136", "IDCIDADE": "SAO PAULO", "NOMEFANTASIA": null, "RAZAOSOCIAL": "NHANGATU_COMUNICACAO_INTEGRADA_AGENCIA_DE_NOTICIAS_LTDA", "ENDEE": "RUA JOAO SCACIOTTI, 486, VILA PROGREDIOR, 05615-020, SÃO PAULO, SP, BRASIL", "LMAPS": "https://www.google.com/maps?q=&layer=c&cbll=-23.5879898,-46.7152844", "O_QUE_FAZER": "CARTEIRA - FAMPE", "ER_REGIAO_CIDADE_min": "Capital Oeste_Morumbi" }, "geometry": { "type": "Point", "coordinates": [ -46.7152844, -23.5879898 ] } },
{ "type": "Feature", "properties": { "fid": 72327, "CNPJ": "11548215000168", "IDCIDADE": "SAO_PAULO", "NOMEFANTASIA": "LAVANDERIA_SANTA_MARIA", "RAZAOSOCIAL": "MXK_LAVANDERIA_LTDA", "ENDEE": "RUA_DOS_TRES_IRMAOS483__VILA_PROGREDIOR_05615-190", "LMAPS": "https://www.google.com/maps?q=&layer=c&cbll=-23.5895709,-46.7156743", "O_QUE_FAZER": "FINALIZADO", "ER_REGIAO_CIDADE_min": "Capital Oeste_Morumbi" }, "geometry": { "type": "Point", "coordinates": [ -46.7156743, -23.5895709 ] } },
{ "type": "Feature", "properties": { "fid": 73989, "CNPJ": "11815045000130", "IDCIDADE": "SAO_PAULO", "NOMEFANTASIA": "NOVO_SWING_-_EMPREENDIMENTOS_HOTELEIRO_LTDA", "RAZAOSOCIAL": "NOVO_SWING", "ENDEE": "AVENIDA_DUQUESA_DE_GOIAS430__VILA_MORUMBI_05686-000", "LMAPS": "https://www.google.com/maps?q=&layer=c&cbll=-23.6117725,-46.7034931", "O_QUE_FAZER": "FINALIZADO", "ER_REGIAO_CIDADE_min": "Capital Oeste_Morumbi" }, "geometry": { "type": "Point", "coordinates": [ -46.7034931, -23.6117725 ] } },
{ "type": "Feature", "properties": { "fid": 77678, "CNPJ": "12480052000191", "IDCIDADE": "SAO_PAULO", "NOMEFANTASIA": "SUMA_RESTAURANTE", "RAZAOSOCIAL": "SUMA_-_RESTAURANTE_TEMAKERIA_LIMITADA", "ENDEE": "RUA_REGENTE_LEON_KANIEFSKY141__VILA_PROGREDIOR_05617-030", "LMAPS": "https://www.google.com/maps?q=&layer=c&cbll=-23.5914382,-46.7203878", "O_QUE_FAZER": "CARTEIRA", "ER_REGIAO_CIDADE_min": "Capital Oeste_Morumbi" }, "geometry": { "type": "Point", "coordinates": [ -46.7203878, -23.5914382 ] } },
{ "type": "Feature", "properties": { "fid": 82894, "CNPJ": "13490250000107", "IDCIDADE": "SAO_PAULO", "NOMEFANTASIA": "NEW_HAIR", "RAZAOSOCIAL": "NEW_HAIR_SALAO_DE_BELEZA_E_ESTETICA_LTDA", "ENDEE": "AVENIDA_PROFESSOR_FRANCISCO_MORATO2091__BUTANTA_05512-000", "LMAPS": "https://www.google.com/maps?q=&layer=c&cbll=-23.5851073,-46.7188216", "O_QUE_FAZER": "CARTEIRA", "ER_REGIAO_CIDADE_min": "Capital Oeste_Morumbi" }, "geometry": { "type": "Point", "coordinates": [ -46.7188216, -23.5851073 ] } },
{ "type": "Feature", "properties": { "fid": 83993, "CNPJ": "13679163000194", "IDCIDADE": "SAO_PAULO", "NOMEFANTASIA": "TIN-HU", "RAZAOSOCIAL": "ANDERSON_RODRIGUES_DE_ARAUJO", "ENDEE": "RUA_LICIO_MARCONDES_DO_AMARAL66__VILA_PROGREDIOR_05616-100", "LMAPS": "https://www.google.com/maps?q=&layer=c&cbll=-23.5859209,-46.7184164", "O_QUE_FAZER": "CARTEIRA", "ER_REGIAO_CIDADE_min": "Capital Oeste_Morumbi" }, "geometry": { "type": "Point", "coordinates": [ -46.7184164, -23.5859209 ] } },
{ "type": "Feature", "properties": { "fid": 85349, "CNPJ": "13969983000110", "IDCIDADE": "SAO_PAULO", "NOMEFANTASIA": "JOAO_FRANCISCO_BARRETO_09123609842", "RAZAOSOCIAL": "RESTAURANTE_MINEIRO", "ENDEE": "RUA_DAURO_CAVALLARO57__REAL_PARQUE_05686-040", "LMAPS": "https://www.google.com/maps?q=&layer=c&cbll=-23.6106395,-46.704005", "O_QUE_FAZER": "FINALIZADO", "ER_REGIAO_CIDADE_min": "Capital Oeste_Morumbi" }, "geometry": { "type": "Point", "coordinates": [ -46.704005, -23.6106395 ] } },
{ "type": "Feature", "properties": { "fid": 87634, "CNPJ": "14415690000154", "IDCIDADE": "SAO_PAULO", "NOMEFANTASIA": "RONDELLI_MASSAS", "RAZAOSOCIAL": "ANDRADE_COMERCIO_E_SERVICOS_ALIMENTICIOS_PARA_EVENTOS_E_BUFFET_LTDA", "ENDEE": "RUA_DOM_ARMANDO_LOMBARDI95__VILA_PROGREDIOR_05616-010", "LMAPS": "https://www.google.com/maps?q=&layer=c&cbll=-23.5864417,-46.7211333", "O_QUE_FAZER": "CARTEIRA", "ER_REGIAO_CIDADE_min": "Capital Oeste_Morumbi" }, "geometry": { "type": "Point", "coordinates": [ -46.7211333, -23.5864417 ] } },
{ "type": "Feature", "properties": { "fid": 87955, "CNPJ": "14476354000111", "IDCIDADE": "SAO_PAULO", "NOMEFANTASIA": "MORUMBI_CAR_CENTER", "RAZAOSOCIAL": "ANA_PAULA_PIRES_DE_OLIVEIRA", "ENDEE": "AVENIDA_GIOVANNI_GRONCHI2729__MORUMBI_05651-000", "LMAPS": "https://www.google.com/maps?q=&layer=c&cbll=-23.6053904,-46.7248541", "O_QUE_FAZER": "CARTEIRA", "ER_REGIAO_CIDADE_min": "Capital Oeste_Morumbi" }, "geometry": { "type": "Point", "coordinates": [ -46.7248541, -23.6053904 ] } },
{ "type": "Feature", "properties": { "fid": 88288, "CNPJ": "14544915000172", "IDCIDADE": "SAO_PAULO", "NOMEFANTASIA": "SOUL_SAUDE", "RAZAOSOCIAL": "AURA_VIP_SERVICOS_EM_SAUDE_LTDA", "ENDEE": "RUA_JOSE_JANNARELLI358__VILA_PROGREDIOR_05615-000", "LMAPS": "https://www.google.com/maps?q=&layer=c&cbll=-23.5879054,-46.7181443", "O_QUE_FAZER": "CARTEIRA", "ER_REGIAO_CIDADE_min": "Capital Oeste_Morumbi" }, "geometry": { "type": "Point", "coordinates": [ -46.7181443, -23.5879054 ] } },
{ "type": "Feature", "properties": { "fid": 93790, "CNPJ": "15720376000148", "IDCIDADE": "SAO_PAULO", "NOMEFANTASIA": "MUNDIAL_SERVICOS_AUTOMOTIVOS", "RAZAOSOCIAL": "P_S_DE_OLIVEIRA_-_MECANICA_LTDA", "ENDEE": "RUA_ERNEST_RENAM1005__FAZENDA_MORUMBI_05656-105", "LMAPS": "https://www.google.com/maps?q=&layer=c&cbll=-23.6115001,-46.7241075", "O_QUE_FAZER": "CARTEIRA", "ER_REGIAO_CIDADE_min": "Capital Oeste_Morumbi" }, "geometry": { "type": "Point", "coordinates": [ -46.7241075, -23.6115001 ] } },
{ "type": "Feature", "properties": { "fid": 95314, "CNPJ": "16669016000121", "IDCIDADE": "SAO_PAULO", "NOMEFANTASIA": "TRADICIONAL_BOLOS_CASEIROS", "RAZAOSOCIAL": "C_H_L_COMERCIO_DE_PRODUTOS_ALIMENTICIOS_LTDA", "ENDEE": "RUA_REGENTE_LEON_KANIEFSKY573__VILA_PROGREDIOR_05617-030", "LMAPS": "https://www.google.com/maps?q=&layer=c&cbll=-23.5897417,-46.7165383", "O_QUE_FAZER": "CARTEIRA", "ER_REGIAO_CIDADE_min": "Capital Oeste_Morumbi" }, "geometry": { "type": "Point", "coordinates": [ -46.7165383, -23.5897417 ] } },
{ "type": "Feature", "properties": { "fid": 104831, "CNPJ": "18608262000107", "IDCIDADE": "SAO_PAULO", "NOMEFANTASIA": "FESTAMIX", "RAZAOSOCIAL": "FESTAMIX_MORUMBI_ARTIGOS_PARA_FESTAS_LTDA", "ENDEE": "RUA_DOS_TRES_IRMAOS642__VILA_PROGREDIOR_05615-190", "LMAPS": "https://www.google.com/maps?q=&layer=c&cbll=-23.5899861,-46.7155802", "O_QUE_FAZER": "CARTEIRA", "ER_REGIAO_CIDADE_min": "Capital Oeste_Morumbi" }, "geometry": { "type": "Point", "coordinates": [ -46.7155802, -23.5899861 ] } },
{ "type": "Feature", "properties": { "fid": 106264, "CNPJ": "18908991000170", "IDCIDADE": "SAO_PAULO", "NOMEFANTASIA": "LIGA_LIG_COMIDA_CHINESA", "RAZAOSOCIAL": "PEKIN_COMERCIO_DE_COMIDA_ARTESANAL_CHINESA_LTDA", "ENDEE": "RUA_DOS_TRES_IRMAOS516__VILA_PROGREDIOR_05615-190", "LMAPS": "https://www.google.com/maps?q=&layer=c&cbll=-23.5890281,-46.716153", "O_QUE_FAZER": "CARTEIRA", "ER_REGIAO_CIDADE_min": "Capital Oeste_Morumbi" }, "geometry": { "type": "Point", "coordinates": [ -46.716153, -23.5890281 ] } },
{ "type": "Feature", "properties": { "fid": 108899, "CNPJ": "19493930000152", "IDCIDADE": "SAO_PAULO", "NOMEFANTASIA": "OUTLET_LINGERIE", "RAZAOSOCIAL": "O.L.X_COMERCIO_DE_CONFECCOES_LTDA", "ENDEE": "RUA_DOS_TRES_IRMAOS606__VILA_PROGREDIOR_05615-190", "LMAPS": "https://www.google.com/maps?q=&layer=c&cbll=-23.5895757,-46.7158787", "O_QUE_FAZER": "CARTEIRA", "ER_REGIAO_CIDADE_min": "Capital Oeste_Morumbi" }, "geometry": { "type": "Point", "coordinates": [ -46.7158787, -23.5895757 ] } },
{ "type": "Feature", "properties": { "fid": 110484, "CNPJ": "19863180000163", "IDCIDADE": "SAO_PAULO", "NOMEFANTASIA": "SODIE_DOCES", "RAZAOSOCIAL": "CONFEITARIA_F.DANTAS_LTDA", "ENDEE": "RUA_JOSE_JANNARELLI135__VILA_PROGREDIOR_05615-000", "LMAPS": "https://www.google.com/maps?q=&layer=c&cbll=-23.5859362,-46.7187301", "O_QUE_FAZER": "CARTEIRA", "ER_REGIAO_CIDADE_min": "Capital Oeste_Morumbi" }, "geometry": { "type": "Point", "coordinates": [ -46.7187301, -23.5859362 ] } },
{ "type": "Feature", "properties": { "fid": 111490, "CNPJ": "20085983000113", "IDCIDADE": "SAO_PAULO", "NOMEFANTASIA": "PNEU_DO_MEU_CARRO", "RAZAOSOCIAL": "CENTRO_AUTOMOTIVO_PNEU_DO_MEU_CARRO_LTDA", "ENDEE": "AVENIDA_PROFESSOR_FRANCISCO_MORATO2001__BUTANTA_05512-000", "LMAPS": "https://www.google.com/maps?q=&layer=c&cbll=-23.5849126,-46.7178607", "O_QUE_FAZER": "CARTEIRA", "ER_REGIAO_CIDADE_min": "Capital Oeste_Morumbi" }, "geometry": { "type": "Point", "coordinates": [ -46.7178607, -23.5849126 ] } },
{ "type": "Feature", "properties": { "fid": 115206, "CNPJ": "20936216000170", "IDCIDADE": "SAO_PAULO", "NOMEFANTASIA": "VILLA_SAIAD", "RAZAOSOCIAL": "SG_ALIMENTOS_LTDA", "ENDEE": "AVENIDA_JORGE_JOAO_SAAD653__VILA_PROGREDIOR_05618-000", "LMAPS": "https://www.google.com/maps?q=&layer=c&cbll=-23.5923264,-46.72135", "O_QUE_FAZER": "CARTEIRA", "ER_REGIAO_CIDADE_min": "Capital Oeste_Morumbi" }, "geometry": { "type": "Point", "coordinates": [ -46.72135, -23.5923264 ] } },
{ "type": "Feature", "properties": { "fid": 116104, "CNPJ": "21132025000119", "IDCIDADE": "SAO_PAULO", "NOMEFANTASIA": "PIZZA_DO_PAO_DE_QUEIJO", "RAZAOSOCIAL": "TRADICAO_INDUSTRIA_DE_ALIMENTOS_&_SERVICOS_ADMINISTRATIVOS_LTDA.", "ENDEE": "RUA_REGENTE_LEON_KANIEFSKY91__VILA_PROGREDIOR_05617-030", "LMAPS": "https://www.google.com/maps?q=&layer=c&cbll=-23.591706,-46.7208151", "O_QUE_FAZER": "CARTEIRA", "ER_REGIAO_CIDADE_min": "Capital Oeste_Morumbi" }, "geometry": { "type": "Point", "coordinates": [ -46.7208151, -23.591706 ] } },
{ "type": "Feature", "properties": { "fid": 116247, "CNPJ": "21165617000137", "IDCIDADE": "SAO_PAULO", "NOMEFANTASIA": "RANGU_541", "RAZAOSOCIAL": "CLOVIS_541_COMERCIO_DE_ALIMENTOS_LTDA", "ENDEE": "RUA_DOUTOR_CLOVIS_DE_OLIVEIRA541__VILA_PROGREDIOR_05616-000", "LMAPS": "https://www.google.com/maps?q=&layer=c&cbll=-23.5895812,-46.717928", "O_QUE_FAZER": "CARTEIRA", "ER_REGIAO_CIDADE_min": "Capital Oeste_Morumbi" }, "geometry": { "type": "Point", "coordinates": [ -46.717928, -23.5895812 ] } },
{ "type": "Feature", "properties": { "fid": 116871, "CNPJ": "21295471000144", "IDCIDADE": "SAO_PAULO", "NOMEFANTASIA": "ARMAZEM_DO_NATURAL", "RAZAOSOCIAL": "ARMAZEM_DO_NATURAL_COMERCIO_DE_PRODUTOS_NATURAIS_LTDA", "ENDEE": "AVENIDA_PROFESSOR_FRANCISCO_MORATO2339__BUTANTA_05512-000", "LMAPS": "https://www.google.com/maps?q=&layer=c&cbll=-23.5855075,-46.7211812", "O_QUE_FAZER": "CARTEIRA", "ER_REGIAO_CIDADE_min": "Capital Oeste_Morumbi" }, "geometry": { "type": "Point", "coordinates": [ -46.7211812, -23.5855075 ] } },
{ "type": "Feature", "properties": { "fid": 120630, "CNPJ": "22121571000117", "IDCIDADE": "SAO_PAULO", "NOMEFANTASIA": "ABRA_-_EDUCACAO_POR_PRINCIPIO_LTDA", "RAZAOSOCIAL": "ABRA_-_EDUCACAO_POR_PRINCIPIO_LTDA", "ENDEE": "RUA_LUIS_GONZAGA_DE_AZEVEDO_NETO183__VILA_TRAMONTANO_05690-040", "LMAPS": "https://www.google.com/maps?q=&layer=c&cbll=-23.6157599,-46.7038746", "O_QUE_FAZER": "FINALIZADO", "ER_REGIAO_CIDADE_min": "Capital Oeste_Morumbi" }, "geometry": { "type": "Point", "coordinates": [ -46.7038746, -23.6157599 ] } },
{ "type": "Feature", "properties": { "fid": 120677, "CNPJ": "22130288000151", "IDCIDADE": "SAO_PAULO", "NOMEFANTASIA": "DR_ARABE", "RAZAOSOCIAL": "DR_FILE_RESTAURANTE_E_GALETERIA_LTDA", "ENDEE": "RUA_REGENTE_LEON_KANIEFSKY283__VILA_PROGREDIOR_05617-030", "LMAPS": "https://www.google.com/maps?q=&layer=c&cbll=-23.5908667,-46.7191599", "O_QUE_FAZER": "CARTEIRA", "ER_REGIAO_CIDADE_min": "Capital Oeste_Morumbi" }, "geometry": { "type": "Point", "coordinates": [ -46.7191599, -23.5908667 ] } },
{ "type": "Feature", "properties": { "fid": 121759, "CNPJ": "22367142000124", "IDCIDADE": "SAO_PAULO", "NOMEFANTASIA": "BOLO_DA_MADRE", "RAZAOSOCIAL": "PR2_COMERCIO_DE_ALIMENTOS_LTDA", "ENDEE": "RUA_DOS_TRES_IRMAOS553__VILA_PROGREDIOR_05615-190", "LMAPS": "https://www.google.com/maps?q=&layer=c&cbll=-23.5892476,-46.7158428", "O_QUE_FAZER": "CARTEIRA", "ER_REGIAO_CIDADE_min": "Capital Oeste_Morumbi" }, "geometry": { "type": "Point", "coordinates": [ -46.7158428, -23.5892476 ] } },
{ "type": "Feature", "properties": { "fid": 121836, "CNPJ": "22385878000125", "IDCIDADE": "SAO_PAULO", "NOMEFANTASIA": "RD_13_LOJA", "RAZAOSOCIAL": "RAFAEL_MARQUES_MOREIRA_DE_OLIVEIRA", "ENDEE": "AVENIDA_PROFESSOR_FRANCISCO_MORATO2052__BUTANTA_05512-000", "LMAPS": "https://www.google.com/maps?q=&layer=c&cbll=-23.5846066,-46.7186113", "O_QUE_FAZER": "CARTEIRA", "ER_REGIAO_CIDADE_min": "Capital Oeste_Morumbi" }, "geometry": { "type": "Point", "coordinates": [ -46.7186113, -23.5846066 ] } },
{ "type": "Feature", "properties": { "fid": 122216, "CNPJ": "22457047000111", "IDCIDADE": "SAO_PAULO", "NOMEFANTASIA": "KAPEH", "RAZAOSOCIAL": "GOBBATO_FERRO_G_COMERCIO_DE_CONGELADOS_LTDA", "ENDEE": "RUA_AMELIA_CORREA_FONTES_GUIMARAES9__VILA_PROGREDIOR_05617-010", "LMAPS": "https://www.google.com/maps?q=&layer=c&cbll=-23.5877023,-46.7168455", "O_QUE_FAZER": "CARTEIRA", "ER_REGIAO_CIDADE_min": "Capital Oeste_Morumbi" }, "geometry": { "type": "Point", "coordinates": [ -46.7168455, -23.5877023 ] } },
{ "type": "Feature", "properties": { "fid": 125682, "CNPJ": "23192903000117", "IDCIDADE": "SAO_PAULO", "NOMEFANTASIA": "PNEUS_PAULISTAS", "RAZAOSOCIAL": "BUTANTA_SERVICOS_AUTOMOTIVOS_LTDA", "ENDEE": "AVENIDA_PROFESSOR_FRANCISCO_MORATO1449__BUTANTA_05512-000", "LMAPS": "https://www.google.com/maps?q=&layer=c&cbll=-23.58269,-46.7131733", "O_QUE_FAZER": "CARTEIRA", "ER_REGIAO_CIDADE_min": "Capital Oeste_Morumbi" }, "geometry": { "type": "Point", "coordinates": [ -46.7131733, -23.58269 ] } },
{ "type": "Feature", "properties": { "fid": 126093, "CNPJ": "23279493000146", "IDCIDADE": "SAO_PAULO", "NOMEFANTASIA": "FLORES_DA_NOSSA_VILA", "RAZAOSOCIAL": "M&M_COMERCIO_DE_FLORES_E_PRESENTES_LTDA", "ENDEE": "RUA_REGENTE_LEON_KANIEFSKY508__VILA_PROGREDIOR_05617-030", "LMAPS": "https://www.google.com/maps?q=&layer=c&cbll=-23.5902013,-46.7170686", "O_QUE_FAZER": "CARTEIRA", "ER_REGIAO_CIDADE_min": "Capital Oeste_Morumbi" }, "geometry": { "type": "Point", "coordinates": [ -46.7170686, -23.5902013 ] } },
{ "type": "Feature", "properties": { "fid": 126907, "CNPJ": "23455248000142", "IDCIDADE": "SAO_PAULO", "NOMEFANTASIA": "CHEESECAKE_DA_LATA", "RAZAOSOCIAL": "S3JR_COMERCIO_DE_ALIMENTOS_LTDA.", "ENDEE": "RUA_AMELIA_CORREA_FONTES_GUIMARAES188__VILA_PROGREDIOR_05617-010", "LMAPS": "https://www.google.com/maps?q=&layer=c&cbll=-23.58828,-46.7184783", "O_QUE_FAZER": "CARTEIRA", "ER_REGIAO_CIDADE_min": "Capital Oeste_Morumbi" }, "geometry": { "type": "Point", "coordinates": [ -46.7184783, -23.58828 ] } },
{ "type": "Feature", "properties": { "fid": 128044, "CNPJ": "23690166000182", "IDCIDADE": "SAO_PAULO", "NOMEFANTASIA": "PE_E_SAUDE_PODOLOGIA", "RAZAOSOCIAL": "PE_E_SAUDE_PODOLOGIA_E_BELEZA_LTDA", "ENDEE": "RUA_REGENTE_LEON_KANIEFSKY155__VILA_PROGREDIOR_05617-030", "LMAPS": "https://www.google.com/maps?q=&layer=c&cbll=-23.5914336,-46.7202318", "O_QUE_FAZER": "CARTEIRA", "ER_REGIAO_CIDADE_min": "Capital Oeste_Morumbi" }, "geometry": { "type": "Point", "coordinates": [ -46.7202318, -23.5914336 ] } },
{ "type": "Feature", "properties": { "fid": 129164, "CNPJ": "23926065000168", "IDCIDADE": "SAO_PAULO", "NOMEFANTASIA": "A_TORTERIA", "RAZAOSOCIAL": "TORTERIA_COMERCIO_DE_ALIMENTOS_MORUMBI_LTDA", "ENDEE": "RUA_DOS_TRES_IRMAOS654__VILA_PROGREDIOR_05615-190", "LMAPS": "https://www.google.com/maps?q=&layer=c&cbll=-23.590175,-46.7156217", "O_QUE_FAZER": "CARTEIRA", "ER_REGIAO_CIDADE_min": "Capital Oeste_Morumbi" }, "geometry": { "type": "Point", "coordinates": [ -46.7156217, -23.590175 ] } },
{ "type": "Feature", "properties": { "fid": 131031, "CNPJ": "24312338000147", "IDCIDADE": "SAO_PAULO", "NOMEFANTASIA": "MEU_PET_LARANJA_LIMA", "RAZAOSOCIAL": "MEU_PET_LARANJA_LIMA_SERVICOS_E_COMERCIO_DE_PRODUTOS_PARA_ANIMAIS_LTDA.", "ENDEE": "RUA_DOM_ARMANDO_LOMBARDI284__VILA_PROGREDIOR_05616-010", "LMAPS": "https://www.google.com/maps?q=&layer=c&cbll=-23.5879417,-46.720645", "O_QUE_FAZER": "CARTEIRA", "ER_REGIAO_CIDADE_min": "Capital Oeste_Morumbi" }, "geometry": { "type": "Point", "coordinates": [ -46.720645, -23.5879417 ] } },
{ "type": "Feature", "properties": { "fid": 131547, "CNPJ": "24415431000187", "IDCIDADE": "SAO_PAULO", "NOMEFANTASIA": "CELSO_MANOEL_DA_SILVA_29005739800", "RAZAOSOCIAL": "CELSO_MANOEL", "ENDEE": "RUA_MINISTRO_NELSON_HUNGRIA577__VILA_TRAMONTANO_05690-050", "LMAPS": "https://www.google.com/maps?q=&layer=c&cbll=-23.6128642,-46.7039054", "O_QUE_FAZER": "FINALIZADO", "ER_REGIAO_CIDADE_min": "Capital Oeste_Morumbi" }, "geometry": { "type": "Point", "coordinates": [ -46.7039054, -23.6128642 ] } },
{ "type": "Feature", "properties": { "fid": 133233, "CNPJ": "24746418000291", "IDCIDADE": "SAO_PAULO", "NOMEFANTASIA": "DEMOLLO_COMERCIO_E_SERVICOS_LTDA", "RAZAOSOCIAL": "FASTFRAME", "ENDEE": "RUA_DOS_TRES_IRMAOS625__VILA_PROGREDIOR_05615-190", "LMAPS": "https://www.google.com/maps?q=&layer=c&cbll=-23.5898139,-46.715445", "O_QUE_FAZER": "FINALIZADO", "ER_REGIAO_CIDADE_min": "Capital Oeste_Morumbi" }, "geometry": { "type": "Point", "coordinates": [ -46.715445, -23.5898139 ] } },
{ "type": "Feature", "properties": { "fid": 134606, "CNPJ": "25014694000147", "IDCIDADE": "SAO_PAULO", "NOMEFANTASIA": "ORTOBOM", "RAZAOSOCIAL": "GOOD_SLEEP_COLCHOES_LTDA", "ENDEE": "AVENIDA_PROFESSOR_FRANCISCO_MORATO2351__BUTANTA_05512-000", "LMAPS": "https://www.google.com/maps?q=&layer=c&cbll=-23.5856145,-46.721338", "O_QUE_FAZER": "CARTEIRA", "ER_REGIAO_CIDADE_min": "Capital Oeste_Morumbi" }, "geometry": { "type": "Point", "coordinates": [ -46.721338, -23.5856145 ] } },
{ "type": "Feature", "properties": { "fid": 137320, "CNPJ": "26085229000160", "IDCIDADE": "SAO_PAULO", "NOMEFANTASIA": "CARCLUB", "RAZAOSOCIAL": "CARCLUB_COMERCIO_SERVICOS_E_EQUIPAMENTOS_SONOROS_LTDA", "ENDEE": "AVENIDA_PROFESSOR_FRANCISCO_MORATO1991__BUTANTA_05512-000", "LMAPS": "https://www.google.com/maps?q=&layer=c&cbll=-23.5847807,-46.7177953", "O_QUE_FAZER": "CARTEIRA", "ER_REGIAO_CIDADE_min": "Capital Oeste_Morumbi" }, "geometry": { "type": "Point", "coordinates": [ -46.7177953, -23.5847807 ] } },
{ "type": "Feature", "properties": { "fid": 137681, "CNPJ": "26154832000156", "IDCIDADE": "SAO_PAULO", "NOMEFANTASIA": "P._ROZZINO_SERVICOS_E_COMERCIO_LTDA", "RAZAOSOCIAL": "CASA_ROZZINO", "ENDEE": "RUA_JOSE_DE_CRISTO_MOREIRA390__VILA_MORUMBI_05688-090", "LMAPS": "https://www.google.com/maps?q=&layer=c&cbll=-23.6134832,-46.7072555", "O_QUE_FAZER": "FINALIZADO", "ER_REGIAO_CIDADE_min": "Capital Oeste_Morumbi" }, "geometry": { "type": "Point", "coordinates": [ -46.7072555, -23.6134832 ] } },
{ "type": "Feature", "properties": { "fid": 137856, "CNPJ": "26183213000190", "IDCIDADE": "SAO PAULO", "NOMEFANTASIA": "Mama_Loves_You", "RAZAOSOCIAL": "MMLY_ESTUDIO_DE_DECORACAO_LTDA", "ENDEE": "RUA REGENTE LEON KANIEFSKY, 450, VILA PROGREDIOR, 05617-030, SÃO PAULO, SP, BRASIL", "LMAPS": "https://www.google.com/maps?q=&layer=c&cbll=-23.5904348,-46.7175522", "O_QUE_FAZER": "CARTEIRA - FAMPE", "ER_REGIAO_CIDADE_min": "Capital Oeste_Morumbi" }, "geometry": { "type": "Point", "coordinates": [ -46.7175522, -23.5904348 ] } },
{ "type": "Feature", "properties": { "fid": 137873, "CNPJ": "26185118000125", "IDCIDADE": "SAO_PAULO", "NOMEFANTASIA": "DONA_CELINA", "RAZAOSOCIAL": "DONA_CELINA_COMERCIO_DE_ALIMENTOS_LTDA", "ENDEE": "RUA_AMELIA_CORREA_FONTES_GUIMARAES22__VILA_PROGREDIOR_05617-010", "LMAPS": "https://www.google.com/maps?q=&layer=c&cbll=-23.5877329,-46.7170765", "O_QUE_FAZER": "CARTEIRA", "ER_REGIAO_CIDADE_min": "Capital Oeste_Morumbi" }, "geometry": { "type": "Point", "coordinates": [ -46.7170765, -23.5877329 ] } },
{ "type": "Feature", "properties": { "fid": 142761, "CNPJ": "27145172000100", "IDCIDADE": "SAO_PAULO", "NOMEFANTASIA": "BACKEDCAME", "RAZAOSOCIAL": "BAKED_CAKE_COMERCIO_E_CONFEITARIA_LTDA", "ENDEE": "RUA_DOS_TRES_IRMAOS96__VILA_PROGREDIOR_05615-190", "LMAPS": "https://www.google.com/maps?q=&layer=c&cbll=-23.5856864,-46.7179081", "O_QUE_FAZER": "CARTEIRA", "ER_REGIAO_CIDADE_min": "Capital Oeste_Morumbi" }, "geometry": { "type": "Point", "coordinates": [ -46.7179081, -23.5856864 ] } },
{ "type": "Feature", "properties": { "fid": 144354, "CNPJ": "27443915000128", "IDCIDADE": "SAO_PAULO", "NOMEFANTASIA": "AMA_TE_EMAGRECIMENTO", "RAZAOSOCIAL": "ESQUIVEL_CENTRO_ESPECIALIZADO_EM_EMAGRECIMENTO_E_ESTETICAS_LTDA", "ENDEE": "RUA_DOM_ARMANDO_LOMBARDI490__VILA_PROGREDIOR_05616-010", "LMAPS": "https://www.google.com/maps?q=&layer=c&cbll=-23.5896998,-46.7196267", "O_QUE_FAZER": "CARTEIRA", "ER_REGIAO_CIDADE_min": "Capital Oeste_Morumbi" }, "geometry": { "type": "Point", "coordinates": [ -46.7196267, -23.5896998 ] } },
{ "type": "Feature", "properties": { "fid": 145126, "CNPJ": "27583396000101", "IDCIDADE": "SAO_PAULO", "NOMEFANTASIA": "DESCOMPLICADA_LEL", "RAZAOSOCIAL": "DESCOMPLICA_LEL_SERVICOS_AUTOMOTIVOS_LTDA", "ENDEE": "RUA_DOUTOR_CLOVIS_DE_OLIVEIRA557__VILA_PROGREDIOR_05616-000", "LMAPS": "https://www.google.com/maps?q=&layer=c&cbll=-23.5896966,-46.7180469", "O_QUE_FAZER": "CARTEIRA", "ER_REGIAO_CIDADE_min": "Capital Oeste_Morumbi" }, "geometry": { "type": "Point", "coordinates": [ -46.7180469, -23.5896966 ] } },
{ "type": "Feature", "properties": { "fid": 152223, "CNPJ": "28906482000162", "IDCIDADE": "SAO_PAULO", "NOMEFANTASIA": "ACOUGUE_SERROTE_BRANCO", "RAZAOSOCIAL": "SERROTE_BRANCO_-_ACOUGUE_LTDA", "ENDEE": "AVENIDA_PROFESSOR_FRANCISCO_MORATO2011__BUTANTA_05512-000", "LMAPS": "https://www.google.com/maps?q=&layer=c&cbll=-23.5848258,-46.7180626", "O_QUE_FAZER": "CARTEIRA", "ER_REGIAO_CIDADE_min": "Capital Oeste_Morumbi" }, "geometry": { "type": "Point", "coordinates": [ -46.7180626, -23.5848258 ] } },
{ "type": "Feature", "properties": { "fid": 152340, "CNPJ": "28930144000166", "IDCIDADE": "SAO PAULO", "NOMEFANTASIA": null, "RAZAOSOCIAL": "OLD_DUTCH_BARBEARIA_LTDA", "ENDEE": "RUA REG LEON KANIEFSKY, 442, VILA PROGREDIOR, 05617-030, SÃO PAULO, SP, BRASIL", "LMAPS": "https://www.google.com/maps?q=&layer=c&cbll=-23.5904644,-46.7176203", "O_QUE_FAZER": "CARTEIRA - FAMPE", "ER_REGIAO_CIDADE_min": "Capital Oeste_Morumbi" }, "geometry": { "type": "Point", "coordinates": [ -46.7176203, -23.5904644 ] } },
{ "type": "Feature", "properties": { "fid": 153149, "CNPJ": "29080564000163", "IDCIDADE": "SAO_PAULO", "NOMEFANTASIA": "CARLOS_ROBERTO_OLIVEIRA_DOS_REIS_29591968809", "RAZAOSOCIAL": "CARLOS_ROBERTO", "ENDEE": "RUA_MINISTRO_NELSON_HUNGRIA577__VILA_TRAMONTANO_05690-050", "LMAPS": "https://www.google.com/maps?q=&layer=c&cbll=-23.6128642,-46.7039054", "O_QUE_FAZER": "FINALIZADO", "ER_REGIAO_CIDADE_min": "Capital Oeste_Morumbi" }, "geometry": { "type": "Point", "coordinates": [ -46.7039054, -23.6128642 ] } },
{ "type": "Feature", "properties": { "fid": 153971, "CNPJ": "29224981000132", "IDCIDADE": "SAO_PAULO", "NOMEFANTASIA": "MIMOS_PETSHOP", "RAZAOSOCIAL": "PETSIL_COMERCIO_E_SERVICOS_LTDA", "ENDEE": "RUA_DOM_ARMANDO_LOMBARDI431__VILA_PROGREDIOR_05616-010", "LMAPS": "https://www.google.com/maps?q=&layer=c&cbll=-23.5890571,-46.7197048", "O_QUE_FAZER": "CARTEIRA", "ER_REGIAO_CIDADE_min": "Capital Oeste_Morumbi" }, "geometry": { "type": "Point", "coordinates": [ -46.7197048, -23.5890571 ] } },
{ "type": "Feature", "properties": { "fid": 154069, "CNPJ": "29244447000198", "IDCIDADE": "SAO_PAULO", "NOMEFANTASIA": "RC_CICLO_BIKE", "RAZAOSOCIAL": "RS_CICLO_BIKE_COMERCIO_DE_ACESSORIOS_LTDA", "ENDEE": "RUA_REGENTE_LEON_KANIEFSKY133__VILA_PROGREDIOR_05617-030", "LMAPS": "https://www.google.com/maps?q=&layer=c&cbll=-23.5915068,-46.7204651", "O_QUE_FAZER": "CARTEIRA", "ER_REGIAO_CIDADE_min": "Capital Oeste_Morumbi" }, "geometry": { "type": "Point", "coordinates": [ -46.7204651, -23.5915068 ] } },
{ "type": "Feature", "properties": { "fid": 154185, "CNPJ": "29266453000146", "IDCIDADE": "SAO_PAULO", "NOMEFANTASIA": "ACADEMIA_CT_GREICE", "RAZAOSOCIAL": "CENTRO_DE_TREINAMENTO_GRACIE_LTDA", "ENDEE": "AVENIDA_PROFESSOR_FRANCISCO_MORATO1950__BUTANTA_05512-000", "LMAPS": "https://www.google.com/maps?q=&layer=c&cbll=-23.5843613,-46.7177077", "O_QUE_FAZER": "CARTEIRA", "ER_REGIAO_CIDADE_min": "Capital Oeste_Morumbi" }, "geometry": { "type": "Point", "coordinates": [ -46.7177077, -23.5843613 ] } },
{ "type": "Feature", "properties": { "fid": 154670, "CNPJ": "29352083000160", "IDCIDADE": "SAO_PAULO", "NOMEFANTASIA": "REI_DO_OLEO", "RAZAOSOCIAL": "JFF_LUBRIFICANTES_LTDA", "ENDEE": "RUA_GENERAL_SENA_VASCONCELOS48__JARDIM_GUEDALA_05611-010", "LMAPS": "https://www.google.com/maps?q=&layer=c&cbll=-23.583425,-46.71448", "O_QUE_FAZER": "CARTEIRA", "ER_REGIAO_CIDADE_min": "Capital Oeste_Morumbi" }, "geometry": { "type": "Point", "coordinates": [ -46.71448, -23.583425 ] } },
{ "type": "Feature", "properties": { "fid": 155260, "CNPJ": "29507339000160", "IDCIDADE": "SAO_PAULO", "NOMEFANTASIA": "MAGAYWER_CENTRO_AUTOMOTIVO", "RAZAOSOCIAL": "M_M_MJ_COMERCIO_DE_TINTAS_AUTOMOTIVAS_E_RESIDENCIAL_E_SERVICOS_LTDA", "ENDEE": "RUA_PASQUALE_GALLUPI3065__PARAISOPOLIS_05660-000", "LMAPS": "https://www.google.com/maps?q=&layer=c&cbll=-23.6086117,-46.7258193", "O_QUE_FAZER": "CARTEIRA - FAMPE", "ER_REGIAO_CIDADE_min": "Capital Oeste_Morumbi" }, "geometry": { "type": "Point", "coordinates": [ -46.7258193, -23.6086117 ] } },
{ "type": "Feature", "properties": { "fid": 155717, "CNPJ": "29606321000116", "IDCIDADE": "SAO_PAULO", "NOMEFANTASIA": "MOBY_KIDS", "RAZAOSOCIAL": "CLEM_-_COMERCIO_DE_ROUPAS_E_ACESSORIOS_LTDA", "ENDEE": "RUA_DOS_TRES_IRMAOS398__VILA_PROGREDIOR_05615-190", "LMAPS": "https://www.google.com/maps?q=&layer=c&cbll=-23.5880172,-46.7166724", "O_QUE_FAZER": "CARTEIRA", "ER_REGIAO_CIDADE_min": "Capital Oeste_Morumbi" }, "geometry": { "type": "Point", "coordinates": [ -46.7166724, -23.5880172 ] } },
{ "type": "Feature", "properties": { "fid": 161744, "CNPJ": "30745304000149", "IDCIDADE": "SAO_PAULO", "NOMEFANTASIA": "REDEDLIMPA_PRODUTOS_DE_LIMPEZA_EM_GERAL", "RAZAOSOCIAL": "FDMR_COMERCIO_DE_UTILIDADES_LTDA", "ENDEE": "RUA_DOUTOR_CLOVIS_DE_OLIVEIRA205__VILA_PROGREDIOR_05616-000", "LMAPS": "https://www.google.com/maps?q=&layer=c&cbll=-23.5868025,-46.7196394", "O_QUE_FAZER": "CARTEIRA", "ER_REGIAO_CIDADE_min": "Capital Oeste_Morumbi" }, "geometry": { "type": "Point", "coordinates": [ -46.7196394, -23.5868025 ] } },
{ "type": "Feature", "properties": { "fid": 162709, "CNPJ": "30936113000164", "IDCIDADE": "SAO PAULO", "NOMEFANTASIA": "CAMILA_BASSI", "RAZAOSOCIAL": "CAMILA_FERNANDES_BASSI_29342926819", "ENDEE": "RUA REGENTE LEON KANIEFSKY, 476, VILA PROGREDIOR, 05617-030, SÃO PAULO, SP, BRASIL", "LMAPS": "https://www.google.com/maps?q=&layer=c&cbll=-23.5903485,-46.7173232", "O_QUE_FAZER": "APLICAR T4", "ER_REGIAO_CIDADE_min": "Capital Oeste_Morumbi" }, "geometry": { "type": "Point", "coordinates": [ -46.7173232, -23.5903485 ] } },
{ "type": "Feature", "properties": { "fid": 164167, "CNPJ": "31247879000102", "IDCIDADE": "SAO_PAULO", "NOMEFANTASIA": "IW_INGLES_SEM_ENROLACAO", "RAZAOSOCIAL": "ESCOLA_DE_IDIOMAS_IW_MORUMBI_LTDA", "ENDEE": "RUA_JOSE_JANNARELLI548__VILA_PROGREDIOR_05615-000", "LMAPS": "https://www.google.com/maps?q=&layer=c&cbll=-23.5893926,-46.7172119", "O_QUE_FAZER": "CARTEIRA", "ER_REGIAO_CIDADE_min": "Capital Oeste_Morumbi" }, "geometry": { "type": "Point", "coordinates": [ -46.7172119, -23.5893926 ] } },
{ "type": "Feature", "properties": { "fid": 164283, "CNPJ": "31267805000120", "IDCIDADE": "SAO_PAULO", "NOMEFANTASIA": "OTICAS_CAROL", "RAZAOSOCIAL": "AMARO_PORTO_GODINHO_DA_SILVA", "ENDEE": "RUA_DOS_TRES_IRMAOS633__VILA_PROGREDIOR_05615-190", "LMAPS": "https://www.google.com/maps?q=&layer=c&cbll=-23.5898701,-46.7154871", "O_QUE_FAZER": "CARTEIRA", "ER_REGIAO_CIDADE_min": "Capital Oeste_Morumbi" }, "geometry": { "type": "Point", "coordinates": [ -46.7154871, -23.5898701 ] } },
{ "type": "Feature", "properties": { "fid": 167210, "CNPJ": "31847319000180", "IDCIDADE": "SAO PAULO", "NOMEFANTASIA": "-", "RAZAOSOCIAL": "31.847.319_RAMON_MANOEL_DA_SILVA", "ENDEE": "RUA CONDE DE ITAGUAI, 17, CASA 02, REAL PARQUE, 05686-030, SÃO PAULO, SP, BRASIL", "LMAPS": "https://www.google.com/maps?q=&layer=c&cbll=-23.6088721,-46.7039129", "O_QUE_FAZER": "CARTEIRA - FAMPE", "ER_REGIAO_CIDADE_min": "Capital Oeste_Morumbi" }, "geometry": { "type": "Point", "coordinates": [ -46.7039129, -23.6088721 ] } },
{ "type": "Feature", "properties": { "fid": 167751, "CNPJ": "31956273000138", "IDCIDADE": "SAO_PAULO", "NOMEFANTASIA": "LUIZ_FERNANDO_NICOLA_GIACON_DE_LAURENTIS_29974411882", "RAZAOSOCIAL": "DFL_SERVICOS_E_COMERCIO", "ENDEE": "RUA_JOSE_JANNARELLI302__VILA_PROGREDIOR_05615-000", "LMAPS": "https://www.google.com/maps?q=&layer=c&cbll=-23.587378,-46.718427", "O_QUE_FAZER": "FINALIZADO", "ER_REGIAO_CIDADE_min": "Capital Oeste_Morumbi" }, "geometry": { "type": "Point", "coordinates": [ -46.718427, -23.587378 ] } },
{ "type": "Feature", "properties": { "fid": 170202, "CNPJ": "32487270000165", "IDCIDADE": "SAO_PAULO", "NOMEFANTASIA": "SALAO_RAIZES", "RAZAOSOCIAL": "VIP_16_CABELEIREIROS_LTDA", "ENDEE": "RUA_REGENTE_LEON_KANIEFSKY151__VILA_PROGREDIOR_05617-030", "LMAPS": "https://www.google.com/maps?q=&layer=c&cbll=-23.5914253,-46.7203021", "O_QUE_FAZER": "CARTEIRA", "ER_REGIAO_CIDADE_min": "Capital Oeste_Morumbi" }, "geometry": { "type": "Point", "coordinates": [ -46.7203021, -23.5914253 ] } },
{ "type": "Feature", "properties": { "fid": 170505, "CNPJ": "32553074000141", "IDCIDADE": "SAO_PAULO", "NOMEFANTASIA": "AMARELINHO_MORUMBI", "RAZAOSOCIAL": "BOTECO_AMARELINHO_LTDA", "ENDEE": "RUA_PEDRO_GOMES_CARDIM246__VILA_PROGREDIOR_05617-000", "LMAPS": "https://www.google.com/maps?q=&layer=c&cbll=-23.5919424,-46.7209916", "O_QUE_FAZER": "CARTEIRA", "ER_REGIAO_CIDADE_min": "Capital Oeste_Morumbi" }, "geometry": { "type": "Point", "coordinates": [ -46.7209916, -23.5919424 ] } },
{ "type": "Feature", "properties": { "fid": 170691, "CNPJ": "32592406000105", "IDCIDADE": "SAO PAULO", "NOMEFANTASIA": "Excursy", "RAZAOSOCIAL": "EXCURSY_AGENCIA_DE_VIAGENS_LTDA", "ENDEE": "RUA MARIO GONCALVES DE OLIVEIRA, 153, FAZENDA MORUMBI, 05656-030, SÃO PAULO, SP, BRASIL", "LMAPS": "https://www.google.com/maps?q=&layer=c&cbll=-23.6123879,-46.715791", "O_QUE_FAZER": "CARTEIRA - FAMPE", "ER_REGIAO_CIDADE_min": "Capital Oeste_Morumbi" }, "geometry": { "type": "Point", "coordinates": [ -46.715791, -23.6123879 ] } },
{ "type": "Feature", "properties": { "fid": 170975, "CNPJ": "32654906000116", "IDCIDADE": "SAO_PAULO", "NOMEFANTASIA": "STUNT_BURGER", "RAZAOSOCIAL": "DCG_SERVICOS_LTDA", "ENDEE": "RUA_JOSE_JANNARELLI426__VILA_PROGREDIOR_05615-000", "LMAPS": "https://www.google.com/maps?q=&layer=c&cbll=-23.588493,-46.7179907", "O_QUE_FAZER": "CARTEIRA", "ER_REGIAO_CIDADE_min": "Capital Oeste_Morumbi" }, "geometry": { "type": "Point", "coordinates": [ -46.7179907, -23.588493 ] } },
{ "type": "Feature", "properties": { "fid": 171313, "CNPJ": "32727603000186", "IDCIDADE": "SAO_PAULO", "NOMEFANTASIA": "HOLANDA_PAES_ARTESANAIS_LTDA", "RAZAOSOCIAL": "HOLANDA_PAES", "ENDEE": "RUA_AMELIA_CORREA_FONTES_GUIMARAES182__VILA_PROGREDIOR_05617-010", "LMAPS": "https://www.google.com/maps?q=&layer=c&cbll=-23.5881746,-46.7184928", "O_QUE_FAZER": "FINALIZADO", "ER_REGIAO_CIDADE_min": "Capital Oeste_Morumbi" }, "geometry": { "type": "Point", "coordinates": [ -46.7184928, -23.5881746 ] } },
{ "type": "Feature", "properties": { "fid": 172410, "CNPJ": "32944660000117", "IDCIDADE": "SAO_PAULO", "NOMEFANTASIA": "REGINALDO_TOLEDO_DOS_SANTOS_26421433847", "RAZAOSOCIAL": "SAPATARIA_EXCLUSIVE", "ENDEE": "RUA_LICIO_MARCONDES_DO_AMARAL80__VILA_PROGREDIOR_05616-100", "LMAPS": "https://www.google.com/maps?q=&layer=c&cbll=-23.5859565,-46.7185939", "O_QUE_FAZER": "FINALIZADO", "ER_REGIAO_CIDADE_min": "Capital Oeste_Morumbi" }, "geometry": { "type": "Point", "coordinates": [ -46.7185939, -23.5859565 ] } },
{ "type": "Feature", "properties": { "fid": 173777, "CNPJ": "33193125000134", "IDCIDADE": "SAO_PAULO", "NOMEFANTASIA": "EMPORIO_BIANCO", "RAZAOSOCIAL": "EMPORIO_BIANCO_COMERCIO_VAREJISTA_DE_GENERO_ALIMENTICIOS_E_CONGENEROS_LTDA", "ENDEE": "RUA_PROFESSOR_OSWALDO_TEIXEIRA490__VILA_PROGREDIOR_05617-020", "LMAPS": "https://www.google.com/maps?q=&layer=c&cbll=-23.5891676,-46.7177", "O_QUE_FAZER": "CARTEIRA", "ER_REGIAO_CIDADE_min": "Capital Oeste_Morumbi" }, "geometry": { "type": "Point", "coordinates": [ -46.7177, -23.5891676 ] } },
{ "type": "Feature", "properties": { "fid": 174511, "CNPJ": "33343410000194", "IDCIDADE": "SAO_PAULO", "NOMEFANTASIA": "DONA_MANJERICO", "RAZAOSOCIAL": "DONA_MANJERICO_2_COMERCIO_DE_ALIMENTOS_LTDA", "ENDEE": "RUA_JOSE_JANNARELLI547__VILA_PROGREDIOR_05615-000", "LMAPS": "https://www.google.com/maps?q=&layer=c&cbll=-23.5893015,-46.7169537", "O_QUE_FAZER": "CARTEIRA", "ER_REGIAO_CIDADE_min": "Capital Oeste_Morumbi" }, "geometry": { "type": "Point", "coordinates": [ -46.7169537, -23.5893015 ] } },
{ "type": "Feature", "properties": { "fid": 174901, "CNPJ": "33418439000198", "IDCIDADE": "SAO_PAULO", "NOMEFANTASIA": "BOUTIQUE_LIGHT", "RAZAOSOCIAL": "BOUTIQUE_LIGHT_COMERCIO_DE_ILUMINACAO_LTDA", "ENDEE": "RUA_REGENTE_LEON_KANIEFSKY137__VILA_PROGREDIOR_05617-030", "LMAPS": "https://www.google.com/maps?q=&layer=c&cbll=-23.5914853,-46.7203606", "O_QUE_FAZER": "CARTEIRA", "ER_REGIAO_CIDADE_min": "Capital Oeste_Morumbi" }, "geometry": { "type": "Point", "coordinates": [ -46.7203606, -23.5914853 ] } },
{ "type": "Feature", "properties": { "fid": 175741, "CNPJ": "33567941000160", "IDCIDADE": "SAO_PAULO", "NOMEFANTASIA": "AVODAH_COWORKING_E_SERVICOS_ADMINISTRATIVOS_LTDA", "RAZAOSOCIAL": "AVODAH", "ENDEE": "RUA_REGENTE_LEON_KANIEFSKY496__VILA_PROGREDIOR_05617-030", "LMAPS": "https://www.google.com/maps?q=&layer=c&cbll=-23.5902601,-46.7171578", "O_QUE_FAZER": "FINALIZADO", "ER_REGIAO_CIDADE_min": "Capital Oeste_Morumbi" }, "geometry": { "type": "Point", "coordinates": [ -46.7171578, -23.5902601 ] } },
{ "type": "Feature", "properties": { "fid": 175960, "CNPJ": "33601765000136", "IDCIDADE": "SAO_PAULO", "NOMEFANTASIA": "PETICAO_MAIN", "RAZAOSOCIAL": "PETIT_MAIN_COMERCIO_DE_BRINQUEDOS_E_PRESENTES_LTDA.", "ENDEE": "RUA_REGENTE_LEON_KANIEFSKY446__VILA_PROGREDIOR_05617-030", "LMAPS": "https://www.google.com/maps?q=&layer=c&cbll=-23.5905883,-46.7176233", "O_QUE_FAZER": "CARTEIRA", "ER_REGIAO_CIDADE_min": "Capital Oeste_Morumbi" }, "geometry": { "type": "Point", "coordinates": [ -46.7176233, -23.5905883 ] } },
{ "type": "Feature", "properties": { "fid": 176269, "CNPJ": "33661218000146", "IDCIDADE": "SAO_PAULO", "NOMEFANTASIA": "FLOR_DO_MORUMBI", "RAZAOSOCIAL": "FLOR_DO_MORUMBI_LANCHONETE_E_RESTAURANTE_LTDA", "ENDEE": "RUA_DOS_TRES_IRMAOS94__VILA_PROGREDIOR_05615-190", "LMAPS": "https://www.google.com/maps?q=&layer=c&cbll=-23.5855715,-46.7179935", "O_QUE_FAZER": "CARTEIRA", "ER_REGIAO_CIDADE_min": "Capital Oeste_Morumbi" }, "geometry": { "type": "Point", "coordinates": [ -46.7179935, -23.5855715 ] } },
{ "type": "Feature", "properties": { "fid": 177181, "CNPJ": "33839321000133", "IDCIDADE": "SAO_PAULO", "NOMEFANTASIA": "3I_BEM_ESTAR", "RAZAOSOCIAL": "F_&_P_RESIDENCIAL_SENIOR_LTDA", "ENDEE": "RUA_DOM_ARMANDO_LOMBARDI484__VILA_PROGREDIOR_05616-010", "LMAPS": "https://www.google.com/maps?q=&layer=c&cbll=-23.5896884,-46.7198987", "O_QUE_FAZER": "CARTEIRA", "ER_REGIAO_CIDADE_min": "Capital Oeste_Morumbi" }, "geometry": { "type": "Point", "coordinates": [ -46.7198987, -23.5896884 ] } },
{ "type": "Feature", "properties": { "fid": 179808, "CNPJ": "34356390000159", "IDCIDADE": "SAO_PAULO", "NOMEFANTASIA": "CLAUDIA_ATELIER_DE_COSTURA", "RAZAOSOCIAL": "ARTE_EM_COSTURA_E_REPAROS_LTDA", "ENDEE": "RUA_REGENTE_LEON_KANIEFSKY487__VILA_PROGREDIOR_05617-030", "LMAPS": "https://www.google.com/maps?q=&layer=c&cbll=-23.5919528,-46.7211475", "O_QUE_FAZER": "CARTEIRA", "ER_REGIAO_CIDADE_min": "Capital Oeste_Morumbi" }, "geometry": { "type": "Point", "coordinates": [ -46.7211475, -23.5919528 ] } },
{ "type": "Feature", "properties": { "fid": 180934, "CNPJ": "34576617000171", "IDCIDADE": "SAO_PAULO", "NOMEFANTASIA": "KOPENNHAGEN", "RAZAOSOCIAL": "TB_COMERCIO_DE_DOCES_LTDA", "ENDEE": "RUA_DOS_TRES_IRMAOS539__VILA_PROGREDIOR_05615-190", "LMAPS": "https://www.google.com/maps?q=&layer=c&cbll=-23.5896007,-46.7155901", "O_QUE_FAZER": "CARTEIRA", "ER_REGIAO_CIDADE_min": "Capital Oeste_Morumbi" }, "geometry": { "type": "Point", "coordinates": [ -46.7155901, -23.5896007 ] } },
{ "type": "Feature", "properties": { "fid": 182810, "CNPJ": "34938013000128", "IDCIDADE": "SAO_PAULO", "NOMEFANTASIA": "99_PILATES", "RAZAOSOCIAL": "99_ESCOLA_DE_GINASTICA_E_TREINAMENTO_LTDA", "ENDEE": "RUA_DOUTOR_CLOVIS_DE_OLIVEIRA675__VILA_PROGREDIOR_05616-000", "LMAPS": "https://www.google.com/maps?q=&layer=c&cbll=-23.5906933,-46.7176267", "O_QUE_FAZER": "CARTEIRA", "ER_REGIAO_CIDADE_min": "Capital Oeste_Morumbi" }, "geometry": { "type": "Point", "coordinates": [ -46.7176267, -23.5906933 ] } },
{ "type": "Feature", "properties": { "fid": 183277, "CNPJ": "35031778000142", "IDCIDADE": "SAO_PAULO", "NOMEFANTASIA": "ARCH_HOUSE", "RAZAOSOCIAL": "ST_GENEBRA_COMERCIO_VAREJISTA_DE_MATERIAIS_DE_CONSTRUCAO_LTDA", "ENDEE": "AVENIDA_JORGE_JOAO_SAAD365__VILA_PROGREDIOR_05618-000", "LMAPS": "https://www.google.com/maps?q=&layer=c&cbll=-23.5894729,-46.7220477", "O_QUE_FAZER": "CARTEIRA", "ER_REGIAO_CIDADE_min": "Capital Oeste_Morumbi" }, "geometry": { "type": "Point", "coordinates": [ -46.7220477, -23.5894729 ] } },
{ "type": "Feature", "properties": { "fid": 183286, "CNPJ": "35033750000144", "IDCIDADE": "SAO_PAULO", "NOMEFANTASIA": "COMERCIO_DE_CHOCOLATES_ARIANE_LTDA", "RAZAOSOCIAL": "ARIANE_COMERCIO_DE_CHOCOLATE", "ENDEE": "RUA_LICIO_MARCONDES_DO_AMARAL171__VILA_PROGREDIOR_05616-100", "LMAPS": "https://www.google.com/maps?q=&layer=c&cbll=-23.5865313,-46.7192546", "O_QUE_FAZER": "FINALIZADO", "ER_REGIAO_CIDADE_min": "Capital Oeste_Morumbi" }, "geometry": { "type": "Point", "coordinates": [ -46.7192546, -23.5865313 ] } },
{ "type": "Feature", "properties": { "fid": 183790, "CNPJ": "35137083000220", "IDCIDADE": "SAO_PAULO", "NOMEFANTASIA": "PADANG_CAFETERIA_LTDA", "RAZAOSOCIAL": "PADARIA_PADARIA", "ENDEE": "AVENIDA_JORGE_JOAO_SAAD691__VILA_PROGREDIOR_05618-000", "LMAPS": "https://www.google.com/maps?q=&layer=c&cbll=-23.5894842,-46.7222224", "O_QUE_FAZER": "FINALIZADO", "ER_REGIAO_CIDADE_min": "Capital Oeste_Morumbi" }, "geometry": { "type": "Point", "coordinates": [ -46.7222224, -23.5894842 ] } },
{ "type": "Feature", "properties": { "fid": 184678, "CNPJ": "35360998000110", "IDCIDADE": "SAO_PAULO", "NOMEFANTASIA": "VANDERSON_DOS_SANTOS_MONTEIRO_40155284843", "RAZAOSOCIAL": "VANDERSON_DOS_SANTOS", "ENDEE": "RUA_MINISTRO_NELSON_HUNGRIA577__VILA_TRAMONTANO_05690-050", "LMAPS": "https://www.google.com/maps?q=&layer=c&cbll=-23.6128642,-46.7039054", "O_QUE_FAZER": "FINALIZADO", "ER_REGIAO_CIDADE_min": "Capital Oeste_Morumbi" }, "geometry": { "type": "Point", "coordinates": [ -46.7039054, -23.6128642 ] } },
{ "type": "Feature", "properties": { "fid": 188544, "CNPJ": "36195507000195", "IDCIDADE": "SAO_PAULO", "NOMEFANTASIA": "START_PLACE", "RAZAOSOCIAL": "F._A._O._VIANA_ELETRONICOS", "ENDEE": "RUA_TRES_IRMAOS500__VILA_PROGREDIOR_05615-190", "LMAPS": "https://www.google.com/maps?q=&layer=c&cbll=-23.5888805,-46.7162342", "O_QUE_FAZER": "CARTEIRA", "ER_REGIAO_CIDADE_min": "Capital Oeste_Morumbi" }, "geometry": { "type": "Point", "coordinates": [ -46.7162342, -23.5888805 ] } },
{ "type": "Feature", "properties": { "fid": 190427, "CNPJ": "36582737000107", "IDCIDADE": "SAO_PAULO", "NOMEFANTASIA": "ECCO_COMERCIO_DE_FOGOES", "RAZAOSOCIAL": "ECCO_-_COMERCIO_DE_FOGOES_&_PECAS_LTDA", "ENDEE": "AVENIDA_PROFESSOR_FRANCISCO_MORATO1959__BUTANTA_05512-000", "LMAPS": "https://www.google.com/maps?q=&layer=c&cbll=-23.5845919,-46.7175902", "O_QUE_FAZER": "CARTEIRA", "ER_REGIAO_CIDADE_min": "Capital Oeste_Morumbi" }, "geometry": { "type": "Point", "coordinates": [ -46.7175902, -23.5845919 ] } },
{ "type": "Feature", "properties": { "fid": 194241, "CNPJ": "37543462000165", "IDCIDADE": "SAO_PAULO", "NOMEFANTASIA": "FLY_OFICIAL_COMERCIO_LTDA", "RAZAOSOCIAL": "FLY_OFICIAL", "ENDEE": "RUA_REGENTE_LEON_KANIEFSKY592__VILA_PROGREDIOR_05617-030", "LMAPS": "https://www.google.com/maps?q=&layer=c&cbll=-23.5899012,-46.7162995", "O_QUE_FAZER": "FINALIZADO", "ER_REGIAO_CIDADE_min": "Capital Oeste_Morumbi" }, "geometry": { "type": "Point", "coordinates": [ -46.7162995, -23.5899012 ] } },
{ "type": "Feature", "properties": { "fid": 194722, "CNPJ": "37641478000100", "IDCIDADE": "SAO_PAULO", "NOMEFANTASIA": "THE_BAR_PIRES", "RAZAOSOCIAL": "A_D_PIRES_BAR_LTDA", "ENDEE": "RUA_LICIO_MARCONDES_DO_AMARAL80__VILA_PROGREDIOR_05616-100", "LMAPS": "https://www.google.com/maps?q=&layer=c&cbll=-23.5860247,-46.7185533", "O_QUE_FAZER": "CARTEIRA", "ER_REGIAO_CIDADE_min": "Capital Oeste_Morumbi" }, "geometry": { "type": "Point", "coordinates": [ -46.7185533, -23.5860247 ] } },
{ "type": "Feature", "properties": { "fid": 195282, "CNPJ": "37735678000122", "IDCIDADE": "SAO_PAULO", "NOMEFANTASIA": "DICAPRI", "RAZAOSOCIAL": "RR2_COMERCIO_DE_PRODUTOS_ALIMENTICIOS_LTDA", "ENDEE": "RUA_DOUTOR_CLOVIS_DE_OLIVEIRA737__VILA_PROGREDIOR_05616-000", "LMAPS": "https://www.google.com/maps?q=&layer=c&cbll=-23.591083,-46.7172954", "O_QUE_FAZER": "CARTEIRA - FAMPE", "ER_REGIAO_CIDADE_min": "Capital Oeste_Morumbi" }, "geometry": { "type": "Point", "coordinates": [ -46.7172954, -23.591083 ] } },
{ "type": "Feature", "properties": { "fid": 196591, "CNPJ": "37977707000162", "IDCIDADE": "SAO_PAULO", "NOMEFANTASIA": "DIVE_TECNOLOGIA_LTDA", "RAZAOSOCIAL": "DIVE", "ENDEE": "RUA_DAS_JABUTICABEIRAS870__CIDADE_JARDIM_05674-011", "LMAPS": "https://www.google.com/maps?q=&layer=c&cbll=-23.5946402,-46.7032263", "O_QUE_FAZER": "FINALIZADO", "ER_REGIAO_CIDADE_min": "Capital Oeste_Morumbi" }, "geometry": { "type": "Point", "coordinates": [ -46.7032263, -23.5946402 ] } },
{ "type": "Feature", "properties": { "fid": 196625, "CNPJ": "37982323000138", "IDCIDADE": "SAO_PAULO", "NOMEFANTASIA": "MERCADO_GUEDALA", "RAZAOSOCIAL": "L.B._CHAGAS_SUPERMERCADO_E_HORTIFRUTI", "ENDEE": "RUA_DOUTOR_CLOVIS_DE_OLIVEIRA40__VILA_PROGREDIOR_05616-000", "LMAPS": "https://www.google.com/maps?q=&layer=c&cbll=-23.5855896,-46.7206021", "O_QUE_FAZER": "CARTEIRA", "ER_REGIAO_CIDADE_min": "Capital Oeste_Morumbi" }, "geometry": { "type": "Point", "coordinates": [ -46.7206021, -23.5855896 ] } },
{ "type": "Feature", "properties": { "fid": 197070, "CNPJ": "38063059000100", "IDCIDADE": "SAO_PAULO", "NOMEFANTASIA": "MECANICA_MORUMBI", "RAZAOSOCIAL": "MORUMBI_ASSISTENCIA_MECANICA_LTDA", "ENDEE": "AVENIDA_PROFESSOR_FRANCISCO_MORATO1983__BUTANTA_05512-000", "LMAPS": "https://www.google.com/maps?q=&layer=c&cbll=-23.5847497,-46.7178032", "O_QUE_FAZER": "CARTEIRA", "ER_REGIAO_CIDADE_min": "Capital Oeste_Morumbi" }, "geometry": { "type": "Point", "coordinates": [ -46.7178032, -23.5847497 ] } },
{ "type": "Feature", "properties": { "fid": 197878, "CNPJ": "38216785000107", "IDCIDADE": "SAO_PAULO", "NOMEFANTASIA": "CASA_DO_SACO", "RAZAOSOCIAL": "MARSCHE_MATERIAIS_PARA_LIMPEZA_LTDA", "ENDEE": "RUA_PROFESSOR_OSWALDO_TEIXEIRA393__VILA_PROGREDIOR_05617-020", "LMAPS": "https://www.google.com/maps?q=&layer=c&cbll=-23.5895433,-46.7186766", "O_QUE_FAZER": "CARTEIRA", "ER_REGIAO_CIDADE_min": "Capital Oeste_Morumbi" }, "geometry": { "type": "Point", "coordinates": [ -46.7186766, -23.5895433 ] } },
{ "type": "Feature", "properties": { "fid": 198528, "CNPJ": "38339237000174", "IDCIDADE": "SAO_PAULO", "NOMEFANTASIA": "MATHEUS_P_GOMES_DESENVOLVIMENTO_DE_PRODUTOS_DIGITAIS", "RAZAOSOCIAL": "BRECHO_CARMOSA", "ENDEE": "RUA_REGENTE_LEON_KANIEFSKY169__VILA_PROGREDIOR_05617-030", "LMAPS": "https://www.google.com/maps?q=&layer=c&cbll=-23.5913111,-46.7201967", "O_QUE_FAZER": "FINALIZADO", "ER_REGIAO_CIDADE_min": "Capital Oeste_Morumbi" }, "geometry": { "type": "Point", "coordinates": [ -46.7201967, -23.5913111 ] } },
{ "type": "Feature", "properties": { "fid": 202031, "CNPJ": "39599525000120", "IDCIDADE": "SAO_PAULO", "NOMEFANTASIA": "LUCIANO_BENEDITO_MARTINS_16899905892", "RAZAOSOCIAL": "LANCHONETE_REAL", "ENDEE": "AVENIDA_DUQUESA_DE_GOIAS18__REAL_PARQUE_05686-000", "LMAPS": "https://www.google.com/maps?q=&layer=c&cbll=-23.6104144,-46.7035426", "O_QUE_FAZER": "FINALIZADO", "ER_REGIAO_CIDADE_min": "Capital Oeste_Morumbi" }, "geometry": { "type": "Point", "coordinates": [ -46.7035426, -23.6104144 ] } },
{ "type": "Feature", "properties": { "fid": 202200, "CNPJ": "39643888000116", "IDCIDADE": "SAO_PAULO", "NOMEFANTASIA": "RESTAURANTE_BURGUES_MORUMBI", "RAZAOSOCIAL": "RESTAURANTE_AML_DELIVERY_LTDA", "ENDEE": "RUA_DOM_TITO_MARCHESE33__VILA_PROGREDIOR_05616-060", "LMAPS": "https://www.google.com/maps?q=&layer=c&cbll=-23.5863553,-46.7204168", "O_QUE_FAZER": "CARTEIRA", "ER_REGIAO_CIDADE_min": "Capital Oeste_Morumbi" }, "geometry": { "type": "Point", "coordinates": [ -46.7204168, -23.5863553 ] } },
{ "type": "Feature", "properties": { "fid": 203120, "CNPJ": "39816424000164", "IDCIDADE": "SAO_PAULO", "NOMEFANTASIA": "TATU_DOCE", "RAZAOSOCIAL": "ARMAZEM_DO_NATURAL_5_COMERCIO_DE_PRODUTOS_NATURAIS_LTDA", "ENDEE": "AVENIDA_PROFESSOR_FRANCISCO_MORATO2331__BUTANTA_05512-000", "LMAPS": "https://www.google.com/maps?q=&layer=c&cbll=-23.5858808,-46.7210937", "O_QUE_FAZER": "CARTEIRA", "ER_REGIAO_CIDADE_min": "Capital Oeste_Morumbi" }, "geometry": { "type": "Point", "coordinates": [ -46.7210937, -23.5858808 ] } },
{ "type": "Feature", "properties": { "fid": 204185, "CNPJ": "40056709000123", "IDCIDADE": "SAO_PAULO", "NOMEFANTASIA": "MARI_VENTURA_MYSTIC", "RAZAOSOCIAL": "MARI_VENTURA_MYSTIC_LTDA", "ENDEE": "RUA_JOSE_JANNARELLI427__VILA_PROGREDIOR_05615-000", "LMAPS": "https://www.google.com/maps?q=&layer=c&cbll=-23.5883431,-46.717612", "O_QUE_FAZER": "CARTEIRA", "ER_REGIAO_CIDADE_min": "Capital Oeste_Morumbi" }, "geometry": { "type": "Point", "coordinates": [ -46.717612, -23.5883431 ] } },
{ "type": "Feature", "properties": { "fid": 206939, "CNPJ": "40799597000109", "IDCIDADE": "SAO_PAULO", "NOMEFANTASIA": "OAKBERRY_ACAI", "RAZAOSOCIAL": "LVM_COMERCIO_DE_ALIMENTOS_LTDA", "ENDEE": "RUA_DOS_TRES_IRMAOS501__VILA_PROGREDIOR_05615-190", "LMAPS": "https://www.google.com/maps?q=&layer=c&cbll=-23.5887833,-46.7160168", "O_QUE_FAZER": "CARTEIRA", "ER_REGIAO_CIDADE_min": "Capital Oeste_Morumbi" }, "geometry": { "type": "Point", "coordinates": [ -46.7160168, -23.5887833 ] } },
{ "type": "Feature", "properties": { "fid": 207217, "CNPJ": "40859824000136", "IDCIDADE": "SAO_PAULO", "NOMEFANTASIA": "DONATOS_SHOP", "RAZAOSOCIAL": "MF_DONUTS_LTDA", "ENDEE": "RUA_JOSE_JANNARELLI412__VILA_PROGREDIOR_05615-000", "LMAPS": "https://www.google.com/maps?q=&layer=c&cbll=-23.5883178,-46.7176718", "O_QUE_FAZER": "CARTEIRA", "ER_REGIAO_CIDADE_min": "Capital Oeste_Morumbi" }, "geometry": { "type": "Point", "coordinates": [ -46.7176718, -23.5883178 ] } },
{ "type": "Feature", "properties": { "fid": 207670, "CNPJ": "40968285000173", "IDCIDADE": "SAO_PAULO", "NOMEFANTASIA": "MARIA_IZABEL_DE_OLIVEIRA_ASSUNCAO", "RAZAOSOCIAL": "RAFA_AGUAS", "ENDEE": "RUA_DOUTOR_CLOVIS_DE_OLIVEIRA681__VILA_PROGREDIOR_05616-000", "LMAPS": "https://www.google.com/maps?q=&layer=c&cbll=-23.5906835,-46.7175837", "O_QUE_FAZER": "FINALIZADO", "ER_REGIAO_CIDADE_min": "Capital Oeste_Morumbi" }, "geometry": { "type": "Point", "coordinates": [ -46.7175837, -23.5906835 ] } },
{ "type": "Feature", "properties": { "fid": 210697, "CNPJ": "41755035000118", "IDCIDADE": "SAO_PAULO", "NOMEFANTASIA": "GALERA_MARKET", "RAZAOSOCIAL": "RAF_MERCADO_SAUDAVEL_LTDA", "ENDEE": "RUA_JOSE_JANNARELLI557__VILA_PROGREDIOR_05615-000", "LMAPS": "https://www.google.com/maps?q=&layer=c&cbll=-23.5893925,-46.7170068", "O_QUE_FAZER": "CARTEIRA", "ER_REGIAO_CIDADE_min": "Capital Oeste_Morumbi" }, "geometry": { "type": "Point", "coordinates": [ -46.7170068, -23.5893925 ] } },
{ "type": "Feature", "properties": { "fid": 213353, "CNPJ": "42351970000181", "IDCIDADE": "SAO_PAULO", "NOMEFANTASIA": "THE_HOOK", "RAZAOSOCIAL": "URBANO_E_REIS_LTDA", "ENDEE": "RUA_DOS_TRES_IRMAOS499__VILA_PROGREDIOR_05615-190", "LMAPS": "https://www.google.com/maps?q=&layer=c&cbll=-23.5888096,-46.7160744", "O_QUE_FAZER": "CARTEIRA", "ER_REGIAO_CIDADE_min": "Capital Oeste_Morumbi" }, "geometry": { "type": "Point", "coordinates": [ -46.7160744, -23.5888096 ] } },
{ "type": "Feature", "properties": { "fid": 213938, "CNPJ": "42479371000148", "IDCIDADE": "SAO PAULO", "NOMEFANTASIA": null, "RAZAOSOCIAL": "MARIA_MARCIA_CONVENIENCE_PRESENTES_E_ACESSORIOS_LTDA.", "ENDEE": "AVENIDA ALBERT EINSTEIN, 627, ANDAR 1 BLOCO E, JARDIM LEONOR, 05652-900, SÃO PAULO, SP, BRASIL", "LMAPS": "https://www.google.com/maps?q=&layer=c&cbll=-23.5998992,-46.7154732", "O_QUE_FAZER": "CARTEIRA - FAMPE", "ER_REGIAO_CIDADE_min": "Capital Oeste_Morumbi" }, "geometry": { "type": "Point", "coordinates": [ -46.7154732, -23.5998992 ] } },
{ "type": "Feature", "properties": { "fid": 214739, "CNPJ": "42674063000173", "IDCIDADE": "SAO_PAULO", "NOMEFANTASIA": "WE_CRED", "RAZAOSOCIAL": "CINTRA_CRED_LTDA", "ENDEE": "RUA_DOS_TRES_IRMAOS360__VILA_PROGREDIOR_05615-190", "LMAPS": "https://www.google.com/maps?q=&layer=c&cbll=-23.58766,-46.7168839", "O_QUE_FAZER": "CARTEIRA", "ER_REGIAO_CIDADE_min": "Capital Oeste_Morumbi" }, "geometry": { "type": "Point", "coordinates": [ -46.7168839, -23.58766 ] } },
{ "type": "Feature", "properties": { "fid": 216251, "CNPJ": "43011823000125", "IDCIDADE": "SAO_PAULO", "NOMEFANTASIA": "SMASH_BURGER", "RAZAOSOCIAL": "SMASH_STATION_BURGER_LANCHONETE_LTDA", "ENDEE": "RUA_DOM_ARMANDO_LOMBARDI639__VILA_PROGREDIOR_05616-010", "LMAPS": "https://www.google.com/maps?q=&layer=c&cbll=-23.590843,-46.7190023", "O_QUE_FAZER": "CARTEIRA", "ER_REGIAO_CIDADE_min": "Capital Oeste_Morumbi" }, "geometry": { "type": "Point", "coordinates": [ -46.7190023, -23.590843 ] } },
{ "type": "Feature", "properties": { "fid": 216280, "CNPJ": "43017864000129", "IDCIDADE": "SAO_PAULO", "NOMEFANTASIA": "CERVEJARIA_BERG", "RAZAOSOCIAL": "CERVEJARIA_BERG_LTDA", "ENDEE": "RUA_REGENTE_LEON_KANIEFSKY171__VILA_PROGREDIOR_05617-030", "LMAPS": "https://www.google.com/maps?q=&layer=c&cbll=-23.5913209,-46.7200989", "O_QUE_FAZER": "CARTEIRA", "ER_REGIAO_CIDADE_min": "Capital Oeste_Morumbi" }, "geometry": { "type": "Point", "coordinates": [ -46.7200989, -23.5913209 ] } },
{ "type": "Feature", "properties": { "fid": 216288, "CNPJ": "43019003000180", "IDCIDADE": "SAO_PAULO", "NOMEFANTASIA": "LEDS_E_LEDS", "RAZAOSOCIAL": "ALVARO_TEIXEIRA_DA_SILVA", "ENDEE": "RUA_CARLOS_LIMA_MOREL121__VILA_PROGREDIOR_05615-040", "LMAPS": "https://www.google.com/maps?q=&layer=c&cbll=-23.5854626,-46.7168131", "O_QUE_FAZER": "CARTEIRA", "ER_REGIAO_CIDADE_min": "Capital Oeste_Morumbi" }, "geometry": { "type": "Point", "coordinates": [ -46.7168131, -23.5854626 ] } },
{ "type": "Feature", "properties": { "fid": 217145, "CNPJ": "43186675000180", "IDCIDADE": "SAO_PAULO", "NOMEFANTASIA": "SOLET_LIMPEZA_DE_TAPETES", "RAZAOSOCIAL": "SOBERANA_LIMPEZA_DE_TAPETES_E_ESTOFADOS_LTDA", "ENDEE": "RUA_REGENTE_LEON_KANIEFSKY361__VILA_PROGREDIOR_05617-030", "LMAPS": "https://www.google.com/maps?q=&layer=c&cbll=-23.58997,-46.7183717", "O_QUE_FAZER": "CARTEIRA", "ER_REGIAO_CIDADE_min": "Capital Oeste_Morumbi" }, "geometry": { "type": "Point", "coordinates": [ -46.7183717, -23.58997 ] } },
{ "type": "Feature", "properties": { "fid": 217201, "CNPJ": "43195889000112", "IDCIDADE": "SAO_PAULO", "NOMEFANTASIA": "DINO_RESTAURANTE", "RAZAOSOCIAL": "DINO_RESTAURANTE_LTDA", "ENDEE": "RUA_AMELIA_CORREA_FONTES_GUIMARAES590__VILA_PROGREDIOR_05617-010", "LMAPS": "https://www.google.com/maps?q=&layer=c&cbll=-23.5897987,-46.7219759", "O_QUE_FAZER": "CARTEIRA", "ER_REGIAO_CIDADE_min": "Capital Oeste_Morumbi" }, "geometry": { "type": "Point", "coordinates": [ -46.7219759, -23.5897987 ] } },
{ "type": "Feature", "properties": { "fid": 217661, "CNPJ": "43281301000143", "IDCIDADE": "SAO_PAULO", "NOMEFANTASIA": "SOUICE_SORVETES", "RAZAOSOCIAL": "FLAVIOEPRISCILA_COMERCIO_DE_PRODUTOS_ALIMENTICIOS_LTDA", "ENDEE": "RUA_DOUTOR_CLOVIS_DE_OLIVEIRA68__VILA_PROGREDIOR_05616-000", "LMAPS": "https://www.google.com/maps?q=&layer=c&cbll=-23.5858809,-46.7202929", "O_QUE_FAZER": "CARTEIRA", "ER_REGIAO_CIDADE_min": "Capital Oeste_Morumbi" }, "geometry": { "type": "Point", "coordinates": [ -46.7202929, -23.5858809 ] } },
{ "type": "Feature", "properties": { "fid": 218341, "CNPJ": "43410607000152", "IDCIDADE": "SAO_PAULO", "NOMEFANTASIA": "KAL_COZINHA_CRIATIVA", "RAZAOSOCIAL": "MAURICIO_DO_AMARAL_LTDA", "ENDEE": "RUA_JOSE_JANNARELLI400__VILA_PROGREDIOR_05615-000", "LMAPS": "https://www.google.com/maps?q=&layer=c&cbll=-23.5882296,-46.7179187", "O_QUE_FAZER": "CARTEIRA", "ER_REGIAO_CIDADE_min": "Capital Oeste_Morumbi" }, "geometry": { "type": "Point", "coordinates": [ -46.7179187, -23.5882296 ] } },
{ "type": "Feature", "properties": { "fid": 218909, "CNPJ": "43535148000133", "IDCIDADE": "SAO_PAULO", "NOMEFANTASIA": "DALIRA_MOREIRA_DIAS_11331381606", "RAZAOSOCIAL": "DALIRA_STORE", "ENDEE": "RUA_ERNEST_RENAM1__PARAISOPOLIS_05659-020", "LMAPS": "https://www.google.com/maps?q=&layer=c&cbll=-23.6059878,-46.7231998", "O_QUE_FAZER": "FINALIZADO", "ER_REGIAO_CIDADE_min": "Capital Oeste_Morumbi" }, "geometry": { "type": "Point", "coordinates": [ -46.7231998, -23.6059878 ] } },
{ "type": "Feature", "properties": { "fid": 222045, "CNPJ": "44175820000190", "IDCIDADE": "SAO_PAULO", "NOMEFANTASIA": "VELOCITY", "RAZAOSOCIAL": "ACL_EMPREENDIMENTOS_-_STUDIO_BIKE_JARDIM_GUEDALA_SP_LTDA", "ENDEE": "RUA_JOSE_JANNARELLI485__VILA_PROGREDIOR_05615-000", "LMAPS": "https://www.google.com/maps?q=&layer=c&cbll=-23.588638,-46.717395", "O_QUE_FAZER": "CARTEIRA", "ER_REGIAO_CIDADE_min": "Capital Oeste_Morumbi" }, "geometry": { "type": "Point", "coordinates": [ -46.717395, -23.588638 ] } },
{ "type": "Feature", "properties": { "fid": 223546, "CNPJ": "44474364000189", "IDCIDADE": "SAO_PAULO", "NOMEFANTASIA": "NORMA_TERUMI_KADOWAKI", "RAZAOSOCIAL": "SANTEC", "ENDEE": "RUA_DOS_TRES_IRMAOS565__VILA_PROGREDIOR_05615-190", "LMAPS": "https://www.google.com/maps?q=&layer=c&cbll=-23.589308,-46.7157787", "O_QUE_FAZER": "FINALIZADO", "ER_REGIAO_CIDADE_min": "Capital Oeste_Morumbi" }, "geometry": { "type": "Point", "coordinates": [ -46.7157787, -23.589308 ] } },
{ "type": "Feature", "properties": { "fid": 226664, "CNPJ": "45167473000116", "IDCIDADE": "SAO PAULO", "NOMEFANTASIA": "RC4", "RAZAOSOCIAL": "RC4_ASSESSORIA_EMPRESARIAL_LTDA", "ENDEE": "RUA ANTONIO JULIO DOS SANTOS, 287, ANDAR 7, FAZENDA MORUMBI, 05661-020, SÃO PAULO, SP, BRASIL", "LMAPS": "https://www.google.com/maps?q=&layer=c&cbll=-23.6090585,-46.7254125", "O_QUE_FAZER": "CARTEIRA - FAMPE", "ER_REGIAO_CIDADE_min": "Capital Oeste_Morumbi" }, "geometry": { "type": "Point", "coordinates": [ -46.7254125, -23.6090585 ] } },
{ "type": "Feature", "properties": { "fid": 227421, "CNPJ": "45335507000134", "IDCIDADE": "SAO_PAULO", "NOMEFANTASIA": "HF_CAVALCANTI_SERVICOS_ADMINISTRATIVOS", "RAZAOSOCIAL": "HF_CAVALCANTI_SERVICOS_ADMINISTRATIVOS", "ENDEE": "AVENIDA_PROFESSOR_FRANCISCO_MORATO629__BUTANTA_05513-000", "LMAPS": "https://www.google.com/maps?q=&layer=c&cbll=-23.5771677,-46.7075878", "O_QUE_FAZER": "FINALIZADO", "ER_REGIAO_CIDADE_min": "Capital Oeste_Morumbi" }, "geometry": { "type": "Point", "coordinates": [ -46.7075878, -23.5771677 ] } },
{ "type": "Feature", "properties": { "fid": 229686, "CNPJ": "45815414000107", "IDCIDADE": "SAO_PAULO", "NOMEFANTASIA": "SCHOPL_OF_ROCK", "RAZAOSOCIAL": "ROCK_MORUMBI_MUSIC_ESCOLA_DE_MUSICA_LTDA", "ENDEE": "RUA_LICIO_MARCONDES_DO_AMARAL32__VILA_PROGREDIOR_05616-100", "LMAPS": "https://www.google.com/maps?q=&layer=c&cbll=-23.5858235,-46.7181809", "O_QUE_FAZER": "CARTEIRA", "ER_REGIAO_CIDADE_min": "Capital Oeste_Morumbi" }, "geometry": { "type": "Point", "coordinates": [ -46.7181809, -23.5858235 ] } },
{ "type": "Feature", "properties": { "fid": 230129, "CNPJ": "45895155000171", "IDCIDADE": "SAO_PAULO", "NOMEFANTASIA": "JULIANA_THERESA_SARTO_SHOYAMA_27342086878", "RAZAOSOCIAL": "THE_KHORA", "ENDEE": "RUA_CESAR_VALLEJO170__REAL_PARQUE_05685-000", "LMAPS": "https://www.google.com/maps?q=&layer=c&cbll=-23.6067624,-46.7036889", "O_QUE_FAZER": "FINALIZADO", "ER_REGIAO_CIDADE_min": "Capital Oeste_Morumbi" }, "geometry": { "type": "Point", "coordinates": [ -46.7036889, -23.6067624 ] } },
{ "type": "Feature", "properties": { "fid": 230550, "CNPJ": "45981406000130", "IDCIDADE": "SAO_PAULO", "NOMEFANTASIA": "EASYBEAUTY", "RAZAOSOCIAL": "SB_MAKE_HAIR_MORUMBI_LTDA", "ENDEE": "RUA_JOSE_JANNARELLI485__VILA_PROGREDIOR_05615-000", "LMAPS": "https://www.google.com/maps?q=&layer=c&cbll=-23.5887088,-46.7173368", "O_QUE_FAZER": "CARTEIRA", "ER_REGIAO_CIDADE_min": "Capital Oeste_Morumbi" }, "geometry": { "type": "Point", "coordinates": [ -46.7173368, -23.5887088 ] } },
{ "type": "Feature", "properties": { "fid": 230631, "CNPJ": "45997527000170", "IDCIDADE": "SAO_PAULO", "NOMEFANTASIA": "QUINTAL_DO_HULK", "RAZAOSOCIAL": "BAR_E_GASTRONOMIA_QUINTAL_DO_HULK_LTDA", "ENDEE": "RUA_LICIO_MARCONDES_DO_AMARAL51__VILA_PROGREDIOR_05616-100", "LMAPS": "https://www.google.com/maps?q=&layer=c&cbll=-23.586029,-46.7182721", "O_QUE_FAZER": "CARTEIRA", "ER_REGIAO_CIDADE_min": "Capital Oeste_Morumbi" }, "geometry": { "type": "Point", "coordinates": [ -46.7182721, -23.586029 ] } },
{ "type": "Feature", "properties": { "fid": 230651, "CNPJ": "45999693000106", "IDCIDADE": "SAO PAULO", "NOMEFANTASIA": null, "RAZAOSOCIAL": "LORENA_TOURINHO_FALCAO_BAPTISTA_LTDA", "ENDEE": "RUA DOM ARMANDO LOMBARDI, 556, VILA PROGREDIOR, 05616-011, SÃO PAULO, SP, BRASIL", "LMAPS": "https://www.google.com/maps?q=&layer=c&cbll=-23.5901802,-46.7194197", "O_QUE_FAZER": "CARTEIRA - FAMPE", "ER_REGIAO_CIDADE_min": "Capital Oeste_Morumbi" }, "geometry": { "type": "Point", "coordinates": [ -46.7194197, -23.5901802 ] } },
{ "type": "Feature", "properties": { "fid": 231608, "CNPJ": "46187780000121", "IDCIDADE": "SAO PAULO", "NOMEFANTASIA": "Three_Production", "RAZAOSOCIAL": "THREE_PRODUCTIONS_LTDA", "ENDEE": "AVENIDA MORUMBI, 444, MORUMBI, 05606-010, SÃO PAULO, SP, BRASIL", "LMAPS": "https://www.google.com/maps?q=&layer=c&cbll=-23.5790343,-46.7062909", "O_QUE_FAZER": "CARTEIRA - FAMPE", "ER_REGIAO_CIDADE_min": "Capital Oeste_Morumbi" }, "geometry": { "type": "Point", "coordinates": [ -46.7062909, -23.5790343 ] } },
{ "type": "Feature", "properties": { "fid": 232452, "CNPJ": "46364047000135", "IDCIDADE": "SAO_PAULO", "NOMEFANTASIA": "AMORAOS_PEDACOS", "RAZAOSOCIAL": "TRE_SORELLE_COMERCIO_DE_ALIMENTOS_LTDA.", "ENDEE": "RUA_JOSE_JANNARELLI485__VILA_PROGREDIOR_05615-000", "LMAPS": "https://www.google.com/maps?q=&layer=c&cbll=-23.58887,-46.717295", "O_QUE_FAZER": "CARTEIRA", "ER_REGIAO_CIDADE_min": "Capital Oeste_Morumbi" }, "geometry": { "type": "Point", "coordinates": [ -46.717295, -23.58887 ] } },
{ "type": "Feature", "properties": { "fid": 234200, "CNPJ": "46717563000104", "IDCIDADE": "SAO_PAULO", "NOMEFANTASIA": "CAPITAO_CEVADA_BAR", "RAZAOSOCIAL": "CAPITAO_CEVADA_BAR_LTDA", "ENDEE": "RUA_JOSE_JANNARELLI147__VILA_PROGREDIOR_05615-000", "LMAPS": "https://www.google.com/maps?q=&layer=c&cbll=-23.5861251,-46.7186838", "O_QUE_FAZER": "CARTEIRA", "ER_REGIAO_CIDADE_min": "Capital Oeste_Morumbi" }, "geometry": { "type": "Point", "coordinates": [ -46.7186838, -23.5861251 ] } },
{ "type": "Feature", "properties": { "fid": 237481, "CNPJ": "47386887000161", "IDCIDADE": "SAO_PAULO", "NOMEFANTASIA": "PREZIATU_LOJA", "RAZAOSOCIAL": "PREZIATU_COMERCIO_DE_ROUPAS_LTDA", "ENDEE": "RUA_REGENTE_LEON_KANIEFSKY383__VILA_PROGREDIOR_05617-030", "LMAPS": "https://www.google.com/maps?q=&layer=c&cbll=-23.5905269,-46.7181653", "O_QUE_FAZER": "CARTEIRA", "ER_REGIAO_CIDADE_min": "Capital Oeste_Morumbi" }, "geometry": { "type": "Point", "coordinates": [ -46.7181653, -23.5905269 ] } },
{ "type": "Feature", "properties": { "fid": 238661, "CNPJ": "47641512000109", "IDCIDADE": "SAO_PAULO", "NOMEFANTASIA": "BUFALAT_MORUMBI", "RAZAOSOCIAL": "JOIA_GABARRON_COMERCIO_DE_ALIMENTOS_LTDA", "ENDEE": "RUA_JOSE_JANNARELLI528__VILA_PROGREDIOR_05615-000", "LMAPS": "https://www.google.com/maps?q=&layer=c&cbll=-23.5892933,-46.7173328", "O_QUE_FAZER": "CARTEIRA", "ER_REGIAO_CIDADE_min": "Capital Oeste_Morumbi" }, "geometry": { "type": "Point", "coordinates": [ -46.7173328, -23.5892933 ] } },
{ "type": "Feature", "properties": { "fid": 242673, "CNPJ": "48448859000194", "IDCIDADE": "SAO_PAULO", "NOMEFANTASIA": "LA_OTICA", "RAZAOSOCIAL": "LA_OPTICA_COMERCIO_DE_OCULOS", "ENDEE": "RUA_DOM_ARMANDO_LOMBARDI87__VILA_PROGREDIOR_05616-010", "LMAPS": "https://www.google.com/maps?q=&layer=c&cbll=-23.5864258,-46.7212076", "O_QUE_FAZER": "CARTEIRA", "ER_REGIAO_CIDADE_min": "Capital Oeste_Morumbi" }, "geometry": { "type": "Point", "coordinates": [ -46.7212076, -23.5864258 ] } },
{ "type": "Feature", "properties": { "fid": 243264, "CNPJ": "48570068000132", "IDCIDADE": "SAO_PAULO", "NOMEFANTASIA": "GOGO_DA_EMA", "RAZAOSOCIAL": "KAIROS_11_BAR_E_RESTAURANTE_LTDA", "ENDEE": "RUA_AMELIA_CORREA_FONTES_GUIMARAES98__VILA_PROGREDIOR_05617-010", "LMAPS": "https://www.google.com/maps?q=&layer=c&cbll=-23.5880675,-46.7178687", "O_QUE_FAZER": "CARTEIRA", "ER_REGIAO_CIDADE_min": "Capital Oeste_Morumbi" }, "geometry": { "type": "Point", "coordinates": [ -46.7178687, -23.5880675 ] } },
{ "type": "Feature", "properties": { "fid": 243446, "CNPJ": "48606511000188", "IDCIDADE": "SAO_PAULO", "NOMEFANTASIA": "OTICA_VILA_SONIA", "RAZAOSOCIAL": "OTICA_E_FOTO_VILA_SONIA_LTDA", "ENDEE": "RUA_DOS_TRES_IRMAOS495__VILA_PROGREDIOR_05615-190", "LMAPS": "https://www.google.com/maps?q=&layer=c&cbll=-23.5887685,-46.7160305", "O_QUE_FAZER": "CARTEIRA", "ER_REGIAO_CIDADE_min": "Capital Oeste_Morumbi" }, "geometry": { "type": "Point", "coordinates": [ -46.7160305, -23.5887685 ] } },
{ "type": "Feature", "properties": { "fid": 245409, "CNPJ": "49033350000143", "IDCIDADE": "SAO_PAULO", "NOMEFANTASIA": "ELDORADOCOMERCIO_DE_REFRIGERACAO", "RAZAOSOCIAL": "ELDORADO_COMERCIO_DE_REFRIGERACAO_LTDA", "ENDEE": "RUA_DOM_ARMANDO_LOMBARDI53__VILA_PROGREDIOR_05616-010", "LMAPS": "https://www.google.com/maps?q=&layer=c&cbll=-23.5860325,-46.7214726", "O_QUE_FAZER": "CARTEIRA", "ER_REGIAO_CIDADE_min": "Capital Oeste_Morumbi" }, "geometry": { "type": "Point", "coordinates": [ -46.7214726, -23.5860325 ] } },
{ "type": "Feature", "properties": { "fid": 246762, "CNPJ": "49353105000113", "IDCIDADE": "SAO_PAULO", "NOMEFANTASIA": "LANCHONETE_CENTRAL_MORUMBI", "RAZAOSOCIAL": "LANCHONETE_CENTRAL_DO_MORUMBI_LTDA", "ENDEE": "RUA_REGENTE_LEON_KANIEFSKY643__VILA_PROGREDIOR_05617-030", "LMAPS": "https://www.google.com/maps?q=&layer=c&cbll=-23.5921347,-46.7213488", "O_QUE_FAZER": "CARTEIRA", "ER_REGIAO_CIDADE_min": "Capital Oeste_Morumbi" }, "geometry": { "type": "Point", "coordinates": [ -46.7213488, -23.5921347 ] } },
{ "type": "Feature", "properties": { "fid": 248646, "CNPJ": "49749948000133", "IDCIDADE": "SAO_PAULO", "NOMEFANTASIA": "QUINTANDA_TOMIO", "RAZAOSOCIAL": "QUITANDA_TOMIO_LTDA", "ENDEE": "RUA_DOS_TRES_IRMAOS606__VILA_PROGREDIOR_05615-190", "LMAPS": "https://www.google.com/maps?q=&layer=c&cbll=-23.5897964,-46.7157297", "O_QUE_FAZER": "CARTEIRA", "ER_REGIAO_CIDADE_min": "Capital Oeste_Morumbi" }, "geometry": { "type": "Point", "coordinates": [ -46.7157297, -23.5897964 ] } },
{ "type": "Feature", "properties": { "fid": 249615, "CNPJ": "49931818000117", "IDCIDADE": "SAO_PAULO", "NOMEFANTASIA": "AVODAH_CAFES_ESPECIAIS_LTDA", "RAZAOSOCIAL": "AVODAH_CAFES_ESPECIAIS", "ENDEE": "RUA_REGENTE_LEON_KANIEFSKY496__MORUMBI_05617-030", "LMAPS": "https://www.google.com/maps?q=&layer=c&cbll=-23.5902601,-46.7171578", "O_QUE_FAZER": "FINALIZADO", "ER_REGIAO_CIDADE_min": "Capital Oeste_Morumbi" }, "geometry": { "type": "Point", "coordinates": [ -46.7171578, -23.5902601 ] } },
{ "type": "Feature", "properties": { "fid": 251143, "CNPJ": "50218095000192", "IDCIDADE": "SAO PAULO", "NOMEFANTASIA": "-", "RAZAOSOCIAL": "50.218.095_LEANDRO_LEITE_TRINDADE", "ENDEE": "RUA JOAO AVELINO PINHO MELLAO, 128, FAZENDA MORUMBI, 05659-010, SÃO PAULO, SP, BRASIL", "LMAPS": "https://www.google.com/maps?q=&layer=c&cbll=-23.6079132,-46.7228091", "O_QUE_FAZER": "CARTEIRA - FAMPE", "ER_REGIAO_CIDADE_min": "Capital Oeste_Morumbi" }, "geometry": { "type": "Point", "coordinates": [ -46.7228091, -23.6079132 ] } },
{ "type": "Feature", "properties": { "fid": 251394, "CNPJ": "50266993000116", "IDCIDADE": "SAO_PAULO", "NOMEFANTASIA": "BANICA", "RAZAOSOCIAL": "RM_FOOD_NANICA_BUTANTA_LTDA", "ENDEE": "RUA_JOSE_JANNARELLI537__VILA_PROGREDIOR_05615-000", "LMAPS": "https://www.google.com/maps?q=&layer=c&cbll=-23.5891001,-46.7171184", "O_QUE_FAZER": "CARTEIRA", "ER_REGIAO_CIDADE_min": "Capital Oeste_Morumbi" }, "geometry": { "type": "Point", "coordinates": [ -46.7171184, -23.5891001 ] } },
{ "type": "Feature", "properties": { "fid": 254501, "CNPJ": "50899070000100", "IDCIDADE": "SAO_PAULO", "NOMEFANTASIA": "ELLEN_CORTES", "RAZAOSOCIAL": "ELLEN_CORTES", "ENDEE": "RUA_DOUTOR_FLAVIO_AMERICO_MAURANO__940_05656-020", "LMAPS": "https://www.google.com/maps?q=&layer=c&cbll=-23.6119177,-46.721666", "O_QUE_FAZER": "FINALIZADO", "ER_REGIAO_CIDADE_min": "Capital Oeste_Morumbi" }, "geometry": { "type": "Point", "coordinates": [ -46.721666, -23.6119177 ] } },
{ "type": "Feature", "properties": { "fid": 257930, "CNPJ": "51571818000103", "IDCIDADE": "SAO_PAULO", "NOMEFANTASIA": "LOURENCO_IMOVEIS", "RAZAOSOCIAL": "LOURENCO_IMOVEIS_S_C_LTDA", "ENDEE": "AVENIDA_PROFESSOR_FRANCISCO_MORATO1951__BUTANTA_05512-000", "LMAPS": "https://www.google.com/maps?q=&layer=c&cbll=-23.5845334,-46.7175259", "O_QUE_FAZER": "CARTEIRA", "ER_REGIAO_CIDADE_min": "Capital Oeste_Morumbi" }, "geometry": { "type": "Point", "coordinates": [ -46.7175259, -23.5845334 ] } },
{ "type": "Feature", "properties": { "fid": 258726, "CNPJ": "51746030000182", "IDCIDADE": "SAO_PAULO", "NOMEFANTASIA": "MERCEARIA_E_QUITANDA_MAKI", "RAZAOSOCIAL": "MERCEARIA_E_QUITANDA_MAKY_LTDA", "ENDEE": "RUA_DOUTOR_CLOVIS_DE_OLIVEIRA78__VILA_PROGREDIOR_05616-000", "LMAPS": "https://www.google.com/maps?q=&layer=c&cbll=-23.5859716,-46.7203989", "O_QUE_FAZER": "CARTEIRA", "ER_REGIAO_CIDADE_min": "Capital Oeste_Morumbi" }, "geometry": { "type": "Point", "coordinates": [ -46.7203989, -23.5859716 ] } },
{ "type": "Feature", "properties": { "fid": 259417, "CNPJ": "51875208000195", "IDCIDADE": "SAO PAULO", "NOMEFANTASIA": "-", "RAZAOSOCIAL": "51.875.208_RENATA_NOGUEIRA_ATIE_MURAD", "ENDEE": "RUA DOUTOR CRISTIANO DE SOUSA, 300, CASA 01, JARDIM LEONOR, 05658-010, SÃO PAULO, SP, BRASIL", "LMAPS": "https://www.google.com/maps?q=&layer=c&cbll=-23.6041008,-46.7235198", "O_QUE_FAZER": "CARTEIRA - FAMPE", "ER_REGIAO_CIDADE_min": "Capital Oeste_Morumbi" }, "geometry": { "type": "Point", "coordinates": [ -46.7235198, -23.6041008 ] } },
{ "type": "Feature", "properties": { "fid": 261132, "CNPJ": "52221937000190", "IDCIDADE": "SAO_PAULO", "NOMEFANTASIA": "TIN_BOM_MORUMBI", "RAZAOSOCIAL": "TIN_HU_COMERCIO_LTDA", "ENDEE": "RUA_LICIO_MARCONDES_DO_AMARAL66__VILA_PROGREDIOR_05616-100", "LMAPS": "https://www.google.com/maps?q=&layer=c&cbll=-23.5859269,-46.7184225", "O_QUE_FAZER": "CARTEIRA", "ER_REGIAO_CIDADE_min": "Capital Oeste_Morumbi" }, "geometry": { "type": "Point", "coordinates": [ -46.7184225, -23.5859269 ] } },
{ "type": "Feature", "properties": { "fid": 264050, "CNPJ": "52818163000180", "IDCIDADE": "SAO_PAULO", "NOMEFANTASIA": "MANZO_TRATTORIA", "RAZAOSOCIAL": "MANZO_TRATTORIA_COMERCIO_DE_ALIMENTOS_E_BEBIDAS_LTDA", "ENDEE": "RUA_DOUTOR_CLOVIS_DE_OLIVEIRA391__VILA_PROGREDIOR_05616-000", "LMAPS": "https://www.google.com/maps?q=&layer=c&cbll=-23.5883831,-46.718776", "O_QUE_FAZER": "CARTEIRA", "ER_REGIAO_CIDADE_min": "Capital Oeste_Morumbi" }, "geometry": { "type": "Point", "coordinates": [ -46.718776, -23.5883831 ] } },
{ "type": "Feature", "properties": { "fid": 264158, "CNPJ": "52839782000150", "IDCIDADE": "SAO_PAULO", "NOMEFANTASIA": "LUPO", "RAZAOSOCIAL": "LAUDQX_COMERCIO_DE_ARTIGOS_DO_VESTUARIO_E_ACESSORIOS_LTDA", "ENDEE": "RUA_JOSE_JANNARELLI485__VILA_PROGREDIOR_05615-000", "LMAPS": "https://www.google.com/maps?q=&layer=c&cbll=-23.588945,-46.7172316", "O_QUE_FAZER": "CARTEIRA", "ER_REGIAO_CIDADE_min": "Capital Oeste_Morumbi" }, "geometry": { "type": "Point", "coordinates": [ -46.7172316, -23.588945 ] } },
{ "type": "Feature", "properties": { "fid": 268210, "CNPJ": "53781977000150", "IDCIDADE": "SAO_PAULO", "NOMEFANTASIA": "ACADEMIA_MANOEL_DOS_SANTOS", "RAZAOSOCIAL": "MANOEL_DOS_SANTOS_NATACAO_LTDA", "ENDEE": "AVENIDA_JORGE_JOAO_SAAD345__VILA_PROGREDIOR_05618-000", "LMAPS": "https://www.google.com/maps?q=&layer=c&cbll=-23.5893087,-46.7222805", "O_QUE_FAZER": "CARTEIRA - FAMPE", "ER_REGIAO_CIDADE_min": "Capital Oeste_Morumbi" }, "geometry": { "type": "Point", "coordinates": [ -46.7222805, -23.5893087 ] } },
{ "type": "Feature", "properties": { "fid": 269490, "CNPJ": "54079660000139", "IDCIDADE": "SAO_PAULO", "NOMEFANTASIA": "ALDEIA_DO_SOL", "RAZAOSOCIAL": "LANCHONETE_ALDEIA_DO_SOL_LTDA", "ENDEE": "RUA_REGENTE_LEON_KANIEFSKY641__VILA_PROGREDIOR_05617-030", "LMAPS": "https://www.google.com/maps?q=&layer=c&cbll=-23.5894788,-46.7158745", "O_QUE_FAZER": "CARTEIRA", "ER_REGIAO_CIDADE_min": "Capital Oeste_Morumbi" }, "geometry": { "type": "Point", "coordinates": [ -46.7158745, -23.5894788 ] } },
{ "type": "Feature", "properties": { "fid": 269552, "CNPJ": "54090518000192", "IDCIDADE": "SAO_PAULO", "NOMEFANTASIA": "TORTA_DA_MARIA", "RAZAOSOCIAL": "A_FANTASTICA_TORTA_DA_MARIA_MORUMBI_LTDA", "ENDEE": "RUA_DOM_ARMANDO_LOMBARDI440__VILA_PROGREDIOR_05616-010", "LMAPS": "https://www.google.com/maps?q=&layer=c&cbll=-23.5891929,-46.7198333", "O_QUE_FAZER": "CARTEIRA", "ER_REGIAO_CIDADE_min": "Capital Oeste_Morumbi" }, "geometry": { "type": "Point", "coordinates": [ -46.7198333, -23.5891929 ] } },
{ "type": "Feature", "properties": { "fid": 270423, "CNPJ": "54271541000183", "IDCIDADE": "SAO_PAULO", "NOMEFANTASIA": "FACE_HAIR", "RAZAOSOCIAL": "FH_STUDIO_DE_BELEZA_E_ESTETICA_LTDA", "ENDEE": "AVENIDA_GIOVANNI_GRONCHI2999__MORUMBI_05651-000", "LMAPS": "https://www.google.com/maps?q=&layer=c&cbll=-23.6076768,-46.7252137", "O_QUE_FAZER": "CARTEIRA", "ER_REGIAO_CIDADE_min": "Capital Oeste_Morumbi" }, "geometry": { "type": "Point", "coordinates": [ -46.7252137, -23.6076768 ] } },
{ "type": "Feature", "properties": { "fid": 271536, "CNPJ": "54510607000140", "IDCIDADE": "SAO_PAULO", "NOMEFANTASIA": "CORTINAS_MAOS_DE_OURO", "RAZAOSOCIAL": "CORTINAS_E_DECORACOES_MAOS_DE_OURO_LTDA", "ENDEE": "RUA_DOUTOR_CLOVIS_DE_OLIVEIRA58__VILA_PROGREDIOR_05616-000", "LMAPS": "https://www.google.com/maps?q=&layer=c&cbll=-23.5857486,-46.7205066", "O_QUE_FAZER": "CARTEIRA", "ER_REGIAO_CIDADE_min": "Capital Oeste_Morumbi" }, "geometry": { "type": "Point", "coordinates": [ -46.7205066, -23.5857486 ] } },
{ "type": "Feature", "properties": { "fid": 272397, "CNPJ": "54693556000130", "IDCIDADE": "SAO_PAULO", "NOMEFANTASIA": "ELIANE_PÃES_STUDIO", "RAZAOSOCIAL": "ELIANE_PÃES_STUDIO", "ENDEE": "RUA_PASQUALE GALLUPI_42_PARAISÓPOLIS_05660-000_SAO_PAULO", "LMAPS": "https://www.google.com/maps?q=&layer=c&cbll=-23.6086413,-46.7256573", "O_QUE_FAZER": "APLICAR T2", "ER_REGIAO_CIDADE_min": "Capital Oeste_Morumbi" }, "geometry": { "type": "Point", "coordinates": [ -46.7256573, -23.6086413 ] } },
{ "type": "Feature", "properties": { "fid": 274511, "CNPJ": "55170505000196", "IDCIDADE": "SAO_PAULO", "NOMEFANTASIA": "PECA_RARA", "RAZAOSOCIAL": "PECA_RARA_MORUMBI_COMERCIO_VAREJISTA_DE_ARTIGOS_NOVO_E_USADOS_LTDA", "ENDEE": "RUA_DOUTOR_CLOVIS_DE_OLIVEIRA540__VILA_PROGREDIOR_05616-000", "LMAPS": "https://www.google.com/maps?q=&layer=c&cbll=-23.5896516,-46.7184502", "O_QUE_FAZER": "CARTEIRA", "ER_REGIAO_CIDADE_min": "Capital Oeste_Morumbi" }, "geometry": { "type": "Point", "coordinates": [ -46.7184502, -23.5896516 ] } },
{ "type": "Feature", "properties": { "fid": 274830, "CNPJ": "55247870000151", "IDCIDADE": "SAO_PAULO", "NOMEFANTASIA": "MANHAES_PEDRAS", "RAZAOSOCIAL": "MANHAES_PEDRAS_COMERCIO_LTDA", "ENDEE": "RUA_ERNEST_RENAM800__PARAISOPOLIS_05656-105", "LMAPS": "https://www.google.com/maps?q=&layer=c&cbll=-23.6114906,-46.7237951", "O_QUE_FAZER": "CARTEIRA", "ER_REGIAO_CIDADE_min": "Capital Oeste_Morumbi" }, "geometry": { "type": "Point", "coordinates": [ -46.7237951, -23.6114906 ] } },
{ "type": "Feature", "properties": { "fid": 275850, "CNPJ": "55482645000108", "IDCIDADE": "SAO_PAULO", "NOMEFANTASIA": "CLUB_PET_SHOP", "RAZAOSOCIAL": "LEE_CLUB_PET_SHOP_LTDA", "ENDEE": "RUA_REGENTE_LEON_KANIEFSKY493__VILA_PROGREDIOR_05617-030", "LMAPS": "https://www.google.com/maps?q=&layer=c&cbll=-23.5902335,-46.7174116", "O_QUE_FAZER": "CARTEIRA", "ER_REGIAO_CIDADE_min": "Capital Oeste_Morumbi" }, "geometry": { "type": "Point", "coordinates": [ -46.7174116, -23.5902335 ] } },
{ "type": "Feature", "properties": { "fid": 276292, "CNPJ": "55590843000187", "IDCIDADE": "SAO_PAULO", "NOMEFANTASIA": "NANI_SOUND", "RAZAOSOCIAL": "NS_&_EXP_SERVICOS_AUTOMOTIVOS_LTDA", "ENDEE": "RUA_PASQUALE_GALLUPI3065__PARAISOPOLIS_05660-000", "LMAPS": "https://www.google.com/maps?q=&layer=c&cbll=-23.6084136,-46.7257417", "O_QUE_FAZER": "CARTEIRA", "ER_REGIAO_CIDADE_min": "Capital Oeste_Morumbi" }, "geometry": { "type": "Point", "coordinates": [ -46.7257417, -23.6084136 ] } },
{ "type": "Feature", "properties": { "fid": 277313, "CNPJ": "55845477000160", "IDCIDADE": "SAO_PAULO", "NOMEFANTASIA": "ZAZTRAS", "RAZAOSOCIAL": "ENCANTA_LETRA_LIVROS_E_BRINQUEDOS_LTDA", "ENDEE": "RUA_REGENTE_LEON_KANIEFSKY91__VILA_PROGREDIOR_05617-030", "LMAPS": "https://www.google.com/maps?q=&layer=c&cbll=-23.5916581,-46.720828", "O_QUE_FAZER": "CARTEIRA", "ER_REGIAO_CIDADE_min": "Capital Oeste_Morumbi" }, "geometry": { "type": "Point", "coordinates": [ -46.720828, -23.5916581 ] } },
{ "type": "Feature", "properties": { "fid": 277524, "CNPJ": "55904451000145", "IDCIDADE": "SAO_PAULO", "NOMEFANTASIA": "REDE_LIMPA", "RAZAOSOCIAL": "FREIRE_E_BELOTTI_COMERCIO_DE_UTILIDADES_LTDA", "ENDEE": "RUA_DOUTOR_CLOVIS_DE_OLIVEIRA205__VILA_PROGREDIOR_05616-000", "LMAPS": "https://www.google.com/maps?q=&layer=c&cbll=-23.5868379,-46.7196915", "O_QUE_FAZER": "CARTEIRA", "ER_REGIAO_CIDADE_min": "Capital Oeste_Morumbi" }, "geometry": { "type": "Point", "coordinates": [ -46.7196915, -23.5868379 ] } },
{ "type": "Feature", "properties": { "fid": 281618, "CNPJ": "57341230000131", "IDCIDADE": "SAO_PAULO", "NOMEFANTASIA": "TURQUESA_ESMALTARIA_&_BELEZA", "RAZAOSOCIAL": "BRANBILLA_COMERCIO_E_SERVICOS_DE_BELEZA_LTDA", "ENDEE": "RUA_DOS_TRES_IRMAOS225__VILA_PROGREDIOR_05615-190", "LMAPS": "https://www.google.com/maps?q=&layer=c&cbll=-23.5866252,-46.717313", "O_QUE_FAZER": "CARTEIRA", "ER_REGIAO_CIDADE_min": "Capital Oeste_Morumbi" }, "geometry": { "type": "Point", "coordinates": [ -46.717313, -23.5866252 ] } },
{ "type": "Feature", "properties": { "fid": 282420, "CNPJ": "57564939000104", "IDCIDADE": "SAO_PAULO", "NOMEFANTASIA": "CACAU_SHOW", "RAZAOSOCIAL": "CACAU_ERIKA_RUBIA_LTDA", "ENDEE": "RUA_DOS_TRES_IRMAOS542__VILA_PROGREDIOR_05615-190", "LMAPS": "https://www.google.com/maps?q=&layer=c&cbll=-23.5892264,-46.7160308", "O_QUE_FAZER": "CARTEIRA", "ER_REGIAO_CIDADE_min": "Capital Oeste_Morumbi" }, "geometry": { "type": "Point", "coordinates": [ -46.7160308, -23.5892264 ] } },
{ "type": "Feature", "properties": { "fid": 284611, "CNPJ": "58192262000185", "IDCIDADE": "SAO_PAULO", "NOMEFANTASIA": "HOPE", "RAZAOSOCIAL": "R2M_MODA_INTIMA_E_ACESSORIOS_LTDA", "ENDEE": "RUA_JOSE_JANNARELLI554__VILA_PROGREDIOR_05615-000", "LMAPS": "https://www.google.com/maps?q=&layer=c&cbll=-23.589494,-46.7172226", "O_QUE_FAZER": "CARTEIRA", "ER_REGIAO_CIDADE_min": "Capital Oeste_Morumbi" }, "geometry": { "type": "Point", "coordinates": [ -46.7172226, -23.589494 ] } },
{ "type": "Feature", "properties": { "fid": 285320, "CNPJ": "58403033000162", "IDCIDADE": "SAO_PAULO", "NOMEFANTASIA": "NAO_MAIS_PELO", "RAZAOSOCIAL": "COLTURATO_SERVICOS_ESTETICOS_LTDA", "ENDEE": "RUA_REGENTE_LEON_KANIEFSKY500__VILA_PROGREDIOR_05617-030", "LMAPS": "https://www.google.com/maps?q=&layer=c&cbll=-23.5902351,-46.7171026", "O_QUE_FAZER": "CARTEIRA", "ER_REGIAO_CIDADE_min": "Capital Oeste_Morumbi" }, "geometry": { "type": "Point", "coordinates": [ -46.7171026, -23.5902351 ] } },
{ "type": "Feature", "properties": { "fid": 288973, "CNPJ": "59611160000209", "IDCIDADE": "SAO_PAULO", "NOMEFANTASIA": "CLOROPHILA_MANIPULACAO", "RAZAOSOCIAL": "CLOROPHILA_FARM.DE_MANIP.HOMEOP.FITOT.E_COSMETICOS_LTDA", "ENDEE": "RUA_DOS_TRES_IRMAOS605__VILA_PROGREDIOR_05615-190", "LMAPS": "https://www.google.com/maps?q=&layer=c&cbll=-23.5897029,-46.7155449", "O_QUE_FAZER": "CARTEIRA", "ER_REGIAO_CIDADE_min": "Capital Oeste_Morumbi" }, "geometry": { "type": "Point", "coordinates": [ -46.7155449, -23.5897029 ] } },
{ "type": "Feature", "properties": { "fid": 291053, "CNPJ": "60280278000191", "IDCIDADE": "SAO_PAULO", "NOMEFANTASIA": "ODILA_FERRES", "RAZAOSOCIAL": "LUCKY_LADY_COMERCIO_DO_VESTUARIO_EM_GERAL_LTDA", "ENDEE": "RUA_JOSE_JANNARELLI485__VILA_PROGREDIOR_05615-000", "LMAPS": "https://www.google.com/maps?q=&layer=c&cbll=-23.5889007,-46.7172701", "O_QUE_FAZER": "CARTEIRA", "ER_REGIAO_CIDADE_min": "Capital Oeste_Morumbi" }, "geometry": { "type": "Point", "coordinates": [ -46.7172701, -23.5889007 ] } },
{ "type": "Feature", "properties": { "fid": 291664, "CNPJ": "60494929000146", "IDCIDADE": "SAO_PAULO", "NOMEFANTASIA": "JULIA_LISS", "RAZAOSOCIAL": "PRETTY_BABY_BOUTIQUE_LTDA", "ENDEE": "RUA_REGENTE_LEON_KANIEFSKY504__VILA_PROGREDIOR_05617-030", "LMAPS": "https://www.google.com/maps?q=&layer=c&cbll=-23.5902131,-46.7170964", "O_QUE_FAZER": "CARTEIRA", "ER_REGIAO_CIDADE_min": "Capital Oeste_Morumbi" }, "geometry": { "type": "Point", "coordinates": [ -46.7170964, -23.5902131 ] } },
{ "type": "Feature", "properties": { "fid": 292486, "CNPJ": "60787462000122", "IDCIDADE": "SAO_PAULO", "NOMEFANTASIA": "ARTECOR_HOME_WEAR", "RAZAOSOCIAL": "MATERIAIS_ARTISTICOS_ARTECOR_LTDA", "ENDEE": "RUA_REGENTE_LEON_KANIEFSKY607__VILA_PROGREDIOR_05617-030", "LMAPS": "https://www.google.com/maps?q=&layer=c&cbll=-23.5894676,-46.7164093", "O_QUE_FAZER": "CARTEIRA", "ER_REGIAO_CIDADE_min": "Capital Oeste_Morumbi" }, "geometry": { "type": "Point", "coordinates": [ -46.7164093, -23.5894676 ] } },
{ "type": "Feature", "properties": { "fid": 294100, "CNPJ": "61340543000142", "IDCIDADE": "SAO_PAULO", "NOMEFANTASIA": "MOSQUINHA_BRINQUEDOS_E_PAPELARIA", "RAZAOSOCIAL": "MOSQUINHA_BRINQUEDOS_E_PAPELARIA_LTDA", "ENDEE": "RUA_REGENTE_LEON_KANIEFSKY607__VILA_PROGREDIOR_05617-030", "LMAPS": "https://www.google.com/maps?q=&layer=c&cbll=-23.5895682,-46.7162716", "O_QUE_FAZER": "CARTEIRA", "ER_REGIAO_CIDADE_min": "Capital Oeste_Morumbi" }, "geometry": { "type": "Point", "coordinates": [ -46.7162716, -23.5895682 ] } },
{ "type": "Feature", "properties": { "fid": 296897, "CNPJ": "62454516000163", "IDCIDADE": "SAO PAULO", "NOMEFANTASIA": "Adega_Bom_Motivo", "RAZAOSOCIAL": "ADEGA_BOM_MOTIVO", "ENDEE": "RUA PRINCIPAL, 38A, JARDIM DA CONQUISTA (ZONA OESTE), 05212-000, SÃO PAULO, SP, BRASIL", "LMAPS": "https://www.google.com/maps?q=&layer=c&cbll=-23.5950264,-46.7061567", "O_QUE_FAZER": "CARTEIRA - FAMPE", "ER_REGIAO_CIDADE_min": "Capital Oeste_Morumbi" }, "geometry": { "type": "Point", "coordinates": [ -46.7061567, -23.5950264 ] } },
{ "type": "Feature", "properties": { "fid": 297036, "CNPJ": "62521117000178", "IDCIDADE": "SAO_PAULO", "NOMEFANTASIA": "PEPO_CONVENIENCIA", "RAZAOSOCIAL": "PEPO_COMERCIO_DE_BEBIDAS_LTDA", "ENDEE": "RUA_DOM_ARMANDO_LOMBARDI51__VILA_PROGREDIOR_05616-010", "LMAPS": "https://www.google.com/maps?q=&layer=c&cbll=-23.5859723,-46.7213693", "O_QUE_FAZER": "CARTEIRA", "ER_REGIAO_CIDADE_min": "Capital Oeste_Morumbi" }, "geometry": { "type": "Point", "coordinates": [ -46.7213693, -23.5859723 ] } },
{ "type": "Feature", "properties": { "fid": 298293, "CNPJ": "63058978000124", "IDCIDADE": "SAO_PAULO", "NOMEFANTASIA": "PIZZARETO", "RAZAOSOCIAL": "AEP_COMERCIO_DE_ALIMENTOS_LTDA", "ENDEE": "AVENIDA_PROFESSOR_FRANCISCO_MORATO1352__BUTANTA_05512-000", "LMAPS": "https://www.google.com/maps?q=&layer=c&cbll=-23.5819891,-46.7123636", "O_QUE_FAZER": "CARTEIRA", "ER_REGIAO_CIDADE_min": "Capital Oeste_Morumbi" }, "geometry": { "type": "Point", "coordinates": [ -46.7123636, -23.5819891 ] } },
{ "type": "Feature", "properties": { "fid": 299436, "CNPJ": "63928212000153", "IDCIDADE": "SAO_PAULO", "NOMEFANTASIA": "EMPORIO_DA_VILLA", "RAZAOSOCIAL": "EMPORIO_DA_VILLA_COMERCIO_DE_PROD_ALIMENTICIOS_LTDA", "ENDEE": "RUA_DOM_ARMANDO_LOMBARDI491__VILA_PROGREDIOR_05616-010", "LMAPS": "https://www.google.com/maps?q=&layer=c&cbll=-23.5895433,-46.71945", "O_QUE_FAZER": "CARTEIRA", "ER_REGIAO_CIDADE_min": "Capital Oeste_Morumbi" }, "geometry": { "type": "Point", "coordinates": [ -46.71945, -23.5895433 ] } },
{ "type": "Feature", "properties": { "fid": 303008, "CNPJ": "65848483000124", "IDCIDADE": "SAO_PAULO", "NOMEFANTASIA": "TAYLOR_LOJA", "RAZAOSOCIAL": "MISTER_TAYLOR_CONFECCOES_LTDA", "ENDEE": "RUA_DOUTOR_CLOVIS_DE_OLIVEIRA124__VILA_PROGREDIOR_05616-000", "LMAPS": "https://www.google.com/maps?q=&layer=c&cbll=-23.5862258,-46.7200897", "O_QUE_FAZER": "CARTEIRA", "ER_REGIAO_CIDADE_min": "Capital Oeste_Morumbi" }, "geometry": { "type": "Point", "coordinates": [ -46.7200897, -23.5862258 ] } },
{ "type": "Feature", "properties": { "fid": 303552, "CNPJ": "66088139000147", "IDCIDADE": "SAO_PAULO", "NOMEFANTASIA": "PHYTOCARE_FARMACIA", "RAZAOSOCIAL": "PHYTOCARE_FARMACIA_DE_MANIPULACAO_LTDA", "ENDEE": "RUA_JOSE_JANNARELLI336__VILA_PROGREDIOR_05615-000", "LMAPS": "https://www.google.com/maps?q=&layer=c&cbll=-23.5876999,-46.7180653", "O_QUE_FAZER": "CARTEIRA", "ER_REGIAO_CIDADE_min": "Capital Oeste_Morumbi" }, "geometry": { "type": "Point", "coordinates": [ -46.7180653, -23.5876999 ] } },
{ "type": "Feature", "properties": { "fid": 304636, "CNPJ": "66732710000114", "IDCIDADE": "SAO_PAULO", "NOMEFANTASIA": "BERTTI_LUX", "RAZAOSOCIAL": "CORTINAS_E_PRESENTES_BERTTI-LUX_LTDA", "ENDEE": "RUA_DOUTOR_CLOVIS_DE_OLIVEIRA244__VILA_PROGREDIOR_05616-000", "LMAPS": "https://www.google.com/maps?q=&layer=c&cbll=-23.5872697,-46.7198276", "O_QUE_FAZER": "CARTEIRA", "ER_REGIAO_CIDADE_min": "Capital Oeste_Morumbi" }, "geometry": { "type": "Point", "coordinates": [ -46.7198276, -23.5872697 ] } },
{ "type": "Feature", "properties": { "fid": 305694, "CNPJ": "67190694000148", "IDCIDADE": "SAO PAULO", "NOMEFANTASIA": "ABIZ", "RAZAOSOCIAL": "ABIZ_COMERCIO,REPRESENTACOES_LTDA", "ENDEE": "RUA DOM ARMANDO LOMBARDI, 920, VILA PROGREDIOR, 05616-011, SÃO PAULO, SP, BRASIL", "LMAPS": "https://www.google.com/maps?q=&layer=c&cbll=-23.5922957,-46.7183134", "O_QUE_FAZER": "APLICAR T4", "ER_REGIAO_CIDADE_min": "Capital Oeste_Morumbi" }, "geometry": { "type": "Point", "coordinates": [ -46.7183134, -23.5922957 ] } },
{ "type": "Feature", "properties": { "fid": 308464, "CNPJ": "68894534000142", "IDCIDADE": "SAO_PAULO", "NOMEFANTASIA": "MERCADO_SANTA_GIULIA", "RAZAOSOCIAL": "SANTA_GIULIA_DO_MORUMBI_LTDA", "ENDEE": "RUA_JOSE_JANNARELLI474__VILA_PROGREDIOR_05615-000", "LMAPS": "https://www.google.com/maps?q=&layer=c&cbll=-23.5888017,-46.7176919", "O_QUE_FAZER": "CARTEIRA", "ER_REGIAO_CIDADE_min": "Capital Oeste_Morumbi" }, "geometry": { "type": "Point", "coordinates": [ -46.7176919, -23.5888017 ] } },
{ "type": "Feature", "properties": { "fid": 310149, "CNPJ": "72802838000100", "IDCIDADE": "SAO_PAULO", "NOMEFANTASIA": "KINIS", "RAZAOSOCIAL": "KINIS_-_CONFECCAO_E_COMERCIO_LTDA", "ENDEE": "RUA_DOUTOR_CLOVIS_DE_OLIVEIRA443__VILA_PROGREDIOR_05616-000", "LMAPS": "https://www.google.com/maps?q=&layer=c&cbll=-23.5888014,-46.718656", "O_QUE_FAZER": "CARTEIRA", "ER_REGIAO_CIDADE_min": "Capital Oeste_Morumbi" }, "geometry": { "type": "Point", "coordinates": [ -46.718656, -23.5888014 ] } },
{ "type": "Feature", "properties": { "fid": 310782, "CNPJ": "73150294000101", "IDCIDADE": "SAO_PAULO", "NOMEFANTASIA": "NELSON_EMBALAGENS", "RAZAOSOCIAL": "NELSON'S_COM._DE_EMBALAGENS_E_DESCARTAVEIS_LTDA", "ENDEE": "RUA_DOUTOR_CLOVIS_DE_OLIVEIRA94__VILA_PROGREDIOR_05616-000", "LMAPS": "https://www.google.com/maps?q=&layer=c&cbll=-23.5860616,-46.7203578", "O_QUE_FAZER": "CARTEIRA", "ER_REGIAO_CIDADE_min": "Capital Oeste_Morumbi" }, "geometry": { "type": "Point", "coordinates": [ -46.7203578, -23.5860616 ] } },
{ "type": "Feature", "properties": { "fid": 312234, "CNPJ": "96464532000159", "IDCIDADE": "SAO_PAULO", "NOMEFANTASIA": "GUEDALLA_PNEUS", "RAZAOSOCIAL": "GUEDALLA_PNEUS_LTDA", "ENDEE": "RUA_DOS_TRES_IRMAOS662__VILA_PROGREDIOR_05615-190", "LMAPS": "https://www.google.com/maps?q=&layer=c&cbll=-23.5902909,-46.7155426", "O_QUE_FAZER": "CARTEIRA", "ER_REGIAO_CIDADE_min": "Capital Oeste_Morumbi" }, "geometry": { "type": "Point", "coordinates": [ -46.7155426, -23.5902909 ] } }
]
}
