{
"type": "FeatureCollection",
"name": "ER_REGIAO_CIDADE_min_São Paulo_São Lucas",
"crs": { "type": "name", "properties": { "name": "urn:ogc:def:crs:OGC:1.3:CRS84" } },
"xy_coordinate_resolution": 1e-15,
"features": [
{ "type": "Feature", "properties": { "fid": 558, "CNPJ": "00130904000131", "IDCIDADE": "SAO_PAULO", "NOMEFANTASIA": "SHEIKPLASTIC_INDUSTRIA_E_COMERCIO_DE_EMBALAGENS_LTDA", "RAZAOSOCIAL": "SHEIKPLASTIC", "ENDEE": "AVENIDA_SAPOPEMBA5784__SAPOPEMBA_03374-001", "LMAPS": "https://www.google.com/maps?q=&layer=c&cbll=-23.5827978,-46.5356308", "O_QUE_FAZER": "FINALIZADO", "ER_REGIAO_CIDADE_min": "São Paulo_São Lucas" }, "geometry": { "type": "Point", "coordinates": [ -46.5356308, -23.5827978 ] } },
{ "type": "Feature", "properties": { "fid": 1401, "CNPJ": "00281129000115", "IDCIDADE": "SAO_PAULO", "NOMEFANTASIA": "PADARIA_THIANA", "RAZAOSOCIAL": "THIANA_PAES_E_DOCES_LTDA", "ENDEE": "RUA_BARTOLOMEU_CORREA_BUENO12__JARDIM_TERESA_03261-040", "LMAPS": "https://www.google.com/maps?q=&layer=c&cbll=-23.5897494,-46.5527898", "O_QUE_FAZER": "CARTEIRA", "ER_REGIAO_CIDADE_min": "São Paulo_São Lucas" }, "geometry": { "type": "Point", "coordinates": [ -46.5527898, -23.5897494 ] } },
{ "type": "Feature", "properties": { "fid": 1426, "CNPJ": "00285645000118", "IDCIDADE": "SAO_PAULO", "NOMEFANTASIA": "DINSA_DISTRIBUIDORA_NOSSA_SENHORA_ACHIROPITA_LTDA", "RAZAOSOCIAL": "DINSA_DOCES", "ENDEE": "AVENIDA_DO_ORATORIO4216__MOOCA_03116-000", "LMAPS": "https://www.google.com/maps?q=&layer=c&cbll=-23.6015519,-46.5337984", "O_QUE_FAZER": "FINALIZADO", "ER_REGIAO_CIDADE_min": "São Paulo_São Lucas" }, "geometry": { "type": "Point", "coordinates": [ -46.5337984, -23.6015519 ] } },
{ "type": "Feature", "properties": { "fid": 1443, "CNPJ": "00292221000180", "IDCIDADE": "SAO_PAULO", "NOMEFANTASIA": "ESTILO_BUFFET_LTDA", "RAZAOSOCIAL": "RESTAURANTE_VO_ALZIRA", "ENDEE": "AVENIDA_DO_ORATORIO2698__PARQUE_SAO_LUCAS_03220-100", "LMAPS": "https://www.google.com/maps?q=&layer=c&cbll=-23.5940172,-46.5443705", "O_QUE_FAZER": "FINALIZADO", "ER_REGIAO_CIDADE_min": "São Paulo_São Lucas" }, "geometry": { "type": "Point", "coordinates": [ -46.5443705, -23.5940172 ] } },
{ "type": "Feature", "properties": { "fid": 1579, "CNPJ": "00314483000107", "IDCIDADE": "SAO_PAULO", "NOMEFANTASIA": "TRADISOM", "RAZAOSOCIAL": "RIEDY_COMERCIO_DE_SOM_E_ACESSORIOS_LTDA", "ENDEE": "RUA_COSTA_BARROS1901__SITIO_PINHEIRINHO_03210-001", "LMAPS": "https://www.google.com/maps?q=&layer=c&cbll=-23.6007731,-46.5494244", "O_QUE_FAZER": "CARTEIRA", "ER_REGIAO_CIDADE_min": "São Paulo_São Lucas" }, "geometry": { "type": "Point", "coordinates": [ -46.5494244, -23.6007731 ] } },
{ "type": "Feature", "properties": { "fid": 1619, "CNPJ": "00322087000113", "IDCIDADE": "SAO_PAULO", "NOMEFANTASIA": "REAL_OTICA", "RAZAOSOCIAL": "REAL_OTICA_E_PRESENTES_LTDA", "ENDEE": "AVENIDA_DO_ORATORIO4569__JARDIM_GUAIRACA_03195-000", "LMAPS": "https://www.google.com/maps?q=&layer=c&cbll=-23.602082,-46.5302801", "O_QUE_FAZER": "CARTEIRA", "ER_REGIAO_CIDADE_min": "São Paulo_São Lucas" }, "geometry": { "type": "Point", "coordinates": [ -46.5302801, -23.602082 ] } },
{ "type": "Feature", "properties": { "fid": 1802, "CNPJ": "00363004000134", "IDCIDADE": "SAO_PAULO", "NOMEFANTASIA": "AOIE_CONFECCOES", "RAZAOSOCIAL": "AOYE_CONFECCOES_DE_ARTIGOS_DO_VESTUARIO_LTDA", "ENDEE": "AVENIDA_DO_ORATORIO4136__JARDIM_GUAIRACA_03220-200", "LMAPS": "https://www.google.com/maps?q=&layer=c&cbll=-23.6017128,-46.534211", "O_QUE_FAZER": "CARTEIRA", "ER_REGIAO_CIDADE_min": "São Paulo_São Lucas" }, "geometry": { "type": "Point", "coordinates": [ -46.534211, -23.6017128 ] } },
{ "type": "Feature", "properties": { "fid": 2439, "CNPJ": "00498735000197", "IDCIDADE": "SAO_PAULO", "NOMEFANTASIA": "FARECAR", "RAZAOSOCIAL": "FARECAR_COMERCIO_DE_AUTO_PECAS_LTDA", "ENDEE": "AVENIDA_DO_ORATORIO3244__JARDIM_GUAIRACA_03195-000", "LMAPS": "https://www.google.com/maps?q=&layer=c&cbll=-23.5977417,-46.5409233", "O_QUE_FAZER": "CARTEIRA", "ER_REGIAO_CIDADE_min": "São Paulo_São Lucas" }, "geometry": { "type": "Point", "coordinates": [ -46.5409233, -23.5977417 ] } },
{ "type": "Feature", "properties": { "fid": 2726, "CNPJ": "00559040000178", "IDCIDADE": "SAO_PAULO", "NOMEFANTASIA": "CENTRO_AUTOMOTIVO_SAO_LUCAS", "RAZAOSOCIAL": "CENTRO_AUTOMOTIVO_SAO_LUCAS_LTDA", "ENDEE": "AVENIDA_PROFESSOR_LUIZ_IGNACIO_ANHAIA_MELLO5450__JARDIM_INDEPENDENCIA_03294-100", "LMAPS": "https://www.google.com/maps?q=&layer=c&cbll=-23.5898362,-46.544365", "O_QUE_FAZER": "CARTEIRA", "ER_REGIAO_CIDADE_min": "São Paulo_São Lucas" }, "geometry": { "type": "Point", "coordinates": [ -46.544365, -23.5898362 ] } },
{ "type": "Feature", "properties": { "fid": 2887, "CNPJ": "00592818000140", "IDCIDADE": "SAO_PAULO", "NOMEFANTASIA": "OXIGENIO_ORATORIO", "RAZAOSOCIAL": "OXIGENIO_ORATORIO_LTDA", "ENDEE": "AVENIDA_DO_ORATORIO3254__JARDIM_GUAIRACA_03195-000", "LMAPS": "https://www.google.com/maps?q=&layer=c&cbll=-23.5976896,-46.5410189", "O_QUE_FAZER": "CARTEIRA", "ER_REGIAO_CIDADE_min": "São Paulo_São Lucas" }, "geometry": { "type": "Point", "coordinates": [ -46.5410189, -23.5976896 ] } },
{ "type": "Feature", "properties": { "fid": 3001, "CNPJ": "00611886000100", "IDCIDADE": "SAO_PAULO", "NOMEFANTASIA": "CENTRO_VETERINARIO_E_PET_SHOP_GUARANI_LTDA", "RAZAOSOCIAL": "CENTRO_VETERINARIO_E_PET_SHOP_GUARANI", "ENDEE": "RUA_MIGUEL_FERRAZ_DA_TRINDADE5380__PARQUE_TOMAS_SARAIVA_03280-090", "LMAPS": "https://www.google.com/maps?q=&layer=c&cbll=-23.5809906,-46.5389162", "O_QUE_FAZER": "FINALIZADO", "ER_REGIAO_CIDADE_min": "São Paulo_São Lucas" }, "geometry": { "type": "Point", "coordinates": [ -46.5389162, -23.5809906 ] } },
{ "type": "Feature", "properties": { "fid": 3041, "CNPJ": "00616646000106", "IDCIDADE": "SAO_PAULO", "NOMEFANTASIA": "BATUKI_SOM", "RAZAOSOCIAL": "BATUKY_SOM_ALARMES_E_ACESSORIOS_LTDA", "ENDEE": "RUA_FRANCISCO_FETT50__VILA_PAULO_SILAS_03264-000", "LMAPS": "https://www.google.com/maps?q=&layer=c&cbll=-23.5884774,-46.5436484", "O_QUE_FAZER": "CARTEIRA", "ER_REGIAO_CIDADE_min": "São Paulo_São Lucas" }, "geometry": { "type": "Point", "coordinates": [ -46.5436484, -23.5884774 ] } },
{ "type": "Feature", "properties": { "fid": 3318, "CNPJ": "00661085000159", "IDCIDADE": "SAO_PAULO", "NOMEFANTASIA": "DALLAQUA_COMERCIO_DE_AGUA_MINERAL", "RAZAOSOCIAL": "DALLAQUA_COMERCIO_DE_AGUA_MINERAL_LTDA", "ENDEE": "AVENIDA_PROFESSOR_LUIZ_IGNACIO_ANHAIA_MELLO5721__JARDIM_INDEPENDENCIA_03295-000", "LMAPS": "https://www.google.com/maps?q=&layer=c&cbll=-23.591498,-46.5422368", "O_QUE_FAZER": "FINALIZADO", "ER_REGIAO_CIDADE_min": "São Paulo_São Lucas" }, "geometry": { "type": "Point", "coordinates": [ -46.5422368, -23.591498 ] } },
{ "type": "Feature", "properties": { "fid": 3614, "CNPJ": "00735422000105", "IDCIDADE": "SAO_PAULO", "NOMEFANTASIA": "PAPEL_DE_OURO_LIVRARIA_PAPELARIA_E_ARMARINHOS_LTDA", "RAZAOSOCIAL": "PAPEL_DE_OURO", "ENDEE": "RUA_COSTA_BARROS1984__SITIO_PINHEIRINHO_03210-001", "LMAPS": "https://www.google.com/maps?q=&layer=c&cbll=-23.6011689,-46.5493284", "O_QUE_FAZER": "FINALIZADO", "ER_REGIAO_CIDADE_min": "São Paulo_São Lucas" }, "geometry": { "type": "Point", "coordinates": [ -46.5493284, -23.6011689 ] } },
{ "type": "Feature", "properties": { "fid": 4603, "CNPJ": "00950802000162", "IDCIDADE": "SAO_PAULO", "NOMEFANTASIA": "MINI_LOJA_VIGORZINHO_LTDA", "RAZAOSOCIAL": "MINI_VIGORZINHO", "ENDEE": "AVENIDA_DO_ORATORIO2107__PARQUE_SAO_LUCAS_03221-100", "LMAPS": "https://www.google.com/maps?q=&layer=c&cbll=-23.591631,-46.5487301", "O_QUE_FAZER": "FINALIZADO", "ER_REGIAO_CIDADE_min": "São Paulo_São Lucas" }, "geometry": { "type": "Point", "coordinates": [ -46.5487301, -23.591631 ] } },
{ "type": "Feature", "properties": { "fid": 4780, "CNPJ": "00988723000140", "IDCIDADE": "SAO_PAULO", "NOMEFANTASIA": "ZEL_TEC", "RAZAOSOCIAL": "EDSON_OLIVON_BENITEZ", "ENDEE": "AVENIDA_DO_ORATORIO4383__JARDIM_GUAIRACA_03195-000", "LMAPS": "https://www.google.com/maps?q=&layer=c&cbll=-23.6014316,-46.5321376", "O_QUE_FAZER": "CARTEIRA", "ER_REGIAO_CIDADE_min": "São Paulo_São Lucas" }, "geometry": { "type": "Point", "coordinates": [ -46.5321376, -23.6014316 ] } },
{ "type": "Feature", "properties": { "fid": 4941, "CNPJ": "01024086000155", "IDCIDADE": "SAO_PAULO", "NOMEFANTASIA": "Z_&_Z_COMERCIO_DE_FREIOS_E_FRICCAO_LTDA", "RAZAOSOCIAL": "ZAMBRINI_FREIOS", "ENDEE": "AVENIDA_SAPOPEMBA4518__SAPOPEMBA_03374-000", "LMAPS": "https://www.google.com/maps?q=&layer=c&cbll=-23.5781855,-46.5466005", "O_QUE_FAZER": "FINALIZADO", "ER_REGIAO_CIDADE_min": "São Paulo_São Lucas" }, "geometry": { "type": "Point", "coordinates": [ -46.5466005, -23.5781855 ] } },
{ "type": "Feature", "properties": { "fid": 5376, "CNPJ": "01118571000198", "IDCIDADE": "SAO PAULO", "NOMEFANTASIA": "FERREIRA_AUTOMOVEIS", "RAZAOSOCIAL": "FERREIRA_AUTOMOVEIS", "ENDEE": "JANUÁRIO CICCO_280_VILA NOVA PAULICEIA_SÃO PAULO_03267-120", "LMAPS": "https://www.google.com/maps?q=&layer=c&cbll=-23.5990761,-46.5317015", "O_QUE_FAZER": "FINALIZADO", "ER_REGIAO_CIDADE_min": "São Paulo_São Lucas" }, "geometry": { "type": "Point", "coordinates": [ -46.5317015, -23.5990761 ] } },
{ "type": "Feature", "properties": { "fid": 5479, "CNPJ": "01134629000197", "IDCIDADE": "SAO_PAULO", "NOMEFANTASIA": "SPRESS_GAS_COMERCIO_DE_GAS_LTDA", "RAZAOSOCIAL": "EXPRESS_GAS", "ENDEE": "AVENIDA_DO_ORATORIO3430__MOOCA_03116-000", "LMAPS": "https://www.google.com/maps?q=&layer=c&cbll=-23.5983803,-46.5393462", "O_QUE_FAZER": "FINALIZADO", "ER_REGIAO_CIDADE_min": "São Paulo_São Lucas" }, "geometry": { "type": "Point", "coordinates": [ -46.5393462, -23.5983803 ] } },
{ "type": "Feature", "properties": { "fid": 5711, "CNPJ": "01175144000141", "IDCIDADE": "SAO_PAULO", "NOMEFANTASIA": "FEET_FESTAS", "RAZAOSOCIAL": "FETT_FESTAS_LTDA", "ENDEE": "RUA_FRANCISCO_FETT481__VILA_PAULO_SILAS_03264-000", "LMAPS": "https://www.google.com/maps?q=&layer=c&cbll=-23.5920814,-46.54577", "O_QUE_FAZER": "CARTEIRA", "ER_REGIAO_CIDADE_min": "São Paulo_São Lucas" }, "geometry": { "type": "Point", "coordinates": [ -46.54577, -23.5920814 ] } },
{ "type": "Feature", "properties": { "fid": 6268, "CNPJ": "01294978000176", "IDCIDADE": "SAO_PAULO", "NOMEFANTASIA": "BEJELA_SUPERMERCADO", "RAZAOSOCIAL": "BONACHELLO_E_MELO_REPRESENTACOES_COMERCIAIS_LTDA", "ENDEE": "RUA_ANTONIO_MARQUES_JULIAO205__JARDIM_GUAIRACA_03244-000", "LMAPS": "https://www.google.com/maps?q=&layer=c&cbll=-23.6004285,-46.5391569", "O_QUE_FAZER": "CARTEIRA", "ER_REGIAO_CIDADE_min": "São Paulo_São Lucas" }, "geometry": { "type": "Point", "coordinates": [ -46.5391569, -23.6004285 ] } },
{ "type": "Feature", "properties": { "fid": 6300, "CNPJ": "01303439000156", "IDCIDADE": "SAO_PAULO", "NOMEFANTASIA": "ELETRO_HIDRO_MATERIAIS", "RAZAOSOCIAL": "ELETROHIDRO_VASCONCELOS_MATERIAIS_ELETRICOS_LTDA", "ENDEE": "RUA_ANA_CLARA558__VILA_MENDES_03257-000", "LMAPS": "https://www.google.com/maps?q=&layer=c&cbll=-23.6120082,-46.5283332", "O_QUE_FAZER": "CARTEIRA", "ER_REGIAO_CIDADE_min": "São Paulo_São Lucas" }, "geometry": { "type": "Point", "coordinates": [ -46.5283332, -23.6120082 ] } },
{ "type": "Feature", "properties": { "fid": 6515, "CNPJ": "01352844000164", "IDCIDADE": "SAO_PAULO", "NOMEFANTASIA": "MAGAZINE_NIKKEY_S_L_LTDA", "RAZAOSOCIAL": "NIKKEY", "ENDEE": "AVENIDA_DO_ORATORIO1859__VILA_INDEPENDENCIA_03220-000", "LMAPS": "https://www.google.com/maps?q=&layer=c&cbll=-23.5907783,-46.5510235", "O_QUE_FAZER": "FINALIZADO", "ER_REGIAO_CIDADE_min": "São Paulo_São Lucas" }, "geometry": { "type": "Point", "coordinates": [ -46.5510235, -23.5907783 ] } },
{ "type": "Feature", "properties": { "fid": 6576, "CNPJ": "01362600000162", "IDCIDADE": "SAO_PAULO", "NOMEFANTASIA": "PET_SHOP_LUCY", "RAZAOSOCIAL": "AVICULTURA_LUCY_LTDA", "ENDEE": "AVENIDA_DO_ORATORIO4573__JARDIM_GUAIRACA_03195-000", "LMAPS": "https://www.google.com/maps?q=&layer=c&cbll=-23.6021328,-46.5301998", "O_QUE_FAZER": "CARTEIRA", "ER_REGIAO_CIDADE_min": "São Paulo_São Lucas" }, "geometry": { "type": "Point", "coordinates": [ -46.5301998, -23.6021328 ] } },
{ "type": "Feature", "properties": { "fid": 6690, "CNPJ": "01383700000175", "IDCIDADE": "SAO_PAULO", "NOMEFANTASIA": "ART-SYSTEM_SOM_E_ACESSORIOS_LTDA", "RAZAOSOCIAL": "RODRIGO", "ENDEE": "AVENIDA_DO_ORATORIO3949__PARQUE_SAO_LUCAS_03220-100", "LMAPS": "https://www.google.com/maps?q=&layer=c&cbll=-23.6015563,-46.5358396", "O_QUE_FAZER": "FINALIZADO", "ER_REGIAO_CIDADE_min": "São Paulo_São Lucas" }, "geometry": { "type": "Point", "coordinates": [ -46.5358396, -23.6015563 ] } },
{ "type": "Feature", "properties": { "fid": 6700, "CNPJ": "01384448000119", "IDCIDADE": "SAO_PAULO", "NOMEFANTASIA": "DEFENDI_AUTOMOVEIS_LTDA", "RAZAOSOCIAL": "DEFENDI_AUTOMOVEIS", "ENDEE": "AVENIDA_DO_ORATORIO3550__PARQUE_SAO_LUCAS_03220-100", "LMAPS": "https://www.google.com/maps?q=&layer=c&cbll=-23.5991353,-46.5383932", "O_QUE_FAZER": "FINALIZADO", "ER_REGIAO_CIDADE_min": "São Paulo_São Lucas" }, "geometry": { "type": "Point", "coordinates": [ -46.5383932, -23.5991353 ] } },
{ "type": "Feature", "properties": { "fid": 6743, "CNPJ": "01392815000126", "IDCIDADE": "SAO_PAULO", "NOMEFANTASIA": "NUMERO_1", "RAZAOSOCIAL": "NUMERO_1_AUTOMOVEIS_LTDA", "ENDEE": "AVENIDA_PROFESSOR_LUIZ_IGNACIO_ANHAIA_MELLO3001__VILA_EMA_03295-100", "LMAPS": "https://www.google.com/maps?q=&layer=c&cbll=-23.5821307,-46.5626349", "O_QUE_FAZER": "CARTEIRA", "ER_REGIAO_CIDADE_min": "São Paulo_São Lucas" }, "geometry": { "type": "Point", "coordinates": [ -46.5626349, -23.5821307 ] } },
{ "type": "Feature", "properties": { "fid": 7130, "CNPJ": "01474328000102", "IDCIDADE": "SAO_PAULO", "NOMEFANTASIA": "MALLACUS_BAR", "RAZAOSOCIAL": "MALLACU'S_BAR_E_LANCHES_LTDA", "ENDEE": "AVENIDA_VILA_EMA2362__VILA_EMA_03281-000", "LMAPS": "https://www.google.com/maps?q=&layer=c&cbll=-23.5816051,-46.5540699", "O_QUE_FAZER": "CARTEIRA", "ER_REGIAO_CIDADE_min": "São Paulo_São Lucas" }, "geometry": { "type": "Point", "coordinates": [ -46.5540699, -23.5816051 ] } },
{ "type": "Feature", "properties": { "fid": 7144, "CNPJ": "01476701000164", "IDCIDADE": "SAO_PAULO", "NOMEFANTASIA": "MERCADAO_DAS_BATERIAS", "RAZAOSOCIAL": "NELCI_CANDEO_DA_SILVA_BATERIAS", "ENDEE": "AVENIDA_SAPOPEMBA4580__SAPOPEMBA_03988-010", "LMAPS": "https://www.google.com/maps?q=&layer=c&cbll=-23.5781791,-46.5456975", "O_QUE_FAZER": "CARTEIRA", "ER_REGIAO_CIDADE_min": "São Paulo_São Lucas" }, "geometry": { "type": "Point", "coordinates": [ -46.5456975, -23.5781791 ] } },
{ "type": "Feature", "properties": { "fid": 8213, "CNPJ": "01700502000198", "IDCIDADE": "SAO_PAULO", "NOMEFANTASIA": "PANIFICADORA_CROSCANT", "RAZAOSOCIAL": "PANIFICADORA_CROSCANT_LTDA", "ENDEE": "RUA_GOMES734__VILA_IVONE_03275-010", "LMAPS": "https://www.google.com/maps?q=&layer=c&cbll=-23.5826319,-46.5513228", "O_QUE_FAZER": "CARTEIRA", "ER_REGIAO_CIDADE_min": "São Paulo_São Lucas" }, "geometry": { "type": "Point", "coordinates": [ -46.5513228, -23.5826319 ] } },
{ "type": "Feature", "properties": { "fid": 8531, "CNPJ": "01765438000123", "IDCIDADE": "SAO_PAULO", "NOMEFANTASIA": "TYI_OTICA_E_BAZAR_LTDA", "RAZAOSOCIAL": "OTICA_RUBI", "ENDEE": "AVENIDA_SAO_LUCAS37__PARQUE_SAO_LUCAS_03239-000", "LMAPS": "https://www.google.com/maps?q=&layer=c&cbll=-23.5933433,-46.5464497", "O_QUE_FAZER": "FINALIZADO", "ER_REGIAO_CIDADE_min": "São Paulo_São Lucas" }, "geometry": { "type": "Point", "coordinates": [ -46.5464497, -23.5933433 ] } },
{ "type": "Feature", "properties": { "fid": 8731, "CNPJ": "01803393000134", "IDCIDADE": "SAO_PAULO", "NOMEFANTASIA": "AUTO_MOTO_ESCOLA_PRJP_LTDA", "RAZAOSOCIAL": "AUTO_MOTO_ESCOLA_NUBIA", "ENDEE": "AVENIDA_DO_ORATORIO2583__PARQUE_SAO_LUCAS_03221-100", "LMAPS": "https://www.google.com/maps?q=&layer=c&cbll=-23.5929745,-46.5447618", "O_QUE_FAZER": "FINALIZADO", "ER_REGIAO_CIDADE_min": "São Paulo_São Lucas" }, "geometry": { "type": "Point", "coordinates": [ -46.5447618, -23.5929745 ] } },
{ "type": "Feature", "properties": { "fid": 8849, "CNPJ": "01816333000156", "IDCIDADE": "SAO_PAULO", "NOMEFANTASIA": "VIA_LESTE", "RAZAOSOCIAL": "VIA_LESTE_COMERCIAL_LTDA", "ENDEE": "RUA_SOLIDONIO_LEITE1818__VILA_IVONE_03275-000", "LMAPS": "https://www.google.com/maps?q=&layer=c&cbll=-23.5842557,-46.5412097", "O_QUE_FAZER": "CARTEIRA", "ER_REGIAO_CIDADE_min": "São Paulo_São Lucas" }, "geometry": { "type": "Point", "coordinates": [ -46.5412097, -23.5842557 ] } },
{ "type": "Feature", "properties": { "fid": 8886, "CNPJ": "01823047000118", "IDCIDADE": "SAO_PAULO", "NOMEFANTASIA": "DUMELLO", "RAZAOSOCIAL": "DUMELLO_COMERCIO_DE_COLAS_E_ADESIVOS_LTDA", "ENDEE": "RUA_HILEIA_AMAZONICA28__JARDIM_PANORAMA_03245-000", "LMAPS": "https://www.google.com/maps?q=&layer=c&cbll=-23.6005639,-46.537393", "O_QUE_FAZER": "CARTEIRA", "ER_REGIAO_CIDADE_min": "São Paulo_São Lucas" }, "geometry": { "type": "Point", "coordinates": [ -46.537393, -23.6005639 ] } },
{ "type": "Feature", "properties": { "fid": 9363, "CNPJ": "01915195000243", "IDCIDADE": "SAO_PAULO", "NOMEFANTASIA": "AUTO_ESCOLA_NOSSA_SRA_DE_LOURDES", "RAZAOSOCIAL": "AUTO_MOTO_ESCOLA_NOSSA_SENHORA_DE_LOURDES_II_LTDA", "ENDEE": "AVENIDA_VILA_EMA3648__VILA_EMA_03282-001", "LMAPS": "https://www.google.com/maps?q=&layer=c&cbll=-23.5876871,-46.5440985", "O_QUE_FAZER": "FINALIZADO", "ER_REGIAO_CIDADE_min": "São Paulo_São Lucas" }, "geometry": { "type": "Point", "coordinates": [ -46.5440985, -23.5876871 ] } },
{ "type": "Feature", "properties": { "fid": 9450, "CNPJ": "01941929000188", "IDCIDADE": "SAO_PAULO", "NOMEFANTASIA": "PAULO_TINTAS", "RAZAOSOCIAL": "DUPAULO_TINTAS_LTDA", "ENDEE": "AVENIDA_VILA_EMA2729__VILA_EMA_03282-000", "LMAPS": "https://www.google.com/maps?q=&layer=c&cbll=-23.5825408,-46.5503847", "O_QUE_FAZER": "FINALIZADO", "ER_REGIAO_CIDADE_min": "São Paulo_São Lucas" }, "geometry": { "type": "Point", "coordinates": [ -46.5503847, -23.5825408 ] } },
{ "type": "Feature", "properties": { "fid": 9637, "CNPJ": "01987740000126", "IDCIDADE": "SAO_PAULO", "NOMEFANTASIA": "BAZAR_E_PAPELARIA_LACHI_LTDA", "RAZAOSOCIAL": "BAZAR_E_PAPELARIA_RENATO", "ENDEE": "AVENIDA_DO_ORATORIO4148__MOOCA_03116-000", "LMAPS": "https://www.google.com/maps?q=&layer=c&cbll=-23.6017214,-46.5341784", "O_QUE_FAZER": "FINALIZADO", "ER_REGIAO_CIDADE_min": "São Paulo_São Lucas" }, "geometry": { "type": "Point", "coordinates": [ -46.5341784, -23.6017214 ] } },
{ "type": "Feature", "properties": { "fid": 9853, "CNPJ": "02037461000164", "IDCIDADE": "SAO_PAULO", "NOMEFANTASIA": "A_NIPOPLAST_EMBALAGENS_E_ARTEFATOS_DE_PLASTICOS_LTDA", "RAZAOSOCIAL": "NIPOPLAST", "ENDEE": "AVENIDA_DO_ORATORIO2049__PARQUE_SAO_LUCAS_03220-100", "LMAPS": "https://www.google.com/maps?q=&layer=c&cbll=-23.5915458,-46.5493474", "O_QUE_FAZER": "FINALIZADO", "ER_REGIAO_CIDADE_min": "São Paulo_São Lucas" }, "geometry": { "type": "Point", "coordinates": [ -46.5493474, -23.5915458 ] } },
{ "type": "Feature", "properties": { "fid": 10259, "CNPJ": "02115876000109", "IDCIDADE": "SAO_PAULO", "NOMEFANTASIA": "DADARIO_LTDA", "RAZAOSOCIAL": "DADARIO", "ENDEE": "RUA_ANTONIO_MARQUES_JULIAO613__JARDIM_GUAIRACA_03244-000", "LMAPS": "https://www.google.com/maps?q=&layer=c&cbll=-23.602831,-46.5419704", "O_QUE_FAZER": "FINALIZADO", "ER_REGIAO_CIDADE_min": "São Paulo_São Lucas" }, "geometry": { "type": "Point", "coordinates": [ -46.5419704, -23.602831 ] } },
{ "type": "Feature", "properties": { "fid": 10921, "CNPJ": "02228560000123", "IDCIDADE": "SAO_PAULO", "NOMEFANTASIA": "OBRA_MARMORES_E_GRANITOS_LTDA", "RAZAOSOCIAL": "OBRA_MARMORES_GRANITO", "ENDEE": "AVENIDA_DO_ORATORIO4960__VILA_INDUSTRIAL_03255-000", "LMAPS": "https://www.google.com/maps?q=&layer=c&cbll=-23.6032917,-46.52697", "O_QUE_FAZER": "FINALIZADO", "ER_REGIAO_CIDADE_min": "São Paulo_São Lucas" }, "geometry": { "type": "Point", "coordinates": [ -46.52697, -23.6032917 ] } },
{ "type": "Feature", "properties": { "fid": 11116, "CNPJ": "02262904000110", "IDCIDADE": "SAO_PAULO", "NOMEFANTASIA": "GESSO_CINERAMA", "RAZAOSOCIAL": "INDUSTRIA_E_COMERCIO_DE_GESSO_CINERAMA_LTDA", "ENDEE": "RUA_NOVA_TIMBOTEUA198__VILA_NOVA_PAULICEIA_03267-110", "LMAPS": "https://www.google.com/maps?q=&layer=c&cbll=-23.6001518,-46.5302387", "O_QUE_FAZER": "FINALIZADO", "ER_REGIAO_CIDADE_min": "São Paulo_São Lucas" }, "geometry": { "type": "Point", "coordinates": [ -46.5302387, -23.6001518 ] } },
{ "type": "Feature", "properties": { "fid": 11175, "CNPJ": "02276055000154", "IDCIDADE": "SAO_PAULO", "NOMEFANTASIA": "MIE_PLACE_COMERCIO_E_LOGISTICA_LTDA", "RAZAOSOCIAL": "MIE_PLACE", "ENDEE": "AVENIDA_DO_ORATORIO4666__MOOCA_03116-000", "LMAPS": "https://www.google.com/maps?q=&layer=c&cbll=-23.6028053,-46.5299371", "O_QUE_FAZER": "FINALIZADO", "ER_REGIAO_CIDADE_min": "São Paulo_São Lucas" }, "geometry": { "type": "Point", "coordinates": [ -46.5299371, -23.6028053 ] } },
{ "type": "Feature", "properties": { "fid": 11957, "CNPJ": "02437987000131", "IDCIDADE": "SAO_PAULO", "NOMEFANTASIA": "BAZAR_E_PERFUMARIA_MARANATA", "RAZAOSOCIAL": "ELISEU_SANDANIELO_-_BAZAR", "ENDEE": "RUA_SANTA_ZITA228__VILA_MENDES_03257-020", "LMAPS": "https://www.google.com/maps?q=&layer=c&cbll=-23.6112946,-46.5305854", "O_QUE_FAZER": "CARTEIRA", "ER_REGIAO_CIDADE_min": "São Paulo_São Lucas" }, "geometry": { "type": "Point", "coordinates": [ -46.5305854, -23.6112946 ] } },
{ "type": "Feature", "properties": { "fid": 12570, "CNPJ": "02560916000121", "IDCIDADE": "SAO_PAULO", "NOMEFANTASIA": "AUTO_MOTO_ESCOLA_ORATORIO", "RAZAOSOCIAL": "AUTO_MOTO_ESCOLA_ORATORIO_LTDA", "ENDEE": "AVENIDA_DO_ORATORIO5136__JARDIM_ANGELA_03195-000", "LMAPS": "https://www.google.com/maps?q=&layer=c&cbll=-23.6040527,-46.5257505", "O_QUE_FAZER": "CARTEIRA", "ER_REGIAO_CIDADE_min": "São Paulo_São Lucas" }, "geometry": { "type": "Point", "coordinates": [ -46.5257505, -23.6040527 ] } },
{ "type": "Feature", "properties": { "fid": 13147, "CNPJ": "02666862000183", "IDCIDADE": "SAO_PAULO", "NOMEFANTASIA": "DOUPAN_INDUSTRIA_E_COMERCIO_DE_PRODUTOS_PARA_PANIFICACAO_LTDA", "RAZAOSOCIAL": "DOUPAN", "ENDEE": "RUA_TRIMONTE151__VILA_SANTA_CLARA_03274-080", "LMAPS": "https://www.google.com/maps?q=&layer=c&cbll=-23.5758533,-46.5563309", "O_QUE_FAZER": "FINALIZADO", "ER_REGIAO_CIDADE_min": "São Paulo_São Lucas" }, "geometry": { "type": "Point", "coordinates": [ -46.5563309, -23.5758533 ] } },
{ "type": "Feature", "properties": { "fid": 13725, "CNPJ": "02777991000149", "IDCIDADE": "SAO_PAULO", "NOMEFANTASIA": "BAZAR_E_PAPELARIA", "RAZAOSOCIAL": "BAZAR_E_PAPELARIA_SAN_CAR_NUNES_LTDA", "ENDEE": "RUA_COSTA_BARROS1854__SITIO_PINHEIRINHO_03210-001", "LMAPS": "https://www.google.com/maps?q=&layer=c&cbll=-23.6007033,-46.550065", "O_QUE_FAZER": "CARTEIRA", "ER_REGIAO_CIDADE_min": "São Paulo_São Lucas" }, "geometry": { "type": "Point", "coordinates": [ -46.550065, -23.6007033 ] } },
{ "type": "Feature", "properties": { "fid": 13891, "CNPJ": "02805045000169", "IDCIDADE": "SAO_PAULO", "NOMEFANTASIA": "PITARELO_SETTE_MATERIAIS_PARA_CONSTRUCOES_LTDA", "RAZAOSOCIAL": "DEPOSITO_7", "ENDEE": "AVENIDA_SAPOPEMBA4642__VILA_REGENTE_FEIJO_03345-000", "LMAPS": "https://www.google.com/maps?q=&layer=c&cbll=-23.5783975,-46.5453961", "O_QUE_FAZER": "FINALIZADO", "ER_REGIAO_CIDADE_min": "São Paulo_São Lucas" }, "geometry": { "type": "Point", "coordinates": [ -46.5453961, -23.5783975 ] } },
{ "type": "Feature", "properties": { "fid": 14020, "CNPJ": "02823470000180", "IDCIDADE": "SAO_PAULO", "NOMEFANTASIA": "SACOLAO_NOSA_ROCA", "RAZAOSOCIAL": "SACOLAO_NOSSA_ROCA_LTDA", "ENDEE": "AVENIDA_DO_ORATORIO3346__JARDIM_GUAIRACA_03195-000", "LMAPS": "https://www.google.com/maps?q=&layer=c&cbll=-23.5981694,-46.5396348", "O_QUE_FAZER": "CARTEIRA", "ER_REGIAO_CIDADE_min": "São Paulo_São Lucas" }, "geometry": { "type": "Point", "coordinates": [ -46.5396348, -23.5981694 ] } },
{ "type": "Feature", "properties": { "fid": 14503, "CNPJ": "02901271000143", "IDCIDADE": "SAO_PAULO", "NOMEFANTASIA": "EMA_DA_SORTE", "RAZAOSOCIAL": "SANTANA_LOTERIAS_LTDA.", "ENDEE": "AVENIDA_VILA_EMA2570__VILA_EMA_03156-000", "LMAPS": "https://www.google.com/maps?q=&layer=c&cbll=-23.5821252,-46.5520397", "O_QUE_FAZER": "CARTEIRA", "ER_REGIAO_CIDADE_min": "São Paulo_São Lucas" }, "geometry": { "type": "Point", "coordinates": [ -46.5520397, -23.5821252 ] } },
{ "type": "Feature", "properties": { "fid": 15032, "CNPJ": "02983653000163", "IDCIDADE": "SAO_PAULO", "NOMEFANTASIA": "DROGARIA_POUPA_MAIS", "RAZAOSOCIAL": "J.P._IRAPUA_DROGARIA_LTDA", "ENDEE": "AVENIDA_DO_ORATORIO5961__JARDIM_ANGELA_03195-000", "LMAPS": "https://www.google.com/maps?q=&layer=c&cbll=-23.6065231,-46.5221692", "O_QUE_FAZER": "CARTEIRA", "ER_REGIAO_CIDADE_min": "São Paulo_São Lucas" }, "geometry": { "type": "Point", "coordinates": [ -46.5221692, -23.6065231 ] } },
{ "type": "Feature", "properties": { "fid": 15042, "CNPJ": "02986064000139", "IDCIDADE": "SAO_PAULO", "NOMEFANTASIA": "BIL_GAS", "RAZAOSOCIAL": "BIL_GAS_COMERCIO_DE_GAS_LTDA", "ENDEE": "RUA_EDMUNDO_JUVENTINO_FUENTES89__PARQUE_TOMAS_SARAIVA_03280-000", "LMAPS": "https://www.google.com/maps?q=&layer=c&cbll=-23.5849632,-46.5366396", "O_QUE_FAZER": "CARTEIRA", "ER_REGIAO_CIDADE_min": "São Paulo_São Lucas" }, "geometry": { "type": "Point", "coordinates": [ -46.5366396, -23.5849632 ] } },
{ "type": "Feature", "properties": { "fid": 15498, "CNPJ": "03059921000118", "IDCIDADE": "SAO_PAULO", "NOMEFANTASIA": "PAU_BRASIL", "RAZAOSOCIAL": "D_AMORE_COMERCIAL_LTDA", "ENDEE": "AVENIDA_SAPOPEMBA4755__SAPOPEMBA_03988-010", "LMAPS": "https://www.google.com/maps?q=&layer=c&cbll=-23.578455,-46.54427", "O_QUE_FAZER": "CARTEIRA", "ER_REGIAO_CIDADE_min": "São Paulo_São Lucas" }, "geometry": { "type": "Point", "coordinates": [ -46.54427, -23.578455 ] } },
{ "type": "Feature", "properties": { "fid": 15784, "CNPJ": "03105650000190", "IDCIDADE": "SAO_PAULO", "NOMEFANTASIA": "ARMAZEM_DAS_FESTAS", "RAZAOSOCIAL": "RODOLPHO_MARCON", "ENDEE": "RUA_SOLIDONIO_LEITE1893__VILA_IVONE_03275-000", "LMAPS": "https://www.google.com/maps?q=&layer=c&cbll=-23.5842848,-46.5405977", "O_QUE_FAZER": "CARTEIRA", "ER_REGIAO_CIDADE_min": "São Paulo_São Lucas" }, "geometry": { "type": "Point", "coordinates": [ -46.5405977, -23.5842848 ] } },
{ "type": "Feature", "properties": { "fid": 16316, "CNPJ": "03202104000177", "IDCIDADE": "SAO PAULO", "NOMEFANTASIA": "FOTOGRAFICA", "RAZAOSOCIAL": "FOTOGRAFICA_COMERCIO_E_SERVICOS_GRAFICOS_LTDA", "ENDEE": "RUA MARCELLO MULLER, 1058, TERREO., JARDIM INDEPENDENCIA, 03223-060, SÃO PAULO, SP, BRASIL", "LMAPS": "https://www.google.com/maps?q=&layer=c&cbll=-23.5918734,-46.5584923", "O_QUE_FAZER": "CARTEIRA - FAMPE", "ER_REGIAO_CIDADE_min": "São Paulo_São Lucas" }, "geometry": { "type": "Point", "coordinates": [ -46.5584923, -23.5918734 ] } },
{ "type": "Feature", "properties": { "fid": 16344, "CNPJ": "03205654000140", "IDCIDADE": "SAO_PAULO", "NOMEFANTASIA": "JR_ILUMINACAO", "RAZAOSOCIAL": "JR_INDUSTRIA_E_COMERCIO_DE_PARAFUSOS_E_AFINS_LTDA", "ENDEE": "RUA_SOLIDONIO_LEITE1127__VILA_IVONE_03275-000", "LMAPS": "https://www.google.com/maps?q=&layer=c&cbll=-23.5844572,-46.5480113", "O_QUE_FAZER": "CARTEIRA", "ER_REGIAO_CIDADE_min": "São Paulo_São Lucas" }, "geometry": { "type": "Point", "coordinates": [ -46.5480113, -23.5844572 ] } },
{ "type": "Feature", "properties": { "fid": 16464, "CNPJ": "03226344000101", "IDCIDADE": "SAO_PAULO", "NOMEFANTASIA": "CASA_DE_CARNE_GABRIELA", "RAZAOSOCIAL": "CASA_DE_CARNES_M.M.G._LTDA", "ENDEE": "RUA_BARTOLOMEU_CORREA_BUENO14__JARDIM_TERESA_03261-040", "LMAPS": "https://www.google.com/maps?q=&layer=c&cbll=-23.5896361,-46.552703", "O_QUE_FAZER": "CARTEIRA", "ER_REGIAO_CIDADE_min": "São Paulo_São Lucas" }, "geometry": { "type": "Point", "coordinates": [ -46.552703, -23.5896361 ] } },
{ "type": "Feature", "properties": { "fid": 16667, "CNPJ": "03253717000133", "IDCIDADE": "SAO_PAULO", "NOMEFANTASIA": "DISTRIBUIDORA_S.HIGA", "RAZAOSOCIAL": "SERGIO_SHIGUEHARU_HIGA", "ENDEE": "RUA_MANOEL_EMIDIO176__VILA_NOVA_PAULICEIA_03267-150", "LMAPS": "https://www.google.com/maps?q=&layer=c&cbll=-23.59989,-46.5299158", "O_QUE_FAZER": "CARTEIRA", "ER_REGIAO_CIDADE_min": "São Paulo_São Lucas" }, "geometry": { "type": "Point", "coordinates": [ -46.5299158, -23.59989 ] } },
{ "type": "Feature", "properties": { "fid": 17231, "CNPJ": "03347778000160", "IDCIDADE": "SAO_PAULO", "NOMEFANTASIA": "CARLOS_ANTONIO_PINHEIRO", "RAZAOSOCIAL": "OUTLET", "ENDEE": "AVENIDA_DO_ORATORIO4100__JARDIM_GUAIRACA_03220-200", "LMAPS": "https://www.google.com/maps?q=&layer=c&cbll=-23.6018703,-46.5346034", "O_QUE_FAZER": "FINALIZADO", "ER_REGIAO_CIDADE_min": "São Paulo_São Lucas" }, "geometry": { "type": "Point", "coordinates": [ -46.5346034, -23.6018703 ] } },
{ "type": "Feature", "properties": { "fid": 17294, "CNPJ": "03356833000188", "IDCIDADE": "SAO_PAULO", "NOMEFANTASIA": "ACRYLIX", "RAZAOSOCIAL": "P.E.C._DE_MELO_COMERCIO_DE_UTILIDADES_DOMESTICAS", "ENDEE": "RUA_NOVA_TIMBOTEUA99__VILA_NOVA_PAULICEIA_03267-110", "LMAPS": "https://www.google.com/maps?q=&layer=c&cbll=-23.600967,-46.5305328", "O_QUE_FAZER": "CARTEIRA", "ER_REGIAO_CIDADE_min": "São Paulo_São Lucas" }, "geometry": { "type": "Point", "coordinates": [ -46.5305328, -23.600967 ] } },
{ "type": "Feature", "properties": { "fid": 17669, "CNPJ": "03418722000159", "IDCIDADE": "SAO PAULO", "NOMEFANTASIA": "INJETRONIC", "RAZAOSOCIAL": "INJETRONIC_CENTRO_AUTOMOTIVO_LTDA", "ENDEE": "RUA JOSE MACEDO, 30, VILA MACEDOPOLIS, 03236-020, SÃO PAULO, SP, BRASIL", "LMAPS": "https://www.google.com/maps?q=&layer=c&cbll=-23.5895876,-46.5535752", "O_QUE_FAZER": "CARTEIRA - FAMPE", "ER_REGIAO_CIDADE_min": "São Paulo_São Lucas" }, "geometry": { "type": "Point", "coordinates": [ -46.5535752, -23.5895876 ] } },
{ "type": "Feature", "properties": { "fid": 18251, "CNPJ": "03504574000195", "IDCIDADE": "SAO_PAULO", "NOMEFANTASIA": "NINO_FARIA_MATERIAIS_PARA_CONSTRUCAO_LTDA", "RAZAOSOCIAL": "MATERIAL_PARA_CONSTRUCAO_NINO_FARIA", "ENDEE": "RUA_COSTA_BARROS1745__VILA_ALPINA_03210-000", "LMAPS": "https://www.google.com/maps?q=&layer=c&cbll=-23.6000303,-46.5508148", "O_QUE_FAZER": "FINALIZADO", "ER_REGIAO_CIDADE_min": "São Paulo_São Lucas" }, "geometry": { "type": "Point", "coordinates": [ -46.5508148, -23.6000303 ] } },
{ "type": "Feature", "properties": { "fid": 18344, "CNPJ": "03518391000129", "IDCIDADE": "SAO_PAULO", "NOMEFANTASIA": "GAIA_COMERCIAL_DE_ARTIGOS_PARA_CAES_E_GATOS_LTDA", "RAZAOSOCIAL": "GAIA_CLINICA_VETERINARIA", "ENDEE": "AVENIDA_DO_ORATORIO3811__JARDIM_GUAIRACA_03220-200", "LMAPS": "https://www.google.com/maps?q=&layer=c&cbll=-23.6011975,-46.5362855", "O_QUE_FAZER": "FINALIZADO", "ER_REGIAO_CIDADE_min": "São Paulo_São Lucas" }, "geometry": { "type": "Point", "coordinates": [ -46.5362855, -23.6011975 ] } },
{ "type": "Feature", "properties": { "fid": 18561, "CNPJ": "03554586000124", "IDCIDADE": "SAO_PAULO", "NOMEFANTASIA": "EBENEZER", "RAZAOSOCIAL": "EBENEZER_FERRAGENS_FERRAMENTAS_E_MATERIAIS_P/CONSTR._LTDA", "ENDEE": "AVENIDA_VILA_EMA2625__VILA_EMA_03156-000", "LMAPS": "https://www.google.com/maps?q=&layer=c&cbll=-23.5844572,-46.5480113", "O_QUE_FAZER": "CARTEIRA", "ER_REGIAO_CIDADE_min": "São Paulo_São Lucas" }, "geometry": { "type": "Point", "coordinates": [ -46.5480113, -23.5844572 ] } },
{ "type": "Feature", "properties": { "fid": 18830, "CNPJ": "03602473000157", "IDCIDADE": "SAO_PAULO", "NOMEFANTASIA": "NINA_ARMARINHOS_E_AVIAMENTOS", "RAZAOSOCIAL": "NINNA_ARMARINHOS_LTDA", "ENDEE": "AVENIDA_DO_ORATORIO2841__PARQUE_SAO_LUCAS_03221-100", "LMAPS": "https://www.google.com/maps?q=&layer=c&cbll=-23.5950282,-46.5436411", "O_QUE_FAZER": "CARTEIRA", "ER_REGIAO_CIDADE_min": "São Paulo_São Lucas" }, "geometry": { "type": "Point", "coordinates": [ -46.5436411, -23.5950282 ] } },
{ "type": "Feature", "properties": { "fid": 19498, "CNPJ": "03712901000102", "IDCIDADE": "SAO_PAULO", "NOMEFANTASIA": "CONSTRUMARMORE", "RAZAOSOCIAL": "COMERCIO_DE_MARMORES_E_GRANITOS_OSJAN_LTDA", "ENDEE": "AVENIDA_MORAIS_COSTA643__VILA_INDUSTRIAL_03253-000", "LMAPS": "https://www.google.com/maps?q=&layer=c&cbll=-23.6070422,-46.5315361", "O_QUE_FAZER": "CARTEIRA", "ER_REGIAO_CIDADE_min": "São Paulo_São Lucas" }, "geometry": { "type": "Point", "coordinates": [ -46.5315361, -23.6070422 ] } },
{ "type": "Feature", "properties": { "fid": 19646, "CNPJ": "03734511000125", "IDCIDADE": "SAO_PAULO", "NOMEFANTASIA": "GRANDE_NORTE", "RAZAOSOCIAL": "GRAN_NORTE_VEICULOS_LTDA", "ENDEE": "AVENIDA_PROFESSOR_LUIZ_IGNACIO_ANHAIA_MELLO4940__JARDIM_INDEPENDENCIA_03154-000", "LMAPS": "https://www.google.com/maps?q=&layer=c&cbll=-23.5852453,-46.5477102", "O_QUE_FAZER": "CARTEIRA", "ER_REGIAO_CIDADE_min": "São Paulo_São Lucas" }, "geometry": { "type": "Point", "coordinates": [ -46.5477102, -23.5852453 ] } },
{ "type": "Feature", "properties": { "fid": 20076, "CNPJ": "03808395000141", "IDCIDADE": "SAO_PAULO", "NOMEFANTASIA": "HITACAR_VEICULOS", "RAZAOSOCIAL": "CARLOS_PEREIRA_AUTOMOVEIS", "ENDEE": "AVENIDA_PROFESSOR_LUIZ_IGNACIO_ANHAIA_MELLO6190__VILA_DIVINA_PASTORA_03294-200", "LMAPS": "https://www.google.com/maps?q=&layer=c&cbll=-23.5937787,-46.5396153", "O_QUE_FAZER": "FINALIZADO", "ER_REGIAO_CIDADE_min": "São Paulo_São Lucas" }, "geometry": { "type": "Point", "coordinates": [ -46.5396153, -23.5937787 ] } },
{ "type": "Feature", "properties": { "fid": 20693, "CNPJ": "03915471000118", "IDCIDADE": "SAO_PAULO", "NOMEFANTASIA": "IRMAOS_GARCIA", "RAZAOSOCIAL": "IRMAOS_GARCIA_COMERCIO_DE_MANGUEIRAS_E_CONEXOES_LTDA", "ENDEE": "AVENIDA_VILA_EMA3001__VILA_EMA_03281-000", "LMAPS": "https://www.google.com/maps?q=&layer=c&cbll=-23.58588,-46.5455233", "O_QUE_FAZER": "CARTEIRA", "ER_REGIAO_CIDADE_min": "São Paulo_São Lucas" }, "geometry": { "type": "Point", "coordinates": [ -46.5455233, -23.58588 ] } },
{ "type": "Feature", "properties": { "fid": 21013, "CNPJ": "03972889000167", "IDCIDADE": "SAO_PAULO", "NOMEFANTASIA": "FARMACIA_FARMAQUATRO_LTDA", "RAZAOSOCIAL": "MANIFRANCA", "ENDEE": "AVENIDA_DO_ORATORIO2848__PARQUE_SAO_LUCAS_03220-100", "LMAPS": "https://www.google.com/maps?q=&layer=c&cbll=-23.5951128,-46.5435148", "O_QUE_FAZER": "FINALIZADO", "ER_REGIAO_CIDADE_min": "São Paulo_São Lucas" }, "geometry": { "type": "Point", "coordinates": [ -46.5435148, -23.5951128 ] } },
{ "type": "Feature", "properties": { "fid": 21310, "CNPJ": "04010159000148", "IDCIDADE": "SAO_PAULO", "NOMEFANTASIA": "COMERCIAL_DA_COSTA_31_LTDA", "RAZAOSOCIAL": "COMERCIAL_DA_COSTA", "ENDEE": "RUA_MANUEL_DA_COSTA31__VILA_DARLI_03262-000", "LMAPS": "https://www.google.com/maps?q=&layer=c&cbll=-23.5905493,-46.5514105", "O_QUE_FAZER": "FINALIZADO", "ER_REGIAO_CIDADE_min": "São Paulo_São Lucas" }, "geometry": { "type": "Point", "coordinates": [ -46.5514105, -23.5905493 ] } },
{ "type": "Feature", "properties": { "fid": 21532, "CNPJ": "04042921000178", "IDCIDADE": "SAO_PAULO", "NOMEFANTASIA": "DEFINICAO_MULTIMARCAS", "RAZAOSOCIAL": "KAMPAI_VEICULOS_LTDA", "ENDEE": "AVENIDA_PROFESSOR_LUIZ_IGNACIO_ANHAIA_MELLO5082__JARDIM_INDEPENDENCIA_03154-000", "LMAPS": "https://www.google.com/maps?q=&layer=c&cbll=-23.5859288,-46.5471082", "O_QUE_FAZER": "CARTEIRA", "ER_REGIAO_CIDADE_min": "São Paulo_São Lucas" }, "geometry": { "type": "Point", "coordinates": [ -46.5471082, -23.5859288 ] } },
{ "type": "Feature", "properties": { "fid": 21856, "CNPJ": "04083771000140", "IDCIDADE": "SAO_PAULO", "NOMEFANTASIA": "ELY_NOIVAS", "RAZAOSOCIAL": "ELISANDRA_REGINA_FURLAN", "ENDEE": "RUA_PADRE_BRUNO_RICCO54__PARQUE_SAO_LUCAS_03238-050", "LMAPS": "https://www.google.com/maps?q=&layer=c&cbll=-23.5922965,-46.5480353", "O_QUE_FAZER": "CARTEIRA", "ER_REGIAO_CIDADE_min": "São Paulo_São Lucas" }, "geometry": { "type": "Point", "coordinates": [ -46.5480353, -23.5922965 ] } },
{ "type": "Feature", "properties": { "fid": 22905, "CNPJ": "04240929000149", "IDCIDADE": "SAO_PAULO", "NOMEFANTASIA": "PLENOGRAF", "RAZAOSOCIAL": "PLENOGRAF_REVESTIMENTOS_LTDA.", "ENDEE": "AVENIDA_DO_ORATORIO3412__JARDIM_GUAIRACA_03195-000", "LMAPS": "https://www.google.com/maps?q=&layer=c&cbll=-23.5982683,-46.539525", "O_QUE_FAZER": "CARTEIRA", "ER_REGIAO_CIDADE_min": "São Paulo_São Lucas" }, "geometry": { "type": "Point", "coordinates": [ -46.539525, -23.5982683 ] } },
{ "type": "Feature", "properties": { "fid": 22920, "CNPJ": "04243437000107", "IDCIDADE": "SAO_PAULO", "NOMEFANTASIA": "LIZ_OPTICA", "RAZAOSOCIAL": "TCHUCA_&_LID_OPTICA_LTDA", "ENDEE": "AVENIDA_SAPOPEMBA5699__SAPOPEMBA_03374-001", "LMAPS": "https://www.google.com/maps?q=&layer=c&cbll=-23.582155,-46.5361417", "O_QUE_FAZER": "CARTEIRA", "ER_REGIAO_CIDADE_min": "São Paulo_São Lucas" }, "geometry": { "type": "Point", "coordinates": [ -46.5361417, -23.582155 ] } },
{ "type": "Feature", "properties": { "fid": 23203, "CNPJ": "04290770000177", "IDCIDADE": "SAO_PAULO", "NOMEFANTASIA": "VALSO_GAS", "RAZAOSOCIAL": "VALSU_COMERCIO_DE_GAS_LTDA", "ENDEE": "AVENIDA_MORAIS_COSTA785__VILA_INDUSTRIAL_03253-000", "LMAPS": "https://www.google.com/maps?q=&layer=c&cbll=-23.6094436,-46.5325931", "O_QUE_FAZER": "CARTEIRA", "ER_REGIAO_CIDADE_min": "São Paulo_São Lucas" }, "geometry": { "type": "Point", "coordinates": [ -46.5325931, -23.6094436 ] } },
{ "type": "Feature", "properties": { "fid": 23251, "CNPJ": "04298581000140", "IDCIDADE": "SAO_PAULO", "NOMEFANTASIA": "HOTEL_LALIQUE", "RAZAOSOCIAL": "LALIQUE_HOTEL_LTDA", "ENDEE": "RUA_ANAI18__VILA_INDUSTRIAL_03253-040", "LMAPS": "https://www.google.com/maps?q=&layer=c&cbll=-23.6094626,-46.5322192", "O_QUE_FAZER": "CARTEIRA", "ER_REGIAO_CIDADE_min": "São Paulo_São Lucas" }, "geometry": { "type": "Point", "coordinates": [ -46.5322192, -23.6094626 ] } },
{ "type": "Feature", "properties": { "fid": 23432, "CNPJ": "04328544000138", "IDCIDADE": "SAO_PAULO", "NOMEFANTASIA": "PAFERSIL", "RAZAOSOCIAL": "PAFERSIL_CONFECCAO_E_COMERCIO_DE_ROUPAS_LTDA", "ENDEE": "RUA_NOVA_TIMBOTEUA81__VILA_NOVA_PAULICEIA_03267-110", "LMAPS": "https://www.google.com/maps?q=&layer=c&cbll=-23.6011319,-46.5305314", "O_QUE_FAZER": "CARTEIRA", "ER_REGIAO_CIDADE_min": "São Paulo_São Lucas" }, "geometry": { "type": "Point", "coordinates": [ -46.5305314, -23.6011319 ] } },
{ "type": "Feature", "properties": { "fid": 23700, "CNPJ": "04367867000130", "IDCIDADE": "SAO_PAULO", "NOMEFANTASIA": "AMPEL_COMERCIO_DE_EMBALAGENS_SAO_PAULO_LTDA", "RAZAOSOCIAL": "AMPEL", "ENDEE": "AVENIDA_DO_ORATORIO3121__PARQUE_SAO_LUCAS_03220-100", "LMAPS": "https://www.google.com/maps?q=&layer=c&cbll=-23.5967733,-46.5416111", "O_QUE_FAZER": "FINALIZADO", "ER_REGIAO_CIDADE_min": "São Paulo_São Lucas" }, "geometry": { "type": "Point", "coordinates": [ -46.5416111, -23.5967733 ] } },
{ "type": "Feature", "properties": { "fid": 24212, "CNPJ": "04442716000108", "IDCIDADE": "SAO_PAULO", "NOMEFANTASIA": "T.N.A._COMERCIAL_LTDA", "RAZAOSOCIAL": "TNA_COMERCIAL", "ENDEE": "AVENIDA_DO_ORATORIO4654__JARDIM_GUAIRACA_03220-200", "LMAPS": "https://www.google.com/maps?q=&layer=c&cbll=-23.6028832,-46.5298882", "O_QUE_FAZER": "FINALIZADO", "ER_REGIAO_CIDADE_min": "São Paulo_São Lucas" }, "geometry": { "type": "Point", "coordinates": [ -46.5298882, -23.6028832 ] } },
{ "type": "Feature", "properties": { "fid": 25367, "CNPJ": "04616218000126", "IDCIDADE": "SAO_PAULO", "NOMEFANTASIA": "LOTERICA_BIGRI", "RAZAOSOCIAL": "BIGRI_LOTERIAS_LTDA", "ENDEE": "AVENIDA_DO_ORATORIO5600__JARDIM_ANGELA_03220-300", "LMAPS": "https://www.google.com/maps?q=&layer=c&cbll=-23.6061388,-46.5223425", "O_QUE_FAZER": "CARTEIRA", "ER_REGIAO_CIDADE_min": "São Paulo_São Lucas" }, "geometry": { "type": "Point", "coordinates": [ -46.5223425, -23.6061388 ] } },
{ "type": "Feature", "properties": { "fid": 25522, "CNPJ": "04637529000171", "IDCIDADE": "SAO_PAULO", "NOMEFANTASIA": "SF_ESCAPAMENTOS", "RAZAOSOCIAL": "SF_ESCAPAMENTOS_LTDA", "ENDEE": "AVENIDA_DO_ORATORIO3191__JARDIM_GUAIRACA_03195-000", "LMAPS": "https://www.google.com/maps?q=&layer=c&cbll=-23.5972468,-46.5412408", "O_QUE_FAZER": "CARTEIRA", "ER_REGIAO_CIDADE_min": "São Paulo_São Lucas" }, "geometry": { "type": "Point", "coordinates": [ -46.5412408, -23.5972468 ] } },
{ "type": "Feature", "properties": { "fid": 26187, "CNPJ": "04730942000186", "IDCIDADE": "SAO_PAULO", "NOMEFANTASIA": "LGM-COMERCIO_DE_GAS_LTDA", "RAZAOSOCIAL": "LGM_GAS", "ENDEE": "RUA_ANTONIO_MARQUES_JULIAO97__JARDIM_GUAIRACA_03244-000", "LMAPS": "https://www.google.com/maps?q=&layer=c&cbll=-23.5992136,-46.5387603", "O_QUE_FAZER": "FINALIZADO", "ER_REGIAO_CIDADE_min": "São Paulo_São Lucas" }, "geometry": { "type": "Point", "coordinates": [ -46.5387603, -23.5992136 ] } },
{ "type": "Feature", "properties": { "fid": 26540, "CNPJ": "04777606000199", "IDCIDADE": "SAO PAULO", "NOMEFANTASIA": "GIHAD_VEICULOS", "RAZAOSOCIAL": "GIHAD_VEICULOS", "ENDEE": "PROFESSOR LUIZ IGNÁCIO ANHAIA MELLO_5353_VILA GRACIOSA_SÃO PAULO_03295-000", "LMAPS": "https://www.google.com/maps?q=&layer=c&cbll=-23.5877792,-46.545208", "O_QUE_FAZER": "FINALIZADO", "ER_REGIAO_CIDADE_min": "São Paulo_São Lucas" }, "geometry": { "type": "Point", "coordinates": [ -46.545208, -23.5877792 ] } },
{ "type": "Feature", "properties": { "fid": 27235, "CNPJ": "04882306000170", "IDCIDADE": "SAO_PAULO", "NOMEFANTASIA": "ASI_PARTS", "RAZAOSOCIAL": "ASI_PARTS_COMERCIO_DE_PECAS_AUTOMOTIVAS_LTDA", "ENDEE": "RUA_SOLIDONIO_LEITE1891__VILA_IVONE_03275-000", "LMAPS": "https://www.google.com/maps?q=&layer=c&cbll=-23.584171,-46.5407854", "O_QUE_FAZER": "CARTEIRA", "ER_REGIAO_CIDADE_min": "São Paulo_São Lucas" }, "geometry": { "type": "Point", "coordinates": [ -46.5407854, -23.584171 ] } },
{ "type": "Feature", "properties": { "fid": 27525, "CNPJ": "04921385000180", "IDCIDADE": "SAO_PAULO", "NOMEFANTASIA": "ESTACAO_BICHO", "RAZAOSOCIAL": "ESTACAO_BICHO_PET_SHOP_E_CLINICA_VETERINARIA_LTDA", "ENDEE": "AVENIDA_DO_ORATORIO1685__PARQUE_SAO_LUCAS_03221-100", "LMAPS": "https://www.google.com/maps?q=&layer=c&cbll=-23.5899109,-46.5525229", "O_QUE_FAZER": "CARTEIRA", "ER_REGIAO_CIDADE_min": "São Paulo_São Lucas" }, "geometry": { "type": "Point", "coordinates": [ -46.5525229, -23.5899109 ] } },
{ "type": "Feature", "properties": { "fid": 27929, "CNPJ": "04974022000103", "IDCIDADE": "SAO_PAULO", "NOMEFANTASIA": "TOLDOS_CLASSE_A", "RAZAOSOCIAL": "TOLDOS_CLASSE_A_COMERCIAL_LIMITADA", "ENDEE": "AVENIDA_VILA_EMA2610__VILA_EMA_03281-000", "LMAPS": "https://www.google.com/maps?q=&layer=c&cbll=-23.5824588,-46.5513889", "O_QUE_FAZER": "CARTEIRA", "ER_REGIAO_CIDADE_min": "São Paulo_São Lucas" }, "geometry": { "type": "Point", "coordinates": [ -46.5513889, -23.5824588 ] } },
{ "type": "Feature", "properties": { "fid": 28066, "CNPJ": "04990857000157", "IDCIDADE": "SAO_PAULO", "NOMEFANTASIA": "DROGARIA_POPULAR", "RAZAOSOCIAL": "DROGARIA_TRADICAO_E_LUZ_LTDA", "ENDEE": "AVENIDA_VILA_EMA2929__VILA_EMA_03281-000", "LMAPS": "https://www.google.com/maps?q=&layer=c&cbll=-23.5831653,-46.5486382", "O_QUE_FAZER": "FINALIZADO", "ER_REGIAO_CIDADE_min": "São Paulo_São Lucas" }, "geometry": { "type": "Point", "coordinates": [ -46.5486382, -23.5831653 ] } },
{ "type": "Feature", "properties": { "fid": 28252, "CNPJ": "05015802000199", "IDCIDADE": "SAO_PAULO", "NOMEFANTASIA": "J._M._-_HIDRO_SOFT_COMERCIO_LTDA", "RAZAOSOCIAL": "PET_SHOP_HIDRO_SOFT", "ENDEE": "AVENIDA_SAPOPEMBA4244__SAPOPEMBA_03374-000", "LMAPS": "https://www.google.com/maps?q=&layer=c&cbll=-23.5774452,-46.5491092", "O_QUE_FAZER": "FINALIZADO", "ER_REGIAO_CIDADE_min": "São Paulo_São Lucas" }, "geometry": { "type": "Point", "coordinates": [ -46.5491092, -23.5774452 ] } },
{ "type": "Feature", "properties": { "fid": 28572, "CNPJ": "05064736000147", "IDCIDADE": "SAO_PAULO", "NOMEFANTASIA": "FARMA_G", "RAZAOSOCIAL": "DROGARIA_FARMA_G_LTDA", "ENDEE": "RUA_ANA_CLARA269__VILA_MENDES_03257-000", "LMAPS": "https://www.google.com/maps?q=&layer=c&cbll=-23.6110381,-46.5300639", "O_QUE_FAZER": "CARTEIRA", "ER_REGIAO_CIDADE_min": "São Paulo_São Lucas" }, "geometry": { "type": "Point", "coordinates": [ -46.5300639, -23.6110381 ] } },
{ "type": "Feature", "properties": { "fid": 29043, "CNPJ": "05125187000173", "IDCIDADE": "SAO_PAULO", "NOMEFANTASIA": "JOIA_DA_MINA", "RAZAOSOCIAL": "NIVALDO_BOSSA", "ENDEE": "AVENIDA_SAO_LUCAS208__PARQUE_SAO_LUCAS_03239-000", "LMAPS": "https://www.google.com/maps?q=&layer=c&cbll=-23.5833117,-46.5496583", "O_QUE_FAZER": "CARTEIRA", "ER_REGIAO_CIDADE_min": "São Paulo_São Lucas" }, "geometry": { "type": "Point", "coordinates": [ -46.5496583, -23.5833117 ] } },
{ "type": "Feature", "properties": { "fid": 29187, "CNPJ": "05145877000194", "IDCIDADE": "SAO_PAULO", "NOMEFANTASIA": "P._DE_LAVOR_MEDRIROS", "RAZAOSOCIAL": "P._DE_LAVOR_MEDEIROS", "ENDEE": "AVENIDA_VILA_EMA3249__VILA_EMA_03281-000", "LMAPS": "https://www.google.com/maps?q=&layer=c&cbll=-23.5847953,-46.5463433", "O_QUE_FAZER": "CARTEIRA", "ER_REGIAO_CIDADE_min": "São Paulo_São Lucas" }, "geometry": { "type": "Point", "coordinates": [ -46.5463433, -23.5847953 ] } },
{ "type": "Feature", "properties": { "fid": 29242, "CNPJ": "05152875000122", "IDCIDADE": "SAO_PAULO", "NOMEFANTASIA": "RINAPAR_PARAFUSOS_E_FERRAMENTAS_LTDA", "RAZAOSOCIAL": "RINAPAR", "ENDEE": "AVENIDA_DO_ORATORIO2853__PARQUE_SAO_LUCAS_03221-100", "LMAPS": "https://www.google.com/maps?q=&layer=c&cbll=-23.595002,-46.5433135", "O_QUE_FAZER": "FINALIZADO", "ER_REGIAO_CIDADE_min": "São Paulo_São Lucas" }, "geometry": { "type": "Point", "coordinates": [ -46.5433135, -23.595002 ] } },
{ "type": "Feature", "properties": { "fid": 29292, "CNPJ": "05161145000198", "IDCIDADE": "SAO_PAULO", "NOMEFANTASIA": "CONFIDENTE_MULTIMARCAS", "RAZAOSOCIAL": "CONFIDENCE_MULTIMARCAS_VEICULOS_LTDA", "ENDEE": "AVENIDA_PROFESSOR_LUIZ_IGNACIO_ANHAIA_MELLO4500__JARDIM_INDEPENDENCIA_03294-100", "LMAPS": "https://www.google.com/maps?q=&layer=c&cbll=-23.5838508,-46.5515936", "O_QUE_FAZER": "FINALIZADO", "ER_REGIAO_CIDADE_min": "São Paulo_São Lucas" }, "geometry": { "type": "Point", "coordinates": [ -46.5515936, -23.5838508 ] } },
{ "type": "Feature", "properties": { "fid": 29541, "CNPJ": "05213948000149", "IDCIDADE": "SAO_PAULO", "NOMEFANTASIA": "G_N_SANTANA_UTILIDADES", "RAZAOSOCIAL": "G._N._SANTANA", "ENDEE": "AVENIDA_DO_ORATORIO4557__JARDIM_GUAIRACA_03195-000", "LMAPS": "https://www.google.com/maps?q=&layer=c&cbll=-23.602095,-46.53036", "O_QUE_FAZER": "CARTEIRA", "ER_REGIAO_CIDADE_min": "São Paulo_São Lucas" }, "geometry": { "type": "Point", "coordinates": [ -46.53036, -23.602095 ] } },
{ "type": "Feature", "properties": { "fid": 30063, "CNPJ": "05283402000164", "IDCIDADE": "SAO_PAULO", "NOMEFANTASIA": "COMERCIAL_ONAGA_LTDA", "RAZAOSOCIAL": "HORTIFRUTI_SAO_LUCAS", "ENDEE": "AVENIDA_DO_ORATORIO1858__PARQUE_SAO_LUCAS_03221-100", "LMAPS": "https://www.google.com/maps?q=&layer=c&cbll=-23.5910192,-46.5510849", "O_QUE_FAZER": "FINALIZADO", "ER_REGIAO_CIDADE_min": "São Paulo_São Lucas" }, "geometry": { "type": "Point", "coordinates": [ -46.5510849, -23.5910192 ] } },
{ "type": "Feature", "properties": { "fid": 30128, "CNPJ": "05292020000105", "IDCIDADE": "SAO_PAULO", "NOMEFANTASIA": "GILVAN_VIRGINIO_DE_CARVALHO", "RAZAOSOCIAL": "GILVAN_VIRGINIO_DE_CARVALHO", "ENDEE": "RUA_MARCELO_MULLER946__JARDIM_INDEPENDENCIA_03223-060", "LMAPS": "https://www.google.com/maps?q=&layer=c&cbll=-23.5910964,-46.5591855", "O_QUE_FAZER": "FINALIZADO", "ER_REGIAO_CIDADE_min": "São Paulo_São Lucas" }, "geometry": { "type": "Point", "coordinates": [ -46.5591855, -23.5910964 ] } },
{ "type": "Feature", "properties": { "fid": 30220, "CNPJ": "05304773000185", "IDCIDADE": "SAO_PAULO", "NOMEFANTASIA": "PIPPO_COMERCIA_DE_RACAO", "RAZAOSOCIAL": "PIPPO_BOM_COMERCIO_DE_RACOES_MEDICAMENTOS_E_ACESSORIOS_LTDA", "ENDEE": "RUA_FELIPE_LUCAS67__PARQUE_SAO_LUCAS_03239-020", "LMAPS": "https://www.google.com/maps?q=&layer=c&cbll=-23.5953645,-46.5468744", "O_QUE_FAZER": "CARTEIRA", "ER_REGIAO_CIDADE_min": "São Paulo_São Lucas" }, "geometry": { "type": "Point", "coordinates": [ -46.5468744, -23.5953645 ] } },
{ "type": "Feature", "properties": { "fid": 30749, "CNPJ": "05374645000108", "IDCIDADE": "SAO_PAULO", "NOMEFANTASIA": "BOCHICHO_MODAS", "RAZAOSOCIAL": "BOCHICHO_MODAS_LTDA", "ENDEE": "AVENIDA_SAO_LUCAS134__PARQUE_SAO_LUCAS_03239-000", "LMAPS": "https://www.google.com/maps?q=&layer=c&cbll=-23.591325,-46.548355", "O_QUE_FAZER": "CARTEIRA", "ER_REGIAO_CIDADE_min": "São Paulo_São Lucas" }, "geometry": { "type": "Point", "coordinates": [ -46.548355, -23.591325 ] } },
{ "type": "Feature", "properties": { "fid": 31484, "CNPJ": "05488462000113", "IDCIDADE": "SAO_PAULO", "NOMEFANTASIA": "JURA_RESTAURANTE", "RAZAOSOCIAL": "JURA_S_BAR_E_RESTAURANTE_LTDA", "ENDEE": "AVENIDA_DO_ORATORIO4364__JARDIM_GUAIRACA_03195-000", "LMAPS": "https://www.google.com/maps?q=&layer=c&cbll=-23.6014055,-46.5321907", "O_QUE_FAZER": "CARTEIRA", "ER_REGIAO_CIDADE_min": "São Paulo_São Lucas" }, "geometry": { "type": "Point", "coordinates": [ -46.5321907, -23.6014055 ] } },
{ "type": "Feature", "properties": { "fid": 31500, "CNPJ": "05490441000132", "IDCIDADE": "SAO_PAULO", "NOMEFANTASIA": "QUEST", "RAZAOSOCIAL": "QUEST_MULTIMARCAS_LTDA", "ENDEE": "RUA_GOMES1058__VILA_IVONE_03373-120", "LMAPS": "https://www.google.com/maps?q=&layer=c&cbll=-23.581273,-46.5534478", "O_QUE_FAZER": "CARTEIRA", "ER_REGIAO_CIDADE_min": "São Paulo_São Lucas" }, "geometry": { "type": "Point", "coordinates": [ -46.5534478, -23.581273 ] } },
{ "type": "Feature", "properties": { "fid": 31782, "CNPJ": "05531760000149", "IDCIDADE": "SAO_PAULO", "NOMEFANTASIA": "LIGCABOS", "RAZAOSOCIAL": "LIGCABOS_COMERCIO_E_REPRESENTACOES_LTDA", "ENDEE": "RUA_SOLIDONIO_LEITE2310__VILA_IVONE_03275-000", "LMAPS": "https://www.google.com/maps?q=&layer=c&cbll=-23.5858816,-46.5367391", "O_QUE_FAZER": "CARTEIRA", "ER_REGIAO_CIDADE_min": "São Paulo_São Lucas" }, "geometry": { "type": "Point", "coordinates": [ -46.5367391, -23.5858816 ] } },
{ "type": "Feature", "properties": { "fid": 31793, "CNPJ": "05533072000118", "IDCIDADE": "SAO_PAULO", "NOMEFANTASIA": "EMA_VET", "RAZAOSOCIAL": "EMA_-_VET_PETSHOP_LTDA", "ENDEE": "AVENIDA_VILA_EMA3005__VILA_EMA_03156-000", "LMAPS": "https://www.google.com/maps?q=&layer=c&cbll=-23.5837868,-46.5480984", "O_QUE_FAZER": "CARTEIRA", "ER_REGIAO_CIDADE_min": "São Paulo_São Lucas" }, "geometry": { "type": "Point", "coordinates": [ -46.5480984, -23.5837868 ] } },
{ "type": "Feature", "properties": { "fid": 32032, "CNPJ": "05565419000104", "IDCIDADE": "SAO_PAULO", "NOMEFANTASIA": "CHAMATIVA_SEGUROS", "RAZAOSOCIAL": "CHAMATIVA_CORRETORA_DE_SEGUROS_LTDA", "ENDEE": "AVENIDA_DO_ORATORIO4125__JARDIM_GUAIRACA_03220-200", "LMAPS": "https://www.google.com/maps?q=&layer=c&cbll=-23.6017053,-46.5342204", "O_QUE_FAZER": "CARTEIRA", "ER_REGIAO_CIDADE_min": "São Paulo_São Lucas" }, "geometry": { "type": "Point", "coordinates": [ -46.5342204, -23.6017053 ] } },
{ "type": "Feature", "properties": { "fid": 32049, "CNPJ": "05567880000104", "IDCIDADE": "SAO_PAULO", "NOMEFANTASIA": "LUZ_DO_SOL_COMERCIO_DE_ROUPAS_E_VESTUARIOS_EM_GERAL_LTDA", "RAZAOSOCIAL": "LUZ_DO_SOL_CHOCOLATES", "ENDEE": "AVENIDA_DO_ORATORIO5600__VILA_INDUSTRIAL_03116-000", "LMAPS": "https://www.google.com/maps?q=&layer=c&cbll=-23.6060912,-46.5225364", "O_QUE_FAZER": "FINALIZADO", "ER_REGIAO_CIDADE_min": "São Paulo_São Lucas" }, "geometry": { "type": "Point", "coordinates": [ -46.5225364, -23.6060912 ] } },
{ "type": "Feature", "properties": { "fid": 32094, "CNPJ": "05572705000105", "IDCIDADE": "SAO_PAULO", "NOMEFANTASIA": "AGTS_ACADEMIA", "RAZAOSOCIAL": "AGIT'S_ACADEMIA_LTDA", "ENDEE": "AVENIDA_MORAIS_COSTA65__VILA_INDUSTRIAL_03253-000", "LMAPS": "https://www.google.com/maps?q=&layer=c&cbll=-23.6036385,-46.5295754", "O_QUE_FAZER": "CARTEIRA", "ER_REGIAO_CIDADE_min": "São Paulo_São Lucas" }, "geometry": { "type": "Point", "coordinates": [ -46.5295754, -23.6036385 ] } },
{ "type": "Feature", "properties": { "fid": 32101, "CNPJ": "05573774000206", "IDCIDADE": "SAO_PAULO", "NOMEFANTASIA": "M_M_COLCHOES", "RAZAOSOCIAL": "NAWAL_MOHAMAD_EL_MAJZOUB_MAGAZINE", "ENDEE": "RUA_SOLIDONIO_LEITE2619__VILA_IVONE_03275-000", "LMAPS": "https://www.google.com/maps?q=&layer=c&cbll=-23.5883256,-46.5341506", "O_QUE_FAZER": "CARTEIRA", "ER_REGIAO_CIDADE_min": "São Paulo_São Lucas" }, "geometry": { "type": "Point", "coordinates": [ -46.5341506, -23.5883256 ] } },
{ "type": "Feature", "properties": { "fid": 32219, "CNPJ": "05590155000149", "IDCIDADE": "SAO_PAULO", "NOMEFANTASIA": "JK_AUTO_PECAS_E_RECUPERADORA", "RAZAOSOCIAL": "MARCIO_MARTINS_MINELLI_ACESSORIOS", "ENDEE": "RUA_DOUTOR_CAMILO_HADDAD345__VILA_DOS_MINERIOS_03266-000", "LMAPS": "https://www.google.com/maps?q=&layer=c&cbll=-23.5967663,-46.5399822", "O_QUE_FAZER": "CARTEIRA", "ER_REGIAO_CIDADE_min": "São Paulo_São Lucas" }, "geometry": { "type": "Point", "coordinates": [ -46.5399822, -23.5967663 ] } },
{ "type": "Feature", "properties": { "fid": 33420, "CNPJ": "05763306000113", "IDCIDADE": "SAO_PAULO", "NOMEFANTASIA": "TOCA_DO_MARCENEIRO_LTDA", "RAZAOSOCIAL": "TOCA_DO_MARCINEIRO", "ENDEE": "AVENIDA_DO_ORATORIO3215__JARDIM_GUAIRACA_03221-200", "LMAPS": "https://www.google.com/maps?q=&layer=c&cbll=-23.59768,-46.5404848", "O_QUE_FAZER": "FINALIZADO", "ER_REGIAO_CIDADE_min": "São Paulo_São Lucas" }, "geometry": { "type": "Point", "coordinates": [ -46.5404848, -23.59768 ] } },
{ "type": "Feature", "properties": { "fid": 33582, "CNPJ": "05784777000108", "IDCIDADE": "SAO_PAULO", "NOMEFANTASIA": "J.C_PRADO_ESTOFADOS", "RAZAOSOCIAL": "JC_PRADO_ESTOFADOS", "ENDEE": "AVENIDA_DO_ORATORIO5160__VILA_INDUSTRIAL_03257-180", "LMAPS": "https://www.google.com/maps?q=&layer=c&cbll=-23.6042671,-46.5254059", "O_QUE_FAZER": "FINALIZADO", "ER_REGIAO_CIDADE_min": "São Paulo_São Lucas" }, "geometry": { "type": "Point", "coordinates": [ -46.5254059, -23.6042671 ] } },
{ "type": "Feature", "properties": { "fid": 33889, "CNPJ": "05820508000150", "IDCIDADE": "SAO_PAULO", "NOMEFANTASIA": "NIVALDO_TRAJANO_DA_SILVA", "RAZAOSOCIAL": "NTS", "ENDEE": "RUA_DOUTOR_CAMILO_HADDAD453__VILA_DOS_MINERIOS_03266-000", "LMAPS": "https://www.google.com/maps?q=&layer=c&cbll=-23.5974477,-46.5408059", "O_QUE_FAZER": "FINALIZADO", "ER_REGIAO_CIDADE_min": "São Paulo_São Lucas" }, "geometry": { "type": "Point", "coordinates": [ -46.5408059, -23.5974477 ] } },
{ "type": "Feature", "properties": { "fid": 33981, "CNPJ": "05831226000158", "IDCIDADE": "SAO_PAULO", "NOMEFANTASIA": "REI_DA_GLORIA_COMERCIO_DE_PRATAS_E_FOLHADOS_LTDA", "RAZAOSOCIAL": "REI_DA_GLORIA_PRATAS", "ENDEE": "AVENIDA_SAPOPEMBA4994__VILA_REGENTE_FEIJO_03345-000", "LMAPS": "https://www.google.com/maps?q=&layer=c&cbll=-23.5792092,-46.5420925", "O_QUE_FAZER": "FINALIZADO", "ER_REGIAO_CIDADE_min": "São Paulo_São Lucas" }, "geometry": { "type": "Point", "coordinates": [ -46.5420925, -23.5792092 ] } },
{ "type": "Feature", "properties": { "fid": 34520, "CNPJ": "05901732000176", "IDCIDADE": "SAO_PAULO", "NOMEFANTASIA": "ESSENCIALY_MARCENARIA", "RAZAOSOCIAL": "EDSON_FERNANDO_VIEIRA_MOVEIS", "ENDEE": "AVENIDA_MORAIS_COSTA671__VILA_INDUSTRIAL_03253-000", "LMAPS": "https://www.google.com/maps?q=&layer=c&cbll=-23.6083958,-46.5321732", "O_QUE_FAZER": "CARTEIRA", "ER_REGIAO_CIDADE_min": "São Paulo_São Lucas" }, "geometry": { "type": "Point", "coordinates": [ -46.5321732, -23.6083958 ] } },
{ "type": "Feature", "properties": { "fid": 34635, "CNPJ": "05916767000189", "IDCIDADE": "SAO_PAULO", "NOMEFANTASIA": "VENEZA_BIJUTERIAS", "RAZAOSOCIAL": "VENEZA_-_COMERCIO_DE_BIJOUTERIAS_E_ACESSORIOS_LTDA", "ENDEE": "AVENIDA_SAO_LUCAS120__PARQUE_SAO_LUCAS_03239-000", "LMAPS": "https://www.google.com/maps?q=&layer=c&cbll=-23.5939674,-46.5469589", "O_QUE_FAZER": "CARTEIRA", "ER_REGIAO_CIDADE_min": "São Paulo_São Lucas" }, "geometry": { "type": "Point", "coordinates": [ -46.5469589, -23.5939674 ] } },
{ "type": "Feature", "properties": { "fid": 35076, "CNPJ": "05970324000176", "IDCIDADE": "SAO_PAULO", "NOMEFANTASIA": "R&M_MOTORS", "RAZAOSOCIAL": "R_&_M_MOTORS_LTDA", "ENDEE": "AVENIDA_PROFESSOR_LUIZ_IGNACIO_ANHAIA_MELLO6008__JARDIM_INDEPENDENCIA_03294-100", "LMAPS": "https://www.google.com/maps?q=&layer=c&cbll=-23.5926142,-46.5410412", "O_QUE_FAZER": "CARTEIRA", "ER_REGIAO_CIDADE_min": "São Paulo_São Lucas" }, "geometry": { "type": "Point", "coordinates": [ -46.5410412, -23.5926142 ] } },
{ "type": "Feature", "properties": { "fid": 35277, "CNPJ": "05999166000187", "IDCIDADE": "SAO_PAULO", "NOMEFANTASIA": "PRATO_CHEIO", "RAZAOSOCIAL": "PRATO_CHEIO_MERCEARIA_LTDA", "ENDEE": "RUA_DOUTOR_CAMILO_HADDAD295__VILA_DOS_MINERIOS_03266-000", "LMAPS": "https://www.google.com/maps?q=&layer=c&cbll=-23.596599,-46.5395453", "O_QUE_FAZER": "CARTEIRA", "ER_REGIAO_CIDADE_min": "São Paulo_São Lucas" }, "geometry": { "type": "Point", "coordinates": [ -46.5395453, -23.596599 ] } },
{ "type": "Feature", "properties": { "fid": 35692, "CNPJ": "06053360000138", "IDCIDADE": "SAO_PAULO", "NOMEFANTASIA": "FABIO_DE_JESUS_RACOES", "RAZAOSOCIAL": "PONTO_DAS_RACOES", "ENDEE": "AVENIDA_DO_ORATORIO4187__JARDIM_GUAIRACA_03220-200", "LMAPS": "https://www.google.com/maps?q=&layer=c&cbll=-23.6016886,-46.5349367", "O_QUE_FAZER": "FINALIZADO", "ER_REGIAO_CIDADE_min": "São Paulo_São Lucas" }, "geometry": { "type": "Point", "coordinates": [ -46.5349367, -23.6016886 ] } },
{ "type": "Feature", "properties": { "fid": 36215, "CNPJ": "06127022000101", "IDCIDADE": "SAO_PAULO", "NOMEFANTASIA": "PLASTIFICADORA_PIAUI", "RAZAOSOCIAL": "PLASTIFICADORA_PIAUI_LTDA", "ENDEE": "AVENIDA_VILA_EMA4635__VILA_EMA_03281-001", "LMAPS": "https://www.google.com/maps?q=&layer=c&cbll=-23.5941676,-46.5378692", "O_QUE_FAZER": "CARTEIRA", "ER_REGIAO_CIDADE_min": "São Paulo_São Lucas" }, "geometry": { "type": "Point", "coordinates": [ -46.5378692, -23.5941676 ] } },
{ "type": "Feature", "properties": { "fid": 36355, "CNPJ": "06145747000114", "IDCIDADE": "SAO PAULO", "NOMEFANTASIA": "RANGER_BRASIL", "RAZAOSOCIAL": "RANGER_BRASIL_SERVICOS_PATRIMONIAIS_LTDA", "ENDEE": "RUA ANHUMAS, 266, VILA SANTA VIRGINIA, 03284-000, SÃO PAULO, SP, BRASIL", "LMAPS": "https://www.google.com/maps?q=&layer=c&cbll=-23.5877731,-46.5386362", "O_QUE_FAZER": "CARTEIRA - FAMPE", "ER_REGIAO_CIDADE_min": "São Paulo_São Lucas" }, "geometry": { "type": "Point", "coordinates": [ -46.5386362, -23.5877731 ] } },
{ "type": "Feature", "properties": { "fid": 37129, "CNPJ": "06244060000136", "IDCIDADE": "SAO_PAULO", "NOMEFANTASIA": "DINHO_MUSIC", "RAZAOSOCIAL": "MUSICAL_LEO_COMERCIO_DE_INSTRUMENTOS_MUSICAIS_E_ACESSORIOS_LTDA", "ENDEE": "AVENIDA_DO_ORATORIO2556__PARQUE_SAO_LUCAS_03220-100", "LMAPS": "https://www.google.com/maps?q=&layer=c&cbll=-23.5932617,-46.54484", "O_QUE_FAZER": "CARTEIRA", "ER_REGIAO_CIDADE_min": "São Paulo_São Lucas" }, "geometry": { "type": "Point", "coordinates": [ -46.54484, -23.5932617 ] } },
{ "type": "Feature", "properties": { "fid": 37197, "CNPJ": "06251221000119", "IDCIDADE": "SAO_PAULO", "NOMEFANTASIA": "NATALI_PAES_E_DOCES_LTDA", "RAZAOSOCIAL": "NATALI_PAES_E_DOCES", "ENDEE": "RUA_MIGUEL_FERRAZ_DA_TRINDADE2__PARQUE_TOMAS_SARAIVA_03280-090", "LMAPS": "https://www.google.com/maps?q=&layer=c&cbll=-23.5802158,-46.5398975", "O_QUE_FAZER": "FINALIZADO", "ER_REGIAO_CIDADE_min": "São Paulo_São Lucas" }, "geometry": { "type": "Point", "coordinates": [ -46.5398975, -23.5802158 ] } },
{ "type": "Feature", "properties": { "fid": 37401, "CNPJ": "06276359000172", "IDCIDADE": "SAO_PAULO", "NOMEFANTASIA": "AUTO_AR", "RAZAOSOCIAL": "ERSATI_SERVICOS_AUTOMOTIVOS_LTDA", "ENDEE": "AVENIDA_VILA_EMA3861__VILA_EMA_03156-000", "LMAPS": "https://www.google.com/maps?q=&layer=c&cbll=-23.5893883,-46.5442533", "O_QUE_FAZER": "CARTEIRA", "ER_REGIAO_CIDADE_min": "São Paulo_São Lucas" }, "geometry": { "type": "Point", "coordinates": [ -46.5442533, -23.5893883 ] } },
{ "type": "Feature", "properties": { "fid": 37432, "CNPJ": "06280029000150", "IDCIDADE": "SAO_PAULO", "NOMEFANTASIA": "THINK_ING", "RAZAOSOCIAL": "PAULINO_&_MAGAMI_LTDA", "ENDEE": "AVENIDA_DO_ORATORIO5600__JARDIM_ANGELA_03195-000", "LMAPS": "https://www.google.com/maps?q=&layer=c&cbll=-23.6060435,-46.5223638", "O_QUE_FAZER": "CARTEIRA", "ER_REGIAO_CIDADE_min": "São Paulo_São Lucas" }, "geometry": { "type": "Point", "coordinates": [ -46.5223638, -23.6060435 ] } },
{ "type": "Feature", "properties": { "fid": 37455, "CNPJ": "06282593000102", "IDCIDADE": "SAO_PAULO", "NOMEFANTASIA": "ACQUARIA_MINERAL", "RAZAOSOCIAL": "ACQUARIA_MINERAL_LTDA", "ENDEE": "AVENIDA_DO_ORATORIO3477__JARDIM_GUAIRACA_03195-000", "LMAPS": "https://www.google.com/maps?q=&layer=c&cbll=-23.5982615,-46.5391993", "O_QUE_FAZER": "CARTEIRA", "ER_REGIAO_CIDADE_min": "São Paulo_São Lucas" }, "geometry": { "type": "Point", "coordinates": [ -46.5391993, -23.5982615 ] } },
{ "type": "Feature", "properties": { "fid": 37551, "CNPJ": "06294119000109", "IDCIDADE": "SAO_PAULO", "NOMEFANTASIA": "A_FONTE_VEICULOS", "RAZAOSOCIAL": "A_FONTE_VEICULOS_LTDA", "ENDEE": "AVENIDA_PROFESSOR_LUIZ_IGNACIO_ANHAIA_MELLO6435__VILA_DIVINA_PASTORA_03295-100", "LMAPS": "https://www.google.com/maps?q=&layer=c&cbll=-23.5949181,-46.5376803", "O_QUE_FAZER": "CARTEIRA", "ER_REGIAO_CIDADE_min": "São Paulo_São Lucas" }, "geometry": { "type": "Point", "coordinates": [ -46.5376803, -23.5949181 ] } },
{ "type": "Feature", "properties": { "fid": 38107, "CNPJ": "06696253000128", "IDCIDADE": "SAO PAULO", "NOMEFANTASIA": "MF_SERIGRAFIA", "RAZAOSOCIAL": "MF_SERIGRAFIA_LTDA", "ENDEE": "RUA ANTONIO MARQUES JULIAO, 440, JARDIM GUAIRACA, 03244-000, SÃO PAULO, SP, BRASIL", "LMAPS": "https://www.google.com/maps?q=&layer=c&cbll=-23.6020255,-46.5405559", "O_QUE_FAZER": "CARTEIRA - FAMPE", "ER_REGIAO_CIDADE_min": "São Paulo_São Lucas" }, "geometry": { "type": "Point", "coordinates": [ -46.5405559, -23.6020255 ] } },
{ "type": "Feature", "properties": { "fid": 38323, "CNPJ": "06881434000124", "IDCIDADE": "SAO_PAULO", "NOMEFANTASIA": "COPAIBA_COMERCIO_DE_TINTAS", "RAZAOSOCIAL": "COPAIBA_COMERCIO_DE_TINTAS_LTDA", "ENDEE": "AVENIDA_VILA_EMA4833__VILA_EMA_03281-001", "LMAPS": "https://www.google.com/maps?q=&layer=c&cbll=-23.5950082,-46.5366089", "O_QUE_FAZER": "CARTEIRA", "ER_REGIAO_CIDADE_min": "São Paulo_São Lucas" }, "geometry": { "type": "Point", "coordinates": [ -46.5366089, -23.5950082 ] } },
{ "type": "Feature", "properties": { "fid": 39128, "CNPJ": "07003109000121", "IDCIDADE": "SAO_PAULO", "NOMEFANTASIA": "BAZAR_E_PAPELARIA_EMA", "RAZAOSOCIAL": "AMARINA_DA_SILVA", "ENDEE": "AVENIDA_VILA_EMA3836__VILA_EMA_03282-001", "LMAPS": "https://www.google.com/maps?q=&layer=c&cbll=-23.5887993,-46.5429085", "O_QUE_FAZER": "FINALIZADO", "ER_REGIAO_CIDADE_min": "São Paulo_São Lucas" }, "geometry": { "type": "Point", "coordinates": [ -46.5429085, -23.5887993 ] } },
{ "type": "Feature", "properties": { "fid": 39369, "CNPJ": "07030699000181", "IDCIDADE": "SAO_PAULO", "NOMEFANTASIA": "SAO_LOURENCO_MARMORARIA", "RAZAOSOCIAL": "SAO_LOURENCO_INDUSTRIA_E_COMERCIO_DE_MARMORES_LTDA", "ENDEE": "RUA_ANTONIO_FLORENCIO_DOS_SANTOS49__JARDIM_PANORAMA_03245-040", "LMAPS": "https://www.google.com/maps?q=&layer=c&cbll=-23.6023467,-46.5358079", "O_QUE_FAZER": "CARTEIRA", "ER_REGIAO_CIDADE_min": "São Paulo_São Lucas" }, "geometry": { "type": "Point", "coordinates": [ -46.5358079, -23.6023467 ] } },
{ "type": "Feature", "properties": { "fid": 39399, "CNPJ": "07033698000190", "IDCIDADE": "SAO_PAULO", "NOMEFANTASIA": "LEPAN_PAES_E_DOCES_LTDA", "RAZAOSOCIAL": "LEPAN_PAES_E_DOCES", "ENDEE": "AVENIDA_DO_ORATORIO3490__JARDIM_GUAIRACA_03220-200", "LMAPS": "https://www.google.com/maps?q=&layer=c&cbll=-23.5985922,-46.5387771", "O_QUE_FAZER": "FINALIZADO", "ER_REGIAO_CIDADE_min": "São Paulo_São Lucas" }, "geometry": { "type": "Point", "coordinates": [ -46.5387771, -23.5985922 ] } },
{ "type": "Feature", "properties": { "fid": 39701, "CNPJ": "07070153000154", "IDCIDADE": "SAO_PAULO", "NOMEFANTASIA": "ZUZA_CAR_COMERCIO_DE_PECAS_AUTOMOTIVAS_LTDA", "RAZAOSOCIAL": "ZUZA_CAR", "ENDEE": "RUA_ERVA_IMPERIAL637__JARDIM_GUAIRACA_03244-030", "LMAPS": "https://www.google.com/maps?q=&layer=c&cbll=-23.5994796,-46.539083", "O_QUE_FAZER": "FINALIZADO", "ER_REGIAO_CIDADE_min": "São Paulo_São Lucas" }, "geometry": { "type": "Point", "coordinates": [ -46.539083, -23.5994796 ] } },
{ "type": "Feature", "properties": { "fid": 40005, "CNPJ": "07107551000106", "IDCIDADE": "SAO_PAULO", "NOMEFANTASIA": "PETALAS_PERFUMARIA", "RAZAOSOCIAL": "PETALA_PERFUMARIA_E_COSMETICOS_LTDA", "ENDEE": "AVENIDA_DO_ORATORIO1879__PARQUE_SAO_LUCAS_03221-100", "LMAPS": "https://www.google.com/maps?q=&layer=c&cbll=-23.5919017,-46.5462967", "O_QUE_FAZER": "CARTEIRA", "ER_REGIAO_CIDADE_min": "São Paulo_São Lucas" }, "geometry": { "type": "Point", "coordinates": [ -46.5462967, -23.5919017 ] } },
{ "type": "Feature", "properties": { "fid": 40019, "CNPJ": "07109467000113", "IDCIDADE": "SAO_PAULO", "NOMEFANTASIA": "AUTO_MARTINS_MULTIMARCAS", "RAZAOSOCIAL": "AUTO_MARTINS_MULTIMARCAS_LTDA", "ENDEE": "AVENIDA_PROFESSOR_LUIZ_IGNACIO_ANHAIA_MELLO6270__VILA_DIVINA_PASTORA_03154-000", "LMAPS": "https://www.google.com/maps?q=&layer=c&cbll=-23.5941768,-46.5391209", "O_QUE_FAZER": "APLICAR M2", "ER_REGIAO_CIDADE_min": "São Paulo_São Lucas" }, "geometry": { "type": "Point", "coordinates": [ -46.5391209, -23.5941768 ] } },
{ "type": "Feature", "properties": { "fid": 40066, "CNPJ": "07116258000105", "IDCIDADE": "SAO_PAULO", "NOMEFANTASIA": "MARINHOS_COMERCIO_DE_PECAS_AUTOMOTIVAS_LTDA", "RAZAOSOCIAL": "MARINHO_AUTO_PECAS", "ENDEE": "AVENIDA_SAPOPEMBA5397__SAPOPEMBA_03374-000", "LMAPS": "https://www.google.com/maps?q=&layer=c&cbll=-23.5806786,-46.538473", "O_QUE_FAZER": "FINALIZADO", "ER_REGIAO_CIDADE_min": "São Paulo_São Lucas" }, "geometry": { "type": "Point", "coordinates": [ -46.538473, -23.5806786 ] } },
{ "type": "Feature", "properties": { "fid": 40103, "CNPJ": "07121257000140", "IDCIDADE": "SAO_PAULO", "NOMEFANTASIA": "EDNA_DE_ALMEIDA_BARBOSA_VESTUARIOS", "RAZAOSOCIAL": "ANDE_VEST", "ENDEE": "AVENIDA_DO_ORATORIO3910__JARDIM_GUAIRACA_03220-200", "LMAPS": "https://www.google.com/maps?q=&layer=c&cbll=-23.60151,-46.5364012", "O_QUE_FAZER": "FINALIZADO", "ER_REGIAO_CIDADE_min": "São Paulo_São Lucas" }, "geometry": { "type": "Point", "coordinates": [ -46.5364012, -23.60151 ] } },
{ "type": "Feature", "properties": { "fid": 40104, "CNPJ": "07121278000166", "IDCIDADE": "SAO_PAULO", "NOMEFANTASIA": "BIG_BROTHERS_PNEUS_E_RODAS", "RAZAOSOCIAL": "BIG_BROTHER'S_PNEUS_E_RODAS_LTDA", "ENDEE": "RUA_ANTONIO_MARQUES_JULIAO560__JARDIM_GUAIRACA_03244-000", "LMAPS": "https://www.google.com/maps?q=&layer=c&cbll=-23.6024876,-46.5415942", "O_QUE_FAZER": "CARTEIRA", "ER_REGIAO_CIDADE_min": "São Paulo_São Lucas" }, "geometry": { "type": "Point", "coordinates": [ -46.5415942, -23.6024876 ] } },
{ "type": "Feature", "properties": { "fid": 40474, "CNPJ": "07171436000192", "IDCIDADE": "SAO_PAULO", "NOMEFANTASIA": "MIX_PAES_E_DOCES", "RAZAOSOCIAL": "PANIFICADORA_MIX_LTDA", "ENDEE": "RUA_LISA_ANSORGE409__JARDIM_GUAIRACA_03244-060", "LMAPS": "https://www.google.com/maps?q=&layer=c&cbll=-23.6037119,-46.5382631", "O_QUE_FAZER": "CARTEIRA", "ER_REGIAO_CIDADE_min": "São Paulo_São Lucas" }, "geometry": { "type": "Point", "coordinates": [ -46.5382631, -23.6037119 ] } },
{ "type": "Feature", "properties": { "fid": 41308, "CNPJ": "07274206000159", "IDCIDADE": "SAO_PAULO", "NOMEFANTASIA": "CACAU_SHOW", "RAZAOSOCIAL": "D.P._AGOSTINHO", "ENDEE": "AVENIDA_SAO_LUCAS158__PARQUE_SAO_LUCAS_03239-000", "LMAPS": "https://www.google.com/maps?q=&layer=c&cbll=-23.592745,-46.54632", "O_QUE_FAZER": "CARTEIRA", "ER_REGIAO_CIDADE_min": "São Paulo_São Lucas" }, "geometry": { "type": "Point", "coordinates": [ -46.54632, -23.592745 ] } },
{ "type": "Feature", "properties": { "fid": 41528, "CNPJ": "07301091000144", "IDCIDADE": "SAO_PAULO", "NOMEFANTASIA": "WFIX", "RAZAOSOCIAL": "WFIX_INDUSTRIA_E_COMERCIO_DE_FIXADORES_LTDA", "ENDEE": "RUA_SOLIDONIO_LEITE1181__VILA_IVONE_03275-000", "LMAPS": "https://www.google.com/maps?q=&layer=c&cbll=-23.5815713,-46.5474956", "O_QUE_FAZER": "CARTEIRA", "ER_REGIAO_CIDADE_min": "São Paulo_São Lucas" }, "geometry": { "type": "Point", "coordinates": [ -46.5474956, -23.5815713 ] } },
{ "type": "Feature", "properties": { "fid": 41689, "CNPJ": "07320107000166", "IDCIDADE": "SAO_PAULO", "NOMEFANTASIA": "REI_DO_OLEO_SAO_LUCAS", "RAZAOSOCIAL": "SERGIO_BIASSI", "ENDEE": "AVENIDA_PROFESSOR_LUIZ_IGNACIO_ANHAIA_MELLO5544__JARDIM_INDEPENDENCIA_03294-100", "LMAPS": "https://www.google.com/maps?q=&layer=c&cbll=-23.5911424,-46.5431477", "O_QUE_FAZER": "FINALIZADO", "ER_REGIAO_CIDADE_min": "São Paulo_São Lucas" }, "geometry": { "type": "Point", "coordinates": [ -46.5431477, -23.5911424 ] } },
{ "type": "Feature", "properties": { "fid": 42490, "CNPJ": "07413030000179", "IDCIDADE": "SAO_PAULO", "NOMEFANTASIA": "GILSON_PECAS", "RAZAOSOCIAL": "GILSON_ANGELO_BARTOLOMEU_PECAS", "ENDEE": "RUA_TOKUCHIKA_MIKI506__SITIO_DA_FIGUEIRA_03211-010", "LMAPS": "https://www.google.com/maps?q=&layer=c&cbll=-23.6010817,-46.5427733", "O_QUE_FAZER": "CARTEIRA", "ER_REGIAO_CIDADE_min": "São Paulo_São Lucas" }, "geometry": { "type": "Point", "coordinates": [ -46.5427733, -23.6010817 ] } },
{ "type": "Feature", "properties": { "fid": 42715, "CNPJ": "07438950000141", "IDCIDADE": "SAO_PAULO", "NOMEFANTASIA": "ASSESSORIA_ZANARDI", "RAZAOSOCIAL": "ASSESSORIA_TRIBUTARIA_CONTABIL_ZANARDI_SS_LTDA", "ENDEE": "RUA_BALATA36__JARDIM_GUAIRACA_03244-130", "LMAPS": "https://www.google.com/maps?q=&layer=c&cbll=-23.6017416,-46.5395967", "O_QUE_FAZER": "CARTEIRA", "ER_REGIAO_CIDADE_min": "São Paulo_São Lucas" }, "geometry": { "type": "Point", "coordinates": [ -46.5395967, -23.6017416 ] } },
{ "type": "Feature", "properties": { "fid": 42854, "CNPJ": "07455084000105", "IDCIDADE": "SAO_PAULO", "NOMEFANTASIA": "AZIZI_BRINQUEDOS", "RAZAOSOCIAL": "AZIZI_COMERCIO_DE_BRINQUEDOS_LTDA", "ENDEE": "AVENIDA_DO_ORATORIO4800__JARDIM_GUAIRACA_03195-000", "LMAPS": "https://www.google.com/maps?q=&layer=c&cbll=-23.6031622,-46.528445", "O_QUE_FAZER": "CARTEIRA", "ER_REGIAO_CIDADE_min": "São Paulo_São Lucas" }, "geometry": { "type": "Point", "coordinates": [ -46.528445, -23.6031622 ] } },
{ "type": "Feature", "properties": { "fid": 43138, "CNPJ": "07486651000182", "IDCIDADE": "SAO_PAULO", "NOMEFANTASIA": "MAGAZINE_MIAMI", "RAZAOSOCIAL": "ODETE_VERAS_JORGE", "ENDEE": "AVENIDA_VILA_EMA3517__VILA_EMA_03282-000", "LMAPS": "https://www.google.com/maps?q=&layer=c&cbll=-23.586614,-46.5446791", "O_QUE_FAZER": "FINALIZADO", "ER_REGIAO_CIDADE_min": "São Paulo_São Lucas" }, "geometry": { "type": "Point", "coordinates": [ -46.5446791, -23.586614 ] } },
{ "type": "Feature", "properties": { "fid": 43826, "CNPJ": "07582641000140", "IDCIDADE": "SAO_PAULO", "NOMEFANTASIA": "JUAREZ_JOAO_MOCO", "RAZAOSOCIAL": "JUAREZ_JOAO_MOCO", "ENDEE": "AVENIDA_MORAIS_COSTA66__VILA_INDUSTRIAL_03253-000", "LMAPS": "https://www.google.com/maps?q=&layer=c&cbll=-23.6036253,-46.529721", "O_QUE_FAZER": "CARTEIRA", "ER_REGIAO_CIDADE_min": "São Paulo_São Lucas" }, "geometry": { "type": "Point", "coordinates": [ -46.529721, -23.6036253 ] } },
{ "type": "Feature", "properties": { "fid": 43873, "CNPJ": "07587061000146", "IDCIDADE": "SAO_PAULO", "NOMEFANTASIA": "OTMIX_PAPELARIA", "RAZAOSOCIAL": "MARCELO_TAKASHI_OKAZAKI", "ENDEE": "AVENIDA_VILA_EMA15452__VILA_EMA_03156-000", "LMAPS": "https://www.google.com/maps?q=&layer=c&cbll=-23.582254,-46.5579465", "O_QUE_FAZER": "CARTEIRA", "ER_REGIAO_CIDADE_min": "São Paulo_São Lucas" }, "geometry": { "type": "Point", "coordinates": [ -46.5579465, -23.582254 ] } },
{ "type": "Feature", "properties": { "fid": 45098, "CNPJ": "07723366000138", "IDCIDADE": "SAO_PAULO", "NOMEFANTASIA": "ROADWAY_COMERCIO_DE_PNEUS_E_RODAS_LTDA", "RAZAOSOCIAL": "GARAGE_MINI_CENTER", "ENDEE": "AVENIDA_DO_ORATORIO3468__JARDIM_GUAIRACA_03220-200", "LMAPS": "https://www.google.com/maps?q=&layer=c&cbll=-23.5985034,-46.5390158", "O_QUE_FAZER": "FINALIZADO", "ER_REGIAO_CIDADE_min": "São Paulo_São Lucas" }, "geometry": { "type": "Point", "coordinates": [ -46.5390158, -23.5985034 ] } },
{ "type": "Feature", "properties": { "fid": 45109, "CNPJ": "07724608000108", "IDCIDADE": "SAO_PAULO", "NOMEFANTASIA": "MULTIPLICA_ESCOLHA", "RAZAOSOCIAL": "J.A._-_PAPELARIA_E_PRESENTES_LTDA", "ENDEE": "RUA_IRMA_MARIA_UMBELINA271__VILA_CUNHA_BUENO_03256-020", "LMAPS": "https://www.google.com/maps?q=&layer=c&cbll=-23.6110774,-46.5299923", "O_QUE_FAZER": "CARTEIRA", "ER_REGIAO_CIDADE_min": "São Paulo_São Lucas" }, "geometry": { "type": "Point", "coordinates": [ -46.5299923, -23.6110774 ] } },
{ "type": "Feature", "properties": { "fid": 45319, "CNPJ": "07744333000174", "IDCIDADE": "SAO_PAULO", "NOMEFANTASIA": "RESTAURANTE_DO_KIKO", "RAZAOSOCIAL": "BAR_E_RESTAURANTE_DO_KIKO_LTDA", "ENDEE": "RUA_LUIS_ROMANINI48__VILA_ANADIR_03266-060", "LMAPS": "https://www.google.com/maps?q=&layer=c&cbll=-23.5976464,-46.5399961", "O_QUE_FAZER": "CARTEIRA", "ER_REGIAO_CIDADE_min": "São Paulo_São Lucas" }, "geometry": { "type": "Point", "coordinates": [ -46.5399961, -23.5976464 ] } },
{ "type": "Feature", "properties": { "fid": 45399, "CNPJ": "07752149000176", "IDCIDADE": "SAO_PAULO", "NOMEFANTASIA": "CONGAZ_GNV_MECANICA", "RAZAOSOCIAL": "AUTO_MECANICA_E_CONVERTEDORA_D.E.S._LTDA", "ENDEE": "AVENIDA_PROFESSOR_LUIZ_IGNACIO_ANHAIA_MELLO5578__JARDIM_INDEPENDENCIA_03295-000", "LMAPS": "https://www.google.com/maps?q=&layer=c&cbll=-23.5912958,-46.5426025", "O_QUE_FAZER": "FINALIZADO", "ER_REGIAO_CIDADE_min": "São Paulo_São Lucas" }, "geometry": { "type": "Point", "coordinates": [ -46.5426025, -23.5912958 ] } },
{ "type": "Feature", "properties": { "fid": 45530, "CNPJ": "07765224000133", "IDCIDADE": "SAO_PAULO", "NOMEFANTASIA": "VERO_LOCACAO_DE_ITENS_PARA_FESTAS_E_EVENTOS_LTDA", "RAZAOSOCIAL": "VERO_LOCACOES", "ENDEE": "AVENIDA_DO_ORATORIO1557__PARQUE_SAO_LUCAS_03221-100", "LMAPS": "https://www.google.com/maps?q=&layer=c&cbll=-23.5893535,-46.5530942", "O_QUE_FAZER": "FINALIZADO", "ER_REGIAO_CIDADE_min": "São Paulo_São Lucas" }, "geometry": { "type": "Point", "coordinates": [ -46.5530942, -23.5893535 ] } },
{ "type": "Feature", "properties": { "fid": 45717, "CNPJ": "07784845000164", "IDCIDADE": "SAO_PAULO", "NOMEFANTASIA": "FORTE_JATO", "RAZAOSOCIAL": "FORTE_JATO_-_COMERCIO_E_ASSISTENCIA_TECNICA_DE_EQUIPAMENTOS_ELETRICOS_LTDA", "ENDEE": "RUA_ANTONIO_MARQUES_JULIAO18__JARDIM_GUAIRACA_03244-000", "LMAPS": "https://www.google.com/maps?q=&layer=c&cbll=-23.59864,-46.5386533", "O_QUE_FAZER": "CARTEIRA", "ER_REGIAO_CIDADE_min": "São Paulo_São Lucas" }, "geometry": { "type": "Point", "coordinates": [ -46.5386533, -23.59864 ] } },
{ "type": "Feature", "properties": { "fid": 46065, "CNPJ": "07827229000143", "IDCIDADE": "SAO_PAULO", "NOMEFANTASIA": "ATELIE_19", "RAZAOSOCIAL": "ATELIE_19_COMERCIO_DE_ROUPAS_LTDA", "ENDEE": "RUA_FRANCISCO_FETT547__VILA_PAULO_SILAS_03264-000", "LMAPS": "https://www.google.com/maps?q=&layer=c&cbll=-23.5925591,-46.5461448", "O_QUE_FAZER": "CARTEIRA", "ER_REGIAO_CIDADE_min": "São Paulo_São Lucas" }, "geometry": { "type": "Point", "coordinates": [ -46.5461448, -23.5925591 ] } },
{ "type": "Feature", "properties": { "fid": 46172, "CNPJ": "07839203000115", "IDCIDADE": "SAO PAULO", "NOMEFANTASIA": null, "RAZAOSOCIAL": "AMPERSYSTEMS_COMERCIO_DE_EQUIPAMENTOS_DE_SEGURANCA_LTDA", "ENDEE": "RUA SECUNDINO DOMINGUES, 210, JARDIM INDEPENDENCIA, 03223-110, SÃO PAULO, SP, BRASIL", "LMAPS": "https://www.google.com/maps?q=&layer=c&cbll=-23.5894479,-46.5592035", "O_QUE_FAZER": "CARTEIRA - FAMPE", "ER_REGIAO_CIDADE_min": "São Paulo_São Lucas" }, "geometry": { "type": "Point", "coordinates": [ -46.5592035, -23.5894479 ] } },
{ "type": "Feature", "properties": { "fid": 46496, "CNPJ": "07873202000197", "IDCIDADE": "SAO_PAULO", "NOMEFANTASIA": "NOVA_T._T._COLOR_FOTO_&_OTICA_LTDA", "RAZAOSOCIAL": "NOVA_T.T_OTICA", "ENDEE": "AVENIDA_DO_ORATORIO4686__JARDIM_GUAIRACA_03220-200", "LMAPS": "https://www.google.com/maps?q=&layer=c&cbll=-23.6030379,-46.5296092", "O_QUE_FAZER": "FINALIZADO", "ER_REGIAO_CIDADE_min": "São Paulo_São Lucas" }, "geometry": { "type": "Point", "coordinates": [ -46.5296092, -23.6030379 ] } },
{ "type": "Feature", "properties": { "fid": 46546, "CNPJ": "07878466000133", "IDCIDADE": "SAO_PAULO", "NOMEFANTASIA": "WIRLEY_COMERCIO_DE_OCULOS_LTDA", "RAZAOSOCIAL": "OPTICA_STAR_VISION", "ENDEE": "AVENIDA_SAPOPEMBA4234__SAPOPEMBA_03374-000", "LMAPS": "https://www.google.com/maps?q=&layer=c&cbll=-23.5774221,-46.5492128", "O_QUE_FAZER": "FINALIZADO", "ER_REGIAO_CIDADE_min": "São Paulo_São Lucas" }, "geometry": { "type": "Point", "coordinates": [ -46.5492128, -23.5774221 ] } },
{ "type": "Feature", "properties": { "fid": 47361, "CNPJ": "08013747000196", "IDCIDADE": "SAO_PAULO", "NOMEFANTASIA": "SIMONE_MAIR_RORATO_GENTIL_ACESSORIOS", "RAZAOSOCIAL": "LINDEZA_BIJUX", "ENDEE": "AVENIDA_DO_ORATORIO2368__PARQUE_SAO_LUCAS_03220-100", "LMAPS": "https://www.google.com/maps?q=&layer=c&cbll=-23.5929534,-46.546826", "O_QUE_FAZER": "FINALIZADO", "ER_REGIAO_CIDADE_min": "São Paulo_São Lucas" }, "geometry": { "type": "Point", "coordinates": [ -46.546826, -23.5929534 ] } },
{ "type": "Feature", "properties": { "fid": 48306, "CNPJ": "08159157000176", "IDCIDADE": "SAO_PAULO", "NOMEFANTASIA": "LANCHONETE_DO_CEARA", "RAZAOSOCIAL": "LANCHONETE_KRG_LTDA", "ENDEE": "AVENIDA_SAPOPEMBA4212__SAPOPEMBA_02859-140", "LMAPS": "https://www.google.com/maps?q=&layer=c&cbll=-23.5783074,-46.5489338", "O_QUE_FAZER": "CARTEIRA", "ER_REGIAO_CIDADE_min": "São Paulo_São Lucas" }, "geometry": { "type": "Point", "coordinates": [ -46.5489338, -23.5783074 ] } },
{ "type": "Feature", "properties": { "fid": 48706, "CNPJ": "08210053000149", "IDCIDADE": "SAO_PAULO", "NOMEFANTASIA": "DENNER_CAMARA_DOS_SANTOS", "RAZAOSOCIAL": "CARRERA_MONTAN_BIKE", "ENDEE": "AVENIDA_DO_ORATORIO4383__MOOCA_03116-000", "LMAPS": "https://www.google.com/maps?q=&layer=c&cbll=-23.6014878,-46.5319482", "O_QUE_FAZER": "FINALIZADO", "ER_REGIAO_CIDADE_min": "São Paulo_São Lucas" }, "geometry": { "type": "Point", "coordinates": [ -46.5319482, -23.6014878 ] } },
{ "type": "Feature", "properties": { "fid": 48759, "CNPJ": "08217066000140", "IDCIDADE": "SAO_PAULO", "NOMEFANTASIA": "OFICINA_TQL", "RAZAOSOCIAL": "ADRIANA_ROBERTA_ANASTACIO_MIURIN", "ENDEE": "RUA_SOLIDONIO_LEITE1760__VILA_IVONE_03275-000", "LMAPS": "https://www.google.com/maps?q=&layer=c&cbll=-23.5838564,-46.5418815", "O_QUE_FAZER": "CARTEIRA", "ER_REGIAO_CIDADE_min": "São Paulo_São Lucas" }, "geometry": { "type": "Point", "coordinates": [ -46.5418815, -23.5838564 ] } },
{ "type": "Feature", "properties": { "fid": 49166, "CNPJ": "08269049000156", "IDCIDADE": "SAO_PAULO", "NOMEFANTASIA": "PEROLA_AUTO_CENTER", "RAZAOSOCIAL": "ADB_PNEUS_CENTRO_AUTOMOTIVO_E_TRANSPORTES_LTDA", "ENDEE": "AVENIDA_DO_ORATORIO4297__JARDIM_GUAIRACA_03195-000", "LMAPS": "https://www.google.com/maps?q=&layer=c&cbll=-23.6014199,-46.5326886", "O_QUE_FAZER": "CARTEIRA", "ER_REGIAO_CIDADE_min": "São Paulo_São Lucas" }, "geometry": { "type": "Point", "coordinates": [ -46.5326886, -23.6014199 ] } },
{ "type": "Feature", "properties": { "fid": 49889, "CNPJ": "08366085000138", "IDCIDADE": "SAO_PAULO", "NOMEFANTASIA": "CLALINE_MATERIAIS_PARA_CONSTRUCAO_LTDA", "RAZAOSOCIAL": "PIRANI_MATERIAIS_DE_CONSTRUCAO", "ENDEE": "AVENIDA_DO_ORATORIO4116__JARDIM_GUAIRACA_03220-200", "LMAPS": "https://www.google.com/maps?q=&layer=c&cbll=-23.6017919,-46.5343859", "O_QUE_FAZER": "FINALIZADO", "ER_REGIAO_CIDADE_min": "São Paulo_São Lucas" }, "geometry": { "type": "Point", "coordinates": [ -46.5343859, -23.6017919 ] } },
{ "type": "Feature", "properties": { "fid": 50147, "CNPJ": "08406041000194", "IDCIDADE": "SAO_PAULO", "NOMEFANTASIA": "CABELEIREIRO_UNIAO", "RAZAOSOCIAL": "S._GOMES_NASCIMENTO_CABELEIREIRO", "ENDEE": "AVENIDA_DO_ORATORIO3464__JARDIM_GUAIRACA_03195-000", "LMAPS": "https://www.google.com/maps?q=&layer=c&cbll=-23.5984979,-46.5389958", "O_QUE_FAZER": "CARTEIRA", "ER_REGIAO_CIDADE_min": "São Paulo_São Lucas" }, "geometry": { "type": "Point", "coordinates": [ -46.5389958, -23.5984979 ] } },
{ "type": "Feature", "properties": { "fid": 50189, "CNPJ": "08412861000199", "IDCIDADE": "SAO_PAULO", "NOMEFANTASIA": "VESTIDOR_COMERCIO_DE_ROUPAS", "RAZAOSOCIAL": "VESTICOR_COMERCIO_DE_ROUPAS_LTDA", "ENDEE": "AVENIDA_DO_ORATORIO4862__JARDIM_GUAIRACA_03195-000", "LMAPS": "https://www.google.com/maps?q=&layer=c&cbll=-23.6030231,-46.5279557", "O_QUE_FAZER": "CARTEIRA", "ER_REGIAO_CIDADE_min": "São Paulo_São Lucas" }, "geometry": { "type": "Point", "coordinates": [ -46.5279557, -23.6030231 ] } },
{ "type": "Feature", "properties": { "fid": 50199, "CNPJ": "08414201000147", "IDCIDADE": "SAO PAULO", "NOMEFANTASIA": "ALFA_PRIME_MOTORS", "RAZAOSOCIAL": "ALFA_PRIME_MOTORS", "ENDEE": "PROFESSOR LUIZ IGNÁCIO ANHAIA MELLO_5236_JARDIM INDEPENDÊNCIA_SÃO PAULO_03294-100", "LMAPS": "https://www.google.com/maps?q=&layer=c&cbll=-23.5882607,-46.5453856", "O_QUE_FAZER": "FINALIZADO", "ER_REGIAO_CIDADE_min": "São Paulo_São Lucas" }, "geometry": { "type": "Point", "coordinates": [ -46.5453856, -23.5882607 ] } },
{ "type": "Feature", "properties": { "fid": 50301, "CNPJ": "08429898000120", "IDCIDADE": "SAO_PAULO", "NOMEFANTASIA": "LANCHONETE_NOVA_VILA_EMA", "RAZAOSOCIAL": "LANCHONETE_NOVA_VILA_EMA_LTDA", "ENDEE": "AVENIDA_VILA_EMA1444__VILA_EMA_03156-000", "LMAPS": "https://www.google.com/maps?q=&layer=c&cbll=-23.5814184,-46.5628931", "O_QUE_FAZER": "CARTEIRA", "ER_REGIAO_CIDADE_min": "São Paulo_São Lucas" }, "geometry": { "type": "Point", "coordinates": [ -46.5628931, -23.5814184 ] } },
{ "type": "Feature", "properties": { "fid": 50410, "CNPJ": "08452977000151", "IDCIDADE": "SAO_PAULO", "NOMEFANTASIA": "CASA_DE_ARTIGOS_RELIGIOSOS_MB_&_MP_LTDA", "RAZAOSOCIAL": "CASA_DE_ARTIGOS_RELIGIOSOS_MARIA_BONITA_E_MARTIM", "ENDEE": "AVENIDA_DO_ORATORIO2949__PARQUE_SAO_LUCAS_03221-100", "LMAPS": "https://www.google.com/maps?q=&layer=c&cbll=-23.5957019,-46.542774", "O_QUE_FAZER": "FINALIZADO", "ER_REGIAO_CIDADE_min": "São Paulo_São Lucas" }, "geometry": { "type": "Point", "coordinates": [ -46.542774, -23.5957019 ] } },
{ "type": "Feature", "properties": { "fid": 50587, "CNPJ": "08482203000173", "IDCIDADE": "SAO_PAULO", "NOMEFANTASIA": "SALTLAKE_IDIOMAS", "RAZAOSOCIAL": "SALT_LAKE_IDIOMAS_LTDA", "ENDEE": "AVENIDA_DO_ORATORIO3569__JARDIM_GUAIRACA_03195-000", "LMAPS": "https://www.google.com/maps?q=&layer=c&cbll=-23.5987089,-46.5384407", "O_QUE_FAZER": "CARTEIRA", "ER_REGIAO_CIDADE_min": "São Paulo_São Lucas" }, "geometry": { "type": "Point", "coordinates": [ -46.5384407, -23.5987089 ] } },
{ "type": "Feature", "properties": { "fid": 50667, "CNPJ": "08493621000166", "IDCIDADE": "SAO_PAULO", "NOMEFANTASIA": "R_C_RECUPERADORA", "RAZAOSOCIAL": "CONTRAMAO_-_COMERCIO_DE_PECAS_AUTOMOTIVAS_LTDA", "ENDEE": "RUA_DOUTOR_CAMILO_HADDAD456__VILA_DOS_MINERIOS_03266-000", "LMAPS": "https://www.google.com/maps?q=&layer=c&cbll=-23.5974019,-46.5408876", "O_QUE_FAZER": "CARTEIRA", "ER_REGIAO_CIDADE_min": "São Paulo_São Lucas" }, "geometry": { "type": "Point", "coordinates": [ -46.5408876, -23.5974019 ] } },
{ "type": "Feature", "properties": { "fid": 51247, "CNPJ": "08626279000125", "IDCIDADE": "SAO_PAULO", "NOMEFANTASIA": "EMBALA_MIX_EMBALAGENS_E_PRODUTOS_DE_LIMPEZA_LTDA", "RAZAOSOCIAL": "EMBALA_MIX", "ENDEE": "AVENIDA_DO_ORATORIO3052__PARQUE_SAO_LUCAS_03220-100", "LMAPS": "https://www.google.com/maps?q=&layer=c&cbll=-23.5964897,-46.5422459", "O_QUE_FAZER": "FINALIZADO", "ER_REGIAO_CIDADE_min": "São Paulo_São Lucas" }, "geometry": { "type": "Point", "coordinates": [ -46.5422459, -23.5964897 ] } },
{ "type": "Feature", "properties": { "fid": 51258, "CNPJ": "08627443000119", "IDCIDADE": "SAO_PAULO", "NOMEFANTASIA": "SUPER_VISAO_VISTORIAS_AUTOMOTIVAS", "RAZAOSOCIAL": "KOIKE_E_MATSUMURA_PERICIAS_E_VISTORIAS_S/S_LTDA.", "ENDEE": "AVENIDA_PROFESSOR_LUIZ_IGNACIO_ANHAIA_MELLO4376__JARDIM_INDEPENDENCIA_03294-100", "LMAPS": "https://www.google.com/maps?q=&layer=c&cbll=-23.5836851,-46.5519026", "O_QUE_FAZER": "FINALIZADO", "ER_REGIAO_CIDADE_min": "São Paulo_São Lucas" }, "geometry": { "type": "Point", "coordinates": [ -46.5519026, -23.5836851 ] } },
{ "type": "Feature", "properties": { "fid": 52596, "CNPJ": "08792444000119", "IDCIDADE": "SAO_PAULO", "NOMEFANTASIA": "NEIDE_HIGA_KOHATSU_ROUPAS", "RAZAOSOCIAL": "CHARM_MODAS", "ENDEE": "AVENIDA_DO_ORATORIO4675__JARDIM_GUAIRACA_03220-200", "LMAPS": "https://www.google.com/maps?q=&layer=c&cbll=-23.6027746,-46.5295589", "O_QUE_FAZER": "FINALIZADO", "ER_REGIAO_CIDADE_min": "São Paulo_São Lucas" }, "geometry": { "type": "Point", "coordinates": [ -46.5295589, -23.6027746 ] } },
{ "type": "Feature", "properties": { "fid": 53738, "CNPJ": "08931886000107", "IDCIDADE": "SAO_PAULO", "NOMEFANTASIA": "MINI_MERCADO_KOGA", "RAZAOSOCIAL": "MINI_MERCADO_KOGA_LTDA", "ENDEE": "AVENIDA_VILA_EMA3567__VILA_EMA_03156-000", "LMAPS": "https://www.google.com/maps?q=&layer=c&cbll=-23.5870933,-46.544455", "O_QUE_FAZER": "CARTEIRA", "ER_REGIAO_CIDADE_min": "São Paulo_São Lucas" }, "geometry": { "type": "Point", "coordinates": [ -46.544455, -23.5870933 ] } },
{ "type": "Feature", "properties": { "fid": 54161, "CNPJ": "08976015000100", "IDCIDADE": "SAO_PAULO", "NOMEFANTASIA": "HAPPY_DAY_PAES_E_DOCES", "RAZAOSOCIAL": "INDUSTRIAL_PAES_E_DOCES_LTDA", "ENDEE": "RUA_ANA_CLARA320__VILA_MENDES_03257-000", "LMAPS": "https://www.google.com/maps?q=&layer=c&cbll=-23.6096836,-46.5281467", "O_QUE_FAZER": "CARTEIRA", "ER_REGIAO_CIDADE_min": "São Paulo_São Lucas" }, "geometry": { "type": "Point", "coordinates": [ -46.5281467, -23.6096836 ] } },
{ "type": "Feature", "properties": { "fid": 55574, "CNPJ": "09140257000113", "IDCIDADE": "SAO_PAULO", "NOMEFANTASIA": "ELAINE_PRISCILA_DE_SOUSA_FARIGO", "RAZAOSOCIAL": "KI_BARATO", "ENDEE": "AVENIDA_DO_ORATORIO2166__PARQUE_SAO_LUCAS_03220-000", "LMAPS": "https://www.google.com/maps?q=&layer=c&cbll=-23.5919615,-46.5483368", "O_QUE_FAZER": "FINALIZADO", "ER_REGIAO_CIDADE_min": "São Paulo_São Lucas" }, "geometry": { "type": "Point", "coordinates": [ -46.5483368, -23.5919615 ] } },
{ "type": "Feature", "properties": { "fid": 56564, "CNPJ": "09250264000178", "IDCIDADE": "SAO_PAULO", "NOMEFANTASIA": "CAP_METAIS", "RAZAOSOCIAL": "CAP_METAIS_SANITARIOS_LTDA", "ENDEE": "RUA_ANAI1__VILA_INDUSTRIAL_03253-040", "LMAPS": "https://www.google.com/maps?q=&layer=c&cbll=-23.6095273,-46.5318782", "O_QUE_FAZER": "CARTEIRA", "ER_REGIAO_CIDADE_min": "São Paulo_São Lucas" }, "geometry": { "type": "Point", "coordinates": [ -46.5318782, -23.6095273 ] } },
{ "type": "Feature", "properties": { "fid": 56890, "CNPJ": "09288888000184", "IDCIDADE": "SAO_PAULO", "NOMEFANTASIA": "SELF_SERVICE_EMA", "RAZAOSOCIAL": "BAR_E_LANCHONETE_EMMA_LTDA", "ENDEE": "AVENIDA_VILA_EMA2060__VILA_EMA_03156-000", "LMAPS": "https://www.google.com/maps?q=&layer=c&cbll=-23.5810532,-46.5569745", "O_QUE_FAZER": "CARTEIRA", "ER_REGIAO_CIDADE_min": "São Paulo_São Lucas" }, "geometry": { "type": "Point", "coordinates": [ -46.5569745, -23.5810532 ] } },
{ "type": "Feature", "properties": { "fid": 57641, "CNPJ": "09372645000120", "IDCIDADE": "SAO_PAULO", "NOMEFANTASIA": "BELISSIMA", "RAZAOSOCIAL": "PIZZARIA_BELISSIMA_LTDA", "ENDEE": "AVENIDA_VILA_EMA3177__VILA_PRUDENTE_03156-000", "LMAPS": "https://www.google.com/maps?q=&layer=c&cbll=-23.5844572,-46.5480113", "O_QUE_FAZER": "CARTEIRA", "ER_REGIAO_CIDADE_min": "São Paulo_São Lucas" }, "geometry": { "type": "Point", "coordinates": [ -46.5480113, -23.5844572 ] } },
{ "type": "Feature", "properties": { "fid": 58409, "CNPJ": "09454486000102", "IDCIDADE": "SAO_PAULO", "NOMEFANTASIA": "CASA_DO_NORTE_CANGAIA", "RAZAOSOCIAL": "CASA_DO_NORTE_CANGAIA_LTDA", "ENDEE": "AVENIDA_DO_ORATORIO2135__PARQUE_SAO_LUCAS_03195-000", "LMAPS": "https://www.google.com/maps?q=&layer=c&cbll=-23.5917301,-46.5484472", "O_QUE_FAZER": "CARTEIRA", "ER_REGIAO_CIDADE_min": "São Paulo_São Lucas" }, "geometry": { "type": "Point", "coordinates": [ -46.5484472, -23.5917301 ] } },
{ "type": "Feature", "properties": { "fid": 58446, "CNPJ": "09457842000141", "IDCIDADE": "SAO_PAULO", "NOMEFANTASIA": "N&G_VEICULOS", "RAZAOSOCIAL": "N_&_G_MULTIMARCAS_LTDA", "ENDEE": "AVENIDA_PROFESSOR_LUIZ_IGNACIO_ANHAIA_MELLO5313__VILA_GRACIOSA_03295-000", "LMAPS": "https://www.google.com/maps?q=&layer=c&cbll=-23.5876739,-46.5454727", "O_QUE_FAZER": "CARTEIRA", "ER_REGIAO_CIDADE_min": "São Paulo_São Lucas" }, "geometry": { "type": "Point", "coordinates": [ -46.5454727, -23.5876739 ] } },
{ "type": "Feature", "properties": { "fid": 58559, "CNPJ": "09468415000169", "IDCIDADE": "SAO_PAULO", "NOMEFANTASIA": "SIL-LORY-COMERCIO_VAREJISTA_DE_ARTIGOS_DO_VESTUARIOS_E_ACESSORIOS_LTDA", "RAZAOSOCIAL": "SIL_MODAS", "ENDEE": "RUA_ANTONIO_MARQUES_JULIAO348__JARDIM_GUAIRACA_03244-000", "LMAPS": "https://www.google.com/maps?q=&layer=c&cbll=-23.6015099,-46.5398727", "O_QUE_FAZER": "FINALIZADO", "ER_REGIAO_CIDADE_min": "São Paulo_São Lucas" }, "geometry": { "type": "Point", "coordinates": [ -46.5398727, -23.6015099 ] } },
{ "type": "Feature", "properties": { "fid": 58583, "CNPJ": "09470665000133", "IDCIDADE": "SAO_PAULO", "NOMEFANTASIA": "OTICAS_LIMA", "RAZAOSOCIAL": "GISLENY_CABRAL_DE_LIMA_OPTICA", "ENDEE": "AVENIDA_SAO_LUCAS200__PARQUE_SAO_LUCAS_03239-000", "LMAPS": "https://www.google.com/maps?q=&layer=c&cbll=-23.5946766,-46.5472516", "O_QUE_FAZER": "CARTEIRA", "ER_REGIAO_CIDADE_min": "São Paulo_São Lucas" }, "geometry": { "type": "Point", "coordinates": [ -46.5472516, -23.5946766 ] } },
{ "type": "Feature", "properties": { "fid": 59438, "CNPJ": "09569023000196", "IDCIDADE": "SAO_PAULO", "NOMEFANTASIA": "BICHO_FELIZ", "RAZAOSOCIAL": "PET_FELIZ_RACAO_ANIMAL_LTDA", "ENDEE": "RUA_DOUTOR_CAMILO_HADDAD185__VILA_DOS_MINERIOS_03266-000", "LMAPS": "https://www.google.com/maps?q=&layer=c&cbll=-23.5959783,-46.5387233", "O_QUE_FAZER": "CARTEIRA", "ER_REGIAO_CIDADE_min": "São Paulo_São Lucas" }, "geometry": { "type": "Point", "coordinates": [ -46.5387233, -23.5959783 ] } },
{ "type": "Feature", "properties": { "fid": 59783, "CNPJ": "09615779000124", "IDCIDADE": "SAO_PAULO", "NOMEFANTASIA": "LOARY", "RAZAOSOCIAL": "LOARY_CONSULTORIA_E_CORRETORA_DE_SEGUROS_LTDA.", "ENDEE": "RUA_SOLIDONIO_LEITE1865__VILA_IVONE_03275-000", "LMAPS": "https://www.google.com/maps?q=&layer=c&cbll=-23.5842603,-46.540851", "O_QUE_FAZER": "CARTEIRA", "ER_REGIAO_CIDADE_min": "São Paulo_São Lucas" }, "geometry": { "type": "Point", "coordinates": [ -46.540851, -23.5842603 ] } },
{ "type": "Feature", "properties": { "fid": 61545, "CNPJ": "10311584000170", "IDCIDADE": "SAO PAULO", "NOMEFANTASIA": "LUCIANE_DALLA_RIVA", "RAZAOSOCIAL": "MUSA_SERENA_CONFECCAO_DE_ROUPAS_LTDA", "ENDEE": "RUA OSCAR JUFRE ROMEU, 56, PARQUE RESIDENCIAL ORATORIO, 03266-070, SÃO PAULO, SP, BRASIL", "LMAPS": "https://www.google.com/maps?q=&layer=c&cbll=-23.5971211,-46.539656", "O_QUE_FAZER": "APLICAR T2", "ER_REGIAO_CIDADE_min": "São Paulo_São Lucas" }, "geometry": { "type": "Point", "coordinates": [ -46.539656, -23.5971211 ] } },
{ "type": "Feature", "properties": { "fid": 61748, "CNPJ": "10331608000152", "IDCIDADE": "SAO_PAULO", "NOMEFANTASIA": "BRANCO_MECANICA_AUTOMOTIVA", "RAZAOSOCIAL": "EDNALDO_DUARTE_DA_SILVA_BRANCO", "ENDEE": "AVENIDA_VILA_EMA4803__VILA_EMA_03282-001", "LMAPS": "https://www.google.com/maps?q=&layer=c&cbll=-23.5950031,-46.536981", "O_QUE_FAZER": "CARTEIRA", "ER_REGIAO_CIDADE_min": "São Paulo_São Lucas" }, "geometry": { "type": "Point", "coordinates": [ -46.536981, -23.5950031 ] } },
{ "type": "Feature", "properties": { "fid": 61780, "CNPJ": "10336092000139", "IDCIDADE": "SAO_PAULO", "NOMEFANTASIA": "SG_INSPECAO_VEICULAR_LTDA.", "RAZAOSOCIAL": "EVYDHENCE_VISTORIA", "ENDEE": "RUA_FRANCISCO_FETT242__VILA_PAULO_SILAS_03264-000", "LMAPS": "https://www.google.com/maps?q=&layer=c&cbll=-23.590142,-46.5447212", "O_QUE_FAZER": "FINALIZADO", "ER_REGIAO_CIDADE_min": "São Paulo_São Lucas" }, "geometry": { "type": "Point", "coordinates": [ -46.5447212, -23.590142 ] } },
{ "type": "Feature", "properties": { "fid": 61855, "CNPJ": "10349530000101", "IDCIDADE": "SAO_PAULO", "NOMEFANTASIA": "ENERGY", "RAZAOSOCIAL": "ELETRO_TECNICA_ENERGY_LTDA", "ENDEE": "AVENIDA_VILA_EMA4675__VILA_EMA_03281-001", "LMAPS": "https://www.google.com/maps?q=&layer=c&cbll=-23.5945833,-46.5375967", "O_QUE_FAZER": "CARTEIRA", "ER_REGIAO_CIDADE_min": "São Paulo_São Lucas" }, "geometry": { "type": "Point", "coordinates": [ -46.5375967, -23.5945833 ] } },
{ "type": "Feature", "properties": { "fid": 61945, "CNPJ": "10357830000124", "IDCIDADE": "SAO_PAULO", "NOMEFANTASIA": "RAFAEL_BASSO_SUSPENCOES_E_ACESSORIOS", "RAZAOSOCIAL": "HCHADUS", "ENDEE": "AVENIDA_DO_ORATORIO3888__JARDIM_GUAIRACA_03220-200", "LMAPS": "https://www.google.com/maps?q=&layer=c&cbll=-23.6014095,-46.5365237", "O_QUE_FAZER": "FINALIZADO", "ER_REGIAO_CIDADE_min": "São Paulo_São Lucas" }, "geometry": { "type": "Point", "coordinates": [ -46.5365237, -23.6014095 ] } },
{ "type": "Feature", "properties": { "fid": 62051, "CNPJ": "10366795000100", "IDCIDADE": "SAO_PAULO", "NOMEFANTASIA": "PET_SHOP_MENINAO_LTDA", "RAZAOSOCIAL": "PET_SHOP_MARIANO", "ENDEE": "AVENIDA_DO_ORATORIO6168__VILA_INDUSTRIAL_03116-000", "LMAPS": "https://www.google.com/maps?q=&layer=c&cbll=-23.610172,-46.5248282", "O_QUE_FAZER": "FINALIZADO", "ER_REGIAO_CIDADE_min": "São Paulo_São Lucas" }, "geometry": { "type": "Point", "coordinates": [ -46.5248282, -23.610172 ] } },
{ "type": "Feature", "properties": { "fid": 62111, "CNPJ": "10371096000158", "IDCIDADE": "SAO_PAULO", "NOMEFANTASIA": "ITALO_HENRIQUE_MIZAEL_FERREIRA_ACESSORIOS", "RAZAOSOCIAL": "I_SOM_INSUFILME_E_ACESSORIOS", "ENDEE": "AVENIDA_VILA_EMA3265__VILA_EMA_03281-000", "LMAPS": "https://www.google.com/maps?q=&layer=c&cbll=-23.5849946,-46.5463883", "O_QUE_FAZER": "FINALIZADO", "ER_REGIAO_CIDADE_min": "São Paulo_São Lucas" }, "geometry": { "type": "Point", "coordinates": [ -46.5463883, -23.5849946 ] } },
{ "type": "Feature", "properties": { "fid": 62436, "CNPJ": "10398784000101", "IDCIDADE": "SAO_PAULO", "NOMEFANTASIA": "KALEO_SANTIAGO", "RAZAOSOCIAL": "KALEO_SANTIAGO_LANCHES_LTDA", "ENDEE": "AVENIDA_VILA_EMA3253__VILA_EMA_03281-000", "LMAPS": "https://www.google.com/maps?q=&layer=c&cbll=-23.5850722,-46.5456453", "O_QUE_FAZER": "CARTEIRA", "ER_REGIAO_CIDADE_min": "São Paulo_São Lucas" }, "geometry": { "type": "Point", "coordinates": [ -46.5456453, -23.5850722 ] } },
{ "type": "Feature", "properties": { "fid": 62938, "CNPJ": "10451457000176", "IDCIDADE": "SAO_PAULO", "NOMEFANTASIA": "OTICA_AYUMI", "RAZAOSOCIAL": "OTICA_E_RELOJOARIA_AYUMI_LTDA", "ENDEE": "AVENIDA_DO_ORATORIO2090__PARQUE_SAO_LUCAS_03220-100", "LMAPS": "https://www.google.com/maps?q=&layer=c&cbll=-23.5918512,-46.5489815", "O_QUE_FAZER": "CARTEIRA", "ER_REGIAO_CIDADE_min": "São Paulo_São Lucas" }, "geometry": { "type": "Point", "coordinates": [ -46.5489815, -23.5918512 ] } },
{ "type": "Feature", "properties": { "fid": 63214, "CNPJ": "10478985000119", "IDCIDADE": "SAO_PAULO", "NOMEFANTASIA": "LEIA_FERREIRA_DE_AZEVEDO_CONFECCOES_LTDA", "RAZAOSOCIAL": "LETICIA_MODAS", "ENDEE": "AVENIDA_DO_ORATORIO4644__JARDIM_GUAIRACA_03220-200", "LMAPS": "https://www.google.com/maps?q=&layer=c&cbll=-23.6024806,-46.5302997", "O_QUE_FAZER": "FINALIZADO", "ER_REGIAO_CIDADE_min": "São Paulo_São Lucas" }, "geometry": { "type": "Point", "coordinates": [ -46.5302997, -23.6024806 ] } },
{ "type": "Feature", "properties": { "fid": 64295, "CNPJ": "10605044000107", "IDCIDADE": "SAO_PAULO", "NOMEFANTASIA": "A_VANTAJOSA", "RAZAOSOCIAL": "ALEXSHOES_CALCADOS_LTDA", "ENDEE": "AVENIDA_DO_ORATORIO4581__JARDIM_GUAIRACA_03195-000", "LMAPS": "https://www.google.com/maps?q=&layer=c&cbll=-23.602295,-46.5301813", "O_QUE_FAZER": "CARTEIRA", "ER_REGIAO_CIDADE_min": "São Paulo_São Lucas" }, "geometry": { "type": "Point", "coordinates": [ -46.5301813, -23.602295 ] } },
{ "type": "Feature", "properties": { "fid": 64707, "CNPJ": "10647456000100", "IDCIDADE": "SAO_PAULO", "NOMEFANTASIA": "M._DA_CRUZ_PREVEDI", "RAZAOSOCIAL": "NOVA_SPEED", "ENDEE": "RUA_DOUTOR_CAMILO_HADDAD457__VILA_DOS_MINERIOS_03266-000", "LMAPS": "https://www.google.com/maps?q=&layer=c&cbll=-23.597525,-46.5409135", "O_QUE_FAZER": "FINALIZADO", "ER_REGIAO_CIDADE_min": "São Paulo_São Lucas" }, "geometry": { "type": "Point", "coordinates": [ -46.5409135, -23.597525 ] } },
{ "type": "Feature", "properties": { "fid": 65067, "CNPJ": "10683653000176", "IDCIDADE": "SAO_PAULO", "NOMEFANTASIA": "CASA_ALENCAR", "RAZAOSOCIAL": "F.G._ALENCAR_GOMES", "ENDEE": "AVENIDA_MORAIS_COSTA357__VILA_INDUSTRIAL_03253-000", "LMAPS": "https://www.google.com/maps?q=&layer=c&cbll=-23.606072,-46.5307359", "O_QUE_FAZER": "CARTEIRA", "ER_REGIAO_CIDADE_min": "São Paulo_São Lucas" }, "geometry": { "type": "Point", "coordinates": [ -46.5307359, -23.606072 ] } },
{ "type": "Feature", "properties": { "fid": 65775, "CNPJ": "10752016000104", "IDCIDADE": "SAO_PAULO", "NOMEFANTASIA": "AUTO_MECANICA_LUDCAR", "RAZAOSOCIAL": "LUDCAR_AUTO_MECANICA_LTDA", "ENDEE": "RUA_OTAVIO_ALVES_DUNDAS193__VILA_IVG_03249-000", "LMAPS": "https://www.google.com/maps?q=&layer=c&cbll=-23.6005117,-46.5347233", "O_QUE_FAZER": "CARTEIRA", "ER_REGIAO_CIDADE_min": "São Paulo_São Lucas" }, "geometry": { "type": "Point", "coordinates": [ -46.5347233, -23.6005117 ] } },
{ "type": "Feature", "properties": { "fid": 66181, "CNPJ": "10798864000154", "IDCIDADE": "SAO_PAULO", "NOMEFANTASIA": "VIVIANE_GOMES_SECO", "RAZAOSOCIAL": "EMPORIO_SAO_JUDAS_TADEU", "ENDEE": "AVENIDA_DO_ORATORIO2108__PARQUE_SAO_LUCAS_03221-100", "LMAPS": "https://www.google.com/maps?q=&layer=c&cbll=-23.5918741,-46.548858", "O_QUE_FAZER": "FINALIZADO", "ER_REGIAO_CIDADE_min": "São Paulo_São Lucas" }, "geometry": { "type": "Point", "coordinates": [ -46.548858, -23.5918741 ] } },
{ "type": "Feature", "properties": { "fid": 66182, "CNPJ": "10798864000235", "IDCIDADE": "SAO_PAULO", "NOMEFANTASIA": "ARMAZEM_SAO_JUDAS_TADEU", "RAZAOSOCIAL": "VIVIANE_GOMES_SECO", "ENDEE": "AVENIDA_DO_ORATORIO2341__PARQUE_SAO_LUCAS_03220-100", "LMAPS": "https://www.google.com/maps?q=&layer=c&cbll=-23.5924623,-46.5472783", "O_QUE_FAZER": "CARTEIRA", "ER_REGIAO_CIDADE_min": "São Paulo_São Lucas" }, "geometry": { "type": "Point", "coordinates": [ -46.5472783, -23.5924623 ] } },
{ "type": "Feature", "properties": { "fid": 66183, "CNPJ": "10798864000316", "IDCIDADE": "SAO_PAULO", "NOMEFANTASIA": "ARMAZEN_SAO_JUDAS_TADEU", "RAZAOSOCIAL": "VIVIANE_GOMES_SECO", "ENDEE": "AVENIDA_DO_ORATORIO5741__JARDIM_ANGELA_03221-300", "LMAPS": "https://www.google.com/maps?q=&layer=c&cbll=-23.6068023,-46.5223869", "O_QUE_FAZER": "CARTEIRA", "ER_REGIAO_CIDADE_min": "São Paulo_São Lucas" }, "geometry": { "type": "Point", "coordinates": [ -46.5223869, -23.6068023 ] } },
{ "type": "Feature", "properties": { "fid": 66934, "CNPJ": "10875447000168", "IDCIDADE": "SAO_PAULO", "NOMEFANTASIA": "PAPELARIA_E_BAZAR", "RAZAOSOCIAL": "SARUEM_LEMUEL_-_PAPELARIA_E_BAZAR_LTDA", "ENDEE": "AVENIDA_DO_ORATORIO4893__JARDIM_GUAIRACA_03195-000", "LMAPS": "https://www.google.com/maps?q=&layer=c&cbll=-23.6029706,-46.5279588", "O_QUE_FAZER": "CARTEIRA", "ER_REGIAO_CIDADE_min": "São Paulo_São Lucas" }, "geometry": { "type": "Point", "coordinates": [ -46.5279588, -23.6029706 ] } },
{ "type": "Feature", "properties": { "fid": 67033, "CNPJ": "10885133000146", "IDCIDADE": "SAO_PAULO", "NOMEFANTASIA": "MECANICA_PLANETA", "RAZAOSOCIAL": "AUTO_MECANICA_PLANETA_LTDA", "ENDEE": "AVENIDA_SAPOPEMBA5033__SAPOPEMBA_03988-010", "LMAPS": "https://www.google.com/maps?q=&layer=c&cbll=-23.5789352,-46.54238", "O_QUE_FAZER": "CARTEIRA", "ER_REGIAO_CIDADE_min": "São Paulo_São Lucas" }, "geometry": { "type": "Point", "coordinates": [ -46.54238, -23.5789352 ] } },
{ "type": "Feature", "properties": { "fid": 67035, "CNPJ": "10885190000125", "IDCIDADE": "SAO_PAULO", "NOMEFANTASIA": "MARCIA_MELO", "RAZAOSOCIAL": "M.M._MELO_CABELO_E_ESTETICA_LTDA", "ENDEE": "AVENIDA_VILA_EMA3668__VILA_EMA_03156-000", "LMAPS": "https://www.google.com/maps?q=&layer=c&cbll=-23.5865149,-46.5410879", "O_QUE_FAZER": "CARTEIRA", "ER_REGIAO_CIDADE_min": "São Paulo_São Lucas" }, "geometry": { "type": "Point", "coordinates": [ -46.5410879, -23.5865149 ] } },
{ "type": "Feature", "properties": { "fid": 67408, "CNPJ": "10925239000126", "IDCIDADE": "SAO_PAULO", "NOMEFANTASIA": "TEY_BAZAR_LTDA", "RAZAOSOCIAL": "BAZAR_FUKUDA", "ENDEE": "AVENIDA_DO_ORATORIO4780__VILA_INDUSTRIAL_03253-050", "LMAPS": "https://www.google.com/maps?q=&layer=c&cbll=-23.603133,-46.5285041", "O_QUE_FAZER": "FINALIZADO", "ER_REGIAO_CIDADE_min": "São Paulo_São Lucas" }, "geometry": { "type": "Point", "coordinates": [ -46.5285041, -23.603133 ] } },
{ "type": "Feature", "properties": { "fid": 67496, "CNPJ": "10933530000146", "IDCIDADE": "SAO_PAULO", "NOMEFANTASIA": "CONTABILIDADE_POMBO", "RAZAOSOCIAL": "POMBO_CONTABILIDADE_E_ASSUNTOS_EMPRESARIAIS_LTDA", "ENDEE": "AVENIDA_DO_ORATORIO3412__JARDIM_GUAIRACA_03220-200", "LMAPS": "https://www.google.com/maps?q=&layer=c&cbll=-23.5983387,-46.5395437", "O_QUE_FAZER": "CARTEIRA", "ER_REGIAO_CIDADE_min": "São Paulo_São Lucas" }, "geometry": { "type": "Point", "coordinates": [ -46.5395437, -23.5983387 ] } },
{ "type": "Feature", "properties": { "fid": 67895, "CNPJ": "10980482000147", "IDCIDADE": "SAO_PAULO", "NOMEFANTASIA": "MEGA_ESFIHA", "RAZAOSOCIAL": "JOSIEL_RODRIGUES_SUSU_LANCHONETE", "ENDEE": "AVENIDA_MORAIS_COSTA104__VILA_INDUSTRIAL_03253-000", "LMAPS": "https://www.google.com/maps?q=&layer=c&cbll=-23.6035974,-46.5296701", "O_QUE_FAZER": "CARTEIRA", "ER_REGIAO_CIDADE_min": "São Paulo_São Lucas" }, "geometry": { "type": "Point", "coordinates": [ -46.5296701, -23.6035974 ] } },
{ "type": "Feature", "properties": { "fid": 68233, "CNPJ": "11018498000136", "IDCIDADE": "SAO_PAULO", "NOMEFANTASIA": "LITORAL_CALCADOS", "RAZAOSOCIAL": "LITORAL_PESCADOS_COMERCIO_DE_PEIXES_LTDA", "ENDEE": "RUA_JANUARIO_CICCO260__VILA_NOVA_PAULICEIA_03267-120", "LMAPS": "https://www.google.com/maps?q=&layer=c&cbll=-23.5992883,-46.5318683", "O_QUE_FAZER": "CARTEIRA", "ER_REGIAO_CIDADE_min": "São Paulo_São Lucas" }, "geometry": { "type": "Point", "coordinates": [ -46.5318683, -23.5992883 ] } },
{ "type": "Feature", "properties": { "fid": 68375, "CNPJ": "11036055000178", "IDCIDADE": "SAO_PAULO", "NOMEFANTASIA": "EBENEZER", "RAZAOSOCIAL": "EBENEZER_DISTRIBUIDORA_DE_PECAS_E_ACESSORIOS_PARA_MOTOS_LTDA.", "ENDEE": "AVENIDA_VILA_EMA2625__VILA_EMA_03281-000", "LMAPS": "https://www.google.com/maps?q=&layer=c&cbll=-23.5821522,-46.5514763", "O_QUE_FAZER": "CARTEIRA", "ER_REGIAO_CIDADE_min": "São Paulo_São Lucas" }, "geometry": { "type": "Point", "coordinates": [ -46.5514763, -23.5821522 ] } },
{ "type": "Feature", "properties": { "fid": 68475, "CNPJ": "11047770000106", "IDCIDADE": "SAO_PAULO", "NOMEFANTASIA": "JOTA_ESTETICA_AUTOMOTIVA", "RAZAOSOCIAL": "JOTA_ESTETICA_AUTOMOTIVA", "ENDEE": "RUA_GOMES__651_03275-010", "LMAPS": "https://www.google.com/maps?q=&layer=c&cbll=-23.5791086,-46.552", "O_QUE_FAZER": "APLICAR T2", "ER_REGIAO_CIDADE_min": "São Paulo_São Lucas" }, "geometry": { "type": "Point", "coordinates": [ -46.552, -23.5791086 ] } },
{ "type": "Feature", "properties": { "fid": 69221, "CNPJ": "11144257000133", "IDCIDADE": "SAO_PAULO", "NOMEFANTASIA": "COMERCIO_DE_ROUPAS", "RAZAOSOCIAL": "P._DE_A._GODOY_COMERCIO_DE_ROUPAS_LTDA", "ENDEE": "RUA_SAO_CAIO39__PARQUE_SAO_LUCAS_03238-020", "LMAPS": "https://www.google.com/maps?q=&layer=c&cbll=-23.5919838,-46.5484954", "O_QUE_FAZER": "CARTEIRA", "ER_REGIAO_CIDADE_min": "São Paulo_São Lucas" }, "geometry": { "type": "Point", "coordinates": [ -46.5484954, -23.5919838 ] } },
{ "type": "Feature", "properties": { "fid": 69318, "CNPJ": "11158492000164", "IDCIDADE": "SAO_PAULO", "NOMEFANTASIA": "IELMO_PANIFICACAO", "RAZAOSOCIAL": "IELMO_PAES_E_DOCES_LTDA", "ENDEE": "RUA_IELMO_MARINHO905__PARQUE_INDEPENDENCIA_03236-030", "LMAPS": "https://www.google.com/maps?q=&layer=c&cbll=-23.5996278,-46.548092", "O_QUE_FAZER": "CARTEIRA - FAMPE", "ER_REGIAO_CIDADE_min": "São Paulo_São Lucas" }, "geometry": { "type": "Point", "coordinates": [ -46.548092, -23.5996278 ] } },
{ "type": "Feature", "properties": { "fid": 70002, "CNPJ": "11239733000108", "IDCIDADE": "SAO_PAULO", "NOMEFANTASIA": "ANNE_DOCERI", "RAZAOSOCIAL": "ANNE_DOCERIA_E_CAFETERIA_LTDA", "ENDEE": "RUA_DONA_BELICA_BARBOSA_LIMA20__VILA_PAULO_SILAS_03264-060", "LMAPS": "https://www.google.com/maps?q=&layer=c&cbll=-23.5926738,-46.5452475", "O_QUE_FAZER": "CARTEIRA", "ER_REGIAO_CIDADE_min": "São Paulo_São Lucas" }, "geometry": { "type": "Point", "coordinates": [ -46.5452475, -23.5926738 ] } },
{ "type": "Feature", "properties": { "fid": 70104, "CNPJ": "11251069000104", "IDCIDADE": "SAO_PAULO", "NOMEFANTASIA": "DOLCE_MADAN", "RAZAOSOCIAL": "DOLCE_MADAN_ARTIGOS_DE_VESTUARIO_LTDA.", "ENDEE": "AVENIDA_DO_ORATORIO2017__PARQUE_SAO_LUCAS_03195-000", "LMAPS": "https://www.google.com/maps?q=&layer=c&cbll=-23.5915158,-46.5497825", "O_QUE_FAZER": "CARTEIRA", "ER_REGIAO_CIDADE_min": "São Paulo_São Lucas" }, "geometry": { "type": "Point", "coordinates": [ -46.5497825, -23.5915158 ] } },
{ "type": "Feature", "properties": { "fid": 70495, "CNPJ": "11299681000157", "IDCIDADE": "SAO_PAULO", "NOMEFANTASIA": "PLENA_VISAO", "RAZAOSOCIAL": "JBARRETO_VISTORIA_VEICULAR_LTDA", "ENDEE": "AVENIDA_PROFESSOR_LUIZ_IGNACIO_ANHAIA_MELLO4315__JARDIM_INDEPENDENCIA_03295-000", "LMAPS": "https://www.google.com/maps?q=&layer=c&cbll=-23.5828968,-46.5523129", "O_QUE_FAZER": "APLICAR T4", "ER_REGIAO_CIDADE_min": "São Paulo_São Lucas" }, "geometry": { "type": "Point", "coordinates": [ -46.5523129, -23.5828968 ] } },
{ "type": "Feature", "properties": { "fid": 70540, "CNPJ": "11307533000137", "IDCIDADE": "SAO_PAULO", "NOMEFANTASIA": "EDERSON_SOARES_DE_OLIVEIRA_-_COLCHOES", "RAZAOSOCIAL": "ED_COLCHOES", "ENDEE": "AVENIDA_DO_ORATORIO3200__PARQUE_SAO_LUCAS_03220-100", "LMAPS": "https://www.google.com/maps?q=&layer=c&cbll=-23.5972307,-46.5415198", "O_QUE_FAZER": "FINALIZADO", "ER_REGIAO_CIDADE_min": "São Paulo_São Lucas" }, "geometry": { "type": "Point", "coordinates": [ -46.5415198, -23.5972307 ] } },
{ "type": "Feature", "properties": { "fid": 70946, "CNPJ": "11365908000115", "IDCIDADE": "SAO_PAULO", "NOMEFANTASIA": "BR_BORRACHAS", "RAZAOSOCIAL": "BR_BORRACHAS_LTDA", "ENDEE": "AVENIDA_SAPOPEMBA4710__SAPOPEMBA_03988-010", "LMAPS": "https://www.google.com/maps?q=&layer=c&cbll=-23.5784641,-46.5446001", "O_QUE_FAZER": "CARTEIRA", "ER_REGIAO_CIDADE_min": "São Paulo_São Lucas" }, "geometry": { "type": "Point", "coordinates": [ -46.5446001, -23.5784641 ] } },
{ "type": "Feature", "properties": { "fid": 71045, "CNPJ": "11376384000168", "IDCIDADE": "SAO_PAULO", "NOMEFANTASIA": "MERCADO_E_ADEGA_COLMEIA", "RAZAOSOCIAL": "MERCADINHO_DO_COLMEIA_LTDA", "ENDEE": "RUA_LUIZ_GASTAO39__PARQUE_SAO_LUCAS_03240-030", "LMAPS": "https://www.google.com/maps?q=&layer=c&cbll=-23.599395,-46.5479117", "O_QUE_FAZER": "CARTEIRA", "ER_REGIAO_CIDADE_min": "São Paulo_São Lucas" }, "geometry": { "type": "Point", "coordinates": [ -46.5479117, -23.599395 ] } },
{ "type": "Feature", "properties": { "fid": 71253, "CNPJ": "11399880000137", "IDCIDADE": "SAO_PAULO", "NOMEFANTASIA": "OXYPHARMA_FARMACIA_E_MANIPULACAO_DE_PRODUTOS_FARMACEUTICOS_LTDA", "RAZAOSOCIAL": "MANIPLUS", "ENDEE": "AVENIDA_DO_ORATORIO2063__VILA_INDEPENDENCIA_03220-100", "LMAPS": "https://www.google.com/maps?q=&layer=c&cbll=-23.5914973,-46.5492149", "O_QUE_FAZER": "FINALIZADO", "ER_REGIAO_CIDADE_min": "São Paulo_São Lucas" }, "geometry": { "type": "Point", "coordinates": [ -46.5492149, -23.5914973 ] } },
{ "type": "Feature", "properties": { "fid": 71684, "CNPJ": "11456251000100", "IDCIDADE": "SAO_PAULO", "NOMEFANTASIA": "MONARCA", "RAZAOSOCIAL": "WEPPES_COMPONENTES_INDUSTRIAIS_LTDA", "ENDEE": "AVENIDA_DO_ORATORIO5164__JARDIM_GUAIRACA_03220-300", "LMAPS": "https://www.google.com/maps?q=&layer=c&cbll=-23.6042738,-46.5254712", "O_QUE_FAZER": "CARTEIRA", "ER_REGIAO_CIDADE_min": "São Paulo_São Lucas" }, "geometry": { "type": "Point", "coordinates": [ -46.5254712, -23.6042738 ] } },
{ "type": "Feature", "properties": { "fid": 72227, "CNPJ": "11523516000137", "IDCIDADE": "SAO_PAULO", "NOMEFANTASIA": "BELO_BRASILIANO", "RAZAOSOCIAL": "BELO_BRASILIANO", "ENDEE": "VILA_EMA__3582_03281-000", "LMAPS": "https://www.google.com/maps?q=&layer=c&cbll=-23.5828701,-46.5493848", "O_QUE_FAZER": "APLICAR T3", "ER_REGIAO_CIDADE_min": "São Paulo_São Lucas" }, "geometry": { "type": "Point", "coordinates": [ -46.5493848, -23.5828701 ] } },
{ "type": "Feature", "properties": { "fid": 72905, "CNPJ": "11641205000172", "IDCIDADE": "SAO_PAULO", "NOMEFANTASIA": "CALL-CENTER_TAPECARIA", "RAZAOSOCIAL": "CALL_TAPECARIA_LTDA", "ENDEE": "RUA_JAIME_PAIVA50__PARQUE_SAO_LUCAS_03240-050", "LMAPS": "https://www.google.com/maps?q=&layer=c&cbll=-23.5987832,-46.5459863", "O_QUE_FAZER": "CARTEIRA", "ER_REGIAO_CIDADE_min": "São Paulo_São Lucas" }, "geometry": { "type": "Point", "coordinates": [ -46.5459863, -23.5987832 ] } },
{ "type": "Feature", "properties": { "fid": 73269, "CNPJ": "11701292000106", "IDCIDADE": "SAO_PAULO", "NOMEFANTASIA": "CARLOS_KAZUAKI_KANASHIRO", "RAZAOSOCIAL": "HORTIFRUTI_TRINDADE", "ENDEE": "RUA_MIGUEL_FERRAZ_DA_TRINDADE98__PARQUE_TOMAS_SARAIVA_03280-090", "LMAPS": "https://www.google.com/maps?q=&layer=c&cbll=-23.5808228,-46.5392919", "O_QUE_FAZER": "FINALIZADO", "ER_REGIAO_CIDADE_min": "São Paulo_São Lucas" }, "geometry": { "type": "Point", "coordinates": [ -46.5392919, -23.5808228 ] } },
{ "type": "Feature", "properties": { "fid": 73424, "CNPJ": "11722996000165", "IDCIDADE": "SAO_PAULO", "NOMEFANTASIA": "CASA_DE_CARNES_GSS", "RAZAOSOCIAL": "CASA_DE_CARNES_E_ROTISSERIE_S.N.A_LTDA", "ENDEE": "AVENIDA_DO_ORATORIO3913__JARDIM_GUAIRACA_03195-000", "LMAPS": "https://www.google.com/maps?q=&layer=c&cbll=-23.601538,-46.5360906", "O_QUE_FAZER": "CARTEIRA", "ER_REGIAO_CIDADE_min": "São Paulo_São Lucas" }, "geometry": { "type": "Point", "coordinates": [ -46.5360906, -23.601538 ] } },
{ "type": "Feature", "properties": { "fid": 73714, "CNPJ": "11766525000159", "IDCIDADE": "SAO_PAULO", "NOMEFANTASIA": "INSTITUTO_DE_BELEZA_ZUY_LTDA", "RAZAOSOCIAL": "ZUY_ESTUDIO_DE_BELEZA", "ENDEE": "AVENIDA_DO_ORATORIO4659__JARDIM_GUAIRACA_03220-200", "LMAPS": "https://www.google.com/maps?q=&layer=c&cbll=-23.6026723,-46.5297454", "O_QUE_FAZER": "FINALIZADO", "ER_REGIAO_CIDADE_min": "São Paulo_São Lucas" }, "geometry": { "type": "Point", "coordinates": [ -46.5297454, -23.6026723 ] } },
{ "type": "Feature", "properties": { "fid": 73914, "CNPJ": "11799708000170", "IDCIDADE": "SAO_PAULO", "NOMEFANTASIA": "LE_BLANC", "RAZAOSOCIAL": "SUZANA_MARIA_DA_SILVA_CABELEIREIRO", "ENDEE": "RUA_SILVIO_BRANT_CORREIA303__VILA_EMA_03279-170", "LMAPS": "https://www.google.com/maps?q=&layer=c&cbll=-23.5841667,-46.542065", "O_QUE_FAZER": "CARTEIRA", "ER_REGIAO_CIDADE_min": "São Paulo_São Lucas" }, "geometry": { "type": "Point", "coordinates": [ -46.542065, -23.5841667 ] } },
{ "type": "Feature", "properties": { "fid": 73983, "CNPJ": "11812983000187", "IDCIDADE": "SAO_PAULO", "NOMEFANTASIA": "DBJ_RECUPERADORA", "RAZAOSOCIAL": "PAULO_BATISTA_JUNQUEIRA_USINAGEM_MECANICA_E_COMERCIO_PECAS", "ENDEE": "RUA_JUIZ_DE_FORA643__VILA_EMA_03286-000", "LMAPS": "https://www.google.com/maps?q=&layer=c&cbll=-23.5935717,-46.5349517", "O_QUE_FAZER": "CARTEIRA", "ER_REGIAO_CIDADE_min": "São Paulo_São Lucas" }, "geometry": { "type": "Point", "coordinates": [ -46.5349517, -23.5935717 ] } },
{ "type": "Feature", "properties": { "fid": 73995, "CNPJ": "11816087000277", "IDCIDADE": "SAO_PAULO", "NOMEFANTASIA": "GALPAO_MOTOS", "RAZAOSOCIAL": "GALPAO_MOTOS_-_COMERCIO_DE_PECAS_E_OFICINA_LTDA", "ENDEE": "AVENIDA_DO_ORATORIO3195__JARDIM_GUAIRACA_03221-200", "LMAPS": "https://www.google.com/maps?q=&layer=c&cbll=-23.5973926,-46.5410245", "O_QUE_FAZER": "CARTEIRA", "ER_REGIAO_CIDADE_min": "São Paulo_São Lucas" }, "geometry": { "type": "Point", "coordinates": [ -46.5410245, -23.5973926 ] } },
{ "type": "Feature", "properties": { "fid": 74115, "CNPJ": "11845094000116", "IDCIDADE": "SAO_PAULO", "NOMEFANTASIA": "HEIWA_BAZAR", "RAZAOSOCIAL": "CRISTINA_AKIKO_SHIRAKAWA", "ENDEE": "RUA_ANA_CLARA296__VILA_MENDES_03257-000", "LMAPS": "https://www.google.com/maps?q=&layer=c&cbll=-23.6112231,-46.5305589", "O_QUE_FAZER": "CARTEIRA", "ER_REGIAO_CIDADE_min": "São Paulo_São Lucas" }, "geometry": { "type": "Point", "coordinates": [ -46.5305589, -23.6112231 ] } },
{ "type": "Feature", "properties": { "fid": 74297, "CNPJ": "11873005000145", "IDCIDADE": "SAO_PAULO", "NOMEFANTASIA": "MARINO_MULTIMARCAS", "RAZAOSOCIAL": "MAURO_MARINO_JUNIOR_VEICULOS", "ENDEE": "RUA_BENTO_SABINO_DOS_REIS613__VILA_EMA_03295-000", "LMAPS": "https://www.google.com/maps?q=&layer=c&cbll=-23.58661,-46.5469617", "O_QUE_FAZER": "FINALIZADO", "ER_REGIAO_CIDADE_min": "São Paulo_São Lucas" }, "geometry": { "type": "Point", "coordinates": [ -46.5469617, -23.58661 ] } },
{ "type": "Feature", "properties": { "fid": 74435, "CNPJ": "11891056000108", "IDCIDADE": "SAO_PAULO", "NOMEFANTASIA": "PIZZARIA_AMAZONAS", "RAZAOSOCIAL": "PIZZARIA_AMAZONAS_COSTA_BARROS_LTDA", "ENDEE": "RUA_COSTA_BARROS2200__SITIO_PINHEIRINHO_03210-001", "LMAPS": "https://www.google.com/maps?q=&layer=c&cbll=-23.6018417,-46.5472767", "O_QUE_FAZER": "CARTEIRA", "ER_REGIAO_CIDADE_min": "São Paulo_São Lucas" }, "geometry": { "type": "Point", "coordinates": [ -46.5472767, -23.6018417 ] } },
{ "type": "Feature", "properties": { "fid": 74457, "CNPJ": "11893081000112", "IDCIDADE": "SAO_PAULO", "NOMEFANTASIA": "C.G.P_MATERIAL_DE_CONSTRUCAO", "RAZAOSOCIAL": "C.G.P_DE_SOUZA_-_CONSTRUCOES_LTDA", "ENDEE": "RUA_JOSE_ANTONIO_FONTES837__VILA_TOLSTOI_03255-000", "LMAPS": "https://www.google.com/maps?q=&layer=c&cbll=-23.6033106,-46.5267438", "O_QUE_FAZER": "CARTEIRA", "ER_REGIAO_CIDADE_min": "São Paulo_São Lucas" }, "geometry": { "type": "Point", "coordinates": [ -46.5267438, -23.6033106 ] } },
{ "type": "Feature", "properties": { "fid": 74626, "CNPJ": "11919691000148", "IDCIDADE": "SAO_PAULO", "NOMEFANTASIA": "GLITER_COMERCIO_DE_CONFECCOES_LTDA", "RAZAOSOCIAL": "GLITTER", "ENDEE": "RUA_FRANCISCO_FETT570__VILA_PAULO_SILAS_03264-000", "LMAPS": "https://www.google.com/maps?q=&layer=c&cbll=-23.5927723,-46.5463845", "O_QUE_FAZER": "FINALIZADO", "ER_REGIAO_CIDADE_min": "São Paulo_São Lucas" }, "geometry": { "type": "Point", "coordinates": [ -46.5463845, -23.5927723 ] } },
{ "type": "Feature", "properties": { "fid": 75227, "CNPJ": "12020067000177", "IDCIDADE": "SAO_PAULO", "NOMEFANTASIA": "SIDNEY_JUSTINO_PEREZ", "RAZAOSOCIAL": "N_P_AUTO_PECAS", "ENDEE": "RUA_MIGUEL_FERRAZ_DA_TRINDADE10__PARQUE_TOMAS_SARAIVA_03280-090", "LMAPS": "https://www.google.com/maps?q=&layer=c&cbll=-23.5803115,-46.5398748", "O_QUE_FAZER": "FINALIZADO", "ER_REGIAO_CIDADE_min": "São Paulo_São Lucas" }, "geometry": { "type": "Point", "coordinates": [ -46.5398748, -23.5803115 ] } },
{ "type": "Feature", "properties": { "fid": 76012, "CNPJ": "12160282000173", "IDCIDADE": "SAO_PAULO", "NOMEFANTASIA": "A.A._TEIXEIRA_AGUAS", "RAZAOSOCIAL": "ATLANTICA_AGUAS", "ENDEE": "AVENIDA_DO_ORATORIO3462__MOOCA_03116-000", "LMAPS": "https://www.google.com/maps?q=&layer=c&cbll=-23.5984751,-46.53909", "O_QUE_FAZER": "FINALIZADO", "ER_REGIAO_CIDADE_min": "São Paulo_São Lucas" }, "geometry": { "type": "Point", "coordinates": [ -46.53909, -23.5984751 ] } },
{ "type": "Feature", "properties": { "fid": 76120, "CNPJ": "12197207000187", "IDCIDADE": "SAO_PAULO", "NOMEFANTASIA": "SSX_LANCHONETE", "RAZAOSOCIAL": "SSX_LANCHONETE_LTDA", "ENDEE": "AVENIDA_PROFESSOR_LUIZ_IGNACIO_ANHAIA_MELLO3277__VILA_GRACIOSA_03295-000", "LMAPS": "https://www.google.com/maps?q=&layer=c&cbll=-23.5818883,-46.5622483", "O_QUE_FAZER": "CARTEIRA", "ER_REGIAO_CIDADE_min": "São Paulo_São Lucas" }, "geometry": { "type": "Point", "coordinates": [ -46.5622483, -23.5818883 ] } },
{ "type": "Feature", "properties": { "fid": 76522, "CNPJ": "12284401000280", "IDCIDADE": "SAO_PAULO", "NOMEFANTASIA": "NEW_SS2_MOTORS", "RAZAOSOCIAL": "NEW_SS1PARTS_PECAS_LTDA", "ENDEE": "AVENIDA_VILA_EMA4829__VILA_EMA_03281-001", "LMAPS": "https://www.google.com/maps?q=&layer=c&cbll=-23.5955033,-46.5364833", "O_QUE_FAZER": "CARTEIRA", "ER_REGIAO_CIDADE_min": "São Paulo_São Lucas" }, "geometry": { "type": "Point", "coordinates": [ -46.5364833, -23.5955033 ] } },
{ "type": "Feature", "properties": { "fid": 76665, "CNPJ": "12307928000100", "IDCIDADE": "SAO_PAULO", "NOMEFANTASIA": "SOL_BRASIL_REPAROS_AUTOMOTIVOS", "RAZAOSOCIAL": "SOL_BRASIL_REPAROS_AUTOMOTIVOS", "ENDEE": "AVENIDA_EMA__2730_03282-000", "LMAPS": "https://www.google.com/maps?q=&layer=c&cbll=-23.5828701,-46.5493848", "O_QUE_FAZER": "FINALIZADO", "ER_REGIAO_CIDADE_min": "São Paulo_São Lucas" }, "geometry": { "type": "Point", "coordinates": [ -46.5493848, -23.5828701 ] } },
{ "type": "Feature", "properties": { "fid": 76684, "CNPJ": "12309849000120", "IDCIDADE": "SAO_PAULO", "NOMEFANTASIA": "YAS_MODAS_COMERCIO_DE_ARTIGOS_DO_VESTUARIO_LTDA.", "RAZAOSOCIAL": "YAS_MODAS", "ENDEE": "AVENIDA_DO_ORATORIO4747__MOOCA_03116-000", "LMAPS": "https://www.google.com/maps?q=&layer=c&cbll=-23.6030514,-46.5289274", "O_QUE_FAZER": "FINALIZADO", "ER_REGIAO_CIDADE_min": "São Paulo_São Lucas" }, "geometry": { "type": "Point", "coordinates": [ -46.5289274, -23.6030514 ] } },
{ "type": "Feature", "properties": { "fid": 76820, "CNPJ": "12333026000130", "IDCIDADE": "SAO_PAULO", "NOMEFANTASIA": "DU_CARMO", "RAZAOSOCIAL": "MARIA_DO_CARMO_A._DE_SOUZA", "ENDEE": "AVENIDA_DO_ORATORIO2270__JARDIM_GUAIRACA_03195-000", "LMAPS": "https://www.google.com/maps?q=&layer=c&cbll=-23.5978218,-46.5407777", "O_QUE_FAZER": "CARTEIRA", "ER_REGIAO_CIDADE_min": "São Paulo_São Lucas" }, "geometry": { "type": "Point", "coordinates": [ -46.5407777, -23.5978218 ] } },
{ "type": "Feature", "properties": { "fid": 76826, "CNPJ": "12334164000134", "IDCIDADE": "SAO_PAULO", "NOMEFANTASIA": "IVG_ESCAPAMENTOS_LTDA", "RAZAOSOCIAL": "CORUJAO_ESCAPAMENTOS", "ENDEE": "AVENIDA_DO_ORATORIO4707__MOOCA_03116-000", "LMAPS": "https://www.google.com/maps?q=&layer=c&cbll=-23.6029532,-46.5293241", "O_QUE_FAZER": "FINALIZADO", "ER_REGIAO_CIDADE_min": "São Paulo_São Lucas" }, "geometry": { "type": "Point", "coordinates": [ -46.5293241, -23.6029532 ] } },
{ "type": "Feature", "properties": { "fid": 76849, "CNPJ": "12338072000122", "IDCIDADE": "SAO_PAULO", "NOMEFANTASIA": "SO_CABOS_AUDIO_VIDEO_E_ELETRONICOS_LTDA", "RAZAOSOCIAL": "SO__CABOS", "ENDEE": "AVENIDA_DO_ORATORIO4104__JARDIM_GUAIRACA_03220-200", "LMAPS": "https://www.google.com/maps?q=&layer=c&cbll=-23.6017936,-46.5344849", "O_QUE_FAZER": "FINALIZADO", "ER_REGIAO_CIDADE_min": "São Paulo_São Lucas" }, "geometry": { "type": "Point", "coordinates": [ -46.5344849, -23.6017936 ] } },
{ "type": "Feature", "properties": { "fid": 77037, "CNPJ": "12375501000131", "IDCIDADE": "SAO_PAULO", "NOMEFANTASIA": "MADEREIRA_BOM_PRECO", "RAZAOSOCIAL": "MADEREIRA_BOM_PRECO", "ENDEE": "AVENIDA_EMA__4996_03282-001", "LMAPS": "https://www.google.com/maps?q=&layer=c&cbll=-23.5828701,-46.5493848", "O_QUE_FAZER": "FINALIZADO", "ER_REGIAO_CIDADE_min": "São Paulo_São Lucas" }, "geometry": { "type": "Point", "coordinates": [ -46.5493848, -23.5828701 ] } },
{ "type": "Feature", "properties": { "fid": 77149, "CNPJ": "12394529000116", "IDCIDADE": "SAO_PAULO", "NOMEFANTASIA": "LUXTONE_COMERCIO_DE_MARMORES_E_GRANITOS_LTDA", "RAZAOSOCIAL": "LUXTONE_MARMORES", "ENDEE": "AVENIDA_SAPOPEMBA4808__SAPOPEMBA_03374-000", "LMAPS": "https://www.google.com/maps?q=&layer=c&cbll=-23.5788071,-46.5438867", "O_QUE_FAZER": "FINALIZADO", "ER_REGIAO_CIDADE_min": "São Paulo_São Lucas" }, "geometry": { "type": "Point", "coordinates": [ -46.5438867, -23.5788071 ] } },
{ "type": "Feature", "properties": { "fid": 77240, "CNPJ": "12404658000148", "IDCIDADE": "SAO_PAULO", "NOMEFANTASIA": "RB_TELHADOS_E_COBERTURAS_LTDA", "RAZAOSOCIAL": "R_BIANCO", "ENDEE": "AVENIDA_DO_ORATORIO2524__JARDIM_GUAIRACA_03221-200", "LMAPS": "https://www.google.com/maps?q=&layer=c&cbll=-23.5929641,-46.5453585", "O_QUE_FAZER": "FINALIZADO", "ER_REGIAO_CIDADE_min": "São Paulo_São Lucas" }, "geometry": { "type": "Point", "coordinates": [ -46.5453585, -23.5929641 ] } },
{ "type": "Feature", "properties": { "fid": 77454, "CNPJ": "12440179000187", "IDCIDADE": "SAO_PAULO", "NOMEFANTASIA": "SM_PET_SHOP", "RAZAOSOCIAL": "SM_CORREA_-_PET_SHOP", "ENDEE": "AVENIDA_SAPOPEMBA7999__JARDIM_ADUTORA_03988-010", "LMAPS": "https://www.google.com/maps?q=&layer=c&cbll=-23.6033923,-46.5268935", "O_QUE_FAZER": "CARTEIRA", "ER_REGIAO_CIDADE_min": "São Paulo_São Lucas" }, "geometry": { "type": "Point", "coordinates": [ -46.5268935, -23.6033923 ] } },
{ "type": "Feature", "properties": { "fid": 77565, "CNPJ": "12460926000149", "IDCIDADE": "SAO_PAULO", "NOMEFANTASIA": "MAGAZINE_LEGAL", "RAZAOSOCIAL": "MAGAZINE_LEGAL_LTDA", "ENDEE": "AVENIDA_DO_ORATORIO1937__PARQUE_SAO_LUCAS_03221-100", "LMAPS": "https://www.google.com/maps?q=&layer=c&cbll=-23.5925,-46.547565", "O_QUE_FAZER": "CARTEIRA", "ER_REGIAO_CIDADE_min": "São Paulo_São Lucas" }, "geometry": { "type": "Point", "coordinates": [ -46.547565, -23.5925 ] } },
{ "type": "Feature", "properties": { "fid": 77671, "CNPJ": "12478867000136", "IDCIDADE": "SAO PAULO", "NOMEFANTASIA": "CHAVEIRO_ALEMÃO", "RAZAOSOCIAL": "CHAVEIRO_ALEMÃO", "ENDEE": "DO ORATÓRIO_5088_JARDIM GUAIRACA_SÃO PAULO_03220-200", "LMAPS": "https://www.google.com/maps?q=&layer=c&cbll=-23.6040282,-46.5259464", "O_QUE_FAZER": "FINALIZADO", "ER_REGIAO_CIDADE_min": "São Paulo_São Lucas" }, "geometry": { "type": "Point", "coordinates": [ -46.5259464, -23.6040282 ] } },
{ "type": "Feature", "properties": { "fid": 77765, "CNPJ": "12493600000118", "IDCIDADE": "SAO_PAULO", "NOMEFANTASIA": "CASA_DE_CARNES_GET_MAIS", "RAZAOSOCIAL": "GET_MAIS_ALIMENTOS_E_BEBIDAS_LTDA", "ENDEE": "AVENIDA_SAPOPEMBA6489__SAPOPEMBA_03988-010", "LMAPS": "https://www.google.com/maps?q=&layer=c&cbll=-23.58815,-46.5326767", "O_QUE_FAZER": "CARTEIRA", "ER_REGIAO_CIDADE_min": "São Paulo_São Lucas" }, "geometry": { "type": "Point", "coordinates": [ -46.5326767, -23.58815 ] } },
{ "type": "Feature", "properties": { "fid": 79641, "CNPJ": "12872569000207", "IDCIDADE": "SAO_PAULO", "NOMEFANTASIA": "JOB_IMOBILIARIA", "RAZAOSOCIAL": "JOB_SERVICOS_DE_MARKETING_E_ADMINISTRACAO_IMOBILIARIOS_LTDA", "ENDEE": "AVENIDA_VILA_EMA3418__VILA_EMA_03281-000", "LMAPS": "https://www.google.com/maps?q=&layer=c&cbll=-23.5860176,-46.5452933", "O_QUE_FAZER": "CARTEIRA", "ER_REGIAO_CIDADE_min": "São Paulo_São Lucas" }, "geometry": { "type": "Point", "coordinates": [ -46.5452933, -23.5860176 ] } },
{ "type": "Feature", "properties": { "fid": 79898, "CNPJ": "12931798000174", "IDCIDADE": "SAO_PAULO", "NOMEFANTASIA": "AGNUS_SERVICOS_DE_MARKETING_IMOBILIARIO_LTDA", "RAZAOSOCIAL": "AGNUS_IMOVEIS", "ENDEE": "RUA_FRANCISCO_FETT338__VILA_PAULO_SILAS_03264-000", "LMAPS": "https://www.google.com/maps?q=&layer=c&cbll=-23.5908255,-46.5452633", "O_QUE_FAZER": "FINALIZADO", "ER_REGIAO_CIDADE_min": "São Paulo_São Lucas" }, "geometry": { "type": "Point", "coordinates": [ -46.5452633, -23.5908255 ] } },
{ "type": "Feature", "properties": { "fid": 79925, "CNPJ": "12936959000112", "IDCIDADE": "SAO_PAULO", "NOMEFANTASIA": "MOVEIS_LUA_MACHADO_COMERCIO_DE_MOVEIS_E_UTENSILIOS_LTDA", "RAZAOSOCIAL": "MOVEIS_LUA", "ENDEE": "AVENIDA_DO_ORATORIO4133__JARDIM_GUAIRACA_03221-200", "LMAPS": "https://www.google.com/maps?q=&layer=c&cbll=-23.6015315,-46.5343832", "O_QUE_FAZER": "FINALIZADO", "ER_REGIAO_CIDADE_min": "São Paulo_São Lucas" }, "geometry": { "type": "Point", "coordinates": [ -46.5343832, -23.6015315 ] } },
{ "type": "Feature", "properties": { "fid": 80088, "CNPJ": "12967233000147", "IDCIDADE": "SAO_PAULO", "NOMEFANTASIA": "ROBSON_RUSSO_14900754889", "RAZAOSOCIAL": "CENTRAL_DE_CABELEIREIROS", "ENDEE": "AVENIDA_DO_ORATORIO3109__PARQUE_SAO_LUCAS_03220-100", "LMAPS": "https://www.google.com/maps?q=&layer=c&cbll=-23.5966432,-46.5417464", "O_QUE_FAZER": "FINALIZADO", "ER_REGIAO_CIDADE_min": "São Paulo_São Lucas" }, "geometry": { "type": "Point", "coordinates": [ -46.5417464, -23.5966432 ] } },
{ "type": "Feature", "properties": { "fid": 80129, "CNPJ": "12977916000185", "IDCIDADE": "SAO_PAULO", "NOMEFANTASIA": "TEM_TEMPEROQ", "RAZAOSOCIAL": "FABIO_ALEX_ALVES", "ENDEE": "AVENIDA_DO_ORATORIO1825__PARQUE_SAO_LUCAS_03221-100", "LMAPS": "https://www.google.com/maps?q=&layer=c&cbll=-23.5906924,-46.5513125", "O_QUE_FAZER": "CARTEIRA", "ER_REGIAO_CIDADE_min": "São Paulo_São Lucas" }, "geometry": { "type": "Point", "coordinates": [ -46.5513125, -23.5906924 ] } },
{ "type": "Feature", "properties": { "fid": 80750, "CNPJ": "13101465000180", "IDCIDADE": "SAO_PAULO", "NOMEFANTASIA": "PALMEDINI_AUTO_PECAS", "RAZAOSOCIAL": "VWA_COMERCIO_DE_PECAS_E_SERVICOS_LTDA", "ENDEE": "RUA_OTAVIO_ALVES_DUNDAS299__VILA_IVG_03249-000", "LMAPS": "https://www.google.com/maps?q=&layer=c&cbll=-23.5995698,-46.5342907", "O_QUE_FAZER": "CARTEIRA", "ER_REGIAO_CIDADE_min": "São Paulo_São Lucas" }, "geometry": { "type": "Point", "coordinates": [ -46.5342907, -23.5995698 ] } },
{ "type": "Feature", "properties": { "fid": 80754, "CNPJ": "13102749000191", "IDCIDADE": "SAO_PAULO", "NOMEFANTASIA": "OTTOS_CARNE", "RAZAOSOCIAL": "COMERCIO_DE_CARNES_ANA_CLARA_LTDA", "ENDEE": "RUA_ANA_CLARA574__VILA_MENDES_03257-000", "LMAPS": "https://www.google.com/maps?q=&layer=c&cbll=-23.6121048,-46.5279085", "O_QUE_FAZER": "CARTEIRA", "ER_REGIAO_CIDADE_min": "São Paulo_São Lucas" }, "geometry": { "type": "Point", "coordinates": [ -46.5279085, -23.6121048 ] } },
{ "type": "Feature", "properties": { "fid": 80923, "CNPJ": "13138507000158", "IDCIDADE": "SAO_PAULO", "NOMEFANTASIA": "DCX_VIAGENS_E_TURISMO", "RAZAOSOCIAL": "DCX_VIAGENS_E_TURISMO_LTDA", "ENDEE": "AVENIDA_DO_ORATORIO4500__JARDIM_GUAIRACA_03195-000", "LMAPS": "https://www.google.com/maps?q=&layer=c&cbll=-23.6018807,-46.5311766", "O_QUE_FAZER": "CARTEIRA", "ER_REGIAO_CIDADE_min": "São Paulo_São Lucas" }, "geometry": { "type": "Point", "coordinates": [ -46.5311766, -23.6018807 ] } },
{ "type": "Feature", "properties": { "fid": 82002, "CNPJ": "13341152000108", "IDCIDADE": "SAO_PAULO", "NOMEFANTASIA": "MARCELO_GALLEGO_DOMINGUES", "RAZAOSOCIAL": "MARCELL_CELULARES", "ENDEE": "AVENIDA_DO_ORATORIO4386__VILA_INDEPENDENCIA_03220-000", "LMAPS": "https://www.google.com/maps?q=&layer=c&cbll=-23.6016904,-46.5318817", "O_QUE_FAZER": "FINALIZADO", "ER_REGIAO_CIDADE_min": "São Paulo_São Lucas" }, "geometry": { "type": "Point", "coordinates": [ -46.5318817, -23.6016904 ] } },
{ "type": "Feature", "properties": { "fid": 82175, "CNPJ": "13368554000198", "IDCIDADE": "SAO_PAULO", "NOMEFANTASIA": "MERCADINHO_JOIA", "RAZAOSOCIAL": "DIAMANTINO_DA_MOTA_DOS_SANTOS_MERCADINHO", "ENDEE": "RUA_ANA_CLARA376__VILA_MENDES_03257-000", "LMAPS": "https://www.google.com/maps?q=&layer=c&cbll=-23.6112771,-46.5298489", "O_QUE_FAZER": "CARTEIRA", "ER_REGIAO_CIDADE_min": "São Paulo_São Lucas" }, "geometry": { "type": "Point", "coordinates": [ -46.5298489, -23.6112771 ] } },
{ "type": "Feature", "properties": { "fid": 82474, "CNPJ": "13418482000146", "IDCIDADE": "SAO_PAULO", "NOMEFANTASIA": "ESTETICA_AUTOMOTIVA_AUTO_BRILHO", "RAZAOSOCIAL": "FERNANDO_A._VIEIRA_ESTETICA_FUNILARIA_E_PINTURA_AUTOMOTIVA", "ENDEE": "RUA_COSTA_BARROS1893__SITIO_PINHEIRINHO_03210-001", "LMAPS": "https://www.google.com/maps?q=&layer=c&cbll=-23.6011883,-46.549095", "O_QUE_FAZER": "CARTEIRA", "ER_REGIAO_CIDADE_min": "São Paulo_São Lucas" }, "geometry": { "type": "Point", "coordinates": [ -46.549095, -23.6011883 ] } },
{ "type": "Feature", "properties": { "fid": 82748, "CNPJ": "13463142000137", "IDCIDADE": "SAO_PAULO", "NOMEFANTASIA": "ROSE_ARIELLA_COMERCIO_VAREJISTA_DE_CALCADOS_E_ACESSORIOS_LTDA", "RAZAOSOCIAL": "ARIELLA", "ENDEE": "AVENIDA_SAPOPEMBA5778__SAPOPEMBA_03374-001", "LMAPS": "https://www.google.com/maps?q=&layer=c&cbll=-23.5827561,-46.5356692", "O_QUE_FAZER": "FINALIZADO", "ER_REGIAO_CIDADE_min": "São Paulo_São Lucas" }, "geometry": { "type": "Point", "coordinates": [ -46.5356692, -23.5827561 ] } },
{ "type": "Feature", "properties": { "fid": 82826, "CNPJ": "13478574000111", "IDCIDADE": "SAO_PAULO", "NOMEFANTASIA": "LAVA_RAPIDO_GOLFINHOS", "RAZAOSOCIAL": "SOUSA_RODRIGUES_LAVA_RAPIDO_LTDA", "ENDEE": "RUA_HILEIA_AMAZONICA3275__JARDIM_PANORAMA_03245-000", "LMAPS": "https://www.google.com/maps?q=&layer=c&cbll=-23.6004259,-46.5372907", "O_QUE_FAZER": "CARTEIRA", "ER_REGIAO_CIDADE_min": "São Paulo_São Lucas" }, "geometry": { "type": "Point", "coordinates": [ -46.5372907, -23.6004259 ] } },
{ "type": "Feature", "properties": { "fid": 82995, "CNPJ": "13509232000111", "IDCIDADE": "SAO_PAULO", "NOMEFANTASIA": "UNIVERSO_LUZ", "RAZAOSOCIAL": "UNIVERSO_DA_LUZ_ILUMINACAO_E_ELETRICA_LTDA", "ENDEE": "AVENIDA_DO_ORATORIO2829__PARQUE_SAO_LUCAS_03221-100", "LMAPS": "https://www.google.com/maps?q=&layer=c&cbll=-23.5949469,-46.5435481", "O_QUE_FAZER": "CARTEIRA", "ER_REGIAO_CIDADE_min": "São Paulo_São Lucas" }, "geometry": { "type": "Point", "coordinates": [ -46.5435481, -23.5949469 ] } },
{ "type": "Feature", "properties": { "fid": 83021, "CNPJ": "13512910000103", "IDCIDADE": "SAO_PAULO", "NOMEFANTASIA": "PADARIA_LUA_CHEIA", "RAZAOSOCIAL": "A.J._OLIVEIRA_COSTA_LANCHONETE_LTDA", "ENDEE": "RUA_ANA_CLARA526__VILA_MENDES_03257-000", "LMAPS": "https://www.google.com/maps?q=&layer=c&cbll=-23.6119132,-46.5283072", "O_QUE_FAZER": "CARTEIRA", "ER_REGIAO_CIDADE_min": "São Paulo_São Lucas" }, "geometry": { "type": "Point", "coordinates": [ -46.5283072, -23.6119132 ] } },
{ "type": "Feature", "properties": { "fid": 83070, "CNPJ": "13519367000168", "IDCIDADE": "SAO PAULO", "NOMEFANTASIA": null, "RAZAOSOCIAL": "FEMAGI_TRATORES_SERVICOS_DE_MANUTENCAO_E_LOCACAO_DE_MAQUINAS_LTDA.", "ENDEE": "RUA DOUTOR ARNALDO BARBOSA, 204, VILA DARLI, 03262-080, SÃO PAULO, SP, BRASIL", "LMAPS": "https://www.google.com/maps?q=&layer=c&cbll=-23.5897777,-46.54876", "O_QUE_FAZER": "CARTEIRA - FAMPE", "ER_REGIAO_CIDADE_min": "São Paulo_São Lucas" }, "geometry": { "type": "Point", "coordinates": [ -46.54876, -23.5897777 ] } },
{ "type": "Feature", "properties": { "fid": 83350, "CNPJ": "13566238000120", "IDCIDADE": "SAO_PAULO", "NOMEFANTASIA": "REFRICAR", "RAZAOSOCIAL": "F.G_GARCIA_MECANICA_E_RETIFICA", "ENDEE": "RUA_HERWIS35__VILA_EMA_03279-000", "LMAPS": "https://www.google.com/maps?q=&layer=c&cbll=-23.5804047,-46.5398568", "O_QUE_FAZER": "CARTEIRA", "ER_REGIAO_CIDADE_min": "São Paulo_São Lucas" }, "geometry": { "type": "Point", "coordinates": [ -46.5398568, -23.5804047 ] } },
{ "type": "Feature", "properties": { "fid": 83355, "CNPJ": "13566824000175", "IDCIDADE": "SAO_PAULO", "NOMEFANTASIA": "IVIO_GOMES_REIS_33476112845", "RAZAOSOCIAL": "IVO_GOMES_HAIRSTYLET", "ENDEE": "AVENIDA_DO_ORATORIO2516__PARQUE_SAO_LUCAS_03220-100", "LMAPS": "https://www.google.com/maps?q=&layer=c&cbll=-23.5928996,-46.5454218", "O_QUE_FAZER": "FINALIZADO", "ER_REGIAO_CIDADE_min": "São Paulo_São Lucas" }, "geometry": { "type": "Point", "coordinates": [ -46.5454218, -23.5928996 ] } },
{ "type": "Feature", "properties": { "fid": 83652, "CNPJ": "13618238000127", "IDCIDADE": "SAO_PAULO", "NOMEFANTASIA": "EDIVANIA_CAMILO_DE_SALES_DA_SILVA_98989359449", "RAZAOSOCIAL": "VITORIA_MODAS", "ENDEE": "RUA_IRMA_MARIA_UMBELINA34__VILA_CUNHA_BUENO_03256-020", "LMAPS": "https://www.google.com/maps?q=&layer=c&cbll=-23.6090159,-46.5287918", "O_QUE_FAZER": "FINALIZADO", "ER_REGIAO_CIDADE_min": "São Paulo_São Lucas" }, "geometry": { "type": "Point", "coordinates": [ -46.5287918, -23.6090159 ] } },
{ "type": "Feature", "properties": { "fid": 83658, "CNPJ": "13618895000174", "IDCIDADE": "SAO_PAULO", "NOMEFANTASIA": null, "RAZAOSOCIAL": "BARCELINI_&_BARCELINI_REBOQUE_DE_VEICULOS_LTDA.", "ENDEE": "RUA_PRINCESA MARIA PIA_217_VILA PRUDENTE_03274-120_SAO_PAULO", "LMAPS": "https://www.google.com/maps?q=&layer=c&cbll=-23.5779283,-46.5551167", "O_QUE_FAZER": "FINALIZADO", "ER_REGIAO_CIDADE_min": "São Paulo_São Lucas" }, "geometry": { "type": "Point", "coordinates": [ -46.5551167, -23.5779283 ] } },
{ "type": "Feature", "properties": { "fid": 84146, "CNPJ": "13710433000182", "IDCIDADE": "SAO_PAULO", "NOMEFANTASIA": "POINT_DA_BICHARADA", "RAZAOSOCIAL": "PET_SHOP_NOSSA_SENHORA_DAS_GRACAS_LTDA", "ENDEE": "AVENIDA_DO_ORATORIO1705__PARQUE_SAO_LUCAS_03221-100", "LMAPS": "https://www.google.com/maps?q=&layer=c&cbll=-23.5900664,-46.5522087", "O_QUE_FAZER": "CARTEIRA", "ER_REGIAO_CIDADE_min": "São Paulo_São Lucas" }, "geometry": { "type": "Point", "coordinates": [ -46.5522087, -23.5900664 ] } },
{ "type": "Feature", "properties": { "fid": 84194, "CNPJ": "13720476000149", "IDCIDADE": "SAO_PAULO", "NOMEFANTASIA": "FUSION_PARTS", "RAZAOSOCIAL": "FUSION_DESMONTE_DE_VEICULOS_E_COMERCIO_DE_PECAS_AUTOMOTIVAS_EM_GERAL_LTDA", "ENDEE": "RUA_NOVA_TIMBOTEUA261__VILA_NOVA_PAULICEIA_03267-150", "LMAPS": "https://www.google.com/maps?q=&layer=c&cbll=-23.59975,-46.5303783", "O_QUE_FAZER": "FINALIZADO", "ER_REGIAO_CIDADE_min": "São Paulo_São Lucas" }, "geometry": { "type": "Point", "coordinates": [ -46.5303783, -23.59975 ] } },
{ "type": "Feature", "properties": { "fid": 84929, "CNPJ": "13860013000182", "IDCIDADE": "SAO_PAULO", "NOMEFANTASIA": "DROGARIA_MAIS_AMOR", "RAZAOSOCIAL": "M.C.A._DROGARIA_LTDA", "ENDEE": "AVENIDA_VILA_EMA1452__VILA_PRUDENTE_03156-001", "LMAPS": "https://www.google.com/maps?q=&layer=c&cbll=-23.5814093,-46.5627318", "O_QUE_FAZER": "CARTEIRA", "ER_REGIAO_CIDADE_min": "São Paulo_São Lucas" }, "geometry": { "type": "Point", "coordinates": [ -46.5627318, -23.5814093 ] } },
{ "type": "Feature", "properties": { "fid": 84930, "CNPJ": "13860014000127", "IDCIDADE": "SAO_PAULO", "NOMEFANTASIA": "RADIADORES_SAO_LUCAS", "RAZAOSOCIAL": "RADIADORES_SAO_LUCAS_LTDA", "ENDEE": "AVENIDA_DO_ORATORIO3191__JARDIM_GUAIRACA_03195-000", "LMAPS": "https://www.google.com/maps?q=&layer=c&cbll=-23.5973694,-46.5412328", "O_QUE_FAZER": "CARTEIRA", "ER_REGIAO_CIDADE_min": "São Paulo_São Lucas" }, "geometry": { "type": "Point", "coordinates": [ -46.5412328, -23.5973694 ] } },
{ "type": "Feature", "properties": { "fid": 85050, "CNPJ": "13890386000104", "IDCIDADE": "SAO_PAULO", "NOMEFANTASIA": "CALHAS_PIAUI", "RAZAOSOCIAL": "CALHAS_E_COIFAS_PIAUI_LTDA", "ENDEE": "AVENIDA_DO_ORATORIO1664__PARQUE_SAO_LUCAS_03220-100", "LMAPS": "https://www.google.com/maps?q=&layer=c&cbll=-23.5900735,-46.5525016", "O_QUE_FAZER": "CARTEIRA", "ER_REGIAO_CIDADE_min": "São Paulo_São Lucas" }, "geometry": { "type": "Point", "coordinates": [ -46.5525016, -23.5900735 ] } },
{ "type": "Feature", "properties": { "fid": 85849, "CNPJ": "14061663000120", "IDCIDADE": "SAO_PAULO", "NOMEFANTASIA": "EVOLUTION_MOTO_PARTS", "RAZAOSOCIAL": "HEBER_PEREIRA_MOTOPARTS", "ENDEE": "AVENIDA_PROFESSOR_LUIZ_IGNACIO_ANHAIA_MELLO4402__JARDIM_INDEPENDENCIA_03265-000", "LMAPS": "https://www.google.com/maps?q=&layer=c&cbll=-23.5835861,-46.5516088", "O_QUE_FAZER": "CARTEIRA", "ER_REGIAO_CIDADE_min": "São Paulo_São Lucas" }, "geometry": { "type": "Point", "coordinates": [ -46.5516088, -23.5835861 ] } },
{ "type": "Feature", "properties": { "fid": 85971, "CNPJ": "14083634000160", "IDCIDADE": "SAO PAULO", "NOMEFANTASIA": "OPTIMUS_LOGISTICA_INTEGRADA", "RAZAOSOCIAL": "OPTIMUNS_TRANSPORTES_LTDA", "ENDEE": "RUA FAVA DE LOBO, 199, JARDIM GUAIRACA, 03244-080, SÃO PAULO, SP, BRASIL", "LMAPS": "https://www.google.com/maps?q=&layer=c&cbll=-23.6034285,-46.5399404", "O_QUE_FAZER": "CARTEIRA - FAMPE", "ER_REGIAO_CIDADE_min": "São Paulo_São Lucas" }, "geometry": { "type": "Point", "coordinates": [ -46.5399404, -23.6034285 ] } },
{ "type": "Feature", "properties": { "fid": 86378, "CNPJ": "14160368000121", "IDCIDADE": "SAO_PAULO", "NOMEFANTASIA": "HORA_DE_LANCHAR", "RAZAOSOCIAL": "HORA_DE_LANCHAR", "ENDEE": "VILA_EMA3867__VILA_EMA_03281-001", "LMAPS": "https://www.google.com/maps?q=&layer=c&cbll=-23.5828701,-46.5493848", "O_QUE_FAZER": "FINALIZADO", "ER_REGIAO_CIDADE_min": "São Paulo_São Lucas" }, "geometry": { "type": "Point", "coordinates": [ -46.5493848, -23.5828701 ] } },
{ "type": "Feature", "properties": { "fid": 86553, "CNPJ": "14196469000152", "IDCIDADE": "SAO_PAULO", "NOMEFANTASIA": "TECNOTICA", "RAZAOSOCIAL": "TECNOTICA_REPRESENTACAO_E_COMERCIO_LTDA", "ENDEE": "AVENIDA_DO_ORATORIO5600__JARDIM_ANGELA_03195-000", "LMAPS": "https://www.google.com/maps?q=&layer=c&cbll=-23.606149,-46.5225247", "O_QUE_FAZER": "CARTEIRA", "ER_REGIAO_CIDADE_min": "São Paulo_São Lucas" }, "geometry": { "type": "Point", "coordinates": [ -46.5225247, -23.606149 ] } },
{ "type": "Feature", "properties": { "fid": 86559, "CNPJ": "14198409000179", "IDCIDADE": "SAO_PAULO", "NOMEFANTASIA": "ANHAIA_MELLO_DESMONTE", "RAZAOSOCIAL": "ANHAIA_MELLO_DESMONTE_DE_VEICULOS_LTDA", "ENDEE": "AVENIDA_PROFESSOR_LUIZ_IGNACIO_ANHAIA_MELLO6411__VILA_DIVINA_PASTORA_03266-000", "LMAPS": "https://www.google.com/maps?q=&layer=c&cbll=-23.5948332,-46.5378582", "O_QUE_FAZER": "APLICAR T4", "ER_REGIAO_CIDADE_min": "São Paulo_São Lucas" }, "geometry": { "type": "Point", "coordinates": [ -46.5378582, -23.5948332 ] } },
{ "type": "Feature", "properties": { "fid": 87088, "CNPJ": "14304186000187", "IDCIDADE": "SAO_PAULO", "NOMEFANTASIA": "NANUXMETAL", "RAZAOSOCIAL": "NANUXMETAL_COMERCIO_DE_MATERIAIS_LTDA", "ENDEE": "AVENIDA_DO_ORATORIO4861__JARDIM_GUAIRACA_03195-000", "LMAPS": "https://www.google.com/maps?q=&layer=c&cbll=-23.6029326,-46.5278523", "O_QUE_FAZER": "CARTEIRA", "ER_REGIAO_CIDADE_min": "São Paulo_São Lucas" }, "geometry": { "type": "Point", "coordinates": [ -46.5278523, -23.6029326 ] } },
{ "type": "Feature", "properties": { "fid": 87394, "CNPJ": "14364239000155", "IDCIDADE": "SAO_PAULO", "NOMEFANTASIA": "EFICAZ_VISTORIAS", "RAZAOSOCIAL": "EFICAZ_VISTORIA_VEICULAR_LTDA.", "ENDEE": "AVENIDA_PROFESSOR_LUIZ_IGNACIO_ANHAIA_MELLO5160__JARDIM_INDEPENDENCIA_03265-000", "LMAPS": "https://www.google.com/maps?q=&layer=c&cbll=-23.5943617,-46.5497017", "O_QUE_FAZER": "CARTEIRA", "ER_REGIAO_CIDADE_min": "São Paulo_São Lucas" }, "geometry": { "type": "Point", "coordinates": [ -46.5497017, -23.5943617 ] } },
{ "type": "Feature", "properties": { "fid": 87559, "CNPJ": "14399963000114", "IDCIDADE": "SAO_PAULO", "NOMEFANTASIA": "GILSON_CARLOS_DALHIO_10039918823", "RAZAOSOCIAL": "GILSON_MATERIAIS_DE_CONSTRUCAO", "ENDEE": "RUA_FRANCISCO_FETT389__VILA_PAULO_SILAS_03264-000", "LMAPS": "https://www.google.com/maps?q=&layer=c&cbll=-23.5913729,-46.5451456", "O_QUE_FAZER": "FINALIZADO", "ER_REGIAO_CIDADE_min": "São Paulo_São Lucas" }, "geometry": { "type": "Point", "coordinates": [ -46.5451456, -23.5913729 ] } },
{ "type": "Feature", "properties": { "fid": 88012, "CNPJ": "14487966000100", "IDCIDADE": "SAO_PAULO", "NOMEFANTASIA": "DRAGAO_IMOVEIS", "RAZAOSOCIAL": "DRAGAO_IMOVEIS_LTDA", "ENDEE": "AVENIDA_DO_ORATORIO4380__JARDIM_GUAIRACA_03195-000", "LMAPS": "https://www.google.com/maps?q=&layer=c&cbll=-23.6015695,-46.5319928", "O_QUE_FAZER": "CARTEIRA", "ER_REGIAO_CIDADE_min": "São Paulo_São Lucas" }, "geometry": { "type": "Point", "coordinates": [ -46.5319928, -23.6015695 ] } },
{ "type": "Feature", "properties": { "fid": 88591, "CNPJ": "14604587000152", "IDCIDADE": "SAO_PAULO", "NOMEFANTASIA": "OISHI_PASTEL", "RAZAOSOCIAL": "OISHI_PASTEL_E_YAKISSOBA_LTDA", "ENDEE": "AVENIDA_DO_ORATORIO4500__JARDIM_GUAIRACA_03220-200", "LMAPS": "https://www.google.com/maps?q=&layer=c&cbll=-23.602184,-46.5306882", "O_QUE_FAZER": "CARTEIRA", "ER_REGIAO_CIDADE_min": "São Paulo_São Lucas" }, "geometry": { "type": "Point", "coordinates": [ -46.5306882, -23.602184 ] } },
{ "type": "Feature", "properties": { "fid": 88879, "CNPJ": "14668835000129", "IDCIDADE": "SAO_PAULO", "NOMEFANTASIA": "FLEX_ACESSORIOS", "RAZAOSOCIAL": "PATRIK_DE_LUCAS_ROCHA_CUNHA", "ENDEE": "AVENIDA_VILA_EMA3670__VILA_EMA_03282-000", "LMAPS": "https://www.google.com/maps?q=&layer=c&cbll=-23.5878153,-46.5439003", "O_QUE_FAZER": "CARTEIRA", "ER_REGIAO_CIDADE_min": "São Paulo_São Lucas" }, "geometry": { "type": "Point", "coordinates": [ -46.5439003, -23.5878153 ] } },
{ "type": "Feature", "properties": { "fid": 88927, "CNPJ": "14681400000114", "IDCIDADE": "SAO_PAULO", "NOMEFANTASIA": "BOCHICHO_MODAS", "RAZAOSOCIAL": "VERA_LUCIA_MARTINES_MODAS_LTDA", "ENDEE": "AVENIDA_DO_ORATORIO1787__PARQUE_SAO_LUCAS_03221-100", "LMAPS": "https://www.google.com/maps?q=&layer=c&cbll=-23.5872633,-46.54982", "O_QUE_FAZER": "CARTEIRA", "ER_REGIAO_CIDADE_min": "São Paulo_São Lucas" }, "geometry": { "type": "Point", "coordinates": [ -46.54982, -23.5872633 ] } },
{ "type": "Feature", "properties": { "fid": 89274, "CNPJ": "14746726000182", "IDCIDADE": "SAO_PAULO", "NOMEFANTASIA": "ANA_PAULA_BALESTRA_QUADRADO_22647799857", "RAZAOSOCIAL": "ISOTICA", "ENDEE": "RUA_FRANCISCO_FETT312__VILA_PAULO_SILAS_03264-000", "LMAPS": "https://www.google.com/maps?q=&layer=c&cbll=-23.5906133,-46.5451836", "O_QUE_FAZER": "FINALIZADO", "ER_REGIAO_CIDADE_min": "São Paulo_São Lucas" }, "geometry": { "type": "Point", "coordinates": [ -46.5451836, -23.5906133 ] } },
{ "type": "Feature", "properties": { "fid": 89370, "CNPJ": "14767079000195", "IDCIDADE": "SAO_PAULO", "NOMEFANTASIA": "LEPE_BATERIAS", "RAZAOSOCIAL": "LEPE_COMERCIO_DE_BATERIAS_LTDA", "ENDEE": "RUA_COSTA_BARROS2663__SITIO_PINHEIRINHO_03210-001", "LMAPS": "https://www.google.com/maps?q=&layer=c&cbll=-23.6022437,-46.5428279", "O_QUE_FAZER": "CARTEIRA", "ER_REGIAO_CIDADE_min": "São Paulo_São Lucas" }, "geometry": { "type": "Point", "coordinates": [ -46.5428279, -23.6022437 ] } },
{ "type": "Feature", "properties": { "fid": 89731, "CNPJ": "14843555000100", "IDCIDADE": "SAO_PAULO", "NOMEFANTASIA": "R.S_EMBALAGENS", "RAZAOSOCIAL": "ROGERIO_SABINO_DA_SILVA", "ENDEE": "AVENIDA_VILA_EMA3535__VILA_EMA_03156-000", "LMAPS": "https://www.google.com/maps?q=&layer=c&cbll=-23.5867854,-46.5449031", "O_QUE_FAZER": "CARTEIRA", "ER_REGIAO_CIDADE_min": "São Paulo_São Lucas" }, "geometry": { "type": "Point", "coordinates": [ -46.5449031, -23.5867854 ] } },
{ "type": "Feature", "properties": { "fid": 90257, "CNPJ": "14973744000105", "IDCIDADE": "SAO_PAULO", "NOMEFANTASIA": "VELOTRIP_PRECISAO_EM_VELOCIMETROS_DIGITAIS", "RAZAOSOCIAL": "AL2_MOTORS_LTDA", "ENDEE": "FRANCISCO FETT, 49, VILA PAULO SILAS, 03264-000, SÃO PAULO_03264-000", "LMAPS": "https://www.google.com/maps?q=&layer=c&cbll=-23.5886629,-46.543692", "O_QUE_FAZER": "FINALIZADO", "ER_REGIAO_CIDADE_min": "São Paulo_São Lucas" }, "geometry": { "type": "Point", "coordinates": [ -46.543692, -23.5886629 ] } },
{ "type": "Feature", "properties": { "fid": 90352, "CNPJ": "14997421000143", "IDCIDADE": "SAO_PAULO", "NOMEFANTASIA": "TALTEK_VILA_EMA", "RAZAOSOCIAL": "TECNOLOGIA_EM_PLACAS_ELETRONICAS_LTDA", "ENDEE": "AVENIDA_VILA_EMA3255__VILA_EMA_03284-030", "LMAPS": "https://www.google.com/maps?q=&layer=c&cbll=-23.585302,-46.5464364", "O_QUE_FAZER": "FINALIZADO", "ER_REGIAO_CIDADE_min": "São Paulo_São Lucas" }, "geometry": { "type": "Point", "coordinates": [ -46.5464364, -23.585302 ] } },
{ "type": "Feature", "properties": { "fid": 90370, "CNPJ": "15000071000161", "IDCIDADE": "SAO_PAULO", "NOMEFANTASIA": "15.000.071_SANDRO_SILVA_KAZUO_MAGARIO", "RAZAOSOCIAL": "ELEMTS_STUDIO", "ENDEE": "AVENIDA_MORAIS_COSTA235__VILA_INDUSTRIAL_03253-000", "LMAPS": "https://www.google.com/maps?q=&layer=c&cbll=-23.6051569,-46.5301163", "O_QUE_FAZER": "FINALIZADO", "ER_REGIAO_CIDADE_min": "São Paulo_São Lucas" }, "geometry": { "type": "Point", "coordinates": [ -46.5301163, -23.6051569 ] } },
{ "type": "Feature", "properties": { "fid": 90408, "CNPJ": "15007327000162", "IDCIDADE": "SAO_PAULO", "NOMEFANTASIA": "ALESSANDRA_MARIA_DOS_SANTOS_PAPELARIA", "RAZAOSOCIAL": "LOJINHA_DA_ALE", "ENDEE": "AVENIDA_DO_ORATORIO4154__MOOCA_03116-000", "LMAPS": "https://www.google.com/maps?q=&layer=c&cbll=-23.6017057,-46.5341459", "O_QUE_FAZER": "FINALIZADO", "ER_REGIAO_CIDADE_min": "São Paulo_São Lucas" }, "geometry": { "type": "Point", "coordinates": [ -46.5341459, -23.6017057 ] } },
{ "type": "Feature", "properties": { "fid": 90830, "CNPJ": "15093989000100", "IDCIDADE": "SAO_PAULO", "NOMEFANTASIA": "MAURO_CELSON_VIEIRA_74197606320", "RAZAOSOCIAL": "PIAUI_CABELEIREIROS", "ENDEE": "AVENIDA_MORAIS_COSTA243__VILA_INDUSTRIAL_03253-000", "LMAPS": "https://www.google.com/maps?q=&layer=c&cbll=-23.6051497,-46.5302224", "O_QUE_FAZER": "FINALIZADO", "ER_REGIAO_CIDADE_min": "São Paulo_São Lucas" }, "geometry": { "type": "Point", "coordinates": [ -46.5302224, -23.6051497 ] } },
{ "type": "Feature", "properties": { "fid": 91857, "CNPJ": "15308146000176", "IDCIDADE": "SAO_PAULO", "NOMEFANTASIA": "ALEXANDRE_RODRIGUES_NOVAES", "RAZAOSOCIAL": "ART_VITORIA", "ENDEE": "AVENIDA_SAPOPEMBA4430__SAPOPEMBA_03374-000", "LMAPS": "https://www.google.com/maps?q=&layer=c&cbll=-23.5778523,-46.5474211", "O_QUE_FAZER": "FINALIZADO", "ER_REGIAO_CIDADE_min": "São Paulo_São Lucas" }, "geometry": { "type": "Point", "coordinates": [ -46.5474211, -23.5778523 ] } },
{ "type": "Feature", "properties": { "fid": 92068, "CNPJ": "15345443000191", "IDCIDADE": "SAO_PAULO", "NOMEFANTASIA": "LE_VERO_RESTAURANTE", "RAZAOSOCIAL": "CASA_LE_VERO_RESTAURANTE_LTDA", "ENDEE": "RUA_COSTA_BARROS1984__SITIO_PINHEIRINHO_03210-001", "LMAPS": "https://www.google.com/maps?q=&layer=c&cbll=-23.6010555,-46.5494054", "O_QUE_FAZER": "CARTEIRA", "ER_REGIAO_CIDADE_min": "São Paulo_São Lucas" }, "geometry": { "type": "Point", "coordinates": [ -46.5494054, -23.6010555 ] } },
{ "type": "Feature", "properties": { "fid": 92798, "CNPJ": "15509548000139", "IDCIDADE": "SAO_PAULO", "NOMEFANTASIA": "UNIVERSO_CALCADOS", "RAZAOSOCIAL": "LDR_CALCADOS_LTDA", "ENDEE": "AVENIDA_SAO_LUCAS93__PARQUE_SAO_LUCAS_03239-000", "LMAPS": "https://www.google.com/maps?q=&layer=c&cbll=-23.5938075,-46.5466103", "O_QUE_FAZER": "CARTEIRA", "ER_REGIAO_CIDADE_min": "São Paulo_São Lucas" }, "geometry": { "type": "Point", "coordinates": [ -46.5466103, -23.5938075 ] } },
{ "type": "Feature", "properties": { "fid": 93245, "CNPJ": "15604773000154", "IDCIDADE": "SAO_PAULO", "NOMEFANTASIA": "ART_FM", "RAZAOSOCIAL": "M._DAS_GRACAS_SANTIAGO_TEXTURA_E_GRAFIATO", "ENDEE": "RUA_GOMES719__VILA_IVONE_03275-010", "LMAPS": "https://www.google.com/maps?q=&layer=c&cbll=-23.5795608,-46.552413", "O_QUE_FAZER": "CARTEIRA", "ER_REGIAO_CIDADE_min": "São Paulo_São Lucas" }, "geometry": { "type": "Point", "coordinates": [ -46.552413, -23.5795608 ] } },
{ "type": "Feature", "properties": { "fid": 93675, "CNPJ": "15694528000185", "IDCIDADE": "SAO_PAULO", "NOMEFANTASIA": "MARIA_JANIELE_SOUSA_DE_LIRA_02413151311", "RAZAOSOCIAL": "FIOS_E_FORMAS", "ENDEE": "AVENIDA_MORAIS_COSTA280__VILA_INDUSTRIAL_03253-000", "LMAPS": "https://www.google.com/maps?q=&layer=c&cbll=-23.6053303,-46.5305918", "O_QUE_FAZER": "FINALIZADO", "ER_REGIAO_CIDADE_min": "São Paulo_São Lucas" }, "geometry": { "type": "Point", "coordinates": [ -46.5305918, -23.6053303 ] } },
{ "type": "Feature", "properties": { "fid": 93774, "CNPJ": "15715749000192", "IDCIDADE": "SAO_PAULO", "NOMEFANTASIA": "ROBERTO_MASI_10153434813", "RAZAOSOCIAL": "AVICULTURA_TEMPLARIOS", "ENDEE": "AVENIDA_DO_ORATORIO3327__JARDIM_GUAIRACA_03220-200", "LMAPS": "https://www.google.com/maps?q=&layer=c&cbll=-23.5979298,-46.540087", "O_QUE_FAZER": "FINALIZADO", "ER_REGIAO_CIDADE_min": "São Paulo_São Lucas" }, "geometry": { "type": "Point", "coordinates": [ -46.540087, -23.5979298 ] } },
{ "type": "Feature", "properties": { "fid": 93855, "CNPJ": "15733441000170", "IDCIDADE": "SAO_PAULO", "NOMEFANTASIA": "THOR_EXPLOD", "RAZAOSOCIAL": "HB_COMERCIO_DE_SUPLEMENTOS_E_VESTUARIOS_LTDA", "ENDEE": "AVENIDA_DO_ORATORIO1654__PARQUE_SAO_LUCAS_03195-000", "LMAPS": "https://www.google.com/maps?q=&layer=c&cbll=-23.5898637,-46.5527042", "O_QUE_FAZER": "CARTEIRA", "ER_REGIAO_CIDADE_min": "São Paulo_São Lucas" }, "geometry": { "type": "Point", "coordinates": [ -46.5527042, -23.5898637 ] } },
{ "type": "Feature", "properties": { "fid": 94486, "CNPJ": "16434394000126", "IDCIDADE": "SAO_PAULO", "NOMEFANTASIA": "BAR_E_LANCHES_TURMA_DO_PETISCO", "RAZAOSOCIAL": "JOSE_EDVAR_GOMES", "ENDEE": "AVENIDA_VILA_EMA2693__VILA_EMA_03156-000", "LMAPS": "https://www.google.com/maps?q=&layer=c&cbll=-23.5825834,-46.5508527", "O_QUE_FAZER": "CARTEIRA", "ER_REGIAO_CIDADE_min": "São Paulo_São Lucas" }, "geometry": { "type": "Point", "coordinates": [ -46.5508527, -23.5825834 ] } },
{ "type": "Feature", "properties": { "fid": 94653, "CNPJ": "16513121000177", "IDCIDADE": "SAO PAULO", "NOMEFANTASIA": "DELTAKIT", "RAZAOSOCIAL": "DELTAKIT_PECAS_AUTOMOTIVAS_LTDA", "ENDEE": "RUA ANTONIO BAIAO, 112, VILA SANTA CLARA, 03274-040, SÃO PAULO, SP, BRASIL", "LMAPS": "https://www.google.com/maps?q=&layer=c&cbll=-23.5801609,-46.5566215", "O_QUE_FAZER": "CARTEIRA - FAMPE", "ER_REGIAO_CIDADE_min": "São Paulo_São Lucas" }, "geometry": { "type": "Point", "coordinates": [ -46.5566215, -23.5801609 ] } },
{ "type": "Feature", "properties": { "fid": 95043, "CNPJ": "16613828000155", "IDCIDADE": "SAO_PAULO", "NOMEFANTASIA": "JAIME_DOS_SANTOS_MARMORARIA", "RAZAOSOCIAL": "JAIME_DOS_SANTOS_OLIVEIRA_MARMORARIA", "ENDEE": "AVENIDA_VILA_EMA3381__VILA_EMA_03281-000", "LMAPS": "https://www.google.com/maps?q=&layer=c&cbll=-23.5855487,-46.5456222", "O_QUE_FAZER": "FINALIZADO", "ER_REGIAO_CIDADE_min": "São Paulo_São Lucas" }, "geometry": { "type": "Point", "coordinates": [ -46.5456222, -23.5855487 ] } },
{ "type": "Feature", "properties": { "fid": 95206, "CNPJ": "16640379000134", "IDCIDADE": "SAO_PAULO", "NOMEFANTASIA": "T_AUDIO", "RAZAOSOCIAL": "T-AUDIO_SERVICOS_AUTOMOTIVOS_LTDA", "ENDEE": "RUA_HERWIS891__VILA_EMA_03279-000", "LMAPS": "https://www.google.com/maps?q=&layer=c&cbll=-23.5874498,-46.5432096", "O_QUE_FAZER": "CARTEIRA", "ER_REGIAO_CIDADE_min": "São Paulo_São Lucas" }, "geometry": { "type": "Point", "coordinates": [ -46.5432096, -23.5874498 ] } },
{ "type": "Feature", "properties": { "fid": 95834, "CNPJ": "16791391000140", "IDCIDADE": "SAO_PAULO", "NOMEFANTASIA": "VENTOS_DA_SORTE_LOTERIAS", "RAZAOSOCIAL": "VENTOS_DA_SORTE_LOTERIAS_LTDA", "ENDEE": "RUA_ANA_CLARA369__VILA_MENDES_03257-000", "LMAPS": "https://www.google.com/maps?q=&layer=c&cbll=-23.6110661,-46.5298914", "O_QUE_FAZER": "CARTEIRA", "ER_REGIAO_CIDADE_min": "São Paulo_São Lucas" }, "geometry": { "type": "Point", "coordinates": [ -46.5298914, -23.6110661 ] } },
{ "type": "Feature", "properties": { "fid": 96427, "CNPJ": "16900627000139", "IDCIDADE": "SAO PAULO", "NOMEFANTASIA": "CALLARTS_ADESIVOS", "RAZAOSOCIAL": "CALLARTS_COMUNICACAO_VISUAL_LTDA", "ENDEE": "RUA EDMUNDO JUVENTINO FUENTES, 139, PARQUE TOMAS SARAIVA, 03280-000, SÃO PAULO, SP, BRASIL", "LMAPS": "https://www.google.com/maps?q=&layer=c&cbll=-23.5845294,-46.5367654", "O_QUE_FAZER": "FINALIZADO", "ER_REGIAO_CIDADE_min": "São Paulo_São Lucas" }, "geometry": { "type": "Point", "coordinates": [ -46.5367654, -23.5845294 ] } },
{ "type": "Feature", "properties": { "fid": 96853, "CNPJ": "16990447000195", "IDCIDADE": "SAO_PAULO", "NOMEFANTASIA": "TOK_DE_BELEZA", "RAZAOSOCIAL": "EDILCE_FERNANDES_DA_SILVA_SALAO_DE_BELEZA", "ENDEE": "RUA_UHLAND498__VILA_EMA_03283-000", "LMAPS": "https://www.google.com/maps?q=&layer=c&cbll=-23.5895327,-46.5389852", "O_QUE_FAZER": "CARTEIRA", "ER_REGIAO_CIDADE_min": "São Paulo_São Lucas" }, "geometry": { "type": "Point", "coordinates": [ -46.5389852, -23.5895327 ] } },
{ "type": "Feature", "properties": { "fid": 97707, "CNPJ": "17150322000110", "IDCIDADE": "SAO_PAULO", "NOMEFANTASIA": "JABA_BRASIL", "RAZAOSOCIAL": "ANTONIO_JOSE_DOS_SANTOS_EMPORIO", "ENDEE": "AVENIDA_DO_ORATORIO4378__JARDIM_GUAIRACA_03195-000", "LMAPS": "https://www.google.com/maps?q=&layer=c&cbll=-23.6021352,-46.5302758", "O_QUE_FAZER": "CARTEIRA", "ER_REGIAO_CIDADE_min": "São Paulo_São Lucas" }, "geometry": { "type": "Point", "coordinates": [ -46.5302758, -23.6021352 ] } },
{ "type": "Feature", "properties": { "fid": 98216, "CNPJ": "17250495000100", "IDCIDADE": "SAO_PAULO", "NOMEFANTASIA": "FLEX_ACESSORIOS", "RAZAOSOCIAL": "FLEX_ACESSORIOS", "ENDEE": "AVENIDA_PROFESSOR_LUIZ_IGNACIO_ANHAIA_MELLO__5441_03155-100", "LMAPS": "https://www.google.com/maps?q=&layer=c&cbll=-23.5892885,-46.5437064", "O_QUE_FAZER": "FINALIZADO", "ER_REGIAO_CIDADE_min": "São Paulo_São Lucas" }, "geometry": { "type": "Point", "coordinates": [ -46.5437064, -23.5892885 ] } },
{ "type": "Feature", "properties": { "fid": 98410, "CNPJ": "17285486000154", "IDCIDADE": "SAO PAULO", "NOMEFANTASIA": "DECOR_D_PRODUTOS", "RAZAOSOCIAL": "DECOR_D_PRODUTOS", "ENDEE": "DO ORATÓRIO_5086_JARDIM ÂNGELA (ZONA LESTE)_SÃO PAULO_03220-300", "LMAPS": "https://www.google.com/maps?q=&layer=c&cbll=-23.6039111,-46.5258937", "O_QUE_FAZER": "FINALIZADO", "ER_REGIAO_CIDADE_min": "São Paulo_São Lucas" }, "geometry": { "type": "Point", "coordinates": [ -46.5258937, -23.6039111 ] } },
{ "type": "Feature", "properties": { "fid": 98697, "CNPJ": "17339120000110", "IDCIDADE": "SAO_PAULO", "NOMEFANTASIA": "MARA_APARECIDA_FERREIRA_MODAS", "RAZAOSOCIAL": "ELLA_DONNE", "ENDEE": "AVENIDA_DO_ORATORIO2104__PARQUE_SAO_LUCAS_03220-000", "LMAPS": "https://www.google.com/maps?q=&layer=c&cbll=-23.5917768,-46.5488529", "O_QUE_FAZER": "FINALIZADO", "ER_REGIAO_CIDADE_min": "São Paulo_São Lucas" }, "geometry": { "type": "Point", "coordinates": [ -46.5488529, -23.5917768 ] } },
{ "type": "Feature", "properties": { "fid": 98912, "CNPJ": "17390895000110", "IDCIDADE": "SAO_PAULO", "NOMEFANTASIA": "MARMORARIA_J_MAR", "RAZAOSOCIAL": "J.MAR_GUAIRACA_MARMORES_E_GRANITOS_SOCIEDADE_UNIPESSOAL_LTDA", "ENDEE": "RUA_ANTONIO_MARQUES_JULIAO588__JARDIM_GUAIRACA_03244-000", "LMAPS": "https://www.google.com/maps?q=&layer=c&cbll=-23.6025949,-46.5418211", "O_QUE_FAZER": "CARTEIRA", "ER_REGIAO_CIDADE_min": "São Paulo_São Lucas" }, "geometry": { "type": "Point", "coordinates": [ -46.5418211, -23.6025949 ] } },
{ "type": "Feature", "properties": { "fid": 99599, "CNPJ": "17539444000100", "IDCIDADE": "SAO_PAULO", "NOMEFANTASIA": "ADRIANO_AUGUSTO_DE_JESUS_ROSA", "RAZAOSOCIAL": "PARADA_DO_ALEMAO", "ENDEE": "AVENIDA_DO_ORATORIO1876__VILA_INDEPENDENCIA_03220-100", "LMAPS": "https://www.google.com/maps?q=&layer=c&cbll=-23.5910984,-46.5511031", "O_QUE_FAZER": "FINALIZADO", "ER_REGIAO_CIDADE_min": "São Paulo_São Lucas" }, "geometry": { "type": "Point", "coordinates": [ -46.5511031, -23.5910984 ] } },
{ "type": "Feature", "properties": { "fid": 99608, "CNPJ": "17541725000190", "IDCIDADE": "SAO_PAULO", "NOMEFANTASIA": "RECANTO_GAUCHO", "RAZAOSOCIAL": "RECANTO_GAUCHO_GRILL_LTDA", "ENDEE": "AVENIDA_VILA_EMA3446__VILA_EMA_03282-000", "LMAPS": "https://www.google.com/maps?q=&layer=c&cbll=-23.5859989,-46.5452789", "O_QUE_FAZER": "FINALIZADO", "ER_REGIAO_CIDADE_min": "São Paulo_São Lucas" }, "geometry": { "type": "Point", "coordinates": [ -46.5452789, -23.5859989 ] } },
{ "type": "Feature", "properties": { "fid": 99758, "CNPJ": "17579320000140", "IDCIDADE": "SAO_PAULO", "NOMEFANTASIA": "LEMBRANCAS_HOSANA", "RAZAOSOCIAL": "LEMBRANCAS_HOSANA_LTDA", "ENDEE": "RUA_JAMES_STOLZ124__VILA_EMA_03277-010", "LMAPS": "https://www.google.com/maps?q=&layer=c&cbll=-23.5830018,-46.5443479", "O_QUE_FAZER": "CARTEIRA", "ER_REGIAO_CIDADE_min": "São Paulo_São Lucas" }, "geometry": { "type": "Point", "coordinates": [ -46.5443479, -23.5830018 ] } },
{ "type": "Feature", "properties": { "fid": 100076, "CNPJ": "17644990000101", "IDCIDADE": "SAO_PAULO", "NOMEFANTASIA": "HIGI", "RAZAOSOCIAL": "PAVA_MERCEARIA_E_PRODUTOS_PARA_LIMPEZA_LTDA", "ENDEE": "AVENIDA_VILA_EMA1498__VILA_PRUDENTE_03156-001", "LMAPS": "https://www.google.com/maps?q=&layer=c&cbll=-23.5813686,-46.562283", "O_QUE_FAZER": "CARTEIRA", "ER_REGIAO_CIDADE_min": "São Paulo_São Lucas" }, "geometry": { "type": "Point", "coordinates": [ -46.562283, -23.5813686 ] } },
{ "type": "Feature", "properties": { "fid": 100674, "CNPJ": "17766135000165", "IDCIDADE": "SAO PAULO", "NOMEFANTASIA": "PLAY2CAR", "RAZAOSOCIAL": "PLAY2CAR", "ENDEE": "PROFESSOR LUIZ IGNÁCIO ANHAIA MELLO_5301_VILA GRACIOSA_SÃO PAULO_03295-000", "LMAPS": "https://www.google.com/maps?q=&layer=c&cbll=-23.5881597,-46.5449658", "O_QUE_FAZER": "FINALIZADO", "ER_REGIAO_CIDADE_min": "São Paulo_São Lucas" }, "geometry": { "type": "Point", "coordinates": [ -46.5449658, -23.5881597 ] } },
{ "type": "Feature", "properties": { "fid": 100697, "CNPJ": "17768991000150", "IDCIDADE": "SAO_PAULO", "NOMEFANTASIA": "ELISANGELA_MONTESANTE_28751126869", "RAZAOSOCIAL": "BANHO_E_TOSA_NANY", "ENDEE": "RUA_LISA_ANSORGE25__JARDIM_GUAIRACA_03244-060", "LMAPS": "https://www.google.com/maps?q=&layer=c&cbll=-23.600719,-46.5390991", "O_QUE_FAZER": "FINALIZADO", "ER_REGIAO_CIDADE_min": "São Paulo_São Lucas" }, "geometry": { "type": "Point", "coordinates": [ -46.5390991, -23.600719 ] } },
{ "type": "Feature", "properties": { "fid": 100806, "CNPJ": "17784147000112", "IDCIDADE": "SAO_PAULO", "NOMEFANTASIA": "VIA_CHARMY", "RAZAOSOCIAL": "ANDREA_TURCO_MARTINS_SILVA_-_MODAS", "ENDEE": "RUA_DO_ARQUIPELAGO208__PARQUE_SAO_LUCAS_03238-060", "LMAPS": "https://www.google.com/maps?q=&layer=c&cbll=-23.5936064,-46.5464972", "O_QUE_FAZER": "CARTEIRA", "ER_REGIAO_CIDADE_min": "São Paulo_São Lucas" }, "geometry": { "type": "Point", "coordinates": [ -46.5464972, -23.5936064 ] } },
{ "type": "Feature", "properties": { "fid": 100952, "CNPJ": "17809852000127", "IDCIDADE": "SAO_PAULO", "NOMEFANTASIA": "VM_PECAS_ELETRICAS", "RAZAOSOCIAL": "V&M_PECAS_ELETRICAS_AUTOMOTIVAS_E_SERVICOS_LTDA", "ENDEE": "AVENIDA_DO_ORATORIO2919__PARQUE_SAO_LUCAS_03195-000", "LMAPS": "https://www.google.com/maps?q=&layer=c&cbll=-23.595512,-46.5430153", "O_QUE_FAZER": "CARTEIRA", "ER_REGIAO_CIDADE_min": "São Paulo_São Lucas" }, "geometry": { "type": "Point", "coordinates": [ -46.5430153, -23.595512 ] } },
{ "type": "Feature", "properties": { "fid": 101259, "CNPJ": "17858310000144", "IDCIDADE": "SAO_PAULO", "NOMEFANTASIA": "NOVA_FARMA_PRIME_DROGARIA_E_PERFUMARIA_LTDA", "RAZAOSOCIAL": "NOVA_FARMA", "ENDEE": "RUA_COSTA_BARROS2695__SITIO_PINHEIRINHO_03210-001", "LMAPS": "https://www.google.com/maps?q=&layer=c&cbll=-23.602558,-46.5425177", "O_QUE_FAZER": "FINALIZADO", "ER_REGIAO_CIDADE_min": "São Paulo_São Lucas" }, "geometry": { "type": "Point", "coordinates": [ -46.5425177, -23.602558 ] } },
{ "type": "Feature", "properties": { "fid": 101343, "CNPJ": "17875209000100", "IDCIDADE": "SAO_PAULO", "NOMEFANTASIA": "TENDENZA_PLANEJADOS", "RAZAOSOCIAL": "DIECI_PLANEJADOS_MOVEIS_E_DECORACOES_LTDA", "ENDEE": "AVENIDA_PROFESSOR_LUIZ_IGNACIO_ANHAIA_MELLO7863__VILA_EMA_03295-100", "LMAPS": "https://www.google.com/maps?q=&layer=c&cbll=-23.6014417,-46.526325", "O_QUE_FAZER": "FINALIZADO", "ER_REGIAO_CIDADE_min": "São Paulo_São Lucas" }, "geometry": { "type": "Point", "coordinates": [ -46.526325, -23.6014417 ] } },
{ "type": "Feature", "properties": { "fid": 101590, "CNPJ": "17920801000178", "IDCIDADE": "SAO_PAULO", "NOMEFANTASIA": "MURILO_AGUIAR_DOS_SANTOS", "RAZAOSOCIAL": "SOROYOCAR_AMORTECEDORES", "ENDEE": "AVENIDA_SAPOPEMBA5395__SAPOPEMBA_03374-001", "LMAPS": "https://www.google.com/maps?q=&layer=c&cbll=-23.5806806,-46.538586", "O_QUE_FAZER": "FINALIZADO", "ER_REGIAO_CIDADE_min": "São Paulo_São Lucas" }, "geometry": { "type": "Point", "coordinates": [ -46.538586, -23.5806806 ] } },
{ "type": "Feature", "properties": { "fid": 102435, "CNPJ": "18093519000127", "IDCIDADE": "SAO_PAULO", "NOMEFANTASIA": "MANU_UTILIDADES", "RAZAOSOCIAL": "ELISANGELA_SOUSA_PARENTE", "ENDEE": "AVENIDA_VILA_EMA3497__VILA_EMA_03281-000", "LMAPS": "https://www.google.com/maps?q=&layer=c&cbll=-23.5839983,-46.5433917", "O_QUE_FAZER": "CARTEIRA", "ER_REGIAO_CIDADE_min": "São Paulo_São Lucas" }, "geometry": { "type": "Point", "coordinates": [ -46.5433917, -23.5839983 ] } },
{ "type": "Feature", "properties": { "fid": 102507, "CNPJ": "18110185000152", "IDCIDADE": "SAO_PAULO", "NOMEFANTASIA": "SUPERA_SERVICOS", "RAZAOSOCIAL": "SUPERA_SERVICOS_PROFISSIONAIS_LTDA", "ENDEE": "RUA_SOLIDONIO_LEITE2410__VILA_IVONE_03275-000", "LMAPS": "https://www.google.com/maps?q=&layer=c&cbll=-23.5859496,-46.5364803", "O_QUE_FAZER": "CARTEIRA", "ER_REGIAO_CIDADE_min": "São Paulo_São Lucas" }, "geometry": { "type": "Point", "coordinates": [ -46.5364803, -23.5859496 ] } },
{ "type": "Feature", "properties": { "fid": 102558, "CNPJ": "18127174000185", "IDCIDADE": "SAO_PAULO", "NOMEFANTASIA": "BAR_E_LANCHES_NOVA_CONTINENTAL_LTDA", "RAZAOSOCIAL": "BAR_E_LANCHES_NOVA_CONTINENTAL", "ENDEE": "AVENIDA_DO_ORATORIO3720__JARDIM_GUAIRACA_03220-200", "LMAPS": "https://www.google.com/maps?q=&layer=c&cbll=-23.6001983,-46.5374368", "O_QUE_FAZER": "FINALIZADO", "ER_REGIAO_CIDADE_min": "São Paulo_São Lucas" }, "geometry": { "type": "Point", "coordinates": [ -46.5374368, -23.6001983 ] } },
{ "type": "Feature", "properties": { "fid": 103234, "CNPJ": "18265319000104", "IDCIDADE": "SAO_PAULO", "NOMEFANTASIA": "C._J._DA_SILVA_CHAVEIRO_E_ACESSORIOS_AUTOMOTIVOS", "RAZAOSOCIAL": "TATAI_FILM", "ENDEE": "RUA_ANTONIO_MARQUES_JULIAO150__JARDIM_GUAIRACA_03244-000", "LMAPS": "https://www.google.com/maps?q=&layer=c&cbll=-23.5998328,-46.5392256", "O_QUE_FAZER": "FINALIZADO", "ER_REGIAO_CIDADE_min": "São Paulo_São Lucas" }, "geometry": { "type": "Point", "coordinates": [ -46.5392256, -23.5998328 ] } },
{ "type": "Feature", "properties": { "fid": 103689, "CNPJ": "18360975000196", "IDCIDADE": "SAO_PAULO", "NOMEFANTASIA": "VERO_COMERCIAL", "RAZAOSOCIAL": "VERO_COMERCIAL_LTDA", "ENDEE": "AVENIDA_DO_ORATORIO3140__JARDIM_GUAIRACA_03220-200", "LMAPS": "https://www.google.com/maps?q=&layer=c&cbll=-23.5970766,-46.5415304", "O_QUE_FAZER": "CARTEIRA", "ER_REGIAO_CIDADE_min": "São Paulo_São Lucas" }, "geometry": { "type": "Point", "coordinates": [ -46.5415304, -23.5970766 ] } },
{ "type": "Feature", "properties": { "fid": 103772, "CNPJ": "18375852000129", "IDCIDADE": "SAO_PAULO", "NOMEFANTASIA": "RICS_AUTO", "RAZAOSOCIAL": "RIC'S_REPAROS_AUTOMOTIVOS_LTDA", "ENDEE": "AVENIDA_VILA_EMA2750__VILA_EMA_03282-000", "LMAPS": "https://www.google.com/maps?q=&layer=c&cbll=-23.582585,-46.5505204", "O_QUE_FAZER": "FINALIZADO", "ER_REGIAO_CIDADE_min": "São Paulo_São Lucas" }, "geometry": { "type": "Point", "coordinates": [ -46.5505204, -23.582585 ] } },
{ "type": "Feature", "properties": { "fid": 104001, "CNPJ": "18421444000166", "IDCIDADE": "SAO_PAULO", "NOMEFANTASIA": "VINNY_CELL", "RAZAOSOCIAL": "RENATO_APARECIDO", "ENDEE": "AVENIDA_MORAIS_COSTA339__VILA_INDUSTRIAL_03253-000", "LMAPS": "https://www.google.com/maps?q=&layer=c&cbll=-23.6053168,-46.5304478", "O_QUE_FAZER": "CARTEIRA", "ER_REGIAO_CIDADE_min": "São Paulo_São Lucas" }, "geometry": { "type": "Point", "coordinates": [ -46.5304478, -23.6053168 ] } },
{ "type": "Feature", "properties": { "fid": 104805, "CNPJ": "18603923000101", "IDCIDADE": "SAO_PAULO", "NOMEFANTASIA": "ORTOBOM", "RAZAOSOCIAL": "ORTOPLAZA_COLCHOES_LTDA", "ENDEE": "AVENIDA_DO_ORATORIO2670__PARQUE_SAO_LUCAS_03220-100", "LMAPS": "https://www.google.com/maps?q=&layer=c&cbll=-23.5937991,-46.5444496", "O_QUE_FAZER": "CARTEIRA", "ER_REGIAO_CIDADE_min": "São Paulo_São Lucas" }, "geometry": { "type": "Point", "coordinates": [ -46.5444496, -23.5937991 ] } },
{ "type": "Feature", "properties": { "fid": 105136, "CNPJ": "18668290000101", "IDCIDADE": "SAO_PAULO", "NOMEFANTASIA": "ANGEL_FARMA", "RAZAOSOCIAL": "ANGEL_FARMA_LTDA", "ENDEE": "PRACA_GERALDO_MENDES7__CHACARA_BELENZINHO_03376-007", "LMAPS": "https://www.google.com/maps?q=&layer=c&cbll=-23.58183,-46.5367117", "O_QUE_FAZER": "CARTEIRA", "ER_REGIAO_CIDADE_min": "São Paulo_São Lucas" }, "geometry": { "type": "Point", "coordinates": [ -46.5367117, -23.58183 ] } },
{ "type": "Feature", "properties": { "fid": 106144, "CNPJ": "18877326000167", "IDCIDADE": "SAO_PAULO", "NOMEFANTASIA": "VALDEMIR_JOAO_BRANDAO_14917761883", "RAZAOSOCIAL": "CHAVEIRO_BOY", "ENDEE": "AVENIDA_DO_ORATORIO1714__PARQUE_SAO_LUCAS_03220-100", "LMAPS": "https://www.google.com/maps?q=&layer=c&cbll=-23.5902477,-46.5522036", "O_QUE_FAZER": "FINALIZADO", "ER_REGIAO_CIDADE_min": "São Paulo_São Lucas" }, "geometry": { "type": "Point", "coordinates": [ -46.5522036, -23.5902477 ] } },
{ "type": "Feature", "properties": { "fid": 106238, "CNPJ": "18904762000188", "IDCIDADE": "SAO_PAULO", "NOMEFANTASIA": "BELLE_LAVIE", "RAZAOSOCIAL": "DGD_BAZAR_E_PERFUMARIA_LTDA", "ENDEE": "RUA_UHLAND567__VILA_EMA_03283-000", "LMAPS": "https://www.google.com/maps?q=&layer=c&cbll=-23.5899075,-46.5383592", "O_QUE_FAZER": "CARTEIRA", "ER_REGIAO_CIDADE_min": "São Paulo_São Lucas" }, "geometry": { "type": "Point", "coordinates": [ -46.5383592, -23.5899075 ] } },
{ "type": "Feature", "properties": { "fid": 106780, "CNPJ": "19020211000114", "IDCIDADE": "SAO_PAULO", "NOMEFANTASIA": "MIL_E_UMA_VARIEDADES", "RAZAOSOCIAL": "COMERCIO_DE_VARIEDADES_ENOHI_LTDA", "ENDEE": "RUA_COSTA_BARROS1763__SITIO_PINHEIRINHO_03210-001", "LMAPS": "https://www.google.com/maps?q=&layer=c&cbll=-23.6000749,-46.5506715", "O_QUE_FAZER": "CARTEIRA", "ER_REGIAO_CIDADE_min": "São Paulo_São Lucas" }, "geometry": { "type": "Point", "coordinates": [ -46.5506715, -23.6000749 ] } },
{ "type": "Feature", "properties": { "fid": 106961, "CNPJ": "19057531000149", "IDCIDADE": "SAO_PAULO", "NOMEFANTASIA": "ESTACAO_CASA_ESTILO_LTDA", "RAZAOSOCIAL": "ESTACAO_CASA", "ENDEE": "AVENIDA_MORAIS_COSTA73__VILA_INDUSTRIAL_03253-000", "LMAPS": "https://www.google.com/maps?q=&layer=c&cbll=-23.6037317,-46.5296062", "O_QUE_FAZER": "FINALIZADO", "ER_REGIAO_CIDADE_min": "São Paulo_São Lucas" }, "geometry": { "type": "Point", "coordinates": [ -46.5296062, -23.6037317 ] } },
{ "type": "Feature", "properties": { "fid": 106985, "CNPJ": "19063345000112", "IDCIDADE": "SAO_PAULO", "NOMEFANTASIA": "OLIVEIRA_MODAS", "RAZAOSOCIAL": "ADRIANA_OLIVEIRA_MODAS", "ENDEE": "AVENIDA_SAO_LUCAS101__PARQUE_SAO_LUCAS_03239-000", "LMAPS": "https://www.google.com/maps?q=&layer=c&cbll=-23.5938557,-46.5467967", "O_QUE_FAZER": "CARTEIRA", "ER_REGIAO_CIDADE_min": "São Paulo_São Lucas" }, "geometry": { "type": "Point", "coordinates": [ -46.5467967, -23.5938557 ] } },
{ "type": "Feature", "properties": { "fid": 107163, "CNPJ": "19099269000103", "IDCIDADE": "SAO_PAULO", "NOMEFANTASIA": "PYETRO_IMPORTS", "RAZAOSOCIAL": "PYETTRO_IMPORTS_COMERCIO_DE_PECAS_LTDA.", "ENDEE": "AVENIDA_PROFESSOR_LUIZ_IGNACIO_ANHAIA_MELLO4280__JARDIM_INDEPENDENCIA_03294-100", "LMAPS": "https://www.google.com/maps?q=&layer=c&cbll=-23.5835017,-46.552055", "O_QUE_FAZER": "FINALIZADO", "ER_REGIAO_CIDADE_min": "São Paulo_São Lucas" }, "geometry": { "type": "Point", "coordinates": [ -46.552055, -23.5835017 ] } },
{ "type": "Feature", "properties": { "fid": 107221, "CNPJ": "19108540000111", "IDCIDADE": "SAO_PAULO", "NOMEFANTASIA": "KOHATSU_GARCIA", "RAZAOSOCIAL": "KOHATSU_GARCIA_COMERCIO_DE_MATERIAIS_PARA_CONSTRUCAO_LTDA", "ENDEE": "AVENIDA_DO_ORATORIO2911__PARQUE_SAO_LUCAS_03195-000", "LMAPS": "https://www.google.com/maps?q=&layer=c&cbll=-23.5953931,-46.5432403", "O_QUE_FAZER": "CARTEIRA", "ER_REGIAO_CIDADE_min": "São Paulo_São Lucas" }, "geometry": { "type": "Point", "coordinates": [ -46.5432403, -23.5953931 ] } },
{ "type": "Feature", "properties": { "fid": 107362, "CNPJ": "19136622000170", "IDCIDADE": "SAO PAULO", "NOMEFANTASIA": "LOJAO_DO_MDF", "RAZAOSOCIAL": "LOJAO_DO_MDF", "ENDEE": "AVENIDA MORAIS COSTA, 105, VILA INDUSTRIAL, 03253-000, SÃO PAULO, BRASIL_03253-000", "LMAPS": "https://www.google.com/maps?q=&layer=c&cbll=-23.6045826,-46.5302238", "O_QUE_FAZER": "FINALIZADO", "ER_REGIAO_CIDADE_min": "São Paulo_São Lucas" }, "geometry": { "type": "Point", "coordinates": [ -46.5302238, -23.6045826 ] } },
{ "type": "Feature", "properties": { "fid": 107567, "CNPJ": "19180150000152", "IDCIDADE": "SAO_PAULO", "NOMEFANTASIA": "BRIMARR_COMERCIO_DE_AUTO_PECAS_LTDA", "RAZAOSOCIAL": "BRIMAR_DIESEL", "ENDEE": "AVENIDA_MORAIS_COSTA830__VILA_INDUSTRIAL_03253-000", "LMAPS": "https://www.google.com/maps?q=&layer=c&cbll=-23.6095855,-46.5330457", "O_QUE_FAZER": "FINALIZADO", "ER_REGIAO_CIDADE_min": "São Paulo_São Lucas" }, "geometry": { "type": "Point", "coordinates": [ -46.5330457, -23.6095855 ] } },
{ "type": "Feature", "properties": { "fid": 107816, "CNPJ": "19236310000138", "IDCIDADE": "SAO_PAULO", "NOMEFANTASIA": "TUTTY_LANCHES_E_SALGADOS", "RAZAOSOCIAL": "TUTTY_LANCHES_E_SALGADOS_LTDA", "ENDEE": "AVENIDA_DO_ORATORIO4686__JARDIM_GUAIRACA_03195-000", "LMAPS": "https://www.google.com/maps?q=&layer=c&cbll=-23.6029565,-46.5296727", "O_QUE_FAZER": "CARTEIRA", "ER_REGIAO_CIDADE_min": "São Paulo_São Lucas" }, "geometry": { "type": "Point", "coordinates": [ -46.5296727, -23.6029565 ] } },
{ "type": "Feature", "properties": { "fid": 107934, "CNPJ": "19265225000106", "IDCIDADE": "SAO_PAULO", "NOMEFANTASIA": "BEM_ESTAR_ACADEMIA", "RAZAOSOCIAL": "BEM_ESTAR_ACADEMIA_E_DANCA_LTDA", "ENDEE": "AVENIDA_MORAIS_COSTA187__VILA_INDUSTRIAL_03253-000", "LMAPS": "https://www.google.com/maps?q=&layer=c&cbll=-23.604235,-46.5338645", "O_QUE_FAZER": "CARTEIRA - FAMPE", "ER_REGIAO_CIDADE_min": "São Paulo_São Lucas" }, "geometry": { "type": "Point", "coordinates": [ -46.5338645, -23.604235 ] } },
{ "type": "Feature", "properties": { "fid": 108085, "CNPJ": "19300571000170", "IDCIDADE": "SAO_PAULO", "NOMEFANTASIA": "SUPREME_DECOR_PLANEJADOS_E_COLCHOES_LTDA", "RAZAOSOCIAL": "SUPREME_COLCHOES", "ENDEE": "AVENIDA_DO_ORATORIO4280__JARDIM_GUAIRACA_03220-200", "LMAPS": "https://www.google.com/maps?q=&layer=c&cbll=-23.6017143,-46.5329405", "O_QUE_FAZER": "FINALIZADO", "ER_REGIAO_CIDADE_min": "São Paulo_São Lucas" }, "geometry": { "type": "Point", "coordinates": [ -46.5329405, -23.6017143 ] } },
{ "type": "Feature", "properties": { "fid": 108479, "CNPJ": "19393614000109", "IDCIDADE": "SAO_PAULO", "NOMEFANTASIA": "TALLYS", "RAZAOSOCIAL": "TALLYS_RAMOM_NASCIMENTO_GAMBARRA", "ENDEE": "AVENIDA_VILA_EMA3567__VILA_EMA_03281-000", "LMAPS": "https://www.google.com/maps?q=&layer=c&cbll=-23.5867141,-46.5448602", "O_QUE_FAZER": "CARTEIRA", "ER_REGIAO_CIDADE_min": "São Paulo_São Lucas" }, "geometry": { "type": "Point", "coordinates": [ -46.5448602, -23.5867141 ] } },
{ "type": "Feature", "properties": { "fid": 108577, "CNPJ": "19414083000193", "IDCIDADE": "SAO_PAULO", "NOMEFANTASIA": "FUNILARIA_E_MECANICA_NOVA_CONQUISTA", "RAZAOSOCIAL": "AUTO_MECANICA_FUNILARIA_E_PINTURA_NOVA_CONQUISTA_LTDA", "ENDEE": "AVENIDA_VILA_EMA3791__VILA_EMA_03156-000", "LMAPS": "https://www.google.com/maps?q=&layer=c&cbll=-23.5885749,-46.5439483", "O_QUE_FAZER": "CARTEIRA", "ER_REGIAO_CIDADE_min": "São Paulo_São Lucas" }, "geometry": { "type": "Point", "coordinates": [ -46.5439483, -23.5885749 ] } },
{ "type": "Feature", "properties": { "fid": 108740, "CNPJ": "19451052000102", "IDCIDADE": "SAO PAULO", "NOMEFANTASIA": "MOTO_BRASIL", "RAZAOSOCIAL": "MOTO_BRASIL_COMERCIO_DE_FERRAMENTAS_LTDA", "ENDEE": "PROFESSOR LUIZ IGNÁCIO ANHAIA MELLO, 5590, JARDIM INDEPENDÊNCIA, SÃO PAULO_03294-100", "LMAPS": "https://www.google.com/maps?q=&layer=c&cbll=-23.5908609,-46.5434458", "O_QUE_FAZER": "FINALIZADO", "ER_REGIAO_CIDADE_min": "São Paulo_São Lucas" }, "geometry": { "type": "Point", "coordinates": [ -46.5434458, -23.5908609 ] } },
{ "type": "Feature", "properties": { "fid": 109152, "CNPJ": "19551435000152", "IDCIDADE": "SAO_PAULO", "NOMEFANTASIA": "JM_COMERCIO_DE_ACESSORIOS_PARA_MOTOS_E_SERVICOS_LTDA", "RAZAOSOCIAL": "JM_MOTOS", "ENDEE": "AVENIDA_MORAIS_COSTA319__VILA_INDUSTRIAL_03253-000", "LMAPS": "https://www.google.com/maps?q=&layer=c&cbll=-23.6057974,-46.530515", "O_QUE_FAZER": "FINALIZADO", "ER_REGIAO_CIDADE_min": "São Paulo_São Lucas" }, "geometry": { "type": "Point", "coordinates": [ -46.530515, -23.6057974 ] } },
{ "type": "Feature", "properties": { "fid": 109204, "CNPJ": "19560774000103", "IDCIDADE": "SAO_PAULO", "NOMEFANTASIA": "OTICAS_FILIPE_LTDA", "RAZAOSOCIAL": "OTICAS_FILIPE", "ENDEE": "AVENIDA_DO_ORATORIO2117__PARQUE_SAO_LUCAS_03220-100", "LMAPS": "https://www.google.com/maps?q=&layer=c&cbll=-23.5916172,-46.548693", "O_QUE_FAZER": "FINALIZADO", "ER_REGIAO_CIDADE_min": "São Paulo_São Lucas" }, "geometry": { "type": "Point", "coordinates": [ -46.548693, -23.5916172 ] } },
{ "type": "Feature", "properties": { "fid": 110005, "CNPJ": "19748626000109", "IDCIDADE": "SAO_PAULO", "NOMEFANTASIA": "FLEXX_COMERCIO_DE_ACESSORIOS_PARA_CELULARES_LTDA", "RAZAOSOCIAL": "FLEX_ACESSORIOS", "ENDEE": "AVENIDA_DO_ORATORIO2057__JARDIM_ANGELA_(ZONA_LESTE)_03220-100", "LMAPS": "https://www.google.com/maps?q=&layer=c&cbll=-23.5915626,-46.5492928", "O_QUE_FAZER": "FINALIZADO", "ER_REGIAO_CIDADE_min": "São Paulo_São Lucas" }, "geometry": { "type": "Point", "coordinates": [ -46.5492928, -23.5915626 ] } },
{ "type": "Feature", "properties": { "fid": 110126, "CNPJ": "19775924000198", "IDCIDADE": "SAO_PAULO", "NOMEFANTASIA": "TOK_DE_BELEZA", "RAZAOSOCIAL": "TOK_DE_BELLEZA_LTDA", "ENDEE": "RUA_COSTA_BARROS1984__SITIO_PINHEIRINHO_03210-001", "LMAPS": "https://www.google.com/maps?q=&layer=c&cbll=-23.60107,-46.549344", "O_QUE_FAZER": "CARTEIRA", "ER_REGIAO_CIDADE_min": "São Paulo_São Lucas" }, "geometry": { "type": "Point", "coordinates": [ -46.549344, -23.60107 ] } },
{ "type": "Feature", "properties": { "fid": 110519, "CNPJ": "19869967000132", "IDCIDADE": "SAO_PAULO", "NOMEFANTASIA": "PROVERA_AUTOMOVEIS", "RAZAOSOCIAL": "CESAR_AUGUSTO_FILIPE_AUTOS", "ENDEE": "RUA_FRANCISCO_FETT76__VILA_PAULO_SILAS_03264-000", "LMAPS": "https://www.google.com/maps?q=&layer=c&cbll=-23.5886975,-46.5437517", "O_QUE_FAZER": "CARTEIRA", "ER_REGIAO_CIDADE_min": "São Paulo_São Lucas" }, "geometry": { "type": "Point", "coordinates": [ -46.5437517, -23.5886975 ] } },
{ "type": "Feature", "properties": { "fid": 111173, "CNPJ": "20012772000150", "IDCIDADE": "SAO_PAULO", "NOMEFANTASIA": "BELISKUS", "RAZAOSOCIAL": "PASTELARIA_ARAKAKI_LTDA", "ENDEE": "AVENIDA_DO_ORATORIO2041__PARQUE_SAO_LUCAS_03221-100", "LMAPS": "https://www.google.com/maps?q=&layer=c&cbll=-23.5915386,-46.5493465", "O_QUE_FAZER": "CARTEIRA", "ER_REGIAO_CIDADE_min": "São Paulo_São Lucas" }, "geometry": { "type": "Point", "coordinates": [ -46.5493465, -23.5915386 ] } },
{ "type": "Feature", "properties": { "fid": 112462, "CNPJ": "20297343000177", "IDCIDADE": "SAO_PAULO", "NOMEFANTASIA": "A_MARTINHA_PERFUMARIA", "RAZAOSOCIAL": "EMPORIO_CLEO_COSMETICOS_LTDA", "ENDEE": "AVENIDA_VILA_EMA3533__VILA_EMA_03282-000", "LMAPS": "https://www.google.com/maps?q=&layer=c&cbll=-23.5868449,-46.5428939", "O_QUE_FAZER": "FINALIZADO", "ER_REGIAO_CIDADE_min": "São Paulo_São Lucas" }, "geometry": { "type": "Point", "coordinates": [ -46.5428939, -23.5868449 ] } },
{ "type": "Feature", "properties": { "fid": 112632, "CNPJ": "20332095000158", "IDCIDADE": "SAO PAULO", "NOMEFANTASIA": null, "RAZAOSOCIAL": "ANA_LUCIA_RAMOS_09005852852", "ENDEE": "RUA ANTONIO PIRES DE CAMPOS, 65, VILA EMA, 03283-060, SÃO PAULO, SP, BRASIL", "LMAPS": "https://www.google.com/maps?q=&layer=c&cbll=-23.5920743,-46.5386271", "O_QUE_FAZER": "CARTEIRA - FAMPE", "ER_REGIAO_CIDADE_min": "São Paulo_São Lucas" }, "geometry": { "type": "Point", "coordinates": [ -46.5386271, -23.5920743 ] } },
{ "type": "Feature", "properties": { "fid": 113192, "CNPJ": "20445525000148", "IDCIDADE": "SAO_PAULO", "NOMEFANTASIA": "ISABELA_PRESENTES", "RAZAOSOCIAL": "SAO_LUCAS_COMERCIO_DE_UTILIDADES_DOMESTICAS_LTDA", "ENDEE": "AVENIDA_DO_ORATORIO2353__PARQUE_SAO_LUCAS_03221-100", "LMAPS": "https://www.google.com/maps?q=&layer=c&cbll=-23.5925813,-46.5467345", "O_QUE_FAZER": "CARTEIRA", "ER_REGIAO_CIDADE_min": "São Paulo_São Lucas" }, "geometry": { "type": "Point", "coordinates": [ -46.5467345, -23.5925813 ] } },
{ "type": "Feature", "properties": { "fid": 113951, "CNPJ": "20647006000162", "IDCIDADE": "SAO_PAULO", "NOMEFANTASIA": "MERCADO_WENGQIQIANG", "RAZAOSOCIAL": "WENG_QIQIANG_MERCADO", "ENDEE": "RUA_COSTA_BARROS1899__SITIO_PINHEIRINHO_03210-001", "LMAPS": "https://www.google.com/maps?q=&layer=c&cbll=-23.6006097,-46.5497035", "O_QUE_FAZER": "CARTEIRA", "ER_REGIAO_CIDADE_min": "São Paulo_São Lucas" }, "geometry": { "type": "Point", "coordinates": [ -46.5497035, -23.6006097 ] } },
{ "type": "Feature", "properties": { "fid": 114033, "CNPJ": "20664867000159", "IDCIDADE": "SAO_PAULO", "NOMEFANTASIA": "CHIQUINHO'S_BAR_E_RESTAURANTE", "RAZAOSOCIAL": "CHIQUINHO'S_BAR_E_LANCHES_LTDA", "ENDEE": "AVENIDA_VILA_EMA2704__VILA_EMA_03156-000", "LMAPS": "https://www.google.com/maps?q=&layer=c&cbll=-23.5825433,-46.550825", "O_QUE_FAZER": "CARTEIRA", "ER_REGIAO_CIDADE_min": "São Paulo_São Lucas" }, "geometry": { "type": "Point", "coordinates": [ -46.550825, -23.5825433 ] } },
{ "type": "Feature", "properties": { "fid": 114072, "CNPJ": "20674906000107", "IDCIDADE": "SAO_PAULO", "NOMEFANTASIA": "FENIX_ACOUGUE", "RAZAOSOCIAL": "BRUNO_DOS_SANTOS_-_CASA_DE_CARNES", "ENDEE": "AVENIDA_VILA_EMA3503__VILA_EMA_03281-000", "LMAPS": "https://www.google.com/maps?q=&layer=c&cbll=-23.58673,-46.5449002", "O_QUE_FAZER": "FINALIZADO", "ER_REGIAO_CIDADE_min": "São Paulo_São Lucas" }, "geometry": { "type": "Point", "coordinates": [ -46.5449002, -23.58673 ] } },
{ "type": "Feature", "properties": { "fid": 114317, "CNPJ": "20730094000161", "IDCIDADE": "SAO_PAULO", "NOMEFANTASIA": "RUIZ_AUTOMOVEIS", "RAZAOSOCIAL": "AMANDA_DORIS_RUIZ_OLIVEIRA", "ENDEE": "AVENIDA_PROFESSOR_LUIZ_IGNACIO_ANHAIA_MELLO5519__JARDIM_INDEPENDENCIA_03294-100", "LMAPS": "https://www.google.com/maps?q=&layer=c&cbll=-23.5907235,-46.543101", "O_QUE_FAZER": "CARTEIRA", "ER_REGIAO_CIDADE_min": "São Paulo_São Lucas" }, "geometry": { "type": "Point", "coordinates": [ -46.543101, -23.5907235 ] } },
{ "type": "Feature", "properties": { "fid": 114976, "CNPJ": "20881338000107", "IDCIDADE": "SAO_PAULO", "NOMEFANTASIA": "MARIA_JOSE_ROCHA_FERREIRA", "RAZAOSOCIAL": "RRM_ESTOFADOS", "ENDEE": "RUA_ANTONIO_MARQUES_JULIAO160__JARDIM_GUAIRACA_03244-000", "LMAPS": "https://www.google.com/maps?q=&layer=c&cbll=-23.5998894,-46.5392391", "O_QUE_FAZER": "FINALIZADO", "ER_REGIAO_CIDADE_min": "São Paulo_São Lucas" }, "geometry": { "type": "Point", "coordinates": [ -46.5392391, -23.5998894 ] } },
{ "type": "Feature", "properties": { "fid": 115151, "CNPJ": "20923187000102", "IDCIDADE": "SAO_PAULO", "NOMEFANTASIA": "AMADINNI", "RAZAOSOCIAL": "AMANDINE_COMERCIO_E_SERVICO_DE_BELEZA_LTDA", "ENDEE": "RUA_FRANCISCO_FETT525__VILA_PAULO_SILAS_03264-000", "LMAPS": "https://www.google.com/maps?q=&layer=c&cbll=-23.5924402,-46.5460429", "O_QUE_FAZER": "CARTEIRA", "ER_REGIAO_CIDADE_min": "São Paulo_São Lucas" }, "geometry": { "type": "Point", "coordinates": [ -46.5460429, -23.5924402 ] } },
{ "type": "Feature", "properties": { "fid": 115300, "CNPJ": "20956632000130", "IDCIDADE": "SAO_PAULO", "NOMEFANTASIA": "AUTOLEX_ANHAIA_MELLO", "RAZAOSOCIAL": "ACUMULADORES_AUTOLEX_LTDA", "ENDEE": "AVENIDA_PROFESSOR_LUIZ_IGNACIO_ANHAIA_MELLO7910__VILA_EMA_03295-000", "LMAPS": "https://www.google.com/maps?q=&layer=c&cbll=-23.6015876,-46.5261869", "O_QUE_FAZER": "FINALIZADO", "ER_REGIAO_CIDADE_min": "São Paulo_São Lucas" }, "geometry": { "type": "Point", "coordinates": [ -46.5261869, -23.6015876 ] } },
{ "type": "Feature", "properties": { "fid": 115558, "CNPJ": "21016671000110", "IDCIDADE": "SAO_PAULO", "NOMEFANTASIA": "DT_MULTIMARCAS", "RAZAOSOCIAL": "DT_MULTIMARCAS_LTDA", "ENDEE": "RUA_SERTAO_DO_CARIRI215__PARQUE_SAO_LUCAS_03263-080", "LMAPS": "https://www.google.com/maps?q=&layer=c&cbll=-23.5872367,-46.5468067", "O_QUE_FAZER": "CARTEIRA", "ER_REGIAO_CIDADE_min": "São Paulo_São Lucas" }, "geometry": { "type": "Point", "coordinates": [ -46.5468067, -23.5872367 ] } },
{ "type": "Feature", "properties": { "fid": 115572, "CNPJ": "21020848000152", "IDCIDADE": "SAO_PAULO", "NOMEFANTASIA": "ANTONIA_ELY_DE_SOUZA_MOTA_26196015842", "RAZAOSOCIAL": "STUDIO_ELY_MOTA", "ENDEE": "RUA_ARCTOTIS258__JARDIM_GUAIRACA_03244-050", "LMAPS": "https://www.google.com/maps?q=&layer=c&cbll=-23.6020095,-46.5384451", "O_QUE_FAZER": "FINALIZADO", "ER_REGIAO_CIDADE_min": "São Paulo_São Lucas" }, "geometry": { "type": "Point", "coordinates": [ -46.5384451, -23.6020095 ] } },
{ "type": "Feature", "properties": { "fid": 115668, "CNPJ": "21043881000106", "IDCIDADE": "SAO_PAULO", "NOMEFANTASIA": "GIOVANA_IMOVEIS", "RAZAOSOCIAL": "GIOVANNA'S_ADMINISTRACAO_DE_IMOVEIS_LTDA", "ENDEE": "AVENIDA_DO_ORATORIO4159__JARDIM_GUAIRACA_03220-200", "LMAPS": "https://www.google.com/maps?q=&layer=c&cbll=-23.6015134,-46.5341782", "O_QUE_FAZER": "CARTEIRA", "ER_REGIAO_CIDADE_min": "São Paulo_São Lucas" }, "geometry": { "type": "Point", "coordinates": [ -46.5341782, -23.6015134 ] } },
{ "type": "Feature", "properties": { "fid": 116517, "CNPJ": "21225137000114", "IDCIDADE": "SAO PAULO", "NOMEFANTASIA": "BORRACHARIA_PIU_PIU", "RAZAOSOCIAL": "21.225.137_LEVI_DA_SILVA_RODRIGUES", "ENDEE": "PROFESSOR LUIZ IGNÁCIO ANHAIA MELLO, 6030, VILA DIVINA PASTORA, SÃO PAULO_03294-200", "LMAPS": "https://www.google.com/maps?q=&layer=c&cbll=-23.5928063,-46.540873", "O_QUE_FAZER": "FINALIZADO", "ER_REGIAO_CIDADE_min": "São Paulo_São Lucas" }, "geometry": { "type": "Point", "coordinates": [ -46.540873, -23.5928063 ] } },
{ "type": "Feature", "properties": { "fid": 116581, "CNPJ": "21238724000148", "IDCIDADE": "SAO_PAULO", "NOMEFANTASIA": "ACADEMIA_C4", "RAZAOSOCIAL": "C4_GYM_FRANCHISING_LTDA", "ENDEE": "RUA_VALTER_NAZARENO_GIOVANETTI35__VILA_PRUDENTE_03220-010", "LMAPS": "https://www.google.com/maps?q=&layer=c&cbll=-23.5895083,-46.552875", "O_QUE_FAZER": "CARTEIRA", "ER_REGIAO_CIDADE_min": "São Paulo_São Lucas" }, "geometry": { "type": "Point", "coordinates": [ -46.552875, -23.5895083 ] } },
{ "type": "Feature", "properties": { "fid": 116631, "CNPJ": "21248121000127", "IDCIDADE": "SAO_PAULO", "NOMEFANTASIA": "DIVERSAO_PAPELARIA", "RAZAOSOCIAL": "DIVERSAO_PAPELARIA_BRINQUEDOS_E_PRESENTES_LTDA", "ENDEE": "RUA_FRANCISCO_FETT520__VILA_PAULO_SILAS_03264-000", "LMAPS": "https://www.google.com/maps?q=&layer=c&cbll=-23.5923085,-46.5460365", "O_QUE_FAZER": "CARTEIRA", "ER_REGIAO_CIDADE_min": "São Paulo_São Lucas" }, "geometry": { "type": "Point", "coordinates": [ -46.5460365, -23.5923085 ] } },
{ "type": "Feature", "properties": { "fid": 117194, "CNPJ": "21364988000148", "IDCIDADE": "SAO_PAULO", "NOMEFANTASIA": "ADEGA_PIETRO_ASSUNCAO", "RAZAOSOCIAL": "ADEGA_PIETRO_MATTOS_LTDA", "ENDEE": "RUA_ANA_CLARA385__VILA_MENDES_03257-000", "LMAPS": "https://www.google.com/maps?q=&layer=c&cbll=-23.6111914,-46.5296928", "O_QUE_FAZER": "CARTEIRA", "ER_REGIAO_CIDADE_min": "São Paulo_São Lucas" }, "geometry": { "type": "Point", "coordinates": [ -46.5296928, -23.6111914 ] } },
{ "type": "Feature", "properties": { "fid": 117648, "CNPJ": "21471622000178", "IDCIDADE": "SAO_PAULO", "NOMEFANTASIA": "VELOSO", "RAZAOSOCIAL": "CAR_BOSS_PREMIUM_VEICULOS_LTDA", "ENDEE": "AVENIDA_PROFESSOR_LUIZ_IGNACIO_ANHAIA_MELLO5256__JARDIM_INDEPENDENCIA_03265-000", "LMAPS": "https://www.google.com/maps?q=&layer=c&cbll=-23.5879572,-46.5455407", "O_QUE_FAZER": "CARTEIRA", "ER_REGIAO_CIDADE_min": "São Paulo_São Lucas" }, "geometry": { "type": "Point", "coordinates": [ -46.5455407, -23.5879572 ] } },
{ "type": "Feature", "properties": { "fid": 117828, "CNPJ": "21516143000120", "IDCIDADE": "SAO_PAULO", "NOMEFANTASIA": "BM_MULTIMARCAS", "RAZAOSOCIAL": "BM_MULTIMARCAS_LTDA", "ENDEE": "AVENIDA_PROFESSOR_LUIZ_IGNACIO_ANHAIA_MELLO4980__JARDIM_INDEPENDENCIA_03294-100", "LMAPS": "https://www.google.com/maps?q=&layer=c&cbll=-23.5866925,-46.5467394", "O_QUE_FAZER": "FINALIZADO", "ER_REGIAO_CIDADE_min": "São Paulo_São Lucas" }, "geometry": { "type": "Point", "coordinates": [ -46.5467394, -23.5866925 ] } },
{ "type": "Feature", "properties": { "fid": 118066, "CNPJ": "21566388000162", "IDCIDADE": "SAO_PAULO", "NOMEFANTASIA": "EMPORIO_YURI", "RAZAOSOCIAL": "EMPORIO_E_CONVENIENCIA_YURI_LTDA", "ENDEE": "RUA_SOLIDONIO_LEITE2378__VILA_IVONE_03275-000", "LMAPS": "https://www.google.com/maps?q=&layer=c&cbll=-23.5865149,-46.5410879", "O_QUE_FAZER": "CARTEIRA", "ER_REGIAO_CIDADE_min": "São Paulo_São Lucas" }, "geometry": { "type": "Point", "coordinates": [ -46.5410879, -23.5865149 ] } },
{ "type": "Feature", "properties": { "fid": 118517, "CNPJ": "21674814000181", "IDCIDADE": "SAO_PAULO", "NOMEFANTASIA": "EDIS_GOMES_MOREIRA_LTDA", "RAZAOSOCIAL": "JE_&_LU_TEMAKERIA", "ENDEE": "AVENIDA_DO_ORATORIO3048__PARQUE_SAO_LUCAS_03220-100", "LMAPS": "https://www.google.com/maps?q=&layer=c&cbll=-23.5964495,-46.5422858", "O_QUE_FAZER": "FINALIZADO", "ER_REGIAO_CIDADE_min": "São Paulo_São Lucas" }, "geometry": { "type": "Point", "coordinates": [ -46.5422858, -23.5964495 ] } },
{ "type": "Feature", "properties": { "fid": 118629, "CNPJ": "21701512000155", "IDCIDADE": "SAO_PAULO", "NOMEFANTASIA": "LOTUS_SERVICOS_DE_MARKETING_E_ADMINISTRACAO_IMOBILIARIOS_LTDA", "RAZAOSOCIAL": "IMOBILIARIA_LOTUS", "ENDEE": "AVENIDA_DO_ORATORIO2811__PARQUE_SAO_LUCAS_03221-100", "LMAPS": "https://www.google.com/maps?q=&layer=c&cbll=-23.5946806,-46.5435111", "O_QUE_FAZER": "FINALIZADO", "ER_REGIAO_CIDADE_min": "São Paulo_São Lucas" }, "geometry": { "type": "Point", "coordinates": [ -46.5435111, -23.5946806 ] } },
{ "type": "Feature", "properties": { "fid": 119531, "CNPJ": "21899506000154", "IDCIDADE": "SAO PAULO", "NOMEFANTASIA": "Bicholog", "RAZAOSOCIAL": "GB_DE_OLIVEIRA_PRODUTOS_PARA_PET_SHOP_ME", "ENDEE": "RUA ATOPE, 29, JARDIM INDEPENDENCIA, 03224-030, SÃO PAULO, SP, BRASIL", "LMAPS": "https://www.google.com/maps?q=&layer=c&cbll=-23.5848926,-46.5646949", "O_QUE_FAZER": "APLICAR T2", "ER_REGIAO_CIDADE_min": "São Paulo_São Lucas" }, "geometry": { "type": "Point", "coordinates": [ -46.5646949, -23.5848926 ] } },
{ "type": "Feature", "properties": { "fid": 119586, "CNPJ": "21909127000106", "IDCIDADE": "SAO_PAULO", "NOMEFANTASIA": "MARINO_APARECIDO_TEIXEIRA_SALVIATO_07751688823", "RAZAOSOCIAL": "GALILEU_AGENCIAS_DE_VIAGENS", "ENDEE": "AVENIDA_DO_ORATORIO1939__VILA_INDEPENDENCIA_03220-000", "LMAPS": "https://www.google.com/maps?q=&layer=c&cbll=-23.5911759,-46.5503119", "O_QUE_FAZER": "FINALIZADO", "ER_REGIAO_CIDADE_min": "São Paulo_São Lucas" }, "geometry": { "type": "Point", "coordinates": [ -46.5503119, -23.5911759 ] } },
{ "type": "Feature", "properties": { "fid": 119702, "CNPJ": "21930726000101", "IDCIDADE": "SAO_PAULO", "NOMEFANTASIA": "B._S._PARQUE_BRASILIA_MATERIAIS_PARA_CONSTRUCAO_LTDA", "RAZAOSOCIAL": "DEPOSITO_BRASILIA", "ENDEE": "AVENIDA_SAPOPEMBA4450__VILA_REGENTE_FEIJO_03345-000", "LMAPS": "https://www.google.com/maps?q=&layer=c&cbll=-23.5779446,-46.5471528", "O_QUE_FAZER": "FINALIZADO", "ER_REGIAO_CIDADE_min": "São Paulo_São Lucas" }, "geometry": { "type": "Point", "coordinates": [ -46.5471528, -23.5779446 ] } },
{ "type": "Feature", "properties": { "fid": 119870, "CNPJ": "21965654000120", "IDCIDADE": "SAO_PAULO", "NOMEFANTASIA": "MUNDO_DAS_MINIATURAS_LTDA", "RAZAOSOCIAL": "MUNDO_DAS_MINIATURAS", "ENDEE": "RUA_HERWIS742__VILA_EMA_03279-000", "LMAPS": "https://www.google.com/maps?q=&layer=c&cbll=-23.5861305,-46.5427669", "O_QUE_FAZER": "FINALIZADO", "ER_REGIAO_CIDADE_min": "São Paulo_São Lucas" }, "geometry": { "type": "Point", "coordinates": [ -46.5427669, -23.5861305 ] } },
{ "type": "Feature", "properties": { "fid": 119917, "CNPJ": "21974342000182", "IDCIDADE": "SAO_PAULO", "NOMEFANTASIA": "POLO_MULTIMARCAS", "RAZAOSOCIAL": "POLO_MULTIMARCAS_LTDA", "ENDEE": "AVENIDA_PROFESSOR_LUIZ_IGNACIO_ANHAIA_MELLO3299__VILA_GRACIOSA_03154-000", "LMAPS": "https://www.google.com/maps?q=&layer=c&cbll=-23.5820713,-46.5620301", "O_QUE_FAZER": "CARTEIRA", "ER_REGIAO_CIDADE_min": "São Paulo_São Lucas" }, "geometry": { "type": "Point", "coordinates": [ -46.5620301, -23.5820713 ] } },
{ "type": "Feature", "properties": { "fid": 120547, "CNPJ": "22104184000172", "IDCIDADE": "SAO_PAULO", "NOMEFANTASIA": "M_M_FERRAGENS", "RAZAOSOCIAL": "MARCOS_VIEIRA_DE_MELLO_MATERIAL_DE_CONSTRUCAO", "ENDEE": "AVENIDA_PROFESSOR_LUIZ_IGNACIO_ANHAIA_MELLO6250__JARDIM_INDEPENDENCIA_03294-200", "LMAPS": "https://www.google.com/maps?q=&layer=c&cbll=-23.593424,-46.5400404", "O_QUE_FAZER": "APLICAR T4", "ER_REGIAO_CIDADE_min": "São Paulo_São Lucas" }, "geometry": { "type": "Point", "coordinates": [ -46.5400404, -23.593424 ] } },
{ "type": "Feature", "properties": { "fid": 120551, "CNPJ": "22104303000197", "IDCIDADE": "SAO PAULO", "NOMEFANTASIA": "AUTO_SHOW_MULTIMARCAS", "RAZAOSOCIAL": "AUTO_SHOW_MULTIMARCAS", "ENDEE": "PROFESSOR LUIZ IGNÁCIO ANHAIA MELLO_5309_VILA GRACIOSA_SÃO PAULO_03295-000", "LMAPS": "https://www.google.com/maps?q=&layer=c&cbll=-23.5885857,-46.5446101", "O_QUE_FAZER": "FINALIZADO", "ER_REGIAO_CIDADE_min": "São Paulo_São Lucas" }, "geometry": { "type": "Point", "coordinates": [ -46.5446101, -23.5885857 ] } },
{ "type": "Feature", "properties": { "fid": 120904, "CNPJ": "22174350000107", "IDCIDADE": "SAO_PAULO", "NOMEFANTASIA": "GERSON_FABIANO_BULGARELLI", "RAZAOSOCIAL": "GERSON_FABIANO_BULGARELLI", "ENDEE": "RUA_ROBERTO_EDUARDO63__VILA_EMA_03277-040", "LMAPS": "https://www.google.com/maps?q=&layer=c&cbll=-23.5822594,-46.5458283", "O_QUE_FAZER": "CARTEIRA", "ER_REGIAO_CIDADE_min": "São Paulo_São Lucas" }, "geometry": { "type": "Point", "coordinates": [ -46.5458283, -23.5822594 ] } },
{ "type": "Feature", "properties": { "fid": 120946, "CNPJ": "22183422000182", "IDCIDADE": "SAO_PAULO", "NOMEFANTASIA": "ELIOBRAS_MATERIAIS", "RAZAOSOCIAL": "ANDREIA_MAISTRO_PEREIRA", "ENDEE": "RUA_SOLIDONIO_LEITE2280__VILA_IVONE_03275-000", "LMAPS": "https://www.google.com/maps?q=&layer=c&cbll=-23.5858117,-46.53705", "O_QUE_FAZER": "CARTEIRA", "ER_REGIAO_CIDADE_min": "São Paulo_São Lucas" }, "geometry": { "type": "Point", "coordinates": [ -46.53705, -23.5858117 ] } },
{ "type": "Feature", "properties": { "fid": 121164, "CNPJ": "22228380000159", "IDCIDADE": "SAO PAULO", "NOMEFANTASIA": null, "RAZAOSOCIAL": "A.R._ASSISTENCIA_TECNICA_DE_EQUIPAMENTOS_TINTOMETRICOS_LTDA", "ENDEE": "AVENIDA VILA EMA, 2134, CASA 01, VILA EMA, 03282-000, SÃO PAULO, SP, BRASIL", "LMAPS": "https://www.google.com/maps?q=&layer=c&cbll=-23.581237,-46.5560659", "O_QUE_FAZER": "CARTEIRA - FAMPE", "ER_REGIAO_CIDADE_min": "São Paulo_São Lucas" }, "geometry": { "type": "Point", "coordinates": [ -46.5560659, -23.581237 ] } },
{ "type": "Feature", "properties": { "fid": 121813, "CNPJ": "22380386000147", "IDCIDADE": "SAO_PAULO", "NOMEFANTASIA": "FERRAMENTAS_MOTORTEST", "RAZAOSOCIAL": "FERRAMENTAS_MOTORTEST_LTDA", "ENDEE": "RUA_DOUTOR_CAMILO_HADDAD456__VILA_DOS_MINERIOS_03266-000", "LMAPS": "https://www.google.com/maps?q=&layer=c&cbll=-23.5973224,-46.5409949", "O_QUE_FAZER": "CARTEIRA", "ER_REGIAO_CIDADE_min": "São Paulo_São Lucas" }, "geometry": { "type": "Point", "coordinates": [ -46.5409949, -23.5973224 ] } },
{ "type": "Feature", "properties": { "fid": 121814, "CNPJ": "22380386000228", "IDCIDADE": "SAO_PAULO", "NOMEFANTASIA": "FERRAMENTAS_MOTORTEST", "RAZAOSOCIAL": "FERRAMENTAS_MOTORTEST_LTDA", "ENDEE": "RUA_HERWIS506__VILA_EMA_03279-000", "LMAPS": "https://www.google.com/maps?q=&layer=c&cbll=-23.5843236,-46.5417946", "O_QUE_FAZER": "CARTEIRA", "ER_REGIAO_CIDADE_min": "São Paulo_São Lucas" }, "geometry": { "type": "Point", "coordinates": [ -46.5417946, -23.5843236 ] } },
{ "type": "Feature", "properties": { "fid": 122203, "CNPJ": "22454657000161", "IDCIDADE": "SAO_PAULO", "NOMEFANTASIA": "CADDY_AUTO_PECAS_LTDA.", "RAZAOSOCIAL": "AUTO_PECAS_CADDY", "ENDEE": "AVENIDA_DO_ORATORIO3215__JARDIM_GUAIRACA_03221-200", "LMAPS": "https://www.google.com/maps?q=&layer=c&cbll=-23.59768,-46.5404848", "O_QUE_FAZER": "FINALIZADO", "ER_REGIAO_CIDADE_min": "São Paulo_São Lucas" }, "geometry": { "type": "Point", "coordinates": [ -46.5404848, -23.59768 ] } },
{ "type": "Feature", "properties": { "fid": 122346, "CNPJ": "22485231000175", "IDCIDADE": "SAO_PAULO", "NOMEFANTASIA": "CL_INDUSTRIA_DE_OCULOS", "RAZAOSOCIAL": "ECL_INDUSTRIA_E_COMERCIO_DE_PRODUTOS_OPTICOS_LTDA", "ENDEE": "RUA_ANA_CLARA438__VILA_MENDES_03257-000", "LMAPS": "https://www.google.com/maps?q=&layer=c&cbll=-23.6114126,-46.5289581", "O_QUE_FAZER": "CARTEIRA", "ER_REGIAO_CIDADE_min": "São Paulo_São Lucas" }, "geometry": { "type": "Point", "coordinates": [ -46.5289581, -23.6114126 ] } },
{ "type": "Feature", "properties": { "fid": 122386, "CNPJ": "22491144000120", "IDCIDADE": "SAO_PAULO", "NOMEFANTASIA": "INFINITO_CAR", "RAZAOSOCIAL": "INFINITY_CAR_COMERCIO_E_INTERMEDIACOES_DE_VEICULOS_LTDA", "ENDEE": "AVENIDA_PROFESSOR_LUIZ_IGNACIO_ANHAIA_MELLO5472__JARDIM_INDEPENDENCIA_03265-000", "LMAPS": "https://www.google.com/maps?q=&layer=c&cbll=-23.5898029,-46.5439878", "O_QUE_FAZER": "CARTEIRA", "ER_REGIAO_CIDADE_min": "São Paulo_São Lucas" }, "geometry": { "type": "Point", "coordinates": [ -46.5439878, -23.5898029 ] } },
{ "type": "Feature", "properties": { "fid": 122467, "CNPJ": "22508680000191", "IDCIDADE": "SAO_PAULO", "NOMEFANTASIA": "22.508.680_EDER_LUIZ_MASSOLLA", "RAZAOSOCIAL": "CACTI_DISTRIBUIDORA", "ENDEE": "RUA_VITOR_DE_QUEIROZ_MATOS21__PARQUE_SAO_LUCAS_03263-010", "LMAPS": "https://www.google.com/maps?q=&layer=c&cbll=-23.5914905,-46.5490037", "O_QUE_FAZER": "FINALIZADO", "ER_REGIAO_CIDADE_min": "São Paulo_São Lucas" }, "geometry": { "type": "Point", "coordinates": [ -46.5490037, -23.5914905 ] } },
{ "type": "Feature", "properties": { "fid": 122619, "CNPJ": "22539708000158", "IDCIDADE": "SAO_PAULO", "NOMEFANTASIA": "NANDA_PRESENTES", "RAZAOSOCIAL": "M.V.C_DA_SILVA_COMERCIO_DE_UTILIDADES_DOMESTICAS", "ENDEE": "AVENIDA_DO_ORATORIO3019__PARQUE_SAO_LUCAS_03221-200", "LMAPS": "https://www.google.com/maps?q=&layer=c&cbll=-23.5962505,-46.5424395", "O_QUE_FAZER": "CARTEIRA", "ER_REGIAO_CIDADE_min": "São Paulo_São Lucas" }, "geometry": { "type": "Point", "coordinates": [ -46.5424395, -23.5962505 ] } },
{ "type": "Feature", "properties": { "fid": 123912, "CNPJ": "22797329000168", "IDCIDADE": "SAO_PAULO", "NOMEFANTASIA": "DOIS_IRMAOS_MINIMERCADO_E_HORTIFRUTI_LTDA", "RAZAOSOCIAL": "DOIS_IRMAOS_HORTIFRUTI", "ENDEE": "RUA_IRMA_MARIA_UMBELINA159__VILA_CUNHA_BUENO_03256-020", "LMAPS": "https://www.google.com/maps?q=&layer=c&cbll=-23.6101068,-46.5293186", "O_QUE_FAZER": "FINALIZADO", "ER_REGIAO_CIDADE_min": "São Paulo_São Lucas" }, "geometry": { "type": "Point", "coordinates": [ -46.5293186, -23.6101068 ] } },
{ "type": "Feature", "properties": { "fid": 123928, "CNPJ": "22799850000134", "IDCIDADE": "SAO_PAULO", "NOMEFANTASIA": "JARDEL_DAMASCENO_SILVA", "RAZAOSOCIAL": "VIDRACARIA_EDIGLASS", "ENDEE": "AVENIDA_DO_ORATORIO6188__JARDIM_ANGELA_03116-000", "LMAPS": "https://www.google.com/maps?q=&layer=c&cbll=-23.6103761,-46.5246683", "O_QUE_FAZER": "FINALIZADO", "ER_REGIAO_CIDADE_min": "São Paulo_São Lucas" }, "geometry": { "type": "Point", "coordinates": [ -46.5246683, -23.6103761 ] } },
{ "type": "Feature", "properties": { "fid": 124257, "CNPJ": "22884066000124", "IDCIDADE": "SAO_PAULO", "NOMEFANTASIA": "22.884.066_GILVAN_DE_FREITAS_AGOSTINHO", "RAZAOSOCIAL": "COLANDO_ART", "ENDEE": "AVENIDA_DO_ORATORIO4903__VILA_INDUSTRIAL_03220-200", "LMAPS": "https://www.google.com/maps?q=&layer=c&cbll=-23.6029084,-46.5274039", "O_QUE_FAZER": "FINALIZADO", "ER_REGIAO_CIDADE_min": "São Paulo_São Lucas" }, "geometry": { "type": "Point", "coordinates": [ -46.5274039, -23.6029084 ] } },
{ "type": "Feature", "properties": { "fid": 124483, "CNPJ": "22931144000102", "IDCIDADE": "SAO_PAULO", "NOMEFANTASIA": "CONSULTORIA_MARCOTULLIO_COMERCIO_E_SERVICOS_EM_TECNOLOGIA_DA_INFORMACAO_E_COMUNICACAO_LTDA", "RAZAOSOCIAL": "CM_TECNOLOGIAS", "ENDEE": "TRAVESSA_JOAO_BATISTA_CORTES100__VILA_EMA_03283-123", "LMAPS": "https://www.google.com/maps?q=&layer=c&cbll=-23.5896088,-46.5409209", "O_QUE_FAZER": "FINALIZADO", "ER_REGIAO_CIDADE_min": "São Paulo_São Lucas" }, "geometry": { "type": "Point", "coordinates": [ -46.5409209, -23.5896088 ] } },
{ "type": "Feature", "properties": { "fid": 124694, "CNPJ": "22969872000103", "IDCIDADE": "SAO_PAULO", "NOMEFANTASIA": "22.969.872_PRISCILA_DA_SILVA_MUCCIOLO", "RAZAOSOCIAL": "CLOSET_PINK_SAO_LUCAS", "ENDEE": "AVENIDA_DO_ORATORIO2192__PARQUE_SAO_LUCAS_03220-000", "LMAPS": "https://www.google.com/maps?q=&layer=c&cbll=-23.5918894,-46.5479949", "O_QUE_FAZER": "FINALIZADO", "ER_REGIAO_CIDADE_min": "São Paulo_São Lucas" }, "geometry": { "type": "Point", "coordinates": [ -46.5479949, -23.5918894 ] } },
{ "type": "Feature", "properties": { "fid": 125490, "CNPJ": "23152502000133", "IDCIDADE": "SAO PAULO", "NOMEFANTASIA": "ESTOFADOS_PRADO", "RAZAOSOCIAL": "ESTOFADOS_PRADO", "ENDEE": "VILA EMA_5001_VILA EMA_SÃO PAULO_03281-001", "LMAPS": "https://www.google.com/maps?q=&layer=c&cbll=-23.5828701,-46.5493848", "O_QUE_FAZER": "FINALIZADO", "ER_REGIAO_CIDADE_min": "São Paulo_São Lucas" }, "geometry": { "type": "Point", "coordinates": [ -46.5493848, -23.5828701 ] } },
{ "type": "Feature", "properties": { "fid": 125594, "CNPJ": "23173351000108", "IDCIDADE": "SAO_PAULO", "NOMEFANTASIA": "J.L_CHAVEIRO_E_PAPELARIA", "RAZAOSOCIAL": "J.L_CHAVEIRO_E_PAPELARIA", "ENDEE": "AVENIDA_PROFESSOR_LUIZ_IGNACIO_ANHAIA_MELLO__5441_03155-100", "LMAPS": "https://www.google.com/maps?q=&layer=c&cbll=-23.5892885,-46.5437064", "O_QUE_FAZER": "FINALIZADO", "ER_REGIAO_CIDADE_min": "São Paulo_São Lucas" }, "geometry": { "type": "Point", "coordinates": [ -46.5437064, -23.5892885 ] } },
{ "type": "Feature", "properties": { "fid": 125872, "CNPJ": "23232559000142", "IDCIDADE": "SAO_PAULO", "NOMEFANTASIA": "PILLAR_EQUIPAMENTOS_CONTRA_INCENDIO_LTDA", "RAZAOSOCIAL": "PILLAR_EQUIPAMENTOS_CONTRA_INCENDIO", "ENDEE": "AVENIDA_DO_ORATORIO1743__VILA_INDEPENDENCIA_03221-000", "LMAPS": "https://www.google.com/maps?q=&layer=c&cbll=-23.5901979,-46.5519065", "O_QUE_FAZER": "FINALIZADO", "ER_REGIAO_CIDADE_min": "São Paulo_São Lucas" }, "geometry": { "type": "Point", "coordinates": [ -46.5519065, -23.5901979 ] } },
{ "type": "Feature", "properties": { "fid": 125893, "CNPJ": "23236506000108", "IDCIDADE": "SAO_PAULO", "NOMEFANTASIA": "URUTU", "RAZAOSOCIAL": "URUTU_CASA_DE_RACAO_LTDA", "ENDEE": "AVENIDA_VILA_EMA3489__VILA_EMA_03281-000", "LMAPS": "https://www.google.com/maps?q=&layer=c&cbll=-23.586454,-46.5448908", "O_QUE_FAZER": "FINALIZADO", "ER_REGIAO_CIDADE_min": "São Paulo_São Lucas" }, "geometry": { "type": "Point", "coordinates": [ -46.5448908, -23.586454 ] } },
{ "type": "Feature", "properties": { "fid": 125956, "CNPJ": "23250084000117", "IDCIDADE": "SAO_PAULO", "NOMEFANTASIA": "BROTHERS_GARAGE", "RAZAOSOCIAL": "BROTHER'S_GARAGE_SERVICOS_AUTOMOTIVOS_E_UTILIDADES_GERAIS_LTDA", "ENDEE": "AVENIDA_DO_ORATORIO3129__JARDIM_GUAIRACA_03221-200", "LMAPS": "https://www.google.com/maps?q=&layer=c&cbll=-23.5967871,-46.5414866", "O_QUE_FAZER": "CARTEIRA", "ER_REGIAO_CIDADE_min": "São Paulo_São Lucas" }, "geometry": { "type": "Point", "coordinates": [ -46.5414866, -23.5967871 ] } },
{ "type": "Feature", "properties": { "fid": 126087, "CNPJ": "23278407000180", "IDCIDADE": "SAO_PAULO", "NOMEFANTASIA": "PAPELARIA_COELHO_ROSA", "RAZAOSOCIAL": "COELHO_ROSA_PAPELARIA_E_INFORMATICA_LTDA", "ENDEE": "AVENIDA_MORAIS_COSTA558__VILA_INDUSTRIAL_03253-000", "LMAPS": "https://www.google.com/maps?q=&layer=c&cbll=-23.6074381,-46.532092", "O_QUE_FAZER": "CARTEIRA", "ER_REGIAO_CIDADE_min": "São Paulo_São Lucas" }, "geometry": { "type": "Point", "coordinates": [ -46.532092, -23.6074381 ] } },
{ "type": "Feature", "properties": { "fid": 126495, "CNPJ": "23367678000102", "IDCIDADE": "SAO_PAULO", "NOMEFANTASIA": "FARMA_&_CIA", "RAZAOSOCIAL": "RODRIGO_LIMA_DE_CARVALHO_SERVICOS_DE_COBRANCAS_LTDA", "ENDEE": "AVENIDA_SAO_LUCAS227__PARQUE_SAO_LUCAS_03239-000", "LMAPS": "https://www.google.com/maps?q=&layer=c&cbll=-23.594987,-46.5472065", "O_QUE_FAZER": "CARTEIRA", "ER_REGIAO_CIDADE_min": "São Paulo_São Lucas" }, "geometry": { "type": "Point", "coordinates": [ -46.5472065, -23.594987 ] } },
{ "type": "Feature", "properties": { "fid": 126977, "CNPJ": "23468025000110", "IDCIDADE": "SAO_PAULO", "NOMEFANTASIA": "CARAMELO_KIDS", "RAZAOSOCIAL": "A.M._LIMA_COMERCIO_DO_VESTUARIO_LTDA", "ENDEE": "AVENIDA_DO_ORATORIO5600__JARDIM_ANGELA_03220-300", "LMAPS": "https://www.google.com/maps?q=&layer=c&cbll=-23.6059432,-46.5224227", "O_QUE_FAZER": "CARTEIRA", "ER_REGIAO_CIDADE_min": "São Paulo_São Lucas" }, "geometry": { "type": "Point", "coordinates": [ -46.5224227, -23.6059432 ] } },
{ "type": "Feature", "properties": { "fid": 127265, "CNPJ": "23522470000110", "IDCIDADE": "SAO PAULO", "NOMEFANTASIA": null, "RAZAOSOCIAL": "SHANKIPELL_DISTRIBUIDORA_DE_PAPEIS_E_PRODUTOS_PARA_HIGIENE_E_LIMPEZA_LTDA", "ENDEE": "RUA PINTO DA LUZ, 652, VILA IVONE, 03276-110, SÃO PAULO, SP, BRASIL", "LMAPS": "https://www.google.com/maps?q=&layer=c&cbll=-23.5794801,-46.5489844", "O_QUE_FAZER": "CARTEIRA - FAMPE", "ER_REGIAO_CIDADE_min": "São Paulo_São Lucas" }, "geometry": { "type": "Point", "coordinates": [ -46.5489844, -23.5794801 ] } },
{ "type": "Feature", "properties": { "fid": 127315, "CNPJ": "23531454000194", "IDCIDADE": "SAO_PAULO", "NOMEFANTASIA": "TIKARA_COMERCIO_DE_AUTOPECAS_LTDA", "RAZAOSOCIAL": "TIKARA_PECAS", "ENDEE": "AVENIDA_DO_ORATORIO6175__JARDIM_ANGELA_03116-000", "LMAPS": "https://www.google.com/maps?q=&layer=c&cbll=-23.6100813,-46.5245756", "O_QUE_FAZER": "FINALIZADO", "ER_REGIAO_CIDADE_min": "São Paulo_São Lucas" }, "geometry": { "type": "Point", "coordinates": [ -46.5245756, -23.6100813 ] } },
{ "type": "Feature", "properties": { "fid": 127703, "CNPJ": "23619434000170", "IDCIDADE": "SAO_PAULO", "NOMEFANTASIA": "MARCOS_AURELIO_BUENO_DE_ALMEIDA_11493441809", "RAZAOSOCIAL": "JAPA_TUNE", "ENDEE": "AVENIDA_SAPOPEMBA5000__SAPOPEMBA_03374-000", "LMAPS": "https://www.google.com/maps?q=&layer=c&cbll=-23.5792312,-46.5420455", "O_QUE_FAZER": "FINALIZADO", "ER_REGIAO_CIDADE_min": "São Paulo_São Lucas" }, "geometry": { "type": "Point", "coordinates": [ -46.5420455, -23.5792312 ] } },
{ "type": "Feature", "properties": { "fid": 128355, "CNPJ": "23752235000135", "IDCIDADE": "SAO_PAULO", "NOMEFANTASIA": "LIVE_DESIDN", "RAZAOSOCIAL": "LIVE_DESIGN_-_COMERCIO_DE_MOVEIS_LTDA", "ENDEE": "AVENIDA_DO_ORATORIO4325__JARDIM_GUAIRACA_03195-000", "LMAPS": "https://www.google.com/maps?q=&layer=c&cbll=-23.6014508,-46.532472", "O_QUE_FAZER": "CARTEIRA", "ER_REGIAO_CIDADE_min": "São Paulo_São Lucas" }, "geometry": { "type": "Point", "coordinates": [ -46.532472, -23.6014508 ] } },
{ "type": "Feature", "properties": { "fid": 128383, "CNPJ": "23758706000112", "IDCIDADE": "SAO_PAULO", "NOMEFANTASIA": "MAXIMUS_VISTORIAS", "RAZAOSOCIAL": "FABIO_ALBERTO_IZIPATO_VISTORIAS_AUTOMOTIVAS", "ENDEE": "RUA_FRANCISCO_FETT459__VILA_PAULO_SILAS_03264-000", "LMAPS": "https://www.google.com/maps?q=&layer=c&cbll=-23.5919179,-46.5456489", "O_QUE_FAZER": "CARTEIRA", "ER_REGIAO_CIDADE_min": "São Paulo_São Lucas" }, "geometry": { "type": "Point", "coordinates": [ -46.5456489, -23.5919179 ] } },
{ "type": "Feature", "properties": { "fid": 128486, "CNPJ": "23781986000180", "IDCIDADE": "SAO_PAULO", "NOMEFANTASIA": "TEACON_ELETRONICOS", "RAZAOSOCIAL": "TEIACON_COMERCIO_DE_ELETRONICOS_LTDA", "ENDEE": "AVENIDA_MORAIS_COSTA125__VILA_INDUSTRIAL_03253-000", "LMAPS": "https://www.google.com/maps?q=&layer=c&cbll=-23.604028,-46.5297761", "O_QUE_FAZER": "FINALIZADO", "ER_REGIAO_CIDADE_min": "São Paulo_São Lucas" }, "geometry": { "type": "Point", "coordinates": [ -46.5297761, -23.604028 ] } },
{ "type": "Feature", "properties": { "fid": 128487, "CNPJ": "23781986000260", "IDCIDADE": "SAO_PAULO", "NOMEFANTASIA": "TEIACON_COMERCIO_DE_ELETRONICOS_LTDA", "RAZAOSOCIAL": "TEIACOM", "ENDEE": "AVENIDA_DO_ORATORIO2375__PARQUE_SAO_LUCAS_03220-100", "LMAPS": "https://www.google.com/maps?q=&layer=c&cbll=-23.5927241,-46.5464874", "O_QUE_FAZER": "FINALIZADO", "ER_REGIAO_CIDADE_min": "São Paulo_São Lucas" }, "geometry": { "type": "Point", "coordinates": [ -46.5464874, -23.5927241 ] } },
{ "type": "Feature", "properties": { "fid": 128524, "CNPJ": "23787267000176", "IDCIDADE": "SAO_PAULO", "NOMEFANTASIA": "COSTA_BARROS_CONVENIENCIA_E_SERVICOS_EXPRESS", "RAZAOSOCIAL": "COSTA_BARROS_CONVENIENCIA_E_SERVICOS_EXPRESS_LTDA", "ENDEE": "RUA_COSTA_BARROS2100__SITIO_PINHEIRINHO_03210-001", "LMAPS": "https://www.google.com/maps?q=&layer=c&cbll=-23.601865,-46.547255", "O_QUE_FAZER": "CARTEIRA", "ER_REGIAO_CIDADE_min": "São Paulo_São Lucas" }, "geometry": { "type": "Point", "coordinates": [ -46.547255, -23.601865 ] } },
{ "type": "Feature", "properties": { "fid": 128729, "CNPJ": "23834904000118", "IDCIDADE": "SAO_PAULO", "NOMEFANTASIA": "CLINICA_VETERINARIA_ANIMAL_VET", "RAZAOSOCIAL": "CLINICA_VETERINARIA_ANIMAL_VETS_LTDA", "ENDEE": "AVENIDA_MORAIS_COSTA530__VILA_INDUSTRIAL_03253-000", "LMAPS": "https://www.google.com/maps?q=&layer=c&cbll=-23.6071957,-46.5319388", "O_QUE_FAZER": "CARTEIRA", "ER_REGIAO_CIDADE_min": "São Paulo_São Lucas" }, "geometry": { "type": "Point", "coordinates": [ -46.5319388, -23.6071957 ] } },
{ "type": "Feature", "properties": { "fid": 128972, "CNPJ": "23878801000150", "IDCIDADE": "SAO_PAULO", "NOMEFANTASIA": "PET_SHOP_BRASIL_500_LTDA", "RAZAOSOCIAL": "PET_SHOP_BRASIL", "ENDEE": "AVENIDA_FRANCISCO_FETT500__VILA_PAULO_SILAS_03264-000", "LMAPS": "https://www.google.com/maps?q=&layer=c&cbll=-23.5921215,-46.5459966", "O_QUE_FAZER": "FINALIZADO", "ER_REGIAO_CIDADE_min": "São Paulo_São Lucas" }, "geometry": { "type": "Point", "coordinates": [ -46.5459966, -23.5921215 ] } },
{ "type": "Feature", "properties": { "fid": 129146, "CNPJ": "23919535000166", "IDCIDADE": "SAO_PAULO", "NOMEFANTASIA": "R_DE_J_COSTA", "RAZAOSOCIAL": "DINDAS_KIDS", "ENDEE": "AVENIDA_SAPOPEMBA4246__SAPOPEMBA_03374-000", "LMAPS": "https://www.google.com/maps?q=&layer=c&cbll=-23.5774473,-46.5491089", "O_QUE_FAZER": "FINALIZADO", "ER_REGIAO_CIDADE_min": "São Paulo_São Lucas" }, "geometry": { "type": "Point", "coordinates": [ -46.5491089, -23.5774473 ] } },
{ "type": "Feature", "properties": { "fid": 129307, "CNPJ": "23962989000110", "IDCIDADE": "SAO_PAULO", "NOMEFANTASIA": "GORGEUS_PET", "RAZAOSOCIAL": "GORGEUS_PET", "ENDEE": "VILA_EMA2717__VILA_EMA_03281-000", "LMAPS": "https://www.google.com/maps?q=&layer=c&cbll=-23.5828701,-46.5493848", "O_QUE_FAZER": "FINALIZADO", "ER_REGIAO_CIDADE_min": "São Paulo_São Lucas" }, "geometry": { "type": "Point", "coordinates": [ -46.5493848, -23.5828701 ] } },
{ "type": "Feature", "properties": { "fid": 129713, "CNPJ": "24054402000137", "IDCIDADE": "SAO_PAULO", "NOMEFANTASIA": "VC_SERVICOS_ODONTOLOGICOS", "RAZAOSOCIAL": "VC-SERVICOS_MEDICOS_E_ODONTOLOGICOS_LTDA", "ENDEE": "AVENIDA_MORAIS_COSTA35__VILA_INDUSTRIAL_03253-000", "LMAPS": "https://www.google.com/maps?q=&layer=c&cbll=-23.6034535,-46.5293017", "O_QUE_FAZER": "CARTEIRA", "ER_REGIAO_CIDADE_min": "São Paulo_São Lucas" }, "geometry": { "type": "Point", "coordinates": [ -46.5293017, -23.6034535 ] } },
{ "type": "Feature", "properties": { "fid": 129759, "CNPJ": "24063700000193", "IDCIDADE": "SAO_PAULO", "NOMEFANTASIA": "SACOLAO_COSTA_BARROS", "RAZAOSOCIAL": "SACOLAO_COSTA_BARROS_LTDA.", "ENDEE": "RUA_COSTA_BARROS1831__SITIO_PINHEIRINHO_03210-001", "LMAPS": "https://www.google.com/maps?q=&layer=c&cbll=-23.6002604,-46.5502048", "O_QUE_FAZER": "CARTEIRA", "ER_REGIAO_CIDADE_min": "São Paulo_São Lucas" }, "geometry": { "type": "Point", "coordinates": [ -46.5502048, -23.6002604 ] } },
{ "type": "Feature", "properties": { "fid": 130368, "CNPJ": "24176522000107", "IDCIDADE": "SAO_PAULO", "NOMEFANTASIA": "BOXK2", "RAZAOSOCIAL": "KAUE_E_KAUE_ACADEMIA_DE_GINASTICA_LTDA.", "ENDEE": "AVENIDA_MORAIS_COSTA310__VILA_INDUSTRIAL_03253-000", "LMAPS": "https://www.google.com/maps?q=&layer=c&cbll=-23.6050112,-46.5302741", "O_QUE_FAZER": "CARTEIRA", "ER_REGIAO_CIDADE_min": "São Paulo_São Lucas" }, "geometry": { "type": "Point", "coordinates": [ -46.5302741, -23.6050112 ] } },
{ "type": "Feature", "properties": { "fid": 130626, "CNPJ": "24229135000191", "IDCIDADE": "SAO_PAULO", "NOMEFANTASIA": "FAN_VEICULOS", "RAZAOSOCIAL": "F_T_DE_SOUZA_FAN_MOTOR'S", "ENDEE": "AVENIDA_PROFESSOR_LUIZ_IGNACIO_ANHAIA_MELLO5693__VILA_GRACIOSA_03295-000", "LMAPS": "https://www.google.com/maps?q=&layer=c&cbll=-23.5869406,-46.5458359", "O_QUE_FAZER": "CARTEIRA", "ER_REGIAO_CIDADE_min": "São Paulo_São Lucas" }, "geometry": { "type": "Point", "coordinates": [ -46.5458359, -23.5869406 ] } },
{ "type": "Feature", "properties": { "fid": 130826, "CNPJ": "24270370000107", "IDCIDADE": "SAO PAULO", "NOMEFANTASIA": "RM_MULTIMARCAS", "RAZAOSOCIAL": "RM_MULTIMARCAS", "ENDEE": "PROFESSOR LUIZ IGNÁCIO ANHAIA MELLO_4660_JARDIM INDEPENDÊNCIA_SÃO PAULO_03294-100", "LMAPS": "https://www.google.com/maps?q=&layer=c&cbll=-23.5855327,-46.5484691", "O_QUE_FAZER": "FINALIZADO", "ER_REGIAO_CIDADE_min": "São Paulo_São Lucas" }, "geometry": { "type": "Point", "coordinates": [ -46.5484691, -23.5855327 ] } },
{ "type": "Feature", "properties": { "fid": 131284, "CNPJ": "24365941000197", "IDCIDADE": "SAO_PAULO", "NOMEFANTASIA": "AUTONE", "RAZAOSOCIAL": "AUTONE_SERVICOS_AUTOMOTIVOS_LTDA", "ENDEE": "RUA_DOMINGOS_AFONSO871__VILA_SANTA_CLARA_03161-090", "LMAPS": "https://www.google.com/maps?q=&layer=c&cbll=-23.5818067,-46.56286", "O_QUE_FAZER": "CARTEIRA", "ER_REGIAO_CIDADE_min": "São Paulo_São Lucas" }, "geometry": { "type": "Point", "coordinates": [ -46.56286, -23.5818067 ] } },
{ "type": "Feature", "properties": { "fid": 131303, "CNPJ": "24370882000145", "IDCIDADE": "SAO_PAULO", "NOMEFANTASIA": "PET_DOG_PLACES", "RAZAOSOCIAL": "PET_SHOP_DOGS_PLACE_LTDA", "ENDEE": "AVENIDA_VILA_EMA2615__VILA_EMA_03282-000", "LMAPS": "https://www.google.com/maps?q=&layer=c&cbll=-23.5821269,-46.5515719", "O_QUE_FAZER": "FINALIZADO", "ER_REGIAO_CIDADE_min": "São Paulo_São Lucas" }, "geometry": { "type": "Point", "coordinates": [ -46.5515719, -23.5821269 ] } },
{ "type": "Feature", "properties": { "fid": 131597, "CNPJ": "24425693000122", "IDCIDADE": "SAO_PAULO", "NOMEFANTASIA": "LANCHONETE_MUCAMBO", "RAZAOSOCIAL": "RESTAURANTE_E_PIZZARIA_SAO_LUCAS_LTDA", "ENDEE": "AVENIDA_DO_ORATORIO2750__PARQUE_SAO_LUCAS_03195-000", "LMAPS": "https://www.google.com/maps?q=&layer=c&cbll=-23.5942935,-46.5439573", "O_QUE_FAZER": "CARTEIRA", "ER_REGIAO_CIDADE_min": "São Paulo_São Lucas" }, "geometry": { "type": "Point", "coordinates": [ -46.5439573, -23.5942935 ] } },
{ "type": "Feature", "properties": { "fid": 132334, "CNPJ": "24561495000196", "IDCIDADE": "SAO_PAULO", "NOMEFANTASIA": "POINT_CLASS", "RAZAOSOCIAL": "ELIANE_ALVES_DA_SILVA", "ENDEE": "AVENIDA_DO_ORATORIO4500__JARDIM_GUAIRACA_03195-000", "LMAPS": "https://www.google.com/maps?q=&layer=c&cbll=-23.6019302,-46.5309989", "O_QUE_FAZER": "CARTEIRA", "ER_REGIAO_CIDADE_min": "São Paulo_São Lucas" }, "geometry": { "type": "Point", "coordinates": [ -46.5309989, -23.6019302 ] } },
{ "type": "Feature", "properties": { "fid": 132437, "CNPJ": "24581545000105", "IDCIDADE": "SAO_PAULO", "NOMEFANTASIA": "EMPORIO_SAO_JUDAS_TADEU", "RAZAOSOCIAL": "HORTIFRUTI_SHIBANUMA_LTDA", "ENDEE": "RUA_ANA_CLARA357__VILA_MENDES_03257-000", "LMAPS": "https://www.google.com/maps?q=&layer=c&cbll=-23.6111083,-46.529985", "O_QUE_FAZER": "FINALIZADO", "ER_REGIAO_CIDADE_min": "São Paulo_São Lucas" }, "geometry": { "type": "Point", "coordinates": [ -46.529985, -23.6111083 ] } },
{ "type": "Feature", "properties": { "fid": 132586, "CNPJ": "24612511000122", "IDCIDADE": "SAO_PAULO", "NOMEFANTASIA": "CHECKMAT_VISTORIAS", "RAZAOSOCIAL": "AVANTI_VISTORIAS_AUTOMOTIVAS_LTDA", "ENDEE": "AVENIDA_PROFESSOR_LUIZ_IGNACIO_ANHAIA_MELLO3269__VILA_GRACIOSA_03295-000", "LMAPS": "https://www.google.com/maps?q=&layer=c&cbll=-23.5820751,-46.5623151", "O_QUE_FAZER": "CARTEIRA", "ER_REGIAO_CIDADE_min": "São Paulo_São Lucas" }, "geometry": { "type": "Point", "coordinates": [ -46.5623151, -23.5820751 ] } },
{ "type": "Feature", "properties": { "fid": 134007, "CNPJ": "24901823000156", "IDCIDADE": "SAO_PAULO", "NOMEFANTASIA": "NEIDION_ANDRADE_RIBEIRO_02455553159", "RAZAOSOCIAL": "CONCEITO_PAPEL_DE_PAREDE", "ENDEE": "RUA_ARTUR_TIMOTEO_DA_COSTA220__VILA_EMA_03278-110", "LMAPS": "https://www.google.com/maps?q=&layer=c&cbll=-23.5843506,-46.5427529", "O_QUE_FAZER": "FINALIZADO", "ER_REGIAO_CIDADE_min": "São Paulo_São Lucas" }, "geometry": { "type": "Point", "coordinates": [ -46.5427529, -23.5843506 ] } },
{ "type": "Feature", "properties": { "fid": 134445, "CNPJ": "24981950000102", "IDCIDADE": "SAO_PAULO", "NOMEFANTASIA": "MATHEUS_MARTINS_FERRAZ_46098737886", "RAZAOSOCIAL": "PET_PRACA", "ENDEE": "RUA_SOLIDONIO_LEITE2356__VILA_IVONE_03275-000", "LMAPS": "https://www.google.com/maps?q=&layer=c&cbll=-23.5861314,-46.5364065", "O_QUE_FAZER": "FINALIZADO", "ER_REGIAO_CIDADE_min": "São Paulo_São Lucas" }, "geometry": { "type": "Point", "coordinates": [ -46.5364065, -23.5861314 ] } },
{ "type": "Feature", "properties": { "fid": 134530, "CNPJ": "24997156000157", "IDCIDADE": "SAO_PAULO", "NOMEFANTASIA": "OTICA_BATISTA", "RAZAOSOCIAL": "OTICA_BATISTA_LTDA", "ENDEE": "RUA_LEONARDO_VILAS_BOAS195__PARQUE_SAO_LUCAS_03240-000", "LMAPS": "https://www.google.com/maps?q=&layer=c&cbll=-23.5945412,-46.5469556", "O_QUE_FAZER": "CARTEIRA", "ER_REGIAO_CIDADE_min": "São Paulo_São Lucas" }, "geometry": { "type": "Point", "coordinates": [ -46.5469556, -23.5945412 ] } },
{ "type": "Feature", "properties": { "fid": 134619, "CNPJ": "25016094000118", "IDCIDADE": "SAO_PAULO", "NOMEFANTASIA": "OPTICA_RIOS_LTDA", "RAZAOSOCIAL": "OPTICA_RIOS", "ENDEE": "RUA_FRANCISCO_FETT328__VILA_PAULO_SILAS_03264-000", "LMAPS": "https://www.google.com/maps?q=&layer=c&cbll=-23.5908223,-46.5451547", "O_QUE_FAZER": "FINALIZADO", "ER_REGIAO_CIDADE_min": "São Paulo_São Lucas" }, "geometry": { "type": "Point", "coordinates": [ -46.5451547, -23.5908223 ] } },
{ "type": "Feature", "properties": { "fid": 134693, "CNPJ": "25028138000120", "IDCIDADE": "SAO PAULO", "NOMEFANTASIA": null, "RAZAOSOCIAL": "ANDRE_LUIZ_DE_ALMEIDA_SOUZA_38436974859", "ENDEE": "RUA EDMUNDO JUVENTINO FUENTES, 180, APT 71 C, PARQUE TOMAS SARAIVA, 03280-000, SÃO PAULO, SP, BRASIL", "LMAPS": "https://www.google.com/maps?q=&layer=c&cbll=-23.5842938,-46.5364276", "O_QUE_FAZER": "CARTEIRA - FAMPE", "ER_REGIAO_CIDADE_min": "São Paulo_São Lucas" }, "geometry": { "type": "Point", "coordinates": [ -46.5364276, -23.5842938 ] } },
{ "type": "Feature", "properties": { "fid": 136044, "CNPJ": "25280018000115", "IDCIDADE": "SAO_PAULO", "NOMEFANTASIA": "CIMONETTI_INSTALACOES", "RAZAOSOCIAL": "CIMONETTI_INSTALACOES_ESPECIALIZADAS_LTDA", "ENDEE": "RUA_SOLIDONIO_LEITE2022__VILA_IVONE_03275-000", "LMAPS": "https://www.google.com/maps?q=&layer=c&cbll=-23.58497,-46.5392417", "O_QUE_FAZER": "CARTEIRA", "ER_REGIAO_CIDADE_min": "São Paulo_São Lucas" }, "geometry": { "type": "Point", "coordinates": [ -46.5392417, -23.58497 ] } },
{ "type": "Feature", "properties": { "fid": 136386, "CNPJ": "25356538000164", "IDCIDADE": "SAO_PAULO", "NOMEFANTASIA": "RONALDO_CAPARROZ_SILVA_COMERCIO_DE_ROUPAS", "RAZAOSOCIAL": "FOUR_SOUND", "ENDEE": "AVENIDA_DO_ORATORIO2124__PARQUE_SAO_LUCAS_03220-000", "LMAPS": "https://www.google.com/maps?q=&layer=c&cbll=-23.5918608,-46.5486819", "O_QUE_FAZER": "FINALIZADO", "ER_REGIAO_CIDADE_min": "São Paulo_São Lucas" }, "geometry": { "type": "Point", "coordinates": [ -46.5486819, -23.5918608 ] } },
{ "type": "Feature", "properties": { "fid": 136481, "CNPJ": "25382420000100", "IDCIDADE": "SAO_PAULO", "NOMEFANTASIA": "ADEMIR_GONCALVES", "RAZAOSOCIAL": "POLY_BRASA_COMERCIO_DE_CARVAO_LTDA", "ENDEE": "RUA_ROBERTO_MOREL172__VILA_EMA_03281-000", "LMAPS": "https://www.google.com/maps?q=&layer=c&cbll=-23.5845789,-46.5465774", "O_QUE_FAZER": "CARTEIRA", "ER_REGIAO_CIDADE_min": "São Paulo_São Lucas" }, "geometry": { "type": "Point", "coordinates": [ -46.5465774, -23.5845789 ] } },
{ "type": "Feature", "properties": { "fid": 136573, "CNPJ": "25423380000106", "IDCIDADE": "SAO PAULO", "NOMEFANTASIA": null, "RAZAOSOCIAL": "EL_BRIT_REPRESENTACAO_COMERCIAL_LTDA", "ENDEE": "AVENIDA PROF LUIZ IGNACIO ANHAIA MELLO, 3800, APT 51 TORRE A, JARDIM INDEPENDENCIA, 03294-100, SÃO PAULO, SP, BRASIL", "LMAPS": "https://www.google.com/maps?q=&layer=c&cbll=-23.5824962,-46.5571314", "O_QUE_FAZER": "CARTEIRA - FAMPE", "ER_REGIAO_CIDADE_min": "São Paulo_São Lucas" }, "geometry": { "type": "Point", "coordinates": [ -46.5571314, -23.5824962 ] } },
{ "type": "Feature", "properties": { "fid": 136957, "CNPJ": "26010473000163", "IDCIDADE": "SAO_PAULO", "NOMEFANTASIA": "TENTANDO_PENSAR_LEVE", "RAZAOSOCIAL": "EMIGDA_ARALICE_DOCERIA_LTDA", "ENDEE": "AVENIDA_MORAIS_COSTA42__VILA_INDUSTRIAL_03253-000", "LMAPS": "https://www.google.com/maps?q=&layer=c&cbll=-23.6033171,-46.5299593", "O_QUE_FAZER": "CARTEIRA", "ER_REGIAO_CIDADE_min": "São Paulo_São Lucas" }, "geometry": { "type": "Point", "coordinates": [ -46.5299593, -23.6033171 ] } },
{ "type": "Feature", "properties": { "fid": 138085, "CNPJ": "26221254000123", "IDCIDADE": "SAO_PAULO", "NOMEFANTASIA": "VIP_MULTIMARCAS", "RAZAOSOCIAL": "LEANDRO_DOS_SANTOS_SILVA", "ENDEE": "AVENIDA_DO_ORATORIO4465__JARDIM_GUAIRACA_03195-000", "LMAPS": "https://www.google.com/maps?q=&layer=c&cbll=-23.601593,-46.531121", "O_QUE_FAZER": "CARTEIRA", "ER_REGIAO_CIDADE_min": "São Paulo_São Lucas" }, "geometry": { "type": "Point", "coordinates": [ -46.531121, -23.601593 ] } },
{ "type": "Feature", "properties": { "fid": 138486, "CNPJ": "26297800000100", "IDCIDADE": "SAO_PAULO", "NOMEFANTASIA": "MINIMERCADO_PORECATU", "RAZAOSOCIAL": "MINIMERCADO_PORECATU_LTDA", "ENDEE": "RUA_JOSE_MACEDO756__VILA_MACEDOPOLIS_03236-020", "LMAPS": "https://www.google.com/maps?q=&layer=c&cbll=-23.5956867,-46.5552729", "O_QUE_FAZER": "CARTEIRA", "ER_REGIAO_CIDADE_min": "São Paulo_São Lucas" }, "geometry": { "type": "Point", "coordinates": [ -46.5552729, -23.5956867 ] } },
{ "type": "Feature", "properties": { "fid": 139882, "CNPJ": "26560404000123", "IDCIDADE": "SAO_PAULO", "NOMEFANTASIA": "PET_SHOP_GOLFINHOS", "RAZAOSOCIAL": "PET_SHOP_E_CONSULTORIO_VETERINARIO_GOLFINHOS_LTDA", "ENDEE": "AVENIDA_DO_ORATORIO3600__JARDIM_GUAIRACA_03116-000", "LMAPS": "https://www.google.com/maps?q=&layer=c&cbll=-23.5993862,-46.5380662", "O_QUE_FAZER": "CARTEIRA", "ER_REGIAO_CIDADE_min": "São Paulo_São Lucas" }, "geometry": { "type": "Point", "coordinates": [ -46.5380662, -23.5993862 ] } },
{ "type": "Feature", "properties": { "fid": 140159, "CNPJ": "26606620000162", "IDCIDADE": "SAO_PAULO", "NOMEFANTASIA": "CASA_PORTO", "RAZAOSOCIAL": "CASA_PORTO_PRESENTES_E_UTILIDADES_LTDA", "ENDEE": "AVENIDA_SAO_LUCAS124__PARQUE_SAO_LUCAS_03239-000", "LMAPS": "https://www.google.com/maps?q=&layer=c&cbll=-23.5939867,-46.5469933", "O_QUE_FAZER": "CARTEIRA", "ER_REGIAO_CIDADE_min": "São Paulo_São Lucas" }, "geometry": { "type": "Point", "coordinates": [ -46.5469933, -23.5939867 ] } },
{ "type": "Feature", "properties": { "fid": 140321, "CNPJ": "26634236000173", "IDCIDADE": "SAO_PAULO", "NOMEFANTASIA": "HAREM_MOTOS", "RAZAOSOCIAL": "VJ_COMERCIO_DE_MOTOS_LTDA", "ENDEE": "AVENIDA_PROFESSOR_LUIZ_IGNACIO_ANHAIA_MELLO4396__JARDIM_INDEPENDENCIA_03265-000", "LMAPS": "https://www.google.com/maps?q=&layer=c&cbll=-23.5837215,-46.5516854", "O_QUE_FAZER": "CARTEIRA", "ER_REGIAO_CIDADE_min": "São Paulo_São Lucas" }, "geometry": { "type": "Point", "coordinates": [ -46.5516854, -23.5837215 ] } },
{ "type": "Feature", "properties": { "fid": 140647, "CNPJ": "26694859000131", "IDCIDADE": "SAO_PAULO", "NOMEFANTASIA": "RINAPAR", "RAZAOSOCIAL": "RINAPAR_COMERCIO_DE_PARAFUSOS_FERRAMENTAS_E_FERRAGENS_LTDA", "ENDEE": "AVENIDA_DO_ORATORIO4674__JARDIM_GUAIRACA_03195-000", "LMAPS": "https://www.google.com/maps?q=&layer=c&cbll=-23.6027878,-46.5297662", "O_QUE_FAZER": "CARTEIRA", "ER_REGIAO_CIDADE_min": "São Paulo_São Lucas" }, "geometry": { "type": "Point", "coordinates": [ -46.5297662, -23.6027878 ] } },
{ "type": "Feature", "properties": { "fid": 140648, "CNPJ": "26694859000212", "IDCIDADE": "SAO_PAULO", "NOMEFANTASIA": "RINAPAR", "RAZAOSOCIAL": "RINAPAR_COMERCIO_DE_PARAFUSOS_FERRAMENTAS_E_FERRAGENS_LTDA", "ENDEE": "AVENIDA_DO_ORATORIO4665__JARDIM_GUAIRACA_03195-000", "LMAPS": "https://www.google.com/maps?q=&layer=c&cbll=-23.6027947,-46.5297616", "O_QUE_FAZER": "CARTEIRA", "ER_REGIAO_CIDADE_min": "São Paulo_São Lucas" }, "geometry": { "type": "Point", "coordinates": [ -46.5297616, -23.6027947 ] } },
{ "type": "Feature", "properties": { "fid": 141029, "CNPJ": "26760815000162", "IDCIDADE": "SAO_PAULO", "NOMEFANTASIA": "AUTI_ESCOLA_REALIZE", "RAZAOSOCIAL": "CENTRO_DE_FORMACAO_DE_CONDUTORES_AB_REALIZAR_LTDA", "ENDEE": "AVENIDA_DO_ORATORIO4846__JARDIM_GUAIRACA_03195-000", "LMAPS": "https://www.google.com/maps?q=&layer=c&cbll=-23.6029817,-46.527915", "O_QUE_FAZER": "CARTEIRA", "ER_REGIAO_CIDADE_min": "São Paulo_São Lucas" }, "geometry": { "type": "Point", "coordinates": [ -46.527915, -23.6029817 ] } },
{ "type": "Feature", "properties": { "fid": 141109, "CNPJ": "26775484000134", "IDCIDADE": "SAO_PAULO", "NOMEFANTASIA": "CTA_TONINHO", "RAZAOSOCIAL": "C_T_A_CENTRO_TECNICO_AUTOMOTIVO_TONINHO_LTDA", "ENDEE": "RUA_SOLIDONIO_LEITE1787__VILA_IVONE_03275-000", "LMAPS": "https://www.google.com/maps?q=&layer=c&cbll=-23.579655,-46.545005", "O_QUE_FAZER": "CARTEIRA", "ER_REGIAO_CIDADE_min": "São Paulo_São Lucas" }, "geometry": { "type": "Point", "coordinates": [ -46.545005, -23.579655 ] } },
{ "type": "Feature", "properties": { "fid": 141136, "CNPJ": "26786720000118", "IDCIDADE": "SAO_PAULO", "NOMEFANTASIA": "AGP_DESPACHANTE", "RAZAOSOCIAL": "AGP_ASSESSORIA_DOCUMENTAL_LTDA", "ENDEE": "AVENIDA_VILA_EMA3443__VILA_EMA_03281-000", "LMAPS": "https://www.google.com/maps?q=&layer=c&cbll=-23.5860958,-46.5451571", "O_QUE_FAZER": "CARTEIRA", "ER_REGIAO_CIDADE_min": "São Paulo_São Lucas" }, "geometry": { "type": "Point", "coordinates": [ -46.5451571, -23.5860958 ] } },
{ "type": "Feature", "properties": { "fid": 142250, "CNPJ": "27033466000140", "IDCIDADE": "SAO_PAULO", "NOMEFANTASIA": "A_&_T_UTILIDADES", "RAZAOSOCIAL": "TIAGO_FENG_COMERCIO_DE_UTILIDADES_LTDA", "ENDEE": "AVENIDA_DO_ORATORIO4549__JARDIM_GUAIRACA_03220-300", "LMAPS": "https://www.google.com/maps?q=&layer=c&cbll=-23.6020721,-46.5304487", "O_QUE_FAZER": "CARTEIRA", "ER_REGIAO_CIDADE_min": "São Paulo_São Lucas" }, "geometry": { "type": "Point", "coordinates": [ -46.5304487, -23.6020721 ] } },
{ "type": "Feature", "properties": { "fid": 142277, "CNPJ": "27038053000158", "IDCIDADE": "SAO PAULO", "NOMEFANTASIA": "ENVETHERM", "RAZAOSOCIAL": "ENVETHERM_VENTILADORES_E_CLIMATIZADORES_LTDA.", "ENDEE": "RUA HERWIS, 365, VILA EMA, 03279000, SÃO PAULO, SP, BRASIL", "LMAPS": "https://www.google.com/maps?q=&layer=c&cbll=-23.5832396,-46.5411628", "O_QUE_FAZER": "CARTEIRA - FAMPE", "ER_REGIAO_CIDADE_min": "São Paulo_São Lucas" }, "geometry": { "type": "Point", "coordinates": [ -46.5411628, -23.5832396 ] } },
{ "type": "Feature", "properties": { "fid": 142372, "CNPJ": "27055279000167", "IDCIDADE": "SAO_PAULO", "NOMEFANTASIA": "AREIAO_M.A_AREIA_E_PEDRA", "RAZAOSOCIAL": "M._A._DE_CARVALHO_SANTOS", "ENDEE": "AVENIDA_VILA_EMA4513__VILA_EMA_03281-001", "LMAPS": "https://www.google.com/maps?q=&layer=c&cbll=-23.5934467,-46.5386706", "O_QUE_FAZER": "CARTEIRA", "ER_REGIAO_CIDADE_min": "São Paulo_São Lucas" }, "geometry": { "type": "Point", "coordinates": [ -46.5386706, -23.5934467 ] } },
{ "type": "Feature", "properties": { "fid": 142424, "CNPJ": "27070141000137", "IDCIDADE": "SAO_PAULO", "NOMEFANTASIA": "CLINICA_GOMES_PANZUTO", "RAZAOSOCIAL": "CLINICA_ODONTOLOGICA_GOMES_PANZUTO_LTDA", "ENDEE": "RUA_ALEXANDRINA_PEREIRA_NOVAES17__VILA_NOVA_PAULICEIA_03267-050", "LMAPS": "https://www.google.com/maps?q=&layer=c&cbll=-23.6019429,-46.530456", "O_QUE_FAZER": "CARTEIRA", "ER_REGIAO_CIDADE_min": "São Paulo_São Lucas" }, "geometry": { "type": "Point", "coordinates": [ -46.530456, -23.6019429 ] } },
{ "type": "Feature", "properties": { "fid": 142428, "CNPJ": "27071254000157", "IDCIDADE": "SAO_PAULO", "NOMEFANTASIA": "DROGARIA_NOVA_GUAIRACA_LTDA", "RAZAOSOCIAL": "DROGARIA_GUARARA", "ENDEE": "RUA_LISA_ANSORGE85__JARDIM_GUAIRACA_03244-060", "LMAPS": "https://www.google.com/maps?q=&layer=c&cbll=-23.6011564,-46.5389799", "O_QUE_FAZER": "FINALIZADO", "ER_REGIAO_CIDADE_min": "São Paulo_São Lucas" }, "geometry": { "type": "Point", "coordinates": [ -46.5389799, -23.6011564 ] } },
{ "type": "Feature", "properties": { "fid": 142982, "CNPJ": "27191199000139", "IDCIDADE": "SAO PAULO", "NOMEFANTASIA": "Innovacao", "RAZAOSOCIAL": "INNOVACAO_INFRATECH_LTDA", "ENDEE": "RUA PAULO BENDER, 131, VILA SANTA VIRGINIA, 03279-240, SÃO PAULO, SP, BRASIL", "LMAPS": "https://www.google.com/maps?q=&layer=c&cbll=-23.5874103,-46.5396861", "O_QUE_FAZER": "CARTEIRA - FAMPE", "ER_REGIAO_CIDADE_min": "São Paulo_São Lucas" }, "geometry": { "type": "Point", "coordinates": [ -46.5396861, -23.5874103 ] } },
{ "type": "Feature", "properties": { "fid": 143072, "CNPJ": "27203914000106", "IDCIDADE": "SAO_PAULO", "NOMEFANTASIA": "27.203.914_ISABEL_CRISTINA_BERTI_INOKUCHI", "RAZAOSOCIAL": "MC_COLOR", "ENDEE": "AVENIDA_DO_ORATORIO2041__PARQUE_SAO_LUCAS_03220-100", "LMAPS": "https://www.google.com/maps?q=&layer=c&cbll=-23.5915438,-46.5494019", "O_QUE_FAZER": "FINALIZADO", "ER_REGIAO_CIDADE_min": "São Paulo_São Lucas" }, "geometry": { "type": "Point", "coordinates": [ -46.5494019, -23.5915438 ] } },
{ "type": "Feature", "properties": { "fid": 143175, "CNPJ": "27221155000104", "IDCIDADE": "SAO_PAULO", "NOMEFANTASIA": "ANTONIO_LEITE_DOS_SANTOS", "RAZAOSOCIAL": "ANTONIO_LEITE_DOS_SANTOS_PRODUCAO_MUSICAL", "ENDEE": "RUA_SILVIO_BRANT_CORREIA118__VILA_EMA_03279-170", "LMAPS": "https://www.google.com/maps?q=&layer=c&cbll=-23.5850333,-46.53927", "O_QUE_FAZER": "CARTEIRA", "ER_REGIAO_CIDADE_min": "São Paulo_São Lucas" }, "geometry": { "type": "Point", "coordinates": [ -46.53927, -23.5850333 ] } },
{ "type": "Feature", "properties": { "fid": 144056, "CNPJ": "27385839000141", "IDCIDADE": "SAO_PAULO", "NOMEFANTASIA": "DOCE_FESTA", "RAZAOSOCIAL": "DOCE_FESTA_NASCIMENTO_LTDA", "ENDEE": "AVENIDA_MORAIS_COSTA133__VILA_INDUSTRIAL_03253-000", "LMAPS": "https://www.google.com/maps?q=&layer=c&cbll=-23.6043321,-46.5299354", "O_QUE_FAZER": "CARTEIRA", "ER_REGIAO_CIDADE_min": "São Paulo_São Lucas" }, "geometry": { "type": "Point", "coordinates": [ -46.5299354, -23.6043321 ] } },
{ "type": "Feature", "properties": { "fid": 144075, "CNPJ": "27390223000169", "IDCIDADE": "SAO_PAULO", "NOMEFANTASIA": "OLIVEIRA_E_ALVES_ASSESSORIA_LTDA", "RAZAOSOCIAL": "DESPACHANTE_OLIVEIRA", "ENDEE": "AVENIDA_DO_ORATORIO3595__JARDIM_GUAIRACA_03221-200", "LMAPS": "https://www.google.com/maps?q=&layer=c&cbll=-23.5996571,-46.5375172", "O_QUE_FAZER": "FINALIZADO", "ER_REGIAO_CIDADE_min": "São Paulo_São Lucas" }, "geometry": { "type": "Point", "coordinates": [ -46.5375172, -23.5996571 ] } },
{ "type": "Feature", "properties": { "fid": 144090, "CNPJ": "27390865000168", "IDCIDADE": "SAO_PAULO", "NOMEFANTASIA": "LM_DISTRIBUIDORA", "RAZAOSOCIAL": "LM_DISTRIBUIDORA_DE_EQUIPAMENTOS_ELETRONICOS_LTDA", "ENDEE": "RUA_SOLIDONIO_LEITE2368__VILA_IVONE_03275-000", "LMAPS": "https://www.google.com/maps?q=&layer=c&cbll=-23.5858997,-46.5362718", "O_QUE_FAZER": "FINALIZADO", "ER_REGIAO_CIDADE_min": "São Paulo_São Lucas" }, "geometry": { "type": "Point", "coordinates": [ -46.5362718, -23.5858997 ] } },
{ "type": "Feature", "properties": { "fid": 144120, "CNPJ": "27394695000190", "IDCIDADE": "SAO_PAULO", "NOMEFANTASIA": "AMIRA_COMERCIO_DE_MOVEIS_LTDA", "RAZAOSOCIAL": "NOITE_PREMIUM", "ENDEE": "AVENIDA_DO_ORATORIO2664__PARQUE_SAO_LUCAS_03220-100", "LMAPS": "https://www.google.com/maps?q=&layer=c&cbll=-23.5937685,-46.5445282", "O_QUE_FAZER": "FINALIZADO", "ER_REGIAO_CIDADE_min": "São Paulo_São Lucas" }, "geometry": { "type": "Point", "coordinates": [ -46.5445282, -23.5937685 ] } },
{ "type": "Feature", "properties": { "fid": 144978, "CNPJ": "27549214000178", "IDCIDADE": "SAO_PAULO", "NOMEFANTASIA": "DC_INFORMATICA", "RAZAOSOCIAL": "DOMINGOS_CESAR_DE_SOUZA", "ENDEE": "RUA_HERWIS171__VILA_EMA_03279-000", "LMAPS": "https://www.google.com/maps?q=&layer=c&cbll=-23.581365,-46.5404833", "O_QUE_FAZER": "CARTEIRA", "ER_REGIAO_CIDADE_min": "São Paulo_São Lucas" }, "geometry": { "type": "Point", "coordinates": [ -46.5404833, -23.581365 ] } },
{ "type": "Feature", "properties": { "fid": 145107, "CNPJ": "27576310000105", "IDCIDADE": "SAO_PAULO", "NOMEFANTASIA": "CALHAS_LANDIM", "RAZAOSOCIAL": "CALHAS_LANDIM_LTDA", "ENDEE": "RUA_ANTONIO_MARQUES_JULIAO116__JARDIM_GUAIRACA_03244-000", "LMAPS": "https://www.google.com/maps?q=&layer=c&cbll=-23.5994818,-46.5389869", "O_QUE_FAZER": "CARTEIRA", "ER_REGIAO_CIDADE_min": "São Paulo_São Lucas" }, "geometry": { "type": "Point", "coordinates": [ -46.5389869, -23.5994818 ] } },
{ "type": "Feature", "properties": { "fid": 145342, "CNPJ": "27618211000149", "IDCIDADE": "SAO_PAULO", "NOMEFANTASIA": "BRAND_NEW_AUTOMOVEIS", "RAZAOSOCIAL": "BRAND_NEW_AUTOMOVEIS_LTDA", "ENDEE": "AVENIDA_PROFESSOR_LUIZ_IGNACIO_ANHAIA_MELLO5200__JARDIM_INDEPENDENCIA_03154-000", "LMAPS": "https://www.google.com/maps?q=&layer=c&cbll=-23.5858404,-46.5477102", "O_QUE_FAZER": "CARTEIRA", "ER_REGIAO_CIDADE_min": "São Paulo_São Lucas" }, "geometry": { "type": "Point", "coordinates": [ -46.5477102, -23.5858404 ] } },
{ "type": "Feature", "properties": { "fid": 146964, "CNPJ": "27937880000183", "IDCIDADE": "SAO PAULO", "NOMEFANTASIA": "META_MOTORS", "RAZAOSOCIAL": "META_MOTORS", "ENDEE": "PROFESSOR LUIZ IGNÁCIO ANHAIA MELLO_4736_JARDIM INDEPENDÊNCIA_SÃO PAULO_03294-100", "LMAPS": "https://www.google.com/maps?q=&layer=c&cbll=-23.5852717,-46.5488352", "O_QUE_FAZER": "FINALIZADO", "ER_REGIAO_CIDADE_min": "São Paulo_São Lucas" }, "geometry": { "type": "Point", "coordinates": [ -46.5488352, -23.5852717 ] } },
{ "type": "Feature", "properties": { "fid": 146980, "CNPJ": "27940838000111", "IDCIDADE": "SAO_PAULO", "NOMEFANTASIA": "27.940.838_TATIANE_RIBEIRO_MARQUES", "RAZAOSOCIAL": "TATIANE", "ENDEE": "RUA_BERNARDINO_PANTALEAO58__JARDIM_THEALIA_03276-120", "LMAPS": "https://www.google.com/maps?q=&layer=c&cbll=-23.580927,-46.5424457", "O_QUE_FAZER": "FINALIZADO", "ER_REGIAO_CIDADE_min": "São Paulo_São Lucas" }, "geometry": { "type": "Point", "coordinates": [ -46.5424457, -23.580927 ] } },
{ "type": "Feature", "properties": { "fid": 147095, "CNPJ": "27963278000110", "IDCIDADE": "SAO_PAULO", "NOMEFANTASIA": "STS_ALARMES", "RAZAOSOCIAL": "STS_ALARMES_LTDA", "ENDEE": "AVENIDA_VILA_EMA2138__VILA_EMA_03281-000", "LMAPS": "https://www.google.com/maps?q=&layer=c&cbll=-23.5812161,-46.5560939", "O_QUE_FAZER": "CARTEIRA", "ER_REGIAO_CIDADE_min": "São Paulo_São Lucas" }, "geometry": { "type": "Point", "coordinates": [ -46.5560939, -23.5812161 ] } },
{ "type": "Feature", "properties": { "fid": 147215, "CNPJ": "27988838000191", "IDCIDADE": "SAO_PAULO", "NOMEFANTASIA": "IVAN_MULTIMARCAS", "RAZAOSOCIAL": "IVAN_MULTIMARCAS_COMERCIO_DE_AUTOMOVEIS_LTDA", "ENDEE": "AVENIDA_PROFESSOR_LUIZ_IGNACIO_ANHAIA_MELLO4215__VILA_GRACIOSA_03295-000", "LMAPS": "https://www.google.com/maps?q=&layer=c&cbll=-23.5821942,-46.5530445", "O_QUE_FAZER": "CARTEIRA", "ER_REGIAO_CIDADE_min": "São Paulo_São Lucas" }, "geometry": { "type": "Point", "coordinates": [ -46.5530445, -23.5821942 ] } },
{ "type": "Feature", "properties": { "fid": 147584, "CNPJ": "28058452000143", "IDCIDADE": "SAO_PAULO", "NOMEFANTASIA": "LANCHONETE_E_RESTAURANTE_PRINCESINHA_DO_ORATORIO_LTDA", "RAZAOSOCIAL": "LANCHONETE_E_RESTAURANTE_PRINCESINHA_DO_ORATORIO", "ENDEE": "AVENIDA_DO_ORATORIO3048__PARQUE_SAO_LUCAS_03220-100", "LMAPS": "https://www.google.com/maps?q=&layer=c&cbll=-23.5964495,-46.5422858", "O_QUE_FAZER": "FINALIZADO", "ER_REGIAO_CIDADE_min": "São Paulo_São Lucas" }, "geometry": { "type": "Point", "coordinates": [ -46.5422858, -23.5964495 ] } },
{ "type": "Feature", "properties": { "fid": 148111, "CNPJ": "28150967000179", "IDCIDADE": "SAO_PAULO", "NOMEFANTASIA": "MV_FARMA_LTDA", "RAZAOSOCIAL": "MV_FARMA", "ENDEE": "RUA_IRMA_MARIA_UMBELINA34__VILA_CUNHA_BUENO_03256-020", "LMAPS": "https://www.google.com/maps?q=&layer=c&cbll=-23.6090159,-46.5287918", "O_QUE_FAZER": "FINALIZADO", "ER_REGIAO_CIDADE_min": "São Paulo_São Lucas" }, "geometry": { "type": "Point", "coordinates": [ -46.5287918, -23.6090159 ] } },
{ "type": "Feature", "properties": { "fid": 149194, "CNPJ": "28338330000100", "IDCIDADE": "SAO_PAULO", "NOMEFANTASIA": "RICAR_MULTIMARCAS", "RAZAOSOCIAL": "RICAR_MULTIMARCAS_COMERCIO_E_LOCADORA_DE_VEICULOS_LTDA", "ENDEE": "AVENIDA_PROFESSOR_LUIZ_IGNACIO_ANHAIA_MELLO4364__JARDIM_INDEPENDENCIA_03294-100", "LMAPS": "https://www.google.com/maps?q=&layer=c&cbll=-23.5834968,-46.552131", "O_QUE_FAZER": "APLICAR T4", "ER_REGIAO_CIDADE_min": "São Paulo_São Lucas" }, "geometry": { "type": "Point", "coordinates": [ -46.552131, -23.5834968 ] } },
{ "type": "Feature", "properties": { "fid": 149502, "CNPJ": "28392374000119", "IDCIDADE": "SAO PAULO", "NOMEFANTASIA": null, "RAZAOSOCIAL": "FUNDFORJA_VALVULAS_E_CONEXOES_LTDA", "ENDEE": "RUA MARIA FETT, 129, VILA MERCEDES, 03263-000, SÃO PAULO, SP, BRASIL", "LMAPS": "https://www.google.com/maps?q=&layer=c&cbll=-23.5852941,-46.5473648", "O_QUE_FAZER": "CARTEIRA - FAMPE", "ER_REGIAO_CIDADE_min": "São Paulo_São Lucas" }, "geometry": { "type": "Point", "coordinates": [ -46.5473648, -23.5852941 ] } },
{ "type": "Feature", "properties": { "fid": 149525, "CNPJ": "28397000000196", "IDCIDADE": "SAO_PAULO", "NOMEFANTASIA": "VISUAL_ACADEMIA", "RAZAOSOCIAL": "VISUAL_FIT_ACADEMIA_LTDA", "ENDEE": "RUA_SOLIDONIO_LEITE1251__VILA_IVONE_03275-000", "LMAPS": "https://www.google.com/maps?q=&layer=c&cbll=-23.5820119,-46.5461696", "O_QUE_FAZER": "CARTEIRA", "ER_REGIAO_CIDADE_min": "São Paulo_São Lucas" }, "geometry": { "type": "Point", "coordinates": [ -46.5461696, -23.5820119 ] } },
{ "type": "Feature", "properties": { "fid": 149604, "CNPJ": "28409960000129", "IDCIDADE": "SAO_PAULO", "NOMEFANTASIA": "R2M_MULTIMARCAS", "RAZAOSOCIAL": "R2M_MULTIMARCAS_COMERCIAL_LTDA", "ENDEE": "AVENIDA_PROFESSOR_LUIZ_IGNACIO_ANHAIA_MELLO5093__JARDIM_INDEPENDENCIA_03295-000", "LMAPS": "https://www.google.com/maps?q=&layer=c&cbll=-23.5841758,-46.5489144", "O_QUE_FAZER": "FINALIZADO", "ER_REGIAO_CIDADE_min": "São Paulo_São Lucas" }, "geometry": { "type": "Point", "coordinates": [ -46.5489144, -23.5841758 ] } },
{ "type": "Feature", "properties": { "fid": 150357, "CNPJ": "28545183000140", "IDCIDADE": "SAO_PAULO", "NOMEFANTASIA": "28.545.183_CAROLINE_DE_CASTRO_MARCOS", "RAZAOSOCIAL": "STUDIO_CAROL_CASTRO", "ENDEE": "AVENIDA_DO_ORATORIO4809__VILA_INDUSTRIAL_03220-200", "LMAPS": "https://www.google.com/maps?q=&layer=c&cbll=-23.6029371,-46.5283795", "O_QUE_FAZER": "FINALIZADO", "ER_REGIAO_CIDADE_min": "São Paulo_São Lucas" }, "geometry": { "type": "Point", "coordinates": [ -46.5283795, -23.6029371 ] } },
{ "type": "Feature", "properties": { "fid": 150782, "CNPJ": "28638668000340", "IDCIDADE": "SAO_PAULO", "NOMEFANTASIA": "PET'S_ONAGA_COMERCIO_DE_RACOES_LTDA", "RAZAOSOCIAL": "PETS_ONAGA", "ENDEE": "AVENIDA_DO_ORATORIO2942__PARQUE_SAO_LUCAS_03220-100", "LMAPS": "https://www.google.com/maps?q=&layer=c&cbll=-23.595867,-46.5430986", "O_QUE_FAZER": "FINALIZADO", "ER_REGIAO_CIDADE_min": "São Paulo_São Lucas" }, "geometry": { "type": "Point", "coordinates": [ -46.5430986, -23.595867 ] } },
{ "type": "Feature", "properties": { "fid": 151403, "CNPJ": "28749565000195", "IDCIDADE": "SAO_PAULO", "NOMEFANTASIA": "LC_DOS_ANJOS_DE_OLIVEIRA_-_PET", "RAZAOSOCIAL": "ESTETICA_PET_RADESH", "ENDEE": "AVENIDA_SAPOPEMBA5438__SAPOPEMBA_03374-001", "LMAPS": "https://www.google.com/maps?q=&layer=c&cbll=-23.5813196,-46.5384779", "O_QUE_FAZER": "FINALIZADO", "ER_REGIAO_CIDADE_min": "São Paulo_São Lucas" }, "geometry": { "type": "Point", "coordinates": [ -46.5384779, -23.5813196 ] } },
{ "type": "Feature", "properties": { "fid": 152232, "CNPJ": "28909483000160", "IDCIDADE": "SAO_PAULO", "NOMEFANTASIA": "28.909.483_LUIS_FERNANDO_DA_SILVA_E_SILVA", "RAZAOSOCIAL": "BAR_E_RESTAURANTE_FERNANDO", "ENDEE": "AVENIDA_DO_ORATORIO5080__VILA_INDUSTRIAL_03220-300", "LMAPS": "https://www.google.com/maps?q=&layer=c&cbll=-23.6037831,-46.5260968", "O_QUE_FAZER": "FINALIZADO", "ER_REGIAO_CIDADE_min": "São Paulo_São Lucas" }, "geometry": { "type": "Point", "coordinates": [ -46.5260968, -23.6037831 ] } },
{ "type": "Feature", "properties": { "fid": 152512, "CNPJ": "28958913000134", "IDCIDADE": "SAO_PAULO", "NOMEFANTASIA": "MERCADO_IRMAOS_FERNANDES_LTDA", "RAZAOSOCIAL": "IRMAOS_FERNANDES", "ENDEE": "RUA_UHLAND587__VILA_EMA_03283-000", "LMAPS": "https://www.google.com/maps?q=&layer=c&cbll=-23.5900121,-46.5381992", "O_QUE_FAZER": "FINALIZADO", "ER_REGIAO_CIDADE_min": "São Paulo_São Lucas" }, "geometry": { "type": "Point", "coordinates": [ -46.5381992, -23.5900121 ] } },
{ "type": "Feature", "properties": { "fid": 152672, "CNPJ": "28988135000126", "IDCIDADE": "SAO_PAULO", "NOMEFANTASIA": "OPTICA_UNIVERSE", "RAZAOSOCIAL": "OPTICA_UNIVERSE_COMERCIO_DE_OCULOS_LTDA", "ENDEE": "RUA_COSTA_BARROS1848__SITIO_PINHEIRINHO_03210-001", "LMAPS": "https://www.google.com/maps?q=&layer=c&cbll=-23.600666,-46.550132", "O_QUE_FAZER": "CARTEIRA", "ER_REGIAO_CIDADE_min": "São Paulo_São Lucas" }, "geometry": { "type": "Point", "coordinates": [ -46.550132, -23.600666 ] } },
{ "type": "Feature", "properties": { "fid": 153025, "CNPJ": "29060576000126", "IDCIDADE": "SAO_PAULO", "NOMEFANTASIA": "REIS_E_PEREIRA", "RAZAOSOCIAL": "REIS_&_PEREIRA_AUTOMACAO_INDUSTRIAL_LTDA", "ENDEE": "RUA_SOLIDONIO_LEITE1510__VILA_IVONE_03275-000", "LMAPS": "https://www.google.com/maps?q=&layer=c&cbll=-23.5832115,-46.5440009", "O_QUE_FAZER": "CARTEIRA", "ER_REGIAO_CIDADE_min": "São Paulo_São Lucas" }, "geometry": { "type": "Point", "coordinates": [ -46.5440009, -23.5832115 ] } },
{ "type": "Feature", "properties": { "fid": 153841, "CNPJ": "29202081000194", "IDCIDADE": "SAO_PAULO", "NOMEFANTASIA": "JN_COMERCIO_DE_MOVEIS_PLANEJADOS_LTDA", "RAZAOSOCIAL": "ITALINEA_ART_PREMIUM", "ENDEE": "RUA_LUIS_ROMANINI191__VILA_ANADIR_03266-060", "LMAPS": "https://www.google.com/maps?q=&layer=c&cbll=-23.597909,-46.5394508", "O_QUE_FAZER": "FINALIZADO", "ER_REGIAO_CIDADE_min": "São Paulo_São Lucas" }, "geometry": { "type": "Point", "coordinates": [ -46.5394508, -23.597909 ] } },
{ "type": "Feature", "properties": { "fid": 154312, "CNPJ": "29287815000185", "IDCIDADE": "SAO_PAULO", "NOMEFANTASIA": "GELTT_COSMETICOS_LTDA", "RAZAOSOCIAL": "MELT_COSMETICOS", "ENDEE": "AVENIDA_DO_ORATORIO1771__VILA_INDEPENDENCIA_03220-000", "LMAPS": "https://www.google.com/maps?q=&layer=c&cbll=-23.5902874,-46.551598", "O_QUE_FAZER": "FINALIZADO", "ER_REGIAO_CIDADE_min": "São Paulo_São Lucas" }, "geometry": { "type": "Point", "coordinates": [ -46.551598, -23.5902874 ] } },
{ "type": "Feature", "properties": { "fid": 154581, "CNPJ": "29328967000189", "IDCIDADE": "SAO PAULO", "NOMEFANTASIA": "SMART_CAR", "RAZAOSOCIAL": "E._C._M._FILHO_COMERCIO", "ENDEE": "AVENIDA VILA EMA, 3648, VILA EMA, 03282-000, SÃO PAULO, SP, BRASIL", "LMAPS": "https://www.google.com/maps?q=&layer=c&cbll=-23.587675,-46.543976", "O_QUE_FAZER": "CARTEIRA - FAMPE", "ER_REGIAO_CIDADE_min": "São Paulo_São Lucas" }, "geometry": { "type": "Point", "coordinates": [ -46.543976, -23.587675 ] } },
{ "type": "Feature", "properties": { "fid": 155704, "CNPJ": "29605004000185", "IDCIDADE": "SAO_PAULO", "NOMEFANTASIA": "AVANNX_IMPORTACAO_E_DISTRIBUICAO_DE_PECAS_LTDA", "RAZAOSOCIAL": "AVANNX_IMPORTACAO_E_DISTRIBUICAO_DE_PECAS_LTDA", "ENDEE": "AVENIDA_ALBERTO_RAMOS965__JARDIM_INDEPENDENCIA_03222-000", "LMAPS": "https://www.google.com/maps?q=&layer=c&cbll=-23.5887735,-46.5568817", "O_QUE_FAZER": "FINALIZADO", "ER_REGIAO_CIDADE_min": "São Paulo_São Lucas" }, "geometry": { "type": "Point", "coordinates": [ -46.5568817, -23.5887735 ] } },
{ "type": "Feature", "properties": { "fid": 155857, "CNPJ": "29637069000102", "IDCIDADE": "SAO_PAULO", "NOMEFANTASIA": "OTICAS_GLASSES", "RAZAOSOCIAL": "OTICAS_GLASSES_LTDA", "ENDEE": "RUA_NOVA_TIMBOTEUA17__VILA_NOVA_PAULICEIA_03267-110", "LMAPS": "https://www.google.com/maps?q=&layer=c&cbll=-23.6017817,-46.5305117", "O_QUE_FAZER": "CARTEIRA", "ER_REGIAO_CIDADE_min": "São Paulo_São Lucas" }, "geometry": { "type": "Point", "coordinates": [ -46.5305117, -23.6017817 ] } },
{ "type": "Feature", "properties": { "fid": 155927, "CNPJ": "29653279000194", "IDCIDADE": "SAO_PAULO", "NOMEFANTASIA": "J_L_M_VEICULOS", "RAZAOSOCIAL": "ANDRE_ARRUDA_DO_NASCIMENTO", "ENDEE": "AVENIDA_PROFESSOR_LUIZ_IGNACIO_ANHAIA_MELLO5484__JARDIM_INDEPENDENCIA_03294-100", "LMAPS": "https://www.google.com/maps?q=&layer=c&cbll=-23.5902634,-46.5440572", "O_QUE_FAZER": "APLICAR T2", "ER_REGIAO_CIDADE_min": "São Paulo_São Lucas" }, "geometry": { "type": "Point", "coordinates": [ -46.5440572, -23.5902634 ] } },
{ "type": "Feature", "properties": { "fid": 156201, "CNPJ": "29710474000109", "IDCIDADE": "SAO PAULO", "NOMEFANTASIA": "UNIÃO_PEÇAS", "RAZAOSOCIAL": "UNIÃO_PEÇAS", "ENDEE": "AVENIDA RIO DAS PEDRAS, 2791, JARDIM ARICANDUVA, 03453-200, SÃO PAULO, BRASIL_03294-200", "LMAPS": "https://www.google.com/maps?q=&layer=c&cbll=-23.5995035,-46.5305085", "O_QUE_FAZER": "FINALIZADO", "ER_REGIAO_CIDADE_min": "São Paulo_São Lucas" }, "geometry": { "type": "Point", "coordinates": [ -46.5305085, -23.5995035 ] } },
{ "type": "Feature", "properties": { "fid": 156515, "CNPJ": "29764259000190", "IDCIDADE": "SAO_PAULO", "NOMEFANTASIA": "KICASA_SHOW", "RAZAOSOCIAL": "KICASA_SHOW_UTILIDADES_LTDA", "ENDEE": "RUA_SOLIDONIO_LEITE1139__VILA_IVONE_03275-000", "LMAPS": "https://www.google.com/maps?q=&layer=c&cbll=-23.5860496,-46.5483123", "O_QUE_FAZER": "CARTEIRA", "ER_REGIAO_CIDADE_min": "São Paulo_São Lucas" }, "geometry": { "type": "Point", "coordinates": [ -46.5483123, -23.5860496 ] } },
{ "type": "Feature", "properties": { "fid": 156517, "CNPJ": "29764418000157", "IDCIDADE": "SAO_PAULO", "NOMEFANTASIA": "MERCADO_DA_VILLA", "RAZAOSOCIAL": "AMZ_MERCADO_LTDA", "ENDEE": "AVENIDA_DO_ORATORIO4937__JARDIM_GUAIRACA_03221-200", "LMAPS": "https://www.google.com/maps?q=&layer=c&cbll=-23.6030699,-46.5272059", "O_QUE_FAZER": "FINALIZADO", "ER_REGIAO_CIDADE_min": "São Paulo_São Lucas" }, "geometry": { "type": "Point", "coordinates": [ -46.5272059, -23.6030699 ] } },
{ "type": "Feature", "properties": { "fid": 156661, "CNPJ": "29791156000110", "IDCIDADE": "SAO_PAULO", "NOMEFANTASIA": "MERCADINHO_IMPERADOR", "RAZAOSOCIAL": "MINI_MERCADO_NAKANISHI_LTDA", "ENDEE": "RUA_ANA_CLARA101__VILA_MENDES_03257-000", "LMAPS": "https://www.google.com/maps?q=&layer=c&cbll=-23.6100767,-46.53214", "O_QUE_FAZER": "CARTEIRA", "ER_REGIAO_CIDADE_min": "São Paulo_São Lucas" }, "geometry": { "type": "Point", "coordinates": [ -46.53214, -23.6100767 ] } },
{ "type": "Feature", "properties": { "fid": 156753, "CNPJ": "29805998000183", "IDCIDADE": "SAO_PAULO", "NOMEFANTASIA": "ESPETOMAIS", "RAZAOSOCIAL": "ESPETOMAIS_FESTAS_&_EVENTOS_LTDA", "ENDEE": "AVENIDA_VILA_EMA1979__VILA_EMA_03281-000", "LMAPS": "https://www.google.com/maps?q=&layer=c&cbll=-23.5809551,-46.5575593", "O_QUE_FAZER": "CARTEIRA", "ER_REGIAO_CIDADE_min": "São Paulo_São Lucas" }, "geometry": { "type": "Point", "coordinates": [ -46.5575593, -23.5809551 ] } },
{ "type": "Feature", "properties": { "fid": 157118, "CNPJ": "29874384000153", "IDCIDADE": "SAO_PAULO", "NOMEFANTASIA": "M._TARTARELLO", "RAZAOSOCIAL": "MARMITARIA_JARDIM_GUAIRACA", "ENDEE": "RUA_ANTONIO_MARQUES_JULIAO516__JARDIM_GUAIRACA_03244-000", "LMAPS": "https://www.google.com/maps?q=&layer=c&cbll=-23.602279,-46.5411538", "O_QUE_FAZER": "FINALIZADO", "ER_REGIAO_CIDADE_min": "São Paulo_São Lucas" }, "geometry": { "type": "Point", "coordinates": [ -46.5411538, -23.602279 ] } },
{ "type": "Feature", "properties": { "fid": 157587, "CNPJ": "29972327000107", "IDCIDADE": "SAO_PAULO", "NOMEFANTASIA": "SVS_CONFECCAO_E_COMERCIO_DE_UNIFORMES_LTDA", "RAZAOSOCIAL": "SVS_UNIFORMES", "ENDEE": "RUA_SAO_CAIO41__PARQUE_SAO_LUCAS_03238-020", "LMAPS": "https://www.google.com/maps?q=&layer=c&cbll=-23.5921096,-46.5483718", "O_QUE_FAZER": "APLICAR T4", "ER_REGIAO_CIDADE_min": "São Paulo_São Lucas" }, "geometry": { "type": "Point", "coordinates": [ -46.5483718, -23.5921096 ] } },
{ "type": "Feature", "properties": { "fid": 157700, "CNPJ": "29997477000175", "IDCIDADE": "SAO_PAULO", "NOMEFANTASIA": "CASA_DE_CARNES_FRIGO_DO_COUTO", "RAZAOSOCIAL": "CASA_DE_CARNES_-_NOBREZA_DA_CARNE_LTDA", "ENDEE": "AVENIDA_DO_ORATORIO312__JARDIM_GUAIRACA_03221-200", "LMAPS": "https://www.google.com/maps?q=&layer=c&cbll=-23.5969109,-46.5416835", "O_QUE_FAZER": "CARTEIRA", "ER_REGIAO_CIDADE_min": "São Paulo_São Lucas" }, "geometry": { "type": "Point", "coordinates": [ -46.5416835, -23.5969109 ] } },
{ "type": "Feature", "properties": { "fid": 157722, "CNPJ": "30001182000186", "IDCIDADE": "SAO_PAULO", "NOMEFANTASIA": "PIT_STOP", "RAZAOSOCIAL": "DOUGLAS_CUNHA_MASCHIO_DUARTE_COMERCIO_DE_ALIMENTOS.", "ENDEE": "RUA_SOLIDONIO_LEITE1795__VILA_IVONE_03275-000", "LMAPS": "https://www.google.com/maps?q=&layer=c&cbll=-23.5840233,-46.5416167", "O_QUE_FAZER": "CARTEIRA", "ER_REGIAO_CIDADE_min": "São Paulo_São Lucas" }, "geometry": { "type": "Point", "coordinates": [ -46.5416167, -23.5840233 ] } },
{ "type": "Feature", "properties": { "fid": 158053, "CNPJ": "30057726000121", "IDCIDADE": "SAO_PAULO", "NOMEFANTASIA": "OTICA_SUN_VISION", "RAZAOSOCIAL": "OTICAS_SUN_VISION_LTDA", "ENDEE": "AVENIDA_DO_ORATORIO2097__PARQUE_SAO_LUCAS_03195-000", "LMAPS": "https://www.google.com/maps?q=&layer=c&cbll=-23.5916545,-46.5488643", "O_QUE_FAZER": "CARTEIRA", "ER_REGIAO_CIDADE_min": "São Paulo_São Lucas" }, "geometry": { "type": "Point", "coordinates": [ -46.5488643, -23.5916545 ] } },
{ "type": "Feature", "properties": { "fid": 158599, "CNPJ": "30157894000199", "IDCIDADE": "SAO_PAULO", "NOMEFANTASIA": "ELWIS_TEIXEIRA_FARIAS_05028039593", "RAZAOSOCIAL": "BAHIA_BORRACHARIA", "ENDEE": "RUA_JOSE_ANTONIO_FONTES876__VILA_MIAMI_03254-190", "LMAPS": "https://www.google.com/maps?q=&layer=c&cbll=-23.6036927,-46.5272535", "O_QUE_FAZER": "FINALIZADO", "ER_REGIAO_CIDADE_min": "São Paulo_São Lucas" }, "geometry": { "type": "Point", "coordinates": [ -46.5272535, -23.6036927 ] } },
{ "type": "Feature", "properties": { "fid": 158682, "CNPJ": "30174583000138", "IDCIDADE": "SAO PAULO", "NOMEFANTASIA": "Construart_Reformas_e_Pinturas", "RAZAOSOCIAL": "JOAO_BOSCO_BATISTA_DE_OLIVEIRA_JUNIOR", "ENDEE": "RUA UHLAND, 437, SALA 1, VILA EMA, 03283-000, SÃO PAULO, SP, BRASIL", "LMAPS": "https://www.google.com/maps?q=&layer=c&cbll=-23.5890417,-46.5393392", "O_QUE_FAZER": "CARTEIRA - FAMPE", "ER_REGIAO_CIDADE_min": "São Paulo_São Lucas" }, "geometry": { "type": "Point", "coordinates": [ -46.5393392, -23.5890417 ] } },
{ "type": "Feature", "properties": { "fid": 158928, "CNPJ": "30217688000127", "IDCIDADE": "SAO_PAULO", "NOMEFANTASIA": "ORTOPEDIA_E_CIRURGICA_BEM_ESTAR_LTDA", "RAZAOSOCIAL": "ORTOPEDIA_E_CIRUTGICA_BEM_ESTAR", "ENDEE": "RUA_FRANCISCO_FETT433__VILA_PAULO_SILAS_03264-000", "LMAPS": "https://www.google.com/maps?q=&layer=c&cbll=-23.5917386,-46.5453941", "O_QUE_FAZER": "FINALIZADO", "ER_REGIAO_CIDADE_min": "São Paulo_São Lucas" }, "geometry": { "type": "Point", "coordinates": [ -46.5453941, -23.5917386 ] } },
{ "type": "Feature", "properties": { "fid": 158966, "CNPJ": "30223195000108", "IDCIDADE": "SAO_PAULO", "NOMEFANTASIA": "E_DE_CASA_COMERCIAL_LTDA", "RAZAOSOCIAL": "E_DE_CASA_CONSTRUCAO", "ENDEE": "AVENIDA_DO_ORATORIO1729__VILA_INDEPENDENCIA_03220-000", "LMAPS": "https://www.google.com/maps?q=&layer=c&cbll=-23.5900518,-46.5520107", "O_QUE_FAZER": "FINALIZADO", "ER_REGIAO_CIDADE_min": "São Paulo_São Lucas" }, "geometry": { "type": "Point", "coordinates": [ -46.5520107, -23.5900518 ] } },
{ "type": "Feature", "properties": { "fid": 159159, "CNPJ": "30263386000195", "IDCIDADE": "SAO_PAULO", "NOMEFANTASIA": "STARTSOLBRASIL_TECNOLOGIA_E_SEGURANCA_LTDA", "RAZAOSOCIAL": "STARTSOLBRASIL", "ENDEE": "RUA_SECUNDINO_DOMINGUES540__JARDIM_INDEPENDENCIA_03223-110", "LMAPS": "https://www.google.com/maps?q=&layer=c&cbll=-23.5916865,-46.5570305", "O_QUE_FAZER": "FINALIZADO", "ER_REGIAO_CIDADE_min": "São Paulo_São Lucas" }, "geometry": { "type": "Point", "coordinates": [ -46.5570305, -23.5916865 ] } },
{ "type": "Feature", "properties": { "fid": 159203, "CNPJ": "30271204000128", "IDCIDADE": "SAO_PAULO", "NOMEFANTASIA": "ENZO_MERCEARIA", "RAZAOSOCIAL": "M_A_FONTES_DOS_SANTOS_MERCEARIA", "ENDEE": "RUA_PASCOAL_RANIERI_MAZZILLI421__VILA_MENDES_03257-180", "LMAPS": "https://www.google.com/maps?q=&layer=c&cbll=-23.6073367,-46.5262523", "O_QUE_FAZER": "CARTEIRA", "ER_REGIAO_CIDADE_min": "São Paulo_São Lucas" }, "geometry": { "type": "Point", "coordinates": [ -46.5262523, -23.6073367 ] } },
{ "type": "Feature", "properties": { "fid": 159211, "CNPJ": "30272196000134", "IDCIDADE": "SAO_PAULO", "NOMEFANTASIA": "ARNOLDO_ROCHA_GUIMARAES_JUNIOR", "RAZAOSOCIAL": "JK_IMPRESSORAS", "ENDEE": "RUA_FRANCISCO_FETT223__VILA_PAULO_SILAS_03264-000", "LMAPS": "https://www.google.com/maps?q=&layer=c&cbll=-23.5900218,-46.5444116", "O_QUE_FAZER": "FINALIZADO", "ER_REGIAO_CIDADE_min": "São Paulo_São Lucas" }, "geometry": { "type": "Point", "coordinates": [ -46.5444116, -23.5900218 ] } },
{ "type": "Feature", "properties": { "fid": 160286, "CNPJ": "30482270000147", "IDCIDADE": "SAO_PAULO", "NOMEFANTASIA": "PRD_MULTIMARCAS", "RAZAOSOCIAL": "PRD_NEGOCIOS_VEICULARES_LTDA", "ENDEE": "RUA_ILHA_DE_PAQUETA47__VILA_NOVA_PAULICEIA_03267-140", "LMAPS": "https://www.google.com/maps?q=&layer=c&cbll=-23.5993545,-46.5309754", "O_QUE_FAZER": "CARTEIRA", "ER_REGIAO_CIDADE_min": "São Paulo_São Lucas" }, "geometry": { "type": "Point", "coordinates": [ -46.5309754, -23.5993545 ] } },
{ "type": "Feature", "properties": { "fid": 160458, "CNPJ": "30512298000180", "IDCIDADE": "SAO_PAULO", "NOMEFANTASIA": "AQUADEMIC", "RAZAOSOCIAL": "RHOBY_FITNESS_ACADEMIA_LTDA", "ENDEE": "RUA_SOLIDONIO_LEITE2233__VILA_IVONE_03275-000", "LMAPS": "https://www.google.com/maps?q=&layer=c&cbll=-23.5857833,-46.5372626", "O_QUE_FAZER": "CARTEIRA - FAMPE", "ER_REGIAO_CIDADE_min": "São Paulo_São Lucas" }, "geometry": { "type": "Point", "coordinates": [ -46.5372626, -23.5857833 ] } },
{ "type": "Feature", "properties": { "fid": 160581, "CNPJ": "30535169000379", "IDCIDADE": "SAO_PAULO", "NOMEFANTASIA": "H2FIRE", "RAZAOSOCIAL": "H2FIRE_SOLUCOES_CONTRA_INCENDIO_LTDA", "ENDEE": "RUA_AGUAS_DE_LINDOIA42__VILA_SANTA_VIRGINIA_03284-090", "LMAPS": "https://www.google.com/maps?q=&layer=c&cbll=-23.5897842,-46.5379686", "O_QUE_FAZER": "CARTEIRA", "ER_REGIAO_CIDADE_min": "São Paulo_São Lucas" }, "geometry": { "type": "Point", "coordinates": [ -46.5379686, -23.5897842 ] } },
{ "type": "Feature", "properties": { "fid": 161457, "CNPJ": "30692151000119", "IDCIDADE": "SAO_PAULO", "NOMEFANTASIA": "ORATORIO_AUTO_PARTS", "RAZAOSOCIAL": "ORATORIO_AUTO_PARTS_LTDA", "ENDEE": "AVENIDA_DO_ORATORIO3718__JARDIM_GUAIRACA_03195-000", "LMAPS": "https://www.google.com/maps?q=&layer=c&cbll=-23.6002181,-46.5373479", "O_QUE_FAZER": "CARTEIRA", "ER_REGIAO_CIDADE_min": "São Paulo_São Lucas" }, "geometry": { "type": "Point", "coordinates": [ -46.5373479, -23.6002181 ] } },
{ "type": "Feature", "properties": { "fid": 161698, "CNPJ": "30737455000155", "IDCIDADE": "SAO_PAULO", "NOMEFANTASIA": "GOOL_MULTIMARCAD", "RAZAOSOCIAL": "GOOL_MULTIMARCAS_LTDA", "ENDEE": "AVENIDA_PROFESSOR_LUIZ_IGNACIO_ANHAIA_MELLO5530__JARDIM_INDEPENDENCIA_03265-000", "LMAPS": "https://www.google.com/maps?q=&layer=c&cbll=-23.5903876,-46.5436579", "O_QUE_FAZER": "CARTEIRA", "ER_REGIAO_CIDADE_min": "São Paulo_São Lucas" }, "geometry": { "type": "Point", "coordinates": [ -46.5436579, -23.5903876 ] } },
{ "type": "Feature", "properties": { "fid": 161860, "CNPJ": "30763662000184", "IDCIDADE": "SAO_PAULO", "NOMEFANTASIA": "BROTHERS_PESCA", "RAZAOSOCIAL": "BROTHERS_PESCA_COMERCIAL_LTDA", "ENDEE": "AVENIDA_PROFESSOR_LUIZ_IGNACIO_ANHAIA_MELLO5721__JARDIM_INDEPENDENCIA_03295-000", "LMAPS": "https://www.google.com/maps?q=&layer=c&cbll=-23.591445,-46.5422484", "O_QUE_FAZER": "FINALIZADO", "ER_REGIAO_CIDADE_min": "São Paulo_São Lucas" }, "geometry": { "type": "Point", "coordinates": [ -46.5422484, -23.591445 ] } },
{ "type": "Feature", "properties": { "fid": 161956, "CNPJ": "30782182000160", "IDCIDADE": "SAO_PAULO", "NOMEFANTASIA": "MONARKA_DOS_MOVEIS_LTDA", "RAZAOSOCIAL": "MONARKA_MOVEIS", "ENDEE": "AVENIDA_DO_ORATORIO4738__MOOCA_03116-000", "LMAPS": "https://www.google.com/maps?q=&layer=c&cbll=-23.6032266,-46.5290558", "O_QUE_FAZER": "FINALIZADO", "ER_REGIAO_CIDADE_min": "São Paulo_São Lucas" }, "geometry": { "type": "Point", "coordinates": [ -46.5290558, -23.6032266 ] } },
{ "type": "Feature", "properties": { "fid": 162138, "CNPJ": "30816245000152", "IDCIDADE": "SAO_PAULO", "NOMEFANTASIA": "30.816.245_NATALIA_CRISTINA_FRAGA_MARRESE", "RAZAOSOCIAL": "NC_MOTO_PECAS", "ENDEE": "AVENIDA_SAPOPEMBA5228__SAPOPEMBA_03374-001", "LMAPS": "https://www.google.com/maps?q=&layer=c&cbll=-23.5799261,-46.5399668", "O_QUE_FAZER": "FINALIZADO", "ER_REGIAO_CIDADE_min": "São Paulo_São Lucas" }, "geometry": { "type": "Point", "coordinates": [ -46.5399668, -23.5799261 ] } },
{ "type": "Feature", "properties": { "fid": 163816, "CNPJ": "31153534000181", "IDCIDADE": "SAO_PAULO", "NOMEFANTASIA": null, "RAZAOSOCIAL": "BICHINHO_CHIQUE", "ENDEE": "AV_VILA_EMA_3445_3445_VILA_EMA_SAO_PAULO__03281-000", "LMAPS": "https://www.google.com/maps?q=&layer=c&cbll=-23.586062,-46.5450582", "O_QUE_FAZER": "FINALIZADO", "ER_REGIAO_CIDADE_min": "São Paulo_São Lucas" }, "geometry": { "type": "Point", "coordinates": [ -46.5450582, -23.586062 ] } },
{ "type": "Feature", "properties": { "fid": 163958, "CNPJ": "31186221000120", "IDCIDADE": "SAO_PAULO", "NOMEFANTASIA": "SODIE", "RAZAOSOCIAL": "GUIBELLA_DOCERIA_E_CONFEITARIA_LTDA", "ENDEE": "AVENIDA_DO_ORATORIO2644__PARQUE_SAO_LUCAS_03195-000", "LMAPS": "https://www.google.com/maps?q=&layer=c&cbll=-23.5936344,-46.5448744", "O_QUE_FAZER": "CARTEIRA", "ER_REGIAO_CIDADE_min": "São Paulo_São Lucas" }, "geometry": { "type": "Point", "coordinates": [ -46.5448744, -23.5936344 ] } },
{ "type": "Feature", "properties": { "fid": 164029, "CNPJ": "31201762000180", "IDCIDADE": "SAO_PAULO", "NOMEFANTASIA": "ABELHAO", "RAZAOSOCIAL": "MR_MIT_SERVICOS_LTDA", "ENDEE": "AVENIDA_DO_ORATORIO2021__PARQUE_SAO_LUCAS_03195-000", "LMAPS": "https://www.google.com/maps?q=&layer=c&cbll=-23.5914735,-46.5497941", "O_QUE_FAZER": "CARTEIRA", "ER_REGIAO_CIDADE_min": "São Paulo_São Lucas" }, "geometry": { "type": "Point", "coordinates": [ -46.5497941, -23.5914735 ] } },
{ "type": "Feature", "properties": { "fid": 164467, "CNPJ": "31307917000167", "IDCIDADE": "SAO_PAULO", "NOMEFANTASIA": "CARLOS_ALBERTO_DAMACENO_12568307803", "RAZAOSOCIAL": "CHARLIE_GAMES", "ENDEE": "AVENIDA_MORAIS_COSTA60__VILA_INDUSTRIAL_03253-000", "LMAPS": "https://www.google.com/maps?q=&layer=c&cbll=-23.6035553,-46.5297869", "O_QUE_FAZER": "FINALIZADO", "ER_REGIAO_CIDADE_min": "São Paulo_São Lucas" }, "geometry": { "type": "Point", "coordinates": [ -46.5297869, -23.6035553 ] } },
{ "type": "Feature", "properties": { "fid": 164759, "CNPJ": "31369988000194", "IDCIDADE": "SAO_PAULO", "NOMEFANTASIA": "FRANCIS_PECAS_VILA_EMA", "RAZAOSOCIAL": "FRANCISPECAS_-_COMERCIO_DE_PECAS_E_SERVICOS_LTDA", "ENDEE": "AVENIDA_VILA_EMA3255__VILA_EMA_03281-000", "LMAPS": "https://www.google.com/maps?q=&layer=c&cbll=-23.5848974,-46.5461314", "O_QUE_FAZER": "CARTEIRA", "ER_REGIAO_CIDADE_min": "São Paulo_São Lucas" }, "geometry": { "type": "Point", "coordinates": [ -46.5461314, -23.5848974 ] } },
{ "type": "Feature", "properties": { "fid": 164963, "CNPJ": "31411206000138", "IDCIDADE": "SAO_PAULO", "NOMEFANTASIA": "FS_AGENCIA_DE_VIAGENS", "RAZAOSOCIAL": "FS_-_AGENCIA_DE_VIAGENS_E_TURISMO_LTDA", "ENDEE": "AVENIDA_SAO_LUCAS208__PARQUE_SAO_LUCAS_03239-000", "LMAPS": "https://www.google.com/maps?q=&layer=c&cbll=-23.5946317,-46.5476983", "O_QUE_FAZER": "CARTEIRA", "ER_REGIAO_CIDADE_min": "São Paulo_São Lucas" }, "geometry": { "type": "Point", "coordinates": [ -46.5476983, -23.5946317 ] } },
{ "type": "Feature", "properties": { "fid": 164988, "CNPJ": "31415396000161", "IDCIDADE": "SAO_PAULO", "NOMEFANTASIA": "VALE_SAFE_COMERCIO_DE_EPIS_LTDA", "RAZAOSOCIAL": "VALESAFE", "ENDEE": "RUA_COSTA_BARROS2755__VILA_ALPINA_03210-000", "LMAPS": "https://www.google.com/maps?q=&layer=c&cbll=-23.6030535,-46.5424085", "O_QUE_FAZER": "FINALIZADO", "ER_REGIAO_CIDADE_min": "São Paulo_São Lucas" }, "geometry": { "type": "Point", "coordinates": [ -46.5424085, -23.6030535 ] } },
{ "type": "Feature", "properties": { "fid": 165091, "CNPJ": "31435769000166", "IDCIDADE": "SAO_PAULO", "NOMEFANTASIA": "BOND_BIGODI", "RAZAOSOCIAL": "O_VELHOTE_MULTIMARCAS_LTDA", "ENDEE": "AVENIDA_DO_ORATORIO4269__JARDIM_GUAIRACA_03195-000", "LMAPS": "https://www.google.com/maps?q=&layer=c&cbll=-23.6014684,-46.5329916", "O_QUE_FAZER": "CARTEIRA", "ER_REGIAO_CIDADE_min": "São Paulo_São Lucas" }, "geometry": { "type": "Point", "coordinates": [ -46.5329916, -23.6014684 ] } },
{ "type": "Feature", "properties": { "fid": 165662, "CNPJ": "31549782000146", "IDCIDADE": "SAO PAULO", "NOMEFANTASIA": "CASTRO_PRINT_VISUAL", "RAZAOSOCIAL": "JOAO_PAULO_G.P._DE_CASTRO", "ENDEE": "RUA STA ZITA, 105, VILA MENDES, 03257-020, SÃO PAULO, SP, BRASIL", "LMAPS": "https://www.google.com/maps?q=&layer=c&cbll=-23.6119407,-46.5315346", "O_QUE_FAZER": "CARTEIRA - FAMPE", "ER_REGIAO_CIDADE_min": "São Paulo_São Lucas" }, "geometry": { "type": "Point", "coordinates": [ -46.5315346, -23.6119407 ] } },
{ "type": "Feature", "properties": { "fid": 165771, "CNPJ": "31565777000127", "IDCIDADE": "SAO_PAULO", "NOMEFANTASIA": "LUCIVANEA_MACIEL_SANTOS_89894960472", "RAZAOSOCIAL": "VANIA_MODA_PLUS", "ENDEE": "RUA_ANA_CLARA48__VILA_MENDES_03257-000", "LMAPS": "https://www.google.com/maps?q=&layer=c&cbll=-23.6099483,-46.5325901", "O_QUE_FAZER": "FINALIZADO", "ER_REGIAO_CIDADE_min": "São Paulo_São Lucas" }, "geometry": { "type": "Point", "coordinates": [ -46.5325901, -23.6099483 ] } },
{ "type": "Feature", "properties": { "fid": 165805, "CNPJ": "31571782000142", "IDCIDADE": "SAO_PAULO", "NOMEFANTASIA": "ELTON_CABRERA_ANES_CATELANI", "RAZAOSOCIAL": "IMOVEIS_CATELANI", "ENDEE": "AVENIDA_MORAIS_COSTA484__VILA_INDUSTRIAL_03253-000", "LMAPS": "https://www.google.com/maps?q=&layer=c&cbll=-23.6068744,-46.5317767", "O_QUE_FAZER": "FINALIZADO", "ER_REGIAO_CIDADE_min": "São Paulo_São Lucas" }, "geometry": { "type": "Point", "coordinates": [ -46.5317767, -23.6068744 ] } },
{ "type": "Feature", "properties": { "fid": 166037, "CNPJ": "31616227000190", "IDCIDADE": "SAO_PAULO", "NOMEFANTASIA": "HANSA_SEMIJOIAS", "RAZAOSOCIAL": "ANA_LUCIA_DIMITROV_CENEDEZI", "ENDEE": "AVENIDA_DO_ORATORIO2202__PARQUE_SAO_LUCAS_03220-100", "LMAPS": "https://www.google.com/maps?q=&layer=c&cbll=-23.5919015,-46.5478755", "O_QUE_FAZER": "CARTEIRA", "ER_REGIAO_CIDADE_min": "São Paulo_São Lucas" }, "geometry": { "type": "Point", "coordinates": [ -46.5478755, -23.5919015 ] } },
{ "type": "Feature", "properties": { "fid": 166071, "CNPJ": "31620730000119", "IDCIDADE": "SAO_PAULO", "NOMEFANTASIA": "OTICA_LORE", "RAZAOSOCIAL": "DOUGLAS_APARECIDO_RODRIGUES_DE_OLIVEIRA", "ENDEE": "AVENIDA_DO_ORATORIO4329__JARDIM_GUAIRACA_03195-000", "LMAPS": "https://www.google.com/maps?q=&layer=c&cbll=-23.6014735,-46.5324238", "O_QUE_FAZER": "CARTEIRA", "ER_REGIAO_CIDADE_min": "São Paulo_São Lucas" }, "geometry": { "type": "Point", "coordinates": [ -46.5324238, -23.6014735 ] } },
{ "type": "Feature", "properties": { "fid": 166162, "CNPJ": "31635467000131", "IDCIDADE": "SAO_PAULO", "NOMEFANTASIA": "LOJAO_DOS_EQUIPAMENTOS", "RAZAOSOCIAL": "LOJAO_DOS_EQUIPAMENTOS", "ENDEE": "AVENIDA_EMA__3572_03282-000", "LMAPS": "https://www.google.com/maps?q=&layer=c&cbll=-23.5828701,-46.5493848", "O_QUE_FAZER": "FINALIZADO", "ER_REGIAO_CIDADE_min": "São Paulo_São Lucas" }, "geometry": { "type": "Point", "coordinates": [ -46.5493848, -23.5828701 ] } },
{ "type": "Feature", "properties": { "fid": 166350, "CNPJ": "31674362000191", "IDCIDADE": "SAO_PAULO", "NOMEFANTASIA": "HIGI_THEO", "RAZAOSOCIAL": "HIGI_THEO", "ENDEE": "VILA_EMA3595__VILA_EMA_03281-000", "LMAPS": "https://www.google.com/maps?q=&layer=c&cbll=-23.5828701,-46.5493848", "O_QUE_FAZER": "FINALIZADO", "ER_REGIAO_CIDADE_min": "São Paulo_São Lucas" }, "geometry": { "type": "Point", "coordinates": [ -46.5493848, -23.5828701 ] } },
{ "type": "Feature", "properties": { "fid": 166446, "CNPJ": "31695441000189", "IDCIDADE": "SAO_PAULO", "NOMEFANTASIA": "L7_UTILITARIOS", "RAZAOSOCIAL": "L7_DAMASCENO_VEICULOS_LTDA", "ENDEE": "AVENIDA_PROFESSOR_LUIZ_IGNACIO_ANHAIA_MELLO5030__JARDIM_INDEPENDENCIA_03294-100", "LMAPS": "https://www.google.com/maps?q=&layer=c&cbll=-23.586336,-46.5476517", "O_QUE_FAZER": "FINALIZADO", "ER_REGIAO_CIDADE_min": "São Paulo_São Lucas" }, "geometry": { "type": "Point", "coordinates": [ -46.5476517, -23.586336 ] } },
{ "type": "Feature", "properties": { "fid": 166628, "CNPJ": "31732031000160", "IDCIDADE": "SAO_PAULO", "NOMEFANTASIA": "VITALY", "RAZAOSOCIAL": "FMP_VEICULOS_LTDA", "ENDEE": "AVENIDA_PROFESSOR_LUIZ_IGNACIO_ANHAIA_MELLO4627__VILA_GRACIOSA_03154-000", "LMAPS": "https://www.google.com/maps?q=&layer=c&cbll=-23.5838977,-46.5501874", "O_QUE_FAZER": "CARTEIRA", "ER_REGIAO_CIDADE_min": "São Paulo_São Lucas" }, "geometry": { "type": "Point", "coordinates": [ -46.5501874, -23.5838977 ] } },
{ "type": "Feature", "properties": { "fid": 166706, "CNPJ": "31746414000198", "IDCIDADE": "SAO_PAULO", "NOMEFANTASIA": "LISBOA", "RAZAOSOCIAL": "MARIA_LISBOA_PANIFICADORA_E_CONFEITARIA_LTDA", "ENDEE": "AVENIDA_VILA_EMA3940__VILA_EMA_03156-000", "LMAPS": "https://www.google.com/maps?q=&layer=c&cbll=-23.5897526,-46.5426182", "O_QUE_FAZER": "CARTEIRA", "ER_REGIAO_CIDADE_min": "São Paulo_São Lucas" }, "geometry": { "type": "Point", "coordinates": [ -46.5426182, -23.5897526 ] } },
{ "type": "Feature", "properties": { "fid": 167237, "CNPJ": "31853791000126", "IDCIDADE": "SAO_PAULO", "NOMEFANTASIA": "DEPOSITO_LAJES", "RAZAOSOCIAL": "DEPOSITO_DE_LAJES_SAO_LUCAS_LTDA", "ENDEE": "AVENIDA_DO_ORATORIO6205__JARDIM_ANGELA_03195-000", "LMAPS": "https://www.google.com/maps?q=&layer=c&cbll=-23.6104614,-46.5247081", "O_QUE_FAZER": "CARTEIRA", "ER_REGIAO_CIDADE_min": "São Paulo_São Lucas" }, "geometry": { "type": "Point", "coordinates": [ -46.5247081, -23.6104614 ] } },
{ "type": "Feature", "properties": { "fid": 167434, "CNPJ": "31892806000165", "IDCIDADE": "SAO_PAULO", "NOMEFANTASIA": "IMPULSE_INSTALACAO_E_MANUTENCAO_DE_AR_CONDICIONADO_LTDA", "RAZAOSOCIAL": "0", "ENDEE": "RUA_ALOCASIAS156__VILA_INDUSTRIAL_03251-110", "LMAPS": "https://www.google.com/maps?q=&layer=c&cbll=-23.60722,-46.5358959", "O_QUE_FAZER": "FINALIZADO", "ER_REGIAO_CIDADE_min": "São Paulo_São Lucas" }, "geometry": { "type": "Point", "coordinates": [ -46.5358959, -23.60722 ] } },
{ "type": "Feature", "properties": { "fid": 167564, "CNPJ": "31918848000128", "IDCIDADE": "SAO_PAULO", "NOMEFANTASIA": "NOVO_NANAMI_MERCEARIA_LTDA", "RAZAOSOCIAL": "NOVO_NANAMI", "ENDEE": "AVENIDA_DO_ORATORIO4096__JARDIM_GUAIRACA_03220-200", "LMAPS": "https://www.google.com/maps?q=&layer=c&cbll=-23.601897,-46.5346676", "O_QUE_FAZER": "FINALIZADO", "ER_REGIAO_CIDADE_min": "São Paulo_São Lucas" }, "geometry": { "type": "Point", "coordinates": [ -46.5346676, -23.601897 ] } },
{ "type": "Feature", "properties": { "fid": 167598, "CNPJ": "31923787000197", "IDCIDADE": "SAO_PAULO", "NOMEFANTASIA": "EDSON_TADASHI_KOHATSU_MODAS", "RAZAOSOCIAL": "YUMI_MODAS", "ENDEE": "AVENIDA_DO_ORATORIO4670__JARDIM_GUAIRACA_03220-200", "LMAPS": "https://www.google.com/maps?q=&layer=c&cbll=-23.602937,-46.5298065", "O_QUE_FAZER": "FINALIZADO", "ER_REGIAO_CIDADE_min": "São Paulo_São Lucas" }, "geometry": { "type": "Point", "coordinates": [ -46.5298065, -23.602937 ] } },
{ "type": "Feature", "properties": { "fid": 167763, "CNPJ": "31957438000196", "IDCIDADE": "SAO_PAULO", "NOMEFANTASIA": "ESQUAELLA_MERCEARIA_E_EMPORIO_LTDA", "RAZAOSOCIAL": "ESQUAELLA_MERCEARIA_E_EMPORIO", "ENDEE": "AVENIDA_DO_ORATORIO4102__JARDIM_GUAIRACA_03220-200", "LMAPS": "https://www.google.com/maps?q=&layer=c&cbll=-23.6018734,-46.5345323", "O_QUE_FAZER": "FINALIZADO", "ER_REGIAO_CIDADE_min": "São Paulo_São Lucas" }, "geometry": { "type": "Point", "coordinates": [ -46.5345323, -23.6018734 ] } },
{ "type": "Feature", "properties": { "fid": 168240, "CNPJ": "32061057000197", "IDCIDADE": "SAO_PAULO", "NOMEFANTASIA": "BM_SORVETES", "RAZAOSOCIAL": "B&M_COMERCIAL_DE_SORVETES_LTDA", "ENDEE": "AVENIDA_DO_ORATORIO4367__JARDIM_GUAIRACA_03195-000", "LMAPS": "https://www.google.com/maps?q=&layer=c&cbll=-23.6015653,-46.5320486", "O_QUE_FAZER": "CARTEIRA", "ER_REGIAO_CIDADE_min": "São Paulo_São Lucas" }, "geometry": { "type": "Point", "coordinates": [ -46.5320486, -23.6015653 ] } },
{ "type": "Feature", "properties": { "fid": 169120, "CNPJ": "32238649000131", "IDCIDADE": "SAO_PAULO", "NOMEFANTASIA": "JOAO_CARLOS_MELATI_12898577847", "RAZAOSOCIAL": "LACACA_MODAS", "ENDEE": "AVENIDA_SAPOPEMBA4376__SAPOPEMBA_03374-000", "LMAPS": "https://www.google.com/maps?q=&layer=c&cbll=-23.5778226,-46.5479173", "O_QUE_FAZER": "FINALIZADO", "ER_REGIAO_CIDADE_min": "São Paulo_São Lucas" }, "geometry": { "type": "Point", "coordinates": [ -46.5479173, -23.5778226 ] } },
{ "type": "Feature", "properties": { "fid": 169453, "CNPJ": "32297622000110", "IDCIDADE": "SAO PAULO", "NOMEFANTASIA": "AMJ_GROUP", "RAZAOSOCIAL": "AMJ_PRODUTOS_TECNICOS_PARA_CONSTRUCAO_CIVIL_LTDA.", "ENDEE": "RUA MARCELLO MULLER, 950, JARDIM INDEPENDENCIA, 03223-060, SÃO PAULO, SP, BRASIL", "LMAPS": "https://www.google.com/maps?q=&layer=c&cbll=-23.5910554,-46.558956", "O_QUE_FAZER": "CARTEIRA - FAMPE", "ER_REGIAO_CIDADE_min": "São Paulo_São Lucas" }, "geometry": { "type": "Point", "coordinates": [ -46.558956, -23.5910554 ] } },
{ "type": "Feature", "properties": { "fid": 169606, "CNPJ": "32337968000102", "IDCIDADE": "SAO_PAULO", "NOMEFANTASIA": "J_O_L_PATAS", "RAZAOSOCIAL": "J_O_L_PATAS", "ENDEE": "AVENIDA_EMA__2960_03282-000", "LMAPS": "https://www.google.com/maps?q=&layer=c&cbll=-23.5828701,-46.5493848", "O_QUE_FAZER": "FINALIZADO", "ER_REGIAO_CIDADE_min": "São Paulo_São Lucas" }, "geometry": { "type": "Point", "coordinates": [ -46.5493848, -23.5828701 ] } },
{ "type": "Feature", "properties": { "fid": 169892, "CNPJ": "32416741000144", "IDCIDADE": "SAO_PAULO", "NOMEFANTASIA": "CASA_DE_VIDROS_SOL", "RAZAOSOCIAL": "CASA_DE_VIDROS_SOL", "ENDEE": "AVENIDA_EMA__3666_03282-001", "LMAPS": "https://www.google.com/maps?q=&layer=c&cbll=-23.5828701,-46.5493848", "O_QUE_FAZER": "FINALIZADO", "ER_REGIAO_CIDADE_min": "São Paulo_São Lucas" }, "geometry": { "type": "Point", "coordinates": [ -46.5493848, -23.5828701 ] } },
{ "type": "Feature", "properties": { "fid": 169977, "CNPJ": "32437258000146", "IDCIDADE": "SAO_PAULO", "NOMEFANTASIA": "ELLA_SEMI_JOIAS", "RAZAOSOCIAL": "ELLA_SEMI_JOIAS", "ENDEE": "AVENIDA_PROFESSOR_LUIZ_IGNACIO_ANHAIA_MELLO__5444_03155-100", "LMAPS": "https://www.google.com/maps?q=&layer=c&cbll=-23.5896314,-46.5442362", "O_QUE_FAZER": "FINALIZADO", "ER_REGIAO_CIDADE_min": "São Paulo_São Lucas" }, "geometry": { "type": "Point", "coordinates": [ -46.5442362, -23.5896314 ] } },
{ "type": "Feature", "properties": { "fid": 170145, "CNPJ": "32475333000163", "IDCIDADE": "SAO_PAULO", "NOMEFANTASIA": "ARMAZEN_SAO_GABRIEL", "RAZAOSOCIAL": "ARMAZEM_SAO_GABRIEL_GRAOS_LTDA", "ENDEE": "AVENIDA_MORAIS_COSTA20__VILA_INDUSTRIAL_03253-000", "LMAPS": "https://www.google.com/maps?q=&layer=c&cbll=-23.6032183,-46.5296417", "O_QUE_FAZER": "CARTEIRA", "ER_REGIAO_CIDADE_min": "São Paulo_São Lucas" }, "geometry": { "type": "Point", "coordinates": [ -46.5296417, -23.6032183 ] } },
{ "type": "Feature", "properties": { "fid": 170397, "CNPJ": "32531737000127", "IDCIDADE": "SAO_PAULO", "NOMEFANTASIA": "DAIANA_NEGRAO_BOUTIQUE_LTDA", "RAZAOSOCIAL": "DN_BOUTIQUE", "ENDEE": "RUA_SOLIDONIO_LEITE2315__VILA_IVONE_03275-000", "LMAPS": "https://www.google.com/maps?q=&layer=c&cbll=-23.5857234,-46.536649", "O_QUE_FAZER": "FINALIZADO", "ER_REGIAO_CIDADE_min": "São Paulo_São Lucas" }, "geometry": { "type": "Point", "coordinates": [ -46.536649, -23.5857234 ] } },
{ "type": "Feature", "properties": { "fid": 170414, "CNPJ": "32533734000122", "IDCIDADE": "SAO_PAULO", "NOMEFANTASIA": "RC_ESQUADRIA_DE_ALUMINIO_LTDA", "RAZAOSOCIAL": "RC_ESQUADRIAS", "ENDEE": "AVENIDA_MORAIS_COSTA358__VILA_INDUSTRIAL_03253-000", "LMAPS": "https://www.google.com/maps?q=&layer=c&cbll=-23.6059544,-46.5309492", "O_QUE_FAZER": "FINALIZADO", "ER_REGIAO_CIDADE_min": "São Paulo_São Lucas" }, "geometry": { "type": "Point", "coordinates": [ -46.5309492, -23.6059544 ] } },
{ "type": "Feature", "properties": { "fid": 170488, "CNPJ": "32548188000101", "IDCIDADE": "SAO_PAULO", "NOMEFANTASIA": "32.548.188_ANTONIO_APARECIDO_DUCCI", "RAZAOSOCIAL": "MJM_", "ENDEE": "RUA_JOSE_DIPOL239__VILA_EMA_03275-110", "LMAPS": "https://www.google.com/maps?q=&layer=c&cbll=-23.5783082,-46.554612", "O_QUE_FAZER": "FINALIZADO", "ER_REGIAO_CIDADE_min": "São Paulo_São Lucas" }, "geometry": { "type": "Point", "coordinates": [ -46.554612, -23.5783082 ] } },
{ "type": "Feature", "properties": { "fid": 170895, "CNPJ": "32633289000172", "IDCIDADE": "SAO_PAULO", "NOMEFANTASIA": "ALEMAO_MOTORS", "RAZAOSOCIAL": "D1000_COMERCIO_DE_VEICULOS_NOVOS_E_USADOS_LTDA", "ENDEE": "AVENIDA_VILA_EMA4700__VILA_EMA_03295-100", "LMAPS": "https://www.google.com/maps?q=&layer=c&cbll=-23.594831,-46.537453", "O_QUE_FAZER": "FINALIZADO", "ER_REGIAO_CIDADE_min": "São Paulo_São Lucas" }, "geometry": { "type": "Point", "coordinates": [ -46.537453, -23.594831 ] } },
{ "type": "Feature", "properties": { "fid": 171137, "CNPJ": "32690635000154", "IDCIDADE": "SAO_PAULO", "NOMEFANTASIA": "HITOS_CAR", "RAZAOSOCIAL": "HITUS_CAR_VEICULOS_LTDA", "ENDEE": "AVENIDA_DO_ORATORIO4872__JARDIM_GUAIRACA_03195-000", "LMAPS": "https://www.google.com/maps?q=&layer=c&cbll=-23.6029841,-46.5277553", "O_QUE_FAZER": "CARTEIRA", "ER_REGIAO_CIDADE_min": "São Paulo_São Lucas" }, "geometry": { "type": "Point", "coordinates": [ -46.5277553, -23.6029841 ] } },
{ "type": "Feature", "properties": { "fid": 171651, "CNPJ": "32788067000129", "IDCIDADE": "SAO_PAULO", "NOMEFANTASIA": "ESTETICA_ANIMAL_KAO_KARINHO_LTDA", "RAZAOSOCIAL": "PET_SHOP_KAO_CARINHO", "ENDEE": "RUA_CORONEL_JOSE_DA_SILVA_NETO14__PARQUE_SAO_LUCAS_03238-010", "LMAPS": "https://www.google.com/maps?q=&layer=c&cbll=-23.5915399,-46.5502645", "O_QUE_FAZER": "FINALIZADO", "ER_REGIAO_CIDADE_min": "São Paulo_São Lucas" }, "geometry": { "type": "Point", "coordinates": [ -46.5502645, -23.5915399 ] } },
{ "type": "Feature", "properties": { "fid": 171709, "CNPJ": "32805484000213", "IDCIDADE": "SAO_PAULO", "NOMEFANTASIA": "D_MELLO_MODAS", "RAZAOSOCIAL": "D'MELLO_MODAS_COMERCIO_DE_ROUPAS_LTDA.", "ENDEE": "AVENIDA_DO_ORATORIO2155__PARQUE_SAO_LUCAS_03195-000", "LMAPS": "https://www.google.com/maps?q=&layer=c&cbll=-23.5916876,-46.5483977", "O_QUE_FAZER": "CARTEIRA", "ER_REGIAO_CIDADE_min": "São Paulo_São Lucas" }, "geometry": { "type": "Point", "coordinates": [ -46.5483977, -23.5916876 ] } },
{ "type": "Feature", "properties": { "fid": 171797, "CNPJ": "32823354000122", "IDCIDADE": "SAO_PAULO", "NOMEFANTASIA": "PAINEIS_E_SERVICOS", "RAZAOSOCIAL": "RICHARD_PAINEIS_E_SERVICO_LTDA", "ENDEE": "AVENIDA_VILA_EMA2730__VILA_EMA_03282-000", "LMAPS": "https://www.google.com/maps?q=&layer=c&cbll=-23.582415,-46.5506383", "O_QUE_FAZER": "FINALIZADO", "ER_REGIAO_CIDADE_min": "São Paulo_São Lucas" }, "geometry": { "type": "Point", "coordinates": [ -46.5506383, -23.582415 ] } },
{ "type": "Feature", "properties": { "fid": 172448, "CNPJ": "32951007000185", "IDCIDADE": "SAO_PAULO", "NOMEFANTASIA": "SAO_LUCAS_VARIEDADE", "RAZAOSOCIAL": "SAO_LUCAS_VARIEDADES_LTDA", "ENDEE": "AVENIDA_DO_ORATORIO2386__PARQUE_SAO_LUCAS_03195-000", "LMAPS": "https://www.google.com/maps?q=&layer=c&cbll=-23.5930528,-46.5465452", "O_QUE_FAZER": "CARTEIRA", "ER_REGIAO_CIDADE_min": "São Paulo_São Lucas" }, "geometry": { "type": "Point", "coordinates": [ -46.5465452, -23.5930528 ] } },
{ "type": "Feature", "properties": { "fid": 173143, "CNPJ": "33078920000181", "IDCIDADE": "SAO_PAULO", "NOMEFANTASIA": "BAR_DO_LEOZINHO", "RAZAOSOCIAL": "D_M_BAR_DO_LEOZINHO_LTDA", "ENDEE": "AVENIDA_VILA_EMA3795__VILA_EMA_03281-001", "LMAPS": "https://www.google.com/maps?q=&layer=c&cbll=-23.5889754,-46.5432167", "O_QUE_FAZER": "FINALIZADO", "ER_REGIAO_CIDADE_min": "São Paulo_São Lucas" }, "geometry": { "type": "Point", "coordinates": [ -46.5432167, -23.5889754 ] } },
{ "type": "Feature", "properties": { "fid": 173268, "CNPJ": "33105377000164", "IDCIDADE": "SAO_PAULO", "NOMEFANTASIA": "SEMPRE_LINDA", "RAZAOSOCIAL": "SEMPRE_LINDA_COSMETICOS_LTDA", "ENDEE": "AVENIDA_SAO_LUCAS103__PARQUE_SAO_LUCAS_03239-000", "LMAPS": "https://www.google.com/maps?q=&layer=c&cbll=-23.594013,-46.5470266", "O_QUE_FAZER": "CARTEIRA", "ER_REGIAO_CIDADE_min": "São Paulo_São Lucas" }, "geometry": { "type": "Point", "coordinates": [ -46.5470266, -23.594013 ] } },
{ "type": "Feature", "properties": { "fid": 174430, "CNPJ": "33326415000109", "IDCIDADE": "SAO_PAULO", "NOMEFANTASIA": "CLINICA_DON_LORENZO", "RAZAOSOCIAL": "OSIRIS_ROGERIO_MARQUES", "ENDEE": "RUA_FRANCISCO_FETT472__VILA_PAULO_SILAS_03264-000", "LMAPS": "https://www.google.com/maps?q=&layer=c&cbll=-23.592101,-46.5457662", "O_QUE_FAZER": "CARTEIRA", "ER_REGIAO_CIDADE_min": "São Paulo_São Lucas" }, "geometry": { "type": "Point", "coordinates": [ -46.5457662, -23.592101 ] } },
{ "type": "Feature", "properties": { "fid": 174851, "CNPJ": "33410550000138", "IDCIDADE": "SAO PAULO", "NOMEFANTASIA": "CUCINA_DELLA_NONNA", "RAZAOSOCIAL": "ELIANA_CIARDI_13035858802", "ENDEE": "RUA COSTA BARROS, 2363, SITIO PINHEIRINHO, 03210-001, SÃO PAULO, SP, BRASIL", "LMAPS": "https://www.google.com/maps?q=&layer=c&cbll=-23.6012357,-46.5442859", "O_QUE_FAZER": "FINALIZADO", "ER_REGIAO_CIDADE_min": "São Paulo_São Lucas" }, "geometry": { "type": "Point", "coordinates": [ -46.5442859, -23.6012357 ] } },
{ "type": "Feature", "properties": { "fid": 175247, "CNPJ": "33484793000110", "IDCIDADE": "SAO_PAULO", "NOMEFANTASIA": "RIPECARS_COMERCIO_DE_AUTOMOVEL_LTDA", "RAZAOSOCIAL": "RIPECARS", "ENDEE": "RUA_HILEIA_AMAZONICA34__JARDIM_PANORAMA_(ZONA_LESTE)_03245-000", "LMAPS": "https://www.google.com/maps?q=&layer=c&cbll=-23.6006729,-46.5374524", "O_QUE_FAZER": "FINALIZADO", "ER_REGIAO_CIDADE_min": "São Paulo_São Lucas" }, "geometry": { "type": "Point", "coordinates": [ -46.5374524, -23.6006729 ] } },
{ "type": "Feature", "properties": { "fid": 175254, "CNPJ": "33485901000170", "IDCIDADE": "SAO PAULO", "NOMEFANTASIA": "XPERIENCE", "RAZAOSOCIAL": "UBERFIT_XPERIENCE_ACADEMIA_DE_GINASTICA_LTDA", "ENDEE": "PROFESSOR LUIZ IGNÁCIO ANHAIA MELLO, 6001, VILA GRACIOSA, SÃO PAULO_03295-000", "LMAPS": "https://www.google.com/maps?q=&layer=c&cbll=-23.5922596,-46.5408472", "O_QUE_FAZER": "FINALIZADO", "ER_REGIAO_CIDADE_min": "São Paulo_São Lucas" }, "geometry": { "type": "Point", "coordinates": [ -46.5408472, -23.5922596 ] } },
{ "type": "Feature", "properties": { "fid": 175731, "CNPJ": "33565892000127", "IDCIDADE": "SAO_PAULO", "NOMEFANTASIA": "SUSHI_SAO_LUCAS", "RAZAOSOCIAL": "RESTAURANTE_SUSHI_SAO_LUCAS_LTDA", "ENDEE": "AVENIDA_DO_ORATORIO3553__JARDIM_GUAIRACA_03195-000", "LMAPS": "https://www.google.com/maps?q=&layer=c&cbll=-23.5993752,-46.5380884", "O_QUE_FAZER": "CARTEIRA", "ER_REGIAO_CIDADE_min": "São Paulo_São Lucas" }, "geometry": { "type": "Point", "coordinates": [ -46.5380884, -23.5993752 ] } },
{ "type": "Feature", "properties": { "fid": 175847, "CNPJ": "33585070000108", "IDCIDADE": "SAO_PAULO", "NOMEFANTASIA": "CARLA_PATRICIA_DE_CARVALHO_PEREIRA_34376884804", "RAZAOSOCIAL": "CARLA_CARVALHO", "ENDEE": "AVENIDA_DO_ORATORIO4782__VILA_INDUSTRIAL_03220-200", "LMAPS": "https://www.google.com/maps?q=&layer=c&cbll=-23.6031183,-46.5286492", "O_QUE_FAZER": "FINALIZADO", "ER_REGIAO_CIDADE_min": "São Paulo_São Lucas" }, "geometry": { "type": "Point", "coordinates": [ -46.5286492, -23.6031183 ] } },
{ "type": "Feature", "properties": { "fid": 175896, "CNPJ": "33590901000130", "IDCIDADE": "SAO_PAULO", "NOMEFANTASIA": "BARRA_LIMPE", "RAZAOSOCIAL": "BARRA_LIMPE_DISTRIBUIDORA_DE_PRODUTOS_INSTITUCIONAIS_DE_LIMPEZA_LTDA", "ENDEE": "RUA_HERWIS900__VILA_EMA_03279-000", "LMAPS": "https://www.google.com/maps?q=&layer=c&cbll=-23.5870341,-46.5433385", "O_QUE_FAZER": "FINALIZADO", "ER_REGIAO_CIDADE_min": "São Paulo_São Lucas" }, "geometry": { "type": "Point", "coordinates": [ -46.5433385, -23.5870341 ] } },
{ "type": "Feature", "properties": { "fid": 175901, "CNPJ": "33591406000145", "IDCIDADE": "SAO_PAULO", "NOMEFANTASIA": "PIIO_DISTRIBUIDORA", "RAZAOSOCIAL": "PIIO_DISTRIBUIDORA_DE_PECAS_EQUIPAMENTOS_LTDA", "ENDEE": "RUA_JUIZ_DE_FORA640__VILA_EMA_03286-000", "LMAPS": "https://www.google.com/maps?q=&layer=c&cbll=-23.5932319,-46.534859", "O_QUE_FAZER": "CARTEIRA", "ER_REGIAO_CIDADE_min": "São Paulo_São Lucas" }, "geometry": { "type": "Point", "coordinates": [ -46.534859, -23.5932319 ] } },
{ "type": "Feature", "properties": { "fid": 175945, "CNPJ": "33600176000133", "IDCIDADE": "SAO_PAULO", "NOMEFANTASIA": "EDCLEBSON_COSTA_DA_CRUZ_06129387512", "RAZAOSOCIAL": "CRUZ_SALAO_E_BARBEARIA", "ENDEE": "RUA_JOSE_ANTONIO_FONTES880__VILA_MIAMI_03255-000", "LMAPS": "https://www.google.com/maps?q=&layer=c&cbll=-23.6037365,-46.5272723", "O_QUE_FAZER": "FINALIZADO", "ER_REGIAO_CIDADE_min": "São Paulo_São Lucas" }, "geometry": { "type": "Point", "coordinates": [ -46.5272723, -23.6037365 ] } },
{ "type": "Feature", "properties": { "fid": 176017, "CNPJ": "33615043000130", "IDCIDADE": "SAO_PAULO", "NOMEFANTASIA": "ALAN_GONCALVES", "RAZAOSOCIAL": "ALAN_GONCALVES_DE_SOUZA_REPRESENTACOES", "ENDEE": "RUA_TUPIXAS48__VILA_IVONE_03275-040", "LMAPS": "https://www.google.com/maps?q=&layer=c&cbll=-23.5799367,-46.5514587", "O_QUE_FAZER": "CARTEIRA", "ER_REGIAO_CIDADE_min": "São Paulo_São Lucas" }, "geometry": { "type": "Point", "coordinates": [ -46.5514587, -23.5799367 ] } },
{ "type": "Feature", "properties": { "fid": 177392, "CNPJ": "33872932000183", "IDCIDADE": "SAO_PAULO", "NOMEFANTASIA": "QUINTOS_BAT", "RAZAOSOCIAL": "ADEGA_GEMEOS_LTDA", "ENDEE": "RUA_SILVIO_BRANT_CORREIA313__VILA_EMA_03279-170", "LMAPS": "https://www.google.com/maps?q=&layer=c&cbll=-23.5810933,-46.556065", "O_QUE_FAZER": "CARTEIRA", "ER_REGIAO_CIDADE_min": "São Paulo_São Lucas" }, "geometry": { "type": "Point", "coordinates": [ -46.556065, -23.5810933 ] } },
{ "type": "Feature", "properties": { "fid": 178595, "CNPJ": "34111578000137", "IDCIDADE": "SAO_PAULO", "NOMEFANTASIA": "34.111.578_ANDRE_LUIZ_FERNANDES", "RAZAOSOCIAL": "34.111.578_ANDRE_LUIZ_FERNANDES", "ENDEE": "AVENIDA_DO_ORATORIO6566__JARDIM_ANGELA_03220-300", "LMAPS": "https://www.google.com/maps?q=&layer=c&cbll=-23.6134165,-46.5237921", "O_QUE_FAZER": "FINALIZADO", "ER_REGIAO_CIDADE_min": "São Paulo_São Lucas" }, "geometry": { "type": "Point", "coordinates": [ -46.5237921, -23.6134165 ] } },
{ "type": "Feature", "properties": { "fid": 179089, "CNPJ": "34226747000184", "IDCIDADE": "SAO_PAULO", "NOMEFANTASIA": "LIH_MODAS", "RAZAOSOCIAL": "LIH_MODAS_LTDA", "ENDEE": "AVENIDA_SAO_LUCAS138__PARQUE_SAO_LUCAS_03239-000", "LMAPS": "https://www.google.com/maps?q=&layer=c&cbll=-23.594086,-46.5470746", "O_QUE_FAZER": "CARTEIRA", "ER_REGIAO_CIDADE_min": "São Paulo_São Lucas" }, "geometry": { "type": "Point", "coordinates": [ -46.5470746, -23.594086 ] } },
{ "type": "Feature", "properties": { "fid": 179780, "CNPJ": "34351990000124", "IDCIDADE": "SAO_PAULO", "NOMEFANTASIA": "CONSTRUFENIX", "RAZAOSOCIAL": "PATRICIA_M._CASTANHEIRA_AMADOR", "ENDEE": "AVENIDA_VILA_EMA2025__VILA_EMA_03282-000", "LMAPS": "https://www.google.com/maps?q=&layer=c&cbll=-23.5808883,-46.5571479", "O_QUE_FAZER": "CARTEIRA", "ER_REGIAO_CIDADE_min": "São Paulo_São Lucas" }, "geometry": { "type": "Point", "coordinates": [ -46.5571479, -23.5808883 ] } },
{ "type": "Feature", "properties": { "fid": 180582, "CNPJ": "34504799000175", "IDCIDADE": "SAO_PAULO", "NOMEFANTASIA": "MARCOS_VINICIUS_BRASILEIRO", "RAZAOSOCIAL": "VINNY_CELL", "ENDEE": "AVENIDA_MORAIS_COSTA339__VILA_INDUSTRIAL_03253-000", "LMAPS": "https://www.google.com/maps?q=&layer=c&cbll=-23.6059585,-46.5306023", "O_QUE_FAZER": "FINALIZADO", "ER_REGIAO_CIDADE_min": "São Paulo_São Lucas" }, "geometry": { "type": "Point", "coordinates": [ -46.5306023, -23.6059585 ] } },
{ "type": "Feature", "properties": { "fid": 180942, "CNPJ": "34577448000194", "IDCIDADE": "SAO_PAULO", "NOMEFANTASIA": "E_M_DE_SOUSA", "RAZAOSOCIAL": "PAULISTA_MOTORES", "ENDEE": "RUA_HERWIS58__VILA_EMA_03279-000", "LMAPS": "https://www.google.com/maps?q=&layer=c&cbll=-23.5804849,-46.5401664", "O_QUE_FAZER": "FINALIZADO", "ER_REGIAO_CIDADE_min": "São Paulo_São Lucas" }, "geometry": { "type": "Point", "coordinates": [ -46.5401664, -23.5804849 ] } },
{ "type": "Feature", "properties": { "fid": 181039, "CNPJ": "34597266000185", "IDCIDADE": "SAO PAULO", "NOMEFANTASIA": "AUTO_FAM", "RAZAOSOCIAL": "AUTO_FAM", "ENDEE": "SIMÃO PEREIRA DE SÁ_173_PARQUE SÃO LUCAS_SÃO PAULO_03263-070", "LMAPS": "https://www.google.com/maps?q=&layer=c&cbll=-23.5859867,-46.5472853", "O_QUE_FAZER": "APLICAR M2", "ER_REGIAO_CIDADE_min": "São Paulo_São Lucas" }, "geometry": { "type": "Point", "coordinates": [ -46.5472853, -23.5859867 ] } },
{ "type": "Feature", "properties": { "fid": 181165, "CNPJ": "34624498000185", "IDCIDADE": "SAO_PAULO", "NOMEFANTASIA": "LIMA_UTI,I", "RAZAOSOCIAL": "LIMA_UTILIDADES_DOMESTICAS_LTDA", "ENDEE": "RUA_ANA_CLARA493__VILA_MENDES_03257-000", "LMAPS": "https://www.google.com/maps?q=&layer=c&cbll=-23.61148,-46.5287592", "O_QUE_FAZER": "CARTEIRA", "ER_REGIAO_CIDADE_min": "São Paulo_São Lucas" }, "geometry": { "type": "Point", "coordinates": [ -46.5287592, -23.61148 ] } },
{ "type": "Feature", "properties": { "fid": 181262, "CNPJ": "34642247000123", "IDCIDADE": "SAO_PAULO", "NOMEFANTASIA": "MINI_PADARIA_NOVA_RAINHA_DA_VILA_EMA_LTDA", "RAZAOSOCIAL": "PANIFICADORA_RAINHA_DO_VILA_EMA", "ENDEE": "RUA_JUIZ_DE_FORA34__VILA_EMA_03286-000", "LMAPS": "https://www.google.com/maps?q=&layer=c&cbll=-23.5882953,-46.5325321", "O_QUE_FAZER": "FINALIZADO", "ER_REGIAO_CIDADE_min": "São Paulo_São Lucas" }, "geometry": { "type": "Point", "coordinates": [ -46.5325321, -23.5882953 ] } },
{ "type": "Feature", "properties": { "fid": 181602, "CNPJ": "34708269000149", "IDCIDADE": "SAO_PAULO", "NOMEFANTASIA": "CLINICA_VETERINARIA_VITA_ANIMALE", "RAZAOSOCIAL": "MONICA_MARTINS_MEDEIROS_PINTO", "ENDEE": "RUA_FRANCISCO_JOSE_DA_CRUZ46__VILA_EMA_03283-010", "LMAPS": "https://www.google.com/maps?q=&layer=c&cbll=-23.5902238,-46.5388208", "O_QUE_FAZER": "CARTEIRA", "ER_REGIAO_CIDADE_min": "São Paulo_São Lucas" }, "geometry": { "type": "Point", "coordinates": [ -46.5388208, -23.5902238 ] } },
{ "type": "Feature", "properties": { "fid": 181643, "CNPJ": "34717003000162", "IDCIDADE": "SAO PAULO", "NOMEFANTASIA": null, "RAZAOSOCIAL": "AMELIA_SILVANA_FERREIRA_ARANTES_05504676886", "ENDEE": "RUA ELISIO MEDRADO, 202, JARDIM INDEPENDENCIA, 03222-040, SÃO PAULO, SP, BRASIL", "LMAPS": "https://www.google.com/maps?q=&layer=c&cbll=-23.5866704,-46.5575981", "O_QUE_FAZER": "CARTEIRA - FAMPE", "ER_REGIAO_CIDADE_min": "São Paulo_São Lucas" }, "geometry": { "type": "Point", "coordinates": [ -46.5575981, -23.5866704 ] } },
{ "type": "Feature", "properties": { "fid": 182324, "CNPJ": "34840434000111", "IDCIDADE": "SAO_PAULO", "NOMEFANTASIA": "LUANDA_CRISTINA_ALVES_SILVA_PAIVA", "RAZAOSOCIAL": "ENCOMENDA_SABOR", "ENDEE": "RUA_MIGUEL_FERRAZ_DA_TRINDADE5463__PARQUE_TOMAS_SARAIVA_03280-090", "LMAPS": "https://www.google.com/maps?q=&layer=c&cbll=-23.5812866,-46.5382716", "O_QUE_FAZER": "FINALIZADO", "ER_REGIAO_CIDADE_min": "São Paulo_São Lucas" }, "geometry": { "type": "Point", "coordinates": [ -46.5382716, -23.5812866 ] } },
{ "type": "Feature", "properties": { "fid": 182685, "CNPJ": "34916183000101", "IDCIDADE": "SAO PAULO", "NOMEFANTASIA": "JPGOMEZ", "RAZAOSOCIAL": "JPGOMEZ_SERVICOS_DE_CONSTRUCAO_CIVIL_E_EDIFICACOES_LTDA", "ENDEE": "RUA ROQUE BARBOSA LIMA, 270, CASA 4, VILA PAULO SILAS, 03264-040, SÃO PAULO, SP, BRASIL", "LMAPS": "https://www.google.com/maps?q=&layer=c&cbll=-23.5899408,-46.5449357", "O_QUE_FAZER": "CARTEIRA - FAMPE", "ER_REGIAO_CIDADE_min": "São Paulo_São Lucas" }, "geometry": { "type": "Point", "coordinates": [ -46.5449357, -23.5899408 ] } },
{ "type": "Feature", "properties": { "fid": 182937, "CNPJ": "34969408000198", "IDCIDADE": "SAO_PAULO", "NOMEFANTASIA": "P.M_PARK_ESTACIONAMENTO", "RAZAOSOCIAL": "P.M._PARK_ESTACIONAMENTO_LTDA", "ENDEE": "RUA_CURUAES203__VILA_EMA_03283-080", "LMAPS": "https://www.google.com/maps?q=&layer=c&cbll=-23.5908982,-46.5401483", "O_QUE_FAZER": "CARTEIRA", "ER_REGIAO_CIDADE_min": "São Paulo_São Lucas" }, "geometry": { "type": "Point", "coordinates": [ -46.5401483, -23.5908982 ] } },
{ "type": "Feature", "properties": { "fid": 183029, "CNPJ": "34986392000121", "IDCIDADE": "SAO_PAULO", "NOMEFANTASIA": "JAPAN_COMERCIO_DE_BRINQUEDOS_E_PLAYGROUNDS_LTDA", "RAZAOSOCIAL": "JAPAN_BRINQUEDOS", "ENDEE": "AVENIDA_DO_ORATORIO4843__VILA_INDUSTRIAL_03254-190", "LMAPS": "https://www.google.com/maps?q=&layer=c&cbll=-23.6027268,-46.5279775", "O_QUE_FAZER": "FINALIZADO", "ER_REGIAO_CIDADE_min": "São Paulo_São Lucas" }, "geometry": { "type": "Point", "coordinates": [ -46.5279775, -23.6027268 ] } },
{ "type": "Feature", "properties": { "fid": 183215, "CNPJ": "35019260000193", "IDCIDADE": "SAO_PAULO", "NOMEFANTASIA": "FRIGO_CENTER_CARNES_INDEPENDENCIA", "RAZAOSOCIAL": "R._E._NERIS_COMERCIO_DE_CARNES_LTDA", "ENDEE": "RUA_IELMO_MARINHO861__PARQUE_INDEPENDENCIA_03236-030", "LMAPS": "https://www.google.com/maps?q=&layer=c&cbll=-23.5992841,-46.5484105", "O_QUE_FAZER": "CARTEIRA", "ER_REGIAO_CIDADE_min": "São Paulo_São Lucas" }, "geometry": { "type": "Point", "coordinates": [ -46.5484105, -23.5992841 ] } },
{ "type": "Feature", "properties": { "fid": 183359, "CNPJ": "35047416000140", "IDCIDADE": "SAO_PAULO", "NOMEFANTASIA": "ERIKA_ROCHA_VEDOVATTI", "RAZAOSOCIAL": "TORRE_HOUSE", "ENDEE": "AVENIDA_SAPOPEMBA4356__SAPOPEMBA_03374-000", "LMAPS": "https://www.google.com/maps?q=&layer=c&cbll=-23.5776843,-46.5480958", "O_QUE_FAZER": "FINALIZADO", "ER_REGIAO_CIDADE_min": "São Paulo_São Lucas" }, "geometry": { "type": "Point", "coordinates": [ -46.5480958, -23.5776843 ] } },
{ "type": "Feature", "properties": { "fid": 183486, "CNPJ": "35071899000118", "IDCIDADE": "SAO_PAULO", "NOMEFANTASIA": "CONFORTO_DE_CASA", "RAZAOSOCIAL": "WM_DESIGN_COMERCIO_DE_MOVEIS_LTDA", "ENDEE": "AVENIDA_DO_ORATORIO3013__PARQUE_SAO_LUCAS_03221-200", "LMAPS": "https://www.google.com/maps?q=&layer=c&cbll=-23.5961055,-46.5423998", "O_QUE_FAZER": "CARTEIRA", "ER_REGIAO_CIDADE_min": "São Paulo_São Lucas" }, "geometry": { "type": "Point", "coordinates": [ -46.5423998, -23.5961055 ] } },
{ "type": "Feature", "properties": { "fid": 183719, "CNPJ": "35121348000111", "IDCIDADE": "SAO_PAULO", "NOMEFANTASIA": "ARTZ_GRAN", "RAZAOSOCIAL": "ARTIZ_GRAN_MARMORES_E_GRANITOS_LTDA", "ENDEE": "AVENIDA_DO_ORATORIO3726__JARDIM_GUAIRACA_03195-000", "LMAPS": "https://www.google.com/maps?q=&layer=c&cbll=-23.6001981,-46.5372789", "O_QUE_FAZER": "CARTEIRA", "ER_REGIAO_CIDADE_min": "São Paulo_São Lucas" }, "geometry": { "type": "Point", "coordinates": [ -46.5372789, -23.6001981 ] } },
{ "type": "Feature", "properties": { "fid": 183755, "CNPJ": "35130694000166", "IDCIDADE": "SAO_PAULO", "NOMEFANTASIA": "ORIENTAL_IMPORTS", "RAZAOSOCIAL": "ORIENTAL_IMPORTS", "ENDEE": "RUA_HERWIS__916_03279-000", "LMAPS": "https://www.google.com/maps?q=&layer=c&cbll=-23.5875411,-46.5434686", "O_QUE_FAZER": "FINALIZADO", "ER_REGIAO_CIDADE_min": "São Paulo_São Lucas" }, "geometry": { "type": "Point", "coordinates": [ -46.5434686, -23.5875411 ] } },
{ "type": "Feature", "properties": { "fid": 184064, "CNPJ": "35192480000114", "IDCIDADE": "SAO_PAULO", "NOMEFANTASIA": "FUTUKINHAS", "RAZAOSOCIAL": "FUTUKINHAS_MODA_BABY_E_KIDS_LTDA", "ENDEE": "AVENIDA_DO_ORATORIO2396__PARQUE_SAO_LUCAS_03195-000", "LMAPS": "https://www.google.com/maps?q=&layer=c&cbll=-23.5929529,-46.5463231", "O_QUE_FAZER": "CARTEIRA", "ER_REGIAO_CIDADE_min": "São Paulo_São Lucas" }, "geometry": { "type": "Point", "coordinates": [ -46.5463231, -23.5929529 ] } },
{ "type": "Feature", "properties": { "fid": 184167, "CNPJ": "35216851000150", "IDCIDADE": "SAO_PAULO", "NOMEFANTASIA": "PET_SHOP_VET_POPULAR_VILA_GUARANI_LTDA", "RAZAOSOCIAL": "VET_POPULAR", "ENDEE": "AVENIDA_SAPOPEMBA5698__SAPOPEMBA_03374-001", "LMAPS": "https://www.google.com/maps?q=&layer=c&cbll=-23.5822353,-46.5362205", "O_QUE_FAZER": "FINALIZADO", "ER_REGIAO_CIDADE_min": "São Paulo_São Lucas" }, "geometry": { "type": "Point", "coordinates": [ -46.5362205, -23.5822353 ] } },
{ "type": "Feature", "properties": { "fid": 184240, "CNPJ": "35239354000178", "IDCIDADE": "SAO_PAULO", "NOMEFANTASIA": "ALESSIA_PIZZARIA", "RAZAOSOCIAL": "ALESSIA_PIZZARIA_ESFIHARIA_E_FORNERIA_LTDA", "ENDEE": "RUA_VALTER_NAZARENO_GIOVANETTI234__VILA_PRUDENTE_03220-010", "LMAPS": "https://www.google.com/maps?q=&layer=c&cbll=-23.5901834,-46.5522062", "O_QUE_FAZER": "CARTEIRA", "ER_REGIAO_CIDADE_min": "São Paulo_São Lucas" }, "geometry": { "type": "Point", "coordinates": [ -46.5522062, -23.5901834 ] } },
{ "type": "Feature", "properties": { "fid": 184347, "CNPJ": "35267980000178", "IDCIDADE": "SAO PAULO", "NOMEFANTASIA": "-", "RAZAOSOCIAL": "35.267.980_MARIA_IVANCILDA_LEITE_DE_FONTES", "ENDEE": "RUA SOLIDONIO LEITE, 2718, BLOCO 05, APTO 152, VILA IVONE, 03275-000, SÃO PAULO, SP, BRASIL", "LMAPS": "https://www.google.com/maps?q=&layer=c&cbll=-23.5884591,-46.5334131", "O_QUE_FAZER": "CARTEIRA - FAMPE", "ER_REGIAO_CIDADE_min": "São Paulo_São Lucas" }, "geometry": { "type": "Point", "coordinates": [ -46.5334131, -23.5884591 ] } },
{ "type": "Feature", "properties": { "fid": 184531, "CNPJ": "35315422000130", "IDCIDADE": "SAO_PAULO", "NOMEFANTASIA": "RUGONI_CELULARES_LTDA", "RAZAOSOCIAL": "RUGONI_CELULARES", "ENDEE": "AVENIDA_DO_ORATORIO4253__JARDIM_GUAIRACA_03221-200", "LMAPS": "https://www.google.com/maps?q=&layer=c&cbll=-23.6014132,-46.5332221", "O_QUE_FAZER": "FINALIZADO", "ER_REGIAO_CIDADE_min": "São Paulo_São Lucas" }, "geometry": { "type": "Point", "coordinates": [ -46.5332221, -23.6014132 ] } },
{ "type": "Feature", "properties": { "fid": 184753, "CNPJ": "35379311000198", "IDCIDADE": "SAO_PAULO", "NOMEFANTASIA": "CAIO_GABRIEL_CONSTRUCAO", "RAZAOSOCIAL": "CAIO_GABRIEL_PEREIRA_DE_SOUSA_-_CONSTRUCAO", "ENDEE": "RUA_ANA_CLARA419__VILA_MENDES_03257-000", "LMAPS": "https://www.google.com/maps?q=&layer=c&cbll=-23.6111982,-46.5293494", "O_QUE_FAZER": "CARTEIRA", "ER_REGIAO_CIDADE_min": "São Paulo_São Lucas" }, "geometry": { "type": "Point", "coordinates": [ -46.5293494, -23.6111982 ] } },
{ "type": "Feature", "properties": { "fid": 184927, "CNPJ": "35418071000193", "IDCIDADE": "SAO_PAULO", "NOMEFANTASIA": "SALGADOS_5_ESTRELAS", "RAZAOSOCIAL": "SALGATERIA_5_ESTRELAS_LTDA", "ENDEE": "AVENIDA_DO_ORATORIO4852__JARDIM_GUAIRACA_03195-000", "LMAPS": "https://www.google.com/maps?q=&layer=c&cbll=-23.6030535,-46.5279602", "O_QUE_FAZER": "CARTEIRA", "ER_REGIAO_CIDADE_min": "São Paulo_São Lucas" }, "geometry": { "type": "Point", "coordinates": [ -46.5279602, -23.6030535 ] } },
{ "type": "Feature", "properties": { "fid": 184939, "CNPJ": "35420859000134", "IDCIDADE": "SAO_PAULO", "NOMEFANTASIA": "OTICA_SUN_VISION", "RAZAOSOCIAL": "OTICAS_SLEEK_LOOK_LTDA", "ENDEE": "AVENIDA_DO_ORATORIO2101__PARQUE_SAO_LUCAS_03221-100", "LMAPS": "https://www.google.com/maps?q=&layer=c&cbll=-23.59506,-46.5469683", "O_QUE_FAZER": "CARTEIRA", "ER_REGIAO_CIDADE_min": "São Paulo_São Lucas" }, "geometry": { "type": "Point", "coordinates": [ -46.5469683, -23.59506 ] } },
{ "type": "Feature", "properties": { "fid": 185349, "CNPJ": "35506965000135", "IDCIDADE": "SAO_PAULO", "NOMEFANTASIA": "PALACIO_DOS_PETS", "RAZAOSOCIAL": "PALACIO_DOS_PETS_LTDA", "ENDEE": "RUA_SOLIDONIO_LEITE2356__VILA_IVONE_03275-000", "LMAPS": "https://www.google.com/maps?q=&layer=c&cbll=-23.58595,-46.536395", "O_QUE_FAZER": "CARTEIRA", "ER_REGIAO_CIDADE_min": "São Paulo_São Lucas" }, "geometry": { "type": "Point", "coordinates": [ -46.536395, -23.58595 ] } },
{ "type": "Feature", "properties": { "fid": 185573, "CNPJ": "35557787000171", "IDCIDADE": "SAO_PAULO", "NOMEFANTASIA": "RIVAS_BAR", "RAZAOSOCIAL": "RIVAS_BAR_E_LANCHES_LTDA", "ENDEE": "RUA_DOUTOR_CAMILO_HADDAD221__VILA_DOS_MINERIOS_03266-000", "LMAPS": "https://www.google.com/maps?q=&layer=c&cbll=-23.5961217,-46.5389468", "O_QUE_FAZER": "CARTEIRA", "ER_REGIAO_CIDADE_min": "São Paulo_São Lucas" }, "geometry": { "type": "Point", "coordinates": [ -46.5389468, -23.5961217 ] } },
{ "type": "Feature", "properties": { "fid": 185584, "CNPJ": "35561012000170", "IDCIDADE": "SAO PAULO", "NOMEFANTASIA": "Ingressos_e_Passeios", "RAZAOSOCIAL": "INGRESSOS,_PASSEIOS_E_INTERMEDIACAO_DE_SERVICOS_E_NEGOCIOS_LTDA", "ENDEE": "AVENIDA VILA EMA, 2180, EDIF A APT 512, VILA EMA, 03282-000, SÃO PAULO, SP, BRASIL", "LMAPS": "https://www.google.com/maps?q=&layer=c&cbll=-23.5813436,-46.5550385", "O_QUE_FAZER": "CARTEIRA - FAMPE", "ER_REGIAO_CIDADE_min": "São Paulo_São Lucas" }, "geometry": { "type": "Point", "coordinates": [ -46.5550385, -23.5813436 ] } },
{ "type": "Feature", "properties": { "fid": 185886, "CNPJ": "35629423000150", "IDCIDADE": "SAO_PAULO", "NOMEFANTASIA": "DANIELA_COELHO_BRITO_31516507835", "RAZAOSOCIAL": "DANIELA_COELHO_BRITO_FEMININO_BRITO", "ENDEE": "RUA_TAUFIK_KURBAN74__VILA_EMA_03277-080", "LMAPS": "https://www.google.com/maps?q=&layer=c&cbll=-23.5824823,-46.5488522", "O_QUE_FAZER": "FINALIZADO", "ER_REGIAO_CIDADE_min": "São Paulo_São Lucas" }, "geometry": { "type": "Point", "coordinates": [ -46.5488522, -23.5824823 ] } },
{ "type": "Feature", "properties": { "fid": 186131, "CNPJ": "35674990000128", "IDCIDADE": "SAO_PAULO", "NOMEFANTASIA": "DIDI_SERVICES", "RAZAOSOCIAL": "WHATS_CAR_INTERMEDIACAO_E_COMERCIO_DE_VEICULOS_LTDA", "ENDEE": "AVENIDA_PROFESSOR_LUIZ_IGNACIO_ANHAIA_MELLO4396__JARDIM_INDEPENDENCIA_03294-100", "LMAPS": "https://www.google.com/maps?q=&layer=c&cbll=-23.5836368,-46.5516898", "O_QUE_FAZER": "CARTEIRA", "ER_REGIAO_CIDADE_min": "São Paulo_São Lucas" }, "geometry": { "type": "Point", "coordinates": [ -46.5516898, -23.5836368 ] } },
{ "type": "Feature", "properties": { "fid": 186334, "CNPJ": "35715902000199", "IDCIDADE": "SAO_PAULO", "NOMEFANTASIA": "TECNOART_METAL_SOCIEDADE_LTDA", "RAZAOSOCIAL": "TECNOART_METAL", "ENDEE": "AVENIDA_DO_ORATORIO3636__JARDIM_GUAIRACA_03220-200", "LMAPS": "https://www.google.com/maps?q=&layer=c&cbll=-23.5995503,-46.5380357", "O_QUE_FAZER": "FINALIZADO", "ER_REGIAO_CIDADE_min": "São Paulo_São Lucas" }, "geometry": { "type": "Point", "coordinates": [ -46.5380357, -23.5995503 ] } },
{ "type": "Feature", "properties": { "fid": 186438, "CNPJ": "35735111000120", "IDCIDADE": "SAO_PAULO", "NOMEFANTASIA": "MILK_SHAKE_MIX", "RAZAOSOCIAL": "MILK_SHAKE_MIX", "ENDEE": "AVENIDA_PROFESSOR_LUIZ_IGNACIO_ANHAIA_MELLO__5441_03155-100", "LMAPS": "https://www.google.com/maps?q=&layer=c&cbll=-23.5892885,-46.5437064", "O_QUE_FAZER": "FINALIZADO", "ER_REGIAO_CIDADE_min": "São Paulo_São Lucas" }, "geometry": { "type": "Point", "coordinates": [ -46.5437064, -23.5892885 ] } },
{ "type": "Feature", "properties": { "fid": 186570, "CNPJ": "35757360000117", "IDCIDADE": "SAO_PAULO", "NOMEFANTASIA": "MAX_MOTORS", "RAZAOSOCIAL": "MAX_MOTORS_COMERCIO_DE_VEICULOS_LTDA", "ENDEE": "AVENIDA_PROFESSOR_LUIZ_IGNACIO_ANHAIA_MELLO4321__VILA_GRACIOSA_03295-000", "LMAPS": "https://www.google.com/maps?q=&layer=c&cbll=-23.582938,-46.5521046", "O_QUE_FAZER": "CARTEIRA", "ER_REGIAO_CIDADE_min": "São Paulo_São Lucas" }, "geometry": { "type": "Point", "coordinates": [ -46.5521046, -23.582938 ] } },
{ "type": "Feature", "properties": { "fid": 186631, "CNPJ": "35773211000141", "IDCIDADE": "SAO_PAULO", "NOMEFANTASIA": "PRACA_AUTOMOVEIS", "RAZAOSOCIAL": "CVV_PRACA_AUTOMOVEIS_LTDA", "ENDEE": "AVENIDA_PROFESSOR_LUIZ_IGNACIO_ANHAIA_MELLO5088__JARDIM_INDEPENDENCIA_03265-000", "LMAPS": "https://www.google.com/maps?q=&layer=c&cbll=-23.5872522,-46.5465586", "O_QUE_FAZER": "CARTEIRA", "ER_REGIAO_CIDADE_min": "São Paulo_São Lucas" }, "geometry": { "type": "Point", "coordinates": [ -46.5465586, -23.5872522 ] } },
{ "type": "Feature", "properties": { "fid": 187096, "CNPJ": "35852758000132", "IDCIDADE": "SAO PAULO", "NOMEFANTASIA": "GSD_Saude", "RAZAOSOCIAL": "GSD_GESTAO_EM_SAUDE_DOMICILIAR_LTDA", "ENDEE": "RUA FRANCISCO FETT, 543, SALA 03, VILA PAULO SILAS, 03264-000, SÃO PAULO, SP, BRASIL", "LMAPS": "https://www.google.com/maps?q=&layer=c&cbll=-23.5925657,-46.5459511", "O_QUE_FAZER": "APLICAR T4", "ER_REGIAO_CIDADE_min": "São Paulo_São Lucas" }, "geometry": { "type": "Point", "coordinates": [ -46.5459511, -23.5925657 ] } },
{ "type": "Feature", "properties": { "fid": 187321, "CNPJ": "35917730000136", "IDCIDADE": "SAO PAULO", "NOMEFANTASIA": "LIFE_L_COMERCIO", "RAZAOSOCIAL": "LIFE_L_MAGAZINE_LTDA", "ENDEE": "RUA MANOEL VIANA, 33, VILA EMA, 03282-035, SÃO PAULO, SP, BRASIL", "LMAPS": "https://www.google.com/maps?q=&layer=c&cbll=-23.5825986,-46.5520247", "O_QUE_FAZER": "CARTEIRA - FAMPE", "ER_REGIAO_CIDADE_min": "São Paulo_São Lucas" }, "geometry": { "type": "Point", "coordinates": [ -46.5520247, -23.5825986 ] } },
{ "type": "Feature", "properties": { "fid": 187961, "CNPJ": "36077797000172", "IDCIDADE": "SAO PAULO", "NOMEFANTASIA": null, "RAZAOSOCIAL": "COBRECOR_INDUSTRIA_E_COMERCIO_DE_ARTEFATOS_PLASTICOS_E_DERIVADOS_LTDA_FALIDO", "ENDEE": "RUA SECUNDINO DOMINGUES, 396, LETRA A, JARDIM INDEPENDENCIA, 03223-110, SÃO PAULO, SP, BRASIL", "LMAPS": "https://www.google.com/maps?q=&layer=c&cbll=-23.5906106,-46.5579874", "O_QUE_FAZER": "CARTEIRA - FAMPE", "ER_REGIAO_CIDADE_min": "São Paulo_São Lucas" }, "geometry": { "type": "Point", "coordinates": [ -46.5579874, -23.5906106 ] } },
{ "type": "Feature", "properties": { "fid": 188085, "CNPJ": "36102393000191", "IDCIDADE": "SAO_PAULO", "NOMEFANTASIA": "WASHINGTON_PEREIRA_VELOSO_38084738860", "RAZAOSOCIAL": "2W_PNEUS_RODAS", "ENDEE": "AVENIDA_MORAIS_COSTA665__VILA_INDUSTRIAL_03253-000", "LMAPS": "https://www.google.com/maps?q=&layer=c&cbll=-23.6083866,-46.5321892", "O_QUE_FAZER": "FINALIZADO", "ER_REGIAO_CIDADE_min": "São Paulo_São Lucas" }, "geometry": { "type": "Point", "coordinates": [ -46.5321892, -23.6083866 ] } },
{ "type": "Feature", "properties": { "fid": 188384, "CNPJ": "36163028000197", "IDCIDADE": "SAO_PAULO", "NOMEFANTASIA": "NINO_MINI_MERCADO", "RAZAOSOCIAL": "MINI_HORA_CERTA_MINIMERCADO_LTDA", "ENDEE": "AVENIDA_VILA_EMA2733__VILA_EMA_03156-000", "LMAPS": "https://www.google.com/maps?q=&layer=c&cbll=-23.5826626,-46.5504545", "O_QUE_FAZER": "CARTEIRA", "ER_REGIAO_CIDADE_min": "São Paulo_São Lucas" }, "geometry": { "type": "Point", "coordinates": [ -46.5504545, -23.5826626 ] } },
{ "type": "Feature", "properties": { "fid": 188472, "CNPJ": "36181638000113", "IDCIDADE": "SAO_PAULO", "NOMEFANTASIA": "S27_MOTORS", "RAZAOSOCIAL": "S27_MOTORS", "ENDEE": "RUA_FRANCISCO_FETT__74_03264-000", "LMAPS": "https://www.google.com/maps?q=&layer=c&cbll=-23.5887514,-46.544037", "O_QUE_FAZER": "FINALIZADO", "ER_REGIAO_CIDADE_min": "São Paulo_São Lucas" }, "geometry": { "type": "Point", "coordinates": [ -46.544037, -23.5887514 ] } },
{ "type": "Feature", "properties": { "fid": 188752, "CNPJ": "36240342000126", "IDCIDADE": "SAO_PAULO", "NOMEFANTASIA": "OFICINA_MECANICA_ORIAS", "RAZAOSOCIAL": "OFICINA_MECANICA_ORIAS", "ENDEE": "RUA_FRANCISCO_FETT__54_03264-000", "LMAPS": "https://www.google.com/maps?q=&layer=c&cbll=-23.5885379,-46.5439663", "O_QUE_FAZER": "FINALIZADO", "ER_REGIAO_CIDADE_min": "São Paulo_São Lucas" }, "geometry": { "type": "Point", "coordinates": [ -46.5439663, -23.5885379 ] } },
{ "type": "Feature", "properties": { "fid": 188858, "CNPJ": "36263491000100", "IDCIDADE": "SAO_PAULO", "NOMEFANTASIA": "PH_DECORACAO", "RAZAOSOCIAL": "PH_DECORACAO", "ENDEE": "AVENIDA_EMA__2610_03282-000", "LMAPS": "https://www.google.com/maps?q=&layer=c&cbll=-23.5828701,-46.5493848", "O_QUE_FAZER": "FINALIZADO", "ER_REGIAO_CIDADE_min": "São Paulo_São Lucas" }, "geometry": { "type": "Point", "coordinates": [ -46.5493848, -23.5828701 ] } },
{ "type": "Feature", "properties": { "fid": 188868, "CNPJ": "36265055000170", "IDCIDADE": "SAO_PAULO", "NOMEFANTASIA": "WELLYTANIA_DE_LIRA_PUPO_ALVES_LTDA", "RAZAOSOCIAL": "LT_VERDURAS", "ENDEE": "RUA_BENEDITO_BERNARDES248__CHACARA_BELENZINHO_03278-060", "LMAPS": "https://www.google.com/maps?q=&layer=c&cbll=-23.5791303,-46.542467", "O_QUE_FAZER": "FINALIZADO", "ER_REGIAO_CIDADE_min": "São Paulo_São Lucas" }, "geometry": { "type": "Point", "coordinates": [ -46.542467, -23.5791303 ] } },
{ "type": "Feature", "properties": { "fid": 189148, "CNPJ": "36330468000191", "IDCIDADE": "SAO_PAULO", "NOMEFANTASIA": "LANCHONETE_E_RESTAURANTE_ESTRELA_DO_ORATORIO_LTDA", "RAZAOSOCIAL": "LANCHONETE_E_RESTAURANTE_FLOR_DO_ORATORIO", "ENDEE": "AVENIDA_DO_ORATORIO1931__MOOCA_03116-000", "LMAPS": "https://www.google.com/maps?q=&layer=c&cbll=-23.5911621,-46.5504202", "O_QUE_FAZER": "FINALIZADO", "ER_REGIAO_CIDADE_min": "São Paulo_São Lucas" }, "geometry": { "type": "Point", "coordinates": [ -46.5504202, -23.5911621 ] } },
{ "type": "Feature", "properties": { "fid": 189157, "CNPJ": "36331419000173", "IDCIDADE": "SAO PAULO", "NOMEFANTASIA": "-", "RAZAOSOCIAL": "36.331.419_MEIRE_SILVIA_DE_SOUZA_MELO", "ENDEE": "RUA LISA ANSORGE, 283, JARDIM GUAIRACA, 03244-060, SÃO PAULO, SP, BRASIL", "LMAPS": "https://www.google.com/maps?q=&layer=c&cbll=-23.602866,-46.5382784", "O_QUE_FAZER": "CARTEIRA - FAMPE", "ER_REGIAO_CIDADE_min": "São Paulo_São Lucas" }, "geometry": { "type": "Point", "coordinates": [ -46.5382784, -23.602866 ] } },
{ "type": "Feature", "properties": { "fid": 189183, "CNPJ": "36334826000134", "IDCIDADE": "SAO_PAULO", "NOMEFANTASIA": "GP_MOTORS", "RAZAOSOCIAL": "CDGG_COMERCIO_DE_VEICULOS_LTDA", "ENDEE": "AVENIDA_PROFESSOR_LUIZ_IGNACIO_ANHAIA_MELLO5530__JARDIM_INDEPENDENCIA_03294-100", "LMAPS": "https://www.google.com/maps?q=&layer=c&cbll=-23.5905825,-46.5435776", "O_QUE_FAZER": "APLICAR M2", "ER_REGIAO_CIDADE_min": "São Paulo_São Lucas" }, "geometry": { "type": "Point", "coordinates": [ -46.5435776, -23.5905825 ] } },
{ "type": "Feature", "properties": { "fid": 189281, "CNPJ": "36352884000190", "IDCIDADE": "SAO_PAULO", "NOMEFANTASIA": "FELIPE_VIANA_DA_SILVA_40865389896", "RAZAOSOCIAL": "OLIVEIRA_GLASS", "ENDEE": "RUA_ANA_CLARA33__VILA_MENDES_03257-000", "LMAPS": "https://www.google.com/maps?q=&layer=c&cbll=-23.6097838,-46.5325968", "O_QUE_FAZER": "FINALIZADO", "ER_REGIAO_CIDADE_min": "São Paulo_São Lucas" }, "geometry": { "type": "Point", "coordinates": [ -46.5325968, -23.6097838 ] } },
{ "type": "Feature", "properties": { "fid": 189392, "CNPJ": "36375191000113", "IDCIDADE": "SAO PAULO", "NOMEFANTASIA": "DREAM_CAR", "RAZAOSOCIAL": "DREAM_CAR_BRASIL_COMERCIO_DE_VEICULOS_LTDA", "ENDEE": "PROFESSOR LUIZ IGNÁCIO ANHAIA MELLO, 5474, JARDIM INDEPENDÊNCIA, SÃO PAULO_03294-100", "LMAPS": "https://www.google.com/maps?q=&layer=c&cbll=-23.5900585,-46.544067", "O_QUE_FAZER": "FINALIZADO", "ER_REGIAO_CIDADE_min": "São Paulo_São Lucas" }, "geometry": { "type": "Point", "coordinates": [ -46.544067, -23.5900585 ] } },
{ "type": "Feature", "properties": { "fid": 189557, "CNPJ": "36409616000168", "IDCIDADE": "SAO_PAULO", "NOMEFANTASIA": "MARCOS_ROBERTO_NATALINO_19490847879", "RAZAOSOCIAL": "MARCOS_ROBERTO_NATALINO_19490847879", "ENDEE": "AVENIDA_VILA_EMA4524__VILA_EMA_03282-001", "LMAPS": "https://www.google.com/maps?q=&layer=c&cbll=-23.5937435,-46.5387601", "O_QUE_FAZER": "FINALIZADO", "ER_REGIAO_CIDADE_min": "São Paulo_São Lucas" }, "geometry": { "type": "Point", "coordinates": [ -46.5387601, -23.5937435 ] } },
{ "type": "Feature", "properties": { "fid": 189671, "CNPJ": "36434048000155", "IDCIDADE": "SAO_PAULO", "NOMEFANTASIA": "DELICIAS_DE_CHOCOLATE", "RAZAOSOCIAL": "DELICIA_DE_CHOCOLATE_COMERCIO_VAREJISTA_DE_DOCES_LTDA", "ENDEE": "AVENIDA_DO_ORATORIO4433__JARDIM_GUAIRACA_03195-000", "LMAPS": "https://www.google.com/maps?q=&layer=c&cbll=-23.6015578,-46.5313064", "O_QUE_FAZER": "CARTEIRA", "ER_REGIAO_CIDADE_min": "São Paulo_São Lucas" }, "geometry": { "type": "Point", "coordinates": [ -46.5313064, -23.6015578 ] } },
{ "type": "Feature", "properties": { "fid": 189697, "CNPJ": "36438971000165", "IDCIDADE": "SAO_PAULO", "NOMEFANTASIA": "LUAN_SOARES_CAVALCANTE_39186262882", "RAZAOSOCIAL": "LUANSOARESCAVALCANTE@GMAIL.COM", "ENDEE": "TRAVESSA_COPAIBA12__VILA_INDUSTRIAL_03251-150", "LMAPS": "https://www.google.com/maps?q=&layer=c&cbll=-23.6057652,-46.5357461", "O_QUE_FAZER": "FINALIZADO", "ER_REGIAO_CIDADE_min": "São Paulo_São Lucas" }, "geometry": { "type": "Point", "coordinates": [ -46.5357461, -23.6057652 ] } },
{ "type": "Feature", "properties": { "fid": 189725, "CNPJ": "36442798000179", "IDCIDADE": "SAO_PAULO", "NOMEFANTASIA": "CARNEIRINHOS_PET", "RAZAOSOCIAL": "CARNEIRINHOS_PET_LTDA", "ENDEE": "AVENIDA_MORAIS_COSTA799__VILA_INDUSTRIAL_03253-000", "LMAPS": "https://www.google.com/maps?q=&layer=c&cbll=-23.6095317,-46.5327847", "O_QUE_FAZER": "CARTEIRA", "ER_REGIAO_CIDADE_min": "São Paulo_São Lucas" }, "geometry": { "type": "Point", "coordinates": [ -46.5327847, -23.6095317 ] } },
{ "type": "Feature", "properties": { "fid": 190340, "CNPJ": "36566905000170", "IDCIDADE": "SAO_PAULO", "NOMEFANTASIA": "PEGORARI_COMERCIO_DE_EMBALAGENS_LTDA", "RAZAOSOCIAL": "PEGORARI_EMBALAGENS", "ENDEE": "AVENIDA_DO_ORATORIO2583__PARQUE_SAO_LUCAS_03221-100", "LMAPS": "https://www.google.com/maps?q=&layer=c&cbll=-23.5929745,-46.5447618", "O_QUE_FAZER": "FINALIZADO", "ER_REGIAO_CIDADE_min": "São Paulo_São Lucas" }, "geometry": { "type": "Point", "coordinates": [ -46.5447618, -23.5929745 ] } },
{ "type": "Feature", "properties": { "fid": 190404, "CNPJ": "36580226000156", "IDCIDADE": "SAO_PAULO", "NOMEFANTASIA": "BEATRIZ_ANDRADE_43709015880", "RAZAOSOCIAL": "PET_SHOP_VIRA_LATA", "ENDEE": "RUA_CORONEL_AUGUSTO_CELSO_DE_MOURA141__VILA_ELZE_03256-000", "LMAPS": "https://www.google.com/maps?q=&layer=c&cbll=-23.6092391,-46.5286675", "O_QUE_FAZER": "FINALIZADO", "ER_REGIAO_CIDADE_min": "São Paulo_São Lucas" }, "geometry": { "type": "Point", "coordinates": [ -46.5286675, -23.6092391 ] } },
{ "type": "Feature", "properties": { "fid": 190484, "CNPJ": "36595625000190", "IDCIDADE": "SAO_PAULO", "NOMEFANTASIA": "MARCIA_PEDROZO_PAS_06481954908", "RAZAOSOCIAL": "ATELIE_ALEMAO_PANO", "ENDEE": "RUA_PASCOAL_RANIERI_MAZZILLI233__VILA_PRUDENTE_03257-180", "LMAPS": "https://www.google.com/maps?q=&layer=c&cbll=-23.6065483,-46.5260026", "O_QUE_FAZER": "FINALIZADO", "ER_REGIAO_CIDADE_min": "São Paulo_São Lucas" }, "geometry": { "type": "Point", "coordinates": [ -46.5260026, -23.6065483 ] } },
{ "type": "Feature", "properties": { "fid": 190804, "CNPJ": "36655687000140", "IDCIDADE": "SAO_PAULO", "NOMEFANTASIA": "RN_COLCHOES", "RAZAOSOCIAL": "RICARDO_NOGUEIRA_DE_OLIVEIRA", "ENDEE": "AVENIDA_DO_ORATORIO4375__JARDIM_GUAIRACA_03195-000", "LMAPS": "https://www.google.com/maps?q=&layer=c&cbll=-23.6014998,-46.5320725", "O_QUE_FAZER": "CARTEIRA", "ER_REGIAO_CIDADE_min": "São Paulo_São Lucas" }, "geometry": { "type": "Point", "coordinates": [ -46.5320725, -23.6014998 ] } },
{ "type": "Feature", "properties": { "fid": 191413, "CNPJ": "36797848000130", "IDCIDADE": "SAO PAULO", "NOMEFANTASIA": null, "RAZAOSOCIAL": "FANIEL_MAIA_DE_OLIVEIRA_04941178505", "ENDEE": "RUA RENATO DE SALLES ABREU, 16, CIDADE CONTINENTAL, 03242-050, SÃO PAULO, SP, BRASIL", "LMAPS": "https://www.google.com/maps?q=&layer=c&cbll=-23.5978604,-46.5437671", "O_QUE_FAZER": "CARTEIRA - FAMPE", "ER_REGIAO_CIDADE_min": "São Paulo_São Lucas" }, "geometry": { "type": "Point", "coordinates": [ -46.5437671, -23.5978604 ] } },
{ "type": "Feature", "properties": { "fid": 192453, "CNPJ": "37134980000125", "IDCIDADE": "SAO PAULO", "NOMEFANTASIA": "S.P_PLACAS", "RAZAOSOCIAL": "S.P_PLACAS", "ENDEE": "PROFESSOR LUIZ IGNÁCIO ANHAIA MELLO_4908_JARDIM INDEPENDÊNCIA_SÃO PAULO_03294-100", "LMAPS": "https://www.google.com/maps?q=&layer=c&cbll=-23.5862895,-46.5476318", "O_QUE_FAZER": "FINALIZADO", "ER_REGIAO_CIDADE_min": "São Paulo_São Lucas" }, "geometry": { "type": "Point", "coordinates": [ -46.5476318, -23.5862895 ] } },
{ "type": "Feature", "properties": { "fid": 192649, "CNPJ": "37178732000186", "IDCIDADE": "SAO PAULO", "NOMEFANTASIA": null, "RAZAOSOCIAL": "CREUSA_RAMOS_MEIRELES_28437245893", "ENDEE": "RUA DANIEL MIRABELO, 131, CASA 2, VILA EMA, 03275-008, SÃO PAULO, SP, BRASIL", "LMAPS": "https://www.google.com/maps?q=&layer=c&cbll=-23.5844788,-46.5435059", "O_QUE_FAZER": "CARTEIRA - FAMPE", "ER_REGIAO_CIDADE_min": "São Paulo_São Lucas" }, "geometry": { "type": "Point", "coordinates": [ -46.5435059, -23.5844788 ] } },
{ "type": "Feature", "properties": { "fid": 193052, "CNPJ": "37287818000147", "IDCIDADE": "SAO PAULO", "NOMEFANTASIA": "IV_STORE", "RAZAOSOCIAL": "IV_STORE_COMERCIO_DE_ROUPAS_LTDA", "ENDEE": "RUA UHLAND, 716, VILA EMA, 03283-000, SÃO PAULO, SP, BRASIL", "LMAPS": "https://www.google.com/maps?q=&layer=c&cbll=-23.5910332,-46.5374081", "O_QUE_FAZER": "CARTEIRA - FAMPE", "ER_REGIAO_CIDADE_min": "São Paulo_São Lucas" }, "geometry": { "type": "Point", "coordinates": [ -46.5374081, -23.5910332 ] } },
{ "type": "Feature", "properties": { "fid": 193466, "CNPJ": "37375087000191", "IDCIDADE": "SAO_PAULO", "NOMEFANTASIA": "EVOLUCAO_GESSO", "RAZAOSOCIAL": "EVOLUCAO_GESSO_COMERCIO_E_INSTALACAO_LTDA", "ENDEE": "RUA_ANTONIO_MARQUES_JULIAO103__JARDIM_GUAIRACA_03244-000", "LMAPS": "https://www.google.com/maps?q=&layer=c&cbll=-23.5994621,-46.5388999", "O_QUE_FAZER": "CARTEIRA", "ER_REGIAO_CIDADE_min": "São Paulo_São Lucas" }, "geometry": { "type": "Point", "coordinates": [ -46.5388999, -23.5994621 ] } },
{ "type": "Feature", "properties": { "fid": 193848, "CNPJ": "37467587000153", "IDCIDADE": "SAO_PAULO", "NOMEFANTASIA": "SL_ZAP_ACESSORIOS_PARA_CELULAR_E_TABLET_LTDA", "RAZAOSOCIAL": "SL_ZAP_CAPAS", "ENDEE": "AVENIDA_SAO_LUCAS42__PARQUE_SAO_LUCAS_03239-000", "LMAPS": "https://www.google.com/maps?q=&layer=c&cbll=-23.5933055,-46.5466901", "O_QUE_FAZER": "FINALIZADO", "ER_REGIAO_CIDADE_min": "São Paulo_São Lucas" }, "geometry": { "type": "Point", "coordinates": [ -46.5466901, -23.5933055 ] } },
{ "type": "Feature", "properties": { "fid": 194209, "CNPJ": "37540391000147", "IDCIDADE": "SAO_PAULO", "NOMEFANTASIA": "JETTA_AUTOMOVEIS", "RAZAOSOCIAL": "CFS_COMERCIO_DE_VEICULOS_LTDA", "ENDEE": "AVENIDA_PROFESSOR_LUIZ_IGNACIO_ANHAIA_MELLO6240__JARDIM_INDEPENDENCIA_03265-000", "LMAPS": "https://www.google.com/maps?q=&layer=c&cbll=-23.5930017,-46.5406733", "O_QUE_FAZER": "CARTEIRA", "ER_REGIAO_CIDADE_min": "São Paulo_São Lucas" }, "geometry": { "type": "Point", "coordinates": [ -46.5406733, -23.5930017 ] } },
{ "type": "Feature", "properties": { "fid": 194642, "CNPJ": "37622995000132", "IDCIDADE": "SAO PAULO", "NOMEFANTASIA": null, "RAZAOSOCIAL": "WERNER_DOS_SANTOS_FIORAVANTE_09504341837", "ENDEE": "RUA COSTA BARROS, 2200, CONJ 6A 12, SITIO PINHEIRINHO, 03210-001, SÃO PAULO, SP, BRASIL", "LMAPS": "https://www.google.com/maps?q=&layer=c&cbll=-23.6016935,-46.5465962", "O_QUE_FAZER": "CARTEIRA - FAMPE", "ER_REGIAO_CIDADE_min": "São Paulo_São Lucas" }, "geometry": { "type": "Point", "coordinates": [ -46.5465962, -23.6016935 ] } },
{ "type": "Feature", "properties": { "fid": 194667, "CNPJ": "37627045000109", "IDCIDADE": "SAO_PAULO", "NOMEFANTASIA": "CASA_DE_CARNES_VILA_CUNHA_LTDA", "RAZAOSOCIAL": "CENTER_CARNES_DA_CUNHA", "ENDEE": "RUA_IRMA_MARIA_UMBELINA59__VILA_CUNHA_BUENO_03256-020", "LMAPS": "https://www.google.com/maps?q=&layer=c&cbll=-23.6092835,-46.5287584", "O_QUE_FAZER": "FINALIZADO", "ER_REGIAO_CIDADE_min": "São Paulo_São Lucas" }, "geometry": { "type": "Point", "coordinates": [ -46.5287584, -23.6092835 ] } },
{ "type": "Feature", "properties": { "fid": 194679, "CNPJ": "37630173000101", "IDCIDADE": "SAO_PAULO", "NOMEFANTASIA": "D_CAR_MULTIMARCAS", "RAZAOSOCIAL": "DCAR_VEICULOS_MULTIMARCAS_LTDA", "ENDEE": "AVENIDA_PROFESSOR_LUIZ_IGNACIO_ANHAIA_MELLO4664__JARDIM_INDEPENDENCIA_03294-100", "LMAPS": "https://www.google.com/maps?q=&layer=c&cbll=-23.5853752,-46.5485937", "O_QUE_FAZER": "CARTEIRA", "ER_REGIAO_CIDADE_min": "São Paulo_São Lucas" }, "geometry": { "type": "Point", "coordinates": [ -46.5485937, -23.5853752 ] } },
{ "type": "Feature", "properties": { "fid": 194693, "CNPJ": "37637522000109", "IDCIDADE": "SAO_PAULO", "NOMEFANTASIA": "MIMA_BABY", "RAZAOSOCIAL": "M._A._S._MODA_BEBE_E_INFANTIL_LTDA", "ENDEE": "AVENIDA_DO_ORATORIO4739__JARDIM_GUAIRACA_03221-200", "LMAPS": "https://www.google.com/maps?q=&layer=c&cbll=-23.6030389,-46.5289955", "O_QUE_FAZER": "CARTEIRA", "ER_REGIAO_CIDADE_min": "São Paulo_São Lucas" }, "geometry": { "type": "Point", "coordinates": [ -46.5289955, -23.6030389 ] } },
{ "type": "Feature", "properties": { "fid": 195436, "CNPJ": "37761904000140", "IDCIDADE": "SAO_PAULO", "NOMEFANTASIA": "BICHOS_E_BICHANOS", "RAZAOSOCIAL": "RICARDO_PAARMANN_JUNIOR_LTDA", "ENDEE": "AVENIDA_DO_ORATORIO4945__JARDIM_GUAIRACA_03221-200", "LMAPS": "https://www.google.com/maps?q=&layer=c&cbll=-23.6030517,-46.5270667", "O_QUE_FAZER": "CARTEIRA", "ER_REGIAO_CIDADE_min": "São Paulo_São Lucas" }, "geometry": { "type": "Point", "coordinates": [ -46.5270667, -23.6030517 ] } },
{ "type": "Feature", "properties": { "fid": 196100, "CNPJ": "37888833000140", "IDCIDADE": "SAO_PAULO", "NOMEFANTASIA": "GIGI_MODA_INFANTIL_-_COMERCIO_DE_ROUPAS_LTDA", "RAZAOSOCIAL": "GIGI__MODAS", "ENDEE": "AVENIDA_DO_ORATORIO4778__VILA_INDUSTRIAL_03267-040", "LMAPS": "https://www.google.com/maps?q=&layer=c&cbll=-23.6031328,-46.5286646", "O_QUE_FAZER": "FINALIZADO", "ER_REGIAO_CIDADE_min": "São Paulo_São Lucas" }, "geometry": { "type": "Point", "coordinates": [ -46.5286646, -23.6031328 ] } },
{ "type": "Feature", "properties": { "fid": 196135, "CNPJ": "37898031000111", "IDCIDADE": "SAO_PAULO", "NOMEFANTASIA": "THE_FLAG_BURGER_LTDA", "RAZAOSOCIAL": "THE_FLAG_BURGUER", "ENDEE": "AVENIDA_DO_ORATORIO2596__PARQUE_SAO_LUCAS_03220-100", "LMAPS": "https://www.google.com/maps?q=&layer=c&cbll=-23.5932085,-46.544909", "O_QUE_FAZER": "FINALIZADO", "ER_REGIAO_CIDADE_min": "São Paulo_São Lucas" }, "geometry": { "type": "Point", "coordinates": [ -46.544909, -23.5932085 ] } },
{ "type": "Feature", "properties": { "fid": 196358, "CNPJ": "37937060000145", "IDCIDADE": "SAO_PAULO", "NOMEFANTASIA": "37.937.060_EDILSON_TEMOTEO_FERREIRA", "RAZAOSOCIAL": "PIZZARIA_FERREIRA", "ENDEE": "AVENIDA_DO_ORATORIO6074__JARDIM_ANGELA_03116-000", "LMAPS": "https://www.google.com/maps?q=&layer=c&cbll=-23.6093097,-46.5243059", "O_QUE_FAZER": "FINALIZADO", "ER_REGIAO_CIDADE_min": "São Paulo_São Lucas" }, "geometry": { "type": "Point", "coordinates": [ -46.5243059, -23.6093097 ] } },
{ "type": "Feature", "properties": { "fid": 196527, "CNPJ": "37967142000213", "IDCIDADE": "SAO_PAULO", "NOMEFANTASIA": "NUCLEO_MODAS", "RAZAOSOCIAL": "M._S._M._CRUZ_CONFECCOES_LTDA", "ENDEE": "AVENIDA_DO_ORATORIO2221__PARQUE_SAO_LUCAS_03221-100", "LMAPS": "https://www.google.com/maps?q=&layer=c&cbll=-23.591755,-46.5476493", "O_QUE_FAZER": "CARTEIRA", "ER_REGIAO_CIDADE_min": "São Paulo_São Lucas" }, "geometry": { "type": "Point", "coordinates": [ -46.5476493, -23.591755 ] } },
{ "type": "Feature", "properties": { "fid": 197546, "CNPJ": "38152283000160", "IDCIDADE": "SAO_PAULO", "NOMEFANTASIA": "OUTLET_ANHAIA_MELLO", "RAZAOSOCIAL": "OUTLET_GUAIANASES_COMERCIO_DE_ROUPAS_LTDA", "ENDEE": "RUA_PROFESSOR_LUIZ_IGNACIO_ANHAIA_MELLO7378__VILA_NOVA_PAULICEIA_03294-200", "LMAPS": "https://www.google.com/maps?q=&layer=c&cbll=-23.5994538,-46.5306401", "O_QUE_FAZER": "CARTEIRA", "ER_REGIAO_CIDADE_min": "São Paulo_São Lucas" }, "geometry": { "type": "Point", "coordinates": [ -46.5306401, -23.5994538 ] } },
{ "type": "Feature", "properties": { "fid": 197831, "CNPJ": "38204126000231", "IDCIDADE": "SAO_PAULO", "NOMEFANTASIA": "STILLO_OTICAS", "RAZAOSOCIAL": "ADRIANO_SANTOS_MARTINELLI", "ENDEE": "AVENIDA_DO_ORATORIO3479__JARDIM_GUAIRACA_03221-200", "LMAPS": "https://www.google.com/maps?q=&layer=c&cbll=-23.600885,-46.5453083", "O_QUE_FAZER": "CARTEIRA", "ER_REGIAO_CIDADE_min": "São Paulo_São Lucas" }, "geometry": { "type": "Point", "coordinates": [ -46.5453083, -23.600885 ] } },
{ "type": "Feature", "properties": { "fid": 197863, "CNPJ": "38214132000199", "IDCIDADE": "SAO_PAULO", "NOMEFANTASIA": "38.214.132_JESUS_ALBERTO_GONZALEZ_SALAZAR", "RAZAOSOCIAL": "BARBERIA_VZLA_2023", "ENDEE": "AVENIDA_DO_ORATORIO6112__JARDIM_ANGELA_03116-000", "LMAPS": "https://www.google.com/maps?q=&layer=c&cbll=-23.6095778,-46.5245476", "O_QUE_FAZER": "FINALIZADO", "ER_REGIAO_CIDADE_min": "São Paulo_São Lucas" }, "geometry": { "type": "Point", "coordinates": [ -46.5245476, -23.6095778 ] } },
{ "type": "Feature", "properties": { "fid": 198770, "CNPJ": "38386510000111", "IDCIDADE": "SAO PAULO", "NOMEFANTASIA": "-", "RAZAOSOCIAL": "38.386.510_PAMELLA_DE_OLIVEIRA_TEIXEIRA", "ENDEE": "AVENIDA MORAIS COSTA, 186, SALA 2, VILA INDUSTRIAL, 03253-000, SÃO PAULO, SP, BRASIL", "LMAPS": "https://www.google.com/maps?q=&layer=c&cbll=-23.6045541,-46.5302756", "O_QUE_FAZER": "APLICAR T2", "ER_REGIAO_CIDADE_min": "São Paulo_São Lucas" }, "geometry": { "type": "Point", "coordinates": [ -46.5302756, -23.6045541 ] } },
{ "type": "Feature", "properties": { "fid": 198874, "CNPJ": "38409013000191", "IDCIDADE": "SAO_PAULO", "NOMEFANTASIA": "SENTAFLEX", "RAZAOSOCIAL": "SENTAFLEX_ACESSORIOS_PARA_INDUSTRIA_DO_VESTUARIO_LTDA", "ENDEE": "RUA_ANHUMAS46__VILA_SANTA_VIRGINIA_03284-000", "LMAPS": "https://www.google.com/maps?q=&layer=c&cbll=-23.5858209,-46.5375539", "O_QUE_FAZER": "CARTEIRA", "ER_REGIAO_CIDADE_min": "São Paulo_São Lucas" }, "geometry": { "type": "Point", "coordinates": [ -46.5375539, -23.5858209 ] } },
{ "type": "Feature", "properties": { "fid": 198945, "CNPJ": "38425570000104", "IDCIDADE": "SAO PAULO", "NOMEFANTASIA": "ROMA_VARIEDADES", "RAZAOSOCIAL": "ROMA_COMERCIO_DE_VARIEDADES_LTDA", "ENDEE": "RUA ROSICLER, 151, VILA NOVA PAULICEIA, 03267-070, SÃO PAULO, SP, BRASIL", "LMAPS": "https://www.google.com/maps?q=&layer=c&cbll=-23.600888,-46.5289949", "O_QUE_FAZER": "CARTEIRA - FAMPE", "ER_REGIAO_CIDADE_min": "São Paulo_São Lucas" }, "geometry": { "type": "Point", "coordinates": [ -46.5289949, -23.600888 ] } },
{ "type": "Feature", "properties": { "fid": 199791, "CNPJ": "38871794000131", "IDCIDADE": "SAO_PAULO", "NOMEFANTASIA": "NOVAVILAR_CALCADOS", "RAZAOSOCIAL": "NOVAVILAR_CALCADOS_LTDA", "ENDEE": "AVENIDA_DO_ORATORIO4881__JARDIM_GUAIRACA_03195-000", "LMAPS": "https://www.google.com/maps?q=&layer=c&cbll=-23.603065,-46.5276467", "O_QUE_FAZER": "CARTEIRA", "ER_REGIAO_CIDADE_min": "São Paulo_São Lucas" }, "geometry": { "type": "Point", "coordinates": [ -46.5276467, -23.603065 ] } },
{ "type": "Feature", "properties": { "fid": 199970, "CNPJ": "38967626000144", "IDCIDADE": "SAO_PAULO", "NOMEFANTASIA": "PAGEVAR", "RAZAOSOCIAL": "AUTO_PECAS_PAGEVAR_LTDA", "ENDEE": "RUA_MIGUEL_FERRAZ_DA_TRINDADE88__PARQUE_TOMAS_SARAIVA_03280-090", "LMAPS": "https://www.google.com/maps?q=&layer=c&cbll=-23.5808315,-46.5390971", "O_QUE_FAZER": "CARTEIRA", "ER_REGIAO_CIDADE_min": "São Paulo_São Lucas" }, "geometry": { "type": "Point", "coordinates": [ -46.5390971, -23.5808315 ] } },
{ "type": "Feature", "properties": { "fid": 200146, "CNPJ": "39152308000198", "IDCIDADE": "SAO_PAULO", "NOMEFANTASIA": "AGDA_TECIDOS", "RAZAOSOCIAL": "EDUARDO_F._SABBAG_BATERIAS_PECAS_E_ACESSORIOS_AUTOMOTIVOS", "ENDEE": "AVENIDA_DO_ORATORIO3573__JARDIM_GUAIRACA_03195-000", "LMAPS": "https://www.google.com/maps?q=&layer=c&cbll=-23.5987145,-46.5383577", "O_QUE_FAZER": "CARTEIRA", "ER_REGIAO_CIDADE_min": "São Paulo_São Lucas" }, "geometry": { "type": "Point", "coordinates": [ -46.5383577, -23.5987145 ] } },
{ "type": "Feature", "properties": { "fid": 200464, "CNPJ": "39275894000168", "IDCIDADE": "SAO_PAULO", "NOMEFANTASIA": "IMOBILIARIA_FORTALEZA", "RAZAOSOCIAL": "ADMINISTRADORA_FORTALEZA_LTDA", "ENDEE": "AVENIDA_DO_ORATORIO4871__JARDIM_GUAIRACA_03195-000", "LMAPS": "https://www.google.com/maps?q=&layer=c&cbll=-23.6029323,-46.5277185", "O_QUE_FAZER": "CARTEIRA", "ER_REGIAO_CIDADE_min": "São Paulo_São Lucas" }, "geometry": { "type": "Point", "coordinates": [ -46.5277185, -23.6029323 ] } },
{ "type": "Feature", "properties": { "fid": 200747, "CNPJ": "39331929000139", "IDCIDADE": "SAO_PAULO", "NOMEFANTASIA": "J_A_DE_QUEIROZ_MERCADO", "RAZAOSOCIAL": "MERCADO_DO_JOTA", "ENDEE": "AVENIDA_VILA_EMA2349__VILA_EMA_03156-000", "LMAPS": "https://www.google.com/maps?q=&layer=c&cbll=-23.5813252,-46.5544694", "O_QUE_FAZER": "FINALIZADO", "ER_REGIAO_CIDADE_min": "São Paulo_São Lucas" }, "geometry": { "type": "Point", "coordinates": [ -46.5544694, -23.5813252 ] } },
{ "type": "Feature", "properties": { "fid": 201188, "CNPJ": "39416880000117", "IDCIDADE": "SAO_PAULO", "NOMEFANTASIA": "MINI_MERCADO_PADARIA", "RAZAOSOCIAL": "MINI_MERCADO_E_PADARIA_DO_ELY_LTDA", "ENDEE": "AVENIDA_VILA_EMA3485__VILA_EMA_03281-000", "LMAPS": "https://www.google.com/maps?q=&layer=c&cbll=-23.5862954,-46.5448619", "O_QUE_FAZER": "CARTEIRA", "ER_REGIAO_CIDADE_min": "São Paulo_São Lucas" }, "geometry": { "type": "Point", "coordinates": [ -46.5448619, -23.5862954 ] } },
{ "type": "Feature", "properties": { "fid": 201215, "CNPJ": "39420827000190", "IDCIDADE": "SAO_PAULO", "NOMEFANTASIA": "39.420.827_EDIVALDO_LOPES_DO_NASCIMENTO", "RAZAOSOCIAL": "EDIVALDO_LOPES_DO_NASCIMENTO", "ENDEE": "RUA_ANTONIO_FONTOURA_XAVIER661__VILA_PAULO_SILAS_03264-050", "LMAPS": "https://www.google.com/maps?q=&layer=c&cbll=-23.5921682,-46.543188", "O_QUE_FAZER": "FINALIZADO", "ER_REGIAO_CIDADE_min": "São Paulo_São Lucas" }, "geometry": { "type": "Point", "coordinates": [ -46.543188, -23.5921682 ] } },
{ "type": "Feature", "properties": { "fid": 201654, "CNPJ": "39514721000155", "IDCIDADE": "SAO_PAULO", "NOMEFANTASIA": "BELA_MODA_INTIMA_LTDA", "RAZAOSOCIAL": "BELA_MODAS", "ENDEE": "AVENIDA_DO_ORATORIO4641__JARDIM_GUAIRACA_03221-200", "LMAPS": "https://www.google.com/maps?q=&layer=c&cbll=-23.6026997,-46.5297918", "O_QUE_FAZER": "FINALIZADO", "ER_REGIAO_CIDADE_min": "São Paulo_São Lucas" }, "geometry": { "type": "Point", "coordinates": [ -46.5297918, -23.6026997 ] } },
{ "type": "Feature", "properties": { "fid": 201950, "CNPJ": "39582207000157", "IDCIDADE": "SAO_PAULO", "NOMEFANTASIA": "SANT_LESTE_MULTIMARCAS", "RAZAOSOCIAL": "SANTIAGOS_CAR_LTDA", "ENDEE": "AVENIDA_PROFESSOR_LUIZ_IGNACIO_ANHAIA_MELLO3291__VILA_EMA_03295-100", "LMAPS": "https://www.google.com/maps?q=&layer=c&cbll=-23.5818921,-46.5621552", "O_QUE_FAZER": "CARTEIRA", "ER_REGIAO_CIDADE_min": "São Paulo_São Lucas" }, "geometry": { "type": "Point", "coordinates": [ -46.5621552, -23.5818921 ] } },
{ "type": "Feature", "properties": { "fid": 202187, "CNPJ": "39641373000187", "IDCIDADE": "SAO_PAULO", "NOMEFANTASIA": "ESTRUTURAL_ELETRICA_CONSTRUCAO_E_COMERCIO_LTDA", "RAZAOSOCIAL": "ESTRUTURAL_ELETRICA", "ENDEE": "RUA_MAESTRO_JOAO_EVANGELISTA228__VILA_CUNHA_BUENO_03256-030", "LMAPS": "https://www.google.com/maps?q=&layer=c&cbll=-23.6101046,-46.5298985", "O_QUE_FAZER": "FINALIZADO", "ER_REGIAO_CIDADE_min": "São Paulo_São Lucas" }, "geometry": { "type": "Point", "coordinates": [ -46.5298985, -23.6101046 ] } },
{ "type": "Feature", "properties": { "fid": 202263, "CNPJ": "39653866000137", "IDCIDADE": "SAO_PAULO", "NOMEFANTASIA": "CENTER_VANS_E_MICROS", "RAZAOSOCIAL": "MEGA_STORE_COMERCIO_E_UTILITARIOS_LTDA", "ENDEE": "RUA_NOVA_TIMBOTEUA228__VILA_NOVA_PAULICEIA_03267-110", "LMAPS": "https://www.google.com/maps?q=&layer=c&cbll=-23.5993903,-46.53063", "O_QUE_FAZER": "FINALIZADO", "ER_REGIAO_CIDADE_min": "São Paulo_São Lucas" }, "geometry": { "type": "Point", "coordinates": [ -46.53063, -23.5993903 ] } },
{ "type": "Feature", "properties": { "fid": 202391, "CNPJ": "39677278000133", "IDCIDADE": "SAO_PAULO", "NOMEFANTASIA": "FE@_2_DOCERIA", "RAZAOSOCIAL": "FE2_DOCERIA_LTDA", "ENDEE": "AVENIDA_SAPOPEMBA5840__SAPOPEMBA_03374-001", "LMAPS": "https://www.google.com/maps?q=&layer=c&cbll=-23.5833284,-46.53535", "O_QUE_FAZER": "CARTEIRA", "ER_REGIAO_CIDADE_min": "São Paulo_São Lucas" }, "geometry": { "type": "Point", "coordinates": [ -46.53535, -23.5833284 ] } },
{ "type": "Feature", "properties": { "fid": 202416, "CNPJ": "39682764000140", "IDCIDADE": "SAO_PAULO", "NOMEFANTASIA": "WE_ONE_ELETRONICOS", "RAZAOSOCIAL": "WE_ON_ELETRONICOS_PSL_LTDA", "ENDEE": "AVENIDA_DO_ORATORIO2021__PARQUE_SAO_LUCAS_03221-100", "LMAPS": "https://www.google.com/maps?q=&layer=c&cbll=-23.5915484,-46.5495786", "O_QUE_FAZER": "APLICAR T2", "ER_REGIAO_CIDADE_min": "São Paulo_São Lucas" }, "geometry": { "type": "Point", "coordinates": [ -46.5495786, -23.5915484 ] } },
{ "type": "Feature", "properties": { "fid": 202554, "CNPJ": "39709557000131", "IDCIDADE": "SAO_PAULO", "NOMEFANTASIA": "BELLA_BEUTY", "RAZAOSOCIAL": "BELLA_BEAUTY_COMERCIO_DE_COSMETICOS_E_PERFUMARIA_LTDA", "ENDEE": "AVENIDA_DO_ORATORIO2363__PARQUE_SAO_LUCAS_03221-100", "LMAPS": "https://www.google.com/maps?q=&layer=c&cbll=-23.5927117,-46.5466733", "O_QUE_FAZER": "CARTEIRA", "ER_REGIAO_CIDADE_min": "São Paulo_São Lucas" }, "geometry": { "type": "Point", "coordinates": [ -46.5466733, -23.5927117 ] } },
{ "type": "Feature", "properties": { "fid": 202601, "CNPJ": "39717306000107", "IDCIDADE": "SAO_PAULO", "NOMEFANTASIA": "SETE_&_SETE_MATERIAIS_PARA_CONSTRUCAO_LTDA", "RAZAOSOCIAL": "REVESTIR", "ENDEE": "AVENIDA_SAPOPEMBA4844__SAPOPEMBA_03374-000", "LMAPS": "https://www.google.com/maps?q=&layer=c&cbll=-23.5788621,-46.5435878", "O_QUE_FAZER": "FINALIZADO", "ER_REGIAO_CIDADE_min": "São Paulo_São Lucas" }, "geometry": { "type": "Point", "coordinates": [ -46.5435878, -23.5788621 ] } },
{ "type": "Feature", "properties": { "fid": 203584, "CNPJ": "39920430000167", "IDCIDADE": "SAO_PAULO", "NOMEFANTASIA": "ALBUCA_BURGER", "RAZAOSOCIAL": "F._P._ALBUQUERQUE_HAMBURGUERIA", "ENDEE": "RUA_OTAVIO_ALVES_DUNDAS287__VILA_IVG_03249-000", "LMAPS": "https://www.google.com/maps?q=&layer=c&cbll=-23.5997215,-46.534343", "O_QUE_FAZER": "CARTEIRA", "ER_REGIAO_CIDADE_min": "São Paulo_São Lucas" }, "geometry": { "type": "Point", "coordinates": [ -46.534343, -23.5997215 ] } },
{ "type": "Feature", "properties": { "fid": 204124, "CNPJ": "40039912000191", "IDCIDADE": "SAO_PAULO", "NOMEFANTASIA": "LUCIANO_MARIANO_ROSA_08450492831", "RAZAOSOCIAL": "SORVETEIRA_DO_LEO", "ENDEE": "RUA_ANA_ROSA41__VILA_INDUSTRIAL_04891-415", "LMAPS": "https://www.google.com/maps?q=&layer=c&cbll=-23.6064267,-46.533355", "O_QUE_FAZER": "FINALIZADO", "ER_REGIAO_CIDADE_min": "São Paulo_São Lucas" }, "geometry": { "type": "Point", "coordinates": [ -46.533355, -23.6064267 ] } },
{ "type": "Feature", "properties": { "fid": 204866, "CNPJ": "40208486000172", "IDCIDADE": "SAO_PAULO", "NOMEFANTASIA": "MATEUS_CABRERA_CATELANI_49008735865", "RAZAOSOCIAL": "OUTLET_CATELANI", "ENDEE": "AVENIDA_DO_ORATORIO4253__MOOCA_03116-000", "LMAPS": "https://www.google.com/maps?q=&layer=c&cbll=-23.6014132,-46.5332221", "O_QUE_FAZER": "FINALIZADO", "ER_REGIAO_CIDADE_min": "São Paulo_São Lucas" }, "geometry": { "type": "Point", "coordinates": [ -46.5332221, -23.6014132 ] } },
{ "type": "Feature", "properties": { "fid": 205006, "CNPJ": "40259115000110", "IDCIDADE": "SAO PAULO", "NOMEFANTASIA": "-", "RAZAOSOCIAL": "40.259.115_ELLEN_PAULA_LOURENCO_SILVA_DIAS", "ENDEE": "RUA ERVA CHUMBO, 119, JARDIM GUAIRACA, 03244-020, SÃO PAULO, SP, BRASIL", "LMAPS": "https://www.google.com/maps?q=&layer=c&cbll=-23.6018303,-46.54096", "O_QUE_FAZER": "CARTEIRA - FAMPE", "ER_REGIAO_CIDADE_min": "São Paulo_São Lucas" }, "geometry": { "type": "Point", "coordinates": [ -46.54096, -23.6018303 ] } },
{ "type": "Feature", "properties": { "fid": 205633, "CNPJ": "40439817000185", "IDCIDADE": "SAO_PAULO", "NOMEFANTASIA": "VILLA_PET", "RAZAOSOCIAL": "VILLA_PET_SU_ACESSORIOS_PARA_PETS_LTDA", "ENDEE": "AVENIDA_MORAIS_COSTA530__VILA_INDUSTRIAL_03253-000", "LMAPS": "https://www.google.com/maps?q=&layer=c&cbll=-23.6072003,-46.531933", "O_QUE_FAZER": "CARTEIRA", "ER_REGIAO_CIDADE_min": "São Paulo_São Lucas" }, "geometry": { "type": "Point", "coordinates": [ -46.531933, -23.6072003 ] } },
{ "type": "Feature", "properties": { "fid": 206324, "CNPJ": "40631406000197", "IDCIDADE": "SAO_PAULO", "NOMEFANTASIA": "VOLNEY_AUDI_DE_CAMPOS_03728204846", "RAZAOSOCIAL": "LAR_CARPENTERIA", "ENDEE": "AVENIDA_MORAIS_COSTA780__VILA_INDUSTRIAL_03253-000", "LMAPS": "https://www.google.com/maps?q=&layer=c&cbll=-23.6092452,-46.5326049", "O_QUE_FAZER": "FINALIZADO", "ER_REGIAO_CIDADE_min": "São Paulo_São Lucas" }, "geometry": { "type": "Point", "coordinates": [ -46.5326049, -23.6092452 ] } },
{ "type": "Feature", "properties": { "fid": 206476, "CNPJ": "40678446000194", "IDCIDADE": "SAO PAULO", "NOMEFANTASIA": "Julio_Engenharia", "RAZAOSOCIAL": "JULIO_CESAR_DE_BARROS_ENGENHARIA_LTDA", "ENDEE": "AVENIDA VILA EMA, 3881, APT 73 BLOCO 3, VILA EMA, 03281-903, SÃO PAULO, SP, BRASIL", "LMAPS": "https://www.google.com/maps?q=&layer=c&cbll=-23.5892765,-46.5424736", "O_QUE_FAZER": "CARTEIRA - FAMPE", "ER_REGIAO_CIDADE_min": "São Paulo_São Lucas" }, "geometry": { "type": "Point", "coordinates": [ -46.5424736, -23.5892765 ] } },
{ "type": "Feature", "properties": { "fid": 206780, "CNPJ": "40763490000100", "IDCIDADE": "SAO_PAULO", "NOMEFANTASIA": "ANTONIO_LOPES_DE_SOUZA_FILHO_11577804821", "RAZAOSOCIAL": "VIACAR", "ENDEE": "AVENIDA_SAPOPEMBA4386__SAPOPEMBA_03374-000", "LMAPS": "https://www.google.com/maps?q=&layer=c&cbll=-23.5778027,-46.5478116", "O_QUE_FAZER": "FINALIZADO", "ER_REGIAO_CIDADE_min": "São Paulo_São Lucas" }, "geometry": { "type": "Point", "coordinates": [ -46.5478116, -23.5778027 ] } },
{ "type": "Feature", "properties": { "fid": 206839, "CNPJ": "40778065000187", "IDCIDADE": "SAO_PAULO", "NOMEFANTASIA": "EDMAR_VELOSO", "RAZAOSOCIAL": "ESPACO_DA_GRAMA", "ENDEE": "RUA_SOLAR_DOS_PINHEIROS368__VILA_SAO_NICOLAU_03254-190", "LMAPS": "https://www.google.com/maps?q=&layer=c&cbll=-23.6059856,-46.5295078", "O_QUE_FAZER": "FINALIZADO", "ER_REGIAO_CIDADE_min": "São Paulo_São Lucas" }, "geometry": { "type": "Point", "coordinates": [ -46.5295078, -23.6059856 ] } },
{ "type": "Feature", "properties": { "fid": 207135, "CNPJ": "40843376000182", "IDCIDADE": "SAO_PAULO", "NOMEFANTASIA": "ESTILO_E_ESTILO_COMERCIO_DE_ROUPAS_LTDA", "RAZAOSOCIAL": "ESTILO_E_ESTILO", "ENDEE": "AVENIDA_DO_ORATORIO4746__JARDIM_GUAIRACA_03220-200", "LMAPS": "https://www.google.com/maps?q=&layer=c&cbll=-23.6032473,-46.5289553", "O_QUE_FAZER": "FINALIZADO", "ER_REGIAO_CIDADE_min": "São Paulo_São Lucas" }, "geometry": { "type": "Point", "coordinates": [ -46.5289553, -23.6032473 ] } },
{ "type": "Feature", "properties": { "fid": 207310, "CNPJ": "40880371000120", "IDCIDADE": "SAO_PAULO", "NOMEFANTASIA": "JOY_CARS", "RAZAOSOCIAL": "JOY_CARS_COMERCIO_DE_VEICULOS_LTDA", "ENDEE": "RUA_ROQUE_BARBOSA_LIMA326__VILA_PAULO_SILAS_03264-040", "LMAPS": "https://www.google.com/maps?q=&layer=c&cbll=-23.5894922,-46.5446662", "O_QUE_FAZER": "CARTEIRA", "ER_REGIAO_CIDADE_min": "São Paulo_São Lucas" }, "geometry": { "type": "Point", "coordinates": [ -46.5446662, -23.5894922 ] } },
{ "type": "Feature", "properties": { "fid": 207789, "CNPJ": "40997667000125", "IDCIDADE": "SAO_PAULO", "NOMEFANTASIA": "MINI_MERCADO_KI_BARATO", "RAZAOSOCIAL": "MINIMERCADO_GUAIRACA_LTDA", "ENDEE": "RUA_ANTONIO_MARQUES_JULIAO66__JARDIM_GUAIRACA_03244-000", "LMAPS": "https://www.google.com/maps?q=&layer=c&cbll=-23.5990715,-46.5388402", "O_QUE_FAZER": "CARTEIRA", "ER_REGIAO_CIDADE_min": "São Paulo_São Lucas" }, "geometry": { "type": "Point", "coordinates": [ -46.5388402, -23.5990715 ] } },
{ "type": "Feature", "properties": { "fid": 208537, "CNPJ": "41206158000108", "IDCIDADE": "SAO PAULO", "NOMEFANTASIA": null, "RAZAOSOCIAL": "CAROLINA_GUIRALDELO_36147063898", "ENDEE": "RUA HENRIQUE GABRIEL FORLI, 34, VILA EMA, 03277-090, SÃO PAULO, SP, BRASIL", "LMAPS": "https://www.google.com/maps?q=&layer=c&cbll=-23.5826502,-46.5493569", "O_QUE_FAZER": "CARTEIRA - FAMPE", "ER_REGIAO_CIDADE_min": "São Paulo_São Lucas" }, "geometry": { "type": "Point", "coordinates": [ -46.5493569, -23.5826502 ] } },
{ "type": "Feature", "properties": { "fid": 208545, "CNPJ": "41210362000194", "IDCIDADE": "SAO PAULO", "NOMEFANTASIA": "WGS_CONSULTORIA", "RAZAOSOCIAL": "WILLIANS_ASSESSORIA_EMPRESARIAL_LTDA", "ENDEE": "RUA ANTONIO BAIAO, 15, VILA SANTA CLARA, 03274-040, SÃO PAULO, SP, BRASIL", "LMAPS": "https://www.google.com/maps?q=&layer=c&cbll=-23.5797917,-46.5568453", "O_QUE_FAZER": "CARTEIRA - FAMPE", "ER_REGIAO_CIDADE_min": "São Paulo_São Lucas" }, "geometry": { "type": "Point", "coordinates": [ -46.5568453, -23.5797917 ] } },
{ "type": "Feature", "properties": { "fid": 208762, "CNPJ": "41265788000145", "IDCIDADE": "SAO_PAULO", "NOMEFANTASIA": "MAFFIA_&_CARRASCOSA_LTDA", "RAZAOSOCIAL": "MAFCARR", "ENDEE": "AVENIDA_DO_ORATORIO1833__VILA_INDEPENDENCIA_03220-100", "LMAPS": "https://www.google.com/maps?q=&layer=c&cbll=-23.5906561,-46.5511361", "O_QUE_FAZER": "FINALIZADO", "ER_REGIAO_CIDADE_min": "São Paulo_São Lucas" }, "geometry": { "type": "Point", "coordinates": [ -46.5511361, -23.5906561 ] } },
{ "type": "Feature", "properties": { "fid": 208844, "CNPJ": "41282517000106", "IDCIDADE": "SAO_PAULO", "NOMEFANTASIA": "OUTLET_BRAGANTE_COMERCIO_DE_ELETRONICOS_LTDA", "RAZAOSOCIAL": "OUTLET_BRAGANTE_COMERCIO_DE_ELETRONICOS_LTDA", "ENDEE": "RUA_JOSE_DE_AZEVEDO_MARQUES348__VILA_SAO_DOMINGOS_03280-010", "LMAPS": "https://www.google.com/maps?q=&layer=c&cbll=-23.58391,-46.5378322", "O_QUE_FAZER": "FINALIZADO", "ER_REGIAO_CIDADE_min": "São Paulo_São Lucas" }, "geometry": { "type": "Point", "coordinates": [ -46.5378322, -23.58391 ] } },
{ "type": "Feature", "properties": { "fid": 209031, "CNPJ": "41336071000147", "IDCIDADE": "SAO_PAULO", "NOMEFANTASIA": "FUSION_PARTS", "RAZAOSOCIAL": "NEW_FUSION_AUTO_PARTS_COMERCIO_DE_PECAS_LTDA", "ENDEE": "RUA_NOVA_TIMBOTEUA261__VILA_NOVA_PAULICEIA_03267-110", "LMAPS": "https://www.google.com/maps?q=&layer=c&cbll=-23.5997791,-46.5302043", "O_QUE_FAZER": "CARTEIRA", "ER_REGIAO_CIDADE_min": "São Paulo_São Lucas" }, "geometry": { "type": "Point", "coordinates": [ -46.5302043, -23.5997791 ] } },
{ "type": "Feature", "properties": { "fid": 210221, "CNPJ": "41643143000107", "IDCIDADE": "SAO_PAULO", "NOMEFANTASIA": "SORRIDENTES_VILA_INDUSTRIAL", "RAZAOSOCIAL": "LMB_CLINICA_ODONTOLOGICA_LTDA", "ENDEE": "AVENIDA_DO_ORATORIO4201__JARDIM_GUAIRACA_03195-000", "LMAPS": "https://www.google.com/maps?q=&layer=c&cbll=-23.6015217,-46.53369", "O_QUE_FAZER": "CARTEIRA", "ER_REGIAO_CIDADE_min": "São Paulo_São Lucas" }, "geometry": { "type": "Point", "coordinates": [ -46.53369, -23.6015217 ] } },
{ "type": "Feature", "properties": { "fid": 210259, "CNPJ": "41654172000166", "IDCIDADE": "SAO_PAULO", "NOMEFANTASIA": "XIRE_DOS_ORIXAS", "RAZAOSOCIAL": "XIRE_DOS_ORIXAS", "ENDEE": "RUA_FRANCISCO_FETT377__VILA_PAULO_SILAS_03264-000", "LMAPS": "https://www.google.com/maps?q=&layer=c&cbll=-23.5912286,-46.5452693", "O_QUE_FAZER": "CARTEIRA", "ER_REGIAO_CIDADE_min": "São Paulo_São Lucas" }, "geometry": { "type": "Point", "coordinates": [ -46.5452693, -23.5912286 ] } },
{ "type": "Feature", "properties": { "fid": 211326, "CNPJ": "41886874000175", "IDCIDADE": "SAO_PAULO", "NOMEFANTASIA": "CAIO_DA_CONCEICAO_SILVA_47137920802", "RAZAOSOCIAL": "MR_SOUND", "ENDEE": "RUA_IRMA_MARIA_UMBELINA145__VILA_CUNHA_BUENO_03256-020", "LMAPS": "https://www.google.com/maps?q=&layer=c&cbll=-23.609949,-46.5292209", "O_QUE_FAZER": "FINALIZADO", "ER_REGIAO_CIDADE_min": "São Paulo_São Lucas" }, "geometry": { "type": "Point", "coordinates": [ -46.5292209, -23.609949 ] } },
{ "type": "Feature", "properties": { "fid": 211461, "CNPJ": "41918923000104", "IDCIDADE": "SAO_PAULO", "NOMEFANTASIA": "FABULOSA_STORE_COLCHOES", "RAZAOSOCIAL": "FABULOSA_STORE_E_COMMERCE_LTDA", "ENDEE": "AVENIDA_DO_ORATORIO3337__JARDIM_GUAIRACA_03195-000", "LMAPS": "https://www.google.com/maps?q=&layer=c&cbll=-23.5979411,-46.5401914", "O_QUE_FAZER": "CARTEIRA", "ER_REGIAO_CIDADE_min": "São Paulo_São Lucas" }, "geometry": { "type": "Point", "coordinates": [ -46.5401914, -23.5979411 ] } },
{ "type": "Feature", "properties": { "fid": 212649, "CNPJ": "42191733000109", "IDCIDADE": "SAO PAULO", "NOMEFANTASIA": null, "RAZAOSOCIAL": "EGERTON_AMARO_DA_SILVA_BORRACHARIA", "ENDEE": "RUA ANDRE DE FRIAS, 30, VILA SANTA VIRGINIA, 03279-010, SÃO PAULO, SP, BRASIL", "LMAPS": "https://www.google.com/maps?q=&layer=c&cbll=-23.5852057,-46.5423542", "O_QUE_FAZER": "CARTEIRA - FAMPE", "ER_REGIAO_CIDADE_min": "São Paulo_São Lucas" }, "geometry": { "type": "Point", "coordinates": [ -46.5423542, -23.5852057 ] } },
{ "type": "Feature", "properties": { "fid": 212962, "CNPJ": "42265227000109", "IDCIDADE": "SAO_PAULO", "NOMEFANTASIA": "AUTOMATIC_WORLD_MECANICA_LTDA", "RAZAOSOCIAL": "AUTOMATIC_WORD", "ENDEE": "AVENIDA_SAPOPEMBA5180__SAPOPEMBA_03374-000", "LMAPS": "https://www.google.com/maps?q=&layer=c&cbll=-23.579718,-46.5403814", "O_QUE_FAZER": "FINALIZADO", "ER_REGIAO_CIDADE_min": "São Paulo_São Lucas" }, "geometry": { "type": "Point", "coordinates": [ -46.5403814, -23.579718 ] } },
{ "type": "Feature", "properties": { "fid": 213055, "CNPJ": "42288240000183", "IDCIDADE": "SAO_PAULO", "NOMEFANTASIA": "BONIN_DEPOSITO", "RAZAOSOCIAL": "BONIN_MATERIAIS_PARA_CONSTRUCAO_LTDA", "ENDEE": "AVENIDA_MORAIS_COSTA590__VILA_INDUSTRIAL_03253-000", "LMAPS": "https://www.google.com/maps?q=&layer=c&cbll=-23.6076639,-46.5322621", "O_QUE_FAZER": "CARTEIRA", "ER_REGIAO_CIDADE_min": "São Paulo_São Lucas" }, "geometry": { "type": "Point", "coordinates": [ -46.5322621, -23.6076639 ] } },
{ "type": "Feature", "properties": { "fid": 213184, "CNPJ": "42316512000101", "IDCIDADE": "SAO PAULO", "NOMEFANTASIA": "FAST_LANE", "RAZAOSOCIAL": "FAST_LANE", "ENDEE": "PROFESSOR LUIZ IGNÁCIO ANHAIA MELLO_5233_VILA GRACIOSA_SÃO PAULO_03295-000", "LMAPS": "https://www.google.com/maps?q=&layer=c&cbll=-23.5874636,-46.5455843", "O_QUE_FAZER": "FINALIZADO", "ER_REGIAO_CIDADE_min": "São Paulo_São Lucas" }, "geometry": { "type": "Point", "coordinates": [ -46.5455843, -23.5874636 ] } },
{ "type": "Feature", "properties": { "fid": 213240, "CNPJ": "42327988000148", "IDCIDADE": "SAO_PAULO", "NOMEFANTASIA": "LS_SALGADOS", "RAZAOSOCIAL": "FRANCILEIDE_BORGES_DA_SILVA_MENDES_CASA_DE_SALGADOS", "ENDEE": "AVENIDA_DO_ORATORIO4283__JARDIM_GUAIRACA_03195-000", "LMAPS": "https://www.google.com/maps?q=&layer=c&cbll=-23.6014524,-46.5328561", "O_QUE_FAZER": "CARTEIRA", "ER_REGIAO_CIDADE_min": "São Paulo_São Lucas" }, "geometry": { "type": "Point", "coordinates": [ -46.5328561, -23.6014524 ] } },
{ "type": "Feature", "properties": { "fid": 213345, "CNPJ": "42351151000134", "IDCIDADE": "SAO_PAULO", "NOMEFANTASIA": "MANOEL_FILHO_DE_ALMEIDA", "RAZAOSOCIAL": "LANCHONETE_SAO_LUCAS", "ENDEE": "AVENIDA_DO_ORATORIO2239__PARQUE_SAO_LUCAS_03220-100", "LMAPS": "https://www.google.com/maps?q=&layer=c&cbll=-23.5918256,-46.547541", "O_QUE_FAZER": "FINALIZADO", "ER_REGIAO_CIDADE_min": "São Paulo_São Lucas" }, "geometry": { "type": "Point", "coordinates": [ -46.547541, -23.5918256 ] } },
{ "type": "Feature", "properties": { "fid": 213544, "CNPJ": "42390571000120", "IDCIDADE": "SAO_PAULO", "NOMEFANTASIA": "JLM_COMERCIO_DE_MOVEIS_LTDA", "RAZAOSOCIAL": "SLM_MOVEIS", "ENDEE": "AVENIDA_DO_ORATORIO2038__PARQUE_SAO_LUCAS_03220-100", "LMAPS": "https://www.google.com/maps?q=&layer=c&cbll=-23.5917623,-46.5495098", "O_QUE_FAZER": "FINALIZADO", "ER_REGIAO_CIDADE_min": "São Paulo_São Lucas" }, "geometry": { "type": "Point", "coordinates": [ -46.5495098, -23.5917623 ] } },
{ "type": "Feature", "properties": { "fid": 213937, "CNPJ": "42479330000151", "IDCIDADE": "SAO_PAULO", "NOMEFANTASIA": "SBC_VANS", "RAZAOSOCIAL": "RDR_DISTRIBUIDORA_E_COMERCIO_DE_AUTO_PECAS_LTDA", "ENDEE": "RUA_SOLIDONIO_LEITE1543__VILA_IVONE_03275-000", "LMAPS": "https://www.google.com/maps?q=&layer=c&cbll=-23.5830958,-46.5435528", "O_QUE_FAZER": "CARTEIRA", "ER_REGIAO_CIDADE_min": "São Paulo_São Lucas" }, "geometry": { "type": "Point", "coordinates": [ -46.5435528, -23.5830958 ] } },
{ "type": "Feature", "properties": { "fid": 214721, "CNPJ": "42671411000159", "IDCIDADE": "SAO_PAULO", "NOMEFANTASIA": "ANNIERRY_MULTIMARCAS", "RAZAOSOCIAL": "A_RANNEIERRY_DA_SILVA_BRANDAO_MULTIMARCAS", "ENDEE": "RUA_FRANCISCO_FETT194__VILA_PAULO_SILAS_03264-000", "LMAPS": "https://www.google.com/maps?q=&layer=c&cbll=-23.589756,-46.5444487", "O_QUE_FAZER": "CARTEIRA", "ER_REGIAO_CIDADE_min": "São Paulo_São Lucas" }, "geometry": { "type": "Point", "coordinates": [ -46.5444487, -23.589756 ] } },
{ "type": "Feature", "properties": { "fid": 214880, "CNPJ": "42703266000140", "IDCIDADE": "SAO PAULO", "NOMEFANTASIA": "-", "RAZAOSOCIAL": "42.703.266_JOSE_ALMIR_MATOS_DA_SILVA", "ENDEE": "RUA GENERAL IRULEGUI CUNHA, 643, JARDIM INDEPENDENCIA, 03225-020, SÃO PAULO, SP, BRASIL", "LMAPS": "https://www.google.com/maps?q=&layer=c&cbll=-23.5842077,-46.5562094", "O_QUE_FAZER": "CARTEIRA - FAMPE", "ER_REGIAO_CIDADE_min": "São Paulo_São Lucas" }, "geometry": { "type": "Point", "coordinates": [ -46.5562094, -23.5842077 ] } },
{ "type": "Feature", "properties": { "fid": 215245, "CNPJ": "42793056000190", "IDCIDADE": "SAO_PAULO", "NOMEFANTASIA": "CATA-VENTO", "RAZAOSOCIAL": "CATAVENTO_CLUB_COMERCIO_DE_ENXOVAIS_PARA_BEBE_LTDA", "ENDEE": "AVENIDA_SAO_LUCAS43__PARQUE_SAO_LUCAS_03239-000", "LMAPS": "https://www.google.com/maps?q=&layer=c&cbll=-23.5933472,-46.5464943", "O_QUE_FAZER": "CARTEIRA", "ER_REGIAO_CIDADE_min": "São Paulo_São Lucas" }, "geometry": { "type": "Point", "coordinates": [ -46.5464943, -23.5933472 ] } },
{ "type": "Feature", "properties": { "fid": 215397, "CNPJ": "42827025000103", "IDCIDADE": "SAO_PAULO", "NOMEFANTASIA": "AROMA", "RAZAOSOCIAL": "AROMA_TREINAMENTOS_E_SERVICOS_LTDA", "ENDEE": "AVENIDA_DO_ORATORIO2011__PARQUE_SAO_LUCAS_03195-000", "LMAPS": "https://www.google.com/maps?q=&layer=c&cbll=-23.5915701,-46.5492598", "O_QUE_FAZER": "CARTEIRA", "ER_REGIAO_CIDADE_min": "São Paulo_São Lucas" }, "geometry": { "type": "Point", "coordinates": [ -46.5492598, -23.5915701 ] } },
{ "type": "Feature", "properties": { "fid": 215425, "CNPJ": "42830994000113", "IDCIDADE": "SAO_PAULO", "NOMEFANTASIA": "GINA_TOK_ART_S_LTDA", "RAZAOSOCIAL": "GINA_TOK_ARTS", "ENDEE": "RUA_FRANCISCO_FETT471__VILA_PAULO_SILAS_03264-000", "LMAPS": "https://www.google.com/maps?q=&layer=c&cbll=-23.591964,-46.5455843", "O_QUE_FAZER": "FINALIZADO", "ER_REGIAO_CIDADE_min": "São Paulo_São Lucas" }, "geometry": { "type": "Point", "coordinates": [ -46.5455843, -23.591964 ] } },
{ "type": "Feature", "properties": { "fid": 215994, "CNPJ": "42958732000139", "IDCIDADE": "SAO_PAULO", "NOMEFANTASIA": "ER_INFORMATICA", "RAZAOSOCIAL": "MISLENE_BIATA_MARINHO_ARAUJO_LTDA", "ENDEE": "AVENIDA_DO_ORATORIO2103__PARQUE_SAO_LUCAS_03221-100", "LMAPS": "https://www.google.com/maps?q=&layer=c&cbll=-23.592525,-46.5479117", "O_QUE_FAZER": "CARTEIRA", "ER_REGIAO_CIDADE_min": "São Paulo_São Lucas" }, "geometry": { "type": "Point", "coordinates": [ -46.5479117, -23.592525 ] } },
{ "type": "Feature", "properties": { "fid": 216386, "CNPJ": "43039403000157", "IDCIDADE": "SAO_PAULO", "NOMEFANTASIA": "FERMOLDS", "RAZAOSOCIAL": "FERMOLDS_INDUSTRIA_E_COMERCIO_LTDA", "ENDEE": "RUA_DOUTOR_ILADIO_CAPOT_VALENTE347__VILA_ALPINA_08210-040", "LMAPS": "https://www.google.com/maps?q=&layer=c&cbll=-23.5999917,-46.5503267", "O_QUE_FAZER": "CARTEIRA", "ER_REGIAO_CIDADE_min": "São Paulo_São Lucas" }, "geometry": { "type": "Point", "coordinates": [ -46.5503267, -23.5999917 ] } },
{ "type": "Feature", "properties": { "fid": 216475, "CNPJ": "43055917000104", "IDCIDADE": "SAO_PAULO", "NOMEFANTASIA": "6399_MOTORS", "RAZAOSOCIAL": "6399_MOTORS_COMERCIO_DE_VEICULOS_E_MOTOS_LTDA", "ENDEE": "AVENIDA_PROFESSOR_LUIZ_IGNACIO_ANHAIA_MELLO6399__VILA_DIVINA_PASTORA_03266-000", "LMAPS": "https://www.google.com/maps?q=&layer=c&cbll=-23.594607,-46.5381107", "O_QUE_FAZER": "FINALIZADO", "ER_REGIAO_CIDADE_min": "São Paulo_São Lucas" }, "geometry": { "type": "Point", "coordinates": [ -46.5381107, -23.594607 ] } },
{ "type": "Feature", "properties": { "fid": 217418, "CNPJ": "43235274000172", "IDCIDADE": "SAO_PAULO", "NOMEFANTASIA": "RELOJOARIA_SHIMOOKA", "RAZAOSOCIAL": "RELOJOARIA_SHIMOOKA", "ENDEE": "AVENIDA_EMA__3450_03282-000", "LMAPS": "https://www.google.com/maps?q=&layer=c&cbll=-23.5828701,-46.5493848", "O_QUE_FAZER": "FINALIZADO", "ER_REGIAO_CIDADE_min": "São Paulo_São Lucas" }, "geometry": { "type": "Point", "coordinates": [ -46.5493848, -23.5828701 ] } },
{ "type": "Feature", "properties": { "fid": 217813, "CNPJ": "43313925000103", "IDCIDADE": "SAO_PAULO", "NOMEFANTASIA": "HR_OUTLET", "RAZAOSOCIAL": "HR_OUTLET_COMERCIO_DE_VESTUARIOS_E_ACESSORIOS_LTDA", "ENDEE": "AVENIDA_DO_ORATORIO1928__PARQUE_SAO_LUCAS_03195-000", "LMAPS": "https://www.google.com/maps?q=&layer=c&cbll=-23.5911933,-46.5502083", "O_QUE_FAZER": "CARTEIRA", "ER_REGIAO_CIDADE_min": "São Paulo_São Lucas" }, "geometry": { "type": "Point", "coordinates": [ -46.5502083, -23.5911933 ] } },
{ "type": "Feature", "properties": { "fid": 218389, "CNPJ": "43428036000183", "IDCIDADE": "SAO_PAULO", "NOMEFANTASIA": "CASA_DE_CARNES_VERA_CRUZ", "RAZAOSOCIAL": "CASA_DE_CARNES_VERA_CRUZ_LTDA", "ENDEE": "RUA_LISA_ANSORGE95__JARDIM_GUAIRACA_03244-060", "LMAPS": "https://www.google.com/maps?q=&layer=c&cbll=-23.6012906,-46.5389649", "O_QUE_FAZER": "CARTEIRA", "ER_REGIAO_CIDADE_min": "São Paulo_São Lucas" }, "geometry": { "type": "Point", "coordinates": [ -46.5389649, -23.6012906 ] } },
{ "type": "Feature", "properties": { "fid": 218416, "CNPJ": "43436059000130", "IDCIDADE": "SAO_PAULO", "NOMEFANTASIA": "COLD_BEER", "RAZAOSOCIAL": "COLD_BEER", "ENDEE": "AVENIDA_EMA__5090_03281-000", "LMAPS": "https://www.google.com/maps?q=&layer=c&cbll=-23.5828701,-46.5493848", "O_QUE_FAZER": "FINALIZADO", "ER_REGIAO_CIDADE_min": "São Paulo_São Lucas" }, "geometry": { "type": "Point", "coordinates": [ -46.5493848, -23.5828701 ] } },
{ "type": "Feature", "properties": { "fid": 218712, "CNPJ": "43494237000189", "IDCIDADE": "SAO PAULO", "NOMEFANTASIA": null, "RAZAOSOCIAL": "NAVARRO_TRUCK_SERVICOS_AUTOMOTIVOS_LTDA", "ENDEE": "RUA JOSE MACEDO, 30, LETRA A, VILA MACEDOPOLIS, 03236-020, SÃO PAULO, SP, BRASIL", "LMAPS": "https://www.google.com/maps?q=&layer=c&cbll=-23.5895876,-46.5535752", "O_QUE_FAZER": "CARTEIRA - FAMPE", "ER_REGIAO_CIDADE_min": "São Paulo_São Lucas" }, "geometry": { "type": "Point", "coordinates": [ -46.5535752, -23.5895876 ] } },
{ "type": "Feature", "properties": { "fid": 218822, "CNPJ": "43518547000196", "IDCIDADE": "SAO_PAULO", "NOMEFANTASIA": "IRMAOS_RIBAS_COMERCIO_DE_DROGAS_LTDA", "RAZAOSOCIAL": "DROGARIA_CONTINENTAL", "ENDEE": "AVENIDA_DO_ORATORIO3072__PARQUE_SAO_LUCAS_03220-100", "LMAPS": "https://www.google.com/maps?q=&layer=c&cbll=-23.5965869,-46.5421121", "O_QUE_FAZER": "FINALIZADO", "ER_REGIAO_CIDADE_min": "São Paulo_São Lucas" }, "geometry": { "type": "Point", "coordinates": [ -46.5421121, -23.5965869 ] } },
{ "type": "Feature", "properties": { "fid": 218827, "CNPJ": "43520063000181", "IDCIDADE": "SAO_PAULO", "NOMEFANTASIA": "MANUEL_AGOSTINHO_OLO_&_CIA_LTDA", "RAZAOSOCIAL": "MATERIAL_PARA_CONSTRUCAO_MANOEL", "ENDEE": "RUA_ANTONIO_MARQUES_JULIAO454__JARDIM_GUAIRACA_03244-000", "LMAPS": "https://www.google.com/maps?q=&layer=c&cbll=-23.6021449,-46.5406025", "O_QUE_FAZER": "FINALIZADO", "ER_REGIAO_CIDADE_min": "São Paulo_São Lucas" }, "geometry": { "type": "Point", "coordinates": [ -46.5406025, -23.6021449 ] } },
{ "type": "Feature", "properties": { "fid": 218989, "CNPJ": "43550155000104", "IDCIDADE": "SAO_PAULO", "NOMEFANTASIA": "MIX_IMPORTS", "RAZAOSOCIAL": "MIX_IMPORTS_AUTO_PECAS_LTDA", "ENDEE": "AVENIDA_PROFESSOR_LUIZ_IGNACIO_ANHAIA_MELLO6361__JARDIM_INDEPENDENCIA_03294-100", "LMAPS": "https://www.google.com/maps?q=&layer=c&cbll=-23.5944829,-46.538388", "O_QUE_FAZER": "CARTEIRA", "ER_REGIAO_CIDADE_min": "São Paulo_São Lucas" }, "geometry": { "type": "Point", "coordinates": [ -46.538388, -23.5944829 ] } },
{ "type": "Feature", "properties": { "fid": 219173, "CNPJ": "43595217000102", "IDCIDADE": "SAO_PAULO", "NOMEFANTASIA": "ESTIMO_SORVETES", "RAZAOSOCIAL": "KALIMA_COMERCIO_DE_ALIMENTOS_LTDA", "ENDEE": "RUA_COSTA_BARROS1871__SITIO_PINHEIRINHO_03210-001", "LMAPS": "https://www.google.com/maps?q=&layer=c&cbll=-23.600644,-46.5496979", "O_QUE_FAZER": "CARTEIRA", "ER_REGIAO_CIDADE_min": "São Paulo_São Lucas" }, "geometry": { "type": "Point", "coordinates": [ -46.5496979, -23.600644 ] } },
{ "type": "Feature", "properties": { "fid": 219623, "CNPJ": "43690743000143", "IDCIDADE": "SAO_PAULO", "NOMEFANTASIA": "SABA_PARAFUSOS", "RAZAOSOCIAL": "S_LOPES_PARAFUSOS_LTDA", "ENDEE": "AVENIDA_PROFESSOR_LUIZ_IGNACIO_ANHAIA_MELLO7773__VILA_DIVINA_PASTORA_03295-100", "LMAPS": "https://www.google.com/maps?q=&layer=c&cbll=-23.601551,-46.5264073", "O_QUE_FAZER": "FINALIZADO", "ER_REGIAO_CIDADE_min": "São Paulo_São Lucas" }, "geometry": { "type": "Point", "coordinates": [ -46.5264073, -23.601551 ] } },
{ "type": "Feature", "properties": { "fid": 220268, "CNPJ": "43808355000114", "IDCIDADE": "SAO_PAULO", "NOMEFANTASIA": "MAZI_ODONTOLOGIA", "RAZAOSOCIAL": "MAZI_ODONTOLOGIA_LTDA", "ENDEE": "RUA_ANA_CLARA656__VILA_MENDES_03257-000", "LMAPS": "https://www.google.com/maps?q=&layer=c&cbll=-23.6123492,-46.5277045", "O_QUE_FAZER": "CARTEIRA", "ER_REGIAO_CIDADE_min": "São Paulo_São Lucas" }, "geometry": { "type": "Point", "coordinates": [ -46.5277045, -23.6123492 ] } },
{ "type": "Feature", "properties": { "fid": 220432, "CNPJ": "43845709000109", "IDCIDADE": "SAO_PAULO", "NOMEFANTASIA": "DANIELE_BARBOSA_DOS_SANTOS_31417729830", "RAZAOSOCIAL": "INFINITO_BOLINHO", "ENDEE": "RUA_PEREIRA_DE_AVELAR93__VILA_ALPINA_03211-040", "LMAPS": "https://www.google.com/maps?q=&layer=c&cbll=-23.601287,-46.5505198", "O_QUE_FAZER": "FINALIZADO", "ER_REGIAO_CIDADE_min": "São Paulo_São Lucas" }, "geometry": { "type": "Point", "coordinates": [ -46.5505198, -23.601287 ] } },
{ "type": "Feature", "properties": { "fid": 220791, "CNPJ": "43919221000170", "IDCIDADE": "SAO_PAULO", "NOMEFANTASIA": "ELLO_PORTOES_LTDA", "RAZAOSOCIAL": "ELLO_PORTOES", "ENDEE": "AVENIDA_MORAIS_COSTA397__VILA_INDUSTRIAL_03253-000", "LMAPS": "https://www.google.com/maps?q=&layer=c&cbll=-23.6064614,-46.5308094", "O_QUE_FAZER": "FINALIZADO", "ER_REGIAO_CIDADE_min": "São Paulo_São Lucas" }, "geometry": { "type": "Point", "coordinates": [ -46.5308094, -23.6064614 ] } },
{ "type": "Feature", "properties": { "fid": 220989, "CNPJ": "43956249000188", "IDCIDADE": "SAO_PAULO", "NOMEFANTASIA": "EMPORIO_DO_VINNI_LTDA", "RAZAOSOCIAL": "BOTECO_DO_VINNI", "ENDEE": "AVENIDA_DO_ORATORIO2640__PARQUE_SAO_LUCAS_03220-100", "LMAPS": "https://www.google.com/maps?q=&layer=c&cbll=-23.59355,-46.5447248", "O_QUE_FAZER": "FINALIZADO", "ER_REGIAO_CIDADE_min": "São Paulo_São Lucas" }, "geometry": { "type": "Point", "coordinates": [ -46.5447248, -23.59355 ] } },
{ "type": "Feature", "properties": { "fid": 221253, "CNPJ": "44007822000170", "IDCIDADE": "SAO_PAULO", "NOMEFANTASIA": "OUTLET_DE_VINHOS", "RAZAOSOCIAL": "BEV_TRADE_-_COMERCIO_DISTRIBUICAO_E_IMPORTACAO_DE_BEBIDAS_LTDA", "ENDEE": "RUA_MIGUEL_FERRAZ_DA_TRINDADE5404__PARQUE_TOMAS_SARAIVA_03280-090", "LMAPS": "https://www.google.com/maps?q=&layer=c&cbll=-23.5810817,-46.5386617", "O_QUE_FAZER": "CARTEIRA", "ER_REGIAO_CIDADE_min": "São Paulo_São Lucas" }, "geometry": { "type": "Point", "coordinates": [ -46.5386617, -23.5810817 ] } },
{ "type": "Feature", "properties": { "fid": 221902, "CNPJ": "44146284000102", "IDCIDADE": "SAO PAULO", "NOMEFANTASIA": "MARINHO_MOTO_PEÇAS", "RAZAOSOCIAL": "MARINHO_MOTO_PEÇAS", "ENDEE": "PROFESSOR LUIZ IGNÁCIO ANHAIA MELLO_6040_VILA DIVINA PASTORA_SÃO PAULO_03294-200", "LMAPS": "https://www.google.com/maps?q=&layer=c&cbll=-23.5928682,-46.5407208", "O_QUE_FAZER": "FINALIZADO", "ER_REGIAO_CIDADE_min": "São Paulo_São Lucas" }, "geometry": { "type": "Point", "coordinates": [ -46.5407208, -23.5928682 ] } },
{ "type": "Feature", "properties": { "fid": 222283, "CNPJ": "44216627000150", "IDCIDADE": "SAO_PAULO", "NOMEFANTASIA": "NEGOCIOS_RAIA", "RAZAOSOCIAL": "FERREIRA_RAIA_NEGOCIOS_IMOBILIARIOS_LTDA", "ENDEE": "AVENIDA_DO_ORATORIO5600__JARDIM_ANGELA_03195-000", "LMAPS": "https://www.google.com/maps?q=&layer=c&cbll=-23.6062681,-46.5224244", "O_QUE_FAZER": "CARTEIRA", "ER_REGIAO_CIDADE_min": "São Paulo_São Lucas" }, "geometry": { "type": "Point", "coordinates": [ -46.5224244, -23.6062681 ] } },
{ "type": "Feature", "properties": { "fid": 223896, "CNPJ": "44555756000172", "IDCIDADE": "SAO PAULO", "NOMEFANTASIA": "-", "RAZAOSOCIAL": "44.555.756_MAURICIO_VENDRAMI", "ENDEE": "RUA ANIBAL DE ALENCAR, 104, VILA SANTA VIRGINIA, 03284-110, SÃO PAULO, SP, BRASIL", "LMAPS": "https://www.google.com/maps?q=&layer=c&cbll=-23.5881762,-46.536109", "O_QUE_FAZER": "FINALIZADO", "ER_REGIAO_CIDADE_min": "São Paulo_São Lucas" }, "geometry": { "type": "Point", "coordinates": [ -46.536109, -23.5881762 ] } },
{ "type": "Feature", "properties": { "fid": 223906, "CNPJ": "44557568000183", "IDCIDADE": "SAO_PAULO", "NOMEFANTASIA": "DOCE_ESPACO_SORVETES_LTDA", "RAZAOSOCIAL": "SORVETERIA_VILA_EMA", "ENDEE": "RUA_FRANCISCO_JOSE_DA_CRUZ78__VILA_EMA_03283-010", "LMAPS": "https://www.google.com/maps?q=&layer=c&cbll=-23.5904408,-46.5389882", "O_QUE_FAZER": "FINALIZADO", "ER_REGIAO_CIDADE_min": "São Paulo_São Lucas" }, "geometry": { "type": "Point", "coordinates": [ -46.5389882, -23.5904408 ] } },
{ "type": "Feature", "properties": { "fid": 224238, "CNPJ": "44618427000123", "IDCIDADE": "SAO PAULO", "NOMEFANTASIA": "-", "RAZAOSOCIAL": "44.618.427_BEATRIZ_RASTELLI_CREPALDI", "ENDEE": "RUA CORONEL ANTONIO DE SA BARRETO, 223, VILA ELZE, 03254-090, SÃO PAULO, SP, BRASIL", "LMAPS": "https://www.google.com/maps?q=&layer=c&cbll=-23.6072979,-46.5285041", "O_QUE_FAZER": "CARTEIRA - FAMPE", "ER_REGIAO_CIDADE_min": "São Paulo_São Lucas" }, "geometry": { "type": "Point", "coordinates": [ -46.5285041, -23.6072979 ] } },
{ "type": "Feature", "properties": { "fid": 225020, "CNPJ": "44803015000163", "IDCIDADE": "SAO_PAULO", "NOMEFANTASIA": "A.L.I_RECUPERADORA", "RAZAOSOCIAL": "A.L.I._RECUPERADORA_AUTOMOTIVA_LTDA", "ENDEE": "AVENIDA_VILA_EMA4857__VILA_EMA_03281-001", "LMAPS": "https://www.google.com/maps?q=&layer=c&cbll=-23.5956595,-46.5361734", "O_QUE_FAZER": "CARTEIRA", "ER_REGIAO_CIDADE_min": "São Paulo_São Lucas" }, "geometry": { "type": "Point", "coordinates": [ -46.5361734, -23.5956595 ] } },
{ "type": "Feature", "properties": { "fid": 225427, "CNPJ": "44905337000113", "IDCIDADE": "SAO_PAULO", "NOMEFANTASIA": "IN_PRIME_BRINDES_LTDA", "RAZAOSOCIAL": "IN_PRIME_BRINDES_LTDA", "ENDEE": "RUA_S_JOAO_DO_SABUGI210__JARDIM_INDEPENDENCIA_03224-010", "LMAPS": "https://www.google.com/maps?q=&layer=c&cbll=-23.58445,-46.5648061", "O_QUE_FAZER": "FINALIZADO", "ER_REGIAO_CIDADE_min": "São Paulo_São Lucas" }, "geometry": { "type": "Point", "coordinates": [ -46.5648061, -23.58445 ] } },
{ "type": "Feature", "properties": { "fid": 225832, "CNPJ": "44983925000175", "IDCIDADE": "SAO_PAULO", "NOMEFANTASIA": "MAJESTADE_DISTRIBUIDORA_DE_EMBALAGENS_E_DESCARTAVEIS_LTDA", "RAZAOSOCIAL": "DISTRIBUIDORA_MAJESTADE", "ENDEE": "AVENIDA_DO_ORATORIO6074__JARDIM_ANGELA_03116-000", "LMAPS": "https://www.google.com/maps?q=&layer=c&cbll=-23.6093097,-46.5243059", "O_QUE_FAZER": "FINALIZADO", "ER_REGIAO_CIDADE_min": "São Paulo_São Lucas" }, "geometry": { "type": "Point", "coordinates": [ -46.5243059, -23.6093097 ] } },
{ "type": "Feature", "properties": { "fid": 226120, "CNPJ": "45043662000187", "IDCIDADE": "SAO_PAULO", "NOMEFANTASIA": "AMG_CLINICA_ODONTOLOGICA_LTDA", "RAZAOSOCIAL": "GIARETTA_ODONTOLOGIA", "ENDEE": "AVENIDA_DO_ORATORIO4469__JARDIM_GUAIRACA_03220-200", "LMAPS": "https://www.google.com/maps?q=&layer=c&cbll=-23.6016038,-46.5309323", "O_QUE_FAZER": "FINALIZADO", "ER_REGIAO_CIDADE_min": "São Paulo_São Lucas" }, "geometry": { "type": "Point", "coordinates": [ -46.5309323, -23.6016038 ] } },
{ "type": "Feature", "properties": { "fid": 226135, "CNPJ": "45046740000105", "IDCIDADE": "SAO_PAULO", "NOMEFANTASIA": "CASA_DE_CARNES_GSS_LTDA", "RAZAOSOCIAL": "CASA_DE_CARNES_GSS", "ENDEE": "AVENIDA_DO_ORATORIO1961__VILA_INDEPENDENCIA_03221-000", "LMAPS": "https://www.google.com/maps?q=&layer=c&cbll=-23.5913664,-46.5501247", "O_QUE_FAZER": "FINALIZADO", "ER_REGIAO_CIDADE_min": "São Paulo_São Lucas" }, "geometry": { "type": "Point", "coordinates": [ -46.5501247, -23.5913664 ] } },
{ "type": "Feature", "properties": { "fid": 226765, "CNPJ": "45191862000187", "IDCIDADE": "SAO_PAULO", "NOMEFANTASIA": "CARLOS_SANTOS_DA_SILVA_18229871809", "RAZAOSOCIAL": "RESTAURANTE_TEMPEIRO_DA_RITINHA", "ENDEE": "RUA_JOSE_ANTONIO_FONTES839__VILA_MIAMI_03254-060", "LMAPS": "https://www.google.com/maps?q=&layer=c&cbll=-23.6033868,-46.5267816", "O_QUE_FAZER": "FINALIZADO", "ER_REGIAO_CIDADE_min": "São Paulo_São Lucas" }, "geometry": { "type": "Point", "coordinates": [ -46.5267816, -23.6033868 ] } },
{ "type": "Feature", "properties": { "fid": 226937, "CNPJ": "45229266000220", "IDCIDADE": "SAO_PAULO", "NOMEFANTASIA": "KOSMOKAR_SOLUCOES_AUTOMOTIVAS_LTDA", "RAZAOSOCIAL": "KOSMOKAR", "ENDEE": "AVENIDA_SAPOPEMBA6460__SAPOPEMBA_03374-001", "LMAPS": "https://www.google.com/maps?q=&layer=c&cbll=-23.58801,-46.5324128", "O_QUE_FAZER": "FINALIZADO", "ER_REGIAO_CIDADE_min": "São Paulo_São Lucas" }, "geometry": { "type": "Point", "coordinates": [ -46.5324128, -23.58801 ] } },
{ "type": "Feature", "properties": { "fid": 227315, "CNPJ": "45310495000193", "IDCIDADE": "SAO_PAULO", "NOMEFANTASIA": "SERENITY_CHOCOLATES", "RAZAOSOCIAL": "SERENITY_CHOCOLATES_LTDA", "ENDEE": "AVENIDA_DO_ORATORIO4500__JARDIM_GUAIRACA_03195-000", "LMAPS": "https://www.google.com/maps?q=&layer=c&cbll=-23.6021575,-46.5307134", "O_QUE_FAZER": "CARTEIRA", "ER_REGIAO_CIDADE_min": "São Paulo_São Lucas" }, "geometry": { "type": "Point", "coordinates": [ -46.5307134, -23.6021575 ] } },
{ "type": "Feature", "properties": { "fid": 227741, "CNPJ": "45405479000184", "IDCIDADE": "SAO_PAULO", "NOMEFANTASIA": "COMERCIO_DE_FRIOS_JR_LTDA", "RAZAOSOCIAL": "COMERCIO_DE_FRIOS_JR", "ENDEE": "AVENIDA_DO_ORATORIO4819__JARDIM_GUAIRACA_03221-200", "LMAPS": "https://www.google.com/maps?q=&layer=c&cbll=-23.602867,-46.52826", "O_QUE_FAZER": "FINALIZADO", "ER_REGIAO_CIDADE_min": "São Paulo_São Lucas" }, "geometry": { "type": "Point", "coordinates": [ -46.52826, -23.602867 ] } },
{ "type": "Feature", "properties": { "fid": 228720, "CNPJ": "45624079000160", "IDCIDADE": "SAO_PAULO", "NOMEFANTASIA": "MI'RO_COMERCIO_DE_TINTAS_LTDA", "RAZAOSOCIAL": "MIRO_TINTAS", "ENDEE": "AVENIDA_SAPOPEMBA5433__SAPOPEMBA_03374-000", "LMAPS": "https://www.google.com/maps?q=&layer=c&cbll=-23.5808997,-46.5383382", "O_QUE_FAZER": "FINALIZADO", "ER_REGIAO_CIDADE_min": "São Paulo_São Lucas" }, "geometry": { "type": "Point", "coordinates": [ -46.5383382, -23.5808997 ] } },
{ "type": "Feature", "properties": { "fid": 229224, "CNPJ": "45728499000196", "IDCIDADE": "SAO_PAULO", "NOMEFANTASIA": "NEUSA_CRUZ_COMERCIO_DE_ALIMENTOS_UNIPESSOAL_LTDA", "RAZAOSOCIAL": "SANTO_ESPETO", "ENDEE": "AVENIDA_DO_ORATORIO5600__VILA_INDUSTRIAL_03116-000", "LMAPS": "https://www.google.com/maps?q=&layer=c&cbll=-23.6060912,-46.5225364", "O_QUE_FAZER": "FINALIZADO", "ER_REGIAO_CIDADE_min": "São Paulo_São Lucas" }, "geometry": { "type": "Point", "coordinates": [ -46.5225364, -23.6060912 ] } },
{ "type": "Feature", "properties": { "fid": 229516, "CNPJ": "45780992000155", "IDCIDADE": "SAO_PAULO", "NOMEFANTASIA": "VALENTINNI_FOX_MODA_INTIMA_LTDA", "RAZAOSOCIAL": "VALENTINI_FOX", "ENDEE": "RUA_COMENDADOR_JOSE_ALVES_DIAS4613__VILA_INDUSTRIAL_03250-080", "LMAPS": "https://www.google.com/maps?q=&layer=c&cbll=-23.6040694,-46.5305558", "O_QUE_FAZER": "FINALIZADO", "ER_REGIAO_CIDADE_min": "São Paulo_São Lucas" }, "geometry": { "type": "Point", "coordinates": [ -46.5305558, -23.6040694 ] } },
{ "type": "Feature", "properties": { "fid": 229580, "CNPJ": "45790477000156", "IDCIDADE": "SAO_PAULO", "NOMEFANTASIA": "CASA_DO_NORTE", "RAZAOSOCIAL": "CASA_DO_NORTE_PRODUTOS_EM_GERAL_NORTE_E_NORDESTE_LTDA", "ENDEE": "RUA_LEONARDO_VILAS_BOAS255__PARQUE_SAO_LUCAS_03240-000", "LMAPS": "https://www.google.com/maps?q=&layer=c&cbll=-23.5947966,-46.5464839", "O_QUE_FAZER": "CARTEIRA", "ER_REGIAO_CIDADE_min": "São Paulo_São Lucas" }, "geometry": { "type": "Point", "coordinates": [ -46.5464839, -23.5947966 ] } },
{ "type": "Feature", "properties": { "fid": 229705, "CNPJ": "45821249000104", "IDCIDADE": "SAO_PAULO", "NOMEFANTASIA": "DETROIT_AUTOMOVEIS", "RAZAOSOCIAL": "DFG_COMERCIO_DE_AUTOMOVEIS_LTDA", "ENDEE": "AVENIDA_PROFESSOR_LUIZ_IGNACIO_ANHAIA_MELLO4343__VILA_GRACIOSA_03154-000", "LMAPS": "https://www.google.com/maps?q=&layer=c&cbll=-23.5836124,-46.5515538", "O_QUE_FAZER": "CARTEIRA", "ER_REGIAO_CIDADE_min": "São Paulo_São Lucas" }, "geometry": { "type": "Point", "coordinates": [ -46.5515538, -23.5836124 ] } },
{ "type": "Feature", "properties": { "fid": 229725, "CNPJ": "45825063000115", "IDCIDADE": "SAO PAULO", "NOMEFANTASIA": "MULT_ELEVADORES", "RAZAOSOCIAL": "MULT_ELEVADORES", "ENDEE": "RUA FRUTA-DE-GUARIBA, 86, VILA INDUSTRIAL, 03251-060, SÃO PAULO, SP, BRASIL", "LMAPS": "https://www.google.com/maps?q=&layer=c&cbll=-23.6069938,-46.5369588", "O_QUE_FAZER": "CARTEIRA - FAMPE", "ER_REGIAO_CIDADE_min": "São Paulo_São Lucas" }, "geometry": { "type": "Point", "coordinates": [ -46.5369588, -23.6069938 ] } },
{ "type": "Feature", "properties": { "fid": 230230, "CNPJ": "45913094000128", "IDCIDADE": "SAO_PAULO", "NOMEFANTASIA": "PSG_MOTORS", "RAZAOSOCIAL": "P&G_MOTORS_LTDA", "ENDEE": "RUA_SOLIDONIO_LEITE1807__VILA_IVONE_03275-000", "LMAPS": "https://www.google.com/maps?q=&layer=c&cbll=-23.5839838,-46.5411876", "O_QUE_FAZER": "CARTEIRA", "ER_REGIAO_CIDADE_min": "São Paulo_São Lucas" }, "geometry": { "type": "Point", "coordinates": [ -46.5411876, -23.5839838 ] } },
{ "type": "Feature", "properties": { "fid": 230233, "CNPJ": "45913319000146", "IDCIDADE": "SAO_PAULO", "NOMEFANTASIA": "EVC_SERVICOS_ODONTOLOGICOS", "RAZAOSOCIAL": "AEV_SERVICOS_ODONTOLOGICOS_E_MEDICOS_LTDA", "ENDEE": "AVENIDA_MORAIS_COSTA35__VILA_INDUSTRIAL_03253-000", "LMAPS": "https://www.google.com/maps?q=&layer=c&cbll=-23.6034581,-46.5292726", "O_QUE_FAZER": "CARTEIRA", "ER_REGIAO_CIDADE_min": "São Paulo_São Lucas" }, "geometry": { "type": "Point", "coordinates": [ -46.5292726, -23.6034581 ] } },
{ "type": "Feature", "properties": { "fid": 230477, "CNPJ": "45963999000102", "IDCIDADE": "SAO_PAULO", "NOMEFANTASIA": "CIA_MEGA_FITNESS", "RAZAOSOCIAL": "BRF999_FITNESS_LTDA", "ENDEE": "AVENIDA_DO_ORATORIO4000__JARDIM_GUAIRACA_03195-000", "LMAPS": "https://www.google.com/maps?q=&layer=c&cbll=-23.6019592,-46.5359457", "O_QUE_FAZER": "CARTEIRA", "ER_REGIAO_CIDADE_min": "São Paulo_São Lucas" }, "geometry": { "type": "Point", "coordinates": [ -46.5359457, -23.6019592 ] } },
{ "type": "Feature", "properties": { "fid": 230643, "CNPJ": "45998539000110", "IDCIDADE": "SAO_PAULO", "NOMEFANTASIA": "MERCADINHO_MAZZI", "RAZAOSOCIAL": "MERCADINHO_MAZZI_LTDA", "ENDEE": "RUA_SOLIDONIO_LEITE2300__VILA_IVONE_03275-000", "LMAPS": "https://www.google.com/maps?q=&layer=c&cbll=-23.5859058,-46.5368684", "O_QUE_FAZER": "CARTEIRA", "ER_REGIAO_CIDADE_min": "São Paulo_São Lucas" }, "geometry": { "type": "Point", "coordinates": [ -46.5368684, -23.5859058 ] } },
{ "type": "Feature", "properties": { "fid": 231795, "CNPJ": "46229815000148", "IDCIDADE": "SAO_PAULO", "NOMEFANTASIA": "RPH_COMERCIO_E_DISTRIBUIDORA_LTDA", "RAZAOSOCIAL": "RPH_COMERCIO_E_DISTRIBUIDORA_LTDA", "ENDEE": "AVENIDA_DO_ORATORIO2463__PARQUE_SAO_LUCAS_03221-100", "LMAPS": "https://www.google.com/maps?q=&layer=c&cbll=-23.5927633,-46.5458516", "O_QUE_FAZER": "CARTEIRA", "ER_REGIAO_CIDADE_min": "São Paulo_São Lucas" }, "geometry": { "type": "Point", "coordinates": [ -46.5458516, -23.5927633 ] } },
{ "type": "Feature", "properties": { "fid": 232531, "CNPJ": "46377632000170", "IDCIDADE": "SAO PAULO", "NOMEFANTASIA": null, "RAZAOSOCIAL": "JWL_MECANICA_AUTOMOTIVA_LTDA", "ENDEE": "AVENIDA VILA EMA, 4815, VILA EMA, 03281-001, SÃO PAULO, SP, BRASIL", "LMAPS": "https://www.google.com/maps?q=&layer=c&cbll=-23.5949521,-46.5368932", "O_QUE_FAZER": "CARTEIRA - FAMPE", "ER_REGIAO_CIDADE_min": "São Paulo_São Lucas" }, "geometry": { "type": "Point", "coordinates": [ -46.5368932, -23.5949521 ] } },
{ "type": "Feature", "properties": { "fid": 232652, "CNPJ": "46402548000169", "IDCIDADE": "SAO_PAULO", "NOMEFANTASIA": "JOHNNYCELL_LTDA", "RAZAOSOCIAL": "JHONNY", "ENDEE": "RUA_JUIZ_DE_FORA22__VILA_EMA_03286-000", "LMAPS": "https://www.google.com/maps?q=&layer=c&cbll=-23.5881824,-46.5325128", "O_QUE_FAZER": "FINALIZADO", "ER_REGIAO_CIDADE_min": "São Paulo_São Lucas" }, "geometry": { "type": "Point", "coordinates": [ -46.5325128, -23.5881824 ] } },
{ "type": "Feature", "properties": { "fid": 233091, "CNPJ": "46491171000161", "IDCIDADE": "SAO_PAULO", "NOMEFANTASIA": "WILCAR", "RAZAOSOCIAL": "AUTO_ACESSORIOS_WILCAR_LTDA", "ENDEE": "AVENIDA_VILA_EMA2867__VILA_EMA_03156-000", "LMAPS": "https://www.google.com/maps?q=&layer=c&cbll=-23.5862425,-46.5480113", "O_QUE_FAZER": "CARTEIRA", "ER_REGIAO_CIDADE_min": "São Paulo_São Lucas" }, "geometry": { "type": "Point", "coordinates": [ -46.5480113, -23.5862425 ] } },
{ "type": "Feature", "properties": { "fid": 233511, "CNPJ": "46577595000143", "IDCIDADE": "SAO_PAULO", "NOMEFANTASIA": "ROBERTA_APARECIDA_ALVES_LOPES", "RAZAOSOCIAL": "CONNETC_ELETRONICOS", "ENDEE": "AVENIDA_SAPOPEMBA5706__SAPOPEMBA_03374-001", "LMAPS": "https://www.google.com/maps?q=&layer=c&cbll=-23.5822898,-46.5361868", "O_QUE_FAZER": "FINALIZADO", "ER_REGIAO_CIDADE_min": "São Paulo_São Lucas" }, "geometry": { "type": "Point", "coordinates": [ -46.5361868, -23.5822898 ] } },
{ "type": "Feature", "properties": { "fid": 233740, "CNPJ": "46625094000195", "IDCIDADE": "SAO PAULO", "NOMEFANTASIA": "-", "RAZAOSOCIAL": "46.625.094_JOSE_CARLOS_SILVA_ROCHA", "ENDEE": "RUA PROFESSOR EURICO VILELA, 212, CIDADE CONTINENTAL, 03242-060, SÃO PAULO, SP, BRASIL", "LMAPS": "https://www.google.com/maps?q=&layer=c&cbll=-23.5958027,-46.5451545", "O_QUE_FAZER": "CARTEIRA - FAMPE", "ER_REGIAO_CIDADE_min": "São Paulo_São Lucas" }, "geometry": { "type": "Point", "coordinates": [ -46.5451545, -23.5958027 ] } },
{ "type": "Feature", "properties": { "fid": 234346, "CNPJ": "46744695000117", "IDCIDADE": "SAO_PAULO", "NOMEFANTASIA": "JMG_PAPELARIA_INFORMATICA_E_VARIEDADES_LTDA", "RAZAOSOCIAL": "JMG_COMERCIO_DE_VARIEDADES", "ENDEE": "RUA_IRMA_MARIA_UMBELINA269__VILA_CUNHA_BUENO_03256-020", "LMAPS": "https://www.google.com/maps?q=&layer=c&cbll=-23.6109157,-46.5298441", "O_QUE_FAZER": "FINALIZADO", "ER_REGIAO_CIDADE_min": "São Paulo_São Lucas" }, "geometry": { "type": "Point", "coordinates": [ -46.5298441, -23.6109157 ] } },
{ "type": "Feature", "properties": { "fid": 234751, "CNPJ": "46837625000103", "IDCIDADE": "SAO_PAULO", "NOMEFANTASIA": "OVOS_SAO_LUCAS", "RAZAOSOCIAL": "DISTRIBUIDORA_DE_OVOS_SAO_LUCAS_LTDA", "ENDEE": "AVENIDA_DO_ORATORIO2571__PARQUE_SAO_LUCAS_03221-100", "LMAPS": "https://www.google.com/maps?q=&layer=c&cbll=-23.5929233,-46.5448733", "O_QUE_FAZER": "CARTEIRA", "ER_REGIAO_CIDADE_min": "São Paulo_São Lucas" }, "geometry": { "type": "Point", "coordinates": [ -46.5448733, -23.5929233 ] } },
{ "type": "Feature", "properties": { "fid": 234779, "CNPJ": "46841812000160", "IDCIDADE": "SAO_PAULO", "NOMEFANTASIA": "SANTA_LUCCI", "RAZAOSOCIAL": "NASCIMENTO_&_SIMOES_PIZZAS_LTDA", "ENDEE": "AVENIDA_VILA_EMA2355__VILA_PRUDENTE_03156-000", "LMAPS": "https://www.google.com/maps?q=&layer=c&cbll=-23.5816683,-46.5545233", "O_QUE_FAZER": "CARTEIRA", "ER_REGIAO_CIDADE_min": "São Paulo_São Lucas" }, "geometry": { "type": "Point", "coordinates": [ -46.5545233, -23.5816683 ] } },
{ "type": "Feature", "properties": { "fid": 234839, "CNPJ": "46853802000145", "IDCIDADE": "SAO_PAULO", "NOMEFANTASIA": "BAR_DA_ESKINA", "RAZAOSOCIAL": "BAR_E_LANCHES_ESQUINA_3_LTDA", "ENDEE": "AVENIDA_DO_ORATORIO4962__JARDIM_GUAIRACA_03220-200", "LMAPS": "https://www.google.com/maps?q=&layer=c&cbll=-23.6032714,-46.5267639", "O_QUE_FAZER": "FINALIZADO", "ER_REGIAO_CIDADE_min": "São Paulo_São Lucas" }, "geometry": { "type": "Point", "coordinates": [ -46.5267639, -23.6032714 ] } },
{ "type": "Feature", "properties": { "fid": 235037, "CNPJ": "46890636000157", "IDCIDADE": "SAO_PAULO", "NOMEFANTASIA": "SILMARA_CRISTINA_MARTINELLI", "RAZAOSOCIAL": "OTICA_STILLO", "ENDEE": "AVENIDA_DO_ORATORIO3479__MOOCA_03116-000", "LMAPS": "https://www.google.com/maps?q=&layer=c&cbll=-23.5982316,-46.5390971", "O_QUE_FAZER": "FINALIZADO", "ER_REGIAO_CIDADE_min": "São Paulo_São Lucas" }, "geometry": { "type": "Point", "coordinates": [ -46.5390971, -23.5982316 ] } },
{ "type": "Feature", "properties": { "fid": 235051, "CNPJ": "46892656000167", "IDCIDADE": "SAO_PAULO", "NOMEFANTASIA": "COMERCIAL_GALLEGOS", "RAZAOSOCIAL": "COMERCIAL_GALLEGOS_MATERIAIS_DE_CONSTRUCAO_LTDA", "ENDEE": "RUA_JOSE_MACEDO558__VILA_MACEDOPOLIS_03236-020", "LMAPS": "https://www.google.com/maps?q=&layer=c&cbll=-23.5941071,-46.5543668", "O_QUE_FAZER": "CARTEIRA", "ER_REGIAO_CIDADE_min": "São Paulo_São Lucas" }, "geometry": { "type": "Point", "coordinates": [ -46.5543668, -23.5941071 ] } },
{ "type": "Feature", "properties": { "fid": 235058, "CNPJ": "46893287000127", "IDCIDADE": "SAO_PAULO", "NOMEFANTASIA": "ZE_DO_COCO", "RAZAOSOCIAL": "ZE_DO_COCO_INDO_E_COMERCIO_DE_GELO_SABORIZANTE_LTDA", "ENDEE": "RUA_PROFESSOR_RUI_VIANNA_BRAGA266__VILA_PAULO_SILAS_03264-010", "LMAPS": "https://www.google.com/maps?q=&layer=c&cbll=-23.591853,-46.5484322", "O_QUE_FAZER": "CARTEIRA", "ER_REGIAO_CIDADE_min": "São Paulo_São Lucas" }, "geometry": { "type": "Point", "coordinates": [ -46.5484322, -23.591853 ] } },
{ "type": "Feature", "properties": { "fid": 235703, "CNPJ": "47024922000100", "IDCIDADE": "SAO_PAULO", "NOMEFANTASIA": "FLORESTA_BAR_E_LANCHES", "RAZAOSOCIAL": "FLORESTA_BAR_E_LANCHES_LTDA", "ENDEE": "AVENIDA_DO_ORATORIO1956__PARQUE_SAO_LUCAS_03195-000", "LMAPS": "https://www.google.com/maps?q=&layer=c&cbll=-23.5912903,-46.5502001", "O_QUE_FAZER": "CARTEIRA", "ER_REGIAO_CIDADE_min": "São Paulo_São Lucas" }, "geometry": { "type": "Point", "coordinates": [ -46.5502001, -23.5912903 ] } },
{ "type": "Feature", "properties": { "fid": 235754, "CNPJ": "47033307000152", "IDCIDADE": "SAO_PAULO", "NOMEFANTASIA": "WILLIAM_LUIZ_CAVALCANTE_FERNANDES_44463396808", "RAZAOSOCIAL": "TECH_STAR_WL", "ENDEE": "RUA_ANA_CLARA66__VILA_MENDES_03257-000", "LMAPS": "https://www.google.com/maps?q=&layer=c&cbll=-23.6100694,-46.5324735", "O_QUE_FAZER": "FINALIZADO", "ER_REGIAO_CIDADE_min": "São Paulo_São Lucas" }, "geometry": { "type": "Point", "coordinates": [ -46.5324735, -23.6100694 ] } },
{ "type": "Feature", "properties": { "fid": 235794, "CNPJ": "47042812000163", "IDCIDADE": "SAO_PAULO", "NOMEFANTASIA": "47.042.812_RAMON_OLIVEIRA_RODRIGUES", "RAZAOSOCIAL": "ROR_PLACAS", "ENDEE": "RUA_PRINCESA_MARIA_PIA518__VILA_SANTA_CLARA_03274-120", "LMAPS": "https://www.google.com/maps?q=&layer=c&cbll=-23.5804229,-46.5562382", "O_QUE_FAZER": "FINALIZADO", "ER_REGIAO_CIDADE_min": "São Paulo_São Lucas" }, "geometry": { "type": "Point", "coordinates": [ -46.5562382, -23.5804229 ] } },
{ "type": "Feature", "properties": { "fid": 235901, "CNPJ": "47064248000180", "IDCIDADE": "SAO_PAULO", "NOMEFANTASIA": "CHURRA_CHOPP", "RAZAOSOCIAL": "SFR_COMERCIO_DE_ESPETINHOS_FESTAS_E_EVENTOS_LTDA", "ENDEE": "RUA_JOSE_MACEDO691__VILA_MACEDOPOLIS_03236-020", "LMAPS": "https://www.google.com/maps?q=&layer=c&cbll=-23.5952283,-46.5550132", "O_QUE_FAZER": "CARTEIRA", "ER_REGIAO_CIDADE_min": "São Paulo_São Lucas" }, "geometry": { "type": "Point", "coordinates": [ -46.5550132, -23.5952283 ] } },
{ "type": "Feature", "properties": { "fid": 236164, "CNPJ": "47110713000171", "IDCIDADE": "SAO_PAULO", "NOMEFANTASIA": "AVICOLA_E_ROTISSERIE_HANDA_LTDA", "RAZAOSOCIAL": "HANDA_ROTISSERIA", "ENDEE": "AVENIDA_MORAIS_COSTA16__VILA_INDUSTRIAL_03253-000", "LMAPS": "https://www.google.com/maps?q=&layer=c&cbll=-23.6031165,-46.5296326", "O_QUE_FAZER": "FINALIZADO", "ER_REGIAO_CIDADE_min": "São Paulo_São Lucas" }, "geometry": { "type": "Point", "coordinates": [ -46.5296326, -23.6031165 ] } },
{ "type": "Feature", "properties": { "fid": 236165, "CNPJ": "47110726000140", "IDCIDADE": "SAO_PAULO", "NOMEFANTASIA": "PREFIRO_COMER_BOLO", "RAZAOSOCIAL": "PREFIRO_COMER_BOLO_LTDA", "ENDEE": "AVENIDA_DO_ORATORIO1938__PARQUE_SAO_LUCAS_03220-100", "LMAPS": "https://www.google.com/maps?q=&layer=c&cbll=-23.5912917,-46.5505433", "O_QUE_FAZER": "CARTEIRA", "ER_REGIAO_CIDADE_min": "São Paulo_São Lucas" }, "geometry": { "type": "Point", "coordinates": [ -46.5505433, -23.5912917 ] } },
{ "type": "Feature", "properties": { "fid": 236166, "CNPJ": "47110812000153", "IDCIDADE": "SAO_PAULO", "NOMEFANTASIA": "COMERCIO_DE_FERRAGENS_FELICAR_LTDA", "RAZAOSOCIAL": "COMERCIO_DE_FERRAGENS_FELICAR", "ENDEE": "AVENIDA_DO_ORATORIO2126__v_03116-000", "LMAPS": "https://www.google.com/maps?q=&layer=c&cbll=-23.5917989,-46.5485657", "O_QUE_FAZER": "FINALIZADO", "ER_REGIAO_CIDADE_min": "São Paulo_São Lucas" }, "geometry": { "type": "Point", "coordinates": [ -46.5485657, -23.5917989 ] } },
{ "type": "Feature", "properties": { "fid": 236184, "CNPJ": "47114590000147", "IDCIDADE": "SAO_PAULO", "NOMEFANTASIA": "ROSA_DE_OURO_ALIMENTOS", "RAZAOSOCIAL": "ROSA_DE_OURO_COMERCIO_DE_PRODUTOS_ALIMENTICIOS_LTDA", "ENDEE": "AVENIDA_DO_ORATORIO4867__JARDIM_GUAIRACA_03195-000", "LMAPS": "https://www.google.com/maps?q=&layer=c&cbll=-23.6028897,-46.5278963", "O_QUE_FAZER": "CARTEIRA", "ER_REGIAO_CIDADE_min": "São Paulo_São Lucas" }, "geometry": { "type": "Point", "coordinates": [ -46.5278963, -23.6028897 ] } },
{ "type": "Feature", "properties": { "fid": 236212, "CNPJ": "47118898000160", "IDCIDADE": "SAO_PAULO", "NOMEFANTASIA": "PANIFICADORA_MARTINS", "RAZAOSOCIAL": "PANIFICADORA_MARTINS_LTDA", "ENDEE": "RUA_IRMA_MARIA_UMBELINA54__VILA_CUNHA_BUENO_03256-020", "LMAPS": "https://www.google.com/maps?q=&layer=c&cbll=-23.6093117,-46.52892", "O_QUE_FAZER": "CARTEIRA", "ER_REGIAO_CIDADE_min": "São Paulo_São Lucas" }, "geometry": { "type": "Point", "coordinates": [ -46.52892, -23.6093117 ] } },
{ "type": "Feature", "properties": { "fid": 236229, "CNPJ": "47123088000100", "IDCIDADE": "SAO_PAULO", "NOMEFANTASIA": "CONFIO_MOTORES", "RAZAOSOCIAL": "ELETRO_MECANICA_COM_FIO_LTDA", "ENDEE": "AVENIDA_SAPOPEMBA4682__SAPOPEMBA_03988-010", "LMAPS": "https://www.google.com/maps?q=&layer=c&cbll=-23.5784517,-46.5449842", "O_QUE_FAZER": "CARTEIRA", "ER_REGIAO_CIDADE_min": "São Paulo_São Lucas" }, "geometry": { "type": "Point", "coordinates": [ -46.5449842, -23.5784517 ] } },
{ "type": "Feature", "properties": { "fid": 236370, "CNPJ": "47155904000150", "IDCIDADE": "SAO_PAULO", "NOMEFANTASIA": "CELL_PROTECH", "RAZAOSOCIAL": "CELL_PROTECH", "ENDEE": "AVENIDA_EMA__3528_03282-000", "LMAPS": "https://www.google.com/maps?q=&layer=c&cbll=-23.5828701,-46.5493848", "O_QUE_FAZER": "FINALIZADO", "ER_REGIAO_CIDADE_min": "São Paulo_São Lucas" }, "geometry": { "type": "Point", "coordinates": [ -46.5493848, -23.5828701 ] } },
{ "type": "Feature", "properties": { "fid": 237033, "CNPJ": "47289948000172", "IDCIDADE": "SAO_PAULO", "NOMEFANTASIA": "DANILO_BAZARIN_WENNRICH_CORRETORA_DE_SEGUROS_DE_VIDA_LTDA", "RAZAOSOCIAL": "DBW_CORRETORA", "ENDEE": "RUA_DONA_MARIA_CANDIDA_DE_LIMA150__VILA_PAULO_SILAS_03264-070", "LMAPS": "https://www.google.com/maps?q=&layer=c&cbll=-23.5927935,-46.5441228", "O_QUE_FAZER": "FINALIZADO", "ER_REGIAO_CIDADE_min": "São Paulo_São Lucas" }, "geometry": { "type": "Point", "coordinates": [ -46.5441228, -23.5927935 ] } },
{ "type": "Feature", "properties": { "fid": 237056, "CNPJ": "47295534000156", "IDCIDADE": "SAO_PAULO", "NOMEFANTASIA": "THIAGO_DUARTE_MOURA_40122251890", "RAZAOSOCIAL": "BARBEARIA_DO_LEO", "ENDEE": "RUA_JOSE_ANTONIO_FONTES853__VILA_MIAMI_03269-070", "LMAPS": "https://www.google.com/maps?q=&layer=c&cbll=-23.6035729,-46.5268021", "O_QUE_FAZER": "FINALIZADO", "ER_REGIAO_CIDADE_min": "São Paulo_São Lucas" }, "geometry": { "type": "Point", "coordinates": [ -46.5268021, -23.6035729 ] } },
{ "type": "Feature", "properties": { "fid": 237216, "CNPJ": "47329884000196", "IDCIDADE": "SAO_PAULO", "NOMEFANTASIA": "RAFISA", "RAZAOSOCIAL": "VL_UTENSILIOS_DOMESTICOS_UNIPESSOAL_LIMITADA", "ENDEE": "AVENIDA_SAPOPEMBA4314__SAPOPEMBA_03374-001", "LMAPS": "https://www.google.com/maps?q=&layer=c&cbll=-23.5774199,-46.5489972", "O_QUE_FAZER": "CARTEIRA", "ER_REGIAO_CIDADE_min": "São Paulo_São Lucas" }, "geometry": { "type": "Point", "coordinates": [ -46.5489972, -23.5774199 ] } },
{ "type": "Feature", "properties": { "fid": 237671, "CNPJ": "47422350000100", "IDCIDADE": "SAO_PAULO", "NOMEFANTASIA": "JANAINA_R_F_DE_AMORIM_LTDA", "RAZAOSOCIAL": "JJS_TURISMO", "ENDEE": "RUA_COSTA_BARROS2050__SITIO_PINHEIRINHO_03210-001", "LMAPS": "https://www.google.com/maps?q=&layer=c&cbll=-23.6033795,-46.5495044", "O_QUE_FAZER": "FINALIZADO", "ER_REGIAO_CIDADE_min": "São Paulo_São Lucas" }, "geometry": { "type": "Point", "coordinates": [ -46.5495044, -23.6033795 ] } },
{ "type": "Feature", "properties": { "fid": 237809, "CNPJ": "47443354000174", "IDCIDADE": "SAO_PAULO", "NOMEFANTASIA": "A_CASA_DA_RACAO_DISTRIBUIDORA_DE_RACOES_E_PET_SHOP_LTDA", "RAZAOSOCIAL": "PET_SHOP_A_CASA_DA_RACAO", "ENDEE": "RUA_FRANCISCO_JOSE_DA_CRUZ40__VILA_EMA_03283-010", "LMAPS": "https://www.google.com/maps?q=&layer=c&cbll=-23.59018,-46.5387996", "O_QUE_FAZER": "FINALIZADO", "ER_REGIAO_CIDADE_min": "São Paulo_São Lucas" }, "geometry": { "type": "Point", "coordinates": [ -46.5387996, -23.59018 ] } },
{ "type": "Feature", "properties": { "fid": 238406, "CNPJ": "47594525000166", "IDCIDADE": "SAO_PAULO", "NOMEFANTASIA": "MZ_PLANEJADOS", "RAZAOSOCIAL": "MZ_PLANEJADOS_LTDA", "ENDEE": "RUA_JOSE_ANTONIO_FONTES214__VILA_TOLSTOI_03255-000", "LMAPS": "https://www.google.com/maps?q=&layer=c&cbll=-23.5931496,-46.534752", "O_QUE_FAZER": "CARTEIRA", "ER_REGIAO_CIDADE_min": "São Paulo_São Lucas" }, "geometry": { "type": "Point", "coordinates": [ -46.534752, -23.5931496 ] } },
{ "type": "Feature", "properties": { "fid": 238774, "CNPJ": "47666524000180", "IDCIDADE": "SAO_PAULO", "NOMEFANTASIA": "FLORICULTURA_ROSANA", "RAZAOSOCIAL": "FLORICULTURA_ROSANA_LTDA", "ENDEE": "AVENIDA_DO_ORATORIO3398__JARDIM_GUAIRACA_03195-000", "LMAPS": "https://www.google.com/maps?q=&layer=c&cbll=-23.59826,-46.539675", "O_QUE_FAZER": "CARTEIRA", "ER_REGIAO_CIDADE_min": "São Paulo_São Lucas" }, "geometry": { "type": "Point", "coordinates": [ -46.539675, -23.59826 ] } },
{ "type": "Feature", "properties": { "fid": 238798, "CNPJ": "47670575000185", "IDCIDADE": "SAO_PAULO", "NOMEFANTASIA": "DESTAKE_CALCADOS", "RAZAOSOCIAL": "CALCADOS_DESTAKE_LTDA", "ENDEE": "AVENIDA_MORAIS_COSTA97__VILA_INDUSTRIAL_03253-000", "LMAPS": "https://www.google.com/maps?q=&layer=c&cbll=-23.6040011,-46.5295449", "O_QUE_FAZER": "CARTEIRA", "ER_REGIAO_CIDADE_min": "São Paulo_São Lucas" }, "geometry": { "type": "Point", "coordinates": [ -46.5295449, -23.6040011 ] } },
{ "type": "Feature", "properties": { "fid": 238801, "CNPJ": "47670963000166", "IDCIDADE": "SAO_PAULO", "NOMEFANTASIA": "PANIFICADORA_NOVA_OLARIA_LTDA", "RAZAOSOCIAL": "PANIFICADORA_NOVA_VITORIA", "ENDEE": "RUA_COSTA_BARROS1729__VILA_ALPINA_03210-000", "LMAPS": "https://www.google.com/maps?q=&layer=c&cbll=-23.5999616,-46.5510732", "O_QUE_FAZER": "FINALIZADO", "ER_REGIAO_CIDADE_min": "São Paulo_São Lucas" }, "geometry": { "type": "Point", "coordinates": [ -46.5510732, -23.5999616 ] } },
{ "type": "Feature", "properties": { "fid": 239310, "CNPJ": "47776855000172", "IDCIDADE": "SAO_PAULO", "NOMEFANTASIA": "AGNUS_MOVEIS", "RAZAOSOCIAL": "AGNUS_PRIME_-_MOVEIS_SOB_MEDIDA_LTDA", "ENDEE": "RUA_DOS_TACAPES112__VILA_DIVINA_PASTORA_03265-090", "LMAPS": "https://www.google.com/maps?q=&layer=c&cbll=-23.5954795,-46.5434316", "O_QUE_FAZER": "CARTEIRA", "ER_REGIAO_CIDADE_min": "São Paulo_São Lucas" }, "geometry": { "type": "Point", "coordinates": [ -46.5434316, -23.5954795 ] } },
{ "type": "Feature", "properties": { "fid": 239345, "CNPJ": "47785770000150", "IDCIDADE": "SAO_PAULO", "NOMEFANTASIA": "SEIS_IRMAOS_AUTOPECAS_LTDA", "RAZAOSOCIAL": "6_IRMAOS_AUTO_PECAS", "ENDEE": "AVENIDA_DO_ORATORIO4002__MOOCA_03116-000", "LMAPS": "https://www.google.com/maps?q=&layer=c&cbll=-23.6013285,-46.5366158", "O_QUE_FAZER": "FINALIZADO", "ER_REGIAO_CIDADE_min": "São Paulo_São Lucas" }, "geometry": { "type": "Point", "coordinates": [ -46.5366158, -23.6013285 ] } },
{ "type": "Feature", "properties": { "fid": 239689, "CNPJ": "47860733000160", "IDCIDADE": "SAO_PAULO", "NOMEFANTASIA": "IMOBILIARIA_CABRERA", "RAZAOSOCIAL": "IMOBILIARIA_CABRERA_LTDA", "ENDEE": "AVENIDA_MORAIS_COSTA293__VILA_INDUSTRIAL_03253-000", "LMAPS": "https://www.google.com/maps?q=&layer=c&cbll=-23.60555,-46.5304567", "O_QUE_FAZER": "CARTEIRA", "ER_REGIAO_CIDADE_min": "São Paulo_São Lucas" }, "geometry": { "type": "Point", "coordinates": [ -46.5304567, -23.60555 ] } },
{ "type": "Feature", "properties": { "fid": 239991, "CNPJ": "47924275000185", "IDCIDADE": "SAO_PAULO", "NOMEFANTASIA": "47.924.275_MONICA_ANDRE_BEZERRA", "RAZAOSOCIAL": "3_IRMAOS_LOJA", "ENDEE": "AVENIDA_DO_ORATORIO4716__JARDIM_GUAIRACA_03220-200", "LMAPS": "https://www.google.com/maps?q=&layer=c&cbll=-23.6032439,-46.5293671", "O_QUE_FAZER": "FINALIZADO", "ER_REGIAO_CIDADE_min": "São Paulo_São Lucas" }, "geometry": { "type": "Point", "coordinates": [ -46.5293671, -23.6032439 ] } },
{ "type": "Feature", "properties": { "fid": 240246, "CNPJ": "47968725000131", "IDCIDADE": "SAO_PAULO", "NOMEFANTASIA": "MARIA_MALHA_PADARIA", "RAZAOSOCIAL": "ALPINA_PANIFICADORA_E_CONFEITARIA_LTDA", "ENDEE": "RUA_JOSE_MACEDO684__VILA_MACEDOPOLIS_03236-020", "LMAPS": "https://www.google.com/maps?q=&layer=c&cbll=-23.5951358,-46.5552051", "O_QUE_FAZER": "CARTEIRA", "ER_REGIAO_CIDADE_min": "São Paulo_São Lucas" }, "geometry": { "type": "Point", "coordinates": [ -46.5552051, -23.5951358 ] } },
{ "type": "Feature", "properties": { "fid": 240442, "CNPJ": "48007138000149", "IDCIDADE": "SAO_PAULO", "NOMEFANTASIA": "DADIAS_GESTAO_DE_IMOVEIS", "RAZAOSOCIAL": "DADIAS_GESTAO_IMOBILIARIA_LTDA", "ENDEE": "RUA_ANA_CLARA326__VILA_MENDES_03257-000", "LMAPS": "https://www.google.com/maps?q=&layer=c&cbll=-23.6111289,-46.5301618", "O_QUE_FAZER": "CARTEIRA", "ER_REGIAO_CIDADE_min": "São Paulo_São Lucas" }, "geometry": { "type": "Point", "coordinates": [ -46.5301618, -23.6111289 ] } },
{ "type": "Feature", "properties": { "fid": 240469, "CNPJ": "48012184000136", "IDCIDADE": "SAO_PAULO", "NOMEFANTASIA": "MAXCAR", "RAZAOSOCIAL": "FINECAR_AUTOMOVEIS_LTDA", "ENDEE": "AVENIDA_PROFESSOR_LUIZ_IGNACIO_ANHAIA_MELLO5606__JARDIM_INDEPENDENCIA_03265-000", "LMAPS": "https://www.google.com/maps?q=&layer=c&cbll=-23.5911284,-46.5427072", "O_QUE_FAZER": "CARTEIRA", "ER_REGIAO_CIDADE_min": "São Paulo_São Lucas" }, "geometry": { "type": "Point", "coordinates": [ -46.5427072, -23.5911284 ] } },
{ "type": "Feature", "properties": { "fid": 240629, "CNPJ": "48045744000159", "IDCIDADE": "SAO_PAULO", "NOMEFANTASIA": "LAJES_EMA", "RAZAOSOCIAL": "LAJES_EMA_INDUSTRIA_E_COMERCIO_DE_MATERIAIS_PARA_CONSTRUCAO_LTDA", "ENDEE": "AVENIDA_VILA_EMA3164__VILA_EMA_03282-000", "LMAPS": "https://www.google.com/maps?q=&layer=c&cbll=-23.5842445,-46.547017", "O_QUE_FAZER": "CARTEIRA", "ER_REGIAO_CIDADE_min": "São Paulo_São Lucas" }, "geometry": { "type": "Point", "coordinates": [ -46.547017, -23.5842445 ] } },
{ "type": "Feature", "properties": { "fid": 241285, "CNPJ": "48192341000132", "IDCIDADE": "SAO_PAULO", "NOMEFANTASIA": "DESPACHANTE_MARANATA", "RAZAOSOCIAL": "DESPACHANTE_MARANATA_LTDA", "ENDEE": "AVENIDA_VILA_EMA3053__VILA_EMA_03281-000", "LMAPS": "https://www.google.com/maps?q=&layer=c&cbll=-23.5836139,-46.5476461", "O_QUE_FAZER": "CARTEIRA", "ER_REGIAO_CIDADE_min": "São Paulo_São Lucas" }, "geometry": { "type": "Point", "coordinates": [ -46.5476461, -23.5836139 ] } },
{ "type": "Feature", "properties": { "fid": 241462, "CNPJ": "48225983000190", "IDCIDADE": "SAO_PAULO", "NOMEFANTASIA": "BLACK_PANTHER", "RAZAOSOCIAL": "BLACK_PANTHER_MODAS_LTDA", "ENDEE": "RUA_FRANCISCO_FETT540__VILA_PAULO_SILAS_03264-000", "LMAPS": "https://www.google.com/maps?q=&layer=c&cbll=-23.5923462,-46.5461702", "O_QUE_FAZER": "CARTEIRA", "ER_REGIAO_CIDADE_min": "São Paulo_São Lucas" }, "geometry": { "type": "Point", "coordinates": [ -46.5461702, -23.5923462 ] } },
{ "type": "Feature", "properties": { "fid": 241799, "CNPJ": "48285519000190", "IDCIDADE": "SAO_PAULO", "NOMEFANTASIA": "LANCHES_E_CHURRASCO_LTDA", "RAZAOSOCIAL": "LANCHES_E_CHURRASCO_ZANELATO_LTDA", "ENDEE": "RUA_EDMUNDO_JUVENTINO_FUENTES32__PARQUE_TOMAS_SARAIVA_03280-000", "LMAPS": "https://www.google.com/maps?q=&layer=c&cbll=-23.5856578,-46.5371053", "O_QUE_FAZER": "CARTEIRA", "ER_REGIAO_CIDADE_min": "São Paulo_São Lucas" }, "geometry": { "type": "Point", "coordinates": [ -46.5371053, -23.5856578 ] } },
{ "type": "Feature", "properties": { "fid": 241845, "CNPJ": "48293231000167", "IDCIDADE": "SAO_PAULO", "NOMEFANTASIA": "BOLOS_CASEIRO", "RAZAOSOCIAL": "BOLOS_CASEIROS_VERONEZI_LTDA", "ENDEE": "AVENIDA_DO_ORATORIO2376__PARQUE_SAO_LUCAS_03131-010", "LMAPS": "https://www.google.com/maps?q=&layer=c&cbll=-23.5928967,-46.5467252", "O_QUE_FAZER": "FINALIZADO", "ER_REGIAO_CIDADE_min": "São Paulo_São Lucas" }, "geometry": { "type": "Point", "coordinates": [ -46.5467252, -23.5928967 ] } },
{ "type": "Feature", "properties": { "fid": 241888, "CNPJ": "48305969000105", "IDCIDADE": "SAO_PAULO", "NOMEFANTASIA": "SIMONE_DA_SILVA_OLIVEIRA_32343441839", "RAZAOSOCIAL": "DONA_ROSA_RECREACAO_", "ENDEE": "RUA_CACHOEIRA_DA_BANDEIRA2__VILA_SAO_NICOLAU_03254-380", "LMAPS": "https://www.google.com/maps?q=&layer=c&cbll=-23.6124042,-46.533106", "O_QUE_FAZER": "FINALIZADO", "ER_REGIAO_CIDADE_min": "São Paulo_São Lucas" }, "geometry": { "type": "Point", "coordinates": [ -46.533106, -23.6124042 ] } },
{ "type": "Feature", "properties": { "fid": 242867, "CNPJ": "48487391000147", "IDCIDADE": "SAO_PAULO", "NOMEFANTASIA": "AMAZZON_DROGARIAS_LTDA", "RAZAOSOCIAL": "AMAZON_DROGARIAS", "ENDEE": "AVENIDA_SAPOPEMBA5754__SAPOPEMBA_03374-000", "LMAPS": "https://www.google.com/maps?q=&layer=c&cbll=-23.5826361,-46.535869", "O_QUE_FAZER": "FINALIZADO", "ER_REGIAO_CIDADE_min": "São Paulo_São Lucas" }, "geometry": { "type": "Point", "coordinates": [ -46.535869, -23.5826361 ] } },
{ "type": "Feature", "properties": { "fid": 242881, "CNPJ": "48494097000162", "IDCIDADE": "SAO_PAULO", "NOMEFANTASIA": "PET_FELIZ", "RAZAOSOCIAL": "PET_FELIZ_PETSHOP_UNIPESSOAL_LTDA", "ENDEE": "RUA_JOSE_MACEDO621__VILA_MACEDOPOLIS_03236-020", "LMAPS": "https://www.google.com/maps?q=&layer=c&cbll=-23.5947305,-46.5546567", "O_QUE_FAZER": "CARTEIRA", "ER_REGIAO_CIDADE_min": "São Paulo_São Lucas" }, "geometry": { "type": "Point", "coordinates": [ -46.5546567, -23.5947305 ] } },
{ "type": "Feature", "properties": { "fid": 243308, "CNPJ": "48576839000107", "IDCIDADE": "SAO_PAULO", "NOMEFANTASIA": "M._GASPARINO_MINI_MERCADO_LTDA.", "RAZAOSOCIAL": "MINI_MERCADO_SAFIRA", "ENDEE": "RUA_LISA_ANSORGE195__JARDIM_GUAIRACA_03244-060", "LMAPS": "https://www.google.com/maps?q=&layer=c&cbll=-23.6020373,-46.5384261", "O_QUE_FAZER": "FINALIZADO", "ER_REGIAO_CIDADE_min": "São Paulo_São Lucas" }, "geometry": { "type": "Point", "coordinates": [ -46.5384261, -23.6020373 ] } },
{ "type": "Feature", "properties": { "fid": 243315, "CNPJ": "48578249000105", "IDCIDADE": "SAO_PAULO", "NOMEFANTASIA": "GUARACA_PANIFICADORA", "RAZAOSOCIAL": "GUAIRACA_PANIFICADORA_E_CONFEITARIA_LTDA", "ENDEE": "RUA_COSTA_BARROS2737__SITIO_PINHEIRINHO_03210-001", "LMAPS": "https://www.google.com/maps?q=&layer=c&cbll=-23.6029255,-46.5424642", "O_QUE_FAZER": "CARTEIRA", "ER_REGIAO_CIDADE_min": "São Paulo_São Lucas" }, "geometry": { "type": "Point", "coordinates": [ -46.5424642, -23.6029255 ] } },
{ "type": "Feature", "properties": { "fid": 243345, "CNPJ": "48584049000165", "IDCIDADE": "SAO_PAULO", "NOMEFANTASIA": "PRATO_FINO_MERCADO", "RAZAOSOCIAL": "MERCADINHO_PRATO_FINO_LTDA", "ENDEE": "RUA_SOLIDONIO_LEITE1689__VILA_IVONE_03275-000", "LMAPS": "https://www.google.com/maps?q=&layer=c&cbll=-23.5836082,-46.542352", "O_QUE_FAZER": "CARTEIRA", "ER_REGIAO_CIDADE_min": "São Paulo_São Lucas" }, "geometry": { "type": "Point", "coordinates": [ -46.542352, -23.5836082 ] } },
{ "type": "Feature", "properties": { "fid": 243350, "CNPJ": "48584841000110", "IDCIDADE": "SAO_PAULO", "NOMEFANTASIA": "WINKY_PERFUMARIA", "RAZAOSOCIAL": "WINKY_COMERCIO_DE_COSMETICOS_LTDA", "ENDEE": "AVENIDA_DO_ORATORIO1997__PARQUE_SAO_LUCAS_03220-100", "LMAPS": "https://www.google.com/maps?q=&layer=c&cbll=-23.5914615,-46.5498109", "O_QUE_FAZER": "CARTEIRA", "ER_REGIAO_CIDADE_min": "São Paulo_São Lucas" }, "geometry": { "type": "Point", "coordinates": [ -46.5498109, -23.5914615 ] } },
{ "type": "Feature", "properties": { "fid": 243830, "CNPJ": "48677784000113", "IDCIDADE": "SAO_PAULO", "NOMEFANTASIA": "SEGUNDA_VIA_CELL", "RAZAOSOCIAL": "SEGUNDA_VIA_CELL", "ENDEE": "RUA_FRANCISCO_FETT__38_03264-000", "LMAPS": "https://www.google.com/maps?q=&layer=c&cbll=-23.5884367,-46.5438722", "O_QUE_FAZER": "FINALIZADO", "ER_REGIAO_CIDADE_min": "São Paulo_São Lucas" }, "geometry": { "type": "Point", "coordinates": [ -46.5438722, -23.5884367 ] } },
{ "type": "Feature", "properties": { "fid": 244040, "CNPJ": "48715691000136", "IDCIDADE": "SAO_PAULO", "NOMEFANTASIA": "ZIPEL_PAPEL_&_CIA", "RAZAOSOCIAL": "CGS_PAPELARIA_E_BAZAR_LTDA", "ENDEE": "AVENIDA_DO_ORATORIO4893__JARDIM_GUAIRACA_03116-000", "LMAPS": "https://www.google.com/maps?q=&layer=c&cbll=-23.6029312,-46.5275035", "O_QUE_FAZER": "APLICAR T4", "ER_REGIAO_CIDADE_min": "São Paulo_São Lucas" }, "geometry": { "type": "Point", "coordinates": [ -46.5275035, -23.6029312 ] } },
{ "type": "Feature", "properties": { "fid": 244068, "CNPJ": "48719660000153", "IDCIDADE": "SAO_PAULO", "NOMEFANTASIA": "AUTO_PECAS_FRANK", "RAZAOSOCIAL": "GUILHERME_SILVA_LIMBERG_FILHO_RECONDICIONADORA", "ENDEE": "AVENIDA_VILA_EMA4819__VILA_EMA_03281-001", "LMAPS": "https://www.google.com/maps?q=&layer=c&cbll=-23.5951483,-46.5369082", "O_QUE_FAZER": "CARTEIRA", "ER_REGIAO_CIDADE_min": "São Paulo_São Lucas" }, "geometry": { "type": "Point", "coordinates": [ -46.5369082, -23.5951483 ] } },
{ "type": "Feature", "properties": { "fid": 244073, "CNPJ": "48721419000169", "IDCIDADE": "SAO_PAULO", "NOMEFANTASIA": "CASA_DE_CARNES_E_ROTISSERIA_VILA_EMA_LTDA", "RAZAOSOCIAL": "CASA_DE_CARNES_E_ROTISSERIE_VILA_EMA", "ENDEE": "RUA_FRANCISCO_JOSE_DA_CRUZ8__VILA_EMA_03283-010", "LMAPS": "https://www.google.com/maps?q=&layer=c&cbll=-23.5897996,-46.5387174", "O_QUE_FAZER": "FINALIZADO", "ER_REGIAO_CIDADE_min": "São Paulo_São Lucas" }, "geometry": { "type": "Point", "coordinates": [ -46.5387174, -23.5897996 ] } },
{ "type": "Feature", "properties": { "fid": 244383, "CNPJ": "48794350000101", "IDCIDADE": "SAO_PAULO", "NOMEFANTASIA": "RESTAURANTE_IMPERIO_DO_CHEF", "RAZAOSOCIAL": "IMPERIO_DO_CHEFF_RESTAURANTE_E_PETISCARIA_LTDA", "ENDEE": "AVENIDA_DO_ORATORIO3501__JARDIM_GUAIRACA_03195-000", "LMAPS": "https://www.google.com/maps?q=&layer=c&cbll=-23.5984926,-46.5388251", "O_QUE_FAZER": "CARTEIRA", "ER_REGIAO_CIDADE_min": "São Paulo_São Lucas" }, "geometry": { "type": "Point", "coordinates": [ -46.5388251, -23.5984926 ] } },
{ "type": "Feature", "properties": { "fid": 244853, "CNPJ": "48885690000130", "IDCIDADE": "SAO PAULO", "NOMEFANTASIA": "-", "RAZAOSOCIAL": "48.885.690_RAMILE_SOARES_BARBALHO", "ENDEE": "AVENIDA VILA EMA, 2258, APT 1206B, VILA EMA, 03282-000, SÃO PAULO, SP, BRASIL", "LMAPS": "https://www.google.com/maps?q=&layer=c&cbll=-23.5814681,-46.5546985", "O_QUE_FAZER": "CARTEIRA - FAMPE", "ER_REGIAO_CIDADE_min": "São Paulo_São Lucas" }, "geometry": { "type": "Point", "coordinates": [ -46.5546985, -23.5814681 ] } },
{ "type": "Feature", "properties": { "fid": 245026, "CNPJ": "48926158000113", "IDCIDADE": "SAO_PAULO", "NOMEFANTASIA": "EMA_GAS_COMERCIAL", "RAZAOSOCIAL": "EMA_GAS_COMERCIAL_LTDA", "ENDEE": "AVENIDA_VILA_EMA3131__VILA_EMA_03281-000", "LMAPS": "https://www.google.com/maps?q=&layer=c&cbll=-23.5839984,-46.5470962", "O_QUE_FAZER": "CARTEIRA", "ER_REGIAO_CIDADE_min": "São Paulo_São Lucas" }, "geometry": { "type": "Point", "coordinates": [ -46.5470962, -23.5839984 ] } },
{ "type": "Feature", "properties": { "fid": 245178, "CNPJ": "48962300000188", "IDCIDADE": "SAO_PAULO", "NOMEFANTASIA": "PONTO_DO_SORVETE_RALLY", "RAZAOSOCIAL": "PONTO_DO_SORVETE_RALLY_LTDA", "ENDEE": "AVENIDA_VILA_EMA2555__VILA_EMA_03156-000", "LMAPS": "https://www.google.com/maps?q=&layer=c&cbll=-23.5819017,-46.55188", "O_QUE_FAZER": "CARTEIRA", "ER_REGIAO_CIDADE_min": "São Paulo_São Lucas" }, "geometry": { "type": "Point", "coordinates": [ -46.55188, -23.5819017 ] } },
{ "type": "Feature", "properties": { "fid": 246254, "CNPJ": "49237640000109", "IDCIDADE": "SAO_PAULO", "NOMEFANTASIA": "49.237.640_NIELTON_COSTA_DA_CRUZ", "RAZAOSOCIAL": "CRUZ_SALAO_E_BARBEARIA", "ENDEE": "RUA_JOSE_ANTONIO_FONTES880__VILA_MIAMI_03254-000", "LMAPS": "https://www.google.com/maps?q=&layer=c&cbll=-23.6037365,-46.5272723", "O_QUE_FAZER": "FINALIZADO", "ER_REGIAO_CIDADE_min": "São Paulo_São Lucas" }, "geometry": { "type": "Point", "coordinates": [ -46.5272723, -23.6037365 ] } },
{ "type": "Feature", "properties": { "fid": 246261, "CNPJ": "49238700000108", "IDCIDADE": "SAO_PAULO", "NOMEFANTASIA": "VISION_BARROS_OPTICA_LTDA", "RAZAOSOCIAL": "OTICA_VISION_BARROS", "ENDEE": "AVENIDA_SAO_LUCAS19__PARQUE_SAO_LUCAS_03239-000", "LMAPS": "https://www.google.com/maps?q=&layer=c&cbll=-23.5931951,-46.5464075", "O_QUE_FAZER": "FINALIZADO", "ER_REGIAO_CIDADE_min": "São Paulo_São Lucas" }, "geometry": { "type": "Point", "coordinates": [ -46.5464075, -23.5931951 ] } },
{ "type": "Feature", "properties": { "fid": 246363, "CNPJ": "49258808000162", "IDCIDADE": "SAO_PAULO", "NOMEFANTASIA": "BARATAO_SAO_LUCAS", "RAZAOSOCIAL": "BARATAO_SAO_LUCAS_LTDA", "ENDEE": "AVENIDA_SAO_LUCAS42__PARQUE_SAO_LUCAS_03239-000", "LMAPS": "https://www.google.com/maps?q=&layer=c&cbll=-23.5933354,-46.5466509", "O_QUE_FAZER": "CARTEIRA", "ER_REGIAO_CIDADE_min": "São Paulo_São Lucas" }, "geometry": { "type": "Point", "coordinates": [ -46.5466509, -23.5933354 ] } },
{ "type": "Feature", "properties": { "fid": 246861, "CNPJ": "49375970000160", "IDCIDADE": "SAO_PAULO", "NOMEFANTASIA": "49.375.970_IGOR_LOPES_VALVERDE", "RAZAOSOCIAL": "PAPELARIA_SAFIRA", "ENDEE": "RUA_COSTA_BARROS2200__SITIO_PINHEIRINHO_03210-001", "LMAPS": "https://www.google.com/maps?q=&layer=c&cbll=-23.6017261,-46.5468919", "O_QUE_FAZER": "FINALIZADO", "ER_REGIAO_CIDADE_min": "São Paulo_São Lucas" }, "geometry": { "type": "Point", "coordinates": [ -46.5468919, -23.6017261 ] } },
{ "type": "Feature", "properties": { "fid": 247090, "CNPJ": "49433056000129", "IDCIDADE": "SAO_PAULO", "NOMEFANTASIA": "49.433.056_IRIS_BALBINO_DE_SOUZA_FEITOSA", "RAZAOSOCIAL": "ROSA_CHICLETE", "ENDEE": "AVENIDA_MORAIS_COSTA288__VILA_INDUSTRIAL_03253-000", "LMAPS": "https://www.google.com/maps?q=&layer=c&cbll=-23.6054547,-46.5306364", "O_QUE_FAZER": "FINALIZADO", "ER_REGIAO_CIDADE_min": "São Paulo_São Lucas" }, "geometry": { "type": "Point", "coordinates": [ -46.5306364, -23.6054547 ] } },
{ "type": "Feature", "properties": { "fid": 247403, "CNPJ": "49498557000193", "IDCIDADE": "SAO_PAULO", "NOMEFANTASIA": "RHR_MULTIMARCAS", "RAZAOSOCIAL": "RHR_MULTIMARCAS_LTDA", "ENDEE": "AVENIDA_PROFESSOR_LUIZ_IGNACIO_ANHAIA_MELLO4991__VILA_GRACIOSA_03295-000", "LMAPS": "https://www.google.com/maps?q=&layer=c&cbll=-23.5863848,-46.5467896", "O_QUE_FAZER": "FINALIZADO", "ER_REGIAO_CIDADE_min": "São Paulo_São Lucas" }, "geometry": { "type": "Point", "coordinates": [ -46.5467896, -23.5863848 ] } },
{ "type": "Feature", "properties": { "fid": 247657, "CNPJ": "49551523000115", "IDCIDADE": "SAO_PAULO", "NOMEFANTASIA": "LAURA_UTILIDADES", "RAZAOSOCIAL": "LAURA_MINIMERCADO_E_UTILIDADES_LTDA", "ENDEE": "AVENIDA_DO_ORATORIO4597__JARDIM_GUAIRACA_03195-000", "LMAPS": "https://www.google.com/maps?q=&layer=c&cbll=-23.6023926,-46.5301184", "O_QUE_FAZER": "CARTEIRA", "ER_REGIAO_CIDADE_min": "São Paulo_São Lucas" }, "geometry": { "type": "Point", "coordinates": [ -46.5301184, -23.6023926 ] } },
{ "type": "Feature", "properties": { "fid": 247865, "CNPJ": "49593093000102", "IDCIDADE": "SAO_PAULO", "NOMEFANTASIA": "-", "RAZAOSOCIAL": "49.593.093_VALDIR_GONCALVES_ALCANTARA", "ENDEE": "RUA_HERWIS_157_VILA EMA_03279-000_SAO_PAULO", "LMAPS": "https://www.google.com/maps?q=&layer=c&cbll=-23.5813728,-46.5402862", "O_QUE_FAZER": "FINALIZADO", "ER_REGIAO_CIDADE_min": "São Paulo_São Lucas" }, "geometry": { "type": "Point", "coordinates": [ -46.5402862, -23.5813728 ] } },
{ "type": "Feature", "properties": { "fid": 248039, "CNPJ": "49623175000144", "IDCIDADE": "SAO PAULO", "NOMEFANTASIA": "MEKATECH", "RAZAOSOCIAL": "MEKATECH_INDUSTRIA_E_COMERCIO_LTDA", "ENDEE": "RUA JOSÉ APARÍCIO, 67, SÍTIO DA FIGUEIRA, 03211-025, SÃO PAULO, SP, BRASIL", "LMAPS": "https://www.google.com/maps?q=&layer=c&cbll=-23.6032096,-46.5512405", "O_QUE_FAZER": "CARTEIRA - FAMPE", "ER_REGIAO_CIDADE_min": "São Paulo_São Lucas" }, "geometry": { "type": "Point", "coordinates": [ -46.5512405, -23.6032096 ] } },
{ "type": "Feature", "properties": { "fid": 249411, "CNPJ": "49890900000140", "IDCIDADE": "SAO_PAULO", "NOMEFANTASIA": "ACAI_DOS_GAJOS_LTDA", "RAZAOSOCIAL": "ACAI_DOS_GAJOS", "ENDEE": "AVENIDA_DO_ORATORIO1765__VILA_INDEPENDENCIA_03220-000", "LMAPS": "https://www.google.com/maps?q=&layer=c&cbll=-23.5903009,-46.5517177", "O_QUE_FAZER": "FINALIZADO", "ER_REGIAO_CIDADE_min": "São Paulo_São Lucas" }, "geometry": { "type": "Point", "coordinates": [ -46.5517177, -23.5903009 ] } },
{ "type": "Feature", "properties": { "fid": 249743, "CNPJ": "49955144000190", "IDCIDADE": "SAO_PAULO", "NOMEFANTASIA": "DU_JAPA_MULTIMARCAS_LTDA", "RAZAOSOCIAL": "DU_JAPA_MULTIMARCAS", "ENDEE": "RUA_GOMES1018__VILA_IVONE_03275-010", "LMAPS": "https://www.google.com/maps?q=&layer=c&cbll=-23.582021,-46.5536429", "O_QUE_FAZER": "FINALIZADO", "ER_REGIAO_CIDADE_min": "São Paulo_São Lucas" }, "geometry": { "type": "Point", "coordinates": [ -46.5536429, -23.582021 ] } },
{ "type": "Feature", "properties": { "fid": 249884, "CNPJ": "49977572000114", "IDCIDADE": "SAO_PAULO", "NOMEFANTASIA": "YAMALU_SERVICOS_MEDICOS_LTDA", "RAZAOSOCIAL": "YAMALU", "ENDEE": "RUA_ANTONIO_MORENO_LEAL37__VILA_CARMEM_03280-120", "LMAPS": "https://www.google.com/maps?q=&layer=c&cbll=-23.5808839,-46.539085", "O_QUE_FAZER": "FINALIZADO", "ER_REGIAO_CIDADE_min": "São Paulo_São Lucas" }, "geometry": { "type": "Point", "coordinates": [ -46.539085, -23.5808839 ] } },
{ "type": "Feature", "properties": { "fid": 250214, "CNPJ": "50042440000180", "IDCIDADE": "SAO_PAULO", "NOMEFANTASIA": "CONFRARIA_DAS_BONITAS_SALAO_DE_BELEZA_E_ESTETICA_LTDA", "RAZAOSOCIAL": "CONFRARIA_DAS_BONITAS", "ENDEE": "AVENIDA_DO_ORATORIO5600__VILA_INDUSTRIAL_03116-000", "LMAPS": "https://www.google.com/maps?q=&layer=c&cbll=-23.6060912,-46.5225364", "O_QUE_FAZER": "FINALIZADO", "ER_REGIAO_CIDADE_min": "São Paulo_São Lucas" }, "geometry": { "type": "Point", "coordinates": [ -46.5225364, -23.6060912 ] } },
{ "type": "Feature", "properties": { "fid": 250550, "CNPJ": "50101075000137", "IDCIDADE": "SAO_PAULO", "NOMEFANTASIA": "MONTREAL_TECH_LTDA", "RAZAOSOCIAL": "MONTREAL_TECH", "ENDEE": "RUA_ANTONIO_MARQUES_JULIAO374__JARDIM_GUAIRACA_03244-000", "LMAPS": "https://www.google.com/maps?q=&layer=c&cbll=-23.601745,-46.540043", "O_QUE_FAZER": "FINALIZADO", "ER_REGIAO_CIDADE_min": "São Paulo_São Lucas" }, "geometry": { "type": "Point", "coordinates": [ -46.540043, -23.601745 ] } },
{ "type": "Feature", "properties": { "fid": 250840, "CNPJ": "50157989000110", "IDCIDADE": "SAO_PAULO", "NOMEFANTASIA": "KIMANIA_SALGADOS", "RAZAOSOCIAL": "KIMANIA_SALGADOS_LTDA", "ENDEE": "RUA_IRMA_MARIA_UMBELINA159__VILA_CUNHA_BUENO_03256-020", "LMAPS": "https://www.google.com/maps?q=&layer=c&cbll=-23.6101062,-46.5294498", "O_QUE_FAZER": "CARTEIRA", "ER_REGIAO_CIDADE_min": "São Paulo_São Lucas" }, "geometry": { "type": "Point", "coordinates": [ -46.5294498, -23.6101062 ] } },
{ "type": "Feature", "properties": { "fid": 251440, "CNPJ": "50275072000110", "IDCIDADE": "SAO_PAULO", "NOMEFANTASIA": "AUTO_ELETRICK_PARATODOS", "RAZAOSOCIAL": "AUTO_ELETRICO_PARATODOS_LTDA", "ENDEE": "AVENIDA_VILA_EMA2530__VILA_EMA_03281-000", "LMAPS": "https://www.google.com/maps?q=&layer=c&cbll=-23.5819787,-46.5523296", "O_QUE_FAZER": "APLICAR M2", "ER_REGIAO_CIDADE_min": "São Paulo_São Lucas" }, "geometry": { "type": "Point", "coordinates": [ -46.5523296, -23.5819787 ] } },
{ "type": "Feature", "properties": { "fid": 251554, "CNPJ": "50299502000133", "IDCIDADE": "SAO_PAULO", "NOMEFANTASIA": "OTICA_VILA_EMA", "RAZAOSOCIAL": "OTICA_VILA_EMA_LTDA", "ENDEE": "AVENIDA_VILA_EMA3450__VILA_EMA_03282-000", "LMAPS": "https://www.google.com/maps?q=&layer=c&cbll=-23.5861603,-46.5452162", "O_QUE_FAZER": "FINALIZADO", "ER_REGIAO_CIDADE_min": "São Paulo_São Lucas" }, "geometry": { "type": "Point", "coordinates": [ -46.5452162, -23.5861603 ] } },
{ "type": "Feature", "properties": { "fid": 251813, "CNPJ": "50357170000104", "IDCIDADE": "SAO_PAULO", "NOMEFANTASIA": "CHURRASCARIA_DO_ALEMAO", "RAZAOSOCIAL": "CHURRASCARIA_DO_ALEMAO", "ENDEE": "VILA_EMA3745__VILA_EMA_03281-000", "LMAPS": "https://www.google.com/maps?q=&layer=c&cbll=-23.5828701,-46.5493848", "O_QUE_FAZER": "FINALIZADO", "ER_REGIAO_CIDADE_min": "São Paulo_São Lucas" }, "geometry": { "type": "Point", "coordinates": [ -46.5493848, -23.5828701 ] } },
{ "type": "Feature", "properties": { "fid": 252660, "CNPJ": "50546571000102", "IDCIDADE": "SAO_PAULO", "NOMEFANTASIA": "CFC_REGIS_LTDA", "RAZAOSOCIAL": "AUTO_ESCOLA_REGIS", "ENDEE": "AVENIDA_DO_ORATORIO4281__JARDIM_GUAIRACA_03220-200", "LMAPS": "https://www.google.com/maps?q=&layer=c&cbll=-23.6014181,-46.532944", "O_QUE_FAZER": "FINALIZADO", "ER_REGIAO_CIDADE_min": "São Paulo_São Lucas" }, "geometry": { "type": "Point", "coordinates": [ -46.532944, -23.6014181 ] } },
{ "type": "Feature", "properties": { "fid": 252731, "CNPJ": "50560352000170", "IDCIDADE": "SAO_PAULO", "NOMEFANTASIA": "FAMILIA_JOIA", "RAZAOSOCIAL": "MERCADINHO_FAMILIA_JOIA_LTDA", "ENDEE": "RUA_ANA_CLARA376__VILA_MENDES_03257-000", "LMAPS": "https://www.google.com/maps?q=&layer=c&cbll=-23.6112748,-46.5298684", "O_QUE_FAZER": "CARTEIRA", "ER_REGIAO_CIDADE_min": "São Paulo_São Lucas" }, "geometry": { "type": "Point", "coordinates": [ -46.5298684, -23.6112748 ] } },
{ "type": "Feature", "properties": { "fid": 252957, "CNPJ": "50604311000138", "IDCIDADE": "SAO_PAULO", "NOMEFANTASIA": "SERVMAQ", "RAZAOSOCIAL": "SERVMAQ_LTDA", "ENDEE": "RUA_ANTONIO_MARQUES_JULIAO36__JARDIM_GUAIRACA_03244-000", "LMAPS": "https://www.google.com/maps?q=&layer=c&cbll=-23.5987131,-46.5387023", "O_QUE_FAZER": "CARTEIRA", "ER_REGIAO_CIDADE_min": "São Paulo_São Lucas" }, "geometry": { "type": "Point", "coordinates": [ -46.5387023, -23.5987131 ] } },
{ "type": "Feature", "properties": { "fid": 253020, "CNPJ": "50615483000107", "IDCIDADE": "SAO_PAULO", "NOMEFANTASIA": "BAR_E_MERCEARIA_PAGO", "RAZAOSOCIAL": "BAR_E_MERCEARIA_PAGO_LTDA", "ENDEE": "RUA_JAIME_PAIVA11__PARQUE_SAO_LUCAS_03240-050", "LMAPS": "https://www.google.com/maps?q=&layer=c&cbll=-23.5985223,-46.5454729", "O_QUE_FAZER": "CARTEIRA", "ER_REGIAO_CIDADE_min": "São Paulo_São Lucas" }, "geometry": { "type": "Point", "coordinates": [ -46.5454729, -23.5985223 ] } },
{ "type": "Feature", "properties": { "fid": 253337, "CNPJ": "50679851000180", "IDCIDADE": "SAO_PAULO", "NOMEFANTASIA": "AUTO_ESCOLA_JANGADA_LTDA", "RAZAOSOCIAL": "AUTO_ESCOLA_JANGADA", "ENDEE": "AVENIDA_DO_ORATORIO4047__JARDIM_GUAIRACA_03220-200", "LMAPS": "https://www.google.com/maps?q=&layer=c&cbll=-23.6018905,-46.5352048", "O_QUE_FAZER": "FINALIZADO", "ER_REGIAO_CIDADE_min": "São Paulo_São Lucas" }, "geometry": { "type": "Point", "coordinates": [ -46.5352048, -23.6018905 ] } },
{ "type": "Feature", "properties": { "fid": 253494, "CNPJ": "50712090000111", "IDCIDADE": "SAO_PAULO", "NOMEFANTASIA": "CENTRO_AUTOMOTIVO_PINGA_LTDA", "RAZAOSOCIAL": "CENTRO_AUTOMOTIVO_PINGA", "ENDEE": "AVENIDA_DO_ORATORIO4190__JARDIM_GUAIRACA_03220-200", "LMAPS": "https://www.google.com/maps?q=&layer=c&cbll=-23.6020001,-46.5346828", "O_QUE_FAZER": "FINALIZADO", "ER_REGIAO_CIDADE_min": "São Paulo_São Lucas" }, "geometry": { "type": "Point", "coordinates": [ -46.5346828, -23.6020001 ] } },
{ "type": "Feature", "properties": { "fid": 253626, "CNPJ": "50730810000171", "IDCIDADE": "SAO_PAULO", "NOMEFANTASIA": "DOURADOS_PET_SHOP", "RAZAOSOCIAL": "DOURADO'S_PETSHOP_COMERCIO_DE_PRODUTOS_UNIPESSOAL_LTDA", "ENDEE": "AVENIDA_VILA_EMA2130__VILA_EMA_03281-000", "LMAPS": "https://www.google.com/maps?q=&layer=c&cbll=-23.58117,-46.556108", "O_QUE_FAZER": "CARTEIRA", "ER_REGIAO_CIDADE_min": "São Paulo_São Lucas" }, "geometry": { "type": "Point", "coordinates": [ -46.556108, -23.58117 ] } },
{ "type": "Feature", "properties": { "fid": 253812, "CNPJ": "50755899000120", "IDCIDADE": "SAO_PAULO", "NOMEFANTASIA": "50.755.899_MARCELO_DA_SILVA_AYRES_FARIAS", "RAZAOSOCIAL": "50.755.899_MARCELO_DA_SILVA_AYRES_FARIAS", "ENDEE": "RUA_MARGARIDA_STACH47__VILA_EMA_03278-040", "LMAPS": "https://www.google.com/maps?q=&layer=c&cbll=-23.580931,-46.5456998", "O_QUE_FAZER": "FINALIZADO", "ER_REGIAO_CIDADE_min": "São Paulo_São Lucas" }, "geometry": { "type": "Point", "coordinates": [ -46.5456998, -23.580931 ] } },
{ "type": "Feature", "properties": { "fid": 253834, "CNPJ": "50760942000146", "IDCIDADE": "SAO PAULO", "NOMEFANTASIA": "DNZ_MOTOS", "RAZAOSOCIAL": "50.760.942_MARIA_TEREZA_SANTOS_DA_SILVA", "ENDEE": "PROFESSOR LUIZ IGNÁCIO ANHAIA MELLO, 5648, VILA GRACIOSA, SÃO PAULO_03295-000", "LMAPS": "https://www.google.com/maps?q=&layer=c&cbll=-23.5913047,-46.5431011", "O_QUE_FAZER": "FINALIZADO", "ER_REGIAO_CIDADE_min": "São Paulo_São Lucas" }, "geometry": { "type": "Point", "coordinates": [ -46.5431011, -23.5913047 ] } },
{ "type": "Feature", "properties": { "fid": 254148, "CNPJ": "50826806000101", "IDCIDADE": "SAO PAULO", "NOMEFANTASIA": "-", "RAZAOSOCIAL": "50.826.806_HELENA_RODRIGUES_DOS_SANTOS_BELARMINO", "ENDEE": "RUA MARGARIDA STACH, 8, VILA EMA, 03278-040, SÃO PAULO, SP, BRASIL", "LMAPS": "https://www.google.com/maps?q=&layer=c&cbll=-23.5806825,-46.5457634", "O_QUE_FAZER": "CARTEIRA - FAMPE", "ER_REGIAO_CIDADE_min": "São Paulo_São Lucas" }, "geometry": { "type": "Point", "coordinates": [ -46.5457634, -23.5806825 ] } },
{ "type": "Feature", "properties": { "fid": 254504, "CNPJ": "50899306000108", "IDCIDADE": "SAO PAULO", "NOMEFANTASIA": "AUTO_ELITE_MULTIMARCAS", "RAZAOSOCIAL": "AUTO_ELITE_MULTIMARCAS", "ENDEE": "PROFESSOR LUIZ IGNÁCIO ANHAIA MELLO_4303_VILA GRACIOSA_SÃO PAULO_03295-000", "LMAPS": "https://www.google.com/maps?q=&layer=c&cbll=-23.5829392,-46.5522292", "O_QUE_FAZER": "APLICAR M2", "ER_REGIAO_CIDADE_min": "São Paulo_São Lucas" }, "geometry": { "type": "Point", "coordinates": [ -46.5522292, -23.5829392 ] } },
{ "type": "Feature", "properties": { "fid": 254664, "CNPJ": "50932095000150", "IDCIDADE": "SAO_PAULO", "NOMEFANTASIA": "50.932.095_ALYSSON_CARLOS_VALDIVINO_LACERDA", "RAZAOSOCIAL": "PODER_&_SEDUCAO", "ENDEE": "AVENIDA_DO_ORATORIO2225__PARQUE_SAO_LUCAS_03221-100", "LMAPS": "https://www.google.com/maps?q=&layer=c&cbll=-23.5918312,-46.5476105", "O_QUE_FAZER": "FINALIZADO", "ER_REGIAO_CIDADE_min": "São Paulo_São Lucas" }, "geometry": { "type": "Point", "coordinates": [ -46.5476105, -23.5918312 ] } },
{ "type": "Feature", "properties": { "fid": 255135, "CNPJ": "51021233000101", "IDCIDADE": "SAO_PAULO", "NOMEFANTASIA": "GRAND_ODONTOLOGIA", "RAZAOSOCIAL": "GRAND_ODONTOLOGIA_LTDA", "ENDEE": "AVENIDA_DO_ORATORIO4557__JARDIM_GUAIRACA_03195-000", "LMAPS": "https://www.google.com/maps?q=&layer=c&cbll=-23.6021944,-46.5301968", "O_QUE_FAZER": "CARTEIRA", "ER_REGIAO_CIDADE_min": "São Paulo_São Lucas" }, "geometry": { "type": "Point", "coordinates": [ -46.5301968, -23.6021944 ] } },
{ "type": "Feature", "properties": { "fid": 255364, "CNPJ": "51062617000172", "IDCIDADE": "SAO_PAULO", "NOMEFANTASIA": "51.062.617_OSEAS_DOS_SANTOS_MARTINS", "RAZAOSOCIAL": "SHM_PECAS", "ENDEE": "RUA_DOUTOR_CAMILO_HADDAD450__VILA_DOS_MINERIOS_03266-000", "LMAPS": "https://www.google.com/maps?q=&layer=c&cbll=-23.5972487,-46.5408522", "O_QUE_FAZER": "FINALIZADO", "ER_REGIAO_CIDADE_min": "São Paulo_São Lucas" }, "geometry": { "type": "Point", "coordinates": [ -46.5408522, -23.5972487 ] } },
{ "type": "Feature", "properties": { "fid": 255394, "CNPJ": "51068912000136", "IDCIDADE": "SAO_PAULO", "NOMEFANTASIA": "PONTO_DA_LINGERIE_ORATORIO", "RAZAOSOCIAL": "ALM_COMERCIO_DO_VESTUARIO_LTDA", "ENDEE": "AVENIDA_DO_ORATORIO4636__JARDIM_GUAIRACA_03195-000", "LMAPS": "https://www.google.com/maps?q=&layer=c&cbll=-23.6022783,-46.5302", "O_QUE_FAZER": "CARTEIRA", "ER_REGIAO_CIDADE_min": "São Paulo_São Lucas" }, "geometry": { "type": "Point", "coordinates": [ -46.5302, -23.6022783 ] } },
{ "type": "Feature", "properties": { "fid": 255846, "CNPJ": "51142422000132", "IDCIDADE": "SAO PAULO", "NOMEFANTASIA": "CALHAS_MELATI", "RAZAOSOCIAL": "CALHAS_MELATI", "ENDEE": "DOUTOR CAMILO HADDAD_100_VILA DOS MINÉRIOS_SÃO PAULO_03266-000", "LMAPS": "https://www.google.com/maps?q=&layer=c&cbll=-23.5953693,-46.5381317", "O_QUE_FAZER": "FINALIZADO", "ER_REGIAO_CIDADE_min": "São Paulo_São Lucas" }, "geometry": { "type": "Point", "coordinates": [ -46.5381317, -23.5953693 ] } },
{ "type": "Feature", "properties": { "fid": 256240, "CNPJ": "51223926000187", "IDCIDADE": "SAO_PAULO", "NOMEFANTASIA": "AS_COMADRES", "RAZAOSOCIAL": "BAR_&_RESTAURANTE_BOULEVARD_LTDA", "ENDEE": "AVENIDA_VILA_EMA3666__VILA_EMA_03282-000", "LMAPS": "https://www.google.com/maps?q=&layer=c&cbll=-23.5877439,-46.5439587", "O_QUE_FAZER": "CARTEIRA", "ER_REGIAO_CIDADE_min": "São Paulo_São Lucas" }, "geometry": { "type": "Point", "coordinates": [ -46.5439587, -23.5877439 ] } },
{ "type": "Feature", "properties": { "fid": 256363, "CNPJ": "51251879000185", "IDCIDADE": "SAO_PAULO", "NOMEFANTASIA": "51.251.879_ALDEMIR_AGOSTINHO_DOS_SANTOS", "RAZAOSOCIAL": "MINI_MERCADO_ORATORIO", "ENDEE": "AVENIDA_DO_ORATORIO6152__JARDIM_ANGELA_03116-000", "LMAPS": "https://www.google.com/maps?q=&layer=c&cbll=-23.6098931,-46.5248062", "O_QUE_FAZER": "FINALIZADO", "ER_REGIAO_CIDADE_min": "São Paulo_São Lucas" }, "geometry": { "type": "Point", "coordinates": [ -46.5248062, -23.6098931 ] } },
{ "type": "Feature", "properties": { "fid": 257184, "CNPJ": "51424164000187", "IDCIDADE": "SAO PAULO", "NOMEFANTASIA": "Grudis_Flex_Moveis_e_Solucoes", "RAZAOSOCIAL": "GRUDIS_FLEX_MOVEIS_E_SOLUCOES_LTDA", "ENDEE": "RUA JOAO MANOEL DE MATOS, 154, CASA 1, PARQUE RESIDENCIAL ORATORIO, 03266-140, SÃO PAULO, SP, BRASIL", "LMAPS": "https://www.google.com/maps?q=&layer=c&cbll=-23.5991392,-46.5364579", "O_QUE_FAZER": "CARTEIRA - FAMPE", "ER_REGIAO_CIDADE_min": "São Paulo_São Lucas" }, "geometry": { "type": "Point", "coordinates": [ -46.5364579, -23.5991392 ] } },
{ "type": "Feature", "properties": { "fid": 257838, "CNPJ": "51550366000175", "IDCIDADE": "SAO_PAULO", "NOMEFANTASIA": "CONSERMAQ_PECAS_E_SERVICOS_LTDA", "RAZAOSOCIAL": "CONSERMAQ", "ENDEE": "AVENIDA_DO_ORATORIO3579__JARDIM_GUAIRACA_03220-200", "LMAPS": "https://www.google.com/maps?q=&layer=c&cbll=-23.5988511,-46.5381508", "O_QUE_FAZER": "FINALIZADO", "ER_REGIAO_CIDADE_min": "São Paulo_São Lucas" }, "geometry": { "type": "Point", "coordinates": [ -46.5381508, -23.5988511 ] } },
{ "type": "Feature", "properties": { "fid": 257965, "CNPJ": "51578367000128", "IDCIDADE": "SAO_PAULO", "NOMEFANTASIA": "PET_SHOP_NSA", "RAZAOSOCIAL": "AVICULTURA_NSA_SRA_APARECIDA_LTDA", "ENDEE": "AVENIDA_DO_ORATORIO2591__PARQUE_SAO_LUCAS_03221-100", "LMAPS": "https://www.google.com/maps?q=&layer=c&cbll=-23.5930122,-46.5446217", "O_QUE_FAZER": "CARTEIRA", "ER_REGIAO_CIDADE_min": "São Paulo_São Lucas" }, "geometry": { "type": "Point", "coordinates": [ -46.5446217, -23.5930122 ] } },
{ "type": "Feature", "properties": { "fid": 258092, "CNPJ": "51600013000132", "IDCIDADE": "SAO_PAULO", "NOMEFANTASIA": "MAGAZINE_TOBARO_E_CRUDE_LDTA", "RAZAOSOCIAL": "TOBARO_MAGAZINE", "ENDEE": "AVENIDA_SAO_LUCAS64__PARQUE_SAO_LUCAS_03239-000", "LMAPS": "https://www.google.com/maps?q=&layer=c&cbll=-23.5934756,-46.5467719", "O_QUE_FAZER": "FINALIZADO", "ER_REGIAO_CIDADE_min": "São Paulo_São Lucas" }, "geometry": { "type": "Point", "coordinates": [ -46.5467719, -23.5934756 ] } },
{ "type": "Feature", "properties": { "fid": 258650, "CNPJ": "51725375000150", "IDCIDADE": "SAO_PAULO", "NOMEFANTASIA": "51.725.375_ALEX_SILVA_RODRIGUES_DOS_REIS", "RAZAOSOCIAL": "JK_TRANSPORTE_", "ENDEE": "RUA_GUSTAVO_LE_BON476__VILA_INDUSTRIAL_03250-090", "LMAPS": "https://www.google.com/maps?q=&layer=c&cbll=-23.6073187,-46.5335024", "O_QUE_FAZER": "FINALIZADO", "ER_REGIAO_CIDADE_min": "São Paulo_São Lucas" }, "geometry": { "type": "Point", "coordinates": [ -46.5335024, -23.6073187 ] } },
{ "type": "Feature", "properties": { "fid": 258767, "CNPJ": "51753713000167", "IDCIDADE": "SAO_PAULO", "NOMEFANTASIA": "BOMBONIERE_ABELHAO", "RAZAOSOCIAL": "BOMBONIERE_ABELHAO_LTDA", "ENDEE": "AVENIDA_SAO_LUCAS221__PARQUE_SAO_LUCAS_03239-000", "LMAPS": "https://www.google.com/maps?q=&layer=c&cbll=-23.5948552,-46.5472016", "O_QUE_FAZER": "CARTEIRA", "ER_REGIAO_CIDADE_min": "São Paulo_São Lucas" }, "geometry": { "type": "Point", "coordinates": [ -46.5472016, -23.5948552 ] } },
{ "type": "Feature", "properties": { "fid": 258855, "CNPJ": "51772334000114", "IDCIDADE": "SAO_PAULO", "NOMEFANTASIA": "RESTAURANTE_CARIOCA", "RAZAOSOCIAL": "RESTAURANTE_CARIOCA", "ENDEE": "AVENIDA_EMA__3652_03282-001", "LMAPS": "https://www.google.com/maps?q=&layer=c&cbll=-23.5828701,-46.5493848", "O_QUE_FAZER": "FINALIZADO", "ER_REGIAO_CIDADE_min": "São Paulo_São Lucas" }, "geometry": { "type": "Point", "coordinates": [ -46.5493848, -23.5828701 ] } },
{ "type": "Feature", "properties": { "fid": 259161, "CNPJ": "51827472000153", "IDCIDADE": "SAO PAULO", "NOMEFANTASIA": "-", "RAZAOSOCIAL": "51.827.472_THIAGO_PERES_DE_ARAUJO", "ENDEE": "RUA GENARO ARILLA ARENSANZ, 136, VILA IVONE, 03275-090, SÃO PAULO, SP, BRASIL", "LMAPS": "https://www.google.com/maps?q=&layer=c&cbll=-23.580196,-46.5545442", "O_QUE_FAZER": "CARTEIRA - FAMPE", "ER_REGIAO_CIDADE_min": "São Paulo_São Lucas" }, "geometry": { "type": "Point", "coordinates": [ -46.5545442, -23.580196 ] } },
{ "type": "Feature", "properties": { "fid": 259794, "CNPJ": "51941844000178", "IDCIDADE": "SAO_PAULO", "NOMEFANTASIA": "ACAI_FORMOSA_ORATORIO", "RAZAOSOCIAL": "ACAI_E_CREMES_AMORIM_ORATORIO_LTDA", "ENDEE": "AVENIDA_DO_ORATORIO4636__JARDIM_GUAIRACA_03195-000", "LMAPS": "https://www.google.com/maps?q=&layer=c&cbll=-23.6023017,-46.5303633", "O_QUE_FAZER": "CARTEIRA", "ER_REGIAO_CIDADE_min": "São Paulo_São Lucas" }, "geometry": { "type": "Point", "coordinates": [ -46.5303633, -23.6023017 ] } },
{ "type": "Feature", "properties": { "fid": 260484, "CNPJ": "52079637000119", "IDCIDADE": "SAO_PAULO", "NOMEFANTASIA": "52.079.637_SAMIA_BEGYLLA_MARTINS_BERTOLDO", "RAZAOSOCIAL": "BEJELA_SUPERMERCADO", "ENDEE": "RUA_ANTONIO_MARQUES_JULIAO205__JARDIM_GUAIRACA_03244-000", "LMAPS": "https://www.google.com/maps?q=&layer=c&cbll=-23.6003996,-46.5390374", "O_QUE_FAZER": "FINALIZADO", "ER_REGIAO_CIDADE_min": "São Paulo_São Lucas" }, "geometry": { "type": "Point", "coordinates": [ -46.5390374, -23.6003996 ] } },
{ "type": "Feature", "properties": { "fid": 260982, "CNPJ": "52194459000177", "IDCIDADE": "SAO_PAULO", "NOMEFANTASIA": "CLINICA_VETERINARIO_ANA_CLARA", "RAZAOSOCIAL": "VETERINARIA_SANTA_CLARA_LTDA", "ENDEE": "RUA_ANA_CLARA506__VILA_MENDES_03257-000", "LMAPS": "https://www.google.com/maps?q=&layer=c&cbll=-23.6116799,-46.5286783", "O_QUE_FAZER": "CARTEIRA", "ER_REGIAO_CIDADE_min": "São Paulo_São Lucas" }, "geometry": { "type": "Point", "coordinates": [ -46.5286783, -23.6116799 ] } },
{ "type": "Feature", "properties": { "fid": 261122, "CNPJ": "52219594000120", "IDCIDADE": "SAO_PAULO", "NOMEFANTASIA": "52.219.594_HYGLA_FERREIRA_DE_FREITAS", "RAZAOSOCIAL": "52.219.594_HYGLA_FERREIRA_DE_FREITAS", "ENDEE": "RUA_COSTA_BARROS2299__SITIO_PINHEIRINHO_03210-001", "LMAPS": "https://www.google.com/maps?q=&layer=c&cbll=-23.601298,-46.5454196", "O_QUE_FAZER": "FINALIZADO", "ER_REGIAO_CIDADE_min": "São Paulo_São Lucas" }, "geometry": { "type": "Point", "coordinates": [ -46.5454196, -23.601298 ] } },
{ "type": "Feature", "properties": { "fid": 261251, "CNPJ": "52248381000126", "IDCIDADE": "SAO_PAULO", "NOMEFANTASIA": "DF_SORVETES", "RAZAOSOCIAL": "DRF_COMERCIO_DE_SORVETES_LTDA", "ENDEE": "RUA_COSTA_BARROS1842__SITIO_PINHEIRINHO_03210-001", "LMAPS": "https://www.google.com/maps?q=&layer=c&cbll=-23.600675,-46.5501967", "O_QUE_FAZER": "CARTEIRA", "ER_REGIAO_CIDADE_min": "São Paulo_São Lucas" }, "geometry": { "type": "Point", "coordinates": [ -46.5501967, -23.600675 ] } },
{ "type": "Feature", "properties": { "fid": 261890, "CNPJ": "52369718000153", "IDCIDADE": "SAO_PAULO", "NOMEFANTASIA": "CASA_DE_CARNES_REGENTE_FORT", "RAZAOSOCIAL": "COMERCIO_DE_CARNES_FORT_REGENCIA_ACOUGUE_ROTISSERIE_E_MERCADO_LTDA", "ENDEE": "RUA_IRMA_MARIA_UMBELINA253__VILA_CUNHA_BUENO_03256-020", "LMAPS": "https://www.google.com/maps?q=&layer=c&cbll=-23.6108381,-46.5299097", "O_QUE_FAZER": "CARTEIRA", "ER_REGIAO_CIDADE_min": "São Paulo_São Lucas" }, "geometry": { "type": "Point", "coordinates": [ -46.5299097, -23.6108381 ] } },
{ "type": "Feature", "properties": { "fid": 262821, "CNPJ": "52559760000137", "IDCIDADE": "SAO_PAULO", "NOMEFANTASIA": "LANCHONETE_BARRIL_21_LTDA", "RAZAOSOCIAL": "ESPETO_21", "ENDEE": "AVENIDA_SAPOPEMBA4170__SAPOPEMBA_03345-000", "LMAPS": "https://www.google.com/maps?q=&layer=c&cbll=-23.5773886,-46.5493405", "O_QUE_FAZER": "FINALIZADO", "ER_REGIAO_CIDADE_min": "São Paulo_São Lucas" }, "geometry": { "type": "Point", "coordinates": [ -46.5493405, -23.5773886 ] } },
{ "type": "Feature", "properties": { "fid": 263169, "CNPJ": "52634391000108", "IDCIDADE": "SAO_PAULO", "NOMEFANTASIA": "RETIFICA_DE_MOTORES", "RAZAOSOCIAL": "RETIFICA_DE_MOTORES_ORATORIO_LTDA", "ENDEE": "AVENIDA_DO_ORATORIO2848__PARQUE_SAO_LUCAS_03195-000", "LMAPS": "https://www.google.com/maps?q=&layer=c&cbll=-23.595242,-46.5433387", "O_QUE_FAZER": "CARTEIRA", "ER_REGIAO_CIDADE_min": "São Paulo_São Lucas" }, "geometry": { "type": "Point", "coordinates": [ -46.5433387, -23.595242 ] } },
{ "type": "Feature", "properties": { "fid": 263462, "CNPJ": "52685177000172", "IDCIDADE": "SAO_PAULO", "NOMEFANTASIA": "CLINICA_DE_ESTETICA_KAROLAINY_MOMBELI_LTDA", "RAZAOSOCIAL": "CLINIKA", "ENDEE": "AVENIDA_DO_ORATORIO1761__VILA_INDEPENDENCIA_03220-100", "LMAPS": "https://www.google.com/maps?q=&layer=c&cbll=-23.5902702,-46.5517418", "O_QUE_FAZER": "FINALIZADO", "ER_REGIAO_CIDADE_min": "São Paulo_São Lucas" }, "geometry": { "type": "Point", "coordinates": [ -46.5517418, -23.5902702 ] } },
{ "type": "Feature", "properties": { "fid": 263908, "CNPJ": "52787337000194", "IDCIDADE": "SAO_PAULO", "NOMEFANTASIA": "THE_BEST_ACAI_PQ_SAO_LUCAS_LTDA", "RAZAOSOCIAL": "THE_BEST_ACAI", "ENDEE": "AVENIDA_DO_ORATORIO2626__PARQUE_SAO_LUCAS_03220-100", "LMAPS": "https://www.google.com/maps?q=&layer=c&cbll=-23.5934998,-46.5448129", "O_QUE_FAZER": "FINALIZADO", "ER_REGIAO_CIDADE_min": "São Paulo_São Lucas" }, "geometry": { "type": "Point", "coordinates": [ -46.5448129, -23.5934998 ] } },
{ "type": "Feature", "properties": { "fid": 263995, "CNPJ": "52806080000170", "IDCIDADE": "SAO_PAULO", "NOMEFANTASIA": "JOTAPE_DESPACHANTE", "RAZAOSOCIAL": "JOTA-PE_DESPACHANTES_LTDA", "ENDEE": "AVENIDA_DO_ORATORIO2636__PARQUE_SAO_LUCAS_03221-100", "LMAPS": "https://www.google.com/maps?q=&layer=c&cbll=-23.5934519,-46.5445962", "O_QUE_FAZER": "CARTEIRA", "ER_REGIAO_CIDADE_min": "São Paulo_São Lucas" }, "geometry": { "type": "Point", "coordinates": [ -46.5445962, -23.5934519 ] } },
{ "type": "Feature", "properties": { "fid": 264378, "CNPJ": "52887565000136", "IDCIDADE": "SAO_PAULO", "NOMEFANTASIA": "FUNILARIA_TECNICA", "RAZAOSOCIAL": "FUNILARIA_TECNICA", "ENDEE": "RUA_MANUEL_DA_COSTA__830_03262-000", "LMAPS": "https://www.google.com/maps?q=&layer=c&cbll=-23.5835348,-46.5488169", "O_QUE_FAZER": "FINALIZADO", "ER_REGIAO_CIDADE_min": "São Paulo_São Lucas" }, "geometry": { "type": "Point", "coordinates": [ -46.5488169, -23.5835348 ] } },
{ "type": "Feature", "properties": { "fid": 264502, "CNPJ": "52913423000104", "IDCIDADE": "SAO_PAULO", "NOMEFANTASIA": "DROGARIA_NOVA_FIDELENSE_LTDA", "RAZAOSOCIAL": "DROGARIA_NOVA_FIDELENSE", "ENDEE": "AVENIDA_DO_ORATORIO1600__VILA_INDEPENDENCIA_03220-000", "LMAPS": "https://www.google.com/maps?q=&layer=c&cbll=-23.589801,-46.552885", "O_QUE_FAZER": "FINALIZADO", "ER_REGIAO_CIDADE_min": "São Paulo_São Lucas" }, "geometry": { "type": "Point", "coordinates": [ -46.552885, -23.589801 ] } },
{ "type": "Feature", "properties": { "fid": 264952, "CNPJ": "53014696000171", "IDCIDADE": "SAO_PAULO", "NOMEFANTASIA": "SENHORA_ADEGA", "RAZAOSOCIAL": "SLD_COMERCIO_DE_BEBIDAS_LTDA", "ENDEE": "RUA_COSTA_BARROS2100__SITIO_PINHEIRINHO_03210-001", "LMAPS": "https://www.google.com/maps?q=&layer=c&cbll=-23.601827,-46.5474276", "O_QUE_FAZER": "CARTEIRA", "ER_REGIAO_CIDADE_min": "São Paulo_São Lucas" }, "geometry": { "type": "Point", "coordinates": [ -46.5474276, -23.601827 ] } },
{ "type": "Feature", "properties": { "fid": 265071, "CNPJ": "53041089000109", "IDCIDADE": "SAO_PAULO", "NOMEFANTASIA": "MARIANO_MATERIAIS_DE_CONSTRUCAO", "RAZAOSOCIAL": "MARIANO_MATERIAL_DE_CONSTRUCAO_LTDA", "ENDEE": "RUA_SANTA_ZITA238__VILA_MENDES_03257-020", "LMAPS": "https://www.google.com/maps?q=&layer=c&cbll=-23.6112654,-46.5304763", "O_QUE_FAZER": "CARTEIRA", "ER_REGIAO_CIDADE_min": "São Paulo_São Lucas" }, "geometry": { "type": "Point", "coordinates": [ -46.5304763, -23.6112654 ] } },
{ "type": "Feature", "properties": { "fid": 266101, "CNPJ": "53282397000118", "IDCIDADE": "SAO_PAULO", "NOMEFANTASIA": "ZRV_PLANEJADOS", "RAZAOSOCIAL": "RV_DESIGN_MOVEIS_PLANEJADOS_LTDA", "ENDEE": "AVENIDA_DO_ORATORIO4131__JARDIM_GUAIRACA_03195-000", "LMAPS": "https://www.google.com/maps?q=&layer=c&cbll=-23.6016777,-46.5343967", "O_QUE_FAZER": "CARTEIRA", "ER_REGIAO_CIDADE_min": "São Paulo_São Lucas" }, "geometry": { "type": "Point", "coordinates": [ -46.5343967, -23.6016777 ] } },
{ "type": "Feature", "properties": { "fid": 266409, "CNPJ": "53355178000111", "IDCIDADE": "SAO_PAULO", "NOMEFANTASIA": "BAR_E_LANCHES_DOBERMAN_LTDA", "RAZAOSOCIAL": "BAR_E_LANCHES_DOBERMAN", "ENDEE": "AVENIDA_DO_ORATORIO6183__VILA_INDUSTRIAL_03116-000", "LMAPS": "https://www.google.com/maps?q=&layer=c&cbll=-23.6102211,-46.5246231", "O_QUE_FAZER": "FINALIZADO", "ER_REGIAO_CIDADE_min": "São Paulo_São Lucas" }, "geometry": { "type": "Point", "coordinates": [ -46.5246231, -23.6102211 ] } },
{ "type": "Feature", "properties": { "fid": 266499, "CNPJ": "53379160000150", "IDCIDADE": "SAO_PAULO", "NOMEFANTASIA": "AUTO_MECANICA_MRT", "RAZAOSOCIAL": "HM_AUTO_MECANICA_LTDA", "ENDEE": "RUA_DOS_TACAPES18__VILA_DIVINA_PASTORA_03265-090", "LMAPS": "https://www.google.com/maps?q=&layer=c&cbll=-23.5953391,-46.5429374", "O_QUE_FAZER": "CARTEIRA", "ER_REGIAO_CIDADE_min": "São Paulo_São Lucas" }, "geometry": { "type": "Point", "coordinates": [ -46.5429374, -23.5953391 ] } },
{ "type": "Feature", "properties": { "fid": 266616, "CNPJ": "53407698000120", "IDCIDADE": "SAO_PAULO", "NOMEFANTASIA": "COMERCIO_E_SERVICO_DE_PECAS_PARA_MOTORES_SAPOPEMBA_LTDA", "RAZAOSOCIAL": "RETIFICA_SAPOPEMBA", "ENDEE": "AVENIDA_DO_ORATORIO5062__VILA_INDUSTRIAL_03220-300", "LMAPS": "https://www.google.com/maps?q=&layer=c&cbll=-23.6036987,-46.5262285", "O_QUE_FAZER": "FINALIZADO", "ER_REGIAO_CIDADE_min": "São Paulo_São Lucas" }, "geometry": { "type": "Point", "coordinates": [ -46.5262285, -23.6036987 ] } },
{ "type": "Feature", "properties": { "fid": 266801, "CNPJ": "53458660000187", "IDCIDADE": "SAO_PAULO", "NOMEFANTASIA": "LETYCIA_DE_LIRA_PUPO_ALVES_PADARIA", "RAZAOSOCIAL": "LEDABELI", "ENDEE": "RUA_BENEDITO_BERNARDES248__CHACARA_BELENZINHO_03278-060", "LMAPS": "https://www.google.com/maps?q=&layer=c&cbll=-23.5791303,-46.542467", "O_QUE_FAZER": "FINALIZADO", "ER_REGIAO_CIDADE_min": "São Paulo_São Lucas" }, "geometry": { "type": "Point", "coordinates": [ -46.542467, -23.5791303 ] } },
{ "type": "Feature", "properties": { "fid": 266861, "CNPJ": "53470550000130", "IDCIDADE": "SAO_PAULO", "NOMEFANTASIA": "CASA_DE_CARNES_E_ROTISSERIE_SAINT_GERMAN", "RAZAOSOCIAL": "CASA_DE_CARNES_E_ROTISSERIE_SAINT_GERMAIN_LTDA", "ENDEE": "AVENIDA_DO_ORATORIO3484__JARDIM_GUAIRACA_03195-000", "LMAPS": "https://www.google.com/maps?q=&layer=c&cbll=-23.5985067,-46.5389709", "O_QUE_FAZER": "CARTEIRA", "ER_REGIAO_CIDADE_min": "São Paulo_São Lucas" }, "geometry": { "type": "Point", "coordinates": [ -46.5389709, -23.5985067 ] } },
{ "type": "Feature", "properties": { "fid": 267385, "CNPJ": "53590582000170", "IDCIDADE": "SAO_PAULO", "NOMEFANTASIA": "PADOCA_DO_JOCA", "RAZAOSOCIAL": "PADOCA_DO_JOCA", "ENDEE": "AVENIDA_EMA__2477_03281-000", "LMAPS": "https://www.google.com/maps?q=&layer=c&cbll=-23.5828701,-46.5493848", "O_QUE_FAZER": "FINALIZADO", "ER_REGIAO_CIDADE_min": "São Paulo_São Lucas" }, "geometry": { "type": "Point", "coordinates": [ -46.5493848, -23.5828701 ] } },
{ "type": "Feature", "properties": { "fid": 267812, "CNPJ": "53699592000148", "IDCIDADE": "SAO_PAULO", "NOMEFANTASIA": "ESTETICA_AUTOMOTIVAAUYO_7", "RAZAOSOCIAL": "ANDERSON_CAVICCHIOLI_DA_SILVA", "ENDEE": "RUA_ANTONIO_MARQUES_JULIAO427__JARDIM_GUAIRACA_03244-000", "LMAPS": "https://www.google.com/maps?q=&layer=c&cbll=-23.6022624,-46.5403096", "O_QUE_FAZER": "CARTEIRA", "ER_REGIAO_CIDADE_min": "São Paulo_São Lucas" }, "geometry": { "type": "Point", "coordinates": [ -46.5403096, -23.6022624 ] } },
{ "type": "Feature", "properties": { "fid": 268386, "CNPJ": "53828006000118", "IDCIDADE": "SAO_PAULO", "NOMEFANTASIA": "D'ELLAS_MODAS_LTDA", "RAZAOSOCIAL": "DELLA_MODAS", "ENDEE": "AVENIDA_SAO_LUCAS48__PARQUE_SAO_LUCAS_03239-000", "LMAPS": "https://www.google.com/maps?q=&layer=c&cbll=-23.5933419,-46.5467461", "O_QUE_FAZER": "FINALIZADO", "ER_REGIAO_CIDADE_min": "São Paulo_São Lucas" }, "geometry": { "type": "Point", "coordinates": [ -46.5467461, -23.5933419 ] } },
{ "type": "Feature", "properties": { "fid": 268514, "CNPJ": "53858733000128", "IDCIDADE": "SAO_PAULO", "NOMEFANTASIA": "4_RACING", "RAZAOSOCIAL": "4RACING_PERFORMANCE_&_MAINTENANCE_LTDA", "ENDEE": "AVENIDA_VILA_EMA2921__VILA_EMA_03281-000", "LMAPS": "https://www.google.com/maps?q=&layer=c&cbll=-23.5831153,-46.5487422", "O_QUE_FAZER": "CARTEIRA", "ER_REGIAO_CIDADE_min": "São Paulo_São Lucas" }, "geometry": { "type": "Point", "coordinates": [ -46.5487422, -23.5831153 ] } },
{ "type": "Feature", "properties": { "fid": 268636, "CNPJ": "53879671000130", "IDCIDADE": "SAO_PAULO", "NOMEFANTASIA": "APOLO_ACADEMIA", "RAZAOSOCIAL": "APOLLO_OLD_SCHOOL_ACADEMIA_LTDA", "ENDEE": "RUA_TRES_LAGOAS21__VILA_SAO_NICOLAU_03254-210", "LMAPS": "https://www.google.com/maps?q=&layer=c&cbll=-23.6102818,-46.5321861", "O_QUE_FAZER": "CARTEIRA", "ER_REGIAO_CIDADE_min": "São Paulo_São Lucas" }, "geometry": { "type": "Point", "coordinates": [ -46.5321861, -23.6102818 ] } },
{ "type": "Feature", "properties": { "fid": 268954, "CNPJ": "53952121000108", "IDCIDADE": "SAO_PAULO", "NOMEFANTASIA": "53.952.121_ANGELO_RAIMUNDO_MOREIRA_DA_SILVA", "RAZAOSOCIAL": "CAIROS_DOMO_SANITARIOS", "ENDEE": "RUA_BENTO_SABINO_DOS_REIS393__VILA_EMA_03277-000", "LMAPS": "https://www.google.com/maps?q=&layer=c&cbll=-23.5844224,-46.5458412", "O_QUE_FAZER": "FINALIZADO", "ER_REGIAO_CIDADE_min": "São Paulo_São Lucas" }, "geometry": { "type": "Point", "coordinates": [ -46.5458412, -23.5844224 ] } },
{ "type": "Feature", "properties": { "fid": 269264, "CNPJ": "54025192000110", "IDCIDADE": "SAO_PAULO", "NOMEFANTASIA": "CONTEC", "RAZAOSOCIAL": "CARLOSJEF_COMERCIAL_LTDA", "ENDEE": "AVENIDA_VILA_EMA1366__VILA_PRUDENTE_03156-000", "LMAPS": "https://www.google.com/maps?q=&layer=c&cbll=-23.5821412,-46.5627643", "O_QUE_FAZER": "CARTEIRA", "ER_REGIAO_CIDADE_min": "São Paulo_São Lucas" }, "geometry": { "type": "Point", "coordinates": [ -46.5627643, -23.5821412 ] } },
{ "type": "Feature", "properties": { "fid": 269398, "CNPJ": "54051826000109", "IDCIDADE": "SAO PAULO", "NOMEFANTASIA": null, "RAZAOSOCIAL": "ATTOM_CORRETORA_DE_SEGUROS_LTDA", "ENDEE": "RUA RIBEIROPOLIS, 450, SALA 1, JD INDEPENDENCIA, 03225-010, SÃO PAULO, SP, BRASIL", "LMAPS": "https://www.google.com/maps?q=&layer=c&cbll=-23.5830964,-46.5547238", "O_QUE_FAZER": "CARTEIRA - FAMPE", "ER_REGIAO_CIDADE_min": "São Paulo_São Lucas" }, "geometry": { "type": "Point", "coordinates": [ -46.5547238, -23.5830964 ] } },
{ "type": "Feature", "properties": { "fid": 269482, "CNPJ": "54075651000250", "IDCIDADE": "SAO_PAULO", "NOMEFANTASIA": "UNIQUE_PROTECAO_VEICULAR", "RAZAOSOCIAL": "WN_LOCACAO_DE_VEICULOS_E_SERVICOS_ADMINISTRATIVOS_LTDA.", "ENDEE": "AVENIDA_PROFESSOR_LUIZ_IGNACIO_ANHAIA_MELLO7773__VILA_EMA_03295-100", "LMAPS": "https://www.google.com/maps?q=&layer=c&cbll=-23.6013214,-46.5266815", "O_QUE_FAZER": "APLICAR M2", "ER_REGIAO_CIDADE_min": "São Paulo_São Lucas" }, "geometry": { "type": "Point", "coordinates": [ -46.5266815, -23.6013214 ] } },
{ "type": "Feature", "properties": { "fid": 269803, "CNPJ": "54137814000100", "IDCIDADE": "SAO_PAULO", "NOMEFANTASIA": "VETERINARIA_PET'S_MELO_LTDA", "RAZAOSOCIAL": "CLINICA_VETERINARIA_PETS_MELO", "ENDEE": "RUA_FRANCISCO_FETT234__VILA_PAULO_SILAS_03264-000", "LMAPS": "https://www.google.com/maps?q=&layer=c&cbll=-23.5900131,-46.5447292", "O_QUE_FAZER": "FINALIZADO", "ER_REGIAO_CIDADE_min": "São Paulo_São Lucas" }, "geometry": { "type": "Point", "coordinates": [ -46.5447292, -23.5900131 ] } },
{ "type": "Feature", "properties": { "fid": 269868, "CNPJ": "54150922000104", "IDCIDADE": "SAO_PAULO", "NOMEFANTASIA": "BEM_DOCADO", "RAZAOSOCIAL": "BEM_DOCADO_BOLOS_3_LTDA", "ENDEE": "AVENIDA_DO_ORATORIO4838__JARDIM_GUAIRACA_03195-000", "LMAPS": "https://www.google.com/maps?q=&layer=c&cbll=-23.6030113,-46.5281574", "O_QUE_FAZER": "CARTEIRA", "ER_REGIAO_CIDADE_min": "São Paulo_São Lucas" }, "geometry": { "type": "Point", "coordinates": [ -46.5281574, -23.6030113 ] } },
{ "type": "Feature", "properties": { "fid": 270146, "CNPJ": "54214600000181", "IDCIDADE": "SAO_PAULO", "NOMEFANTASIA": "RICAPELE_EMBALAGENS", "RAZAOSOCIAL": "RICAPELE_COMERCIO_DE_EMBALAGENS_DESCARTAVEIS_E_ARTIGOS_DE_PAPELARIA_E_LIMPEZA_LTDA", "ENDEE": "RUA_JOSE_ANTONIO_FONTES1136__VILA_TOLSTOI_03255-000", "LMAPS": "https://www.google.com/maps?q=&layer=c&cbll=-23.6061223,-46.527592", "O_QUE_FAZER": "CARTEIRA", "ER_REGIAO_CIDADE_min": "São Paulo_São Lucas" }, "geometry": { "type": "Point", "coordinates": [ -46.527592, -23.6061223 ] } },
{ "type": "Feature", "properties": { "fid": 270295, "CNPJ": "54244286000180", "IDCIDADE": "SAO_PAULO", "NOMEFANTASIA": "MVA_TRANSPORTE_RODOVIARIO_LTDA", "RAZAOSOCIAL": "MVA_TRANSPORTE_RODOVIARIO_LTDA", "ENDEE": "RUA_TAMANDUA26__VILA_EMA_03282-050", "LMAPS": "https://www.google.com/maps?q=&layer=c&cbll=-23.5868298,-46.5456442", "O_QUE_FAZER": "FINALIZADO", "ER_REGIAO_CIDADE_min": "São Paulo_São Lucas" }, "geometry": { "type": "Point", "coordinates": [ -46.5456442, -23.5868298 ] } },
{ "type": "Feature", "properties": { "fid": 270482, "CNPJ": "54282438000139", "IDCIDADE": "SAO PAULO", "NOMEFANTASIA": "ABD_FERRO_E_AÇO", "RAZAOSOCIAL": "ABD_FERRO_E_AÇO", "ENDEE": "NOVA TIMBOTEUA_228_VILA NOVA PAULICEIA_SÃO PAULO_03267-110", "LMAPS": "https://www.google.com/maps?q=&layer=c&cbll=-23.5999277,-46.5301404", "O_QUE_FAZER": "FINALIZADO", "ER_REGIAO_CIDADE_min": "São Paulo_São Lucas" }, "geometry": { "type": "Point", "coordinates": [ -46.5301404, -23.5999277 ] } },
{ "type": "Feature", "properties": { "fid": 270547, "CNPJ": "54295712000104", "IDCIDADE": "SAO_PAULO", "NOMEFANTASIA": "CITY_PETS", "RAZAOSOCIAL": "CITY_EXPRESS_COMERCIO_E_SERVICOS_LTDA", "ENDEE": "RUA_ANA_CLARA364__VILA_MENDES_03257-000", "LMAPS": "https://www.google.com/maps?q=&layer=c&cbll=-23.6111798,-46.5300137", "O_QUE_FAZER": "CARTEIRA", "ER_REGIAO_CIDADE_min": "São Paulo_São Lucas" }, "geometry": { "type": "Point", "coordinates": [ -46.5300137, -23.6111798 ] } },
{ "type": "Feature", "properties": { "fid": 270966, "CNPJ": "54392535000184", "IDCIDADE": "SAO_PAULO", "NOMEFANTASIA": "RECUPERADORA_ROSSI", "RAZAOSOCIAL": "RECUPERADORA_DE_AUTO_PECAS_ROSSI_LTDA", "ENDEE": "AVENIDA_MORAIS_COSTA375__VILA_INDUSTRIAL_03253-000", "LMAPS": "https://www.google.com/maps?q=&layer=c&cbll=-23.60624,-46.53084", "O_QUE_FAZER": "CARTEIRA", "ER_REGIAO_CIDADE_min": "São Paulo_São Lucas" }, "geometry": { "type": "Point", "coordinates": [ -46.53084, -23.60624 ] } },
{ "type": "Feature", "properties": { "fid": 271069, "CNPJ": "54413573000176", "IDCIDADE": "SAO_PAULO", "NOMEFANTASIA": "HOLY_CONFORT_COMERCIO_LTDA", "RAZAOSOCIAL": "HOLY_COLCHOES", "ENDEE": "AVENIDA_DO_ORATORIO2209__PARQUE_SAO_LUCAS_03221-100", "LMAPS": "https://www.google.com/maps?q=&layer=c&cbll=-23.5917381,-46.5477902", "O_QUE_FAZER": "FINALIZADO", "ER_REGIAO_CIDADE_min": "São Paulo_São Lucas" }, "geometry": { "type": "Point", "coordinates": [ -46.5477902, -23.5917381 ] } },
{ "type": "Feature", "properties": { "fid": 271235, "CNPJ": "54449527000127", "IDCIDADE": "SAO_PAULO", "NOMEFANTASIA": "54.449.527_CAMILA_RODRIGUES_QUINTAS", "RAZAOSOCIAL": "FOUR_CUN", "ENDEE": "AVENIDA_DO_ORATORIO4810__JARDIM_GUAIRACA_03220-200", "LMAPS": "https://www.google.com/maps?q=&layer=c&cbll=-23.603098,-46.5282895", "O_QUE_FAZER": "FINALIZADO", "ER_REGIAO_CIDADE_min": "São Paulo_São Lucas" }, "geometry": { "type": "Point", "coordinates": [ -46.5282895, -23.603098 ] } },
{ "type": "Feature", "properties": { "fid": 271302, "CNPJ": "54459785000194", "IDCIDADE": "SAO_PAULO", "NOMEFANTASIA": "PET_SHOP_ICAO_IGATO_LTDA", "RAZAOSOCIAL": "PET_SHOP_ICAO_IGATO", "ENDEE": "AVENIDA_DO_ORATORIO1821__MOOCA_03116-000", "LMAPS": "https://www.google.com/maps?q=&layer=c&cbll=-23.5906305,-46.5512633", "O_QUE_FAZER": "FINALIZADO", "ER_REGIAO_CIDADE_min": "São Paulo_São Lucas" }, "geometry": { "type": "Point", "coordinates": [ -46.5512633, -23.5906305 ] } },
{ "type": "Feature", "properties": { "fid": 271336, "CNPJ": "54468301000173", "IDCIDADE": "SAO_PAULO", "NOMEFANTASIA": "ASNARO_MODAS_PRESENTES_E_ACESSORIOS_LTDA", "RAZAOSOCIAL": "ASNARU_MODAS", "ENDEE": "AVENIDA_DO_ORATORIO2195__PARQUE_SAO_LUCAS_03220-100", "LMAPS": "https://www.google.com/maps?q=&layer=c&cbll=-23.5916588,-46.5479173", "O_QUE_FAZER": "FINALIZADO", "ER_REGIAO_CIDADE_min": "São Paulo_São Lucas" }, "geometry": { "type": "Point", "coordinates": [ -46.5479173, -23.5916588 ] } },
{ "type": "Feature", "properties": { "fid": 271413, "CNPJ": "54486967000154", "IDCIDADE": "SAO_PAULO", "NOMEFANTASIA": "54.486.967_PATRICIA_CHAMORRO_FERNANDES", "RAZAOSOCIAL": "ENERGIA_FASHION", "ENDEE": "AVENIDA_SAPOPEMBA4376__SAPOPEMBA_03374-000", "LMAPS": "https://www.google.com/maps?q=&layer=c&cbll=-23.5778226,-46.5479173", "O_QUE_FAZER": "FINALIZADO", "ER_REGIAO_CIDADE_min": "São Paulo_São Lucas" }, "geometry": { "type": "Point", "coordinates": [ -46.5479173, -23.5778226 ] } },
{ "type": "Feature", "properties": { "fid": 271559, "CNPJ": "54513490000159", "IDCIDADE": "SAO_PAULO", "NOMEFANTASIA": "MARMORARIA_CASA_DE_PEDRA", "RAZAOSOCIAL": "CASA_DE_PEDRA_SAPOPEMBA_LTDA", "ENDEE": "AVENIDA_SAPOPEMBA5327__SAPOPEMBA_03374-001", "LMAPS": "https://www.google.com/maps?q=&layer=c&cbll=-23.580428,-46.5391151", "O_QUE_FAZER": "CARTEIRA", "ER_REGIAO_CIDADE_min": "São Paulo_São Lucas" }, "geometry": { "type": "Point", "coordinates": [ -46.5391151, -23.580428 ] } },
{ "type": "Feature", "properties": { "fid": 271791, "CNPJ": "54567293000112", "IDCIDADE": "SAO_PAULO", "NOMEFANTASIA": "DHALAS_MATERIAL_DE_CONSTRUCAO", "RAZAOSOCIAL": "SUELI_SANCHES_LOPES", "ENDEE": "RUA_ANA_CLARA13__VILA_MENDES_03257-000", "LMAPS": "https://www.google.com/maps?q=&layer=c&cbll=-23.6096812,-46.5327543", "O_QUE_FAZER": "CARTEIRA", "ER_REGIAO_CIDADE_min": "São Paulo_São Lucas" }, "geometry": { "type": "Point", "coordinates": [ -46.5327543, -23.6096812 ] } },
{ "type": "Feature", "properties": { "fid": 271793, "CNPJ": "54567672000102", "IDCIDADE": "SAO_PAULO", "NOMEFANTASIA": "OFICINA_CAR360_COMERCIO_DE_PECAS_E_SERVICOS_LTDA.", "RAZAOSOCIAL": "OFICINA_CAR_360", "ENDEE": "AVENIDA_DO_ORATORIO3666__JARDIM_GUAIRACA_03220-200", "LMAPS": "https://www.google.com/maps?q=&layer=c&cbll=-23.5999664,-46.5377348", "O_QUE_FAZER": "FINALIZADO", "ER_REGIAO_CIDADE_min": "São Paulo_São Lucas" }, "geometry": { "type": "Point", "coordinates": [ -46.5377348, -23.5999664 ] } },
{ "type": "Feature", "properties": { "fid": 272044, "CNPJ": "54616891000134", "IDCIDADE": "SAO_PAULO", "NOMEFANTASIA": "LA_CANTINELLA", "RAZAOSOCIAL": "PIZZARIA_DE_MARTINO_LTDA", "ENDEE": "AVENIDA_DO_ORATORIO3499__JARDIM_GUAIRACA_03116-000", "LMAPS": "https://www.google.com/maps?q=&layer=c&cbll=-23.5985163,-46.5386477", "O_QUE_FAZER": "CARTEIRA", "ER_REGIAO_CIDADE_min": "São Paulo_São Lucas" }, "geometry": { "type": "Point", "coordinates": [ -46.5386477, -23.5985163 ] } },
{ "type": "Feature", "properties": { "fid": 272156, "CNPJ": "54642137000179", "IDCIDADE": "SAO_PAULO", "NOMEFANTASIA": "AUTO_ESCOLA_VOLANTE", "RAZAOSOCIAL": "AUTO_ESCOLA_VOLANTE_LTDA", "ENDEE": "AVENIDA_DO_ORATORIO1876__PARQUE_SAO_LUCAS_03195-000", "LMAPS": "https://www.google.com/maps?q=&layer=c&cbll=-23.5910499,-46.5509151", "O_QUE_FAZER": "CARTEIRA", "ER_REGIAO_CIDADE_min": "São Paulo_São Lucas" }, "geometry": { "type": "Point", "coordinates": [ -46.5509151, -23.5910499 ] } },
{ "type": "Feature", "properties": { "fid": 273451, "CNPJ": "54929192000144", "IDCIDADE": "SAO_PAULO", "NOMEFANTASIA": "KIOSQ", "RAZAOSOCIAL": "KIOSQ", "ENDEE": "AVENIDA_PROFESSOR_LUIZ_IGNACIO_ANHAIA_MELLO__5441_03295-100", "LMAPS": "https://www.google.com/maps?q=&layer=c&cbll=-23.5892885,-46.5437064", "O_QUE_FAZER": "FINALIZADO", "ER_REGIAO_CIDADE_min": "São Paulo_São Lucas" }, "geometry": { "type": "Point", "coordinates": [ -46.5437064, -23.5892885 ] } },
{ "type": "Feature", "properties": { "fid": 274107, "CNPJ": "55081538000160", "IDCIDADE": "SAO_PAULO", "NOMEFANTASIA": "55.081.538_ELIALDA_FRANCISCA_DOS_SANTOS", "RAZAOSOCIAL": "ADEGA", "ENDEE": "AVENIDA_DO_ORATORIO3124__PARQUE_SAO_LUCAS_03220-100", "LMAPS": "https://www.google.com/maps?q=&layer=c&cbll=-23.5968789,-46.5417275", "O_QUE_FAZER": "FINALIZADO", "ER_REGIAO_CIDADE_min": "São Paulo_São Lucas" }, "geometry": { "type": "Point", "coordinates": [ -46.5417275, -23.5968789 ] } },
{ "type": "Feature", "properties": { "fid": 274250, "CNPJ": "55108545000108", "IDCIDADE": "SAO_PAULO", "NOMEFANTASIA": "STUDIO_DE_COSTURA_PENHA", "RAZAOSOCIAL": "STUDIO_DE_COSTURA_PENHA", "ENDEE": "AVENIDA_PROFESSOR_LUIZ_IGNACIO_ANHAIA_MELLO__5441_03295-100", "LMAPS": "https://www.google.com/maps?q=&layer=c&cbll=-23.5892885,-46.5437064", "O_QUE_FAZER": "FINALIZADO", "ER_REGIAO_CIDADE_min": "São Paulo_São Lucas" }, "geometry": { "type": "Point", "coordinates": [ -46.5437064, -23.5892885 ] } },
{ "type": "Feature", "properties": { "fid": 275371, "CNPJ": "55372667000107", "IDCIDADE": "SAO_PAULO", "NOMEFANTASIA": "DROGARIAS_MAIS_VIVA", "RAZAOSOCIAL": "DROGARIAS_MAIS_VIVA_VILA_GUARANI_LTDA", "ENDEE": "PRACA_GERALDO_MENDES7__CHACARA_BELENZINHO_03376-007", "LMAPS": "https://www.google.com/maps?q=&layer=c&cbll=-23.5818814,-46.5367218", "O_QUE_FAZER": "CARTEIRA", "ER_REGIAO_CIDADE_min": "São Paulo_São Lucas" }, "geometry": { "type": "Point", "coordinates": [ -46.5367218, -23.5818814 ] } },
{ "type": "Feature", "properties": { "fid": 275915, "CNPJ": "55498851000106", "IDCIDADE": "SAO_PAULO", "NOMEFANTASIA": "ELETRONICA_DIASON", "RAZAOSOCIAL": "ELETRONICA_DIASON_LTDA", "ENDEE": "RUA_FELIPE_LUCAS49__PARQUE_SAO_LUCAS_03239-020", "LMAPS": "https://www.google.com/maps?q=&layer=c&cbll=-23.5952487,-46.547017", "O_QUE_FAZER": "CARTEIRA", "ER_REGIAO_CIDADE_min": "São Paulo_São Lucas" }, "geometry": { "type": "Point", "coordinates": [ -46.547017, -23.5952487 ] } },
{ "type": "Feature", "properties": { "fid": 275956, "CNPJ": "55507056000129", "IDCIDADE": "SAO_PAULO", "NOMEFANTASIA": "DEPOSITO_SETE_ACABAMENTOS_E_MATERIAIS_LTDA", "RAZAOSOCIAL": "DEPOSITO_ACABARAMENTOS", "ENDEE": "AVENIDA_SAPOPEMBA4606__SAPOPEMBA_03374-000", "LMAPS": "https://www.google.com/maps?q=&layer=c&cbll=-23.5783488,-46.5457779", "O_QUE_FAZER": "FINALIZADO", "ER_REGIAO_CIDADE_min": "São Paulo_São Lucas" }, "geometry": { "type": "Point", "coordinates": [ -46.5457779, -23.5783488 ] } },
{ "type": "Feature", "properties": { "fid": 275978, "CNPJ": "55511346000146", "IDCIDADE": "SAO_PAULO", "NOMEFANTASIA": "LAVANDERIA_BRASIL_CLEAN", "RAZAOSOCIAL": "BRAZIL_CLEAN_LAVANDERIA_LTDA", "ENDEE": "RUA_COSTA_BARROS2200__SITIO_PINHEIRINHO_03143-003", "LMAPS": "https://www.google.com/maps?q=&layer=c&cbll=-23.6018543,-46.5473578", "O_QUE_FAZER": "FINALIZADO", "ER_REGIAO_CIDADE_min": "São Paulo_São Lucas" }, "geometry": { "type": "Point", "coordinates": [ -46.5473578, -23.6018543 ] } },
{ "type": "Feature", "properties": { "fid": 276011, "CNPJ": "55518937000145", "IDCIDADE": "SAO_PAULO", "NOMEFANTASIA": "BOLOS_VO_ALZIRA", "RAZAOSOCIAL": "VOVOS_IZA&DORA_BOLOS_LTDA", "ENDEE": "AVENIDA_DO_ORATORIO4132__JARDIM_GUAIRACA_03195-000", "LMAPS": "https://www.google.com/maps?q=&layer=c&cbll=-23.6017471,-46.5343077", "O_QUE_FAZER": "CARTEIRA", "ER_REGIAO_CIDADE_min": "São Paulo_São Lucas" }, "geometry": { "type": "Point", "coordinates": [ -46.5343077, -23.6017471 ] } },
{ "type": "Feature", "properties": { "fid": 276738, "CNPJ": "55703579000140", "IDCIDADE": "SAO_PAULO", "NOMEFANTASIA": "SAO_LUCAS_BABY_LTDA", "RAZAOSOCIAL": "MATEO_BABY", "ENDEE": "AVENIDA_DO_ORATORIO2458__PARQUE_SAO_LUCAS_03220-100", "LMAPS": "https://www.google.com/maps?q=&layer=c&cbll=-23.5930101,-46.5459018", "O_QUE_FAZER": "FINALIZADO", "ER_REGIAO_CIDADE_min": "São Paulo_São Lucas" }, "geometry": { "type": "Point", "coordinates": [ -46.5459018, -23.5930101 ] } },
{ "type": "Feature", "properties": { "fid": 276774, "CNPJ": "55712767000135", "IDCIDADE": "SAO_PAULO", "NOMEFANTASIA": "VD_CAR", "RAZAOSOCIAL": "VD_CAR_AUTOMOVEIS_LTDA", "ENDEE": "AVENIDA_PROFESSOR_LUIZ_IGNACIO_ANHAIA_MELLO5520__JARDIM_INDEPENDENCIA_03265-000", "LMAPS": "https://www.google.com/maps?q=&layer=c&cbll=-23.5902195,-46.5437302", "O_QUE_FAZER": "CARTEIRA", "ER_REGIAO_CIDADE_min": "São Paulo_São Lucas" }, "geometry": { "type": "Point", "coordinates": [ -46.5437302, -23.5902195 ] } },
{ "type": "Feature", "properties": { "fid": 276871, "CNPJ": "55738997000173", "IDCIDADE": "SAO_PAULO", "NOMEFANTASIA": "PET_SHOP_BANHO_E_TOSA_LUA_DE_CRISTAL_LTDA", "RAZAOSOCIAL": "PET_SHOP_CRISTAL", "ENDEE": "AVENIDA_DO_ORATORIO4909__VILA_INDUSTRIAL_03221-200", "LMAPS": "https://www.google.com/maps?q=&layer=c&cbll=-23.6029206,-46.5273468", "O_QUE_FAZER": "FINALIZADO", "ER_REGIAO_CIDADE_min": "São Paulo_São Lucas" }, "geometry": { "type": "Point", "coordinates": [ -46.5273468, -23.6029206 ] } },
{ "type": "Feature", "properties": { "fid": 276939, "CNPJ": "55752676000123", "IDCIDADE": "SAO_PAULO", "NOMEFANTASIA": "2_PONTOS_ATACADO_E_VAREJO_DE_MATERIAIS_DE_CONSTRUCAO_LTDA", "RAZAOSOCIAL": "PONTO_2", "ENDEE": "RUA_SOLIDONIO_LEITE2378__VILA_IVONE_03275-000", "LMAPS": "https://www.google.com/maps?q=&layer=c&cbll=-23.5862248,-46.5362493", "O_QUE_FAZER": "FINALIZADO", "ER_REGIAO_CIDADE_min": "São Paulo_São Lucas" }, "geometry": { "type": "Point", "coordinates": [ -46.5362493, -23.5862248 ] } },
{ "type": "Feature", "properties": { "fid": 277069, "CNPJ": "55781698000111", "IDCIDADE": "SAO_PAULO", "NOMEFANTASIA": "J._CLAVINNI", "RAZAOSOCIAL": "J.CLAVINNI_CONFECCOES_LTDA", "ENDEE": "RUA_OTAVIO_ALVES_DUNDAS325__VILA_IVG_03249-000", "LMAPS": "https://www.google.com/maps?q=&layer=c&cbll=-23.599365,-46.534025", "O_QUE_FAZER": "CARTEIRA", "ER_REGIAO_CIDADE_min": "São Paulo_São Lucas" }, "geometry": { "type": "Point", "coordinates": [ -46.534025, -23.599365 ] } },
{ "type": "Feature", "properties": { "fid": 277346, "CNPJ": "55862163000175", "IDCIDADE": "SAO_PAULO", "NOMEFANTASIA": "LADO_INDUSTRIA", "RAZAOSOCIAL": "LAD_INDUSTRIA_E_COMERCIO_DE_CONFECCOES_LTDA", "ENDEE": "AVENIDA_DO_ORATORIO2965__PARQUE_SAO_LUCAS_03195-000", "LMAPS": "https://www.google.com/maps?q=&layer=c&cbll=-23.59596,-46.5427952", "O_QUE_FAZER": "CARTEIRA", "ER_REGIAO_CIDADE_min": "São Paulo_São Lucas" }, "geometry": { "type": "Point", "coordinates": [ -46.5427952, -23.59596 ] } },
{ "type": "Feature", "properties": { "fid": 277595, "CNPJ": "55919765000111", "IDCIDADE": "SAO_PAULO", "NOMEFANTASIA": "BAR_E_LANCHES_BAPIA_LTDA", "RAZAOSOCIAL": "BAR_E_LANCHES_BAPHIA", "ENDEE": "AVENIDA_SAPOPEMBA5471__SAPOPEMBA_03374-001", "LMAPS": "https://www.google.com/maps?q=&layer=c&cbll=-23.5809811,-46.5380593", "O_QUE_FAZER": "FINALIZADO", "ER_REGIAO_CIDADE_min": "São Paulo_São Lucas" }, "geometry": { "type": "Point", "coordinates": [ -46.5380593, -23.5809811 ] } },
{ "type": "Feature", "properties": { "fid": 277967, "CNPJ": "56009327000189", "IDCIDADE": "SAO_PAULO", "NOMEFANTASIA": "GRAFICA_FERPOM", "RAZAOSOCIAL": "GRAFICA_FERPON_LTDA", "ENDEE": "AVENIDA_SAPOPEMBA4565__SAPOPEMBA_02859-140", "LMAPS": "https://www.google.com/maps?q=&layer=c&cbll=-23.57803,-46.5461967", "O_QUE_FAZER": "CARTEIRA", "ER_REGIAO_CIDADE_min": "São Paulo_São Lucas" }, "geometry": { "type": "Point", "coordinates": [ -46.5461967, -23.57803 ] } },
{ "type": "Feature", "properties": { "fid": 278044, "CNPJ": "56032189000159", "IDCIDADE": "SAO_PAULO", "NOMEFANTASIA": "CROCCO_FOODS_LTDA", "RAZAOSOCIAL": "CROCCO", "ENDEE": "AVENIDA_DO_ORATORIO4646__JARDIM_GUAIRACA_03220-200", "LMAPS": "https://www.google.com/maps?q=&layer=c&cbll=-23.6024871,-46.5302946", "O_QUE_FAZER": "FINALIZADO", "ER_REGIAO_CIDADE_min": "São Paulo_São Lucas" }, "geometry": { "type": "Point", "coordinates": [ -46.5302946, -23.6024871 ] } },
{ "type": "Feature", "properties": { "fid": 278117, "CNPJ": "56053080000106", "IDCIDADE": "SAO_PAULO", "NOMEFANTASIA": "ACAITEIRA_E_SORVETERIA", "RAZAOSOCIAL": "BFB_COMERCIO_DE_PRODUTOS_ALIMENTICIOS_LTDA", "ENDEE": "RUA_RIBEIROPOLIS258__VILA_CHARLOTE_03275-170", "LMAPS": "https://www.google.com/maps?q=&layer=c&cbll=-23.5816062,-46.5543133", "O_QUE_FAZER": "CARTEIRA", "ER_REGIAO_CIDADE_min": "São Paulo_São Lucas" }, "geometry": { "type": "Point", "coordinates": [ -46.5543133, -23.5816062 ] } },
{ "type": "Feature", "properties": { "fid": 278257, "CNPJ": "56085194000120", "IDCIDADE": "SAO_PAULO", "NOMEFANTASIA": "CENTRO_DE_FORMACAO_DE_CONDUTORES_B_NOSSA_SENHORA_DE_LOURDES_VILA_DIVA_LTDA", "RAZAOSOCIAL": "AUTO_ESCOLA_NOSSA_SENHORA_DE_LOURDES", "ENDEE": "AVENIDA_SAPOPEMBA4222__SAPOPEMBA_03374-000", "LMAPS": "https://www.google.com/maps?q=&layer=c&cbll=-23.577395,-46.5493129", "O_QUE_FAZER": "FINALIZADO", "ER_REGIAO_CIDADE_min": "São Paulo_São Lucas" }, "geometry": { "type": "Point", "coordinates": [ -46.5493129, -23.577395 ] } },
{ "type": "Feature", "properties": { "fid": 278525, "CNPJ": "56160043000199", "IDCIDADE": "SAO_PAULO", "NOMEFANTASIA": "56.160.043_GERALD_WILKER_MARTINS", "RAZAOSOCIAL": "OTICAS_VIZZ", "ENDEE": "AVENIDA_DO_ORATORIO4869__VILA_INDUSTRIAL_03254-000", "LMAPS": "https://www.google.com/maps?q=&layer=c&cbll=-23.6028101,-46.5277895", "O_QUE_FAZER": "FINALIZADO", "ER_REGIAO_CIDADE_min": "São Paulo_São Lucas" }, "geometry": { "type": "Point", "coordinates": [ -46.5277895, -23.6028101 ] } },
{ "type": "Feature", "properties": { "fid": 279181, "CNPJ": "56414164000110", "IDCIDADE": "SAO_PAULO", "NOMEFANTASIA": "PET_SHOP_AQUALANDIA_LTDA", "RAZAOSOCIAL": "PET_SHOP_AQUALANDIA", "ENDEE": "AVENIDA_DO_ORATORIO3058__MOOCA_03116-000", "LMAPS": "https://www.google.com/maps?q=&layer=c&cbll=-23.5965523,-46.5422465", "O_QUE_FAZER": "FINALIZADO", "ER_REGIAO_CIDADE_min": "São Paulo_São Lucas" }, "geometry": { "type": "Point", "coordinates": [ -46.5422465, -23.5965523 ] } },
{ "type": "Feature", "properties": { "fid": 279252, "CNPJ": "56433055000140", "IDCIDADE": "SAO_PAULO", "NOMEFANTASIA": "ACASO_MODAS", "RAZAOSOCIAL": "MAGAZINE_ANA_PAULA_LTDA", "ENDEE": "AVENIDA_SAO_LUCAS38__PARQUE_SAO_LUCAS_03239-000", "LMAPS": "https://www.google.com/maps?q=&layer=c&cbll=-23.593402,-46.5465707", "O_QUE_FAZER": "CARTEIRA", "ER_REGIAO_CIDADE_min": "São Paulo_São Lucas" }, "geometry": { "type": "Point", "coordinates": [ -46.5465707, -23.593402 ] } },
{ "type": "Feature", "properties": { "fid": 280517, "CNPJ": "57050535000194", "IDCIDADE": "SAO PAULO", "NOMEFANTASIA": "Valcacio_Cosmeticos_Ltda", "RAZAOSOCIAL": "VALCACIO_COSMETICOS_LTDA", "ENDEE": "RUA S JOSE DAS ESPINHARAS, 359, VILA IVG, 03249-030, SÃO PAULO, SP, BRASIL", "LMAPS": "https://www.google.com/maps?q=&layer=c&cbll=-23.6037893,-46.5328275", "O_QUE_FAZER": "CARTEIRA - FAMPE", "ER_REGIAO_CIDADE_min": "São Paulo_São Lucas" }, "geometry": { "type": "Point", "coordinates": [ -46.5328275, -23.6037893 ] } },
{ "type": "Feature", "properties": { "fid": 281211, "CNPJ": "57242732000105", "IDCIDADE": "SAO_PAULO", "NOMEFANTASIA": "WOOFIT", "RAZAOSOCIAL": "WOOFIT", "ENDEE": "VILA_EMA3005__VILA_EMA_03281-000", "LMAPS": "https://www.google.com/maps?q=&layer=c&cbll=-23.5828701,-46.5493848", "O_QUE_FAZER": "FINALIZADO", "ER_REGIAO_CIDADE_min": "São Paulo_São Lucas" }, "geometry": { "type": "Point", "coordinates": [ -46.5493848, -23.5828701 ] } },
{ "type": "Feature", "properties": { "fid": 282379, "CNPJ": "57554691000192", "IDCIDADE": "SAO_PAULO", "NOMEFANTASIA": "57.554.691_GUILHERME_BARBOSA_DOS_REIS", "RAZAOSOCIAL": "BIKE_RIDERS", "ENDEE": "RUA_FRANCISCO_FETT255__VILA_PAULO_SILAS_03264-000", "LMAPS": "https://www.google.com/maps?q=&layer=c&cbll=-23.5902048,-46.5445469", "O_QUE_FAZER": "FINALIZADO", "ER_REGIAO_CIDADE_min": "São Paulo_São Lucas" }, "geometry": { "type": "Point", "coordinates": [ -46.5445469, -23.5902048 ] } },
{ "type": "Feature", "properties": { "fid": 282508, "CNPJ": "57588186000169", "IDCIDADE": "SAO_PAULO", "NOMEFANTASIA": "BELLA_DELICATTA_PERFUMARIA_E_COSMETICOS_LTDA", "RAZAOSOCIAL": "LU_COSMETICOS", "ENDEE": "AVENIDA_SAPOPEMBA5830__SAPOPEMBA_03374-000", "LMAPS": "https://www.google.com/maps?q=&layer=c&cbll=-23.5831429,-46.5354128", "O_QUE_FAZER": "FINALIZADO", "ER_REGIAO_CIDADE_min": "São Paulo_São Lucas" }, "geometry": { "type": "Point", "coordinates": [ -46.5354128, -23.5831429 ] } },
{ "type": "Feature", "properties": { "fid": 282988, "CNPJ": "57731874000136", "IDCIDADE": "SAO_PAULO", "NOMEFANTASIA": "A_N_COMERCIO_E_SERVICOS_EM_GESSO_LTDA", "RAZAOSOCIAL": "S_N_GESSO", "ENDEE": "AVENIDA_DO_ORATORIO3600__JARDIM_GUAIRACA_03220-200", "LMAPS": "https://www.google.com/maps?q=&layer=c&cbll=-23.599346,-46.538127", "O_QUE_FAZER": "FINALIZADO", "ER_REGIAO_CIDADE_min": "São Paulo_São Lucas" }, "geometry": { "type": "Point", "coordinates": [ -46.538127, -23.599346 ] } },
{ "type": "Feature", "properties": { "fid": 283333, "CNPJ": "57831398000125", "IDCIDADE": "SAO_PAULO", "NOMEFANTASIA": "AMORE_E_MIO", "RAZAOSOCIAL": "AMORE_MIO_PAES_E_DOCES_LTDA", "ENDEE": "AVENIDA_DO_ORATORIO4243__JARDIM_GUAIRACA_03195-000", "LMAPS": "https://www.google.com/maps?q=&layer=c&cbll=-23.6014017,-46.533315", "O_QUE_FAZER": "CARTEIRA", "ER_REGIAO_CIDADE_min": "São Paulo_São Lucas" }, "geometry": { "type": "Point", "coordinates": [ -46.533315, -23.6014017 ] } },
{ "type": "Feature", "properties": { "fid": 283474, "CNPJ": "57876856000142", "IDCIDADE": "SAO_PAULO", "NOMEFANTASIA": "GECOLOR_ELETRONICA_LTDA", "RAZAOSOCIAL": "GECOLOR", "ENDEE": "AVENIDA_DO_ORATORIO4473__JARDIM_GUAIRACA_03220-200", "LMAPS": "https://www.google.com/maps?q=&layer=c&cbll=-23.6016458,-46.5308609", "O_QUE_FAZER": "FINALIZADO", "ER_REGIAO_CIDADE_min": "São Paulo_São Lucas" }, "geometry": { "type": "Point", "coordinates": [ -46.5308609, -23.6016458 ] } },
{ "type": "Feature", "properties": { "fid": 283719, "CNPJ": "57939765000109", "IDCIDADE": "SAO_PAULO", "NOMEFANTASIA": "BAZAR_E_PAPELARIA_PEROLA", "RAZAOSOCIAL": "BAZAR_E_PAPELARIA_WR_PEROLA_LTDA", "ENDEE": "AVENIDA_DO_ORATORIO4739__JARDIM_GUAIRACA_03195-000", "LMAPS": "https://www.google.com/maps?q=&layer=c&cbll=-23.6030064,-46.528999", "O_QUE_FAZER": "CARTEIRA", "ER_REGIAO_CIDADE_min": "São Paulo_São Lucas" }, "geometry": { "type": "Point", "coordinates": [ -46.528999, -23.6030064 ] } },
{ "type": "Feature", "properties": { "fid": 283762, "CNPJ": "57954398000112", "IDCIDADE": "SAO_PAULO", "NOMEFANTASIA": "COMERCIAL_CHRIS_&_MONY_LTDA", "RAZAOSOCIAL": "CHRIS_&_MONY_PAPELARIA", "ENDEE": "AVENIDA_DO_ORATORIO5600__VILA_INDUSTRIAL_03116-000", "LMAPS": "https://www.google.com/maps?q=&layer=c&cbll=-23.6060912,-46.5225364", "O_QUE_FAZER": "FINALIZADO", "ER_REGIAO_CIDADE_min": "São Paulo_São Lucas" }, "geometry": { "type": "Point", "coordinates": [ -46.5225364, -23.6060912 ] } },
{ "type": "Feature", "properties": { "fid": 283836, "CNPJ": "57972972000165", "IDCIDADE": "SAO PAULO", "NOMEFANTASIA": "-", "RAZAOSOCIAL": "57.972.972_EZEQUIAS_ALVES_LEMOS", "ENDEE": "RUA CACHOEIRA DA BANDEIRA, 81, VILA SAO NICOLAU, 03254-380, SÃO PAULO, SP, BRASIL", "LMAPS": "https://www.google.com/maps?q=&layer=c&cbll=-23.6130615,-46.5330493", "O_QUE_FAZER": "CARTEIRA - FAMPE", "ER_REGIAO_CIDADE_min": "São Paulo_São Lucas" }, "geometry": { "type": "Point", "coordinates": [ -46.5330493, -23.6130615 ] } },
{ "type": "Feature", "properties": { "fid": 284029, "CNPJ": "58031652000173", "IDCIDADE": "SAO_PAULO", "NOMEFANTASIA": "BEM_ESTAR_FITNESS_LTDA", "RAZAOSOCIAL": "BEM_ESTAR_FITNESS", "ENDEE": "AVENIDA_MORAIS_COSTA187__VILA_INDUSTRIAL_03253-000", "LMAPS": "https://www.google.com/maps?q=&layer=c&cbll=-23.6046389,-46.5300022", "O_QUE_FAZER": "FINALIZADO", "ER_REGIAO_CIDADE_min": "São Paulo_São Lucas" }, "geometry": { "type": "Point", "coordinates": [ -46.5300022, -23.6046389 ] } },
{ "type": "Feature", "properties": { "fid": 284255, "CNPJ": "58097039000159", "IDCIDADE": "SAO_PAULO", "NOMEFANTASIA": "NANEY_PASTELARIA_&_FAST_FOOD_LTDA", "RAZAOSOCIAL": "NANNEY_PASTELARIA", "ENDEE": "AVENIDA_DO_ORATORIO4650__JARDIM_ANGELA_(ZONA_LESTE)_03221-300", "LMAPS": "https://www.google.com/maps?q=&layer=c&cbll=-23.6025931,-46.5301592", "O_QUE_FAZER": "FINALIZADO", "ER_REGIAO_CIDADE_min": "São Paulo_São Lucas" }, "geometry": { "type": "Point", "coordinates": [ -46.5301592, -23.6025931 ] } },
{ "type": "Feature", "properties": { "fid": 284904, "CNPJ": "58278993000148", "IDCIDADE": "SAO_PAULO", "NOMEFANTASIA": "ARMARINHOS_DA_NAZA", "RAZAOSOCIAL": "ARMARINHOS_DA_NAZA", "ENDEE": "AVENIDA_EMA__2578_03282-000", "LMAPS": "https://www.google.com/maps?q=&layer=c&cbll=-23.5828701,-46.5493848", "O_QUE_FAZER": "FINALIZADO", "ER_REGIAO_CIDADE_min": "São Paulo_São Lucas" }, "geometry": { "type": "Point", "coordinates": [ -46.5493848, -23.5828701 ] } },
{ "type": "Feature", "properties": { "fid": 285097, "CNPJ": "58329568000130", "IDCIDADE": "SAO_PAULO", "NOMEFANTASIA": "MILAGRES_HORTIFRUTI_SELECIONADOS", "RAZAOSOCIAL": "HORTIFRUTI_MILAGRES", "ENDEE": "AVENIDA_DO_ORATORIO6000__JARDIM_ANGELA_03116-000", "LMAPS": "https://www.google.com/maps?q=&layer=c&cbll=-23.6086452,-46.5240294", "O_QUE_FAZER": "FINALIZADO", "ER_REGIAO_CIDADE_min": "São Paulo_São Lucas" }, "geometry": { "type": "Point", "coordinates": [ -46.5240294, -23.6086452 ] } },
{ "type": "Feature", "properties": { "fid": 285355, "CNPJ": "58415590000101", "IDCIDADE": "SAO_PAULO", "NOMEFANTASIA": "JOSS_SANTOS_LTDA", "RAZAOSOCIAL": "JOSS_SANTOS_FINANCEIRA", "ENDEE": "RUA_FRUTA-DE-GUARIBA527__VILA_INDUSTRIAL_03251-060", "LMAPS": "https://www.google.com/maps?q=&layer=c&cbll=-23.6109909,-46.5369254", "O_QUE_FAZER": "FINALIZADO", "ER_REGIAO_CIDADE_min": "São Paulo_São Lucas" }, "geometry": { "type": "Point", "coordinates": [ -46.5369254, -23.6109909 ] } },
{ "type": "Feature", "properties": { "fid": 285964, "CNPJ": "58608886000130", "IDCIDADE": "SAO_PAULO", "NOMEFANTASIA": "JOAO_GONCALVES_PINHEIRO", "RAZAOSOCIAL": "BAR_DO_GONCALVES_ANDREIA", "ENDEE": "AVENIDA_DO_ORATORIO3151__PARQUE_SAO_LUCAS_03220-100", "LMAPS": "https://www.google.com/maps?q=&layer=c&cbll=-23.5970831,-46.5413394", "O_QUE_FAZER": "FINALIZADO", "ER_REGIAO_CIDADE_min": "São Paulo_São Lucas" }, "geometry": { "type": "Point", "coordinates": [ -46.5413394, -23.5970831 ] } },
{ "type": "Feature", "properties": { "fid": 285967, "CNPJ": "58610288000104", "IDCIDADE": "SAO_PAULO", "NOMEFANTASIA": "CRESPO", "RAZAOSOCIAL": "COMERCIAL_CRESPURZE_LTDA", "ENDEE": "AVENIDA_MORAIS_COSTA614__VILA_INDUSTRIAL_03253-000", "LMAPS": "https://www.google.com/maps?q=&layer=c&cbll=-23.6081519,-46.532112", "O_QUE_FAZER": "CARTEIRA", "ER_REGIAO_CIDADE_min": "São Paulo_São Lucas" }, "geometry": { "type": "Point", "coordinates": [ -46.532112, -23.6081519 ] } },
{ "type": "Feature", "properties": { "fid": 286068, "CNPJ": "58649335000115", "IDCIDADE": "SAO PAULO", "NOMEFANTASIA": null, "RAZAOSOCIAL": "58.649.335_ISABELLY_RAMOS_DOS_SANTOS", "ENDEE": "RUA ANTONIO MENDES, 464, VILA NOVA UTINGA, 03258-060, SÃO PAULO, SP, BRASIL", "LMAPS": "https://www.google.com/maps?q=&layer=c&cbll=-23.6086905,-46.5256166", "O_QUE_FAZER": "APLICAR T4", "ER_REGIAO_CIDADE_min": "São Paulo_São Lucas" }, "geometry": { "type": "Point", "coordinates": [ -46.5256166, -23.6086905 ] } },
{ "type": "Feature", "properties": { "fid": 286293, "CNPJ": "58728106000196", "IDCIDADE": "SAO_PAULO", "NOMEFANTASIA": "HERMES_CAR", "RAZAOSOCIAL": "MECANICA_HERMES_CAR_LTDA", "ENDEE": "RUA_NOVA_TIMBOTEUA215__VILA_NOVA_PAULICEIA_03267-110", "LMAPS": "https://www.google.com/maps?q=&layer=c&cbll=-23.5999202,-46.5303487", "O_QUE_FAZER": "FINALIZADO", "ER_REGIAO_CIDADE_min": "São Paulo_São Lucas" }, "geometry": { "type": "Point", "coordinates": [ -46.5303487, -23.5999202 ] } },
{ "type": "Feature", "properties": { "fid": 286319, "CNPJ": "58738748000176", "IDCIDADE": "SAO PAULO", "NOMEFANTASIA": null, "RAZAOSOCIAL": "58.738.748_THIAGO_SILVA_DE_VASCONCELOS", "ENDEE": "RUA ANTONIO FLORENCIO DOS SANTOS, 197, JARDIM PANORAMA (ZONA LESTE), 03245-040, SÃO PAULO, SP, BRASIL", "LMAPS": "https://www.google.com/maps?q=&layer=c&cbll=-23.603583,-46.5364285", "O_QUE_FAZER": "CARTEIRA - FAMPE", "ER_REGIAO_CIDADE_min": "São Paulo_São Lucas" }, "geometry": { "type": "Point", "coordinates": [ -46.5364285, -23.603583 ] } },
{ "type": "Feature", "properties": { "fid": 286407, "CNPJ": "58772112000140", "IDCIDADE": "SAO_PAULO", "NOMEFANTASIA": "HTM_PRESENTES_LTDA", "RAZAOSOCIAL": "HT_M_PRESENTES", "ENDEE": "AVENIDA_DO_ORATORIO2436__PARQUE_SAO_LUCAS_03220-100", "LMAPS": "https://www.google.com/maps?q=&layer=c&cbll=-23.5931087,-46.5459951", "O_QUE_FAZER": "FINALIZADO", "ER_REGIAO_CIDADE_min": "São Paulo_São Lucas" }, "geometry": { "type": "Point", "coordinates": [ -46.5459951, -23.5931087 ] } },
{ "type": "Feature", "properties": { "fid": 286561, "CNPJ": "58826447000285", "IDCIDADE": "SAO_PAULO", "NOMEFANTASIA": "WLLIMAR_COMERCIO_E_CONFECCOES_LTDA", "RAZAOSOCIAL": "WLLIMAR", "ENDEE": "AVENIDA_DO_ORATORIO4392__JARDIM_GUAIRACA_03220-200", "LMAPS": "https://www.google.com/maps?q=&layer=c&cbll=-23.60171,-46.5318246", "O_QUE_FAZER": "FINALIZADO", "ER_REGIAO_CIDADE_min": "São Paulo_São Lucas" }, "geometry": { "type": "Point", "coordinates": [ -46.5318246, -23.60171 ] } },
{ "type": "Feature", "properties": { "fid": 287085, "CNPJ": "59010433000170", "IDCIDADE": "SAO_PAULO", "NOMEFANTASIA": "MEU_SALGADO_FAVORITO", "RAZAOSOCIAL": "MEU_SALGADO_FAVORITO", "ENDEE": "AVENIDA_EMA__5286_03282-001", "LMAPS": "https://www.google.com/maps?q=&layer=c&cbll=-23.5828701,-46.5493848", "O_QUE_FAZER": "FINALIZADO", "ER_REGIAO_CIDADE_min": "São Paulo_São Lucas" }, "geometry": { "type": "Point", "coordinates": [ -46.5493848, -23.5828701 ] } },
{ "type": "Feature", "properties": { "fid": 287576, "CNPJ": "59168269000124", "IDCIDADE": "SAO_PAULO", "NOMEFANTASIA": "SUSPENSAO_ROSSI", "RAZAOSOCIAL": "SUSPENSAO_ROSSI_LTDA", "ENDEE": "AVENIDA_MORAIS_COSTA375__VILA_INDUSTRIAL_03253-000", "LMAPS": "https://www.google.com/maps?q=&layer=c&cbll=-23.6061118,-46.5308117", "O_QUE_FAZER": "CARTEIRA", "ER_REGIAO_CIDADE_min": "São Paulo_São Lucas" }, "geometry": { "type": "Point", "coordinates": [ -46.5308117, -23.6061118 ] } },
{ "type": "Feature", "properties": { "fid": 287759, "CNPJ": "59224182000127", "IDCIDADE": "SAO_PAULO", "NOMEFANTASIA": "CALHAS_LANDIM_COMERCIO_E_SERVICOS_LTDA", "RAZAOSOCIAL": "CALHAS_LANDIM", "ENDEE": "RUA_ANTONIO_MARQUES_JULIAO116__JARDIM_GUAIRACA_03244-000", "LMAPS": "https://www.google.com/maps?q=&layer=c&cbll=-23.5994135,-46.5390821", "O_QUE_FAZER": "FINALIZADO", "ER_REGIAO_CIDADE_min": "São Paulo_São Lucas" }, "geometry": { "type": "Point", "coordinates": [ -46.5390821, -23.5994135 ] } },
{ "type": "Feature", "properties": { "fid": 287878, "CNPJ": "59258374000154", "IDCIDADE": "SAO_PAULO", "NOMEFANTASIA": "59.258.374_DENISE_DANTAS_GOMES_DOS_SANTOS", "RAZAOSOCIAL": "BOM_PERFUME", "ENDEE": "AVENIDA_DO_ORATORIO1743__VILA_INDEPENDENCIA_03221-000", "LMAPS": "https://www.google.com/maps?q=&layer=c&cbll=-23.5901925,-46.5519018", "O_QUE_FAZER": "FINALIZADO", "ER_REGIAO_CIDADE_min": "São Paulo_São Lucas" }, "geometry": { "type": "Point", "coordinates": [ -46.5519018, -23.5901925 ] } },
{ "type": "Feature", "properties": { "fid": 288030, "CNPJ": "59302839000127", "IDCIDADE": "SAO_PAULO", "NOMEFANTASIA": "CELEREIRO_DOS_OVOS", "RAZAOSOCIAL": "CELEREIRO_DOS_OVOS", "ENDEE": "AVENIDA_EMA__3442_03282-000", "LMAPS": "https://www.google.com/maps?q=&layer=c&cbll=-23.5828701,-46.5493848", "O_QUE_FAZER": "APLICAR T3", "ER_REGIAO_CIDADE_min": "São Paulo_São Lucas" }, "geometry": { "type": "Point", "coordinates": [ -46.5493848, -23.5828701 ] } },
{ "type": "Feature", "properties": { "fid": 288182, "CNPJ": "59351634000131", "IDCIDADE": "SAO_PAULO", "NOMEFANTASIA": "PET_SHOP_POINT_DA_BICHARADA_LTDA", "RAZAOSOCIAL": "POINT_DA_BICHARADA", "ENDEE": "AVENIDA_DO_ORATORIO1705__PARQUE_SAO_LUCAS_03221-100", "LMAPS": "https://www.google.com/maps?q=&layer=c&cbll=-23.5900218,-46.5520774", "O_QUE_FAZER": "FINALIZADO", "ER_REGIAO_CIDADE_min": "São Paulo_São Lucas" }, "geometry": { "type": "Point", "coordinates": [ -46.5520774, -23.5900218 ] } },
{ "type": "Feature", "properties": { "fid": 288529, "CNPJ": "59457561000167", "IDCIDADE": "SAO_PAULO", "NOMEFANTASIA": "59.457.561_JORGE_AUGUSTO_VIEIRA_COUTO_XAVIER", "RAZAOSOCIAL": "YAVE", "ENDEE": "RUA_COSTA_BARROS2103__SITIO_PINHEIRINHO_03210-001", "LMAPS": "https://www.google.com/maps?q=&layer=c&cbll=-23.6012629,-46.5476727", "O_QUE_FAZER": "FINALIZADO", "ER_REGIAO_CIDADE_min": "São Paulo_São Lucas" }, "geometry": { "type": "Point", "coordinates": [ -46.5476727, -23.6012629 ] } },
{ "type": "Feature", "properties": { "fid": 288709, "CNPJ": "59515817000145", "IDCIDADE": "SAO_PAULO", "NOMEFANTASIA": "ALEXSHOES_MODAS_E_CALCADOS", "RAZAOSOCIAL": "ROSENEL_COMERCIO_DE_CALCADOS_E_ARTIGOS_DE_BAZAR_LTDA", "ENDEE": "AVENIDA_DO_ORATORIO4654__JARDIM_GUAIRACA_03195-000", "LMAPS": "https://www.google.com/maps?q=&layer=c&cbll=-23.6024795,-46.5301922", "O_QUE_FAZER": "CARTEIRA", "ER_REGIAO_CIDADE_min": "São Paulo_São Lucas" }, "geometry": { "type": "Point", "coordinates": [ -46.5301922, -23.6024795 ] } },
{ "type": "Feature", "properties": { "fid": 288787, "CNPJ": "59537975000104", "IDCIDADE": "SAO_PAULO", "NOMEFANTASIA": "59.537.975_ALEXANDRE_KLEBER_SILVEIRA_PALOPOLI", "RAZAOSOCIAL": "CENTRAL_BOX", "ENDEE": "RUA_FRANCISCO_FETT400__VILA_PAULO_SILAS_03264-000", "LMAPS": "https://www.google.com/maps?q=&layer=c&cbll=-23.5912742,-46.5455618", "O_QUE_FAZER": "FINALIZADO", "ER_REGIAO_CIDADE_min": "São Paulo_São Lucas" }, "geometry": { "type": "Point", "coordinates": [ -46.5455618, -23.5912742 ] } },
{ "type": "Feature", "properties": { "fid": 288849, "CNPJ": "59559536000194", "IDCIDADE": "SAO_PAULO", "NOMEFANTASIA": "59.559.536_CARLOS_HENRIQUE_OLIVEIRA_TERRA", "RAZAOSOCIAL": "CARLOS_TERRA_", "ENDEE": "RUA_SERRA_REDONDA527__JARDIM_GUAIRACA_03244-150", "LMAPS": "https://www.google.com/maps?q=&layer=c&cbll=-23.6093299,-46.5406186", "O_QUE_FAZER": "FINALIZADO", "ER_REGIAO_CIDADE_min": "São Paulo_São Lucas" }, "geometry": { "type": "Point", "coordinates": [ -46.5406186, -23.6093299 ] } },
{ "type": "Feature", "properties": { "fid": 288975, "CNPJ": "59611643000114", "IDCIDADE": "SAO_PAULO", "NOMEFANTASIA": "59.611.643_CATIA_DOS_SANTOS_SILVA", "RAZAOSOCIAL": "LANCHONETE_C_&_J", "ENDEE": "RUA_LISA_ANSORGE25__JARDIM_GUAIRACA_03244-060", "LMAPS": "https://www.google.com/maps?q=&layer=c&cbll=-23.600719,-46.5390991", "O_QUE_FAZER": "FINALIZADO", "ER_REGIAO_CIDADE_min": "São Paulo_São Lucas" }, "geometry": { "type": "Point", "coordinates": [ -46.5390991, -23.600719 ] } },
{ "type": "Feature", "properties": { "fid": 289313, "CNPJ": "59708723000192", "IDCIDADE": "SAO_PAULO", "NOMEFANTASIA": "59.708.723_EDENILDO_TEIXEIRA_DOS_SANTOS", "RAZAOSOCIAL": "FOTO_SAO_LUCAS", "ENDEE": "AVENIDA_DO_ORATORIO1653__VILA_INDEPENDENCIA_03220-000", "LMAPS": "https://www.google.com/maps?q=&layer=c&cbll=-23.5897121,-46.5525602", "O_QUE_FAZER": "FINALIZADO", "ER_REGIAO_CIDADE_min": "São Paulo_São Lucas" }, "geometry": { "type": "Point", "coordinates": [ -46.5525602, -23.5897121 ] } },
{ "type": "Feature", "properties": { "fid": 289522, "CNPJ": "59770313000171", "IDCIDADE": "SAO_PAULO", "NOMEFANTASIA": "ELETRO_FORNOS", "RAZAOSOCIAL": "ELETRO_FORNOS_INDUSTRIA_E_COMERCIO_LTDA", "ENDEE": "RUA_SOLIDONIO_LEITE493__VILA_IVONE_03275-000", "LMAPS": "https://www.google.com/maps?q=&layer=c&cbll=-23.5793883,-46.55301", "O_QUE_FAZER": "CARTEIRA", "ER_REGIAO_CIDADE_min": "São Paulo_São Lucas" }, "geometry": { "type": "Point", "coordinates": [ -46.55301, -23.5793883 ] } },
{ "type": "Feature", "properties": { "fid": 289568, "CNPJ": "59781823000144", "IDCIDADE": "SAO_PAULO", "NOMEFANTASIA": "UHF", "RAZAOSOCIAL": "U_H_F_A_NOVA_SINTONIA_DA_MODA_LTDA", "ENDEE": "AVENIDA_DO_ORATORIO4862__JARDIM_GUAIRACA_03220-200", "LMAPS": "https://www.google.com/maps?q=&layer=c&cbll=-23.603075,-46.5278585", "O_QUE_FAZER": "CARTEIRA", "ER_REGIAO_CIDADE_min": "São Paulo_São Lucas" }, "geometry": { "type": "Point", "coordinates": [ -46.5278585, -23.603075 ] } },
{ "type": "Feature", "properties": { "fid": 289771, "CNPJ": "59836409000195", "IDCIDADE": "SAO_PAULO", "NOMEFANTASIA": "RPR_CENTRO_AUTOMOTIVO_LTDA", "RAZAOSOCIAL": "RPR_CENTRO_AUTOMOTIVO", "ENDEE": "RUA_MACAPARANA97__VILA_IVG_03249-080", "LMAPS": "https://www.google.com/maps?q=&layer=c&cbll=-23.6020966,-46.5347361", "O_QUE_FAZER": "FINALIZADO", "ER_REGIAO_CIDADE_min": "São Paulo_São Lucas" }, "geometry": { "type": "Point", "coordinates": [ -46.5347361, -23.6020966 ] } },
{ "type": "Feature", "properties": { "fid": 290636, "CNPJ": "60130980000179", "IDCIDADE": "SAO_PAULO", "NOMEFANTASIA": "CHURRASCARIA_VILA_EMA", "RAZAOSOCIAL": "CHURRASCARIA_VILA_EMA", "ENDEE": "VILA_EMA3215__VILA_EMA_03282-000", "LMAPS": "https://www.google.com/maps?q=&layer=c&cbll=-23.5828701,-46.5493848", "O_QUE_FAZER": "FINALIZADO", "ER_REGIAO_CIDADE_min": "São Paulo_São Lucas" }, "geometry": { "type": "Point", "coordinates": [ -46.5493848, -23.5828701 ] } },
{ "type": "Feature", "properties": { "fid": 290707, "CNPJ": "60158524000137", "IDCIDADE": "SAO_PAULO", "NOMEFANTASIA": "REI_LANDIA_MODAS", "RAZAOSOCIAL": "REI_LANDA_MODAS_LTDA", "ENDEE": "AVENIDA_DO_ORATORIO2935__PARQUE_SAO_LUCAS_03221-100", "LMAPS": "https://www.google.com/maps?q=&layer=c&cbll=-23.595665,-46.5429887", "O_QUE_FAZER": "CARTEIRA", "ER_REGIAO_CIDADE_min": "São Paulo_São Lucas" }, "geometry": { "type": "Point", "coordinates": [ -46.5429887, -23.595665 ] } },
{ "type": "Feature", "properties": { "fid": 290807, "CNPJ": "60192135000128", "IDCIDADE": "SAO_PAULO", "NOMEFANTASIA": "POINTER_VEICULOS_LTDA", "RAZAOSOCIAL": "POINTER_VEICULOS", "ENDEE": "AVENIDA_DO_ORATORIO2991__JARDIM_ANGELA_03220-900", "LMAPS": "https://www.google.com/maps?q=&layer=c&cbll=-23.5960368,-46.5428142", "O_QUE_FAZER": "FINALIZADO", "ER_REGIAO_CIDADE_min": "São Paulo_São Lucas" }, "geometry": { "type": "Point", "coordinates": [ -46.5428142, -23.5960368 ] } },
{ "type": "Feature", "properties": { "fid": 291251, "CNPJ": "60352117000166", "IDCIDADE": "SAO_PAULO", "NOMEFANTASIA": "ARMAZEM_TUDO_MAIS_BARATO_COMERCIO_LTDA", "RAZAOSOCIAL": "ARMAZEN_TUDO_MAIS_BARATO", "ENDEE": "AVENIDA_DO_ORATORIO1879__VILA_INDEPENDENCIA_03220-000", "LMAPS": "https://www.google.com/maps?q=&layer=c&cbll=-23.590891,-46.5508524", "O_QUE_FAZER": "FINALIZADO", "ER_REGIAO_CIDADE_min": "São Paulo_São Lucas" }, "geometry": { "type": "Point", "coordinates": [ -46.5508524, -23.590891 ] } },
{ "type": "Feature", "properties": { "fid": 291344, "CNPJ": "60386661000129", "IDCIDADE": "SAO_PAULO", "NOMEFANTASIA": "PAULA_MODAS", "RAZAOSOCIAL": "IDEI_RITA_DE_QUEIROZ_FRANCO", "ENDEE": "AVENIDA_SAO_LUCAS29__PARQUE_SAO_LUCAS_03239-000", "LMAPS": "https://www.google.com/maps?q=&layer=c&cbll=-23.5932489,-46.5465064", "O_QUE_FAZER": "CARTEIRA", "ER_REGIAO_CIDADE_min": "São Paulo_São Lucas" }, "geometry": { "type": "Point", "coordinates": [ -46.5465064, -23.5932489 ] } },
{ "type": "Feature", "properties": { "fid": 291483, "CNPJ": "60434022000191", "IDCIDADE": "SAO_PAULO", "NOMEFANTASIA": "IMPERIO_MOURA_RESTAURANTE_E_PETISCARIA_LTDA", "RAZAOSOCIAL": "RESTAURANTE_IMPERIO_DO_CHEF", "ENDEE": "AVENIDA_DO_ORATORIO3501__PARQUE_SAO_LUCAS_03220-100", "LMAPS": "https://www.google.com/maps?q=&layer=c&cbll=-23.5983632,-46.5386287", "O_QUE_FAZER": "FINALIZADO", "ER_REGIAO_CIDADE_min": "São Paulo_São Lucas" }, "geometry": { "type": "Point", "coordinates": [ -46.5386287, -23.5983632 ] } },
{ "type": "Feature", "properties": { "fid": 291690, "CNPJ": "60501368000165", "IDCIDADE": "SAO_PAULO", "NOMEFANTASIA": "MUNCLAIR_METALURGIA_E_COMERCIO_LIMITADA", "RAZAOSOCIAL": "MUNCLAIR", "ENDEE": "RUA_MARCELLO_MÜLLER869__JARDIM_INDEPENDENCIA_03223-060", "LMAPS": "https://www.google.com/maps?q=&layer=c&cbll=-23.5901442,-46.5592103", "O_QUE_FAZER": "FINALIZADO", "ER_REGIAO_CIDADE_min": "São Paulo_São Lucas" }, "geometry": { "type": "Point", "coordinates": [ -46.5592103, -23.5901442 ] } },
{ "type": "Feature", "properties": { "fid": 292689, "CNPJ": "60853254000184", "IDCIDADE": "SAO_PAULO", "NOMEFANTASIA": "60.853.254_VERA_LUCIA_DE_ALMEIDA_DE_CAMPOS", "RAZAOSOCIAL": "BIANCA_DOCES", "ENDEE": "AVENIDA_DO_ORATORIO6128__JARDIM_ANGELA_03116-000", "LMAPS": "https://www.google.com/maps?q=&layer=c&cbll=-23.6097556,-46.5246241", "O_QUE_FAZER": "FINALIZADO", "ER_REGIAO_CIDADE_min": "São Paulo_São Lucas" }, "geometry": { "type": "Point", "coordinates": [ -46.5246241, -23.6097556 ] } },
{ "type": "Feature", "properties": { "fid": 292726, "CNPJ": "60866753000106", "IDCIDADE": "SAO_PAULO", "NOMEFANTASIA": "FARMA_&_CIA", "RAZAOSOCIAL": "DROGARIA_ALFA_LTDA", "ENDEE": "AVENIDA_SAPOPEMBA6366__SAPOPEMBA_03374-001", "LMAPS": "https://www.google.com/maps?q=&layer=c&cbll=-23.5871554,-46.5328745", "O_QUE_FAZER": "CARTEIRA", "ER_REGIAO_CIDADE_min": "São Paulo_São Lucas" }, "geometry": { "type": "Point", "coordinates": [ -46.5328745, -23.5871554 ] } },
{ "type": "Feature", "properties": { "fid": 292825, "CNPJ": "60900034000164", "IDCIDADE": "SAO PAULO", "NOMEFANTASIA": null, "RAZAOSOCIAL": "60.900.034_AMANDA_DE_SOUSA_DE_OLIVEIRA", "ENDEE": "AVENIDA VILA EMA, 3000, APT 147 TORRE 1, VILA EMA, 03282-000, SÃO PAULO, SP, BRASIL", "LMAPS": "https://www.google.com/maps?q=&layer=c&cbll=-23.584008,-46.5482182", "O_QUE_FAZER": "CARTEIRA - FAMPE", "ER_REGIAO_CIDADE_min": "São Paulo_São Lucas" }, "geometry": { "type": "Point", "coordinates": [ -46.5482182, -23.584008 ] } },
{ "type": "Feature", "properties": { "fid": 293203, "CNPJ": "61026966000192", "IDCIDADE": "SAO_PAULO", "NOMEFANTASIA": "AYA_NATURAIS_LTDA", "RAZAOSOCIAL": "AMELIA_NATURALLE", "ENDEE": "AVENIDA_DO_ORATORIO4785__JARDIM_GUAIRACA_03221-200", "LMAPS": "https://www.google.com/maps?q=&layer=c&cbll=-23.6029569,-46.5285617", "O_QUE_FAZER": "FINALIZADO", "ER_REGIAO_CIDADE_min": "São Paulo_São Lucas" }, "geometry": { "type": "Point", "coordinates": [ -46.5285617, -23.6029569 ] } },
{ "type": "Feature", "properties": { "fid": 293465, "CNPJ": "61118527000100", "IDCIDADE": "SAO_PAULO", "NOMEFANTASIA": "BOM_TRIGO", "RAZAOSOCIAL": "BOM_TRIGO_INDUSTRIA_E_COMERCIO_DE_PANIFICACAO_E_CONFEITARIA_LTDA", "ENDEE": "AVENIDA_SAPOPEMBA5651__SAPOPEMBA_03374-001", "LMAPS": "https://www.google.com/maps?q=&layer=c&cbll=-23.5819065,-46.5365396", "O_QUE_FAZER": "CARTEIRA", "ER_REGIAO_CIDADE_min": "São Paulo_São Lucas" }, "geometry": { "type": "Point", "coordinates": [ -46.5365396, -23.5819065 ] } },
{ "type": "Feature", "properties": { "fid": 293725, "CNPJ": "61210241000150", "IDCIDADE": "SAO_PAULO", "NOMEFANTASIA": "PADARIA_INDEPENDENCIA", "RAZAOSOCIAL": "PADARIA_INDEPENDENCIA_LTDA", "ENDEE": "RUA_JOSE_MACEDO570__VILA_MACEDOPOLIS_03236-020", "LMAPS": "https://www.google.com/maps?q=&layer=c&cbll=-23.5942131,-46.554538", "O_QUE_FAZER": "CARTEIRA", "ER_REGIAO_CIDADE_min": "São Paulo_São Lucas" }, "geometry": { "type": "Point", "coordinates": [ -46.554538, -23.5942131 ] } },
{ "type": "Feature", "properties": { "fid": 293799, "CNPJ": "61238044000149", "IDCIDADE": "SAO_PAULO", "NOMEFANTASIA": "PANIFICADORA_RAINDA_DA_INDUSTRIAL", "RAZAOSOCIAL": "PANIFICADORA_E_CONFEITARIA_RAINHA_DA_INDUSTRIAL_LTDA", "ENDEE": "AVENIDA_MORAIS_COSTA767__VILA_INDUSTRIAL_03253-000", "LMAPS": "https://www.google.com/maps?q=&layer=c&cbll=-23.6093275,-46.5324493", "O_QUE_FAZER": "CARTEIRA", "ER_REGIAO_CIDADE_min": "São Paulo_São Lucas" }, "geometry": { "type": "Point", "coordinates": [ -46.5324493, -23.6093275 ] } },
{ "type": "Feature", "properties": { "fid": 293819, "CNPJ": "61245370000183", "IDCIDADE": "SAO_PAULO", "NOMEFANTASIA": "EMPORIO_VIA_VITAL", "RAZAOSOCIAL": "EMPORIO_VIA_VITAL", "ENDEE": "VILA_EMA3601__VILA_EMA_03281-000", "LMAPS": "https://www.google.com/maps?q=&layer=c&cbll=-23.5828701,-46.5493848", "O_QUE_FAZER": "FINALIZADO", "ER_REGIAO_CIDADE_min": "São Paulo_São Lucas" }, "geometry": { "type": "Point", "coordinates": [ -46.5493848, -23.5828701 ] } },
{ "type": "Feature", "properties": { "fid": 293848, "CNPJ": "61253068000177", "IDCIDADE": "SAO_PAULO", "NOMEFANTASIA": "COMERCIAL_V_GUERRIERO_LTDA", "RAZAOSOCIAL": "MOVEIS_GUERREIRO", "ENDEE": "AVENIDA_DO_ORATORIO3059__PARQUE_SAO_LUCAS_03220-100", "LMAPS": "https://www.google.com/maps?q=&layer=c&cbll=-23.5963247,-46.5419721", "O_QUE_FAZER": "FINALIZADO", "ER_REGIAO_CIDADE_min": "São Paulo_São Lucas" }, "geometry": { "type": "Point", "coordinates": [ -46.5419721, -23.5963247 ] } },
{ "type": "Feature", "properties": { "fid": 294088, "CNPJ": "61334617000138", "IDCIDADE": "SAO PAULO", "NOMEFANTASIA": "SIMONE_CERVANTES", "RAZAOSOCIAL": "61.334.617_SIMONE_PAULA_FERNANDES_CERVANTES", "ENDEE": "RUA ZEFERINO FERRAZ, 37, VILA SANTA CLARA, 03274-060, SÃO PAULO, SP, BRASIL", "LMAPS": "https://www.google.com/maps?q=&layer=c&cbll=-23.5792384,-46.5570005", "O_QUE_FAZER": "APLICAR T4", "ER_REGIAO_CIDADE_min": "São Paulo_São Lucas" }, "geometry": { "type": "Point", "coordinates": [ -46.5570005, -23.5792384 ] } },
{ "type": "Feature", "properties": { "fid": 294113, "CNPJ": "61344487000114", "IDCIDADE": "SAO_PAULO", "NOMEFANTASIA": "FARMACIASAO_MARTINHO", "RAZAOSOCIAL": "FARMACIA_SAO_MARTINHO_LTDA", "ENDEE": "AVENIDA_DO_ORATORIO1941__PARQUE_SAO_LUCAS_03195-000", "LMAPS": "https://www.google.com/maps?q=&layer=c&cbll=-23.5912598,-46.5503472", "O_QUE_FAZER": "CARTEIRA", "ER_REGIAO_CIDADE_min": "São Paulo_São Lucas" }, "geometry": { "type": "Point", "coordinates": [ -46.5503472, -23.5912598 ] } },
{ "type": "Feature", "properties": { "fid": 294126, "CNPJ": "61349700000180", "IDCIDADE": "SAO_PAULO", "NOMEFANTASIA": "DROGARIA_SAO_MIGUEL", "RAZAOSOCIAL": "DROGARIA_SAO_MIGUEL_LTDA", "ENDEE": "RUA_COSTA_BARROS1753__SITIO_PINHEIRINHO_03210-001", "LMAPS": "https://www.google.com/maps?q=&layer=c&cbll=-23.6000562,-46.5508723", "O_QUE_FAZER": "CARTEIRA", "ER_REGIAO_CIDADE_min": "São Paulo_São Lucas" }, "geometry": { "type": "Point", "coordinates": [ -46.5508723, -23.6000562 ] } },
{ "type": "Feature", "properties": { "fid": 294146, "CNPJ": "61356606000159", "IDCIDADE": "SAO_PAULO", "NOMEFANTASIA": "PANIFICADORA_RAINHA_SAO_LUCAS", "RAZAOSOCIAL": "PANIFICADORA_RAINHA_DE_SAO_LUCAS_LTDA", "ENDEE": "AVENIDA_SAO_LUCAS19__PARQUE_SAO_LUCAS_03239-000", "LMAPS": "https://www.google.com/maps?q=&layer=c&cbll=-23.5951043,-46.5471045", "O_QUE_FAZER": "CARTEIRA", "ER_REGIAO_CIDADE_min": "São Paulo_São Lucas" }, "geometry": { "type": "Point", "coordinates": [ -46.5471045, -23.5951043 ] } },
{ "type": "Feature", "properties": { "fid": 294574, "CNPJ": "61520201000104", "IDCIDADE": "SAO_PAULO", "NOMEFANTASIA": "MARBRAGA_MODAS_LTDA", "RAZAOSOCIAL": "MAR_BRAGANCA_MODAS", "ENDEE": "AVENIDA_SAO_LUCAS56__PARQUE_SAO_LUCAS_03239-000", "LMAPS": "https://www.google.com/maps?q=&layer=c&cbll=-23.5933938,-46.5467341", "O_QUE_FAZER": "FINALIZADO", "ER_REGIAO_CIDADE_min": "São Paulo_São Lucas" }, "geometry": { "type": "Point", "coordinates": [ -46.5467341, -23.5933938 ] } },
{ "type": "Feature", "properties": { "fid": 294577, "CNPJ": "61521951000109", "IDCIDADE": "SAO_PAULO", "NOMEFANTASIA": "PANIFICADORA_FLOR_DA_JUVENTUDE_LTDA", "RAZAOSOCIAL": "PANIFICADORA_FLOR_DA_JUVENTUDE", "ENDEE": "AVENIDA_DO_ORATORIO1934__PARQUE_SAO_LUCAS_03220-100", "LMAPS": "https://www.google.com/maps?q=&layer=c&cbll=-23.5913112,-46.5506173", "O_QUE_FAZER": "FINALIZADO", "ER_REGIAO_CIDADE_min": "São Paulo_São Lucas" }, "geometry": { "type": "Point", "coordinates": [ -46.5506173, -23.5913112 ] } },
{ "type": "Feature", "properties": { "fid": 294764, "CNPJ": "61596276000179", "IDCIDADE": "SAO_PAULO", "NOMEFANTASIA": "SUZANO_CORTE_VINCULO", "RAZAOSOCIAL": "SUZANO_CORTE_VINCO_E_IMPRESSOES_GRAFICAS_LTDA", "ENDEE": "AVENIDA_DO_ORATORIO4109__JARDIM_GUAIRACA_03195-000", "LMAPS": "https://www.google.com/maps?q=&layer=c&cbll=-23.6015733,-46.5346826", "O_QUE_FAZER": "CARTEIRA", "ER_REGIAO_CIDADE_min": "São Paulo_São Lucas" }, "geometry": { "type": "Point", "coordinates": [ -46.5346826, -23.6015733 ] } },
{ "type": "Feature", "properties": { "fid": 295026, "CNPJ": "61703141000165", "IDCIDADE": "SAO_PAULO", "NOMEFANTASIA": "LIMA_AUTOMOVEIS_LTDA", "RAZAOSOCIAL": "AUDIO_ART", "ENDEE": "AVENIDA_SAPOPEMBA4546__SAPOPEMBA_03374-000", "LMAPS": "https://www.google.com/maps?q=&layer=c&cbll=-23.5781274,-46.5462865", "O_QUE_FAZER": "FINALIZADO", "ER_REGIAO_CIDADE_min": "São Paulo_São Lucas" }, "geometry": { "type": "Point", "coordinates": [ -46.5462865, -23.5781274 ] } },
{ "type": "Feature", "properties": { "fid": 295091, "CNPJ": "61728283000187", "IDCIDADE": "SAO_PAULO", "NOMEFANTASIA": "PROSTEC_EQUIPAMENTOS_INDUSTRIAIS_LTDA", "RAZAOSOCIAL": "PROSTEC", "ENDEE": "RUA_FRANCISCO_FETT470__VILA_PAULO_SILAS_03264-000", "LMAPS": "https://www.google.com/maps?q=&layer=c&cbll=-23.5918657,-46.5458287", "O_QUE_FAZER": "FINALIZADO", "ER_REGIAO_CIDADE_min": "São Paulo_São Lucas" }, "geometry": { "type": "Point", "coordinates": [ -46.5458287, -23.5918657 ] } },
{ "type": "Feature", "properties": { "fid": 295316, "CNPJ": "61813555000147", "IDCIDADE": "SAO_PAULO", "NOMEFANTASIA": null, "RAZAOSOCIAL": "61.813.555_RAFAEL_LOPES_NASCIMENTO", "ENDEE": "RUA_GIUSEPPE FIORAVANTE GIGLIO_74_SITIO PINHEIRINHO_03241-040_SAO_PAULO", "LMAPS": "https://www.google.com/maps?q=&layer=c&cbll=-23.6005309,-46.5458754", "O_QUE_FAZER": "APLICAR T4", "ER_REGIAO_CIDADE_min": "São Paulo_São Lucas" }, "geometry": { "type": "Point", "coordinates": [ -46.5458754, -23.6005309 ] } },
{ "type": "Feature", "properties": { "fid": 295498, "CNPJ": "61889033000129", "IDCIDADE": "SAO_PAULO", "NOMEFANTASIA": "61.889.033_YASMIN_BORGES_FONTES", "RAZAOSOCIAL": "BEL_BORGES", "ENDEE": "RUA_COSTA_BARROS2100__SITIO_PINHEIRINHO_03210-001", "LMAPS": "https://www.google.com/maps?q=&layer=c&cbll=-23.601825,-46.54768", "O_QUE_FAZER": "FINALIZADO", "ER_REGIAO_CIDADE_min": "São Paulo_São Lucas" }, "geometry": { "type": "Point", "coordinates": [ -46.54768, -23.601825 ] } },
{ "type": "Feature", "properties": { "fid": 295546, "CNPJ": "61908523000125", "IDCIDADE": "SAO PAULO", "NOMEFANTASIA": "BROTHERS_PESCA", "RAZAOSOCIAL": "BROTHERS_PESCA_&_CAMPING_LTDA", "ENDEE": "PROFESSOR LUIZ IGNÁCIO ANHAIA MELLO, 5723, VILA GRACIOSA, SÃO PAULO_03295-000", "LMAPS": "https://www.google.com/maps?q=&layer=c&cbll=-23.5914718,-46.5420483", "O_QUE_FAZER": "FINALIZADO", "ER_REGIAO_CIDADE_min": "São Paulo_São Lucas" }, "geometry": { "type": "Point", "coordinates": [ -46.5420483, -23.5914718 ] } },
{ "type": "Feature", "properties": { "fid": 295741, "CNPJ": "61979944000147", "IDCIDADE": "SAO_PAULO", "NOMEFANTASIA": "AUTO_ELETRICO_PORTO_RICO_LTDA", "RAZAOSOCIAL": "AUTO_ELETRICO_PORTO_RICO", "ENDEE": "AVENIDA_SAPOPEMBA5138__SAPOPEMBA_03374-000", "LMAPS": "https://www.google.com/maps?q=&layer=c&cbll=-23.5795913,-46.5407499", "O_QUE_FAZER": "FINALIZADO", "ER_REGIAO_CIDADE_min": "São Paulo_São Lucas" }, "geometry": { "type": "Point", "coordinates": [ -46.5407499, -23.5795913 ] } },
{ "type": "Feature", "properties": { "fid": 296178, "CNPJ": "62139845000110", "IDCIDADE": "SAO_PAULO", "NOMEFANTASIA": "DROGA_EMA", "RAZAOSOCIAL": "DROGA_EMA_LTDA", "ENDEE": "AVENIDA_VILA_EMA3640__VILA_EMA_03282-000", "LMAPS": "https://www.google.com/maps?q=&layer=c&cbll=-23.5876147,-46.5440856", "O_QUE_FAZER": "FINALIZADO", "ER_REGIAO_CIDADE_min": "São Paulo_São Lucas" }, "geometry": { "type": "Point", "coordinates": [ -46.5440856, -23.5876147 ] } },
{ "type": "Feature", "properties": { "fid": 296272, "CNPJ": "62175989000121", "IDCIDADE": "SAO_PAULO", "NOMEFANTASIA": "DROGA_SUPPI_LTDA", "RAZAOSOCIAL": "DROGA_SUPPI", "ENDEE": "AVENIDA_DO_ORATORIO2079__VILA_INDEPENDENCIA_03220-100", "LMAPS": "https://www.google.com/maps?q=&layer=c&cbll=-23.5915464,-46.5491452", "O_QUE_FAZER": "FINALIZADO", "ER_REGIAO_CIDADE_min": "São Paulo_São Lucas" }, "geometry": { "type": "Point", "coordinates": [ -46.5491452, -23.5915464 ] } },
{ "type": "Feature", "properties": { "fid": 296485, "CNPJ": "62265863000148", "IDCIDADE": "SAO_PAULO", "NOMEFANTASIA": "LOJA_POPULAT", "RAZAOSOCIAL": "LOJA_YOSHIZAWA_LTDA", "ENDEE": "AVENIDA_SAO_LUCAS51__PARQUE_SAO_LUCAS_03239-000", "LMAPS": "https://www.google.com/maps?q=&layer=c&cbll=-23.5933917,-46.5463567", "O_QUE_FAZER": "CARTEIRA", "ER_REGIAO_CIDADE_min": "São Paulo_São Lucas" }, "geometry": { "type": "Point", "coordinates": [ -46.5463567, -23.5933917 ] } },
{ "type": "Feature", "properties": { "fid": 296513, "CNPJ": "62283247000110", "IDCIDADE": "SAO PAULO", "NOMEFANTASIA": null, "RAZAOSOCIAL": "EQUIPE_2000_COMERCIAL_LTDA", "ENDEE": "RUA DAVID BARIONE, 150, PARQUE SAO LUCAS, 03264-020, SÃO PAULO, SP, BRASIL", "LMAPS": "https://www.google.com/maps?q=&layer=c&cbll=-23.5907847,-46.5473067", "O_QUE_FAZER": "CARTEIRA - FAMPE", "ER_REGIAO_CIDADE_min": "São Paulo_São Lucas" }, "geometry": { "type": "Point", "coordinates": [ -46.5473067, -23.5907847 ] } },
{ "type": "Feature", "properties": { "fid": 296535, "CNPJ": "62294248000160", "IDCIDADE": "SAO_PAULO", "NOMEFANTASIA": "LUX_ELETRO_LTDA", "RAZAOSOCIAL": "COMERCIAL_LUX_ELETRO", "ENDEE": "AVENIDA_DO_ORATORIO1940__VILA_INDEPENDENCIA_03220-000", "LMAPS": "https://www.google.com/maps?q=&layer=c&cbll=-23.5914239,-46.5504181", "O_QUE_FAZER": "FINALIZADO", "ER_REGIAO_CIDADE_min": "São Paulo_São Lucas" }, "geometry": { "type": "Point", "coordinates": [ -46.5504181, -23.5914239 ] } },
{ "type": "Feature", "properties": { "fid": 296904, "CNPJ": "62460035000160", "IDCIDADE": "SAO_PAULO", "NOMEFANTASIA": "ADM_IMOBILIARIA", "RAZAOSOCIAL": "ADMINISTRACAO_IMOBILIARIA_J_SA_LTDA", "ENDEE": "AVENIDA_MORAIS_COSTA294__VILA_INDUSTRIAL_03253-000", "LMAPS": "https://www.google.com/maps?q=&layer=c&cbll=-23.6053023,-46.5304765", "O_QUE_FAZER": "CARTEIRA", "ER_REGIAO_CIDADE_min": "São Paulo_São Lucas" }, "geometry": { "type": "Point", "coordinates": [ -46.5304765, -23.6053023 ] } },
{ "type": "Feature", "properties": { "fid": 296998, "CNPJ": "62505334000174", "IDCIDADE": "SAO PAULO", "NOMEFANTASIA": "VISAO_ASSESSORIA_E_CONSULTORIA_EMPRESARIAL", "RAZAOSOCIAL": "WILSON_RECHE", "ENDEE": "RUA HERWIS, 649, VILA EMA, 03279-000, SÃO PAULO, SP, BRASIL", "LMAPS": "https://www.google.com/maps?q=&layer=c&cbll=-23.5853832,-46.5422563", "O_QUE_FAZER": "CARTEIRA - FAMPE", "ER_REGIAO_CIDADE_min": "São Paulo_São Lucas" }, "geometry": { "type": "Point", "coordinates": [ -46.5422563, -23.5853832 ] } },
{ "type": "Feature", "properties": { "fid": 297046, "CNPJ": "62525803000117", "IDCIDADE": "SAO_PAULO", "NOMEFANTASIA": "BARTOLOMEU_PINHEIRO", "RAZAOSOCIAL": "BARTOLOMEU_PINHEIRO_DE_CARVALHO", "ENDEE": "AVENIDA_VILA_EMA2745__VILA_EMA_03281-000", "LMAPS": "https://www.google.com/maps?q=&layer=c&cbll=-23.5827246,-46.5501477", "O_QUE_FAZER": "FINALIZADO", "ER_REGIAO_CIDADE_min": "São Paulo_São Lucas" }, "geometry": { "type": "Point", "coordinates": [ -46.5501477, -23.5827246 ] } },
{ "type": "Feature", "properties": { "fid": 297103, "CNPJ": "62548284000102", "IDCIDADE": "SAO_PAULO", "NOMEFANTASIA": "LANCHONETE_H_NUNES", "RAZAOSOCIAL": "H.NUNES_LANCHONETE_LTDA", "ENDEE": "RUA_COSTA_BARROS1864__SITIO_PINHEIRINHO_03210-001", "LMAPS": "https://www.google.com/maps?q=&layer=c&cbll=-23.6006243,-46.5500822", "O_QUE_FAZER": "CARTEIRA", "ER_REGIAO_CIDADE_min": "São Paulo_São Lucas" }, "geometry": { "type": "Point", "coordinates": [ -46.5500822, -23.6006243 ] } },
{ "type": "Feature", "properties": { "fid": 297631, "CNPJ": "62753355000109", "IDCIDADE": "SAO_PAULO", "NOMEFANTASIA": "DROGANITA", "RAZAOSOCIAL": "DROGANITA_MEDICAMENTOS_E_COMERCIO_DE_PRODUTOS_CIRURGICOS_E_ORTOPEDICOS_LTDA", "ENDEE": "AVENIDA_DO_ORATORIO4712__JARDIM_GUAIRACA_03195-000", "LMAPS": "https://www.google.com/maps?q=&layer=c&cbll=-23.6031794,-46.5294056", "O_QUE_FAZER": "CARTEIRA", "ER_REGIAO_CIDADE_min": "São Paulo_São Lucas" }, "geometry": { "type": "Point", "coordinates": [ -46.5294056, -23.6031794 ] } },
{ "type": "Feature", "properties": { "fid": 298066, "CNPJ": "62954318000169", "IDCIDADE": "SAO_PAULO", "NOMEFANTASIA": "COMBREK", "RAZAOSOCIAL": "COMBREK_DISTRIBUIDORA_DE_AUTO_PECAS_E_SERVICOS_LTDA", "ENDEE": "AVENIDA_VILA_EMA2259__VILA_EMA_03282-000", "LMAPS": "https://www.google.com/maps?q=&layer=c&cbll=-23.5812415,-46.5549714", "O_QUE_FAZER": "CARTEIRA", "ER_REGIAO_CIDADE_min": "São Paulo_São Lucas" }, "geometry": { "type": "Point", "coordinates": [ -46.5549714, -23.5812415 ] } },
{ "type": "Feature", "properties": { "fid": 298383, "CNPJ": "63109727000121", "IDCIDADE": "SAO PAULO", "NOMEFANTASIA": null, "RAZAOSOCIAL": "63.109.727_GELSON_MARIO_DO_CARMO", "ENDEE": "AVENIDA MORAIS COSTA, 498, CASA 2, VILA INDUSTRIAL, 03253-000, SÃO PAULO, SP, BRASIL", "LMAPS": "https://www.google.com/maps?q=&layer=c&cbll=-23.6070354,-46.5317808", "O_QUE_FAZER": "CARTEIRA - FAMPE", "ER_REGIAO_CIDADE_min": "São Paulo_São Lucas" }, "geometry": { "type": "Point", "coordinates": [ -46.5317808, -23.6070354 ] } },
{ "type": "Feature", "properties": { "fid": 298396, "CNPJ": "63118512000177", "IDCIDADE": "SAO_PAULO", "NOMEFANTASIA": "CHICO_DO_SERTAO", "RAZAOSOCIAL": "CHICO_DO_SERTAO", "ENDEE": "AVENIDA_EMA__3472_03282-000", "LMAPS": "https://www.google.com/maps?q=&layer=c&cbll=-23.5828701,-46.5493848", "O_QUE_FAZER": "FINALIZADO", "ER_REGIAO_CIDADE_min": "São Paulo_São Lucas" }, "geometry": { "type": "Point", "coordinates": [ -46.5493848, -23.5828701 ] } },
{ "type": "Feature", "properties": { "fid": 298585, "CNPJ": "63266101000129", "IDCIDADE": "SAO_PAULO", "NOMEFANTASIA": "APOLINARIO_MOVEIS", "RAZAOSOCIAL": "APOLINARIO_MOVEIS", "ENDEE": "RUA_GOMES__460_03275-010", "LMAPS": "https://www.google.com/maps?q=&layer=c&cbll=-23.5774006,-46.5515215", "O_QUE_FAZER": "FINALIZADO", "ER_REGIAO_CIDADE_min": "São Paulo_São Lucas" }, "geometry": { "type": "Point", "coordinates": [ -46.5515215, -23.5774006 ] } },
{ "type": "Feature", "properties": { "fid": 298944, "CNPJ": "63526728000171", "IDCIDADE": "SAO PAULO", "NOMEFANTASIA": null, "RAZAOSOCIAL": "63.526.728_BIANCA_DA_SILVA_CLARO", "ENDEE": "RUA ANTONIO MENDES, 397, VILA NOVA UTINGA, 03258-060, SÃO PAULO, SP, BRASIL", "LMAPS": "https://www.google.com/maps?q=&layer=c&cbll=-23.6087575,-46.5256598", "O_QUE_FAZER": "CARTEIRA - FAMPE", "ER_REGIAO_CIDADE_min": "São Paulo_São Lucas" }, "geometry": { "type": "Point", "coordinates": [ -46.5256598, -23.6087575 ] } },
{ "type": "Feature", "properties": { "fid": 299440, "CNPJ": "63929020000161", "IDCIDADE": "SAO_PAULO", "NOMEFANTASIA": "BETT'S_VIDEO_LOCADORA_LTDA", "RAZAOSOCIAL": "BETS_LOCADORA", "ENDEE": "RUA_AGUAS_DE_LINDOIA26__VILA_SANTA_VIRGINIA_03284-090", "LMAPS": "https://www.google.com/maps?q=&layer=c&cbll=-23.5900426,-46.5379283", "O_QUE_FAZER": "FINALIZADO", "ER_REGIAO_CIDADE_min": "São Paulo_São Lucas" }, "geometry": { "type": "Point", "coordinates": [ -46.5379283, -23.5900426 ] } },
{ "type": "Feature", "properties": { "fid": 300017, "CNPJ": "64226866000106", "IDCIDADE": "SAO_PAULO", "NOMEFANTASIA": null, "RAZAOSOCIAL": "64.226.866_MARCOS_VINICIUS_DA_SILVA_DOS_SANTOS", "ENDEE": "RUA_LEONIDIO PORCIONATO_408_PARQUE TOMAS SARAIVA_03280-040_SAO_PAULO", "LMAPS": "https://www.google.com/maps?q=&layer=c&cbll=-23.5850336,-46.537857", "O_QUE_FAZER": "FINALIZADO", "ER_REGIAO_CIDADE_min": "São Paulo_São Lucas" }, "geometry": { "type": "Point", "coordinates": [ -46.537857, -23.5850336 ] } },
{ "type": "Feature", "properties": { "fid": 300029, "CNPJ": "64236687000141", "IDCIDADE": "SAO PAULO", "NOMEFANTASIA": "CHURRAS_BIZARRO", "RAZAOSOCIAL": "CHURRAS_BIZARRO", "ENDEE": "DO ORATÓRIO_4844_JARDIM GUAIRACA_SÃO PAULO_03220-200", "LMAPS": "https://www.google.com/maps?q=&layer=c&cbll=-23.6031233,-46.5280892", "O_QUE_FAZER": "APLICAR T4", "ER_REGIAO_CIDADE_min": "São Paulo_São Lucas" }, "geometry": { "type": "Point", "coordinates": [ -46.5280892, -23.6031233 ] } },
{ "type": "Feature", "properties": { "fid": 300480, "CNPJ": "64576564000150", "IDCIDADE": "SAO_PAULO", "NOMEFANTASIA": "ALFECAR", "RAZAOSOCIAL": "ALFECAR_AUTO_PECAS_E_ACESSORIOS_LTDA", "ENDEE": "AVENIDA_VILA_EMA3562__VILA_EMA_03281-000", "LMAPS": "https://www.google.com/maps?q=&layer=c&cbll=-23.5865269,-46.5450875", "O_QUE_FAZER": "CARTEIRA", "ER_REGIAO_CIDADE_min": "São Paulo_São Lucas" }, "geometry": { "type": "Point", "coordinates": [ -46.5450875, -23.5865269 ] } },
{ "type": "Feature", "properties": { "fid": 300665, "CNPJ": "64646193000135", "IDCIDADE": "SAO_PAULO", "NOMEFANTASIA": "ORTOPEDIA_SAO_LUCAS", "RAZAOSOCIAL": "ADEGA_CASA_DO_VINHO_COMERCIO_BEBIDAS_LTDA", "ENDEE": "RUA_FRANCISCO_FETT433__VILA_PAULO_SILAS_03264-000", "LMAPS": "https://www.google.com/maps?q=&layer=c&cbll=-23.591505,-46.5452667", "O_QUE_FAZER": "CARTEIRA", "ER_REGIAO_CIDADE_min": "São Paulo_São Lucas" }, "geometry": { "type": "Point", "coordinates": [ -46.5452667, -23.591505 ] } },
{ "type": "Feature", "properties": { "fid": 300670, "CNPJ": "64648181000140", "IDCIDADE": "SAO_PAULO", "NOMEFANTASIA": "DENGUS_JOIAS", "RAZAOSOCIAL": "A_DENGOZA_COMERCIO_DE_JOIAS_LTDA", "ENDEE": "AVENIDA_DO_ORATORIO2510__PARQUE_SAO_LUCAS_03195-000", "LMAPS": "https://www.google.com/maps?q=&layer=c&cbll=-23.5928035,-46.5455335", "O_QUE_FAZER": "CARTEIRA", "ER_REGIAO_CIDADE_min": "São Paulo_São Lucas" }, "geometry": { "type": "Point", "coordinates": [ -46.5455335, -23.5928035 ] } },
{ "type": "Feature", "properties": { "fid": 300912, "CNPJ": "64783137000142", "IDCIDADE": "SAO_PAULO", "NOMEFANTASIA": "SO_PECAS", "RAZAOSOCIAL": "SO-PECAS_RECONDICIONADORA_DE_PECAS_AUTOMOTIVAS_LTDA", "ENDEE": "AVENIDA_DO_ORATORIO4281__JARDIM_GUAIRACA_03195-000", "LMAPS": "https://www.google.com/maps?q=&layer=c&cbll=-23.601345,-46.5328467", "O_QUE_FAZER": "CARTEIRA", "ER_REGIAO_CIDADE_min": "São Paulo_São Lucas" }, "geometry": { "type": "Point", "coordinates": [ -46.5328467, -23.601345 ] } },
{ "type": "Feature", "properties": { "fid": 301046, "CNPJ": "64837982000153", "IDCIDADE": "SAO_PAULO", "NOMEFANTASIA": "NENE_TINTAS", "RAZAOSOCIAL": "NENE_TINTAS_LTDA", "ENDEE": "AVENIDA_VILA_EMA3243__VILA_EMA_03281-000", "LMAPS": "https://www.google.com/maps?q=&layer=c&cbll=-23.5868033,-46.5414433", "O_QUE_FAZER": "CARTEIRA", "ER_REGIAO_CIDADE_min": "São Paulo_São Lucas" }, "geometry": { "type": "Point", "coordinates": [ -46.5414433, -23.5868033 ] } },
{ "type": "Feature", "properties": { "fid": 301867, "CNPJ": "65301120000174", "IDCIDADE": "SAO PAULO", "NOMEFANTASIA": "Cultivato_Ambiental", "RAZAOSOCIAL": "CULTIVATO_AMBIENTAL_LTDA", "ENDEE": "RUA BERTANHOLI, 202, SALA 02, CIDADE CONTINENTAL, 03243-060, SÃO PAULO, SP, BRASIL", "LMAPS": "https://www.google.com/maps?q=&layer=c&cbll=-23.5994494,-46.5408499", "O_QUE_FAZER": "CARTEIRA - FAMPE", "ER_REGIAO_CIDADE_min": "São Paulo_São Lucas" }, "geometry": { "type": "Point", "coordinates": [ -46.5408499, -23.5994494 ] } },
{ "type": "Feature", "properties": { "fid": 301945, "CNPJ": "65375184000110", "IDCIDADE": "SAO PAULO", "NOMEFANTASIA": "ESPETINHOS_MD", "RAZAOSOCIAL": "ESPETINHOS_MD", "ENDEE": "DO ORATÓRIO_4920_JARDIM GUAIRACA_SÃO PAULO_03220-200", "LMAPS": "https://www.google.com/maps?q=&layer=c&cbll=-23.6032776,-46.5271904", "O_QUE_FAZER": "APLICAR T2", "ER_REGIAO_CIDADE_min": "São Paulo_São Lucas" }, "geometry": { "type": "Point", "coordinates": [ -46.5271904, -23.6032776 ] } },
{ "type": "Feature", "properties": { "fid": 302377, "CNPJ": "65578468000103", "IDCIDADE": "SAO PAULO", "NOMEFANTASIA": null, "RAZAOSOCIAL": "65.578.468_ISABELLA_FERREIRA_SIMOES_DA_SILVA", "ENDEE": "RUA ANTONIO MARQUES JULIAO, 421, JARDIM GUAIRACA, 03244-000, SÃO PAULO, SP, BRASIL", "LMAPS": "https://www.google.com/maps?q=&layer=c&cbll=-23.6021996,-46.540171", "O_QUE_FAZER": "CARTEIRA - FAMPE", "ER_REGIAO_CIDADE_min": "São Paulo_São Lucas" }, "geometry": { "type": "Point", "coordinates": [ -46.540171, -23.6021996 ] } },
{ "type": "Feature", "properties": { "fid": 302589, "CNPJ": "65667871000109", "IDCIDADE": "SAO PAULO", "NOMEFANTASIA": "Lis_Concept", "RAZAOSOCIAL": "LIS_CONCEPT_ARTES_LTDA", "ENDEE": "RUA BERTANHOLI, 202, SALA 02, CIDADE CONTINENTAL, 03243-060, SÃO PAULO, SP, BRASIL", "LMAPS": "https://www.google.com/maps?q=&layer=c&cbll=-23.5994494,-46.5408499", "O_QUE_FAZER": "CARTEIRA - FAMPE", "ER_REGIAO_CIDADE_min": "São Paulo_São Lucas" }, "geometry": { "type": "Point", "coordinates": [ -46.5408499, -23.5994494 ] } },
{ "type": "Feature", "properties": { "fid": 302599, "CNPJ": "65671463000120", "IDCIDADE": "SAO PAULO", "NOMEFANTASIA": "NATUYOU", "RAZAOSOCIAL": "NATUYOU_LTDA", "ENDEE": "RUA CARLOS CESAR, 291, VILA DIVINA PASTORA, 03265-020, SÃO PAULO, SP, BRASIL", "LMAPS": "https://www.google.com/maps?q=&layer=c&cbll=-23.594789,-46.540018", "O_QUE_FAZER": "CARTEIRA - FAMPE", "ER_REGIAO_CIDADE_min": "São Paulo_São Lucas" }, "geometry": { "type": "Point", "coordinates": [ -46.540018, -23.594789 ] } },
{ "type": "Feature", "properties": { "fid": 302805, "CNPJ": "65773092000198", "IDCIDADE": "SAO PAULO", "NOMEFANTASIA": "O_BAHIA_GASTRO_BAR", "RAZAOSOCIAL": "O_BAHIA_GASTRO_BAR", "ENDEE": "JOSÉ ANTÔNIO FONTES_845_VILA TOLSTOI_SÃO PAULO_03255-000", "LMAPS": "https://www.google.com/maps?q=&layer=c&cbll=-23.6035176,-46.5267843", "O_QUE_FAZER": "APLICAR T2", "ER_REGIAO_CIDADE_min": "São Paulo_São Lucas" }, "geometry": { "type": "Point", "coordinates": [ -46.5267843, -23.6035176 ] } },
{ "type": "Feature", "properties": { "fid": 302837, "CNPJ": "65781004000108", "IDCIDADE": "SAO PAULO", "NOMEFANTASIA": null, "RAZAOSOCIAL": "65.781.004_EDUARDO_BATISTA_RAMOS", "ENDEE": "RUA JOSE DE CASTRO LIMA FILHO, 72, VILA EMA, 03276-140, SÃO PAULO, SP, BRASIL", "LMAPS": "https://www.google.com/maps?q=&layer=c&cbll=-23.5804174,-46.5409551", "O_QUE_FAZER": "CARTEIRA - FAMPE", "ER_REGIAO_CIDADE_min": "São Paulo_São Lucas" }, "geometry": { "type": "Point", "coordinates": [ -46.5409551, -23.5804174 ] } },
{ "type": "Feature", "properties": { "fid": 303019, "CNPJ": "65853109000117", "IDCIDADE": "SAO PAULO", "NOMEFANTASIA": null, "RAZAOSOCIAL": "65.853.109_JOALISSON_ALVES_SOUSA", "ENDEE": "AVENIDA DO ORATORIO, 3043, SALA 5, JARDIM GUAIRACA, 03221-200, SÃO PAULO, SP, BRASIL", "LMAPS": "https://www.google.com/maps?q=&layer=c&cbll=-23.5962026,-46.5420861", "O_QUE_FAZER": "CARTEIRA - FAMPE", "ER_REGIAO_CIDADE_min": "São Paulo_São Lucas" }, "geometry": { "type": "Point", "coordinates": [ -46.5420861, -23.5962026 ] } },
{ "type": "Feature", "properties": { "fid": 303055, "CNPJ": "65867814000173", "IDCIDADE": "SAO_PAULO", "NOMEFANTASIA": "COPLINE_COMPRESSORES", "RAZAOSOCIAL": "COMP-LINE_COMERCIO_DE_PECAS_E_COMPRESSORES_LTDA", "ENDEE": "AVENIDA_MORAIS_COSTA369__VILA_INDUSTRIAL_03253-000", "LMAPS": "https://www.google.com/maps?q=&layer=c&cbll=-23.6060534,-46.5307325", "O_QUE_FAZER": "CARTEIRA", "ER_REGIAO_CIDADE_min": "São Paulo_São Lucas" }, "geometry": { "type": "Point", "coordinates": [ -46.5307325, -23.6060534 ] } },
{ "type": "Feature", "properties": { "fid": 303702, "CNPJ": "66150525000111", "IDCIDADE": "SAO_PAULO", "NOMEFANTASIA": "COMERCIO_DE_MOVEIS_AMERICO_LTDA", "RAZAOSOCIAL": "MOVEIS_AMERICO", "ENDEE": "AVENIDA_DO_ORATORIO4037__JARDIM_GUAIRACA_03220-200", "LMAPS": "https://www.google.com/maps?q=&layer=c&cbll=-23.6019322,-46.535299", "O_QUE_FAZER": "FINALIZADO", "ER_REGIAO_CIDADE_min": "São Paulo_São Lucas" }, "geometry": { "type": "Point", "coordinates": [ -46.535299, -23.6019322 ] } },
{ "type": "Feature", "properties": { "fid": 304039, "CNPJ": "66431482000142", "IDCIDADE": "SAO_PAULO", "NOMEFANTASIA": "BARBEARIA_VILA_EMA", "RAZAOSOCIAL": "BARBEARIA_VILA_EMA", "ENDEE": "AVENIDA_EMA__3445_03281-000", "LMAPS": "https://www.google.com/maps?q=&layer=c&cbll=-23.5828701,-46.5493848", "O_QUE_FAZER": "FINALIZADO", "ER_REGIAO_CIDADE_min": "São Paulo_São Lucas" }, "geometry": { "type": "Point", "coordinates": [ -46.5493848, -23.5828701 ] } },
{ "type": "Feature", "properties": { "fid": 304349, "CNPJ": "66610139000165", "IDCIDADE": "SAO PAULO", "NOMEFANTASIA": null, "RAZAOSOCIAL": "66.610.139_ANDERSON_FERREIRA_TALHONI", "ENDEE": "RUA ALMA GLUCK, 102, SLJ, VILA MIAMI, 03254-110, SÃO PAULO, SP, BRASIL", "LMAPS": "https://www.google.com/maps?q=&layer=c&cbll=-23.6071148,-46.5294765", "O_QUE_FAZER": "CARTEIRA - FAMPE", "ER_REGIAO_CIDADE_min": "São Paulo_São Lucas" }, "geometry": { "type": "Point", "coordinates": [ -46.5294765, -23.6071148 ] } },
{ "type": "Feature", "properties": { "fid": 304731, "CNPJ": "66771494000116", "IDCIDADE": "SAO_PAULO", "NOMEFANTASIA": "DIZOLE_DISTRIBUIDORA_ZONA_LESTE_DE_PECAS_LTDA", "RAZAOSOCIAL": "DIZOLE", "ENDEE": "AVENIDA_SAPOPEMBA4702__SAPOPEMBA_03374-000", "LMAPS": "https://www.google.com/maps?q=&layer=c&cbll=-23.5784592,-46.5448762", "O_QUE_FAZER": "FINALIZADO", "ER_REGIAO_CIDADE_min": "São Paulo_São Lucas" }, "geometry": { "type": "Point", "coordinates": [ -46.5448762, -23.5784592 ] } },
{ "type": "Feature", "properties": { "fid": 304812, "CNPJ": "66796657000115", "IDCIDADE": "SAO_PAULO", "NOMEFANTASIA": "REAL_TOLDOS", "RAZAOSOCIAL": "MARIO_HIDEYUKI_KOSHIMIZU-TOLDOS", "ENDEE": "AVENIDA_VILA_EMA4664__VILA_EMA_03282-001", "LMAPS": "https://www.google.com/maps?q=&layer=c&cbll=-23.5945851,-46.5378546", "O_QUE_FAZER": "CARTEIRA", "ER_REGIAO_CIDADE_min": "São Paulo_São Lucas" }, "geometry": { "type": "Point", "coordinates": [ -46.5378546, -23.5945851 ] } },
{ "type": "Feature", "properties": { "fid": 305244, "CNPJ": "66968850000196", "IDCIDADE": "SAO_PAULO", "NOMEFANTASIA": "SAO_FELIPE_PAPELARIA", "RAZAOSOCIAL": "ANA_RITA_PALMIERI_ROCHA", "ENDEE": "RUA_SAO_CAIO30__PARQUE_SAO_LUCAS_03238-020", "LMAPS": "https://www.google.com/maps?q=&layer=c&cbll=-23.5918972,-46.5486101", "O_QUE_FAZER": "CARTEIRA", "ER_REGIAO_CIDADE_min": "São Paulo_São Lucas" }, "geometry": { "type": "Point", "coordinates": [ -46.5486101, -23.5918972 ] } },
{ "type": "Feature", "properties": { "fid": 305508, "CNPJ": "67086314000120", "IDCIDADE": "SAO_PAULO", "NOMEFANTASIA": "SALLES_COMERCIO_DE_TINTAS_E_IMPERMEABILIZANTES_LTDA", "RAZAOSOCIAL": "SALLES_TINTAS", "ENDEE": "AVENIDA_DO_ORATORIO4191__JARDIM_GUAIRACA_03220-200", "LMAPS": "https://www.google.com/maps?q=&layer=c&cbll=-23.6013861,-46.5338124", "O_QUE_FAZER": "FINALIZADO", "ER_REGIAO_CIDADE_min": "São Paulo_São Lucas" }, "geometry": { "type": "Point", "coordinates": [ -46.5338124, -23.6013861 ] } },
{ "type": "Feature", "properties": { "fid": 305910, "CNPJ": "67283028000154", "IDCIDADE": "SAO_PAULO", "NOMEFANTASIA": "DARC_MAGAZINE_E_CALCADOS_LTDA", "RAZAOSOCIAL": "DARC", "ENDEE": "AVENIDA_DO_ORATORIO2022__PARQUE_SAO_LUCAS_03220-000", "LMAPS": "https://www.google.com/maps?q=&layer=c&cbll=-23.5916652,-46.5496509", "O_QUE_FAZER": "FINALIZADO", "ER_REGIAO_CIDADE_min": "São Paulo_São Lucas" }, "geometry": { "type": "Point", "coordinates": [ -46.5496509, -23.5916652 ] } },
{ "type": "Feature", "properties": { "fid": 306576, "CNPJ": "67629569000191", "IDCIDADE": "SAO PAULO", "NOMEFANTASIA": null, "RAZAOSOCIAL": "67.629.569_FRANCISCO_ROSA_DA_SILVA", "ENDEE": "RUA GENERAL IRULEGUI CUNHA, 709, JARDIM INDEPENDENCIA, 03225-020, SÃO PAULO, SP, BRASIL", "LMAPS": "https://www.google.com/maps?q=&layer=c&cbll=-23.5842787,-46.5554777", "O_QUE_FAZER": "CARTEIRA - FAMPE", "ER_REGIAO_CIDADE_min": "São Paulo_São Lucas" }, "geometry": { "type": "Point", "coordinates": [ -46.5554777, -23.5842787 ] } },
{ "type": "Feature", "properties": { "fid": 306583, "CNPJ": "67638796000183", "IDCIDADE": "SAO PAULO", "NOMEFANTASIA": null, "RAZAOSOCIAL": "67.638.796_GUILHERME_DE_ALBUQUERQUE_CAVALHEIRO", "ENDEE": "AVENIDA DO ORATORIO, 4659, SALA SALAO, JARDIM GUAIRACA, 03221-200, SÃO PAULO, SP, BRASIL", "LMAPS": "https://www.google.com/maps?q=&layer=c&cbll=-23.6026723,-46.5297454", "O_QUE_FAZER": "CARTEIRA - FAMPE", "ER_REGIAO_CIDADE_min": "São Paulo_São Lucas" }, "geometry": { "type": "Point", "coordinates": [ -46.5297454, -23.6026723 ] } },
{ "type": "Feature", "properties": { "fid": 306605, "CNPJ": "67651835000182", "IDCIDADE": "SAO PAULO", "NOMEFANTASIA": null, "RAZAOSOCIAL": "67.651.835_PRISCILA_CONOR_GUIMARAES", "ENDEE": "RUA CACHOEIRA FORMOSA, 18, VILA SAO NICOLAU, 03254-400, SÃO PAULO, SP, BRASIL", "LMAPS": "https://www.google.com/maps?q=&layer=c&cbll=-23.6122496,-46.5336554", "O_QUE_FAZER": "CARTEIRA - FAMPE", "ER_REGIAO_CIDADE_min": "São Paulo_São Lucas" }, "geometry": { "type": "Point", "coordinates": [ -46.5336554, -23.6122496 ] } },
{ "type": "Feature", "properties": { "fid": 306770, "CNPJ": "67728048000272", "IDCIDADE": "SAO_PAULO", "NOMEFANTASIA": "ABOTICA", "RAZAOSOCIAL": "A_BOTICA_DE_SAO_CAETANO_LTDA", "ENDEE": "AVENIDA_DO_ORATORIO2121__PARQUE_SAO_LUCAS_03221-100", "LMAPS": "https://www.google.com/maps?q=&layer=c&cbll=-23.5917442,-46.5486859", "O_QUE_FAZER": "CARTEIRA", "ER_REGIAO_CIDADE_min": "São Paulo_São Lucas" }, "geometry": { "type": "Point", "coordinates": [ -46.5486859, -23.5917442 ] } },
{ "type": "Feature", "properties": { "fid": 306876, "CNPJ": "67769471000130", "IDCIDADE": "SAO_PAULO", "NOMEFANTASIA": "FERRAGENS_INAMINE_TERUYA_LTDA", "RAZAOSOCIAL": "FERRAGENS_UNAMINE", "ENDEE": "AVENIDA_DO_ORATORIO3051__JARDIM_GUAIRACA_03221-200", "LMAPS": "https://www.google.com/maps?q=&layer=c&cbll=-23.5963044,-46.5420854", "O_QUE_FAZER": "FINALIZADO", "ER_REGIAO_CIDADE_min": "São Paulo_São Lucas" }, "geometry": { "type": "Point", "coordinates": [ -46.5420854, -23.5963044 ] } },
{ "type": "Feature", "properties": { "fid": 307141, "CNPJ": "67875732000104", "IDCIDADE": "SAO_PAULO", "NOMEFANTASIA": "SUELI_MAGAZINE_DECORACOES_E_CONFECCOES_LTDA", "RAZAOSOCIAL": "SUELI_DECORACOES", "ENDEE": "AVENIDA_DO_ORATORIO2646__VILA_INDEPENDENCIA_03221-000", "LMAPS": "https://www.google.com/maps?q=&layer=c&cbll=-23.5935946,-46.5445737", "O_QUE_FAZER": "FINALIZADO", "ER_REGIAO_CIDADE_min": "São Paulo_São Lucas" }, "geometry": { "type": "Point", "coordinates": [ -46.5445737, -23.5935946 ] } },
{ "type": "Feature", "properties": { "fid": 307644, "CNPJ": "68130186000137", "IDCIDADE": "SAO_PAULO", "NOMEFANTASIA": "BAR_E_LANCHES_JABAZAO", "RAZAOSOCIAL": "BAR_E_LANCHES_JABAZAO_LTDA", "ENDEE": "AVENIDA_VILA_EMA2473__VILA_EMA_03156-000", "LMAPS": "https://www.google.com/maps?q=&layer=c&cbll=-23.5815917,-46.55288", "O_QUE_FAZER": "CARTEIRA", "ER_REGIAO_CIDADE_min": "São Paulo_São Lucas" }, "geometry": { "type": "Point", "coordinates": [ -46.55288, -23.5815917 ] } },
{ "type": "Feature", "properties": { "fid": 307781, "CNPJ": "68193036000172", "IDCIDADE": "SAO_PAULO", "NOMEFANTASIA": "DINALVA_SANTOS_DE_SANTANA", "RAZAOSOCIAL": "CENTER_LIMP", "ENDEE": "AVENIDA_DO_ORATORIO3466__JARDIM_GUAIRACA_03220-200", "LMAPS": "https://www.google.com/maps?q=&layer=c&cbll=-23.5985532,-46.5390751", "O_QUE_FAZER": "FINALIZADO", "ER_REGIAO_CIDADE_min": "São Paulo_São Lucas" }, "geometry": { "type": "Point", "coordinates": [ -46.5390751, -23.5985532 ] } },
{ "type": "Feature", "properties": { "fid": 308362, "CNPJ": "68480094000187", "IDCIDADE": "SAO_PAULO", "NOMEFANTASIA": "NOVA_ELITE_PAES", "RAZAOSOCIAL": "NOVA_ELITE_PAES_E_DOCES_LTDA", "ENDEE": "AVENIDA_MORAIS_COSTA485__VILA_INDUSTRIAL_03253-000", "LMAPS": "https://www.google.com/maps?q=&layer=c&cbll=-23.606935,-46.5312933", "O_QUE_FAZER": "CARTEIRA", "ER_REGIAO_CIDADE_min": "São Paulo_São Lucas" }, "geometry": { "type": "Point", "coordinates": [ -46.5312933, -23.606935 ] } },
{ "type": "Feature", "properties": { "fid": 308426, "CNPJ": "68867134000148", "IDCIDADE": "SAO_PAULO", "NOMEFANTASIA": "MODAS_FATILIS", "RAZAOSOCIAL": "FATILU'S_MODA_JOVEM_LTDA", "ENDEE": "AVENIDA_DO_ORATORIO4722__JARDIM_GUAIRACA_03195-000", "LMAPS": "https://www.google.com/maps?q=&layer=c&cbll=-23.6031671,-46.5292589", "O_QUE_FAZER": "CARTEIRA", "ER_REGIAO_CIDADE_min": "São Paulo_São Lucas" }, "geometry": { "type": "Point", "coordinates": [ -46.5292589, -23.6031671 ] } },
{ "type": "Feature", "properties": { "fid": 308712, "CNPJ": "69051050000102", "IDCIDADE": "SAO_PAULO", "NOMEFANTASIA": "CHAVEIRO_AMOLADOR_TOY", "RAZAOSOCIAL": "ARMANDO_YOKOBATAKI", "ENDEE": "AVENIDA_DO_ORATORIO2376__PARQUE_SAO_LUCAS_03220-100", "LMAPS": "https://www.google.com/maps?q=&layer=c&cbll=-23.5929318,-46.546665", "O_QUE_FAZER": "CARTEIRA", "ER_REGIAO_CIDADE_min": "São Paulo_São Lucas" }, "geometry": { "type": "Point", "coordinates": [ -46.546665, -23.5929318 ] } },
{ "type": "Feature", "properties": { "fid": 309054, "CNPJ": "69302297000146", "IDCIDADE": "SAO_PAULO", "NOMEFANTASIA": "COMERCIO_DE_MATERIAIS_ELETRICOS_INOUE_LTDA", "RAZAOSOCIAL": "OKINALAR_INOUE", "ENDEE": "AVENIDA_SAPOPEMBA5750__SAPOPEMBA_03374-001", "LMAPS": "https://www.google.com/maps?q=&layer=c&cbll=-23.5825927,-46.5359039", "O_QUE_FAZER": "FINALIZADO", "ER_REGIAO_CIDADE_min": "São Paulo_São Lucas" }, "geometry": { "type": "Point", "coordinates": [ -46.5359039, -23.5825927 ] } },
{ "type": "Feature", "properties": { "fid": 309550, "CNPJ": "71803001000112", "IDCIDADE": "SAO_PAULO", "NOMEFANTASIA": "ZIPPILIN", "RAZAOSOCIAL": "ZIPPILIN_COMERCIAL_LTDA", "ENDEE": "AVENIDA_DO_ORATORIO2104__PARQUE_SAO_LUCAS_03195-000", "LMAPS": "https://www.google.com/maps?q=&layer=c&cbll=-23.5916885,-46.5490462", "O_QUE_FAZER": "CARTEIRA", "ER_REGIAO_CIDADE_min": "São Paulo_São Lucas" }, "geometry": { "type": "Point", "coordinates": [ -46.5490462, -23.5916885 ] } },
{ "type": "Feature", "properties": { "fid": 309761, "CNPJ": "71954572000158", "IDCIDADE": "SAO_PAULO", "NOMEFANTASIA": "AUTO_PECAS_PICOLO_LTDA", "RAZAOSOCIAL": "AUTO_PECAS_PICOLO", "ENDEE": "AVENIDA_DO_ORATORIO4917__VILA_INDUSTRIAL_03220-200", "LMAPS": "https://www.google.com/maps?q=&layer=c&cbll=-23.6028872,-46.5272629", "O_QUE_FAZER": "FINALIZADO", "ER_REGIAO_CIDADE_min": "São Paulo_São Lucas" }, "geometry": { "type": "Point", "coordinates": [ -46.5272629, -23.6028872 ] } },
{ "type": "Feature", "properties": { "fid": 309952, "CNPJ": "72682065000175", "IDCIDADE": "SAO_PAULO", "NOMEFANTASIA": "FERRAGENS_SAO_LUCAS", "RAZAOSOCIAL": "COMERCIAL_ELETRICA_CORREA_LTDA", "ENDEE": "RUA_LEONARDO_VILAS_BOAS203__PARQUE_SAO_LUCAS_03240-000", "LMAPS": "https://www.google.com/maps?q=&layer=c&cbll=-23.5946227,-46.5468104", "O_QUE_FAZER": "CARTEIRA", "ER_REGIAO_CIDADE_min": "São Paulo_São Lucas" }, "geometry": { "type": "Point", "coordinates": [ -46.5468104, -23.5946227 ] } },
{ "type": "Feature", "properties": { "fid": 310589, "CNPJ": "73045429000179", "IDCIDADE": "SAO_PAULO", "NOMEFANTASIA": "DAR_TV_ELETRONICA_LTDA", "RAZAOSOCIAL": "TV_PAULISTA", "ENDEE": "AVENIDA_DO_ORATORIO3268__MOOCA_03116-000", "LMAPS": "https://www.google.com/maps?q=&layer=c&cbll=-23.5979004,-46.5408266", "O_QUE_FAZER": "FINALIZADO", "ER_REGIAO_CIDADE_min": "São Paulo_São Lucas" }, "geometry": { "type": "Point", "coordinates": [ -46.5408266, -23.5979004 ] } },
{ "type": "Feature", "properties": { "fid": 310697, "CNPJ": "73112021000172", "IDCIDADE": "SAO_PAULO", "NOMEFANTASIA": "COMERCIO_DE_OVOS_ZECA_LTDA", "RAZAOSOCIAL": "COMERCIO_DE_OVOS_ZECA", "ENDEE": "AVENIDA_DO_ORATORIO4650__JARDIM_GUAIRACA_03220-200", "LMAPS": "https://www.google.com/maps?q=&layer=c&cbll=-23.6025931,-46.5301592", "O_QUE_FAZER": "FINALIZADO", "ER_REGIAO_CIDADE_min": "São Paulo_São Lucas" }, "geometry": { "type": "Point", "coordinates": [ -46.5301592, -23.6025931 ] } },
{ "type": "Feature", "properties": { "fid": 311527, "CNPJ": "74587882000170", "IDCIDADE": "SAO_PAULO", "NOMEFANTASIA": "SOL_E_LUA_RESTAURANTE", "RAZAOSOCIAL": "SOL_LUAR_CANTINA_LTDA", "ENDEE": "AVENIDA_MORAIS_COSTA25__VILA_INDUSTRIAL_03253-000", "LMAPS": "https://www.google.com/maps?q=&layer=c&cbll=-23.6032433,-46.5294867", "O_QUE_FAZER": "CARTEIRA", "ER_REGIAO_CIDADE_min": "São Paulo_São Lucas" }, "geometry": { "type": "Point", "coordinates": [ -46.5294867, -23.6032433 ] } },
{ "type": "Feature", "properties": { "fid": 311638, "CNPJ": "74659145000135", "IDCIDADE": "SAO_PAULO", "NOMEFANTASIA": "BORRACHARIA_ARO_DE_OURO", "RAZAOSOCIAL": "BORRACHARIA_ARO_DE_OURO_LTDA", "ENDEE": "RUA_LUIZ_PEREIRA_DA_SILVA432__VILA_EMA_03266-040", "LMAPS": "https://www.google.com/maps?q=&layer=c&cbll=-23.597725,-46.5357233", "O_QUE_FAZER": "FINALIZADO", "ER_REGIAO_CIDADE_min": "São Paulo_São Lucas" }, "geometry": { "type": "Point", "coordinates": [ -46.5357233, -23.597725 ] } },
{ "type": "Feature", "properties": { "fid": 311754, "CNPJ": "96165568000131", "IDCIDADE": "SAO_PAULO", "NOMEFANTASIA": "PITHIULY", "RAZAOSOCIAL": "PITHIULY_MODAS_LTDA", "ENDEE": "AVENIDA_SAO_LUCAS207__PARQUE_SAO_LUCAS_03239-000", "LMAPS": "https://www.google.com/maps?q=&layer=c&cbll=-23.5947452,-46.5471799", "O_QUE_FAZER": "CARTEIRA", "ER_REGIAO_CIDADE_min": "São Paulo_São Lucas" }, "geometry": { "type": "Point", "coordinates": [ -46.5471799, -23.5947452 ] } },
{ "type": "Feature", "properties": { "fid": 311776, "CNPJ": "96174271000132", "IDCIDADE": "SAO_PAULO", "NOMEFANTASIA": "CENTRAL_DE_CARNES_PREMIUM", "RAZAOSOCIAL": "CENTRAL_DE_CARNES_PREMIUM_LTDA", "ENDEE": "AVENIDA_DO_ORATORIO4768__JARDIM_GUAIRACA_03195-000", "LMAPS": "https://www.google.com/maps?q=&layer=c&cbll=-23.603175,-46.528733", "O_QUE_FAZER": "CARTEIRA", "ER_REGIAO_CIDADE_min": "São Paulo_São Lucas" }, "geometry": { "type": "Point", "coordinates": [ -46.528733, -23.603175 ] } },
{ "type": "Feature", "properties": { "fid": 311827, "CNPJ": "96209440000122", "IDCIDADE": "SAO_PAULO", "NOMEFANTASIA": "PADARIA_TRIGAL", "RAZAOSOCIAL": "PAES_E_DOCES_MARQUES_DE_TRIGAL_LTDA", "ENDEE": "AVENIDA_VILA_EMA2920__VILA_EMA_03282-000", "LMAPS": "https://www.google.com/maps?q=&layer=c&cbll=-23.5863983,-46.5453283", "O_QUE_FAZER": "FINALIZADO", "ER_REGIAO_CIDADE_min": "São Paulo_São Lucas" }, "geometry": { "type": "Point", "coordinates": [ -46.5453283, -23.5863983 ] } },
{ "type": "Feature", "properties": { "fid": 311962, "CNPJ": "96296546000100", "IDCIDADE": "SAO_PAULO", "NOMEFANTASIA": "DEUSA_MATERIAIS", "RAZAOSOCIAL": "DEUSA_COMERCIO_DE_MATERIAIS_PARA_CONSTRUCOES_LTDA", "ENDEE": "RUA_SOLIDONIO_LEITE2244__VILA_IVONE_03275-000", "LMAPS": "https://www.google.com/maps?q=&layer=c&cbll=-23.5857601,-46.5374968", "O_QUE_FAZER": "FINALIZADO", "ER_REGIAO_CIDADE_min": "São Paulo_São Lucas" }, "geometry": { "type": "Point", "coordinates": [ -46.5374968, -23.5857601 ] } },
{ "type": "Feature", "properties": { "fid": 312321, "CNPJ": "96570536000111", "IDCIDADE": "SAO_PAULO", "NOMEFANTASIA": "TRILHA_MARITIMA", "RAZAOSOCIAL": "TRILHA_MARITIMA_CONFECCOES_LTDA", "ENDEE": "RUA_FRANCISCO_FETT543__VILA_PAULO_SILAS_03264-000", "LMAPS": "https://www.google.com/maps?q=&layer=c&cbll=-23.5924678,-46.546073", "O_QUE_FAZER": "CARTEIRA", "ER_REGIAO_CIDADE_min": "São Paulo_São Lucas" }, "geometry": { "type": "Point", "coordinates": [ -46.546073, -23.5924678 ] } },
{ "type": "Feature", "properties": { "fid": 312400, "CNPJ": "96613534000162", "IDCIDADE": "SAO_PAULO", "NOMEFANTASIA": "REILUB_LUBRIFICANTES", "RAZAOSOCIAL": "REILUB_COMERCIO_DE_PECAS_LTDA", "ENDEE": "AVENIDA_DO_ORATORIO3153__JARDIM_GUAIRACA_03221-200", "LMAPS": "https://www.google.com/maps?q=&layer=c&cbll=-23.5970942,-46.5413976", "O_QUE_FAZER": "CARTEIRA", "ER_REGIAO_CIDADE_min": "São Paulo_São Lucas" }, "geometry": { "type": "Point", "coordinates": [ -46.5413976, -23.5970942 ] } },
{ "type": "Feature", "properties": { "fid": 312674, "CNPJ": "97554485000105", "IDCIDADE": "SAO_PAULO", "NOMEFANTASIA": "SUB_ORATORIO_LANCHONETE", "RAZAOSOCIAL": "SUB_ORATORIO_LANCHONETE_LTDA", "ENDEE": "AVENIDA_DO_ORATORIO4431__JARDIM_GUAIRACA_03195-000", "LMAPS": "https://www.google.com/maps?q=&layer=c&cbll=-23.6014617,-46.531415", "O_QUE_FAZER": "CARTEIRA", "ER_REGIAO_CIDADE_min": "São Paulo_São Lucas" }, "geometry": { "type": "Point", "coordinates": [ -46.531415, -23.6014617 ] } },
{ "type": "Feature", "properties": { "fid": 312974, "CNPJ": "11603427000109", "IDCIDADE": "SÃO PAULO", "NOMEFANTASIA": "LIZARD PARTS", "RAZAOSOCIAL": "M. A. M. DA SILVA REPRESENTACOES", "ENDEE": "RUA MARIANO FERREIRA, 83, ANEXO 85, VILA PAULO SILAS, 03264-140, SÃO PAULO, SP, BRASIL", "LMAPS": "https://www.google.com/maps?q=&layer=c&cbll=-23.5878482,-46.5462928", "O_QUE_FAZER": "FINALIZADO", "ER_REGIAO_CIDADE_min": "São Paulo_São Lucas" }, "geometry": { "type": "Point", "coordinates": [ -46.5462928, -23.5878482 ] } },
{ "type": "Feature", "properties": { "fid": 314450, "CNPJ": "46620763000136", "IDCIDADE": "São Paulo", "NOMEFANTASIA": "MP FUNILARIA", "RAZAOSOCIAL": "MAURICIO JERONYMO DA SILVA 06451936820", "ENDEE": "HERWIS, 36, VILA EMA, 03279-000, São Paulo, SP, BRASIL", "LMAPS": "https://www.google.com/maps?q=&layer=c&cbll=-23.5803029,-46.5400784", "O_QUE_FAZER": "APLICAR T2", "ER_REGIAO_CIDADE_min": "São Paulo_São Lucas" }, "geometry": { "type": "Point", "coordinates": [ -46.5400784, -23.5803029 ] } }
]
}
