{
"type": "FeatureCollection",
"name": "ER_REGIAO_CIDADE_min_Itapeva_Itapeva_Sudoeste Paulista",
"crs": { "type": "name", "properties": { "name": "urn:ogc:def:crs:OGC:1.3:CRS84" } },
"xy_coordinate_resolution": 1e-15,
"features": [
{ "type": "Feature", "properties": { "fid": 195810, "CNPJ": "07324223000153", "IDCIDADE": "ITAPEVA", "NOMEFANTASIA": "MERCADO_BELA_VISTA", "RAZAOSOCIAL": "ROBERTO_BENEDITO_VIEIRA", "ENDEE": "RUA_SALVADOR_GALVAO_DOS_SANTOS204__JARDIM_BELA_VISTA_18412-080", "LMAPS": "https://www.google.com/maps?q=&layer=c&cbll=-48.9084498,-23.9675963", "O_QUE_FAZER": "CARTEIRA", "ER_REGIAO_CIDADE_min": "Itapeva_Itapeva_Sudoeste Paulista" }, "geometry": { "type": "Point", "coordinates": [ -48.9084498, -23.9675963 ] } },
{ "type": "Feature", "properties": { "fid": 196029, "CNPJ": "30829729000136", "IDCIDADE": "ITAPEVA", "NOMEFANTASIA": "ABF_METAIS", "RAZAOSOCIAL": "ABF_COMERCIO_DE_METAIS_LTDA", "ENDEE": "AVENIDA_RAUL_DE_OLIVEIRA_JUNIOR327__JARDIM_BELA_VISTA_18412-040", "LMAPS": "https://www.google.com/maps?q=&layer=c&cbll=-48.9106275,-23.9682702", "O_QUE_FAZER": "CARTEIRA", "ER_REGIAO_CIDADE_min": "Itapeva_Itapeva_Sudoeste Paulista" }, "geometry": { "type": "Point", "coordinates": [ -48.9106275, -23.9682702 ] } },
{ "type": "Feature", "properties": { "fid": 196269, "CNPJ": "20976461000101", "IDCIDADE": "ITAPEVA", "NOMEFANTASIA": "W-FARMA", "RAZAOSOCIAL": "WAGNER_OLIVEIRA_DA_SILVA_ITAPEVA", "ENDEE": "RUA_OLMIRO_DE_CAMPOS_PEREIRA320__JARDIM_BELA_VISTA_18412-120", "LMAPS": "https://www.google.com/maps?q=&layer=c&cbll=-48.9082797,-23.9693267", "O_QUE_FAZER": "CARTEIRA", "ER_REGIAO_CIDADE_min": "Itapeva_Itapeva_Sudoeste Paulista" }, "geometry": { "type": "Point", "coordinates": [ -48.9082797, -23.9693267 ] } },
{ "type": "Feature", "properties": { "fid": 196311, "CNPJ": "04453406000180", "IDCIDADE": "ITAPEVA", "NOMEFANTASIA": "MERCADO_FRANSON", "RAZAOSOCIAL": "MERCEARIA_FRANSON_LTDA", "ENDEE": "RUA_ALA_DOMINGUES_DA_SILVA195__JARDIM_BELA_VISTA_18412-040", "LMAPS": "https://www.google.com/maps?q=&layer=c&cbll=-48.9088517,-23.96972", "O_QUE_FAZER": "CARTEIRA", "ER_REGIAO_CIDADE_min": "Itapeva_Itapeva_Sudoeste Paulista" }, "geometry": { "type": "Point", "coordinates": [ -48.9088517, -23.96972 ] } },
{ "type": "Feature", "properties": { "fid": 196324, "CNPJ": "05606337000160", "IDCIDADE": "ITAPEVA", "NOMEFANTASIA": "PADARIA_E_MERCEARIA_VIDA_NOVA", "RAZAOSOCIAL": "JOSE_FERNANDES_ANSELMO", "ENDEE": "RUA_CARLOS_ROCHA_AMORIM388__PARQUE_VISTA_ALEGRE_18401-270", "LMAPS": "https://www.google.com/maps?q=&layer=c&cbll=-48.87305,-23.96982", "O_QUE_FAZER": "CARTEIRA", "ER_REGIAO_CIDADE_min": "Itapeva_Itapeva_Sudoeste Paulista" }, "geometry": { "type": "Point", "coordinates": [ -48.87305, -23.96982 ] } },
{ "type": "Feature", "properties": { "fid": 196341, "CNPJ": "47437626000123", "IDCIDADE": "ITAPEVA", "NOMEFANTASIA": "HUSSAR_GYM_ACADEMIA", "RAZAOSOCIAL": "HUSSAR_GYM_LTDA", "ENDEE": "AVENIDA_CANDIDO_RODRIGUES1170__JARDIM_VIRGINIA_18411-250", "LMAPS": "https://www.google.com/maps?q=&layer=c&cbll=-48.8798589,-23.9699957", "O_QUE_FAZER": "CARTEIRA", "ER_REGIAO_CIDADE_min": "Itapeva_Itapeva_Sudoeste Paulista" }, "geometry": { "type": "Point", "coordinates": [ -48.8798589, -23.9699957 ] } },
{ "type": "Feature", "properties": { "fid": 196353, "CNPJ": "10276031000204", "IDCIDADE": "ITAPEVA", "NOMEFANTASIA": "MADEIRANA", "RAZAOSOCIAL": "EDVALDO_GOMES_BUENO_MADEIRAS_E_ARTEFATOS_DE_CONCRETO", "ENDEE": "AVENIDA_DOUTOR_JOSE_ERMIRIO_DE_MORAES1145__CENTRO_18400-510", "LMAPS": "https://www.google.com/maps?q=&layer=c&cbll=-48.8785164,-23.9701345", "O_QUE_FAZER": "CARTEIRA", "ER_REGIAO_CIDADE_min": "Itapeva_Itapeva_Sudoeste Paulista" }, "geometry": { "type": "Point", "coordinates": [ -48.8785164, -23.9701345 ] } },
{ "type": "Feature", "properties": { "fid": 196404, "CNPJ": "00660504000138", "IDCIDADE": "ITAPEVA", "NOMEFANTASIA": "DISK_ENTULHO", "RAZAOSOCIAL": "RICARDO_TRIMER", "ENDEE": "AVENIDA_DOUTOR_JOSE_ERMIRIO_DE_MORAES1221__CENTRO_18400-510", "LMAPS": "https://www.google.com/maps?q=&layer=c&cbll=-48.878197,-23.970785", "O_QUE_FAZER": "CARTEIRA", "ER_REGIAO_CIDADE_min": "Itapeva_Itapeva_Sudoeste Paulista" }, "geometry": { "type": "Point", "coordinates": [ -48.878197, -23.970785 ] } },
{ "type": "Feature", "properties": { "fid": 196414, "CNPJ": "09096202000153", "IDCIDADE": "ITAPEVA", "NOMEFANTASIA": "ARAXA_FUTEBOL_SOCITE", "RAZAOSOCIAL": "ARAXA_ESPORTE_E_LAZER_LTDA", "ENDEE": "AVENIDA_CANDIDO_RODRIGUES1253__JARDIM_VIRGINIA_18411-250", "LMAPS": "https://www.google.com/maps?q=&layer=c&cbll=-48.8792665,-23.9708633", "O_QUE_FAZER": "CARTEIRA", "ER_REGIAO_CIDADE_min": "Itapeva_Itapeva_Sudoeste Paulista" }, "geometry": { "type": "Point", "coordinates": [ -48.8792665, -23.9708633 ] } },
{ "type": "Feature", "properties": { "fid": 196415, "CNPJ": "18997133000140", "IDCIDADE": "ITAPEVA", "NOMEFANTASIA": "RODOVIACRUZ_FRETES", "RAZAOSOCIAL": "RODOVIACRUZ_TRANSPORTES_DE_CARGAS_LTDA", "ENDEE": "RUA_JOAO_PERRETTI99__JARDIM_BELA_VISTA_18412-010", "LMAPS": "https://www.google.com/maps?q=&layer=c&cbll=-48.9107842,-23.9708761", "O_QUE_FAZER": "CARTEIRA", "ER_REGIAO_CIDADE_min": "Itapeva_Itapeva_Sudoeste Paulista" }, "geometry": { "type": "Point", "coordinates": [ -48.9107842, -23.9708761 ] } },
{ "type": "Feature", "properties": { "fid": 196419, "CNPJ": "03993075000109", "IDCIDADE": "ITAPEVA", "NOMEFANTASIA": "TRIMMER_UNIFORMES", "RAZAOSOCIAL": "LUIZ_AUGUSTO_BUENO_DOS_SANTOS_ITAPEVA", "ENDEE": "RUA_BENEDITO_SANTOS410__DISTRITO_INDUSTRIAL_18410-615", "LMAPS": "https://www.google.com/maps?q=&layer=c&cbll=-48.8911983,-23.9709267", "O_QUE_FAZER": "CARTEIRA", "ER_REGIAO_CIDADE_min": "Itapeva_Itapeva_Sudoeste Paulista" }, "geometry": { "type": "Point", "coordinates": [ -48.8911983, -23.9709267 ] } },
{ "type": "Feature", "properties": { "fid": 196421, "CNPJ": "01261485000130", "IDCIDADE": "ITAPEVA", "NOMEFANTASIA": "MERCEARIA_NOSSA_SENHORA_DAS_NEVES", "RAZAOSOCIAL": "ADEMIR_SEBASTIAO_DAS_NEVES", "ENDEE": "RUA_OSORIO_FERREIRA_GOMES322__PARQUE_VISTA_ALEGRE_18401-260", "LMAPS": "https://www.google.com/maps?q=&layer=c&cbll=-48.8726995,-23.9709499", "O_QUE_FAZER": "CARTEIRA", "ER_REGIAO_CIDADE_min": "Itapeva_Itapeva_Sudoeste Paulista" }, "geometry": { "type": "Point", "coordinates": [ -48.8726995, -23.9709499 ] } },
{ "type": "Feature", "properties": { "fid": 196434, "CNPJ": "24683795000148", "IDCIDADE": "ITAPEVA", "NOMEFANTASIA": "MERCADO_ARAUJO", "RAZAOSOCIAL": "VINICIUS_CAMARGO_MELO_ITAPEVA", "ENDEE": "RUA_OSORIO_FERREIRA_GOMES278__PARQUE_VISTA_ALEGRE_18401-260", "LMAPS": "https://www.google.com/maps?q=&layer=c&cbll=-48.87219,-23.9710945", "O_QUE_FAZER": "CARTEIRA", "ER_REGIAO_CIDADE_min": "Itapeva_Itapeva_Sudoeste Paulista" }, "geometry": { "type": "Point", "coordinates": [ -48.87219, -23.9710945 ] } },
{ "type": "Feature", "properties": { "fid": 196435, "CNPJ": "09186865000169", "IDCIDADE": "ITAPEVA", "NOMEFANTASIA": "AUTO_PECAS_BELA_VISTA", "RAZAOSOCIAL": "O._V._DA_SILVEIRA_PECAS", "ENDEE": "RUA_JOAO_RODRIGUES_JARDIM261__JARDIM_BELA_VISTA_18412-020", "LMAPS": "https://www.google.com/maps?q=&layer=c&cbll=-48.9085178,-23.971105", "O_QUE_FAZER": "CARTEIRA", "ER_REGIAO_CIDADE_min": "Itapeva_Itapeva_Sudoeste Paulista" }, "geometry": { "type": "Point", "coordinates": [ -48.9085178, -23.971105 ] } },
{ "type": "Feature", "properties": { "fid": 196437, "CNPJ": "40955982000190", "IDCIDADE": "ITAPEVA", "NOMEFANTASIA": "JE_TOLDOS", "RAZAOSOCIAL": "JEFERSON_ALMEIDA_SANTOS_BATISTA", "ENDEE": "RUA_IPANEMA483__VILA_APARECIDA_18401-200", "LMAPS": "https://www.google.com/maps?q=&layer=c&cbll=-48.8724034,-23.9711295", "O_QUE_FAZER": "CARTEIRA", "ER_REGIAO_CIDADE_min": "Itapeva_Itapeva_Sudoeste Paulista" }, "geometry": { "type": "Point", "coordinates": [ -48.8724034, -23.9711295 ] } },
{ "type": "Feature", "properties": { "fid": 196439, "CNPJ": "11073767000167", "IDCIDADE": "ITAPEVA", "NOMEFANTASIA": "RICHARD_BAR_(OSORIO)", "RAZAOSOCIAL": "MAURI_PROENCA_DE_SOUZA_BAR", "ENDEE": "RUA_OSORIO_FERREIRA_GOMES232__PARQUE_VISTA_ALEGRE_18401-260", "LMAPS": "https://www.google.com/maps?q=&layer=c&cbll=-48.8716917,-23.971145", "O_QUE_FAZER": "CARTEIRA", "ER_REGIAO_CIDADE_min": "Itapeva_Itapeva_Sudoeste Paulista" }, "geometry": { "type": "Point", "coordinates": [ -48.8716917, -23.971145 ] } },
{ "type": "Feature", "properties": { "fid": 196440, "CNPJ": "27391426000170", "IDCIDADE": "ITAPEVA", "NOMEFANTASIA": "FOGUEIRA_CAMINHOES", "RAZAOSOCIAL": "ALG_FOGUEIRA_CAMINHOES_LTDA", "ENDEE": "RUA_JOAO_PERRETTI53__JARDIM_BELA_VISTA_18412-010", "LMAPS": "https://www.google.com/maps?q=&layer=c&cbll=-48.9104951,-23.971193", "O_QUE_FAZER": "CARTEIRA", "ER_REGIAO_CIDADE_min": "Itapeva_Itapeva_Sudoeste Paulista" }, "geometry": { "type": "Point", "coordinates": [ -48.9104951, -23.971193 ] } },
{ "type": "Feature", "properties": { "fid": 196455, "CNPJ": "46375897000139", "IDCIDADE": "ITAPEVA", "NOMEFANTASIA": "POSTO_DE_MOLAS_QUIRINO_E_SILVA", "RAZAOSOCIAL": "POSTO_DE_MOLAS_QUIRINO_E_SILVA_LTDA", "ENDEE": "RUA_JOAO_PERRETTI549__JARDIM_BELA_VISTA_18412-010", "LMAPS": "https://www.google.com/maps?q=&layer=c&cbll=-48.9062294,-23.9714136", "O_QUE_FAZER": "CARTEIRA", "ER_REGIAO_CIDADE_min": "Itapeva_Itapeva_Sudoeste Paulista" }, "geometry": { "type": "Point", "coordinates": [ -48.9062294, -23.9714136 ] } },
{ "type": "Feature", "properties": { "fid": 196470, "CNPJ": "42791359000174", "IDCIDADE": "ITAPEVA", "NOMEFANTASIA": "RIVAIL_MATERIAIS_DE_CONSTRUCAO_DEPOSITO", "RAZAOSOCIAL": "RIVAIL_MATERIAIS_DE_CONSTRUCAO_LTDA", "ENDEE": "AVENIDA_CANDIDO_RODRIGUES1375__JARDIM_VIRGINIA_18411-250", "LMAPS": "https://www.google.com/maps?q=&layer=c&cbll=-48.8790448,-23.971683", "O_QUE_FAZER": "CARTEIRA", "ER_REGIAO_CIDADE_min": "Itapeva_Itapeva_Sudoeste Paulista" }, "geometry": { "type": "Point", "coordinates": [ -48.8790448, -23.971683 ] } },
{ "type": "Feature", "properties": { "fid": 196478, "CNPJ": "27540528000100", "IDCIDADE": "ITAPEVA", "NOMEFANTASIA": "ITAJATO", "RAZAOSOCIAL": "RICARDO_KUPPER_TRIMER", "ENDEE": "RUA_EDWIRGES_SERAPIAO672__VILA_APARECIDA_18401-180", "LMAPS": "https://www.google.com/maps?q=&layer=c&cbll=-48.8708832,-23.9717338", "O_QUE_FAZER": "CARTEIRA", "ER_REGIAO_CIDADE_min": "Itapeva_Itapeva_Sudoeste Paulista" }, "geometry": { "type": "Point", "coordinates": [ -48.8708832, -23.9717338 ] } },
{ "type": "Feature", "properties": { "fid": 196498, "CNPJ": "46364603000173", "IDCIDADE": "ITAPEVA", "NOMEFANTASIA": "DELTA_CARS", "RAZAOSOCIAL": "DELTA_CARS_MULTIMARCAS_LTDA", "ENDEE": "AVENIDA_CANDIDO_RODRIGUES1395__JARDIM_VIRGINIA_18411-250", "LMAPS": "https://www.google.com/maps?q=&layer=c&cbll=-48.8788884,-23.9719883", "O_QUE_FAZER": "CARTEIRA", "ER_REGIAO_CIDADE_min": "Itapeva_Itapeva_Sudoeste Paulista" }, "geometry": { "type": "Point", "coordinates": [ -48.8788884, -23.9719883 ] } },
{ "type": "Feature", "properties": { "fid": 196509, "CNPJ": "28076484000171", "IDCIDADE": "ITAPEVA", "NOMEFANTASIA": "MECANICA_FREITAS", "RAZAOSOCIAL": "FERNANDO_DE_OLIVEIRA_FREITAS", "ENDEE": "RUA_JOAO_PERRETTI527__JARDIM_BELA_VISTA_18412-010", "LMAPS": "https://www.google.com/maps?q=&layer=c&cbll=-48.9068085,-23.9721356", "O_QUE_FAZER": "CARTEIRA", "ER_REGIAO_CIDADE_min": "Itapeva_Itapeva_Sudoeste Paulista" }, "geometry": { "type": "Point", "coordinates": [ -48.9068085, -23.9721356 ] } },
{ "type": "Feature", "properties": { "fid": 196511, "CNPJ": "04137531000181", "IDCIDADE": "ITAPEVA", "NOMEFANTASIA": "JR_DE_FREITAS_CIA_LTDA", "RAZAOSOCIAL": "J._R._DE_FREITAS_&_CIA_LTDA", "ENDEE": "RUA_JOAO_PERRETTI529__JARDIM_BELA_VISTA_18412-010", "LMAPS": "https://www.google.com/maps?q=&layer=c&cbll=-48.9066242,-23.9721372", "O_QUE_FAZER": "CARTEIRA", "ER_REGIAO_CIDADE_min": "Itapeva_Itapeva_Sudoeste Paulista" }, "geometry": { "type": "Point", "coordinates": [ -48.9066242, -23.9721372 ] } },
{ "type": "Feature", "properties": { "fid": 196512, "CNPJ": "08299279000168", "IDCIDADE": "ITAPEVA", "NOMEFANTASIA": "SAO_JUDAS_IMPLEMENTOS", "RAZAOSOCIAL": "L.F._FOGACA", "ENDEE": "RUA_JOAO_PERRETTI549__JARDIM_BELA_VISTA_18412-010", "LMAPS": "https://www.google.com/maps?q=&layer=c&cbll=-48.9065732,-23.972144", "O_QUE_FAZER": "CARTEIRA", "ER_REGIAO_CIDADE_min": "Itapeva_Itapeva_Sudoeste Paulista" }, "geometry": { "type": "Point", "coordinates": [ -48.9065732, -23.972144 ] } },
{ "type": "Feature", "properties": { "fid": 196515, "CNPJ": "33191790000350", "IDCIDADE": "ITAPEVA", "NOMEFANTASIA": "LEANDRO_TRANSPORTES", "RAZAOSOCIAL": "M._CEVOLI_TRANSPORTES_LTDA", "ENDEE": "AVENIDA_CANDIDO_RODRIGUES1421__JARDIM_VIRGINIA_18411-250", "LMAPS": "https://www.google.com/maps?q=&layer=c&cbll=-48.8789718,-23.9721733", "O_QUE_FAZER": "CARTEIRA", "ER_REGIAO_CIDADE_min": "Itapeva_Itapeva_Sudoeste Paulista" }, "geometry": { "type": "Point", "coordinates": [ -48.8789718, -23.9721733 ] } },
{ "type": "Feature", "properties": { "fid": 196519, "CNPJ": "14684927000100", "IDCIDADE": "ITAPEVA", "NOMEFANTASIA": "MERCADO_NAPOLI", "RAZAOSOCIAL": "EDILSON_RODRIGUES_DOS_SANTOS_MINIMERCADO", "ENDEE": "RUA_MAESTRO_JANGAO131__VILA_APARECIDA_18401-080", "LMAPS": "https://www.google.com/maps?q=&layer=c&cbll=-48.8684025,-23.9722619", "O_QUE_FAZER": "CARTEIRA", "ER_REGIAO_CIDADE_min": "Itapeva_Itapeva_Sudoeste Paulista" }, "geometry": { "type": "Point", "coordinates": [ -48.8684025, -23.9722619 ] } },
{ "type": "Feature", "properties": { "fid": 196538, "CNPJ": "50800911000171", "IDCIDADE": "ITAPEVA", "NOMEFANTASIA": "GRUPO_AGUA_CLARA", "RAZAOSOCIAL": "NICOLAU_GHIRGHI_EMPREENDIMENTOS_IMOBILIARIOS_LTDA", "ENDEE": "AVENIDA_GUIDO_TOMAZONI745__DISTRITO_INDUSTRIAL_18410-600", "LMAPS": "https://www.google.com/maps?q=&layer=c&cbll=-48.8955095,-23.9726364", "O_QUE_FAZER": "CARTEIRA", "ER_REGIAO_CIDADE_min": "Itapeva_Itapeva_Sudoeste Paulista" }, "geometry": { "type": "Point", "coordinates": [ -48.8955095, -23.9726364 ] } },
{ "type": "Feature", "properties": { "fid": 196546, "CNPJ": "46540524000176", "IDCIDADE": "ITAPEVA", "NOMEFANTASIA": "DIOGO_MECANICO", "RAZAOSOCIAL": "DIOGO_LEONARDO_DA_COSTA_LIMA", "ENDEE": "RUA_JOAO_PERRETTI480__JARDIM_BELA_VISTA_18412-010", "LMAPS": "https://www.google.com/maps?q=&layer=c&cbll=-48.907495,-23.9727132", "O_QUE_FAZER": "CARTEIRA", "ER_REGIAO_CIDADE_min": "Itapeva_Itapeva_Sudoeste Paulista" }, "geometry": { "type": "Point", "coordinates": [ -48.907495, -23.9727132 ] } },
{ "type": "Feature", "properties": { "fid": 196547, "CNPJ": "21729296000156", "IDCIDADE": "ITAPEVA", "NOMEFANTASIA": "MIOLO_COMUNICACAO_VISUAL", "RAZAOSOCIAL": "MIOLO_COMUNICACAO_VISUAL_LTDA", "ENDEE": "AVENIDA_GUIDO_TOMAZONI734__DISTRITO_INDUSTRIAL_18410-600", "LMAPS": "https://www.google.com/maps?q=&layer=c&cbll=-48.8949795,-23.9728121", "O_QUE_FAZER": "CARTEIRA", "ER_REGIAO_CIDADE_min": "Itapeva_Itapeva_Sudoeste Paulista" }, "geometry": { "type": "Point", "coordinates": [ -48.8949795, -23.9728121 ] } },
{ "type": "Feature", "properties": { "fid": 196556, "CNPJ": "29083436000173", "IDCIDADE": "ITAPEVA", "NOMEFANTASIA": "CENTER_DISEL_SERVICOS", "RAZAOSOCIAL": "LAURECY_SOUZA_SANTOS", "ENDEE": "RUA_JOAO_PERRETTI580__JARDIM_BELA_VISTA_18412-010", "LMAPS": "https://www.google.com/maps?q=&layer=c&cbll=-48.9064611,-23.9729591", "O_QUE_FAZER": "CARTEIRA", "ER_REGIAO_CIDADE_min": "Itapeva_Itapeva_Sudoeste Paulista" }, "geometry": { "type": "Point", "coordinates": [ -48.9064611, -23.9729591 ] } },
{ "type": "Feature", "properties": { "fid": 196558, "CNPJ": "08798538000103", "IDCIDADE": "ITAPEVA", "NOMEFANTASIA": "XEQUE-CAR", "RAZAOSOCIAL": "ERNESTINA_DA_COSTA_FERREIRA", "ENDEE": "RUA_CAPAO_BONITO389__VILA_BOM_JESUS_18400-690", "LMAPS": "https://www.google.com/maps?q=&layer=c&cbll=-48.8777138,-23.9730384", "O_QUE_FAZER": "CARTEIRA", "ER_REGIAO_CIDADE_min": "Itapeva_Itapeva_Sudoeste Paulista" }, "geometry": { "type": "Point", "coordinates": [ -48.8777138, -23.9730384 ] } },
{ "type": "Feature", "properties": { "fid": 196560, "CNPJ": "24144856000107", "IDCIDADE": "ITAPEVA", "NOMEFANTASIA": "MERCADO_MOTTA", "RAZAOSOCIAL": "ELIANA_CRISTINA_DA_MOTA_ALMEIDA_MACHADO", "ENDEE": "RUA_FRANCISCO_DE_LIMA127__VILA_APARECIDA_18401-050", "LMAPS": "https://www.google.com/maps?q=&layer=c&cbll=-48.8684196,-23.9730701", "O_QUE_FAZER": "CARTEIRA", "ER_REGIAO_CIDADE_min": "Itapeva_Itapeva_Sudoeste Paulista" }, "geometry": { "type": "Point", "coordinates": [ -48.8684196, -23.9730701 ] } },
{ "type": "Feature", "properties": { "fid": 196564, "CNPJ": "12302631000144", "IDCIDADE": "ITAPEVA", "NOMEFANTASIA": "MELO_MADEIRAS", "RAZAOSOCIAL": "MELO_COMERCIO_DE_MADEIRAS_LTDA", "ENDEE": "AVENIDA_GUIDO_TOMAZONI681__DISTRITO_INDUSTRIAL_18410-600", "LMAPS": "https://www.google.com/maps?q=&layer=c&cbll=-48.8955816,-23.9731701", "O_QUE_FAZER": "CARTEIRA", "ER_REGIAO_CIDADE_min": "Itapeva_Itapeva_Sudoeste Paulista" }, "geometry": { "type": "Point", "coordinates": [ -48.8955816, -23.9731701 ] } },
{ "type": "Feature", "properties": { "fid": 196566, "CNPJ": "16919699000128", "IDCIDADE": "ITAPEVA", "NOMEFANTASIA": "ITALUZ_SERVICOS", "RAZAOSOCIAL": "ITALUZ_SERVICOS_-_INSTALACAO_MANUTENCAO_E_MATERIAIS_ELETRICOS_LTDA", "ENDEE": "AVENIDA_GUIDO_TOMAZONI670__DISTRITO_INDUSTRIAL_18410-600", "LMAPS": "https://www.google.com/maps?q=&layer=c&cbll=-48.8952017,-23.9732083", "O_QUE_FAZER": "CARTEIRA", "ER_REGIAO_CIDADE_min": "Itapeva_Itapeva_Sudoeste Paulista" }, "geometry": { "type": "Point", "coordinates": [ -48.8952017, -23.9732083 ] } },
{ "type": "Feature", "properties": { "fid": 196572, "CNPJ": "28506854000163", "IDCIDADE": "ITAPEVA", "NOMEFANTASIA": "LEON_RETIFICA", "RAZAOSOCIAL": "LEONARDO_ANTUNES_MACHADO_HINSELMANN", "ENDEE": "RUA_FRANCISCO_DE_LIMA180__VILA_APARECIDA_18401-050", "LMAPS": "https://www.google.com/maps?q=&layer=c&cbll=-48.8682909,-23.9733697", "O_QUE_FAZER": "CARTEIRA", "ER_REGIAO_CIDADE_min": "Itapeva_Itapeva_Sudoeste Paulista" }, "geometry": { "type": "Point", "coordinates": [ -48.8682909, -23.9733697 ] } },
{ "type": "Feature", "properties": { "fid": 196574, "CNPJ": "31040585000105", "IDCIDADE": "ITAPEVA", "NOMEFANTASIA": "MADEGLASS_VIDROS_&_PISOS", "RAZAOSOCIAL": "ELISANDRO_DINIZ_FURONI", "ENDEE": "AVENIDA_DOUTOR_JOSE_ERMIRIO_DE_MORAES1581__CENTRO_18400-510", "LMAPS": "https://www.google.com/maps?q=&layer=c&cbll=-48.8782316,-23.9734717", "O_QUE_FAZER": "CARTEIRA", "ER_REGIAO_CIDADE_min": "Itapeva_Itapeva_Sudoeste Paulista" }, "geometry": { "type": "Point", "coordinates": [ -48.8782316, -23.9734717 ] } },
{ "type": "Feature", "properties": { "fid": 196575, "CNPJ": "10276031000123", "IDCIDADE": "ITAPEVA", "NOMEFANTASIA": "MADEIRANA_2", "RAZAOSOCIAL": "EDVALDO_GOMES_BUENO_MADEIRAS_E_ARTEFATOS_DE_CONCRETO", "ENDEE": "RUA_JAMIL_AMARO11__DISTRITO_INDUSTRIAL_18410-605", "LMAPS": "https://www.google.com/maps?q=&layer=c&cbll=-48.896635,-23.9734867", "O_QUE_FAZER": "CARTEIRA", "ER_REGIAO_CIDADE_min": "Itapeva_Itapeva_Sudoeste Paulista" }, "geometry": { "type": "Point", "coordinates": [ -48.896635, -23.9734867 ] } },
{ "type": "Feature", "properties": { "fid": 196581, "CNPJ": "07173428000185", "IDCIDADE": "ITAPEVA", "NOMEFANTASIA": "SIMIONATTO_MADEIRAS", "RAZAOSOCIAL": "SIMIONATTO_INDUSTRIA_E_COMERCIO_DE_MADEIRAS_LTDA", "ENDEE": "RUA_JOAO_ANTUNES_DE_ALMEIDA263__DISTRITO_INDUSTRIAL_18410-545", "LMAPS": "https://www.google.com/maps?q=&layer=c&cbll=-48.8942222,-23.9736222", "O_QUE_FAZER": "CARTEIRA", "ER_REGIAO_CIDADE_min": "Itapeva_Itapeva_Sudoeste Paulista" }, "geometry": { "type": "Point", "coordinates": [ -48.8942222, -23.9736222 ] } },
{ "type": "Feature", "properties": { "fid": 196589, "CNPJ": "20281493000192", "IDCIDADE": "ITAPEVA", "NOMEFANTASIA": "JBL_GREENHAUSE_CONSTRUCOES_SUSTENTAVEIS", "RAZAOSOCIAL": "JBR_CONSTRUCOES_SUSTENTAVEIS_LTDA", "ENDEE": "AVENIDA_GUIDO_TOMAZONI650__DISTRITO_INDUSTRIAL_18410-600", "LMAPS": "https://www.google.com/maps?q=&layer=c&cbll=-48.8950059,-23.9738366", "O_QUE_FAZER": "CARTEIRA", "ER_REGIAO_CIDADE_min": "Itapeva_Itapeva_Sudoeste Paulista" }, "geometry": { "type": "Point", "coordinates": [ -48.8950059, -23.9738366 ] } },
{ "type": "Feature", "properties": { "fid": 196598, "CNPJ": "11935647000121", "IDCIDADE": "ITAPEVA", "NOMEFANTASIA": "CONCRETIX", "RAZAOSOCIAL": "CONCRETIX_COMERCIO_LOCACAO_E_SERVICOS_INDUSTRIAIS_LTDA", "ENDEE": "AVENIDA_GUIDO_TOMAZONI560__DISTRITO_INDUSTRIAL_18410-600", "LMAPS": "https://www.google.com/maps?q=&layer=c&cbll=-48.8953294,-23.9740359", "O_QUE_FAZER": "CARTEIRA", "ER_REGIAO_CIDADE_min": "Itapeva_Itapeva_Sudoeste Paulista" }, "geometry": { "type": "Point", "coordinates": [ -48.8953294, -23.9740359 ] } },
{ "type": "Feature", "properties": { "fid": 196603, "CNPJ": "39520761000100", "IDCIDADE": "ITAPEVA", "NOMEFANTASIA": "MERCADO_M_M", "RAZAOSOCIAL": "M_&_M_COMERCIO_DE_PRODUTOS_ALIMENTICIOS_ITAPEVA_LTDA", "ENDEE": "RUA_TATUI234__VILA_APARECIDA_18401-120", "LMAPS": "https://www.google.com/maps?q=&layer=c&cbll=-48.8728851,-23.9740642", "O_QUE_FAZER": "CARTEIRA", "ER_REGIAO_CIDADE_min": "Itapeva_Itapeva_Sudoeste Paulista" }, "geometry": { "type": "Point", "coordinates": [ -48.8728851, -23.9740642 ] } },
{ "type": "Feature", "properties": { "fid": 196604, "CNPJ": "24021167000105", "IDCIDADE": "ITAPEVA", "NOMEFANTASIA": "MERCADO_NOSSA_SENHORA_APARECIDA", "RAZAOSOCIAL": "ELIANA_NUNES_DE_JESUS_AMARAL", "ENDEE": "RUA_LAUDELINA_LOUREIRO_DE_MELO633__VILA_APARECIDA_18401-000", "LMAPS": "https://www.google.com/maps?q=&layer=c&cbll=-48.8703821,-23.9740989", "O_QUE_FAZER": "CARTEIRA", "ER_REGIAO_CIDADE_min": "Itapeva_Itapeva_Sudoeste Paulista" }, "geometry": { "type": "Point", "coordinates": [ -48.8703821, -23.9740989 ] } },
{ "type": "Feature", "properties": { "fid": 196605, "CNPJ": "02715602000150", "IDCIDADE": "ITAPEVA", "NOMEFANTASIA": "PLANEL_TOPOGRAFIA", "RAZAOSOCIAL": "PLANEL_-_LEVANTAMENTOS_TOPOGRAFICOS_LTDA", "ENDEE": "RUA_ANTONIO_EDMUNDO_DE_OLIVEIRA_CAMPOS420__JARDIM_NOVA_ITAPEVA_18401-640", "LMAPS": "https://www.google.com/maps?q=&layer=c&cbll=-48.8656482,-23.974143", "O_QUE_FAZER": "CARTEIRA", "ER_REGIAO_CIDADE_min": "Itapeva_Itapeva_Sudoeste Paulista" }, "geometry": { "type": "Point", "coordinates": [ -48.8656482, -23.974143 ] } },
{ "type": "Feature", "properties": { "fid": 196606, "CNPJ": "21027378000159", "IDCIDADE": "ITAPEVA", "NOMEFANTASIA": "PAVIMENT_UNIKA", "RAZAOSOCIAL": "PAVIMENT_UNIKA_PISOS_INTERTRAVADOS_LTDA", "ENDEE": "AVENIDA_GUIDO_TOMAZONI571__DISTRITO_INDUSTRIAL_18410-600", "LMAPS": "https://www.google.com/maps?q=&layer=c&cbll=-48.8957767,-23.9741888", "O_QUE_FAZER": "CARTEIRA", "ER_REGIAO_CIDADE_min": "Itapeva_Itapeva_Sudoeste Paulista" }, "geometry": { "type": "Point", "coordinates": [ -48.8957767, -23.9741888 ] } },
{ "type": "Feature", "properties": { "fid": 196608, "CNPJ": "13880436000164", "IDCIDADE": "ITAPEVA", "NOMEFANTASIA": "TUDO_EM_GESSO", "RAZAOSOCIAL": "E_A_FARIA_GESSO", "ENDEE": "AVENIDA_CANDIDO_RODRIGUES1640__JARDIM_VIRGINIA_18411-250", "LMAPS": "https://www.google.com/maps?q=&layer=c&cbll=-48.8791377,-23.9742389", "O_QUE_FAZER": "CARTEIRA", "ER_REGIAO_CIDADE_min": "Itapeva_Itapeva_Sudoeste Paulista" }, "geometry": { "type": "Point", "coordinates": [ -48.8791377, -23.9742389 ] } },
{ "type": "Feature", "properties": { "fid": 196612, "CNPJ": "09499382000114", "IDCIDADE": "ITAPEVA", "NOMEFANTASIA": "CHIQUITO_LOCACOES_DE_MAQUINAS", "RAZAOSOCIAL": "S._N._CHIQUITO_LOCACAO_DE_MAQUINAS_SERVICOS_E_COMERCIO_LTDA", "ENDEE": "RUA_ANTONIO_EDMUNDO_DE_OLIVEIRA_CAMPOS540__JARDIM_NOVA_ITAPEVA_18401-640", "LMAPS": "https://www.google.com/maps?q=&layer=c&cbll=-48.8645,-23.97429", "O_QUE_FAZER": "CARTEIRA", "ER_REGIAO_CIDADE_min": "Itapeva_Itapeva_Sudoeste Paulista" }, "geometry": { "type": "Point", "coordinates": [ -48.8645, -23.97429 ] } },
{ "type": "Feature", "properties": { "fid": 196614, "CNPJ": "17988048000152", "IDCIDADE": "ITAPEVA", "NOMEFANTASIA": "MADEPINUS", "RAZAOSOCIAL": "MADEPINUS_LTDA", "ENDEE": "RUA_LUIZ_PIMENTEL_MATOS540__DISTRITO_INDUSTRIAL_18410-630", "LMAPS": "https://www.google.com/maps?q=&layer=c&cbll=-48.8965998,-23.9743018", "O_QUE_FAZER": "CARTEIRA", "ER_REGIAO_CIDADE_min": "Itapeva_Itapeva_Sudoeste Paulista" }, "geometry": { "type": "Point", "coordinates": [ -48.8965998, -23.9743018 ] } },
{ "type": "Feature", "properties": { "fid": 196619, "CNPJ": "18545559000162", "IDCIDADE": "ITAPEVA", "NOMEFANTASIA": "VALERIA_SALGADOS", "RAZAOSOCIAL": "SAMANTHA_REGINA_GOMES_FELIPPE", "ENDEE": "RUA_FREI_CLAUDIO_ARGOTE340__VILA_APARECIDA_18401-190", "LMAPS": "https://www.google.com/maps?q=&layer=c&cbll=-48.8726991,-23.974382", "O_QUE_FAZER": "CARTEIRA", "ER_REGIAO_CIDADE_min": "Itapeva_Itapeva_Sudoeste Paulista" }, "geometry": { "type": "Point", "coordinates": [ -48.8726991, -23.974382 ] } },
{ "type": "Feature", "properties": { "fid": 196620, "CNPJ": "49559340000146", "IDCIDADE": "ITAPEVA", "NOMEFANTASIA": "PALADAR_CAKE_SHOP", "RAZAOSOCIAL": "PALADAR_CAKE_SHOP_LTDA", "ENDEE": "RUA_TATUI126__VILA_APARECIDA_18401-120", "LMAPS": "https://www.google.com/maps?q=&layer=c&cbll=-48.871925,-23.9743984", "O_QUE_FAZER": "CARTEIRA", "ER_REGIAO_CIDADE_min": "Itapeva_Itapeva_Sudoeste Paulista" }, "geometry": { "type": "Point", "coordinates": [ -48.871925, -23.9743984 ] } },
{ "type": "Feature", "properties": { "fid": 196622, "CNPJ": "09269537000126", "IDCIDADE": "ITAPEVA", "NOMEFANTASIA": "ACIGUI_GAS_E_AGUA", "RAZAOSOCIAL": "ECO_-_DISTRIBUIDORA_DE_AGUA_E_GAS_ITAPEVA_LTDA", "ENDEE": "AVENIDA_DOUTOR_JOSE_ERMIRIO_DE_MORAES1665__CENTRO_18400-510", "LMAPS": "https://www.google.com/maps?q=&layer=c&cbll=-48.8781784,-23.9744417", "O_QUE_FAZER": "CARTEIRA", "ER_REGIAO_CIDADE_min": "Itapeva_Itapeva_Sudoeste Paulista" }, "geometry": { "type": "Point", "coordinates": [ -48.8781784, -23.9744417 ] } },
{ "type": "Feature", "properties": { "fid": 196628, "CNPJ": "13656428000139", "IDCIDADE": "ITAPEVA", "NOMEFANTASIA": "TOP_VISTORIAS_ITAPEVA", "RAZAOSOCIAL": "DELGOBO_E_SANTOS_VISTORIAS_LTDA", "ENDEE": "RUA_CAPAO_BONITO211__VILA_BOM_JESUS_18400-690", "LMAPS": "https://www.google.com/maps?q=&layer=c&cbll=-48.8779648,-23.9745725", "O_QUE_FAZER": "CARTEIRA", "ER_REGIAO_CIDADE_min": "Itapeva_Itapeva_Sudoeste Paulista" }, "geometry": { "type": "Point", "coordinates": [ -48.8779648, -23.9745725 ] } },
{ "type": "Feature", "properties": { "fid": 196629, "CNPJ": "18006917000169", "IDCIDADE": "ITAPEVA", "NOMEFANTASIA": "ITAGRAN", "RAZAOSOCIAL": "CARLOS_ROBERTO_SANTOS_DE_MATTOS", "ENDEE": "AVENIDA_GUIDO_TOMAZONI511__DISTRITO_INDUSTRIAL_18410-600", "LMAPS": "https://www.google.com/maps?q=&layer=c&cbll=-48.8960524,-23.9746305", "O_QUE_FAZER": "CARTEIRA", "ER_REGIAO_CIDADE_min": "Itapeva_Itapeva_Sudoeste Paulista" }, "geometry": { "type": "Point", "coordinates": [ -48.8960524, -23.9746305 ] } },
{ "type": "Feature", "properties": { "fid": 196630, "CNPJ": "07196578000104", "IDCIDADE": "ITAPEVA", "NOMEFANTASIA": "SIDNEY_ELETRONICA", "RAZAOSOCIAL": "SIDNEI_SOUZA_DE_OLIVEIRA_ELETRONICA", "ENDEE": "RUA_FREI_CLAUDIO_ARGOTE307__VILA_APARECIDA_18401-190", "LMAPS": "https://www.google.com/maps?q=&layer=c&cbll=-48.8728263,-23.9746328", "O_QUE_FAZER": "CARTEIRA", "ER_REGIAO_CIDADE_min": "Itapeva_Itapeva_Sudoeste Paulista" }, "geometry": { "type": "Point", "coordinates": [ -48.8728263, -23.9746328 ] } },
{ "type": "Feature", "properties": { "fid": 196632, "CNPJ": "34320211000123", "IDCIDADE": "ITAPEVA", "NOMEFANTASIA": "TALMARC_DELIVERY", "RAZAOSOCIAL": "JAIRA_TALACIMO_VANIS_DE_MELO", "ENDEE": "RUA_LAUDELINA_LOUREIRO_DE_MELO561__VILA_APARECIDA_18401-000", "LMAPS": "https://www.google.com/maps?q=&layer=c&cbll=-48.8706326,-23.9747491", "O_QUE_FAZER": "CARTEIRA", "ER_REGIAO_CIDADE_min": "Itapeva_Itapeva_Sudoeste Paulista" }, "geometry": { "type": "Point", "coordinates": [ -48.8706326, -23.9747491 ] } },
{ "type": "Feature", "properties": { "fid": 196633, "CNPJ": "40087130000128", "IDCIDADE": "ITAPEVA", "NOMEFANTASIA": "MILTON_ALINHAMENTO", "RAZAOSOCIAL": "MILTON_SOARES_ITAPEVA", "ENDEE": "RUA_PROFESSOR_JOAO_SANTANA528__VILA_BOM_JESUS_18400-640", "LMAPS": "https://www.google.com/maps?q=&layer=c&cbll=-48.8767742,-23.9747655", "O_QUE_FAZER": "CARTEIRA", "ER_REGIAO_CIDADE_min": "Itapeva_Itapeva_Sudoeste Paulista" }, "geometry": { "type": "Point", "coordinates": [ -48.8767742, -23.9747655 ] } },
{ "type": "Feature", "properties": { "fid": 196638, "CNPJ": "42697360000134", "IDCIDADE": "ITAPEVA", "NOMEFANTASIA": "CONSULTORIO_DE_ENFERMAGEM", "RAZAOSOCIAL": "AB_CONSULTORIO_DE_ENFERMAGEM_LTDA", "ENDEE": "RUA_CAPAO_BONITO185__VILA_BOM_JESUS_18400-690", "LMAPS": "https://www.google.com/maps?q=&layer=c&cbll=-48.8778404,-23.9749666", "O_QUE_FAZER": "CARTEIRA", "ER_REGIAO_CIDADE_min": "Itapeva_Itapeva_Sudoeste Paulista" }, "geometry": { "type": "Point", "coordinates": [ -48.8778404, -23.9749666 ] } },
{ "type": "Feature", "properties": { "fid": 196642, "CNPJ": "16904272000156", "IDCIDADE": "ITAPEVA", "NOMEFANTASIA": "MI_VEICULOS", "RAZAOSOCIAL": "PAULO_ROBERTO_DE_ALMEIDA_ITAPEVA", "ENDEE": "RUA_PROFESSOR_JOAO_SANTANA539__VILA_BOM_JESUS_18400-640", "LMAPS": "https://www.google.com/maps?q=&layer=c&cbll=-48.8770849,-23.9750499", "O_QUE_FAZER": "CARTEIRA", "ER_REGIAO_CIDADE_min": "Itapeva_Itapeva_Sudoeste Paulista" }, "geometry": { "type": "Point", "coordinates": [ -48.8770849, -23.9750499 ] } },
{ "type": "Feature", "properties": { "fid": 196643, "CNPJ": "04256569000173", "IDCIDADE": "ITAPEVA", "NOMEFANTASIA": "PET_SHOP_BEIJA_FLOR", "RAZAOSOCIAL": "EDICLEIA_DE_FREITAS_ALVES_CARDOSO", "ENDEE": "RUA_JOVIL_GOMES_PINHEIRO265__JARDIM_BEIJA-FLOR_18401-530", "LMAPS": "https://www.google.com/maps?q=&layer=c&cbll=-48.8651672,-23.9750727", "O_QUE_FAZER": "CARTEIRA", "ER_REGIAO_CIDADE_min": "Itapeva_Itapeva_Sudoeste Paulista" }, "geometry": { "type": "Point", "coordinates": [ -48.8651672, -23.9750727 ] } },
{ "type": "Feature", "properties": { "fid": 196644, "CNPJ": "32708093000108", "IDCIDADE": "ITAPEVA", "NOMEFANTASIA": "ACOUGUE_E_MERCEARIA_PREDROSO", "RAZAOSOCIAL": "JOAO_PAULO_PEDROSO_ACOUGUE", "ENDEE": "RUA_PROFESSOR_JOAO_SANTANA527__VILA_BOM_JESUS_18400-640", "LMAPS": "https://www.google.com/maps?q=&layer=c&cbll=-48.8770587,-23.9750849", "O_QUE_FAZER": "CARTEIRA", "ER_REGIAO_CIDADE_min": "Itapeva_Itapeva_Sudoeste Paulista" }, "geometry": { "type": "Point", "coordinates": [ -48.8770587, -23.9750849 ] } },
{ "type": "Feature", "properties": { "fid": 196646, "CNPJ": "30894555000195", "IDCIDADE": "ITAPEVA", "NOMEFANTASIA": "ITAPECAR_VEICULOS", "RAZAOSOCIAL": "PABLO_JOSE_AFFONSO_LOURENCO_VEICULOS", "ENDEE": "RUA_CAPAO_BONITO164__VILA_BOM_JESUS_18400-690", "LMAPS": "https://www.google.com/maps?q=&layer=c&cbll=-48.8778444,-23.975154", "O_QUE_FAZER": "CARTEIRA", "ER_REGIAO_CIDADE_min": "Itapeva_Itapeva_Sudoeste Paulista" }, "geometry": { "type": "Point", "coordinates": [ -48.8778444, -23.975154 ] } },
{ "type": "Feature", "properties": { "fid": 196651, "CNPJ": "29406711000142", "IDCIDADE": "ITAPEVA", "NOMEFANTASIA": "ASSISTEK", "RAZAOSOCIAL": "J_S_OLIVEIRA_REFRIGERACAO", "ENDEE": "RUA_ITABERA45__VILA_BOM_JESUS_18400-710", "LMAPS": "https://www.google.com/maps?q=&layer=c&cbll=-48.8773335,-23.9752845", "O_QUE_FAZER": "CARTEIRA", "ER_REGIAO_CIDADE_min": "Itapeva_Itapeva_Sudoeste Paulista" }, "geometry": { "type": "Point", "coordinates": [ -48.8773335, -23.9752845 ] } },
{ "type": "Feature", "properties": { "fid": 196656, "CNPJ": "04127636000150", "IDCIDADE": "ITAPEVA", "NOMEFANTASIA": "ELETRICAR", "RAZAOSOCIAL": "MARIA_DE_FATIMA_VELOZO_PINTO_ITAPEVA", "ENDEE": "AVENIDA_BRASIL663__VILA_NOVA_18410-010", "LMAPS": "https://www.google.com/maps?q=&layer=c&cbll=-48.8793281,-23.9753654", "O_QUE_FAZER": "CARTEIRA", "ER_REGIAO_CIDADE_min": "Itapeva_Itapeva_Sudoeste Paulista" }, "geometry": { "type": "Point", "coordinates": [ -48.8793281, -23.9753654 ] } },
{ "type": "Feature", "properties": { "fid": 196659, "CNPJ": "20865702000145", "IDCIDADE": "ITAPEVA", "NOMEFANTASIA": "LAMBU_REPINTURA_AUTOMOTIVA", "RAZAOSOCIAL": "LUCIANO_FERREIRA_DE_PAULA", "ENDEE": "RUA_LAUDELINA_LOUREIRO_DE_MELO511__VILA_APARECIDA_18401-000", "LMAPS": "https://www.google.com/maps?q=&layer=c&cbll=-48.870803,-23.9754089", "O_QUE_FAZER": "CARTEIRA", "ER_REGIAO_CIDADE_min": "Itapeva_Itapeva_Sudoeste Paulista" }, "geometry": { "type": "Point", "coordinates": [ -48.870803, -23.9754089 ] } },
{ "type": "Feature", "properties": { "fid": 196661, "CNPJ": "04638343000137", "IDCIDADE": "ITAPEVA", "NOMEFANTASIA": "MALHARIA_SOL_DA_TERRA", "RAZAOSOCIAL": "ADRIANA_APARECIDA_FARIA_DE_ALMEIDA", "ENDEE": "RUA_HAROLDO_HANNICKEL464__JARDIM_NOVA_ITAPEVA_18401-720", "LMAPS": "https://www.google.com/maps?q=&layer=c&cbll=-48.8643331,-23.9754264", "O_QUE_FAZER": "CARTEIRA", "ER_REGIAO_CIDADE_min": "Itapeva_Itapeva_Sudoeste Paulista" }, "geometry": { "type": "Point", "coordinates": [ -48.8643331, -23.9754264 ] } },
{ "type": "Feature", "properties": { "fid": 196663, "CNPJ": "13590824000291", "IDCIDADE": "ITAPEVA", "NOMEFANTASIA": "PAULINHO_DOCES", "RAZAOSOCIAL": "MARCIA_CRISTINA_CASSAMASSO_DE_FALCO_CERANTOLA", "ENDEE": "RUA_PROFESSOR_JOAO_SANTANA474__VILA_BOM_JESUS_18400-640", "LMAPS": "https://www.google.com/maps?q=&layer=c&cbll=-48.8768271,-23.9754516", "O_QUE_FAZER": "CARTEIRA", "ER_REGIAO_CIDADE_min": "Itapeva_Itapeva_Sudoeste Paulista" }, "geometry": { "type": "Point", "coordinates": [ -48.8768271, -23.9754516 ] } },
{ "type": "Feature", "properties": { "fid": 196664, "CNPJ": "10506678000102", "IDCIDADE": "ITAPEVA", "NOMEFANTASIA": "MERCADO_NECO", "RAZAOSOCIAL": "DIOLETI_FERREIRA_FLORES", "ENDEE": "RUA_HAROLDO_HANNICKEL276__JARDIM_NOVA_ITAPEVA_18401-720", "LMAPS": "https://www.google.com/maps?q=&layer=c&cbll=-48.8623751,-23.9754639", "O_QUE_FAZER": "CARTEIRA", "ER_REGIAO_CIDADE_min": "Itapeva_Itapeva_Sudoeste Paulista" }, "geometry": { "type": "Point", "coordinates": [ -48.8623751, -23.9754639 ] } },
{ "type": "Feature", "properties": { "fid": 196667, "CNPJ": "03703671000107", "IDCIDADE": "ITAPEVA", "NOMEFANTASIA": "PADARIA_NOSSA_SENHORA_APARECIDA", "RAZAOSOCIAL": "PADARIA_NOSSA_SENHORA_APARECIDA_LTDA", "ENDEE": "RUA_CONCHAS280__VILA_APARECIDA_18401-220", "LMAPS": "https://www.google.com/maps?q=&layer=c&cbll=-48.8752905,-23.9755196", "O_QUE_FAZER": "CARTEIRA", "ER_REGIAO_CIDADE_min": "Itapeva_Itapeva_Sudoeste Paulista" }, "geometry": { "type": "Point", "coordinates": [ -48.8752905, -23.9755196 ] } },
{ "type": "Feature", "properties": { "fid": 196670, "CNPJ": "18818677000105", "IDCIDADE": "ITAPEVA", "NOMEFANTASIA": "CD_PNEUS", "RAZAOSOCIAL": "C.A._DE_OLIVEIRA_PNEUS", "ENDEE": "AVENIDA_GUIDO_TOMAZONI420__DISTRITO_INDUSTRIAL_18410-600", "LMAPS": "https://www.google.com/maps?q=&layer=c&cbll=-48.8950448,-23.9755612", "O_QUE_FAZER": "CARTEIRA", "ER_REGIAO_CIDADE_min": "Itapeva_Itapeva_Sudoeste Paulista" }, "geometry": { "type": "Point", "coordinates": [ -48.8950448, -23.9755612 ] } },
{ "type": "Feature", "properties": { "fid": 196675, "CNPJ": "02518987000166", "IDCIDADE": "ITAPEVA", "NOMEFANTASIA": "MARMORARIA_REZENDE", "RAZAOSOCIAL": "MARMORARIA_REZENDE_ITAPEVA_LTDA", "ENDEE": "AVENIDA_BRASIL603__VILA_NOVA_18410-010", "LMAPS": "https://www.google.com/maps?q=&layer=c&cbll=-48.8793535,-23.9757427", "O_QUE_FAZER": "CARTEIRA", "ER_REGIAO_CIDADE_min": "Itapeva_Itapeva_Sudoeste Paulista" }, "geometry": { "type": "Point", "coordinates": [ -48.8793535, -23.9757427 ] } },
{ "type": "Feature", "properties": { "fid": 196679, "CNPJ": "13845498000135", "IDCIDADE": "ITAPEVA", "NOMEFANTASIA": "SERRALHERIA_PARANA", "RAZAOSOCIAL": "CLAUDIA_CAROLINE_PAULISKI_DE_OLIVEIRA", "ENDEE": "RUA_BENEDITO_SANTOS122__DISTRITO_INDUSTRIAL_18410-600", "LMAPS": "https://www.google.com/maps?q=&layer=c&cbll=-48.8950626,-23.9759164", "O_QUE_FAZER": "CARTEIRA", "ER_REGIAO_CIDADE_min": "Itapeva_Itapeva_Sudoeste Paulista" }, "geometry": { "type": "Point", "coordinates": [ -48.8950626, -23.9759164 ] } },
{ "type": "Feature", "properties": { "fid": 196693, "CNPJ": "44308234000176", "IDCIDADE": "ITAPEVA", "NOMEFANTASIA": "GIGABON", "RAZAOSOCIAL": "RSF_SORVETES_LTDA", "ENDEE": "RUA_BRASILIA128__VILA_APARECIDA_18401-140", "LMAPS": "https://www.google.com/maps?q=&layer=c&cbll=-48.8725743,-23.9762966", "O_QUE_FAZER": "CARTEIRA", "ER_REGIAO_CIDADE_min": "Itapeva_Itapeva_Sudoeste Paulista" }, "geometry": { "type": "Point", "coordinates": [ -48.8725743, -23.9762966 ] } },
{ "type": "Feature", "properties": { "fid": 196694, "CNPJ": "03035455000130", "IDCIDADE": "ITAPEVA", "NOMEFANTASIA": "ZE_DO_CHA", "RAZAOSOCIAL": "JOSE_DE_CASTRO_FILHO_ITAPEVA", "ENDEE": "AVENIDA_BRASIL553__VILA_NOVA_18410-010", "LMAPS": "https://www.google.com/maps?q=&layer=c&cbll=-48.879518,-23.9763081", "O_QUE_FAZER": "CARTEIRA", "ER_REGIAO_CIDADE_min": "Itapeva_Itapeva_Sudoeste Paulista" }, "geometry": { "type": "Point", "coordinates": [ -48.879518, -23.9763081 ] } },
{ "type": "Feature", "properties": { "fid": 196695, "CNPJ": "02228117000152", "IDCIDADE": "ITAPEVA", "NOMEFANTASIA": "DROGARIA_TOTAL", "RAZAOSOCIAL": "DROGARIA_LICURI_LTDA", "ENDEE": "RUA_BRASILIA104__VILA_APARECIDA_18401-140", "LMAPS": "https://www.google.com/maps?q=&layer=c&cbll=-48.8723052,-23.9763169", "O_QUE_FAZER": "CARTEIRA", "ER_REGIAO_CIDADE_min": "Itapeva_Itapeva_Sudoeste Paulista" }, "geometry": { "type": "Point", "coordinates": [ -48.8723052, -23.9763169 ] } },
{ "type": "Feature", "properties": { "fid": 196698, "CNPJ": "05303612000177", "IDCIDADE": "ITAPEVA", "NOMEFANTASIA": "MERCADO_TODO_DIA", "RAZAOSOCIAL": "MAXIMIANO_NASCIMENTO_NETO", "ENDEE": "RUA_BRASILIA98__VILA_APARECIDA_18401-140", "LMAPS": "https://www.google.com/maps?q=&layer=c&cbll=-48.8722006,-23.9763665", "O_QUE_FAZER": "CARTEIRA", "ER_REGIAO_CIDADE_min": "Itapeva_Itapeva_Sudoeste Paulista" }, "geometry": { "type": "Point", "coordinates": [ -48.8722006, -23.9763665 ] } },
{ "type": "Feature", "properties": { "fid": 196701, "CNPJ": "05874174000105", "IDCIDADE": "ITAPEVA", "NOMEFANTASIA": "BRANFER_ESTRUTURAS_METALICAS", "RAZAOSOCIAL": "BRANFER_-_ESTRUTURAS_METALICAS_LTDA", "ENDEE": "AVENIDA_GUIDO_TOMAZONI322__DISTRITO_INDUSTRIAL_18410-600", "LMAPS": "https://www.google.com/maps?q=&layer=c&cbll=-48.8959344,-23.9764462", "O_QUE_FAZER": "CARTEIRA", "ER_REGIAO_CIDADE_min": "Itapeva_Itapeva_Sudoeste Paulista" }, "geometry": { "type": "Point", "coordinates": [ -48.8959344, -23.9764462 ] } },
{ "type": "Feature", "properties": { "fid": 196703, "CNPJ": "19740024000105", "IDCIDADE": "ITAPEVA", "NOMEFANTASIA": "PAO_DOCE_&_CIA", "RAZAOSOCIAL": "SANDRA_FOGACA_DA_COSTA_SANTOS_&_CIA_LTDA", "ENDEE": "RUA_BRASILIA131__VILA_APARECIDA_18401-140", "LMAPS": "https://www.google.com/maps?q=&layer=c&cbll=-48.8725558,-23.976473", "O_QUE_FAZER": "CARTEIRA", "ER_REGIAO_CIDADE_min": "Itapeva_Itapeva_Sudoeste Paulista" }, "geometry": { "type": "Point", "coordinates": [ -48.8725558, -23.976473 ] } },
{ "type": "Feature", "properties": { "fid": 196704, "CNPJ": "40728444000162", "IDCIDADE": "ITAPEVA", "NOMEFANTASIA": "MON_PET", "RAZAOSOCIAL": "ALICE_FERREIRA_DA_ROSA", "ENDEE": "RUA_BRASILIA119__VILA_APARECIDA_18401-140", "LMAPS": "https://www.google.com/maps?q=&layer=c&cbll=-48.8724577,-23.9764732", "O_QUE_FAZER": "CARTEIRA", "ER_REGIAO_CIDADE_min": "Itapeva_Itapeva_Sudoeste Paulista" }, "geometry": { "type": "Point", "coordinates": [ -48.8724577, -23.9764732 ] } },
{ "type": "Feature", "properties": { "fid": 196708, "CNPJ": "24177530000178", "IDCIDADE": "ITAPEVA", "NOMEFANTASIA": "EXPRESSO_AR", "RAZAOSOCIAL": "R._B._SANTOS_REFRIGERACAO", "ENDEE": "RUA_MARIA_RAIMUNDA163__VILA_APARECIDA_18401-010", "LMAPS": "https://www.google.com/maps?q=&layer=c&cbll=-48.8720789,-23.9765689", "O_QUE_FAZER": "CARTEIRA", "ER_REGIAO_CIDADE_min": "Itapeva_Itapeva_Sudoeste Paulista" }, "geometry": { "type": "Point", "coordinates": [ -48.8720789, -23.9765689 ] } },
{ "type": "Feature", "properties": { "fid": 196712, "CNPJ": "33911273000147", "IDCIDADE": "ITAPEVA", "NOMEFANTASIA": "CELSO_VEICULOS", "RAZAOSOCIAL": "CELSO_JOSE_DE_SOUZA_VEICULOS", "ENDEE": "RUA_HEBE_FARIA_PIO10__JARDIM_BEIJA-FLOR_18401-510", "LMAPS": "https://www.google.com/maps?q=&layer=c&cbll=-48.8682034,-23.9767157", "O_QUE_FAZER": "CARTEIRA", "ER_REGIAO_CIDADE_min": "Itapeva_Itapeva_Sudoeste Paulista" }, "geometry": { "type": "Point", "coordinates": [ -48.8682034, -23.9767157 ] } },
{ "type": "Feature", "properties": { "fid": 196713, "CNPJ": "26001528000179", "IDCIDADE": "ITAPEVA", "NOMEFANTASIA": "MERCADO_BOM_GOSTO", "RAZAOSOCIAL": "PAULO_SERGIO_DE_BARROS_GARCIA", "ENDEE": "RUA_BRASILIA10__VILA_APARECIDA_18401-140", "LMAPS": "https://www.google.com/maps?q=&layer=c&cbll=-48.87131,-23.9767284", "O_QUE_FAZER": "CARTEIRA", "ER_REGIAO_CIDADE_min": "Itapeva_Itapeva_Sudoeste Paulista" }, "geometry": { "type": "Point", "coordinates": [ -48.87131, -23.9767284 ] } },
{ "type": "Feature", "properties": { "fid": 196715, "CNPJ": "27381133000101", "IDCIDADE": "ITAPEVA", "NOMEFANTASIA": "PADARIA_DELICIAS_DO_TRIGO", "RAZAOSOCIAL": "GILMAR_DOS_SANTOS_PADARIA_ITAPEVA_LTDA", "ENDEE": "RUA_HEBE_FARIA_PIO519__JARDIM_BEIJA-FLOR_18401-510", "LMAPS": "https://www.google.com/maps?q=&layer=c&cbll=-48.8630108,-23.9767686", "O_QUE_FAZER": "CARTEIRA", "ER_REGIAO_CIDADE_min": "Itapeva_Itapeva_Sudoeste Paulista" }, "geometry": { "type": "Point", "coordinates": [ -48.8630108, -23.9767686 ] } },
{ "type": "Feature", "properties": { "fid": 196716, "CNPJ": "53410487000147", "IDCIDADE": "ITAPEVA", "NOMEFANTASIA": "LUIZINHO_BEBIDAS", "RAZAOSOCIAL": "LUIZINHO_BEBIDAS_LTDA", "ENDEE": "RUA_BRASILIA10__VILA_APARECIDA_18401-140", "LMAPS": "https://www.google.com/maps?q=&layer=c&cbll=-48.8712868,-23.976769", "O_QUE_FAZER": "CARTEIRA", "ER_REGIAO_CIDADE_min": "Itapeva_Itapeva_Sudoeste Paulista" }, "geometry": { "type": "Point", "coordinates": [ -48.8712868, -23.976769 ] } },
{ "type": "Feature", "properties": { "fid": 196718, "CNPJ": "20328624000140", "IDCIDADE": "ITAPEVA", "NOMEFANTASIA": "MERCADO_RODRIGUES", "RAZAOSOCIAL": "MERCADO_RODRIGUES_ITAPEVA_LTDA", "ENDEE": "RUA_BRASILIA11__VILA_APARECIDA_18401-140", "LMAPS": "https://www.google.com/maps?q=&layer=c&cbll=-48.8713881,-23.9767979", "O_QUE_FAZER": "CARTEIRA", "ER_REGIAO_CIDADE_min": "Itapeva_Itapeva_Sudoeste Paulista" }, "geometry": { "type": "Point", "coordinates": [ -48.8713881, -23.9767979 ] } },
{ "type": "Feature", "properties": { "fid": 196720, "CNPJ": "46157011000180", "IDCIDADE": "ITAPEVA", "NOMEFANTASIA": "TAILA_AUTOPECAS", "RAZAOSOCIAL": "TALA_AUTO_PECAS_LTDA", "ENDEE": "AVENIDA_DOUTOR_JOSE_ERMIRIO_DE_MORAES1910__CENTRO_18400-510", "LMAPS": "https://www.google.com/maps?q=&layer=c&cbll=-48.8787738,-23.9768368", "O_QUE_FAZER": "CARTEIRA", "ER_REGIAO_CIDADE_min": "Itapeva_Itapeva_Sudoeste Paulista" }, "geometry": { "type": "Point", "coordinates": [ -48.8787738, -23.9768368 ] } },
{ "type": "Feature", "properties": { "fid": 196722, "CNPJ": "14894688000105", "IDCIDADE": "ITAPEVA", "NOMEFANTASIA": "INOVE_ROUPAS", "RAZAOSOCIAL": "JOSE_AUGUSTO_DE_OLIVEIRA_ITAPEVA", "ENDEE": "RUA_OLINDA_CARVALHO_DE_OLIVEIRA119__VILA_APARECIDA_18401-160", "LMAPS": "https://www.google.com/maps?q=&layer=c&cbll=-48.8748038,-23.976912", "O_QUE_FAZER": "CARTEIRA", "ER_REGIAO_CIDADE_min": "Itapeva_Itapeva_Sudoeste Paulista" }, "geometry": { "type": "Point", "coordinates": [ -48.8748038, -23.976912 ] } },
{ "type": "Feature", "properties": { "fid": 196725, "CNPJ": "41985787000175", "IDCIDADE": "ITAPEVA", "NOMEFANTASIA": "AURIFER_TORNEARIA", "RAZAOSOCIAL": "AUREFER_COMERCIO_E_SERVICOS_LTDA", "ENDEE": "RUA_ALFREDO_MOREIRA_DE_SOUZA159__PARQUE_VISTA_ALEGRE_18401-240", "LMAPS": "https://www.google.com/maps?q=&layer=c&cbll=-48.8945368,-23.9769641", "O_QUE_FAZER": "CARTEIRA", "ER_REGIAO_CIDADE_min": "Itapeva_Itapeva_Sudoeste Paulista" }, "geometry": { "type": "Point", "coordinates": [ -48.8945368, -23.9769641 ] } },
{ "type": "Feature", "properties": { "fid": 196726, "CNPJ": "13186693000281", "IDCIDADE": "ITAPEVA", "NOMEFANTASIA": "MERCADO_DUREY", "RAZAOSOCIAL": "EURICO_GONCALVES_DE_PONTES", "ENDEE": "RUA_EMILIANA_SANTIAGO_MACHADO175__JARDIM_BEIJA-FLOR_18401-580", "LMAPS": "https://www.google.com/maps?q=&layer=c&cbll=-48.8613811,-23.9769669", "O_QUE_FAZER": "CARTEIRA", "ER_REGIAO_CIDADE_min": "Itapeva_Itapeva_Sudoeste Paulista" }, "geometry": { "type": "Point", "coordinates": [ -48.8613811, -23.9769669 ] } },
{ "type": "Feature", "properties": { "fid": 196733, "CNPJ": "11440613000247", "IDCIDADE": "ITAPEVA", "NOMEFANTASIA": "CRONOMASTER", "RAZAOSOCIAL": "R.B._DE_OLIVEIRA_ITAPEVA", "ENDEE": "RUA_ALFREDO_MOREIRA_DE_SOUZA225__DISTRITO_INDUSTRIAL_18410-640", "LMAPS": "https://www.google.com/maps?q=&layer=c&cbll=-48.8937246,-23.9770197", "O_QUE_FAZER": "CARTEIRA", "ER_REGIAO_CIDADE_min": "Itapeva_Itapeva_Sudoeste Paulista" }, "geometry": { "type": "Point", "coordinates": [ -48.8937246, -23.9770197 ] } },
{ "type": "Feature", "properties": { "fid": 196734, "CNPJ": "34197748000148", "IDCIDADE": "ITAPEVA", "NOMEFANTASIA": "UNIFORMA", "RAZAOSOCIAL": "UNI_FORMA_CONFECCOES_DE_UNIFORMES_PROFISSIONAIS_LTDA", "ENDEE": "RUA_OLINDA_CARVALHO_DE_OLIVEIRA121__VILA_APARECIDA_18401-160", "LMAPS": "https://www.google.com/maps?q=&layer=c&cbll=-48.8745521,-23.9770262", "O_QUE_FAZER": "CARTEIRA", "ER_REGIAO_CIDADE_min": "Itapeva_Itapeva_Sudoeste Paulista" }, "geometry": { "type": "Point", "coordinates": [ -48.8745521, -23.9770262 ] } },
{ "type": "Feature", "properties": { "fid": 196735, "CNPJ": "10528640000122", "IDCIDADE": "ITAPEVA", "NOMEFANTASIA": "NIVALDO_&_DIOGO_MOTORES", "RAZAOSOCIAL": "DIOGO_MOTORES_LTDA", "ENDEE": "AVENIDA_BRASIL467__VILA_NOVA_18410-010", "LMAPS": "https://www.google.com/maps?q=&layer=c&cbll=-48.8795724,-23.9770335", "O_QUE_FAZER": "CARTEIRA", "ER_REGIAO_CIDADE_min": "Itapeva_Itapeva_Sudoeste Paulista" }, "geometry": { "type": "Point", "coordinates": [ -48.8795724, -23.9770335 ] } },
{ "type": "Feature", "properties": { "fid": 196738, "CNPJ": "04230222000151", "IDCIDADE": "ITAPEVA", "NOMEFANTASIA": "GRANDHOTEL", "RAZAOSOCIAL": "VALDENICE_A.PROENCA-ITAPEVA", "ENDEE": "RUA_OLINDA_CARVALHO_DE_OLIVEIRA127__VILA_APARECIDA_18401-160", "LMAPS": "https://www.google.com/maps?q=&layer=c&cbll=-48.8745851,-23.9770923", "O_QUE_FAZER": "CARTEIRA", "ER_REGIAO_CIDADE_min": "Itapeva_Itapeva_Sudoeste Paulista" }, "geometry": { "type": "Point", "coordinates": [ -48.8745851, -23.9770923 ] } },
{ "type": "Feature", "properties": { "fid": 196746, "CNPJ": "06136296000159", "IDCIDADE": "ITAPEVA", "NOMEFANTASIA": "VMH_RETIFICA", "RAZAOSOCIAL": "VALMIR_MACHADO_HINSELMANN", "ENDEE": "RUA_ALFREDO_MOREIRA_DE_SOUZA261__DISTRITO_INDUSTRIAL_18410-640", "LMAPS": "https://www.google.com/maps?q=&layer=c&cbll=-48.8933149,-23.9771519", "O_QUE_FAZER": "CARTEIRA", "ER_REGIAO_CIDADE_min": "Itapeva_Itapeva_Sudoeste Paulista" }, "geometry": { "type": "Point", "coordinates": [ -48.8933149, -23.9771519 ] } },
{ "type": "Feature", "properties": { "fid": 196756, "CNPJ": "02682695000164", "IDCIDADE": "ITAPEVA", "NOMEFANTASIA": "SORVETERIA_KIKO", "RAZAOSOCIAL": "AQUILES_GERALDO_DE_MACEDO_ITAPEVA", "ENDEE": "RUA_JOSE_DUCH_VILAR124__VILA_APARECIDA_18401-030", "LMAPS": "https://www.google.com/maps?q=&layer=c&cbll=-48.8729767,-23.9772617", "O_QUE_FAZER": "CARTEIRA", "ER_REGIAO_CIDADE_min": "Itapeva_Itapeva_Sudoeste Paulista" }, "geometry": { "type": "Point", "coordinates": [ -48.8729767, -23.9772617 ] } },
{ "type": "Feature", "properties": { "fid": 196758, "CNPJ": "01638753000270", "IDCIDADE": "ITAPEVA", "NOMEFANTASIA": "VALINTER_SUCATAS", "RAZAOSOCIAL": "VALINTER_COMERCIO_DE_SUCATAS_LTDA.", "ENDEE": "RUA_ALFREDO_MOREIRA_DE_SOUZA180__DISTRITO_INDUSTRIAL_18410-640", "LMAPS": "https://www.google.com/maps?q=&layer=c&cbll=-48.8942271,-23.9773087", "O_QUE_FAZER": "CARTEIRA", "ER_REGIAO_CIDADE_min": "Itapeva_Itapeva_Sudoeste Paulista" }, "geometry": { "type": "Point", "coordinates": [ -48.8942271, -23.9773087 ] } },
{ "type": "Feature", "properties": { "fid": 196762, "CNPJ": "11640433000128", "IDCIDADE": "ITAPEVA", "NOMEFANTASIA": "ARTE_VIDROS_E_ESQUADRIAS_DE_ALUMINIO", "RAZAOSOCIAL": "ARTE_VIDROS_E_ESQUADRIAS_EM_ALUMINIO_LTDA", "ENDEE": "RUA_HOSEIA_SALLES10__DISTRITO_INDUSTRIAL_18410-639", "LMAPS": "https://www.google.com/maps?q=&layer=c&cbll=-48.8938522,-23.9773332", "O_QUE_FAZER": "CARTEIRA", "ER_REGIAO_CIDADE_min": "Itapeva_Itapeva_Sudoeste Paulista" }, "geometry": { "type": "Point", "coordinates": [ -48.8938522, -23.9773332 ] } },
{ "type": "Feature", "properties": { "fid": 196767, "CNPJ": "65945461000182", "IDCIDADE": "ITAPEVA", "NOMEFANTASIA": "SERRALHERIA_MARCAL", "RAZAOSOCIAL": "BENEDITO_MARCAL_DOS_SANTOS_OLIVEIRA", "ENDEE": "RUA_ALFREDO_MOREIRA_DE_SOUZA331__DISTRITO_INDUSTRIAL_18410-640", "LMAPS": "https://www.google.com/maps?q=&layer=c&cbll=-48.892351,-23.9773908", "O_QUE_FAZER": "CARTEIRA", "ER_REGIAO_CIDADE_min": "Itapeva_Itapeva_Sudoeste Paulista" }, "geometry": { "type": "Point", "coordinates": [ -48.892351, -23.9773908 ] } },
{ "type": "Feature", "properties": { "fid": 196771, "CNPJ": "08382290000197", "IDCIDADE": "ITAPEVA", "NOMEFANTASIA": "POLARESTEC", "RAZAOSOCIAL": "ADRIANO_APARECIDO_SOUZA_ROLIM", "ENDEE": "RUA_DOM_JOSE_CARLOS_DE_AGUIRRE145__VILA_DOM_BOSCO_18409-440", "LMAPS": "https://www.google.com/maps?q=&layer=c&cbll=-48.8714016,-23.977429", "O_QUE_FAZER": "CARTEIRA", "ER_REGIAO_CIDADE_min": "Itapeva_Itapeva_Sudoeste Paulista" }, "geometry": { "type": "Point", "coordinates": [ -48.8714016, -23.977429 ] } },
{ "type": "Feature", "properties": { "fid": 196773, "CNPJ": "13569667000151", "IDCIDADE": "ITAPEVA", "NOMEFANTASIA": "ESCRITORIO_SAO_CAMILO", "RAZAOSOCIAL": "ESCRITORIO_SAO_CAMILO_LTDA", "ENDEE": "RUA_JOSE_PEDRO_DE_OLIVEIRA_CAMPOS6__JARDIM_BEIJA-FLOR_18401-480", "LMAPS": "https://www.google.com/maps?q=&layer=c&cbll=-48.8690864,-23.9774546", "O_QUE_FAZER": "CARTEIRA", "ER_REGIAO_CIDADE_min": "Itapeva_Itapeva_Sudoeste Paulista" }, "geometry": { "type": "Point", "coordinates": [ -48.8690864, -23.9774546 ] } },
{ "type": "Feature", "properties": { "fid": 196775, "CNPJ": "29191036000181", "IDCIDADE": "ITAPEVA", "NOMEFANTASIA": "SERRALHERIA_DO_SANDRO", "RAZAOSOCIAL": "SERRALHERIA_DO_SANDRO_LTDA", "ENDEE": "RUA_ALFREDO_MOREIRA_DE_SOUZA7__DISTRITO_INDUSTRIAL_18410-640", "LMAPS": "https://www.google.com/maps?q=&layer=c&cbll=-48.8935618,-23.9774673", "O_QUE_FAZER": "CARTEIRA", "ER_REGIAO_CIDADE_min": "Itapeva_Itapeva_Sudoeste Paulista" }, "geometry": { "type": "Point", "coordinates": [ -48.8935618, -23.9774673 ] } },
{ "type": "Feature", "properties": { "fid": 196787, "CNPJ": "36655183000120", "IDCIDADE": "ITAPEVA", "NOMEFANTASIA": "ITAPLACAS", "RAZAOSOCIAL": "ALE_FONSECA_COMERCIO_E_ESTAMPAGEM_DE_PLACAS_LTDA", "ENDEE": "RUA_CONCHAS38__VILA_APARECIDA_18401-220", "LMAPS": "https://www.google.com/maps?q=&layer=c&cbll=-48.8751417,-23.977605", "O_QUE_FAZER": "CARTEIRA", "ER_REGIAO_CIDADE_min": "Itapeva_Itapeva_Sudoeste Paulista" }, "geometry": { "type": "Point", "coordinates": [ -48.8751417, -23.977605 ] } },
{ "type": "Feature", "properties": { "fid": 196794, "CNPJ": "08146171000135", "IDCIDADE": "ITAPEVA", "NOMEFANTASIA": "FABIANO_VEICULOS", "RAZAOSOCIAL": "MARLOS_FABIANO_DE_ALMEIDA_AUTOMOVEIS", "ENDEE": "RUA_JOSE_DUCH_VILAR8__VILA_APARECIDA_18401-030", "LMAPS": "https://www.google.com/maps?q=&layer=c&cbll=-48.8716949,-23.9776496", "O_QUE_FAZER": "CARTEIRA", "ER_REGIAO_CIDADE_min": "Itapeva_Itapeva_Sudoeste Paulista" }, "geometry": { "type": "Point", "coordinates": [ -48.8716949, -23.9776496 ] } },
{ "type": "Feature", "properties": { "fid": 196796, "CNPJ": "01516479000186", "IDCIDADE": "ITAPEVA", "NOMEFANTASIA": "ITACAR_CENTER", "RAZAOSOCIAL": "FRANCISCO_A._RAMOS_CASSIERI", "ENDEE": "AVENIDA_DOUTOR_JOSE_ERMIRIO_DE_MORAES2017__CENTRO_18400-510", "LMAPS": "https://www.google.com/maps?q=&layer=c&cbll=-48.8783995,-23.9776561", "O_QUE_FAZER": "CARTEIRA", "ER_REGIAO_CIDADE_min": "Itapeva_Itapeva_Sudoeste Paulista" }, "geometry": { "type": "Point", "coordinates": [ -48.8783995, -23.9776561 ] } },
{ "type": "Feature", "properties": { "fid": 196799, "CNPJ": "25016246000182", "IDCIDADE": "ITAPEVA", "NOMEFANTASIA": "CENTER_CAR", "RAZAOSOCIAL": "CENTER_CAR_ITAPEVA_LTDA", "ENDEE": "AVENIDA_DOS_REVOLUCIONARIOS_DE_32398__JARDIM_BELVEDERE_18401-440", "LMAPS": "https://www.google.com/maps?q=&layer=c&cbll=-48.8693565,-23.9776723", "O_QUE_FAZER": "CARTEIRA", "ER_REGIAO_CIDADE_min": "Itapeva_Itapeva_Sudoeste Paulista" }, "geometry": { "type": "Point", "coordinates": [ -48.8693565, -23.9776723 ] } },
{ "type": "Feature", "properties": { "fid": 196802, "CNPJ": "11639612000145", "IDCIDADE": "ITAPEVA", "NOMEFANTASIA": "TORNEARIA_SANTANA", "RAZAOSOCIAL": "SUELI_DE_MELO_SANTOS_COELHO_ITAPEVA", "ENDEE": "RUA_ALFREDO_MOREIRA_DE_SOUZA194__DISTRITO_INDUSTRIAL_18410-640", "LMAPS": "https://www.google.com/maps?q=&layer=c&cbll=-48.8942449,-23.977728", "O_QUE_FAZER": "CARTEIRA", "ER_REGIAO_CIDADE_min": "Itapeva_Itapeva_Sudoeste Paulista" }, "geometry": { "type": "Point", "coordinates": [ -48.8942449, -23.977728 ] } },
{ "type": "Feature", "properties": { "fid": 196805, "CNPJ": "30110838000107", "IDCIDADE": "ITAPEVA", "NOMEFANTASIA": "FUCA_COMUNICACAO_VISUAL", "RAZAOSOCIAL": "FUCA_COMUNICACAO_VISUAL_FACHADAS_E_SERVICOS_LTDA", "ENDEE": "RUA_DARCY_JOAQUIM_DE_ALMEIDA190__DISTRITO_INDUSTRIAL_18410-481", "LMAPS": "https://www.google.com/maps?q=&layer=c&cbll=-48.89987,-23.9777733", "O_QUE_FAZER": "CARTEIRA", "ER_REGIAO_CIDADE_min": "Itapeva_Itapeva_Sudoeste Paulista" }, "geometry": { "type": "Point", "coordinates": [ -48.89987, -23.9777733 ] } },
{ "type": "Feature", "properties": { "fid": 196806, "CNPJ": "14234208000180", "IDCIDADE": "ITAPEVA", "NOMEFANTASIA": "CHEVROCAR_MULTIMARCAS", "RAZAOSOCIAL": "CHEVROCAR_MULTIMARCAS_LTDA", "ENDEE": "RUA_OLINDA_CARVALHO_DE_OLIVEIRA188__VILA_APARECIDA_18401-160", "LMAPS": "https://www.google.com/maps?q=&layer=c&cbll=-48.8749329,-23.977782", "O_QUE_FAZER": "CARTEIRA", "ER_REGIAO_CIDADE_min": "Itapeva_Itapeva_Sudoeste Paulista" }, "geometry": { "type": "Point", "coordinates": [ -48.8749329, -23.977782 ] } },
{ "type": "Feature", "properties": { "fid": 196808, "CNPJ": "07681805000197", "IDCIDADE": "ITAPEVA", "NOMEFANTASIA": "AUGUSTO_ACO_E_METAIS", "RAZAOSOCIAL": "AUGUSTO_CARLOS_DE_ARAUJO_FERRAGENS", "ENDEE": "AVENIDA_DOS_REVOLUCIONARIOS_DE_32386__JARDIM_BELVEDERE_18401-440", "LMAPS": "https://www.google.com/maps?q=&layer=c&cbll=-48.8693936,-23.9778003", "O_QUE_FAZER": "CARTEIRA", "ER_REGIAO_CIDADE_min": "Itapeva_Itapeva_Sudoeste Paulista" }, "geometry": { "type": "Point", "coordinates": [ -48.8693936, -23.9778003 ] } },
{ "type": "Feature", "properties": { "fid": 196813, "CNPJ": "03930287000147", "IDCIDADE": "ITAPEVA", "NOMEFANTASIA": "WOLKS_WARDO_MECANICA", "RAZAOSOCIAL": "JOCIVALDO_MORAES_DOS_SANTOS", "ENDEE": "AVENIDA_DOUTOR_JOSE_ERMIRIO_DE_MORAES2045__CENTRO_18400-510", "LMAPS": "https://www.google.com/maps?q=&layer=c&cbll=-48.8786333,-23.97785", "O_QUE_FAZER": "CARTEIRA", "ER_REGIAO_CIDADE_min": "Itapeva_Itapeva_Sudoeste Paulista" }, "geometry": { "type": "Point", "coordinates": [ -48.8786333, -23.97785 ] } },
{ "type": "Feature", "properties": { "fid": 196815, "CNPJ": "30705226000159", "IDCIDADE": "ITAPEVA", "NOMEFANTASIA": "NOVA_ERA_VEICULOS", "RAZAOSOCIAL": "P.S.R._PIMENTA", "ENDEE": "RUA_LAUDELINA_LOUREIRO_DE_MELO220__VILA_APARECIDA_18401-000", "LMAPS": "https://www.google.com/maps?q=&layer=c&cbll=-48.871472,-23.9779022", "O_QUE_FAZER": "CARTEIRA", "ER_REGIAO_CIDADE_min": "Itapeva_Itapeva_Sudoeste Paulista" }, "geometry": { "type": "Point", "coordinates": [ -48.871472, -23.9779022 ] } },
{ "type": "Feature", "properties": { "fid": 196820, "CNPJ": "35785533000100", "IDCIDADE": "ITAPEVA", "NOMEFANTASIA": "SAN_GESSO", "RAZAOSOCIAL": "SAN_GESSO_&_DECORACOES_LTDA", "ENDEE": "AVENIDA_DOUTOR_JOSE_ERMIRIO_DE_MORAES2063__CENTRO_18400-510", "LMAPS": "https://www.google.com/maps?q=&layer=c&cbll=-48.8787179,-23.9779877", "O_QUE_FAZER": "CARTEIRA", "ER_REGIAO_CIDADE_min": "Itapeva_Itapeva_Sudoeste Paulista" }, "geometry": { "type": "Point", "coordinates": [ -48.8787179, -23.9779877 ] } },
{ "type": "Feature", "properties": { "fid": 196824, "CNPJ": "24554517000190", "IDCIDADE": "ITAPEVA", "NOMEFANTASIA": "AGRO_LOPES", "RAZAOSOCIAL": "J._C._DE_JESUS_LOPES", "ENDEE": "RUA_13_DE_MAIO350__CENTRO_18400-530", "LMAPS": "https://www.google.com/maps?q=&layer=c&cbll=-48.8784647,-23.978108", "O_QUE_FAZER": "CARTEIRA", "ER_REGIAO_CIDADE_min": "Itapeva_Itapeva_Sudoeste Paulista" }, "geometry": { "type": "Point", "coordinates": [ -48.8784647, -23.978108 ] } },
{ "type": "Feature", "properties": { "fid": 196827, "CNPJ": "45838637000190", "IDCIDADE": "ITAPEVA", "NOMEFANTASIA": "FB_AUTO_CENTER", "RAZAOSOCIAL": "FB_AUTO_CENTER_ITAPEVA_LTDA", "ENDEE": "AVENIDA_DOUTOR_JOSE_ERMIRIO_DE_MORAES2089__CENTRO_18400-510", "LMAPS": "https://www.google.com/maps?q=&layer=c&cbll=-48.87846,-23.9782783", "O_QUE_FAZER": "CARTEIRA", "ER_REGIAO_CIDADE_min": "Itapeva_Itapeva_Sudoeste Paulista" }, "geometry": { "type": "Point", "coordinates": [ -48.87846, -23.9782783 ] } },
{ "type": "Feature", "properties": { "fid": 196829, "CNPJ": "05875443000140", "IDCIDADE": "ITAPEVA", "NOMEFANTASIA": "LF_SERVICOS_FLORESTAIS", "RAZAOSOCIAL": "LF_LEME_SERVICOS_FLORESTAIS_LTDA", "ENDEE": "RUA_ANTONIO_MOULATLET26__DISTRITO_INDUSTRIAL_18410-610", "LMAPS": "https://www.google.com/maps?q=&layer=c&cbll=-48.8959635,-23.9783152", "O_QUE_FAZER": "CARTEIRA", "ER_REGIAO_CIDADE_min": "Itapeva_Itapeva_Sudoeste Paulista" }, "geometry": { "type": "Point", "coordinates": [ -48.8959635, -23.9783152 ] } },
{ "type": "Feature", "properties": { "fid": 196834, "CNPJ": "14308823000193", "IDCIDADE": "ITAPEVA", "NOMEFANTASIA": "MECANICA_YOSHI", "RAZAOSOCIAL": "ALUISIO_YOSHIO_HAYASHIDA", "ENDEE": "AVENIDA_DOS_REVOLUCIONARIOS_DE_32246__JARDIM_BELVEDERE_18401-440", "LMAPS": "https://www.google.com/maps?q=&layer=c&cbll=-48.86955,-23.978355", "O_QUE_FAZER": "CARTEIRA", "ER_REGIAO_CIDADE_min": "Itapeva_Itapeva_Sudoeste Paulista" }, "geometry": { "type": "Point", "coordinates": [ -48.86955, -23.978355 ] } },
{ "type": "Feature", "properties": { "fid": 196849, "CNPJ": "28509771000128", "IDCIDADE": "ITAPEVA", "NOMEFANTASIA": "PRIME_FISCO_CONTABIL", "RAZAOSOCIAL": "PRIME_FISCO_CONTABIL_LTDA", "ENDEE": "RUA_SINHO_DE_CAMARGO114__CENTRO_18400-550", "LMAPS": "https://www.google.com/maps?q=&layer=c&cbll=-48.8750417,-23.9787922", "O_QUE_FAZER": "CARTEIRA", "ER_REGIAO_CIDADE_min": "Itapeva_Itapeva_Sudoeste Paulista" }, "geometry": { "type": "Point", "coordinates": [ -48.8750417, -23.9787922 ] } },
{ "type": "Feature", "properties": { "fid": 196850, "CNPJ": "19121783000190", "IDCIDADE": "ITAPEVA", "NOMEFANTASIA": "DITO_AUTOPECAS", "RAZAOSOCIAL": "DITO_AUTO_PECAS_LTDA", "ENDEE": "AVENIDA_DOUTOR_JOSE_ERMIRIO_DE_MORAES2137__CENTRO_18400-510", "LMAPS": "https://www.google.com/maps?q=&layer=c&cbll=-48.878627,-23.9788266", "O_QUE_FAZER": "CARTEIRA", "ER_REGIAO_CIDADE_min": "Itapeva_Itapeva_Sudoeste Paulista" }, "geometry": { "type": "Point", "coordinates": [ -48.878627, -23.9788266 ] } },
{ "type": "Feature", "properties": { "fid": 196852, "CNPJ": "40560425000170", "IDCIDADE": "ITAPEVA", "NOMEFANTASIA": "LE_PETIT_CLINICA_VETERINARIA", "RAZAOSOCIAL": "BENEDETTI_&_VEIGA_SERVICOS_VETERINARIOS_LTDA", "ENDEE": "RUA_JOSE_BASILIO_ARAUJO_FERRAZ139__JARDIM_DOUTOR_PINHEIRO_18400-600", "LMAPS": "https://www.google.com/maps?q=&layer=c&cbll=-48.8747905,-23.9788592", "O_QUE_FAZER": "CARTEIRA", "ER_REGIAO_CIDADE_min": "Itapeva_Itapeva_Sudoeste Paulista" }, "geometry": { "type": "Point", "coordinates": [ -48.8747905, -23.9788592 ] } },
{ "type": "Feature", "properties": { "fid": 196856, "CNPJ": "10397598000158", "IDCIDADE": "ITAPEVA", "NOMEFANTASIA": "TORNEARIA_STATK", "RAZAOSOCIAL": "RACHID_CAMARGO_SANTOS", "ENDEE": "AVENIDA_BRASIL274__VILA_NOVA_18410-010", "LMAPS": "https://www.google.com/maps?q=&layer=c&cbll=-48.8796252,-23.9789083", "O_QUE_FAZER": "CARTEIRA", "ER_REGIAO_CIDADE_min": "Itapeva_Itapeva_Sudoeste Paulista" }, "geometry": { "type": "Point", "coordinates": [ -48.8796252, -23.9789083 ] } },
{ "type": "Feature", "properties": { "fid": 196857, "CNPJ": "02870926000163", "IDCIDADE": "ITAPEVA", "NOMEFANTASIA": "AUTO_FILTROS", "RAZAOSOCIAL": "VALENTIM_MARTINS_NETO", "ENDEE": "RUA_13_DE_MAIO417__CENTRO_18400-530", "LMAPS": "https://www.google.com/maps?q=&layer=c&cbll=-48.8783718,-23.9789146", "O_QUE_FAZER": "CARTEIRA", "ER_REGIAO_CIDADE_min": "Itapeva_Itapeva_Sudoeste Paulista" }, "geometry": { "type": "Point", "coordinates": [ -48.8783718, -23.9789146 ] } },
{ "type": "Feature", "properties": { "fid": 196862, "CNPJ": "21998669000275", "IDCIDADE": "ITAPEVA", "NOMEFANTASIA": "TIA_QUELI_CAFE_BAR", "RAZAOSOCIAL": "QUELI_CRISTINA_FAGUNDES_DA_SILVA", "ENDEE": "RUA_SINHO_DE_CAMARGO384__CENTRO_18400-550", "LMAPS": "https://www.google.com/maps?q=&layer=c&cbll=-48.8776098,-23.9789383", "O_QUE_FAZER": "CARTEIRA", "ER_REGIAO_CIDADE_min": "Itapeva_Itapeva_Sudoeste Paulista" }, "geometry": { "type": "Point", "coordinates": [ -48.8776098, -23.9789383 ] } },
{ "type": "Feature", "properties": { "fid": 196863, "CNPJ": "08740198000151", "IDCIDADE": "ITAPEVA", "NOMEFANTASIA": "BAR_E_LANCHONETE_ARAUJO", "RAZAOSOCIAL": "ESTER_APARECIDA_DOS_REIS_ARAUJO", "ENDEE": "RUA_SINHO_DE_CAMARGO384__CENTRO_18400-550", "LMAPS": "https://www.google.com/maps?q=&layer=c&cbll=-48.8775747,-23.9789429", "O_QUE_FAZER": "CARTEIRA", "ER_REGIAO_CIDADE_min": "Itapeva_Itapeva_Sudoeste Paulista" }, "geometry": { "type": "Point", "coordinates": [ -48.8775747, -23.9789429 ] } },
{ "type": "Feature", "properties": { "fid": 196869, "CNPJ": "08219168000102", "IDCIDADE": "ITAPEVA", "NOMEFANTASIA": "DEGUSTE_SABORES", "RAZAOSOCIAL": "JANSEN_MARGARIDO_PEREIRA", "ENDEE": "RUA_SINHO_DE_CAMARGO384__CENTRO_18400-550", "LMAPS": "https://www.google.com/maps?q=&layer=c&cbll=-48.8776471,-23.979025", "O_QUE_FAZER": "CARTEIRA", "ER_REGIAO_CIDADE_min": "Itapeva_Itapeva_Sudoeste Paulista" }, "geometry": { "type": "Point", "coordinates": [ -48.8776471, -23.979025 ] } },
{ "type": "Feature", "properties": { "fid": 196873, "CNPJ": "08509915000139", "IDCIDADE": "ITAPEVA", "NOMEFANTASIA": "PORKO_CHIC", "RAZAOSOCIAL": "SUELI_APARECIDA_DELGOBO_DOS_SANTOS", "ENDEE": "RUA_SINHO_DE_CAMARGO384__CENTRO_18400-550", "LMAPS": "https://www.google.com/maps?q=&layer=c&cbll=-48.8777083,-23.9791189", "O_QUE_FAZER": "CARTEIRA", "ER_REGIAO_CIDADE_min": "Itapeva_Itapeva_Sudoeste Paulista" }, "geometry": { "type": "Point", "coordinates": [ -48.8777083, -23.9791189 ] } },
{ "type": "Feature", "properties": { "fid": 196875, "CNPJ": "44623300000100", "IDCIDADE": "ITAPEVA", "NOMEFANTASIA": "MERCADO_GALERIA", "RAZAOSOCIAL": "IVAN_BUCOFF", "ENDEE": "RUA_PEDRO_CADENA261__CONJUNTO_HABITACIONAL_TANCREDO_NEVES_18410-430", "LMAPS": "https://www.google.com/maps?q=&layer=c&cbll=-48.8875787,-23.9791407", "O_QUE_FAZER": "CARTEIRA", "ER_REGIAO_CIDADE_min": "Itapeva_Itapeva_Sudoeste Paulista" }, "geometry": { "type": "Point", "coordinates": [ -48.8875787, -23.9791407 ] } },
{ "type": "Feature", "properties": { "fid": 196880, "CNPJ": "15843926000116", "IDCIDADE": "ITAPEVA", "NOMEFANTASIA": "PEIXARIA_FONTOLAN", "RAZAOSOCIAL": "VANDERLEI_DOS_SANTOS_&_CIA_LTDA", "ENDEE": "RUA_SINHO_DE_CAMARGO384__CENTRO_18400-550", "LMAPS": "https://www.google.com/maps?q=&layer=c&cbll=-48.8776517,-23.9792", "O_QUE_FAZER": "CARTEIRA", "ER_REGIAO_CIDADE_min": "Itapeva_Itapeva_Sudoeste Paulista" }, "geometry": { "type": "Point", "coordinates": [ -48.8776517, -23.9792 ] } },
{ "type": "Feature", "properties": { "fid": 196882, "CNPJ": "00458648000106", "IDCIDADE": "ITAPEVA", "NOMEFANTASIA": "MERCADO_VILA_NOVA", "RAZAOSOCIAL": "RICARDO_CARNEIRO_DO_CARMO-ITAPEVA", "ENDEE": "RUA_PREFEITO_JOAO_BENEDITO_BARBOSA114__VILA_NOVA_18409-250", "LMAPS": "https://www.google.com/maps?q=&layer=c&cbll=-48.8845663,-23.979215", "O_QUE_FAZER": "CARTEIRA", "ER_REGIAO_CIDADE_min": "Itapeva_Itapeva_Sudoeste Paulista" }, "geometry": { "type": "Point", "coordinates": [ -48.8845663, -23.979215 ] } },
{ "type": "Feature", "properties": { "fid": 196883, "CNPJ": "55714505000100", "IDCIDADE": "ITAPEVA", "NOMEFANTASIA": "PADARIA_DO_GALO", "RAZAOSOCIAL": "SALDANHA_&_ARAUJO_LTDA", "ENDEE": "RUA_IRMA_ERNESTINA140__VILA_DOM_BOSCO_18409-350", "LMAPS": "https://www.google.com/maps?q=&layer=c&cbll=-48.8863783,-23.9792175", "O_QUE_FAZER": "CARTEIRA", "ER_REGIAO_CIDADE_min": "Itapeva_Itapeva_Sudoeste Paulista" }, "geometry": { "type": "Point", "coordinates": [ -48.8863783, -23.9792175 ] } },
{ "type": "Feature", "properties": { "fid": 196887, "CNPJ": "05049076000125", "IDCIDADE": "ITAPEVA", "NOMEFANTASIA": "PAPELARIA_FERNANDA_PRESENTES", "RAZAOSOCIAL": "ROSEMEIRE_FRANCISCONI_DE_OLIVEIRA_ITAPEVA", "ENDEE": "RUA_IRMA_ERNESTINA200__VILA_DOM_BOSCO_18409-350", "LMAPS": "https://www.google.com/maps?q=&layer=c&cbll=-48.8869318,-23.9793228", "O_QUE_FAZER": "CARTEIRA", "ER_REGIAO_CIDADE_min": "Itapeva_Itapeva_Sudoeste Paulista" }, "geometry": { "type": "Point", "coordinates": [ -48.8869318, -23.9793228 ] } },
{ "type": "Feature", "properties": { "fid": 196888, "CNPJ": "57637844000165", "IDCIDADE": "ITAPEVA", "NOMEFANTASIA": "MAGALI_MOVEIS", "RAZAOSOCIAL": "MAGABI_MOVEIS_LTDA", "ENDEE": "RUA_SINHO_DE_CAMARGO241__CENTRO_18400-550", "LMAPS": "https://www.google.com/maps?q=&layer=c&cbll=-48.8761857,-23.9793253", "O_QUE_FAZER": "CARTEIRA", "ER_REGIAO_CIDADE_min": "Itapeva_Itapeva_Sudoeste Paulista" }, "geometry": { "type": "Point", "coordinates": [ -48.8761857, -23.9793253 ] } },
{ "type": "Feature", "properties": { "fid": 196892, "CNPJ": "29651838000127", "IDCIDADE": "ITAPEVA", "NOMEFANTASIA": "POLIDOR_&_CIA", "RAZAOSOCIAL": "GILSON_APARECIDO_BENFICA", "ENDEE": "RUA_IRMA_ERNESTINA376__VILA_DOM_BOSCO_18409-350", "LMAPS": "https://www.google.com/maps?q=&layer=c&cbll=-48.8887849,-23.979356", "O_QUE_FAZER": "CARTEIRA", "ER_REGIAO_CIDADE_min": "Itapeva_Itapeva_Sudoeste Paulista" }, "geometry": { "type": "Point", "coordinates": [ -48.8887849, -23.979356 ] } },
{ "type": "Feature", "properties": { "fid": 196895, "CNPJ": "41677268000140", "IDCIDADE": "ITAPEVA", "NOMEFANTASIA": "FARMAGIL", "RAZAOSOCIAL": "FARMAGIL_ITAPEVA_LTDA", "ENDEE": "RUA_IRMA_ERNESTINA379__VILA_DOM_BOSCO_18409-350", "LMAPS": "https://www.google.com/maps?q=&layer=c&cbll=-48.8888214,-23.9793728", "O_QUE_FAZER": "CARTEIRA", "ER_REGIAO_CIDADE_min": "Itapeva_Itapeva_Sudoeste Paulista" }, "geometry": { "type": "Point", "coordinates": [ -48.8888214, -23.9793728 ] } },
{ "type": "Feature", "properties": { "fid": 196902, "CNPJ": "29279705000171", "IDCIDADE": "ITAPEVA", "NOMEFANTASIA": "COMERCIAL_FRUTA_NELE", "RAZAOSOCIAL": "COMERCIAL_FRUTANELE_LTDA", "ENDEE": "RUA_SINHO_DE_CAMARGO289__CENTRO_18400-550", "LMAPS": "https://www.google.com/maps?q=&layer=c&cbll=-48.87663,-23.979445", "O_QUE_FAZER": "CARTEIRA", "ER_REGIAO_CIDADE_min": "Itapeva_Itapeva_Sudoeste Paulista" }, "geometry": { "type": "Point", "coordinates": [ -48.87663, -23.979445 ] } },
{ "type": "Feature", "properties": { "fid": 196904, "CNPJ": "17942675000152", "IDCIDADE": "ITAPEVA", "NOMEFANTASIA": "NICK_EJESS", "RAZAOSOCIAL": "T.R._GOMES_ALMEIDA", "ENDEE": "RUA_SINHO_DE_CAMARGO289__CENTRO_18400-550", "LMAPS": "https://www.google.com/maps?q=&layer=c&cbll=-48.8763213,-23.9794828", "O_QUE_FAZER": "CARTEIRA", "ER_REGIAO_CIDADE_min": "Itapeva_Itapeva_Sudoeste Paulista" }, "geometry": { "type": "Point", "coordinates": [ -48.8763213, -23.9794828 ] } },
{ "type": "Feature", "properties": { "fid": 196905, "CNPJ": "08840864000123", "IDCIDADE": "ITAPEVA", "NOMEFANTASIA": "LATITUDE_CALCADOS_E_CONFECCOES", "RAZAOSOCIAL": "VALQUIRIA_DE_JESUS_SILVA_MOTA", "ENDEE": "RUA_IRMA_ERNESTINA441__VILA_DOM_BOSCO_18409-350", "LMAPS": "https://www.google.com/maps?q=&layer=c&cbll=-48.8893926,-23.9794936", "O_QUE_FAZER": "CARTEIRA", "ER_REGIAO_CIDADE_min": "Itapeva_Itapeva_Sudoeste Paulista" }, "geometry": { "type": "Point", "coordinates": [ -48.8893926, -23.9794936 ] } },
{ "type": "Feature", "properties": { "fid": 196906, "CNPJ": "05103677000179", "IDCIDADE": "ITAPEVA", "NOMEFANTASIA": "ALIFARMA", "RAZAOSOCIAL": "ALIFARMA_COMERCIO_FARMACEUTICO_LTDA", "ENDEE": "RUA_ANTONIO_AIDINO_DOS_SANTOS8__PARQUE_SAO_JORGE_18409-260", "LMAPS": "https://www.google.com/maps?q=&layer=c&cbll=-48.8869871,-23.9794975", "O_QUE_FAZER": "CARTEIRA", "ER_REGIAO_CIDADE_min": "Itapeva_Itapeva_Sudoeste Paulista" }, "geometry": { "type": "Point", "coordinates": [ -48.8869871, -23.9794975 ] } },
{ "type": "Feature", "properties": { "fid": 196909, "CNPJ": "09137623000185", "IDCIDADE": "ITAPEVA", "NOMEFANTASIA": "REFRISOM", "RAZAOSOCIAL": "REFRISOM_COMERCIO_DE_ACESSORIOS_PARA_VEICULOS_LTDA", "ENDEE": "RUA_JOSE_PINHEIRO_DE_CARVALHO65__JARDIM_DOUTOR_PINHEIRO_18400-610", "LMAPS": "https://www.google.com/maps?q=&layer=c&cbll=-48.8740701,-23.9795117", "O_QUE_FAZER": "CARTEIRA", "ER_REGIAO_CIDADE_min": "Itapeva_Itapeva_Sudoeste Paulista" }, "geometry": { "type": "Point", "coordinates": [ -48.8740701, -23.9795117 ] } },
{ "type": "Feature", "properties": { "fid": 196910, "CNPJ": "08978891000833", "IDCIDADE": "ITAPEVA", "NOMEFANTASIA": "FUNERARIA_SAO_LUIZ", "RAZAOSOCIAL": "A._A._RODRIGUES_FUNERARIA", "ENDEE": "RUA_PIRES_FLEURY328__CENTRO_18400-430", "LMAPS": "https://www.google.com/maps?q=&layer=c&cbll=-48.889265,-23.9795267", "O_QUE_FAZER": "CARTEIRA", "ER_REGIAO_CIDADE_min": "Itapeva_Itapeva_Sudoeste Paulista" }, "geometry": { "type": "Point", "coordinates": [ -48.889265, -23.9795267 ] } },
{ "type": "Feature", "properties": { "fid": 196911, "CNPJ": "13880415000149", "IDCIDADE": "ITAPEVA", "NOMEFANTASIA": "MUNDO_ANIMAL", "RAZAOSOCIAL": "LAURA_SANTOS_BRUNO", "ENDEE": "RUA_JOAO_AUGUSTO_LICO102__CENTRO_18400-570", "LMAPS": "https://www.google.com/maps?q=&layer=c&cbll=-48.8775564,-23.9795404", "O_QUE_FAZER": "CARTEIRA", "ER_REGIAO_CIDADE_min": "Itapeva_Itapeva_Sudoeste Paulista" }, "geometry": { "type": "Point", "coordinates": [ -48.8775564, -23.9795404 ] } },
{ "type": "Feature", "properties": { "fid": 196912, "CNPJ": "57897464000674", "IDCIDADE": "ITAPEVA", "NOMEFANTASIA": "FAZ_FARMA", "RAZAOSOCIAL": "VITAL_FARMA_ITAPEVA_LTDA.", "ENDEE": "RUA_PREFEITO_JOAO_BENEDITO_BARBOSA78__PARQUE_SAO_JORGE_18409-250", "LMAPS": "https://www.google.com/maps?q=&layer=c&cbll=-48.8846768,-23.9795495", "O_QUE_FAZER": "CARTEIRA", "ER_REGIAO_CIDADE_min": "Itapeva_Itapeva_Sudoeste Paulista" }, "geometry": { "type": "Point", "coordinates": [ -48.8846768, -23.9795495 ] } },
{ "type": "Feature", "properties": { "fid": 196914, "CNPJ": "49570839000154", "IDCIDADE": "ITAPEVA", "NOMEFANTASIA": "CLINICA_VETERINARIA_FALCAM", "RAZAOSOCIAL": "CLINICA_VETERINARIA_FALCAM_LTDA", "ENDEE": "RUA_SINHO_DE_CAMARGO345__CENTRO_18400-550", "LMAPS": "https://www.google.com/maps?q=&layer=c&cbll=-48.8773711,-23.9795818", "O_QUE_FAZER": "CARTEIRA", "ER_REGIAO_CIDADE_min": "Itapeva_Itapeva_Sudoeste Paulista" }, "geometry": { "type": "Point", "coordinates": [ -48.8773711, -23.9795818 ] } },
{ "type": "Feature", "properties": { "fid": 196918, "CNPJ": "03489392000192", "IDCIDADE": "ITAPEVA", "NOMEFANTASIA": "CFC_SUL_PAULISTA", "RAZAOSOCIAL": "CENTRO_DE_FORMACAO_DE_CONDUTORES_SUL_PAULISTA_DE_ITAPEVA_LTDA", "ENDEE": "RUA_ARIOVALDO_DE_QUEIROZ_MARQUES84__CENTRO_18400-560", "LMAPS": "https://www.google.com/maps?q=&layer=c&cbll=-48.8769639,-23.9796463", "O_QUE_FAZER": "CARTEIRA", "ER_REGIAO_CIDADE_min": "Itapeva_Itapeva_Sudoeste Paulista" }, "geometry": { "type": "Point", "coordinates": [ -48.8769639, -23.9796463 ] } },
{ "type": "Feature", "properties": { "fid": 196921, "CNPJ": "30436159000114", "IDCIDADE": "ITAPEVA", "NOMEFANTASIA": "RM_AUTO_CENTER", "RAZAOSOCIAL": "R._F._DE_JESUS_ELETRICA", "ENDEE": "RUA_SINHO_DE_CAMARGO425__CENTRO_18400-550", "LMAPS": "https://www.google.com/maps?q=&layer=c&cbll=-48.8779515,-23.9796848", "O_QUE_FAZER": "CARTEIRA", "ER_REGIAO_CIDADE_min": "Itapeva_Itapeva_Sudoeste Paulista" }, "geometry": { "type": "Point", "coordinates": [ -48.8779515, -23.9796848 ] } },
{ "type": "Feature", "properties": { "fid": 196925, "CNPJ": "01626759000147", "IDCIDADE": "ITAPEVA", "NOMEFANTASIA": "HOTEL_ELITHI", "RAZAOSOCIAL": "HOTEL_ELIGI_LTDA", "ENDEE": "AVENIDA_BRASIL164__VILA_NOVA_18410-010", "LMAPS": "https://www.google.com/maps?q=&layer=c&cbll=-48.8795549,-23.9797148", "O_QUE_FAZER": "CARTEIRA", "ER_REGIAO_CIDADE_min": "Itapeva_Itapeva_Sudoeste Paulista" }, "geometry": { "type": "Point", "coordinates": [ -48.8795549, -23.9797148 ] } },
{ "type": "Feature", "properties": { "fid": 196929, "CNPJ": "03737302000135", "IDCIDADE": "ITAPEVA", "NOMEFANTASIA": "FARMABELLE", "RAZAOSOCIAL": "CLERIA_CRISTINA_SASSAKI-DROGARIA", "ENDEE": "RUA_PREFEITO_JOAO_BENEDITO_BARBOSA44__VILA_NOVA_18409-250", "LMAPS": "https://www.google.com/maps?q=&layer=c&cbll=-48.8850807,-23.979769", "O_QUE_FAZER": "CARTEIRA", "ER_REGIAO_CIDADE_min": "Itapeva_Itapeva_Sudoeste Paulista" }, "geometry": { "type": "Point", "coordinates": [ -48.8850807, -23.979769 ] } },
{ "type": "Feature", "properties": { "fid": 196930, "CNPJ": "55504724000164", "IDCIDADE": "ITAPEVA", "NOMEFANTASIA": "RESTAURANTE_3_IRMAS", "RAZAOSOCIAL": "NELSON_BICUDO_DE_BARROS", "ENDEE": "AVENIDA_BRASIL144__VILA_NOVA_18410-010", "LMAPS": "https://www.google.com/maps?q=&layer=c&cbll=-48.8799085,-23.9798016", "O_QUE_FAZER": "CARTEIRA", "ER_REGIAO_CIDADE_min": "Itapeva_Itapeva_Sudoeste Paulista" }, "geometry": { "type": "Point", "coordinates": [ -48.8799085, -23.9798016 ] } },
{ "type": "Feature", "properties": { "fid": 196933, "CNPJ": "18847493000165", "IDCIDADE": "ITAPEVA", "NOMEFANTASIA": "EMBALATINA", "RAZAOSOCIAL": "THIAGO_FERNANDO_ROLIM_DE_MELLO", "ENDEE": "AVENIDA_BRASIL152__VILA_NOVA_18410-010", "LMAPS": "https://www.google.com/maps?q=&layer=c&cbll=-48.8798779,-23.9798176", "O_QUE_FAZER": "CARTEIRA", "ER_REGIAO_CIDADE_min": "Itapeva_Itapeva_Sudoeste Paulista" }, "geometry": { "type": "Point", "coordinates": [ -48.8798779, -23.9798176 ] } },
{ "type": "Feature", "properties": { "fid": 196934, "CNPJ": "07744146000190", "IDCIDADE": "ITAPEVA", "NOMEFANTASIA": "SUPERMERCADO_MIMOS", "RAZAOSOCIAL": "MINO_S_SUPERMERCADOS_LTDA", "ENDEE": "RUA_SAO_PAULO141__VILA_NOVA_18410-070", "LMAPS": "https://www.google.com/maps?q=&layer=c&cbll=-48.8794506,-23.9798512", "O_QUE_FAZER": "CARTEIRA", "ER_REGIAO_CIDADE_min": "Itapeva_Itapeva_Sudoeste Paulista" }, "geometry": { "type": "Point", "coordinates": [ -48.8794506, -23.9798512 ] } },
{ "type": "Feature", "properties": { "fid": 196935, "CNPJ": "23120064000121", "IDCIDADE": "ITAPEVA", "NOMEFANTASIA": "TOP_COLOR", "RAZAOSOCIAL": "WILIAN_STINGELIN_RIBEIRO", "ENDEE": "AVENIDA_BRASIL140__VILA_NOVA_18410-010", "LMAPS": "https://www.google.com/maps?q=&layer=c&cbll=-48.879891,-23.9798639", "O_QUE_FAZER": "CARTEIRA", "ER_REGIAO_CIDADE_min": "Itapeva_Itapeva_Sudoeste Paulista" }, "geometry": { "type": "Point", "coordinates": [ -48.879891, -23.9798639 ] } },
{ "type": "Feature", "properties": { "fid": 196941, "CNPJ": "07853491000162", "IDCIDADE": "ITAPEVA", "NOMEFANTASIA": "CFC_IDEAL", "RAZAOSOCIAL": "CENTRO_DE_FORMACAO_DE_CONDUTORES_IDEAL_DE_ITAPEVA_LTDA", "ENDEE": "RUA_ARIOVALDO_DE_QUEIROZ_MARQUES54__CENTRO_18400-560", "LMAPS": "https://www.google.com/maps?q=&layer=c&cbll=-48.8770246,-23.9799357", "O_QUE_FAZER": "CARTEIRA", "ER_REGIAO_CIDADE_min": "Itapeva_Itapeva_Sudoeste Paulista" }, "geometry": { "type": "Point", "coordinates": [ -48.8770246, -23.9799357 ] } },
{ "type": "Feature", "properties": { "fid": 196942, "CNPJ": "43642889000113", "IDCIDADE": "ITAPEVA", "NOMEFANTASIA": "DESPACHANTE_IDEAL", "RAZAOSOCIAL": "DESPACHANTE_IDEAL_ITAPEVA_LTDA", "ENDEE": "RUA_ARIOVALDO_DE_QUEIROZ_MARQUES66__CENTRO_18400-560", "LMAPS": "https://www.google.com/maps?q=&layer=c&cbll=-48.8770064,-23.9799463", "O_QUE_FAZER": "CARTEIRA", "ER_REGIAO_CIDADE_min": "Itapeva_Itapeva_Sudoeste Paulista" }, "geometry": { "type": "Point", "coordinates": [ -48.8770064, -23.9799463 ] } },
{ "type": "Feature", "properties": { "fid": 196943, "CNPJ": "37321633000101", "IDCIDADE": "ITAPEVA", "NOMEFANTASIA": "RODAF", "RAZAOSOCIAL": "DAIANE_WERNEK_DOS_SANTOS", "ENDEE": "AVENIDA_DOUTOR_JOSE_ERMIRIO_DE_MORAES2273__CENTRO_18400-510", "LMAPS": "https://www.google.com/maps?q=&layer=c&cbll=-48.8786355,-23.9799549", "O_QUE_FAZER": "CARTEIRA", "ER_REGIAO_CIDADE_min": "Itapeva_Itapeva_Sudoeste Paulista" }, "geometry": { "type": "Point", "coordinates": [ -48.8786355, -23.9799549 ] } },
{ "type": "Feature", "properties": { "fid": 196946, "CNPJ": "09688605000191", "IDCIDADE": "ITAPEVA", "NOMEFANTASIA": "AGRONUTRI", "RAZAOSOCIAL": "EDIVALDO_FERREIRA_OLIVEIRA", "ENDEE": "RUA_JOAO_AUGUSTO_LICO60__CENTRO_18400-570", "LMAPS": "https://www.google.com/maps?q=&layer=c&cbll=-48.8776302,-23.9799868", "O_QUE_FAZER": "CARTEIRA", "ER_REGIAO_CIDADE_min": "Itapeva_Itapeva_Sudoeste Paulista" }, "geometry": { "type": "Point", "coordinates": [ -48.8776302, -23.9799868 ] } },
{ "type": "Feature", "properties": { "fid": 196948, "CNPJ": "42799721000153", "IDCIDADE": "ITAPEVA", "NOMEFANTASIA": "MS_RURAL", "RAZAOSOCIAL": "MS_RURAL_AGROPECUARIA_LTDA", "ENDEE": "RUA_CORONEL_QUEIROZ63__CENTRO_18400-465", "LMAPS": "https://www.google.com/maps?q=&layer=c&cbll=-48.8728054,-23.9799968", "O_QUE_FAZER": "CARTEIRA", "ER_REGIAO_CIDADE_min": "Itapeva_Itapeva_Sudoeste Paulista" }, "geometry": { "type": "Point", "coordinates": [ -48.8728054, -23.9799968 ] } },
{ "type": "Feature", "properties": { "fid": 196950, "CNPJ": "37819375000198", "IDCIDADE": "ITAPEVA", "NOMEFANTASIA": "O_CANTO_DO_TRIGO", "RAZAOSOCIAL": "O_CANTO_DO_TRIGO_LTDA", "ENDEE": "RUA_CORONEL_QUEIROZ248__CENTRO_18400-465", "LMAPS": "https://www.google.com/maps?q=&layer=c&cbll=-48.8746122,-23.9800291", "O_QUE_FAZER": "CARTEIRA", "ER_REGIAO_CIDADE_min": "Itapeva_Itapeva_Sudoeste Paulista" }, "geometry": { "type": "Point", "coordinates": [ -48.8746122, -23.9800291 ] } },
{ "type": "Feature", "properties": { "fid": 196951, "CNPJ": "36232071000167", "IDCIDADE": "ITAPEVA", "NOMEFANTASIA": "CASA_LIBANES", "RAZAOSOCIAL": "NOUR_AHMAD_NABOULSI", "ENDEE": "RUA_CORONEL_QUEIROZ254__CENTRO_18400-465", "LMAPS": "https://www.google.com/maps?q=&layer=c&cbll=-48.8746463,-23.9800349", "O_QUE_FAZER": "CARTEIRA", "ER_REGIAO_CIDADE_min": "Itapeva_Itapeva_Sudoeste Paulista" }, "geometry": { "type": "Point", "coordinates": [ -48.8746463, -23.9800349 ] } },
{ "type": "Feature", "properties": { "fid": 196952, "CNPJ": "21213222000162", "IDCIDADE": "ITAPEVA", "NOMEFANTASIA": "CONSULTORIO_MEDICO/ODONTOLOGICO", "RAZAOSOCIAL": "ANA_CHRISTINA_HERRERA_-_PEDIATRIA_LTDA", "ENDEE": "RUA_CORONEL_QUEIROZ262__CENTRO_18400-465", "LMAPS": "https://www.google.com/maps?q=&layer=c&cbll=-48.8747952,-23.9800407", "O_QUE_FAZER": "CARTEIRA", "ER_REGIAO_CIDADE_min": "Itapeva_Itapeva_Sudoeste Paulista" }, "geometry": { "type": "Point", "coordinates": [ -48.8747952, -23.9800407 ] } },
{ "type": "Feature", "properties": { "fid": 196953, "CNPJ": "07162163000110", "IDCIDADE": "ITAPEVA", "NOMEFANTASIA": "PADARIA_MODELO", "RAZAOSOCIAL": "PADARIA_MODELLO_LTDA", "ENDEE": "AVENIDA_DOUTOR_JOSE_ERMIRIO_DE_MORAES2287__CENTRO_18400-510", "LMAPS": "https://www.google.com/maps?q=&layer=c&cbll=-48.8786187,-23.9800464", "O_QUE_FAZER": "CARTEIRA", "ER_REGIAO_CIDADE_min": "Itapeva_Itapeva_Sudoeste Paulista" }, "geometry": { "type": "Point", "coordinates": [ -48.8786187, -23.9800464 ] } },
{ "type": "Feature", "properties": { "fid": 196954, "CNPJ": "44566978000190", "IDCIDADE": "ITAPEVA", "NOMEFANTASIA": "MERCADO_FREITAS_LOJA_2", "RAZAOSOCIAL": "FREITAS_II_L2_LTDA", "ENDEE": "PRACA_CARLOS_FLAVIO_VASCONCELOS506__PARQUE_SAO_JORGE_18409-270", "LMAPS": "https://www.google.com/maps?q=&layer=c&cbll=-48.8867413,-23.9800534", "O_QUE_FAZER": "CARTEIRA", "ER_REGIAO_CIDADE_min": "Itapeva_Itapeva_Sudoeste Paulista" }, "geometry": { "type": "Point", "coordinates": [ -48.8867413, -23.9800534 ] } },
{ "type": "Feature", "properties": { "fid": 196956, "CNPJ": "10561214000190", "IDCIDADE": "ITAPEVA", "NOMEFANTASIA": "BILL_MINEIRO", "RAZAOSOCIAL": "FABIO_RODRIGUES_PINTO_ITAPEVA", "ENDEE": "RUA_ARIOVALDO_DE_QUEIROZ_MARQUES55__CENTRO_18400-560", "LMAPS": "https://www.google.com/maps?q=&layer=c&cbll=-48.8771408,-23.9800619", "O_QUE_FAZER": "CARTEIRA", "ER_REGIAO_CIDADE_min": "Itapeva_Itapeva_Sudoeste Paulista" }, "geometry": { "type": "Point", "coordinates": [ -48.8771408, -23.9800619 ] } },
{ "type": "Feature", "properties": { "fid": 196958, "CNPJ": "46988423000162", "IDCIDADE": "ITAPEVA", "NOMEFANTASIA": "MULTICRED", "RAZAOSOCIAL": "MULTICRED_ITAPEVA_INTERMEDICACAO_DE_NEGOCIOS_LTDA", "ENDEE": "RUA_ARIOVALDO_DE_QUEIROZ_MARQUES50__CENTRO_18400-560", "LMAPS": "https://www.google.com/maps?q=&layer=c&cbll=-48.8769465,-23.9800745", "O_QUE_FAZER": "CARTEIRA", "ER_REGIAO_CIDADE_min": "Itapeva_Itapeva_Sudoeste Paulista" }, "geometry": { "type": "Point", "coordinates": [ -48.8769465, -23.9800745 ] } },
{ "type": "Feature", "properties": { "fid": 196959, "CNPJ": "36655197000144", "IDCIDADE": "ITAPEVA", "NOMEFANTASIA": "BR_ATACADAO_DA_RACAO", "RAZAOSOCIAL": "BR_ATACADAO_E_DISTRIBUIDORA_LTDA", "ENDEE": "RUA_JOAO_AUGUSTO_LICO61__CENTRO_18400-570", "LMAPS": "https://www.google.com/maps?q=&layer=c&cbll=-48.8777639,-23.9800761", "O_QUE_FAZER": "CARTEIRA", "ER_REGIAO_CIDADE_min": "Itapeva_Itapeva_Sudoeste Paulista" }, "geometry": { "type": "Point", "coordinates": [ -48.8777639, -23.9800761 ] } },
{ "type": "Feature", "properties": { "fid": 196962, "CNPJ": "53193637000108", "IDCIDADE": "ITAPEVA", "NOMEFANTASIA": "BAIA_MOTOS", "RAZAOSOCIAL": "BAIA_MOTO_PECAS_LTDA", "ENDEE": "RUA_JOAO_AUGUSTO_LICO52__CENTRO_18400-570", "LMAPS": "https://www.google.com/maps?q=&layer=c&cbll=-48.8776933,-23.980088", "O_QUE_FAZER": "CARTEIRA", "ER_REGIAO_CIDADE_min": "Itapeva_Itapeva_Sudoeste Paulista" }, "geometry": { "type": "Point", "coordinates": [ -48.8776933, -23.980088 ] } },
{ "type": "Feature", "properties": { "fid": 196964, "CNPJ": "53056294000130", "IDCIDADE": "ITAPEVA", "NOMEFANTASIA": "SUELI_LINGERIES", "RAZAOSOCIAL": "SUELI_LINGERIES_LTDA", "ENDEE": "RUA_CORONEL_QUEIROZ358__CENTRO_18400-465", "LMAPS": "https://www.google.com/maps?q=&layer=c&cbll=-48.875696,-23.9801294", "O_QUE_FAZER": "CARTEIRA", "ER_REGIAO_CIDADE_min": "Itapeva_Itapeva_Sudoeste Paulista" }, "geometry": { "type": "Point", "coordinates": [ -48.875696, -23.9801294 ] } },
{ "type": "Feature", "properties": { "fid": 196967, "CNPJ": "09664505000206", "IDCIDADE": "ITAPEVA", "NOMEFANTASIA": "AGRO_RURAL", "RAZAOSOCIAL": "FAZENDAO_-_COMERCIO_E_DISTRIBUICAO_DE_PRODUTOS_AGROPECUARIOS_-_LTDA", "ENDEE": "RUA_JOAO_AUGUSTO_LICO34__CENTRO_18400-570", "LMAPS": "https://www.google.com/maps?q=&layer=c&cbll=-48.8776853,-23.9801589", "O_QUE_FAZER": "CARTEIRA", "ER_REGIAO_CIDADE_min": "Itapeva_Itapeva_Sudoeste Paulista" }, "geometry": { "type": "Point", "coordinates": [ -48.8776853, -23.9801589 ] } },
{ "type": "Feature", "properties": { "fid": 196968, "CNPJ": "26690694000120", "IDCIDADE": "ITAPEVA", "NOMEFANTASIA": "BFM_SEGURANCA_E_MEDICINA_DO_TRABALHO", "RAZAOSOCIAL": "BRUNO_FELIPE_MARCONDES", "ENDEE": "RUA_CORONEL_QUEIROZ368__CENTRO_18400-465", "LMAPS": "https://www.google.com/maps?q=&layer=c&cbll=-48.8758346,-23.9801696", "O_QUE_FAZER": "CARTEIRA", "ER_REGIAO_CIDADE_min": "Itapeva_Itapeva_Sudoeste Paulista" }, "geometry": { "type": "Point", "coordinates": [ -48.8758346, -23.9801696 ] } },
{ "type": "Feature", "properties": { "fid": 196972, "CNPJ": "01479482000177", "IDCIDADE": "ITAPEVA", "NOMEFANTASIA": "PADARIA_TOMAZ", "RAZAOSOCIAL": "PANIFICADORA_E_CONFEITARIA_TOMAZ_LTDA", "ENDEE": "PRACA_CARLOS_FLAVIO_VASCONCELOS200__PARQUE_SAO_JORGE_18409-270", "LMAPS": "https://www.google.com/maps?q=&layer=c&cbll=-48.888585,-23.9802315", "O_QUE_FAZER": "CARTEIRA", "ER_REGIAO_CIDADE_min": "Itapeva_Itapeva_Sudoeste Paulista" }, "geometry": { "type": "Point", "coordinates": [ -48.888585, -23.9802315 ] } },
{ "type": "Feature", "properties": { "fid": 196973, "CNPJ": "17141390000112", "IDCIDADE": "ITAPEVA", "NOMEFANTASIA": "MASTER_DESPACHANTE", "RAZAOSOCIAL": "MASTER_SERVICOS_AUXILIARES_PARA_ESCRITORIO_LTDA", "ENDEE": "RUA_CORONEL_QUEIROZ376__CENTRO_18400-465", "LMAPS": "https://www.google.com/maps?q=&layer=c&cbll=-48.8758632,-23.9802334", "O_QUE_FAZER": "CARTEIRA", "ER_REGIAO_CIDADE_min": "Itapeva_Itapeva_Sudoeste Paulista" }, "geometry": { "type": "Point", "coordinates": [ -48.8758632, -23.9802334 ] } },
{ "type": "Feature", "properties": { "fid": 196976, "CNPJ": "55155139000104", "IDCIDADE": "ITAPEVA", "NOMEFANTASIA": "CRISTAL_PARABRISAS", "RAZAOSOCIAL": "LUIS_ROBERTO_DIAS", "ENDEE": "RUA_CORONEL_QUEIROZ438__CENTRO_18400-465", "LMAPS": "https://www.google.com/maps?q=&layer=c&cbll=-48.8765309,-23.980253", "O_QUE_FAZER": "CARTEIRA", "ER_REGIAO_CIDADE_min": "Itapeva_Itapeva_Sudoeste Paulista" }, "geometry": { "type": "Point", "coordinates": [ -48.8765309, -23.980253 ] } },
{ "type": "Feature", "properties": { "fid": 196977, "CNPJ": "56305784000110", "IDCIDADE": "ITAPEVA", "NOMEFANTASIA": "MAGAZINE_DO_BRAZ", "RAZAOSOCIAL": "MAGAZINE_DO_BRAS_ITAPEVA_LTDA", "ENDEE": "RUA_CORONEL_QUEIROZ414__CENTRO_18400-465", "LMAPS": "https://www.google.com/maps?q=&layer=c&cbll=-48.8763214,-23.9802538", "O_QUE_FAZER": "CARTEIRA", "ER_REGIAO_CIDADE_min": "Itapeva_Itapeva_Sudoeste Paulista" }, "geometry": { "type": "Point", "coordinates": [ -48.8763214, -23.9802538 ] } },
{ "type": "Feature", "properties": { "fid": 196978, "CNPJ": "36648536000165", "IDCIDADE": "ITAPEVA", "NOMEFANTASIA": "VCOM_INFORMATICA", "RAZAOSOCIAL": "VCOM_INFORMATICA_SISTEMAS_E_PAPELARIA_LTDA", "ENDEE": "RUA_CORONEL_QUEIROZ426__CENTRO_18400-465", "LMAPS": "https://www.google.com/maps?q=&layer=c&cbll=-48.8764326,-23.980257", "O_QUE_FAZER": "CARTEIRA", "ER_REGIAO_CIDADE_min": "Itapeva_Itapeva_Sudoeste Paulista" }, "geometry": { "type": "Point", "coordinates": [ -48.8764326, -23.980257 ] } },
{ "type": "Feature", "properties": { "fid": 196980, "CNPJ": "24922802000540", "IDCIDADE": "ITAPEVA", "NOMEFANTASIA": "ML_DECORACOES", "RAZAOSOCIAL": "M._C._STORE_LTDA", "ENDEE": "RUA_CORONEL_QUEIROZ414__CENTRO_18400-465", "LMAPS": "https://www.google.com/maps?q=&layer=c&cbll=-48.8762099,-23.9802652", "O_QUE_FAZER": "CARTEIRA", "ER_REGIAO_CIDADE_min": "Itapeva_Itapeva_Sudoeste Paulista" }, "geometry": { "type": "Point", "coordinates": [ -48.8762099, -23.9802652 ] } },
{ "type": "Feature", "properties": { "fid": 196981, "CNPJ": "50467409000190", "IDCIDADE": "ITAPEVA", "NOMEFANTASIA": "VIA_LOCADORA_DE_VEICULOS", "RAZAOSOCIAL": "VIA_LOCADORA_DE_VEICULOS_LTDA", "ENDEE": "RUA_JOAO_AUGUSTO_LICO20__CENTRO_18400-570", "LMAPS": "https://www.google.com/maps?q=&layer=c&cbll=-48.8776349,-23.9802784", "O_QUE_FAZER": "CARTEIRA", "ER_REGIAO_CIDADE_min": "Itapeva_Itapeva_Sudoeste Paulista" }, "geometry": { "type": "Point", "coordinates": [ -48.8776349, -23.9802784 ] } },
{ "type": "Feature", "properties": { "fid": 196982, "CNPJ": "14429020000197", "IDCIDADE": "ITAPEVA", "NOMEFANTASIA": "AGROPECUARIA_PILOTO", "RAZAOSOCIAL": "PRISCILLA_DI_CASSIA_VIEIRA_SANTOS_AGROPECUARIA_ITAPEVA", "ENDEE": "RUA_CORONEL_QUEIROZ373__CENTRO_18400-465", "LMAPS": "https://www.google.com/maps?q=&layer=c&cbll=-48.8757044,-23.9803045", "O_QUE_FAZER": "CARTEIRA", "ER_REGIAO_CIDADE_min": "Itapeva_Itapeva_Sudoeste Paulista" }, "geometry": { "type": "Point", "coordinates": [ -48.8757044, -23.9803045 ] } },
{ "type": "Feature", "properties": { "fid": 196984, "CNPJ": "20307366000115", "IDCIDADE": "ITAPEVA", "NOMEFANTASIA": "SAIOLE", "RAZAOSOCIAL": "SAIOLI_-_LAR_&_CONSTRUCAO_LTDA", "ENDEE": "RUA_CORONEL_QUEIROZ472__CENTRO_18400-465", "LMAPS": "https://www.google.com/maps?q=&layer=c&cbll=-48.8769422,-23.9803096", "O_QUE_FAZER": "CARTEIRA", "ER_REGIAO_CIDADE_min": "Itapeva_Itapeva_Sudoeste Paulista" }, "geometry": { "type": "Point", "coordinates": [ -48.8769422, -23.9803096 ] } },
{ "type": "Feature", "properties": { "fid": 196985, "CNPJ": "00981416000138", "IDCIDADE": "ITAPEVA", "NOMEFANTASIA": "VIDROLANDIA", "RAZAOSOCIAL": "VIDROLANDIA_ITAPEVA_LTDA", "ENDEE": "RUA_CORONEL_QUEIROZ331__CENTRO_18400-465", "LMAPS": "https://www.google.com/maps?q=&layer=c&cbll=-48.8753761,-23.9803151", "O_QUE_FAZER": "CARTEIRA", "ER_REGIAO_CIDADE_min": "Itapeva_Itapeva_Sudoeste Paulista" }, "geometry": { "type": "Point", "coordinates": [ -48.8753761, -23.9803151 ] } },
{ "type": "Feature", "properties": { "fid": 196986, "CNPJ": "28506837000126", "IDCIDADE": "ITAPEVA", "NOMEFANTASIA": "CENTRO_CAR_VEICULOS", "RAZAOSOCIAL": "T._C._TAKABAIACHI", "ENDEE": "RUA_CORONEL_QUEIROZ393__CENTRO_18400-465", "LMAPS": "https://www.google.com/maps?q=&layer=c&cbll=-48.876191,-23.98032", "O_QUE_FAZER": "CARTEIRA", "ER_REGIAO_CIDADE_min": "Itapeva_Itapeva_Sudoeste Paulista" }, "geometry": { "type": "Point", "coordinates": [ -48.876191, -23.98032 ] } },
{ "type": "Feature", "properties": { "fid": 196987, "CNPJ": "12020448000156", "IDCIDADE": "ITAPEVA", "NOMEFANTASIA": "KLCCO_FECCOES", "RAZAOSOCIAL": "K._L._C._-_CONFECCOES_ITAPEVA_LTDA", "ENDEE": "RUA_CORONEL_QUEIROZ365__CENTRO_18400-465", "LMAPS": "https://www.google.com/maps?q=&layer=c&cbll=-48.8756724,-23.9803256", "O_QUE_FAZER": "CARTEIRA", "ER_REGIAO_CIDADE_min": "Itapeva_Itapeva_Sudoeste Paulista" }, "geometry": { "type": "Point", "coordinates": [ -48.8756724, -23.9803256 ] } },
{ "type": "Feature", "properties": { "fid": 196988, "CNPJ": "09225963000168", "IDCIDADE": "ITAPEVA", "NOMEFANTASIA": "AGROPILOTO", "RAZAOSOCIAL": "L.C._PILOTO_AGROPECUARIA", "ENDEE": "RUA_CORONEL_QUEIROZ365__CENTRO_18400-465", "LMAPS": "https://www.google.com/maps?q=&layer=c&cbll=-48.8757619,-23.980326", "O_QUE_FAZER": "CARTEIRA", "ER_REGIAO_CIDADE_min": "Itapeva_Itapeva_Sudoeste Paulista" }, "geometry": { "type": "Point", "coordinates": [ -48.8757619, -23.980326 ] } },
{ "type": "Feature", "properties": { "fid": 196989, "CNPJ": "26544997000134", "IDCIDADE": "ITAPEVA", "NOMEFANTASIA": "IMPERIO_IMOVEIS", "RAZAOSOCIAL": "IMPERIO_IMOVEIS_ITAPEVA_LTDA", "ENDEE": "RUA_CORONEL_QUEIROZ542__CENTRO_18400-465", "LMAPS": "https://www.google.com/maps?q=&layer=c&cbll=-48.8775669,-23.9803325", "O_QUE_FAZER": "CARTEIRA", "ER_REGIAO_CIDADE_min": "Itapeva_Itapeva_Sudoeste Paulista" }, "geometry": { "type": "Point", "coordinates": [ -48.8775669, -23.9803325 ] } },
{ "type": "Feature", "properties": { "fid": 196990, "CNPJ": "50485592000157", "IDCIDADE": "ITAPEVA", "NOMEFANTASIA": "CASA_DE_FESTAS_SONHO_MEU", "RAZAOSOCIAL": "SONHO_MEU_CASA_DE_FESTAS_E_DECORACOES_LTDA", "ENDEE": "RUA_CORONEL_QUEIROZ305__CENTRO_18400-465", "LMAPS": "https://www.google.com/maps?q=&layer=c&cbll=-48.8751925,-23.9803498", "O_QUE_FAZER": "CARTEIRA", "ER_REGIAO_CIDADE_min": "Itapeva_Itapeva_Sudoeste Paulista" }, "geometry": { "type": "Point", "coordinates": [ -48.8751925, -23.9803498 ] } },
{ "type": "Feature", "properties": { "fid": 196994, "CNPJ": "14089926000290", "IDCIDADE": "ITAPEVA", "NOMEFANTASIA": "MAX_MOTOSHOP_EXPRESS", "RAZAOSOCIAL": "MAX_MOTOSHOP_LTDA", "ENDEE": "AVENIDA_DOUTOR_JOSE_ERMIRIO_DE_MORAES2321__CENTRO_18400-510", "LMAPS": "https://www.google.com/maps?q=&layer=c&cbll=-48.8786524,-23.9803972", "O_QUE_FAZER": "CARTEIRA", "ER_REGIAO_CIDADE_min": "Itapeva_Itapeva_Sudoeste Paulista" }, "geometry": { "type": "Point", "coordinates": [ -48.8786524, -23.9803972 ] } },
{ "type": "Feature", "properties": { "fid": 196995, "CNPJ": "35661175000124", "IDCIDADE": "ITAPEVA", "NOMEFANTASIA": "WAGUINHO_AUTOPECAS", "RAZAOSOCIAL": "WAGNER_MOREIRA_DE_ARAUJO", "ENDEE": "RUA_PROFESSOR_HUMBERTO_FASCETTI23__PARQUE_CIMENTOLANDIA_18409-620", "LMAPS": "https://www.google.com/maps?q=&layer=c&cbll=-48.8932918,-23.9804043", "O_QUE_FAZER": "CARTEIRA", "ER_REGIAO_CIDADE_min": "Itapeva_Itapeva_Sudoeste Paulista" }, "geometry": { "type": "Point", "coordinates": [ -48.8932918, -23.9804043 ] } },
{ "type": "Feature", "properties": { "fid": 196996, "CNPJ": "01018711000156", "IDCIDADE": "ITAPEVA", "NOMEFANTASIA": "SUPER_LIMPUS", "RAZAOSOCIAL": "JAKEFRAYHEDYS_COMERCIO_DE_PRODUTOS_DE_LIMPEZA_E_DESCARTAVEIS_LTDA", "ENDEE": "PRACA_CARLOS_FLAVIO_VASCONCELOS226__PARQUE_SAO_JORGE_18409-270", "LMAPS": "https://www.google.com/maps?q=&layer=c&cbll=-48.8885221,-23.9804158", "O_QUE_FAZER": "CARTEIRA", "ER_REGIAO_CIDADE_min": "Itapeva_Itapeva_Sudoeste Paulista" }, "geometry": { "type": "Point", "coordinates": [ -48.8885221, -23.9804158 ] } },
{ "type": "Feature", "properties": { "fid": 196998, "CNPJ": "30781406000381", "IDCIDADE": "ITAPEVA", "NOMEFANTASIA": "TABACARIA_ZE_DO_FUMO", "RAZAOSOCIAL": "VINICIUS_DE_CASTRO_FERNANDES", "ENDEE": "PRACA_CARLOS_FLAVIO_VASCONCELOS220__PARQUE_SAO_JORGE_18409-270", "LMAPS": "https://www.google.com/maps?q=&layer=c&cbll=-48.8885698,-23.9804212", "O_QUE_FAZER": "CARTEIRA", "ER_REGIAO_CIDADE_min": "Itapeva_Itapeva_Sudoeste Paulista" }, "geometry": { "type": "Point", "coordinates": [ -48.8885698, -23.9804212 ] } },
{ "type": "Feature", "properties": { "fid": 196999, "CNPJ": "11480557000193", "IDCIDADE": "ITAPEVA", "NOMEFANTASIA": "MERCADO_FRANCINI", "RAZAOSOCIAL": "DOUGLAS_ROBERTO_SIQUEIRA", "ENDEE": "RUA_BARAO_DO_RIO_BRANCO339__VILA_NOVA_18410-060", "LMAPS": "https://www.google.com/maps?q=&layer=c&cbll=-48.8821336,-23.9804298", "O_QUE_FAZER": "CARTEIRA", "ER_REGIAO_CIDADE_min": "Itapeva_Itapeva_Sudoeste Paulista" }, "geometry": { "type": "Point", "coordinates": [ -48.8821336, -23.9804298 ] } },
{ "type": "Feature", "properties": { "fid": 197001, "CNPJ": "55910202000162", "IDCIDADE": "ITAPEVA", "NOMEFANTASIA": "ELETRONICA_DO_PEDRINHO", "RAZAOSOCIAL": "PEDRO_VIEIRA_DE_ALMEIDA", "ENDEE": "RUA_CORONEL_QUEIROZ541__CENTRO_18400-465", "LMAPS": "https://www.google.com/maps?q=&layer=c&cbll=-48.8775326,-23.9804365", "O_QUE_FAZER": "CARTEIRA", "ER_REGIAO_CIDADE_min": "Itapeva_Itapeva_Sudoeste Paulista" }, "geometry": { "type": "Point", "coordinates": [ -48.8775326, -23.9804365 ] } },
{ "type": "Feature", "properties": { "fid": 197003, "CNPJ": "16455527000221", "IDCIDADE": "ITAPEVA", "NOMEFANTASIA": "CASA_DOS_PARAFUSOS", "RAZAOSOCIAL": "F._J._BATISTA_DA_SILVA", "ENDEE": "RUA_JOAQUIM_MARQUES_DA_SILVA30__CENTRO_18400-540", "LMAPS": "https://www.google.com/maps?q=&layer=c&cbll=-48.8779588,-23.9804567", "O_QUE_FAZER": "CARTEIRA", "ER_REGIAO_CIDADE_min": "Itapeva_Itapeva_Sudoeste Paulista" }, "geometry": { "type": "Point", "coordinates": [ -48.8779588, -23.9804567 ] } },
{ "type": "Feature", "properties": { "fid": 197004, "CNPJ": "36329856000152", "IDCIDADE": "ITAPEVA", "NOMEFANTASIA": "MERCADO_CARVALHO", "RAZAOSOCIAL": "MERCADO_CARVALHO_LTDA", "ENDEE": "RUA_DOUTOR_RICARDO_WATHERLI61__CENTRO_18400-390", "LMAPS": "https://www.google.com/maps?q=&layer=c&cbll=-48.8723617,-23.9804576", "O_QUE_FAZER": "CARTEIRA", "ER_REGIAO_CIDADE_min": "Itapeva_Itapeva_Sudoeste Paulista" }, "geometry": { "type": "Point", "coordinates": [ -48.8723617, -23.9804576 ] } },
{ "type": "Feature", "properties": { "fid": 197005, "CNPJ": "50980010000109", "IDCIDADE": "ITAPEVA", "NOMEFANTASIA": "SACARIA_SAO_MARCOS", "RAZAOSOCIAL": "COSME_ASSIS_FABRI", "ENDEE": "RUA_CORONEL_QUEIROZ529__CENTRO_18400-465", "LMAPS": "https://www.google.com/maps?q=&layer=c&cbll=-48.877392,-23.9804757", "O_QUE_FAZER": "CARTEIRA", "ER_REGIAO_CIDADE_min": "Itapeva_Itapeva_Sudoeste Paulista" }, "geometry": { "type": "Point", "coordinates": [ -48.877392, -23.9804757 ] } },
{ "type": "Feature", "properties": { "fid": 197007, "CNPJ": "22310506000130", "IDCIDADE": "ITAPEVA", "NOMEFANTASIA": "MINI_MONEY", "RAZAOSOCIAL": "ADRIANA_GIOTI_DE_SOUZA", "ENDEE": "RUA_DOUTOR_PINHEIRO37__CENTRO_18400-005", "LMAPS": "https://www.google.com/maps?q=&layer=c&cbll=-48.8760207,-23.9804979", "O_QUE_FAZER": "CARTEIRA", "ER_REGIAO_CIDADE_min": "Itapeva_Itapeva_Sudoeste Paulista" }, "geometry": { "type": "Point", "coordinates": [ -48.8760207, -23.9804979 ] } },
{ "type": "Feature", "properties": { "fid": 197010, "CNPJ": "30747492000144", "IDCIDADE": "ITAPEVA", "NOMEFANTASIA": "MW_CORRETORA_DE_SEGUROS", "RAZAOSOCIAL": "MW_CORRETORA_DE_SEGUROS_ITAPEVA_LTDA", "ENDEE": "RUA_CORONEL_QUEIROZ551__CENTRO_18400-465", "LMAPS": "https://www.google.com/maps?q=&layer=c&cbll=-48.877599,-23.9805024", "O_QUE_FAZER": "CARTEIRA", "ER_REGIAO_CIDADE_min": "Itapeva_Itapeva_Sudoeste Paulista" }, "geometry": { "type": "Point", "coordinates": [ -48.877599, -23.9805024 ] } },
{ "type": "Feature", "properties": { "fid": 197011, "CNPJ": "02642930000174", "IDCIDADE": "ITAPEVA", "NOMEFANTASIA": "DISK_TEM_UNIVERVAL", "RAZAOSOCIAL": "GILSON_DE_O._PEREIRA_-_ITAPEVA", "ENDEE": "RUA_CORONEL_QUEIROZ507__CENTRO_18400-465", "LMAPS": "https://www.google.com/maps?q=&layer=c&cbll=-48.8771425,-23.9805065", "O_QUE_FAZER": "CARTEIRA", "ER_REGIAO_CIDADE_min": "Itapeva_Itapeva_Sudoeste Paulista" }, "geometry": { "type": "Point", "coordinates": [ -48.8771425, -23.9805065 ] } },
{ "type": "Feature", "properties": { "fid": 197014, "CNPJ": "00222019000182", "IDCIDADE": "ITAPEVA", "NOMEFANTASIA": "CACAULANDIA", "RAZAOSOCIAL": "SIMONE_RODRIGUES_GIL_VINIER", "ENDEE": "PRACA_JOAQUIM_MARQUES_DA_SILVA82__CENTRO_18400-540", "LMAPS": "https://www.google.com/maps?q=&layer=c&cbll=-48.8783764,-23.9805592", "O_QUE_FAZER": "CARTEIRA", "ER_REGIAO_CIDADE_min": "Itapeva_Itapeva_Sudoeste Paulista" }, "geometry": { "type": "Point", "coordinates": [ -48.8783764, -23.9805592 ] } },
{ "type": "Feature", "properties": { "fid": 197015, "CNPJ": "48242874000181", "IDCIDADE": "ITAPEVA", "NOMEFANTASIA": "EMPORIO_CENTRAL", "RAZAOSOCIAL": "EMPORIO_CENTRAL_ITAPEVA_LTDA", "ENDEE": "RUA_MARTINHO_CARNEIRO26__CENTRO_18400-460", "LMAPS": "https://www.google.com/maps?q=&layer=c&cbll=-48.8753118,-23.9805596", "O_QUE_FAZER": "CARTEIRA", "ER_REGIAO_CIDADE_min": "Itapeva_Itapeva_Sudoeste Paulista" }, "geometry": { "type": "Point", "coordinates": [ -48.8753118, -23.9805596 ] } },
{ "type": "Feature", "properties": { "fid": 197018, "CNPJ": "23942970000101", "IDCIDADE": "ITAPEVA", "NOMEFANTASIA": "RESIVA_CONTABILIDADE", "RAZAOSOCIAL": "REVISA_CONTABILIDADE_E_ASSESSORIA_LTDA", "ENDEE": "RUA_MARTINHO_CARNEIRO35__CENTRO_18400-460", "LMAPS": "https://www.google.com/maps?q=&layer=c&cbll=-48.8752329,-23.9806077", "O_QUE_FAZER": "CARTEIRA", "ER_REGIAO_CIDADE_min": "Itapeva_Itapeva_Sudoeste Paulista" }, "geometry": { "type": "Point", "coordinates": [ -48.8752329, -23.9806077 ] } },
{ "type": "Feature", "properties": { "fid": 197019, "CNPJ": "11269960000178", "IDCIDADE": "ITAPEVA", "NOMEFANTASIA": "CLINICA_DAS_SOMBRINHAS_E_GUARDA_CHUVA", "RAZAOSOCIAL": "IVETE_TEIXEIRA_DE_OLIVEIRA_CAMARGO_REPARACAO_E_CONSERTO_DE_GUARDA_CHUVAS", "ENDEE": "RUA_PAULO_PETZOLD134__PARQUE_SAO_JORGE_18409-340", "LMAPS": "https://www.google.com/maps?q=&layer=c&cbll=-48.8885308,-23.9806131", "O_QUE_FAZER": "CARTEIRA", "ER_REGIAO_CIDADE_min": "Itapeva_Itapeva_Sudoeste Paulista" }, "geometry": { "type": "Point", "coordinates": [ -48.8885308, -23.9806131 ] } },
{ "type": "Feature", "properties": { "fid": 197021, "CNPJ": "35508573000105", "IDCIDADE": "ITAPEVA", "NOMEFANTASIA": "MOTO_PECAS_LIGUEIRINHO", "RAZAOSOCIAL": "WALISSON_DE_JESUS_FERNANDES_LIMA", "ENDEE": "RUA_JOAQUIM_MARQUES_DA_SILVA92__CENTRO_18400-540", "LMAPS": "https://www.google.com/maps?q=&layer=c&cbll=-48.8782432,-23.9806267", "O_QUE_FAZER": "CARTEIRA", "ER_REGIAO_CIDADE_min": "Itapeva_Itapeva_Sudoeste Paulista" }, "geometry": { "type": "Point", "coordinates": [ -48.8782432, -23.9806267 ] } },
{ "type": "Feature", "properties": { "fid": 197022, "CNPJ": "30963729000124", "IDCIDADE": "ITAPEVA", "NOMEFANTASIA": "GABRIEL_ASSESSORIOS", "RAZAOSOCIAL": "GABRIEL_VALERIO_MACEDO", "ENDEE": "RUA_DOUTOR_PINHEIRO31__CENTRO_18400-005", "LMAPS": "https://www.google.com/maps?q=&layer=c&cbll=-48.8761105,-23.9806318", "O_QUE_FAZER": "CARTEIRA", "ER_REGIAO_CIDADE_min": "Itapeva_Itapeva_Sudoeste Paulista" }, "geometry": { "type": "Point", "coordinates": [ -48.8761105, -23.9806318 ] } },
{ "type": "Feature", "properties": { "fid": 197023, "CNPJ": "14202159000101", "IDCIDADE": "ITAPEVA", "NOMEFANTASIA": "OPCAO_INFORMATICA", "RAZAOSOCIAL": "RM._INFORMATICA_ITAPEVA_LTDA", "ENDEE": "RUA_MARTINHO_CARNEIRO43__CENTRO_18400-460", "LMAPS": "https://www.google.com/maps?q=&layer=c&cbll=-48.8752119,-23.9806344", "O_QUE_FAZER": "CARTEIRA", "ER_REGIAO_CIDADE_min": "Itapeva_Itapeva_Sudoeste Paulista" }, "geometry": { "type": "Point", "coordinates": [ -48.8752119, -23.9806344 ] } },
{ "type": "Feature", "properties": { "fid": 197028, "CNPJ": "47479987000132", "IDCIDADE": "ITAPEVA", "NOMEFANTASIA": "ARAZZO_CALCADOS", "RAZAOSOCIAL": "CENTER_JEANS_ITAPEVA_LTDA", "ENDEE": "RUA_MARIO_PRANDINI26__CENTRO_18400-170", "LMAPS": "https://www.google.com/maps?q=&layer=c&cbll=-48.8771959,-23.9806613", "O_QUE_FAZER": "CARTEIRA", "ER_REGIAO_CIDADE_min": "Itapeva_Itapeva_Sudoeste Paulista" }, "geometry": { "type": "Point", "coordinates": [ -48.8771959, -23.9806613 ] } },
{ "type": "Feature", "properties": { "fid": 197033, "CNPJ": "06372991000110", "IDCIDADE": "ITAPEVA", "NOMEFANTASIA": "POLICLICA", "RAZAOSOCIAL": "POLICLINICA_GERAL_DE_ITAPEVA_LTDA.", "ENDEE": "RUA_MARTINHO_CARNEIRO52__CENTRO_18400-460", "LMAPS": "https://www.google.com/maps?q=&layer=c&cbll=-48.875404,-23.9807105", "O_QUE_FAZER": "CARTEIRA", "ER_REGIAO_CIDADE_min": "Itapeva_Itapeva_Sudoeste Paulista" }, "geometry": { "type": "Point", "coordinates": [ -48.875404, -23.9807105 ] } },
{ "type": "Feature", "properties": { "fid": 197034, "CNPJ": "38442930000178", "IDCIDADE": "ITAPEVA", "NOMEFANTASIA": "DEBORA_SHOES", "RAZAOSOCIAL": "DEBORA_SHOES_LTDA", "ENDEE": "RUA_DOUTOR_PINHEIRO47__CENTRO_18400-005", "LMAPS": "https://www.google.com/maps?q=&layer=c&cbll=-48.8761399,-23.9807149", "O_QUE_FAZER": "CARTEIRA", "ER_REGIAO_CIDADE_min": "Itapeva_Itapeva_Sudoeste Paulista" }, "geometry": { "type": "Point", "coordinates": [ -48.8761399, -23.9807149 ] } },
{ "type": "Feature", "properties": { "fid": 197036, "CNPJ": "18954442000132", "IDCIDADE": "ITAPEVA", "NOMEFANTASIA": "SUELI_LANGERIE", "RAZAOSOCIAL": "ELIANE_APARECIDA_DE_LIMA_KRZYZANOWSKI", "ENDEE": "RUA_MARIO_PRANDINI34__CENTRO_18400-170", "LMAPS": "https://www.google.com/maps?q=&layer=c&cbll=-48.8771021,-23.9807235", "O_QUE_FAZER": "CARTEIRA", "ER_REGIAO_CIDADE_min": "Itapeva_Itapeva_Sudoeste Paulista" }, "geometry": { "type": "Point", "coordinates": [ -48.8771021, -23.9807235 ] } },
{ "type": "Feature", "properties": { "fid": 197038, "CNPJ": "21889363000108", "IDCIDADE": "ITAPEVA", "NOMEFANTASIA": "MARCAO_M&M_VEICULOS", "RAZAOSOCIAL": "M_&_M_VEICULOS_LTDA", "ENDEE": "RUA_RUY_BARBOSA618__CENTRO_18400-385", "LMAPS": "https://www.google.com/maps?q=&layer=c&cbll=-48.8776573,-23.9807471", "O_QUE_FAZER": "CARTEIRA", "ER_REGIAO_CIDADE_min": "Itapeva_Itapeva_Sudoeste Paulista" }, "geometry": { "type": "Point", "coordinates": [ -48.8776573, -23.9807471 ] } },
{ "type": "Feature", "properties": { "fid": 197039, "CNPJ": "07336201000103", "IDCIDADE": "ITAPEVA", "NOMEFANTASIA": "TOP_CHARME", "RAZAOSOCIAL": "MILENE_PIMENTEL_MENDES_SALLES", "ENDEE": "RUA_DOUTOR_PINHEIRO51__CENTRO_18400-005", "LMAPS": "https://www.google.com/maps?q=&layer=c&cbll=-48.876087,-23.9807489", "O_QUE_FAZER": "CARTEIRA", "ER_REGIAO_CIDADE_min": "Itapeva_Itapeva_Sudoeste Paulista" }, "geometry": { "type": "Point", "coordinates": [ -48.876087, -23.9807489 ] } },
{ "type": "Feature", "properties": { "fid": 197041, "CNPJ": "03010674000165", "IDCIDADE": "ITAPEVA", "NOMEFANTASIA": "CODIL_AUTOPECAS", "RAZAOSOCIAL": "COMERCIAL_DIAS_LTDA", "ENDEE": "AVENIDA_EXPEDICIONARIOS_DE_ITAPEVA880__PARQUE_CIMENTOLANDIA_18409-640", "LMAPS": "https://www.google.com/maps?q=&layer=c&cbll=-48.8971244,-23.9807652", "O_QUE_FAZER": "CARTEIRA", "ER_REGIAO_CIDADE_min": "Itapeva_Itapeva_Sudoeste Paulista" }, "geometry": { "type": "Point", "coordinates": [ -48.8971244, -23.9807652 ] } },
{ "type": "Feature", "properties": { "fid": 197050, "CNPJ": "00167311000140", "IDCIDADE": "ITAPEVA", "NOMEFANTASIA": "ALEMAO_MOVEIS", "RAZAOSOCIAL": "R._CEZAR_DE_ALMEIDA_MOVEIS", "ENDEE": "RUA_MARIO_PRANDINI48__CENTRO_18400-170", "LMAPS": "https://www.google.com/maps?q=&layer=c&cbll=-48.8772097,-23.9808743", "O_QUE_FAZER": "CARTEIRA", "ER_REGIAO_CIDADE_min": "Itapeva_Itapeva_Sudoeste Paulista" }, "geometry": { "type": "Point", "coordinates": [ -48.8772097, -23.9808743 ] } },
{ "type": "Feature", "properties": { "fid": 197056, "CNPJ": "12588277000166", "IDCIDADE": "ITAPEVA", "NOMEFANTASIA": "NINKI_CESTAS", "RAZAOSOCIAL": "LUCIANA_LIKA_LOURO_SATO", "ENDEE": "RUA_RUY_BARBOSA604__CENTRO_18400-385", "LMAPS": "https://www.google.com/maps?q=&layer=c&cbll=-48.8775799,-23.9809126", "O_QUE_FAZER": "CARTEIRA", "ER_REGIAO_CIDADE_min": "Itapeva_Itapeva_Sudoeste Paulista" }, "geometry": { "type": "Point", "coordinates": [ -48.8775799, -23.9809126 ] } },
{ "type": "Feature", "properties": { "fid": 197059, "CNPJ": "32933024000190", "IDCIDADE": "ITAPEVA", "NOMEFANTASIA": "RESTAURANTE_III_IRMAOS", "RAZAOSOCIAL": "ELENICE_GOMES_DE_OLIVEIRA_RIBEIRO", "ENDEE": "RUA_RUY_BARBOSA590__CENTRO_18400-385", "LMAPS": "https://www.google.com/maps?q=&layer=c&cbll=-48.87747,-23.98092", "O_QUE_FAZER": "CARTEIRA", "ER_REGIAO_CIDADE_min": "Itapeva_Itapeva_Sudoeste Paulista" }, "geometry": { "type": "Point", "coordinates": [ -48.87747, -23.98092 ] } },
{ "type": "Feature", "properties": { "fid": 197060, "CNPJ": "31374397000105", "IDCIDADE": "ITAPEVA", "NOMEFANTASIA": "ACAI_DA_BARRA", "RAZAOSOCIAL": "GAM_LOURENCO_DAMIAO_LTDA", "ENDEE": "RUA_RUY_BARBOSA450__CENTRO_18400-385", "LMAPS": "https://www.google.com/maps?q=&layer=c&cbll=-48.8759549,-23.9809227", "O_QUE_FAZER": "CARTEIRA", "ER_REGIAO_CIDADE_min": "Itapeva_Itapeva_Sudoeste Paulista" }, "geometry": { "type": "Point", "coordinates": [ -48.8759549, -23.9809227 ] } },
{ "type": "Feature", "properties": { "fid": 197061, "CNPJ": "17608855000100", "IDCIDADE": "ITAPEVA", "NOMEFANTASIA": "DROGAMIL", "RAZAOSOCIAL": "DROGAMIL_MEDICAMENTOS_LTDA", "ENDEE": "AVENIDA_DOUTOR_JOSE_ERMIRIO_DE_MORAES2380__CENTRO_18400-510", "LMAPS": "https://www.google.com/maps?q=&layer=c&cbll=-48.8788315,-23.9809273", "O_QUE_FAZER": "CARTEIRA", "ER_REGIAO_CIDADE_min": "Itapeva_Itapeva_Sudoeste Paulista" }, "geometry": { "type": "Point", "coordinates": [ -48.8788315, -23.9809273 ] } },
{ "type": "Feature", "properties": { "fid": 197062, "CNPJ": "11979061000169", "IDCIDADE": "ITAPEVA", "NOMEFANTASIA": "QUARESMA_LOG_TRANSPORTES_RISSO", "RAZAOSOCIAL": "QUARESMA_LOG_TRANSPORTES_ITAPEVA_LTDA", "ENDEE": "AVENIDA_EXPEDICIONARIOS_DE_ITAPEVA860__PARQUE_CIMENTOLANDIA_18409-640", "LMAPS": "https://www.google.com/maps?q=&layer=c&cbll=-48.8970435,-23.9809274", "O_QUE_FAZER": "CARTEIRA", "ER_REGIAO_CIDADE_min": "Itapeva_Itapeva_Sudoeste Paulista" }, "geometry": { "type": "Point", "coordinates": [ -48.8970435, -23.9809274 ] } },
{ "type": "Feature", "properties": { "fid": 197063, "CNPJ": "10922183000156", "IDCIDADE": "ITAPEVA", "NOMEFANTASIA": "GIL_VEICULOS", "RAZAOSOCIAL": "JUCIMAR_DE_JESUS_MARTINS_BARROS", "ENDEE": "RUA_MARIO_PRANDINI76__CENTRO_18400-170", "LMAPS": "https://www.google.com/maps?q=&layer=c&cbll=-48.87716,-23.9809332", "O_QUE_FAZER": "CARTEIRA", "ER_REGIAO_CIDADE_min": "Itapeva_Itapeva_Sudoeste Paulista" }, "geometry": { "type": "Point", "coordinates": [ -48.87716, -23.9809332 ] } },
{ "type": "Feature", "properties": { "fid": 197064, "CNPJ": "15553949000196", "IDCIDADE": "ITAPEVA", "NOMEFANTASIA": "MERCADO_MIX", "RAZAOSOCIAL": "RODRIGO_VASCONCELOS_MACHADO", "ENDEE": "RUA_RICARDO_WATHERLI114__CENTRO_18400-390", "LMAPS": "https://www.google.com/maps?q=&layer=c&cbll=-48.872699,-23.9809415", "O_QUE_FAZER": "CARTEIRA", "ER_REGIAO_CIDADE_min": "Itapeva_Itapeva_Sudoeste Paulista" }, "geometry": { "type": "Point", "coordinates": [ -48.872699, -23.9809415 ] } },
{ "type": "Feature", "properties": { "fid": 197066, "CNPJ": "37469870000203", "IDCIDADE": "ITAPEVA", "NOMEFANTASIA": "BOM_DO_CAMPO", "RAZAOSOCIAL": "BOM_DO_CAMPO_HORTIFRUTIGRANJEIROS_LTDA", "ENDEE": "RUA_RUY_BARBOSA598__CENTRO_18400-385", "LMAPS": "https://www.google.com/maps?q=&layer=c&cbll=-48.8774834,-23.9809443", "O_QUE_FAZER": "CARTEIRA", "ER_REGIAO_CIDADE_min": "Itapeva_Itapeva_Sudoeste Paulista" }, "geometry": { "type": "Point", "coordinates": [ -48.8774834, -23.9809443 ] } },
{ "type": "Feature", "properties": { "fid": 197067, "CNPJ": "21638468000267", "IDCIDADE": "ITAPEVA", "NOMEFANTASIA": "CHOCOSHOW_LOJA_2", "RAZAOSOCIAL": "CHOCO_+_SHOW_ITAPEVA_LTDA", "ENDEE": "RUA_RUY_BARBOSA636__CENTRO_18400-385", "LMAPS": "https://www.google.com/maps?q=&layer=c&cbll=-48.8779204,-23.9809455", "O_QUE_FAZER": "CARTEIRA", "ER_REGIAO_CIDADE_min": "Itapeva_Itapeva_Sudoeste Paulista" }, "geometry": { "type": "Point", "coordinates": [ -48.8779204, -23.9809455 ] } },
{ "type": "Feature", "properties": { "fid": 197070, "CNPJ": "10549381000205", "IDCIDADE": "ITAPEVA", "NOMEFANTASIA": "NEI_MOTOS", "RAZAOSOCIAL": "RODINEI_WILSON_CORREA", "ENDEE": "RUA_RUI_BARBOSA697__CENTRO_18400-385", "LMAPS": "https://www.google.com/maps?q=&layer=c&cbll=-48.8785446,-23.9809827", "O_QUE_FAZER": "CARTEIRA", "ER_REGIAO_CIDADE_min": "Itapeva_Itapeva_Sudoeste Paulista" }, "geometry": { "type": "Point", "coordinates": [ -48.8785446, -23.9809827 ] } },
{ "type": "Feature", "properties": { "fid": 197074, "CNPJ": "39485881000113", "IDCIDADE": "ITAPEVA", "NOMEFANTASIA": "EMPORIO_RURAL", "RAZAOSOCIAL": "RDM_PRODUTOS_AGROPECUARIOS_LTDA", "ENDEE": "RUA_RUI_BARBOSA673__CENTRO_18400-385", "LMAPS": "https://www.google.com/maps?q=&layer=c&cbll=-48.8783865,-23.981012", "O_QUE_FAZER": "CARTEIRA", "ER_REGIAO_CIDADE_min": "Itapeva_Itapeva_Sudoeste Paulista" }, "geometry": { "type": "Point", "coordinates": [ -48.8783865, -23.981012 ] } },
{ "type": "Feature", "properties": { "fid": 197075, "CNPJ": "25961180000107", "IDCIDADE": "ITAPEVA", "NOMEFANTASIA": "RESTAURANTE_PAULISTA_2", "RAZAOSOCIAL": "DANIEL_RODRIGO_PROENCA", "ENDEE": "AVENIDA_DOUTOR_JOSE_ERMIRIO_DE_MORAES2390__CENTRO_18400-510", "LMAPS": "https://www.google.com/maps?q=&layer=c&cbll=-48.8788517,-23.9810183", "O_QUE_FAZER": "CARTEIRA", "ER_REGIAO_CIDADE_min": "Itapeva_Itapeva_Sudoeste Paulista" }, "geometry": { "type": "Point", "coordinates": [ -48.8788517, -23.9810183 ] } },
{ "type": "Feature", "properties": { "fid": 197076, "CNPJ": "11367011000201", "IDCIDADE": "ITAPEVA", "NOMEFANTASIA": "ITAPEVA_BIKE_SHOP", "RAZAOSOCIAL": "OSMIN_FERRAZ_BARBOSA", "ENDEE": "RUA_RUY_BARBOSA342__CENTRO_18400-385", "LMAPS": "https://www.google.com/maps?q=&layer=c&cbll=-48.8749838,-23.9810304", "O_QUE_FAZER": "CARTEIRA", "ER_REGIAO_CIDADE_min": "Itapeva_Itapeva_Sudoeste Paulista" }, "geometry": { "type": "Point", "coordinates": [ -48.8749838, -23.9810304 ] } },
{ "type": "Feature", "properties": { "fid": 197077, "CNPJ": "28090896000166", "IDCIDADE": "ITAPEVA", "NOMEFANTASIA": "ESCRITORIO_CONTABIL_MERCURIO", "RAZAOSOCIAL": "ESCRITORIO_CONTABIL_MERCURIO_ITAPEVA_LTDA", "ENDEE": "RUA_RUY_BARBOSA326__CENTRO_18400-385", "LMAPS": "https://www.google.com/maps?q=&layer=c&cbll=-48.874757,-23.9810305", "O_QUE_FAZER": "CARTEIRA", "ER_REGIAO_CIDADE_min": "Itapeva_Itapeva_Sudoeste Paulista" }, "geometry": { "type": "Point", "coordinates": [ -48.874757, -23.9810305 ] } },
{ "type": "Feature", "properties": { "fid": 197078, "CNPJ": "27908015000109", "IDCIDADE": "ITAPEVA", "NOMEFANTASIA": "EMPORIO_PRESENTES", "RAZAOSOCIAL": "J.V._COMERCIO_DE_PRESENTES_LTDA", "ENDEE": "RUA_RUY_BARBOSA426__CENTRO_18400-385", "LMAPS": "https://www.google.com/maps?q=&layer=c&cbll=-48.8757953,-23.981039", "O_QUE_FAZER": "CARTEIRA", "ER_REGIAO_CIDADE_min": "Itapeva_Itapeva_Sudoeste Paulista" }, "geometry": { "type": "Point", "coordinates": [ -48.8757953, -23.981039 ] } },
{ "type": "Feature", "properties": { "fid": 197079, "CNPJ": "00215579000100", "IDCIDADE": "ITAPEVA", "NOMEFANTASIA": "CASA_DE_CARNES_FOGACA_&_SILVA", "RAZAOSOCIAL": "CASA_DE_CARNES_FOGACA_SILVA_LTDA", "ENDEE": "RUA_RUY_BARBOSA370__CENTRO_18400-100", "LMAPS": "https://www.google.com/maps?q=&layer=c&cbll=-48.8752293,-23.9810392", "O_QUE_FAZER": "CARTEIRA", "ER_REGIAO_CIDADE_min": "Itapeva_Itapeva_Sudoeste Paulista" }, "geometry": { "type": "Point", "coordinates": [ -48.8752293, -23.9810392 ] } },
{ "type": "Feature", "properties": { "fid": 197080, "CNPJ": "32266804000123", "IDCIDADE": "ITAPEVA", "NOMEFANTASIA": "RESTAURANTE_2_IRMAOS", "RAZAOSOCIAL": "RESTAURANTE_II_IRMAOS_LTDA", "ENDEE": "RUA_RUY_BARBOSA406__CENTRO_18400-385", "LMAPS": "https://www.google.com/maps?q=&layer=c&cbll=-48.8756134,-23.981045", "O_QUE_FAZER": "CARTEIRA", "ER_REGIAO_CIDADE_min": "Itapeva_Itapeva_Sudoeste Paulista" }, "geometry": { "type": "Point", "coordinates": [ -48.8756134, -23.981045 ] } },
{ "type": "Feature", "properties": { "fid": 197083, "CNPJ": "47478559000195", "IDCIDADE": "ITAPEVA", "NOMEFANTASIA": "CENTRAL_MULTIMARCAS", "RAZAOSOCIAL": "CENTRAL_VEICULOS_MULTIMARCAS_ITAPEVA_LTDA", "ENDEE": "RUA_DOUTOR_RICARDO_WATHERLI156__CENTRO_18400-390", "LMAPS": "https://www.google.com/maps?q=&layer=c&cbll=-48.8726067,-23.9810517", "O_QUE_FAZER": "CARTEIRA", "ER_REGIAO_CIDADE_min": "Itapeva_Itapeva_Sudoeste Paulista" }, "geometry": { "type": "Point", "coordinates": [ -48.8726067, -23.9810517 ] } },
{ "type": "Feature", "properties": { "fid": 197084, "CNPJ": "03004164000185", "IDCIDADE": "ITAPEVA", "NOMEFANTASIA": "ETICA_FARMA", "RAZAOSOCIAL": "PATRICIA_DE_MELO_E_SILVA_UNIPESSOAL_LTDA", "ENDEE": "RUA_RUY_BARBOSA378__CENTRO_18400-385", "LMAPS": "https://www.google.com/maps?q=&layer=c&cbll=-48.8753208,-23.9810564", "O_QUE_FAZER": "CARTEIRA", "ER_REGIAO_CIDADE_min": "Itapeva_Itapeva_Sudoeste Paulista" }, "geometry": { "type": "Point", "coordinates": [ -48.8753208, -23.9810564 ] } },
{ "type": "Feature", "properties": { "fid": 197085, "CNPJ": "22125861000139", "IDCIDADE": "ITAPEVA", "NOMEFANTASIA": "DISK_MOTO_SANTANA", "RAZAOSOCIAL": "MARA_ADRIANA_DE_OLIVEIRA_COSTA", "ENDEE": "RUA_RUY_BARBOSA416__CENTRO_18400-385", "LMAPS": "https://www.google.com/maps?q=&layer=c&cbll=-48.8757097,-23.9810586", "O_QUE_FAZER": "CARTEIRA", "ER_REGIAO_CIDADE_min": "Itapeva_Itapeva_Sudoeste Paulista" }, "geometry": { "type": "Point", "coordinates": [ -48.8757097, -23.9810586 ] } },
{ "type": "Feature", "properties": { "fid": 197086, "CNPJ": "42470636000147", "IDCIDADE": "ITAPEVA", "NOMEFANTASIA": "FIVE_FIT_ACADEMIA", "RAZAOSOCIAL": "FIVE_FIT_ACADEMIA_DE_MUSCULACAO_LTDA", "ENDEE": "RUA_RUY_BARBOSA346__CENTRO_18400-385", "LMAPS": "https://www.google.com/maps?q=&layer=c&cbll=-48.8750055,-23.98107", "O_QUE_FAZER": "CARTEIRA", "ER_REGIAO_CIDADE_min": "Itapeva_Itapeva_Sudoeste Paulista" }, "geometry": { "type": "Point", "coordinates": [ -48.8750055, -23.98107 ] } },
{ "type": "Feature", "properties": { "fid": 197087, "CNPJ": "45252026000165", "IDCIDADE": "ITAPEVA", "NOMEFANTASIA": "PARAFUSOS_&_CIA", "RAZAOSOCIAL": "ITAPEVA_COMERCIO_DE_PARAFUSOS_E_FERRAMENTAS_LTDA", "ENDEE": "PRACA_JOAQUIM_MARQUES_DA_SILVA75__CENTRO_18400-540", "LMAPS": "https://www.google.com/maps?q=&layer=c&cbll=-48.8778695,-23.9810701", "O_QUE_FAZER": "CARTEIRA", "ER_REGIAO_CIDADE_min": "Itapeva_Itapeva_Sudoeste Paulista" }, "geometry": { "type": "Point", "coordinates": [ -48.8778695, -23.9810701 ] } },
{ "type": "Feature", "properties": { "fid": 197089, "CNPJ": "14256863000139", "IDCIDADE": "ITAPEVA", "NOMEFANTASIA": "VAZ_&_FONSECA_CONTABILIDADE", "RAZAOSOCIAL": "VAZ_&_FONSECA_CONTABILIDADE_LTDA", "ENDEE": "AVENIDA_DOUTOR_JOSE_ERMIRIO_DE_MORAES2387__CENTRO_18400-510", "LMAPS": "https://www.google.com/maps?q=&layer=c&cbll=-48.8787443,-23.9810884", "O_QUE_FAZER": "CARTEIRA", "ER_REGIAO_CIDADE_min": "Itapeva_Itapeva_Sudoeste Paulista" }, "geometry": { "type": "Point", "coordinates": [ -48.8787443, -23.9810884 ] } },
{ "type": "Feature", "properties": { "fid": 197091, "CNPJ": "06183210000149", "IDCIDADE": "ITAPEVA", "NOMEFANTASIA": "ELETRONEK", "RAZAOSOCIAL": "ELETRONEK_COMERCIO_DE_MATERIAIS_ELETRICOS,_DE_CONSTRUCAO_E_SERVICOS_LTDA", "ENDEE": "RUA_DOM_LUIZ_DE_SOUZA11__CENTRO_18400-480", "LMAPS": "https://www.google.com/maps?q=&layer=c&cbll=-48.8780187,-23.9811012", "O_QUE_FAZER": "CARTEIRA", "ER_REGIAO_CIDADE_min": "Itapeva_Itapeva_Sudoeste Paulista" }, "geometry": { "type": "Point", "coordinates": [ -48.8780187, -23.9811012 ] } },
{ "type": "Feature", "properties": { "fid": 197092, "CNPJ": "65609034000123", "IDCIDADE": "ITAPEVA", "NOMEFANTASIA": "PAPELITA", "RAZAOSOCIAL": "CLAUDIA_MOLINA_MORAGAS_FELIPPE_ANTUNES", "ENDEE": "RUA_RUY_BARBOSA525__CENTRO_18400-100", "LMAPS": "https://www.google.com/maps?q=&layer=c&cbll=-48.8768341,-23.9811034", "O_QUE_FAZER": "CARTEIRA", "ER_REGIAO_CIDADE_min": "Itapeva_Itapeva_Sudoeste Paulista" }, "geometry": { "type": "Point", "coordinates": [ -48.8768341, -23.9811034 ] } },
{ "type": "Feature", "properties": { "fid": 197093, "CNPJ": "34656672000171", "IDCIDADE": "ITAPEVA", "NOMEFANTASIA": "AREZZO", "RAZAOSOCIAL": "G_BECHARA_CALCADOS_E_CONFECCOES_LTDA", "ENDEE": "RUA_RUY_BARBOSA515__CENTRO_18400-385", "LMAPS": "https://www.google.com/maps?q=&layer=c&cbll=-48.8766365,-23.9811054", "O_QUE_FAZER": "CARTEIRA", "ER_REGIAO_CIDADE_min": "Itapeva_Itapeva_Sudoeste Paulista" }, "geometry": { "type": "Point", "coordinates": [ -48.8766365, -23.9811054 ] } },
{ "type": "Feature", "properties": { "fid": 197095, "CNPJ": "05964998000168", "IDCIDADE": "ITAPEVA", "NOMEFANTASIA": "GROGABY", "RAZAOSOCIAL": "RAFAELA_DO_CANTO_GEMIGNANI", "ENDEE": "RUA_DOUTOR_PINHEIRO88__CENTRO_18400-005", "LMAPS": "https://www.google.com/maps?q=&layer=c&cbll=-48.8762528,-23.981128", "O_QUE_FAZER": "CARTEIRA", "ER_REGIAO_CIDADE_min": "Itapeva_Itapeva_Sudoeste Paulista" }, "geometry": { "type": "Point", "coordinates": [ -48.8762528, -23.981128 ] } },
{ "type": "Feature", "properties": { "fid": 197096, "CNPJ": "29860825000400", "IDCIDADE": "ITAPEVA", "NOMEFANTASIA": "PROHOUSE_COLCHOES", "RAZAOSOCIAL": "PROHOUSE_COMERCIO_DE_CAMAS_E_COLCHOES_LTDA", "ENDEE": "RUA_RUY_BARBOSA379__CENTRO_18400-385", "LMAPS": "https://www.google.com/maps?q=&layer=c&cbll=-48.8753239,-23.9811528", "O_QUE_FAZER": "CARTEIRA", "ER_REGIAO_CIDADE_min": "Itapeva_Itapeva_Sudoeste Paulista" }, "geometry": { "type": "Point", "coordinates": [ -48.8753239, -23.9811528 ] } },
{ "type": "Feature", "properties": { "fid": 197097, "CNPJ": "10698756000100", "IDCIDADE": "ITAPEVA", "NOMEFANTASIA": "CODOF", "RAZAOSOCIAL": "COMERCIAL_SUPERMAIS_LTDA", "ENDEE": "AVENIDA_DOUTOR_JOSE_ERMIRIO_DE_MORAES2428__CENTRO_18400-510", "LMAPS": "https://www.google.com/maps?q=&layer=c&cbll=-48.8791162,-23.9811533", "O_QUE_FAZER": "CARTEIRA", "ER_REGIAO_CIDADE_min": "Itapeva_Itapeva_Sudoeste Paulista" }, "geometry": { "type": "Point", "coordinates": [ -48.8791162, -23.9811533 ] } },
{ "type": "Feature", "properties": { "fid": 197100, "CNPJ": "25009394000170", "IDCIDADE": "ITAPEVA", "NOMEFANTASIA": "ODONTO_EXCELENCE", "RAZAOSOCIAL": "CLINICA_ODONTOLOGICA_MORIKAWA_LTDA", "ENDEE": "RUA_RUY_BARBOSA363__CENTRO_18400-385", "LMAPS": "https://www.google.com/maps?q=&layer=c&cbll=-48.8751758,-23.9811641", "O_QUE_FAZER": "CARTEIRA", "ER_REGIAO_CIDADE_min": "Itapeva_Itapeva_Sudoeste Paulista" }, "geometry": { "type": "Point", "coordinates": [ -48.8751758, -23.9811641 ] } },
{ "type": "Feature", "properties": { "fid": 197101, "CNPJ": "04082873000141", "IDCIDADE": "ITAPEVA", "NOMEFANTASIA": "CLINICA_DE_OLHOS_DRA._ADRIANA_HAIDAR", "RAZAOSOCIAL": "CLINICA_DE_OLHOS_ADRIANA_HAIDAR_LTDA", "ENDEE": "RUA_RUY_BARBOSA495__CENTRO_18400-385", "LMAPS": "https://www.google.com/maps?q=&layer=c&cbll=-48.8765311,-23.9811733", "O_QUE_FAZER": "CARTEIRA", "ER_REGIAO_CIDADE_min": "Itapeva_Itapeva_Sudoeste Paulista" }, "geometry": { "type": "Point", "coordinates": [ -48.8765311, -23.9811733 ] } },
{ "type": "Feature", "properties": { "fid": 197102, "CNPJ": "36174482000143", "IDCIDADE": "ITAPEVA", "NOMEFANTASIA": "W.A._SERRALHERIA", "RAZAOSOCIAL": "W.A._DE_OLIVEIRA_ALMEIDA_SERRALHERIA", "ENDEE": "AVENIDA_EXPEDICIONARIOS_DE_ITAPEVA846__PARQUE_CIMENTOLANDIA_18409-640", "LMAPS": "https://www.google.com/maps?q=&layer=c&cbll=-48.8967943,-23.9811773", "O_QUE_FAZER": "CARTEIRA", "ER_REGIAO_CIDADE_min": "Itapeva_Itapeva_Sudoeste Paulista" }, "geometry": { "type": "Point", "coordinates": [ -48.8967943, -23.9811773 ] } },
{ "type": "Feature", "properties": { "fid": 197103, "CNPJ": "45356735000190", "IDCIDADE": "ITAPEVA", "NOMEFANTASIA": "MARCELO_MOVEIS", "RAZAOSOCIAL": "HELIO_ALEXANDRE_MENDES", "ENDEE": "RUA_RUY_BARBOSA391__CENTRO_18400-385", "LMAPS": "https://www.google.com/maps?q=&layer=c&cbll=-48.8754782,-23.9811893", "O_QUE_FAZER": "CARTEIRA", "ER_REGIAO_CIDADE_min": "Itapeva_Itapeva_Sudoeste Paulista" }, "geometry": { "type": "Point", "coordinates": [ -48.8754782, -23.9811893 ] } },
{ "type": "Feature", "properties": { "fid": 197107, "CNPJ": "06372953000167", "IDCIDADE": "ITAPEVA", "NOMEFANTASIA": "PAPEL_E_LIVRO", "RAZAOSOCIAL": "ANDREIA_C._DE_ARAUJO", "ENDEE": "RUA_MARIO_PRANDINI95__CENTRO_18400-170", "LMAPS": "https://www.google.com/maps?q=&layer=c&cbll=-48.8770596,-23.9812877", "O_QUE_FAZER": "CARTEIRA", "ER_REGIAO_CIDADE_min": "Itapeva_Itapeva_Sudoeste Paulista" }, "geometry": { "type": "Point", "coordinates": [ -48.8770596, -23.9812877 ] } },
{ "type": "Feature", "properties": { "fid": 197108, "CNPJ": "37762547000134", "IDCIDADE": "ITAPEVA", "NOMEFANTASIA": "ECEST_CONSTRUTORA", "RAZAOSOCIAL": "ECEST_CONSTRUTORA_LTDA", "ENDEE": "RUA_RUY_BARBOSA317__CENTRO_18400-385", "LMAPS": "https://www.google.com/maps?q=&layer=c&cbll=-48.8746471,-23.9812931", "O_QUE_FAZER": "CARTEIRA", "ER_REGIAO_CIDADE_min": "Itapeva_Itapeva_Sudoeste Paulista" }, "geometry": { "type": "Point", "coordinates": [ -48.8746471, -23.9812931 ] } },
{ "type": "Feature", "properties": { "fid": 197110, "CNPJ": "26714392000144", "IDCIDADE": "ITAPEVA", "NOMEFANTASIA": "MERCADO_PAKITO", "RAZAOSOCIAL": "MERCADO_PAKITO_LTDA", "ENDEE": "RUA_CRUZEIRO226__VILA_DOM_BOSCO_18409-380", "LMAPS": "https://www.google.com/maps?q=&layer=c&cbll=-48.8893008,-23.9813103", "O_QUE_FAZER": "CARTEIRA", "ER_REGIAO_CIDADE_min": "Itapeva_Itapeva_Sudoeste Paulista" }, "geometry": { "type": "Point", "coordinates": [ -48.8893008, -23.9813103 ] } },
{ "type": "Feature", "properties": { "fid": 197111, "CNPJ": "34668441000269", "IDCIDADE": "ITAPEVA", "NOMEFANTASIA": "ESTAMP_PLACAS", "RAZAOSOCIAL": "ESTAMP_PLACAS_AUTOMOTIVAS_LTDA", "ENDEE": "AVENIDA_MARIO_COVAS263__CENTRO_18400-500", "LMAPS": "https://www.google.com/maps?q=&layer=c&cbll=-48.8794188,-23.9813131", "O_QUE_FAZER": "CARTEIRA", "ER_REGIAO_CIDADE_min": "Itapeva_Itapeva_Sudoeste Paulista" }, "geometry": { "type": "Point", "coordinates": [ -48.8794188, -23.9813131 ] } },
{ "type": "Feature", "properties": { "fid": 197112, "CNPJ": "10625601000143", "IDCIDADE": "ITAPEVA", "NOMEFANTASIA": "PARATI_PRESENTES", "RAZAOSOCIAL": "MARIA_DE_LOURDES_COSTA_ALMEIDA", "ENDEE": "RUA_PAULO_PETZOLD220__PARQUE_SAO_JORGE_18409-340", "LMAPS": "https://www.google.com/maps?q=&layer=c&cbll=-48.8884855,-23.9813178", "O_QUE_FAZER": "CARTEIRA", "ER_REGIAO_CIDADE_min": "Itapeva_Itapeva_Sudoeste Paulista" }, "geometry": { "type": "Point", "coordinates": [ -48.8884855, -23.9813178 ] } },
{ "type": "Feature", "properties": { "fid": 197113, "CNPJ": "58046681000109", "IDCIDADE": "ITAPEVA", "NOMEFANTASIA": "ARMARINHOS_CASA_BLANCA", "RAZAOSOCIAL": "VERA_LUCIA_CHIQUITO", "ENDEE": "RUA_DOM_LUIZ_DE_SOUZA27__CENTRO_18400-480", "LMAPS": "https://www.google.com/maps?q=&layer=c&cbll=-48.8779087,-23.9813219", "O_QUE_FAZER": "CARTEIRA", "ER_REGIAO_CIDADE_min": "Itapeva_Itapeva_Sudoeste Paulista" }, "geometry": { "type": "Point", "coordinates": [ -48.8779087, -23.9813219 ] } },
{ "type": "Feature", "properties": { "fid": 197114, "CNPJ": "46382648000170", "IDCIDADE": "ITAPEVA", "NOMEFANTASIA": "PL_ODONTOLOGIA", "RAZAOSOCIAL": "PRISCILA_LOPES_DE_OLIVEIRA", "ENDEE": "RUA_MARIO_PRANDINI110__CENTRO_18400-170", "LMAPS": "https://www.google.com/maps?q=&layer=c&cbll=-48.8773291,-23.9813256", "O_QUE_FAZER": "CARTEIRA", "ER_REGIAO_CIDADE_min": "Itapeva_Itapeva_Sudoeste Paulista" }, "geometry": { "type": "Point", "coordinates": [ -48.8773291, -23.9813256 ] } },
{ "type": "Feature", "properties": { "fid": 197115, "CNPJ": "32761188000187", "IDCIDADE": "ITAPEVA", "NOMEFANTASIA": "POSTO_DE_MOLAS_JJ", "RAZAOSOCIAL": "JOSUE_DOS_SANTOS_TRINDADE", "ENDEE": "AVENIDA_EXPEDICIONARIOS_DE_ITAPEVA834__PARQUE_CIMENTOLANDIA_18409-640", "LMAPS": "https://www.google.com/maps?q=&layer=c&cbll=-48.8968356,-23.9813649", "O_QUE_FAZER": "CARTEIRA", "ER_REGIAO_CIDADE_min": "Itapeva_Itapeva_Sudoeste Paulista" }, "geometry": { "type": "Point", "coordinates": [ -48.8968356, -23.9813649 ] } },
{ "type": "Feature", "properties": { "fid": 197119, "CNPJ": "07073320000110", "IDCIDADE": "ITAPEVA", "NOMEFANTASIA": "MISS_BELA", "RAZAOSOCIAL": "WALDIR_DE_OLIVEIRA_SANTOS", "ENDEE": "RUA_DOUTOR_PINHEIRO115__CENTRO_18400-005", "LMAPS": "https://www.google.com/maps?q=&layer=c&cbll=-48.8761247,-23.9814021", "O_QUE_FAZER": "CARTEIRA", "ER_REGIAO_CIDADE_min": "Itapeva_Itapeva_Sudoeste Paulista" }, "geometry": { "type": "Point", "coordinates": [ -48.8761247, -23.9814021 ] } },
{ "type": "Feature", "properties": { "fid": 197120, "CNPJ": "05585727000100", "IDCIDADE": "ITAPEVA", "NOMEFANTASIA": "SARA_CO_FECCOES_E_CALCADOS", "RAZAOSOCIAL": "JAE_HYUN_WON", "ENDEE": "RUA_DOUTOR_PINHEIRO124__CENTRO_18400-005", "LMAPS": "https://www.google.com/maps?q=&layer=c&cbll=-48.8762877,-23.9814106", "O_QUE_FAZER": "CARTEIRA", "ER_REGIAO_CIDADE_min": "Itapeva_Itapeva_Sudoeste Paulista" }, "geometry": { "type": "Point", "coordinates": [ -48.8762877, -23.9814106 ] } },
{ "type": "Feature", "properties": { "fid": 197121, "CNPJ": "32395069000158", "IDCIDADE": "ITAPEVA", "NOMEFANTASIA": "ROBERTA_ARAUJO_STORE", "RAZAOSOCIAL": "VIVIAN_DE_ANDRADE_UBALDO", "ENDEE": "RUA_MARIO_PRANDINI106__CENTRO_18400-170", "LMAPS": "https://www.google.com/maps?q=&layer=c&cbll=-48.8771959,-23.9814216", "O_QUE_FAZER": "CARTEIRA", "ER_REGIAO_CIDADE_min": "Itapeva_Itapeva_Sudoeste Paulista" }, "geometry": { "type": "Point", "coordinates": [ -48.8771959, -23.9814216 ] } },
{ "type": "Feature", "properties": { "fid": 197122, "CNPJ": "56950487000128", "IDCIDADE": "ITAPEVA", "NOMEFANTASIA": "FM_MODAS", "RAZAOSOCIAL": "FABRI_MODAS_ITAPEVA_LTDA", "ENDEE": "RUA_MARIO_PRANDINI106__CENTRO_18400-170", "LMAPS": "https://www.google.com/maps?q=&layer=c&cbll=-48.8771394,-23.9814322", "O_QUE_FAZER": "CARTEIRA", "ER_REGIAO_CIDADE_min": "Itapeva_Itapeva_Sudoeste Paulista" }, "geometry": { "type": "Point", "coordinates": [ -48.8771394, -23.9814322 ] } },
{ "type": "Feature", "properties": { "fid": 197124, "CNPJ": "07344244000130", "IDCIDADE": "ITAPEVA", "NOMEFANTASIA": "CENTER_JANS", "RAZAOSOCIAL": "ELENI_DA_SILVA_SANTOS_&_CIA.LTDA.", "ENDEE": "RUA_DOUTOR_PINHEIRO123__CENTRO_18400-005", "LMAPS": "https://www.google.com/maps?q=&layer=c&cbll=-48.8761879,-23.9814471", "O_QUE_FAZER": "CARTEIRA", "ER_REGIAO_CIDADE_min": "Itapeva_Itapeva_Sudoeste Paulista" }, "geometry": { "type": "Point", "coordinates": [ -48.8761879, -23.9814471 ] } },
{ "type": "Feature", "properties": { "fid": 197126, "CNPJ": "43946860000125", "IDCIDADE": "ITAPEVA", "NOMEFANTASIA": "RELOJOARIA_BUENO", "RAZAOSOCIAL": "RELOJOARIA_ISRAEL_BUENO_LTDA", "ENDEE": "RUA_MARIO_PRANDINI116__CENTRO_18400-170", "LMAPS": "https://www.google.com/maps?q=&layer=c&cbll=-48.8771631,-23.981463", "O_QUE_FAZER": "CARTEIRA", "ER_REGIAO_CIDADE_min": "Itapeva_Itapeva_Sudoeste Paulista" }, "geometry": { "type": "Point", "coordinates": [ -48.8771631, -23.981463 ] } },
{ "type": "Feature", "properties": { "fid": 197129, "CNPJ": "12917136000140", "IDCIDADE": "ITAPEVA", "NOMEFANTASIA": "JULIANO_AUTOCENTER", "RAZAOSOCIAL": "JULIANO_GARCIA_FURTADO", "ENDEE": "AVENIDA_DOUTOR_JOSE_ERMIRIO_DE_MORAES2436__CENTRO_18400-510", "LMAPS": "https://www.google.com/maps?q=&layer=c&cbll=-48.8788189,-23.9814702", "O_QUE_FAZER": "CARTEIRA", "ER_REGIAO_CIDADE_min": "Itapeva_Itapeva_Sudoeste Paulista" }, "geometry": { "type": "Point", "coordinates": [ -48.8788189, -23.9814702 ] } },
{ "type": "Feature", "properties": { "fid": 197130, "CNPJ": "00338133000172", "IDCIDADE": "ITAPEVA", "NOMEFANTASIA": "XADREZ_MODAS", "RAZAOSOCIAL": "XADREZ_MODAS_ITAPEVA_LTDA", "ENDEE": "RUA_DOUTOR_PINHEIRO138__CENTRO_18400-005", "LMAPS": "https://www.google.com/maps?q=&layer=c&cbll=-48.8765158,-23.9814928", "O_QUE_FAZER": "CARTEIRA", "ER_REGIAO_CIDADE_min": "Itapeva_Itapeva_Sudoeste Paulista" }, "geometry": { "type": "Point", "coordinates": [ -48.8765158, -23.9814928 ] } },
{ "type": "Feature", "properties": { "fid": 197131, "CNPJ": "01079396000177", "IDCIDADE": "ITAPEVA", "NOMEFANTASIA": "ZEBU", "RAZAOSOCIAL": "JOAO_SUSSUMU_YOSHIMURA_LTDA", "ENDEE": "RUA_DOUTOR_PINHEIRO128__CENTRO_18400-005", "LMAPS": "https://www.google.com/maps?q=&layer=c&cbll=-48.876279,-23.981512", "O_QUE_FAZER": "CARTEIRA", "ER_REGIAO_CIDADE_min": "Itapeva_Itapeva_Sudoeste Paulista" }, "geometry": { "type": "Point", "coordinates": [ -48.876279, -23.981512 ] } },
{ "type": "Feature", "properties": { "fid": 197132, "CNPJ": "12671875000102", "IDCIDADE": "ITAPEVA", "NOMEFANTASIA": "LOJAS_DAS_FABRICAS", "RAZAOSOCIAL": "DIGUI_-_CONFECCOES_LTDA", "ENDEE": "RUA_PIRES_FLEURY430__CENTRO_18400-430", "LMAPS": "https://www.google.com/maps?q=&layer=c&cbll=-48.8778844,-23.9815193", "O_QUE_FAZER": "CARTEIRA", "ER_REGIAO_CIDADE_min": "Itapeva_Itapeva_Sudoeste Paulista" }, "geometry": { "type": "Point", "coordinates": [ -48.8778844, -23.9815193 ] } },
{ "type": "Feature", "properties": { "fid": 197133, "CNPJ": "09272859000124", "IDCIDADE": "ITAPEVA", "NOMEFANTASIA": "CALCE_BEM_CALCADOS", "RAZAOSOCIAL": "MARIA_ELI_TEREZINHA_FRANCISCO", "ENDEE": "PRACA_FURQUIM_PEDROSO32__CENTRO_18400-520", "LMAPS": "https://www.google.com/maps?q=&layer=c&cbll=-48.878479,-23.9815253", "O_QUE_FAZER": "CARTEIRA", "ER_REGIAO_CIDADE_min": "Itapeva_Itapeva_Sudoeste Paulista" }, "geometry": { "type": "Point", "coordinates": [ -48.878479, -23.9815253 ] } },
{ "type": "Feature", "properties": { "fid": 197134, "CNPJ": "28760859000118", "IDCIDADE": "ITAPEVA", "NOMEFANTASIA": "LINDA_MULHER", "RAZAOSOCIAL": "ADRIANA_PEREIRA_DOS_SANTOS_LOURENCO_BIJU", "ENDEE": "RUA_DOUTOR_PINHEIRO131__CENTRO_18400-005", "LMAPS": "https://www.google.com/maps?q=&layer=c&cbll=-48.8761725,-23.9815292", "O_QUE_FAZER": "CARTEIRA", "ER_REGIAO_CIDADE_min": "Itapeva_Itapeva_Sudoeste Paulista" }, "geometry": { "type": "Point", "coordinates": [ -48.8761725, -23.9815292 ] } },
{ "type": "Feature", "properties": { "fid": 197135, "CNPJ": "06044146000115", "IDCIDADE": "ITAPEVA", "NOMEFANTASIA": "DINHO_ACESSORIOS", "RAZAOSOCIAL": "EDMILSON_FLAUZINO", "ENDEE": "AVENIDA_DOUTOR_JOSE_ERMIRIO_DE_MORAES2439__CENTRO_18400-510", "LMAPS": "https://www.google.com/maps?q=&layer=c&cbll=-48.8787288,-23.9815344", "O_QUE_FAZER": "CARTEIRA", "ER_REGIAO_CIDADE_min": "Itapeva_Itapeva_Sudoeste Paulista" }, "geometry": { "type": "Point", "coordinates": [ -48.8787288, -23.9815344 ] } },
{ "type": "Feature", "properties": { "fid": 197136, "CNPJ": "55826584000140", "IDCIDADE": "ITAPEVA", "NOMEFANTASIA": "ESTICA_E_TROCA", "RAZAOSOCIAL": "ESTICA_E_TROCA_LTDA", "ENDEE": "RUA_DOUTOR_PINHEIRO127__CENTRO_18400-005", "LMAPS": "https://www.google.com/maps?q=&layer=c&cbll=-48.8761825,-23.9815551", "O_QUE_FAZER": "CARTEIRA", "ER_REGIAO_CIDADE_min": "Itapeva_Itapeva_Sudoeste Paulista" }, "geometry": { "type": "Point", "coordinates": [ -48.8761825, -23.9815551 ] } },
{ "type": "Feature", "properties": { "fid": 197139, "CNPJ": "16704189000133", "IDCIDADE": "ITAPEVA", "NOMEFANTASIA": "ENGENHEIRO_SALGADOS_2", "RAZAOSOCIAL": "E.P._DE_ALMEIDA_LANCHONETE", "ENDEE": "RUA_MARIO_PRANDINI130__CENTRO_18400-170", "LMAPS": "https://www.google.com/maps?q=&layer=c&cbll=-48.8772129,-23.9815885", "O_QUE_FAZER": "CARTEIRA", "ER_REGIAO_CIDADE_min": "Itapeva_Itapeva_Sudoeste Paulista" }, "geometry": { "type": "Point", "coordinates": [ -48.8772129, -23.9815885 ] } },
{ "type": "Feature", "properties": { "fid": 197141, "CNPJ": "01188790000143", "IDCIDADE": "ITAPEVA", "NOMEFANTASIA": "MICKEY_BRINQUEDOS", "RAZAOSOCIAL": "M_B_LIAFA_COMERCIO_VAREJISTA_DE_PRESENTES_LTDA", "ENDEE": "RUA_MARTINHO_CARNEIRO148__CENTRO_18400-460", "LMAPS": "https://www.google.com/maps?q=&layer=c&cbll=-48.8755445,-23.9816008", "O_QUE_FAZER": "CARTEIRA", "ER_REGIAO_CIDADE_min": "Itapeva_Itapeva_Sudoeste Paulista" }, "geometry": { "type": "Point", "coordinates": [ -48.8755445, -23.9816008 ] } },
{ "type": "Feature", "properties": { "fid": 197142, "CNPJ": "08346661000185", "IDCIDADE": "ITAPEVA", "NOMEFANTASIA": "RESTAURANTE_CAPOTADO", "RAZAOSOCIAL": "LUZIA_CELENE_DE_PROENCA_CAMPOS_MELLO", "ENDEE": "AVENIDA_DOUTOR_JOSE_ERMIRIO_DE_MORAES2451__CENTRO_18400-510", "LMAPS": "https://www.google.com/maps?q=&layer=c&cbll=-48.8786489,-23.9816158", "O_QUE_FAZER": "CARTEIRA", "ER_REGIAO_CIDADE_min": "Itapeva_Itapeva_Sudoeste Paulista" }, "geometry": { "type": "Point", "coordinates": [ -48.8786489, -23.9816158 ] } },
{ "type": "Feature", "properties": { "fid": 197145, "CNPJ": "05362738000112", "IDCIDADE": "ITAPEVA", "NOMEFANTASIA": "MISS_BELA_MODAS", "RAZAOSOCIAL": "NEIDE_RODRIGUES_DA_SILVA_SANTOS", "ENDEE": "RUA_MARTINHO_CARNEIRO160__CENTRO_18400-460", "LMAPS": "https://www.google.com/maps?q=&layer=c&cbll=-48.8755494,-23.9816218", "O_QUE_FAZER": "CARTEIRA", "ER_REGIAO_CIDADE_min": "Itapeva_Itapeva_Sudoeste Paulista" }, "geometry": { "type": "Point", "coordinates": [ -48.8755494, -23.9816218 ] } },
{ "type": "Feature", "properties": { "fid": 197146, "CNPJ": "32174418000101", "IDCIDADE": "ITAPEVA", "NOMEFANTASIA": "PAPELAO_E_CIA", "RAZAOSOCIAL": "OLIVEIRA'S_VARIEDADES_E_PAPELARIA_LTDA", "ENDEE": "RUA_DOUTOR_PINHEIRO140__CENTRO_18400-005", "LMAPS": "https://www.google.com/maps?q=&layer=c&cbll=-48.8762615,-23.9816474", "O_QUE_FAZER": "CARTEIRA", "ER_REGIAO_CIDADE_min": "Itapeva_Itapeva_Sudoeste Paulista" }, "geometry": { "type": "Point", "coordinates": [ -48.8762615, -23.9816474 ] } },
{ "type": "Feature", "properties": { "fid": 197147, "CNPJ": "17738050000173", "IDCIDADE": "ITAPEVA", "NOMEFANTASIA": "BORA_MERENDAR", "RAZAOSOCIAL": "BORA_MERENDAR_ALIMENTOS_LTDA", "ENDEE": "RUA_MARIO_PRANDINI135__CENTRO_18400-170", "LMAPS": "https://www.google.com/maps?q=&layer=c&cbll=-48.8771017,-23.9816579", "O_QUE_FAZER": "CARTEIRA", "ER_REGIAO_CIDADE_min": "Itapeva_Itapeva_Sudoeste Paulista" }, "geometry": { "type": "Point", "coordinates": [ -48.8771017, -23.9816579 ] } },
{ "type": "Feature", "properties": { "fid": 197148, "CNPJ": "06118676000322", "IDCIDADE": "ITAPEVA", "NOMEFANTASIA": "A_RAINHA", "RAZAOSOCIAL": "C.F._DE_OLIVEIRA_ITAPEVA", "ENDEE": "RUA_MARIO_PRANDINI130__CENTRO_18400-170", "LMAPS": "https://www.google.com/maps?q=&layer=c&cbll=-48.8771972,-23.9816639", "O_QUE_FAZER": "CARTEIRA", "ER_REGIAO_CIDADE_min": "Itapeva_Itapeva_Sudoeste Paulista" }, "geometry": { "type": "Point", "coordinates": [ -48.8771972, -23.9816639 ] } },
{ "type": "Feature", "properties": { "fid": 197149, "CNPJ": "07375497000171", "IDCIDADE": "ITAPEVA", "NOMEFANTASIA": "CFC_CENFOR", "RAZAOSOCIAL": "CENFOR_-_CENTRO_DE_FORMACAO_DE_CONDUTORES_LTDA", "ENDEE": "AVENIDA_MARIO_COVAS299__CENTRO_18401-641", "LMAPS": "https://www.google.com/maps?q=&layer=c&cbll=-48.8794219,-23.9816773", "O_QUE_FAZER": "CARTEIRA", "ER_REGIAO_CIDADE_min": "Itapeva_Itapeva_Sudoeste Paulista" }, "geometry": { "type": "Point", "coordinates": [ -48.8794219, -23.9816773 ] } },
{ "type": "Feature", "properties": { "fid": 197151, "CNPJ": "57897464000321", "IDCIDADE": "ITAPEVA", "NOMEFANTASIA": "FARMACIA_SUPER_ECONOMICA", "RAZAOSOCIAL": "VITAL_FARMA_ITAPEVA_LTDA.", "ENDEE": "PRACA_FURQUIM_PEDROSO10__CENTRO_18400-520", "LMAPS": "https://www.google.com/maps?q=&layer=c&cbll=-48.8782316,-23.9817099", "O_QUE_FAZER": "CARTEIRA", "ER_REGIAO_CIDADE_min": "Itapeva_Itapeva_Sudoeste Paulista" }, "geometry": { "type": "Point", "coordinates": [ -48.8782316, -23.9817099 ] } },
{ "type": "Feature", "properties": { "fid": 197153, "CNPJ": "11073785000149", "IDCIDADE": "ITAPEVA", "NOMEFANTASIA": "JIHAD_PRESENTES", "RAZAOSOCIAL": "JIHAD_TALEB_ATIE", "ENDEE": "PRACA_FURQUIM_PEDROSO40__CENTRO_18400-520", "LMAPS": "https://www.google.com/maps?q=&layer=c&cbll=-48.8785355,-23.9817228", "O_QUE_FAZER": "CARTEIRA", "ER_REGIAO_CIDADE_min": "Itapeva_Itapeva_Sudoeste Paulista" }, "geometry": { "type": "Point", "coordinates": [ -48.8785355, -23.9817228 ] } },
{ "type": "Feature", "properties": { "fid": 197154, "CNPJ": "04087070002980", "IDCIDADE": "ITAPEVA", "NOMEFANTASIA": "IZNEL_PLACAS", "RAZAOSOCIAL": "IZNEL_INDUSTRIA_E_COMERCIO_LTDA", "ENDEE": "RUA_GERALDO_ALCKMIN56__VILA_NOSSA_SENHORA_DE_FATIMA_18409-010", "LMAPS": "https://www.google.com/maps?q=&layer=c&cbll=-48.879368,-23.9817236", "O_QUE_FAZER": "CARTEIRA", "ER_REGIAO_CIDADE_min": "Itapeva_Itapeva_Sudoeste Paulista" }, "geometry": { "type": "Point", "coordinates": [ -48.879368, -23.9817236 ] } },
{ "type": "Feature", "properties": { "fid": 197155, "CNPJ": "14441792000144", "IDCIDADE": "ITAPEVA", "NOMEFANTASIA": "RESTAURANTE_PAULISTA_1", "RAZAOSOCIAL": "LUZIA_APARECIDA_PONTES_PROENCA", "ENDEE": "RUA_GERALDO_ALCKMIN60__VILA_NOSSA_SENHORA_DE_FATIMA_18409-010", "LMAPS": "https://www.google.com/maps?q=&layer=c&cbll=-48.8793844,-23.981731", "O_QUE_FAZER": "CARTEIRA", "ER_REGIAO_CIDADE_min": "Itapeva_Itapeva_Sudoeste Paulista" }, "geometry": { "type": "Point", "coordinates": [ -48.8793844, -23.981731 ] } },
{ "type": "Feature", "properties": { "fid": 197157, "CNPJ": "19534799000124", "IDCIDADE": "ITAPEVA", "NOMEFANTASIA": "ORIGINAL_JEANS", "RAZAOSOCIAL": "L._A._DE_ALMEIDA_ITAPEVA", "ENDEE": "RUA_PIRES_FLEURY442__CENTRO_18400-430", "LMAPS": "https://www.google.com/maps?q=&layer=c&cbll=-48.8780316,-23.9817602", "O_QUE_FAZER": "CARTEIRA", "ER_REGIAO_CIDADE_min": "Itapeva_Itapeva_Sudoeste Paulista" }, "geometry": { "type": "Point", "coordinates": [ -48.8780316, -23.9817602 ] } },
{ "type": "Feature", "properties": { "fid": 197158, "CNPJ": "42146632000108", "IDCIDADE": "ITAPEVA", "NOMEFANTASIA": "SOS_DO_AGRO", "RAZAOSOCIAL": "S.O.S_DO_AGRO_COMERCIO_DE_PARAFUSOS_FERRAMENTAS_E_MAQUINAS_LTDA", "ENDEE": "RUA_DOUTOR_RICARDO_WATHERLI211__CENTRO_18400-390", "LMAPS": "https://www.google.com/maps?q=&layer=c&cbll=-48.8726768,-23.9817631", "O_QUE_FAZER": "CARTEIRA", "ER_REGIAO_CIDADE_min": "Itapeva_Itapeva_Sudoeste Paulista" }, "geometry": { "type": "Point", "coordinates": [ -48.8726768, -23.9817631 ] } },
{ "type": "Feature", "properties": { "fid": 197159, "CNPJ": "07395177000183", "IDCIDADE": "ITAPEVA", "NOMEFANTASIA": "PERFUMARIA_BIJIN", "RAZAOSOCIAL": "ALTAIR_CAMARGO_MACHADO", "ENDEE": "PRACA_FURQUIM_PEDROSO30__CENTRO_18400-520", "LMAPS": "https://www.google.com/maps?q=&layer=c&cbll=-48.8784119,-23.9817655", "O_QUE_FAZER": "CARTEIRA", "ER_REGIAO_CIDADE_min": "Itapeva_Itapeva_Sudoeste Paulista" }, "geometry": { "type": "Point", "coordinates": [ -48.8784119, -23.9817655 ] } },
{ "type": "Feature", "properties": { "fid": 197160, "CNPJ": "00921449000192", "IDCIDADE": "ITAPEVA", "NOMEFANTASIA": "TA_BARATO", "RAZAOSOCIAL": "MAURICIO_CANGUSSU_DE_SOUZA", "ENDEE": "PRACA_ANCHIETA38__CENTRO_18400-450", "LMAPS": "https://www.google.com/maps?q=&layer=c&cbll=-48.8757805,-23.9817716", "O_QUE_FAZER": "CARTEIRA", "ER_REGIAO_CIDADE_min": "Itapeva_Itapeva_Sudoeste Paulista" }, "geometry": { "type": "Point", "coordinates": [ -48.8757805, -23.9817716 ] } },
{ "type": "Feature", "properties": { "fid": 197161, "CNPJ": "27071692000115", "IDCIDADE": "ITAPEVA", "NOMEFANTASIA": "ESTRELINHA_KIDS", "RAZAOSOCIAL": "VITORIA_CARVALHO_PAFARO_MOURA_&_CIA_LTDA.", "ENDEE": "RUA_PIRES_FLEURY316__CENTRO_18400-430", "LMAPS": "https://www.google.com/maps?q=&layer=c&cbll=-48.8767486,-23.9817731", "O_QUE_FAZER": "CARTEIRA", "ER_REGIAO_CIDADE_min": "Itapeva_Itapeva_Sudoeste Paulista" }, "geometry": { "type": "Point", "coordinates": [ -48.8767486, -23.9817731 ] } },
{ "type": "Feature", "properties": { "fid": 197163, "CNPJ": "04996319000170", "IDCIDADE": "ITAPEVA", "NOMEFANTASIA": "LIGEIRINHO_MOTOS", "RAZAOSOCIAL": "MOTO_RAPIDO_LIGEIRINHO_DE_ITAPEVA_LTDA", "ENDEE": "RUA_PIRES_FLEURY398__CENTRO_18400-430", "LMAPS": "https://www.google.com/maps?q=&layer=c&cbll=-48.8776743,-23.981788", "O_QUE_FAZER": "CARTEIRA", "ER_REGIAO_CIDADE_min": "Itapeva_Itapeva_Sudoeste Paulista" }, "geometry": { "type": "Point", "coordinates": [ -48.8776743, -23.981788 ] } },
{ "type": "Feature", "properties": { "fid": 197164, "CNPJ": "29309883000106", "IDCIDADE": "ITAPEVA", "NOMEFANTASIA": "PASSARLLA_MODAS", "RAZAOSOCIAL": "TATIANE_ALVES_DA_SILVA_GUIMARAES", "ENDEE": "RUA_PIRES_FLEURY412__CENTRO_18400-430", "LMAPS": "https://www.google.com/maps?q=&layer=c&cbll=-48.8776645,-23.9817907", "O_QUE_FAZER": "CARTEIRA", "ER_REGIAO_CIDADE_min": "Itapeva_Itapeva_Sudoeste Paulista" }, "geometry": { "type": "Point", "coordinates": [ -48.8776645, -23.9817907 ] } },
{ "type": "Feature", "properties": { "fid": 197165, "CNPJ": "41861380000136", "IDCIDADE": "ITAPEVA", "NOMEFANTASIA": "JC_STAR", "RAZAOSOCIAL": "J._C._CARVALHO_&_MOURA_LTDA", "ENDEE": "RUA_PIRES_FLEURY316__CENTRO_18400-430", "LMAPS": "https://www.google.com/maps?q=&layer=c&cbll=-48.876715,-23.981797", "O_QUE_FAZER": "CARTEIRA", "ER_REGIAO_CIDADE_min": "Itapeva_Itapeva_Sudoeste Paulista" }, "geometry": { "type": "Point", "coordinates": [ -48.876715, -23.981797 ] } },
{ "type": "Feature", "properties": { "fid": 197166, "CNPJ": "11718875000140", "IDCIDADE": "ITAPEVA", "NOMEFANTASIA": "REI_DA_MODA", "RAZAOSOCIAL": "RODRIGO_RAMOS_DE_CAMARGO", "ENDEE": "RUA_PIRES_FLEURY412__CENTRO_18400-430", "LMAPS": "https://www.google.com/maps?q=&layer=c&cbll=-48.8776949,-23.9818113", "O_QUE_FAZER": "CARTEIRA", "ER_REGIAO_CIDADE_min": "Itapeva_Itapeva_Sudoeste Paulista" }, "geometry": { "type": "Point", "coordinates": [ -48.8776949, -23.9818113 ] } },
{ "type": "Feature", "properties": { "fid": 197168, "CNPJ": "06118676000160", "IDCIDADE": "ITAPEVA", "NOMEFANTASIA": "MAS_&_VI", "RAZAOSOCIAL": "C.F._DE_OLIVEIRA_ITAPEVA", "ENDEE": "RUA_CORONEL_LEVINO_RIBEIRO792__CENTRO_18400-410", "LMAPS": "https://www.google.com/maps?q=&layer=c&cbll=-48.8779274,-23.98182", "O_QUE_FAZER": "CARTEIRA", "ER_REGIAO_CIDADE_min": "Itapeva_Itapeva_Sudoeste Paulista" }, "geometry": { "type": "Point", "coordinates": [ -48.8779274, -23.98182 ] } },
{ "type": "Feature", "properties": { "fid": 197169, "CNPJ": "06045374000100", "IDCIDADE": "ITAPEVA", "NOMEFANTASIA": "ESTRELA_SPORTES", "RAZAOSOCIAL": "LUDMILA_CARVALHO_DE_OLIVEIRA_&_CIA_LTDA", "ENDEE": "RUA_PIRES_FLEURY300__CENTRO_18400-430", "LMAPS": "https://www.google.com/maps?q=&layer=c&cbll=-48.876806,-23.981822", "O_QUE_FAZER": "CARTEIRA", "ER_REGIAO_CIDADE_min": "Itapeva_Itapeva_Sudoeste Paulista" }, "geometry": { "type": "Point", "coordinates": [ -48.876806, -23.981822 ] } },
{ "type": "Feature", "properties": { "fid": 197170, "CNPJ": "03684179000131", "IDCIDADE": "ITAPEVA", "NOMEFANTASIA": "CASA_DOS_PRESENTES", "RAZAOSOCIAL": "CASA_DOS_PRESENTES_ITAPEVA_LTDA", "ENDEE": "RUA_PIRES_FLEURY413__CENTRO_18400-430", "LMAPS": "https://www.google.com/maps?q=&layer=c&cbll=-48.8777108,-23.9818238", "O_QUE_FAZER": "CARTEIRA", "ER_REGIAO_CIDADE_min": "Itapeva_Itapeva_Sudoeste Paulista" }, "geometry": { "type": "Point", "coordinates": [ -48.8777108, -23.9818238 ] } },
{ "type": "Feature", "properties": { "fid": 197171, "CNPJ": "06118676000675", "IDCIDADE": "ITAPEVA", "NOMEFANTASIA": "JAC_&_VI_MODAS", "RAZAOSOCIAL": "C.F._DE_OLIVEIRA_ITAPEVA", "ENDEE": "RUA_PIRES_FLEURY431__CENTRO_18400-430", "LMAPS": "https://www.google.com/maps?q=&layer=c&cbll=-48.8779644,-23.9818251", "O_QUE_FAZER": "CARTEIRA", "ER_REGIAO_CIDADE_min": "Itapeva_Itapeva_Sudoeste Paulista" }, "geometry": { "type": "Point", "coordinates": [ -48.8779644, -23.9818251 ] } },
{ "type": "Feature", "properties": { "fid": 197173, "CNPJ": "53092850000123", "IDCIDADE": "ITAPEVA", "NOMEFANTASIA": "CHILLIBEANS", "RAZAOSOCIAL": "LIMA_CERCINA_LTDA", "ENDEE": "RUA_PIRES_FLEURY326__CENTRO_18400-430", "LMAPS": "https://www.google.com/maps?q=&layer=c&cbll=-48.8769273,-23.9818325", "O_QUE_FAZER": "CARTEIRA", "ER_REGIAO_CIDADE_min": "Itapeva_Itapeva_Sudoeste Paulista" }, "geometry": { "type": "Point", "coordinates": [ -48.8769273, -23.9818325 ] } },
{ "type": "Feature", "properties": { "fid": 197174, "CNPJ": "31935857000127", "IDCIDADE": "ITAPEVA", "NOMEFANTASIA": "CHILLI_BEANS", "RAZAOSOCIAL": "GIANLUPPI_COMERCIO_DE_OCULOS_E_ACESSORIOS_LTDA", "ENDEE": "RUA_PIRES_FLEURY336__CENTRO_18400-430", "LMAPS": "https://www.google.com/maps?q=&layer=c&cbll=-48.8769383,-23.9818385", "O_QUE_FAZER": "CARTEIRA", "ER_REGIAO_CIDADE_min": "Itapeva_Itapeva_Sudoeste Paulista" }, "geometry": { "type": "Point", "coordinates": [ -48.8769383, -23.9818385 ] } },
{ "type": "Feature", "properties": { "fid": 197175, "CNPJ": "20316520000115", "IDCIDADE": "ITAPEVA", "NOMEFANTASIA": "ENGENHEIRO_SALGADOS", "RAZAOSOCIAL": "ANDRE_GIOVANE_LEMOS", "ENDEE": "RUA_PIRES_FLEURY326__CENTRO_18400-430", "LMAPS": "https://www.google.com/maps?q=&layer=c&cbll=-48.8768763,-23.9818397", "O_QUE_FAZER": "CARTEIRA", "ER_REGIAO_CIDADE_min": "Itapeva_Itapeva_Sudoeste Paulista" }, "geometry": { "type": "Point", "coordinates": [ -48.8768763, -23.9818397 ] } },
{ "type": "Feature", "properties": { "fid": 197176, "CNPJ": "03569629000145", "IDCIDADE": "ITAPEVA", "NOMEFANTASIA": "ESCRITORIO_CAMARGO", "RAZAOSOCIAL": "CLAUDINEI_CAMARGO_DE_MORAES_ITAPEVA", "ENDEE": "RUA_GERALDO_ALCKMIN57__VILA_NOSSA_SENHORA_DE_FATIMA_18409-010", "LMAPS": "https://www.google.com/maps?q=&layer=c&cbll=-48.8794617,-23.9818418", "O_QUE_FAZER": "CARTEIRA", "ER_REGIAO_CIDADE_min": "Itapeva_Itapeva_Sudoeste Paulista" }, "geometry": { "type": "Point", "coordinates": [ -48.8794617, -23.9818418 ] } },
{ "type": "Feature", "properties": { "fid": 197177, "CNPJ": "39748803000164", "IDCIDADE": "ITAPEVA", "NOMEFANTASIA": "Q-BONITA", "RAZAOSOCIAL": "TATIANE_RAMOS_DE_ANDRADE_GOMES", "ENDEE": "RUA_PIRES_FLEURY389__CENTRO_18400-430", "LMAPS": "https://www.google.com/maps?q=&layer=c&cbll=-48.8775677,-23.9818437", "O_QUE_FAZER": "CARTEIRA", "ER_REGIAO_CIDADE_min": "Itapeva_Itapeva_Sudoeste Paulista" }, "geometry": { "type": "Point", "coordinates": [ -48.8775677, -23.9818437 ] } },
{ "type": "Feature", "properties": { "fid": 197178, "CNPJ": "08978891000167", "IDCIDADE": "ITAPEVA", "NOMEFANTASIA": "PREVER", "RAZAOSOCIAL": "A._A._RODRIGUES_FUNERARIA", "ENDEE": "RUA_SANTOS_DUMONT266__CENTRO_18400-030", "LMAPS": "https://www.google.com/maps?q=&layer=c&cbll=-48.8769035,-23.9818443", "O_QUE_FAZER": "CARTEIRA", "ER_REGIAO_CIDADE_min": "Itapeva_Itapeva_Sudoeste Paulista" }, "geometry": { "type": "Point", "coordinates": [ -48.8769035, -23.9818443 ] } },
{ "type": "Feature", "properties": { "fid": 197179, "CNPJ": "27949694000245", "IDCIDADE": "ITAPEVA", "NOMEFANTASIA": "ONLINE_FASTION", "RAZAOSOCIAL": "DANIELA_DA_SILVA_SANTOS_MUZEL_ITAPEVA_LTDA", "ENDEE": "RUA_PIRES_FLEURY352__CENTRO_18400-430", "LMAPS": "https://www.google.com/maps?q=&layer=c&cbll=-48.8771833,-23.9818555", "O_QUE_FAZER": "CARTEIRA", "ER_REGIAO_CIDADE_min": "Itapeva_Itapeva_Sudoeste Paulista" }, "geometry": { "type": "Point", "coordinates": [ -48.8771833, -23.9818555 ] } },
{ "type": "Feature", "properties": { "fid": 197180, "CNPJ": "02682218000107", "IDCIDADE": "ITAPEVA", "NOMEFANTASIA": "FOTOGRAFE", "RAZAOSOCIAL": "SANTOS_FREIMAN_FOTOS_LTDA", "ENDEE": "RUA_PIRES_FLEURY282__CENTRO_18400-430", "LMAPS": "https://www.google.com/maps?q=&layer=c&cbll=-48.8764147,-23.9818683", "O_QUE_FAZER": "CARTEIRA", "ER_REGIAO_CIDADE_min": "Itapeva_Itapeva_Sudoeste Paulista" }, "geometry": { "type": "Point", "coordinates": [ -48.8764147, -23.9818683 ] } },
{ "type": "Feature", "properties": { "fid": 197181, "CNPJ": "08959015000193", "IDCIDADE": "ITAPEVA", "NOMEFANTASIA": "MAJU_PERFUMARIA", "RAZAOSOCIAL": "MAJU_PERFUMARIA_E_COSMETICOS_LTDA", "ENDEE": "PRACA_ANCHIETA86__CENTRO_18400-450", "LMAPS": "https://www.google.com/maps?q=&layer=c&cbll=-48.8762991,-23.9818699", "O_QUE_FAZER": "CARTEIRA", "ER_REGIAO_CIDADE_min": "Itapeva_Itapeva_Sudoeste Paulista" }, "geometry": { "type": "Point", "coordinates": [ -48.8762991, -23.9818699 ] } },
{ "type": "Feature", "properties": { "fid": 197182, "CNPJ": "01355185000110", "IDCIDADE": "ITAPEVA", "NOMEFANTASIA": "BAIUCA_ARMARINHOS", "RAZAOSOCIAL": "BAIUCA_COMERCIO_DE_ARMARINHOS_LTDA", "ENDEE": "RUA_PIRES_FLEURY333__CENTRO_18400-430", "LMAPS": "https://www.google.com/maps?q=&layer=c&cbll=-48.8769363,-23.9818863", "O_QUE_FAZER": "CARTEIRA", "ER_REGIAO_CIDADE_min": "Itapeva_Itapeva_Sudoeste Paulista" }, "geometry": { "type": "Point", "coordinates": [ -48.8769363, -23.9818863 ] } },
{ "type": "Feature", "properties": { "fid": 197183, "CNPJ": "34315856000178", "IDCIDADE": "ITAPEVA", "NOMEFANTASIA": "MOLEKADAS", "RAZAOSOCIAL": "SANTOS_MUZEL_CONFECCOES_ITAPEVA_LTDA", "ENDEE": "RUA_PIRES_FLEURY286__CENTRO_18400-430", "LMAPS": "https://www.google.com/maps?q=&layer=c&cbll=-48.8765389,-23.9818927", "O_QUE_FAZER": "CARTEIRA", "ER_REGIAO_CIDADE_min": "Itapeva_Itapeva_Sudoeste Paulista" }, "geometry": { "type": "Point", "coordinates": [ -48.8765389, -23.9818927 ] } },
{ "type": "Feature", "properties": { "fid": 197185, "CNPJ": "32416425000172", "IDCIDADE": "ITAPEVA", "NOMEFANTASIA": "SCALA_FESHION", "RAZAOSOCIAL": "COMERCIAL_ALX_ARTIGOS_DO_VESTUARIO_LTDA", "ENDEE": "RUA_PIRES_FLEURY347__CENTRO_18400-430", "LMAPS": "https://www.google.com/maps?q=&layer=c&cbll=-48.8770368,-23.9819035", "O_QUE_FAZER": "CARTEIRA", "ER_REGIAO_CIDADE_min": "Itapeva_Itapeva_Sudoeste Paulista" }, "geometry": { "type": "Point", "coordinates": [ -48.8770368, -23.9819035 ] } },
{ "type": "Feature", "properties": { "fid": 197186, "CNPJ": "30925441000165", "IDCIDADE": "ITAPEVA", "NOMEFANTASIA": "OPT_OCULOS", "RAZAOSOCIAL": "S&A_COMERCIO_PRODUTOS_OPTICOS_LTDA", "ENDEE": "RUA_PIRES_FLEURY397__CENTRO_18400-430", "LMAPS": "https://www.google.com/maps?q=&layer=c&cbll=-48.8775994,-23.981904", "O_QUE_FAZER": "CARTEIRA", "ER_REGIAO_CIDADE_min": "Itapeva_Itapeva_Sudoeste Paulista" }, "geometry": { "type": "Point", "coordinates": [ -48.8775994, -23.981904 ] } },
{ "type": "Feature", "properties": { "fid": 197187, "CNPJ": "43769703000191", "IDCIDADE": "ITAPEVA", "NOMEFANTASIA": "GABRIEL_ASSESSORIOS", "RAZAOSOCIAL": "GABRIEL_COMERCIO_DE_ACESSORIOS_II_LTDA", "ENDEE": "PRACA_ANCHIETA26__CENTRO_18400-450", "LMAPS": "https://www.google.com/maps?q=&layer=c&cbll=-48.8756623,-23.9819245", "O_QUE_FAZER": "CARTEIRA", "ER_REGIAO_CIDADE_min": "Itapeva_Itapeva_Sudoeste Paulista" }, "geometry": { "type": "Point", "coordinates": [ -48.8756623, -23.9819245 ] } },
{ "type": "Feature", "properties": { "fid": 197193, "CNPJ": "07388297000153", "IDCIDADE": "ITAPEVA", "NOMEFANTASIA": "UNIVERSAL_TURISMO", "RAZAOSOCIAL": "GET_UP_-_VIAGENS_TURISMO_E_INTERCAMBIO_LTDA", "ENDEE": "PRACA_ANCHIETA9__CENTRO_18400-450", "LMAPS": "https://www.google.com/maps?q=&layer=c&cbll=-48.8753782,-23.982022", "O_QUE_FAZER": "CARTEIRA", "ER_REGIAO_CIDADE_min": "Itapeva_Itapeva_Sudoeste Paulista" }, "geometry": { "type": "Point", "coordinates": [ -48.8753782, -23.982022 ] } },
{ "type": "Feature", "properties": { "fid": 197194, "CNPJ": "09052500000141", "IDCIDADE": "ITAPEVA", "NOMEFANTASIA": "MX_BIJU", "RAZAOSOCIAL": "MIXSIMOES_BIJUTERIAS_LTDA", "ENDEE": "RUA_PIRES_FLEURY287__CENTRO_18400-430", "LMAPS": "https://www.google.com/maps?q=&layer=c&cbll=-48.8765542,-23.9820381", "O_QUE_FAZER": "CARTEIRA", "ER_REGIAO_CIDADE_min": "Itapeva_Itapeva_Sudoeste Paulista" }, "geometry": { "type": "Point", "coordinates": [ -48.8765542, -23.9820381 ] } },
{ "type": "Feature", "properties": { "fid": 197197, "CNPJ": "34788859000129", "IDCIDADE": "ITAPEVA", "NOMEFANTASIA": "JE_PRESENTES", "RAZAOSOCIAL": "FOGACA_PRESENTES_ITAPEVA_LTDA", "ENDEE": "PRACA_FURQUIM_PEDROSO21__CENTRO_18400-520", "LMAPS": "https://www.google.com/maps?q=&layer=c&cbll=-48.8781664,-23.9820584", "O_QUE_FAZER": "CARTEIRA", "ER_REGIAO_CIDADE_min": "Itapeva_Itapeva_Sudoeste Paulista" }, "geometry": { "type": "Point", "coordinates": [ -48.8781664, -23.9820584 ] } },
{ "type": "Feature", "properties": { "fid": 197204, "CNPJ": "22574055000148", "IDCIDADE": "ITAPEVA", "NOMEFANTASIA": "VERDADE_SHOPPINB", "RAZAOSOCIAL": "G_A_DE_OLIVEIRA_MAGAZINE_E_CIA._LTDA.", "ENDEE": "PRACA_ANCHIETA118__CENTRO_18400-450", "LMAPS": "https://www.google.com/maps?q=&layer=c&cbll=-48.876325,-23.9821062", "O_QUE_FAZER": "CARTEIRA", "ER_REGIAO_CIDADE_min": "Itapeva_Itapeva_Sudoeste Paulista" }, "geometry": { "type": "Point", "coordinates": [ -48.876325, -23.9821062 ] } },
{ "type": "Feature", "properties": { "fid": 197205, "CNPJ": "28896598000168", "IDCIDADE": "ITAPEVA", "NOMEFANTASIA": "JUNITEX_ITAPEVA", "RAZAOSOCIAL": "RAISSA_SCHEIDT_DO_VALLE", "ENDEE": "RUA_MARIO_PRANDINI186__CENTRO_18400-170", "LMAPS": "https://www.google.com/maps?q=&layer=c&cbll=-48.8774432,-23.9821083", "O_QUE_FAZER": "CARTEIRA", "ER_REGIAO_CIDADE_min": "Itapeva_Itapeva_Sudoeste Paulista" }, "geometry": { "type": "Point", "coordinates": [ -48.8774432, -23.9821083 ] } },
{ "type": "Feature", "properties": { "fid": 197206, "CNPJ": "22142333000198", "IDCIDADE": "ITAPEVA", "NOMEFANTASIA": "CAMPO_LIMPO_ENGENHARIA", "RAZAOSOCIAL": "CAMPOLIMPO_GESTAO,_REPRESENTACAO,_COMERCIO_E_SERVICOS_LTDA", "ENDEE": "PRACA_FURQUIM_PEDROSO39__CENTRO_18400-520", "LMAPS": "https://www.google.com/maps?q=&layer=c&cbll=-48.8783158,-23.9821122", "O_QUE_FAZER": "CARTEIRA", "ER_REGIAO_CIDADE_min": "Itapeva_Itapeva_Sudoeste Paulista" }, "geometry": { "type": "Point", "coordinates": [ -48.8783158, -23.9821122 ] } },
{ "type": "Feature", "properties": { "fid": 197207, "CNPJ": "29421844000279", "IDCIDADE": "ITAPEVA", "NOMEFANTASIA": "THYLA_VARIEDADES", "RAZAOSOCIAL": "TAYLA_SIQUEIRA_FERREIRA_BRITO", "ENDEE": "RUA_DOUTOR_PINHEIRO110__CENTRO_18400-005", "LMAPS": "https://www.google.com/maps?q=&layer=c&cbll=-48.8763088,-23.9821256", "O_QUE_FAZER": "CARTEIRA", "ER_REGIAO_CIDADE_min": "Itapeva_Itapeva_Sudoeste Paulista" }, "geometry": { "type": "Point", "coordinates": [ -48.8763088, -23.9821256 ] } },
{ "type": "Feature", "properties": { "fid": 197210, "CNPJ": "28183654000117", "IDCIDADE": "ITAPEVA", "NOMEFANTASIA": "O_CASARAO_ARMAZEM", "RAZAOSOCIAL": "APARECIDO_ALVES_CORDEIRO", "ENDEE": "RUA_PAULO_PETZOLD310__PARQUE_SAO_JORGE_18409-340", "LMAPS": "https://www.google.com/maps?q=&layer=c&cbll=-48.8884058,-23.9821629", "O_QUE_FAZER": "CARTEIRA", "ER_REGIAO_CIDADE_min": "Itapeva_Itapeva_Sudoeste Paulista" }, "geometry": { "type": "Point", "coordinates": [ -48.8884058, -23.9821629 ] } },
{ "type": "Feature", "properties": { "fid": 197211, "CNPJ": "10763564000210", "IDCIDADE": "ITAPEVA", "NOMEFANTASIA": "TIMAX", "RAZAOSOCIAL": "CAPELINHA_COMERCIAL_DE_CALCADOS_E_CONFECCOES_LTDA", "ENDEE": "RUA_MARIO_PRANDINI170__CENTRO_18400-170", "LMAPS": "https://www.google.com/maps?q=&layer=c&cbll=-48.877223,-23.9821677", "O_QUE_FAZER": "CARTEIRA", "ER_REGIAO_CIDADE_min": "Itapeva_Itapeva_Sudoeste Paulista" }, "geometry": { "type": "Point", "coordinates": [ -48.877223, -23.9821677 ] } },
{ "type": "Feature", "properties": { "fid": 197212, "CNPJ": "21365081000101", "IDCIDADE": "ITAPEVA", "NOMEFANTASIA": "KM_HOTIFRUTI_E_DISTRIBUIDORA", "RAZAOSOCIAL": "KELWE_GLEIK_ROCCO_ITAPEVA", "ENDEE": "RUA_SAO_PAULO138__VILA_NOVA_18410-070", "LMAPS": "https://www.google.com/maps?q=&layer=c&cbll=-48.8793604,-23.9821929", "O_QUE_FAZER": "CARTEIRA", "ER_REGIAO_CIDADE_min": "Itapeva_Itapeva_Sudoeste Paulista" }, "geometry": { "type": "Point", "coordinates": [ -48.8793604, -23.9821929 ] } },
{ "type": "Feature", "properties": { "fid": 197216, "CNPJ": "46729382000190", "IDCIDADE": "ITAPEVA", "NOMEFANTASIA": "DU_REY_VARIEDADES", "RAZAOSOCIAL": "DU_REY_VARIEDADES_LTDA", "ENDEE": "RUA_MARIO_PRANDINI198__CENTRO_18400-170", "LMAPS": "https://www.google.com/maps?q=&layer=c&cbll=-48.8772439,-23.9822573", "O_QUE_FAZER": "CARTEIRA", "ER_REGIAO_CIDADE_min": "Itapeva_Itapeva_Sudoeste Paulista" }, "geometry": { "type": "Point", "coordinates": [ -48.8772439, -23.9822573 ] } },
{ "type": "Feature", "properties": { "fid": 197217, "CNPJ": "49801426000133", "IDCIDADE": "ITAPEVA", "NOMEFANTASIA": "ITACONTABIL", "RAZAOSOCIAL": "ITAPEVA_CONTABILIDADES_LTDA", "ENDEE": "RUA_MARIO_PRANDINI202__CENTRO_18400-170", "LMAPS": "https://www.google.com/maps?q=&layer=c&cbll=-48.8773176,-23.9822583", "O_QUE_FAZER": "CARTEIRA", "ER_REGIAO_CIDADE_min": "Itapeva_Itapeva_Sudoeste Paulista" }, "geometry": { "type": "Point", "coordinates": [ -48.8773176, -23.9822583 ] } },
{ "type": "Feature", "properties": { "fid": 197218, "CNPJ": "27368854000181", "IDCIDADE": "ITAPEVA", "NOMEFANTASIA": "SA_TA_FE", "RAZAOSOCIAL": "OTICAS_SANTA_FE_LTDA", "ENDEE": "PRACA_ANCHIETA132__CENTRO_18400-450", "LMAPS": "https://www.google.com/maps?q=&layer=c&cbll=-48.8763015,-23.9822727", "O_QUE_FAZER": "CARTEIRA", "ER_REGIAO_CIDADE_min": "Itapeva_Itapeva_Sudoeste Paulista" }, "geometry": { "type": "Point", "coordinates": [ -48.8763015, -23.9822727 ] } },
{ "type": "Feature", "properties": { "fid": 197219, "CNPJ": "51502710000150", "IDCIDADE": "ITAPEVA", "NOMEFANTASIA": "HEXA_ASSESSORIOX", "RAZAOSOCIAL": "HEXA_COMERCIO_E_REPARACAO_DE_ELETRONICOS_LTDA", "ENDEE": "PRACA_ANCHIETA128__CENTRO_18400-450", "LMAPS": "https://www.google.com/maps?q=&layer=c&cbll=-48.8763256,-23.9822738", "O_QUE_FAZER": "CARTEIRA", "ER_REGIAO_CIDADE_min": "Itapeva_Itapeva_Sudoeste Paulista" }, "geometry": { "type": "Point", "coordinates": [ -48.8763256, -23.9822738 ] } },
{ "type": "Feature", "properties": { "fid": 197220, "CNPJ": "10231060000179", "IDCIDADE": "ITAPEVA", "NOMEFANTASIA": "CASA_DOS_COLCHOES", "RAZAOSOCIAL": "MAFFEI_CASA_DOS_COLCHOES_LTDA", "ENDEE": "RUA_RUY_BARBOSA541__CENTRO_18400-385", "LMAPS": "https://www.google.com/maps?q=&layer=c&cbll=-48.8773242,-23.9822843", "O_QUE_FAZER": "CARTEIRA", "ER_REGIAO_CIDADE_min": "Itapeva_Itapeva_Sudoeste Paulista" }, "geometry": { "type": "Point", "coordinates": [ -48.8773242, -23.9822843 ] } },
{ "type": "Feature", "properties": { "fid": 197221, "CNPJ": "21073798000171", "IDCIDADE": "ITAPEVA", "NOMEFANTASIA": "SELCOO", "RAZAOSOCIAL": "TIAGO_JOSE_VIAPIANA", "ENDEE": "PRACA_ANCHIETA33__CENTRO_18400-450", "LMAPS": "https://www.google.com/maps?q=&layer=c&cbll=-48.8754557,-23.9822938", "O_QUE_FAZER": "CARTEIRA", "ER_REGIAO_CIDADE_min": "Itapeva_Itapeva_Sudoeste Paulista" }, "geometry": { "type": "Point", "coordinates": [ -48.8754557, -23.9822938 ] } },
{ "type": "Feature", "properties": { "fid": 197224, "CNPJ": "02147396000120", "IDCIDADE": "ITAPEVA", "NOMEFANTASIA": "CASA_DOS_COLCHOES", "RAZAOSOCIAL": "LUIS_ANTONIO_VEROLESE", "ENDEE": "RUA_MARIO_PRANDINI210__CENTRO_18400-170", "LMAPS": "https://www.google.com/maps?q=&layer=c&cbll=-48.8772343,-23.9823289", "O_QUE_FAZER": "CARTEIRA", "ER_REGIAO_CIDADE_min": "Itapeva_Itapeva_Sudoeste Paulista" }, "geometry": { "type": "Point", "coordinates": [ -48.8772343, -23.9823289 ] } },
{ "type": "Feature", "properties": { "fid": 197234, "CNPJ": "43333683000292", "IDCIDADE": "ITAPEVA", "NOMEFANTASIA": "A_LEGITIMA_SUPER_10", "RAZAOSOCIAL": "CLARA_VOGT_UTILIDADES_LTDA.", "ENDEE": "RUA_MARIO_PRANDINI225__CENTRO_18400-170", "LMAPS": "https://www.google.com/maps?q=&layer=c&cbll=-48.8769855,-23.9824262", "O_QUE_FAZER": "CARTEIRA", "ER_REGIAO_CIDADE_min": "Itapeva_Itapeva_Sudoeste Paulista" }, "geometry": { "type": "Point", "coordinates": [ -48.8769855, -23.9824262 ] } },
{ "type": "Feature", "properties": { "fid": 197238, "CNPJ": "36027677000160", "IDCIDADE": "ITAPEVA", "NOMEFANTASIA": "SUPER_10", "RAZAOSOCIAL": "BM_COMERCIO_DE_UTILIDADES_E_TRANSPORTES_LTDA", "ENDEE": "RUA_MARIO_PRANDINI225__CENTRO_18400-170", "LMAPS": "https://www.google.com/maps?q=&layer=c&cbll=-48.8771044,-23.9824428", "O_QUE_FAZER": "CARTEIRA", "ER_REGIAO_CIDADE_min": "Itapeva_Itapeva_Sudoeste Paulista" }, "geometry": { "type": "Point", "coordinates": [ -48.8771044, -23.9824428 ] } },
{ "type": "Feature", "properties": { "fid": 197239, "CNPJ": "60839073000101", "IDCIDADE": "ITAPEVA", "NOMEFANTASIA": "MERCADO_FAVORITO", "RAZAOSOCIAL": "WILSON_ROBERTO_RODRIGUES_DE_ARAUJO", "ENDEE": "AVENIDA_HIGINO_MARQUES1426__JARDIM_MARINGA_18407-120", "LMAPS": "https://www.google.com/maps?q=&layer=c&cbll=-48.8882909,-23.9824485", "O_QUE_FAZER": "CARTEIRA", "ER_REGIAO_CIDADE_min": "Itapeva_Itapeva_Sudoeste Paulista" }, "geometry": { "type": "Point", "coordinates": [ -48.8882909, -23.9824485 ] } },
{ "type": "Feature", "properties": { "fid": 197242, "CNPJ": "13753748000107", "IDCIDADE": "ITAPEVA", "NOMEFANTASIA": "FAZFARMA", "RAZAOSOCIAL": "TRENTINI_MAGISTRAL_LTDA", "ENDEE": "PRACA_ANCHIETA65__CENTRO_18400-450", "LMAPS": "https://www.google.com/maps?q=&layer=c&cbll=-48.8757203,-23.9824794", "O_QUE_FAZER": "CARTEIRA", "ER_REGIAO_CIDADE_min": "Itapeva_Itapeva_Sudoeste Paulista" }, "geometry": { "type": "Point", "coordinates": [ -48.8757203, -23.9824794 ] } },
{ "type": "Feature", "properties": { "fid": 197244, "CNPJ": "35508783000101", "IDCIDADE": "ITAPEVA", "NOMEFANTASIA": "VO_LENITA_GRILL", "RAZAOSOCIAL": "BRUNO_ALMEIDA_LTDA", "ENDEE": "AVENIDA_EXPEDICIONARIOS_DE_ITAPEVA701__PARQUE_CIMENTOLANDIA_18409-640", "LMAPS": "https://www.google.com/maps?q=&layer=c&cbll=-48.8969951,-23.9825429", "O_QUE_FAZER": "CARTEIRA", "ER_REGIAO_CIDADE_min": "Itapeva_Itapeva_Sudoeste Paulista" }, "geometry": { "type": "Point", "coordinates": [ -48.8969951, -23.9825429 ] } },
{ "type": "Feature", "properties": { "fid": 197245, "CNPJ": "13478647000175", "IDCIDADE": "ITAPEVA", "NOMEFANTASIA": "DRESS_STORE", "RAZAOSOCIAL": "ANA_GRAZIELA_DE_FREITAS", "ENDEE": "RUA_MARIO_PRANDINI228__CENTRO_18400-170", "LMAPS": "https://www.google.com/maps?q=&layer=c&cbll=-48.8772386,-23.9825431", "O_QUE_FAZER": "CARTEIRA", "ER_REGIAO_CIDADE_min": "Itapeva_Itapeva_Sudoeste Paulista" }, "geometry": { "type": "Point", "coordinates": [ -48.8772386, -23.9825431 ] } },
{ "type": "Feature", "properties": { "fid": 197246, "CNPJ": "00674611000115", "IDCIDADE": "ITAPEVA", "NOMEFANTASIA": "LOJA_PRECO_BOM", "RAZAOSOCIAL": "ROQUE_CADENA_DE_MORAIS_ITAPEVA", "ENDEE": "RUA_MARIO_PRANDINI233__CENTRO_18400-170", "LMAPS": "https://www.google.com/maps?q=&layer=c&cbll=-48.8771701,-23.9825553", "O_QUE_FAZER": "CARTEIRA", "ER_REGIAO_CIDADE_min": "Itapeva_Itapeva_Sudoeste Paulista" }, "geometry": { "type": "Point", "coordinates": [ -48.8771701, -23.9825553 ] } },
{ "type": "Feature", "properties": { "fid": 197249, "CNPJ": "07080636000210", "IDCIDADE": "ITAPEVA", "NOMEFANTASIA": "NEED_CURSOS", "RAZAOSOCIAL": "KLEBER_RIBEIRO_INFORMATICA", "ENDEE": "RUA_CORONEL_LEVINO_RIBEIRO818__CENTRO_18400-410", "LMAPS": "https://www.google.com/maps?q=&layer=c&cbll=-48.8778886,-23.9825706", "O_QUE_FAZER": "CARTEIRA", "ER_REGIAO_CIDADE_min": "Itapeva_Itapeva_Sudoeste Paulista" }, "geometry": { "type": "Point", "coordinates": [ -48.8778886, -23.9825706 ] } },
{ "type": "Feature", "properties": { "fid": 197250, "CNPJ": "13484501000132", "IDCIDADE": "ITAPEVA", "NOMEFANTASIA": "EMPORIO_PRESENTES", "RAZAOSOCIAL": "BRUNA_ROBERTA_FOGACA_SANTOS_-_ITAPEVA", "ENDEE": "AVENIDA_DOUTOR_JOSE_ERMIRIO_DE_MORAES2552__CENTRO_18400-510", "LMAPS": "https://www.google.com/maps?q=&layer=c&cbll=-48.8789314,-23.9825795", "O_QUE_FAZER": "CARTEIRA", "ER_REGIAO_CIDADE_min": "Itapeva_Itapeva_Sudoeste Paulista" }, "geometry": { "type": "Point", "coordinates": [ -48.8789314, -23.9825795 ] } },
{ "type": "Feature", "properties": { "fid": 197254, "CNPJ": "74381385000110", "IDCIDADE": "ITAPEVA", "NOMEFANTASIA": "OTICA_CRISTAL", "RAZAOSOCIAL": "ANTONIO_MARCOS_DOMINGUES_DE_BARROS-ITAPEVA", "ENDEE": "RUA_CORONEL_LEVINO_RIBEIRO76218__CENTRO_18400-410", "LMAPS": "https://www.google.com/maps?q=&layer=c&cbll=-48.8772453,-23.9826382", "O_QUE_FAZER": "CARTEIRA", "ER_REGIAO_CIDADE_min": "Itapeva_Itapeva_Sudoeste Paulista" }, "geometry": { "type": "Point", "coordinates": [ -48.8772453, -23.9826382 ] } },
{ "type": "Feature", "properties": { "fid": 197255, "CNPJ": "49790611000170", "IDCIDADE": "ITAPEVA", "NOMEFANTASIA": "CASA_DO_LAVRADOR", "RAZAOSOCIAL": "ANDRE_HOLTZ_UNIPESSOAL_LTDA", "ENDEE": "RUA_CORONEL_LEVINO_RIBEIRO869__CENTRO_18400-410", "LMAPS": "https://www.google.com/maps?q=&layer=c&cbll=-48.8783527,-23.9826437", "O_QUE_FAZER": "CARTEIRA", "ER_REGIAO_CIDADE_min": "Itapeva_Itapeva_Sudoeste Paulista" }, "geometry": { "type": "Point", "coordinates": [ -48.8783527, -23.9826437 ] } },
{ "type": "Feature", "properties": { "fid": 197257, "CNPJ": "50237043000163", "IDCIDADE": "ITAPEVA", "NOMEFANTASIA": "BR_CELL", "RAZAOSOCIAL": "BRYAN_RICHARD_DE_OLIVEIRA_MACIEL", "ENDEE": "RUA_CORONEL_LEVINO_RIBEIRO728__CENTRO_18400-410", "LMAPS": "https://www.google.com/maps?q=&layer=c&cbll=-48.8769297,-23.9826515", "O_QUE_FAZER": "CARTEIRA", "ER_REGIAO_CIDADE_min": "Itapeva_Itapeva_Sudoeste Paulista" }, "geometry": { "type": "Point", "coordinates": [ -48.8769297, -23.9826515 ] } },
{ "type": "Feature", "properties": { "fid": 197259, "CNPJ": "46497759000122", "IDCIDADE": "ITAPEVA", "NOMEFANTASIA": "LUZ_DO_SOL", "RAZAOSOCIAL": "PRETA_MODAS_LTDA", "ENDEE": "RUA_CORONEL_LEVINO_RIBEIRO774__CENTRO_18400-410", "LMAPS": "https://www.google.com/maps?q=&layer=c&cbll=-48.8774228,-23.9826603", "O_QUE_FAZER": "CARTEIRA", "ER_REGIAO_CIDADE_min": "Itapeva_Itapeva_Sudoeste Paulista" }, "geometry": { "type": "Point", "coordinates": [ -48.8774228, -23.9826603 ] } },
{ "type": "Feature", "properties": { "fid": 197263, "CNPJ": "13425107000123", "IDCIDADE": "ITAPEVA", "NOMEFANTASIA": "OTICA_CENTER", "RAZAOSOCIAL": "OTICAS_CENTER_DE_ITAPEVA_LTDA", "ENDEE": "RUA_CORONEL_LEVINO_RIBEIRO728__CENTRO_18400-410", "LMAPS": "https://www.google.com/maps?q=&layer=c&cbll=-48.8769337,-23.9826927", "O_QUE_FAZER": "CARTEIRA", "ER_REGIAO_CIDADE_min": "Itapeva_Itapeva_Sudoeste Paulista" }, "geometry": { "type": "Point", "coordinates": [ -48.8769337, -23.9826927 ] } },
{ "type": "Feature", "properties": { "fid": 197264, "CNPJ": "30457391000139", "IDCIDADE": "ITAPEVA", "NOMEFANTASIA": "REAL_BICHOS", "RAZAOSOCIAL": "REAL_BICHOS_AGROPECUARIA_LTDA", "ENDEE": "RUA_CORONEL_LEVINO_RIBEIRO869__CENTRO_18400-410", "LMAPS": "https://www.google.com/maps?q=&layer=c&cbll=-48.8784431,-23.9826997", "O_QUE_FAZER": "CARTEIRA", "ER_REGIAO_CIDADE_min": "Itapeva_Itapeva_Sudoeste Paulista" }, "geometry": { "type": "Point", "coordinates": [ -48.8784431, -23.9826997 ] } },
{ "type": "Feature", "properties": { "fid": 197267, "CNPJ": "33302154000197", "IDCIDADE": "ITAPEVA", "NOMEFANTASIA": "PAO_&_ARTE", "RAZAOSOCIAL": "ANDRE_SILVA_ALMEIDA_PADARIA", "ENDEE": "RUA_CORONEL_LEVINO_RIBEIRO785__CENTRO_18400-410", "LMAPS": "https://www.google.com/maps?q=&layer=c&cbll=-48.8773547,-23.9827196", "O_QUE_FAZER": "CARTEIRA", "ER_REGIAO_CIDADE_min": "Itapeva_Itapeva_Sudoeste Paulista" }, "geometry": { "type": "Point", "coordinates": [ -48.8773547, -23.9827196 ] } },
{ "type": "Feature", "properties": { "fid": 197268, "CNPJ": "02039900000178", "IDCIDADE": "ITAPEVA", "NOMEFANTASIA": "FRAZILLI_REFRIGERACOES", "RAZAOSOCIAL": "FRAZILLI_REFRIGERACOES_LTDA", "ENDEE": "RUA_CORONEL_LEVINO_RIBEIRO829__CENTRO_18400-410", "LMAPS": "https://www.google.com/maps?q=&layer=c&cbll=-48.8780355,-23.9827197", "O_QUE_FAZER": "CARTEIRA", "ER_REGIAO_CIDADE_min": "Itapeva_Itapeva_Sudoeste Paulista" }, "geometry": { "type": "Point", "coordinates": [ -48.8780355, -23.9827197 ] } },
{ "type": "Feature", "properties": { "fid": 197269, "CNPJ": "08221417000196", "IDCIDADE": "ITAPEVA", "NOMEFANTASIA": "ARENA_MODA_CAUTRY", "RAZAOSOCIAL": "ARENA_MODA_COUNTRY_LTDA", "ENDEE": "PRACA_ANCHIETA39__CENTRO_18400-450", "LMAPS": "https://www.google.com/maps?q=&layer=c&cbll=-48.8756121,-23.982739", "O_QUE_FAZER": "CARTEIRA", "ER_REGIAO_CIDADE_min": "Itapeva_Itapeva_Sudoeste Paulista" }, "geometry": { "type": "Point", "coordinates": [ -48.8756121, -23.982739 ] } },
{ "type": "Feature", "properties": { "fid": 197272, "CNPJ": "51502710000231", "IDCIDADE": "ITAPEVA", "NOMEFANTASIA": "HEXA", "RAZAOSOCIAL": "HEXA_COMERCIO_E_REPARACAO_DE_ELETRONICOS_LTDA", "ENDEE": "RUA_CORONEL_LEVINO_RIBEIRO712__CENTRO_18400-410", "LMAPS": "https://www.google.com/maps?q=&layer=c&cbll=-48.8767674,-23.9827645", "O_QUE_FAZER": "CARTEIRA", "ER_REGIAO_CIDADE_min": "Itapeva_Itapeva_Sudoeste Paulista" }, "geometry": { "type": "Point", "coordinates": [ -48.8767674, -23.9827645 ] } },
{ "type": "Feature", "properties": { "fid": 197274, "CNPJ": "10827569000189", "IDCIDADE": "ITAPEVA", "NOMEFANTASIA": "OTICAS_LUMAX", "RAZAOSOCIAL": "MARINEA_VIEIRA_SANTANA_PALMA", "ENDEE": "RUA_CORONEL_LEVINO_RIBEIRO691__CENTRO_18400-410", "LMAPS": "https://www.google.com/maps?q=&layer=c&cbll=-48.8765505,-23.9827762", "O_QUE_FAZER": "CARTEIRA", "ER_REGIAO_CIDADE_min": "Itapeva_Itapeva_Sudoeste Paulista" }, "geometry": { "type": "Point", "coordinates": [ -48.8765505, -23.9827762 ] } },
{ "type": "Feature", "properties": { "fid": 197277, "CNPJ": "12716187000103", "IDCIDADE": "ITAPEVA", "NOMEFANTASIA": "BE-A-BA_STORE", "RAZAOSOCIAL": "SALUA_MARIEL_SOUZA_ARAUJO", "ENDEE": "RUA_CORONEL_LEVINO_RIBEIRO717__CENTRO_18400-410", "LMAPS": "https://www.google.com/maps?q=&layer=c&cbll=-48.876859,-23.9828022", "O_QUE_FAZER": "CARTEIRA", "ER_REGIAO_CIDADE_min": "Itapeva_Itapeva_Sudoeste Paulista" }, "geometry": { "type": "Point", "coordinates": [ -48.876859, -23.9828022 ] } },
{ "type": "Feature", "properties": { "fid": 197278, "CNPJ": "11354700000281", "IDCIDADE": "ITAPEVA", "NOMEFANTASIA": "INSTITUTO_EMBELLEZE", "RAZAOSOCIAL": "MAGO_CURSOS_PROFISSIONALIZANTES_LTDA", "ENDEE": "RUA_CORONEL_LEVINO_RIBEIRO829__CENTRO_18400-410", "LMAPS": "https://www.google.com/maps?q=&layer=c&cbll=-48.8780177,-23.982804", "O_QUE_FAZER": "CARTEIRA", "ER_REGIAO_CIDADE_min": "Itapeva_Itapeva_Sudoeste Paulista" }, "geometry": { "type": "Point", "coordinates": [ -48.8780177, -23.982804 ] } },
{ "type": "Feature", "properties": { "fid": 197279, "CNPJ": "36349516000193", "IDCIDADE": "ITAPEVA", "NOMEFANTASIA": "BONNJU_MODAS", "RAZAOSOCIAL": "J._BONINI_CAMARGO", "ENDEE": "RUA_CORONEL_LEVINO_RIBEIRO705__CENTRO_18400-410", "LMAPS": "https://www.google.com/maps?q=&layer=c&cbll=-48.8766533,-23.9828164", "O_QUE_FAZER": "CARTEIRA", "ER_REGIAO_CIDADE_min": "Itapeva_Itapeva_Sudoeste Paulista" }, "geometry": { "type": "Point", "coordinates": [ -48.8766533, -23.9828164 ] } },
{ "type": "Feature", "properties": { "fid": 197281, "CNPJ": "17467519000349", "IDCIDADE": "ITAPEVA", "NOMEFANTASIA": "MEGA_MIX", "RAZAOSOCIAL": "EDINEI_DE_CAMARGO_JESUS_VESTUARIO", "ENDEE": "RUA_MARIO_PRANDINI260__CENTRO_18400-170", "LMAPS": "https://www.google.com/maps?q=&layer=c&cbll=-48.8772376,-23.9828218", "O_QUE_FAZER": "CARTEIRA", "ER_REGIAO_CIDADE_min": "Itapeva_Itapeva_Sudoeste Paulista" }, "geometry": { "type": "Point", "coordinates": [ -48.8772376, -23.9828218 ] } },
{ "type": "Feature", "properties": { "fid": 197282, "CNPJ": "07334645000100", "IDCIDADE": "ITAPEVA", "NOMEFANTASIA": "GUION", "RAZAOSOCIAL": "GUION_INFORMATICA_PAPELARIA_E_MOVEIS_LTDA", "ENDEE": "RUA_CORONEL_LEVINO_RIBEIRO793__CENTRO_18400-410", "LMAPS": "https://www.google.com/maps?q=&layer=c&cbll=-48.8775784,-23.9828732", "O_QUE_FAZER": "CARTEIRA", "ER_REGIAO_CIDADE_min": "Itapeva_Itapeva_Sudoeste Paulista" }, "geometry": { "type": "Point", "coordinates": [ -48.8775784, -23.9828732 ] } },
{ "type": "Feature", "properties": { "fid": 197284, "CNPJ": "72809072000195", "IDCIDADE": "ITAPEVA", "NOMEFANTASIA": "LA_PHARMA", "RAZAOSOCIAL": "MARCUS_V_M_GERALDI", "ENDEE": "RUA_MARIO_PRANDINI270__CENTRO_18400-170", "LMAPS": "https://www.google.com/maps?q=&layer=c&cbll=-48.8772884,-23.9828784", "O_QUE_FAZER": "CARTEIRA", "ER_REGIAO_CIDADE_min": "Itapeva_Itapeva_Sudoeste Paulista" }, "geometry": { "type": "Point", "coordinates": [ -48.8772884, -23.9828784 ] } },
{ "type": "Feature", "properties": { "fid": 197290, "CNPJ": "10473995000161", "IDCIDADE": "ITAPEVA", "NOMEFANTASIA": "AIS_SABOR_A_GRANEL", "RAZAOSOCIAL": "MAIS_SABOR_A_GRANEL_LTDA", "ENDEE": "RUA_DOUTOR_PINHEIRO349__CENTRO_18400-005", "LMAPS": "https://www.google.com/maps?q=&layer=c&cbll=-48.8751996,-23.9829039", "O_QUE_FAZER": "CARTEIRA", "ER_REGIAO_CIDADE_min": "Itapeva_Itapeva_Sudoeste Paulista" }, "geometry": { "type": "Point", "coordinates": [ -48.8751996, -23.9829039 ] } },
{ "type": "Feature", "properties": { "fid": 197291, "CNPJ": "05392060000110", "IDCIDADE": "ITAPEVA", "NOMEFANTASIA": "DUARTE_BEER", "RAZAOSOCIAL": "VALDECI_LAURINDO_DE_OLIVEIRA_ITAPEVA", "ENDEE": "RUA_ANTONIO_AIDINO_DOS_SANTOS397__PARQUE_SAO_JORGE_18409-260", "LMAPS": "https://www.google.com/maps?q=&layer=c&cbll=-48.8865133,-23.9829217", "O_QUE_FAZER": "CARTEIRA", "ER_REGIAO_CIDADE_min": "Itapeva_Itapeva_Sudoeste Paulista" }, "geometry": { "type": "Point", "coordinates": [ -48.8865133, -23.9829217 ] } },
{ "type": "Feature", "properties": { "fid": 197295, "CNPJ": "28321566000134", "IDCIDADE": "ITAPEVA", "NOMEFANTASIA": "PRIMO_IMOBILIARIA", "RAZAOSOCIAL": "MARCUS_VINICIUS_PERES_MELO", "ENDEE": "RUA_DONA_OLIVIA_MARQUES319__CENTRO_18400-100", "LMAPS": "https://www.google.com/maps?q=&layer=c&cbll=-48.874119,-23.982979", "O_QUE_FAZER": "CARTEIRA", "ER_REGIAO_CIDADE_min": "Itapeva_Itapeva_Sudoeste Paulista" }, "geometry": { "type": "Point", "coordinates": [ -48.874119, -23.982979 ] } },
{ "type": "Feature", "properties": { "fid": 197301, "CNPJ": "44355322000129", "IDCIDADE": "ITAPEVA", "NOMEFANTASIA": "BLOO", "RAZAOSOCIAL": "BLOOM_MULTIMARCAS_ROUPAS_E_ACESSORIOS_LTDA", "ENDEE": "RUA_ERNESTO_DE_CAMARGO248__CENTRO_18400-400", "LMAPS": "https://www.google.com/maps?q=&layer=c&cbll=-48.8752484,-23.983043", "O_QUE_FAZER": "CARTEIRA", "ER_REGIAO_CIDADE_min": "Itapeva_Itapeva_Sudoeste Paulista" }, "geometry": { "type": "Point", "coordinates": [ -48.8752484, -23.983043 ] } },
{ "type": "Feature", "properties": { "fid": 197305, "CNPJ": "05451796000112", "IDCIDADE": "ITAPEVA", "NOMEFANTASIA": "DO_RE_MI", "RAZAOSOCIAL": "DO-RE-MI_CONFECCOES_ITAPEVA_LTDA", "ENDEE": "RUA_ERNESTO_DE_CAMARGO412__CENTRO_18400-400", "LMAPS": "https://www.google.com/maps?q=&layer=c&cbll=-48.8768329,-23.9830673", "O_QUE_FAZER": "CARTEIRA", "ER_REGIAO_CIDADE_min": "Itapeva_Itapeva_Sudoeste Paulista" }, "geometry": { "type": "Point", "coordinates": [ -48.8768329, -23.9830673 ] } },
{ "type": "Feature", "properties": { "fid": 197312, "CNPJ": "07183576000180", "IDCIDADE": "ITAPEVA", "NOMEFANTASIA": "OMNI_FINANCEIRA", "RAZAOSOCIAL": "MARTE_SERVICOS_DE_COBRANCA_LTDA", "ENDEE": "RUA_ERNESTO_DE_CAMARGO480__CENTRO_18400-400", "LMAPS": "https://www.google.com/maps?q=&layer=c&cbll=-48.8775783,-23.9831183", "O_QUE_FAZER": "CARTEIRA", "ER_REGIAO_CIDADE_min": "Itapeva_Itapeva_Sudoeste Paulista" }, "geometry": { "type": "Point", "coordinates": [ -48.8775783, -23.9831183 ] } },
{ "type": "Feature", "properties": { "fid": 197313, "CNPJ": "18993359000172", "IDCIDADE": "ITAPEVA", "NOMEFANTASIA": "MICHELLE_ASSESSORIOS", "RAZAOSOCIAL": "MICHELLE_DE_ALMEIDA_FERREIRA", "ENDEE": "RUA_ERNESTO_DE_CAMARGO563__CENTRO_18400-400", "LMAPS": "https://www.google.com/maps?q=&layer=c&cbll=-48.8784457,-23.9831184", "O_QUE_FAZER": "CARTEIRA", "ER_REGIAO_CIDADE_min": "Itapeva_Itapeva_Sudoeste Paulista" }, "geometry": { "type": "Point", "coordinates": [ -48.8784457, -23.9831184 ] } },
{ "type": "Feature", "properties": { "fid": 197314, "CNPJ": "11453852000150", "IDCIDADE": "ITAPEVA", "NOMEFANTASIA": "NANA_NENEM", "RAZAOSOCIAL": "HB_KIDS_CALCADOS_E_CONFECCOES_LTDA", "ENDEE": "RUA_ERNESTO_DE_CAMARGO402__CENTRO_18400-400", "LMAPS": "https://www.google.com/maps?q=&layer=c&cbll=-48.8767401,-23.9831382", "O_QUE_FAZER": "CARTEIRA", "ER_REGIAO_CIDADE_min": "Itapeva_Itapeva_Sudoeste Paulista" }, "geometry": { "type": "Point", "coordinates": [ -48.8767401, -23.9831382 ] } },
{ "type": "Feature", "properties": { "fid": 197316, "CNPJ": "40399464000137", "IDCIDADE": "ITAPEVA", "NOMEFANTASIA": "PRA_PRESENTES", "RAZAOSOCIAL": "SANDRO_FERREIRA_DE_OLIVEIRA", "ENDEE": "RUA_ERNESTO_DE_CAMARGO462__CENTRO_18400-400", "LMAPS": "https://www.google.com/maps?q=&layer=c&cbll=-48.8774272,-23.9831532", "O_QUE_FAZER": "CARTEIRA", "ER_REGIAO_CIDADE_min": "Itapeva_Itapeva_Sudoeste Paulista" }, "geometry": { "type": "Point", "coordinates": [ -48.8774272, -23.9831532 ] } },
{ "type": "Feature", "properties": { "fid": 197318, "CNPJ": "15631384000118", "IDCIDADE": "ITAPEVA", "NOMEFANTASIA": "REAL_FARMA", "RAZAOSOCIAL": "ELIANA_CRISTINA_RODRIGUES", "ENDEE": "AVENIDA_DOUTOR_JOSE_ERMIRIO_DE_MORAES2629__CENTRO_18400-510", "LMAPS": "https://www.google.com/maps?q=&layer=c&cbll=-48.8787881,-23.983164", "O_QUE_FAZER": "CARTEIRA", "ER_REGIAO_CIDADE_min": "Itapeva_Itapeva_Sudoeste Paulista" }, "geometry": { "type": "Point", "coordinates": [ -48.8787881, -23.983164 ] } },
{ "type": "Feature", "properties": { "fid": 197319, "CNPJ": "11638975000166", "IDCIDADE": "ITAPEVA", "NOMEFANTASIA": "VETO_ROUPAGEM", "RAZAOSOCIAL": "CREICE_DIONI_OLAVO_DE_MELO", "ENDEE": "RUA_ERNESTO_DE_CAMARGO500__CENTRO_18400-400", "LMAPS": "https://www.google.com/maps?q=&layer=c&cbll=-48.8778146,-23.9831735", "O_QUE_FAZER": "CARTEIRA", "ER_REGIAO_CIDADE_min": "Itapeva_Itapeva_Sudoeste Paulista" }, "geometry": { "type": "Point", "coordinates": [ -48.8778146, -23.9831735 ] } },
{ "type": "Feature", "properties": { "fid": 197320, "CNPJ": "29081594000194", "IDCIDADE": "ITAPEVA", "NOMEFANTASIA": "PONTO_DA_ESFIHA", "RAZAOSOCIAL": "CASA_DA_ESFIHA_DE_ITAPEVA_LTDA", "ENDEE": "RUA_MARIO_PRANDINI442__CENTRO_18400-170", "LMAPS": "https://www.google.com/maps?q=&layer=c&cbll=-48.8771494,-23.9831821", "O_QUE_FAZER": "CARTEIRA", "ER_REGIAO_CIDADE_min": "Itapeva_Itapeva_Sudoeste Paulista" }, "geometry": { "type": "Point", "coordinates": [ -48.8771494, -23.9831821 ] } },
{ "type": "Feature", "properties": { "fid": 197321, "CNPJ": "06269081000106", "IDCIDADE": "ITAPEVA", "NOMEFANTASIA": "PERRETTI_ACESSORIOS", "RAZAOSOCIAL": "JOAO_EDSON_LOURO", "ENDEE": "AVENIDA_EXPEDICIONARIOS_DE_ITAPEVA610__PARQUE_CIMENTOLANDIA_18409-640", "LMAPS": "https://www.google.com/maps?q=&layer=c&cbll=-48.8961917,-23.9831915", "O_QUE_FAZER": "CARTEIRA", "ER_REGIAO_CIDADE_min": "Itapeva_Itapeva_Sudoeste Paulista" }, "geometry": { "type": "Point", "coordinates": [ -48.8961917, -23.9831915 ] } },
{ "type": "Feature", "properties": { "fid": 197322, "CNPJ": "33417008000107", "IDCIDADE": "ITAPEVA", "NOMEFANTASIA": "DESPACHANTE_GOUVEIA", "RAZAOSOCIAL": "DESPACHANTE_GOUVEIA_LTDA", "ENDEE": "AVENIDA_DOUTOR_JOSE_ERMIRIO_DE_MORAES2631__CENTRO_18400-510", "LMAPS": "https://www.google.com/maps?q=&layer=c&cbll=-48.8788132,-23.9831981", "O_QUE_FAZER": "CARTEIRA", "ER_REGIAO_CIDADE_min": "Itapeva_Itapeva_Sudoeste Paulista" }, "geometry": { "type": "Point", "coordinates": [ -48.8788132, -23.9831981 ] } },
{ "type": "Feature", "properties": { "fid": 197323, "CNPJ": "46250971000190", "IDCIDADE": "ITAPEVA", "NOMEFANTASIA": "CACAU_SHOW", "RAZAOSOCIAL": "RAMOS_&_BOECHAT_CHOCOLATES_FINOS_LTDA", "ENDEE": "RUA_ERNESTO_DE_CAMARGO426__CENTRO_18400-400", "LMAPS": "https://www.google.com/maps?q=&layer=c&cbll=-48.8770583,-23.9832019", "O_QUE_FAZER": "CARTEIRA", "ER_REGIAO_CIDADE_min": "Itapeva_Itapeva_Sudoeste Paulista" }, "geometry": { "type": "Point", "coordinates": [ -48.8770583, -23.9832019 ] } },
{ "type": "Feature", "properties": { "fid": 197324, "CNPJ": "10528654000146", "IDCIDADE": "ITAPEVA", "NOMEFANTASIA": "SUPERMERCADO_MAX", "RAZAOSOCIAL": "SINEU_GOMES", "ENDEE": "RUA_NICOLA_PEDECINO88__PARQUE_CIMENTOLANDIA_18409-590", "LMAPS": "https://www.google.com/maps?q=&layer=c&cbll=-48.8927003,-23.9832136", "O_QUE_FAZER": "CARTEIRA", "ER_REGIAO_CIDADE_min": "Itapeva_Itapeva_Sudoeste Paulista" }, "geometry": { "type": "Point", "coordinates": [ -48.8927003, -23.9832136 ] } },
{ "type": "Feature", "properties": { "fid": 197327, "CNPJ": "46814721000136", "IDCIDADE": "ITAPEVA", "NOMEFANTASIA": "RUAN_ODONTOLOGIA", "RAZAOSOCIAL": "RUAN_MACHADO_ODONTOLOGIA_LTDA", "ENDEE": "RUA_ERNESTO_DE_CAMARGO492__CENTRO_18400-400", "LMAPS": "https://www.google.com/maps?q=&layer=c&cbll=-48.8776758,-23.9832274", "O_QUE_FAZER": "CARTEIRA", "ER_REGIAO_CIDADE_min": "Itapeva_Itapeva_Sudoeste Paulista" }, "geometry": { "type": "Point", "coordinates": [ -48.8776758, -23.9832274 ] } },
{ "type": "Feature", "properties": { "fid": 197329, "CNPJ": "06537772000143", "IDCIDADE": "ITAPEVA", "NOMEFANTASIA": "PAPELARIA_MACEDO", "RAZAOSOCIAL": "PAPELARIA_MACEDO_DE_ITAPEVA_LTDA", "ENDEE": "RUA_ERNESTO_DE_CAMARGO406__CENTRO_18400-400", "LMAPS": "https://www.google.com/maps?q=&layer=c&cbll=-48.8767965,-23.9832407", "O_QUE_FAZER": "CARTEIRA", "ER_REGIAO_CIDADE_min": "Itapeva_Itapeva_Sudoeste Paulista" }, "geometry": { "type": "Point", "coordinates": [ -48.8767965, -23.9832407 ] } },
{ "type": "Feature", "properties": { "fid": 197330, "CNPJ": "23671678000100", "IDCIDADE": "ITAPEVA", "NOMEFANTASIA": "IMITA_IMOVEIS", "RAZAOSOCIAL": "IMITA_IMOVEIS_LTDA", "ENDEE": "RUA_MARIO_PRANDINI315__CENTRO_18400-170", "LMAPS": "https://www.google.com/maps?q=&layer=c&cbll=-48.877106,-23.9832456", "O_QUE_FAZER": "CARTEIRA", "ER_REGIAO_CIDADE_min": "Itapeva_Itapeva_Sudoeste Paulista" }, "geometry": { "type": "Point", "coordinates": [ -48.877106, -23.9832456 ] } },
{ "type": "Feature", "properties": { "fid": 197331, "CNPJ": "73145302000121", "IDCIDADE": "ITAPEVA", "NOMEFANTASIA": "SUDARIO_JOIAS", "RAZAOSOCIAL": "SUDARIO_JOIAS_LTDA", "ENDEE": "RUA_ERNESTO_DE_CAMARGO407__CENTRO_18400-400", "LMAPS": "https://www.google.com/maps?q=&layer=c&cbll=-48.8768652,-23.9832673", "O_QUE_FAZER": "CARTEIRA", "ER_REGIAO_CIDADE_min": "Itapeva_Itapeva_Sudoeste Paulista" }, "geometry": { "type": "Point", "coordinates": [ -48.8768652, -23.9832673 ] } },
{ "type": "Feature", "properties": { "fid": 197333, "CNPJ": "03383830000133", "IDCIDADE": "ITAPEVA", "NOMEFANTASIA": "IPIRANGA_CALCADOS", "RAZAOSOCIAL": "REDERSON_MILLEO_KRUBNIKI", "ENDEE": "RUA_DOUTOR_PINHEIRO330__CENTRO_18400-005", "LMAPS": "https://www.google.com/maps?q=&layer=c&cbll=-48.8765326,-23.9832746", "O_QUE_FAZER": "CARTEIRA", "ER_REGIAO_CIDADE_min": "Itapeva_Itapeva_Sudoeste Paulista" }, "geometry": { "type": "Point", "coordinates": [ -48.8765326, -23.9832746 ] } },
{ "type": "Feature", "properties": { "fid": 197336, "CNPJ": "11639404000146", "IDCIDADE": "ITAPEVA", "NOMEFANTASIA": "DZENK_LUBRIFICANTES", "RAZAOSOCIAL": "R._DZENKAUSKAS_FERRAMENTAS_LTDA", "ENDEE": "AVENIDA_EXPEDICIONARIOS_DE_ITAPEVA590__PARQUE_CIMENTOLANDIA_18409-640", "LMAPS": "https://www.google.com/maps?q=&layer=c&cbll=-48.8961533,-23.9832923", "O_QUE_FAZER": "CARTEIRA", "ER_REGIAO_CIDADE_min": "Itapeva_Itapeva_Sudoeste Paulista" }, "geometry": { "type": "Point", "coordinates": [ -48.8961533, -23.9832923 ] } },
{ "type": "Feature", "properties": { "fid": 197337, "CNPJ": "24155930000182", "IDCIDADE": "ITAPEVA", "NOMEFANTASIA": "BELLA_TERRA", "RAZAOSOCIAL": "CONTIPELI_SAUDE_NATURAL_LTDA", "ENDEE": "RUA_ERNESTO_DE_CAMARGO270__CENTRO_18400-400", "LMAPS": "https://www.google.com/maps?q=&layer=c&cbll=-48.875514,-23.9833107", "O_QUE_FAZER": "CARTEIRA", "ER_REGIAO_CIDADE_min": "Itapeva_Itapeva_Sudoeste Paulista" }, "geometry": { "type": "Point", "coordinates": [ -48.875514, -23.9833107 ] } },
{ "type": "Feature", "properties": { "fid": 197338, "CNPJ": "23248167000171", "IDCIDADE": "ITAPEVA", "NOMEFANTASIA": "CLINICA_VITTA", "RAZAOSOCIAL": "MATTOS_ODONTOLOGIA_LTDA", "ENDEE": "RUA_ERNESTO_DE_CAMARGO239__CENTRO_18400-400", "LMAPS": "https://www.google.com/maps?q=&layer=c&cbll=-48.8751233,-23.9833133", "O_QUE_FAZER": "CARTEIRA", "ER_REGIAO_CIDADE_min": "Itapeva_Itapeva_Sudoeste Paulista" }, "geometry": { "type": "Point", "coordinates": [ -48.8751233, -23.9833133 ] } },
{ "type": "Feature", "properties": { "fid": 197339, "CNPJ": "13753164000131", "IDCIDADE": "ITAPEVA", "NOMEFANTASIA": "VITRINE", "RAZAOSOCIAL": "VITRINE_VEST_ITAPEVA_CONFECCOES_LTDA", "ENDEE": "RUA_ERNESTO_DE_CAMARGO415__CENTRO_18400-400", "LMAPS": "https://www.google.com/maps?q=&layer=c&cbll=-48.8769527,-23.9833268", "O_QUE_FAZER": "CARTEIRA", "ER_REGIAO_CIDADE_min": "Itapeva_Itapeva_Sudoeste Paulista" }, "geometry": { "type": "Point", "coordinates": [ -48.8769527, -23.9833268 ] } },
{ "type": "Feature", "properties": { "fid": 197341, "CNPJ": "72745680000183", "IDCIDADE": "ITAPEVA", "NOMEFANTASIA": "VIDEO_TEC", "RAZAOSOCIAL": "VIDEO_TEC_ELETRONICA_ITAPEVA_LTDA", "ENDEE": "AVENIDA_DOUTOR_JOSE_ERMIRIO_DE_MORAES2645__CENTRO_18400-510", "LMAPS": "https://www.google.com/maps?q=&layer=c&cbll=-48.8787914,-23.9833332", "O_QUE_FAZER": "CARTEIRA", "ER_REGIAO_CIDADE_min": "Itapeva_Itapeva_Sudoeste Paulista" }, "geometry": { "type": "Point", "coordinates": [ -48.8787914, -23.9833332 ] } },
{ "type": "Feature", "properties": { "fid": 197345, "CNPJ": "50805802000147", "IDCIDADE": "ITAPEVA", "NOMEFANTASIA": "CANTINHO_DA_MA", "RAZAOSOCIAL": "RESTAURANTE_KATHERINE_V_DE_MORAES_LTDA", "ENDEE": "RUA_ERNESTO_DE_CAMARGO240__CENTRO_18400-400", "LMAPS": "https://www.google.com/maps?q=&layer=c&cbll=-48.8752776,-23.9833617", "O_QUE_FAZER": "CARTEIRA", "ER_REGIAO_CIDADE_min": "Itapeva_Itapeva_Sudoeste Paulista" }, "geometry": { "type": "Point", "coordinates": [ -48.8752776, -23.9833617 ] } },
{ "type": "Feature", "properties": { "fid": 197346, "CNPJ": "05725447000141", "IDCIDADE": "ITAPEVA", "NOMEFANTASIA": "LIVRARIA_PADRE_PIO", "RAZAOSOCIAL": "SANTOS_&_VAZ_COMERCIO_DE_LIVROS_LTDA", "ENDEE": "RUA_ERNESTO_DE_CAMARGO317__CENTRO_18400-400", "LMAPS": "https://www.google.com/maps?q=&layer=c&cbll=-48.8759534,-23.9833626", "O_QUE_FAZER": "CARTEIRA", "ER_REGIAO_CIDADE_min": "Itapeva_Itapeva_Sudoeste Paulista" }, "geometry": { "type": "Point", "coordinates": [ -48.8759534, -23.9833626 ] } },
{ "type": "Feature", "properties": { "fid": 197347, "CNPJ": "20231311000179", "IDCIDADE": "ITAPEVA", "NOMEFANTASIA": "CHOOP_GERMANIA", "RAZAOSOCIAL": "DISTRIBUIDORA_DE_BEBIDAS_GRANDO_LTDA", "ENDEE": "RUA_DONA_OLIVIA_MARQUES353__CENTRO_18400-100", "LMAPS": "https://www.google.com/maps?q=&layer=c&cbll=-48.8741906,-23.9833678", "O_QUE_FAZER": "CARTEIRA", "ER_REGIAO_CIDADE_min": "Itapeva_Itapeva_Sudoeste Paulista" }, "geometry": { "type": "Point", "coordinates": [ -48.8741906, -23.9833678 ] } },
{ "type": "Feature", "properties": { "fid": 197349, "CNPJ": "31410861000171", "IDCIDADE": "ITAPEVA", "NOMEFANTASIA": "COISA_LEGAL", "RAZAOSOCIAL": "QUNEN_TAN", "ENDEE": "RUA_DOUTOR_PINHEIRO343__CENTRO_18400-005", "LMAPS": "https://www.google.com/maps?q=&layer=c&cbll=-48.8763896,-23.9833862", "O_QUE_FAZER": "CARTEIRA", "ER_REGIAO_CIDADE_min": "Itapeva_Itapeva_Sudoeste Paulista" }, "geometry": { "type": "Point", "coordinates": [ -48.8763896, -23.9833862 ] } },
{ "type": "Feature", "properties": { "fid": 197352, "CNPJ": "02827387000180", "IDCIDADE": "ITAPEVA", "NOMEFANTASIA": "SANTANA_PADARIA", "RAZAOSOCIAL": "EVA_APARECIDA_SANTOS_ITAPEVA", "ENDEE": "RUA_PROFESSOR_ANTONIO_FELIPE370__PARQUE_CIMENTOLANDIA_18409-520", "LMAPS": "https://www.google.com/maps?q=&layer=c&cbll=-48.8932926,-23.9834017", "O_QUE_FAZER": "CARTEIRA", "ER_REGIAO_CIDADE_min": "Itapeva_Itapeva_Sudoeste Paulista" }, "geometry": { "type": "Point", "coordinates": [ -48.8932926, -23.9834017 ] } },
{ "type": "Feature", "properties": { "fid": 197353, "CNPJ": "11965440000108", "IDCIDADE": "ITAPEVA", "NOMEFANTASIA": "IMOBILIARIA_UNIDAS", "RAZAOSOCIAL": "MONICA_REGINA_DE_MACEDO_OLIVEIRA", "ENDEE": "RUA_ERNESTO_DE_CAMARGO148__CENTRO_18400-400", "LMAPS": "https://www.google.com/maps?q=&layer=c&cbll=-48.8742982,-23.983407", "O_QUE_FAZER": "CARTEIRA", "ER_REGIAO_CIDADE_min": "Itapeva_Itapeva_Sudoeste Paulista" }, "geometry": { "type": "Point", "coordinates": [ -48.8742982, -23.983407 ] } },
{ "type": "Feature", "properties": { "fid": 197354, "CNPJ": "21998669000194", "IDCIDADE": "ITAPEVA", "NOMEFANTASIA": "FURA_BOLO", "RAZAOSOCIAL": "QUELI_CRISTINA_FAGUNDES_DA_SILVA", "ENDEE": "RUA_SANTANA62__CENTRO_18400-010", "LMAPS": "https://www.google.com/maps?q=&layer=c&cbll=-48.87577,-23.9834132", "O_QUE_FAZER": "CARTEIRA", "ER_REGIAO_CIDADE_min": "Itapeva_Itapeva_Sudoeste Paulista" }, "geometry": { "type": "Point", "coordinates": [ -48.87577, -23.9834132 ] } },
{ "type": "Feature", "properties": { "fid": 197355, "CNPJ": "20838946000139", "IDCIDADE": "ITAPEVA", "NOMEFANTASIA": "JEITINHO_MINEIRO", "RAZAOSOCIAL": "R_&_Z_JEITIM_MINEIRO_RESTAURANTE_LTDA", "ENDEE": "RUA_ERNESTO_DE_CAMARGO307__CENTRO_18400-400", "LMAPS": "https://www.google.com/maps?q=&layer=c&cbll=-48.8757643,-23.9834189", "O_QUE_FAZER": "CARTEIRA", "ER_REGIAO_CIDADE_min": "Itapeva_Itapeva_Sudoeste Paulista" }, "geometry": { "type": "Point", "coordinates": [ -48.8757643, -23.9834189 ] } },
{ "type": "Feature", "properties": { "fid": 197356, "CNPJ": "16728148000187", "IDCIDADE": "ITAPEVA", "NOMEFANTASIA": "EASY_MODAS_HIT", "RAZAOSOCIAL": "CAROLINE_NICOLETTI_GALVAO", "ENDEE": "RUA_SANTANA66__CENTRO_18400-010", "LMAPS": "https://www.google.com/maps?q=&layer=c&cbll=-48.8758043,-23.9834268", "O_QUE_FAZER": "CARTEIRA", "ER_REGIAO_CIDADE_min": "Itapeva_Itapeva_Sudoeste Paulista" }, "geometry": { "type": "Point", "coordinates": [ -48.8758043, -23.9834268 ] } },
{ "type": "Feature", "properties": { "fid": 197358, "CNPJ": "56080646000180", "IDCIDADE": "ITAPEVA", "NOMEFANTASIA": "POUCAS_VIVACE", "RAZAOSOCIAL": "OTICAS_VIVACE_-_COMERCIO_DE_ARTIGOS_OPTICOS_LTDA", "ENDEE": "RUA_MARIO_PRANDINI329__CENTRO_18400-170", "LMAPS": "https://www.google.com/maps?q=&layer=c&cbll=-48.8772129,-23.9834314", "O_QUE_FAZER": "CARTEIRA", "ER_REGIAO_CIDADE_min": "Itapeva_Itapeva_Sudoeste Paulista" }, "geometry": { "type": "Point", "coordinates": [ -48.8772129, -23.9834314 ] } },
{ "type": "Feature", "properties": { "fid": 197359, "CNPJ": "49541444000123", "IDCIDADE": "ITAPEVA", "NOMEFANTASIA": "EMPORIUM_MODAS", "RAZAOSOCIAL": "CLEIDE_FERRAZ_DE_CAMARGO_GARCIA", "ENDEE": "RUA_DOUTOR_PINHEIRO342__CENTRO_18400-005", "LMAPS": "https://www.google.com/maps?q=&layer=c&cbll=-48.8764244,-23.9834391", "O_QUE_FAZER": "CARTEIRA", "ER_REGIAO_CIDADE_min": "Itapeva_Itapeva_Sudoeste Paulista" }, "geometry": { "type": "Point", "coordinates": [ -48.8764244, -23.9834391 ] } },
{ "type": "Feature", "properties": { "fid": 197364, "CNPJ": "16728148000268", "IDCIDADE": "ITAPEVA", "NOMEFANTASIA": "EASY_MODAS_HIT_2", "RAZAOSOCIAL": "CAROLINE_NICOLETTI_GALVAO", "ENDEE": "RUA_SANTANA66__CENTRO_18400-010", "LMAPS": "https://www.google.com/maps?q=&layer=c&cbll=-48.8756844,-23.9834687", "O_QUE_FAZER": "CARTEIRA", "ER_REGIAO_CIDADE_min": "Itapeva_Itapeva_Sudoeste Paulista" }, "geometry": { "type": "Point", "coordinates": [ -48.8756844, -23.9834687 ] } },
{ "type": "Feature", "properties": { "fid": 197365, "CNPJ": "14509006000101", "IDCIDADE": "ITAPEVA", "NOMEFANTASIA": "MAIS_VOCE_MODA_FEMININA", "RAZAOSOCIAL": "MAIS_VOCE_MODA_FEMININA_LTDA", "ENDEE": "RUA_SANTANA61__CENTRO_18400-010", "LMAPS": "https://www.google.com/maps?q=&layer=c&cbll=-48.8756967,-23.9834713", "O_QUE_FAZER": "CARTEIRA", "ER_REGIAO_CIDADE_min": "Itapeva_Itapeva_Sudoeste Paulista" }, "geometry": { "type": "Point", "coordinates": [ -48.8756967, -23.9834713 ] } },
{ "type": "Feature", "properties": { "fid": 197366, "CNPJ": "47080896000120", "IDCIDADE": "ITAPEVA", "NOMEFANTASIA": "ESPACO_AVANTIM", "RAZAOSOCIAL": "A._R._DA_S._MUZEL_LAROZE_LTDA", "ENDEE": "RUA_ERNESTO_DE_CAMARGO261__CENTRO_18400-400", "LMAPS": "https://www.google.com/maps?q=&layer=c&cbll=-48.8753822,-23.9834725", "O_QUE_FAZER": "CARTEIRA", "ER_REGIAO_CIDADE_min": "Itapeva_Itapeva_Sudoeste Paulista" }, "geometry": { "type": "Point", "coordinates": [ -48.8753822, -23.9834725 ] } },
{ "type": "Feature", "properties": { "fid": 197367, "CNPJ": "50802289000130", "IDCIDADE": "ITAPEVA", "NOMEFANTASIA": "ESPACO_IMOVEIS", "RAZAOSOCIAL": "ESPACO_EMPREENDIMENTOS_IMOBILIARIOS_LTDA", "ENDEE": "RUA_MARIO_PRANDINI331__CENTRO_18400-170", "LMAPS": "https://www.google.com/maps?q=&layer=c&cbll=-48.877242,-23.9834729", "O_QUE_FAZER": "CARTEIRA", "ER_REGIAO_CIDADE_min": "Itapeva_Itapeva_Sudoeste Paulista" }, "geometry": { "type": "Point", "coordinates": [ -48.877242, -23.9834729 ] } },
{ "type": "Feature", "properties": { "fid": 197368, "CNPJ": "41894790000183", "IDCIDADE": "ITAPEVA", "NOMEFANTASIA": "MIG_ASSESSORIOS", "RAZAOSOCIAL": "HUANSHAO_ZHENG", "ENDEE": "RUA_DOUTOR_PINHEIRO351__CENTRO_18400-005", "LMAPS": "https://www.google.com/maps?q=&layer=c&cbll=-48.8762876,-23.9834749", "O_QUE_FAZER": "CARTEIRA", "ER_REGIAO_CIDADE_min": "Itapeva_Itapeva_Sudoeste Paulista" }, "geometry": { "type": "Point", "coordinates": [ -48.8762876, -23.9834749 ] } },
{ "type": "Feature", "properties": { "fid": 197369, "CNPJ": "38502226000163", "IDCIDADE": "ITAPEVA", "NOMEFANTASIA": "CLINICA_ELEVE", "RAZAOSOCIAL": "ANA_CAROLINA_ZORZI", "ENDEE": "RUA_CORONEL_CRESCENCIO368__VILA_SANTANA_18400-140", "LMAPS": "https://www.google.com/maps?q=&layer=c&cbll=-48.8747053,-23.9834783", "O_QUE_FAZER": "CARTEIRA", "ER_REGIAO_CIDADE_min": "Itapeva_Itapeva_Sudoeste Paulista" }, "geometry": { "type": "Point", "coordinates": [ -48.8747053, -23.9834783 ] } },
{ "type": "Feature", "properties": { "fid": 197372, "CNPJ": "23026724000100", "IDCIDADE": "ITAPEVA", "NOMEFANTASIA": "WS_MADEIRAS", "RAZAOSOCIAL": "COMERCIAL_ITAPEVA_LTDA", "ENDEE": "AVENIDA_EXPEDICIONARIOS_DE_ITAPEVA595__PARQUE_CIMENTOLANDIA_18409-640", "LMAPS": "https://www.google.com/maps?q=&layer=c&cbll=-48.8967651,-23.9834848", "O_QUE_FAZER": "CARTEIRA", "ER_REGIAO_CIDADE_min": "Itapeva_Itapeva_Sudoeste Paulista" }, "geometry": { "type": "Point", "coordinates": [ -48.8967651, -23.9834848 ] } },
{ "type": "Feature", "properties": { "fid": 197381, "CNPJ": "11399381000140", "IDCIDADE": "ITAPEVA", "NOMEFANTASIA": "NETO_ASSESSORIOS", "RAZAOSOCIAL": "GRAZIELE_FRANCA_MACEDO", "ENDEE": "RUA_MARIO_PRANDINI341__CENTRO_18400-170", "LMAPS": "https://www.google.com/maps?q=&layer=c&cbll=-48.8772529,-23.9835478", "O_QUE_FAZER": "CARTEIRA", "ER_REGIAO_CIDADE_min": "Itapeva_Itapeva_Sudoeste Paulista" }, "geometry": { "type": "Point", "coordinates": [ -48.8772529, -23.9835478 ] } },
{ "type": "Feature", "properties": { "fid": 197383, "CNPJ": "36669891000110", "IDCIDADE": "ITAPEVA", "NOMEFANTASIA": "RR_CAR_MULTIMARCAS", "RAZAOSOCIAL": "R_R_CAR_MULTIMARCAS_LTDA.", "ENDEE": "AVENIDA_DONA_PAULINA_DE_MORAIS26__VILA_OPHELIA_18400-818", "LMAPS": "https://www.google.com/maps?q=&layer=c&cbll=-48.8798062,-23.9835885", "O_QUE_FAZER": "CARTEIRA", "ER_REGIAO_CIDADE_min": "Itapeva_Itapeva_Sudoeste Paulista" }, "geometry": { "type": "Point", "coordinates": [ -48.8798062, -23.9835885 ] } },
{ "type": "Feature", "properties": { "fid": 197387, "CNPJ": "06310477000150", "IDCIDADE": "ITAPEVA", "NOMEFANTASIA": "NETO_ACESSORIOS", "RAZAOSOCIAL": "LUIZ_ANTONIO_DE_MACEDO_PRESENTES", "ENDEE": "RUA_MARIO_PRANDINI341__CENTRO_18400-170", "LMAPS": "https://www.google.com/maps?q=&layer=c&cbll=-48.8772851,-23.9836155", "O_QUE_FAZER": "CARTEIRA", "ER_REGIAO_CIDADE_min": "Itapeva_Itapeva_Sudoeste Paulista" }, "geometry": { "type": "Point", "coordinates": [ -48.8772851, -23.9836155 ] } },
{ "type": "Feature", "properties": { "fid": 197388, "CNPJ": "05230680000153", "IDCIDADE": "ITAPEVA", "NOMEFANTASIA": "MARCELO_MOVEIS", "RAZAOSOCIAL": "MARLENE_APARECIDA_FERREIRA_CAPAO_BONITO", "ENDEE": "RUA_DOUTOR_PINHEIRO360__CENTRO_18400-005", "LMAPS": "https://www.google.com/maps?q=&layer=c&cbll=-48.87646,-23.9836319", "O_QUE_FAZER": "CARTEIRA", "ER_REGIAO_CIDADE_min": "Itapeva_Itapeva_Sudoeste Paulista" }, "geometry": { "type": "Point", "coordinates": [ -48.87646, -23.9836319 ] } },
{ "type": "Feature", "properties": { "fid": 197389, "CNPJ": "53257049000190", "IDCIDADE": "ITAPEVA", "NOMEFANTASIA": "LUPH__KIDS", "RAZAOSOCIAL": "LUPH_KIDS_ARTIGOS_PARA_VESTUARIOS_LTDA", "ENDEE": "RUA_MARIO_PRANDINI337__CENTRO_18400-170", "LMAPS": "https://www.google.com/maps?q=&layer=c&cbll=-48.8773125,-23.9836371", "O_QUE_FAZER": "CARTEIRA", "ER_REGIAO_CIDADE_min": "Itapeva_Itapeva_Sudoeste Paulista" }, "geometry": { "type": "Point", "coordinates": [ -48.8773125, -23.9836371 ] } },
{ "type": "Feature", "properties": { "fid": 197391, "CNPJ": "13590824000100", "IDCIDADE": "ITAPEVA", "NOMEFANTASIA": "TRUFAS_&_CIA", "RAZAOSOCIAL": "MARCIA_CRISTINA_CASSAMASSO_DE_FALCO_CERANTOLA", "ENDEE": "RUA_MARIO_PRANDINI350__CENTRO_18400-170", "LMAPS": "https://www.google.com/maps?q=&layer=c&cbll=-48.8773462,-23.9836412", "O_QUE_FAZER": "CARTEIRA", "ER_REGIAO_CIDADE_min": "Itapeva_Itapeva_Sudoeste Paulista" }, "geometry": { "type": "Point", "coordinates": [ -48.8773462, -23.9836412 ] } },
{ "type": "Feature", "properties": { "fid": 197392, "CNPJ": "00007356000157", "IDCIDADE": "ITAPEVA", "NOMEFANTASIA": "RALCE_E_CIA", "RAZAOSOCIAL": "ANIVALDO_MONTEIRO_DUARTE", "ENDEE": "RUA_DOUTOR_PINHEIRO361__CENTRO_18400-005", "LMAPS": "https://www.google.com/maps?q=&layer=c&cbll=-48.8762064,-23.9836509", "O_QUE_FAZER": "CARTEIRA", "ER_REGIAO_CIDADE_min": "Itapeva_Itapeva_Sudoeste Paulista" }, "geometry": { "type": "Point", "coordinates": [ -48.8762064, -23.9836509 ] } },
{ "type": "Feature", "properties": { "fid": 197393, "CNPJ": "26223676000138", "IDCIDADE": "ITAPEVA", "NOMEFANTASIA": "BEBE_CRESCI", "RAZAOSOCIAL": "BEBE_CRESCI_LTDA", "ENDEE": "RUA_MARIO_PRANDINI292__CENTRO_18400-170", "LMAPS": "https://www.google.com/maps?q=&layer=c&cbll=-48.8770311,-23.9836518", "O_QUE_FAZER": "CARTEIRA", "ER_REGIAO_CIDADE_min": "Itapeva_Itapeva_Sudoeste Paulista" }, "geometry": { "type": "Point", "coordinates": [ -48.8770311, -23.9836518 ] } },
{ "type": "Feature", "properties": { "fid": 197395, "CNPJ": "41017050000169", "IDCIDADE": "ITAPEVA", "NOMEFANTASIA": "LUPH_KIDS", "RAZAOSOCIAL": "LEIARA_FERREIRA_DE_OLIVEIRA", "ENDEE": "RUA_MARIO_PRANDINI337__CENTRO_18400-170", "LMAPS": "https://www.google.com/maps?q=&layer=c&cbll=-48.8773091,-23.9836585", "O_QUE_FAZER": "CARTEIRA", "ER_REGIAO_CIDADE_min": "Itapeva_Itapeva_Sudoeste Paulista" }, "geometry": { "type": "Point", "coordinates": [ -48.8773091, -23.9836585 ] } },
{ "type": "Feature", "properties": { "fid": 197396, "CNPJ": "04914482000146", "IDCIDADE": "ITAPEVA", "NOMEFANTASIA": "HIKARU_COSMETICOS", "RAZAOSOCIAL": "EDMEIA_TERUMI_ARIE", "ENDEE": "RUA_DOUTOR_PINHEIRO363__CENTRO_18400-005", "LMAPS": "https://www.google.com/maps?q=&layer=c&cbll=-48.8763433,-23.9836706", "O_QUE_FAZER": "CARTEIRA", "ER_REGIAO_CIDADE_min": "Itapeva_Itapeva_Sudoeste Paulista" }, "geometry": { "type": "Point", "coordinates": [ -48.8763433, -23.9836706 ] } },
{ "type": "Feature", "properties": { "fid": 197398, "CNPJ": "36737937000191", "IDCIDADE": "ITAPEVA", "NOMEFANTASIA": "MODA_20", "RAZAOSOCIAL": "VALTER_DIAS_DA_ROSA", "ENDEE": "RUA_MARIO_PRANDINI350__CENTRO_18400-170", "LMAPS": "https://www.google.com/maps?q=&layer=c&cbll=-48.8773081,-23.9836741", "O_QUE_FAZER": "CARTEIRA", "ER_REGIAO_CIDADE_min": "Itapeva_Itapeva_Sudoeste Paulista" }, "geometry": { "type": "Point", "coordinates": [ -48.8773081, -23.9836741 ] } },
{ "type": "Feature", "properties": { "fid": 197400, "CNPJ": "20167499000133", "IDCIDADE": "ITAPEVA", "NOMEFANTASIA": "MERCADO_FREITAS_2", "RAZAOSOCIAL": "JOAO_VITOR_APARECIDO_DE_FREITAS", "ENDEE": "RUA_MOURACY_DO_PRADO_MOURA812__VILA_NOSSA_SENHORA_DE_FATIMA_18409-000", "LMAPS": "https://www.google.com/maps?q=&layer=c&cbll=-48.889025,-23.9837067", "O_QUE_FAZER": "CARTEIRA", "ER_REGIAO_CIDADE_min": "Itapeva_Itapeva_Sudoeste Paulista" }, "geometry": { "type": "Point", "coordinates": [ -48.889025, -23.9837067 ] } },
{ "type": "Feature", "properties": { "fid": 197402, "CNPJ": "04798598000248", "IDCIDADE": "ITAPEVA", "NOMEFANTASIA": "CACAULANDIA", "RAZAOSOCIAL": "CLM_INDUSTRIA_E_COMERCIO_DE_GELADOS_COMESTIVEIS_LTDA", "ENDEE": "RUA_DOUTOR_PINHEIRO368__CENTRO_18400-005", "LMAPS": "https://www.google.com/maps?q=&layer=c&cbll=-48.876453,-23.9837231", "O_QUE_FAZER": "CARTEIRA", "ER_REGIAO_CIDADE_min": "Itapeva_Itapeva_Sudoeste Paulista" }, "geometry": { "type": "Point", "coordinates": [ -48.876453, -23.9837231 ] } },
{ "type": "Feature", "properties": { "fid": 197407, "CNPJ": "31898223000141", "IDCIDADE": "ITAPEVA", "NOMEFANTASIA": "KINTTAL_RESTAURANTE", "RAZAOSOCIAL": "ALESSANDRA_ALVES_RODRIGUES", "ENDEE": "RUA_DOUTOR_PINHEIRO380__CENTRO_18400-005", "LMAPS": "https://www.google.com/maps?q=&layer=c&cbll=-48.8764418,-23.9837804", "O_QUE_FAZER": "CARTEIRA", "ER_REGIAO_CIDADE_min": "Itapeva_Itapeva_Sudoeste Paulista" }, "geometry": { "type": "Point", "coordinates": [ -48.8764418, -23.9837804 ] } },
{ "type": "Feature", "properties": { "fid": 197412, "CNPJ": "34866659000147", "IDCIDADE": "ITAPEVA", "NOMEFANTASIA": "PRENSSADO_DA_PRACA", "RAZAOSOCIAL": "NIZABEL_DE_ARAUJO_LIRYA", "ENDEE": "RUA_MARIO_PRANDINI365__CENTRO_18400-170", "LMAPS": "https://www.google.com/maps?q=&layer=c&cbll=-48.8772942,-23.9837969", "O_QUE_FAZER": "CARTEIRA", "ER_REGIAO_CIDADE_min": "Itapeva_Itapeva_Sudoeste Paulista" }, "geometry": { "type": "Point", "coordinates": [ -48.8772942, -23.9837969 ] } },
{ "type": "Feature", "properties": { "fid": 197415, "CNPJ": "47319101000193", "IDCIDADE": "ITAPEVA", "NOMEFANTASIA": "SPECE_SHOP", "RAZAOSOCIAL": "HELIO_TADEU_FREITAS_JUNIOR_ITAPEVA", "ENDEE": "RUA_MARIO_PRANDINI372__CENTRO_18400-170", "LMAPS": "https://www.google.com/maps?q=&layer=c&cbll=-48.8773471,-23.9838152", "O_QUE_FAZER": "CARTEIRA", "ER_REGIAO_CIDADE_min": "Itapeva_Itapeva_Sudoeste Paulista" }, "geometry": { "type": "Point", "coordinates": [ -48.8773471, -23.9838152 ] } },
{ "type": "Feature", "properties": { "fid": 197417, "CNPJ": "43773123000178", "IDCIDADE": "ITAPEVA", "NOMEFANTASIA": "ADEGA_FIGUEIRAS", "RAZAOSOCIAL": "ADEGA_FIGUEIRA'S_ITAPEVA_LTDA", "ENDEE": "RUA_MOURACY_DO_PRADO_MOURA709__VILA_NOSSA_SENHORA_DE_FATIMA_18409-000", "LMAPS": "https://www.google.com/maps?q=&layer=c&cbll=-48.8880628,-23.9838218", "O_QUE_FAZER": "CARTEIRA", "ER_REGIAO_CIDADE_min": "Itapeva_Itapeva_Sudoeste Paulista" }, "geometry": { "type": "Point", "coordinates": [ -48.8880628, -23.9838218 ] } },
{ "type": "Feature", "properties": { "fid": 197418, "CNPJ": "12299427000111", "IDCIDADE": "ITAPEVA", "NOMEFANTASIA": "VICTOR_VALENTIN", "RAZAOSOCIAL": "VICTOR_VALENTIN_PRESENTES_MOVEIS_E_DECORACOES_LTDA", "ENDEE": "AVENIDA_DOUTOR_JOSE_ERMIRIO_DE_MORAES2703__CENTRO_18400-510", "LMAPS": "https://www.google.com/maps?q=&layer=c&cbll=-48.8788291,-23.9838259", "O_QUE_FAZER": "CARTEIRA", "ER_REGIAO_CIDADE_min": "Itapeva_Itapeva_Sudoeste Paulista" }, "geometry": { "type": "Point", "coordinates": [ -48.8788291, -23.9838259 ] } },
{ "type": "Feature", "properties": { "fid": 197419, "CNPJ": "11887520000184", "IDCIDADE": "ITAPEVA", "NOMEFANTASIA": "ELETROCENTER", "RAZAOSOCIAL": "SAO_JOSE_MATERIAIS_ELETRICOS_ITAPEVA_LTDA", "ENDEE": "AVENIDA_DONA_PAULINA_DE_MORAIS72__VILA_OPHELIA_18400-818", "LMAPS": "https://www.google.com/maps?q=&layer=c&cbll=-48.8801018,-23.9838374", "O_QUE_FAZER": "CARTEIRA", "ER_REGIAO_CIDADE_min": "Itapeva_Itapeva_Sudoeste Paulista" }, "geometry": { "type": "Point", "coordinates": [ -48.8801018, -23.9838374 ] } },
{ "type": "Feature", "properties": { "fid": 197421, "CNPJ": "28823544000172", "IDCIDADE": "ITAPEVA", "NOMEFANTASIA": "CARME_STEFFENS", "RAZAOSOCIAL": "MENDES_-_COMERCIO_DE_CALCADOS_LTDA", "ENDEE": "RUA_SANTANA107__CENTRO_18400-010", "LMAPS": "https://www.google.com/maps?q=&layer=c&cbll=-48.8756968,-23.9838538", "O_QUE_FAZER": "CARTEIRA", "ER_REGIAO_CIDADE_min": "Itapeva_Itapeva_Sudoeste Paulista" }, "geometry": { "type": "Point", "coordinates": [ -48.8756968, -23.9838538 ] } },
{ "type": "Feature", "properties": { "fid": 197422, "CNPJ": "56515687000152", "IDCIDADE": "ITAPEVA", "NOMEFANTASIA": "LOJA_TROVAO", "RAZAOSOCIAL": "WILSON_RIBEIRO_DOS_PASSOS", "ENDEE": "RUA_DOUTOR_PINHEIRO386__CENTRO_18400-005", "LMAPS": "https://www.google.com/maps?q=&layer=c&cbll=-48.8764907,-23.9838627", "O_QUE_FAZER": "CARTEIRA", "ER_REGIAO_CIDADE_min": "Itapeva_Itapeva_Sudoeste Paulista" }, "geometry": { "type": "Point", "coordinates": [ -48.8764907, -23.9838627 ] } },
{ "type": "Feature", "properties": { "fid": 197423, "CNPJ": "19060396000190", "IDCIDADE": "ITAPEVA", "NOMEFANTASIA": "PADARIA_JARAM", "RAZAOSOCIAL": "MARIA_LUCIA_RIBEIRO_DE_ANDRADE_MACIEL_LTDA", "ENDEE": "RUA_MOURACY_DO_PRADO_MOURA902__VILA_NOSSA_SENHORA_DE_FATIMA_18409-000", "LMAPS": "https://www.google.com/maps?q=&layer=c&cbll=-48.8898487,-23.9838677", "O_QUE_FAZER": "CARTEIRA", "ER_REGIAO_CIDADE_min": "Itapeva_Itapeva_Sudoeste Paulista" }, "geometry": { "type": "Point", "coordinates": [ -48.8898487, -23.9838677 ] } },
{ "type": "Feature", "properties": { "fid": 197424, "CNPJ": "42152515000157", "IDCIDADE": "ITAPEVA", "NOMEFANTASIA": "AIG_ELETROMOTORES", "RAZAOSOCIAL": "AIG_ELETRO_MOTORES_LTDA", "ENDEE": "RUA_CORNELIO_VIEIRA_DA_CRUZ260__PARQUE_CIMENTOLANDIA_18409-510", "LMAPS": "https://www.google.com/maps?q=&layer=c&cbll=-48.8918282,-23.9838807", "O_QUE_FAZER": "CARTEIRA", "ER_REGIAO_CIDADE_min": "Itapeva_Itapeva_Sudoeste Paulista" }, "geometry": { "type": "Point", "coordinates": [ -48.8918282, -23.9838807 ] } },
{ "type": "Feature", "properties": { "fid": 197425, "CNPJ": "28107403000153", "IDCIDADE": "ITAPEVA", "NOMEFANTASIA": "SOLAR_PRIME_ITAPEVA", "RAZAOSOCIAL": "FELIPE_SCHRODER_MUZEL_GONCALVES", "ENDEE": "RUA_AMAURY_MOREIRA_DE_SOUZA69__JARDIM_BEIJA-FLOR_18401-600", "LMAPS": "https://www.google.com/maps?q=&layer=c&cbll=-48.8800673,-23.9838852", "O_QUE_FAZER": "CARTEIRA", "ER_REGIAO_CIDADE_min": "Itapeva_Itapeva_Sudoeste Paulista" }, "geometry": { "type": "Point", "coordinates": [ -48.8800673, -23.9838852 ] } },
{ "type": "Feature", "properties": { "fid": 197427, "CNPJ": "30525176000128", "IDCIDADE": "ITAPEVA", "NOMEFANTASIA": "DINIZ_OTICA", "RAZAOSOCIAL": "OTICA_MORAES_LTDA", "ENDEE": "RUA_MARIO_PRANDINI376__CENTRO_18400-170", "LMAPS": "https://www.google.com/maps?q=&layer=c&cbll=-48.8773083,-23.9838936", "O_QUE_FAZER": "CARTEIRA", "ER_REGIAO_CIDADE_min": "Itapeva_Itapeva_Sudoeste Paulista" }, "geometry": { "type": "Point", "coordinates": [ -48.8773083, -23.9838936 ] } },
{ "type": "Feature", "properties": { "fid": 197428, "CNPJ": "09046712000116", "IDCIDADE": "ITAPEVA", "NOMEFANTASIA": "CRAVO_&_CANELA", "RAZAOSOCIAL": "ELIZETH_FOGACA_DOS_SANTOS", "ENDEE": "RUA_SANTANA94__CENTRO_18400-010", "LMAPS": "https://www.google.com/maps?q=&layer=c&cbll=-48.8755107,-23.9838956", "O_QUE_FAZER": "CARTEIRA", "ER_REGIAO_CIDADE_min": "Itapeva_Itapeva_Sudoeste Paulista" }, "geometry": { "type": "Point", "coordinates": [ -48.8755107, -23.9838956 ] } },
{ "type": "Feature", "properties": { "fid": 197429, "CNPJ": "04630796000117", "IDCIDADE": "ITAPEVA", "NOMEFANTASIA": "LOJAS_REAL", "RAZAOSOCIAL": "R.R.A._COMERCIO_DE_TECIDOS_E_CONFECCES_LTDA", "ENDEE": "RUA_MARIO_PRANDINI373__CENTRO_18400-170", "LMAPS": "https://www.google.com/maps?q=&layer=c&cbll=-48.8771973,-23.9838968", "O_QUE_FAZER": "CARTEIRA", "ER_REGIAO_CIDADE_min": "Itapeva_Itapeva_Sudoeste Paulista" }, "geometry": { "type": "Point", "coordinates": [ -48.8771973, -23.9838968 ] } },
{ "type": "Feature", "properties": { "fid": 197430, "CNPJ": "18706001000111", "IDCIDADE": "ITAPEVA", "NOMEFANTASIA": "LOJA_MEL", "RAZAOSOCIAL": "COMERCIAL_CHAOLIANG_WU_LTDA", "ENDEE": "RUA_DOUTOR_PINHEIRO395__CENTRO_18400-005", "LMAPS": "https://www.google.com/maps?q=&layer=c&cbll=-48.8763288,-23.9839097", "O_QUE_FAZER": "CARTEIRA", "ER_REGIAO_CIDADE_min": "Itapeva_Itapeva_Sudoeste Paulista" }, "geometry": { "type": "Point", "coordinates": [ -48.8763288, -23.9839097 ] } },
{ "type": "Feature", "properties": { "fid": 197435, "CNPJ": "42744150000150", "IDCIDADE": "ITAPEVA", "NOMEFANTASIA": "SANTA_LOLA", "RAZAOSOCIAL": "BARRA_COMERCIO_DE_CALCADOS_E_ACESSORIOS_LTDA", "ENDEE": "RUA_LUCAS_DE_CAMARGO356__CENTRO_18400-340", "LMAPS": "https://www.google.com/maps?q=&layer=c&cbll=-48.8761284,-23.9839574", "O_QUE_FAZER": "CARTEIRA", "ER_REGIAO_CIDADE_min": "Itapeva_Itapeva_Sudoeste Paulista" }, "geometry": { "type": "Point", "coordinates": [ -48.8761284, -23.9839574 ] } },
{ "type": "Feature", "properties": { "fid": 197437, "CNPJ": "35211332000108", "IDCIDADE": "ITAPEVA", "NOMEFANTASIA": "MAIS_1_BEBE", "RAZAOSOCIAL": "C._R._SANTOS", "ENDEE": "RUA_DOUTOR_PINHEIRO399__CENTRO_18400-005", "LMAPS": "https://www.google.com/maps?q=&layer=c&cbll=-48.8762835,-23.9839716", "O_QUE_FAZER": "CARTEIRA", "ER_REGIAO_CIDADE_min": "Itapeva_Itapeva_Sudoeste Paulista" }, "geometry": { "type": "Point", "coordinates": [ -48.8762835, -23.9839716 ] } },
{ "type": "Feature", "properties": { "fid": 197438, "CNPJ": "58936758000116", "IDCIDADE": "ITAPEVA", "NOMEFANTASIA": "CHEIRO_ARMARINHOS", "RAZAOSOCIAL": "MARIA_INES_ANJOS_DA_SILVA", "ENDEE": "RUA_MARIO_PRANDINI386__CENTRO_18400-170", "LMAPS": "https://www.google.com/maps?q=&layer=c&cbll=-48.8774036,-23.983976", "O_QUE_FAZER": "CARTEIRA", "ER_REGIAO_CIDADE_min": "Itapeva_Itapeva_Sudoeste Paulista" }, "geometry": { "type": "Point", "coordinates": [ -48.8774036, -23.983976 ] } },
{ "type": "Feature", "properties": { "fid": 197439, "CNPJ": "38934345000195", "IDCIDADE": "ITAPEVA", "NOMEFANTASIA": "SERIADO_SICONINI_OTICA", "RAZAOSOCIAL": "CIRIACO_CICONINI_OTICA_LTDA", "ENDEE": "RUA_MARIO_PRANDINI385__CENTRO_18400-170", "LMAPS": "https://www.google.com/maps?q=&layer=c&cbll=-48.8773348,-23.9839836", "O_QUE_FAZER": "CARTEIRA", "ER_REGIAO_CIDADE_min": "Itapeva_Itapeva_Sudoeste Paulista" }, "geometry": { "type": "Point", "coordinates": [ -48.8773348, -23.9839836 ] } },
{ "type": "Feature", "properties": { "fid": 197442, "CNPJ": "08738234000142", "IDCIDADE": "ITAPEVA", "NOMEFANTASIA": "OTICA_TERCEIRA_VISAO", "RAZAOSOCIAL": "OTICA_TERCEIRA_VISAO_06_LTDA", "ENDEE": "RUA_DOUTOR_PINHEIRO398__CENTRO_18400-005", "LMAPS": "https://www.google.com/maps?q=&layer=c&cbll=-48.8764902,-23.9840007", "O_QUE_FAZER": "CARTEIRA", "ER_REGIAO_CIDADE_min": "Itapeva_Itapeva_Sudoeste Paulista" }, "geometry": { "type": "Point", "coordinates": [ -48.8764902, -23.9840007 ] } },
{ "type": "Feature", "properties": { "fid": 197443, "CNPJ": "24922802000206", "IDCIDADE": "ITAPEVA", "NOMEFANTASIA": "MOVEIS_CANARINHO", "RAZAOSOCIAL": "M._C._STORE_LTDA", "ENDEE": "AVENIDA_DOUTOR_JOSE_ERMIRIO_DE_MORAES65__CENTRO_18400-510", "LMAPS": "https://www.google.com/maps?q=&layer=c&cbll=-48.8796984,-23.9840033", "O_QUE_FAZER": "CARTEIRA", "ER_REGIAO_CIDADE_min": "Itapeva_Itapeva_Sudoeste Paulista" }, "geometry": { "type": "Point", "coordinates": [ -48.8796984, -23.9840033 ] } },
{ "type": "Feature", "properties": { "fid": 197444, "CNPJ": "10332460000170", "IDCIDADE": "ITAPEVA", "NOMEFANTASIA": "FASHION_CAPAS", "RAZAOSOCIAL": "FASHION_CAPAS_ITAPEVA_LTDA", "ENDEE": "RUA_MARIO_PRANDINI388__CENTRO_18400-170", "LMAPS": "https://www.google.com/maps?q=&layer=c&cbll=-48.8774239,-23.9840061", "O_QUE_FAZER": "CARTEIRA", "ER_REGIAO_CIDADE_min": "Itapeva_Itapeva_Sudoeste Paulista" }, "geometry": { "type": "Point", "coordinates": [ -48.8774239, -23.9840061 ] } },
{ "type": "Feature", "properties": { "fid": 197447, "CNPJ": "09193394000116", "IDCIDADE": "ITAPEVA", "NOMEFANTASIA": "PROLUZ", "RAZAOSOCIAL": "ELZA_ISAURA_DA_SILVA", "ENDEE": "AVENIDA_GUIDO_TOMASONI535__DISTRITO_INDUSTRIAL_18410-600", "LMAPS": "https://www.google.com/maps?q=&layer=c&cbll=-48.8797724,-23.984038", "O_QUE_FAZER": "CARTEIRA", "ER_REGIAO_CIDADE_min": "Itapeva_Itapeva_Sudoeste Paulista" }, "geometry": { "type": "Point", "coordinates": [ -48.8797724, -23.984038 ] } },
{ "type": "Feature", "properties": { "fid": 197449, "CNPJ": "16403865000139", "IDCIDADE": "ITAPEVA", "NOMEFANTASIA": "MAGIA_PRESENTES", "RAZAOSOCIAL": "MAGIA_PRESENTES_E_ACESSORIOS_ITAPEVA_LTDA.", "ENDEE": "RUA_MARIO_PRANDINI385__CENTRO_18400-170", "LMAPS": "https://www.google.com/maps?q=&layer=c&cbll=-48.8772204,-23.9840452", "O_QUE_FAZER": "CARTEIRA", "ER_REGIAO_CIDADE_min": "Itapeva_Itapeva_Sudoeste Paulista" }, "geometry": { "type": "Point", "coordinates": [ -48.8772204, -23.9840452 ] } },
{ "type": "Feature", "properties": { "fid": 197450, "CNPJ": "08236420000183", "IDCIDADE": "ITAPEVA", "NOMEFANTASIA": "CLINICA_DE_OLHOS", "RAZAOSOCIAL": "CLINICA_DE_OLHOS_PIMENTEL_LTDA", "ENDEE": "PRACA_DO_CORREIO28__CENTRO_18400-360", "LMAPS": "https://www.google.com/maps?q=&layer=c&cbll=-48.8781813,-23.9840458", "O_QUE_FAZER": "CARTEIRA", "ER_REGIAO_CIDADE_min": "Itapeva_Itapeva_Sudoeste Paulista" }, "geometry": { "type": "Point", "coordinates": [ -48.8781813, -23.9840458 ] } },
{ "type": "Feature", "properties": { "fid": 197451, "CNPJ": "09101970000158", "IDCIDADE": "ITAPEVA", "NOMEFANTASIA": "STUDIO_DANCA_DELANHOLL", "RAZAOSOCIAL": "GISLAINE_DELL_ANHOL_COUTO", "ENDEE": "RUA_MARIO_PRANDINI393__CENTRO_18400-170", "LMAPS": "https://www.google.com/maps?q=&layer=c&cbll=-48.8772902,-23.9840509", "O_QUE_FAZER": "CARTEIRA", "ER_REGIAO_CIDADE_min": "Itapeva_Itapeva_Sudoeste Paulista" }, "geometry": { "type": "Point", "coordinates": [ -48.8772902, -23.9840509 ] } },
{ "type": "Feature", "properties": { "fid": 197453, "CNPJ": "01496828000145", "IDCIDADE": "ITAPEVA", "NOMEFANTASIA": "CENTRAL_MODAS", "RAZAOSOCIAL": "MAS_&_MAS_LTDA", "ENDEE": "RUA_SANTANA127__CENTRO_18400-010", "LMAPS": "https://www.google.com/maps?q=&layer=c&cbll=-48.875455,-23.9840546", "O_QUE_FAZER": "CARTEIRA", "ER_REGIAO_CIDADE_min": "Itapeva_Itapeva_Sudoeste Paulista" }, "geometry": { "type": "Point", "coordinates": [ -48.875455, -23.9840546 ] } },
{ "type": "Feature", "properties": { "fid": 197454, "CNPJ": "08454754000123", "IDCIDADE": "ITAPEVA", "NOMEFANTASIA": "DESPACHANTE_PONTUAL", "RAZAOSOCIAL": "SIRLENE_GONCALVES_DE_ALMEIDA", "ENDEE": "PRACA_DO_CORREIO14__CENTRO_18400-360", "LMAPS": "https://www.google.com/maps?q=&layer=c&cbll=-48.87799,-23.9840567", "O_QUE_FAZER": "CARTEIRA", "ER_REGIAO_CIDADE_min": "Itapeva_Itapeva_Sudoeste Paulista" }, "geometry": { "type": "Point", "coordinates": [ -48.87799, -23.9840567 ] } },
{ "type": "Feature", "properties": { "fid": 197456, "CNPJ": "27287018000253", "IDCIDADE": "ITAPEVA", "NOMEFANTASIA": "EASY_HIT", "RAZAOSOCIAL": "MARCELO_DI_GRAZIA", "ENDEE": "RUA_SANTANA134__CENTRO_18400-010", "LMAPS": "https://www.google.com/maps?q=&layer=c&cbll=-48.8758639,-23.984063", "O_QUE_FAZER": "CARTEIRA", "ER_REGIAO_CIDADE_min": "Itapeva_Itapeva_Sudoeste Paulista" }, "geometry": { "type": "Point", "coordinates": [ -48.8758639, -23.984063 ] } },
{ "type": "Feature", "properties": { "fid": 197461, "CNPJ": "12286791000147", "IDCIDADE": "ITAPEVA", "NOMEFANTASIA": "ITALEX_CONTABILIDADE", "RAZAOSOCIAL": "ITALEX_CONTABILIDADE_E_ASSESSORIA_LTDA", "ENDEE": "PRACA_DO_CORREIO14__CENTRO_18400-360", "LMAPS": "https://www.google.com/maps?q=&layer=c&cbll=-48.8779768,-23.984105", "O_QUE_FAZER": "CARTEIRA", "ER_REGIAO_CIDADE_min": "Itapeva_Itapeva_Sudoeste Paulista" }, "geometry": { "type": "Point", "coordinates": [ -48.8779768, -23.984105 ] } },
{ "type": "Feature", "properties": { "fid": 197462, "CNPJ": "49626342000100", "IDCIDADE": "ITAPEVA", "NOMEFANTASIA": "SABOR_NOVO", "RAZAOSOCIAL": "GABRIEL_ANTONIO_PEREIRA_MARTINS", "ENDEE": "PRACA_DO_CORREIO52__CENTRO_18400-970", "LMAPS": "https://www.google.com/maps?q=&layer=c&cbll=-48.8783853,-23.9841117", "O_QUE_FAZER": "CARTEIRA", "ER_REGIAO_CIDADE_min": "Itapeva_Itapeva_Sudoeste Paulista" }, "geometry": { "type": "Point", "coordinates": [ -48.8783853, -23.9841117 ] } },
{ "type": "Feature", "properties": { "fid": 197463, "CNPJ": "22568991000146", "IDCIDADE": "ITAPEVA", "NOMEFANTASIA": "VO_LENITA_2", "RAZAOSOCIAL": "BRUMI_RESTAURANTE_DE_ITAPEVA_LTDA", "ENDEE": "PRACA_DO_CORREIO2__CENTRO_18400-360", "LMAPS": "https://www.google.com/maps?q=&layer=c&cbll=-48.8779633,-23.9841123", "O_QUE_FAZER": "CARTEIRA", "ER_REGIAO_CIDADE_min": "Itapeva_Itapeva_Sudoeste Paulista" }, "geometry": { "type": "Point", "coordinates": [ -48.8779633, -23.9841123 ] } },
{ "type": "Feature", "properties": { "fid": 197464, "CNPJ": "23475566000175", "IDCIDADE": "ITAPEVA", "NOMEFANTASIA": "INSTITUTO_COACHING", "RAZAOSOCIAL": "BRUNO_RICARDO_PEREIRA_ALMEIDA", "ENDEE": "RUA_LUCAS_DE_CAMARGO3465__CENTRO_18400-340", "LMAPS": "https://www.google.com/maps?q=&layer=c&cbll=-48.8760833,-23.9841169", "O_QUE_FAZER": "CARTEIRA", "ER_REGIAO_CIDADE_min": "Itapeva_Itapeva_Sudoeste Paulista" }, "geometry": { "type": "Point", "coordinates": [ -48.8760833, -23.9841169 ] } },
{ "type": "Feature", "properties": { "fid": 197465, "CNPJ": "03025776000154", "IDCIDADE": "ITAPEVA", "NOMEFANTASIA": "CASA_DAS_EMBALAGENS", "RAZAOSOCIAL": "CASA_DAS_EMBALAGENS_YAMAYA_LTDA", "ENDEE": "RUA_LUCAS_DE_CAMARGO323__CENTRO_18400-340", "LMAPS": "https://www.google.com/maps?q=&layer=c&cbll=-48.8757624,-23.9841171", "O_QUE_FAZER": "CARTEIRA", "ER_REGIAO_CIDADE_min": "Itapeva_Itapeva_Sudoeste Paulista" }, "geometry": { "type": "Point", "coordinates": [ -48.8757624, -23.9841171 ] } },
{ "type": "Feature", "properties": { "fid": 197466, "CNPJ": "15207862000167", "IDCIDADE": "ITAPEVA", "NOMEFANTASIA": "TECICOM", "RAZAOSOCIAL": "E.R._TECICON_ITAPEVA_LTDA", "ENDEE": "RUA_LUCAS_DE_CAMARGO508__CENTRO_18400-340", "LMAPS": "https://www.google.com/maps?q=&layer=c&cbll=-48.8774163,-23.9841279", "O_QUE_FAZER": "CARTEIRA", "ER_REGIAO_CIDADE_min": "Itapeva_Itapeva_Sudoeste Paulista" }, "geometry": { "type": "Point", "coordinates": [ -48.8774163, -23.9841279 ] } },
{ "type": "Feature", "properties": { "fid": 197469, "CNPJ": "38191345000142", "IDCIDADE": "ITAPEVA", "NOMEFANTASIA": "MINI_ME_BOUTIQUE", "RAZAOSOCIAL": "ISABELLE_MIEKO_SAKURAMOTO_LOUREIRO_FERREIRA_UNIPESSOAL_LTDA", "ENDEE": "RUA_LUCAS_DE_CAMARGO260__CENTRO_18400-340", "LMAPS": "https://www.google.com/maps?q=&layer=c&cbll=-48.8751685,-23.9841387", "O_QUE_FAZER": "CARTEIRA", "ER_REGIAO_CIDADE_min": "Itapeva_Itapeva_Sudoeste Paulista" }, "geometry": { "type": "Point", "coordinates": [ -48.8751685, -23.9841387 ] } },
{ "type": "Feature", "properties": { "fid": 197470, "CNPJ": "04151334000117", "IDCIDADE": "ITAPEVA", "NOMEFANTASIA": "INTIMUS_LINGERIE", "RAZAOSOCIAL": "JULIANA_REZENDE", "ENDEE": "RUA_LUCAS_DE_CAMARGO342__CENTRO_18400-340", "LMAPS": "https://www.google.com/maps?q=&layer=c&cbll=-48.8758778,-23.9841394", "O_QUE_FAZER": "CARTEIRA", "ER_REGIAO_CIDADE_min": "Itapeva_Itapeva_Sudoeste Paulista" }, "geometry": { "type": "Point", "coordinates": [ -48.8758778, -23.9841394 ] } },
{ "type": "Feature", "properties": { "fid": 197471, "CNPJ": "49797897000115", "IDCIDADE": "ITAPEVA", "NOMEFANTASIA": "CINELANDIA_LANCHES", "RAZAOSOCIAL": "CINELANDIA_LANCHES_LTDA", "ENDEE": "RUA_LUCAS_DE_CAMARGO400__CENTRO_18400-340", "LMAPS": "https://www.google.com/maps?q=&layer=c&cbll=-48.876522,-23.9841517", "O_QUE_FAZER": "CARTEIRA", "ER_REGIAO_CIDADE_min": "Itapeva_Itapeva_Sudoeste Paulista" }, "geometry": { "type": "Point", "coordinates": [ -48.876522, -23.9841517 ] } },
{ "type": "Feature", "properties": { "fid": 197472, "CNPJ": "67596585000559", "IDCIDADE": "ITAPEVA", "NOMEFANTASIA": "OTICA_NACIONAL", "RAZAOSOCIAL": "LAURO_VIEIRA_BRAZIL", "ENDEE": "RUA_LUCAS_DE_CAMARGO385__CENTRO_18400-340", "LMAPS": "https://www.google.com/maps?q=&layer=c&cbll=-48.8765005,-23.9841625", "O_QUE_FAZER": "CARTEIRA", "ER_REGIAO_CIDADE_min": "Itapeva_Itapeva_Sudoeste Paulista" }, "geometry": { "type": "Point", "coordinates": [ -48.8765005, -23.9841625 ] } },
{ "type": "Feature", "properties": { "fid": 197473, "CNPJ": "42178230000195", "IDCIDADE": "ITAPEVA", "NOMEFANTASIA": "LUPO", "RAZAOSOCIAL": "MARIA_APARECIDA_REZENDE_VESTUARIO", "ENDEE": "RUA_LUCAS_DE_CAMARGO446__CENTRO_18400-340", "LMAPS": "https://www.google.com/maps?q=&layer=c&cbll=-48.8768927,-23.9841634", "O_QUE_FAZER": "CARTEIRA", "ER_REGIAO_CIDADE_min": "Itapeva_Itapeva_Sudoeste Paulista" }, "geometry": { "type": "Point", "coordinates": [ -48.8768927, -23.9841634 ] } },
{ "type": "Feature", "properties": { "fid": 197475, "CNPJ": "02827374000100", "IDCIDADE": "ITAPEVA", "NOMEFANTASIA": "BALDIO_PAPELARIA", "RAZAOSOCIAL": "PAPELARIA_BALDIM_LTDA", "ENDEE": "RUA_LUCAS_DE_CAMARGO478__CENTRO_18400-340", "LMAPS": "https://www.google.com/maps?q=&layer=c&cbll=-48.8771785,-23.9841788", "O_QUE_FAZER": "CARTEIRA", "ER_REGIAO_CIDADE_min": "Itapeva_Itapeva_Sudoeste Paulista" }, "geometry": { "type": "Point", "coordinates": [ -48.8771785, -23.9841788 ] } },
{ "type": "Feature", "properties": { "fid": 197477, "CNPJ": "14842398000118", "IDCIDADE": "ITAPEVA", "NOMEFANTASIA": "EVOLVTION_ACADEMIA", "RAZAOSOCIAL": "RODRIGUES_&_RODRIGUES_ACADEMIA_LTDA", "ENDEE": "RUA_LUCAS_DE_CAMARGO520__CENTRO_18400-340", "LMAPS": "https://www.google.com/maps?q=&layer=c&cbll=-48.8776384,-23.984186", "O_QUE_FAZER": "CARTEIRA", "ER_REGIAO_CIDADE_min": "Itapeva_Itapeva_Sudoeste Paulista" }, "geometry": { "type": "Point", "coordinates": [ -48.8776384, -23.984186 ] } },
{ "type": "Feature", "properties": { "fid": 197480, "CNPJ": "27914812000107", "IDCIDADE": "ITAPEVA", "NOMEFANTASIA": "XING_DONG", "RAZAOSOCIAL": "LUO_YINGXIAN", "ENDEE": "RUA_DOUTOR_PINHEIRO44918__CENTRO_18400-005", "LMAPS": "https://www.google.com/maps?q=&layer=c&cbll=-48.8764895,-23.9841951", "O_QUE_FAZER": "CARTEIRA", "ER_REGIAO_CIDADE_min": "Itapeva_Itapeva_Sudoeste Paulista" }, "geometry": { "type": "Point", "coordinates": [ -48.8764895, -23.9841951 ] } },
{ "type": "Feature", "properties": { "fid": 197481, "CNPJ": "05502698000167", "IDCIDADE": "ITAPEVA", "NOMEFANTASIA": "SMART_ON", "RAZAOSOCIAL": "RICARDO_BAUTISTA_RAMOS", "ENDEE": "RUA_LUCAS_DE_CAMARGO458__CENTRO_18400-340", "LMAPS": "https://www.google.com/maps?q=&layer=c&cbll=-48.8769837,-23.9841978", "O_QUE_FAZER": "CARTEIRA", "ER_REGIAO_CIDADE_min": "Itapeva_Itapeva_Sudoeste Paulista" }, "geometry": { "type": "Point", "coordinates": [ -48.8769837, -23.9841978 ] } },
{ "type": "Feature", "properties": { "fid": 197483, "CNPJ": "51566631000294", "IDCIDADE": "ITAPEVA", "NOMEFANTASIA": "JOCKS", "RAZAOSOCIAL": "COMERCIO_DE_CONFECCOES_AL_LTDA", "ENDEE": "RUA_LUCAS_DE_CAMARGO360__CENTRO_18400-340", "LMAPS": "https://www.google.com/maps?q=&layer=c&cbll=-48.8760599,-23.9842067", "O_QUE_FAZER": "CARTEIRA", "ER_REGIAO_CIDADE_min": "Itapeva_Itapeva_Sudoeste Paulista" }, "geometry": { "type": "Point", "coordinates": [ -48.8760599, -23.9842067 ] } },
{ "type": "Feature", "properties": { "fid": 197484, "CNPJ": "11033849000188", "IDCIDADE": "ITAPEVA", "NOMEFANTASIA": "DISCAO", "RAZAOSOCIAL": "DISCAO_ITAPEVA_LTDA", "ENDEE": "RUA_LUCAS_DE_CAMARGO464__CENTRO_18400-340", "LMAPS": "https://www.google.com/maps?q=&layer=c&cbll=-48.8771013,-23.9842114", "O_QUE_FAZER": "CARTEIRA", "ER_REGIAO_CIDADE_min": "Itapeva_Itapeva_Sudoeste Paulista" }, "geometry": { "type": "Point", "coordinates": [ -48.8771013, -23.9842114 ] } },
{ "type": "Feature", "properties": { "fid": 197485, "CNPJ": "96424007000100", "IDCIDADE": "ITAPEVA", "NOMEFANTASIA": "CLEUSA_BOTIQUE", "RAZAOSOCIAL": "CREUSA_MARIA_FACCO", "ENDEE": "RUA_LUCAS_DE_CAMARGO459__CENTRO_18400-340", "LMAPS": "https://www.google.com/maps?q=&layer=c&cbll=-48.8770564,-23.9842166", "O_QUE_FAZER": "CARTEIRA", "ER_REGIAO_CIDADE_min": "Itapeva_Itapeva_Sudoeste Paulista" }, "geometry": { "type": "Point", "coordinates": [ -48.8770564, -23.9842166 ] } },
{ "type": "Feature", "properties": { "fid": 197486, "CNPJ": "47613266000173", "IDCIDADE": "ITAPEVA", "NOMEFANTASIA": "LOCCAR_VEICULOS_E_LOCACOES", "RAZAOSOCIAL": "LOCCAR_VEICULOS_COMERCIO_E_LOCACAO_DE_VEICULOS_LTDA", "ENDEE": "AVENIDA_DONA_PAULINA_DE_MORAIS89__VILA_OPHELIA_18400-818", "LMAPS": "https://www.google.com/maps?q=&layer=c&cbll=-48.8797807,-23.9842253", "O_QUE_FAZER": "CARTEIRA", "ER_REGIAO_CIDADE_min": "Itapeva_Itapeva_Sudoeste Paulista" }, "geometry": { "type": "Point", "coordinates": [ -48.8797807, -23.9842253 ] } },
{ "type": "Feature", "properties": { "fid": 197487, "CNPJ": "16505977000109", "IDCIDADE": "ITAPEVA", "NOMEFANTASIA": "INSTITUTO_DE_BELEZA_SELMA_CARVALHO", "RAZAOSOCIAL": "CELMA_APARECIDA_DE_CARVALHO", "ENDEE": "RUA_CORONEL_CRESCENCIO453__VILA_SANTANA_18400-140", "LMAPS": "https://www.google.com/maps?q=&layer=c&cbll=-48.8747709,-23.9842312", "O_QUE_FAZER": "CARTEIRA", "ER_REGIAO_CIDADE_min": "Itapeva_Itapeva_Sudoeste Paulista" }, "geometry": { "type": "Point", "coordinates": [ -48.8747709, -23.9842312 ] } },
{ "type": "Feature", "properties": { "fid": 197488, "CNPJ": "73019457000111", "IDCIDADE": "ITAPEVA", "NOMEFANTASIA": "REQUINTE", "RAZAOSOCIAL": "BARROS_&_CERDEIRA_LTDA", "ENDEE": "RUA_DONA_OLIVIA_MARQUES453__CENTRO_18400-100", "LMAPS": "https://www.google.com/maps?q=&layer=c&cbll=-48.8741391,-23.984237", "O_QUE_FAZER": "CARTEIRA", "ER_REGIAO_CIDADE_min": "Itapeva_Itapeva_Sudoeste Paulista" }, "geometry": { "type": "Point", "coordinates": [ -48.8741391, -23.984237 ] } },
{ "type": "Feature", "properties": { "fid": 197491, "CNPJ": "07886111000196", "IDCIDADE": "ITAPEVA", "NOMEFANTASIA": "PMG_ROUPAS", "RAZAOSOCIAL": "NALVA_DA_SILVA_E_SILVA", "ENDEE": "RUA_LUCAS_DE_CAMARGO507__CENTRO_18400-340", "LMAPS": "https://www.google.com/maps?q=&layer=c&cbll=-48.8775511,-23.9842559", "O_QUE_FAZER": "CARTEIRA", "ER_REGIAO_CIDADE_min": "Itapeva_Itapeva_Sudoeste Paulista" }, "geometry": { "type": "Point", "coordinates": [ -48.8775511, -23.9842559 ] } },
{ "type": "Feature", "properties": { "fid": 197494, "CNPJ": "05315025000106", "IDCIDADE": "ITAPEVA", "NOMEFANTASIA": "ANA_LUIZA", "RAZAOSOCIAL": "ANA_LUIZA_JOIAS_LTDA", "ENDEE": "RUA_LUCAS_DE_CAMARGO349__CENTRO_18400-340", "LMAPS": "https://www.google.com/maps?q=&layer=c&cbll=-48.8760589,-23.984296", "O_QUE_FAZER": "CARTEIRA", "ER_REGIAO_CIDADE_min": "Itapeva_Itapeva_Sudoeste Paulista" }, "geometry": { "type": "Point", "coordinates": [ -48.8760589, -23.984296 ] } },
{ "type": "Feature", "properties": { "fid": 197495, "CNPJ": "08071547000190", "IDCIDADE": "ITAPEVA", "NOMEFANTASIA": "ASACCON_CENTRO_CONTABIL", "RAZAOSOCIAL": "ASACCON_CENTRO_CONTABIL_LTDA", "ENDEE": "RUA_LUCAS_DE_CAMARGO517__CENTRO_18400-340", "LMAPS": "https://www.google.com/maps?q=&layer=c&cbll=-48.8777152,-23.9842999", "O_QUE_FAZER": "CARTEIRA", "ER_REGIAO_CIDADE_min": "Itapeva_Itapeva_Sudoeste Paulista" }, "geometry": { "type": "Point", "coordinates": [ -48.8777152, -23.9842999 ] } },
{ "type": "Feature", "properties": { "fid": 197497, "CNPJ": "04659102000174", "IDCIDADE": "ITAPEVA", "NOMEFANTASIA": "TRICO_MALHA", "RAZAOSOCIAL": "ROSANA_APARECIDA_MACIEL_MORAIS", "ENDEE": "RUA_MARIO_PRANDINI425__CENTRO_18400-170", "LMAPS": "https://www.google.com/maps?q=&layer=c&cbll=-48.8772596,-23.9843088", "O_QUE_FAZER": "CARTEIRA", "ER_REGIAO_CIDADE_min": "Itapeva_Itapeva_Sudoeste Paulista" }, "geometry": { "type": "Point", "coordinates": [ -48.8772596, -23.9843088 ] } },
{ "type": "Feature", "properties": { "fid": 197498, "CNPJ": "09432595000129", "IDCIDADE": "ITAPEVA", "NOMEFANTASIA": "BRAZAR_CRISTAL", "RAZAOSOCIAL": "LAISE_MERIGUETTI_PINTO_PRESENTES", "ENDEE": "RUA_LUCAS_DE_CAMARGO533__CENTRO_18400-340", "LMAPS": "https://www.google.com/maps?q=&layer=c&cbll=-48.8778724,-23.984315", "O_QUE_FAZER": "CARTEIRA", "ER_REGIAO_CIDADE_min": "Itapeva_Itapeva_Sudoeste Paulista" }, "geometry": { "type": "Point", "coordinates": [ -48.8778724, -23.984315 ] } },
{ "type": "Feature", "properties": { "fid": 197501, "CNPJ": "39400970000110", "IDCIDADE": "ITAPEVA", "NOMEFANTASIA": "QUERO_MUITO", "RAZAOSOCIAL": "PALMEIRA_ROUPAS_E_ACESSORIOS_LTDA", "ENDEE": "RUA_LUCAS_DE_CAMARGO363__CENTRO_18400-340", "LMAPS": "https://www.google.com/maps?q=&layer=c&cbll=-48.8761019,-23.9843208", "O_QUE_FAZER": "CARTEIRA", "ER_REGIAO_CIDADE_min": "Itapeva_Itapeva_Sudoeste Paulista" }, "geometry": { "type": "Point", "coordinates": [ -48.8761019, -23.9843208 ] } },
{ "type": "Feature", "properties": { "fid": 197504, "CNPJ": "28780289000128", "IDCIDADE": "ITAPEVA", "NOMEFANTASIA": "MISTER_XX1", "RAZAOSOCIAL": "MISTER_21_LTDA", "ENDEE": "RUA_LUCAS_DE_CAMARGO367__CENTRO_18400-340", "LMAPS": "https://www.google.com/maps?q=&layer=c&cbll=-48.8761588,-23.9843424", "O_QUE_FAZER": "CARTEIRA", "ER_REGIAO_CIDADE_min": "Itapeva_Itapeva_Sudoeste Paulista" }, "geometry": { "type": "Point", "coordinates": [ -48.8761588, -23.9843424 ] } },
{ "type": "Feature", "properties": { "fid": 197509, "CNPJ": "03729141000138", "IDCIDADE": "ITAPEVA", "NOMEFANTASIA": "HOTEL_BARRIL", "RAZAOSOCIAL": "LUIS_CARLOS_OLIVEIRA_ITAPEVA", "ENDEE": "RUA_CACONDE43__PARQUE_CIMENTOLANDIA_18409-580", "LMAPS": "https://www.google.com/maps?q=&layer=c&cbll=-48.8949763,-23.9843983", "O_QUE_FAZER": "CARTEIRA", "ER_REGIAO_CIDADE_min": "Itapeva_Itapeva_Sudoeste Paulista" }, "geometry": { "type": "Point", "coordinates": [ -48.8949763, -23.9843983 ] } },
{ "type": "Feature", "properties": { "fid": 197512, "CNPJ": "40073933000123", "IDCIDADE": "ITAPEVA", "NOMEFANTASIA": "ORAL_SIM", "RAZAOSOCIAL": "AYUB_CLINICA_ODONTOLOGICA_LTDA", "ENDEE": "PRACA_DO_CORREIO21__CENTRO_18400-360", "LMAPS": "https://www.google.com/maps?q=&layer=c&cbll=-48.8779111,-23.9844153", "O_QUE_FAZER": "CARTEIRA", "ER_REGIAO_CIDADE_min": "Itapeva_Itapeva_Sudoeste Paulista" }, "geometry": { "type": "Point", "coordinates": [ -48.8779111, -23.9844153 ] } },
{ "type": "Feature", "properties": { "fid": 197522, "CNPJ": "29133704000114", "IDCIDADE": "ITAPEVA", "NOMEFANTASIA": "ARMAZEM_28", "RAZAOSOCIAL": "ARMAZEM_28_LTDA", "ENDEE": "RUA_DOUTOR_PINHEIRO477__CENTRO_18400-005", "LMAPS": "https://www.google.com/maps?q=&layer=c&cbll=-48.8765492,-23.9844831", "O_QUE_FAZER": "CARTEIRA", "ER_REGIAO_CIDADE_min": "Itapeva_Itapeva_Sudoeste Paulista" }, "geometry": { "type": "Point", "coordinates": [ -48.8765492, -23.9844831 ] } },
{ "type": "Feature", "properties": { "fid": 197524, "CNPJ": "00910204000160", "IDCIDADE": "ITAPEVA", "NOMEFANTASIA": "CARDIESEL", "RAZAOSOCIAL": "LUIZ_CARLOS_ROCHA_S_M_ARCANJO", "ENDEE": "RUA_MOURACY_DO_PRADO_MOURA1157__VILA_NOSSA_SENHORA_DE_FATIMA_18409-000", "LMAPS": "https://www.google.com/maps?q=&layer=c&cbll=-48.8922601,-23.9844933", "O_QUE_FAZER": "CARTEIRA", "ER_REGIAO_CIDADE_min": "Itapeva_Itapeva_Sudoeste Paulista" }, "geometry": { "type": "Point", "coordinates": [ -48.8922601, -23.9844933 ] } },
{ "type": "Feature", "properties": { "fid": 197529, "CNPJ": "37540710000114", "IDCIDADE": "ITAPEVA", "NOMEFANTASIA": "GP_TRUCK", "RAZAOSOCIAL": "MIZAEL_DOS_SANTOS_GONCALVES", "ENDEE": "AVENIDA_EXPEDICIONARIOS_DE_ITAPEVA455__PARQUE_CIMENTOLANDIA_18409-640", "LMAPS": "https://www.google.com/maps?q=&layer=c&cbll=-48.8956697,-23.9845482", "O_QUE_FAZER": "CARTEIRA", "ER_REGIAO_CIDADE_min": "Itapeva_Itapeva_Sudoeste Paulista" }, "geometry": { "type": "Point", "coordinates": [ -48.8956697, -23.9845482 ] } },
{ "type": "Feature", "properties": { "fid": 197530, "CNPJ": "15829409000192", "IDCIDADE": "ITAPEVA", "NOMEFANTASIA": "CENAIC_CENTRO_NACIONAL_INTEGRADO_DE_CURSOS", "RAZAOSOCIAL": "METROPOLIS_FORMACAO_PROFISSIONAL_LTDA.", "ENDEE": "RUA_EPAMINONDAS_FERREIRA_LOBO93__CENTRO_18400-250", "LMAPS": "https://www.google.com/maps?q=&layer=c&cbll=-48.8787171,-23.9845575", "O_QUE_FAZER": "CARTEIRA", "ER_REGIAO_CIDADE_min": "Itapeva_Itapeva_Sudoeste Paulista" }, "geometry": { "type": "Point", "coordinates": [ -48.8787171, -23.9845575 ] } },
{ "type": "Feature", "properties": { "fid": 197531, "CNPJ": "27884173000176", "IDCIDADE": "ITAPEVA", "NOMEFANTASIA": "APSE", "RAZAOSOCIAL": "JESSE_ALVES_VAZ", "ENDEE": "RUA_SANTANA184__CENTRO_18400-010", "LMAPS": "https://www.google.com/maps?q=&layer=c&cbll=-48.8758535,-23.9845619", "O_QUE_FAZER": "CARTEIRA", "ER_REGIAO_CIDADE_min": "Itapeva_Itapeva_Sudoeste Paulista" }, "geometry": { "type": "Point", "coordinates": [ -48.8758535, -23.9845619 ] } },
{ "type": "Feature", "properties": { "fid": 197532, "CNPJ": "01361287000148", "IDCIDADE": "ITAPEVA", "NOMEFANTASIA": "WIZARD_DE_ITAPEVA", "RAZAOSOCIAL": "ESCOLA_DE_IDIOMAS_ITAPEVA_LTDA", "ENDEE": "RUA_EPITACIO_PIEDADE59__VILA_OPHELIA_18400-817", "LMAPS": "https://www.google.com/maps?q=&layer=c&cbll=-48.8793013,-23.9845624", "O_QUE_FAZER": "CARTEIRA", "ER_REGIAO_CIDADE_min": "Itapeva_Itapeva_Sudoeste Paulista" }, "geometry": { "type": "Point", "coordinates": [ -48.8793013, -23.9845624 ] } },
{ "type": "Feature", "properties": { "fid": 197533, "CNPJ": "56990453000167", "IDCIDADE": "ITAPEVA", "NOMEFANTASIA": "MISTER_CONCEITO", "RAZAOSOCIAL": "MISTER_CONCEITO_ITAPEVA_LTDA", "ENDEE": "RUA_SANTANA180__CENTRO_18400-010", "LMAPS": "https://www.google.com/maps?q=&layer=c&cbll=-48.8759252,-23.9845661", "O_QUE_FAZER": "CARTEIRA", "ER_REGIAO_CIDADE_min": "Itapeva_Itapeva_Sudoeste Paulista" }, "geometry": { "type": "Point", "coordinates": [ -48.8759252, -23.9845661 ] } },
{ "type": "Feature", "properties": { "fid": 197534, "CNPJ": "21060054000112", "IDCIDADE": "ITAPEVA", "NOMEFANTASIA": "F.ECH_MODAS", "RAZAOSOCIAL": "CONFECCOES_SUPER_TELA_SOCIEDADE_UNIPESSOAL_LTDA", "ENDEE": "RUA_DOUTOR_PINHEIRO465__CENTRO_18400-005", "LMAPS": "https://www.google.com/maps?q=&layer=c&cbll=-48.8761282,-23.9845693", "O_QUE_FAZER": "CARTEIRA", "ER_REGIAO_CIDADE_min": "Itapeva_Itapeva_Sudoeste Paulista" }, "geometry": { "type": "Point", "coordinates": [ -48.8761282, -23.9845693 ] } },
{ "type": "Feature", "properties": { "fid": 197535, "CNPJ": "42678980000126", "IDCIDADE": "ITAPEVA", "NOMEFANTASIA": "OTICA_PERFI.", "RAZAOSOCIAL": "OTICA_PERFIL_ITAPEVA_LTDA", "ENDEE": "RUA_MARIO_PRANDINI455__CENTRO_18400-170", "LMAPS": "https://www.google.com/maps?q=&layer=c&cbll=-48.877347,-23.9845736", "O_QUE_FAZER": "CARTEIRA", "ER_REGIAO_CIDADE_min": "Itapeva_Itapeva_Sudoeste Paulista" }, "geometry": { "type": "Point", "coordinates": [ -48.877347, -23.9845736 ] } },
{ "type": "Feature", "properties": { "fid": 197536, "CNPJ": "06098856000128", "IDCIDADE": "ITAPEVA", "NOMEFANTASIA": "SELLES_FERRO_E_ACO", "RAZAOSOCIAL": "ROBERTA_FERREIRA_SELLIS", "ENDEE": "RUA_DOUTOR_ESTELITA_RIBAS266__PARQUE_CIMENTOLANDIA_18409-560", "LMAPS": "https://www.google.com/maps?q=&layer=c&cbll=-48.8935163,-23.9845766", "O_QUE_FAZER": "CARTEIRA", "ER_REGIAO_CIDADE_min": "Itapeva_Itapeva_Sudoeste Paulista" }, "geometry": { "type": "Point", "coordinates": [ -48.8935163, -23.9845766 ] } },
{ "type": "Feature", "properties": { "fid": 197537, "CNPJ": "42145844000170", "IDCIDADE": "ITAPEVA", "NOMEFANTASIA": "MECANICA_TEIXEIRA", "RAZAOSOCIAL": "EDINILSON_EVANDRO_TEIXEIRA", "ENDEE": "RUA_MOURACY_DO_PRADO_MOURA1139__VILA_NOSSA_SENHORA_DE_FATIMA_18409-000", "LMAPS": "https://www.google.com/maps?q=&layer=c&cbll=-48.8919717,-23.9845767", "O_QUE_FAZER": "CARTEIRA", "ER_REGIAO_CIDADE_min": "Itapeva_Itapeva_Sudoeste Paulista" }, "geometry": { "type": "Point", "coordinates": [ -48.8919717, -23.9845767 ] } },
{ "type": "Feature", "properties": { "fid": 197538, "CNPJ": "04073464000260", "IDCIDADE": "ITAPEVA", "NOMEFANTASIA": "FETAL_MED", "RAZAOSOCIAL": "CENTRO_DE_REFERENCIA_EM_GINECOLOGIA_E_OBSTETRICIA_LTDA", "ENDEE": "RUA_EPAMINONDAS_FERREIRA_LOBO77__CENTRO_18400-250", "LMAPS": "https://www.google.com/maps?q=&layer=c&cbll=-48.8786831,-23.9845785", "O_QUE_FAZER": "CARTEIRA", "ER_REGIAO_CIDADE_min": "Itapeva_Itapeva_Sudoeste Paulista" }, "geometry": { "type": "Point", "coordinates": [ -48.8786831, -23.9845785 ] } },
{ "type": "Feature", "properties": { "fid": 197540, "CNPJ": "41373875000116", "IDCIDADE": "ITAPEVA", "NOMEFANTASIA": "AGROSAVANNA", "RAZAOSOCIAL": "ODAIR_JOSE_DELGADO", "ENDEE": "RUA_MORACY_DO_PRADO_MOURA1258__VILA_NOSSA_SENHORA_DE_FATIMA_18409-000", "LMAPS": "https://www.google.com/maps?q=&layer=c&cbll=-48.8931117,-23.9845833", "O_QUE_FAZER": "CARTEIRA", "ER_REGIAO_CIDADE_min": "Itapeva_Itapeva_Sudoeste Paulista" }, "geometry": { "type": "Point", "coordinates": [ -48.8931117, -23.9845833 ] } },
{ "type": "Feature", "properties": { "fid": 197541, "CNPJ": "34746079000116", "IDCIDADE": "ITAPEVA", "NOMEFANTASIA": "PAULO_MELO_CASA_DAS_MANGUEIRAS", "RAZAOSOCIAL": "PAULO_DE_TARSO_PONCE_DE_MELO", "ENDEE": "RUA_DOUTOR_ESTELITA_RIBAS60__PARQUE_CIMENTOLANDIA_18409-560", "LMAPS": "https://www.google.com/maps?q=&layer=c&cbll=-48.8931435,-23.9845835", "O_QUE_FAZER": "CARTEIRA", "ER_REGIAO_CIDADE_min": "Itapeva_Itapeva_Sudoeste Paulista" }, "geometry": { "type": "Point", "coordinates": [ -48.8931435, -23.9845835 ] } },
{ "type": "Feature", "properties": { "fid": 197542, "CNPJ": "24465719000166", "IDCIDADE": "ITAPEVA", "NOMEFANTASIA": "TRANSPORTADORA_2_IRMAOS", "RAZAOSOCIAL": "TRANSPORTADORA_DOIS_IRMAOS_ITAPEVA_LTDA", "ENDEE": "RUA_ITU475__PARQUE_VISTA_ALEGRE_18401-230", "LMAPS": "https://www.google.com/maps?q=&layer=c&cbll=-48.8956833,-23.9846085", "O_QUE_FAZER": "CARTEIRA", "ER_REGIAO_CIDADE_min": "Itapeva_Itapeva_Sudoeste Paulista" }, "geometry": { "type": "Point", "coordinates": [ -48.8956833, -23.9846085 ] } },
{ "type": "Feature", "properties": { "fid": 197544, "CNPJ": "27786314000118", "IDCIDADE": "ITAPEVA", "NOMEFANTASIA": "AO_CAPONE_BARBEARIA", "RAZAOSOCIAL": "FELIPE_ADRIAM_MIRANDA", "ENDEE": "RUA_MARIO_PRANDINI461__CENTRO_18400-170", "LMAPS": "https://www.google.com/maps?q=&layer=c&cbll=-48.877332,-23.9846566", "O_QUE_FAZER": "CARTEIRA", "ER_REGIAO_CIDADE_min": "Itapeva_Itapeva_Sudoeste Paulista" }, "geometry": { "type": "Point", "coordinates": [ -48.877332, -23.9846566 ] } },
{ "type": "Feature", "properties": { "fid": 197545, "CNPJ": "02158278000117", "IDCIDADE": "ITAPEVA", "NOMEFANTASIA": "ATELIE_DE_COSTURA_MANANCIAL", "RAZAOSOCIAL": "NILZA_DE_OLIVEIRA", "ENDEE": "RUA_SANTANA196__CENTRO_18400-010", "LMAPS": "https://www.google.com/maps?q=&layer=c&cbll=-48.8759183,-23.9846576", "O_QUE_FAZER": "CARTEIRA", "ER_REGIAO_CIDADE_min": "Itapeva_Itapeva_Sudoeste Paulista" }, "geometry": { "type": "Point", "coordinates": [ -48.8759183, -23.9846576 ] } },
{ "type": "Feature", "properties": { "fid": 197546, "CNPJ": "27437891000102", "IDCIDADE": "ITAPEVA", "NOMEFANTASIA": "HAULLY_VEICULOS", "RAZAOSOCIAL": "SIDNEI_SANTO_CASAGRANDE_JUNIOR", "ENDEE": "RUA_MORACY_DO_PRADO_MOURA1271__VILA_NOSSA_SENHORA_DE_FATIMA_18409-000", "LMAPS": "https://www.google.com/maps?q=&layer=c&cbll=-48.8933426,-23.9846744", "O_QUE_FAZER": "CARTEIRA", "ER_REGIAO_CIDADE_min": "Itapeva_Itapeva_Sudoeste Paulista" }, "geometry": { "type": "Point", "coordinates": [ -48.8933426, -23.9846744 ] } },
{ "type": "Feature", "properties": { "fid": 197550, "CNPJ": "43382723000105", "IDCIDADE": "ITAPEVA", "NOMEFANTASIA": "TUDO_CLEAN", "RAZAOSOCIAL": "TUDO_CLEAN_-_PRODUTOS_DE_LIMPEZA_E_SERVICOS_LTDA", "ENDEE": "RUA_JULIO_VIEIRA_HOLTZ160__VILA_NOSSA_SENHORA_DE_FATIMA_18409-150", "LMAPS": "https://www.google.com/maps?q=&layer=c&cbll=-48.8870765,-23.9847124", "O_QUE_FAZER": "CARTEIRA", "ER_REGIAO_CIDADE_min": "Itapeva_Itapeva_Sudoeste Paulista" }, "geometry": { "type": "Point", "coordinates": [ -48.8870765, -23.9847124 ] } },
{ "type": "Feature", "properties": { "fid": 197552, "CNPJ": "49695250000182", "IDCIDADE": "ITAPEVA", "NOMEFANTASIA": "MARIAS", "RAZAOSOCIAL": "MARIAS_-_ROUPAS_E_ACESSORIOS_LTDA", "ENDEE": "RUA_PROFESSOR_RIVADAVIA_MARQUES_JUNIOR298__CENTRO_18400-370", "LMAPS": "https://www.google.com/maps?q=&layer=c&cbll=-48.8761357,-23.984745", "O_QUE_FAZER": "CARTEIRA", "ER_REGIAO_CIDADE_min": "Itapeva_Itapeva_Sudoeste Paulista" }, "geometry": { "type": "Point", "coordinates": [ -48.8761357, -23.984745 ] } },
{ "type": "Feature", "properties": { "fid": 197553, "CNPJ": "09275809000109", "IDCIDADE": "ITAPEVA", "NOMEFANTASIA": "MILKTALY_SORVETES", "RAZAOSOCIAL": "F._J._GONCALVES", "ENDEE": "RUA_DOUTOR_PINHEIRO479__CENTRO_18400-005", "LMAPS": "https://www.google.com/maps?q=&layer=c&cbll=-48.8764922,-23.9847454", "O_QUE_FAZER": "CARTEIRA", "ER_REGIAO_CIDADE_min": "Itapeva_Itapeva_Sudoeste Paulista" }, "geometry": { "type": "Point", "coordinates": [ -48.8764922, -23.9847454 ] } },
{ "type": "Feature", "properties": { "fid": 197555, "CNPJ": "20487257000127", "IDCIDADE": "ITAPEVA", "NOMEFANTASIA": "GISELE_FREITAS", "RAZAOSOCIAL": "ELIANE_BORGES_DE_PROENCA_SILVA", "ENDEE": "RUA_SANTANA262__CENTRO_18400-010", "LMAPS": "https://www.google.com/maps?q=&layer=c&cbll=-48.8764784,-23.9847654", "O_QUE_FAZER": "CARTEIRA", "ER_REGIAO_CIDADE_min": "Itapeva_Itapeva_Sudoeste Paulista" }, "geometry": { "type": "Point", "coordinates": [ -48.8764784, -23.9847654 ] } },
{ "type": "Feature", "properties": { "fid": 197556, "CNPJ": "66827676000161", "IDCIDADE": "ITAPEVA", "NOMEFANTASIA": "C.AMARROCA_MULTIMARCAS", "RAZAOSOCIAL": "CV_ML_CONFECCOES_LTDA", "ENDEE": "RUA_PROFESSOR_RIVADAVIA_MARQUES_JUNIOR286__CENTRO_18400-370", "LMAPS": "https://www.google.com/maps?q=&layer=c&cbll=-48.8761004,-23.9847734", "O_QUE_FAZER": "CARTEIRA", "ER_REGIAO_CIDADE_min": "Itapeva_Itapeva_Sudoeste Paulista" }, "geometry": { "type": "Point", "coordinates": [ -48.8761004, -23.9847734 ] } },
{ "type": "Feature", "properties": { "fid": 197561, "CNPJ": "11639485000184", "IDCIDADE": "ITAPEVA", "NOMEFANTASIA": "BIEL_BEER", "RAZAOSOCIAL": "ADRIANO_LUIZ_SIMA", "ENDEE": "RUA_MARIO_PRANDINI473__CENTRO_18400-170", "LMAPS": "https://www.google.com/maps?q=&layer=c&cbll=-48.8771536,-23.9848133", "O_QUE_FAZER": "CARTEIRA", "ER_REGIAO_CIDADE_min": "Itapeva_Itapeva_Sudoeste Paulista" }, "geometry": { "type": "Point", "coordinates": [ -48.8771536, -23.9848133 ] } },
{ "type": "Feature", "properties": { "fid": 197562, "CNPJ": "20640844000104", "IDCIDADE": "ITAPEVA", "NOMEFANTASIA": "CALHAS_UNIAO", "RAZAOSOCIAL": "UNIAO_-_COMERCIO_E_INSTALACAO_DE_CALHAS_E_TRANSPORTES_LTDA", "ENDEE": "AVENIDA_EXPEDICIONARIOS_DE_ITAPEVA1338__PARQUE_CIMENTOLANDIA_18409-640", "LMAPS": "https://www.google.com/maps?q=&layer=c&cbll=-48.8819709,-23.9848198", "O_QUE_FAZER": "CARTEIRA", "ER_REGIAO_CIDADE_min": "Itapeva_Itapeva_Sudoeste Paulista" }, "geometry": { "type": "Point", "coordinates": [ -48.8819709, -23.9848198 ] } },
{ "type": "Feature", "properties": { "fid": 197563, "CNPJ": "40374546000127", "IDCIDADE": "ITAPEVA", "NOMEFANTASIA": "YOSHI_MULTIMARCAS", "RAZAOSOCIAL": "RODRIGO_HIDEKI_YOSHIDA", "ENDEE": "RUA_MARIO_PRANDINI494__CENTRO_18400-170", "LMAPS": "https://www.google.com/maps?q=&layer=c&cbll=-48.8773918,-23.9848215", "O_QUE_FAZER": "CARTEIRA", "ER_REGIAO_CIDADE_min": "Itapeva_Itapeva_Sudoeste Paulista" }, "geometry": { "type": "Point", "coordinates": [ -48.8773918, -23.9848215 ] } },
{ "type": "Feature", "properties": { "fid": 197565, "CNPJ": "20085679000176", "IDCIDADE": "ITAPEVA", "NOMEFANTASIA": "SURF_CLAMARROCA", "RAZAOSOCIAL": "CRV_CAMARGO", "ENDEE": "RUA_PROFESSOR_RIVADAVIA_MARQUES_JUNIOR298__CENTRO_18400-370", "LMAPS": "https://www.google.com/maps?q=&layer=c&cbll=-48.8762254,-23.9848522", "O_QUE_FAZER": "CARTEIRA", "ER_REGIAO_CIDADE_min": "Itapeva_Itapeva_Sudoeste Paulista" }, "geometry": { "type": "Point", "coordinates": [ -48.8762254, -23.9848522 ] } },
{ "type": "Feature", "properties": { "fid": 197567, "CNPJ": "08104376000158", "IDCIDADE": "ITAPEVA", "NOMEFANTASIA": "FER_FERVENDO_FESTAS", "RAZAOSOCIAL": "FERNANDO_IBARRA_MODENEZI_-_ITAPEVA", "ENDEE": "RUA_EPAMINONDAS_FERREIRA_LOBO33__CENTRO_18400-250", "LMAPS": "https://www.google.com/maps?q=&layer=c&cbll=-48.878266,-23.9848567", "O_QUE_FAZER": "CARTEIRA", "ER_REGIAO_CIDADE_min": "Itapeva_Itapeva_Sudoeste Paulista" }, "geometry": { "type": "Point", "coordinates": [ -48.878266, -23.9848567 ] } },
{ "type": "Feature", "properties": { "fid": 197568, "CNPJ": "05532013000125", "IDCIDADE": "ITAPEVA", "NOMEFANTASIA": "BEL_PAO", "RAZAOSOCIAL": "EDSON_VALDIR_SIMA", "ENDEE": "RUA_MARIO_PRANDINI470__CENTRO_18400-170", "LMAPS": "https://www.google.com/maps?q=&layer=c&cbll=-48.8774827,-23.9848598", "O_QUE_FAZER": "CARTEIRA", "ER_REGIAO_CIDADE_min": "Itapeva_Itapeva_Sudoeste Paulista" }, "geometry": { "type": "Point", "coordinates": [ -48.8774827, -23.9848598 ] } },
{ "type": "Feature", "properties": { "fid": 197569, "CNPJ": "20285272000192", "IDCIDADE": "ITAPEVA", "NOMEFANTASIA": "LUXO", "RAZAOSOCIAL": "ANDRESSA_DA_SILVA_CAMARGO_ROUPAS", "ENDEE": "RUA_PROFESSOR_RIVADAVIA_MARQUES_JUNIOR292__CENTRO_18400-370", "LMAPS": "https://www.google.com/maps?q=&layer=c&cbll=-48.8762047,-23.9848616", "O_QUE_FAZER": "CARTEIRA", "ER_REGIAO_CIDADE_min": "Itapeva_Itapeva_Sudoeste Paulista" }, "geometry": { "type": "Point", "coordinates": [ -48.8762047, -23.9848616 ] } },
{ "type": "Feature", "properties": { "fid": 197571, "CNPJ": "18639312000105", "IDCIDADE": "ITAPEVA", "NOMEFANTASIA": "MENINA_MOCA", "RAZAOSOCIAL": "MENINA_MOCA_ITAPEVA_COMERCIO_DE_ARTIGOS_DO_VESTUARIO_LTDA", "ENDEE": "RUA_PROFESSOR_RIVADAVIA_MARQUES_JUNIOR262__CENTRO_18400-370", "LMAPS": "https://www.google.com/maps?q=&layer=c&cbll=-48.8759894,-23.9848655", "O_QUE_FAZER": "CARTEIRA", "ER_REGIAO_CIDADE_min": "Itapeva_Itapeva_Sudoeste Paulista" }, "geometry": { "type": "Point", "coordinates": [ -48.8759894, -23.9848655 ] } },
{ "type": "Feature", "properties": { "fid": 197573, "CNPJ": "35262744000169", "IDCIDADE": "ITAPEVA", "NOMEFANTASIA": "MOREIRA_FLORESTAL", "RAZAOSOCIAL": "REGINALDO_DA_SILVA_MOREIRA", "ENDEE": "RUA_NIVALDO_FERREIRA_GANDRA381__CONJUNTO_HABITACIONAL_TANCREDO_NEVES_18410-361", "LMAPS": "https://www.google.com/maps?q=&layer=c&cbll=-48.8967056,-23.9848686", "O_QUE_FAZER": "CARTEIRA", "ER_REGIAO_CIDADE_min": "Itapeva_Itapeva_Sudoeste Paulista" }, "geometry": { "type": "Point", "coordinates": [ -48.8967056, -23.9848686 ] } },
{ "type": "Feature", "properties": { "fid": 197574, "CNPJ": "09327384000126", "IDCIDADE": "ITAPEVA", "NOMEFANTASIA": "ESTILO_ASSESSORIOS", "RAZAOSOCIAL": "CAMILA_GOMES_DE_ASSIS", "ENDEE": "RUA_PROFESSOR_RIVADAVIA_MARQUES_JUNIOR292__CENTRO_18400-370", "LMAPS": "https://www.google.com/maps?q=&layer=c&cbll=-48.8761172,-23.9848727", "O_QUE_FAZER": "CARTEIRA", "ER_REGIAO_CIDADE_min": "Itapeva_Itapeva_Sudoeste Paulista" }, "geometry": { "type": "Point", "coordinates": [ -48.8761172, -23.9848727 ] } },
{ "type": "Feature", "properties": { "fid": 197575, "CNPJ": "42089431000116", "IDCIDADE": "ITAPEVA", "NOMEFANTASIA": "STUDIO_LIVE", "RAZAOSOCIAL": "MARIANA_VICENTE_CONFECCOES_LTDA", "ENDEE": "RUA_PROFESSOR_RIVADAVIA_MARQUES_JUNIOR381__CENTRO_18400-370", "LMAPS": "https://www.google.com/maps?q=&layer=c&cbll=-48.8770866,-23.9848778", "O_QUE_FAZER": "CARTEIRA", "ER_REGIAO_CIDADE_min": "Itapeva_Itapeva_Sudoeste Paulista" }, "geometry": { "type": "Point", "coordinates": [ -48.8770866, -23.9848778 ] } },
{ "type": "Feature", "properties": { "fid": 197577, "CNPJ": "04365149000125", "IDCIDADE": "ITAPEVA", "NOMEFANTASIA": "IMP_MEDICINA_PREVENTIVA", "RAZAOSOCIAL": "I.M.P._-_INSTITUTO_DE_MEDICINA_PREVENTIVA_LTDA.", "ENDEE": "RUA_PROFESSOR_RIVADAVIA_MARQUES_JUNIOR116__CENTRO_18400-370", "LMAPS": "https://www.google.com/maps?q=&layer=c&cbll=-48.8744852,-23.9848976", "O_QUE_FAZER": "CARTEIRA", "ER_REGIAO_CIDADE_min": "Itapeva_Itapeva_Sudoeste Paulista" }, "geometry": { "type": "Point", "coordinates": [ -48.8744852, -23.9848976 ] } },
{ "type": "Feature", "properties": { "fid": 197580, "CNPJ": "15163402000184", "IDCIDADE": "ITAPEVA", "NOMEFANTASIA": "WD_CDS_MUSIC", "RAZAOSOCIAL": "CRISTIANE_BEATRIZ_DA_SILVA_DE_SOUZA", "ENDEE": "RUA_PROFESSOR_RIVADAVIA_MARQUES_JUNIOR295__CENTRO_18400-370", "LMAPS": "https://www.google.com/maps?q=&layer=c&cbll=-48.8762554,-23.9849001", "O_QUE_FAZER": "CARTEIRA", "ER_REGIAO_CIDADE_min": "Itapeva_Itapeva_Sudoeste Paulista" }, "geometry": { "type": "Point", "coordinates": [ -48.8762554, -23.9849001 ] } },
{ "type": "Feature", "properties": { "fid": 197581, "CNPJ": "47378166000100", "IDCIDADE": "ITAPEVA", "NOMEFANTASIA": "MATTER_FASHION", "RAZAOSOCIAL": "MATTER_COMERCIO_DE_ARTIGOS_DO_VESTUARIO_LTDA", "ENDEE": "RUA_PROFESSOR_RIVADAVIA_MARQUES_JUNIOR357__CENTRO_18400-370", "LMAPS": "https://www.google.com/maps?q=&layer=c&cbll=-48.8768536,-23.9849012", "O_QUE_FAZER": "CARTEIRA", "ER_REGIAO_CIDADE_min": "Itapeva_Itapeva_Sudoeste Paulista" }, "geometry": { "type": "Point", "coordinates": [ -48.8768536, -23.9849012 ] } },
{ "type": "Feature", "properties": { "fid": 197584, "CNPJ": "10390398000173", "IDCIDADE": "ITAPEVA", "NOMEFANTASIA": "CADD_CENTRO_DO_APARELHO_DISGESTIVO_E_DERMATOLOGIA", "RAZAOSOCIAL": "NOGUEIRA_&_FERREIRA_SERVICOS_MEDICOS_LTDA", "ENDEE": "RUA_PROFESSOR_RIVADAVIA_MARQUES_JUNIOR128__CENTRO_18400-370", "LMAPS": "https://www.google.com/maps?q=&layer=c&cbll=-48.874611,-23.9849247", "O_QUE_FAZER": "CARTEIRA", "ER_REGIAO_CIDADE_min": "Itapeva_Itapeva_Sudoeste Paulista" }, "geometry": { "type": "Point", "coordinates": [ -48.874611, -23.9849247 ] } },
{ "type": "Feature", "properties": { "fid": 197589, "CNPJ": "46061222000115", "IDCIDADE": "ITAPEVA", "NOMEFANTASIA": "BOLA_BRANCA_ESPORTES", "RAZAOSOCIAL": "BOLA_BRANCA_ESPORTES_LTDA", "ENDEE": "RUA_PROFESSOR_RIVADAVIA_MARQUES_JUNIOR351__CENTRO_18400-370", "LMAPS": "https://www.google.com/maps?q=&layer=c&cbll=-48.876783,-23.9849709", "O_QUE_FAZER": "CARTEIRA", "ER_REGIAO_CIDADE_min": "Itapeva_Itapeva_Sudoeste Paulista" }, "geometry": { "type": "Point", "coordinates": [ -48.876783, -23.9849709 ] } },
{ "type": "Feature", "properties": { "fid": 197595, "CNPJ": "02703290000165", "IDCIDADE": "ITAPEVA", "NOMEFANTASIA": "LAVANDERIA_BRILHANTE", "RAZAOSOCIAL": "CLELIA_DOMINGUES_BARROS_GEHRING", "ENDEE": "RUA_PROFESSOR_RIVADAVIA_MARQUES_JUNIOR103__CENTRO_18400-370", "LMAPS": "https://www.google.com/maps?q=&layer=c&cbll=-48.8742814,-23.9850055", "O_QUE_FAZER": "CARTEIRA", "ER_REGIAO_CIDADE_min": "Itapeva_Itapeva_Sudoeste Paulista" }, "geometry": { "type": "Point", "coordinates": [ -48.8742814, -23.9850055 ] } },
{ "type": "Feature", "properties": { "fid": 197596, "CNPJ": "12801582000275", "IDCIDADE": "ITAPEVA", "NOMEFANTASIA": "HI_LO", "RAZAOSOCIAL": "HI-LO_CONFECCOES_E_ACESSORIOS_LTDA", "ENDEE": "RUA_MARIO_PRANDINI496__CENTRO_18400-170", "LMAPS": "https://www.google.com/maps?q=&layer=c&cbll=-48.8774648,-23.985019", "O_QUE_FAZER": "CARTEIRA", "ER_REGIAO_CIDADE_min": "Itapeva_Itapeva_Sudoeste Paulista" }, "geometry": { "type": "Point", "coordinates": [ -48.8774648, -23.985019 ] } },
{ "type": "Feature", "properties": { "fid": 197597, "CNPJ": "67924993000169", "IDCIDADE": "ITAPEVA", "NOMEFANTASIA": "GRP_CORRETORA_DE_SEGUROS", "RAZAOSOCIAL": "G_R_P_CORRETORA_DE_SEGUROS_LTDA", "ENDEE": "RUA_MARIO_PRANDINI505__CENTRO_18400-170", "LMAPS": "https://www.google.com/maps?q=&layer=c&cbll=-48.8772776,-23.9850215", "O_QUE_FAZER": "CARTEIRA", "ER_REGIAO_CIDADE_min": "Itapeva_Itapeva_Sudoeste Paulista" }, "geometry": { "type": "Point", "coordinates": [ -48.8772776, -23.9850215 ] } },
{ "type": "Feature", "properties": { "fid": 197599, "CNPJ": "11639418000160", "IDCIDADE": "ITAPEVA", "NOMEFANTASIA": "SUPER_DOG", "RAZAOSOCIAL": "EDEMILSON_GONCALVES_DE_MELLO", "ENDEE": "RUA_EPAMINONDAS_FERREIRA_LOBO17__CENTRO_18400-250", "LMAPS": "https://www.google.com/maps?q=&layer=c&cbll=-48.878212,-23.9850321", "O_QUE_FAZER": "CARTEIRA", "ER_REGIAO_CIDADE_min": "Itapeva_Itapeva_Sudoeste Paulista" }, "geometry": { "type": "Point", "coordinates": [ -48.878212, -23.9850321 ] } },
{ "type": "Feature", "properties": { "fid": 197600, "CNPJ": "30725236000156", "IDCIDADE": "ITAPEVA", "NOMEFANTASIA": "SEGURALTA", "RAZAOSOCIAL": "ROCHA_&_THOMAZ_CORRETAGEM_DE_SEGUROS_LTDA", "ENDEE": "RUA_EPAMINONDAS_FERREIRA_LOBO6__CENTRO_18400-250", "LMAPS": "https://www.google.com/maps?q=&layer=c&cbll=-48.8781186,-23.9850322", "O_QUE_FAZER": "CARTEIRA", "ER_REGIAO_CIDADE_min": "Itapeva_Itapeva_Sudoeste Paulista" }, "geometry": { "type": "Point", "coordinates": [ -48.8781186, -23.9850322 ] } },
{ "type": "Feature", "properties": { "fid": 197601, "CNPJ": "30073492000106", "IDCIDADE": "ITAPEVA", "NOMEFANTASIA": "AMO_SOMBRANCELHAS", "RAZAOSOCIAL": "SIMOES_SOBRANCELHAS_LTDA", "ENDEE": "RUA_MARIO_PRANDINI512__CENTRO_18400-170", "LMAPS": "https://www.google.com/maps?q=&layer=c&cbll=-48.8774337,-23.9850342", "O_QUE_FAZER": "CARTEIRA", "ER_REGIAO_CIDADE_min": "Itapeva_Itapeva_Sudoeste Paulista" }, "geometry": { "type": "Point", "coordinates": [ -48.8774337, -23.9850342 ] } },
{ "type": "Feature", "properties": { "fid": 197602, "CNPJ": "05887681000175", "IDCIDADE": "ITAPEVA", "NOMEFANTASIA": "SAIOLI_LAR_&_CONTRUCAO", "RAZAOSOCIAL": "JCOSOL_CASA_&_CONSTRUCAO_LTDA", "ENDEE": "AVENIDA_EXPEDICIONARIOS_DE_ITAPEVA385__PARQUE_CIMENTOLANDIA_18409-640", "LMAPS": "https://www.google.com/maps?q=&layer=c&cbll=-48.8950921,-23.9850506", "O_QUE_FAZER": "CARTEIRA", "ER_REGIAO_CIDADE_min": "Itapeva_Itapeva_Sudoeste Paulista" }, "geometry": { "type": "Point", "coordinates": [ -48.8950921, -23.9850506 ] } },
{ "type": "Feature", "properties": { "fid": 197603, "CNPJ": "11030668000106", "IDCIDADE": "ITAPEVA", "NOMEFANTASIA": "SUL_PAULISTA_CONTABILIDADE", "RAZAOSOCIAL": "NILMA_HELENA_ALMEIDA_CAMARGO", "ENDEE": "RUA_PROFESSOR_RIVADAVIA_MARQUES_JUNIOR227__CENTRO_18400-370", "LMAPS": "https://www.google.com/maps?q=&layer=c&cbll=-48.8755605,-23.9850508", "O_QUE_FAZER": "CARTEIRA", "ER_REGIAO_CIDADE_min": "Itapeva_Itapeva_Sudoeste Paulista" }, "geometry": { "type": "Point", "coordinates": [ -48.8755605, -23.9850508 ] } },
{ "type": "Feature", "properties": { "fid": 197608, "CNPJ": "41591846000120", "IDCIDADE": "ITAPEVA", "NOMEFANTASIA": "SUPER_7_PIZZARIA", "RAZAOSOCIAL": "SUPER_7_PIZZARIA_LTDA", "ENDEE": "RUA_TEOFILO_DAVID_MUZEL80__VILA_OPHELIA_18400-816", "LMAPS": "https://www.google.com/maps?q=&layer=c&cbll=-48.8791222,-23.9850669", "O_QUE_FAZER": "CARTEIRA", "ER_REGIAO_CIDADE_min": "Itapeva_Itapeva_Sudoeste Paulista" }, "geometry": { "type": "Point", "coordinates": [ -48.8791222, -23.9850669 ] } },
{ "type": "Feature", "properties": { "fid": 197609, "CNPJ": "17741947000156", "IDCIDADE": "ITAPEVA", "NOMEFANTASIA": "SIPATRAN", "RAZAOSOCIAL": "SIPACRED_-_SERVICO_INTELIGENTE_DE_PLANEJAMENTO_AO_CREDITO_LTDA", "ENDEE": "RUA_DOUTOR_PINHEIRO511__CENTRO_18400-005", "LMAPS": "https://www.google.com/maps?q=&layer=c&cbll=-48.8791523,-23.9850768", "O_QUE_FAZER": "CARTEIRA", "ER_REGIAO_CIDADE_min": "Itapeva_Itapeva_Sudoeste Paulista" }, "geometry": { "type": "Point", "coordinates": [ -48.8791523, -23.9850768 ] } },
{ "type": "Feature", "properties": { "fid": 197612, "CNPJ": "08399963000111", "IDCIDADE": "ITAPEVA", "NOMEFANTASIA": "REAL_DECORACOES", "RAZAOSOCIAL": "ADRIANA_KATIA_DA_SILVA_DANCINI", "ENDEE": "RUA_PROFESSOR_RIVADAVIA_MARQUES_JUNIOR363__CENTRO_18400-370", "LMAPS": "https://www.google.com/maps?q=&layer=c&cbll=-48.8769786,-23.9850875", "O_QUE_FAZER": "CARTEIRA", "ER_REGIAO_CIDADE_min": "Itapeva_Itapeva_Sudoeste Paulista" }, "geometry": { "type": "Point", "coordinates": [ -48.8769786, -23.9850875 ] } },
{ "type": "Feature", "properties": { "fid": 197615, "CNPJ": "33566173000120", "IDCIDADE": "ITAPEVA", "NOMEFANTASIA": "MUNDO_SAUDE", "RAZAOSOCIAL": "MARIA_JULIA_MARTINS_BATISTA", "ENDEE": "RUA_DOUTOR_PINHEIRO528__CENTRO_18400-005", "LMAPS": "https://www.google.com/maps?q=&layer=c&cbll=-48.8764952,-23.9851375", "O_QUE_FAZER": "CARTEIRA", "ER_REGIAO_CIDADE_min": "Itapeva_Itapeva_Sudoeste Paulista" }, "geometry": { "type": "Point", "coordinates": [ -48.8764952, -23.9851375 ] } },
{ "type": "Feature", "properties": { "fid": 197617, "CNPJ": "46774389000123", "IDCIDADE": "ITAPEVA", "NOMEFANTASIA": "CAIPIRA_BURGUER", "RAZAOSOCIAL": "MARIANA_MAGALHAES_ALMEIDA_CUNHA", "ENDEE": "RUA_MARIO_PRANDINI516__CENTRO_18400-170", "LMAPS": "https://www.google.com/maps?q=&layer=c&cbll=-48.87747,-23.9851517", "O_QUE_FAZER": "CARTEIRA", "ER_REGIAO_CIDADE_min": "Itapeva_Itapeva_Sudoeste Paulista" }, "geometry": { "type": "Point", "coordinates": [ -48.87747, -23.9851517 ] } },
{ "type": "Feature", "properties": { "fid": 197622, "CNPJ": "28687722000185", "IDCIDADE": "ITAPEVA", "NOMEFANTASIA": "MEDITERRANEE", "RAZAOSOCIAL": "MEDITERRANEE_MULTIMARCAS_LTDA", "ENDEE": "RUA_SANTANA252__CENTRO_18400-010", "LMAPS": "https://www.google.com/maps?q=&layer=c&cbll=-48.8759488,-23.9851808", "O_QUE_FAZER": "CARTEIRA", "ER_REGIAO_CIDADE_min": "Itapeva_Itapeva_Sudoeste Paulista" }, "geometry": { "type": "Point", "coordinates": [ -48.8759488, -23.9851808 ] } },
{ "type": "Feature", "properties": { "fid": 197625, "CNPJ": "30018066000250", "IDCIDADE": "ITAPEVA", "NOMEFANTASIA": "EDEN_GASTRONOMIA", "RAZAOSOCIAL": "CHOPERIA_ESTACAO_XX_LTDA", "ENDEE": "RUA_FLORIANO_PEIXOTO86__CENTRO_18400-240", "LMAPS": "https://www.google.com/maps?q=&layer=c&cbll=-48.87808,-23.9851967", "O_QUE_FAZER": "CARTEIRA", "ER_REGIAO_CIDADE_min": "Itapeva_Itapeva_Sudoeste Paulista" }, "geometry": { "type": "Point", "coordinates": [ -48.87808, -23.9851967 ] } },
{ "type": "Feature", "properties": { "fid": 197627, "CNPJ": "21339364000170", "IDCIDADE": "ITAPEVA", "NOMEFANTASIA": "THE_SQUARE_PUB", "RAZAOSOCIAL": "REBECA_DA_SILVA_MUZEL_BAR", "ENDEE": "RUA_TEOFILO_DAVID_MUZEL100__VILA_OPHELIA_18400-816", "LMAPS": "https://www.google.com/maps?q=&layer=c&cbll=-48.8793459,-23.985203", "O_QUE_FAZER": "CARTEIRA", "ER_REGIAO_CIDADE_min": "Itapeva_Itapeva_Sudoeste Paulista" }, "geometry": { "type": "Point", "coordinates": [ -48.8793459, -23.985203 ] } },
{ "type": "Feature", "properties": { "fid": 197628, "CNPJ": "10399906000184", "IDCIDADE": "ITAPEVA", "NOMEFANTASIA": "FAMILIA_STOP", "RAZAOSOCIAL": "MELO_&_ALMEIDA_-_FAMILIA_STOP_LTDA", "ENDEE": "RUA_MARIO_PRANDINI533__CENTRO_18400-170", "LMAPS": "https://www.google.com/maps?q=&layer=c&cbll=-48.877145,-23.9852033", "O_QUE_FAZER": "CARTEIRA", "ER_REGIAO_CIDADE_min": "Itapeva_Itapeva_Sudoeste Paulista" }, "geometry": { "type": "Point", "coordinates": [ -48.877145, -23.9852033 ] } },
{ "type": "Feature", "properties": { "fid": 197629, "CNPJ": "25961180000280", "IDCIDADE": "ITAPEVA", "NOMEFANTASIA": "RESTAURANTE_PAULISTA_3", "RAZAOSOCIAL": "DANIEL_RODRIGO_PROENCA", "ENDEE": "AVENIDA_DONA_PAULINA_DE_MORAIS280__JARDIM_MARINGA_18400-818", "LMAPS": "https://www.google.com/maps?q=&layer=c&cbll=-48.881503,-23.9852054", "O_QUE_FAZER": "CARTEIRA", "ER_REGIAO_CIDADE_min": "Itapeva_Itapeva_Sudoeste Paulista" }, "geometry": { "type": "Point", "coordinates": [ -48.881503, -23.9852054 ] } },
{ "type": "Feature", "properties": { "fid": 197631, "CNPJ": "49126520000134", "IDCIDADE": "ITAPEVA", "NOMEFANTASIA": "LE_CHEF", "RAZAOSOCIAL": "LE_CHEF_PADARIA_E_CONFEITARIA_LTDA", "ENDEE": "RUA_DOUTOR_PINHEIRO533__CENTRO_18400-005", "LMAPS": "https://www.google.com/maps?q=&layer=c&cbll=-48.8764398,-23.985231", "O_QUE_FAZER": "CARTEIRA", "ER_REGIAO_CIDADE_min": "Itapeva_Itapeva_Sudoeste Paulista" }, "geometry": { "type": "Point", "coordinates": [ -48.8764398, -23.985231 ] } },
{ "type": "Feature", "properties": { "fid": 197634, "CNPJ": "41486409000147", "IDCIDADE": "ITAPEVA", "NOMEFANTASIA": "DANIEL_DECORACOES", "RAZAOSOCIAL": "DANIEL_DECORACOES_LTDA", "ENDEE": "AVENIDA_DONA_PAULINA_DE_MORAIS300__JARDIM_MARINGA_18400-818", "LMAPS": "https://www.google.com/maps?q=&layer=c&cbll=-48.8817617,-23.9853032", "O_QUE_FAZER": "CARTEIRA", "ER_REGIAO_CIDADE_min": "Itapeva_Itapeva_Sudoeste Paulista" }, "geometry": { "type": "Point", "coordinates": [ -48.8817617, -23.9853032 ] } },
{ "type": "Feature", "properties": { "fid": 197635, "CNPJ": "27071700000123", "IDCIDADE": "ITAPEVA", "NOMEFANTASIA": "PRIMOLEX", "RAZAOSOCIAL": "PRIMOLEX_ORGANIZACAO_E_ASSESSORIA_CONTABIL_IMOBILIARIA_LTDA.", "ENDEE": "RUA_DOUTOR_PINHEIRO548__CENTRO_18400-005", "LMAPS": "https://www.google.com/maps?q=&layer=c&cbll=-48.876487,-23.9853087", "O_QUE_FAZER": "CARTEIRA", "ER_REGIAO_CIDADE_min": "Itapeva_Itapeva_Sudoeste Paulista" }, "geometry": { "type": "Point", "coordinates": [ -48.876487, -23.9853087 ] } },
{ "type": "Feature", "properties": { "fid": 197636, "CNPJ": "50034064000181", "IDCIDADE": "ITAPEVA", "NOMEFANTASIA": "PLANETA_CELL", "RAZAOSOCIAL": "PLANETA_CELL_LTDA", "ENDEE": "RUA_DOUTOR_PINHEIRO532__CENTRO_18400-005", "LMAPS": "https://www.google.com/maps?q=&layer=c&cbll=-48.8764364,-23.9853114", "O_QUE_FAZER": "CARTEIRA", "ER_REGIAO_CIDADE_min": "Itapeva_Itapeva_Sudoeste Paulista" }, "geometry": { "type": "Point", "coordinates": [ -48.8764364, -23.9853114 ] } },
{ "type": "Feature", "properties": { "fid": 197639, "CNPJ": "20910177000132", "IDCIDADE": "ITAPEVA", "NOMEFANTASIA": "NOVA_ERA_CONTABILIDADE", "RAZAOSOCIAL": "NOVA_ERA_ASSESSORIA_CONTABIL_E_EMPRESARIAL_LTDA", "ENDEE": "RUA_MARIO_PRANDINI537__CENTRO_18400-170", "LMAPS": "https://www.google.com/maps?q=&layer=c&cbll=-48.8773475,-23.9853718", "O_QUE_FAZER": "CARTEIRA", "ER_REGIAO_CIDADE_min": "Itapeva_Itapeva_Sudoeste Paulista" }, "geometry": { "type": "Point", "coordinates": [ -48.8773475, -23.9853718 ] } },
{ "type": "Feature", "properties": { "fid": 197640, "CNPJ": "05674194000124", "IDCIDADE": "ITAPEVA", "NOMEFANTASIA": "CENTER_VIDROS", "RAZAOSOCIAL": "ELIZA_RODRIGUES_DE_LIMA_MORAES", "ENDEE": "RUA_MARIO_PRANDINI544__CENTRO_18400-170", "LMAPS": "https://www.google.com/maps?q=&layer=c&cbll=-48.8773674,-23.9853836", "O_QUE_FAZER": "CARTEIRA", "ER_REGIAO_CIDADE_min": "Itapeva_Itapeva_Sudoeste Paulista" }, "geometry": { "type": "Point", "coordinates": [ -48.8773674, -23.9853836 ] } },
{ "type": "Feature", "properties": { "fid": 197641, "CNPJ": "12948973000136", "IDCIDADE": "ITAPEVA", "NOMEFANTASIA": "CARAMBOLA", "RAZAOSOCIAL": "CARAMBOLA_PRODUTOS_NATURAIS_LTDA", "ENDEE": "RUA_SANTANA278__CENTRO_18400-010", "LMAPS": "https://www.google.com/maps?q=&layer=c&cbll=-48.8759817,-23.9853871", "O_QUE_FAZER": "CARTEIRA", "ER_REGIAO_CIDADE_min": "Itapeva_Itapeva_Sudoeste Paulista" }, "geometry": { "type": "Point", "coordinates": [ -48.8759817, -23.9853871 ] } },
{ "type": "Feature", "properties": { "fid": 197642, "CNPJ": "08416177000185", "IDCIDADE": "ITAPEVA", "NOMEFANTASIA": "MULT_CAR", "RAZAOSOCIAL": "ALCEU_DE_SOUZA_GOMES_NETO_VEICULOS", "ENDEE": "AVENIDA_MARIO_COVAS870__CENTRO_18401-641", "LMAPS": "https://www.google.com/maps?q=&layer=c&cbll=-48.8838755,-23.9853908", "O_QUE_FAZER": "CARTEIRA", "ER_REGIAO_CIDADE_min": "Itapeva_Itapeva_Sudoeste Paulista" }, "geometry": { "type": "Point", "coordinates": [ -48.8838755, -23.9853908 ] } },
{ "type": "Feature", "properties": { "fid": 197644, "CNPJ": "08278924000166", "IDCIDADE": "ITAPEVA", "NOMEFANTASIA": "AUTO_ESCOLA_GOUVEIA", "RAZAOSOCIAL": "CENTRO_DE_FORMACAO_DE_CONDUTORES_GOUVEIA_LTDA", "ENDEE": "RUA_SANTANA282__CENTRO_18400-010", "LMAPS": "https://www.google.com/maps?q=&layer=c&cbll=-48.875993,-23.9854137", "O_QUE_FAZER": "CARTEIRA", "ER_REGIAO_CIDADE_min": "Itapeva_Itapeva_Sudoeste Paulista" }, "geometry": { "type": "Point", "coordinates": [ -48.875993, -23.9854137 ] } },
{ "type": "Feature", "properties": { "fid": 197646, "CNPJ": "28130290000530", "IDCIDADE": "ITAPEVA", "NOMEFANTASIA": "COMETA_JEANS", "RAZAOSOCIAL": "ISSAM_MOURAH", "ENDEE": "RUA_DOUTOR_PINHEIRO555__CENTRO_18400-005", "LMAPS": "https://www.google.com/maps?q=&layer=c&cbll=-48.876399,-23.9854192", "O_QUE_FAZER": "CARTEIRA", "ER_REGIAO_CIDADE_min": "Itapeva_Itapeva_Sudoeste Paulista" }, "geometry": { "type": "Point", "coordinates": [ -48.876399, -23.9854192 ] } },
{ "type": "Feature", "properties": { "fid": 197647, "CNPJ": "04518512000529", "IDCIDADE": "ITAPEVA", "NOMEFANTASIA": "ASSESS_CASA", "RAZAOSOCIAL": "ASSESS_CASA_MOVEIS_E_DECORACOES_LTDA", "ENDEE": "AVENIDA_DONA_PAULINA_DE_MORAIS320__JARDIM_MARINGA_18400-818", "LMAPS": "https://www.google.com/maps?q=&layer=c&cbll=-48.8820622,-23.985421", "O_QUE_FAZER": "CARTEIRA", "ER_REGIAO_CIDADE_min": "Itapeva_Itapeva_Sudoeste Paulista" }, "geometry": { "type": "Point", "coordinates": [ -48.8820622, -23.985421 ] } },
{ "type": "Feature", "properties": { "fid": 197648, "CNPJ": "08793418000105", "IDCIDADE": "ITAPEVA", "NOMEFANTASIA": "DAL_MOTOS", "RAZAOSOCIAL": "ADALBERTO_SARES_SANTOS", "ENDEE": "RUA_SANTANA285__CENTRO_18400-010", "LMAPS": "https://www.google.com/maps?q=&layer=c&cbll=-48.8758221,-23.9854293", "O_QUE_FAZER": "CARTEIRA", "ER_REGIAO_CIDADE_min": "Itapeva_Itapeva_Sudoeste Paulista" }, "geometry": { "type": "Point", "coordinates": [ -48.8758221, -23.9854293 ] } },
{ "type": "Feature", "properties": { "fid": 197649, "CNPJ": "13832664000169", "IDCIDADE": "ITAPEVA", "NOMEFANTASIA": "RAPIDA_TELECOM", "RAZAOSOCIAL": "DONINI_&_SALDANHA_TELECOMUNICACOES_LTDA", "ENDEE": "RUA_MARIO_PRANDINI550__CENTRO_18400-170", "LMAPS": "https://www.google.com/maps?q=&layer=c&cbll=-48.8774248,-23.985455", "O_QUE_FAZER": "CARTEIRA", "ER_REGIAO_CIDADE_min": "Itapeva_Itapeva_Sudoeste Paulista" }, "geometry": { "type": "Point", "coordinates": [ -48.8774248, -23.985455 ] } },
{ "type": "Feature", "properties": { "fid": 197655, "CNPJ": "10640226000100", "IDCIDADE": "ITAPEVA", "NOMEFANTASIA": "LANDOM_BILINGUE", "RAZAOSOCIAL": "LONDON_ENSINO_DE_IDIOMAS_LTDA", "ENDEE": "RUA_SANTANA294__CENTRO_18400-010", "LMAPS": "https://www.google.com/maps?q=&layer=c&cbll=-48.8760116,-23.9854831", "O_QUE_FAZER": "CARTEIRA", "ER_REGIAO_CIDADE_min": "Itapeva_Itapeva_Sudoeste Paulista" }, "geometry": { "type": "Point", "coordinates": [ -48.8760116, -23.9854831 ] } },
{ "type": "Feature", "properties": { "fid": 197656, "CNPJ": "38461889000187", "IDCIDADE": "ITAPEVA", "NOMEFANTASIA": "ANDRE_ACESSORIOS", "RAZAOSOCIAL": "ANDRE_ACESSORIOS_COMERCIO_DE_PECAS_AUTOMOTIVAS_ITAPEVA_LTDA", "ENDEE": "AVENIDA_DONA_PAULINA_DE_MORAIS311__JARDIM_MARINGA_18400-818", "LMAPS": "https://www.google.com/maps?q=&layer=c&cbll=-48.8816729,-23.985487", "O_QUE_FAZER": "CARTEIRA", "ER_REGIAO_CIDADE_min": "Itapeva_Itapeva_Sudoeste Paulista" }, "geometry": { "type": "Point", "coordinates": [ -48.8816729, -23.985487 ] } },
{ "type": "Feature", "properties": { "fid": 197657, "CNPJ": "32217383000140", "IDCIDADE": "ITAPEVA", "NOMEFANTASIA": "M&M_PASTELARIA", "RAZAOSOCIAL": "M&M_PASTEIS_E_SALGADOS_LTDA", "ENDEE": "RUA_DOUTOR_PINHEIRO563__CENTRO_18400-005", "LMAPS": "https://www.google.com/maps?q=&layer=c&cbll=-48.8764276,-23.9854939", "O_QUE_FAZER": "CARTEIRA", "ER_REGIAO_CIDADE_min": "Itapeva_Itapeva_Sudoeste Paulista" }, "geometry": { "type": "Point", "coordinates": [ -48.8764276, -23.9854939 ] } },
{ "type": "Feature", "properties": { "fid": 197666, "CNPJ": "25089018000213", "IDCIDADE": "ITAPEVA", "NOMEFANTASIA": "KING_MEK_HAMBURGUERIA", "RAZAOSOCIAL": "OLIVEIRA_&_GONCALVES_LANCHONETE_LTDA", "ENDEE": "AVENIDA_DONA_PAULINA_DE_MORAIS334__JARDIM_MARINGA_18400-818", "LMAPS": "https://www.google.com/maps?q=&layer=c&cbll=-48.8822135,-23.9855587", "O_QUE_FAZER": "CARTEIRA", "ER_REGIAO_CIDADE_min": "Itapeva_Itapeva_Sudoeste Paulista" }, "geometry": { "type": "Point", "coordinates": [ -48.8822135, -23.9855587 ] } },
{ "type": "Feature", "properties": { "fid": 197667, "CNPJ": "50072275000109", "IDCIDADE": "ITAPEVA", "NOMEFANTASIA": "BOI_BRABO", "RAZAOSOCIAL": "VANIA_APARECIDA_PASCHOA_PRADO_LTDA", "ENDEE": "RUA_CORONEL_ACACIO_PIEDADE780__CENTRO_18400-180", "LMAPS": "https://www.google.com/maps?q=&layer=c&cbll=-48.8781986,-23.9855696", "O_QUE_FAZER": "CARTEIRA", "ER_REGIAO_CIDADE_min": "Itapeva_Itapeva_Sudoeste Paulista" }, "geometry": { "type": "Point", "coordinates": [ -48.8781986, -23.9855696 ] } },
{ "type": "Feature", "properties": { "fid": 197669, "CNPJ": "42378314000172", "IDCIDADE": "ITAPEVA", "NOMEFANTASIA": "CELSHOP", "RAZAOSOCIAL": "YARA_V._DOS_SANTOS", "ENDEE": "RUA_DOUTOR_PINHEIRO521__CENTRO_18400-005", "LMAPS": "https://www.google.com/maps?q=&layer=c&cbll=-48.8763891,-23.9855868", "O_QUE_FAZER": "CARTEIRA", "ER_REGIAO_CIDADE_min": "Itapeva_Itapeva_Sudoeste Paulista" }, "geometry": { "type": "Point", "coordinates": [ -48.8763891, -23.9855868 ] } },
{ "type": "Feature", "properties": { "fid": 197672, "CNPJ": "25089018000132", "IDCIDADE": "ITAPEVA", "NOMEFANTASIA": "KING_MEK_2", "RAZAOSOCIAL": "OLIVEIRA_&_GONCALVES_LANCHONETE_LTDA", "ENDEE": "RUA_CORONEL_ACACIO_PIEDADE748__CENTRO_18400-180", "LMAPS": "https://www.google.com/maps?q=&layer=c&cbll=-48.877898,-23.9856033", "O_QUE_FAZER": "CARTEIRA", "ER_REGIAO_CIDADE_min": "Itapeva_Itapeva_Sudoeste Paulista" }, "geometry": { "type": "Point", "coordinates": [ -48.877898, -23.9856033 ] } },
{ "type": "Feature", "properties": { "fid": 197673, "CNPJ": "16830649000170", "IDCIDADE": "ITAPEVA", "NOMEFANTASIA": "RIMAFER_CONTABILIDADE", "RAZAOSOCIAL": "RIMAFER_CONTABILIDADE_LTDA", "ENDEE": "RUA_CORONEL_ACACIO_PIEDADE776__CENTRO_18400-180", "LMAPS": "https://www.google.com/maps?q=&layer=c&cbll=-48.8781566,-23.985615", "O_QUE_FAZER": "CARTEIRA", "ER_REGIAO_CIDADE_min": "Itapeva_Itapeva_Sudoeste Paulista" }, "geometry": { "type": "Point", "coordinates": [ -48.8781566, -23.985615 ] } },
{ "type": "Feature", "properties": { "fid": 197676, "CNPJ": "17246936000108", "IDCIDADE": "ITAPEVA", "NOMEFANTASIA": "SORVETERIA_GYGABON", "RAZAOSOCIAL": "FRANCISCO_VALIM_SORVETERIA_LTDA", "ENDEE": "RUA_CORONEL_ACACIO_PIEDADE716__CENTRO_18400-180", "LMAPS": "https://www.google.com/maps?q=&layer=c&cbll=-48.8774307,-23.9856387", "O_QUE_FAZER": "CARTEIRA", "ER_REGIAO_CIDADE_min": "Itapeva_Itapeva_Sudoeste Paulista" }, "geometry": { "type": "Point", "coordinates": [ -48.8774307, -23.9856387 ] } },
{ "type": "Feature", "properties": { "fid": 197677, "CNPJ": "07535268000177", "IDCIDADE": "ITAPEVA", "NOMEFANTASIA": "VIDEO_COLOR_SAT", "RAZAOSOCIAL": "MARIO_ANTONIO_DE_BARROS_COMUNICACAO", "ENDEE": "RUA_PROFESSOR_RIVADAVIA_MARQUES_JUNIOR250__CENTRO_18400-370", "LMAPS": "https://www.google.com/maps?q=&layer=c&cbll=-48.878026,-23.9856455", "O_QUE_FAZER": "CARTEIRA", "ER_REGIAO_CIDADE_min": "Itapeva_Itapeva_Sudoeste Paulista" }, "geometry": { "type": "Point", "coordinates": [ -48.878026, -23.9856455 ] } },
{ "type": "Feature", "properties": { "fid": 197680, "CNPJ": "03892219000130", "IDCIDADE": "ITAPEVA", "NOMEFANTASIA": "VIDEO_COLOR", "RAZAOSOCIAL": "JULIANE_MATTOS_LARANGNOIT_DE_OLIVEIRA", "ENDEE": "RUA_CORONEL_ACACIO_PIEDADE760__CENTRO_18400-180", "LMAPS": "https://www.google.com/maps?q=&layer=c&cbll=-48.87801,-23.9856933", "O_QUE_FAZER": "CARTEIRA", "ER_REGIAO_CIDADE_min": "Itapeva_Itapeva_Sudoeste Paulista" }, "geometry": { "type": "Point", "coordinates": [ -48.87801, -23.9856933 ] } },
{ "type": "Feature", "properties": { "fid": 197684, "CNPJ": "04022831000115", "IDCIDADE": "ITAPEVA", "NOMEFANTASIA": "AUTOVEL", "RAZAOSOCIAL": "JOSE_AILTON_R._BARROS_ITAPEVA", "ENDEE": "AVENIDA_DONA_PAULINA_DE_MORAIS354__JARDIM_MARINGA_18400-818", "LMAPS": "https://www.google.com/maps?q=&layer=c&cbll=-48.882185,-23.98571", "O_QUE_FAZER": "CARTEIRA", "ER_REGIAO_CIDADE_min": "Itapeva_Itapeva_Sudoeste Paulista" }, "geometry": { "type": "Point", "coordinates": [ -48.882185, -23.98571 ] } },
{ "type": "Feature", "properties": { "fid": 197685, "CNPJ": "03062043000190", "IDCIDADE": "ITAPEVA", "NOMEFANTASIA": "ORIENTE_JOIAS_E_RELOGIOS", "RAZAOSOCIAL": "NILSON_DE_LIMA_-_RELOJOARIA", "ENDEE": "RUA_CORONEL_ACACIO_PIEDADE704__CENTRO_18400-180", "LMAPS": "https://www.google.com/maps?q=&layer=c&cbll=-48.8773413,-23.9857315", "O_QUE_FAZER": "CARTEIRA", "ER_REGIAO_CIDADE_min": "Itapeva_Itapeva_Sudoeste Paulista" }, "geometry": { "type": "Point", "coordinates": [ -48.8773413, -23.9857315 ] } },
{ "type": "Feature", "properties": { "fid": 197697, "CNPJ": "10273190000174", "IDCIDADE": "ITAPEVA", "NOMEFANTASIA": "ENDOMEDICA", "RAZAOSOCIAL": "ENDOMEDICA_CLINICA_MEDICA_LTDA", "ENDEE": "RUA_CORONEL_ACACIO_PIEDADE420__CENTRO_18400-180", "LMAPS": "https://www.google.com/maps?q=&layer=c&cbll=-48.8747066,-23.9857971", "O_QUE_FAZER": "CARTEIRA", "ER_REGIAO_CIDADE_min": "Itapeva_Itapeva_Sudoeste Paulista" }, "geometry": { "type": "Point", "coordinates": [ -48.8747066, -23.9857971 ] } },
{ "type": "Feature", "properties": { "fid": 197700, "CNPJ": "57897464001050", "IDCIDADE": "ITAPEVA", "NOMEFANTASIA": "FAZ_FARMA", "RAZAOSOCIAL": "VITAL_FARMA_ITAPEVA_LTDA.", "ENDEE": "RUA_CORONEL_ACACIO_PIEDADE660__CENTRO_18400-180", "LMAPS": "https://www.google.com/maps?q=&layer=c&cbll=-48.8766501,-23.9858183", "O_QUE_FAZER": "CARTEIRA", "ER_REGIAO_CIDADE_min": "Itapeva_Itapeva_Sudoeste Paulista" }, "geometry": { "type": "Point", "coordinates": [ -48.8766501, -23.9858183 ] } },
{ "type": "Feature", "properties": { "fid": 197701, "CNPJ": "29437919000129", "IDCIDADE": "ITAPEVA", "NOMEFANTASIA": "SORVETERIA_VERAO_VIVO", "RAZAOSOCIAL": "MAGNO_DE_MELO_SANTOS", "ENDEE": "RUA_CORONEL_ACACIO_PIEDADE440__CENTRO_18400-180", "LMAPS": "https://www.google.com/maps?q=&layer=c&cbll=-48.8748754,-23.985821", "O_QUE_FAZER": "CARTEIRA", "ER_REGIAO_CIDADE_min": "Itapeva_Itapeva_Sudoeste Paulista" }, "geometry": { "type": "Point", "coordinates": [ -48.8748754, -23.985821 ] } },
{ "type": "Feature", "properties": { "fid": 197702, "CNPJ": "26107752000140", "IDCIDADE": "ITAPEVA", "NOMEFANTASIA": "CASA_DE_CARNES_J._FERREIRA", "RAZAOSOCIAL": "J._FERREIRA_CASA_DE_CARNES_LTDA", "ENDEE": "RUA_CORONEL_ACACIO_PIEDADE330__CENTRO_18400-180", "LMAPS": "https://www.google.com/maps?q=&layer=c&cbll=-48.8738967,-23.9858318", "O_QUE_FAZER": "CARTEIRA", "ER_REGIAO_CIDADE_min": "Itapeva_Itapeva_Sudoeste Paulista" }, "geometry": { "type": "Point", "coordinates": [ -48.8738967, -23.9858318 ] } },
{ "type": "Feature", "properties": { "fid": 197703, "CNPJ": "12960635000110", "IDCIDADE": "ITAPEVA", "NOMEFANTASIA": "PROCAR_MULTIMARCAS", "RAZAOSOCIAL": "MURILO_RIBEIRO_BARROS", "ENDEE": "AVENIDA_DONA_PAULINA_DE_MORAIS329__JARDIM_MARINGA_18400-818", "LMAPS": "https://www.google.com/maps?q=&layer=c&cbll=-48.8818917,-23.985835", "O_QUE_FAZER": "CARTEIRA", "ER_REGIAO_CIDADE_min": "Itapeva_Itapeva_Sudoeste Paulista" }, "geometry": { "type": "Point", "coordinates": [ -48.8818917, -23.985835 ] } },
{ "type": "Feature", "properties": { "fid": 197706, "CNPJ": "10900825000116", "IDCIDADE": "ITAPEVA", "NOMEFANTASIA": "DOBRSTAIN_ENGENHARIA_E_CONSTRUCOES", "RAZAOSOCIAL": "EDUARDO_DOBRSTAIN", "ENDEE": "RUA_CORONEL_ACACIO_PIEDADE394__CENTRO_18400-180", "LMAPS": "https://www.google.com/maps?q=&layer=c&cbll=-48.8744434,-23.9858571", "O_QUE_FAZER": "CARTEIRA", "ER_REGIAO_CIDADE_min": "Itapeva_Itapeva_Sudoeste Paulista" }, "geometry": { "type": "Point", "coordinates": [ -48.8744434, -23.9858571 ] } },
{ "type": "Feature", "properties": { "fid": 197708, "CNPJ": "15123387000140", "IDCIDADE": "ITAPEVA", "NOMEFANTASIA": "MELLO_E_MELLO_CORRETORA", "RAZAOSOCIAL": "MELLO_&_MELLO_CORRETORA_E_ADMINISTRADORA_DE_SEGUROS_LTDA", "ENDEE": "RUA_CORONEL_ACACIO_PIEDADE426__CENTRO_18400-180", "LMAPS": "https://www.google.com/maps?q=&layer=c&cbll=-48.8747551,-23.985874", "O_QUE_FAZER": "CARTEIRA", "ER_REGIAO_CIDADE_min": "Itapeva_Itapeva_Sudoeste Paulista" }, "geometry": { "type": "Point", "coordinates": [ -48.8747551, -23.985874 ] } },
{ "type": "Feature", "properties": { "fid": 197715, "CNPJ": "04433872000102", "IDCIDADE": "ITAPEVA", "NOMEFANTASIA": "LAV_&_SEC_ITAPEVA", "RAZAOSOCIAL": "ELIANE_DE_MOURA_JANEIRO_ITAPEVA", "ENDEE": "RUA_CORONEL_ACACIO_PIEDADE759__CENTRO_18400-180", "LMAPS": "https://www.google.com/maps?q=&layer=c&cbll=-48.877782,-23.9859315", "O_QUE_FAZER": "CARTEIRA", "ER_REGIAO_CIDADE_min": "Itapeva_Itapeva_Sudoeste Paulista" }, "geometry": { "type": "Point", "coordinates": [ -48.877782, -23.9859315 ] } },
{ "type": "Feature", "properties": { "fid": 197723, "CNPJ": "07871033000156", "IDCIDADE": "ITAPEVA", "NOMEFANTASIA": "GULA_GULA", "RAZAOSOCIAL": "IVANA_APARECIDA_GALVAO_DE_CASTRO_MALHO", "ENDEE": "RUA_CORONEL_ACACIO_PIEDADE765__CENTRO_18400-180", "LMAPS": "https://www.google.com/maps?q=&layer=c&cbll=-48.8778985,-23.9859894", "O_QUE_FAZER": "CARTEIRA", "ER_REGIAO_CIDADE_min": "Itapeva_Itapeva_Sudoeste Paulista" }, "geometry": { "type": "Point", "coordinates": [ -48.8778985, -23.9859894 ] } },
{ "type": "Feature", "properties": { "fid": 197725, "CNPJ": "04654225000112", "IDCIDADE": "ITAPEVA", "NOMEFANTASIA": "MGS_SEGUROS", "RAZAOSOCIAL": "M.G.S.S._CORRETORA_DE_SEGUROS_LTDA", "ENDEE": "RUA_CORONEL_ACACIO_PIEDADE765__CENTRO_18400-180", "LMAPS": "https://www.google.com/maps?q=&layer=c&cbll=-48.8779053,-23.9859988", "O_QUE_FAZER": "CARTEIRA", "ER_REGIAO_CIDADE_min": "Itapeva_Itapeva_Sudoeste Paulista" }, "geometry": { "type": "Point", "coordinates": [ -48.8779053, -23.9859988 ] } },
{ "type": "Feature", "properties": { "fid": 197726, "CNPJ": "49803760000126", "IDCIDADE": "ITAPEVA", "NOMEFANTASIA": "SERVIPEX", "RAZAOSOCIAL": "SERVIPEX_SERVICOS_E_PECAS_COMERCIAL_LTDA", "ENDEE": "PRACA_20_DE_SETEMBRO122__CENTRO_18400-230", "LMAPS": "https://www.google.com/maps?q=&layer=c&cbll=-48.879084,-23.9860107", "O_QUE_FAZER": "CARTEIRA", "ER_REGIAO_CIDADE_min": "Itapeva_Itapeva_Sudoeste Paulista" }, "geometry": { "type": "Point", "coordinates": [ -48.879084, -23.9860107 ] } },
{ "type": "Feature", "properties": { "fid": 197727, "CNPJ": "11440613000166", "IDCIDADE": "ITAPEVA", "NOMEFANTASIA": "CHAVEIRO_2_MINUTOS", "RAZAOSOCIAL": "R.B._DE_OLIVEIRA_ITAPEVA", "ENDEE": "RUA_CORONEL_ACACIO_PIEDADE613__CENTRO_18400-180", "LMAPS": "https://www.google.com/maps?q=&layer=c&cbll=-48.8764546,-23.9860149", "O_QUE_FAZER": "CARTEIRA", "ER_REGIAO_CIDADE_min": "Itapeva_Itapeva_Sudoeste Paulista" }, "geometry": { "type": "Point", "coordinates": [ -48.8764546, -23.9860149 ] } },
{ "type": "Feature", "properties": { "fid": 197728, "CNPJ": "11875817000120", "IDCIDADE": "ITAPEVA", "NOMEFANTASIA": "MD_ESQUADRIAS", "RAZAOSOCIAL": "MD_-_MATERIAIS_PARA_CONSTRUCAO_LTDA", "ENDEE": "RUA_JOAQUIM_UBALDO_RODRIGUES128__PARQUE_CIMENTOLANDIA_18409-540", "LMAPS": "https://www.google.com/maps?q=&layer=c&cbll=-48.8919183,-23.9860167", "O_QUE_FAZER": "CARTEIRA", "ER_REGIAO_CIDADE_min": "Itapeva_Itapeva_Sudoeste Paulista" }, "geometry": { "type": "Point", "coordinates": [ -48.8919183, -23.9860167 ] } },
{ "type": "Feature", "properties": { "fid": 197730, "CNPJ": "48061646000105", "IDCIDADE": "ITAPEVA", "NOMEFANTASIA": "GIL_INSTRUMENTOS_MUSICAIS", "RAZAOSOCIAL": "GIL_INSTRUMENTOS_MUSICAIS_LTDA", "ENDEE": "RUA_NOVE_DE_JULHO5__CENTRO_18400-070", "LMAPS": "https://www.google.com/maps?q=&layer=c&cbll=-48.8737368,-23.9860236", "O_QUE_FAZER": "CARTEIRA", "ER_REGIAO_CIDADE_min": "Itapeva_Itapeva_Sudoeste Paulista" }, "geometry": { "type": "Point", "coordinates": [ -48.8737368, -23.9860236 ] } },
{ "type": "Feature", "properties": { "fid": 197732, "CNPJ": "02538227000110", "IDCIDADE": "ITAPEVA", "NOMEFANTASIA": "ITAPEVA_GASES_E_SOLDAS", "RAZAOSOCIAL": "WLADIMIR_BIGHETTI_&_CIA_LTDA", "ENDEE": "RUA_JULIO_VIEIRA_HOLTZ338__VILA_NOSSA_SENHORA_DE_FATIMA_18409-150", "LMAPS": "https://www.google.com/maps?q=&layer=c&cbll=-48.8875036,-23.9860513", "O_QUE_FAZER": "CARTEIRA", "ER_REGIAO_CIDADE_min": "Itapeva_Itapeva_Sudoeste Paulista" }, "geometry": { "type": "Point", "coordinates": [ -48.8875036, -23.9860513 ] } },
{ "type": "Feature", "properties": { "fid": 197733, "CNPJ": "42146667000147", "IDCIDADE": "ITAPEVA", "NOMEFANTASIA": "2P_AUTOPECAS", "RAZAOSOCIAL": "2P_AUTOPECAS_LTDA", "ENDEE": "RUA_DOUTOR_ESTELITA_RIBAS72__PARQUE_CIMENTOLANDIA_18409-560", "LMAPS": "https://www.google.com/maps?q=&layer=c&cbll=-48.8929611,-23.9860555", "O_QUE_FAZER": "CARTEIRA", "ER_REGIAO_CIDADE_min": "Itapeva_Itapeva_Sudoeste Paulista" }, "geometry": { "type": "Point", "coordinates": [ -48.8929611, -23.9860555 ] } },
{ "type": "Feature", "properties": { "fid": 197735, "CNPJ": "27838765000151", "IDCIDADE": "ITAPEVA", "NOMEFANTASIA": "AUDICAR", "RAZAOSOCIAL": "ITAPEVENSE_-_COMERCIO_DE_VEICULOS_AUTO_VIDROS_E_ACESSORIOS_LTDA", "ENDEE": "RUA_DOUTOR_ESTELITA_RIBAS60__PARQUE_CIMENTOLANDIA_18409-560", "LMAPS": "https://www.google.com/maps?q=&layer=c&cbll=-48.8929494,-23.986109", "O_QUE_FAZER": "CARTEIRA", "ER_REGIAO_CIDADE_min": "Itapeva_Itapeva_Sudoeste Paulista" }, "geometry": { "type": "Point", "coordinates": [ -48.8929494, -23.986109 ] } },
{ "type": "Feature", "properties": { "fid": 197736, "CNPJ": "11265122000126", "IDCIDADE": "ITAPEVA", "NOMEFANTASIA": "SUB_WAY", "RAZAOSOCIAL": "MELHOR_ESCOLHA_COMERCIO_DE_ALIMENTOS_LTDA", "ENDEE": "RUA_CORONEL_ACACIO_PIEDADE597__CENTRO_18400-180", "LMAPS": "https://www.google.com/maps?q=&layer=c&cbll=-48.8762518,-23.9861107", "O_QUE_FAZER": "CARTEIRA", "ER_REGIAO_CIDADE_min": "Itapeva_Itapeva_Sudoeste Paulista" }, "geometry": { "type": "Point", "coordinates": [ -48.8762518, -23.9861107 ] } },
{ "type": "Feature", "properties": { "fid": 197739, "CNPJ": "27969108000143", "IDCIDADE": "ITAPEVA", "NOMEFANTASIA": "ARENA_COLISEU_ACADEMIA", "RAZAOSOCIAL": "ARENA_COLISEU_LTDA", "ENDEE": "RUA_MARIO_COVAS1333__CENTRO_18401-641", "LMAPS": "https://www.google.com/maps?q=&layer=c&cbll=-48.8882765,-23.98613", "O_QUE_FAZER": "CARTEIRA", "ER_REGIAO_CIDADE_min": "Itapeva_Itapeva_Sudoeste Paulista" }, "geometry": { "type": "Point", "coordinates": [ -48.8882765, -23.98613 ] } },
{ "type": "Feature", "properties": { "fid": 197740, "CNPJ": "35686493000140", "IDCIDADE": "ITAPEVA", "NOMEFANTASIA": "EDIMASTECH", "RAZAOSOCIAL": "LUCILENE_RODRIGUES_MOREIRA_BARROS", "ENDEE": "RUA_CORONEL_ACACIO_PIEDADE467__CENTRO_18400-180", "LMAPS": "https://www.google.com/maps?q=&layer=c&cbll=-48.8750088,-23.9861306", "O_QUE_FAZER": "CARTEIRA", "ER_REGIAO_CIDADE_min": "Itapeva_Itapeva_Sudoeste Paulista" }, "geometry": { "type": "Point", "coordinates": [ -48.8750088, -23.9861306 ] } },
{ "type": "Feature", "properties": { "fid": 197741, "CNPJ": "12131006000268", "IDCIDADE": "ITAPEVA", "NOMEFANTASIA": "AGETERR", "RAZAOSOCIAL": "A_DEMOURA_&_COSTA_LTDA", "ENDEE": "RUA_MAESTRO_HUGO_BELEZIA475__JARDIM_SAO_PAULO_18408-580", "LMAPS": "https://www.google.com/maps?q=&layer=c&cbll=-48.8963695,-23.9861343", "O_QUE_FAZER": "CARTEIRA", "ER_REGIAO_CIDADE_min": "Itapeva_Itapeva_Sudoeste Paulista" }, "geometry": { "type": "Point", "coordinates": [ -48.8963695, -23.9861343 ] } },
{ "type": "Feature", "properties": { "fid": 197742, "CNPJ": "04592817000157", "IDCIDADE": "ITAPEVA", "NOMEFANTASIA": "SERVIPEX", "RAZAOSOCIAL": "MARIA_CRISTINA_GALVAO_DOS_SANTOS", "ENDEE": "RUA_MARIO_COVAS1287__CENTRO_18401-641", "LMAPS": "https://www.google.com/maps?q=&layer=c&cbll=-48.8880432,-23.9861434", "O_QUE_FAZER": "CARTEIRA", "ER_REGIAO_CIDADE_min": "Itapeva_Itapeva_Sudoeste Paulista" }, "geometry": { "type": "Point", "coordinates": [ -48.8880432, -23.9861434 ] } },
{ "type": "Feature", "properties": { "fid": 197743, "CNPJ": "57140634000167", "IDCIDADE": "ITAPEVA", "NOMEFANTASIA": "CANTINA_MABELLA", "RAZAOSOCIAL": "CANTINA_MABELLA_LTDA", "ENDEE": "RUA_CORONEL_ACACIO_PIEDADE461__CENTRO_18400-180", "LMAPS": "https://www.google.com/maps?q=&layer=c&cbll=-48.8748525,-23.9861544", "O_QUE_FAZER": "CARTEIRA", "ER_REGIAO_CIDADE_min": "Itapeva_Itapeva_Sudoeste Paulista" }, "geometry": { "type": "Point", "coordinates": [ -48.8748525, -23.9861544 ] } },
{ "type": "Feature", "properties": { "fid": 197744, "CNPJ": "01143712000122", "IDCIDADE": "ITAPEVA", "NOMEFANTASIA": "NANINI_EMBALAGENS", "RAZAOSOCIAL": "JOSE_ROBERTO_NANINI_DA_SILVA", "ENDEE": "RUA_GOVERNADOR_MARIO_COVAS1820__CENTRO_18401-641", "LMAPS": "https://www.google.com/maps?q=&layer=c&cbll=-48.8923394,-23.9861567", "O_QUE_FAZER": "CARTEIRA", "ER_REGIAO_CIDADE_min": "Itapeva_Itapeva_Sudoeste Paulista" }, "geometry": { "type": "Point", "coordinates": [ -48.8923394, -23.9861567 ] } },
{ "type": "Feature", "properties": { "fid": 197745, "CNPJ": "21540944000121", "IDCIDADE": "ITAPEVA", "NOMEFANTASIA": "JBL_MADEIRAS", "RAZAOSOCIAL": "JBL_MADEIRAS_LTDA", "ENDEE": "RUA_JULIO_VIEIRA_HOLTZ346__VILA_NOSSA_SENHORA_DE_FATIMA_18409-150", "LMAPS": "https://www.google.com/maps?q=&layer=c&cbll=-48.8885833,-23.9861575", "O_QUE_FAZER": "CARTEIRA", "ER_REGIAO_CIDADE_min": "Itapeva_Itapeva_Sudoeste Paulista" }, "geometry": { "type": "Point", "coordinates": [ -48.8885833, -23.9861575 ] } },
{ "type": "Feature", "properties": { "fid": 197751, "CNPJ": "21871269000113", "IDCIDADE": "ITAPEVA", "NOMEFANTASIA": "BAR_SAO_PAULO", "RAZAOSOCIAL": "E_&_T_BAR_SP_LTDA", "ENDEE": "RUA_CORONEL_ACACIO_PIEDADE513__CENTRO_18400-180", "LMAPS": "https://www.google.com/maps?q=&layer=c&cbll=-48.8753875,-23.986174", "O_QUE_FAZER": "CARTEIRA", "ER_REGIAO_CIDADE_min": "Itapeva_Itapeva_Sudoeste Paulista" }, "geometry": { "type": "Point", "coordinates": [ -48.8753875, -23.986174 ] } },
{ "type": "Feature", "properties": { "fid": 197752, "CNPJ": "28632022000193", "IDCIDADE": "ITAPEVA", "NOMEFANTASIA": "ADN_AGRONEGOCIOS", "RAZAOSOCIAL": "ADN_AGRICULTURA_DE_PRECISAO_LTDA", "ENDEE": "RUA_CORONEL_ACACIO_PIEDADE411__CENTRO_18400-180", "LMAPS": "https://www.google.com/maps?q=&layer=c&cbll=-48.8746263,-23.9861809", "O_QUE_FAZER": "CARTEIRA", "ER_REGIAO_CIDADE_min": "Itapeva_Itapeva_Sudoeste Paulista" }, "geometry": { "type": "Point", "coordinates": [ -48.8746263, -23.9861809 ] } },
{ "type": "Feature", "properties": { "fid": 197753, "CNPJ": "29881399000149", "IDCIDADE": "ITAPEVA", "NOMEFANTASIA": "ARMAZEM_DO_GINO", "RAZAOSOCIAL": "ARMAZEM_DO_GINO_LTDA", "ENDEE": "RUA_CORONEL_ACACIO_PIEDADE329__CENTRO_18400-180", "LMAPS": "https://www.google.com/maps?q=&layer=c&cbll=-48.873727,-23.986193", "O_QUE_FAZER": "CARTEIRA", "ER_REGIAO_CIDADE_min": "Itapeva_Itapeva_Sudoeste Paulista" }, "geometry": { "type": "Point", "coordinates": [ -48.873727, -23.986193 ] } },
{ "type": "Feature", "properties": { "fid": 197757, "CNPJ": "21147495000156", "IDCIDADE": "ITAPEVA", "NOMEFANTASIA": "LACE_LABORATORIO", "RAZAOSOCIAL": "CIENLAB_ANALISES_CLINICAS_LTDA", "ENDEE": "PRACA_20_DE_SETEMBRO227__CENTRO_18400-230", "LMAPS": "https://www.google.com/maps?q=&layer=c&cbll=-48.8792434,-23.9862096", "O_QUE_FAZER": "CARTEIRA", "ER_REGIAO_CIDADE_min": "Itapeva_Itapeva_Sudoeste Paulista" }, "geometry": { "type": "Point", "coordinates": [ -48.8792434, -23.9862096 ] } },
{ "type": "Feature", "properties": { "fid": 197758, "CNPJ": "56742646000107", "IDCIDADE": "ITAPEVA", "NOMEFANTASIA": "ELETRONICA_MOISES", "RAZAOSOCIAL": "MOISES_CAMARGO-ITAPEVA", "ENDEE": "RUA_CORONEL_ACACIO_PIEDADE411__CENTRO_18400-180", "LMAPS": "https://www.google.com/maps?q=&layer=c&cbll=-48.8747183,-23.9862164", "O_QUE_FAZER": "CARTEIRA", "ER_REGIAO_CIDADE_min": "Itapeva_Itapeva_Sudoeste Paulista" }, "geometry": { "type": "Point", "coordinates": [ -48.8747183, -23.9862164 ] } },
{ "type": "Feature", "properties": { "fid": 197763, "CNPJ": "08383768000101", "IDCIDADE": "ITAPEVA", "NOMEFANTASIA": "LIDER_MADEIRAS", "RAZAOSOCIAL": "DENIS_FARIAS_DIAS_LTDA", "ENDEE": "RUA_JOAQUIM_UBALDO_RODRIGUES86__PARQUE_CIMENTOLANDIA_18409-540", "LMAPS": "https://www.google.com/maps?q=&layer=c&cbll=-48.8919448,-23.9862505", "O_QUE_FAZER": "CARTEIRA", "ER_REGIAO_CIDADE_min": "Itapeva_Itapeva_Sudoeste Paulista" }, "geometry": { "type": "Point", "coordinates": [ -48.8919448, -23.9862505 ] } },
{ "type": "Feature", "properties": { "fid": 197766, "CNPJ": "38113517000160", "IDCIDADE": "ITAPEVA", "NOMEFANTASIA": "MERCADO_VITORIA", "RAZAOSOCIAL": "FABRICIO_DOS_SANTOS_MERCADO", "ENDEE": "RUA_NOVE_DE_JULHO35__CENTRO_18400-070", "LMAPS": "https://www.google.com/maps?q=&layer=c&cbll=-48.8736125,-23.9862815", "O_QUE_FAZER": "CARTEIRA", "ER_REGIAO_CIDADE_min": "Itapeva_Itapeva_Sudoeste Paulista" }, "geometry": { "type": "Point", "coordinates": [ -48.8736125, -23.9862815 ] } },
{ "type": "Feature", "properties": { "fid": 197768, "CNPJ": "31525457000143", "IDCIDADE": "ITAPEVA", "NOMEFANTASIA": "QUALIS_IMPLANTES", "RAZAOSOCIAL": "QUALIS_SERVICOS_ODONTOLOGICOS_LTDA", "ENDEE": "PRACA_20_DE_SETEMBRO188__CENTRO_18400-230", "LMAPS": "https://www.google.com/maps?q=&layer=c&cbll=-48.8797769,-23.9862993", "O_QUE_FAZER": "CARTEIRA", "ER_REGIAO_CIDADE_min": "Itapeva_Itapeva_Sudoeste Paulista" }, "geometry": { "type": "Point", "coordinates": [ -48.8797769, -23.9862993 ] } },
{ "type": "Feature", "properties": { "fid": 197772, "CNPJ": "28231000000111", "IDCIDADE": "ITAPEVA", "NOMEFANTASIA": "AGROMAR", "RAZAOSOCIAL": "M_A_DE_OLIVEIRA_DIAS", "ENDEE": "RUA_DOUTOR_ESTELITA_RIBAS42__PARQUE_CIMENTOLANDIA_18409-560", "LMAPS": "https://www.google.com/maps?q=&layer=c&cbll=-48.8928656,-23.986315", "O_QUE_FAZER": "CARTEIRA", "ER_REGIAO_CIDADE_min": "Itapeva_Itapeva_Sudoeste Paulista" }, "geometry": { "type": "Point", "coordinates": [ -48.8928656, -23.986315 ] } },
{ "type": "Feature", "properties": { "fid": 197775, "CNPJ": "47479906000102", "IDCIDADE": "ITAPEVA", "NOMEFANTASIA": "CLINICA_MARIANI", "RAZAOSOCIAL": "KARINA_MARINARI_KRUBNIKI_LTDA", "ENDEE": "RUA_SANTANA396__CENTRO_18400-010", "LMAPS": "https://www.google.com/maps?q=&layer=c&cbll=-48.8760462,-23.9863679", "O_QUE_FAZER": "CARTEIRA", "ER_REGIAO_CIDADE_min": "Itapeva_Itapeva_Sudoeste Paulista" }, "geometry": { "type": "Point", "coordinates": [ -48.8760462, -23.9863679 ] } },
{ "type": "Feature", "properties": { "fid": 197777, "CNPJ": "30318309000195", "IDCIDADE": "ITAPEVA", "NOMEFANTASIA": "CONEXAO_AUDITIVA", "RAZAOSOCIAL": "CINTIA_CRISTINA_FADINI_KNAP_RIBEIRO", "ENDEE": "RUA_SANTANA399__CENTRO_18400-010", "LMAPS": "https://www.google.com/maps?q=&layer=c&cbll=-48.8759084,-23.9864019", "O_QUE_FAZER": "CARTEIRA", "ER_REGIAO_CIDADE_min": "Itapeva_Itapeva_Sudoeste Paulista" }, "geometry": { "type": "Point", "coordinates": [ -48.8759084, -23.9864019 ] } },
{ "type": "Feature", "properties": { "fid": 197778, "CNPJ": "23104879000117", "IDCIDADE": "ITAPEVA", "NOMEFANTASIA": "MOVIMENT_FISIOTERAPIA", "RAZAOSOCIAL": "MOVIMENT_FISIOTERAPIA_LTDA", "ENDEE": "PRACA_20_DE_SETEMBRO169__CENTRO_18400-230", "LMAPS": "https://www.google.com/maps?q=&layer=c&cbll=-48.8791363,-23.9864501", "O_QUE_FAZER": "CARTEIRA", "ER_REGIAO_CIDADE_min": "Itapeva_Itapeva_Sudoeste Paulista" }, "geometry": { "type": "Point", "coordinates": [ -48.8791363, -23.9864501 ] } },
{ "type": "Feature", "properties": { "fid": 197779, "CNPJ": "13723355000150", "IDCIDADE": "ITAPEVA", "NOMEFANTASIA": "RECANTO_DAS_TELHAS", "RAZAOSOCIAL": "RECANTO_DAS_TELHAS_LTDA", "ENDEE": "RUA_JULIO_VIEIRA_HOLTZ356__VILA_NOSSA_SENHORA_DE_FATIMA_18409-150", "LMAPS": "https://www.google.com/maps?q=&layer=c&cbll=-48.8875213,-23.9864974", "O_QUE_FAZER": "CARTEIRA", "ER_REGIAO_CIDADE_min": "Itapeva_Itapeva_Sudoeste Paulista" }, "geometry": { "type": "Point", "coordinates": [ -48.8875213, -23.9864974 ] } },
{ "type": "Feature", "properties": { "fid": 197781, "CNPJ": "43642616000179", "IDCIDADE": "ITAPEVA", "NOMEFANTASIA": "CASA_DE_CARNES_MIGUEL", "RAZAOSOCIAL": "CASA_DE_CARNES_MIGUEL_LTDA", "ENDEE": "PRACA_20_DE_SETEMBRO218__CENTRO_18400-230", "LMAPS": "https://www.google.com/maps?q=&layer=c&cbll=-48.8798147,-23.9865013", "O_QUE_FAZER": "CARTEIRA", "ER_REGIAO_CIDADE_min": "Itapeva_Itapeva_Sudoeste Paulista" }, "geometry": { "type": "Point", "coordinates": [ -48.8798147, -23.9865013 ] } },
{ "type": "Feature", "properties": { "fid": 197782, "CNPJ": "03132801000107", "IDCIDADE": "ITAPEVA", "NOMEFANTASIA": "CENTERLAB", "RAZAOSOCIAL": "CENTERLAB_ANALISES_CLINICAS_LTDA", "ENDEE": "RUA_DOUTOR_PINHEIRO677__CENTRO_18400-005", "LMAPS": "https://www.google.com/maps?q=&layer=c&cbll=-48.8764684,-23.9865204", "O_QUE_FAZER": "CARTEIRA", "ER_REGIAO_CIDADE_min": "Itapeva_Itapeva_Sudoeste Paulista" }, "geometry": { "type": "Point", "coordinates": [ -48.8764684, -23.9865204 ] } },
{ "type": "Feature", "properties": { "fid": 197784, "CNPJ": "07432282000145", "IDCIDADE": "ITAPEVA", "NOMEFANTASIA": "BICHOS_&_CIA", "RAZAOSOCIAL": "BICHOS_&_CIA_COMERCIO_DE_ALIMENTOS_PET_CARE_LTDA", "ENDEE": "AVENIDA_DONA_PAULINA_DE_MORAIS602__JARDIM_MARINGA_18400-818", "LMAPS": "https://www.google.com/maps?q=&layer=c&cbll=-48.8842708,-23.986526", "O_QUE_FAZER": "CARTEIRA", "ER_REGIAO_CIDADE_min": "Itapeva_Itapeva_Sudoeste Paulista" }, "geometry": { "type": "Point", "coordinates": [ -48.8842708, -23.986526 ] } },
{ "type": "Feature", "properties": { "fid": 197786, "CNPJ": "18105088000171", "IDCIDADE": "ITAPEVA", "NOMEFANTASIA": "RAFA_CAR", "RAZAOSOCIAL": "R.F._DE_ALMEIDA_JUNIOR_ITAPEVA", "ENDEE": "RUA_JULIO_VIEIRA_HOLTZ366__VILA_NOSSA_SENHORA_DE_FATIMA_18409-150", "LMAPS": "https://www.google.com/maps?q=&layer=c&cbll=-48.8875765,-23.9866149", "O_QUE_FAZER": "CARTEIRA", "ER_REGIAO_CIDADE_min": "Itapeva_Itapeva_Sudoeste Paulista" }, "geometry": { "type": "Point", "coordinates": [ -48.8875765, -23.9866149 ] } },
{ "type": "Feature", "properties": { "fid": 197790, "CNPJ": "33001316000157", "IDCIDADE": "ITAPEVA", "NOMEFANTASIA": "SOLUMED", "RAZAOSOCIAL": "ANDRE_BASILIO_FERREIRA_LTDA", "ENDEE": "RUA_SANTANA420__CENTRO_18400-010", "LMAPS": "https://www.google.com/maps?q=&layer=c&cbll=-48.8760318,-23.9866428", "O_QUE_FAZER": "CARTEIRA", "ER_REGIAO_CIDADE_min": "Itapeva_Itapeva_Sudoeste Paulista" }, "geometry": { "type": "Point", "coordinates": [ -48.8760318, -23.9866428 ] } },
{ "type": "Feature", "properties": { "fid": 197792, "CNPJ": "08282979000140", "IDCIDADE": "ITAPEVA", "NOMEFANTASIA": "CLINICA_CERQUEIRA", "RAZAOSOCIAL": "SERVYMED_-_SERVICOS_MEDICOS_ITAPEVA_S/S_LTDA", "ENDEE": "RUA_SANTANA421__CENTRO_18400-010", "LMAPS": "https://www.google.com/maps?q=&layer=c&cbll=-48.8758753,-23.9866648", "O_QUE_FAZER": "CARTEIRA", "ER_REGIAO_CIDADE_min": "Itapeva_Itapeva_Sudoeste Paulista" }, "geometry": { "type": "Point", "coordinates": [ -48.8758753, -23.9866648 ] } },
{ "type": "Feature", "properties": { "fid": 197795, "CNPJ": "27559587000120", "IDCIDADE": "ITAPEVA", "NOMEFANTASIA": "EMPORIO_20", "RAZAOSOCIAL": "MINI_MERCADO_ZORZI_LTDA", "ENDEE": "PRACA_20_DE_SETEMBRO250__CENTRO_18400-230", "LMAPS": "https://www.google.com/maps?q=&layer=c&cbll=-48.8801533,-23.986715", "O_QUE_FAZER": "CARTEIRA", "ER_REGIAO_CIDADE_min": "Itapeva_Itapeva_Sudoeste Paulista" }, "geometry": { "type": "Point", "coordinates": [ -48.8801533, -23.986715 ] } },
{ "type": "Feature", "properties": { "fid": 197800, "CNPJ": "05370097000148", "IDCIDADE": "ITAPEVA", "NOMEFANTASIA": "CARDIO_CLINICA", "RAZAOSOCIAL": "CARDIO_CLINICA_ITAPEVA_S/C_LTDA", "ENDEE": "PRACA_ESPIRIDIAO_LUCIO_MARTINS52__CENTRO_18400-020", "LMAPS": "https://www.google.com/maps?q=&layer=c&cbll=-48.8765316,-23.9867817", "O_QUE_FAZER": "CARTEIRA", "ER_REGIAO_CIDADE_min": "Itapeva_Itapeva_Sudoeste Paulista" }, "geometry": { "type": "Point", "coordinates": [ -48.8765316, -23.9867817 ] } },
{ "type": "Feature", "properties": { "fid": 197801, "CNPJ": "03575440000165", "IDCIDADE": "ITAPEVA", "NOMEFANTASIA": "JC_YCARAI_AGRICOLA", "RAZAOSOCIAL": "JOAO_CARMO_MARTINS_DE_BARROS", "ENDEE": "AVENIDA_HIGINO_MARQUES920__JARDIM_MARINGA_18407-120", "LMAPS": "https://www.google.com/maps?q=&layer=c&cbll=-48.8887388,-23.986812", "O_QUE_FAZER": "CARTEIRA", "ER_REGIAO_CIDADE_min": "Itapeva_Itapeva_Sudoeste Paulista" }, "geometry": { "type": "Point", "coordinates": [ -48.8887388, -23.986812 ] } },
{ "type": "Feature", "properties": { "fid": 197802, "CNPJ": "08953406000109", "IDCIDADE": "ITAPEVA", "NOMEFANTASIA": "CLINICA_MEDICA_TASSINARI", "RAZAOSOCIAL": "CLINICA_MEDICA_TASSINARI_LTDA.", "ENDEE": "PRACA_ESPIRIDIAO_LUCIO_MARTINS52__CENTRO_18400-020", "LMAPS": "https://www.google.com/maps?q=&layer=c&cbll=-48.8764867,-23.9868217", "O_QUE_FAZER": "CARTEIRA", "ER_REGIAO_CIDADE_min": "Itapeva_Itapeva_Sudoeste Paulista" }, "geometry": { "type": "Point", "coordinates": [ -48.8764867, -23.9868217 ] } },
{ "type": "Feature", "properties": { "fid": 197804, "CNPJ": "07119539000103", "IDCIDADE": "ITAPEVA", "NOMEFANTASIA": "MARMORARIA_BOM_JESUS", "RAZAOSOCIAL": "IRATAM_DE_CAMARGO_SANTOS", "ENDEE": "AVENIDA_HIGINO_MARQUES1080__JARDIM_MARINGA_18407-120", "LMAPS": "https://www.google.com/maps?q=&layer=c&cbll=-48.8904069,-23.986848", "O_QUE_FAZER": "CARTEIRA", "ER_REGIAO_CIDADE_min": "Itapeva_Itapeva_Sudoeste Paulista" }, "geometry": { "type": "Point", "coordinates": [ -48.8904069, -23.986848 ] } },
{ "type": "Feature", "properties": { "fid": 197805, "CNPJ": "10280366000115", "IDCIDADE": "ITAPEVA", "NOMEFANTASIA": "GALERA_HORTIFRUTI", "RAZAOSOCIAL": "FABIO_RODRIGUES_DO_AMARAL_MERCEARIA", "ENDEE": "AVENIDA_EXPEDICIONARIOS_DE_ITAPEVA63__PARQUE_CIMENTOLANDIA_18409-640", "LMAPS": "https://www.google.com/maps?q=&layer=c&cbll=-48.8932349,-23.9868532", "O_QUE_FAZER": "CARTEIRA", "ER_REGIAO_CIDADE_min": "Itapeva_Itapeva_Sudoeste Paulista" }, "geometry": { "type": "Point", "coordinates": [ -48.8932349, -23.9868532 ] } },
{ "type": "Feature", "properties": { "fid": 197810, "CNPJ": "17005579000188", "IDCIDADE": "ITAPEVA", "NOMEFANTASIA": "BR_RADIADORES", "RAZAOSOCIAL": "BR_RADIADORES_LTDA", "ENDEE": "AVENIDA_MARIO_COVAS1807__CENTRO_18401-641", "LMAPS": "https://www.google.com/maps?q=&layer=c&cbll=-48.8920426,-23.9869038", "O_QUE_FAZER": "CARTEIRA", "ER_REGIAO_CIDADE_min": "Itapeva_Itapeva_Sudoeste Paulista" }, "geometry": { "type": "Point", "coordinates": [ -48.8920426, -23.9869038 ] } },
{ "type": "Feature", "properties": { "fid": 197812, "CNPJ": "00640793000103", "IDCIDADE": "ITAPEVA", "NOMEFANTASIA": "BETE_FLORICULTURA", "RAZAOSOCIAL": "LUIZ_PEDRO_ROMERA_NAVARRO", "ENDEE": "RUA_MARIO_PRANDINI706__CENTRO_18400-170", "LMAPS": "https://www.google.com/maps?q=&layer=c&cbll=-48.877638,-23.9869142", "O_QUE_FAZER": "CARTEIRA", "ER_REGIAO_CIDADE_min": "Itapeva_Itapeva_Sudoeste Paulista" }, "geometry": { "type": "Point", "coordinates": [ -48.877638, -23.9869142 ] } },
{ "type": "Feature", "properties": { "fid": 197814, "CNPJ": "07150983000191", "IDCIDADE": "ITAPEVA", "NOMEFANTASIA": "NEKKO_GAS", "RAZAOSOCIAL": "NEKKO_-_COMERCIO_DE_GAS_LTDA", "ENDEE": "AVENIDA_HIGINO_MARQUES1086__JARDIM_MARINGA_18407-120", "LMAPS": "https://www.google.com/maps?q=&layer=c&cbll=-48.890564,-23.9869212", "O_QUE_FAZER": "CARTEIRA", "ER_REGIAO_CIDADE_min": "Itapeva_Itapeva_Sudoeste Paulista" }, "geometry": { "type": "Point", "coordinates": [ -48.890564, -23.9869212 ] } },
{ "type": "Feature", "properties": { "fid": 197818, "CNPJ": "33764919000100", "IDCIDADE": "ITAPEVA", "NOMEFANTASIA": "THAIS_MENDES_ESTETICA_DE_RESULTADOS", "RAZAOSOCIAL": "THAIS_MENDES_DA_CRUZ", "ENDEE": "RUA_JOSINO_BRISOLA407__CENTRO_18400-150", "LMAPS": "https://www.google.com/maps?q=&layer=c&cbll=-48.8757428,-23.9869412", "O_QUE_FAZER": "CARTEIRA", "ER_REGIAO_CIDADE_min": "Itapeva_Itapeva_Sudoeste Paulista" }, "geometry": { "type": "Point", "coordinates": [ -48.8757428, -23.9869412 ] } },
{ "type": "Feature", "properties": { "fid": 197821, "CNPJ": "07786215000129", "IDCIDADE": "ITAPEVA", "NOMEFANTASIA": "RADIADORES_JP", "RAZAOSOCIAL": "PAULO_GOMES_DE_MORAIS", "ENDEE": "RUA_MARIO_COVAS2000__CENTRO_18401-641", "LMAPS": "https://www.google.com/maps?q=&layer=c&cbll=-48.8940127,-23.9869684", "O_QUE_FAZER": "CARTEIRA", "ER_REGIAO_CIDADE_min": "Itapeva_Itapeva_Sudoeste Paulista" }, "geometry": { "type": "Point", "coordinates": [ -48.8940127, -23.9869684 ] } },
{ "type": "Feature", "properties": { "fid": 197823, "CNPJ": "21598030000200", "IDCIDADE": "ITAPEVA", "NOMEFANTASIA": "RESTAURANTE_SABOR_CASEIRO", "RAZAOSOCIAL": "VAGNER_R._CARDOSO", "ENDEE": "RUA_DOUTOR_ESTELITA_RIBAS92__PARQUE_CIMENTOLANDIA_18409-560", "LMAPS": "https://www.google.com/maps?q=&layer=c&cbll=-48.8946288,-23.9869866", "O_QUE_FAZER": "CARTEIRA", "ER_REGIAO_CIDADE_min": "Itapeva_Itapeva_Sudoeste Paulista" }, "geometry": { "type": "Point", "coordinates": [ -48.8946288, -23.9869866 ] } },
{ "type": "Feature", "properties": { "fid": 197825, "CNPJ": "18963004000130", "IDCIDADE": "ITAPEVA", "NOMEFANTASIA": "COACH_4_YOU", "RAZAOSOCIAL": "LA_COACHING_TREINAMENTO_E_DESENVOLVIMENTO_LTDA", "ENDEE": "RUA_JOSINO_BRISOLA309__CENTRO_18400-150", "LMAPS": "https://www.google.com/maps?q=&layer=c&cbll=-48.8747552,-23.9870017", "O_QUE_FAZER": "CARTEIRA", "ER_REGIAO_CIDADE_min": "Itapeva_Itapeva_Sudoeste Paulista" }, "geometry": { "type": "Point", "coordinates": [ -48.8747552, -23.9870017 ] } },
{ "type": "Feature", "properties": { "fid": 197827, "CNPJ": "46250971000271", "IDCIDADE": "ITAPEVA", "NOMEFANTASIA": "CACAU_SHOUW", "RAZAOSOCIAL": "RAMOS_&_BOECHAT_CHOCOLATES_FINOS_LTDA", "ENDEE": "AVENIDA_DONA_PAULINA_DE_MORAIS916__JARDIM_MARINGA_18407-110", "LMAPS": "https://www.google.com/maps?q=&layer=c&cbll=-48.8872541,-23.9870122", "O_QUE_FAZER": "CARTEIRA", "ER_REGIAO_CIDADE_min": "Itapeva_Itapeva_Sudoeste Paulista" }, "geometry": { "type": "Point", "coordinates": [ -48.8872541, -23.9870122 ] } },
{ "type": "Feature", "properties": { "fid": 197828, "CNPJ": "25159023000174", "IDCIDADE": "ITAPEVA", "NOMEFANTASIA": "BRINQUEDAO", "RAZAOSOCIAL": "TIAGO_TEOBALDO_GUIMARAES", "ENDEE": "AVENIDA_DONA_PAULINA_DE_MORAIS926__JARDIM_MARINGA_18400-818", "LMAPS": "https://www.google.com/maps?q=&layer=c&cbll=-48.8873,-23.9870311", "O_QUE_FAZER": "CARTEIRA", "ER_REGIAO_CIDADE_min": "Itapeva_Itapeva_Sudoeste Paulista" }, "geometry": { "type": "Point", "coordinates": [ -48.8873, -23.9870311 ] } },
{ "type": "Feature", "properties": { "fid": 197829, "CNPJ": "46182573000184", "IDCIDADE": "ITAPEVA", "NOMEFANTASIA": "PINN_ROTISSERIE", "RAZAOSOCIAL": "ZDX_LTDA", "ENDEE": "RUA_BENJAMIN_CONSTANT279__JARDIM_FERRARI_18405-000", "LMAPS": "https://www.google.com/maps?q=&layer=c&cbll=-48.8749709,-23.9870481", "O_QUE_FAZER": "CARTEIRA", "ER_REGIAO_CIDADE_min": "Itapeva_Itapeva_Sudoeste Paulista" }, "geometry": { "type": "Point", "coordinates": [ -48.8749709, -23.9870481 ] } },
{ "type": "Feature", "properties": { "fid": 197831, "CNPJ": "03237994000152", "IDCIDADE": "ITAPEVA", "NOMEFANTASIA": "RG_TRANSPORTES", "RAZAOSOCIAL": "R._A._GONZAGA_BARRETO_TRANSPORTES", "ENDEE": "RUA_ITAPORANGA144__VILA_BOM_JESUS_18400-680", "LMAPS": "https://www.google.com/maps?q=&layer=c&cbll=-48.8924149,-23.9870512", "O_QUE_FAZER": "CARTEIRA", "ER_REGIAO_CIDADE_min": "Itapeva_Itapeva_Sudoeste Paulista" }, "geometry": { "type": "Point", "coordinates": [ -48.8924149, -23.9870512 ] } },
{ "type": "Feature", "properties": { "fid": 197832, "CNPJ": "19278023000190", "IDCIDADE": "ITAPEVA", "NOMEFANTASIA": "BARRETO_REPRESENTACAO", "RAZAOSOCIAL": "ANTONIO_EZIQUEL_BARRETO", "ENDEE": "RUA_ITAPORANGA144__VILA_BOM_JESUS_18400-680", "LMAPS": "https://www.google.com/maps?q=&layer=c&cbll=-48.8924138,-23.9870512", "O_QUE_FAZER": "CARTEIRA", "ER_REGIAO_CIDADE_min": "Itapeva_Itapeva_Sudoeste Paulista" }, "geometry": { "type": "Point", "coordinates": [ -48.8924138, -23.9870512 ] } },
{ "type": "Feature", "properties": { "fid": 197835, "CNPJ": "25063676000155", "IDCIDADE": "ITAPEVA", "NOMEFANTASIA": "UNIDROGAS_MAX", "RAZAOSOCIAL": "UNI_DROGAS_MAX_LTDA", "ENDEE": "AVENIDA_DONA_PAULINA_DE_MORAIS916__JARDIM_MARINGA_18400-818", "LMAPS": "https://www.google.com/maps?q=&layer=c&cbll=-48.8869784,-23.9870631", "O_QUE_FAZER": "CARTEIRA", "ER_REGIAO_CIDADE_min": "Itapeva_Itapeva_Sudoeste Paulista" }, "geometry": { "type": "Point", "coordinates": [ -48.8869784, -23.9870631 ] } },
{ "type": "Feature", "properties": { "fid": 197837, "CNPJ": "01082436000130", "IDCIDADE": "ITAPEVA", "NOMEFANTASIA": "CLUBE_DOS_BICHOS", "RAZAOSOCIAL": "ELAINE_CRISTINA_DE_OLIVEIRA_RANZINI", "ENDEE": "AVENIDA_DONA_PAULINA_DE_MORAIS926__JARDIM_MARINGA_18400-818", "LMAPS": "https://www.google.com/maps?q=&layer=c&cbll=-48.8871041,-23.9870776", "O_QUE_FAZER": "CARTEIRA", "ER_REGIAO_CIDADE_min": "Itapeva_Itapeva_Sudoeste Paulista" }, "geometry": { "type": "Point", "coordinates": [ -48.8871041, -23.9870776 ] } },
{ "type": "Feature", "properties": { "fid": 197844, "CNPJ": "44505822000108", "IDCIDADE": "ITAPEVA", "NOMEFANTASIA": "K8NG_CASE", "RAZAOSOCIAL": "TAYLA_ACESSORIOS_E_REPARACAO_DE_CELULARES_LTDA", "ENDEE": "AVENIDA_DONA_PAULINA_DE_MORAIS916__JARDIM_MARINGA_18407-110", "LMAPS": "https://www.google.com/maps?q=&layer=c&cbll=-48.8872977,-23.987112", "O_QUE_FAZER": "CARTEIRA", "ER_REGIAO_CIDADE_min": "Itapeva_Itapeva_Sudoeste Paulista" }, "geometry": { "type": "Point", "coordinates": [ -48.8872977, -23.987112 ] } },
{ "type": "Feature", "properties": { "fid": 197846, "CNPJ": "40541711000198", "IDCIDADE": "ITAPEVA", "NOMEFANTASIA": "OLIMPO_ACADEMIA", "RAZAOSOCIAL": "PAMELLA_VELOSO_DE_TOLEDO", "ENDEE": "RUA_CORONEL_CRESCENCIO751__VILA_SANTANA_18400-140", "LMAPS": "https://www.google.com/maps?q=&layer=c&cbll=-48.875045,-23.9871325", "O_QUE_FAZER": "CARTEIRA", "ER_REGIAO_CIDADE_min": "Itapeva_Itapeva_Sudoeste Paulista" }, "geometry": { "type": "Point", "coordinates": [ -48.875045, -23.9871325 ] } },
{ "type": "Feature", "properties": { "fid": 197849, "CNPJ": "08913117000178", "IDCIDADE": "ITAPEVA", "NOMEFANTASIA": "GRID_AUTOCENTER", "RAZAOSOCIAL": "CENTRO_AUTOMOTIVO_GWS_ITAPEVA_LTDA", "ENDEE": "RUA_MARIO_PRANDINI741__CENTRO_18400-170", "LMAPS": "https://www.google.com/maps?q=&layer=c&cbll=-48.8773233,-23.9871598", "O_QUE_FAZER": "CARTEIRA", "ER_REGIAO_CIDADE_min": "Itapeva_Itapeva_Sudoeste Paulista" }, "geometry": { "type": "Point", "coordinates": [ -48.8773233, -23.9871598 ] } },
{ "type": "Feature", "properties": { "fid": 197851, "CNPJ": "10877817000104", "IDCIDADE": "ITAPEVA", "NOMEFANTASIA": "DENTAL_MED", "RAZAOSOCIAL": "SANDRO_PERES_DE_ASSIS", "ENDEE": "PRACA_20_DE_SETEMBRO315__CENTRO_18400-230", "LMAPS": "https://www.google.com/maps?q=&layer=c&cbll=-48.8803046,-23.9871847", "O_QUE_FAZER": "CARTEIRA", "ER_REGIAO_CIDADE_min": "Itapeva_Itapeva_Sudoeste Paulista" }, "geometry": { "type": "Point", "coordinates": [ -48.8803046, -23.9871847 ] } },
{ "type": "Feature", "properties": { "fid": 197852, "CNPJ": "40499133000179", "IDCIDADE": "ITAPEVA", "NOMEFANTASIA": "MARMO_ESQUADRIAS", "RAZAOSOCIAL": "MARMO_ESQUADRIAS_DE_ALUMINIO_LTDA", "ENDEE": "RUA_DOUTOR_ESTELITA_RIBAS305__PARQUE_CIMENTOLANDIA_18409-560", "LMAPS": "https://www.google.com/maps?q=&layer=c&cbll=-48.8943141,-23.9871898", "O_QUE_FAZER": "CARTEIRA", "ER_REGIAO_CIDADE_min": "Itapeva_Itapeva_Sudoeste Paulista" }, "geometry": { "type": "Point", "coordinates": [ -48.8943141, -23.9871898 ] } },
{ "type": "Feature", "properties": { "fid": 197853, "CNPJ": "14684422000138", "IDCIDADE": "ITAPEVA", "NOMEFANTASIA": "INSTITUTO_DE_SAUDE", "RAZAOSOCIAL": "KATHE_DO_ROCIO_GRASSI_LTDA", "ENDEE": "RUA_MARIO_PRANDINI742__CENTRO_18400-170", "LMAPS": "https://www.google.com/maps?q=&layer=c&cbll=-48.8776205,-23.9871991", "O_QUE_FAZER": "CARTEIRA", "ER_REGIAO_CIDADE_min": "Itapeva_Itapeva_Sudoeste Paulista" }, "geometry": { "type": "Point", "coordinates": [ -48.8776205, -23.9871991 ] } },
{ "type": "Feature", "properties": { "fid": 197856, "CNPJ": "45807365000160", "IDCIDADE": "ITAPEVA", "NOMEFANTASIA": "CHAVEIRO_DO_FUTURO", "RAZAOSOCIAL": "BARROS_E_MUZEL_LTDA", "ENDEE": "AVENIDA_DONA_PAULINA_DE_MORAIS916__JARDIM_MARINGA_18400-818", "LMAPS": "https://www.google.com/maps?q=&layer=c&cbll=-48.887205,-23.9872156", "O_QUE_FAZER": "CARTEIRA", "ER_REGIAO_CIDADE_min": "Itapeva_Itapeva_Sudoeste Paulista" }, "geometry": { "type": "Point", "coordinates": [ -48.887205, -23.9872156 ] } },
{ "type": "Feature", "properties": { "fid": 197858, "CNPJ": "15700534000106", "IDCIDADE": "ITAPEVA", "NOMEFANTASIA": "MAX_MANUTENCAO_MULTIMARCAS", "RAZAOSOCIAL": "BRUNA_DE_JESUS_DA_SILVA_SANTOS_LTDA", "ENDEE": "RUA_GOVERNADOR_MARIO_COVAS1845__CENTRO_18401-641", "LMAPS": "https://www.google.com/maps?q=&layer=c&cbll=-48.8925615,-23.9872277", "O_QUE_FAZER": "CARTEIRA", "ER_REGIAO_CIDADE_min": "Itapeva_Itapeva_Sudoeste Paulista" }, "geometry": { "type": "Point", "coordinates": [ -48.8925615, -23.9872277 ] } },
{ "type": "Feature", "properties": { "fid": 197859, "CNPJ": "03843894000170", "IDCIDADE": "ITAPEVA", "NOMEFANTASIA": "QUALYSEG", "RAZAOSOCIAL": "QUALYSEG_-_SERVICOS_EMPRESARIAIS_LTDA", "ENDEE": "RUA_MARIO_PRANDINI745__CENTRO_18400-170", "LMAPS": "https://www.google.com/maps?q=&layer=c&cbll=-48.8773418,-23.9872366", "O_QUE_FAZER": "CARTEIRA", "ER_REGIAO_CIDADE_min": "Itapeva_Itapeva_Sudoeste Paulista" }, "geometry": { "type": "Point", "coordinates": [ -48.8773418, -23.9872366 ] } },
{ "type": "Feature", "properties": { "fid": 197863, "CNPJ": "17294328000160", "IDCIDADE": "ITAPEVA", "NOMEFANTASIA": "CACHACARIA_AGUA_DOCE", "RAZAOSOCIAL": "SANTANA_E_SANTANA_RESTAURANTE_E_CACHACARIA_LTDA", "ENDEE": "AVENIDA_DONA_PAULINA_DE_MORAIS723__JARDIM_MARINGA_18400-818", "LMAPS": "https://www.google.com/maps?q=&layer=c&cbll=-48.885255,-23.9872467", "O_QUE_FAZER": "CARTEIRA", "ER_REGIAO_CIDADE_min": "Itapeva_Itapeva_Sudoeste Paulista" }, "geometry": { "type": "Point", "coordinates": [ -48.885255, -23.9872467 ] } },
{ "type": "Feature", "properties": { "fid": 197864, "CNPJ": "30372798000244", "IDCIDADE": "ITAPEVA", "NOMEFANTASIA": "PAINEIRA_CASA_DE_SUCOS", "RAZAOSOCIAL": "PAINEIRA_RESTAURANTE_E_CHOPERIA_LTDA", "ENDEE": "AVENIDA_DONA_PAULINA_DE_MORAIS926__JARDIM_MARINGA_18400-818", "LMAPS": "https://www.google.com/maps?q=&layer=c&cbll=-48.887244,-23.9872615", "O_QUE_FAZER": "CARTEIRA", "ER_REGIAO_CIDADE_min": "Itapeva_Itapeva_Sudoeste Paulista" }, "geometry": { "type": "Point", "coordinates": [ -48.887244, -23.9872615 ] } },
{ "type": "Feature", "properties": { "fid": 197865, "CNPJ": "32216930000173", "IDCIDADE": "ITAPEVA", "NOMEFANTASIA": "CEI_CENTRO_MEDICO_DR._BRUNO", "RAZAOSOCIAL": "NUTROSPORT_SERVICOS_MEDICOS_LTDA", "ENDEE": "RUA_MARIO_PRANDINI754__CENTRO_18400-170", "LMAPS": "https://www.google.com/maps?q=&layer=c&cbll=-48.8775651,-23.9873072", "O_QUE_FAZER": "CARTEIRA", "ER_REGIAO_CIDADE_min": "Itapeva_Itapeva_Sudoeste Paulista" }, "geometry": { "type": "Point", "coordinates": [ -48.8775651, -23.9873072 ] } },
{ "type": "Feature", "properties": { "fid": 197866, "CNPJ": "10399888000130", "IDCIDADE": "ITAPEVA", "NOMEFANTASIA": "CESAR_BIKE", "RAZAOSOCIAL": "SIMONE_APARECIDA_DE_PAULA", "ENDEE": "AVENIDA_HIGINO_MARQUES1426__JARDIM_MARINGA_18407-120", "LMAPS": "https://www.google.com/maps?q=&layer=c&cbll=-48.8935836,-23.9873313", "O_QUE_FAZER": "CARTEIRA", "ER_REGIAO_CIDADE_min": "Itapeva_Itapeva_Sudoeste Paulista" }, "geometry": { "type": "Point", "coordinates": [ -48.8935836, -23.9873313 ] } },
{ "type": "Feature", "properties": { "fid": 197868, "CNPJ": "26513715000131", "IDCIDADE": "ITAPEVA", "NOMEFANTASIA": "JP_ESCAPAMENTOS", "RAZAOSOCIAL": "LIDIA_PAULA_CAMARGO_MORAIS_DE_OLIVEIRA_SANTOS", "ENDEE": "AVENIDA_HIGINO_MARQUES1304__JARDIM_MARINGA_18407-120", "LMAPS": "https://www.google.com/maps?q=&layer=c&cbll=-48.8924418,-23.9873372", "O_QUE_FAZER": "CARTEIRA", "ER_REGIAO_CIDADE_min": "Itapeva_Itapeva_Sudoeste Paulista" }, "geometry": { "type": "Point", "coordinates": [ -48.8924418, -23.9873372 ] } },
{ "type": "Feature", "properties": { "fid": 197869, "CNPJ": "31666797000194", "IDCIDADE": "ITAPEVA", "NOMEFANTASIA": "LIFE_TERAPIA", "RAZAOSOCIAL": "VISTO_SERVICOS_MEDICOS_LTDA", "ENDEE": "ALAMEDA_TOLEDO_RIBAS856__CENTRO_18400-060", "LMAPS": "https://www.google.com/maps?q=&layer=c&cbll=-48.8804515,-23.9873404", "O_QUE_FAZER": "CARTEIRA", "ER_REGIAO_CIDADE_min": "Itapeva_Itapeva_Sudoeste Paulista" }, "geometry": { "type": "Point", "coordinates": [ -48.8804515, -23.9873404 ] } },
{ "type": "Feature", "properties": { "fid": 197870, "CNPJ": "32668795000105", "IDCIDADE": "ITAPEVA", "NOMEFANTASIA": "AUTO_CENTER_ROTA_27", "RAZAOSOCIAL": "LAVINIA_ALMEIDA_SANTOS_AUTO_CENTER", "ENDEE": "AVENIDA_HIGINO_MARQUES836__JARDIM_MARINGA_18407-120", "LMAPS": "https://www.google.com/maps?q=&layer=c&cbll=-48.8878862,-23.9873493", "O_QUE_FAZER": "CARTEIRA", "ER_REGIAO_CIDADE_min": "Itapeva_Itapeva_Sudoeste Paulista" }, "geometry": { "type": "Point", "coordinates": [ -48.8878862, -23.9873493 ] } },
{ "type": "Feature", "properties": { "fid": 197873, "CNPJ": "46494412000126", "IDCIDADE": "ITAPEVA", "NOMEFANTASIA": "CLINICA_INSPIRAR", "RAZAOSOCIAL": "CLINICA_INSPIRAR_LTDA", "ENDEE": "RUA_MARIO_PRANDINI764__CENTRO_18400-170", "LMAPS": "https://www.google.com/maps?q=&layer=c&cbll=-48.8776122,-23.9873725", "O_QUE_FAZER": "CARTEIRA", "ER_REGIAO_CIDADE_min": "Itapeva_Itapeva_Sudoeste Paulista" }, "geometry": { "type": "Point", "coordinates": [ -48.8776122, -23.9873725 ] } },
{ "type": "Feature", "properties": { "fid": 197876, "CNPJ": "21400888000120", "IDCIDADE": "ITAPEVA", "NOMEFANTASIA": "VIA_AUTOMOVEIS", "RAZAOSOCIAL": "VIA_AUTOMOVEIS_LTDA", "ENDEE": "AVENIDA_DONA_PAULINA_DE_MORAIS741__JARDIM_MARINGA_18400-818", "LMAPS": "https://www.google.com/maps?q=&layer=c&cbll=-48.8855257,-23.9873966", "O_QUE_FAZER": "CARTEIRA", "ER_REGIAO_CIDADE_min": "Itapeva_Itapeva_Sudoeste Paulista" }, "geometry": { "type": "Point", "coordinates": [ -48.8855257, -23.9873966 ] } },
{ "type": "Feature", "properties": { "fid": 197878, "CNPJ": "04773980000116", "IDCIDADE": "ITAPEVA", "NOMEFANTASIA": "SIDAO_AUTOPECAS", "RAZAOSOCIAL": "NELSIDES_VITORINO_DA_SILVA", "ENDEE": "AVENIDA_HIGINO_MARQUES844__JARDIM_MARINGA_18407-120", "LMAPS": "https://www.google.com/maps?q=&layer=c&cbll=-48.8880322,-23.9873997", "O_QUE_FAZER": "CARTEIRA", "ER_REGIAO_CIDADE_min": "Itapeva_Itapeva_Sudoeste Paulista" }, "geometry": { "type": "Point", "coordinates": [ -48.8880322, -23.9873997 ] } },
{ "type": "Feature", "properties": { "fid": 197879, "CNPJ": "09625777000116", "IDCIDADE": "ITAPEVA", "NOMEFANTASIA": "CLINIRIO", "RAZAOSOCIAL": "GINECOLOGIA_E_OBSTETRICIA_ITAPEVA_S/S_LTDA", "ENDEE": "RUA_CAMPOS_SALES161__CENTRO_18400-190", "LMAPS": "https://www.google.com/maps?q=&layer=c&cbll=-48.8781093,-23.9874041", "O_QUE_FAZER": "CARTEIRA", "ER_REGIAO_CIDADE_min": "Itapeva_Itapeva_Sudoeste Paulista" }, "geometry": { "type": "Point", "coordinates": [ -48.8781093, -23.9874041 ] } },
{ "type": "Feature", "properties": { "fid": 197880, "CNPJ": "08087596000110", "IDCIDADE": "ITAPEVA", "NOMEFANTASIA": "INTERCLINICA", "RAZAOSOCIAL": "INTERCLINICA_SERVICOS_MEDICOS_DE_ITAPEVA_LTDA", "ENDEE": "RUA_CAMPOS_SALES171__CENTRO_18400-190", "LMAPS": "https://www.google.com/maps?q=&layer=c&cbll=-48.8781169,-23.9874349", "O_QUE_FAZER": "CARTEIRA", "ER_REGIAO_CIDADE_min": "Itapeva_Itapeva_Sudoeste Paulista" }, "geometry": { "type": "Point", "coordinates": [ -48.8781169, -23.9874349 ] } },
{ "type": "Feature", "properties": { "fid": 197886, "CNPJ": "43129203000195", "IDCIDADE": "ITAPEVA", "NOMEFANTASIA": "EMPORIO_DE_CARNES", "RAZAOSOCIAL": "EMPORIO_DE_CARNES_SOL_NASCENTE_LTDA", "ENDEE": "AVENIDA_HIGINO_MARQUES1426__JARDIM_MARINGA_18407-120", "LMAPS": "https://www.google.com/maps?q=&layer=c&cbll=-48.8935405,-23.987516", "O_QUE_FAZER": "CARTEIRA", "ER_REGIAO_CIDADE_min": "Itapeva_Itapeva_Sudoeste Paulista" }, "geometry": { "type": "Point", "coordinates": [ -48.8935405, -23.987516 ] } },
{ "type": "Feature", "properties": { "fid": 197888, "CNPJ": "07544915000107", "IDCIDADE": "ITAPEVA", "NOMEFANTASIA": "NOKA_MOVEIS", "RAZAOSOCIAL": "NOKA_COMERCIO_DE_MOVEIS_E_DECORACOES_LTDA", "ENDEE": "AVENIDA_ROBERTO_GEMIGNANI120__CENTRAL_PARK_18406-000", "LMAPS": "https://www.google.com/maps?q=&layer=c&cbll=-48.8837672,-23.9875196", "O_QUE_FAZER": "CARTEIRA", "ER_REGIAO_CIDADE_min": "Itapeva_Itapeva_Sudoeste Paulista" }, "geometry": { "type": "Point", "coordinates": [ -48.8837672, -23.9875196 ] } },
{ "type": "Feature", "properties": { "fid": 197890, "CNPJ": "54332622000146", "IDCIDADE": "ITAPEVA", "NOMEFANTASIA": "LABORATORIO_CLINICO_SAO_LUCAS", "RAZAOSOCIAL": "LABORATORIO_CLINICO_SAO_LUCAS_DE_ITAPEVA_LTDA", "ENDEE": "RUA_MARIO_PRANDINI781__CENTRO_18400-170", "LMAPS": "https://www.google.com/maps?q=&layer=c&cbll=-48.8773448,-23.9875296", "O_QUE_FAZER": "CARTEIRA", "ER_REGIAO_CIDADE_min": "Itapeva_Itapeva_Sudoeste Paulista" }, "geometry": { "type": "Point", "coordinates": [ -48.8773448, -23.9875296 ] } },
{ "type": "Feature", "properties": { "fid": 197891, "CNPJ": "12941411000160", "IDCIDADE": "ITAPEVA", "NOMEFANTASIA": "HORTIFRUTI_MARINGA", "RAZAOSOCIAL": "ANGELA_MARIA_LOPES_DA_COSTA", "ENDEE": "AVENIDA_HIGINO_MARQUES1454__JARDIM_MARINGA_18407-120", "LMAPS": "https://www.google.com/maps?q=&layer=c&cbll=-48.8939183,-23.987535", "O_QUE_FAZER": "CARTEIRA", "ER_REGIAO_CIDADE_min": "Itapeva_Itapeva_Sudoeste Paulista" }, "geometry": { "type": "Point", "coordinates": [ -48.8939183, -23.987535 ] } },
{ "type": "Feature", "properties": { "fid": 197892, "CNPJ": "04182201000108", "IDCIDADE": "ITAPEVA", "NOMEFANTASIA": "SNACK_BEER", "RAZAOSOCIAL": "VLADIMIR_MARGATTO_GALDINO", "ENDEE": "AVENIDA_HIGINO_MARQUES60__JARDIM_MARINGA_18407-120", "LMAPS": "https://www.google.com/maps?q=&layer=c&cbll=-48.881175,-23.9875488", "O_QUE_FAZER": "CARTEIRA", "ER_REGIAO_CIDADE_min": "Itapeva_Itapeva_Sudoeste Paulista" }, "geometry": { "type": "Point", "coordinates": [ -48.881175, -23.9875488 ] } },
{ "type": "Feature", "properties": { "fid": 197893, "CNPJ": "24003684000143", "IDCIDADE": "ITAPEVA", "NOMEFANTASIA": "CLINICA_PAZZOTTI", "RAZAOSOCIAL": "FAICAL_SERVICOS_MEDICOS_LTDA", "ENDEE": "ALAMEDA_TOLEDO_RIBAS856__CENTRO_18400-060", "LMAPS": "https://www.google.com/maps?q=&layer=c&cbll=-48.8803967,-23.9875532", "O_QUE_FAZER": "CARTEIRA", "ER_REGIAO_CIDADE_min": "Itapeva_Itapeva_Sudoeste Paulista" }, "geometry": { "type": "Point", "coordinates": [ -48.8803967, -23.9875532 ] } },
{ "type": "Feature", "properties": { "fid": 197894, "CNPJ": "32666275000155", "IDCIDADE": "ITAPEVA", "NOMEFANTASIA": "MULTI_ODONTO_ASSISTENCIA_ODONTOLOGICO", "RAZAOSOCIAL": "MULTIODONTO_ASSISTENCIA_ODONTOLOGICA_LTDA", "ENDEE": "AVENIDA_HIGINO_MARQUES25__JARDIM_MARINGA_18407-120", "LMAPS": "https://www.google.com/maps?q=&layer=c&cbll=-48.8806795,-23.9875542", "O_QUE_FAZER": "CARTEIRA", "ER_REGIAO_CIDADE_min": "Itapeva_Itapeva_Sudoeste Paulista" }, "geometry": { "type": "Point", "coordinates": [ -48.8806795, -23.9875542 ] } },
{ "type": "Feature", "properties": { "fid": 197895, "CNPJ": "37455129000102", "IDCIDADE": "ITAPEVA", "NOMEFANTASIA": "CLINICA_FERNANDES", "RAZAOSOCIAL": "ACFN_SERVICOS_MEDICOS_LTDA", "ENDEE": "RUA_JOSINO_BRISOLA670__CENTRO_18400-150", "LMAPS": "https://www.google.com/maps?q=&layer=c&cbll=-48.8781367,-23.987565", "O_QUE_FAZER": "CARTEIRA", "ER_REGIAO_CIDADE_min": "Itapeva_Itapeva_Sudoeste Paulista" }, "geometry": { "type": "Point", "coordinates": [ -48.8781367, -23.987565 ] } },
{ "type": "Feature", "properties": { "fid": 197897, "CNPJ": "21129836000160", "IDCIDADE": "ITAPEVA", "NOMEFANTASIA": "FHM_ENGENHARIA", "RAZAOSOCIAL": "FHM_ENGENHARIA_E_CONSTRUCOES_LTDA", "ENDEE": "RUA_MARIO_PRANDINI786__CENTRO_18400-170", "LMAPS": "https://www.google.com/maps?q=&layer=c&cbll=-48.8775172,-23.9875871", "O_QUE_FAZER": "CARTEIRA", "ER_REGIAO_CIDADE_min": "Itapeva_Itapeva_Sudoeste Paulista" }, "geometry": { "type": "Point", "coordinates": [ -48.8775172, -23.9875871 ] } },
{ "type": "Feature", "properties": { "fid": 197903, "CNPJ": "19493383000105", "IDCIDADE": "ITAPEVA", "NOMEFANTASIA": "ENG-TECH", "RAZAOSOCIAL": "ENG-TECH_AUTOMACAO_LTDA", "ENDEE": "AVENIDA_HIGINO_MARQUES1431__JARDIM_MARINGA_18407-120", "LMAPS": "https://www.google.com/maps?q=&layer=c&cbll=-48.8935916,-23.9876439", "O_QUE_FAZER": "CARTEIRA", "ER_REGIAO_CIDADE_min": "Itapeva_Itapeva_Sudoeste Paulista" }, "geometry": { "type": "Point", "coordinates": [ -48.8935916, -23.9876439 ] } },
{ "type": "Feature", "properties": { "fid": 197904, "CNPJ": "09216092000116", "IDCIDADE": "ITAPEVA", "NOMEFANTASIA": "LANCHONETE_SOL_NASCENTE", "RAZAOSOCIAL": "FELIPE_JOSE_DE_LEMOS", "ENDEE": "AVENIDA_HIGINO_MARQUES1427__JARDIM_MARINGA_18407-120", "LMAPS": "https://www.google.com/maps?q=&layer=c&cbll=-48.8935491,-23.9876524", "O_QUE_FAZER": "CARTEIRA", "ER_REGIAO_CIDADE_min": "Itapeva_Itapeva_Sudoeste Paulista" }, "geometry": { "type": "Point", "coordinates": [ -48.8935491, -23.9876524 ] } },
{ "type": "Feature", "properties": { "fid": 197905, "CNPJ": "32451904000120", "IDCIDADE": "ITAPEVA", "NOMEFANTASIA": "UNITER", "RAZAOSOCIAL": "INSTITUTO_TOP_EDUCACIONAL_LTDA.", "ENDEE": "AVENIDA_HIGINO_MARQUES80__JARDIM_MARINGA_18407-120", "LMAPS": "https://www.google.com/maps?q=&layer=c&cbll=-48.8812741,-23.987653", "O_QUE_FAZER": "CARTEIRA", "ER_REGIAO_CIDADE_min": "Itapeva_Itapeva_Sudoeste Paulista" }, "geometry": { "type": "Point", "coordinates": [ -48.8812741, -23.987653 ] } },
{ "type": "Feature", "properties": { "fid": 197908, "CNPJ": "16455527000140", "IDCIDADE": "ITAPEVA", "NOMEFANTASIA": "FAPER_CASA_DOS_PARAFUSOS", "RAZAOSOCIAL": "F._J._BATISTA_DA_SILVA", "ENDEE": "AVENIDA_HIGINO_MARQUES1421__JARDIM_MARINGA_18407-120", "LMAPS": "https://www.google.com/maps?q=&layer=c&cbll=-48.8932701,-23.9876711", "O_QUE_FAZER": "CARTEIRA", "ER_REGIAO_CIDADE_min": "Itapeva_Itapeva_Sudoeste Paulista" }, "geometry": { "type": "Point", "coordinates": [ -48.8932701, -23.9876711 ] } },
{ "type": "Feature", "properties": { "fid": 197909, "CNPJ": "06946849000139", "IDCIDADE": "ITAPEVA", "NOMEFANTASIA": "CLINICA_NOSSA_SENHORA_DO_CARMO", "RAZAOSOCIAL": "CLINICA_NOSSA_SENHORA_DO_CARMO_DE_ITAPEVA_LTDA", "ENDEE": "RUA_SANTOS_DUMONT572__CENTRO_18400-030", "LMAPS": "https://www.google.com/maps?q=&layer=c&cbll=-48.8785299,-23.9876858", "O_QUE_FAZER": "CARTEIRA", "ER_REGIAO_CIDADE_min": "Itapeva_Itapeva_Sudoeste Paulista" }, "geometry": { "type": "Point", "coordinates": [ -48.8785299, -23.9876858 ] } },
{ "type": "Feature", "properties": { "fid": 197912, "CNPJ": "07810409000112", "IDCIDADE": "ITAPEVA", "NOMEFANTASIA": "DZENK", "RAZAOSOCIAL": "DZENK_COMERCIO_DE_FERRAMENTAS_PARAFUSOS_E_MAQUINAS_LTDA", "ENDEE": "AVENIDA_DONA_PAULINA_DE_MORAIS1160__JARDIM_MARINGA_18407-110", "LMAPS": "https://www.google.com/maps?q=&layer=c&cbll=-48.8897147,-23.9877125", "O_QUE_FAZER": "CARTEIRA", "ER_REGIAO_CIDADE_min": "Itapeva_Itapeva_Sudoeste Paulista" }, "geometry": { "type": "Point", "coordinates": [ -48.8897147, -23.9877125 ] } },
{ "type": "Feature", "properties": { "fid": 197913, "CNPJ": "17435202000169", "IDCIDADE": "ITAPEVA", "NOMEFANTASIA": "SOLUCAO_A_CASA_DA_BORRACHA", "RAZAOSOCIAL": "ITAPE_SOLUCAO_-_COMERCIO_DE_BORRACHAS_LTDA", "ENDEE": "RUA_ATILA_MARTINS_BONILHA35__JARDIM_MARINGA_18407-050", "LMAPS": "https://www.google.com/maps?q=&layer=c&cbll=-48.8919014,-23.9877183", "O_QUE_FAZER": "CARTEIRA", "ER_REGIAO_CIDADE_min": "Itapeva_Itapeva_Sudoeste Paulista" }, "geometry": { "type": "Point", "coordinates": [ -48.8919014, -23.9877183 ] } },
{ "type": "Feature", "properties": { "fid": 197918, "CNPJ": "09062748000193", "IDCIDADE": "ITAPEVA", "NOMEFANTASIA": "CLINICA_LACOS", "RAZAOSOCIAL": "CLINICA_MEDICA_PANSARDI_LTDA", "ENDEE": "RUA_SANTOS_DUMONT514__CENTRO_18400-030", "LMAPS": "https://www.google.com/maps?q=&layer=c&cbll=-48.8779394,-23.9877366", "O_QUE_FAZER": "CARTEIRA", "ER_REGIAO_CIDADE_min": "Itapeva_Itapeva_Sudoeste Paulista" }, "geometry": { "type": "Point", "coordinates": [ -48.8779394, -23.9877366 ] } },
{ "type": "Feature", "properties": { "fid": 197919, "CNPJ": "47816004000106", "IDCIDADE": "ITAPEVA", "NOMEFANTASIA": "FUNERARIA_ITAPEVA", "RAZAOSOCIAL": "OSVALDO_TEOBALDO_&_CIA_LTDA", "ENDEE": "RUA_MARIO_PRANDINI800__CENTRO_18400-170", "LMAPS": "https://www.google.com/maps?q=&layer=c&cbll=-48.8775501,-23.9877524", "O_QUE_FAZER": "CARTEIRA", "ER_REGIAO_CIDADE_min": "Itapeva_Itapeva_Sudoeste Paulista" }, "geometry": { "type": "Point", "coordinates": [ -48.8775501, -23.9877524 ] } },
{ "type": "Feature", "properties": { "fid": 197920, "CNPJ": "55499508000178", "IDCIDADE": "ITAPEVA", "NOMEFANTASIA": "GABRIEL_ACESSORIOS", "RAZAOSOCIAL": "GABRIEL_COMERCIO_DE_ACESSORIOS_IV_LTDA", "ENDEE": "AVENIDA_DONA_PAULINA_DE_MORAIS1144__JARDIM_MARINGA_18407-110", "LMAPS": "https://www.google.com/maps?q=&layer=c&cbll=-48.8895539,-23.9877531", "O_QUE_FAZER": "CARTEIRA", "ER_REGIAO_CIDADE_min": "Itapeva_Itapeva_Sudoeste Paulista" }, "geometry": { "type": "Point", "coordinates": [ -48.8895539, -23.9877531 ] } },
{ "type": "Feature", "properties": { "fid": 197926, "CNPJ": "62897780000171", "IDCIDADE": "ITAPEVA", "NOMEFANTASIA": "AUTO_ELETRICA_KANEKIYO", "RAZAOSOCIAL": "AUTO_ELETRICA_KANEKIYO_LTDA", "ENDEE": "AVENIDA_DONA_PAULINA_DE_MORAIS1113__JARDIM_MARINGA_18407-110", "LMAPS": "https://www.google.com/maps?q=&layer=c&cbll=-48.8893009,-23.9878081", "O_QUE_FAZER": "CARTEIRA", "ER_REGIAO_CIDADE_min": "Itapeva_Itapeva_Sudoeste Paulista" }, "geometry": { "type": "Point", "coordinates": [ -48.8893009, -23.9878081 ] } },
{ "type": "Feature", "properties": { "fid": 197928, "CNPJ": "21812853000106", "IDCIDADE": "ITAPEVA", "NOMEFANTASIA": "CONSULTORIO_MEDICO", "RAZAOSOCIAL": "M._I._DE_LIMA_BATISTA_VIEIRA_DA_CRUZ_CONSULTORIO", "ENDEE": "PRACA_ESPIRIDIAO_LUCIO_MARTINS93__CENTRO_18400-020", "LMAPS": "https://www.google.com/maps?q=&layer=c&cbll=-48.8760711,-23.9878157", "O_QUE_FAZER": "CARTEIRA", "ER_REGIAO_CIDADE_min": "Itapeva_Itapeva_Sudoeste Paulista" }, "geometry": { "type": "Point", "coordinates": [ -48.8760711, -23.9878157 ] } },
{ "type": "Feature", "properties": { "fid": 197931, "CNPJ": "02642914000181", "IDCIDADE": "ITAPEVA", "NOMEFANTASIA": "ESPACO_K", "RAZAOSOCIAL": "VANDERLEI_MARTINS_JAGUARIAIVA", "ENDEE": "AVENIDA_ROBERTO_GEMIGNANI162__CENTRAL_PARK_18406-000", "LMAPS": "https://www.google.com/maps?q=&layer=c&cbll=-48.8835878,-23.9878438", "O_QUE_FAZER": "CARTEIRA", "ER_REGIAO_CIDADE_min": "Itapeva_Itapeva_Sudoeste Paulista" }, "geometry": { "type": "Point", "coordinates": [ -48.8835878, -23.9878438 ] } },
{ "type": "Feature", "properties": { "fid": 197932, "CNPJ": "14089926000100", "IDCIDADE": "ITAPEVA", "NOMEFANTASIA": "MAX_MOTOSHOP", "RAZAOSOCIAL": "MAX_MOTOSHOP_LTDA", "ENDEE": "AVENIDA_HIGINO_MARQUES87__JARDIM_MARINGA_18407-120", "LMAPS": "https://www.google.com/maps?q=&layer=c&cbll=-48.881162,-23.987874", "O_QUE_FAZER": "CARTEIRA", "ER_REGIAO_CIDADE_min": "Itapeva_Itapeva_Sudoeste Paulista" }, "geometry": { "type": "Point", "coordinates": [ -48.881162, -23.987874 ] } },
{ "type": "Feature", "properties": { "fid": 197933, "CNPJ": "13811193000102", "IDCIDADE": "ITAPEVA", "NOMEFANTASIA": "LUZ_DO_SOL_JARDINS", "RAZAOSOCIAL": "ELIANA_A._C._VASCONCELOS_OLIVEIRA", "ENDEE": "PRACA_DOM_SILVIO_MARIA_DARIO65__CENTRO_18400-004", "LMAPS": "https://www.google.com/maps?q=&layer=c&cbll=-48.8793683,-23.9878933", "O_QUE_FAZER": "CARTEIRA", "ER_REGIAO_CIDADE_min": "Itapeva_Itapeva_Sudoeste Paulista" }, "geometry": { "type": "Point", "coordinates": [ -48.8793683, -23.9878933 ] } },
{ "type": "Feature", "properties": { "fid": 197935, "CNPJ": "68895655000109", "IDCIDADE": "ITAPEVA", "NOMEFANTASIA": "AO_GAUCHO_PESCA", "RAZAOSOCIAL": "MARIA_APARECIDA_DE_SOUZA_MANTOVANI", "ENDEE": "AVENIDA_DONA_PAULINA_DE_MORAIS1304__JARDIM_MARINGA_18407-110", "LMAPS": "https://www.google.com/maps?q=&layer=c&cbll=-48.8909607,-23.9879064", "O_QUE_FAZER": "CARTEIRA", "ER_REGIAO_CIDADE_min": "Itapeva_Itapeva_Sudoeste Paulista" }, "geometry": { "type": "Point", "coordinates": [ -48.8909607, -23.9879064 ] } },
{ "type": "Feature", "properties": { "fid": 197936, "CNPJ": "05793132000131", "IDCIDADE": "ITAPEVA", "NOMEFANTASIA": "PREVER", "RAZAOSOCIAL": "PANHOZZI_ARRUDA_E_CIA_FUNERARIA_E_PLANOS_FUNERARIOS_LTDA", "ENDEE": "RUA_SANTOS_DUMONT222__CENTRO_18400-030", "LMAPS": "https://www.google.com/maps?q=&layer=c&cbll=-48.8750538,-23.9879133", "O_QUE_FAZER": "CARTEIRA", "ER_REGIAO_CIDADE_min": "Itapeva_Itapeva_Sudoeste Paulista" }, "geometry": { "type": "Point", "coordinates": [ -48.8750538, -23.9879133 ] } },
{ "type": "Feature", "properties": { "fid": 197937, "CNPJ": "53857223000136", "IDCIDADE": "ITAPEVA", "NOMEFANTASIA": "BIAGRO", "RAZAOSOCIAL": "BIAGRO_PRODUTOS_AGROPECUARIOS_LTDA", "ENDEE": "RUA_CORONEL_MONTEIRO44__JARDIM_MARINGA_18407-010", "LMAPS": "https://www.google.com/maps?q=&layer=c&cbll=-48.89286,-23.9879207", "O_QUE_FAZER": "CARTEIRA", "ER_REGIAO_CIDADE_min": "Itapeva_Itapeva_Sudoeste Paulista" }, "geometry": { "type": "Point", "coordinates": [ -48.89286, -23.9879207 ] } },
{ "type": "Feature", "properties": { "fid": 197938, "CNPJ": "57053993000420", "IDCIDADE": "ITAPEVA", "NOMEFANTASIA": "LABBOR-MED", "RAZAOSOCIAL": "LABORATORIO_DE_ANALISES_CLINICAS_TALIBERTI_LTDA", "ENDEE": "AVENIDA_HIGINO_MARQUES168__JARDIM_MARINGA_18407-120", "LMAPS": "https://www.google.com/maps?q=&layer=c&cbll=-48.881914,-23.9879211", "O_QUE_FAZER": "CARTEIRA", "ER_REGIAO_CIDADE_min": "Itapeva_Itapeva_Sudoeste Paulista" }, "geometry": { "type": "Point", "coordinates": [ -48.881914, -23.9879211 ] } },
{ "type": "Feature", "properties": { "fid": 197939, "CNPJ": "49766573000110", "IDCIDADE": "ITAPEVA", "NOMEFANTASIA": "ESPLANADA_NUTRUCAO_ESPORTIVA", "RAZAOSOCIAL": "MARIANA_DE_COSTA_SUPLEMENTOS", "ENDEE": "RUA_ATILA_MARTINS_BONILHA58__JARDIM_MARINGA_18407-050", "LMAPS": "https://www.google.com/maps?q=&layer=c&cbll=-48.8920154,-23.9879263", "O_QUE_FAZER": "CARTEIRA", "ER_REGIAO_CIDADE_min": "Itapeva_Itapeva_Sudoeste Paulista" }, "geometry": { "type": "Point", "coordinates": [ -48.8920154, -23.9879263 ] } },
{ "type": "Feature", "properties": { "fid": 197940, "CNPJ": "17755643000148", "IDCIDADE": "ITAPEVA", "NOMEFANTASIA": "FERA", "RAZAOSOCIAL": "W.R._VEICULOS_MULTIMARCAS_ITAPEVA_LTDA", "ENDEE": "AVENIDA_DONA_PAULINA_DE_MORAIS1267__JARDIM_MARINGA_18407-110", "LMAPS": "https://www.google.com/maps?q=&layer=c&cbll=-48.8902777,-23.9879264", "O_QUE_FAZER": "CARTEIRA", "ER_REGIAO_CIDADE_min": "Itapeva_Itapeva_Sudoeste Paulista" }, "geometry": { "type": "Point", "coordinates": [ -48.8902777, -23.9879264 ] } },
{ "type": "Feature", "properties": { "fid": 197945, "CNPJ": "29656447000103", "IDCIDADE": "ITAPEVA", "NOMEFANTASIA": "DONA_EMA_SALGADOS", "RAZAOSOCIAL": "NATALIA_GELIN_DE_OLIVEIRA", "ENDEE": "RUA_SANTOS_DUMONT325__CENTRO_18400-030", "LMAPS": "https://www.google.com/maps?q=&layer=c&cbll=-48.8760995,-23.9879501", "O_QUE_FAZER": "CARTEIRA", "ER_REGIAO_CIDADE_min": "Itapeva_Itapeva_Sudoeste Paulista" }, "geometry": { "type": "Point", "coordinates": [ -48.8760995, -23.9879501 ] } },
{ "type": "Feature", "properties": { "fid": 197946, "CNPJ": "43132602000105", "IDCIDADE": "ITAPEVA", "NOMEFANTASIA": "PETROSEVEN", "RAZAOSOCIAL": "PETROSEVEN_MECANICA_AUTOMOTIVA._ANFY_LTDA", "ENDEE": "AVENIDA_HIGINO_MARQUES690__JARDIM_MARINGA_18407-120", "LMAPS": "https://www.google.com/maps?q=&layer=c&cbll=-48.8866732,-23.987951", "O_QUE_FAZER": "CARTEIRA", "ER_REGIAO_CIDADE_min": "Itapeva_Itapeva_Sudoeste Paulista" }, "geometry": { "type": "Point", "coordinates": [ -48.8866732, -23.987951 ] } },
{ "type": "Feature", "properties": { "fid": 197947, "CNPJ": "10192724000138", "IDCIDADE": "ITAPEVA", "NOMEFANTASIA": "FACILIMP", "RAZAOSOCIAL": "FACILIMP_COMERCIAL_E_SERVICOS_LTDA", "ENDEE": "RUA_SANTOS_DUMONT240__CENTRO_18400-030", "LMAPS": "https://www.google.com/maps?q=&layer=c&cbll=-48.8751715,-23.9879513", "O_QUE_FAZER": "CARTEIRA", "ER_REGIAO_CIDADE_min": "Itapeva_Itapeva_Sudoeste Paulista" }, "geometry": { "type": "Point", "coordinates": [ -48.8751715, -23.9879513 ] } },
{ "type": "Feature", "properties": { "fid": 197948, "CNPJ": "35428147000161", "IDCIDADE": "ITAPEVA", "NOMEFANTASIA": "DELSSIS_AUTO_PECAS", "RAZAOSOCIAL": "DELSSIS_PECAS_E_SERVICOS_LTDA", "ENDEE": "AVENIDA_DONA_PAULINA_DE_MORAIS1270__JARDIM_MARINGA_18407-110", "LMAPS": "https://www.google.com/maps?q=&layer=c&cbll=-48.8907587,-23.9879588", "O_QUE_FAZER": "CARTEIRA", "ER_REGIAO_CIDADE_min": "Itapeva_Itapeva_Sudoeste Paulista" }, "geometry": { "type": "Point", "coordinates": [ -48.8907587, -23.9879588 ] } },
{ "type": "Feature", "properties": { "fid": 197951, "CNPJ": "52417367000109", "IDCIDADE": "ITAPEVA", "NOMEFANTASIA": "ESPLANADA", "RAZAOSOCIAL": "AUTO_POSTO_ESPLANADA_DE_ITAPEVA_LTDA", "ENDEE": "RUA_CORONEL_MONTEIRO62__JARDIM_MARINGA_18407-010", "LMAPS": "https://www.google.com/maps?q=&layer=c&cbll=-48.8926433,-23.9879627", "O_QUE_FAZER": "CARTEIRA", "ER_REGIAO_CIDADE_min": "Itapeva_Itapeva_Sudoeste Paulista" }, "geometry": { "type": "Point", "coordinates": [ -48.8926433, -23.9879627 ] } },
{ "type": "Feature", "properties": { "fid": 197952, "CNPJ": "13796239000161", "IDCIDADE": "ITAPEVA", "NOMEFANTASIA": "ARTSEG", "RAZAOSOCIAL": "FERNANDO_CESAR_DOMINGUES", "ENDEE": "PRACA_DOM_SILVIO_MARIA_DARIO144__CENTRO_18400-004", "LMAPS": "https://www.google.com/maps?q=&layer=c&cbll=-48.8801488,-23.9879703", "O_QUE_FAZER": "CARTEIRA", "ER_REGIAO_CIDADE_min": "Itapeva_Itapeva_Sudoeste Paulista" }, "geometry": { "type": "Point", "coordinates": [ -48.8801488, -23.9879703 ] } },
{ "type": "Feature", "properties": { "fid": 197954, "CNPJ": "10343313000104", "IDCIDADE": "ITAPEVA", "NOMEFANTASIA": "HCMO_CLINICA", "RAZAOSOCIAL": "CLINICA_MEDICA_E_ODONTOLOGICA_HAIDAR_LTDA", "ENDEE": "RUA_SANTOS_DUMONT295__CENTRO_18400-030", "LMAPS": "https://www.google.com/maps?q=&layer=c&cbll=-48.8757802,-23.9879774", "O_QUE_FAZER": "CARTEIRA", "ER_REGIAO_CIDADE_min": "Itapeva_Itapeva_Sudoeste Paulista" }, "geometry": { "type": "Point", "coordinates": [ -48.8757802, -23.9879774 ] } },
{ "type": "Feature", "properties": { "fid": 197956, "CNPJ": "31726948000152", "IDCIDADE": "ITAPEVA", "NOMEFANTASIA": "MEDCENTER", "RAZAOSOCIAL": "MILLEO_SERVICOS_MEDICOS_S/S_LTDA", "ENDEE": "RUA_MARIO_PRANDINI830__CENTRO_18400-170", "LMAPS": "https://www.google.com/maps?q=&layer=c&cbll=-48.877543,-23.9880097", "O_QUE_FAZER": "CARTEIRA", "ER_REGIAO_CIDADE_min": "Itapeva_Itapeva_Sudoeste Paulista" }, "geometry": { "type": "Point", "coordinates": [ -48.877543, -23.9880097 ] } },
{ "type": "Feature", "properties": { "fid": 197957, "CNPJ": "01070736000107", "IDCIDADE": "ITAPEVA", "NOMEFANTASIA": "CEDISP_CENTRO_DE_DIAGNOSTICO", "RAZAOSOCIAL": "CENTRO_DIAGNOSTICO_SUL_PAULISTA_LTDA", "ENDEE": "RUA_TEOFILO_DAVID_MUZEL593__VILA_OPHELIA_18400-816", "LMAPS": "https://www.google.com/maps?q=&layer=c&cbll=-48.8829208,-23.9880273", "O_QUE_FAZER": "CARTEIRA", "ER_REGIAO_CIDADE_min": "Itapeva_Itapeva_Sudoeste Paulista" }, "geometry": { "type": "Point", "coordinates": [ -48.8829208, -23.9880273 ] } },
{ "type": "Feature", "properties": { "fid": 197960, "CNPJ": "05256849000578", "IDCIDADE": "ITAPEVA", "NOMEFANTASIA": "OTICA_PRECISAO_O", "RAZAOSOCIAL": "FABRICIO_COSTA_CAMARGO_APIAI", "ENDEE": "AVENIDA_DONA_PAULINA_DE_MORAIS1314__JARDIM_MARINGA_18407-110", "LMAPS": "https://www.google.com/maps?q=&layer=c&cbll=-48.891044,-23.9880355", "O_QUE_FAZER": "CARTEIRA", "ER_REGIAO_CIDADE_min": "Itapeva_Itapeva_Sudoeste Paulista" }, "geometry": { "type": "Point", "coordinates": [ -48.891044, -23.9880355 ] } },
{ "type": "Feature", "properties": { "fid": 197961, "CNPJ": "32836250000152", "IDCIDADE": "ITAPEVA", "NOMEFANTASIA": "STUDIO_RK_FITNESS", "RAZAOSOCIAL": "STUDIO_RK_FITNESS_ITAPEVA_LTDA.", "ENDEE": "AVENIDA_HIGINO_MARQUES137__JARDIM_MARINGA_18407-120", "LMAPS": "https://www.google.com/maps?q=&layer=c&cbll=-48.8816967,-23.9880367", "O_QUE_FAZER": "CARTEIRA", "ER_REGIAO_CIDADE_min": "Itapeva_Itapeva_Sudoeste Paulista" }, "geometry": { "type": "Point", "coordinates": [ -48.8816967, -23.9880367 ] } },
{ "type": "Feature", "properties": { "fid": 197962, "CNPJ": "36346852000182", "IDCIDADE": "ITAPEVA", "NOMEFANTASIA": "NOVA_ERA_AUTOS", "RAZAOSOCIAL": "DIMAS_HORTIFRUTIGRANJEIROS_ITAPEVA_LTDA", "ENDEE": "AVENIDA_HIGINO_MARQUES1875__JARDIM_MARINGA_18407-120", "LMAPS": "https://www.google.com/maps?q=&layer=c&cbll=-48.895155,-23.988045", "O_QUE_FAZER": "CARTEIRA", "ER_REGIAO_CIDADE_min": "Itapeva_Itapeva_Sudoeste Paulista" }, "geometry": { "type": "Point", "coordinates": [ -48.895155, -23.988045 ] } },
{ "type": "Feature", "properties": { "fid": 197963, "CNPJ": "48977627000123", "IDCIDADE": "ITAPEVA", "NOMEFANTASIA": "MEDCLIN", "RAZAOSOCIAL": "BRUNA_ESTEVINHO_SERVICOS_MEDICOS_SOCIEDADE_UNIPESSOAL_LTDA", "ENDEE": "RUA_SANTOS_DUMONT289__CENTRO_18400-030", "LMAPS": "https://www.google.com/maps?q=&layer=c&cbll=-48.8757391,-23.9880804", "O_QUE_FAZER": "CARTEIRA", "ER_REGIAO_CIDADE_min": "Itapeva_Itapeva_Sudoeste Paulista" }, "geometry": { "type": "Point", "coordinates": [ -48.8757391, -23.9880804 ] } },
{ "type": "Feature", "properties": { "fid": 197964, "CNPJ": "08520291000150", "IDCIDADE": "ITAPEVA", "NOMEFANTASIA": "STUDIO_LOPES", "RAZAOSOCIAL": "LEANDRO_LOPES_SUARDI_CAMPOS", "ENDEE": "AVENIDA_HIGINO_MARQUES174__JARDIM_MARINGA_18407-120", "LMAPS": "https://www.google.com/maps?q=&layer=c&cbll=-48.8819908,-23.9881006", "O_QUE_FAZER": "CARTEIRA", "ER_REGIAO_CIDADE_min": "Itapeva_Itapeva_Sudoeste Paulista" }, "geometry": { "type": "Point", "coordinates": [ -48.8819908, -23.9881006 ] } },
{ "type": "Feature", "properties": { "fid": 197965, "CNPJ": "74383670000170", "IDCIDADE": "ITAPEVA", "NOMEFANTASIA": "CHURRASCARIA_ESPLANADA", "RAZAOSOCIAL": "RESTAURANTE_E_LANCHONETE_ESPLANADA_LTDA", "ENDEE": "AVENIDA_DONA_PAULINA_DE_MORAIS1420__JARDIM_MARINGA_18407-110", "LMAPS": "https://www.google.com/maps?q=&layer=c&cbll=-48.8920953,-23.9881017", "O_QUE_FAZER": "CARTEIRA", "ER_REGIAO_CIDADE_min": "Itapeva_Itapeva_Sudoeste Paulista" }, "geometry": { "type": "Point", "coordinates": [ -48.8920953, -23.9881017 ] } },
{ "type": "Feature", "properties": { "fid": 197966, "CNPJ": "46987721000138", "IDCIDADE": "ITAPEVA", "NOMEFANTASIA": "CHEVROCAR", "RAZAOSOCIAL": "CHEVROCAR_AUTO_CENTER_LTDA", "ENDEE": "AVENIDA_DONA_PAULINA_DE_MORAIS1191__JARDIM_MARINGA_18407-110", "LMAPS": "https://www.google.com/maps?q=&layer=c&cbll=-48.8901355,-23.988104", "O_QUE_FAZER": "CARTEIRA", "ER_REGIAO_CIDADE_min": "Itapeva_Itapeva_Sudoeste Paulista" }, "geometry": { "type": "Point", "coordinates": [ -48.8901355, -23.988104 ] } },
{ "type": "Feature", "properties": { "fid": 197967, "CNPJ": "62400205000111", "IDCIDADE": "ITAPEVA", "NOMEFANTASIA": "FEIRINHA_HORTIFRUTTI", "RAZAOSOCIAL": "FEIRINHA_COMERCIO_DE_FRUTA_LEGUMES_E_VERDURAS_LTDA", "ENDEE": "AVENIDA_DONA_PAULINA_DE_MORAIS1330__JARDIM_MARINGA_18407-110", "LMAPS": "https://www.google.com/maps?q=&layer=c&cbll=-48.8912705,-23.9881055", "O_QUE_FAZER": "CARTEIRA", "ER_REGIAO_CIDADE_min": "Itapeva_Itapeva_Sudoeste Paulista" }, "geometry": { "type": "Point", "coordinates": [ -48.8912705, -23.9881055 ] } },
{ "type": "Feature", "properties": { "fid": 197968, "CNPJ": "06946822000146", "IDCIDADE": "ITAPEVA", "NOMEFANTASIA": "TAPECARIA_ADALTO", "RAZAOSOCIAL": "M.E._MELCHIOR_DE_CARVALHO", "ENDEE": "AVENIDA_HIGINO_MARQUES709__JARDIM_MARINGA_18407-120", "LMAPS": "https://www.google.com/maps?q=&layer=c&cbll=-48.88693,-23.9881083", "O_QUE_FAZER": "CARTEIRA", "ER_REGIAO_CIDADE_min": "Itapeva_Itapeva_Sudoeste Paulista" }, "geometry": { "type": "Point", "coordinates": [ -48.88693, -23.9881083 ] } },
{ "type": "Feature", "properties": { "fid": 197970, "CNPJ": "06297259000122", "IDCIDADE": "ITAPEVA", "NOMEFANTASIA": "IAVE_INSTITUTO_DE_AUDICAO_E_VOZ", "RAZAOSOCIAL": "EDVANIA_RODRIGUES_DOS_SANTOS", "ENDEE": "RUA_MARIO_PRANDINI850__CENTRO_18400-170", "LMAPS": "https://www.google.com/maps?q=&layer=c&cbll=-48.8776887,-23.9881158", "O_QUE_FAZER": "CARTEIRA", "ER_REGIAO_CIDADE_min": "Itapeva_Itapeva_Sudoeste Paulista" }, "geometry": { "type": "Point", "coordinates": [ -48.8776887, -23.9881158 ] } },
{ "type": "Feature", "properties": { "fid": 197972, "CNPJ": "33062699000173", "IDCIDADE": "ITAPEVA", "NOMEFANTASIA": "LEO_MOTOS", "RAZAOSOCIAL": "LEONARDO_BARROS_GAUDENZI", "ENDEE": "AVENIDA_RICARDO_CAMPOLIM_DE_ALMEIDA_NETO131__CENTRAL_PARK_18406-050", "LMAPS": "https://www.google.com/maps?q=&layer=c&cbll=-48.8854035,-23.9881538", "O_QUE_FAZER": "CARTEIRA", "ER_REGIAO_CIDADE_min": "Itapeva_Itapeva_Sudoeste Paulista" }, "geometry": { "type": "Point", "coordinates": [ -48.8854035, -23.9881538 ] } },
{ "type": "Feature", "properties": { "fid": 197974, "CNPJ": "35313155000162", "IDCIDADE": "ITAPEVA", "NOMEFANTASIA": "VIVA_ODONTOLOGIA", "RAZAOSOCIAL": "CONSULTORIO_ODONTOLOGICO_ANNAODONTOFIX_LTDA", "ENDEE": "RUA_MARIO_PRANDINI858__CENTRO_18400-170", "LMAPS": "https://www.google.com/maps?q=&layer=c&cbll=-48.8775878,-23.9882109", "O_QUE_FAZER": "CARTEIRA", "ER_REGIAO_CIDADE_min": "Itapeva_Itapeva_Sudoeste Paulista" }, "geometry": { "type": "Point", "coordinates": [ -48.8775878, -23.9882109 ] } },
{ "type": "Feature", "properties": { "fid": 197975, "CNPJ": "10189194000179", "IDCIDADE": "ITAPEVA", "NOMEFANTASIA": "CLINICA_ZULUANI", "RAZAOSOCIAL": "ZULIANI_SERVICOS_MEDICOS_LTDA", "ENDEE": "RUA_FLAUZINO_ANTUNES231__CENTRO_18400-220", "LMAPS": "https://www.google.com/maps?q=&layer=c&cbll=-48.8783451,-23.9882333", "O_QUE_FAZER": "CARTEIRA", "ER_REGIAO_CIDADE_min": "Itapeva_Itapeva_Sudoeste Paulista" }, "geometry": { "type": "Point", "coordinates": [ -48.8783451, -23.9882333 ] } },
{ "type": "Feature", "properties": { "fid": 197977, "CNPJ": "24525089000178", "IDCIDADE": "ITAPEVA", "NOMEFANTASIA": "NAGHOL_ENGENHARIA", "RAZAOSOCIAL": "NAGHOL_ENGENHARIA_LTDA", "ENDEE": "RUA_FLAUZINO_ANTUNES188__CENTRO_18400-220", "LMAPS": "https://www.google.com/maps?q=&layer=c&cbll=-48.8786493,-23.9882959", "O_QUE_FAZER": "CARTEIRA", "ER_REGIAO_CIDADE_min": "Itapeva_Itapeva_Sudoeste Paulista" }, "geometry": { "type": "Point", "coordinates": [ -48.8786493, -23.9882959 ] } },
{ "type": "Feature", "properties": { "fid": 197978, "CNPJ": "14239566000185", "IDCIDADE": "ITAPEVA", "NOMEFANTASIA": "ITALUZ", "RAZAOSOCIAL": "ITALUZ_-_COMERCIO_DE_MATERIAIS_ELETRICOS_LTDA", "ENDEE": "AVENIDA_ROBERTO_GEMIGNANI198__CENTRAL_PARK_18406-000", "LMAPS": "https://www.google.com/maps?q=&layer=c&cbll=-48.8837146,-23.9882997", "O_QUE_FAZER": "CARTEIRA", "ER_REGIAO_CIDADE_min": "Itapeva_Itapeva_Sudoeste Paulista" }, "geometry": { "type": "Point", "coordinates": [ -48.8837146, -23.9882997 ] } },
{ "type": "Feature", "properties": { "fid": 197980, "CNPJ": "09311579000188", "IDCIDADE": "ITAPEVA", "NOMEFANTASIA": "PAPE.ARIA_MACEDO", "RAZAOSOCIAL": "PAPELARIA_IRMAOS_MACEDO_LTDA", "ENDEE": "AVENIDA_DONA_PAULINA_DE_MORAIS1355__JARDIM_MARINGA_18407-110", "LMAPS": "https://www.google.com/maps?q=&layer=c&cbll=-48.8914343,-23.9883243", "O_QUE_FAZER": "CARTEIRA", "ER_REGIAO_CIDADE_min": "Itapeva_Itapeva_Sudoeste Paulista" }, "geometry": { "type": "Point", "coordinates": [ -48.8914343, -23.9883243 ] } },
{ "type": "Feature", "properties": { "fid": 197981, "CNPJ": "36230301000159", "IDCIDADE": "ITAPEVA", "NOMEFANTASIA": "AUTO_CAR_MULTIMARCAS", "RAZAOSOCIAL": "AUTO_CAR_VEICULOS_MULTIMARCAS_LTDA", "ENDEE": "AVENIDA_HIGINO_MARQUES663__JARDIM_MARINGA_18407-120", "LMAPS": "https://www.google.com/maps?q=&layer=c&cbll=-48.8865967,-23.9883399", "O_QUE_FAZER": "CARTEIRA", "ER_REGIAO_CIDADE_min": "Itapeva_Itapeva_Sudoeste Paulista" }, "geometry": { "type": "Point", "coordinates": [ -48.8865967, -23.9883399 ] } },
{ "type": "Feature", "properties": { "fid": 197983, "CNPJ": "27620834000156", "IDCIDADE": "ITAPEVA", "NOMEFANTASIA": "ARMAZEM_ESPLANADA", "RAZAOSOCIAL": "FABIO_FELIPPE_ALMEIDA", "ENDEE": "AVENIDA_DONA_PAULINA_DE_MORAIS1415__JARDIM_MARINGA_18400-818", "LMAPS": "https://www.google.com/maps?q=&layer=c&cbll=-48.8921765,-23.9883678", "O_QUE_FAZER": "CARTEIRA", "ER_REGIAO_CIDADE_min": "Itapeva_Itapeva_Sudoeste Paulista" }, "geometry": { "type": "Point", "coordinates": [ -48.8921765, -23.9883678 ] } },
{ "type": "Feature", "properties": { "fid": 197984, "CNPJ": "57897464000836", "IDCIDADE": "ITAPEVA", "NOMEFANTASIA": "FAZ_FARMA_JD._MARINGA", "RAZAOSOCIAL": "VITAL_FARMA_ITAPEVA_LTDA.", "ENDEE": "AVENIDA_DONA_PAULINA_DE_MORAIS1381__JARDIM_MARINGA_18400-818", "LMAPS": "https://www.google.com/maps?q=&layer=c&cbll=-48.8916364,-23.9883846", "O_QUE_FAZER": "CARTEIRA", "ER_REGIAO_CIDADE_min": "Itapeva_Itapeva_Sudoeste Paulista" }, "geometry": { "type": "Point", "coordinates": [ -48.8916364, -23.9883846 ] } },
{ "type": "Feature", "properties": { "fid": 197985, "CNPJ": "18345848000118", "IDCIDADE": "ITAPEVA", "NOMEFANTASIA": "PONTO_DAESFIRRA", "RAZAOSOCIAL": "ELIVAGNO_SANTOS_DA_SILVA", "ENDEE": "AVENIDA_DONA_PAULINA_DE_MORAIS1347__JARDIM_MARINGA_18407-110", "LMAPS": "https://www.google.com/maps?q=&layer=c&cbll=-48.891341,-23.9883939", "O_QUE_FAZER": "CARTEIRA", "ER_REGIAO_CIDADE_min": "Itapeva_Itapeva_Sudoeste Paulista" }, "geometry": { "type": "Point", "coordinates": [ -48.891341, -23.9883939 ] } },
{ "type": "Feature", "properties": { "fid": 197986, "CNPJ": "10299680000140", "IDCIDADE": "ITAPEVA", "NOMEFANTASIA": "PADARIA_CASTELAO", "RAZAOSOCIAL": "JOELI_A._DE_M._SEHNEM_&_CIA_LTDA", "ENDEE": "RUA_ALEXANDRINO_DE_MORAES120__JARDIM_MARINGA_18407-130", "LMAPS": "https://www.google.com/maps?q=&layer=c&cbll=-48.8926744,-23.9883951", "O_QUE_FAZER": "CARTEIRA", "ER_REGIAO_CIDADE_min": "Itapeva_Itapeva_Sudoeste Paulista" }, "geometry": { "type": "Point", "coordinates": [ -48.8926744, -23.9883951 ] } },
{ "type": "Feature", "properties": { "fid": 197988, "CNPJ": "32616623000180", "IDCIDADE": "ITAPEVA", "NOMEFANTASIA": "MINEGRAN", "RAZAOSOCIAL": "JOHNSON_DENY_FARIA_ESPEDITO", "ENDEE": "AVENIDA_HIGINO_MARQUES1738__JARDIM_MARINGA_18407-120", "LMAPS": "https://www.google.com/maps?q=&layer=c&cbll=-48.896415,-23.9884033", "O_QUE_FAZER": "CARTEIRA", "ER_REGIAO_CIDADE_min": "Itapeva_Itapeva_Sudoeste Paulista" }, "geometry": { "type": "Point", "coordinates": [ -48.896415, -23.9884033 ] } },
{ "type": "Feature", "properties": { "fid": 197989, "CNPJ": "03917935000125", "IDCIDADE": "ITAPEVA", "NOMEFANTASIA": "MULTITEC_COPIADORAS", "RAZAOSOCIAL": "BALDIM_ASSISTENCIA_TECNICA_LTDA", "ENDEE": "RUA_CAMPOS_SALES270__CENTRO_18400-190", "LMAPS": "https://www.google.com/maps?q=&layer=c&cbll=-48.878277,-23.9884229", "O_QUE_FAZER": "CARTEIRA", "ER_REGIAO_CIDADE_min": "Itapeva_Itapeva_Sudoeste Paulista" }, "geometry": { "type": "Point", "coordinates": [ -48.878277, -23.9884229 ] } },
{ "type": "Feature", "properties": { "fid": 197990, "CNPJ": "48017721000130", "IDCIDADE": "ITAPEVA", "NOMEFANTASIA": "LAVA_RAPIDO_SPEED_WASH", "RAZAOSOCIAL": "SPEED_WASH_ESTETICA_AUTOMOTIVA_LTDA", "ENDEE": "AVENIDA_HIGINO_MARQUES414__JARDIM_MARINGA_18407-120", "LMAPS": "https://www.google.com/maps?q=&layer=c&cbll=-48.8842698,-23.9884237", "O_QUE_FAZER": "CARTEIRA", "ER_REGIAO_CIDADE_min": "Itapeva_Itapeva_Sudoeste Paulista" }, "geometry": { "type": "Point", "coordinates": [ -48.8842698, -23.9884237 ] } },
{ "type": "Feature", "properties": { "fid": 197994, "CNPJ": "65643819000112", "IDCIDADE": "ITAPEVA", "NOMEFANTASIA": "BORRACHARIA_ESPLANADA", "RAZAOSOCIAL": "LUIS_EUGENIO_ITAPEVA", "ENDEE": "AVENIDA_DONA_PAULINA_DE_MORAIS1419__JARDIM_MARINGA_18407-110", "LMAPS": "https://www.google.com/maps?q=&layer=c&cbll=-48.8923602,-23.9884583", "O_QUE_FAZER": "CARTEIRA", "ER_REGIAO_CIDADE_min": "Itapeva_Itapeva_Sudoeste Paulista" }, "geometry": { "type": "Point", "coordinates": [ -48.8923602, -23.9884583 ] } },
{ "type": "Feature", "properties": { "fid": 197995, "CNPJ": "27106149000106", "IDCIDADE": "ITAPEVA", "NOMEFANTASIA": "CASA_DE_CARNE_II_IRMAOS", "RAZAOSOCIAL": "CASA_DE_CARNES_II_IRMAOS_ITAPEVA_LTDA", "ENDEE": "RUA_ALEXANDRINO_DE_MORAES130__JARDIM_MARINGA_18407-130", "LMAPS": "https://www.google.com/maps?q=&layer=c&cbll=-48.8928141,-23.9884783", "O_QUE_FAZER": "CARTEIRA", "ER_REGIAO_CIDADE_min": "Itapeva_Itapeva_Sudoeste Paulista" }, "geometry": { "type": "Point", "coordinates": [ -48.8928141, -23.9884783 ] } },
{ "type": "Feature", "properties": { "fid": 197997, "CNPJ": "03488523000117", "IDCIDADE": "ITAPEVA", "NOMEFANTASIA": "FARIA_VEICULOS", "RAZAOSOCIAL": "FABRICIO_VEICULOS_LTDA", "ENDEE": "AVENIDA_HIGINO_MARQUES603__JARDIM_MARINGA_18407-120", "LMAPS": "https://www.google.com/maps?q=&layer=c&cbll=-48.8860156,-23.988483", "O_QUE_FAZER": "CARTEIRA", "ER_REGIAO_CIDADE_min": "Itapeva_Itapeva_Sudoeste Paulista" }, "geometry": { "type": "Point", "coordinates": [ -48.8860156, -23.988483 ] } },
{ "type": "Feature", "properties": { "fid": 197998, "CNPJ": "21483146000105", "IDCIDADE": "ITAPEVA", "NOMEFANTASIA": "MAX_AUTO_SHOP", "RAZAOSOCIAL": "MAX_AUTOSHOP_LTDA", "ENDEE": "RUA_TEOFILO_DAVID_MUZEL649__VILA_OPHELIA_18400-816", "LMAPS": "https://www.google.com/maps?q=&layer=c&cbll=-48.8833568,-23.9884895", "O_QUE_FAZER": "CARTEIRA", "ER_REGIAO_CIDADE_min": "Itapeva_Itapeva_Sudoeste Paulista" }, "geometry": { "type": "Point", "coordinates": [ -48.8833568, -23.9884895 ] } },
{ "type": "Feature", "properties": { "fid": 197999, "CNPJ": "10619299000110", "IDCIDADE": "ITAPEVA", "NOMEFANTASIA": "ZIBZAG", "RAZAOSOCIAL": "ZIG_-_ZAG_-_COMERCIO_DE_ARTIGOS_DO_VESTUARIO_LTDA", "ENDEE": "RUA_ALEXANDRINO_DE_MORAES164__JARDIM_MARINGA_18407-130", "LMAPS": "https://www.google.com/maps?q=&layer=c&cbll=-48.8930724,-23.9885059", "O_QUE_FAZER": "CARTEIRA", "ER_REGIAO_CIDADE_min": "Itapeva_Itapeva_Sudoeste Paulista" }, "geometry": { "type": "Point", "coordinates": [ -48.8930724, -23.9885059 ] } },
{ "type": "Feature", "properties": { "fid": 198001, "CNPJ": "05561315000121", "IDCIDADE": "ITAPEVA", "NOMEFANTASIA": "BOI_GORDO", "RAZAOSOCIAL": "NIVALDO_DE_CAMARGO_MELO_ACOUGUE", "ENDEE": "RUA_ALEXANDRINO_DE_MORAES192__JARDIM_MARINGA_18407-130", "LMAPS": "https://www.google.com/maps?q=&layer=c&cbll=-48.8934705,-23.988536", "O_QUE_FAZER": "CARTEIRA", "ER_REGIAO_CIDADE_min": "Itapeva_Itapeva_Sudoeste Paulista" }, "geometry": { "type": "Point", "coordinates": [ -48.8934705, -23.988536 ] } },
{ "type": "Feature", "properties": { "fid": 198004, "CNPJ": "45187045000155", "IDCIDADE": "ITAPEVA", "NOMEFANTASIA": "MARQUINHO_PECAS_E_SERVICO", "RAZAOSOCIAL": "MARQUINHO_PECAS_E_SERVICOS_LTDA", "ENDEE": "RUA_ATILA_MARTINS_BONILHA133__JARDIM_MARINGA_18407-050", "LMAPS": "https://www.google.com/maps?q=&layer=c&cbll=-48.8917373,-23.9885759", "O_QUE_FAZER": "CARTEIRA", "ER_REGIAO_CIDADE_min": "Itapeva_Itapeva_Sudoeste Paulista" }, "geometry": { "type": "Point", "coordinates": [ -48.8917373, -23.9885759 ] } },
{ "type": "Feature", "properties": { "fid": 198005, "CNPJ": "32200845000117", "IDCIDADE": "ITAPEVA", "NOMEFANTASIA": "RESTAURANTE_SAYMON", "RAZAOSOCIAL": "ADRIANO_DOMINGUES", "ENDEE": "AVENIDA_HIGINO_MARQUES488__JARDIM_MARINGA_18407-120", "LMAPS": "https://www.google.com/maps?q=&layer=c&cbll=-48.88489,-23.9886083", "O_QUE_FAZER": "CARTEIRA", "ER_REGIAO_CIDADE_min": "Itapeva_Itapeva_Sudoeste Paulista" }, "geometry": { "type": "Point", "coordinates": [ -48.88489, -23.9886083 ] } },
{ "type": "Feature", "properties": { "fid": 198012, "CNPJ": "47396020000197", "IDCIDADE": "ITAPEVA", "NOMEFANTASIA": "FF_CARNES", "RAZAOSOCIAL": "LUIZ_CLAUDIO_MATOS", "ENDEE": "RUA_ALEXANDRINO_DE_MORAES268__JARDIM_MARINGA_18407-130", "LMAPS": "https://www.google.com/maps?q=&layer=c&cbll=-48.8941794,-23.988668", "O_QUE_FAZER": "CARTEIRA", "ER_REGIAO_CIDADE_min": "Itapeva_Itapeva_Sudoeste Paulista" }, "geometry": { "type": "Point", "coordinates": [ -48.8941794, -23.988668 ] } },
{ "type": "Feature", "properties": { "fid": 198013, "CNPJ": "13604808000120", "IDCIDADE": "ITAPEVA", "NOMEFANTASIA": "CLINICA_SENSES", "RAZAOSOCIAL": "MIRANDA_&_SADOCCO_LTDA", "ENDEE": "ALAMEDA_TOLEDO_RIBAS628__CENTRO_18400-060", "LMAPS": "https://www.google.com/maps?q=&layer=c&cbll=-48.8786567,-23.9886702", "O_QUE_FAZER": "CARTEIRA", "ER_REGIAO_CIDADE_min": "Itapeva_Itapeva_Sudoeste Paulista" }, "geometry": { "type": "Point", "coordinates": [ -48.8786567, -23.9886702 ] } },
{ "type": "Feature", "properties": { "fid": 198014, "CNPJ": "53175506000106", "IDCIDADE": "ITAPEVA", "NOMEFANTASIA": "QUITANDO_FRUTA_SOL", "RAZAOSOCIAL": "SACOLAO_G._R._I._LTDA", "ENDEE": "RUA_ALEXANDRINO_DE_MORAES278__JARDIM_MARINGA_18407-130", "LMAPS": "https://www.google.com/maps?q=&layer=c&cbll=-48.8942764,-23.9886732", "O_QUE_FAZER": "CARTEIRA", "ER_REGIAO_CIDADE_min": "Itapeva_Itapeva_Sudoeste Paulista" }, "geometry": { "type": "Point", "coordinates": [ -48.8942764, -23.9886732 ] } },
{ "type": "Feature", "properties": { "fid": 198015, "CNPJ": "40454716000183", "IDCIDADE": "ITAPEVA", "NOMEFANTASIA": "MINATEL_ODONTOLOGIA", "RAZAOSOCIAL": "MINATEL_ODONTOLOGIA_LTDA", "ENDEE": "AVENIDA_HIGINO_MARQUES252__JARDIM_MARINGA_18407-120", "LMAPS": "https://www.google.com/maps?q=&layer=c&cbll=-48.8826331,-23.9886786", "O_QUE_FAZER": "CARTEIRA", "ER_REGIAO_CIDADE_min": "Itapeva_Itapeva_Sudoeste Paulista" }, "geometry": { "type": "Point", "coordinates": [ -48.8826331, -23.9886786 ] } },
{ "type": "Feature", "properties": { "fid": 198017, "CNPJ": "60123908000114", "IDCIDADE": "ITAPEVA", "NOMEFANTASIA": "CORTRA_CENTRO_DE_ORTOPEDIA", "RAZAOSOCIAL": "CORTRA_CENTRO_DE_ORTOPEDIA_E_TRAUMATOLOGIA_LTDA", "ENDEE": "RUA_MARIO_PRANDINI906__CENTRO_18400-170", "LMAPS": "https://www.google.com/maps?q=&layer=c&cbll=-48.87755,-23.988681", "O_QUE_FAZER": "CARTEIRA", "ER_REGIAO_CIDADE_min": "Itapeva_Itapeva_Sudoeste Paulista" }, "geometry": { "type": "Point", "coordinates": [ -48.87755, -23.988681 ] } },
{ "type": "Feature", "properties": { "fid": 198019, "CNPJ": "64116676000128", "IDCIDADE": "ITAPEVA", "NOMEFANTASIA": "JORAMIL_BAR", "RAZAOSOCIAL": "JORAMIL_RODRIGUES_DE_ARAUJO", "ENDEE": "AVENIDA_HIGINO_MARQUES521__JARDIM_MARINGA_18407-120", "LMAPS": "https://www.google.com/maps?q=&layer=c&cbll=-48.8852557,-23.9887363", "O_QUE_FAZER": "CARTEIRA", "ER_REGIAO_CIDADE_min": "Itapeva_Itapeva_Sudoeste Paulista" }, "geometry": { "type": "Point", "coordinates": [ -48.8852557, -23.9887363 ] } },
{ "type": "Feature", "properties": { "fid": 198020, "CNPJ": "29421844000198", "IDCIDADE": "ITAPEVA", "NOMEFANTASIA": "TAYLA_VARIEDADE", "RAZAOSOCIAL": "TAYLA_SIQUEIRA_FERREIRA_BRITO", "ENDEE": "RUA_ALEXANDRINO_DE_MORAES219__JARDIM_MARINGA_18407-130", "LMAPS": "https://www.google.com/maps?q=&layer=c&cbll=-48.8936481,-23.988739", "O_QUE_FAZER": "CARTEIRA", "ER_REGIAO_CIDADE_min": "Itapeva_Itapeva_Sudoeste Paulista" }, "geometry": { "type": "Point", "coordinates": [ -48.8936481, -23.988739 ] } },
{ "type": "Feature", "properties": { "fid": 198021, "CNPJ": "96469689000258", "IDCIDADE": "ITAPEVA", "NOMEFANTASIA": "ACAI_VERAOVIVO", "RAZAOSOCIAL": "ACAI_VERAO_VIVO_LTDA", "ENDEE": "RUA_ALEXANDRINO_DE_MORAES171__JARDIM_MARINGA_18407-130", "LMAPS": "https://www.google.com/maps?q=&layer=c&cbll=-48.8931977,-23.9887428", "O_QUE_FAZER": "CARTEIRA", "ER_REGIAO_CIDADE_min": "Itapeva_Itapeva_Sudoeste Paulista" }, "geometry": { "type": "Point", "coordinates": [ -48.8931977, -23.9887428 ] } },
{ "type": "Feature", "properties": { "fid": 198025, "CNPJ": "33284984000139", "IDCIDADE": "ITAPEVA", "NOMEFANTASIA": "MEGA_ASSESSORIA_SEGURANCA_DO_TRABALHO", "RAZAOSOCIAL": "MEGA_ASSESSORIA_EM_MEDICINA_E_SEGURANCA_DO_TRABALHO_LTDA", "ENDEE": "RUA_MARIO_PRANDINI916__CENTRO_18400-170", "LMAPS": "https://www.google.com/maps?q=&layer=c&cbll=-48.8776188,-23.9887704", "O_QUE_FAZER": "CARTEIRA", "ER_REGIAO_CIDADE_min": "Itapeva_Itapeva_Sudoeste Paulista" }, "geometry": { "type": "Point", "coordinates": [ -48.8776188, -23.9887704 ] } },
{ "type": "Feature", "properties": { "fid": 198026, "CNPJ": "11091066000150", "IDCIDADE": "ITAPEVA", "NOMEFANTASIA": "ULTRAVET", "RAZAOSOCIAL": "ULTRAVET_MEDICINA_VETERINARIA_LTDA", "ENDEE": "AVENIDA_HIGINO_MARQUES239__JARDIM_MARINGA_18407-120", "LMAPS": "https://www.google.com/maps?q=&layer=c&cbll=-48.8823814,-23.9887766", "O_QUE_FAZER": "CARTEIRA", "ER_REGIAO_CIDADE_min": "Itapeva_Itapeva_Sudoeste Paulista" }, "geometry": { "type": "Point", "coordinates": [ -48.8823814, -23.9887766 ] } },
{ "type": "Feature", "properties": { "fid": 198027, "CNPJ": "21598128000179", "IDCIDADE": "ITAPEVA", "NOMEFANTASIA": "LANCHAO_E_CIA", "RAZAOSOCIAL": "MARIANA_M._MUZEL_LTDA", "ENDEE": "AVENIDA_HIGINO_MARQUES360__JARDIM_MARINGA_18407-120", "LMAPS": "https://www.google.com/maps?q=&layer=c&cbll=-48.8836149,-23.9887819", "O_QUE_FAZER": "CARTEIRA", "ER_REGIAO_CIDADE_min": "Itapeva_Itapeva_Sudoeste Paulista" }, "geometry": { "type": "Point", "coordinates": [ -48.8836149, -23.9887819 ] } },
{ "type": "Feature", "properties": { "fid": 198028, "CNPJ": "21951158000117", "IDCIDADE": "ITAPEVA", "NOMEFANTASIA": "DOM_ODONTOLOGIA", "RAZAOSOCIAL": "DOM_ODONTOLOGIA_LTDA", "ENDEE": "RUA_CAMPOS_SALES309__CENTRO_18400-190", "LMAPS": "https://www.google.com/maps?q=&layer=c&cbll=-48.8780737,-23.9888145", "O_QUE_FAZER": "CARTEIRA", "ER_REGIAO_CIDADE_min": "Itapeva_Itapeva_Sudoeste Paulista" }, "geometry": { "type": "Point", "coordinates": [ -48.8780737, -23.9888145 ] } },
{ "type": "Feature", "properties": { "fid": 198029, "CNPJ": "09489043000157", "IDCIDADE": "ITAPEVA", "NOMEFANTASIA": "MERCADO_FREITAS", "RAZAOSOCIAL": "EMANUEL_FELIPE_DAMIAO_DE_FREITAS", "ENDEE": "RUA_ALEXANDRINO_DE_MORAES314__JARDIM_MARINGA_18407-130", "LMAPS": "https://www.google.com/maps?q=&layer=c&cbll=-48.8946145,-23.9888264", "O_QUE_FAZER": "CARTEIRA", "ER_REGIAO_CIDADE_min": "Itapeva_Itapeva_Sudoeste Paulista" }, "geometry": { "type": "Point", "coordinates": [ -48.8946145, -23.9888264 ] } },
{ "type": "Feature", "properties": { "fid": 198030, "CNPJ": "17161281000167", "IDCIDADE": "ITAPEVA", "NOMEFANTASIA": "SPLASH_PSCINAS", "RAZAOSOCIAL": "MARIO_MADER_DE_MELLO_JUNIOR", "ENDEE": "AVENIDA_HIGINO_MARQUES251__JARDIM_MARINGA_18407-120", "LMAPS": "https://www.google.com/maps?q=&layer=c&cbll=-48.8824604,-23.9888471", "O_QUE_FAZER": "CARTEIRA", "ER_REGIAO_CIDADE_min": "Itapeva_Itapeva_Sudoeste Paulista" }, "geometry": { "type": "Point", "coordinates": [ -48.8824604, -23.9888471 ] } },
{ "type": "Feature", "properties": { "fid": 198032, "CNPJ": "20976461000292", "IDCIDADE": "ITAPEVA", "NOMEFANTASIA": "W_FARMA", "RAZAOSOCIAL": "WAGNER_OLIVEIRA_DA_SILVA_ITAPEVA", "ENDEE": "RUA_ALEXANDRINO_DE_MORAES322__JARDIM_MARINGA_18407-130", "LMAPS": "https://www.google.com/maps?q=&layer=c&cbll=-48.8946874,-23.9888628", "O_QUE_FAZER": "CARTEIRA", "ER_REGIAO_CIDADE_min": "Itapeva_Itapeva_Sudoeste Paulista" }, "geometry": { "type": "Point", "coordinates": [ -48.8946874, -23.9888628 ] } },
{ "type": "Feature", "properties": { "fid": 198033, "CNPJ": "24103575000106", "IDCIDADE": "ITAPEVA", "NOMEFANTASIA": "DIVEL_TINTAS", "RAZAOSOCIAL": "COMERCIO_DE_TINTAS_DIVEL_LTDA", "ENDEE": "RUA_ALEXANDRINO_DE_MORAES326__JARDIM_MARINGA_18407-130", "LMAPS": "https://www.google.com/maps?q=&layer=c&cbll=-48.8947502,-23.9888659", "O_QUE_FAZER": "CARTEIRA", "ER_REGIAO_CIDADE_min": "Itapeva_Itapeva_Sudoeste Paulista" }, "geometry": { "type": "Point", "coordinates": [ -48.8947502, -23.9888659 ] } },
{ "type": "Feature", "properties": { "fid": 198038, "CNPJ": "11314015000140", "IDCIDADE": "ITAPEVA", "NOMEFANTASIA": "A_DERROTA_ASSESSORIOS", "RAZAOSOCIAL": "GENTIL_PIRES_DE_MORAES", "ENDEE": "RUA_ALEXANDRINO_DE_MORAES339__JARDIM_MARINGA_18407-130", "LMAPS": "https://www.google.com/maps?q=&layer=c&cbll=-48.8946462,-23.9889239", "O_QUE_FAZER": "CARTEIRA", "ER_REGIAO_CIDADE_min": "Itapeva_Itapeva_Sudoeste Paulista" }, "geometry": { "type": "Point", "coordinates": [ -48.8946462, -23.9889239 ] } },
{ "type": "Feature", "properties": { "fid": 198039, "CNPJ": "06240807000269", "IDCIDADE": "ITAPEVA", "NOMEFANTASIA": "JOAO_INDIO_MOTO_SERRA", "RAZAOSOCIAL": "JOAO_DE_OLIVEIRA_MOTOSERRA", "ENDEE": "RUA_ALEXANDRINO_DE_MORAES360__JARDIM_MARINGA_18407-130", "LMAPS": "https://www.google.com/maps?q=&layer=c&cbll=-48.8950216,-23.9889288", "O_QUE_FAZER": "CARTEIRA", "ER_REGIAO_CIDADE_min": "Itapeva_Itapeva_Sudoeste Paulista" }, "geometry": { "type": "Point", "coordinates": [ -48.8950216, -23.9889288 ] } },
{ "type": "Feature", "properties": { "fid": 198040, "CNPJ": "45224004000191", "IDCIDADE": "ITAPEVA", "NOMEFANTASIA": "FRUTA_SOL", "RAZAOSOCIAL": "THIAGO_SANTOS_FERREIRA_LTDA.", "ENDEE": "RUA_CORONEL_MONTEIRO165__JARDIM_MARINGA_18407-010", "LMAPS": "https://www.google.com/maps?q=&layer=c&cbll=-48.8921945,-23.9889657", "O_QUE_FAZER": "CARTEIRA", "ER_REGIAO_CIDADE_min": "Itapeva_Itapeva_Sudoeste Paulista" }, "geometry": { "type": "Point", "coordinates": [ -48.8921945, -23.9889657 ] } },
{ "type": "Feature", "properties": { "fid": 198041, "CNPJ": "68860238000120", "IDCIDADE": "ITAPEVA", "NOMEFANTASIA": "BIOMAD", "RAZAOSOCIAL": "MAURI_COSTA_LTDA", "ENDEE": "AVENIDA_HIGINO_MARQUES279__JARDIM_MARINGA_18407-120", "LMAPS": "https://www.google.com/maps?q=&layer=c&cbll=-48.8827577,-23.9889726", "O_QUE_FAZER": "CARTEIRA", "ER_REGIAO_CIDADE_min": "Itapeva_Itapeva_Sudoeste Paulista" }, "geometry": { "type": "Point", "coordinates": [ -48.8827577, -23.9889726 ] } },
{ "type": "Feature", "properties": { "fid": 198042, "CNPJ": "45054487000123", "IDCIDADE": "ITAPEVA", "NOMEFANTASIA": "MARQUINHOS_PNEUS", "RAZAOSOCIAL": "MARQUINHOS_PNEUS_ITAPEVA_LTDA", "ENDEE": "RUA_ALEXANDRINO_DE_MORAES345__JARDIM_MARINGA_18407-130", "LMAPS": "https://www.google.com/maps?q=&layer=c&cbll=-48.8948795,-23.9889822", "O_QUE_FAZER": "CARTEIRA", "ER_REGIAO_CIDADE_min": "Itapeva_Itapeva_Sudoeste Paulista" }, "geometry": { "type": "Point", "coordinates": [ -48.8948795, -23.9889822 ] } },
{ "type": "Feature", "properties": { "fid": 198047, "CNPJ": "27634692000186", "IDCIDADE": "ITAPEVA", "NOMEFANTASIA": "RR_TINTAS", "RAZAOSOCIAL": "ROSILDA_CORREA", "ENDEE": "RUA_GASTAO_VIDIGAL78__JARDIM_MARINGA_18407-170", "LMAPS": "https://www.google.com/maps?q=&layer=c&cbll=-48.8955218,-23.9890226", "O_QUE_FAZER": "CARTEIRA", "ER_REGIAO_CIDADE_min": "Itapeva_Itapeva_Sudoeste Paulista" }, "geometry": { "type": "Point", "coordinates": [ -48.8955218, -23.9890226 ] } },
{ "type": "Feature", "properties": { "fid": 198049, "CNPJ": "45129045000107", "IDCIDADE": "ITAPEVA", "NOMEFANTASIA": "MAX_PLANEJADOS", "RAZAOSOCIAL": "F_&_M_DESIGN_LTDA", "ENDEE": "AVENIDA_HIGINO_MARQUES377__JARDIM_MARINGA_18407-120", "LMAPS": "https://www.google.com/maps?q=&layer=c&cbll=-48.8837648,-23.98907", "O_QUE_FAZER": "CARTEIRA", "ER_REGIAO_CIDADE_min": "Itapeva_Itapeva_Sudoeste Paulista" }, "geometry": { "type": "Point", "coordinates": [ -48.8837648, -23.98907 ] } },
{ "type": "Feature", "properties": { "fid": 198053, "CNPJ": "29868319000115", "IDCIDADE": "ITAPEVA", "NOMEFANTASIA": "ESQUINAO_CASA_DE_CARNES", "RAZAOSOCIAL": "ESKINAO_DA_CARNE_LTDA", "ENDEE": "AVENIDA_ROBERTO_GEMIGNANI290__CENTRAL_PARK_18406-000", "LMAPS": "https://www.google.com/maps?q=&layer=c&cbll=-48.8836198,-23.989129", "O_QUE_FAZER": "CARTEIRA", "ER_REGIAO_CIDADE_min": "Itapeva_Itapeva_Sudoeste Paulista" }, "geometry": { "type": "Point", "coordinates": [ -48.8836198, -23.989129 ] } },
{ "type": "Feature", "properties": { "fid": 198054, "CNPJ": "10548919000178", "IDCIDADE": "ITAPEVA", "NOMEFANTASIA": "LEILOANDO_PECAS", "RAZAOSOCIAL": "ROGERIO_CHRISCHNER_FIGUEIREDO", "ENDEE": "RUA_ALEXANDRINO_DE_MORAES510__JARDIM_MARINGA_18407-130", "LMAPS": "https://www.google.com/maps?q=&layer=c&cbll=-48.8962832,-23.9891381", "O_QUE_FAZER": "CARTEIRA", "ER_REGIAO_CIDADE_min": "Itapeva_Itapeva_Sudoeste Paulista" }, "geometry": { "type": "Point", "coordinates": [ -48.8962832, -23.9891381 ] } },
{ "type": "Feature", "properties": { "fid": 198061, "CNPJ": "26107752000220", "IDCIDADE": "ITAPEVA", "NOMEFANTASIA": "J._FERREIRA_CASA_DE_CARNES", "RAZAOSOCIAL": "J._FERREIRA_CASA_DE_CARNES_LTDA", "ENDEE": "RUA_BENJAMIN_CONSTANT151__JARDIM_FERRARI_18405-000", "LMAPS": "https://www.google.com/maps?q=&layer=c&cbll=-48.8766144,-23.9892571", "O_QUE_FAZER": "CARTEIRA", "ER_REGIAO_CIDADE_min": "Itapeva_Itapeva_Sudoeste Paulista" }, "geometry": { "type": "Point", "coordinates": [ -48.8766144, -23.9892571 ] } },
{ "type": "Feature", "properties": { "fid": 198065, "CNPJ": "44367514000406", "IDCIDADE": "ITAPEVA", "NOMEFANTASIA": "DEPOSITO_DET_INTAS", "RAZAOSOCIAL": "DEPOSITO_DE_TINTAS_AVARE_LTDA", "ENDEE": "RUA_ALEXANDRINO_DE_MORAES572__JARDIM_MARINGA_18407-130", "LMAPS": "https://www.google.com/maps?q=&layer=c&cbll=-48.8966498,-23.9893098", "O_QUE_FAZER": "CARTEIRA", "ER_REGIAO_CIDADE_min": "Itapeva_Itapeva_Sudoeste Paulista" }, "geometry": { "type": "Point", "coordinates": [ -48.8966498, -23.9893098 ] } },
{ "type": "Feature", "properties": { "fid": 198078, "CNPJ": "05098247000106", "IDCIDADE": "ITAPEVA", "NOMEFANTASIA": "SUL_ENGENHARIA", "RAZAOSOCIAL": "SUL_ENGENHARIA_ELETRICA_E_INDUSTRIA_DE_POSTES_LTDA", "ENDEE": "RUA_ALEXANDRINO_DE_MORAES589__JARDIM_MARINGA_18407-130", "LMAPS": "https://www.google.com/maps?q=&layer=c&cbll=-48.8971034,-23.9894731", "O_QUE_FAZER": "CARTEIRA", "ER_REGIAO_CIDADE_min": "Itapeva_Itapeva_Sudoeste Paulista" }, "geometry": { "type": "Point", "coordinates": [ -48.8971034, -23.9894731 ] } },
{ "type": "Feature", "properties": { "fid": 198084, "CNPJ": "38079586000102", "IDCIDADE": "ITAPEVA", "NOMEFANTASIA": "CASA_DO_CONSTRUTOR", "RAZAOSOCIAL": "DGS_ITAPEVA_ALUGUEL_DE_EQUIPAMENTOS_LTDA", "ENDEE": "AVENIDA_HIGINO_MARQUES1897__JARDIM_MARINGA_18407-120", "LMAPS": "https://www.google.com/maps?q=&layer=c&cbll=-48.897502,-23.9895631", "O_QUE_FAZER": "CARTEIRA", "ER_REGIAO_CIDADE_min": "Itapeva_Itapeva_Sudoeste Paulista" }, "geometry": { "type": "Point", "coordinates": [ -48.897502, -23.9895631 ] } },
{ "type": "Feature", "properties": { "fid": 198087, "CNPJ": "00261659000100", "IDCIDADE": "ITAPEVA", "NOMEFANTASIA": "BUMAS_EMPREENDIMENTOS", "RAZAOSOCIAL": "BUMAS_ENGENHARIA_LTDA", "ENDEE": "RUA_BENJAMIN_CONSTANT187__JARDIM_FERRARI_18405-000", "LMAPS": "https://www.google.com/maps?q=&layer=c&cbll=-48.8766543,-23.9896016", "O_QUE_FAZER": "CARTEIRA", "ER_REGIAO_CIDADE_min": "Itapeva_Itapeva_Sudoeste Paulista" }, "geometry": { "type": "Point", "coordinates": [ -48.8766543, -23.9896016 ] } },
{ "type": "Feature", "properties": { "fid": 198127, "CNPJ": "32480498000123", "IDCIDADE": "ITAPEVA", "NOMEFANTASIA": "D_+_ADEGA", "RAZAOSOCIAL": "DENIZ_ELVIS_FERNANDEZ_CAMARGO", "ENDEE": "RUA_BENJAMIN_CONSTANT239__JARDIM_FERRARI_18405-000", "LMAPS": "https://www.google.com/maps?q=&layer=c&cbll=-48.8766854,-23.9900873", "O_QUE_FAZER": "CARTEIRA", "ER_REGIAO_CIDADE_min": "Itapeva_Itapeva_Sudoeste Paulista" }, "geometry": { "type": "Point", "coordinates": [ -48.8766854, -23.9900873 ] } },
{ "type": "Feature", "properties": { "fid": 198199, "CNPJ": "19077832000134", "IDCIDADE": "ITAPEVA", "NOMEFANTASIA": "DAMASIO", "RAZAOSOCIAL": "RENATA_DOMINGUES_DE_OLIVEIRA_SIMAO_LTDA", "ENDEE": "RUA_BENJAMIN_CONSTANT319__JARDIM_FERRARI_18405-000", "LMAPS": "https://www.google.com/maps?q=&layer=c&cbll=-48.8767942,-23.990833", "O_QUE_FAZER": "CARTEIRA", "ER_REGIAO_CIDADE_min": "Itapeva_Itapeva_Sudoeste Paulista" }, "geometry": { "type": "Point", "coordinates": [ -48.8767942, -23.990833 ] } },
{ "type": "Feature", "properties": { "fid": 198210, "CNPJ": "07635933000102", "IDCIDADE": "ITAPEVA", "NOMEFANTASIA": "LAVA_BIG_BEER", "RAZAOSOCIAL": "LHAVA_RESTAURANTE_LTDA", "ENDEE": "RUA_BENJAMIN_CONSTANT338__JARDIM_FERRARI_18405-000", "LMAPS": "https://www.google.com/maps?q=&layer=c&cbll=-48.8769517,-23.9909467", "O_QUE_FAZER": "CARTEIRA", "ER_REGIAO_CIDADE_min": "Itapeva_Itapeva_Sudoeste Paulista" }, "geometry": { "type": "Point", "coordinates": [ -48.8769517, -23.9909467 ] } },
{ "type": "Feature", "properties": { "fid": 198228, "CNPJ": "04902701000339", "IDCIDADE": "ITAPEVA", "NOMEFANTASIA": "BRUMED_MEDICINA_DO_TRABALHO", "RAZAOSOCIAL": "BRUMED_CONSULTORIO_MEDICO_LTDA", "ENDEE": "RUA_BENJAMIN_CONSTANT364__JARDIM_FERRARI_18405-000", "LMAPS": "https://www.google.com/maps?q=&layer=c&cbll=-48.8770523,-23.9911618", "O_QUE_FAZER": "CARTEIRA", "ER_REGIAO_CIDADE_min": "Itapeva_Itapeva_Sudoeste Paulista" }, "geometry": { "type": "Point", "coordinates": [ -48.8770523, -23.9911618 ] } },
{ "type": "Feature", "properties": { "fid": 198264, "CNPJ": "21903260000147", "IDCIDADE": "ITAPEVA", "NOMEFANTASIA": "AGUIA_HORTIFRUTI", "RAZAOSOCIAL": "AGUIA_HORTIFRUTI_LTDA", "ENDEE": "RUA_BENJAMIN_CONSTANT393__JARDIM_FERRARI_18405-000", "LMAPS": "https://www.google.com/maps?q=&layer=c&cbll=-48.8768509,-23.9914998", "O_QUE_FAZER": "CARTEIRA", "ER_REGIAO_CIDADE_min": "Itapeva_Itapeva_Sudoeste Paulista" }, "geometry": { "type": "Point", "coordinates": [ -48.8768509, -23.9914998 ] } },
{ "type": "Feature", "properties": { "fid": 198310, "CNPJ": "16691761000177", "IDCIDADE": "ITAPEVA", "NOMEFANTASIA": "AGRONINO", "RAZAOSOCIAL": "DIOMAR_VINICIUS_DIAS", "ENDEE": "RUA_BENJAMIN_CONSTANT425__JARDIM_FERRARI_18405-000", "LMAPS": "https://www.google.com/maps?q=&layer=c&cbll=-48.8769379,-23.9918252", "O_QUE_FAZER": "CARTEIRA", "ER_REGIAO_CIDADE_min": "Itapeva_Itapeva_Sudoeste Paulista" }, "geometry": { "type": "Point", "coordinates": [ -48.8769379, -23.9918252 ] } },
{ "type": "Feature", "properties": { "fid": 198327, "CNPJ": "35578512000114", "IDCIDADE": "ITAPEVA", "NOMEFANTASIA": "OMEGA_FARMA", "RAZAOSOCIAL": "OMEGA_FARMA_ITAPEVA_LTDA", "ENDEE": "RUA_BENJAMIN_CONSTANT439__JARDIM_FERRARI_18405-000", "LMAPS": "https://www.google.com/maps?q=&layer=c&cbll=-48.8769515,-23.9919391", "O_QUE_FAZER": "CARTEIRA", "ER_REGIAO_CIDADE_min": "Itapeva_Itapeva_Sudoeste Paulista" }, "geometry": { "type": "Point", "coordinates": [ -48.8769515, -23.9919391 ] } },
{ "type": "Feature", "properties": { "fid": 198333, "CNPJ": "21819739000108", "IDCIDADE": "ITAPEVA", "NOMEFANTASIA": "RODRIGAO_AUTOPECAS", "RAZAOSOCIAL": "RODRIGO_BATISTA_BIANCARDI", "ENDEE": "RUA_ENGENHEIRO_NEY_CUIABANO277__JARDIM_MARINGA_III_18407-160", "LMAPS": "https://www.google.com/maps?q=&layer=c&cbll=-48.893142,-23.9919765", "O_QUE_FAZER": "CARTEIRA", "ER_REGIAO_CIDADE_min": "Itapeva_Itapeva_Sudoeste Paulista" }, "geometry": { "type": "Point", "coordinates": [ -48.893142, -23.9919765 ] } },
{ "type": "Feature", "properties": { "fid": 198344, "CNPJ": "37321740000130", "IDCIDADE": "ITAPEVA", "NOMEFANTASIA": "EMPORIO_MR_BEER", "RAZAOSOCIAL": "EMPORIO_LH_MOTTA_LTDA", "ENDEE": "RUA_BENJAMIN_CONSTANT445__JARDIM_FERRARI_18405-000", "LMAPS": "https://www.google.com/maps?q=&layer=c&cbll=-48.8769918,-23.9920614", "O_QUE_FAZER": "CARTEIRA", "ER_REGIAO_CIDADE_min": "Itapeva_Itapeva_Sudoeste Paulista" }, "geometry": { "type": "Point", "coordinates": [ -48.8769918, -23.9920614 ] } },
{ "type": "Feature", "properties": { "fid": 198351, "CNPJ": "11128750000160", "IDCIDADE": "ITAPEVA", "NOMEFANTASIA": "AUTO_ELETRICA_KAYU", "RAZAOSOCIAL": "REGIS_BATISTA_LEITE_-_ITAPEVA", "ENDEE": "RUA_BENJAMIN_CONSTANT456__JARDIM_FERRARI_18405-000", "LMAPS": "https://www.google.com/maps?q=&layer=c&cbll=-48.8771517,-23.99211", "O_QUE_FAZER": "CARTEIRA", "ER_REGIAO_CIDADE_min": "Itapeva_Itapeva_Sudoeste Paulista" }, "geometry": { "type": "Point", "coordinates": [ -48.8771517, -23.99211 ] } },
{ "type": "Feature", "properties": { "fid": 198356, "CNPJ": "37454198000193", "IDCIDADE": "ITAPEVA", "NOMEFANTASIA": "OFICINA_DO_VIDRO", "RAZAOSOCIAL": "NICOLAS_KELVIN_BUENO_SILVA", "ENDEE": "AVENIDA_ORESTES_GONZAGA331__JARDIM_DONA_MIRIAM_18405-108", "LMAPS": "https://www.google.com/maps?q=&layer=c&cbll=-48.8830843,-23.9921561", "O_QUE_FAZER": "CARTEIRA", "ER_REGIAO_CIDADE_min": "Itapeva_Itapeva_Sudoeste Paulista" }, "geometry": { "type": "Point", "coordinates": [ -48.8830843, -23.9921561 ] } },
{ "type": "Feature", "properties": { "fid": 198371, "CNPJ": "07467069000179", "IDCIDADE": "ITAPEVA", "NOMEFANTASIA": "VERNEQUE_AUTOCENTER", "RAZAOSOCIAL": "VERNEQUE_AUTO_CENTER_LTDA", "ENDEE": "AVENIDA_ORESTES_GONZAGA355__JARDIM_DONA_MIRIAM_18405-108", "LMAPS": "https://www.google.com/maps?q=&layer=c&cbll=-48.88328,-23.9924067", "O_QUE_FAZER": "CARTEIRA", "ER_REGIAO_CIDADE_min": "Itapeva_Itapeva_Sudoeste Paulista" }, "geometry": { "type": "Point", "coordinates": [ -48.88328, -23.9924067 ] } },
{ "type": "Feature", "properties": { "fid": 198394, "CNPJ": "31460665000101", "IDCIDADE": "ITAPEVA", "NOMEFANTASIA": "SAME_EMERGENCIAS_MEDICAS", "RAZAOSOCIAL": "SAME_EMERGENCIAS_MEDICAS_LTDA", "ENDEE": "RUA_BENJAMIN_CONSTANT534__JARDIM_FERRARI_18405-000", "LMAPS": "https://www.google.com/maps?q=&layer=c&cbll=-48.87738,-23.9926872", "O_QUE_FAZER": "CARTEIRA", "ER_REGIAO_CIDADE_min": "Itapeva_Itapeva_Sudoeste Paulista" }, "geometry": { "type": "Point", "coordinates": [ -48.87738, -23.9926872 ] } },
{ "type": "Feature", "properties": { "fid": 198417, "CNPJ": "42403242000176", "IDCIDADE": "ITAPEVA", "NOMEFANTASIA": "HIDROMASTER", "RAZAOSOCIAL": "HIDROMASTER_TUBOS_E_CONEXOES_LTDA", "ENDEE": "RUA_BENJAMIN_CONSTANT557__JARDIM_FERRARI_18405-000", "LMAPS": "https://www.google.com/maps?q=&layer=c&cbll=-48.8771619,-23.9929782", "O_QUE_FAZER": "CARTEIRA", "ER_REGIAO_CIDADE_min": "Itapeva_Itapeva_Sudoeste Paulista" }, "geometry": { "type": "Point", "coordinates": [ -48.8771619, -23.9929782 ] } },
{ "type": "Feature", "properties": { "fid": 198423, "CNPJ": "31394161000130", "IDCIDADE": "ITAPEVA", "NOMEFANTASIA": "AGA_MERCADO", "RAZAOSOCIAL": "FELIPE_REZENDE", "ENDEE": "RUA_GASTAO_VIDIGAL568__JARDIM_MARINGA_18407-170", "LMAPS": "https://www.google.com/maps?q=&layer=c&cbll=-48.8944204,-23.9930824", "O_QUE_FAZER": "CARTEIRA", "ER_REGIAO_CIDADE_min": "Itapeva_Itapeva_Sudoeste Paulista" }, "geometry": { "type": "Point", "coordinates": [ -48.8944204, -23.9930824 ] } },
{ "type": "Feature", "properties": { "fid": 198434, "CNPJ": "23267501000134", "IDCIDADE": "ITAPEVA", "NOMEFANTASIA": "ESTACAO_LIGHT_MATERIAIS_ELETRICOS", "RAZAOSOCIAL": "CONSTRULUZ_DISTRIBUIDORA_DE_MATERIAIS_ELETRICOS_E_ILUMINACAO_LTDA", "ENDEE": "RUA_BENJAMIN_CONSTANT595__JARDIM_FERRARI_18405-000", "LMAPS": "https://www.google.com/maps?q=&layer=c&cbll=-48.8772562,-23.9932613", "O_QUE_FAZER": "CARTEIRA", "ER_REGIAO_CIDADE_min": "Itapeva_Itapeva_Sudoeste Paulista" }, "geometry": { "type": "Point", "coordinates": [ -48.8772562, -23.9932613 ] } },
{ "type": "Feature", "properties": { "fid": 198441, "CNPJ": "18055829000157", "IDCIDADE": "ITAPEVA", "NOMEFANTASIA": "PISO_CLASS_ACABAMENTOS", "RAZAOSOCIAL": "RODRIGUES_ASSIS_ACABAMENTOS_LTDA.", "ENDEE": "RUA_BENJAMIN_CONSTANT605__JARDIM_FERRARI_18405-000", "LMAPS": "https://www.google.com/maps?q=&layer=c&cbll=-48.8773413,-23.9933971", "O_QUE_FAZER": "CARTEIRA", "ER_REGIAO_CIDADE_min": "Itapeva_Itapeva_Sudoeste Paulista" }, "geometry": { "type": "Point", "coordinates": [ -48.8773413, -23.9933971 ] } },
{ "type": "Feature", "properties": { "fid": 198442, "CNPJ": "20277325000123", "IDCIDADE": "ITAPEVA", "NOMEFANTASIA": "KORPEN_ACADEMIA", "RAZAOSOCIAL": "MATHEUS_PIMENTEL_CAMPOLIM_DA_CRUZ", "ENDEE": "RUA_BENJAMIN_CONSTANT614__JARDIM_FERRARI_18405-000", "LMAPS": "https://www.google.com/maps?q=&layer=c&cbll=-48.8775768,-23.993465", "O_QUE_FAZER": "CARTEIRA", "ER_REGIAO_CIDADE_min": "Itapeva_Itapeva_Sudoeste Paulista" }, "geometry": { "type": "Point", "coordinates": [ -48.8775768, -23.993465 ] } },
{ "type": "Feature", "properties": { "fid": 198455, "CNPJ": "50801638000108", "IDCIDADE": "ITAPEVA", "NOMEFANTASIA": "COLEGIO_MONTEIRO_LOBATO_ANGLO", "RAZAOSOCIAL": "RONEL_EDUCACIONAL_S/S_LTDA", "ENDEE": "RUA_BENJAMIN_CONSTANT654__JARDIM_FERRARI_18405-000", "LMAPS": "https://www.google.com/maps?q=&layer=c&cbll=-48.8775891,-23.9937805", "O_QUE_FAZER": "CARTEIRA", "ER_REGIAO_CIDADE_min": "Itapeva_Itapeva_Sudoeste Paulista" }, "geometry": { "type": "Point", "coordinates": [ -48.8775891, -23.9937805 ] } },
{ "type": "Feature", "properties": { "fid": 198466, "CNPJ": "46227356000163", "IDCIDADE": "ITAPEVA", "NOMEFANTASIA": "FOX_SOM", "RAZAOSOCIAL": "DELGOBO_ACESSORIOS_LTDA", "ENDEE": "AVENIDA_ORESTES_GONZAGA546__JARDIM_DONA_MIRIAM_18405-108", "LMAPS": "https://www.google.com/maps?q=&layer=c&cbll=-48.8837627,-23.9940407", "O_QUE_FAZER": "CARTEIRA", "ER_REGIAO_CIDADE_min": "Itapeva_Itapeva_Sudoeste Paulista" }, "geometry": { "type": "Point", "coordinates": [ -48.8837627, -23.9940407 ] } },
{ "type": "Feature", "properties": { "fid": 198472, "CNPJ": "20664164000120", "IDCIDADE": "ITAPEVA", "NOMEFANTASIA": "PRO_FITNESS", "RAZAOSOCIAL": "PRO_FITNESS_ACADEMIA_ITAPEVA_LTDA", "ENDEE": "RUA_NOEMI_DE_MOURA_MUZEL151__JARDIM_MARINGA_III_18407-250", "LMAPS": "https://www.google.com/maps?q=&layer=c&cbll=-48.893541,-23.9941899", "O_QUE_FAZER": "CARTEIRA", "ER_REGIAO_CIDADE_min": "Itapeva_Itapeva_Sudoeste Paulista" }, "geometry": { "type": "Point", "coordinates": [ -48.893541, -23.9941899 ] } },
{ "type": "Feature", "properties": { "fid": 198481, "CNPJ": "39795368000129", "IDCIDADE": "ITAPEVA", "NOMEFANTASIA": "J._FERREIRA_SUPERMERCADO", "RAZAOSOCIAL": "J._FERREIRA_MERCADO_LTDA", "ENDEE": "RUA_BENJAMIN_CONSTANT718__JARDIM_FERRARI_18405-000", "LMAPS": "https://www.google.com/maps?q=&layer=c&cbll=-48.8776839,-23.9943393", "O_QUE_FAZER": "CARTEIRA", "ER_REGIAO_CIDADE_min": "Itapeva_Itapeva_Sudoeste Paulista" }, "geometry": { "type": "Point", "coordinates": [ -48.8776839, -23.9943393 ] } },
{ "type": "Feature", "properties": { "fid": 198609, "CNPJ": "30018066000170", "IDCIDADE": "ITAPEVA", "NOMEFANTASIA": "ESTACAO", "RAZAOSOCIAL": "CHOPERIA_ESTACAO_XX_LTDA", "ENDEE": "AVENIDA_VATICANO567__JARDIM_EUROPA_18406-380", "LMAPS": "https://www.google.com/maps?q=&layer=c&cbll=-48.8857171,-23.9969859", "O_QUE_FAZER": "CARTEIRA", "ER_REGIAO_CIDADE_min": "Itapeva_Itapeva_Sudoeste Paulista" }, "geometry": { "type": "Point", "coordinates": [ -48.8857171, -23.9969859 ] } },
{ "type": "Feature", "properties": { "fid": 198612, "CNPJ": "28948895000100", "IDCIDADE": "ITAPEVA", "NOMEFANTASIA": "MOVIMENTARI", "RAZAOSOCIAL": "FELIPE_ALEXANDRE_DE_CAMPOS_PEREIRA_ATIVIDADES_DE_CONDICIONAMENTO_FISICO_E_ESPORTES", "ENDEE": "AVENIDA_VATICANO535__JARDIM_EUROPA_18406-380", "LMAPS": "https://www.google.com/maps?q=&layer=c&cbll=-48.8854194,-23.9970057", "O_QUE_FAZER": "CARTEIRA", "ER_REGIAO_CIDADE_min": "Itapeva_Itapeva_Sudoeste Paulista" }, "geometry": { "type": "Point", "coordinates": [ -48.8854194, -23.9970057 ] } },
{ "type": "Feature", "properties": { "fid": 198628, "CNPJ": "35797642000148", "IDCIDADE": "ITAPEVA", "NOMEFANTASIA": "LOUREIRO_LOUREIRO_SUPERMERCADO", "RAZAOSOCIAL": "ARMAZEM_LOUREIRO_LTDA", "ENDEE": "RUA_ARGENTINA75__JARDIM_AMERICA_I_18406-260", "LMAPS": "https://www.google.com/maps?q=&layer=c&cbll=-48.8816465,-23.9971984", "O_QUE_FAZER": "CARTEIRA", "ER_REGIAO_CIDADE_min": "Itapeva_Itapeva_Sudoeste Paulista" }, "geometry": { "type": "Point", "coordinates": [ -48.8816465, -23.9971984 ] } },
{ "type": "Feature", "properties": { "fid": 198641, "CNPJ": "24386324000178", "IDCIDADE": "ITAPEVA", "NOMEFANTASIA": "COLEGIO_LEME", "RAZAOSOCIAL": "COLEGIO_PRESBITERIANO_LEME_DE_ITAPEVA_LTDA", "ENDEE": "AVENIDA_VATICANO925__JARDIM_EUROPA_18406-380", "LMAPS": "https://www.google.com/maps?q=&layer=c&cbll=-48.8889224,-23.99743", "O_QUE_FAZER": "CARTEIRA", "ER_REGIAO_CIDADE_min": "Itapeva_Itapeva_Sudoeste Paulista" }, "geometry": { "type": "Point", "coordinates": [ -48.8889224, -23.99743 ] } },
{ "type": "Feature", "properties": { "fid": 198691, "CNPJ": "30143394000106", "IDCIDADE": "ITAPEVA", "NOMEFANTASIA": "GK_TRAINING_ACADEMIA", "RAZAOSOCIAL": "GK_TRAINING_PERFORMANCE_COM_SAUDE_LTDA", "ENDEE": "AVENIDA_VATICANO1005__JARDIM_EUROPA_18406-380", "LMAPS": "https://www.google.com/maps?q=&layer=c&cbll=-48.8899958,-23.9977372", "O_QUE_FAZER": "CARTEIRA", "ER_REGIAO_CIDADE_min": "Itapeva_Itapeva_Sudoeste Paulista" }, "geometry": { "type": "Point", "coordinates": [ -48.8899958, -23.9977372 ] } },
{ "type": "Feature", "properties": { "fid": 198722, "CNPJ": "38419311000162", "IDCIDADE": "ITAPEVA", "NOMEFANTASIA": "STUDIO_MASTER_FIT", "RAZAOSOCIAL": "ANDREA_CORREA_ASCACIBAS", "ENDEE": "AVENIDA_VATICANO1940__JARDIM_EUROPA_18406-380", "LMAPS": "https://www.google.com/maps?q=&layer=c&cbll=-48.8994482,-23.9983234", "O_QUE_FAZER": "CARTEIRA", "ER_REGIAO_CIDADE_min": "Itapeva_Itapeva_Sudoeste Paulista" }, "geometry": { "type": "Point", "coordinates": [ -48.8994482, -23.9983234 ] } },
{ "type": "Feature", "properties": { "fid": 198724, "CNPJ": "44025247000138", "IDCIDADE": "ITAPEVA", "NOMEFANTASIA": "PREMIER_SOLUCOES_AUTOMOTIVAS", "RAZAOSOCIAL": "PREMIER_SOLUCOES_AUTOMOTIVAS_LTDA", "ENDEE": "AVENIDA_VATICANO1880__JARDIM_EUROPA_18406-380", "LMAPS": "https://www.google.com/maps?q=&layer=c&cbll=-48.8990652,-23.998377", "O_QUE_FAZER": "CARTEIRA", "ER_REGIAO_CIDADE_min": "Itapeva_Itapeva_Sudoeste Paulista" }, "geometry": { "type": "Point", "coordinates": [ -48.8990652, -23.998377 ] } },
{ "type": "Feature", "properties": { "fid": 198740, "CNPJ": "21787123000194", "IDCIDADE": "ITAPEVA", "NOMEFANTASIA": "ASSIS_MATERIAIS_DE_CONSTRUCAO", "RAZAOSOCIAL": "ASSIS_MATERIAIS_DE_CONSTRUCAO_ITAPEVA_LTDA", "ENDEE": "RUA_ALCIDEZ_AGNELO35__JARDIM_MORADA_DO_SOL_18408-603", "LMAPS": "https://www.google.com/maps?q=&layer=c&cbll=-48.9015117,-23.9990583", "O_QUE_FAZER": "CARTEIRA", "ER_REGIAO_CIDADE_min": "Itapeva_Itapeva_Sudoeste Paulista" }, "geometry": { "type": "Point", "coordinates": [ -48.9015117, -23.9990583 ] } },
{ "type": "Feature", "properties": { "fid": 198743, "CNPJ": "04781807000160", "IDCIDADE": "ITAPEVA", "NOMEFANTASIA": "MERCADO_MORADA_DO_SOL", "RAZAOSOCIAL": "LINDAMIRA_RIBEIRO_DE_MELO_ITAPEVA", "ENDEE": "RUA_MARIA_APARECIDA_DE_SOUZA_LEME28__JARDIM_MORADA_DO_SOL_18408-610", "LMAPS": "https://www.google.com/maps?q=&layer=c&cbll=-48.902855,-23.9990867", "O_QUE_FAZER": "CARTEIRA", "ER_REGIAO_CIDADE_min": "Itapeva_Itapeva_Sudoeste Paulista" }, "geometry": { "type": "Point", "coordinates": [ -48.902855, -23.9990867 ] } },
{ "type": "Feature", "properties": { "fid": 198745, "CNPJ": "14109088000199", "IDCIDADE": "ITAPEVA", "NOMEFANTASIA": "PANIFICADORA_CASA_BRIOCHE", "RAZAOSOCIAL": "CASA_DO_BRIOCHE_PANIFICADORA_LTDA", "ENDEE": "RUA_ALCIDEZ_AGNELO19__JARDIM_MORADA_DO_SOL_18408-603", "LMAPS": "https://www.google.com/maps?q=&layer=c&cbll=-48.9014333,-23.9992033", "O_QUE_FAZER": "CARTEIRA", "ER_REGIAO_CIDADE_min": "Itapeva_Itapeva_Sudoeste Paulista" }, "geometry": { "type": "Point", "coordinates": [ -48.9014333, -23.9992033 ] } },
{ "type": "Feature", "properties": { "fid": 198748, "CNPJ": "35817482000151", "IDCIDADE": "ITAPEVA", "NOMEFANTASIA": "MERCADO_ROSANA", "RAZAOSOCIAL": "ROSANA_GUIMARAES_DE_OLIVEIRA", "ENDEE": "RUA_ALCIDEZ_AGNELO147__JARDIM_MORADA_DO_SOL_18408-603", "LMAPS": "https://www.google.com/maps?q=&layer=c&cbll=-48.9025713,-23.999258", "O_QUE_FAZER": "CARTEIRA", "ER_REGIAO_CIDADE_min": "Itapeva_Itapeva_Sudoeste Paulista" }, "geometry": { "type": "Point", "coordinates": [ -48.9025713, -23.999258 ] } },
{ "type": "Feature", "properties": { "fid": 198752, "CNPJ": "05868140000108", "IDCIDADE": "ITAPEVA", "NOMEFANTASIA": "BELA_FARMA", "RAZAOSOCIAL": "CLAUDIA_DA_SILVA_SANTOS", "ENDEE": "RUA_NARCISO_GOMES_TEIXEIRA60__JARDIM_MORADA_DO_SOL_18408-600", "LMAPS": "https://www.google.com/maps?q=&layer=c&cbll=-48.9012788,-23.9993861", "O_QUE_FAZER": "CARTEIRA", "ER_REGIAO_CIDADE_min": "Itapeva_Itapeva_Sudoeste Paulista" }, "geometry": { "type": "Point", "coordinates": [ -48.9012788, -23.9993861 ] } },
{ "type": "Feature", "properties": { "fid": 198754, "CNPJ": "14538075000135", "IDCIDADE": "ITAPEVA", "NOMEFANTASIA": "NO_CAPRICHO", "RAZAOSOCIAL": "NO_CAPRICHO_COMPANY_LTDA", "ENDEE": "RUA_MARIA_APARECIDA_DE_SOUZA_LEME37__JARDIM_MORADA_DO_SOL_18408-610", "LMAPS": "https://www.google.com/maps?q=&layer=c&cbll=-48.9026343,-23.9995381", "O_QUE_FAZER": "CARTEIRA", "ER_REGIAO_CIDADE_min": "Itapeva_Itapeva_Sudoeste Paulista" }, "geometry": { "type": "Point", "coordinates": [ -48.9026343, -23.9995381 ] } },
{ "type": "Feature", "properties": { "fid": 198755, "CNPJ": "18270525000102", "IDCIDADE": "ITAPEVA", "NOMEFANTASIA": "BOA_FORMA_ACADEMIA", "RAZAOSOCIAL": "GISELE_DE_S_M_S_COUTO_ACADEMIA", "ENDEE": "RUA_ANDRESIA_JESUS_DE_LIMA127__JARDIM_MORADA_DO_SOL_18408-620", "LMAPS": "https://www.google.com/maps?q=&layer=c&cbll=-48.902439,-23.9995767", "O_QUE_FAZER": "CARTEIRA", "ER_REGIAO_CIDADE_min": "Itapeva_Itapeva_Sudoeste Paulista" }, "geometry": { "type": "Point", "coordinates": [ -48.902439, -23.9995767 ] } },
{ "type": "Feature", "properties": { "fid": 198772, "CNPJ": "41842142000183", "IDCIDADE": "ITAPEVA", "NOMEFANTASIA": "MERCADO_PAGUE_E_LEVE", "RAZAOSOCIAL": "PAGUE_&_LEVE_MERCADO_LTDA", "ENDEE": "RUA_MARIA_APARECIDA_DE_SOUZA_LEME145__JARDIM_MORADA_DO_SOL_18408-610", "LMAPS": "https://www.google.com/maps?q=&layer=c&cbll=-48.9027299,-24.0003242", "O_QUE_FAZER": "CARTEIRA", "ER_REGIAO_CIDADE_min": "Itapeva_Itapeva_Sudoeste Paulista" }, "geometry": { "type": "Point", "coordinates": [ -48.9027299, -24.0003242 ] } },
{ "type": "Feature", "properties": { "fid": 198786, "CNPJ": "42724306000130", "IDCIDADE": "ITAPEVA", "NOMEFANTASIA": "GU_PETS", "RAZAOSOCIAL": "GHT_COMERCIO_DE_INSUMOS_AGROPECUARIOS_LTDA", "ENDEE": "RUA_MARIA_APARECIDA_DE_SOUZA_LEME206__JARDIM_MORADA_DO_SOL_18408-610", "LMAPS": "https://www.google.com/maps?q=&layer=c&cbll=-48.9029412,-24.0008371", "O_QUE_FAZER": "CARTEIRA", "ER_REGIAO_CIDADE_min": "Itapeva_Itapeva_Sudoeste Paulista" }, "geometry": { "type": "Point", "coordinates": [ -48.9029412, -24.0008371 ] } },
{ "type": "Feature", "properties": { "fid": 198787, "CNPJ": "44857136000198", "IDCIDADE": "ITAPEVA", "NOMEFANTASIA": "STILOCAR_PARABRISAS", "RAZAOSOCIAL": "STILOCAR_PARABRISAS_LTDA", "ENDEE": "RUA_MARIA_APARECIDA_DE_SOZA_LEME228__JARDIM_MORADA_DO_SOL_18408-610", "LMAPS": "https://www.google.com/maps?q=&layer=c&cbll=-48.9030827,-24.0009116", "O_QUE_FAZER": "CARTEIRA", "ER_REGIAO_CIDADE_min": "Itapeva_Itapeva_Sudoeste Paulista" }, "geometry": { "type": "Point", "coordinates": [ -48.9030827, -24.0009116 ] } },
{ "type": "Feature", "properties": { "fid": 204985, "CNPJ": "11390487000182", "IDCIDADE": "ITAPEVA", "NOMEFANTASIA": "MERCADO_SAO_MATEUS", "RAZAOSOCIAL": "MATEUS_ARANHA_BICUDO", "ENDEE": "RUA_FRANCISCO_VAZ_DE_OLIVEIRA239__JARDIM_BELA_VISTA_18412-050", "LMAPS": "https://www.google.com/maps?q=&layer=c&cbll=-48.9085359,-23.9690881", "O_QUE_FAZER": "CARTEIRA - FAMPE", "ER_REGIAO_CIDADE_min": "Itapeva_Itapeva_Sudoeste Paulista" }, "geometry": { "type": "Point", "coordinates": [ -48.9085359, -23.9690881 ] } },
{ "type": "Feature", "properties": { "fid": 204986, "CNPJ": "32084221000181", "IDCIDADE": "ITAPEVA", "NOMEFANTASIA": "JSP_ARTES_VISUAIS", "RAZAOSOCIAL": "JSP_ARTES_VISUAIS_LTDA", "ENDEE": "RUA_JOAO_PERRETTI79__JARDIM_BELA_VISTA_18412-010", "LMAPS": "https://www.google.com/maps?q=&layer=c&cbll=-48.9109816,-23.9710184", "O_QUE_FAZER": "CARTEIRA - FAMPE", "ER_REGIAO_CIDADE_min": "Itapeva_Itapeva_Sudoeste Paulista" }, "geometry": { "type": "Point", "coordinates": [ -48.9109816, -23.9710184 ] } },
{ "type": "Feature", "properties": { "fid": 204987, "CNPJ": "49205142000184", "IDCIDADE": "ITAPEVA", "NOMEFANTASIA": "GTL_MECANICA_DISEL", "RAZAOSOCIAL": "GTL_MECANICA_DIESEL_LTDA", "ENDEE": "RUA_JOAO_PERRETTI275__JARDIM_BELA_VISTA_18412-010", "LMAPS": "https://www.google.com/maps?q=&layer=c&cbll=-48.9084817,-23.9714783", "O_QUE_FAZER": "CARTEIRA - FAMPE", "ER_REGIAO_CIDADE_min": "Itapeva_Itapeva_Sudoeste Paulista" }, "geometry": { "type": "Point", "coordinates": [ -48.9084817, -23.9714783 ] } },
{ "type": "Feature", "properties": { "fid": 204988, "CNPJ": "04707059000175", "IDCIDADE": "ITAPEVA", "NOMEFANTASIA": "CENTER_DISEL", "RAZAOSOCIAL": "LJS_CENTER_DIESEL_LTDA", "ENDEE": "RUA_JOAO_PERRETTI550__JARDIM_BELA_VISTA_18412-010", "LMAPS": "https://www.google.com/maps?q=&layer=c&cbll=-48.9066764,-23.9726496", "O_QUE_FAZER": "CARTEIRA - FAMPE", "ER_REGIAO_CIDADE_min": "Itapeva_Itapeva_Sudoeste Paulista" }, "geometry": { "type": "Point", "coordinates": [ -48.9066764, -23.9726496 ] } },
{ "type": "Feature", "properties": { "fid": 204992, "CNPJ": "08476506000183", "IDCIDADE": "ITAPEVA", "NOMEFANTASIA": "BOX_DO_ZE_CARLOS_ACOUGUE", "RAZAOSOCIAL": "EMERSON_EDUARDO_DOS_SANTOS", "ENDEE": "RUA_SINHO_DE_CAMARGO384__CENTRO_18400-550", "LMAPS": "https://www.google.com/maps?q=&layer=c&cbll=-48.8777198,-23.9792407", "O_QUE_FAZER": "CARTEIRA - FAMPE", "ER_REGIAO_CIDADE_min": "Itapeva_Itapeva_Sudoeste Paulista" }, "geometry": { "type": "Point", "coordinates": [ -48.8777198, -23.9792407 ] } },
{ "type": "Feature", "properties": { "fid": 204993, "CNPJ": "26456138000193", "IDCIDADE": "ITAPEVA", "NOMEFANTASIA": "MULTI_AR_CONDICIONADO", "RAZAOSOCIAL": "BRUNO_SEVERINO_GALDAMES_BARBOSA", "ENDEE": "RUA_JOSE_PINHEIRO_DE_CARVALHO53__JARDIM_DOUTOR_PINHEIRO_18400-610", "LMAPS": "https://www.google.com/maps?q=&layer=c&cbll=-48.8740465,-23.9795964", "O_QUE_FAZER": "CARTEIRA - FAMPE", "ER_REGIAO_CIDADE_min": "Itapeva_Itapeva_Sudoeste Paulista" }, "geometry": { "type": "Point", "coordinates": [ -48.8740465, -23.9795964 ] } },
{ "type": "Feature", "properties": { "fid": 204994, "CNPJ": "05819856000107", "IDCIDADE": "ITAPEVA", "NOMEFANTASIA": "CASA_DO_CONSTRUTOR", "RAZAOSOCIAL": "CASA_DO_CONSTRUTOR_ITAPEVA_LTDA", "ENDEE": "RUA_FERNANDO_DE_OLIVEIRA66__CENTRO_18400-580", "LMAPS": "https://www.google.com/maps?q=&layer=c&cbll=-48.8758947,-23.9796074", "O_QUE_FAZER": "CARTEIRA - FAMPE", "ER_REGIAO_CIDADE_min": "Itapeva_Itapeva_Sudoeste Paulista" }, "geometry": { "type": "Point", "coordinates": [ -48.8758947, -23.9796074 ] } },
{ "type": "Feature", "properties": { "fid": 204997, "CNPJ": "14119284000144", "IDCIDADE": "ITAPEVA", "NOMEFANTASIA": "RESTAURANTE_ELOISA", "RAZAOSOCIAL": "K._R._MOREIRA_LEMOS_RESTAURANTE", "ENDEE": "RUA_GERALDO_ALCKMIN19__VILA_NOSSA_SENHORA_DE_FATIMA_18409-010", "LMAPS": "https://www.google.com/maps?q=&layer=c&cbll=-48.879026,-23.9820178", "O_QUE_FAZER": "CARTEIRA - FAMPE", "ER_REGIAO_CIDADE_min": "Itapeva_Itapeva_Sudoeste Paulista" }, "geometry": { "type": "Point", "coordinates": [ -48.879026, -23.9820178 ] } },
{ "type": "Feature", "properties": { "fid": 204998, "CNPJ": "06863745000160", "IDCIDADE": "ITAPEVA", "NOMEFANTASIA": "KAIROS_CORRESPONDENTE_BANCARIO", "RAZAOSOCIAL": "KAYROS_-_CORRESPONDENTE_BANCARIO_ITAPEVA_LTDA", "ENDEE": "RUA_PIRES_FLEURY126__CENTRO_18400-430", "LMAPS": "https://www.google.com/maps?q=&layer=c&cbll=-48.874968,-23.9820273", "O_QUE_FAZER": "CARTEIRA - FAMPE", "ER_REGIAO_CIDADE_min": "Itapeva_Itapeva_Sudoeste Paulista" }, "geometry": { "type": "Point", "coordinates": [ -48.874968, -23.9820273 ] } },
{ "type": "Feature", "properties": { "fid": 204999, "CNPJ": "09169234000131", "IDCIDADE": "ITAPEVA", "NOMEFANTASIA": "MARI_CALCADOS", "RAZAOSOCIAL": "MARI_CALCADOS_ITAPEVA_LTDA", "ENDEE": "PRACA_ANCHIETA110__CENTRO_18400-450", "LMAPS": "https://www.google.com/maps?q=&layer=c&cbll=-48.8763256,-23.9820837", "O_QUE_FAZER": "CARTEIRA - FAMPE", "ER_REGIAO_CIDADE_min": "Itapeva_Itapeva_Sudoeste Paulista" }, "geometry": { "type": "Point", "coordinates": [ -48.8763256, -23.9820837 ] } },
{ "type": "Feature", "properties": { "fid": 205000, "CNPJ": "22417557000165", "IDCIDADE": "ITAPEVA", "NOMEFANTASIA": "ROQUE_IMOVEIS", "RAZAOSOCIAL": "ROQUE_IMOVEIS_-_EMPREENDIMENTOS_IMOBILIARIOS_LTDA", "ENDEE": "RUA_CORONEL_LEVINO_RIBEIRO795__CENTRO_18400-410", "LMAPS": "https://www.google.com/maps?q=&layer=c&cbll=-48.8775119,-23.9828083", "O_QUE_FAZER": "CARTEIRA - FAMPE", "ER_REGIAO_CIDADE_min": "Itapeva_Itapeva_Sudoeste Paulista" }, "geometry": { "type": "Point", "coordinates": [ -48.8775119, -23.9828083 ] } },
{ "type": "Feature", "properties": { "fid": 205002, "CNPJ": "46903523000149", "IDCIDADE": "ITAPEVA", "NOMEFANTASIA": "UTRA_FARMA", "RAZAOSOCIAL": "MORAIS_E_CAMARGO_ITAPEVA_LTDA", "ENDEE": "RUA_ERNESTO_DE_CAMARGO395__CENTRO_18400-400", "LMAPS": "https://www.google.com/maps?q=&layer=c&cbll=-48.8767631,-23.9831775", "O_QUE_FAZER": "CARTEIRA - FAMPE", "ER_REGIAO_CIDADE_min": "Itapeva_Itapeva_Sudoeste Paulista" }, "geometry": { "type": "Point", "coordinates": [ -48.8767631, -23.9831775 ] } },
{ "type": "Feature", "properties": { "fid": 205006, "CNPJ": "44958546000125", "IDCIDADE": "ITAPEVA", "NOMEFANTASIA": "BASUKA_SUSHI", "RAZAOSOCIAL": "CELIO_VASCO_DE_ALMEIDA_JUNIOR", "ENDEE": "PRACA_20_DE_SETEMBRO165__CENTRO_18400-230", "LMAPS": "https://www.google.com/maps?q=&layer=c&cbll=-48.878997,-23.9864716", "O_QUE_FAZER": "CARTEIRA - FAMPE", "ER_REGIAO_CIDADE_min": "Itapeva_Itapeva_Sudoeste Paulista" }, "geometry": { "type": "Point", "coordinates": [ -48.878997, -23.9864716 ] } },
{ "type": "Feature", "properties": { "fid": 205007, "CNPJ": "34003330000152", "IDCIDADE": "ITAPEVA", "NOMEFANTASIA": "ACOUGUE_CAMARGO", "RAZAOSOCIAL": "LUIZ_HENRIQUE_CAMARGO_AUGUSTO", "ENDEE": "RUA_JOSINO_BRISOLA355__CENTRO_18400-150", "LMAPS": "https://www.google.com/maps?q=&layer=c&cbll=-48.8752308,-23.9869752", "O_QUE_FAZER": "CARTEIRA - FAMPE", "ER_REGIAO_CIDADE_min": "Itapeva_Itapeva_Sudoeste Paulista" }, "geometry": { "type": "Point", "coordinates": [ -48.8752308, -23.9869752 ] } },
{ "type": "Feature", "properties": { "fid": 205008, "CNPJ": "27539439000143", "IDCIDADE": "ITAPEVA", "NOMEFANTASIA": "3_VISAO_PERICIAS_E_VISTORIAS", "RAZAOSOCIAL": "ARAUJO_MOREIRA_VISTORIAS_LTDA", "ENDEE": "RUA_GOVERNADOR_MARIO_COVAS1823__CENTRO_18400-680", "LMAPS": "https://www.google.com/maps?q=&layer=c&cbll=-48.8922806,-23.9870025", "O_QUE_FAZER": "CARTEIRA - FAMPE", "ER_REGIAO_CIDADE_min": "Itapeva_Itapeva_Sudoeste Paulista" }, "geometry": { "type": "Point", "coordinates": [ -48.8922806, -23.9870025 ] } },
{ "type": "Feature", "properties": { "fid": 205012, "CNPJ": "31151374000131", "IDCIDADE": "ITAPEVA", "NOMEFANTASIA": "OLIVEIRA_CAAA_E_COSTRUCAO", "RAZAOSOCIAL": "NILSON_DA_COSTA_OLIVEIRA_LTDA", "ENDEE": "RUA_ALEXANDRINO_DE_MORAES145__JARDIM_MARINGA_18407-130", "LMAPS": "https://www.google.com/maps?q=&layer=c&cbll=-48.8910329,-23.9878526", "O_QUE_FAZER": "CARTEIRA - FAMPE", "ER_REGIAO_CIDADE_min": "Itapeva_Itapeva_Sudoeste Paulista" }, "geometry": { "type": "Point", "coordinates": [ -48.8910329, -23.9878526 ] } },
{ "type": "Feature", "properties": { "fid": 205021, "CNPJ": "07744195000123", "IDCIDADE": "ITAPEVA", "NOMEFANTASIA": "CLINICA_CLEO_GARCEZ", "RAZAOSOCIAL": "CLEONI_PINHEIRO_GARCEZ_DE_SOUZA", "ENDEE": "RUA_BENJAMIN_CONSTANT565__JARDIM_FERRARI_18405-000", "LMAPS": "https://www.google.com/maps?q=&layer=c&cbll=-48.8770672,-23.9930769", "O_QUE_FAZER": "CARTEIRA - FAMPE", "ER_REGIAO_CIDADE_min": "Itapeva_Itapeva_Sudoeste Paulista" }, "geometry": { "type": "Point", "coordinates": [ -48.8770672, -23.9930769 ] } },
{ "type": "Feature", "properties": { "fid": 205027, "CNPJ": "14913278000164", "IDCIDADE": "ITAPEVA", "NOMEFANTASIA": "PANIFICADORA_DILUCCA", "RAZAOSOCIAL": "DIVANILDA_SOUTO_DE_BARROS", "ENDEE": "AVENIDA_VATICANO910__JARDIM_EUROPA_18406-380", "LMAPS": "https://www.google.com/maps?q=&layer=c&cbll=-48.8890089,-23.9972777", "O_QUE_FAZER": "CARTEIRA - FAMPE", "ER_REGIAO_CIDADE_min": "Itapeva_Itapeva_Sudoeste Paulista" }, "geometry": { "type": "Point", "coordinates": [ -48.8890089, -23.9972777 ] } },
{ "type": "Feature", "properties": { "fid": 216000, "CNPJ": "31139094000108", "IDCIDADE": "ITAPEVA", "NOMEFANTASIA": null, "RAZAOSOCIAL": "31.139.094 ANDERSON ARALDO MOREIRA SIQUEIRA", "ENDEE": "RUA JOAQUIM MARQUES DE FREITAS, 94, VILA SANTA MARIA, 18402-102, ITAPEVA, SP, BRASIL", "LMAPS": "https://www.google.com/maps?q=&layer=c&cbll=-23.9524712,-48.8762126", "O_QUE_FAZER": "CARTEIRA - FAMPE", "ER_REGIAO_CIDADE_min": "Itapeva_Itapeva_Sudoeste Paulista" }, "geometry": { "type": "Point", "coordinates": [ -48.8762126, -23.9524712 ] } },
{ "type": "Feature", "properties": { "fid": 216024, "CNPJ": "33445563000142", "IDCIDADE": "ITAPEVA", "NOMEFANTASIA": "LK MINIMERCADO", "RAZAOSOCIAL": "CAIO RUIVO LK MINIMERCADO LTDA", "ENDEE": "AVENIDA THEODORICO PEREIRA DE MELLO, 265, CAPUTERA, 18400-970, ITAPEVA, SP, BRASIL", "LMAPS": "https://www.google.com/maps?q=&layer=c&cbll=-23.9580212,-48.878464", "O_QUE_FAZER": "CARTEIRA - FAMPE", "ER_REGIAO_CIDADE_min": "Itapeva_Itapeva_Sudoeste Paulista" }, "geometry": { "type": "Point", "coordinates": [ -48.878464, -23.9580212 ] } },
{ "type": "Feature", "properties": { "fid": 216053, "CNPJ": "12441074000142", "IDCIDADE": "ITAPEVA", "NOMEFANTASIA": "MSP MAQUINAS E MANUTENCOES", "RAZAOSOCIAL": "PRISCILA APARECIDA NUNES JANJACOMO", "ENDEE": "RUA PIRAJU, 282, VILA ISABEL, 18411-430, ITAPEVA, SP, BRASIL", "LMAPS": "https://www.google.com/maps?q=&layer=c&cbll=-23.966088,-48.8909943", "O_QUE_FAZER": "CARTEIRA - FAMPE", "ER_REGIAO_CIDADE_min": "Itapeva_Itapeva_Sudoeste Paulista" }, "geometry": { "type": "Point", "coordinates": [ -48.8909943, -23.966088 ] } },
{ "type": "Feature", "properties": { "fid": 216064, "CNPJ": "24364136000149", "IDCIDADE": "ITAPEVA", "NOMEFANTASIA": null, "RAZAOSOCIAL": "MARCELA REZENDE CONSTANTE 21653947837", "ENDEE": "RUA OLMIRO DE CAMPOS PEREIRA, 434, JARDIM BELA VISTA, 18412-120, ITAPEVA, SP, BRASIL", "LMAPS": "https://www.google.com/maps?q=&layer=c&cbll=-23.9678898,-48.9077405", "O_QUE_FAZER": "CARTEIRA - FAMPE", "ER_REGIAO_CIDADE_min": "Itapeva_Itapeva_Sudoeste Paulista" }, "geometry": { "type": "Point", "coordinates": [ -48.9077405, -23.9678898 ] } },
{ "type": "Feature", "properties": { "fid": 216072, "CNPJ": "47403285000175", "IDCIDADE": "ITAPEVA", "NOMEFANTASIA": "VALTER MANUTENCOES", "RAZAOSOCIAL": "VALTER GOMES DE CARVALHO FILHO", "ENDEE": "RUA DONA JULIA, 201, JARDIM VIRGINIA, 18411-110, ITAPEVA, SP, BRASIL", "LMAPS": "https://www.google.com/maps?q=&layer=c&cbll=-23.9707344,-48.8836361", "O_QUE_FAZER": "CARTEIRA - FAMPE", "ER_REGIAO_CIDADE_min": "Itapeva_Itapeva_Sudoeste Paulista" }, "geometry": { "type": "Point", "coordinates": [ -48.8836361, -23.9707344 ] } },
{ "type": "Feature", "properties": { "fid": 216073, "CNPJ": "18685846000178", "IDCIDADE": "ITAPEVA", "NOMEFANTASIA": null, "RAZAOSOCIAL": "ALTAIR FRANCISCO GOMES", "ENDEE": "RUA OSORIO FERREIRA GOMES, 278, PARQUE VISTA ALEGRE, 18401260, ITAPEVA, SP, BRASIL", "LMAPS": "https://www.google.com/maps?q=&layer=c&cbll=-23.9709759,-48.8722055", "O_QUE_FAZER": "CARTEIRA - FAMPE", "ER_REGIAO_CIDADE_min": "Itapeva_Itapeva_Sudoeste Paulista" }, "geometry": { "type": "Point", "coordinates": [ -48.8722055, -23.9709759 ] } },
{ "type": "Feature", "properties": { "fid": 216076, "CNPJ": "45773243000109", "IDCIDADE": "ITAPEVA", "NOMEFANTASIA": "THVET", "RAZAOSOCIAL": "THVET VETERINARIA LTDA.", "ENDEE": "RUA MARIA RAIMUNDA, 785, VILA APARECIDA, 18401-010, ITAPEVA, SP, BRASIL", "LMAPS": "https://www.google.com/maps?q=&layer=c&cbll=-23.971296,-48.8703666", "O_QUE_FAZER": "CARTEIRA - FAMPE", "ER_REGIAO_CIDADE_min": "Itapeva_Itapeva_Sudoeste Paulista" }, "geometry": { "type": "Point", "coordinates": [ -48.8703666, -23.971296 ] } },
{ "type": "Feature", "properties": { "fid": 216079, "CNPJ": "17148841000143", "IDCIDADE": "ITAPEVA", "NOMEFANTASIA": "DISTRIBUIDORA DE CESTA BASICA MELO", "RAZAOSOCIAL": "FRANCISCO SEBASTIAO GONCALVES MELO", "ENDEE": "RUA BALDUINO SEVERO, 71, JARDIM VIRGINIA, 18411-210, ITAPEVA, SP, BRASIL", "LMAPS": "https://www.google.com/maps?q=&layer=c&cbll=-23.9713452,-48.8831395", "O_QUE_FAZER": "CARTEIRA - FAMPE", "ER_REGIAO_CIDADE_min": "Itapeva_Itapeva_Sudoeste Paulista" }, "geometry": { "type": "Point", "coordinates": [ -48.8831395, -23.9713452 ] } },
{ "type": "Feature", "properties": { "fid": 216087, "CNPJ": "54198174000130", "IDCIDADE": "ITAPEVA", "NOMEFANTASIA": "MARIA EDINEIA DE ALMEIDA TERAPEUTA OCUPACIONAL", "RAZAOSOCIAL": "MARIA EDINEIA DE ALMEIDA TERAPEUTA OCUPACIONAL LTDA", "ENDEE": "AVENIDA CANDIDO RODRIGUES, 1650, JD VIRGINIA, 18411-250, ITAPEVA, SP, BRASIL", "LMAPS": "https://www.google.com/maps?q=&layer=c&cbll=-23.974298,-48.879309", "O_QUE_FAZER": "CARTEIRA - FAMPE", "ER_REGIAO_CIDADE_min": "Itapeva_Itapeva_Sudoeste Paulista" }, "geometry": { "type": "Point", "coordinates": [ -48.879309, -23.974298 ] } },
{ "type": "Feature", "properties": { "fid": 216090, "CNPJ": "36177173000127", "IDCIDADE": "ITAPEVA", "NOMEFANTASIA": null, "RAZAOSOCIAL": "36.177.173 HENRIQUE SANTOS DO NASCIMENTO", "ENDEE": "RUA HAROLDO HANNICKEL, 316, JARDIM NOVA ITAPEVA, 18401-720, ITAPEVA, SP, BRASIL", "LMAPS": "https://www.google.com/maps?q=&layer=c&cbll=-23.9753097,-48.8628838", "O_QUE_FAZER": "CARTEIRA - FAMPE", "ER_REGIAO_CIDADE_min": "Itapeva_Itapeva_Sudoeste Paulista" }, "geometry": { "type": "Point", "coordinates": [ -48.8628838, -23.9753097 ] } },
{ "type": "Feature", "properties": { "fid": 216091, "CNPJ": "34391168000197", "IDCIDADE": "ITAPEVA", "NOMEFANTASIA": null, "RAZAOSOCIAL": "DIMAS ARAUJO PROENCA", "ENDEE": "RUA HAROLDO HANNICKEL, 230, JARDIM NOVA ITAPEVA, 18401-720, ITAPEVA, SP, BRASIL", "LMAPS": "https://www.google.com/maps?q=&layer=c&cbll=-23.9753242,-48.8618707", "O_QUE_FAZER": "CARTEIRA - FAMPE", "ER_REGIAO_CIDADE_min": "Itapeva_Itapeva_Sudoeste Paulista" }, "geometry": { "type": "Point", "coordinates": [ -48.8618707, -23.9753242 ] } },
{ "type": "Feature", "properties": { "fid": 216092, "CNPJ": "50667107000166", "IDCIDADE": "ITAPEVA", "NOMEFANTASIA": "L. A. SERVICOS FLORESTAIS", "RAZAOSOCIAL": "L. A. SERVICOS FLORESTAIS E COMERCIO DE MADEIRAS LTDA", "ENDEE": "RUA ANSELMO RODRIGUES FORTES, 372, CONJUNTO HABITACIONAL TANCREDO NEVES, 18410-410, ITAPEVA, SP, BRASIL", "LMAPS": "https://www.google.com/maps?q=&layer=c&cbll=-23.976545,-48.8900216", "O_QUE_FAZER": "CARTEIRA - FAMPE", "ER_REGIAO_CIDADE_min": "Itapeva_Itapeva_Sudoeste Paulista" }, "geometry": { "type": "Point", "coordinates": [ -48.8900216, -23.976545 ] } },
{ "type": "Feature", "properties": { "fid": 216094, "CNPJ": "60043613000138", "IDCIDADE": "ITAPEVA", "NOMEFANTASIA": "JANAINA FERNANDES TERAPEUTA OCUPACIONAL", "RAZAOSOCIAL": "JANAINA FERNANDES DE SIQUEIRA LTDA", "ENDEE": "RUA RIO DE JANEIRO, 165, VILA NOVA, 18410-210, ITAPEVA, SP, BRASIL", "LMAPS": "https://www.google.com/maps?q=&layer=c&cbll=-23.9773988,-48.8821915", "O_QUE_FAZER": "CARTEIRA - FAMPE", "ER_REGIAO_CIDADE_min": "Itapeva_Itapeva_Sudoeste Paulista" }, "geometry": { "type": "Point", "coordinates": [ -48.8821915, -23.9773988 ] } },
{ "type": "Feature", "properties": { "fid": 216095, "CNPJ": "17022950000110", "IDCIDADE": "ITAPEVA", "NOMEFANTASIA": "BRANCO GESSEIRO", "RAZAOSOCIAL": "CLODOALDO PAULISTA DOS SANTOS", "ENDEE": "RUA JOSE PEDRO DE OLIVEIRA CAMPOS, 10, JARDIM BEIJA-FLOR, 18401-480, ITAPEVA, SP, BRASIL", "LMAPS": "https://www.google.com/maps?q=&layer=c&cbll=-23.977483,-48.8690282", "O_QUE_FAZER": "CARTEIRA - FAMPE", "ER_REGIAO_CIDADE_min": "Itapeva_Itapeva_Sudoeste Paulista" }, "geometry": { "type": "Point", "coordinates": [ -48.8690282, -23.977483 ] } },
{ "type": "Feature", "properties": { "fid": 216097, "CNPJ": "20787911000118", "IDCIDADE": "ITAPEVA", "NOMEFANTASIA": null, "RAZAOSOCIAL": "MARCOS DOS SANTOS MACHADO 15674055840", "ENDEE": "RUA JOSE BASILIO ARAUJO FERRAZ, 216, JARDIM DOUTOR PINHEIRO, 18400-600, ITAPEVA, SP, BRASIL", "LMAPS": "https://www.google.com/maps?q=&layer=c&cbll=-23.9780631,-48.8746496", "O_QUE_FAZER": "CARTEIRA - FAMPE", "ER_REGIAO_CIDADE_min": "Itapeva_Itapeva_Sudoeste Paulista" }, "geometry": { "type": "Point", "coordinates": [ -48.8746496, -23.9780631 ] } },
{ "type": "Feature", "properties": { "fid": 216100, "CNPJ": "10246779000183", "IDCIDADE": "ITAPEVA", "NOMEFANTASIA": "PAPELARIA FAVORITA", "RAZAOSOCIAL": "JOSE ROBERTO DE OLIVEIRA SUPRIMENTOS", "ENDEE": "AVENIDA PAULO LEITE DE OLIVEIRA, 21, CONJUNTO HABITACIONAL TANCREDO NEVES, 18410-360, ITAPEVA, SP, BRASIL", "LMAPS": "https://www.google.com/maps?q=&layer=c&cbll=-23.978829,-48.8867345", "O_QUE_FAZER": "CARTEIRA - FAMPE", "ER_REGIAO_CIDADE_min": "Itapeva_Itapeva_Sudoeste Paulista" }, "geometry": { "type": "Point", "coordinates": [ -48.8867345, -23.978829 ] } },
{ "type": "Feature", "properties": { "fid": 216102, "CNPJ": "13221132000195", "IDCIDADE": "ITAPEVA", "NOMEFANTASIA": null, "RAZAOSOCIAL": "13.221.132 JANAINA DA SILVA JARDIM MELO", "ENDEE": "RUA SINHO DE CAMARGO, 384, BANCA 09, CENTRO, 18400-550, ITAPEVA, SP, BRASIL", "LMAPS": "https://www.google.com/maps?q=&layer=c&cbll=-23.9791906,-48.8774016", "O_QUE_FAZER": "CARTEIRA - FAMPE", "ER_REGIAO_CIDADE_min": "Itapeva_Itapeva_Sudoeste Paulista" }, "geometry": { "type": "Point", "coordinates": [ -48.8774016, -23.9791906 ] } },
{ "type": "Feature", "properties": { "fid": 216106, "CNPJ": "11862680000179", "IDCIDADE": "ITAPEVA", "NOMEFANTASIA": "IVO LANCHES", "RAZAOSOCIAL": "OLIVIO VIEIRA ALVES MACHADO", "ENDEE": "PRACA CARLOS FLAVIO VASCONCELOS, 158, PARQUE SAO JORGE, 18409-270, ITAPEVA, SP, BRASIL", "LMAPS": "https://www.google.com/maps?q=&layer=c&cbll=-23.9801032,-48.8874282", "O_QUE_FAZER": "CARTEIRA - FAMPE", "ER_REGIAO_CIDADE_min": "Itapeva_Itapeva_Sudoeste Paulista" }, "geometry": { "type": "Point", "coordinates": [ -48.8874282, -23.9801032 ] } },
{ "type": "Feature", "properties": { "fid": 216111, "CNPJ": "33349147000140", "IDCIDADE": "ITAPEVA", "NOMEFANTASIA": null, "RAZAOSOCIAL": "33.349.147 AMANDA SANTOS DE MORAIS", "ENDEE": "RUA DOUTOR PINHEIRO, 98, CENTRO, 18400-005, ITAPEVA, SP, BRASIL", "LMAPS": "https://www.google.com/maps?q=&layer=c&cbll=-23.981226,-48.8762069", "O_QUE_FAZER": "CARTEIRA - FAMPE", "ER_REGIAO_CIDADE_min": "Itapeva_Itapeva_Sudoeste Paulista" }, "geometry": { "type": "Point", "coordinates": [ -48.8762069, -23.981226 ] } },
{ "type": "Feature", "properties": { "fid": 216112, "CNPJ": "38201048000130", "IDCIDADE": "ITAPEVA", "NOMEFANTASIA": "MARXGREG 3D", "RAZAOSOCIAL": "MARX GREG DECORACOES LTDA", "ENDEE": "RUA ANTONIO CARLOS VEIGA, 300, VILA RIBAS, 18403-010, ITAPEVA, SP, BRASIL", "LMAPS": "https://www.google.com/maps?q=&layer=c&cbll=-23.9814956,-48.8699023", "O_QUE_FAZER": "CARTEIRA - FAMPE", "ER_REGIAO_CIDADE_min": "Itapeva_Itapeva_Sudoeste Paulista" }, "geometry": { "type": "Point", "coordinates": [ -48.8699023, -23.9814956 ] } },
{ "type": "Feature", "properties": { "fid": 216113, "CNPJ": "27656224000102", "IDCIDADE": "ITAPEVA", "NOMEFANTASIA": null, "RAZAOSOCIAL": "TRANSPORTES PARAISO LTDA", "ENDEE": "RUA PARAISO, 119, VILA NOSSA SENHORA DE FATIMA, 18409-030, ITAPEVA, SP, BRASIL", "LMAPS": "https://www.google.com/maps?q=&layer=c&cbll=-23.9816867,-48.8821602", "O_QUE_FAZER": "CARTEIRA - FAMPE", "ER_REGIAO_CIDADE_min": "Itapeva_Itapeva_Sudoeste Paulista" }, "geometry": { "type": "Point", "coordinates": [ -48.8821602, -23.9816867 ] } },
{ "type": "Feature", "properties": { "fid": 216114, "CNPJ": "21100967000115", "IDCIDADE": "ITAPEVA", "NOMEFANTASIA": null, "RAZAOSOCIAL": "JULIANA DOMINGUES DE SOUZA 22239378883", "ENDEE": "RUA PIRES FLEURY, 115, CENTRO, 18400-430, ITAPEVA, SP, BRASIL", "LMAPS": "https://www.google.com/maps?q=&layer=c&cbll=-23.9821014,-48.8747839", "O_QUE_FAZER": "CARTEIRA - FAMPE", "ER_REGIAO_CIDADE_min": "Itapeva_Itapeva_Sudoeste Paulista" }, "geometry": { "type": "Point", "coordinates": [ -48.8747839, -23.9821014 ] } },
{ "type": "Feature", "properties": { "fid": 216115, "CNPJ": "57195067000146", "IDCIDADE": "ITAPEVA", "NOMEFANTASIA": null, "RAZAOSOCIAL": "SEGUNDA MAO COMERCIO DE MOVEIS LTDA", "ENDEE": "RUA CORONEL LEVINO RIBEIRO, 972, CENTRO, 18400410, ITAPEVA, SP, BRASIL", "LMAPS": "https://www.google.com/maps?q=&layer=c&cbll=-23.9824627,-48.8793825", "O_QUE_FAZER": "CARTEIRA - FAMPE", "ER_REGIAO_CIDADE_min": "Itapeva_Itapeva_Sudoeste Paulista" }, "geometry": { "type": "Point", "coordinates": [ -48.8793825, -23.9824627 ] } },
{ "type": "Feature", "properties": { "fid": 216116, "CNPJ": "17398981000170", "IDCIDADE": "ITAPEVA", "NOMEFANTASIA": null, "RAZAOSOCIAL": "17.398.981 VANIA DA SILVA NUNES GONCALVES", "ENDEE": "RUA DOUTOR RICARDO WATHERLI, 285, CENTRO, 18400-390, ITAPEVA, SP, BRASIL", "LMAPS": "https://www.google.com/maps?q=&layer=c&cbll=-23.9826224,-48.8728299", "O_QUE_FAZER": "CARTEIRA - FAMPE", "ER_REGIAO_CIDADE_min": "Itapeva_Itapeva_Sudoeste Paulista" }, "geometry": { "type": "Point", "coordinates": [ -48.8728299, -23.9826224 ] } },
{ "type": "Feature", "properties": { "fid": 216120, "CNPJ": "46457201000113", "IDCIDADE": "ITAPEVA", "NOMEFANTASIA": "BELAMO STORE", "RAZAOSOCIAL": "BELAMO STORE LTDA", "ENDEE": "RUA LUCAS DE CAMARGO, 256, SALA 01, CENTRO, 18400-340, ITAPEVA, SP, BRASIL", "LMAPS": "https://www.google.com/maps?q=&layer=c&cbll=-23.9840071,-48.8750261", "O_QUE_FAZER": "CARTEIRA - FAMPE", "ER_REGIAO_CIDADE_min": "Itapeva_Itapeva_Sudoeste Paulista" }, "geometry": { "type": "Point", "coordinates": [ -48.8750261, -23.9840071 ] } },
{ "type": "Feature", "properties": { "fid": 216122, "CNPJ": "02619511000111", "IDCIDADE": "ITAPEVA", "NOMEFANTASIA": "ESFIHA SHOW", "RAZAOSOCIAL": "LOPES & LOPES DELIVERY LTDA", "ENDEE": "RUA LUCAS DE CAMARGO, 249, CENTRO, 18400340, ITAPEVA, SP, BRASIL", "LMAPS": "https://www.google.com/maps?q=&layer=c&cbll=-23.9842341,-48.8749401", "O_QUE_FAZER": "CARTEIRA - FAMPE", "ER_REGIAO_CIDADE_min": "Itapeva_Itapeva_Sudoeste Paulista" }, "geometry": { "type": "Point", "coordinates": [ -48.8749401, -23.9842341 ] } },
{ "type": "Feature", "properties": { "fid": 216123, "CNPJ": "14736127000188", "IDCIDADE": "ITAPEVA", "NOMEFANTASIA": "MASTERJET MONITORE", "RAZAOSOCIAL": "MASTER MONITORE LTDA", "ENDEE": "RUA IRINEO SANTINI, 191, VILA NOSSA SENHORA DE FATIMA, 18409-110, ITAPEVA, SP, BRASIL", "LMAPS": "https://www.google.com/maps?q=&layer=c&cbll=-23.9844295,-48.8849211", "O_QUE_FAZER": "CARTEIRA - FAMPE", "ER_REGIAO_CIDADE_min": "Itapeva_Itapeva_Sudoeste Paulista" }, "geometry": { "type": "Point", "coordinates": [ -48.8849211, -23.9844295 ] } },
{ "type": "Feature", "properties": { "fid": 216124, "CNPJ": "53954415000160", "IDCIDADE": "ITAPEVA", "NOMEFANTASIA": null, "RAZAOSOCIAL": "53.954.415 JAQUELINE APARECIDA SERIGATTO GERALDI", "ENDEE": "RUA EPAMINONDAS FERREIRA LOBO, 77, SALA 1, CENTRO, 18400-250, ITAPEVA, SP, BRASIL", "LMAPS": "https://www.google.com/maps?q=&layer=c&cbll=-23.9845901,-48.8786896", "O_QUE_FAZER": "CARTEIRA - FAMPE", "ER_REGIAO_CIDADE_min": "Itapeva_Itapeva_Sudoeste Paulista" }, "geometry": { "type": "Point", "coordinates": [ -48.8786896, -23.9845901 ] } },
{ "type": "Feature", "properties": { "fid": 216128, "CNPJ": "32790275000162", "IDCIDADE": "ITAPEVA", "NOMEFANTASIA": null, "RAZAOSOCIAL": "PABLO CARDOSO ZACARIAS", "ENDEE": "RUA TEOFILO DAVID MUZEL, 130, VILA OPHELIA, 18400-816, ITAPEVA, SP, BRASIL", "LMAPS": "https://www.google.com/maps?q=&layer=c&cbll=-23.9853025,-48.8794914", "O_QUE_FAZER": "CARTEIRA - FAMPE", "ER_REGIAO_CIDADE_min": "Itapeva_Itapeva_Sudoeste Paulista" }, "geometry": { "type": "Point", "coordinates": [ -48.8794914, -23.9853025 ] } },
{ "type": "Feature", "properties": { "fid": 216130, "CNPJ": "51918376000110", "IDCIDADE": "ITAPEVA", "NOMEFANTASIA": "CASA DE BRINCAR HOTELZINHO INFANTIL", "RAZAOSOCIAL": "CASA DE BRINCAR BRINQUEDOTECA LTDA", "ENDEE": "RUA TEOFILO DAVID MUZEL, 145, VILA OPHELIA, 18400-816, ITAPEVA, SP, BRASIL", "LMAPS": "https://www.google.com/maps?q=&layer=c&cbll=-23.9856108,-48.8793829", "O_QUE_FAZER": "CARTEIRA - FAMPE", "ER_REGIAO_CIDADE_min": "Itapeva_Itapeva_Sudoeste Paulista" }, "geometry": { "type": "Point", "coordinates": [ -48.8793829, -23.9856108 ] } },
{ "type": "Feature", "properties": { "fid": 216131, "CNPJ": "17439622000113", "IDCIDADE": "ITAPEVA", "NOMEFANTASIA": "BRUNO TATTOO", "RAZAOSOCIAL": "BRUNO DE O CARVALHO TATTOO", "ENDEE": "RUA CORONEL ACACIO PIEDADE, 664, CENTRO, 18400-180, ITAPEVA, SP, BRASIL", "LMAPS": "https://www.google.com/maps?q=&layer=c&cbll=-23.985684,-48.8769422", "O_QUE_FAZER": "CARTEIRA - FAMPE", "ER_REGIAO_CIDADE_min": "Itapeva_Itapeva_Sudoeste Paulista" }, "geometry": { "type": "Point", "coordinates": [ -48.8769422, -23.985684 ] } },
{ "type": "Feature", "properties": { "fid": 216134, "CNPJ": "46374524000143", "IDCIDADE": "ITAPEVA", "NOMEFANTASIA": null, "RAZAOSOCIAL": "MVK SERVICOS LTDA", "ENDEE": "RUA MARIA OLINDA SAKAMOTO, 415, LOTEAMENTO PORTAL ITAPEVA, 18408-663, ITAPEVA, SP, BRASIL", "LMAPS": "https://www.google.com/maps?q=&layer=c&cbll=-23.9869684,-48.9037679", "O_QUE_FAZER": "CARTEIRA - FAMPE", "ER_REGIAO_CIDADE_min": "Itapeva_Itapeva_Sudoeste Paulista" }, "geometry": { "type": "Point", "coordinates": [ -48.9037679, -23.9869684 ] } },
{ "type": "Feature", "properties": { "fid": 216135, "CNPJ": "30372798000163", "IDCIDADE": "ITAPEVA", "NOMEFANTASIA": null, "RAZAOSOCIAL": "PAINEIRA RESTAURANTE E CHOPERIA LTDA", "ENDEE": "AVENIDA DONA PAULINA DE MORAIS, 926, JARDIM MARINGA, 18407110, ITAPEVA, SP, BRASIL", "LMAPS": "https://www.google.com/maps?q=&layer=c&cbll=-23.9870818,-48.8872732", "O_QUE_FAZER": "CARTEIRA - FAMPE", "ER_REGIAO_CIDADE_min": "Itapeva_Itapeva_Sudoeste Paulista" }, "geometry": { "type": "Point", "coordinates": [ -48.8872732, -23.9870818 ] } },
{ "type": "Feature", "properties": { "fid": 216136, "CNPJ": "10636289000193", "IDCIDADE": "ITAPEVA", "NOMEFANTASIA": "MONITEC SEGURANCA ELETRONICA", "RAZAOSOCIAL": "EDUARDO DE MORAES GOMES ITAPEVA", "ENDEE": "RUA ARTHUR DO AMARAL CAMARGO, 120, VILA TAQUARI, 18408-430, ITAPEVA, SP, BRASIL", "LMAPS": "https://www.google.com/maps?q=&layer=c&cbll=-23.9871933,-48.8960516", "O_QUE_FAZER": "CARTEIRA - FAMPE", "ER_REGIAO_CIDADE_min": "Itapeva_Itapeva_Sudoeste Paulista" }, "geometry": { "type": "Point", "coordinates": [ -48.8960516, -23.9871933 ] } },
{ "type": "Feature", "properties": { "fid": 216138, "CNPJ": "33891663000100", "IDCIDADE": "ITAPEVA", "NOMEFANTASIA": "TADEU VEICULOS", "RAZAOSOCIAL": "RITA DE CASSIA ASSIS MORAES", "ENDEE": "AVENIDA DONA PAULINA DE MORAIS, 1246, JARDIM MARINGA, 18407110, ITAPEVA, SP, BRASIL", "LMAPS": "https://www.google.com/maps?q=&layer=c&cbll=-23.9879247,-48.890624", "O_QUE_FAZER": "CARTEIRA - FAMPE", "ER_REGIAO_CIDADE_min": "Itapeva_Itapeva_Sudoeste Paulista" }, "geometry": { "type": "Point", "coordinates": [ -48.890624, -23.9879247 ] } },
{ "type": "Feature", "properties": { "fid": 216140, "CNPJ": "00849090000190", "IDCIDADE": "ITAPEVA", "NOMEFANTASIA": "CALIFORNIA O PEG-PAG DA CONSTRUCAO", "RAZAOSOCIAL": "ELIANA MARCIA DE ALMEIDA MOURA RODRIGUES LTDA", "ENDEE": "RUA ALCIDIA CARDOSO DE OLIVEIRA, 130, JARDIM CALIFORNIA, 18407090, ITAPEVA, SP, BRASIL", "LMAPS": "https://www.google.com/maps?q=&layer=c&cbll=-23.9891299,-48.8902023", "O_QUE_FAZER": "CARTEIRA - FAMPE", "ER_REGIAO_CIDADE_min": "Itapeva_Itapeva_Sudoeste Paulista" }, "geometry": { "type": "Point", "coordinates": [ -48.8902023, -23.9891299 ] } },
{ "type": "Feature", "properties": { "fid": 216142, "CNPJ": "48518051000136", "IDCIDADE": "ITAPEVA", "NOMEFANTASIA": null, "RAZAOSOCIAL": "M. ALMEIDA MATERIAL DE CONSTRUCAO LTDA", "ENDEE": "AVENIDA GASTAO DE MESQUITA FILHO, 336, VISTA ALEGRE II, 18408-521, ITAPEVA, SP, BRASIL", "LMAPS": "https://www.google.com/maps?q=&layer=c&cbll=-23.9892595,-48.9009199", "O_QUE_FAZER": "CARTEIRA - FAMPE", "ER_REGIAO_CIDADE_min": "Itapeva_Itapeva_Sudoeste Paulista" }, "geometry": { "type": "Point", "coordinates": [ -48.9009199, -23.9892595 ] } },
{ "type": "Feature", "properties": { "fid": 216145, "CNPJ": "30209649000188", "IDCIDADE": "ITAPEVA", "NOMEFANTASIA": "LUFHER TRANSPORTE E SERVICOS", "RAZAOSOCIAL": "LUFHER TRANSPORTE E SERVICOS LTDA", "ENDEE": "RUA SEBASTIAO NOBREGA DA SILVA, 257, JARDIM MARINGA, 18407-080, ITAPEVA, SP, BRASIL", "LMAPS": "https://www.google.com/maps?q=&layer=c&cbll=-23.990124,-48.8888638", "O_QUE_FAZER": "CARTEIRA - FAMPE", "ER_REGIAO_CIDADE_min": "Itapeva_Itapeva_Sudoeste Paulista" }, "geometry": { "type": "Point", "coordinates": [ -48.8888638, -23.990124 ] } },
{ "type": "Feature", "properties": { "fid": 216146, "CNPJ": "30781406000110", "IDCIDADE": "ITAPEVA", "NOMEFANTASIA": "LALICO DISTRIBUIDORA", "RAZAOSOCIAL": "VINICIUS DE CASTRO FERNANDES LTDA", "ENDEE": "RUA BENJAMIN CONSTANT, 249, JARDIM FERRARI, 18405000, ITAPEVA, SP, BRASIL", "LMAPS": "https://www.google.com/maps?q=&layer=c&cbll=-23.9901838,-48.87655", "O_QUE_FAZER": "CARTEIRA - FAMPE", "ER_REGIAO_CIDADE_min": "Itapeva_Itapeva_Sudoeste Paulista" }, "geometry": { "type": "Point", "coordinates": [ -48.87655, -23.9901838 ] } },
{ "type": "Feature", "properties": { "fid": 216147, "CNPJ": "20550201000170", "IDCIDADE": "ITAPEVA", "NOMEFANTASIA": "COPA AGUA", "RAZAOSOCIAL": "COPA AGUA ITAPEVA LTDA", "ENDEE": "RUA JOAO ANTUNES DE MOURA, 309, JARDIM EUROPA, 18406470, ITAPEVA, SP, BRASIL", "LMAPS": "https://www.google.com/maps?q=&layer=c&cbll=-23.9902211,-48.8929137", "O_QUE_FAZER": "CARTEIRA - FAMPE", "ER_REGIAO_CIDADE_min": "Itapeva_Itapeva_Sudoeste Paulista" }, "geometry": { "type": "Point", "coordinates": [ -48.8929137, -23.9902211 ] } },
{ "type": "Feature", "properties": { "fid": 216148, "CNPJ": "41967447000111", "IDCIDADE": "ITAPEVA", "NOMEFANTASIA": null, "RAZAOSOCIAL": "SOLANGE MARIA MOREIRA FERREIRA", "ENDEE": "RUA 7 DE SETEMBRO, 70, JARDIM FERRARI, 18405-060, ITAPEVA, SP, BRASIL", "LMAPS": "https://www.google.com/maps?q=&layer=c&cbll=-23.9906683,-48.879059", "O_QUE_FAZER": "CARTEIRA - FAMPE", "ER_REGIAO_CIDADE_min": "Itapeva_Itapeva_Sudoeste Paulista" }, "geometry": { "type": "Point", "coordinates": [ -48.879059, -23.9906683 ] } },
{ "type": "Feature", "properties": { "fid": 216151, "CNPJ": "50131383000105", "IDCIDADE": "ITAPEVA", "NOMEFANTASIA": null, "RAZAOSOCIAL": "50.131.383 CLAUDIA LIMA CORREA", "ENDEE": "AVENIDA PROFESSOR ARISTEU DE ALMEIDA CAMARGO, 87, JARDIM FERRARI, 18405-001, ITAPEVA, SP, BRASIL", "LMAPS": "https://www.google.com/maps?q=&layer=c&cbll=-23.9917507,-48.8803343", "O_QUE_FAZER": "CARTEIRA - FAMPE", "ER_REGIAO_CIDADE_min": "Itapeva_Itapeva_Sudoeste Paulista" }, "geometry": { "type": "Point", "coordinates": [ -48.8803343, -23.9917507 ] } },
{ "type": "Feature", "properties": { "fid": 216154, "CNPJ": "44252251000139", "IDCIDADE": "ITAPEVA", "NOMEFANTASIA": null, "RAZAOSOCIAL": "NERILDO APARECIDO NUNES", "ENDEE": "RUA ALDO RUSSO, 574, JARDIM BRASIL, 18405-205, ITAPEVA, SP, BRASIL", "LMAPS": "https://www.google.com/maps?q=&layer=c&cbll=-23.993237,-48.8716476", "O_QUE_FAZER": "CARTEIRA - FAMPE", "ER_REGIAO_CIDADE_min": "Itapeva_Itapeva_Sudoeste Paulista" }, "geometry": { "type": "Point", "coordinates": [ -48.8716476, -23.993237 ] } },
{ "type": "Feature", "properties": { "fid": 216157, "CNPJ": "17540230000146", "IDCIDADE": "ITAPEVA", "NOMEFANTASIA": "JAVALI CACA E PESCA", "RAZAOSOCIAL": "SIDINEIA DE JESUS PROENCA SOUZA & CIA LTDA", "ENDEE": "AVENIDA ORESTES GONZAGA, 546, ANEXO 1, JARDIM FERRARI, 18405-108, ITAPEVA, SP, BRASIL", "LMAPS": "https://www.google.com/maps?q=&layer=c&cbll=-23.9940341,-48.8837742", "O_QUE_FAZER": "CARTEIRA - FAMPE", "ER_REGIAO_CIDADE_min": "Itapeva_Itapeva_Sudoeste Paulista" }, "geometry": { "type": "Point", "coordinates": [ -48.8837742, -23.9940341 ] } },
{ "type": "Feature", "properties": { "fid": 216160, "CNPJ": "59221498000165", "IDCIDADE": "ITAPEVA", "NOMEFANTASIA": "ANDERSON APARECIDO DE LARA", "RAZAOSOCIAL": "ANDERSON APARECIDO DE LARA LTDA", "ENDEE": "RUA CLAUDIO DE ALMEIDA CAMARGO, 41, JARDIM EUROPA IV, 18406-493, ITAPEVA, SP, BRASIL", "LMAPS": "https://www.google.com/maps?q=&layer=c&cbll=-23.996744,-48.896229", "O_QUE_FAZER": "CARTEIRA - FAMPE", "ER_REGIAO_CIDADE_min": "Itapeva_Itapeva_Sudoeste Paulista" }, "geometry": { "type": "Point", "coordinates": [ -48.896229, -23.996744 ] } },
{ "type": "Feature", "properties": { "fid": 216161, "CNPJ": "48781011000182", "IDCIDADE": "ITAPEVA", "NOMEFANTASIA": "E.G.L. EMPREENDIMENTOS", "RAZAOSOCIAL": "E.G.L. EMPREENDIMENTOS SPE LTDA", "ENDEE": "RUA ESPANHA, 569, JARDIM EUROPA, 18406-410, ITAPEVA, SP, BRASIL", "LMAPS": "https://www.google.com/maps?q=&layer=c&cbll=-23.9967893,-48.8880104", "O_QUE_FAZER": "CARTEIRA - FAMPE", "ER_REGIAO_CIDADE_min": "Itapeva_Itapeva_Sudoeste Paulista" }, "geometry": { "type": "Point", "coordinates": [ -48.8880104, -23.9967893 ] } },
{ "type": "Feature", "properties": { "fid": 216163, "CNPJ": "40446698000198", "IDCIDADE": "ITAPEVA", "NOMEFANTASIA": null, "RAZAOSOCIAL": "40.446.698 ADILSON WAGNER", "ENDEE": "RUA JOSE DO AMARAL, 172, CONJUNTO HABITACIONAL SAO CAMILO, 18408-100, ITAPEVA, SP, BRASIL", "LMAPS": "https://www.google.com/maps?q=&layer=c&cbll=-23.9979959,-48.9028956", "O_QUE_FAZER": "CARTEIRA - FAMPE", "ER_REGIAO_CIDADE_min": "Itapeva_Itapeva_Sudoeste Paulista" }, "geometry": { "type": "Point", "coordinates": [ -48.9028956, -23.9979959 ] } },
{ "type": "Feature", "properties": { "fid": 216164, "CNPJ": "13917413000187", "IDCIDADE": "ITAPEVA", "NOMEFANTASIA": null, "RAZAOSOCIAL": "BOLAO BARBECUE ITAPEVA LTDA", "ENDEE": "PRACA PADRE JOSE PASSARO, 77, CONJUNTO HABITACIONAL PAULO VI, 18407-390, ITAPEVA, SP, BRASIL", "LMAPS": "https://www.google.com/maps?q=&layer=c&cbll=-23.9983806,-48.8963598", "O_QUE_FAZER": "CARTEIRA - FAMPE", "ER_REGIAO_CIDADE_min": "Itapeva_Itapeva_Sudoeste Paulista" }, "geometry": { "type": "Point", "coordinates": [ -48.8963598, -23.9983806 ] } },
{ "type": "Feature", "properties": { "fid": 216244, "CNPJ": "22417484000101", "IDCIDADE": "ITAPEVA", "NOMEFANTASIA": null, "RAZAOSOCIAL": "ANTERO MARCELINO DE SOUZA", "ENDEE": "ESTRADA VICINAL DR.ESPIRIDIAO LUCIO MARTINS, S/N, DO PACOVA, 18400-970, ITAPEVA, SP, BRASIL", "LMAPS": "https://www.google.com/maps?q=&layer=c&cbll=-24.0384333,-48.9453188", "O_QUE_FAZER": "CARTEIRA - FAMPE", "ER_REGIAO_CIDADE_min": "Itapeva_Itapeva_Sudoeste Paulista" }, "geometry": { "type": "Point", "coordinates": [ -48.9453188, -24.0384333 ] } },
{ "type": "Feature", "properties": { "fid": 220816, "CNPJ": "33044159000167", "IDCIDADE": "ITAPEVA", "NOMEFANTASIA": "RIVIERA_SAND_CLUB", "RAZAOSOCIAL": "RIVIERA_CLUBE_DE_AREIA_LTDA", "ENDEE": "AVENIDA_VATICANO1005__JARDIM_EUROPA_18406-380", "LMAPS": "https://www.google.com/maps?q=&layer=c&cbll=-48.8899927,-23.9976857", "O_QUE_FAZER": "FINALIZADO", "ER_REGIAO_CIDADE_min": "Itapeva_Itapeva_Sudoeste Paulista" }, "geometry": { "type": "Point", "coordinates": [ -48.8899927, -23.9976857 ] } },
{ "type": "Feature", "properties": { "fid": 221603, "CNPJ": "44047845000108", "IDCIDADE": "ITAPEVA", "NOMEFANTASIA": "VAIDOSA_MAKES_E_COSMETICOS", "RAZAOSOCIAL": "VAIDOSA_MAKES_E_COSMETICOS", "ENDEE": "RUA_ITALIA__200_18406-420", "LMAPS": "https://www.google.com/maps?q=&layer=c&cbll=-48.8899132,-23.9941023", "O_QUE_FAZER": "FINALIZADO", "ER_REGIAO_CIDADE_min": "Itapeva_Itapeva_Sudoeste Paulista" }, "geometry": { "type": "Point", "coordinates": [ -48.8899132, -23.9941023 ] } },
{ "type": "Feature", "properties": { "fid": 241837, "CNPJ": "60955545000183", "IDCIDADE": "ITAPEVA", "NOMEFANTASIA": "-", "RAZAOSOCIAL": "60.955.545 PAMELA FERREIRA BARBOSA", "ENDEE": "RUA_MARIA RAIMUNDA_331_VILA APARECIDA_18401-010_ITAPEVA", "LMAPS": "https://www.google.com/maps?q=&layer=c&cbll=-23.9753062,-48.8716711", "O_QUE_FAZER": "FINALIZADO", "ER_REGIAO_CIDADE_min": "Itapeva_Itapeva_Sudoeste Paulista" }, "geometry": { "type": "Point", "coordinates": [ -48.8716711, -23.9753062 ] } },
{ "type": "Feature", "properties": { "fid": 241843, "CNPJ": "55974546000135", "IDCIDADE": "ITAPEVA", "NOMEFANTASIA": "ANA_CLAUDIA_O._C._DA_SILVA", "RAZAOSOCIAL": "CHOCOLATE_COM_PIMENTA", "ENDEE": "RUA_MARIO_PRANDINI118__CENTRO_18400-170", "LMAPS": "https://www.google.com/maps?q=&layer=c&cbll=-48.8772146,-23.9815189", "O_QUE_FAZER": "FINALIZADO", "ER_REGIAO_CIDADE_min": "Itapeva_Itapeva_Sudoeste Paulista" }, "geometry": { "type": "Point", "coordinates": [ -48.8772146, -23.9815189 ] } },
{ "type": "Feature", "properties": { "fid": 241852, "CNPJ": "39528624000111", "IDCIDADE": "ITAPEVA", "NOMEFANTASIA": "MARIO_AUGUSTO_ZAMBON_AGROPECUARIA", "RAZAOSOCIAL": "MARINHO_MUDAS", "ENDEE": "AVENIDA_DONA_PAULINA_DE_MORAIS1250__JARDIM_MARINGA_18407-110", "LMAPS": "https://www.google.com/maps?q=&layer=c&cbll=-48.8904691,-23.9878221", "O_QUE_FAZER": "FINALIZADO", "ER_REGIAO_CIDADE_min": "Itapeva_Itapeva_Sudoeste Paulista" }, "geometry": { "type": "Point", "coordinates": [ -48.8904691, -23.9878221 ] } },
{ "type": "Feature", "properties": { "fid": 241855, "CNPJ": "37200200000106", "IDCIDADE": "ITAPEVA", "NOMEFANTASIA": "RS_ITAPEVA_REPRESENTACOES_COMERCIAL_LTDA", "RAZAOSOCIAL": "RS_ITAPEVA_REPRESENTACOES_COMERCIAL_LTDA", "ENDEE": "RUA_JAIR_LOURENCO_DOS_SANTOS71__JARDIM_MARINGA_18407-023", "LMAPS": "https://www.google.com/maps?q=&layer=c&cbll=-48.8909202,-23.9902188", "O_QUE_FAZER": "FINALIZADO", "ER_REGIAO_CIDADE_min": "Itapeva_Itapeva_Sudoeste Paulista" }, "geometry": { "type": "Point", "coordinates": [ -48.8909202, -23.9902188 ] } },
{ "type": "Feature", "properties": { "fid": 241857, "CNPJ": "10649935000157", "IDCIDADE": "ITAPEVA", "NOMEFANTASIA": "A BAILA LINDA", "RAZAOSOCIAL": "10.649.935 FABIANE PALINCA DE GODOY", "ENDEE": "ITÁLIA, 200, JARDIM EUROPA, 18406-420, ITAPEVA_18406-420", "LMAPS": "https://www.google.com/maps?q=&layer=c&cbll=-48.8899132,-23.9941023", "O_QUE_FAZER": "FINALIZADO", "ER_REGIAO_CIDADE_min": "Itapeva_Itapeva_Sudoeste Paulista" }, "geometry": { "type": "Point", "coordinates": [ -48.8899132, -23.9941023 ] } },
{ "type": "Feature", "properties": { "fid": 295096, "CNPJ": "29303686000171", "IDCIDADE": "ITAPEVA", "NOMEFANTASIA": "EVERTON_DA_SILVA_VARGAS_MINIMERCADO", "RAZAOSOCIAL": "EVERTON_DA_SILVA_VARGAS_MINIMERCADO", "ENDEE": "RUA_BENEDITO_DOS_SANTOS_VIEIRA595__VILA_SANTA_MARIA_18402-109", "LMAPS": "https://www.google.com/maps?q=&layer=c&cbll=-48.8760474,-23.9482803", "O_QUE_FAZER": "FINALIZADO", "ER_REGIAO_CIDADE_min": "Itapeva_Itapeva_Sudoeste Paulista" }, "geometry": { "type": "Point", "coordinates": [ -48.8760474, -23.9482803 ] } },
{ "type": "Feature", "properties": { "fid": 295695, "CNPJ": "13527462000103", "IDCIDADE": "ITAPEVA", "NOMEFANTASIA": "JOVELINO_OLIVEIRA_CARVALHO", "RAZAOSOCIAL": "JOVELINO_OLIVEIRA_CARVALHO", "ENDEE": "RUA_HORTENCIA_SANTANA_DE_MELO110__JARDIM_BELA_VISTA_18412-110", "LMAPS": "https://www.google.com/maps?q=&layer=c&cbll=-48.9093487,-23.9666415", "O_QUE_FAZER": "FINALIZADO", "ER_REGIAO_CIDADE_min": "Itapeva_Itapeva_Sudoeste Paulista" }, "geometry": { "type": "Point", "coordinates": [ -48.9093487, -23.9666415 ] } },
{ "type": "Feature", "properties": { "fid": 295793, "CNPJ": "26206963000130", "IDCIDADE": "ITAPEVA", "NOMEFANTASIA": "FB_AUTO_MECANICA_LTDA", "RAZAOSOCIAL": "FB_AUTO_MECANICA", "ENDEE": "RUA_SALVADOR_GALVAO_DOS_SANTOS343__JARDIM_BELA_VISTA_18412-080", "LMAPS": "https://www.google.com/maps?q=&layer=c&cbll=-48.9070943,-23.9677793", "O_QUE_FAZER": "FINALIZADO", "ER_REGIAO_CIDADE_min": "Itapeva_Itapeva_Sudoeste Paulista" }, "geometry": { "type": "Point", "coordinates": [ -48.9070943, -23.9677793 ] } },
{ "type": "Feature", "properties": { "fid": 295871, "CNPJ": "13414077000150", "IDCIDADE": "ITAPEVA", "NOMEFANTASIA": "ROSELI_DE_FATIMA_VIEIRA_BRANCO_OLIVEIRA", "RAZAOSOCIAL": "FELIGAS_DISTRIBUIDORA", "ENDEE": "RUA_MARIA_DO_CARMO_MELO387__JARDIM_BELA_VISTA_18412-070", "LMAPS": "https://www.google.com/maps?q=&layer=c&cbll=-48.9067757,-23.9684242", "O_QUE_FAZER": "FINALIZADO", "ER_REGIAO_CIDADE_min": "Itapeva_Itapeva_Sudoeste Paulista" }, "geometry": { "type": "Point", "coordinates": [ -48.9067757, -23.9684242 ] } },
{ "type": "Feature", "properties": { "fid": 295941, "CNPJ": "61499557000103", "IDCIDADE": "ITAPEVA", "NOMEFANTASIA": "61.499.557_GABRIEL_DA_SILVA_BLANEZ", "RAZAOSOCIAL": "GABRIEL_DA_SILVA_BLANEZ", "ENDEE": "RUA_ENGENHEIRO_NEWTON_MARCZUK271__CONJUNTO_HABITACIONAL_EMILIO_DE_LA_RUA_BAJO_18411-511", "LMAPS": "https://www.google.com/maps?q=&layer=c&cbll=-48.8894299,-23.9697888", "O_QUE_FAZER": "FINALIZADO", "ER_REGIAO_CIDADE_min": "Itapeva_Itapeva_Sudoeste Paulista" }, "geometry": { "type": "Point", "coordinates": [ -48.8894299, -23.9697888 ] } },
{ "type": "Feature", "properties": { "fid": 295981, "CNPJ": "50526222000110", "IDCIDADE": "ITAPEVA", "NOMEFANTASIA": "M._R._P._LOPES_REPRESENTACAO_LTDA", "RAZAOSOCIAL": "M._R._P._REPRESENTACAO", "ENDEE": "RUA_CARLOS_ROCHA_AMORIM23__PARQUE_VISTA_ALEGRE_18401-270", "LMAPS": "https://www.google.com/maps?q=&layer=c&cbll=-48.8696459,-23.9708514", "O_QUE_FAZER": "FINALIZADO", "ER_REGIAO_CIDADE_min": "Itapeva_Itapeva_Sudoeste Paulista" }, "geometry": { "type": "Point", "coordinates": [ -48.8696459, -23.9708514 ] } },
{ "type": "Feature", "properties": { "fid": 295996, "CNPJ": "59964975000182", "IDCIDADE": "ITAPEVA", "NOMEFANTASIA": "59.964.975_MARIANA_APARECIDA_MORAES_DA_SILVA", "RAZAOSOCIAL": "59.964.975_MARIANA_APARECIDA_MORAES_DA_SILVA", "ENDEE": "RUA_MARIA_DE_ALMEIDA_BARROS140__PARQUE_VISTA_ALEGRE_18401-240", "LMAPS": "https://www.google.com/maps?q=&layer=c&cbll=-48.8752683,-23.9710147", "O_QUE_FAZER": "FINALIZADO", "ER_REGIAO_CIDADE_min": "Itapeva_Itapeva_Sudoeste Paulista" }, "geometry": { "type": "Point", "coordinates": [ -48.8752683, -23.9710147 ] } },
{ "type": "Feature", "properties": { "fid": 296100, "CNPJ": "51895459000131", "IDCIDADE": "ITAPEVA", "NOMEFANTASIA": "51.895.459_REINALDO_FERREIRA_DE_FARIA_NETO", "RAZAOSOCIAL": "51.895.459_REINALDO_FERREIRA_DE_FARIA_NETO", "ENDEE": "RUA_AVARE47__VILA_APARECIDA_18401-100", "LMAPS": "https://www.google.com/maps?q=&layer=c&cbll=-48.8703923,-23.9728663", "O_QUE_FAZER": "FINALIZADO", "ER_REGIAO_CIDADE_min": "Itapeva_Itapeva_Sudoeste Paulista" }, "geometry": { "type": "Point", "coordinates": [ -48.8703923, -23.9728663 ] } },
{ "type": "Feature", "properties": { "fid": 296134, "CNPJ": "52454431000121", "IDCIDADE": "ITAPEVA", "NOMEFANTASIA": "52.454.431_FERNANDA_SANTOS_MELLO", "RAZAOSOCIAL": "52.454.431_FERNANDA_SANTOS_MELLO", "ENDEE": "RUA_EDWIRGES_SERAPIAO448__VILA_APARECIDA_18401-180", "LMAPS": "https://www.google.com/maps?q=&layer=c&cbll=-48.8715525,-23.9736142", "O_QUE_FAZER": "FINALIZADO", "ER_REGIAO_CIDADE_min": "Itapeva_Itapeva_Sudoeste Paulista" }, "geometry": { "type": "Point", "coordinates": [ -48.8715525, -23.9736142 ] } },
{ "type": "Feature", "properties": { "fid": 296135, "CNPJ": "55098106000161", "IDCIDADE": "ITAPEVA", "NOMEFANTASIA": "55.098.106_ELIANE_DE_ALMEIDA_SANTOS_FERREIRA", "RAZAOSOCIAL": "55.098.106_ELIANE_DE_ALMEIDA_SANTOS_FERREIRA", "ENDEE": "RUA_JALES38__VILA_APARECIDA_18401-110", "LMAPS": "https://www.google.com/maps?q=&layer=c&cbll=-48.8705748,-23.9736455", "O_QUE_FAZER": "FINALIZADO", "ER_REGIAO_CIDADE_min": "Itapeva_Itapeva_Sudoeste Paulista" }, "geometry": { "type": "Point", "coordinates": [ -48.8705748, -23.9736455 ] } },
{ "type": "Feature", "properties": { "fid": 296241, "CNPJ": "55332224000192", "IDCIDADE": "ITAPEVA", "NOMEFANTASIA": "VIA_EXPRESS_LTDA", "RAZAOSOCIAL": "VIA_EXPRESS", "ENDEE": "RUA_HAROLDO_HANNICKEL86__JARDIM_NOVA_ITAPEVA_18401-720", "LMAPS": "https://www.google.com/maps?q=&layer=c&cbll=-48.8604737,-23.9754692", "O_QUE_FAZER": "FINALIZADO", "ER_REGIAO_CIDADE_min": "Itapeva_Itapeva_Sudoeste Paulista" }, "geometry": { "type": "Point", "coordinates": [ -48.8604737, -23.9754692 ] } },
{ "type": "Feature", "properties": { "fid": 296252, "CNPJ": "52097759000138", "IDCIDADE": "ITAPEVA", "NOMEFANTASIA": "PET_VITAE_CENTER_LTDA", "RAZAOSOCIAL": "PET_VITAE_CENTER", "ENDEE": "RUA_IPANEMA28__VILA_APARECIDA_18401-200", "LMAPS": "https://www.google.com/maps?q=&layer=c&cbll=-48.8738035,-23.9756787", "O_QUE_FAZER": "FINALIZADO", "ER_REGIAO_CIDADE_min": "Itapeva_Itapeva_Sudoeste Paulista" }, "geometry": { "type": "Point", "coordinates": [ -48.8738035, -23.9756787 ] } },
{ "type": "Feature", "properties": { "fid": 296427, "CNPJ": "26814995000118", "IDCIDADE": "ITAPEVA", "NOMEFANTASIA": "LEONARDO_OLIVEIRA_RODRIGUES", "RAZAOSOCIAL": "ENGEMAC_CLIMATIZACAO_E_REFRIGERACAO", "ENDEE": "RUA_PROFESSOR_JOAO_SANTANA170__VILA_BOM_JESUS_18400-640", "LMAPS": "https://www.google.com/maps?q=&layer=c&cbll=-48.8773426,-23.9783134", "O_QUE_FAZER": "FINALIZADO", "ER_REGIAO_CIDADE_min": "Itapeva_Itapeva_Sudoeste Paulista" }, "geometry": { "type": "Point", "coordinates": [ -48.8773426, -23.9783134 ] } },
{ "type": "Feature", "properties": { "fid": 296442, "CNPJ": "06063508000115", "IDCIDADE": "ITAPEVA", "NOMEFANTASIA": "VANDERLEI_DE_MOURA", "RAZAOSOCIAL": "SORVETERIA_KI_DELICIA", "ENDEE": "RUA_IRMA_ERNESTINA242__VILA_DOM_BOSCO_18409-350", "LMAPS": "https://www.google.com/maps?q=&layer=c&cbll=-48.8873454,-23.97928", "O_QUE_FAZER": "FINALIZADO", "ER_REGIAO_CIDADE_min": "Itapeva_Itapeva_Sudoeste Paulista" }, "geometry": { "type": "Point", "coordinates": [ -48.8873454, -23.97928 ] } },
{ "type": "Feature", "properties": { "fid": 296464, "CNPJ": "18653070000104", "IDCIDADE": "ITAPEVA", "NOMEFANTASIA": "DAYANNI_ARAUJO_DE_MATTOS_BARBAROTTI", "RAZAOSOCIAL": "TRANSITA_SINALIZACAO", "ENDEE": "RUA_MARIO_PRANDINI121__CENTRO_18400-170", "LMAPS": "https://www.google.com/maps?q=&layer=c&cbll=-48.8772135,-23.9814701", "O_QUE_FAZER": "FINALIZADO", "ER_REGIAO_CIDADE_min": "Itapeva_Itapeva_Sudoeste Paulista" }, "geometry": { "type": "Point", "coordinates": [ -48.8772135, -23.9814701 ] } },
{ "type": "Feature", "properties": { "fid": 296485, "CNPJ": "08724756000195", "IDCIDADE": "ITAPEVA", "NOMEFANTASIA": "VANDERLEI_A.SANTOS_ALVES_AREIA", "RAZAOSOCIAL": "CAP_COMERCIO_AREIA_E_PEDRA", "ENDEE": "RUA_DOUTOR_ESTELITA_RIBAS295__PARQUE_CIMENTOLANDIA_18409-560", "LMAPS": "https://www.google.com/maps?q=&layer=c&cbll=-48.8952386,-23.9822446", "O_QUE_FAZER": "FINALIZADO", "ER_REGIAO_CIDADE_min": "Itapeva_Itapeva_Sudoeste Paulista" }, "geometry": { "type": "Point", "coordinates": [ -48.8952386, -23.9822446 ] } },
{ "type": "Feature", "properties": { "fid": 296541, "CNPJ": "46725898000166", "IDCIDADE": "ITAPEVA", "NOMEFANTASIA": "46.725.898_ORLANDO_NUNES_DA_SILVA", "RAZAOSOCIAL": "46.725.898_ORLANDO_NUNES_DA_SILVA", "ENDEE": "RUA_MARIO_PRANDINI389__CENTRO_18400-170", "LMAPS": "https://www.google.com/maps?q=&layer=c&cbll=-48.8772394,-23.9839978", "O_QUE_FAZER": "FINALIZADO", "ER_REGIAO_CIDADE_min": "Itapeva_Itapeva_Sudoeste Paulista" }, "geometry": { "type": "Point", "coordinates": [ -48.8772394, -23.9839978 ] } },
{ "type": "Feature", "properties": { "fid": 296548, "CNPJ": "67323204000134", "IDCIDADE": "ITAPEVA", "NOMEFANTASIA": "SBS_MINERIOS_INDUSTRIA_E_COMERCIO_LTDA", "RAZAOSOCIAL": "SBS_MINERIOS", "ENDEE": "ESTRADA_MUNICIPAL_LUIZ_JOSE_SGUARIO_S/N__TAQUARI_MIRIM_18400-970", "LMAPS": "https://www.google.com/maps?q=&layer=c&cbll=-48.8811572,-23.9841217", "O_QUE_FAZER": "FINALIZADO", "ER_REGIAO_CIDADE_min": "Itapeva_Itapeva_Sudoeste Paulista" }, "geometry": { "type": "Point", "coordinates": [ -48.8811572, -23.9841217 ] } },
{ "type": "Feature", "properties": { "fid": 296551, "CNPJ": "48927881000117", "IDCIDADE": "ITAPEVA", "NOMEFANTASIA": "RAPIDOFONE_ASSISTENCIA_TECNICA_E_COMERCIO_DE_ELETRONICOS_LTDA", "RAZAOSOCIAL": "RAPIDOFONE", "ENDEE": "RUA_DOUTOR_PINHEIRO435__CENTRO_18400-005", "LMAPS": "https://www.google.com/maps?q=&layer=c&cbll=-48.8763771,-23.984282", "O_QUE_FAZER": "FINALIZADO", "ER_REGIAO_CIDADE_min": "Itapeva_Itapeva_Sudoeste Paulista" }, "geometry": { "type": "Point", "coordinates": [ -48.8763771, -23.984282 ] } },
{ "type": "Feature", "properties": { "fid": 296553, "CNPJ": "53063194000130", "IDCIDADE": "ITAPEVA", "NOMEFANTASIA": "CAFETERIA_TIO_TONINHO_LTDA", "RAZAOSOCIAL": "CAFETERIA_TIO_TONINHO_LTDA", "ENDEE": "RUA_LUCAS_DE_CAMARGO491__CENTRO_18400-340", "LMAPS": "https://www.google.com/maps?q=&layer=c&cbll=-48.877452,-23.984309", "O_QUE_FAZER": "FINALIZADO", "ER_REGIAO_CIDADE_min": "Itapeva_Itapeva_Sudoeste Paulista" }, "geometry": { "type": "Point", "coordinates": [ -48.877452, -23.984309 ] } },
{ "type": "Feature", "properties": { "fid": 296588, "CNPJ": "13324877000180", "IDCIDADE": "ITAPEVA", "NOMEFANTASIA": "TANIA_PANICHI_BRISOLA_MELO", "RAZAOSOCIAL": "TANIA_PANICHI_BRISOLA_MELO", "ENDEE": "AVENIDA_CORONEL_ACACIO_PIEDADE766__CENTRO_18400-180", "LMAPS": "https://www.google.com/maps?q=&layer=c&cbll=-48.8780879,-23.9856268", "O_QUE_FAZER": "FINALIZADO", "ER_REGIAO_CIDADE_min": "Itapeva_Itapeva_Sudoeste Paulista" }, "geometry": { "type": "Point", "coordinates": [ -48.8780879, -23.9856268 ] } },
{ "type": "Feature", "properties": { "fid": 296591, "CNPJ": "27908999000128", "IDCIDADE": "ITAPEVA", "NOMEFANTASIA": "VINICIUS_DE_ANDRADE_UBALDO", "RAZAOSOCIAL": "TENERIFFE_SMART_BURGUER", "ENDEE": "RUA_CORONEL_ACACIO_PIEDADE676__CENTRO_18400-180", "LMAPS": "https://www.google.com/maps?q=&layer=c&cbll=-48.8770595,-23.9857045", "O_QUE_FAZER": "FINALIZADO", "ER_REGIAO_CIDADE_min": "Itapeva_Itapeva_Sudoeste Paulista" }, "geometry": { "type": "Point", "coordinates": [ -48.8770595, -23.9857045 ] } },
{ "type": "Feature", "properties": { "fid": 296595, "CNPJ": "60396524000175", "IDCIDADE": "ITAPEVA", "NOMEFANTASIA": "60.396.524_JHONNY_SILVA_DA_COSTA", "RAZAOSOCIAL": "ESFITEESFIRRARIA_", "ENDEE": "PRACA_SINHARINHA_PIMENTEL205__CENTRO_18400-006", "LMAPS": "https://www.google.com/maps?q=&layer=c&cbll=-48.8730943,-23.9858127", "O_QUE_FAZER": "FINALIZADO", "ER_REGIAO_CIDADE_min": "Itapeva_Itapeva_Sudoeste Paulista" }, "geometry": { "type": "Point", "coordinates": [ -48.8730943, -23.9858127 ] } },
{ "type": "Feature", "properties": { "fid": 296629, "CNPJ": "30064634000179", "IDCIDADE": "ITAPEVA", "NOMEFANTASIA": "ADRIANA_SIMOES_DE_SIQUEIRA_SANTOS", "RAZAOSOCIAL": "TOP_CHURROS", "ENDEE": "AVENIDA_DONA_PAULINA_DE_MORAIS926__JARDIM_MARINGA_18407-110", "LMAPS": "https://www.google.com/maps?q=&layer=c&cbll=-48.8872732,-23.9870818", "O_QUE_FAZER": "FINALIZADO", "ER_REGIAO_CIDADE_min": "Itapeva_Itapeva_Sudoeste Paulista" }, "geometry": { "type": "Point", "coordinates": [ -48.8872732, -23.9870818 ] } },
{ "type": "Feature", "properties": { "fid": 296630, "CNPJ": "45841553000105", "IDCIDADE": "ITAPEVA", "NOMEFANTASIA": "SOARES_E_VERNEQUE_LTDA", "RAZAOSOCIAL": "BATATUNA_MAX", "ENDEE": "AVENIDA_DONA_PAULINA_DE_MORAIS926__JARDIM_MARINGA_18407-110", "LMAPS": "https://www.google.com/maps?q=&layer=c&cbll=-48.8872732,-23.9870818", "O_QUE_FAZER": "FINALIZADO", "ER_REGIAO_CIDADE_min": "Itapeva_Itapeva_Sudoeste Paulista" }, "geometry": { "type": "Point", "coordinates": [ -48.8872732, -23.9870818 ] } },
{ "type": "Feature", "properties": { "fid": 296638, "CNPJ": "39742757000196", "IDCIDADE": "ITAPEVA", "NOMEFANTASIA": "MANIA_DE_MARIA_CONFEITARIA_ARTESANAL_LTDA", "RAZAOSOCIAL": "MANIA_DE_MARIA", "ENDEE": "PRACA_20_DE_SETEMBRO331__CENTRO_18400-230", "LMAPS": "https://www.google.com/maps?q=&layer=c&cbll=-48.8804201,-23.9873297", "O_QUE_FAZER": "FINALIZADO", "ER_REGIAO_CIDADE_min": "Itapeva_Itapeva_Sudoeste Paulista" }, "geometry": { "type": "Point", "coordinates": [ -48.8804201, -23.9873297 ] } },
{ "type": "Feature", "properties": { "fid": 296642, "CNPJ": "48842354000100", "IDCIDADE": "ITAPEVA", "NOMEFANTASIA": "48.842.354_VITOR_LOIOLA_VIEIRA", "RAZAOSOCIAL": "N/A", "ENDEE": "RUA_ANTONINO_ARTALE66__CENTRAL_PARK_18406-010", "LMAPS": "https://www.google.com/maps?q=&layer=c&cbll=-48.8842313,-23.9874619", "O_QUE_FAZER": "FINALIZADO", "ER_REGIAO_CIDADE_min": "Itapeva_Itapeva_Sudoeste Paulista" }, "geometry": { "type": "Point", "coordinates": [ -48.8842313, -23.9874619 ] } },
{ "type": "Feature", "properties": { "fid": 296648, "CNPJ": "23699669000119", "IDCIDADE": "ITAPEVA", "NOMEFANTASIA": "TETRABAT_AUTO_CENTER_LTDA", "RAZAOSOCIAL": "TETRABAT_AUTO_CENTER", "ENDEE": "RUA_ATILA_MARTINS_BONILHA87__JARDIM_MARINGA_18407-050", "LMAPS": "https://www.google.com/maps?q=&layer=c&cbll=-48.8918163,-23.9881539", "O_QUE_FAZER": "FINALIZADO", "ER_REGIAO_CIDADE_min": "Itapeva_Itapeva_Sudoeste Paulista" }, "geometry": { "type": "Point", "coordinates": [ -48.8918163, -23.9881539 ] } },
{ "type": "Feature", "properties": { "fid": 296650, "CNPJ": "60463322000107", "IDCIDADE": "ITAPEVA", "NOMEFANTASIA": "60.463.322_MATEUS_LOPES_DE_ALMEIDA", "RAZAOSOCIAL": "60.463.322_MATEUS_LOPES_DE_ALMEIDA", "ENDEE": "RUA_DONA_OLIVIA_MARQUES888__CENTRO_18400-100", "LMAPS": "https://www.google.com/maps?q=&layer=c&cbll=-48.8744621,-23.9882197", "O_QUE_FAZER": "FINALIZADO", "ER_REGIAO_CIDADE_min": "Itapeva_Itapeva_Sudoeste Paulista" }, "geometry": { "type": "Point", "coordinates": [ -48.8744621, -23.9882197 ] } },
{ "type": "Feature", "properties": { "fid": 296652, "CNPJ": "11406214000189", "IDCIDADE": "ITAPEVA", "NOMEFANTASIA": "TECHMED_DISTRIBUIDORA_DE_PRODUTOS_HOSPITALARES_LTDA", "RAZAOSOCIAL": "TECHMED_DISTRIBUIDORA_DE_PRODUTOS_HOSPITALARES", "ENDEE": "RUA_MARIO_PRANDINI876__CENTRO_18400-170", "LMAPS": "https://www.google.com/maps?q=&layer=c&cbll=-48.8776313,-23.9884254", "O_QUE_FAZER": "FINALIZADO", "ER_REGIAO_CIDADE_min": "Itapeva_Itapeva_Sudoeste Paulista" }, "geometry": { "type": "Point", "coordinates": [ -48.8776313, -23.9884254 ] } },
{ "type": "Feature", "properties": { "fid": 296658, "CNPJ": "33176927000136", "IDCIDADE": "ITAPEVA", "NOMEFANTASIA": "CICERO_FREITAS_TEIXEIRA_RESTAURANTES", "RAZAOSOCIAL": "TEMPERO_NORTISTA", "ENDEE": "RUA_ALEXANDRINO_DE_MORAES292__JARDIM_MARINGA_18407-130", "LMAPS": "https://www.google.com/maps?q=&layer=c&cbll=-48.8944141,-23.9887096", "O_QUE_FAZER": "FINALIZADO", "ER_REGIAO_CIDADE_min": "Itapeva_Itapeva_Sudoeste Paulista" }, "geometry": { "type": "Point", "coordinates": [ -48.8944141, -23.9887096 ] } },
{ "type": "Feature", "properties": { "fid": 296660, "CNPJ": "45344269000123", "IDCIDADE": "ITAPEVA", "NOMEFANTASIA": "45.344.269_PAOLA_CRISTINA_ALMEIDA_ANDRADE", "RAZAOSOCIAL": "ALMEIDA_PRESTACAO_DE_SERV", "ENDEE": "RUA_CAMPOS_SALES316__CENTRO_18400-190", "LMAPS": "https://www.google.com/maps?q=&layer=c&cbll=-48.8783027,-23.9887533", "O_QUE_FAZER": "FINALIZADO", "ER_REGIAO_CIDADE_min": "Itapeva_Itapeva_Sudoeste Paulista" }, "geometry": { "type": "Point", "coordinates": [ -48.8783027, -23.9887533 ] } },
{ "type": "Feature", "properties": { "fid": 296782, "CNPJ": "37073804000120", "IDCIDADE": "ITAPEVA", "NOMEFANTASIA": "VINICIUS_ANTONIO_PEDROSO_DE_CAMPOS_35830208806", "RAZAOSOCIAL": "SUPORTE_CELL", "ENDEE": "RUA_BENJAMIN_CONSTANT443__JARDIM_FERRARI_18405-000", "LMAPS": "https://www.google.com/maps?q=&layer=c&cbll=-48.8769166,-23.9919692", "O_QUE_FAZER": "FINALIZADO", "ER_REGIAO_CIDADE_min": "Itapeva_Itapeva_Sudoeste Paulista" }, "geometry": { "type": "Point", "coordinates": [ -48.8769166, -23.9919692 ] } },
{ "type": "Feature", "properties": { "fid": 296785, "CNPJ": "42036037000110", "IDCIDADE": "ITAPEVA", "NOMEFANTASIA": "LUCIANO_OLIVEIRA_LEITE_16443375840", "RAZAOSOCIAL": "CANTINA_DOS_LUS", "ENDEE": "RUA_WILSON_PONTES459__JARDIM_SANTA_ROSA_18405-170", "LMAPS": "https://www.google.com/maps?q=&layer=c&cbll=-48.8715597,-23.9926354", "O_QUE_FAZER": "FINALIZADO", "ER_REGIAO_CIDADE_min": "Itapeva_Itapeva_Sudoeste Paulista" }, "geometry": { "type": "Point", "coordinates": [ -48.8715597, -23.9926354 ] } },
{ "type": "Feature", "properties": { "fid": 296787, "CNPJ": "05067812000178", "IDCIDADE": "ITAPEVA", "NOMEFANTASIA": "CALL_MASTER_SECURITY_LTDA", "RAZAOSOCIAL": "CALL_MASTER_SECURITY_LTDA", "ENDEE": "RUA_ESPANHA330__JARDIM_EUROPA_18406-410", "LMAPS": "https://www.google.com/maps?q=&layer=c&cbll=-48.8889449,-23.9947371", "O_QUE_FAZER": "FINALIZADO", "ER_REGIAO_CIDADE_min": "Itapeva_Itapeva_Sudoeste Paulista" }, "geometry": { "type": "Point", "coordinates": [ -48.8889449, -23.9947371 ] } },
{ "type": "Feature", "properties": { "fid": 296788, "CNPJ": "60596727000105", "IDCIDADE": "ITAPEVA", "NOMEFANTASIA": "60.596.727_BRUNO_VINICIO_SUCKOW", "RAZAOSOCIAL": "60.596.727_BRUNO_VINICIO_SUCKOW", "ENDEE": "RUA_ANTONIO_FERNANDES_LICO220__JARDIM_BRASIL_18405-214", "LMAPS": "https://www.google.com/maps?q=&layer=c&cbll=-48.8738002,-23.9947451", "O_QUE_FAZER": "FINALIZADO", "ER_REGIAO_CIDADE_min": "Itapeva_Itapeva_Sudoeste Paulista" }, "geometry": { "type": "Point", "coordinates": [ -48.8738002, -23.9947451 ] } },
{ "type": "Feature", "properties": { "fid": 296790, "CNPJ": "31147694000118", "IDCIDADE": "ITAPEVA", "NOMEFANTASIA": "31.147.694_FLAVIA_FERNANDES_MARCONDES_MACHADO", "RAZAOSOCIAL": "31.147.694_FLAVIA_FERNANDES_MARCONDES_MACHADO", "ENDEE": "RUA_MARIA_APARECIDA_DE_SOZA_LEME64__JARDIM_MORADA_DO_SOL_18408-610", "LMAPS": "https://www.google.com/maps?q=&layer=c&cbll=-48.9028573,-23.9996184", "O_QUE_FAZER": "FINALIZADO", "ER_REGIAO_CIDADE_min": "Itapeva_Itapeva_Sudoeste Paulista" }, "geometry": { "type": "Point", "coordinates": [ -48.9028573, -23.9996184 ] } },
{ "type": "Feature", "properties": { "fid": 296793, "CNPJ": "24278793000173", "IDCIDADE": "ITAPEVA", "NOMEFANTASIA": "JOSIANE_CRISTINA_PEDERSINI", "RAZAOSOCIAL": "MERCADO_TRADICAO", "ENDEE": "RUA_MARIA_APARECIDA_DE_SOZA_LEME183__JARDIM_MORADA_DO_SOL_18408-610", "LMAPS": "https://www.google.com/maps?q=&layer=c&cbll=-48.9028001,-24.0006383", "O_QUE_FAZER": "FINALIZADO", "ER_REGIAO_CIDADE_min": "Itapeva_Itapeva_Sudoeste Paulista" }, "geometry": { "type": "Point", "coordinates": [ -48.9028001, -24.0006383 ] } },
{ "type": "Feature", "properties": { "fid": 306695, "CNPJ": "59819686000190", "IDCIDADE": "ITAPEVA", "NOMEFANTASIA": "-", "RAZAOSOCIAL": "59.819.686 SHARLAYNNE OLIVEIRA DOS SANTOS", "ENDEE": "RUA BENEDITO DOS SANTOS VIEIRA, 690, VILA SANTA MARIA, 18402-109, ITAPEVA, SP, BRASIL", "LMAPS": "https://www.google.com/maps?q=&layer=c&cbll=-23.9487528,-48.8763617", "O_QUE_FAZER": "CARTEIRA - FAMPE", "ER_REGIAO_CIDADE_min": "Itapeva_Itapeva_Sudoeste Paulista" }, "geometry": { "type": "Point", "coordinates": [ -48.8763617, -23.9487528 ] } },
{ "type": "Feature", "properties": { "fid": 306805, "CNPJ": "61045640000102", "IDCIDADE": "ITAPEVA", "NOMEFANTASIA": "-", "RAZAOSOCIAL": "61.045.640 HENRIQUE PEREIRA DE MORAES", "ENDEE": "RUA JOSE LARA, 152, JARDIM VIRGINIA, 18411-240, ITAPEVA, SP, BRASIL", "LMAPS": "https://www.google.com/maps?q=&layer=c&cbll=-23.969243,-48.8824342", "O_QUE_FAZER": "CARTEIRA - FAMPE", "ER_REGIAO_CIDADE_min": "Itapeva_Itapeva_Sudoeste Paulista" }, "geometry": { "type": "Point", "coordinates": [ -48.8824342, -23.969243 ] } },
{ "type": "Feature", "properties": { "fid": 306808, "CNPJ": "67956563000129", "IDCIDADE": "ITAPEVA", "NOMEFANTASIA": "-", "RAZAOSOCIAL": "67.956.563 LUIS HENRIQUE PINHEIRO CHUVALTER", "ENDEE": "RUA ANDRE HENRIQUE DE OLIVEIRA, 146, CASA SOBRADO, JARDIM VIRGINIA, 18411-230, ITAPEVA, SP, BRASIL", "LMAPS": "https://www.google.com/maps?q=&layer=c&cbll=-23.9698085,-48.8828999", "O_QUE_FAZER": "CARTEIRA - FAMPE", "ER_REGIAO_CIDADE_min": "Itapeva_Itapeva_Sudoeste Paulista" }, "geometry": { "type": "Point", "coordinates": [ -48.8828999, -23.9698085 ] } },
{ "type": "Feature", "properties": { "fid": 306812, "CNPJ": "61156031000120", "IDCIDADE": "ITAPEVA", "NOMEFANTASIA": "-", "RAZAOSOCIAL": "61.156.031 LUCAS ANDERSON CAMARGO DA SILVA", "ENDEE": "RUA MARIA RAIMUNDA, 830, VILA APARECIDA, 18401-010, ITAPEVA, SP, BRASIL", "LMAPS": "https://www.google.com/maps?q=&layer=c&cbll=-23.970831,-48.8699053", "O_QUE_FAZER": "CARTEIRA - FAMPE", "ER_REGIAO_CIDADE_min": "Itapeva_Itapeva_Sudoeste Paulista" }, "geometry": { "type": "Point", "coordinates": [ -48.8699053, -23.970831 ] } },
{ "type": "Feature", "properties": { "fid": 306818, "CNPJ": "60963738000186", "IDCIDADE": "ITAPEVA", "NOMEFANTASIA": "Fischer Bartenders", "RAZAOSOCIAL": "FISCHER BARTENDERS EVENTOS LTDA", "ENDEE": "AVENIDA PAULO LEITE DE OLIVEIRA, 642, CONJUNTO HABITACIONAL TANCREDO NEVES, 18410-360, ITAPEVA, SP, BRASIL", "LMAPS": "https://www.google.com/maps?q=&layer=c&cbll=-23.9733475,-48.8894142", "O_QUE_FAZER": "CARTEIRA - FAMPE", "ER_REGIAO_CIDADE_min": "Itapeva_Itapeva_Sudoeste Paulista" }, "geometry": { "type": "Point", "coordinates": [ -48.8894142, -23.9733475 ] } },
{ "type": "Feature", "properties": { "fid": 306819, "CNPJ": "29993529000135", "IDCIDADE": "ITAPEVA", "NOMEFANTASIA": "-", "RAZAOSOCIAL": "NILTON ANDRE OLIVEIRA PEREIRA", "ENDEE": "RUA JOSE ROBERTO COELHO DE ALMEIDA, 63, JARDIM VIRGINIA, 18411-180, ITAPEVA, SP, BRASIL", "LMAPS": "https://www.google.com/maps?q=&layer=c&cbll=-23.9733491,-48.8849133", "O_QUE_FAZER": "CARTEIRA - FAMPE", "ER_REGIAO_CIDADE_min": "Itapeva_Itapeva_Sudoeste Paulista" }, "geometry": { "type": "Point", "coordinates": [ -48.8849133, -23.9733491 ] } },
{ "type": "Feature", "properties": { "fid": 306824, "CNPJ": "65055646000111", "IDCIDADE": "ITAPEVA", "NOMEFANTASIA": "-", "RAZAOSOCIAL": "65.055.646 GAEL MARTIN DOS SANTOS TORTELLI", "ENDEE": "RUA LINDOIA, 50, VILA APARECIDA, 18401-210, ITAPEVA, SP, BRASIL", "LMAPS": "https://www.google.com/maps?q=&layer=c&cbll=-23.9753036,-48.8744253", "O_QUE_FAZER": "CARTEIRA - FAMPE", "ER_REGIAO_CIDADE_min": "Itapeva_Itapeva_Sudoeste Paulista" }, "geometry": { "type": "Point", "coordinates": [ -48.8744253, -23.9753036 ] } },
{ "type": "Feature", "properties": { "fid": 306827, "CNPJ": "65127911000120", "IDCIDADE": "ITAPEVA", "NOMEFANTASIA": "-", "RAZAOSOCIAL": "65.127.911 PATRIK ALEIXO LOPES BARROS", "ENDEE": "RUA TOMAZ AQUINO PEREIRA, 201, JARDIM NOVA ITAPEVA, 18401-725, ITAPEVA, SP, BRASIL", "LMAPS": "https://www.google.com/maps?q=&layer=c&cbll=-23.9761794,-48.8613759", "O_QUE_FAZER": "CARTEIRA - FAMPE", "ER_REGIAO_CIDADE_min": "Itapeva_Itapeva_Sudoeste Paulista" }, "geometry": { "type": "Point", "coordinates": [ -48.8613759, -23.9761794 ] } },
{ "type": "Feature", "properties": { "fid": 306834, "CNPJ": "40354140000182", "IDCIDADE": "ITAPEVA", "NOMEFANTASIA": "-", "RAZAOSOCIAL": "40.354.140 DIOGO APARECIDO DE OLIVEIRA TIMOTIO RODRIGUES", "ENDEE": "RUA CERQUILHO, 225, LOJA, VILA NOVA, 18410-170, ITAPEVA, SP, BRASIL", "LMAPS": "https://www.google.com/maps?q=&layer=c&cbll=-23.9773706,-48.8833424", "O_QUE_FAZER": "CARTEIRA - FAMPE", "ER_REGIAO_CIDADE_min": "Itapeva_Itapeva_Sudoeste Paulista" }, "geometry": { "type": "Point", "coordinates": [ -48.8833424, -23.9773706 ] } },
{ "type": "Feature", "properties": { "fid": 306835, "CNPJ": "52533996000102", "IDCIDADE": "ITAPEVA", "NOMEFANTASIA": "-", "RAZAOSOCIAL": "52.533.996 PRISCILA DE LIMA OLIVEIRA COELHO", "ENDEE": "RUA JOSE PEDRO DE OLIVEIRA CAMPOS, 14, JARDIM BEIJA-FLOR, 18401-480, ITAPEVA, SP, BRASIL", "LMAPS": "https://www.google.com/maps?q=&layer=c&cbll=-23.9774813,-48.8689196", "O_QUE_FAZER": "CARTEIRA - FAMPE", "ER_REGIAO_CIDADE_min": "Itapeva_Itapeva_Sudoeste Paulista" }, "geometry": { "type": "Point", "coordinates": [ -48.8689196, -23.9774813 ] } },
{ "type": "Feature", "properties": { "fid": 306836, "CNPJ": "47954225000140", "IDCIDADE": "ITAPEVA", "NOMEFANTASIA": "Pedro Arcafra", "RAZAOSOCIAL": "PEDRO ARCAFRA LTDA", "ENDEE": "RUA ARISTIDES FRANCO DE MORAES, 211, CONJUNTO HABITACIONAL TANCREDO NEVES, 18410-390, ITAPEVA, SP, BRASIL", "LMAPS": "https://www.google.com/maps?q=&layer=c&cbll=-23.9776076,-48.8885317", "O_QUE_FAZER": "CARTEIRA - FAMPE", "ER_REGIAO_CIDADE_min": "Itapeva_Itapeva_Sudoeste Paulista" }, "geometry": { "type": "Point", "coordinates": [ -48.8885317, -23.9776076 ] } },
{ "type": "Feature", "properties": { "fid": 306843, "CNPJ": "51758322000135", "IDCIDADE": "ITAPEVA", "NOMEFANTASIA": "Distribuidora Larizzatte", "RAZAOSOCIAL": "DISTRIBUIDORA DE ALIMENTOS LARIZZATTE LTDA", "ENDEE": "RUA DAS PALMEIRAS, 74, VILA NOVA, 18410-130, ITAPEVA, SP, BRASIL", "LMAPS": "https://www.google.com/maps?q=&layer=c&cbll=-23.9797107,-48.884203", "O_QUE_FAZER": "CARTEIRA - FAMPE", "ER_REGIAO_CIDADE_min": "Itapeva_Itapeva_Sudoeste Paulista" }, "geometry": { "type": "Point", "coordinates": [ -48.884203, -23.9797107 ] } },
{ "type": "Feature", "properties": { "fid": 306844, "CNPJ": "19179492000152", "IDCIDADE": "ITAPEVA", "NOMEFANTASIA": "-", "RAZAOSOCIAL": "PRISCILA APARECIDA DE OLIVEIRA 31370148836", "ENDEE": "AVENIDA DOUTOR JOSE ERMIRIO DE MORAES, 2257, CENTRO, 18400-510, ITAPEVA, SP, BRASIL", "LMAPS": "https://www.google.com/maps?q=&layer=c&cbll=-23.9798562,-48.8785588", "O_QUE_FAZER": "CARTEIRA - FAMPE", "ER_REGIAO_CIDADE_min": "Itapeva_Itapeva_Sudoeste Paulista" }, "geometry": { "type": "Point", "coordinates": [ -48.8785588, -23.9798562 ] } },
{ "type": "Feature", "properties": { "fid": 306847, "CNPJ": "41173994000125", "IDCIDADE": "ITAPEVA", "NOMEFANTASIA": "-", "RAZAOSOCIAL": "MARCIELY APARECIDA VEIGA GARCIA 37116328823", "ENDEE": "RUA IPERO, 18, VILA NOVA, 18410-120, ITAPEVA, SP, BRASIL", "LMAPS": "https://www.google.com/maps?q=&layer=c&cbll=-23.9804309,-48.8835021", "O_QUE_FAZER": "CARTEIRA - FAMPE", "ER_REGIAO_CIDADE_min": "Itapeva_Itapeva_Sudoeste Paulista" }, "geometry": { "type": "Point", "coordinates": [ -48.8835021, -23.9804309 ] } },
{ "type": "Feature", "properties": { "fid": 306854, "CNPJ": "28716998000144", "IDCIDADE": "ITAPEVA", "NOMEFANTASIA": "-", "RAZAOSOCIAL": "ROSANGELA CORREA LEITE SIMOES 20259134864", "ENDEE": "RUA DOUTOR PINHEIRO, 144, CENTRO, 18400-005, ITAPEVA, SP, BRASIL", "LMAPS": "https://www.google.com/maps?q=&layer=c&cbll=-23.9817192,-48.8762599", "O_QUE_FAZER": "CARTEIRA - FAMPE", "ER_REGIAO_CIDADE_min": "Itapeva_Itapeva_Sudoeste Paulista" }, "geometry": { "type": "Point", "coordinates": [ -48.8762599, -23.9817192 ] } },
{ "type": "Feature", "properties": { "fid": 306862, "CNPJ": "13983991000111", "IDCIDADE": "ITAPEVA", "NOMEFANTASIA": "JL Transportes", "RAZAOSOCIAL": "M. E. RODRIGUES CAMARGO TRANSPORTE LTDA", "ENDEE": "RUA PROFESSOR ANTONIO FELIPE, 403, PARQUE CIMENTOLANDIA, 18409-520, ITAPEVA, SP, BRASIL", "LMAPS": "https://www.google.com/maps?q=&layer=c&cbll=-23.9832605,-48.8936651", "O_QUE_FAZER": "CARTEIRA - FAMPE", "ER_REGIAO_CIDADE_min": "Itapeva_Itapeva_Sudoeste Paulista" }, "geometry": { "type": "Point", "coordinates": [ -48.8936651, -23.9832605 ] } },
{ "type": "Feature", "properties": { "fid": 306867, "CNPJ": "35530899000139", "IDCIDADE": "ITAPEVA", "NOMEFANTASIA": "-", "RAZAOSOCIAL": "35.530.899 REGIANE APARECIDA NUNES FERNANDES", "ENDEE": "RUA ESTRADA MUNICIPAL, 0, ALTO SUDARIO, 18400-970, ITAPEVA, SP, BRASIL", "LMAPS": "https://www.google.com/maps?q=&layer=c&cbll=-23.9841287,-48.8811724", "O_QUE_FAZER": "CARTEIRA - FAMPE", "ER_REGIAO_CIDADE_min": "Itapeva_Itapeva_Sudoeste Paulista" }, "geometry": { "type": "Point", "coordinates": [ -48.8811724, -23.9841287 ] } },
{ "type": "Feature", "properties": { "fid": 306870, "CNPJ": "61158915000114", "IDCIDADE": "ITAPEVA", "NOMEFANTASIA": "-", "RAZAOSOCIAL": "61.158.915 CRISTIANE MIDORI ROCHA UEHARA MORAES SEPULVEDA", "ENDEE": "RUA PROFESSOR RIVADAVIA MARQUES JUNIOR, 309, CENTRO, 18400-370, ITAPEVA, SP, BRASIL", "LMAPS": "https://www.google.com/maps?q=&layer=c&cbll=-23.9849629,-48.8762775", "O_QUE_FAZER": "CARTEIRA - FAMPE", "ER_REGIAO_CIDADE_min": "Itapeva_Itapeva_Sudoeste Paulista" }, "geometry": { "type": "Point", "coordinates": [ -48.8762775, -23.9849629 ] } },
{ "type": "Feature", "properties": { "fid": 306874, "CNPJ": "12381437000100", "IDCIDADE": "ITAPEVA", "NOMEFANTASIA": "Sucos Paulista", "RAZAOSOCIAL": "SUCOS PAULISTA LTDA", "ENDEE": "RUA DOUTOR PINHEIRO, 657, CENTRO, 18400-005, ITAPEVA, SP, BRASIL", "LMAPS": "https://www.google.com/maps?q=&layer=c&cbll=-23.9862778,-48.8764598", "O_QUE_FAZER": "CARTEIRA - FAMPE", "ER_REGIAO_CIDADE_min": "Itapeva_Itapeva_Sudoeste Paulista" }, "geometry": { "type": "Point", "coordinates": [ -48.8764598, -23.9862778 ] } },
{ "type": "Feature", "properties": { "fid": 306876, "CNPJ": "62793891000138", "IDCIDADE": "ITAPEVA", "NOMEFANTASIA": "-", "RAZAOSOCIAL": "62.793.891 JORCIEN LUIZ ZEQUE", "ENDEE": "RUA JOSINO BRISOLA, 132, CENTRO, 18400-150, ITAPEVA, SP, BRASIL", "LMAPS": "https://www.google.com/maps?q=&layer=c&cbll=-23.9869098,-48.8730183", "O_QUE_FAZER": "CARTEIRA - FAMPE", "ER_REGIAO_CIDADE_min": "Itapeva_Itapeva_Sudoeste Paulista" }, "geometry": { "type": "Point", "coordinates": [ -48.8730183, -23.9869098 ] } },
{ "type": "Feature", "properties": { "fid": 306881, "CNPJ": "35828884000151", "IDCIDADE": "ITAPEVA", "NOMEFANTASIA": "Ronnos Lanches", "RAZAOSOCIAL": "RONNOS LANCHES LTDA", "ENDEE": "RUA EVERALDO MILTON CHIAVANI, 145, CENTRAL PARK, 18406-020, ITAPEVA, SP, BRASIL", "LMAPS": "https://www.google.com/maps?q=&layer=c&cbll=-23.9879696,-48.884867", "O_QUE_FAZER": "CARTEIRA - FAMPE", "ER_REGIAO_CIDADE_min": "Itapeva_Itapeva_Sudoeste Paulista" }, "geometry": { "type": "Point", "coordinates": [ -48.884867, -23.9879696 ] } },
{ "type": "Feature", "properties": { "fid": 306882, "CNPJ": "51979240000110", "IDCIDADE": "ITAPEVA", "NOMEFANTASIA": "-", "RAZAOSOCIAL": "QUITANDA FRUTASOL ITAPEVA LTDA", "ENDEE": "RUA EURICO MONTEIRO DE ALMEIDA, 06, JARDIM MARINGA, 18408-460, ITAPEVA, SP, BRASIL", "LMAPS": "https://www.google.com/maps?q=&layer=c&cbll=-23.9881676,-48.8996006", "O_QUE_FAZER": "CARTEIRA - FAMPE", "ER_REGIAO_CIDADE_min": "Itapeva_Itapeva_Sudoeste Paulista" }, "geometry": { "type": "Point", "coordinates": [ -48.8996006, -23.9881676 ] } },
{ "type": "Feature", "properties": { "fid": 306890, "CNPJ": "61513381000105", "IDCIDADE": "ITAPEVA", "NOMEFANTASIA": "DFV Montagem e Comunicacao Visual Geral", "RAZAOSOCIAL": "DFV MONTAGEM E COMUNICACAO VISUAL GERAL LTDA", "ENDEE": "RUA EMILIO FERRARI, 147, VILA SANTANA, 18400-803, ITAPEVA, SP, BRASIL", "LMAPS": "https://www.google.com/maps?q=&layer=c&cbll=-23.9903789,-48.8746062", "O_QUE_FAZER": "CARTEIRA - FAMPE", "ER_REGIAO_CIDADE_min": "Itapeva_Itapeva_Sudoeste Paulista" }, "geometry": { "type": "Point", "coordinates": [ -48.8746062, -23.9903789 ] } },
{ "type": "Feature", "properties": { "fid": 306895, "CNPJ": "48092705000102", "IDCIDADE": "ITAPEVA", "NOMEFANTASIA": "-", "RAZAOSOCIAL": "48.092.705 CARINA APARECIDA MOREIRA FADINI", "ENDEE": "RUA ARMANDO DA COSTA, 555, JARDIM MARINGA, 18407-020, ITAPEVA, SP, BRASIL", "LMAPS": "https://www.google.com/maps?q=&layer=c&cbll=-23.99189,-48.8949303", "O_QUE_FAZER": "CARTEIRA - FAMPE", "ER_REGIAO_CIDADE_min": "Itapeva_Itapeva_Sudoeste Paulista" }, "geometry": { "type": "Point", "coordinates": [ -48.8949303, -23.99189 ] } },
{ "type": "Feature", "properties": { "fid": 306902, "CNPJ": "65440887000184", "IDCIDADE": "ITAPEVA", "NOMEFANTASIA": "-", "RAZAOSOCIAL": "65.440.887 MARCIO LOPES DE ALMEIDA", "ENDEE": "RUA ALEMANHA, 32, JARDIM EUROPA, 18406-490, ITAPEVA, SP, BRASIL", "LMAPS": "https://www.google.com/maps?q=&layer=c&cbll=-23.9940276,-48.8914623", "O_QUE_FAZER": "CARTEIRA - FAMPE", "ER_REGIAO_CIDADE_min": "Itapeva_Itapeva_Sudoeste Paulista" }, "geometry": { "type": "Point", "coordinates": [ -48.8914623, -23.9940276 ] } },
{ "type": "Feature", "properties": { "fid": 306903, "CNPJ": "66342532000115", "IDCIDADE": "ITAPEVA", "NOMEFANTASIA": "-", "RAZAOSOCIAL": "66.342.532 JOSIMARA MAZIERO PATRIARCA", "ENDEE": "RUA INGLATERRA, 345, JARDIM EUROPA, 18406-400, ITAPEVA, SP, BRASIL", "LMAPS": "https://www.google.com/maps?q=&layer=c&cbll=-23.9948583,-48.8877989", "O_QUE_FAZER": "CARTEIRA - FAMPE", "ER_REGIAO_CIDADE_min": "Itapeva_Itapeva_Sudoeste Paulista" }, "geometry": { "type": "Point", "coordinates": [ -48.8877989, -23.9948583 ] } },
{ "type": "Feature", "properties": { "fid": 306905, "CNPJ": "61967083000187", "IDCIDADE": "ITAPEVA", "NOMEFANTASIA": "-", "RAZAOSOCIAL": "61.967.083 JOSE LUIZ SANTOS DE SOUZA", "ENDEE": "RUA MARIA DE LIMA, 147, CASA, JARDIM GRAJAU, 18404-430, ITAPEVA, SP, BRASIL", "LMAPS": "https://www.google.com/maps?q=&layer=c&cbll=-23.996162,-48.8604678", "O_QUE_FAZER": "CARTEIRA - FAMPE", "ER_REGIAO_CIDADE_min": "Itapeva_Itapeva_Sudoeste Paulista" }, "geometry": { "type": "Point", "coordinates": [ -48.8604678, -23.996162 ] } },
{ "type": "Feature", "properties": { "fid": 306906, "CNPJ": "51604233000134", "IDCIDADE": "ITAPEVA", "NOMEFANTASIA": "-", "RAZAOSOCIAL": "51.604.233 IGOR NUNES LEITE", "ENDEE": "RUA JUVENAL CELESTINO DOS SANTOS, 341, CONJUNTO HABITACIONAL SAO CAMILO, 18408-270, ITAPEVA, SP, BRASIL", "LMAPS": "https://www.google.com/maps?q=&layer=c&cbll=-23.9964696,-48.9085851", "O_QUE_FAZER": "CARTEIRA - FAMPE", "ER_REGIAO_CIDADE_min": "Itapeva_Itapeva_Sudoeste Paulista" }, "geometry": { "type": "Point", "coordinates": [ -48.9085851, -23.9964696 ] } },
{ "type": "Feature", "properties": { "fid": 306909, "CNPJ": "60380373000167", "IDCIDADE": "ITAPEVA", "NOMEFANTASIA": "-", "RAZAOSOCIAL": "60.380.373 PALOMA DE LIMA BENTO", "ENDEE": "RUA JOSE DO AMARAL, 62, CONJUNTO HABITACIONAL SAO CAMILO, 18408-100, ITAPEVA, SP, BRASIL", "LMAPS": "https://www.google.com/maps?q=&layer=c&cbll=-23.9979085,-48.9018229", "O_QUE_FAZER": "CARTEIRA - FAMPE", "ER_REGIAO_CIDADE_min": "Itapeva_Itapeva_Sudoeste Paulista" }, "geometry": { "type": "Point", "coordinates": [ -48.9018229, -23.9979085 ] } },
{ "type": "Feature", "properties": { "fid": 306914, "CNPJ": "62895755000159", "IDCIDADE": "ITAPEVA", "NOMEFANTASIA": "-", "RAZAOSOCIAL": "62.895.755 JULIA KAUANY TEIXEIRA SILVA LINDOLM", "ENDEE": "RUA GUILHERME FRANCISCO MARTHO, 120, JARDIM MORADA DO SOL, 18408-655, ITAPEVA, SP, BRASIL", "LMAPS": "https://www.google.com/maps?q=&layer=c&cbll=-24.0038335,-48.9010894", "O_QUE_FAZER": "CARTEIRA - FAMPE", "ER_REGIAO_CIDADE_min": "Itapeva_Itapeva_Sudoeste Paulista" }, "geometry": { "type": "Point", "coordinates": [ -48.9010894, -24.0038335 ] } },
{ "type": "Feature", "properties": { "fid": 306921, "CNPJ": "40566860000101", "IDCIDADE": "ITAPEVA", "NOMEFANTASIA": "-", "RAZAOSOCIAL": "40.566.860 LEANDRO TADEU EUZEBIO GOUVEA", "ENDEE": "RUA JOAQUIM DOMINGUES DE OLIVEIRA, 221, BAIRRO DE CIMA, 18404-522, ITAPEVA, SP, BRASIL", "LMAPS": "https://www.google.com/maps?q=&layer=c&cbll=-24.0186506,-48.8378228", "O_QUE_FAZER": "CARTEIRA - FAMPE", "ER_REGIAO_CIDADE_min": "Itapeva_Itapeva_Sudoeste Paulista" }, "geometry": { "type": "Point", "coordinates": [ -48.8378228, -24.0186506 ] } },
{ "type": "Feature", "properties": { "fid": 306922, "CNPJ": "66625191000195", "IDCIDADE": "ITAPEVA", "NOMEFANTASIA": "-", "RAZAOSOCIAL": "66.625.191 DAVISON DE SOUZA", "ENDEE": "AREA RURAL, 0, AREA RURAL DE ITAPEVA, 18419-899, ITAPEVA, SP, BRASIL", "LMAPS": "https://www.google.com/maps?q=&layer=c&cbll=-24.032249,-48.859472", "O_QUE_FAZER": "CARTEIRA - FAMPE", "ER_REGIAO_CIDADE_min": "Itapeva_Itapeva_Sudoeste Paulista" }, "geometry": { "type": "Point", "coordinates": [ -48.859472, -24.032249 ] } }
]
}
