{
"type": "FeatureCollection",
"name": "ER_REGIAO_CIDADE_min_São Vicente_Baixada Santista",
"crs": { "type": "name", "properties": { "name": "urn:ogc:def:crs:OGC:1.3:CRS84" } },
"xy_coordinate_resolution": 1e-15,
"features": [
{ "type": "Feature", "properties": { "CNPJ": "63740155000184", "IDCIDADE": "SAO_VICENTE", "NOMEFANTASIA": "LA_CASA_DAS_BEBIDAS", "RAZAOSOCIAL": "LA_CASA_DAS_BEBIDAS", "ENDEE": "PROFESSORA_HERMINIA_I._S._LAQUA482__CONJUNTO_RESIDENCIAL_HUMAITA_11348-250", "LATITUDE": "-23.9543874", "LONGITUDE": "-46.4544735", "LMAPS": "https://www.google.com/maps?q=&layer=c&cbll=-46.4544735,-23.9543874", "O_QUE_FAZER": "FINALIZADO", "ER_REGIAO_CIDADE_min": "São Vicente_Baixada Santista" }, "geometry": { "type": "Point", "coordinates": [ -46.4544735, -23.9543874 ] } },
{ "type": "Feature", "properties": { "CNPJ": "55483364000161", "IDCIDADE": "SAO_VICENTE", "NOMEFANTASIA": "TWO_BROTHER_'S_TRANSPORTES_LTDA", "RAZAOSOCIAL": "TWO_BROTHER_'S_TRANSPORTES_LTDA", "ENDEE": "AVENIDA_DOM_PEDRO_II1085__CIDADE_NAUTICA_11350-100", "LATITUDE": "-23.9423515", "LONGITUDE": "-46.4157608", "LMAPS": "https://www.google.com/maps?q=&layer=c&cbll=-46.4157608,-23.9423515", "O_QUE_FAZER": "FINALIZADO", "ER_REGIAO_CIDADE_min": "São Vicente_Baixada Santista" }, "geometry": { "type": "Point", "coordinates": [ -46.4157608, -23.9423515 ] } },
{ "type": "Feature", "properties": { "CNPJ": "28055752000179", "IDCIDADE": "SAO_VICENTE", "NOMEFANTASIA": "STUDIO_M_NAILS_LTDA", "RAZAOSOCIAL": "STUDIO_M", "ENDEE": "RUA_ALFERES_GERMANO_DA_COSTA375__CIDADE_NAUTICA_11355-190", "LATITUDE": "-23.9452807", "LONGITUDE": "-46.4100127", "LMAPS": "https://www.google.com/maps?q=&layer=c&cbll=-46.4100127,-23.9452807", "O_QUE_FAZER": "FINALIZADO", "ER_REGIAO_CIDADE_min": "São Vicente_Baixada Santista" }, "geometry": { "type": "Point", "coordinates": [ -46.4100127, -23.9452807 ] } },
{ "type": "Feature", "properties": { "CNPJ": "65968906000140", "IDCIDADE": "SAO_VICENTE", "NOMEFANTASIA": "LC_TREINAMENTOS_E_PROVISOES", "RAZAOSOCIAL": "65.968.906_LENO_DE_SOUSA_RIBEIRO", "ENDEE": "MARTIM_AFONSO_1364_CENTRO_SAO_VICENTE_11310-010", "LATITUDE": "-23.9697129", "LONGITUDE": "-46.3897549", "LMAPS": "https://www.google.com/maps?q=&layer=c&cbll=-23.9697129,-46.3897549", "O_QUE_FAZER": "Finalizado", "ER_REGIAO_CIDADE_min": "São Vicente_Baixada Santista" }, "geometry": { "type": "Point", "coordinates": [ -46.3897549, -23.9697129 ] } },
{ "type": "Feature", "properties": { "CNPJ": "43572156000150", "IDCIDADE": "SÃO VICENTE", "NOMEFANTASIA": "BELLA & LUA SERVIÇO DE LIMPEZA PADRÃO", "RAZAOSOCIAL": "43.572.156 DESIRRE OLIVEIRA COIMBRA", "ENDEE": "CAIAMORÉ, 657, VILA MARGARIDA, SÃO VICENTE_11330-703", "LATITUDE": "-23.9655817", "LONGITUDE": "-46.4046452", "LMAPS": "https://www.google.com/maps?q=&layer=c&cbll=-23.9655817,-46.4046452", "O_QUE_FAZER": "FINALIZADO", "ER_REGIAO_CIDADE_min": "São Vicente_Baixada Santista" }, "geometry": { "type": "Point", "coordinates": [ -46.4046452, -23.9655817 ] } },
{ "type": "Feature", "properties": { "CNPJ": "17638655000192", "IDCIDADE": "SÃO VICENTE", "NOMEFANTASIA": "CANTINHO ELIANE JACI", "RAZAOSOCIAL": "17.638.655 ELIANE JACI DOS SANTOS", "ENDEE": "NOVE, 337, JARDIM IRMÃ DOLORES, SÃO VICENTE_11347-490", "LATITUDE": "-23.9808665", "LONGITUDE": "-46.461764", "LMAPS": "https://www.google.com/maps?q=&layer=c&cbll=-23.9808665,-46.461764", "O_QUE_FAZER": "FINALIZADO", "ER_REGIAO_CIDADE_min": "São Vicente_Baixada Santista" }, "geometry": { "type": "Point", "coordinates": [ -46.461764, -23.9808665 ] } },
{ "type": "Feature", "properties": { "CNPJ": "50796255000180", "IDCIDADE": "SAO_VICENTE", "NOMEFANTASIA": "GOL PLUS SP LTDA", "RAZAOSOCIAL": "GOL PLUS SP LTDA", "ENDEE": "RUA_EXPEDICIONÁRIOS VICENTINOS_92_CENTRO_11310-510_SAO_VICENTE", "LATITUDE": "-23.9642065", "LONGITUDE": "-46.3850864", "LMAPS": "https://www.google.com/maps?q=&layer=c&cbll=-23.9642065,-46.3850864", "O_QUE_FAZER": "FINALIZADO", "ER_REGIAO_CIDADE_min": "São Vicente_Baixada Santista" }, "geometry": { "type": "Point", "coordinates": [ -46.3850864, -23.9642065 ] } },
{ "type": "Feature", "properties": { "CNPJ": "58461972000163", "IDCIDADE": "SAO_VICENTE", "NOMEFANTASIA": "-", "RAZAOSOCIAL": "58.461.972 JAQUELINE CASTRO FREITAS DA SILVA DANTAS", "ENDEE": "RUA_G_320_JARDIM RIO NEGRO_11347-440_SAO_VICENTE", "LATITUDE": "-23.9873024", "LONGITUDE": "-46.463964", "LMAPS": "https://www.google.com/maps?q=&layer=c&cbll=-23.9873024,-46.463964", "O_QUE_FAZER": "FINALIZADO", "ER_REGIAO_CIDADE_min": "São Vicente_Baixada Santista" }, "geometry": { "type": "Point", "coordinates": [ -46.463964, -23.9873024 ] } },
{ "type": "Feature", "properties": { "CNPJ": "34381898000107", "IDCIDADE": "SAO_VICENTE", "NOMEFANTASIA": "CLUB_PET", "RAZAOSOCIAL": "D._B._MELLO_DE_JESUS_PET_SHOP", "ENDEE": "RUA_JOAO_RAMALHO259__CENTRO_11310-050", "LATITUDE": "-23.967477", "LONGITUDE": "-46.3805798", "LMAPS": "https://www.google.com/maps?q=&layer=c&cbll=-46.3805798,-23.967477", "O_QUE_FAZER": "FINALIZADO", "ER_REGIAO_CIDADE_min": "São Vicente_Baixada Santista" }, "geometry": { "type": "Point", "coordinates": [ -46.3805798, -23.967477 ] } },
{ "type": "Feature", "properties": { "CNPJ": "12479573000129", "IDCIDADE": "SAO_VICENTE", "NOMEFANTASIA": "-", "RAZAOSOCIAL": "MARCOS VINICIUS BATISTA DE SOUZA LTDA", "ENDEE": "AVENIDA_MOTTA LIMA_621_VILA MELLO_11370-100_SAO_VICENTE", "LATITUDE": "-23.9572113", "LONGITUDE": "-46.3826897", "LMAPS": "https://www.google.com/maps?q=&layer=c&cbll=-23.9572113,-46.3826897", "O_QUE_FAZER": "FINALIZADO", "ER_REGIAO_CIDADE_min": "São Vicente_Baixada Santista" }, "geometry": { "type": "Point", "coordinates": [ -46.3826897, -23.9572113 ] } },
{ "type": "Feature", "properties": { "CNPJ": "33104649000101", "IDCIDADE": "SAO_VICENTE", "NOMEFANTASIA": "33.104.649_EDUARDO_AUGUSTO_PINTO_DE_SOUZA", "RAZAOSOCIAL": "EDUARDO_AUGUSTO", "ENDEE": "RUA_MARTIM_AFONSO251__CENTRO_11310-011", "LATITUDE": "-23.967256", "LONGITUDE": "-46.3860974", "LMAPS": "https://www.google.com/maps?q=&layer=c&cbll=-46.3860974,-23.967256", "O_QUE_FAZER": "FINALIZADO", "ER_REGIAO_CIDADE_min": "São Vicente_Baixada Santista" }, "geometry": { "type": "Point", "coordinates": [ -46.3860974, -23.967256 ] } },
{ "type": "Feature", "properties": { "CNPJ": "50033276000144", "IDCIDADE": "SAO_VICENTE", "NOMEFANTASIA": "PRAIA_DELIVERY_LTDA", "RAZAOSOCIAL": "PRAIA_MAR_DELIVERY", "ENDEE": "RUA_FREI_GASPAR549__CENTRO_11310-060", "LATITUDE": "-23.9664499", "LONGITUDE": "-46.3850138", "LMAPS": "https://www.google.com/maps?q=&layer=c&cbll=-46.3850138,-23.9664499", "O_QUE_FAZER": "FINALIZADO", "ER_REGIAO_CIDADE_min": "São Vicente_Baixada Santista" }, "geometry": { "type": "Point", "coordinates": [ -46.3850138, -23.9664499 ] } },
{ "type": "Feature", "properties": { "CNPJ": "60014578000129", "IDCIDADE": "SAO_VICENTE", "NOMEFANTASIA": "LANCHONETE_E_RESTAURANTE_PRAIA_E_MAR_LTDA", "RAZAOSOCIAL": "PRAIA_MAR", "ENDEE": "RUA_FREI_GASPAR576__CENTRO_11310-061", "LATITUDE": "-23.9663513", "LONGITUDE": "-46.3848695", "LMAPS": "https://www.google.com/maps?q=&layer=c&cbll=-46.3848695,-23.9663513", "O_QUE_FAZER": "FINALIZADO", "ER_REGIAO_CIDADE_min": "São Vicente_Baixada Santista" }, "geometry": { "type": "Point", "coordinates": [ -46.3848695, -23.9663513 ] } },
{ "type": "Feature", "properties": { "CNPJ": "34060080000192", "IDCIDADE": "SAO_VICENTE", "NOMEFANTASIA": "HOFFEN_CONDOMINIOS_LTDA", "RAZAOSOCIAL": "HOFFEN_CONDOMINIOS_-_ADMINISTRANDO_COM_EXCELENCIA", "ENDEE": "RUA_FREI_GASPAR931__CENTRO_11310-061", "LATITUDE": "-23.9647576", "LONGITUDE": "-46.388294", "LMAPS": "https://www.google.com/maps?q=&layer=c&cbll=-46.388294,-23.9647576", "O_QUE_FAZER": "FINALIZADO", "ER_REGIAO_CIDADE_min": "São Vicente_Baixada Santista" }, "geometry": { "type": "Point", "coordinates": [ -46.388294, -23.9647576 ] } },
{ "type": "Feature", "properties": { "CNPJ": "45072703000163", "IDCIDADE": "SAO_VICENTE", "NOMEFANTASIA": "GRIFFES_KIDS_013_LTDA", "RAZAOSOCIAL": "GRIFES_KIDS", "ENDEE": "RUA_JACOB_EMERICK220__CENTRO_11310-070", "LATITUDE": "-23.9681437", "LONGITUDE": "-46.3833845", "LMAPS": "https://www.google.com/maps?q=&layer=c&cbll=-46.3833845,-23.9681437", "O_QUE_FAZER": "FINALIZADO", "ER_REGIAO_CIDADE_min": "São Vicente_Baixada Santista" }, "geometry": { "type": "Point", "coordinates": [ -46.3833845, -23.9681437 ] } },
{ "type": "Feature", "properties": { "CNPJ": "34912398000154", "IDCIDADE": "SAO_VICENTE", "NOMEFANTASIA": "MESSIA_KULAIF_08835468841", "RAZAOSOCIAL": "MESSIA_KULAIF", "ENDEE": "RUA_JACOB_EMERICK228__CENTRO_11310-070", "LATITUDE": "-23.9680993", "LONGITUDE": "-46.3834195", "LMAPS": "https://www.google.com/maps?q=&layer=c&cbll=-46.3834195,-23.9680993", "O_QUE_FAZER": "FINALIZADO", "ER_REGIAO_CIDADE_min": "São Vicente_Baixada Santista" }, "geometry": { "type": "Point", "coordinates": [ -46.3834195, -23.9680993 ] } },
{ "type": "Feature", "properties": { "CNPJ": "12450305000184", "IDCIDADE": "SAO_VICENTE", "NOMEFANTASIA": "EVELEN_DA_SILVA_VIEIRA", "RAZAOSOCIAL": "EVELYN", "ENDEE": "RUA_JACOB_EMERICK359__CENTRO_11310-070", "LATITUDE": "-23.9678417", "LONGITUDE": "-46.3847501", "LMAPS": "https://www.google.com/maps?q=&layer=c&cbll=-46.3847501,-23.9678417", "O_QUE_FAZER": "FINALIZADO", "ER_REGIAO_CIDADE_min": "São Vicente_Baixada Santista" }, "geometry": { "type": "Point", "coordinates": [ -46.3847501, -23.9678417 ] } },
{ "type": "Feature", "properties": { "CNPJ": "35735041000100", "IDCIDADE": "SAO_VICENTE", "NOMEFANTASIA": "JL_PENEDO_SERVICOS_ODONTOLOGICOS_LTDA", "RAZAOSOCIAL": "ODONTO_EXELLENCE", "ENDEE": "RUA_IPIRANGA175__CENTRO_11310-421", "LATITUDE": "-23.9660038", "LONGITUDE": "-46.3880155", "LMAPS": "https://www.google.com/maps?q=&layer=c&cbll=-46.3880155,-23.9660038", "O_QUE_FAZER": "FINALIZADO", "ER_REGIAO_CIDADE_min": "São Vicente_Baixada Santista" }, "geometry": { "type": "Point", "coordinates": [ -46.3880155, -23.9660038 ] } },
{ "type": "Feature", "properties": { "CNPJ": "41719093000196", "IDCIDADE": "SAO_VICENTE", "NOMEFANTASIA": "REQUINTE_&_CLASSE_MOVEIS_PLANEJADOS_LTDA", "RAZAOSOCIAL": "REQUINTE_&_CLASSE_MOVEIS_PLANEJADOS", "ENDEE": "RUA_SOROCABANA123__CENTRO_11310-450", "LATITUDE": "-23.9638943", "LONGITUDE": "-46.3914716", "LMAPS": "https://www.google.com/maps?q=&layer=c&cbll=-46.3914716,-23.9638943", "O_QUE_FAZER": "FINALIZADO", "ER_REGIAO_CIDADE_min": "São Vicente_Baixada Santista" }, "geometry": { "type": "Point", "coordinates": [ -46.3914716, -23.9638943 ] } },
{ "type": "Feature", "properties": { "CNPJ": "46127503000123", "IDCIDADE": "SAO_VICENTE", "NOMEFANTASIA": "46.127.503_JOSE_PEDRO_GONCALO_JUNIOR", "RAZAOSOCIAL": "CASAS_DAS_AGUAS", "ENDEE": "RUA_MARECHAL_FLORIANO_PEIXOTO135__CENTRO_11320-100", "LATITUDE": "-23.9678576", "LONGITUDE": "-46.3742086", "LMAPS": "https://www.google.com/maps?q=&layer=c&cbll=-46.3742086,-23.9678576", "O_QUE_FAZER": "FINALIZADO", "ER_REGIAO_CIDADE_min": "São Vicente_Baixada Santista" }, "geometry": { "type": "Point", "coordinates": [ -46.3742086, -23.9678576 ] } },
{ "type": "Feature", "properties": { "CNPJ": "42382258000140", "IDCIDADE": "SAO_VICENTE", "NOMEFANTASIA": "ROGERIO_CATITA_LEONARDO", "RAZAOSOCIAL": "POUSADA_CANTO_DO_MAR", "ENDEE": "RUA_MESSIA_ASSU423__ITARARE_11320-130", "LATITUDE": "-23.9692567", "LONGITUDE": "-46.3708855", "LMAPS": "https://www.google.com/maps?q=&layer=c&cbll=-46.3708855,-23.9692567", "O_QUE_FAZER": "FINALIZADO", "ER_REGIAO_CIDADE_min": "São Vicente_Baixada Santista" }, "geometry": { "type": "Point", "coordinates": [ -46.3708855, -23.9692567 ] } },
{ "type": "Feature", "properties": { "CNPJ": "38077003000104", "IDCIDADE": "SAO_VICENTE", "NOMEFANTASIA": "GUADALUPE_GASCON", "RAZAOSOCIAL": "GUADALUPE_REPRESENTACOES", "ENDEE": "AVENIDA_MANOEL_DA_NOBREGA451__ITARARE_11320-200", "LATITUDE": "-23.9710777", "LONGITUDE": "-46.3694232", "LMAPS": "https://www.google.com/maps?q=&layer=c&cbll=-46.3694232,-23.9710777", "O_QUE_FAZER": "FINALIZADO", "ER_REGIAO_CIDADE_min": "São Vicente_Baixada Santista" }, "geometry": { "type": "Point", "coordinates": [ -46.3694232, -23.9710777 ] } },
{ "type": "Feature", "properties": { "CNPJ": "69200376000146", "IDCIDADE": "SAO_VICENTE", "NOMEFANTASIA": "LANCHONETE_TAPETAO_DE_OURO_LTDA", "RAZAOSOCIAL": "TAPETAO_DE_OURO", "ENDEE": "AVENIDA_MANOEL_DA_NOBREGA1238__ITARARE_11320-202", "LATITUDE": "-23.9688663", "LONGITUDE": "-46.362162", "LMAPS": "https://www.google.com/maps?q=&layer=c&cbll=-46.362162,-23.9688663", "O_QUE_FAZER": "FINALIZADO", "ER_REGIAO_CIDADE_min": "São Vicente_Baixada Santista" }, "geometry": { "type": "Point", "coordinates": [ -46.362162, -23.9688663 ] } },
{ "type": "Feature", "properties": { "CNPJ": "37049955000143", "IDCIDADE": "SAO_VICENTE", "NOMEFANTASIA": "37.049.955_CELIA_REGINA_DA_SILVA_CRUZ", "RAZAOSOCIAL": "CELIA_REGINA_DA_SILVA_CRUZ", "ENDEE": "RUA_VEREADOR_YAGO_DE_CASTRO_BICUDO49__VILA_MATEO_BEI_11335-350", "LATITUDE": "-23.9612987", "LONGITUDE": "-46.4091918", "LMAPS": "https://www.google.com/maps?q=&layer=c&cbll=-46.4091918,-23.9612987", "O_QUE_FAZER": "FINALIZADO", "ER_REGIAO_CIDADE_min": "São Vicente_Baixada Santista" }, "geometry": { "type": "Point", "coordinates": [ -46.4091918, -23.9612987 ] } },
{ "type": "Feature", "properties": { "CNPJ": "50816375000100", "IDCIDADE": "SAO_VICENTE", "NOMEFANTASIA": "50.816.375_WALLISSON_GOMES_DA_SILVA", "RAZAOSOCIAL": "50.816.375_WALLISSON_GOMES_DA_SILVA", "ENDEE": "RUA_JOSE_MARIA_GONCALVES426__JARDIM_RIO_BRANCO_11347-170", "LATITUDE": "-23.9837488", "LONGITUDE": "-46.4702582", "LMAPS": "https://www.google.com/maps?q=&layer=c&cbll=-46.4702582,-23.9837488", "O_QUE_FAZER": "FINALIZADO", "ER_REGIAO_CIDADE_min": "São Vicente_Baixada Santista" }, "geometry": { "type": "Point", "coordinates": [ -46.4702582, -23.9837488 ] } },
{ "type": "Feature", "properties": { "CNPJ": "47959984000104", "IDCIDADE": "SAO_VICENTE", "NOMEFANTASIA": "KARINA_ROSA_DE_ABREU_MARIANO_37401981840", "RAZAOSOCIAL": "AKCSERVICOS_", "ENDEE": "RUA_G1472__JARDIM_RIO_NEGRO_11347-440", "LATITUDE": "-23.9835291", "LONGITUDE": "-46.4565332", "LMAPS": "https://www.google.com/maps?q=&layer=c&cbll=-46.4565332,-23.9835291", "O_QUE_FAZER": "FINALIZADO", "ER_REGIAO_CIDADE_min": "São Vicente_Baixada Santista" }, "geometry": { "type": "Point", "coordinates": [ -46.4565332, -23.9835291 ] } },
{ "type": "Feature", "properties": { "CNPJ": "57448203000162", "IDCIDADE": "SAO_VICENTE", "NOMEFANTASIA": "57.448.203_ESTANISLAU_EVANGELISTA_VIEIRA_SANTANA", "RAZAOSOCIAL": "57.448.203_ESTANISLAU_EVANGELISTA_VIEIRA_SANTANA", "ENDEE": "RUA_MARLENE_MIRAN171__JARDIM_RIO_NEGRO_11347-445", "LATITUDE": "-23.9878665", "LONGITUDE": "-46.4654685", "LMAPS": "https://www.google.com/maps?q=&layer=c&cbll=-46.4654685,-23.9878665", "O_QUE_FAZER": "FINALIZADO", "ER_REGIAO_CIDADE_min": "São Vicente_Baixada Santista" }, "geometry": { "type": "Point", "coordinates": [ -46.4654685, -23.9878665 ] } },
{ "type": "Feature", "properties": { "CNPJ": "10546111000151", "IDCIDADE": "SAO_VICENTE", "NOMEFANTASIA": "SIM_APOIO_ADMINISTRATIVO_E_DOCUMENTACAO_LTDA", "RAZAOSOCIAL": "SIM__VISTORIAS_E_CONSULTORIA_IMOBILIARIA", "ENDEE": "AVENIDA_QUARENTENARIO0__JARDIM_IRMA_DOLORES_11347-520", "LATITUDE": "-23.9810409", "LONGITUDE": "-46.4527321", "LMAPS": "https://www.google.com/maps?q=&layer=c&cbll=-46.4527321,-23.9810409", "O_QUE_FAZER": "FINALIZADO", "ER_REGIAO_CIDADE_min": "São Vicente_Baixada Santista" }, "geometry": { "type": "Point", "coordinates": [ -46.4527321, -23.9810409 ] } },
{ "type": "Feature", "properties": { "CNPJ": "07589145000119", "IDCIDADE": "SAO_VICENTE", "NOMEFANTASIA": "JANILSON_ALVES_CORDEIRO", "RAZAOSOCIAL": "J_A_ELETRONICA", "ENDEE": "AVENIDA_CELLULA_MATTER653__PARQUE_CONTINENTAL_11348-000", "LATITUDE": "-23.9546859", "LONGITUDE": "-46.4591187", "LMAPS": "https://www.google.com/maps?q=&layer=c&cbll=-46.4591187,-23.9546859", "O_QUE_FAZER": "FINALIZADO", "ER_REGIAO_CIDADE_min": "São Vicente_Baixada Santista" }, "geometry": { "type": "Point", "coordinates": [ -46.4591187, -23.9546859 ] } },
{ "type": "Feature", "properties": { "CNPJ": "31700120000125", "IDCIDADE": "SAO_VICENTE", "NOMEFANTASIA": "KELVIN_CHAVES_DOS_SANTOS_41959446860", "RAZAOSOCIAL": "KELVIN_CHAVES_DOS_SANTOS", "ENDEE": "AVENIDA_DOUTOR_JOSE_SINGER286__CONJUNTO_RESIDENCIAL_HUMAITA_11349-000", "LATITUDE": "-23.9489181", "LONGITUDE": "-46.4617937", "LMAPS": "https://www.google.com/maps?q=&layer=c&cbll=-46.4617937,-23.9489181", "O_QUE_FAZER": "FINALIZADO", "ER_REGIAO_CIDADE_min": "São Vicente_Baixada Santista" }, "geometry": { "type": "Point", "coordinates": [ -46.4617937, -23.9489181 ] } },
{ "type": "Feature", "properties": { "CNPJ": "36311357000138", "IDCIDADE": "SAO_VICENTE", "NOMEFANTASIA": "36.311.357_JESSICA_VEIGA_SANTANA_MATOS", "RAZAOSOCIAL": "36.311.357_JESSICA_VEIGA_SANTANA_MATOS", "ENDEE": "AVENIDA_VEREADOR_VALTER_MELARATO1549__CONJUNTO_RESIDENCIAL_HUMAITA_11349-300", "LATITUDE": "-23.9548286", "LONGITUDE": "-46.4507048", "LMAPS": "https://www.google.com/maps?q=&layer=c&cbll=-46.4507048,-23.9548286", "O_QUE_FAZER": "FINALIZADO", "ER_REGIAO_CIDADE_min": "São Vicente_Baixada Santista" }, "geometry": { "type": "Point", "coordinates": [ -46.4507048, -23.9548286 ] } },
{ "type": "Feature", "properties": { "CNPJ": "40877017000146", "IDCIDADE": "SAO_VICENTE", "NOMEFANTASIA": "PADILHA_&_PADILHA_TAPECARIA_LTDA", "RAZAOSOCIAL": "TAPECARIA_NOVA_ART'S", "ENDEE": "RUA_FREI_GASPAR4204__PARQUE_SAO_VICENTE_11350-000", "LATITUDE": "-23.9475041", "LONGITUDE": "-46.4134691", "LMAPS": "https://www.google.com/maps?q=&layer=c&cbll=-46.4134691,-23.9475041", "O_QUE_FAZER": "FINALIZADO", "ER_REGIAO_CIDADE_min": "São Vicente_Baixada Santista" }, "geometry": { "type": "Point", "coordinates": [ -46.4134691, -23.9475041 ] } },
{ "type": "Feature", "properties": { "CNPJ": "48806316000100", "IDCIDADE": "SAO_VICENTE", "NOMEFANTASIA": "48.806.316_PAULO_ROBERTO_DA_SILVA", "RAZAOSOCIAL": "NICHOS_ENTE_QUERIDO", "ENDEE": "RUA_LUIS_PINTO_DE_AMORIM145__CIDADE_NAUTICA_11350-230", "LATITUDE": "-23.9424423", "LONGITUDE": "-46.4141259", "LMAPS": "https://www.google.com/maps?q=&layer=c&cbll=-46.4141259,-23.9424423", "O_QUE_FAZER": "FINALIZADO", "ER_REGIAO_CIDADE_min": "São Vicente_Baixada Santista" }, "geometry": { "type": "Point", "coordinates": [ -46.4141259, -23.9424423 ] } },
{ "type": "Feature", "properties": { "CNPJ": "19030614000144", "IDCIDADE": "SAO_VICENTE", "NOMEFANTASIA": "FERRASSO_-_LOCACAO_E_COMERCIO_DE_PRODUTOS_ESTETICOS_E_COSMETICOS_LTDA", "RAZAOSOCIAL": "FERRASSO_-_LOCACAO_E_COMERCIO_DE_PRODUTOS_ESTETICOS_E_COSMETICOS_LTDA", "ENDEE": "RUA_IRINEU_ABILHEIRA_DE_CASTRO443__CIDADE_NAUTICA_11350-260", "LATITUDE": "-23.9428905", "LONGITUDE": "-46.4122592", "LMAPS": "https://www.google.com/maps?q=&layer=c&cbll=-46.4122592,-23.9428905", "O_QUE_FAZER": "FINALIZADO", "ER_REGIAO_CIDADE_min": "São Vicente_Baixada Santista" }, "geometry": { "type": "Point", "coordinates": [ -46.4122592, -23.9428905 ] } },
{ "type": "Feature", "properties": { "CNPJ": "14873223000178", "IDCIDADE": "SAO_VICENTE", "NOMEFANTASIA": "PERIM_CRONOTACOGRAFOS_LTDA", "RAZAOSOCIAL": "ANA_CLAUDIA_SILVA_DE_MATTEO", "ENDEE": "RUA_TAMBAU1121__VILA_NOSSA_SENHORA_DE_FATIMA_11355-030", "LATITUDE": "-23.9453741", "LONGITUDE": "-46.4077741", "LMAPS": "https://www.google.com/maps?q=&layer=c&cbll=-46.4077741,-23.9453741", "O_QUE_FAZER": "FINALIZADO", "ER_REGIAO_CIDADE_min": "São Vicente_Baixada Santista" }, "geometry": { "type": "Point", "coordinates": [ -46.4077741, -23.9453741 ] } },
{ "type": "Feature", "properties": { "CNPJ": "12510952000134", "IDCIDADE": "SAO_VICENTE", "NOMEFANTASIA": "ACRENILSON_SANTANA_MACEDO", "RAZAOSOCIAL": "VITORIA_DISTRIBUIDORA_DE_GAS", "ENDEE": "AVENIDA_GALEAO_COUTINHO1046__PARQUE_SAO_VICENTE_11365-000", "LATITUDE": "-23.9440052", "LONGITUDE": "-46.3931536", "LMAPS": "https://www.google.com/maps?q=&layer=c&cbll=-46.3931536,-23.9440052", "O_QUE_FAZER": "FINALIZADO", "ER_REGIAO_CIDADE_min": "São Vicente_Baixada Santista" }, "geometry": { "type": "Point", "coordinates": [ -46.3931536, -23.9440052 ] } },
{ "type": "Feature", "properties": { "CNPJ": "19117265000100", "IDCIDADE": "SAO_VICENTE", "NOMEFANTASIA": "19.117.265_REGINA_BRANDINO_DE_LARA", "RAZAOSOCIAL": "REGINA_BRANDINO_DE_LARA", "ENDEE": "RUA_SANDRA_ANTONELI84__SA_CATARINA_DE_MORAES_11365-701", "LATITUDE": "-23.957774", "LONGITUDE": "-46.3954697", "LMAPS": "https://www.google.com/maps?q=&layer=c&cbll=-46.3954697,-23.957774", "O_QUE_FAZER": "FINALIZADO", "ER_REGIAO_CIDADE_min": "São Vicente_Baixada Santista" }, "geometry": { "type": "Point", "coordinates": [ -46.3954697, -23.957774 ] } },
{ "type": "Feature", "properties": { "CNPJ": "31050265000128", "IDCIDADE": "SAO_VICENTE", "NOMEFANTASIA": "MIMOS_PARA_TODOS_BRINQUEDOS_EDUCATIVOS_E_INCLUSIVOS_LTDA", "RAZAOSOCIAL": "MIMOS_PARA_TODOS", "ENDEE": "AVENIDA_ANTONIO_EMMERICK683__JARDIM_GUASSU_11370-001", "LATITUDE": "-23.9603487", "LONGITUDE": "-46.3770351", "LMAPS": "https://www.google.com/maps?q=&layer=c&cbll=-46.3770351,-23.9603487", "O_QUE_FAZER": "FINALIZADO", "ER_REGIAO_CIDADE_min": "São Vicente_Baixada Santista" }, "geometry": { "type": "Point", "coordinates": [ -46.3770351, -23.9603487 ] } },
{ "type": "Feature", "properties": { "CNPJ": "16695351000102", "IDCIDADE": "SAO_VICENTE", "NOMEFANTASIA": "BRUNO_DE_OLIVEIRA_ACCORSINI_38470869876", "RAZAOSOCIAL": "BM_CEL", "ENDEE": "RUA_CIDADE_DE_GUARUJA33__VILA_CASCATINHA_11370-130", "LATITUDE": "-23.9585818", "LONGITUDE": "-46.3785982", "LMAPS": "https://www.google.com/maps?q=&layer=c&cbll=-46.3785982,-23.9585818", "O_QUE_FAZER": "FINALIZADO", "ER_REGIAO_CIDADE_min": "São Vicente_Baixada Santista" }, "geometry": { "type": "Point", "coordinates": [ -46.3785982, -23.9585818 ] } },
{ "type": "Feature", "properties": { "CNPJ": "33867988000140", "IDCIDADE": "SAO_VICENTE", "NOMEFANTASIA": "MARCOS_VINICIUS_FORTES_DE_LIMA_39276957855", "RAZAOSOCIAL": "MARCOS_VINICIUS_FORTES_DE_LIMA_39276957855", "ENDEE": "AVENIDA_DOUTOR_ALCIDES_DE_ARAUJO350__VILA_CASCATINHA_11370-200", "LATITUDE": "-23.9585582", "LONGITUDE": "-46.3832465", "LMAPS": "https://www.google.com/maps?q=&layer=c&cbll=-46.3832465,-23.9585582", "O_QUE_FAZER": "FINALIZADO", "ER_REGIAO_CIDADE_min": "São Vicente_Baixada Santista" }, "geometry": { "type": "Point", "coordinates": [ -46.3832465, -23.9585582 ] } },
{ "type": "Feature", "properties": { "CNPJ": "27474491000169", "IDCIDADE": "SAO_VICENTE", "NOMEFANTASIA": "KATIA_APARECIDA_ARENCIANO_RODRIGUES_84753820610", "RAZAOSOCIAL": "CAROL_MATEUCI_SEMIJOIAS", "ENDEE": "RUA_GENERAL_ETCHGOYEN109__VILA_CASCATINHA_11370-210", "LATITUDE": "-23.9576958", "LONGITUDE": "-46.3824607", "LMAPS": "https://www.google.com/maps?q=&layer=c&cbll=-46.3824607,-23.9576958", "O_QUE_FAZER": "FINALIZADO", "ER_REGIAO_CIDADE_min": "São Vicente_Baixada Santista" }, "geometry": { "type": "Point", "coordinates": [ -46.3824607, -23.9576958 ] } },
{ "type": "Feature", "properties": { "CNPJ": "54856461000190", "IDCIDADE": "SAO_VICENTE", "NOMEFANTASIA": "54.856.461_GABRIEL_MARINHO_SOARES_GOMES", "RAZAOSOCIAL": "GABRIEL_MARINHO_SOARES_GOMES", "ENDEE": "RUA_ELIEZER_LOPES_FERNANDES107__CATIAPOA_11370-280", "LATITUDE": "-23.9576945", "LONGITUDE": "-46.3860233", "LMAPS": "https://www.google.com/maps?q=&layer=c&cbll=-46.3860233,-23.9576945", "O_QUE_FAZER": "FINALIZADO", "ER_REGIAO_CIDADE_min": "São Vicente_Baixada Santista" }, "geometry": { "type": "Point", "coordinates": [ -46.3860233, -23.9576945 ] } },
{ "type": "Feature", "properties": { "CNPJ": "43535172000172", "IDCIDADE": "SAO_VICENTE", "NOMEFANTASIA": "43.535.172_VALERIA_APARECIDA_DI_PETTA", "RAZAOSOCIAL": "MIACRIA_BRINDES_PERSONALIZADOS", "ENDEE": "AVENIDA_PREFEITO_JOSE_MONTEIRO378__JARDIM_INDEPENDENCIA_11380-000", "LATITUDE": "-23.9636262", "LONGITUDE": "-46.3747414", "LMAPS": "https://www.google.com/maps?q=&layer=c&cbll=-46.3747414,-23.9636262", "O_QUE_FAZER": "FINALIZADO", "ER_REGIAO_CIDADE_min": "São Vicente_Baixada Santista" }, "geometry": { "type": "Point", "coordinates": [ -46.3747414, -23.9636262 ] } },
{ "type": "Feature", "properties": { "CNPJ": "35123578000110", "IDCIDADE": "SAO_VICENTE", "NOMEFANTASIA": "HSBE_COMERCIO_ELECTRONICO_LTDA", "RAZAOSOCIAL": "AMOECO_BABY", "ENDEE": "RUA_FARMACEUTICO_JOSE_IGNACIO_DA_GLORIA20__VILA_SAO_JORGE_11380-080", "LATITUDE": "-23.9573865", "LONGITUDE": "-46.3703617", "LMAPS": "https://www.google.com/maps?q=&layer=c&cbll=-46.3703617,-23.9573865", "O_QUE_FAZER": "FINALIZADO", "ER_REGIAO_CIDADE_min": "São Vicente_Baixada Santista" }, "geometry": { "type": "Point", "coordinates": [ -46.3703617, -23.9573865 ] } },
{ "type": "Feature", "properties": { "CNPJ": "53330204000157", "IDCIDADE": "SAO_VICENTE", "NOMEFANTASIA": "53.330.204_RICARDO_ALEXANDRE_LOPES", "RAZAOSOCIAL": "FLECHA_DOURADA_REFRIGERACAO_E_CLIMATIZACAO", "ENDEE": "AVENIDA_MONTEIRO_LOBATO532__VILA_VALENCA_11380-500", "LATITUDE": "-23.9628324", "LONGITUDE": "-46.3711667", "LMAPS": "https://www.google.com/maps?q=&layer=c&cbll=-46.3711667,-23.9628324", "O_QUE_FAZER": "FINALIZADO", "ER_REGIAO_CIDADE_min": "São Vicente_Baixada Santista" }, "geometry": { "type": "Point", "coordinates": [ -46.3711667, -23.9628324 ] } },
{ "type": "Feature", "properties": { "CNPJ": "39476832000114", "IDCIDADE": "SAO_VICENTE", "NOMEFANTASIA": "DARCIO_PINHEIRO_DA_SILVA", "RAZAOSOCIAL": "DARCIO_PINHEIRO_DA_SILVA", "ENDEE": "RUA_DOUTOR_FERNANDO_COSTA655__VILA_VALENCA_11380-600", "LATITUDE": "-23.9648523", "LONGITUDE": "-46.3729369", "LMAPS": "https://www.google.com/maps?q=&layer=c&cbll=-46.3729369,-23.9648523", "O_QUE_FAZER": "FINALIZADO", "ER_REGIAO_CIDADE_min": "São Vicente_Baixada Santista" }, "geometry": { "type": "Point", "coordinates": [ -46.3729369, -23.9648523 ] } },
{ "type": "Feature", "properties": { "CNPJ": "41497899000187", "IDCIDADE": "SAO_VICENTE", "NOMEFANTASIA": "SOCIALIZA_SERVICOS_PARA_CAES_LTDA", "RAZAOSOCIAL": "SOCIALIZA_HOSPEDAGEM_E_TREINAMENTO", "ENDEE": "RUA_DOUTOR_FERNANDO_COSTA793__VILA_VALENCA_11380-600", "LATITUDE": "-23.965268", "LONGITUDE": "-46.3715011", "LMAPS": "https://www.google.com/maps?q=&layer=c&cbll=-46.3715011,-23.965268", "O_QUE_FAZER": "FINALIZADO", "ER_REGIAO_CIDADE_min": "São Vicente_Baixada Santista" }, "geometry": { "type": "Point", "coordinates": [ -46.3715011, -23.965268 ] } },
{ "type": "Feature", "properties": { "CNPJ": "45825571000101", "IDCIDADE": "PRAIA_GRANDE", "NOMEFANTASIA": "GEOVANI_DOS_SANTOS_PEREIRA_43192230800", "RAZAOSOCIAL": "GEOVANI_DOS_SANTOS_PEREIRA_43192230800", "ENDEE": "RUA_JUQUIRAIS83__TUPI_11703-800", "LATITUDE": "-23.9647244", "LONGITUDE": "-46.3882357", "LMAPS": "https://www.google.com/maps?q=&layer=c&cbll=-46.3882357,-23.9647244", "O_QUE_FAZER": "FINALIZADO", "ER_REGIAO_CIDADE_min": "São Vicente_Baixada Santista" }, "geometry": { "type": "Point", "coordinates": [ -46.3882357, -23.9647244 ] } },
{ "type": "Feature", "properties": { "CNPJ": "19324787000175", "IDCIDADE": "SANTOS", "NOMEFANTASIA": "ESTILO_CANINO", "RAZAOSOCIAL": "CINTYA_BOREGGIO_SOMERA", "ENDEE": "RUA_CORONEL_CANDIDO_GOMES17__JOSE_MENINO_11065-320", "LATITUDE": "-23.9673235", "LONGITUDE": "-46.3566275", "LMAPS": "https://www.google.com/maps?q=&layer=c&cbll=-46.3566275,-23.9673235", "O_QUE_FAZER": "CARTEIRA", "ER_REGIAO_CIDADE_min": "São Vicente_Baixada Santista" }, "geometry": { "type": "Point", "coordinates": [ -46.3566275, -23.9673235 ] } },
{ "type": "Feature", "properties": { "CNPJ": "09239596000151", "IDCIDADE": "SAO_VICENTE", "NOMEFANTASIA": "KARONA_K2", "RAZAOSOCIAL": "JOSE_DIEGO_ESTEVES_DOS_SANTOS", "ENDEE": "PRACA_BARAO_DO_RIO_BRANCO100__CENTRO_11310-000", "LATITUDE": "-23.9670923", "LONGITUDE": "-46.3857564", "LMAPS": "https://www.google.com/maps?q=&layer=c&cbll=-46.3857564,-23.9670923", "O_QUE_FAZER": "CARTEIRA", "ER_REGIAO_CIDADE_min": "São Vicente_Baixada Santista" }, "geometry": { "type": "Point", "coordinates": [ -46.3857564, -23.9670923 ] } },
{ "type": "Feature", "properties": { "CNPJ": "35715031000103", "IDCIDADE": "SAO_VICENTE", "NOMEFANTASIA": "PRECOTICA", "RAZAOSOCIAL": "SLC_OTICA_LTDA", "ENDEE": "PRACA_BARAO_DO_RIO_BRANCO13__CENTRO_11310-000", "LATITUDE": "-23.9662235", "LONGITUDE": "-46.3852917", "LMAPS": "https://www.google.com/maps?q=&layer=c&cbll=-46.3852917,-23.9662235", "O_QUE_FAZER": "CARTEIRA", "ER_REGIAO_CIDADE_min": "São Vicente_Baixada Santista" }, "geometry": { "type": "Point", "coordinates": [ -46.3852917, -23.9662235 ] } },
{ "type": "Feature", "properties": { "CNPJ": "33987677000114", "IDCIDADE": "SAO_VICENTE", "NOMEFANTASIA": "JS_CELL", "RAZAOSOCIAL": "JS_CELL_ACESSORIOS_LTDA", "ENDEE": "PRACA_BARAO_DO_RIO_BRANCO13__CENTRO_11310-000", "LATITUDE": "-23.966378", "LONGITUDE": "-46.3853677", "LMAPS": "https://www.google.com/maps?q=&layer=c&cbll=-46.3853677,-23.966378", "O_QUE_FAZER": "CARTEIRA", "ER_REGIAO_CIDADE_min": "São Vicente_Baixada Santista" }, "geometry": { "type": "Point", "coordinates": [ -46.3853677, -23.966378 ] } },
{ "type": "Feature", "properties": { "CNPJ": "04811479000105", "IDCIDADE": "SAO_VICENTE", "NOMEFANTASIA": "ORTORAL", "RAZAOSOCIAL": "CLINICA_ODONTOLOGICA_ORTO-ORAL_CENTER_LTDA", "ENDEE": "PRACA_BARAO_DO_RIO_BRANCO18__CENTRO_11310-000", "LATITUDE": "-23.9665243", "LONGITUDE": "-46.3852201", "LMAPS": "https://www.google.com/maps?q=&layer=c&cbll=-46.3852201,-23.9665243", "O_QUE_FAZER": "CARTEIRA", "ER_REGIAO_CIDADE_min": "São Vicente_Baixada Santista" }, "geometry": { "type": "Point", "coordinates": [ -46.3852201, -23.9665243 ] } },
{ "type": "Feature", "properties": { "CNPJ": "68962273000150", "IDCIDADE": "SAO_VICENTE", "NOMEFANTASIA": "VENTURINE_MOVEIS", "RAZAOSOCIAL": "NADIA_AHMAD_CHEBLI_MOVEIS_LTDA", "ENDEE": "PRACA_BARAO_DO_RIO_BRANCO181__CENTRO_11310-000", "LATITUDE": "-23.966931", "LONGITUDE": "-46.3862314", "LMAPS": "https://www.google.com/maps?q=&layer=c&cbll=-46.3862314,-23.966931", "O_QUE_FAZER": "CARTEIRA", "ER_REGIAO_CIDADE_min": "São Vicente_Baixada Santista" }, "geometry": { "type": "Point", "coordinates": [ -46.3862314, -23.966931 ] } },
{ "type": "Feature", "properties": { "CNPJ": "10687389000149", "IDCIDADE": "SAO_VICENTE", "NOMEFANTASIA": "CONQUISTA_CONTABIL", "RAZAOSOCIAL": "CONQUISTA_ASSESSORIA_CONTABIL_LTDA", "ENDEE": "PRACA_BARAO_DO_RIO_BRANCO187__CENTRO_11310-000", "LATITUDE": "-23.9669422", "LONGITUDE": "-46.3860507", "LMAPS": "https://www.google.com/maps?q=&layer=c&cbll=-46.3860507,-23.9669422", "O_QUE_FAZER": "CARTEIRA", "ER_REGIAO_CIDADE_min": "São Vicente_Baixada Santista" }, "geometry": { "type": "Point", "coordinates": [ -46.3860507, -23.9669422 ] } },
{ "type": "Feature", "properties": { "CNPJ": "02572384000142", "IDCIDADE": "SAO_VICENTE", "NOMEFANTASIA": "VILLAGE_COLCHOES", "RAZAOSOCIAL": "AFIFE_HAJJ", "ENDEE": "PRACA_BARAO_DO_RIO_BRANCO197__CENTRO_11310-000", "LATITUDE": "-23.9668019", "LONGITUDE": "-46.3860056", "LMAPS": "https://www.google.com/maps?q=&layer=c&cbll=-46.3860056,-23.9668019", "O_QUE_FAZER": "CARTEIRA", "ER_REGIAO_CIDADE_min": "São Vicente_Baixada Santista" }, "geometry": { "type": "Point", "coordinates": [ -46.3860056, -23.9668019 ] } },
{ "type": "Feature", "properties": { "CNPJ": "31609745000267", "IDCIDADE": "SAO_VICENTE", "NOMEFANTASIA": "DOUTOR_DO_SONO", "RAZAOSOCIAL": "ILUMINADA_COMERCIO_DE_ARTIGOS_DE_MOVELARIA_ENXOVAIS_E_COLCHOES_LTDA", "ENDEE": "PRACA_BARAO_DO_RIO_BRANCO206__CENTRO_11310-000", "LATITUDE": "-23.9668581", "LONGITUDE": "-46.3858307", "LMAPS": "https://www.google.com/maps?q=&layer=c&cbll=-46.3858307,-23.9668581", "O_QUE_FAZER": "CARTEIRA", "ER_REGIAO_CIDADE_min": "São Vicente_Baixada Santista" }, "geometry": { "type": "Point", "coordinates": [ -46.3858307, -23.9668581 ] } },
{ "type": "Feature", "properties": { "CNPJ": "37064560000110", "IDCIDADE": "SAO_VICENTE", "NOMEFANTASIA": "BCO", "RAZAOSOCIAL": "JOSE_CARLOS_DA_SILVA_E_LIMA_&_COMPANHIA_LTDA", "ENDEE": "PRACA_BARAO_DO_RIO_BRANCO280__CENTRO_11310-000", "LATITUDE": "-23.9662179", "LONGITUDE": "-46.385528", "LMAPS": "https://www.google.com/maps?q=&layer=c&cbll=-46.385528,-23.9662179", "O_QUE_FAZER": "CARTEIRA", "ER_REGIAO_CIDADE_min": "São Vicente_Baixada Santista" }, "geometry": { "type": "Point", "coordinates": [ -46.385528, -23.9662179 ] } },
{ "type": "Feature", "properties": { "CNPJ": "40088597000192", "IDCIDADE": "SAO_VICENTE", "NOMEFANTASIA": "BCO", "RAZAOSOCIAL": "V_M_LIMA_E_SILVA_&_CIA_LTDA", "ENDEE": "PRACA_BARAO_DO_RIO_BRANCO280__CENTRO_11310-000", "LATITUDE": "-23.9662194", "LONGITUDE": "-46.3856992", "LMAPS": "https://www.google.com/maps?q=&layer=c&cbll=-46.3856992,-23.9662194", "O_QUE_FAZER": "CARTEIRA", "ER_REGIAO_CIDADE_min": "São Vicente_Baixada Santista" }, "geometry": { "type": "Point", "coordinates": [ -46.3856992, -23.9662194 ] } },
{ "type": "Feature", "properties": { "CNPJ": "35715031000294", "IDCIDADE": "SAO_VICENTE", "NOMEFANTASIA": "PRECOTICA", "RAZAOSOCIAL": "SLC_OTICA_LTDA", "ENDEE": "PRACA_BARAO_DO_RIO_BRANCO3__CENTRO_11310-000", "LATITUDE": "-23.9662804", "LONGITUDE": "-46.3852471", "LMAPS": "https://www.google.com/maps?q=&layer=c&cbll=-46.3852471,-23.9662804", "O_QUE_FAZER": "CARTEIRA", "ER_REGIAO_CIDADE_min": "São Vicente_Baixada Santista" }, "geometry": { "type": "Point", "coordinates": [ -46.3852471, -23.9662804 ] } },
{ "type": "Feature", "properties": { "CNPJ": "02738252000148", "IDCIDADE": "SAO_VICENTE", "NOMEFANTASIA": "BEM_BOM", "RAZAOSOCIAL": "COMERCIAL_LOPES_E_HORCEL_LTDA", "ENDEE": "PRACA_BARAO_DO_RIO_BRANCO48__CENTRO_11310-000", "LATITUDE": "-23.9667877", "LONGITUDE": "-46.3853533", "LMAPS": "https://www.google.com/maps?q=&layer=c&cbll=-46.3853533,-23.9667877", "O_QUE_FAZER": "CARTEIRA", "ER_REGIAO_CIDADE_min": "São Vicente_Baixada Santista" }, "geometry": { "type": "Point", "coordinates": [ -46.3853533, -23.9667877 ] } },
{ "type": "Feature", "properties": { "CNPJ": "46348719000208", "IDCIDADE": "SAO_VICENTE", "NOMEFANTASIA": "OBSESSAO", "RAZAOSOCIAL": "MIRA_MODAS_CONFECCOES_LTDA", "ENDEE": "PRACA_BARAO_DO_RIO_BRANCO62__CENTRO_11310-000", "LATITUDE": "-23.9668065", "LONGITUDE": "-46.3855119", "LMAPS": "https://www.google.com/maps?q=&layer=c&cbll=-46.3855119,-23.9668065", "O_QUE_FAZER": "CARTEIRA", "ER_REGIAO_CIDADE_min": "São Vicente_Baixada Santista" }, "geometry": { "type": "Point", "coordinates": [ -46.3855119, -23.9668065 ] } },
{ "type": "Feature", "properties": { "CNPJ": "55787533000157", "IDCIDADE": "SAO_VICENTE", "NOMEFANTASIA": "ORAL_BIO", "RAZAOSOCIAL": "CLINICA_ODONTOLOGICA_ORAL_BIO_LTDA", "ENDEE": "PRACA_BARAO_DO_RIO_BRANCO65__CENTRO_11310-000", "LATITUDE": "-23.9667968", "LONGITUDE": "-46.3854983", "LMAPS": "https://www.google.com/maps?q=&layer=c&cbll=-46.3854983,-23.9667968", "O_QUE_FAZER": "CARTEIRA", "ER_REGIAO_CIDADE_min": "São Vicente_Baixada Santista" }, "geometry": { "type": "Point", "coordinates": [ -46.3854983, -23.9667968 ] } },
{ "type": "Feature", "properties": { "CNPJ": "46039259000147", "IDCIDADE": "SAO_VICENTE", "NOMEFANTASIA": "OTICA_CENTER", "RAZAOSOCIAL": "SOLIDA_COMERCIO_DE_OCULOS_LTDA", "ENDEE": "PRACA_BARAO_DO_RIO_BRANCO8__CENTRO_11310-000", "LATITUDE": "-23.9663566", "LONGITUDE": "-46.3852847", "LMAPS": "https://www.google.com/maps?q=&layer=c&cbll=-46.3852847,-23.9663566", "O_QUE_FAZER": "CARTEIRA", "ER_REGIAO_CIDADE_min": "São Vicente_Baixada Santista" }, "geometry": { "type": "Point", "coordinates": [ -46.3852847, -23.9663566 ] } },
{ "type": "Feature", "properties": { "CNPJ": "13353614000107", "IDCIDADE": "SAO_VICENTE", "NOMEFANTASIA": "DESPACHANTE_SIQUEIRA", "RAZAOSOCIAL": "CARLOS_ANTONINO_SIQUEIRA", "ENDEE": "RUA_MARTIM_AFONSO124__CENTRO_11310-010", "LATITUDE": "-23.9682523", "LONGITUDE": "-46.3864701", "LMAPS": "https://www.google.com/maps?q=&layer=c&cbll=-46.3864701,-23.9682523", "O_QUE_FAZER": "CARTEIRA", "ER_REGIAO_CIDADE_min": "São Vicente_Baixada Santista" }, "geometry": { "type": "Point", "coordinates": [ -46.3864701, -23.9682523 ] } },
{ "type": "Feature", "properties": { "CNPJ": "56668205000102", "IDCIDADE": "SAO_VICENTE", "NOMEFANTASIA": "PASTELARIA_CONTINENTAL", "RAZAOSOCIAL": "PASTELARIA_CONTINENTAL_DE_SAO_VICENTE_LTDA", "ENDEE": "RUA_MARTIM_AFONSO156__CENTRO_11310-010", "LATITUDE": "-23.9680763", "LONGITUDE": "-46.3864979", "LMAPS": "https://www.google.com/maps?q=&layer=c&cbll=-46.3864979,-23.9680763", "O_QUE_FAZER": "CARTEIRA", "ER_REGIAO_CIDADE_min": "São Vicente_Baixada Santista" }, "geometry": { "type": "Point", "coordinates": [ -46.3864979, -23.9680763 ] } },
{ "type": "Feature", "properties": { "CNPJ": "54988212000158", "IDCIDADE": "SAO_VICENTE", "NOMEFANTASIA": "PLANETA_GREGO", "RAZAOSOCIAL": "J_HOLANDA_ALIMENTACAO_LTDA", "ENDEE": "RUA_MARTIM_AFONSO161__CENTRO_11310-010", "LATITUDE": "-23.9680177", "LONGITUDE": "-46.3864132", "LMAPS": "https://www.google.com/maps?q=&layer=c&cbll=-46.3864132,-23.9680177", "O_QUE_FAZER": "CARTEIRA", "ER_REGIAO_CIDADE_min": "São Vicente_Baixada Santista" }, "geometry": { "type": "Point", "coordinates": [ -46.3864132, -23.9680177 ] } },
{ "type": "Feature", "properties": { "CNPJ": "48320947000106", "IDCIDADE": "SAO_VICENTE", "NOMEFANTASIA": "DARC_MODA_SOCIAL", "RAZAOSOCIAL": "DARC_MODA_ROUPAS_&_ACESSORIOS_LTDA", "ENDEE": "RUA_MARTIM_AFONSO165__CENTRO_11310-010", "LATITUDE": "-23.9679371", "LONGITUDE": "-46.3864683", "LMAPS": "https://www.google.com/maps?q=&layer=c&cbll=-46.3864683,-23.9679371", "O_QUE_FAZER": "CARTEIRA", "ER_REGIAO_CIDADE_min": "São Vicente_Baixada Santista" }, "geometry": { "type": "Point", "coordinates": [ -46.3864683, -23.9679371 ] } },
{ "type": "Feature", "properties": { "CNPJ": "33458541000117", "IDCIDADE": "SAO_VICENTE", "NOMEFANTASIA": "NOVA_CASA", "RAZAOSOCIAL": "SERGIO_DILENA_JUNIOR", "ENDEE": "RUA_MARTIM_AFONSO176__CENTRO_11310-010", "LATITUDE": "-23.9678856", "LONGITUDE": "-46.3863101", "LMAPS": "https://www.google.com/maps?q=&layer=c&cbll=-46.3863101,-23.9678856", "O_QUE_FAZER": "CARTEIRA", "ER_REGIAO_CIDADE_min": "São Vicente_Baixada Santista" }, "geometry": { "type": "Point", "coordinates": [ -46.3863101, -23.9678856 ] } },
{ "type": "Feature", "properties": { "CNPJ": "29300450000181", "IDCIDADE": "SAO_VICENTE", "NOMEFANTASIA": "MULTI_SABORES", "RAZAOSOCIAL": "MULTI_SABORES_-_CAFETERIA_LTDA", "ENDEE": "RUA_MARTIM_AFONSO179__CENTRO_11310-010", "LATITUDE": "-23.9679049", "LONGITUDE": "-46.3863449", "LMAPS": "https://www.google.com/maps?q=&layer=c&cbll=-46.3863449,-23.9679049", "O_QUE_FAZER": "CARTEIRA", "ER_REGIAO_CIDADE_min": "São Vicente_Baixada Santista" }, "geometry": { "type": "Point", "coordinates": [ -46.3863449, -23.9679049 ] } },
{ "type": "Feature", "properties": { "CNPJ": "14625926000187", "IDCIDADE": "SAO_VICENTE", "NOMEFANTASIA": "CAFETEIRA_VIVA", "RAZAOSOCIAL": "M._M._MUNIR_LTDA", "ENDEE": "RUA_MARTIM_AFONSO181__CENTRO_11310-010", "LATITUDE": "-23.9678097", "LONGITUDE": "-46.3861455", "LMAPS": "https://www.google.com/maps?q=&layer=c&cbll=-46.3861455,-23.9678097", "O_QUE_FAZER": "CARTEIRA", "ER_REGIAO_CIDADE_min": "São Vicente_Baixada Santista" }, "geometry": { "type": "Point", "coordinates": [ -46.3861455, -23.9678097 ] } },
{ "type": "Feature", "properties": { "CNPJ": "46557300000177", "IDCIDADE": "SAO_VICENTE", "NOMEFANTASIA": "WR_BEBIDAS", "RAZAOSOCIAL": "W.R._BEBIDAS_LTDA", "ENDEE": "RUA_MARTIM_AFONSO19__CENTRO_11310-010", "LATITUDE": "-23.9692148", "LONGITUDE": "-46.3869842", "LMAPS": "https://www.google.com/maps?q=&layer=c&cbll=-46.3869842,-23.9692148", "O_QUE_FAZER": "CARTEIRA", "ER_REGIAO_CIDADE_min": "São Vicente_Baixada Santista" }, "geometry": { "type": "Point", "coordinates": [ -46.3869842, -23.9692148 ] } },
{ "type": "Feature", "properties": { "CNPJ": "08143178000101", "IDCIDADE": "SAO_VICENTE", "NOMEFANTASIA": "OTICAS_CAROL", "RAZAOSOCIAL": "OTICA_ESPECIALIZADA_DE_SAO_VICENTE_LTDA", "ENDEE": "RUA_MARTIM_AFONSO191__CENTRO_11310-010", "LATITUDE": "-23.9677685", "LONGITUDE": "-46.3861905", "LMAPS": "https://www.google.com/maps?q=&layer=c&cbll=-46.3861905,-23.9677685", "O_QUE_FAZER": "CARTEIRA", "ER_REGIAO_CIDADE_min": "São Vicente_Baixada Santista" }, "geometry": { "type": "Point", "coordinates": [ -46.3861905, -23.9677685 ] } },
{ "type": "Feature", "properties": { "CNPJ": "28826605000155", "IDCIDADE": "SAO_VICENTE", "NOMEFANTASIA": "PERFUMARIA_ANTONELLA", "RAZAOSOCIAL": "ADRIANA_Y._TAKARA", "ENDEE": "RUA_MARTIM_AFONSO197__CENTRO_11310-010", "LATITUDE": "-23.967757", "LONGITUDE": "-46.3862103", "LMAPS": "https://www.google.com/maps?q=&layer=c&cbll=-46.3862103,-23.967757", "O_QUE_FAZER": "CARTEIRA", "ER_REGIAO_CIDADE_min": "São Vicente_Baixada Santista" }, "geometry": { "type": "Point", "coordinates": [ -46.3862103, -23.967757 ] } },
{ "type": "Feature", "properties": { "CNPJ": "22479870000209", "IDCIDADE": "SAO_VICENTE", "NOMEFANTASIA": "DINA_ARMARINHOS", "RAZAOSOCIAL": "MENDES_&_DOI_SERVICOS_E_COMERCIO_LTDA", "ENDEE": "RUA_MARTIM_AFONSO203__CENTRO_11310-010", "LATITUDE": "-23.967749", "LONGITUDE": "-46.3861657", "LMAPS": "https://www.google.com/maps?q=&layer=c&cbll=-46.3861657,-23.967749", "O_QUE_FAZER": "CARTEIRA", "ER_REGIAO_CIDADE_min": "São Vicente_Baixada Santista" }, "geometry": { "type": "Point", "coordinates": [ -46.3861657, -23.967749 ] } },
{ "type": "Feature", "properties": { "CNPJ": "11704390000105", "IDCIDADE": "SAO_VICENTE", "NOMEFANTASIA": "RELOJOARIA_3_ESTRELAS", "RAZAOSOCIAL": "RELOJOARIA_DIAZ_RIBEIRO_LTDA", "ENDEE": "RUA_MARTIM_AFONSO206__CENTRO_11310-010", "LATITUDE": "-23.9676708", "LONGITUDE": "-46.3861093", "LMAPS": "https://www.google.com/maps?q=&layer=c&cbll=-46.3861093,-23.9676708", "O_QUE_FAZER": "CARTEIRA", "ER_REGIAO_CIDADE_min": "São Vicente_Baixada Santista" }, "geometry": { "type": "Point", "coordinates": [ -46.3861093, -23.9676708 ] } },
{ "type": "Feature", "properties": { "CNPJ": "23699173000226", "IDCIDADE": "SAO_VICENTE", "NOMEFANTASIA": "CONFORT_PLACE", "RAZAOSOCIAL": "C&M_VAREJOS_DE_COLCHOES_E_BOX_LTDA", "ENDEE": "RUA_MARTIM_AFONSO208__CENTRO_11310-010", "LATITUDE": "-23.9676965", "LONGITUDE": "-46.3860603", "LMAPS": "https://www.google.com/maps?q=&layer=c&cbll=-46.3860603,-23.9676965", "O_QUE_FAZER": "CARTEIRA", "ER_REGIAO_CIDADE_min": "São Vicente_Baixada Santista" }, "geometry": { "type": "Point", "coordinates": [ -46.3860603, -23.9676965 ] } },
{ "type": "Feature", "properties": { "CNPJ": "54907039000116", "IDCIDADE": "SAO_VICENTE", "NOMEFANTASIA": "PASTELARIA_MEI_XIN", "RAZAOSOCIAL": "PASTELARIA_MEI_XIN_LTDA", "ENDEE": "RUA_MARTIM_AFONSO209__CENTRO_11310-010", "LATITUDE": "-23.9676688", "LONGITUDE": "-46.3861389", "LMAPS": "https://www.google.com/maps?q=&layer=c&cbll=-46.3861389,-23.9676688", "O_QUE_FAZER": "CARTEIRA", "ER_REGIAO_CIDADE_min": "São Vicente_Baixada Santista" }, "geometry": { "type": "Point", "coordinates": [ -46.3861389, -23.9676688 ] } },
{ "type": "Feature", "properties": { "CNPJ": "23932022000195", "IDCIDADE": "SAO_VICENTE", "NOMEFANTASIA": "TOTALMENTE_BELLA", "RAZAOSOCIAL": "TOTALMENTE_BELLA_AT_MODA_FEMININA_LTDA", "ENDEE": "RUA_MARTIM_AFONSO214__CENTRO_11310-010", "LATITUDE": "-23.9675701", "LONGITUDE": "-46.3859521", "LMAPS": "https://www.google.com/maps?q=&layer=c&cbll=-46.3859521,-23.9675701", "O_QUE_FAZER": "CARTEIRA", "ER_REGIAO_CIDADE_min": "São Vicente_Baixada Santista" }, "geometry": { "type": "Point", "coordinates": [ -46.3859521, -23.9675701 ] } },
{ "type": "Feature", "properties": { "CNPJ": "01994454000198", "IDCIDADE": "SAO_VICENTE", "NOMEFANTASIA": "DARUMA", "RAZAOSOCIAL": "CELIA_T._W._CHINEN_LTDA", "ENDEE": "RUA_MARTIM_AFONSO214__CENTRO_11310-010", "LATITUDE": "-23.9675957", "LONGITUDE": "-46.3859603", "LMAPS": "https://www.google.com/maps?q=&layer=c&cbll=-46.3859603,-23.9675957", "O_QUE_FAZER": "CARTEIRA", "ER_REGIAO_CIDADE_min": "São Vicente_Baixada Santista" }, "geometry": { "type": "Point", "coordinates": [ -46.3859603, -23.9675957 ] } },
{ "type": "Feature", "properties": { "CNPJ": "28691217000104", "IDCIDADE": "SAO_VICENTE", "NOMEFANTASIA": "LINDALINDAVC", "RAZAOSOCIAL": "LUCIANA_DE_ANDRADE_FELIX_DOS_SANTOS_LTDA", "ENDEE": "RUA_MARTIM_AFONSO220__CENTRO_11310-010", "LATITUDE": "-23.9676399", "LONGITUDE": "-46.3858426", "LMAPS": "https://www.google.com/maps?q=&layer=c&cbll=-46.3858426,-23.9676399", "O_QUE_FAZER": "CARTEIRA", "ER_REGIAO_CIDADE_min": "São Vicente_Baixada Santista" }, "geometry": { "type": "Point", "coordinates": [ -46.3858426, -23.9676399 ] } },
{ "type": "Feature", "properties": { "CNPJ": "02193474000122", "IDCIDADE": "PRAIA_GRANDE", "NOMEFANTASIA": "ENGENHARIA_FIT_WEAR", "RAZAOSOCIAL": "MARLENE_M._FERREIRA", "ENDEE": "RUA_MARTIM_AFONSO220__CENTRO_11310-010", "LATITUDE": "-23.9676761", "LONGITUDE": "-46.3856393", "LMAPS": "https://www.google.com/maps?q=&layer=c&cbll=-46.3856393,-23.9676761", "O_QUE_FAZER": "CARTEIRA", "ER_REGIAO_CIDADE_min": "São Vicente_Baixada Santista" }, "geometry": { "type": "Point", "coordinates": [ -46.3856393, -23.9676761 ] } },
{ "type": "Feature", "properties": { "CNPJ": "15423517000160", "IDCIDADE": "SAO_VICENTE", "NOMEFANTASIA": "SANTA_LIZ", "RAZAOSOCIAL": "J.C_FRANCO_SANCHEZ_COMERCIO_DE_CALCADOS_LTDA", "ENDEE": "RUA_MARTIM_AFONSO220__CENTRO_11310-010", "LATITUDE": "-23.9676801", "LONGITUDE": "-46.3857883", "LMAPS": "https://www.google.com/maps?q=&layer=c&cbll=-46.3857883,-23.9676801", "O_QUE_FAZER": "CARTEIRA", "ER_REGIAO_CIDADE_min": "São Vicente_Baixada Santista" }, "geometry": { "type": "Point", "coordinates": [ -46.3857883, -23.9676801 ] } },
{ "type": "Feature", "properties": { "CNPJ": "48678007000193", "IDCIDADE": "SAO_VICENTE", "NOMEFANTASIA": "AGENCIA_DE_TURISMO_SAO_VICENTE", "RAZAOSOCIAL": "AGENCIA_DE_TURISMO_SAO_VICENTE_LTDA", "ENDEE": "RUA_MARTIM_AFONSO220__CENTRO_11310-010", "LATITUDE": "-23.9676823", "LONGITUDE": "-46.3858012", "LMAPS": "https://www.google.com/maps?q=&layer=c&cbll=-46.3858012,-23.9676823", "O_QUE_FAZER": "CARTEIRA", "ER_REGIAO_CIDADE_min": "São Vicente_Baixada Santista" }, "geometry": { "type": "Point", "coordinates": [ -46.3858012, -23.9676823 ] } },
{ "type": "Feature", "properties": { "CNPJ": "15507185000100", "IDCIDADE": "SAO_VICENTE", "NOMEFANTASIA": "JENIFER_STAR", "RAZAOSOCIAL": "RAMOS_&_ANTUNES_MODAS_EM_GERAL_LTDA", "ENDEE": "RUA_MARTIM_AFONSO220__CENTRO_11310-010", "LATITUDE": "-23.9676867", "LONGITUDE": "-46.3857607", "LMAPS": "https://www.google.com/maps?q=&layer=c&cbll=-46.3857607,-23.9676867", "O_QUE_FAZER": "CARTEIRA", "ER_REGIAO_CIDADE_min": "São Vicente_Baixada Santista" }, "geometry": { "type": "Point", "coordinates": [ -46.3857607, -23.9676867 ] } },
{ "type": "Feature", "properties": { "CNPJ": "54731465000141", "IDCIDADE": "SAO_VICENTE", "NOMEFANTASIA": "CALIMAN_ESQUEMA", "RAZAOSOCIAL": "NATALIA_BARBOSA_MARTINS_-_ROUPAS_E_ACESSORIOS_LIMITADA", "ENDEE": "RUA_MARTIM_AFONSO220__CENTRO_11310-010", "LATITUDE": "-23.9677034", "LONGITUDE": "-46.385769", "LMAPS": "https://www.google.com/maps?q=&layer=c&cbll=-46.385769,-23.9677034", "O_QUE_FAZER": "CARTEIRA", "ER_REGIAO_CIDADE_min": "São Vicente_Baixada Santista" }, "geometry": { "type": "Point", "coordinates": [ -46.385769, -23.9677034 ] } },
{ "type": "Feature", "properties": { "CNPJ": "21687494000102", "IDCIDADE": "SAO_VICENTE", "NOMEFANTASIA": "MADU_FINANCEIRA", "RAZAOSOCIAL": "FRANCIS_&_OLIVEIRA_SERVICOS_CADASTRAIS_LTDA", "ENDEE": "RUA_MARTIM_AFONSO220__CENTRO_11310-010", "LATITUDE": "-23.9677066", "LONGITUDE": "-46.3857694", "LMAPS": "https://www.google.com/maps?q=&layer=c&cbll=-46.3857694,-23.9677066", "O_QUE_FAZER": "CARTEIRA", "ER_REGIAO_CIDADE_min": "São Vicente_Baixada Santista" }, "geometry": { "type": "Point", "coordinates": [ -46.3857694, -23.9677066 ] } },
{ "type": "Feature", "properties": { "CNPJ": "48916474000104", "IDCIDADE": "SAO_VICENTE", "NOMEFANTASIA": "ARCO_IRIS", "RAZAOSOCIAL": "ARCO_IRIS_SV_LTDA", "ENDEE": "RUA_MARTIM_AFONSO220__CENTRO_11310-010", "LATITUDE": "-23.9677808", "LONGITUDE": "-46.3856109", "LMAPS": "https://www.google.com/maps?q=&layer=c&cbll=-46.3856109,-23.9677808", "O_QUE_FAZER": "CARTEIRA", "ER_REGIAO_CIDADE_min": "São Vicente_Baixada Santista" }, "geometry": { "type": "Point", "coordinates": [ -46.3856109, -23.9677808 ] } },
{ "type": "Feature", "properties": { "CNPJ": "22980127000157", "IDCIDADE": "SAO_VICENTE", "NOMEFANTASIA": "O_FRANCES", "RAZAOSOCIAL": "DENIZE_SOUZA_BADARO", "ENDEE": "RUA_MARTIM_AFONSO220__CENTRO_11310-010", "LATITUDE": "-23.9678505", "LONGITUDE": "-46.3854766", "LMAPS": "https://www.google.com/maps?q=&layer=c&cbll=-46.3854766,-23.9678505", "O_QUE_FAZER": "CARTEIRA", "ER_REGIAO_CIDADE_min": "São Vicente_Baixada Santista" }, "geometry": { "type": "Point", "coordinates": [ -46.3854766, -23.9678505 ] } },
{ "type": "Feature", "properties": { "CNPJ": "17059769000188", "IDCIDADE": "SAO_VICENTE", "NOMEFANTASIA": "DYVAS_MODA_FITNESS", "RAZAOSOCIAL": "M_C_S_SILVEIRA_MODAS", "ENDEE": "RUA_MARTIM_AFONSO220__CENTRO_11310-010", "LATITUDE": "-23.9678733", "LONGITUDE": "-46.3854595", "LMAPS": "https://www.google.com/maps?q=&layer=c&cbll=-46.3854595,-23.9678733", "O_QUE_FAZER": "CARTEIRA", "ER_REGIAO_CIDADE_min": "São Vicente_Baixada Santista" }, "geometry": { "type": "Point", "coordinates": [ -46.3854595, -23.9678733 ] } },
{ "type": "Feature", "properties": { "CNPJ": "54732533000197", "IDCIDADE": "SAO_VICENTE", "NOMEFANTASIA": "AURA_ODONTOLOGIA", "RAZAOSOCIAL": "AURA_ODONTOLOGIA_LTDA", "ENDEE": "RUA_MARTIM_AFONSO220__CENTRO_11310-010", "LATITUDE": "-23.9678776", "LONGITUDE": "-46.3854679", "LMAPS": "https://www.google.com/maps?q=&layer=c&cbll=-46.3854679,-23.9678776", "O_QUE_FAZER": "CARTEIRA", "ER_REGIAO_CIDADE_min": "São Vicente_Baixada Santista" }, "geometry": { "type": "Point", "coordinates": [ -46.3854679, -23.9678776 ] } },
{ "type": "Feature", "properties": { "CNPJ": "54228468000167", "IDCIDADE": "SAO_VICENTE", "NOMEFANTASIA": "TATY_BABY_KIDS", "RAZAOSOCIAL": "TATYBABY_COMERCIO_DE_ROUPAS_LTDA", "ENDEE": "RUA_MARTIM_AFONSO220__CENTRO_11310-010", "LATITUDE": "-23.9679366", "LONGITUDE": "-46.385309", "LMAPS": "https://www.google.com/maps?q=&layer=c&cbll=-46.385309,-23.9679366", "O_QUE_FAZER": "CARTEIRA", "ER_REGIAO_CIDADE_min": "São Vicente_Baixada Santista" }, "geometry": { "type": "Point", "coordinates": [ -46.385309, -23.9679366 ] } },
{ "type": "Feature", "properties": { "CNPJ": "47314271000185", "IDCIDADE": "SAO_VICENTE", "NOMEFANTASIA": "RESTAURANTE_BAMBU_AMARELO", "RAZAOSOCIAL": "RESTAURANTE_BAMBU_AMARELO_LTDA", "ENDEE": "RUA_MARTIM_AFONSO220__CENTRO_11310-010", "LATITUDE": "-23.9680343", "LONGITUDE": "-46.3852978", "LMAPS": "https://www.google.com/maps?q=&layer=c&cbll=-46.3852978,-23.9680343", "O_QUE_FAZER": "CARTEIRA", "ER_REGIAO_CIDADE_min": "São Vicente_Baixada Santista" }, "geometry": { "type": "Point", "coordinates": [ -46.3852978, -23.9680343 ] } },
{ "type": "Feature", "properties": { "CNPJ": "38168440000125", "IDCIDADE": "SAO_VICENTE", "NOMEFANTASIA": "SN_UTILIDADES", "RAZAOSOCIAL": "S_N_UTILIDADES_LTDA", "ENDEE": "RUA_MARTIM_AFONSO225__CENTRO_11310-010", "LATITUDE": "-23.9674582", "LONGITUDE": "-46.3861197", "LMAPS": "https://www.google.com/maps?q=&layer=c&cbll=-46.3861197,-23.9674582", "O_QUE_FAZER": "CARTEIRA", "ER_REGIAO_CIDADE_min": "São Vicente_Baixada Santista" }, "geometry": { "type": "Point", "coordinates": [ -46.3861197, -23.9674582 ] } },
{ "type": "Feature", "properties": { "CNPJ": "26773067000152", "IDCIDADE": "SAO_VICENTE", "NOMEFANTASIA": "CVESP", "RAZAOSOCIAL": "MAURICIO_BLANCO_DE_PAULA", "ENDEE": "RUA_MARTIM_AFONSO227__CENTRO_11310-010", "LATITUDE": "-23.9674722", "LONGITUDE": "-46.3860941", "LMAPS": "https://www.google.com/maps?q=&layer=c&cbll=-46.3860941,-23.9674722", "O_QUE_FAZER": "CARTEIRA", "ER_REGIAO_CIDADE_min": "São Vicente_Baixada Santista" }, "geometry": { "type": "Point", "coordinates": [ -46.3860941, -23.9674722 ] } },
{ "type": "Feature", "properties": { "CNPJ": "49104805000174", "IDCIDADE": "SAO_VICENTE", "NOMEFANTASIA": "NOVA_MARQUESA", "RAZAOSOCIAL": "PANIFICADORA_NOVA_MARQUESA_DE_SAO_VICENTE_LTDA", "ENDEE": "RUA_MARTIM_AFONSO234__CENTRO_11310-010", "LATITUDE": "-23.9674793", "LONGITUDE": "-46.3856409", "LMAPS": "https://www.google.com/maps?q=&layer=c&cbll=-46.3856409,-23.9674793", "O_QUE_FAZER": "CARTEIRA", "ER_REGIAO_CIDADE_min": "São Vicente_Baixada Santista" }, "geometry": { "type": "Point", "coordinates": [ -46.3856409, -23.9674793 ] } },
{ "type": "Feature", "properties": { "CNPJ": "10982768000161", "IDCIDADE": "SAO_VICENTE", "NOMEFANTASIA": "EXATA_CONTABILIDADE_E_ASSESSORIA", "RAZAOSOCIAL": "SOUZA_ADMINISTRACAO_E_ASSESSORIA_LTDA", "ENDEE": "RUA_MARTIM_AFONSO251__CENTRO_11310-010", "LATITUDE": "-23.9672353", "LONGITUDE": "-46.3859694", "LMAPS": "https://www.google.com/maps?q=&layer=c&cbll=-46.3859694,-23.9672353", "O_QUE_FAZER": "CARTEIRA", "ER_REGIAO_CIDADE_min": "São Vicente_Baixada Santista" }, "geometry": { "type": "Point", "coordinates": [ -46.3859694, -23.9672353 ] } },
{ "type": "Feature", "properties": { "CNPJ": "43201653000141", "IDCIDADE": "SAO_VICENTE", "NOMEFANTASIA": "LU_BIJOUX", "RAZAOSOCIAL": "LU_BIJUS_COMERCIO_DE_BIJUTERIAS_LTDA", "ENDEE": "RUA_MARTIM_AFONSO251__CENTRO_11310-010", "LATITUDE": "-23.9674356", "LONGITUDE": "-46.3860562", "LMAPS": "https://www.google.com/maps?q=&layer=c&cbll=-46.3860562,-23.9674356", "O_QUE_FAZER": "CARTEIRA", "ER_REGIAO_CIDADE_min": "São Vicente_Baixada Santista" }, "geometry": { "type": "Point", "coordinates": [ -46.3860562, -23.9674356 ] } },
{ "type": "Feature", "properties": { "CNPJ": "07377667000157", "IDCIDADE": "SAO_VICENTE", "NOMEFANTASIA": "KABULOSA", "RAZAOSOCIAL": "VICENTE_SPECIE_JUNIOR", "ENDEE": "RUA_MARTIM_AFONSO396__CENTRO_11310-010", "LATITUDE": "-23.9662268", "LONGITUDE": "-46.3850674", "LMAPS": "https://www.google.com/maps?q=&layer=c&cbll=-46.3850674,-23.9662268", "O_QUE_FAZER": "CARTEIRA", "ER_REGIAO_CIDADE_min": "São Vicente_Baixada Santista" }, "geometry": { "type": "Point", "coordinates": [ -46.3850674, -23.9662268 ] } },
{ "type": "Feature", "properties": { "CNPJ": "71124978000103", "IDCIDADE": "SAO_VICENTE", "NOMEFANTASIA": "TIC-TAC_JOIAS", "RAZAOSOCIAL": "TIC_TAC_JOIAS_E_RELOGIOS_LTDA", "ENDEE": "RUA_MARTIM_AFONSO404__CENTRO_11310-010", "LATITUDE": "-23.9661986", "LONGITUDE": "-46.385175", "LMAPS": "https://www.google.com/maps?q=&layer=c&cbll=-46.385175,-23.9661986", "O_QUE_FAZER": "CARTEIRA", "ER_REGIAO_CIDADE_min": "São Vicente_Baixada Santista" }, "geometry": { "type": "Point", "coordinates": [ -46.385175, -23.9661986 ] } },
{ "type": "Feature", "properties": { "CNPJ": "11937175000146", "IDCIDADE": "SAO_VICENTE", "NOMEFANTASIA": "MEGA_LINGERIE", "RAZAOSOCIAL": "MEGA_LINGERIE_COMERCIO_DE_ARTIGOS_DE_VESTUARIO_LTDA", "ENDEE": "RUA_MARTIM_AFONSO417__CENTRO_11310-010", "LATITUDE": "-23.9659837", "LONGITUDE": "-46.3850493", "LMAPS": "https://www.google.com/maps?q=&layer=c&cbll=-46.3850493,-23.9659837", "O_QUE_FAZER": "CARTEIRA", "ER_REGIAO_CIDADE_min": "São Vicente_Baixada Santista" }, "geometry": { "type": "Point", "coordinates": [ -46.3850493, -23.9659837 ] } },
{ "type": "Feature", "properties": { "CNPJ": "45894039000138", "IDCIDADE": "SAO_VICENTE", "NOMEFANTASIA": "KID_STOK", "RAZAOSOCIAL": "SV_KIDS_COMERCIO_DE_ARTIGOS_PARA_VESTUARIO_LTDA", "ENDEE": "RUA_MARTIM_AFONSO439__CENTRO_11310-010", "LATITUDE": "-23.9658455", "LONGITUDE": "-46.3849886", "LMAPS": "https://www.google.com/maps?q=&layer=c&cbll=-46.3849886,-23.9658455", "O_QUE_FAZER": "CARTEIRA", "ER_REGIAO_CIDADE_min": "São Vicente_Baixada Santista" }, "geometry": { "type": "Point", "coordinates": [ -46.3849886, -23.9658455 ] } },
{ "type": "Feature", "properties": { "CNPJ": "05669646000180", "IDCIDADE": "SAO_VICENTE", "NOMEFANTASIA": "A_SUISSA", "RAZAOSOCIAL": "GOLDY_JOIAS_OTICA_E_RELOJOARIA_SLU_LTDA", "ENDEE": "RUA_MARTIM_AFONSO442__CENTRO_11310-010", "LATITUDE": "-23.9658694", "LONGITUDE": "-46.3847706", "LMAPS": "https://www.google.com/maps?q=&layer=c&cbll=-46.3847706,-23.9658694", "O_QUE_FAZER": "CARTEIRA", "ER_REGIAO_CIDADE_min": "São Vicente_Baixada Santista" }, "geometry": { "type": "Point", "coordinates": [ -46.3847706, -23.9658694 ] } },
{ "type": "Feature", "properties": { "CNPJ": "36067816000180", "IDCIDADE": "SAO_VICENTE", "NOMEFANTASIA": "FINA_ESTAMPA", "RAZAOSOCIAL": "FINA_ESTAMPA_SAO_VICENTE_COMERCIO_DE_ROUPAS_E_ACESSORIOS_LTDA", "ENDEE": "RUA_MARTIM_AFONSO444__CENTRO_11310-010", "LATITUDE": "-23.9657954", "LONGITUDE": "-46.384762", "LMAPS": "https://www.google.com/maps?q=&layer=c&cbll=-46.384762,-23.9657954", "O_QUE_FAZER": "CARTEIRA", "ER_REGIAO_CIDADE_min": "São Vicente_Baixada Santista" }, "geometry": { "type": "Point", "coordinates": [ -46.384762, -23.9657954 ] } },
{ "type": "Feature", "properties": { "CNPJ": "29777167000145", "IDCIDADE": "SAO_VICENTE", "NOMEFANTASIA": "FESHIO_E_CHARME", "RAZAOSOCIAL": "FASHION_&_CHARME_BIJU_LTDA", "ENDEE": "RUA_MARTIM_AFONSO479__CENTRO_11310-010", "LATITUDE": "-23.9654388", "LONGITUDE": "-46.3850193", "LMAPS": "https://www.google.com/maps?q=&layer=c&cbll=-46.3850193,-23.9654388", "O_QUE_FAZER": "CARTEIRA", "ER_REGIAO_CIDADE_min": "São Vicente_Baixada Santista" }, "geometry": { "type": "Point", "coordinates": [ -46.3850193, -23.9654388 ] } },
{ "type": "Feature", "properties": { "CNPJ": "50142596000132", "IDCIDADE": "SAO_VICENTE", "NOMEFANTASIA": "ESTACIONAMENTO_NOVA_ERA", "RAZAOSOCIAL": "ESTACIONAMENTO_NOVA_ERA_LTDA", "ENDEE": "RUA_MARTIM_AFONSO48__CENTRO_11310-010", "LATITUDE": "-23.9690172", "LONGITUDE": "-46.3866766", "LMAPS": "https://www.google.com/maps?q=&layer=c&cbll=-46.3866766,-23.9690172", "O_QUE_FAZER": "CARTEIRA", "ER_REGIAO_CIDADE_min": "São Vicente_Baixada Santista" }, "geometry": { "type": "Point", "coordinates": [ -46.3866766, -23.9690172 ] } },
{ "type": "Feature", "properties": { "CNPJ": "51376949000121", "IDCIDADE": "SAO_VICENTE", "NOMEFANTASIA": "OTICA_MARSRI", "RAZAOSOCIAL": "OTICAS_SAO_VICENTE_LTDA", "ENDEE": "RUA_MARTIM_AFONSO486__CENTRO_11310-010", "LATITUDE": "-23.9673164", "LONGITUDE": "-46.3858197", "LMAPS": "https://www.google.com/maps?q=&layer=c&cbll=-46.3858197,-23.9673164", "O_QUE_FAZER": "CARTEIRA", "ER_REGIAO_CIDADE_min": "São Vicente_Baixada Santista" }, "geometry": { "type": "Point", "coordinates": [ -46.3858197, -23.9673164 ] } },
{ "type": "Feature", "properties": { "CNPJ": "09623809000144", "IDCIDADE": "SAO_VICENTE", "NOMEFANTASIA": "REI_DOS_ELETRONICOS", "RAZAOSOCIAL": "ROSANGELA_APARECIDA_TOLEDO_ANDRADE_PRESENTES", "ENDEE": "RUA_MARTIM_AFONSO87__CENTRO_11310-010", "LATITUDE": "-23.9686998", "LONGITUDE": "-46.3868338", "LMAPS": "https://www.google.com/maps?q=&layer=c&cbll=-46.3868338,-23.9686998", "O_QUE_FAZER": "CARTEIRA", "ER_REGIAO_CIDADE_min": "São Vicente_Baixada Santista" }, "geometry": { "type": "Point", "coordinates": [ -46.3868338, -23.9686998 ] } },
{ "type": "Feature", "properties": { "CNPJ": "45055713000190", "IDCIDADE": "SAO_VICENTE", "NOMEFANTASIA": "NOVA_BOA_SORTE", "RAZAOSOCIAL": "NOVA_BOA_SORTE_ARTIGOS_DE_PESCA_LTDA", "ENDEE": "RUA_MARTIM_AFONSO96__CENTRO_11310-010", "LATITUDE": "-23.9685222", "LONGITUDE": "-46.3866143", "LMAPS": "https://www.google.com/maps?q=&layer=c&cbll=-46.3866143,-23.9685222", "O_QUE_FAZER": "CARTEIRA", "ER_REGIAO_CIDADE_min": "São Vicente_Baixada Santista" }, "geometry": { "type": "Point", "coordinates": [ -46.3866143, -23.9685222 ] } },
{ "type": "Feature", "properties": { "CNPJ": "28999606000100", "IDCIDADE": "SAO_VICENTE", "NOMEFANTASIA": "C&C_STORE", "RAZAOSOCIAL": "LETICIA_FELIX_RIBEIRO", "ENDEE": "RUA_MARTIN_AFONSO220__CENTRO_11310-010", "LATITUDE": "-23.9656389", "LONGITUDE": "-46.385756", "LMAPS": "https://www.google.com/maps?q=&layer=c&cbll=-46.385756,-23.9656389", "O_QUE_FAZER": "CARTEIRA", "ER_REGIAO_CIDADE_min": "São Vicente_Baixada Santista" }, "geometry": { "type": "Point", "coordinates": [ -46.385756, -23.9656389 ] } },
{ "type": "Feature", "properties": { "CNPJ": "11510972000142", "IDCIDADE": "SAO_VICENTE", "NOMEFANTASIA": "KOISAS_DO_BRASIL", "RAZAOSOCIAL": "KOISAS_BRASILEIRAS_-_CRISTAIS_PEDRAS_E_BIJOUTERIAS_LTDA", "ENDEE": "RUA_MARTIN_AFONSO220__CENTRO_11310-010", "LATITUDE": "-23.9680374", "LONGITUDE": "-46.3851662", "LMAPS": "https://www.google.com/maps?q=&layer=c&cbll=-46.3851662,-23.9680374", "O_QUE_FAZER": "CARTEIRA", "ER_REGIAO_CIDADE_min": "São Vicente_Baixada Santista" }, "geometry": { "type": "Point", "coordinates": [ -46.3851662, -23.9680374 ] } },
{ "type": "Feature", "properties": { "CNPJ": "24637436001126", "IDCIDADE": "SAO_VICENTE", "NOMEFANTASIA": "MUNDIAL", "RAZAOSOCIAL": "MUNDIAL_CAFE_LTDA.", "ENDEE": "RUA_MARTIM_AFONSO451__CENTRO_11310-011", "LATITUDE": "-23.9657933", "LONGITUDE": "-46.38499", "LMAPS": "https://www.google.com/maps?q=&layer=c&cbll=-46.38499,-23.9657933", "O_QUE_FAZER": "CARTEIRA", "ER_REGIAO_CIDADE_min": "São Vicente_Baixada Santista" }, "geometry": { "type": "Point", "coordinates": [ -46.38499, -23.9657933 ] } },
{ "type": "Feature", "properties": { "CNPJ": "09150140000110", "IDCIDADE": "SAO_VICENTE", "NOMEFANTASIA": "MAMA_GOUMET", "RAZAOSOCIAL": "MAMA_GOURMET_RESTAURANTE_E_DOCERIA_LTDA", "ENDEE": "PRACA_CORONEL_JOSE_LOPES32__CENTRO_11310-020", "LATITUDE": "-23.9653985", "LONGITUDE": "-46.3843292", "LMAPS": "https://www.google.com/maps?q=&layer=c&cbll=-46.3843292,-23.9653985", "O_QUE_FAZER": "CARTEIRA", "ER_REGIAO_CIDADE_min": "São Vicente_Baixada Santista" }, "geometry": { "type": "Point", "coordinates": [ -46.3843292, -23.9653985 ] } },
{ "type": "Feature", "properties": { "CNPJ": "03114403000150", "IDCIDADE": "SAO_VICENTE", "NOMEFANTASIA": "ALSAN", "RAZAOSOCIAL": "ALSAN_ELEVADORES_SAO_VICENTE_LTDA", "ENDEE": "PRACA_DA_BANDEIRA207__CENTRO_11310-030", "LATITUDE": "-23.9642722", "LONGITUDE": "-46.3825089", "LMAPS": "https://www.google.com/maps?q=&layer=c&cbll=-46.3825089,-23.9642722", "O_QUE_FAZER": "CARTEIRA", "ER_REGIAO_CIDADE_min": "São Vicente_Baixada Santista" }, "geometry": { "type": "Point", "coordinates": [ -46.3825089, -23.9642722 ] } },
{ "type": "Feature", "properties": { "CNPJ": "50639919000106", "IDCIDADE": "SAO_VICENTE", "NOMEFANTASIA": "GTI_VEICULOS", "RAZAOSOCIAL": "L._A._SERVICOS_AUTOMOTIVOS_LTDA", "ENDEE": "PRACA_DA_BANDEIRA228__CENTRO_11310-030", "LATITUDE": "-23.9646751", "LONGITUDE": "-46.382582", "LMAPS": "https://www.google.com/maps?q=&layer=c&cbll=-46.382582,-23.9646751", "O_QUE_FAZER": "CARTEIRA", "ER_REGIAO_CIDADE_min": "São Vicente_Baixada Santista" }, "geometry": { "type": "Point", "coordinates": [ -46.382582, -23.9646751 ] } },
{ "type": "Feature", "properties": { "CNPJ": "38293184000106", "IDCIDADE": "SAO_VICENTE", "NOMEFANTASIA": "FENIX_MUSIC", "RAZAOSOCIAL": "FENIX_MUSIC_INSTRUMENTOS_MUSICAIS_LTDA", "ENDEE": "PRACA_DA_BANDEIRA28__CENTRO_11310-030", "LATITUDE": "-23.9647752", "LONGITUDE": "-46.3834023", "LMAPS": "https://www.google.com/maps?q=&layer=c&cbll=-46.3834023,-23.9647752", "O_QUE_FAZER": "CARTEIRA", "ER_REGIAO_CIDADE_min": "São Vicente_Baixada Santista" }, "geometry": { "type": "Point", "coordinates": [ -46.3834023, -23.9647752 ] } },
{ "type": "Feature", "properties": { "CNPJ": "09168335000198", "IDCIDADE": "SAO_VICENTE", "NOMEFANTASIA": "BALBOA_SUPLEMENTOS", "RAZAOSOCIAL": "BALBOA_SUPLEMENTOS_LTDA", "ENDEE": "PRACA_DA_BANDEIRA39__CENTRO_11310-030", "LATITUDE": "-23.9646609", "LONGITUDE": "-46.3833306", "LMAPS": "https://www.google.com/maps?q=&layer=c&cbll=-46.3833306,-23.9646609", "O_QUE_FAZER": "CARTEIRA", "ER_REGIAO_CIDADE_min": "São Vicente_Baixada Santista" }, "geometry": { "type": "Point", "coordinates": [ -46.3833306, -23.9646609 ] } },
{ "type": "Feature", "properties": { "CNPJ": "21543534000134", "IDCIDADE": "SAO_VICENTE", "NOMEFANTASIA": "BALBOA_SUPLEMENTOS", "RAZAOSOCIAL": "VICTOR_AUGUSTO_M.B._DE_VASCONCELOS", "ENDEE": "PRACA_DA_BANDEIRA39__CENTRO_11310-030", "LATITUDE": "-23.9646864", "LONGITUDE": "-46.3833661", "LMAPS": "https://www.google.com/maps?q=&layer=c&cbll=-46.3833661,-23.9646864", "O_QUE_FAZER": "CARTEIRA", "ER_REGIAO_CIDADE_min": "São Vicente_Baixada Santista" }, "geometry": { "type": "Point", "coordinates": [ -46.3833661, -23.9646864 ] } },
{ "type": "Feature", "properties": { "CNPJ": "12140820000168", "IDCIDADE": "SAO_VICENTE", "NOMEFANTASIA": "GLAMOUR_SMELL", "RAZAOSOCIAL": "NATALIA_BARBOSA_MARTINS_-_MODAS", "ENDEE": "RUA_PADRE_ANCHIETA220__CENTRO_11310-040", "LATITUDE": "-23.9679094", "LONGITUDE": "-46.3853935", "LMAPS": "https://www.google.com/maps?q=&layer=c&cbll=-46.3853935,-23.9679094", "O_QUE_FAZER": "CARTEIRA", "ER_REGIAO_CIDADE_min": "São Vicente_Baixada Santista" }, "geometry": { "type": "Point", "coordinates": [ -46.3853935, -23.9679094 ] } },
{ "type": "Feature", "properties": { "CNPJ": "08068633000143", "IDCIDADE": "SAO_VICENTE", "NOMEFANTASIA": "OSANSEG", "RAZAOSOCIAL": "OSANSEG_CORRETORA_DE_SEGUROS_E_REPRESENTACOES_LTDA.", "ENDEE": "RUA_PADRE_ANCHIETA224__CENTRO_11310-040", "LATITUDE": "-23.9681884", "LONGITUDE": "-46.3849829", "LMAPS": "https://www.google.com/maps?q=&layer=c&cbll=-46.3849829,-23.9681884", "O_QUE_FAZER": "CARTEIRA", "ER_REGIAO_CIDADE_min": "São Vicente_Baixada Santista" }, "geometry": { "type": "Point", "coordinates": [ -46.3849829, -23.9681884 ] } },
{ "type": "Feature", "properties": { "CNPJ": "40446010000170", "IDCIDADE": "SAO_VICENTE", "NOMEFANTASIA": "REQUINTE_AMBIENTES_PLANEJADOS", "RAZAOSOCIAL": "REQUINTE_AMBIENTES_PLANEJADOS_LTDA", "ENDEE": "RUA_PADRE_ANCHIETA227__CENTRO_11310-040", "LATITUDE": "-23.9681009", "LONGITUDE": "-46.3850907", "LMAPS": "https://www.google.com/maps?q=&layer=c&cbll=-46.3850907,-23.9681009", "O_QUE_FAZER": "CARTEIRA", "ER_REGIAO_CIDADE_min": "São Vicente_Baixada Santista" }, "geometry": { "type": "Point", "coordinates": [ -46.3850907, -23.9681009 ] } },
{ "type": "Feature", "properties": { "CNPJ": "96634167000183", "IDCIDADE": "SAO_VICENTE", "NOMEFANTASIA": "DECOL", "RAZAOSOCIAL": "DECOL_ELETRONICA_LTDA", "ENDEE": "RUA_PADRE_ANCHIETA248__CENTRO_11310-040", "LATITUDE": "-23.9679931", "LONGITUDE": "-46.3849454", "LMAPS": "https://www.google.com/maps?q=&layer=c&cbll=-46.3849454,-23.9679931", "O_QUE_FAZER": "CARTEIRA", "ER_REGIAO_CIDADE_min": "São Vicente_Baixada Santista" }, "geometry": { "type": "Point", "coordinates": [ -46.3849454, -23.9679931 ] } },
{ "type": "Feature", "properties": { "CNPJ": "40002515000145", "IDCIDADE": "SAO_VICENTE", "NOMEFANTASIA": "MASTER_CLEAN", "RAZAOSOCIAL": "MASTER_CLEAN_LTDA", "ENDEE": "RUA_PADRE_ANCHIETA25__CENTRO_11310-040", "LATITUDE": "-23.969617", "LONGITUDE": "-46.3861371", "LMAPS": "https://www.google.com/maps?q=&layer=c&cbll=-46.3861371,-23.969617", "O_QUE_FAZER": "CARTEIRA", "ER_REGIAO_CIDADE_min": "São Vicente_Baixada Santista" }, "geometry": { "type": "Point", "coordinates": [ -46.3861371, -23.969617 ] } },
{ "type": "Feature", "properties": { "CNPJ": "08175677000253", "IDCIDADE": "SAO_VICENTE", "NOMEFANTASIA": "FIT", "RAZAOSOCIAL": "GR_SANTOS_LTDA", "ENDEE": "RUA_PADRE_ANCHIETA288__CENTRO_11310-040", "LATITUDE": "-23.9677253", "LONGITUDE": "-46.3846664", "LMAPS": "https://www.google.com/maps?q=&layer=c&cbll=-46.3846664,-23.9677253", "O_QUE_FAZER": "CARTEIRA", "ER_REGIAO_CIDADE_min": "São Vicente_Baixada Santista" }, "geometry": { "type": "Point", "coordinates": [ -46.3846664, -23.9677253 ] } },
{ "type": "Feature", "properties": { "CNPJ": "54889245000140", "IDCIDADE": "SAO_VICENTE", "NOMEFANTASIA": "MULTI_TECH", "RAZAOSOCIAL": "MULTI_TECH_SV_LTDA", "ENDEE": "RUA_PADRE_ANCHIETA291__CENTRO_11310-040", "LATITUDE": "-23.9675799", "LONGITUDE": "-46.3850431", "LMAPS": "https://www.google.com/maps?q=&layer=c&cbll=-46.3850431,-23.9675799", "O_QUE_FAZER": "CARTEIRA", "ER_REGIAO_CIDADE_min": "São Vicente_Baixada Santista" }, "geometry": { "type": "Point", "coordinates": [ -46.3850431, -23.9675799 ] } },
{ "type": "Feature", "properties": { "CNPJ": "49956786000104", "IDCIDADE": "SAO_VICENTE", "NOMEFANTASIA": "CONCEITUAL_COLCHOES", "RAZAOSOCIAL": "CONCEITUAL_COLCHOES_LTDA", "ENDEE": "RUA_PADRE_ANCHIETA291__CENTRO_11310-040", "LATITUDE": "-23.9676152", "LONGITUDE": "-46.385005", "LMAPS": "https://www.google.com/maps?q=&layer=c&cbll=-46.385005,-23.9676152", "O_QUE_FAZER": "CARTEIRA", "ER_REGIAO_CIDADE_min": "São Vicente_Baixada Santista" }, "geometry": { "type": "Point", "coordinates": [ -46.385005, -23.9676152 ] } },
{ "type": "Feature", "properties": { "CNPJ": "52095795000162", "IDCIDADE": "SAO_VICENTE", "NOMEFANTASIA": "COMBO", "RAZAOSOCIAL": "COMBO_COMERCIO_DE_ROUPAS_E_ACESSORIOS_LTDA", "ENDEE": "RUA_PADRE_ANCHIETA291__CENTRO_11310-040", "LATITUDE": "-23.9676514", "LONGITUDE": "-46.3848752", "LMAPS": "https://www.google.com/maps?q=&layer=c&cbll=-46.3848752,-23.9676514", "O_QUE_FAZER": "CARTEIRA", "ER_REGIAO_CIDADE_min": "São Vicente_Baixada Santista" }, "geometry": { "type": "Point", "coordinates": [ -46.3848752, -23.9676514 ] } },
{ "type": "Feature", "properties": { "CNPJ": "37580153000165", "IDCIDADE": "SAO_VICENTE", "NOMEFANTASIA": "2_ML_STORE", "RAZAOSOCIAL": "2_ML_STORE_LTDA", "ENDEE": "RUA_PADRE_ANCHIETA291__CENTRO_11310-040", "LATITUDE": "-23.9676898", "LONGITUDE": "-46.3848152", "LMAPS": "https://www.google.com/maps?q=&layer=c&cbll=-46.3848152,-23.9676898", "O_QUE_FAZER": "CARTEIRA", "ER_REGIAO_CIDADE_min": "São Vicente_Baixada Santista" }, "geometry": { "type": "Point", "coordinates": [ -46.3848152, -23.9676898 ] } },
{ "type": "Feature", "properties": { "CNPJ": "47445916000208", "IDCIDADE": "SAO_VICENTE", "NOMEFANTASIA": "TABACARIA_PAI_E_FILHO", "RAZAOSOCIAL": "M._M._F._DO_REGO", "ENDEE": "RUA_PADRE_ANCHIETA291__CENTRO_11310-040", "LATITUDE": "-23.967698", "LONGITUDE": "-46.3848777", "LMAPS": "https://www.google.com/maps?q=&layer=c&cbll=-46.3848777,-23.967698", "O_QUE_FAZER": "CARTEIRA", "ER_REGIAO_CIDADE_min": "São Vicente_Baixada Santista" }, "geometry": { "type": "Point", "coordinates": [ -46.3848777, -23.967698 ] } },
{ "type": "Feature", "properties": { "CNPJ": "50027168000169", "IDCIDADE": "SAO_VICENTE", "NOMEFANTASIA": "CICLO_TIO_PATINHAS", "RAZAOSOCIAL": "LUIZ_GIAFFONE_&_FILHO_LTDA", "ENDEE": "RUA_PADRE_ANCHIETA298__CENTRO_11310-040", "LATITUDE": "-23.9675578", "LONGITUDE": "-46.3847679", "LMAPS": "https://www.google.com/maps?q=&layer=c&cbll=-46.3847679,-23.9675578", "O_QUE_FAZER": "CARTEIRA", "ER_REGIAO_CIDADE_min": "São Vicente_Baixada Santista" }, "geometry": { "type": "Point", "coordinates": [ -46.3847679, -23.9675578 ] } },
{ "type": "Feature", "properties": { "CNPJ": "27308244000192", "IDCIDADE": "SAO_VICENTE", "NOMEFANTASIA": "ORTHO_&_IMPLANTS", "RAZAOSOCIAL": "ANDERSON_DE_SOUZA_OLIVEIRA_ODONTOLOGIA", "ENDEE": "RUA_PADRE_ANCHIETA306__CENTRO_11310-040", "LATITUDE": "-23.9675058", "LONGITUDE": "-46.3845824", "LMAPS": "https://www.google.com/maps?q=&layer=c&cbll=-46.3845824,-23.9675058", "O_QUE_FAZER": "CARTEIRA", "ER_REGIAO_CIDADE_min": "São Vicente_Baixada Santista" }, "geometry": { "type": "Point", "coordinates": [ -46.3845824, -23.9675058 ] } },
{ "type": "Feature", "properties": { "CNPJ": "67059485000321", "IDCIDADE": "SAO_VICENTE", "NOMEFANTASIA": "FARMACIA_MEDICINAL", "RAZAOSOCIAL": "FARMACIA_MEDICINAL_TERAPEUTICA_DE_ITANHAEM_LTDA", "ENDEE": "RUA_PADRE_ANCHIETA310__CENTRO_11310-040", "LATITUDE": "-23.9674881", "LONGITUDE": "-46.3846177", "LMAPS": "https://www.google.com/maps?q=&layer=c&cbll=-46.3846177,-23.9674881", "O_QUE_FAZER": "CARTEIRA", "ER_REGIAO_CIDADE_min": "São Vicente_Baixada Santista" }, "geometry": { "type": "Point", "coordinates": [ -46.3846177, -23.9674881 ] } },
{ "type": "Feature", "properties": { "CNPJ": "33486493000170", "IDCIDADE": "SAO_VICENTE", "NOMEFANTASIA": "BOUTIQUE_DAS_UNHAS", "RAZAOSOCIAL": "PRISCILA_FARIA_AGUIAR_DA_SILVA", "ENDEE": "RUA_PADRE_ANCHIETA318__CENTRO_11310-040", "LATITUDE": "-23.967224", "LONGITUDE": "-46.3844531", "LMAPS": "https://www.google.com/maps?q=&layer=c&cbll=-46.3844531,-23.967224", "O_QUE_FAZER": "CARTEIRA", "ER_REGIAO_CIDADE_min": "São Vicente_Baixada Santista" }, "geometry": { "type": "Point", "coordinates": [ -46.3844531, -23.967224 ] } },
{ "type": "Feature", "properties": { "CNPJ": "43215332000104", "IDCIDADE": "SAO_VICENTE", "NOMEFANTASIA": "LAMISE_BOUTIQUE", "RAZAOSOCIAL": "LAMISE_BOUTTIQUE_LTDA", "ENDEE": "RUA_PADRE_ANCHIETA330__CENTRO_11310-040", "LATITUDE": "-23.967349", "LONGITUDE": "-46.3845232", "LMAPS": "https://www.google.com/maps?q=&layer=c&cbll=-46.3845232,-23.967349", "O_QUE_FAZER": "CARTEIRA", "ER_REGIAO_CIDADE_min": "São Vicente_Baixada Santista" }, "geometry": { "type": "Point", "coordinates": [ -46.3845232, -23.967349 ] } },
{ "type": "Feature", "properties": { "CNPJ": "23646972000153", "IDCIDADE": "SAO_VICENTE", "NOMEFANTASIA": "MEDELLIN_ACESSORIOS", "RAZAOSOCIAL": "J.A.C._PATINO", "ENDEE": "RUA_PADRE_ANCHIETA341__CENTRO_11310-040", "LATITUDE": "-23.9671589", "LONGITUDE": "-46.3844749", "LMAPS": "https://www.google.com/maps?q=&layer=c&cbll=-46.3844749,-23.9671589", "O_QUE_FAZER": "CARTEIRA", "ER_REGIAO_CIDADE_min": "São Vicente_Baixada Santista" }, "geometry": { "type": "Point", "coordinates": [ -46.3844749, -23.9671589 ] } },
{ "type": "Feature", "properties": { "CNPJ": "03747069000171", "IDCIDADE": "SAO_VICENTE", "NOMEFANTASIA": "ESTACIONAMENTO_MONACO", "RAZAOSOCIAL": "GEROLAMO_&_GEROLAMO_LTDA", "ENDEE": "RUA_PADRE_ANCHIETA341__CENTRO_11310-040", "LATITUDE": "-23.9672137", "LONGITUDE": "-46.3845732", "LMAPS": "https://www.google.com/maps?q=&layer=c&cbll=-46.3845732,-23.9672137", "O_QUE_FAZER": "CARTEIRA", "ER_REGIAO_CIDADE_min": "São Vicente_Baixada Santista" }, "geometry": { "type": "Point", "coordinates": [ -46.3845732, -23.9672137 ] } },
{ "type": "Feature", "properties": { "CNPJ": "03231456000150", "IDCIDADE": "SAO_VICENTE", "NOMEFANTASIA": "PRECO_REAL", "RAZAOSOCIAL": "NOBA_CAJI_SAO_VICENTE_LTDA", "ENDEE": "RUA_PADRE_ANCHIETA428__CENTRO_11310-040", "LATITUDE": "-23.9666556", "LONGITUDE": "-46.3840424", "LMAPS": "https://www.google.com/maps?q=&layer=c&cbll=-46.3840424,-23.9666556", "O_QUE_FAZER": "CARTEIRA", "ER_REGIAO_CIDADE_min": "São Vicente_Baixada Santista" }, "geometry": { "type": "Point", "coordinates": [ -46.3840424, -23.9666556 ] } },
{ "type": "Feature", "properties": { "CNPJ": "12445444000110", "IDCIDADE": "SAO_VICENTE", "NOMEFANTASIA": "DANIELS_GAMES", "RAZAOSOCIAL": "D._L._-_GAMES_ELETRONICOS_E_INFORMATICA_LTDA", "ENDEE": "RUA_PADRE_ANCHIETA428__CENTRO_11310-040", "LATITUDE": "-23.9666629", "LONGITUDE": "-46.3840488", "LMAPS": "https://www.google.com/maps?q=&layer=c&cbll=-46.3840488,-23.9666629", "O_QUE_FAZER": "CARTEIRA", "ER_REGIAO_CIDADE_min": "São Vicente_Baixada Santista" }, "geometry": { "type": "Point", "coordinates": [ -46.3840488, -23.9666629 ] } },
{ "type": "Feature", "properties": { "CNPJ": "10236785000150", "IDCIDADE": "SAO_VICENTE", "NOMEFANTASIA": "RGAMES", "RAZAOSOCIAL": "ROGERIO_BARBOSA_DE_LIMA_GAMES", "ENDEE": "RUA_PADRE_ANCHIETA436__CENTRO_11310-040", "LATITUDE": "-23.9665586", "LONGITUDE": "-46.3839876", "LMAPS": "https://www.google.com/maps?q=&layer=c&cbll=-46.3839876,-23.9665586", "O_QUE_FAZER": "CARTEIRA", "ER_REGIAO_CIDADE_min": "São Vicente_Baixada Santista" }, "geometry": { "type": "Point", "coordinates": [ -46.3839876, -23.9665586 ] } },
{ "type": "Feature", "properties": { "CNPJ": "39351505000136", "IDCIDADE": "SAO_VICENTE", "NOMEFANTASIA": "DANIELS", "RAZAOSOCIAL": "DANIELS_MOBILE_ACESSORIOS_CELULARES_LTDA", "ENDEE": "RUA_PADRE_ANCHIETA448__CENTRO_11310-040", "LATITUDE": "-23.966453", "LONGITUDE": "-46.383883", "LMAPS": "https://www.google.com/maps?q=&layer=c&cbll=-46.383883,-23.966453", "O_QUE_FAZER": "CARTEIRA", "ER_REGIAO_CIDADE_min": "São Vicente_Baixada Santista" }, "geometry": { "type": "Point", "coordinates": [ -46.383883, -23.966453 ] } },
{ "type": "Feature", "properties": { "CNPJ": "66130634000177", "IDCIDADE": "SAO_VICENTE", "NOMEFANTASIA": "VENTURINE_MOVEIS", "RAZAOSOCIAL": "VENTURINE_MOVEIS_E_DECORACOES_LTDA", "ENDEE": "RUA_PADRE_ANCHIETA455__CENTRO_11310-040", "LATITUDE": "-23.9662596", "LONGITUDE": "-46.384006", "LMAPS": "https://www.google.com/maps?q=&layer=c&cbll=-46.384006,-23.9662596", "O_QUE_FAZER": "CARTEIRA", "ER_REGIAO_CIDADE_min": "São Vicente_Baixada Santista" }, "geometry": { "type": "Point", "coordinates": [ -46.384006, -23.9662596 ] } },
{ "type": "Feature", "properties": { "CNPJ": "04930185000194", "IDCIDADE": "SAO_VICENTE", "NOMEFANTASIA": "STUDIO_SILVIO_S", "RAZAOSOCIAL": "STUDIO_SILVIO_S_COIFFEUR_LTDA", "ENDEE": "RUA_PADRE_ANCHIETA474__CENTRO_11310-040", "LATITUDE": "-23.9661729", "LONGITUDE": "-46.3837897", "LMAPS": "https://www.google.com/maps?q=&layer=c&cbll=-46.3837897,-23.9661729", "O_QUE_FAZER": "CARTEIRA", "ER_REGIAO_CIDADE_min": "São Vicente_Baixada Santista" }, "geometry": { "type": "Point", "coordinates": [ -46.3837897, -23.9661729 ] } },
{ "type": "Feature", "properties": { "CNPJ": "01570063000146", "IDCIDADE": "SAO_VICENTE", "NOMEFANTASIA": "CHINA_GOURMET", "RAZAOSOCIAL": "R._SATURNINO_DA_SILVA_-_RESTAURANTE_LTDA.", "ENDEE": "RUA_PADRE_ANCHIETA49__CENTRO_11310-040", "LATITUDE": "-23.9694488", "LONGITUDE": "-46.3860084", "LMAPS": "https://www.google.com/maps?q=&layer=c&cbll=-46.3860084,-23.9694488", "O_QUE_FAZER": "CARTEIRA", "ER_REGIAO_CIDADE_min": "São Vicente_Baixada Santista" }, "geometry": { "type": "Point", "coordinates": [ -46.3860084, -23.9694488 ] } },
{ "type": "Feature", "properties": { "CNPJ": "29294714000131", "IDCIDADE": "SAO_VICENTE", "NOMEFANTASIA": "BEN_PLAY", "RAZAOSOCIAL": "COSTA_E_SILVA_-_GAMES_ELETRONICOS_E_INFORMATICA_LTDA", "ENDEE": "RUA_PADRE_ANCHIETA490__CENTRO_11310-040", "LATITUDE": "-23.9661494", "LONGITUDE": "-46.3836437", "LMAPS": "https://www.google.com/maps?q=&layer=c&cbll=-46.3836437,-23.9661494", "O_QUE_FAZER": "CARTEIRA", "ER_REGIAO_CIDADE_min": "São Vicente_Baixada Santista" }, "geometry": { "type": "Point", "coordinates": [ -46.3836437, -23.9661494 ] } },
{ "type": "Feature", "properties": { "CNPJ": "67860734000111", "IDCIDADE": "SAO_VICENTE", "NOMEFANTASIA": "WL_ELETRONICA", "RAZAOSOCIAL": "IDECOMP_ELETRONICA_LTDA", "ENDEE": "RUA_PADRE_ANCHIETA534__CENTRO_11310-040", "LATITUDE": "-23.9658215", "LONGITUDE": "-46.3834051", "LMAPS": "https://www.google.com/maps?q=&layer=c&cbll=-46.3834051,-23.9658215", "O_QUE_FAZER": "CARTEIRA", "ER_REGIAO_CIDADE_min": "São Vicente_Baixada Santista" }, "geometry": { "type": "Point", "coordinates": [ -46.3834051, -23.9658215 ] } },
{ "type": "Feature", "properties": { "CNPJ": "53152849000147", "IDCIDADE": "SAO_VICENTE", "NOMEFANTASIA": "FRATIANO", "RAZAOSOCIAL": "COMERCIO_DE_MATERIAIS_PARA_CONSTRUCAO_FRATIANO_LTDA", "ENDEE": "RUA_PADRE_ANCHIETA570__CENTRO_11310-040", "LATITUDE": "-23.9655121", "LONGITUDE": "-46.3832551", "LMAPS": "https://www.google.com/maps?q=&layer=c&cbll=-46.3832551,-23.9655121", "O_QUE_FAZER": "CARTEIRA", "ER_REGIAO_CIDADE_min": "São Vicente_Baixada Santista" }, "geometry": { "type": "Point", "coordinates": [ -46.3832551, -23.9655121 ] } },
{ "type": "Feature", "properties": { "CNPJ": "32653640000197", "IDCIDADE": "SAO_VICENTE", "NOMEFANTASIA": "PET_SHOP_ESTETICAO", "RAZAOSOCIAL": "PET_SHOP_ESTETICAO_LTDA", "ENDEE": "RUA_PADRE_ANCHIETA613__CENTRO_11310-040", "LATITUDE": "-23.9650033", "LONGITUDE": "-46.3831114", "LMAPS": "https://www.google.com/maps?q=&layer=c&cbll=-46.3831114,-23.9650033", "O_QUE_FAZER": "CARTEIRA", "ER_REGIAO_CIDADE_min": "São Vicente_Baixada Santista" }, "geometry": { "type": "Point", "coordinates": [ -46.3831114, -23.9650033 ] } },
{ "type": "Feature", "properties": { "CNPJ": "02819145000144", "IDCIDADE": "SAO_VICENTE", "NOMEFANTASIA": "DISK_TV_CONSERTO", "RAZAOSOCIAL": "VLADIMIR_LIMA_JUNIOR_ELETRONICA", "ENDEE": "RUA_PADRE_ANCHIETA622__CENTRO_11310-040", "LATITUDE": "-23.9648976", "LONGITUDE": "-46.3830202", "LMAPS": "https://www.google.com/maps?q=&layer=c&cbll=-46.3830202,-23.9648976", "O_QUE_FAZER": "CARTEIRA", "ER_REGIAO_CIDADE_min": "São Vicente_Baixada Santista" }, "geometry": { "type": "Point", "coordinates": [ -46.3830202, -23.9648976 ] } },
{ "type": "Feature", "properties": { "CNPJ": "35240591000159", "IDCIDADE": "SAO_VICENTE", "NOMEFANTASIA": "CENTRO_MUSICAL_DE_ADORACAO", "RAZAOSOCIAL": "CENTRO_MUSICAL_DE_ADORACAO_LTDA", "ENDEE": "RUA_PADRE_ANCHIETA72__CENTRO_11310-040", "LATITUDE": "-23.969347", "LONGITUDE": "-46.3858117", "LMAPS": "https://www.google.com/maps?q=&layer=c&cbll=-46.3858117,-23.969347", "O_QUE_FAZER": "CARTEIRA", "ER_REGIAO_CIDADE_min": "São Vicente_Baixada Santista" }, "geometry": { "type": "Point", "coordinates": [ -46.3858117, -23.969347 ] } },
{ "type": "Feature", "properties": { "CNPJ": "37057637000124", "IDCIDADE": "SAO_VICENTE", "NOMEFANTASIA": "ESTANCIA_DAS_CARNES", "RAZAOSOCIAL": "ESTANCIA_DAS_CARNES_COMERCIO_LTDA", "ENDEE": "RUA_JOAO_RAMALHO1035__CENTRO_11310-050", "LATITUDE": "-23.963969", "LONGITUDE": "-46.3872081", "LMAPS": "https://www.google.com/maps?q=&layer=c&cbll=-46.3872081,-23.963969", "O_QUE_FAZER": "CARTEIRA", "ER_REGIAO_CIDADE_min": "São Vicente_Baixada Santista" }, "geometry": { "type": "Point", "coordinates": [ -46.3872081, -23.963969 ] } },
{ "type": "Feature", "properties": { "CNPJ": "18641429000123", "IDCIDADE": "SAO_VICENTE", "NOMEFANTASIA": "FAMILIA_QSJ", "RAZAOSOCIAL": "PRISCILA_VIEIRA_-_INTERMEDIACOES", "ENDEE": "RUA_JOAO_RAMALHO1059__CENTRO_11310-050", "LATITUDE": "-23.9638487", "LONGITUDE": "-46.3873869", "LMAPS": "https://www.google.com/maps?q=&layer=c&cbll=-46.3873869,-23.9638487", "O_QUE_FAZER": "CARTEIRA", "ER_REGIAO_CIDADE_min": "São Vicente_Baixada Santista" }, "geometry": { "type": "Point", "coordinates": [ -46.3873869, -23.9638487 ] } },
{ "type": "Feature", "properties": { "CNPJ": "23643385000100", "IDCIDADE": "SAO_VICENTE", "NOMEFANTASIA": "V_RODRIGUES_DE_SOUZA_ESTACIONAMENTO", "RAZAOSOCIAL": "V._RODRIGUES_DE_SOUZA_ESTACIONAMENTO_LTDA.", "ENDEE": "RUA_JOAO_RAMALHO1119__CENTRO_11310-050", "LATITUDE": "-23.9638428", "LONGITUDE": "-46.3865241", "LMAPS": "https://www.google.com/maps?q=&layer=c&cbll=-46.3865241,-23.9638428", "O_QUE_FAZER": "CARTEIRA", "ER_REGIAO_CIDADE_min": "São Vicente_Baixada Santista" }, "geometry": { "type": "Point", "coordinates": [ -46.3865241, -23.9638428 ] } },
{ "type": "Feature", "properties": { "CNPJ": "09469997000106", "IDCIDADE": "SAO_VICENTE", "NOMEFANTASIA": "DEPOSITO_ESTACAO", "RAZAOSOCIAL": "CAMILA_PEREIRA_FERRAGENS", "ENDEE": "RUA_JOAO_RAMALHO1139__CENTRO_11310-050", "LATITUDE": "-23.9635301", "LONGITUDE": "-46.3881054", "LMAPS": "https://www.google.com/maps?q=&layer=c&cbll=-46.3881054,-23.9635301", "O_QUE_FAZER": "CARTEIRA", "ER_REGIAO_CIDADE_min": "São Vicente_Baixada Santista" }, "geometry": { "type": "Point", "coordinates": [ -46.3881054, -23.9635301 ] } },
{ "type": "Feature", "properties": { "CNPJ": "15060640000164", "IDCIDADE": "SAO_VICENTE", "NOMEFANTASIA": "SOL_DE_PRIMAVERA", "RAZAOSOCIAL": "SOL_DE_PRIMAVERA_INSTITUTO_DE_BELEZA_LTDA", "ENDEE": "RUA_JOAO_RAMALHO187__CENTRO_11310-050", "LATITUDE": "-23.9678181", "LONGITUDE": "-46.3800161", "LMAPS": "https://www.google.com/maps?q=&layer=c&cbll=-46.3800161,-23.9678181", "O_QUE_FAZER": "CARTEIRA", "ER_REGIAO_CIDADE_min": "São Vicente_Baixada Santista" }, "geometry": { "type": "Point", "coordinates": [ -46.3800161, -23.9678181 ] } },
{ "type": "Feature", "properties": { "CNPJ": "03184016000190", "IDCIDADE": "SAO_VICENTE", "NOMEFANTASIA": "ZULATO_CONFECCOES", "RAZAOSOCIAL": "ZULATO_CONFECCOES_LTDA", "ENDEE": "RUA_JOAO_RAMALHO195__CENTRO_11310-050", "LATITUDE": "-23.9677953", "LONGITUDE": "-46.3801118", "LMAPS": "https://www.google.com/maps?q=&layer=c&cbll=-46.3801118,-23.9677953", "O_QUE_FAZER": "CARTEIRA", "ER_REGIAO_CIDADE_min": "São Vicente_Baixada Santista" }, "geometry": { "type": "Point", "coordinates": [ -46.3801118, -23.9677953 ] } },
{ "type": "Feature", "properties": { "CNPJ": "17783693000139", "IDCIDADE": "SAO_VICENTE", "NOMEFANTASIA": "IMOBILIARIA_LITORAL", "RAZAOSOCIAL": "IMOBILIARIA_LITORAL_LTDA", "ENDEE": "RUA_JOAO_RAMALHO209__CENTRO_11310-050", "LATITUDE": "-23.9678797", "LONGITUDE": "-46.3802722", "LMAPS": "https://www.google.com/maps?q=&layer=c&cbll=-46.3802722,-23.9678797", "O_QUE_FAZER": "CARTEIRA", "ER_REGIAO_CIDADE_min": "São Vicente_Baixada Santista" }, "geometry": { "type": "Point", "coordinates": [ -46.3802722, -23.9678797 ] } },
{ "type": "Feature", "properties": { "CNPJ": "41922346000124", "IDCIDADE": "SAO_VICENTE", "NOMEFANTASIA": "BOTECAGEM_CASA_RAMALHO", "RAZAOSOCIAL": "BOTECAGEM_CASA_RAMALHO_LTDA", "ENDEE": "RUA_JOAO_RAMALHO215__CENTRO_11310-050", "LATITUDE": "-23.9676685", "LONGITUDE": "-46.3802448", "LMAPS": "https://www.google.com/maps?q=&layer=c&cbll=-46.3802448,-23.9676685", "O_QUE_FAZER": "CARTEIRA", "ER_REGIAO_CIDADE_min": "São Vicente_Baixada Santista" }, "geometry": { "type": "Point", "coordinates": [ -46.3802448, -23.9676685 ] } },
{ "type": "Feature", "properties": { "CNPJ": "11192537000117", "IDCIDADE": "SAO_VICENTE", "NOMEFANTASIA": "TROIA_SERVICOS_ODONTOLOGICOS", "RAZAOSOCIAL": "TROIA_SERVICOS_ODONTOLOGICOS_LTDA", "ENDEE": "RUA_JOAO_RAMALHO216__CENTRO_11310-050", "LATITUDE": "-23.9675363", "LONGITUDE": "-46.380645", "LMAPS": "https://www.google.com/maps?q=&layer=c&cbll=-46.380645,-23.9675363", "O_QUE_FAZER": "CARTEIRA", "ER_REGIAO_CIDADE_min": "São Vicente_Baixada Santista" }, "geometry": { "type": "Point", "coordinates": [ -46.380645, -23.9675363 ] } },
{ "type": "Feature", "properties": { "CNPJ": "43497688000170", "IDCIDADE": "SAO_VICENTE", "NOMEFANTASIA": "ALLISSON_REBELLO_CONSULTORIO_ODONTOLOGICO", "RAZAOSOCIAL": "ALLISSON_REBELLO_ODONTOLOGIA_LTDA", "ENDEE": "RUA_JOAO_RAMALHO247__CENTRO_11310-050", "LATITUDE": "-23.9675543", "LONGITUDE": "-46.3804948", "LMAPS": "https://www.google.com/maps?q=&layer=c&cbll=-46.3804948,-23.9675543", "O_QUE_FAZER": "CARTEIRA", "ER_REGIAO_CIDADE_min": "São Vicente_Baixada Santista" }, "geometry": { "type": "Point", "coordinates": [ -46.3804948, -23.9675543 ] } },
{ "type": "Feature", "properties": { "CNPJ": "24869876000137", "IDCIDADE": "SAO_VICENTE", "NOMEFANTASIA": "J_FABIO'S_COIFFEUR", "RAZAOSOCIAL": "PRISCILA_GONCALVES_SOARES", "ENDEE": "RUA_JOAO_RAMALHO253__CENTRO_11310-050", "LATITUDE": "-23.9674193", "LONGITUDE": "-46.3805828", "LMAPS": "https://www.google.com/maps?q=&layer=c&cbll=-46.3805828,-23.9674193", "O_QUE_FAZER": "CARTEIRA", "ER_REGIAO_CIDADE_min": "São Vicente_Baixada Santista" }, "geometry": { "type": "Point", "coordinates": [ -46.3805828, -23.9674193 ] } },
{ "type": "Feature", "properties": { "CNPJ": "07054660000102", "IDCIDADE": "SAO_VICENTE", "NOMEFANTASIA": "STTILO", "RAZAOSOCIAL": "STTILO_-_SERVICOS_DE_APOIO_ADMINISTRATIVO_LTDA", "ENDEE": "RUA_JOAO_RAMALHO271__CENTRO_11310-050", "LATITUDE": "-23.967395", "LONGITUDE": "-46.3806484", "LMAPS": "https://www.google.com/maps?q=&layer=c&cbll=-46.3806484,-23.967395", "O_QUE_FAZER": "CARTEIRA", "ER_REGIAO_CIDADE_min": "São Vicente_Baixada Santista" }, "geometry": { "type": "Point", "coordinates": [ -46.3806484, -23.967395 ] } },
{ "type": "Feature", "properties": { "CNPJ": "17918935000154", "IDCIDADE": "SAO_VICENTE", "NOMEFANTASIA": "MARY_A_RIGOR", "RAZAOSOCIAL": "ADRIANA_PEIXOTO_DE_CASTILHO_FRAZAO", "ENDEE": "RUA_JOAO_RAMALHO296__CENTRO_11310-050", "LATITUDE": "-23.967214", "LONGITUDE": "-46.3810334", "LMAPS": "https://www.google.com/maps?q=&layer=c&cbll=-46.3810334,-23.967214", "O_QUE_FAZER": "CARTEIRA", "ER_REGIAO_CIDADE_min": "São Vicente_Baixada Santista" }, "geometry": { "type": "Point", "coordinates": [ -46.3810334, -23.967214 ] } },
{ "type": "Feature", "properties": { "CNPJ": "30660532000116", "IDCIDADE": "SAO_VICENTE", "NOMEFANTASIA": "CHAVEIRO_MONACO", "RAZAOSOCIAL": "PONCIANO_A_S_DA_SILVA_ESTACIONAMENTO", "ENDEE": "RUA_JOAO_RAMALHO441__CENTRO_11310-050", "LATITUDE": "-23.9665787", "LONGITUDE": "-46.3820677", "LMAPS": "https://www.google.com/maps?q=&layer=c&cbll=-46.3820677,-23.9665787", "O_QUE_FAZER": "CARTEIRA", "ER_REGIAO_CIDADE_min": "São Vicente_Baixada Santista" }, "geometry": { "type": "Point", "coordinates": [ -46.3820677, -23.9665787 ] } },
{ "type": "Feature", "properties": { "CNPJ": "49187255000102", "IDCIDADE": "SAO_VICENTE", "NOMEFANTASIA": "COMPRE_CERTO", "RAZAOSOCIAL": "BAZAR_NOVA_CHINA_SV_LTDA", "ENDEE": "RUA_JOAO_RAMALHO470__CENTRO_11310-050", "LATITUDE": "-23.9654213", "LONGITUDE": "-46.3844161", "LMAPS": "https://www.google.com/maps?q=&layer=c&cbll=-46.3844161,-23.9654213", "O_QUE_FAZER": "CARTEIRA", "ER_REGIAO_CIDADE_min": "São Vicente_Baixada Santista" }, "geometry": { "type": "Point", "coordinates": [ -46.3844161, -23.9654213 ] } },
{ "type": "Feature", "properties": { "CNPJ": "51021167000170", "IDCIDADE": "SAO_VICENTE", "NOMEFANTASIA": "CRESCI_E_PERDI", "RAZAOSOCIAL": "AMA2_BAZAR_E_OUTLET_INFANTIL_LTDA", "ENDEE": "RUA_JOAO_RAMALHO506__CENTRO_11310-050", "LATITUDE": "-23.9662477", "LONGITUDE": "-46.3825276", "LMAPS": "https://www.google.com/maps?q=&layer=c&cbll=-46.3825276,-23.9662477", "O_QUE_FAZER": "CARTEIRA", "ER_REGIAO_CIDADE_min": "São Vicente_Baixada Santista" }, "geometry": { "type": "Point", "coordinates": [ -46.3825276, -23.9662477 ] } },
{ "type": "Feature", "properties": { "CNPJ": "52264733000137", "IDCIDADE": "SAO_VICENTE", "NOMEFANTASIA": "SANTA_BOLERIA", "RAZAOSOCIAL": "SAO_VICENTE_BOLOS_LTDA", "ENDEE": "RUA_JOAO_RAMALHO510__CENTRO_11310-050", "LATITUDE": "-23.9663054", "LONGITUDE": "-46.3826702", "LMAPS": "https://www.google.com/maps?q=&layer=c&cbll=-46.3826702,-23.9663054", "O_QUE_FAZER": "CARTEIRA", "ER_REGIAO_CIDADE_min": "São Vicente_Baixada Santista" }, "geometry": { "type": "Point", "coordinates": [ -46.3826702, -23.9663054 ] } },
{ "type": "Feature", "properties": { "CNPJ": "11344840000198", "IDCIDADE": "SAO_VICENTE", "NOMEFANTASIA": "CLEO_PODOLOGIA", "RAZAOSOCIAL": "CLEO_CLINICA_DE_PODOLOGIA_LTDA", "ENDEE": "RUA_JOAO_RAMALHO520__CENTRO_11310-050", "LATITUDE": "-23.9661002", "LONGITUDE": "-46.3829607", "LMAPS": "https://www.google.com/maps?q=&layer=c&cbll=-46.3829607,-23.9661002", "O_QUE_FAZER": "CARTEIRA", "ER_REGIAO_CIDADE_min": "São Vicente_Baixada Santista" }, "geometry": { "type": "Point", "coordinates": [ -46.3829607, -23.9661002 ] } },
{ "type": "Feature", "properties": { "CNPJ": "30786931000128", "IDCIDADE": "SAO_VICENTE", "NOMEFANTASIA": "CLUB_MEN_SALON", "RAZAOSOCIAL": "SVM_CABELEIREIROS_LTDA", "ENDEE": "RUA_JOAO_RAMALHO560__CENTRO_11310-050", "LATITUDE": "-23.9660176", "LONGITUDE": "-46.3831331", "LMAPS": "https://www.google.com/maps?q=&layer=c&cbll=-46.3831331,-23.9660176", "O_QUE_FAZER": "CARTEIRA", "ER_REGIAO_CIDADE_min": "São Vicente_Baixada Santista" }, "geometry": { "type": "Point", "coordinates": [ -46.3831331, -23.9660176 ] } },
{ "type": "Feature", "properties": { "CNPJ": "41428763000115", "IDCIDADE": "SAO_VICENTE", "NOMEFANTASIA": "MQ_ODONTOLOGIA", "RAZAOSOCIAL": "MQ_ODONTOLOGIA_LTDA", "ENDEE": "RUA_JOAO_RAMALHO570__CENTRO_11310-050", "LATITUDE": "-23.9659616", "LONGITUDE": "-46.3833021", "LMAPS": "https://www.google.com/maps?q=&layer=c&cbll=-46.3833021,-23.9659616", "O_QUE_FAZER": "CARTEIRA", "ER_REGIAO_CIDADE_min": "São Vicente_Baixada Santista" }, "geometry": { "type": "Point", "coordinates": [ -46.3833021, -23.9659616 ] } },
{ "type": "Feature", "properties": { "CNPJ": "26499162000100", "IDCIDADE": "SAO_VICENTE", "NOMEFANTASIA": "RESTAURANTE_FAZENDINHA", "RAZAOSOCIAL": "MICHELE_MORAES_LAUER_LTDA", "ENDEE": "RUA_JOAO_RAMALHO588__CENTRO_11310-050", "LATITUDE": "-23.9659163", "LONGITUDE": "-46.3833918", "LMAPS": "https://www.google.com/maps?q=&layer=c&cbll=-46.3833918,-23.9659163", "O_QUE_FAZER": "CARTEIRA", "ER_REGIAO_CIDADE_min": "São Vicente_Baixada Santista" }, "geometry": { "type": "Point", "coordinates": [ -46.3833918, -23.9659163 ] } },
{ "type": "Feature", "properties": { "CNPJ": "35183551000112", "IDCIDADE": "SAO_VICENTE", "NOMEFANTASIA": "BIG_BOLO", "RAZAOSOCIAL": "GEORGE_GONCALVES_DA_NOBREGA", "ENDEE": "RUA_JOAO_RAMALHO596__CENTRO_11310-050", "LATITUDE": "-23.9658803", "LONGITUDE": "-46.3834391", "LMAPS": "https://www.google.com/maps?q=&layer=c&cbll=-46.3834391,-23.9658803", "O_QUE_FAZER": "CARTEIRA", "ER_REGIAO_CIDADE_min": "São Vicente_Baixada Santista" }, "geometry": { "type": "Point", "coordinates": [ -46.3834391, -23.9658803 ] } },
{ "type": "Feature", "properties": { "CNPJ": "18736874000177", "IDCIDADE": "SAO_VICENTE", "NOMEFANTASIA": "ISA_MODAS_E_ACESSORIOS", "RAZAOSOCIAL": "CHEN_ZIDA_PRESENTES", "ENDEE": "RUA_JOAO_RAMALHO626__CENTRO_11310-050", "LATITUDE": "-23.9657649", "LONGITUDE": "-46.3836322", "LMAPS": "https://www.google.com/maps?q=&layer=c&cbll=-46.3836322,-23.9657649", "O_QUE_FAZER": "CARTEIRA", "ER_REGIAO_CIDADE_min": "São Vicente_Baixada Santista" }, "geometry": { "type": "Point", "coordinates": [ -46.3836322, -23.9657649 ] } },
{ "type": "Feature", "properties": { "CNPJ": "53861406000125", "IDCIDADE": "SAO_VICENTE", "NOMEFANTASIA": "ROOHX'S_ROUPAS_E_ACESSORIOS", "RAZAOSOCIAL": "VANICE_BARBOSA_DA_SILVA_-_ROUPAS_E_ACESSORIOS", "ENDEE": "RUA_JOAO_RAMALHO630__CENTRO_11310-050", "LATITUDE": "-23.9656963", "LONGITUDE": "-46.3837188", "LMAPS": "https://www.google.com/maps?q=&layer=c&cbll=-46.3837188,-23.9656963", "O_QUE_FAZER": "CARTEIRA", "ER_REGIAO_CIDADE_min": "São Vicente_Baixada Santista" }, "geometry": { "type": "Point", "coordinates": [ -46.3837188, -23.9656963 ] } },
{ "type": "Feature", "properties": { "CNPJ": "22309668000158", "IDCIDADE": "SAO_VICENTE", "NOMEFANTASIA": "SE_O_NOTA_10", "RAZAOSOCIAL": "PAULO_ROBERTO_LEAL", "ENDEE": "RUA_JOAO_RAMALHO648__CENTRO_11310-050", "LATITUDE": "-23.9656926", "LONGITUDE": "-46.3839546", "LMAPS": "https://www.google.com/maps?q=&layer=c&cbll=-46.3839546,-23.9656926", "O_QUE_FAZER": "CARTEIRA", "ER_REGIAO_CIDADE_min": "São Vicente_Baixada Santista" }, "geometry": { "type": "Point", "coordinates": [ -46.3839546, -23.9656926 ] } },
{ "type": "Feature", "properties": { "CNPJ": "05416246000162", "IDCIDADE": "SAO_VICENTE", "NOMEFANTASIA": "BAR_E_LANCHONETE_ILHA_DE_SAO_VICENTE", "RAZAOSOCIAL": "LANCHONETE_E_CHOPERIA_ILHA_DE_SAO_VICENTE_LTDA", "ENDEE": "RUA_JOAO_RAMALHO660__CENTRO_11310-050", "LATITUDE": "-23.9655101", "LONGITUDE": "-46.383961", "LMAPS": "https://www.google.com/maps?q=&layer=c&cbll=-46.383961,-23.9655101", "O_QUE_FAZER": "CARTEIRA", "ER_REGIAO_CIDADE_min": "São Vicente_Baixada Santista" }, "geometry": { "type": "Point", "coordinates": [ -46.383961, -23.9655101 ] } },
{ "type": "Feature", "properties": { "CNPJ": "30655797000126", "IDCIDADE": "SAO_VICENTE", "NOMEFANTASIA": "PARIS_IMPORTS", "RAZAOSOCIAL": "R_DA_S_O_CHAVES_ROUPAS_&_ACESSORIOS", "ENDEE": "RUA_JOAO_RAMALHO774__CENTRO_11310-050", "LATITUDE": "-23.9650711", "LONGITUDE": "-46.3849582", "LMAPS": "https://www.google.com/maps?q=&layer=c&cbll=-46.3849582,-23.9650711", "O_QUE_FAZER": "CARTEIRA", "ER_REGIAO_CIDADE_min": "São Vicente_Baixada Santista" }, "geometry": { "type": "Point", "coordinates": [ -46.3849582, -23.9650711 ] } },
{ "type": "Feature", "properties": { "CNPJ": "69080018000147", "IDCIDADE": "SAO_VICENTE", "NOMEFANTASIA": "GUD_STORE", "RAZAOSOCIAL": "DINIZ_&_BUCHHOLZ_LTDA", "ENDEE": "RUA_JOAO_RAMALHO782__CENTRO_11310-050", "LATITUDE": "-23.9651536", "LONGITUDE": "-46.3849943", "LMAPS": "https://www.google.com/maps?q=&layer=c&cbll=-46.3849943,-23.9651536", "O_QUE_FAZER": "CARTEIRA", "ER_REGIAO_CIDADE_min": "São Vicente_Baixada Santista" }, "geometry": { "type": "Point", "coordinates": [ -46.3849943, -23.9651536 ] } },
{ "type": "Feature", "properties": { "CNPJ": "09560019000167", "IDCIDADE": "SAO_VICENTE", "NOMEFANTASIA": "TORRE_GRIL", "RAZAOSOCIAL": "RESTAURANTE_TORRE_GRILL_LTDA", "ENDEE": "RUA_JOAO_RAMALHO787__CENTRO_11310-050", "LATITUDE": "-23.9651661", "LONGITUDE": "-46.3851151", "LMAPS": "https://www.google.com/maps?q=&layer=c&cbll=-46.3851151,-23.9651661", "O_QUE_FAZER": "CARTEIRA", "ER_REGIAO_CIDADE_min": "São Vicente_Baixada Santista" }, "geometry": { "type": "Point", "coordinates": [ -46.3851151, -23.9651661 ] } },
{ "type": "Feature", "properties": { "CNPJ": "17779936000670", "IDCIDADE": "SAO_VICENTE", "NOMEFANTASIA": "BY_CAMILA", "RAZAOSOCIAL": "CAMILA_GILLES", "ENDEE": "RUA_JOAO_RAMALHO792__CENTRO_11310-050", "LATITUDE": "-23.9650396", "LONGITUDE": "-46.3851103", "LMAPS": "https://www.google.com/maps?q=&layer=c&cbll=-46.3851103,-23.9650396", "O_QUE_FAZER": "CARTEIRA", "ER_REGIAO_CIDADE_min": "São Vicente_Baixada Santista" }, "geometry": { "type": "Point", "coordinates": [ -46.3851103, -23.9650396 ] } },
{ "type": "Feature", "properties": { "CNPJ": "07505643000489", "IDCIDADE": "SAO_VICENTE", "NOMEFANTASIA": "BCO", "RAZAOSOCIAL": "EDLAINE_CASSIA_DE_LIMA", "ENDEE": "RUA_JOAO_RAMALHO803__CENTRO_11310-050", "LATITUDE": "-23.9650356", "LONGITUDE": "-46.3851536", "LMAPS": "https://www.google.com/maps?q=&layer=c&cbll=-46.3851536,-23.9650356", "O_QUE_FAZER": "CARTEIRA", "ER_REGIAO_CIDADE_min": "São Vicente_Baixada Santista" }, "geometry": { "type": "Point", "coordinates": [ -46.3851536, -23.9650356 ] } },
{ "type": "Feature", "properties": { "CNPJ": "73113854000158", "IDCIDADE": "SAO_VICENTE", "NOMEFANTASIA": "DANIELLI_RESTAURANTE", "RAZAOSOCIAL": "RESTAURANTE_DANIELLI_DO_LITORAL_LTDA", "ENDEE": "RUA_JOAO_RAMALHO824__CENTRO_11310-050", "LATITUDE": "-23.9648742", "LONGITUDE": "-46.3854351", "LMAPS": "https://www.google.com/maps?q=&layer=c&cbll=-46.3854351,-23.9648742", "O_QUE_FAZER": "CARTEIRA", "ER_REGIAO_CIDADE_min": "São Vicente_Baixada Santista" }, "geometry": { "type": "Point", "coordinates": [ -46.3854351, -23.9648742 ] } },
{ "type": "Feature", "properties": { "CNPJ": "28982282000199", "IDCIDADE": "SAO_VICENTE", "NOMEFANTASIA": "MILLI", "RAZAOSOCIAL": "LIVING_SAO_VICENTE_COMERCIO_DE_CALCADOS_LTDA", "ENDEE": "RUA_JOAO_RAMALHO840__CENTRO_11310-050", "LATITUDE": "-23.9647348", "LONGITUDE": "-46.3854312", "LMAPS": "https://www.google.com/maps?q=&layer=c&cbll=-46.3854312,-23.9647348", "O_QUE_FAZER": "CARTEIRA", "ER_REGIAO_CIDADE_min": "São Vicente_Baixada Santista" }, "geometry": { "type": "Point", "coordinates": [ -46.3854312, -23.9647348 ] } },
{ "type": "Feature", "properties": { "CNPJ": "38364938000163", "IDCIDADE": "SAO_VICENTE", "NOMEFANTASIA": "CENTER_PANOS", "RAZAOSOCIAL": "KAIROS_COMERCIAL_DE_TECIDOS_E_ARTESANATOS_LTDA", "ENDEE": "RUA_JOAO_RAMALHO848__CENTRO_11310-050", "LATITUDE": "-23.9647389", "LONGITUDE": "-46.3855563", "LMAPS": "https://www.google.com/maps?q=&layer=c&cbll=-46.3855563,-23.9647389", "O_QUE_FAZER": "CARTEIRA", "ER_REGIAO_CIDADE_min": "São Vicente_Baixada Santista" }, "geometry": { "type": "Point", "coordinates": [ -46.3855563, -23.9647389 ] } },
{ "type": "Feature", "properties": { "CNPJ": "21249482000279", "IDCIDADE": "SAO_VICENTE", "NOMEFANTASIA": "FLORA_MEDICINAL", "RAZAOSOCIAL": "FARMACIA_DE_MANIPULACAO_NOVA_FLORA_MEDICINAL_LTDA", "ENDEE": "RUA_JOAO_RAMALHO854__CENTRO_11310-050", "LATITUDE": "-23.9647577", "LONGITUDE": "-46.385408", "LMAPS": "https://www.google.com/maps?q=&layer=c&cbll=-46.385408,-23.9647577", "O_QUE_FAZER": "CARTEIRA", "ER_REGIAO_CIDADE_min": "São Vicente_Baixada Santista" }, "geometry": { "type": "Point", "coordinates": [ -46.385408, -23.9647577 ] } },
{ "type": "Feature", "properties": { "CNPJ": "46850439000104", "IDCIDADE": "SAO_VICENTE", "NOMEFANTASIA": "STILE_OTICA", "RAZAOSOCIAL": "SALUD_COMERCIO_DE_PRODUTOS_OPTICOS_LTDA", "ENDEE": "RUA_JOAO_RAMALHO864__CENTRO_11310-050", "LATITUDE": "-23.9646479", "LONGITUDE": "-46.3856953", "LMAPS": "https://www.google.com/maps?q=&layer=c&cbll=-46.3856953,-23.9646479", "O_QUE_FAZER": "CARTEIRA", "ER_REGIAO_CIDADE_min": "São Vicente_Baixada Santista" }, "geometry": { "type": "Point", "coordinates": [ -46.3856953, -23.9646479 ] } },
{ "type": "Feature", "properties": { "CNPJ": "33520393000113", "IDCIDADE": "SAO_VICENTE", "NOMEFANTASIA": "MEU_CANTINHO", "RAZAOSOCIAL": "ZHANG_JIANQUN_-_PRESENTES", "ENDEE": "RUA_JOAO_RAMALHO865__CENTRO_11310-050", "LATITUDE": "-23.9647303", "LONGITUDE": "-46.3857072", "LMAPS": "https://www.google.com/maps?q=&layer=c&cbll=-46.3857072,-23.9647303", "O_QUE_FAZER": "CARTEIRA", "ER_REGIAO_CIDADE_min": "São Vicente_Baixada Santista" }, "geometry": { "type": "Point", "coordinates": [ -46.3857072, -23.9647303 ] } },
{ "type": "Feature", "properties": { "CNPJ": "05283682000100", "IDCIDADE": "SAO_VICENTE", "NOMEFANTASIA": "EMERGENCIA_MODA_BRANCA", "RAZAOSOCIAL": "EMERGENCIA_ROUPAS_BRANCAS_LTDA", "ENDEE": "RUA_JOAO_RAMALHO998__CENTRO_11310-050", "LATITUDE": "-23.9643015", "LONGITUDE": "-46.3867497", "LMAPS": "https://www.google.com/maps?q=&layer=c&cbll=-46.3867497,-23.9643015", "O_QUE_FAZER": "CARTEIRA", "ER_REGIAO_CIDADE_min": "São Vicente_Baixada Santista" }, "geometry": { "type": "Point", "coordinates": [ -46.3867497, -23.9643015 ] } },
{ "type": "Feature", "properties": { "CNPJ": "57958522000118", "IDCIDADE": "SAO_VICENTE", "NOMEFANTASIA": "BIG_BOI", "RAZAOSOCIAL": "VAREJAO_DE_CARNES_BIG_BOI_DE_SAO_VICENTE_LTDA", "ENDEE": "RUA_FREI_GASPAR103__CENTRO_11310-060", "LATITUDE": "-23.9683881", "LONGITUDE": "-46.3812023", "LMAPS": "https://www.google.com/maps?q=&layer=c&cbll=-46.3812023,-23.9683881", "O_QUE_FAZER": "CARTEIRA", "ER_REGIAO_CIDADE_min": "São Vicente_Baixada Santista" }, "geometry": { "type": "Point", "coordinates": [ -46.3812023, -23.9683881 ] } },
{ "type": "Feature", "properties": { "CNPJ": "33211357000178", "IDCIDADE": "SAO_VICENTE", "NOMEFANTASIA": "SANTANA_REPAROS_AUTOMOTIVOS", "RAZAOSOCIAL": "SANTANA_-_REPAROS_AUTOMOTIVOS_LTDA", "ENDEE": "RUA_FREI_GASPAR1046__CENTRO_11310-060", "LATITUDE": "-23.9643261", "LONGITUDE": "-46.388958", "LMAPS": "https://www.google.com/maps?q=&layer=c&cbll=-46.388958,-23.9643261", "O_QUE_FAZER": "CARTEIRA", "ER_REGIAO_CIDADE_min": "São Vicente_Baixada Santista" }, "geometry": { "type": "Point", "coordinates": [ -46.388958, -23.9643261 ] } },
{ "type": "Feature", "properties": { "CNPJ": "21986442000129", "IDCIDADE": "SAO_VICENTE", "NOMEFANTASIA": "TUDO_NOSSO_BAR_E_RESTAURANTE", "RAZAOSOCIAL": "AFONSO_TAVARES_DE_OLIVEIRA_MELO", "ENDEE": "RUA_FREI_GASPAR106__CENTRO_11310-060", "LATITUDE": "-23.9684075", "LONGITUDE": "-46.3808742", "LMAPS": "https://www.google.com/maps?q=&layer=c&cbll=-46.3808742,-23.9684075", "O_QUE_FAZER": "CARTEIRA", "ER_REGIAO_CIDADE_min": "São Vicente_Baixada Santista" }, "geometry": { "type": "Point", "coordinates": [ -46.3808742, -23.9684075 ] } },
{ "type": "Feature", "properties": { "CNPJ": "09430921000169", "IDCIDADE": "SAO_VICENTE", "NOMEFANTASIA": "CFC_SAO_VICENTE", "RAZAOSOCIAL": "JOYA_E_MARQUES_CENTRO_DE_FORMACAO_DE_CONDUTORES_LTDA", "ENDEE": "RUA_FREI_GASPAR1105__CENTRO_11310-060", "LATITUDE": "-23.964006", "LONGITUDE": "-46.3902623", "LMAPS": "https://www.google.com/maps?q=&layer=c&cbll=-46.3902623,-23.964006", "O_QUE_FAZER": "CARTEIRA", "ER_REGIAO_CIDADE_min": "São Vicente_Baixada Santista" }, "geometry": { "type": "Point", "coordinates": [ -46.3902623, -23.964006 ] } },
{ "type": "Feature", "properties": { "CNPJ": "46002516000176", "IDCIDADE": "SAO_VICENTE", "NOMEFANTASIA": "ZANOTTA_FISH", "RAZAOSOCIAL": "GAMBO_COMERCIO_E_REPRESENTACOES_LTDA", "ENDEE": "RUA_FREI_GASPAR1109__CENTRO_11310-060", "LATITUDE": "-23.9639744", "LONGITUDE": "-46.3898575", "LMAPS": "https://www.google.com/maps?q=&layer=c&cbll=-46.3898575,-23.9639744", "O_QUE_FAZER": "CARTEIRA", "ER_REGIAO_CIDADE_min": "São Vicente_Baixada Santista" }, "geometry": { "type": "Point", "coordinates": [ -46.3898575, -23.9639744 ] } },
{ "type": "Feature", "properties": { "CNPJ": "15782545000174", "IDCIDADE": "SAO_VICENTE", "NOMEFANTASIA": "SKINAS_BAR_E_RESTAURANTE", "RAZAOSOCIAL": "FONSECA_LANCHES_RESTAURANTE_LTDA", "ENDEE": "RUA_FREI_GASPAR1135__CENTRO_11310-060", "LATITUDE": "-23.9638804", "LONGITUDE": "-46.3900955", "LMAPS": "https://www.google.com/maps?q=&layer=c&cbll=-46.3900955,-23.9638804", "O_QUE_FAZER": "CARTEIRA", "ER_REGIAO_CIDADE_min": "São Vicente_Baixada Santista" }, "geometry": { "type": "Point", "coordinates": [ -46.3900955, -23.9638804 ] } },
{ "type": "Feature", "properties": { "CNPJ": "14242659000169", "IDCIDADE": "SAO_VICENTE", "NOMEFANTASIA": "CFC_FENIX", "RAZAOSOCIAL": "SANTOS_&_SILVA_AUTO_MOTO_ESCOLA_LTDA", "ENDEE": "RUA_FREI_GASPAR1178__CENTRO_11310-060", "LATITUDE": "-23.9637415", "LONGITUDE": "-46.3900805", "LMAPS": "https://www.google.com/maps?q=&layer=c&cbll=-46.3900805,-23.9637415", "O_QUE_FAZER": "CARTEIRA", "ER_REGIAO_CIDADE_min": "São Vicente_Baixada Santista" }, "geometry": { "type": "Point", "coordinates": [ -46.3900805, -23.9637415 ] } },
{ "type": "Feature", "properties": { "CNPJ": "36435264000115", "IDCIDADE": "SAO_VICENTE", "NOMEFANTASIA": "SABOR_DA_TERRA", "RAZAOSOCIAL": "LEONARDO_S_DE_ALENCAR_-_HORTIFRUTI", "ENDEE": "RUA_FREI_GASPAR119__CENTRO_11310-060", "LATITUDE": "-23.9682615", "LONGITUDE": "-46.3812093", "LMAPS": "https://www.google.com/maps?q=&layer=c&cbll=-46.3812093,-23.9682615", "O_QUE_FAZER": "CARTEIRA", "ER_REGIAO_CIDADE_min": "São Vicente_Baixada Santista" }, "geometry": { "type": "Point", "coordinates": [ -46.3812093, -23.9682615 ] } },
{ "type": "Feature", "properties": { "CNPJ": "47758256000126", "IDCIDADE": "SAO_VICENTE", "NOMEFANTASIA": "SEU_COXINHA", "RAZAOSOCIAL": "FOOD_PREMIUM_LANCHONETE_LTDA", "ENDEE": "RUA_FREI_GASPAR125__CENTRO_11310-060", "LATITUDE": "-23.9682711", "LONGITUDE": "-46.3813398", "LMAPS": "https://www.google.com/maps?q=&layer=c&cbll=-46.3813398,-23.9682711", "O_QUE_FAZER": "CARTEIRA", "ER_REGIAO_CIDADE_min": "São Vicente_Baixada Santista" }, "geometry": { "type": "Point", "coordinates": [ -46.3813398, -23.9682711 ] } },
{ "type": "Feature", "properties": { "CNPJ": "54341679000101", "IDCIDADE": "SAO_VICENTE", "NOMEFANTASIA": "PEG_PAO", "RAZAOSOCIAL": "C._M._S._DE_OLIVEIRA_PADARIA_E_RESTAURANTE_LTDA", "ENDEE": "RUA_FREI_GASPAR128__CENTRO_11310-060", "LATITUDE": "-23.9682614", "LONGITUDE": "-46.3809813", "LMAPS": "https://www.google.com/maps?q=&layer=c&cbll=-46.3809813,-23.9682614", "O_QUE_FAZER": "CARTEIRA", "ER_REGIAO_CIDADE_min": "São Vicente_Baixada Santista" }, "geometry": { "type": "Point", "coordinates": [ -46.3809813, -23.9682614 ] } },
{ "type": "Feature", "properties": { "CNPJ": "04786654000143", "IDCIDADE": "SAO_VICENTE", "NOMEFANTASIA": "DEFENSA_CURSOS_ESPECIAIS", "RAZAOSOCIAL": "DEFENSA_CURSOS_ESPECIAIS_LTDA", "ENDEE": "RUA_FREI_GASPAR1429__PARQUE_SAO_VICENTE_11310-060", "LATITUDE": "-23.9626181", "LONGITUDE": "-46.3925487", "LMAPS": "https://www.google.com/maps?q=&layer=c&cbll=-46.3925487,-23.9626181", "O_QUE_FAZER": "CARTEIRA", "ER_REGIAO_CIDADE_min": "São Vicente_Baixada Santista" }, "geometry": { "type": "Point", "coordinates": [ -46.3925487, -23.9626181 ] } },
{ "type": "Feature", "properties": { "CNPJ": "04788889000174", "IDCIDADE": "SAO_VICENTE", "NOMEFANTASIA": "CFC_ASA_BRANCA", "RAZAOSOCIAL": "SERGIO_ROSA_AUTO_ESCOLA_LTDA", "ENDEE": "RUA_FREI_GASPAR1431__PARQUE_SAO_VICENTE_11310-060", "LATITUDE": "-23.9605233", "LONGITUDE": "-46.4481717", "LMAPS": "https://www.google.com/maps?q=&layer=c&cbll=-46.4481717,-23.9605233", "O_QUE_FAZER": "CARTEIRA", "ER_REGIAO_CIDADE_min": "São Vicente_Baixada Santista" }, "geometry": { "type": "Point", "coordinates": [ -46.4481717, -23.9605233 ] } },
{ "type": "Feature", "properties": { "CNPJ": "34944236000106", "IDCIDADE": "SAO_VICENTE", "NOMEFANTASIA": "ULTRAGAZ", "RAZAOSOCIAL": "MENEZES_&_OLIVEIRA_-_REVENDA_DE_GLP_E_AGUA_MINERAL_LTDA", "ENDEE": "RUA_FREI_GASPAR1590__PARQUE_SAO_VICENTE_11310-060", "LATITUDE": "-23.9619867", "LONGITUDE": "-46.3935683", "LMAPS": "https://www.google.com/maps?q=&layer=c&cbll=-46.3935683,-23.9619867", "O_QUE_FAZER": "CARTEIRA", "ER_REGIAO_CIDADE_min": "São Vicente_Baixada Santista" }, "geometry": { "type": "Point", "coordinates": [ -46.3935683, -23.9619867 ] } },
{ "type": "Feature", "properties": { "CNPJ": "47782511000176", "IDCIDADE": "SAO_VICENTE", "NOMEFANTASIA": "LANCHONETE_FREI_GASPAR", "RAZAOSOCIAL": "LANCHONETE_FREI_GASPAR_LTDA", "ENDEE": "RUA_FREI_GASPAR1600__PARQUE_SAO_VICENTE_11310-060", "LATITUDE": "-23.962554", "LONGITUDE": "-46.3937248", "LMAPS": "https://www.google.com/maps?q=&layer=c&cbll=-46.3937248,-23.962554", "O_QUE_FAZER": "CARTEIRA", "ER_REGIAO_CIDADE_min": "São Vicente_Baixada Santista" }, "geometry": { "type": "Point", "coordinates": [ -46.3937248, -23.962554 ] } },
{ "type": "Feature", "properties": { "CNPJ": "68389204000108", "IDCIDADE": "SAO_VICENTE", "NOMEFANTASIA": "PEIXARIA_UNIAO", "RAZAOSOCIAL": "COMERCIO_DE_PESCADOS_SAO_VICENTE_LTDA", "ENDEE": "RUA_FREI_GASPAR1629__PARQUE_SAO_VICENTE_11310-060", "LATITUDE": "-23.9617702", "LONGITUDE": "-46.3941457", "LMAPS": "https://www.google.com/maps?q=&layer=c&cbll=-46.3941457,-23.9617702", "O_QUE_FAZER": "CARTEIRA", "ER_REGIAO_CIDADE_min": "São Vicente_Baixada Santista" }, "geometry": { "type": "Point", "coordinates": [ -46.3941457, -23.9617702 ] } },
{ "type": "Feature", "properties": { "CNPJ": "47891788000137", "IDCIDADE": "SAO_VICENTE", "NOMEFANTASIA": "365_SUSPENSOES", "RAZAOSOCIAL": "RAFANI_AUTO_CENTER_LTDA", "ENDEE": "RUA_FREI_GASPAR1662__CENTRO_11310-060", "LATITUDE": "-23.9639583", "LONGITUDE": "-46.3886772", "LMAPS": "https://www.google.com/maps?q=&layer=c&cbll=-46.3886772,-23.9639583", "O_QUE_FAZER": "CARTEIRA", "ER_REGIAO_CIDADE_min": "São Vicente_Baixada Santista" }, "geometry": { "type": "Point", "coordinates": [ -46.3886772, -23.9639583 ] } },
{ "type": "Feature", "properties": { "CNPJ": "13004570000100", "IDCIDADE": "SAO_VICENTE", "NOMEFANTASIA": "ZEN_MOTO_PECAS", "RAZAOSOCIAL": "THAIS_CRISTIANE_ZEN_FONSECA_CORREA_-_PECAS", "ENDEE": "RUA_FREI_GASPAR1666__PARQUE_SAO_VICENTE_11310-060", "LATITUDE": "-23.9616276", "LONGITUDE": "-46.3942259", "LMAPS": "https://www.google.com/maps?q=&layer=c&cbll=-46.3942259,-23.9616276", "O_QUE_FAZER": "CARTEIRA", "ER_REGIAO_CIDADE_min": "São Vicente_Baixada Santista" }, "geometry": { "type": "Point", "coordinates": [ -46.3942259, -23.9616276 ] } },
{ "type": "Feature", "properties": { "CNPJ": "52276218000177", "IDCIDADE": "SAO_VICENTE", "NOMEFANTASIA": "GOIO_LIMP", "RAZAOSOCIAL": "GOIO_LIMP_SAO_VICENTE_COMERCIO_DE_PRODUTOS_DE_LIMPEZA_LTDA", "ENDEE": "RUA_FREI_GASPAR1666__PARQUE_SAO_VICENTE_11310-060", "LATITUDE": "-23.9616338", "LONGITUDE": "-46.3942041", "LMAPS": "https://www.google.com/maps?q=&layer=c&cbll=-46.3942041,-23.9616338", "O_QUE_FAZER": "CARTEIRA", "ER_REGIAO_CIDADE_min": "São Vicente_Baixada Santista" }, "geometry": { "type": "Point", "coordinates": [ -46.3942041, -23.9616338 ] } },
{ "type": "Feature", "properties": { "CNPJ": "04054626000131", "IDCIDADE": "SAO_VICENTE", "NOMEFANTASIA": "MAGGIO_ARTE_VIDRACARIA", "RAZAOSOCIAL": "OSMAR_MAGGIO", "ENDEE": "RUA_FREI_GASPAR1666__PARQUE_SAO_VICENTE_11310-060", "LATITUDE": "-23.9616464", "LONGITUDE": "-46.3942335", "LMAPS": "https://www.google.com/maps?q=&layer=c&cbll=-46.3942335,-23.9616464", "O_QUE_FAZER": "CARTEIRA", "ER_REGIAO_CIDADE_min": "São Vicente_Baixada Santista" }, "geometry": { "type": "Point", "coordinates": [ -46.3942335, -23.9616464 ] } },
{ "type": "Feature", "properties": { "CNPJ": "52254987000174", "IDCIDADE": "SAO_VICENTE", "NOMEFANTASIA": "LS_SERVICOS_AUTOMOTIVOS", "RAZAOSOCIAL": "LUIZ_SIDNEY_SERRA", "ENDEE": "RUA_FREI_GASPAR1676__PARQUE_SAO_VICENTE_11310-060", "LATITUDE": "-23.9614337", "LONGITUDE": "-46.3943232", "LMAPS": "https://www.google.com/maps?q=&layer=c&cbll=-46.3943232,-23.9614337", "O_QUE_FAZER": "CARTEIRA", "ER_REGIAO_CIDADE_min": "São Vicente_Baixada Santista" }, "geometry": { "type": "Point", "coordinates": [ -46.3943232, -23.9614337 ] } },
{ "type": "Feature", "properties": { "CNPJ": "11952440000165", "IDCIDADE": "SAO_VICENTE", "NOMEFANTASIA": "FSANTOS_ADMINISTRADORA", "RAZAOSOCIAL": "FSANTOS_-_ADMINISTRACAO_LTDA", "ENDEE": "RUA_FREI_GASPAR1721__PARQUE_SAO_VICENTE_11310-060", "LATITUDE": "-23.9613535", "LONGITUDE": "-46.3950003", "LMAPS": "https://www.google.com/maps?q=&layer=c&cbll=-46.3950003,-23.9613535", "O_QUE_FAZER": "CARTEIRA", "ER_REGIAO_CIDADE_min": "São Vicente_Baixada Santista" }, "geometry": { "type": "Point", "coordinates": [ -46.3950003, -23.9613535 ] } },
{ "type": "Feature", "properties": { "CNPJ": "41490679000121", "IDCIDADE": "SAO_VICENTE", "NOMEFANTASIA": "PET_BROWN", "RAZAOSOCIAL": "JENIFFER_SILVA_FELIX_-_CASA_DE_RACAO_PET_BROWN", "ENDEE": "RUA_FREI_GASPAR1722__PARQUE_SAO_VICENTE_11310-060", "LATITUDE": "-23.9613454", "LONGITUDE": "-46.3947633", "LMAPS": "https://www.google.com/maps?q=&layer=c&cbll=-46.3947633,-23.9613454", "O_QUE_FAZER": "CARTEIRA", "ER_REGIAO_CIDADE_min": "São Vicente_Baixada Santista" }, "geometry": { "type": "Point", "coordinates": [ -46.3947633, -23.9613454 ] } },
{ "type": "Feature", "properties": { "CNPJ": "30640618000187", "IDCIDADE": "SAO_VICENTE", "NOMEFANTASIA": "POINT_DO_CHURRASCO", "RAZAOSOCIAL": "CLAUDIANE_JERONIMO_ZELO", "ENDEE": "RUA_FREI_GASPAR1791__PARQUE_SAO_VICENTE_11310-060", "LATITUDE": "-23.9608628", "LONGITUDE": "-46.3960019", "LMAPS": "https://www.google.com/maps?q=&layer=c&cbll=-46.3960019,-23.9608628", "O_QUE_FAZER": "CARTEIRA", "ER_REGIAO_CIDADE_min": "São Vicente_Baixada Santista" }, "geometry": { "type": "Point", "coordinates": [ -46.3960019, -23.9608628 ] } },
{ "type": "Feature", "properties": { "CNPJ": "01389921000150", "IDCIDADE": "SAO_VICENTE", "NOMEFANTASIA": "KM_DOCES_E_SALGADOS", "RAZAOSOCIAL": "O.M._CONFEITARIA_DE_DOCES_E_SALGADOS_LTDA", "ENDEE": "RUA_FREI_GASPAR18__CENTRO_11310-060", "LATITUDE": "-23.9687164", "LONGITUDE": "-46.3800612", "LMAPS": "https://www.google.com/maps?q=&layer=c&cbll=-46.3800612,-23.9687164", "O_QUE_FAZER": "CARTEIRA", "ER_REGIAO_CIDADE_min": "São Vicente_Baixada Santista" }, "geometry": { "type": "Point", "coordinates": [ -46.3800612, -23.9687164 ] } },
{ "type": "Feature", "properties": { "CNPJ": "02801341000191", "IDCIDADE": "SAO_VICENTE", "NOMEFANTASIA": "VALENTE_IMOBILIARIA", "RAZAOSOCIAL": "VALENTE_IMOBILIARIA_&_CORRETORA_DE_SEGUROS_LTDA", "ENDEE": "RUA_FREI_GASPAR195__CENTRO_11310-060", "LATITUDE": "-23.9680032", "LONGITUDE": "-46.3820065", "LMAPS": "https://www.google.com/maps?q=&layer=c&cbll=-46.3820065,-23.9680032", "O_QUE_FAZER": "CARTEIRA", "ER_REGIAO_CIDADE_min": "São Vicente_Baixada Santista" }, "geometry": { "type": "Point", "coordinates": [ -46.3820065, -23.9680032 ] } },
{ "type": "Feature", "properties": { "CNPJ": "07002003000103", "IDCIDADE": "SAO_VICENTE", "NOMEFANTASIA": "ANA_MODAS", "RAZAOSOCIAL": "MARIA_ANADILZA_LISBOA_KURASHIKI", "ENDEE": "RUA_FREI_GASPAR1975__PARQUE_SAO_VICENTE_11310-060", "LATITUDE": "-23.9601952", "LONGITUDE": "-46.3971966", "LMAPS": "https://www.google.com/maps?q=&layer=c&cbll=-46.3971966,-23.9601952", "O_QUE_FAZER": "CARTEIRA", "ER_REGIAO_CIDADE_min": "São Vicente_Baixada Santista" }, "geometry": { "type": "Point", "coordinates": [ -46.3971966, -23.9601952 ] } },
{ "type": "Feature", "properties": { "CNPJ": "07711386000199", "IDCIDADE": "SAO_VICENTE", "NOMEFANTASIA": "VAREJAO_VITORIA", "RAZAOSOCIAL": "VAREJAO_VITORIA_COMERCIO_PAPELARIA_E_BOMBONIERE_LTDA", "ENDEE": "RUA_FREI_GASPAR2008__PARQUE_SAO_VICENTE_11310-060", "LATITUDE": "-23.9600105", "LONGITUDE": "-46.3972087", "LMAPS": "https://www.google.com/maps?q=&layer=c&cbll=-46.3972087,-23.9600105", "O_QUE_FAZER": "CARTEIRA", "ER_REGIAO_CIDADE_min": "São Vicente_Baixada Santista" }, "geometry": { "type": "Point", "coordinates": [ -46.3972087, -23.9600105 ] } },
{ "type": "Feature", "properties": { "CNPJ": "17082984000280", "IDCIDADE": "SAO_VICENTE", "NOMEFANTASIA": "CNA", "RAZAOSOCIAL": "EDUP_COMERCIO_DE_MATERIAIS_DIDATICOS_E_ENSINO_DE_IDIOMAS_LTDA", "ENDEE": "RUA_FREI_GASPAR2047__PARQUE_SAO_VICENTE_11310-060", "LATITUDE": "-23.9599641", "LONGITUDE": "-46.3978693", "LMAPS": "https://www.google.com/maps?q=&layer=c&cbll=-46.3978693,-23.9599641", "O_QUE_FAZER": "CARTEIRA", "ER_REGIAO_CIDADE_min": "São Vicente_Baixada Santista" }, "geometry": { "type": "Point", "coordinates": [ -46.3978693, -23.9599641 ] } },
{ "type": "Feature", "properties": { "CNPJ": "27106595000110", "IDCIDADE": "SAO_VICENTE", "NOMEFANTASIA": "GUARANI_MOTOS", "RAZAOSOCIAL": "M.P._DA_SILVA_-_MOTOS", "ENDEE": "RUA_FREI_GASPAR2073__PARQUE_SAO_VICENTE_11310-060", "LATITUDE": "-23.959766", "LONGITUDE": "-46.3980506", "LMAPS": "https://www.google.com/maps?q=&layer=c&cbll=-46.3980506,-23.959766", "O_QUE_FAZER": "CARTEIRA", "ER_REGIAO_CIDADE_min": "São Vicente_Baixada Santista" }, "geometry": { "type": "Point", "coordinates": [ -46.3980506, -23.959766 ] } },
{ "type": "Feature", "properties": { "CNPJ": "71808356000102", "IDCIDADE": "SAO_VICENTE", "NOMEFANTASIA": "CAPRICHEI_NO_LOOK", "RAZAOSOCIAL": "MARIA_VIANA_DE_ANDRADE", "ENDEE": "RUA_FREI_GASPAR2077__PARQUE_SAO_VICENTE_11310-060", "LATITUDE": "-23.9597349", "LONGITUDE": "-46.3980233", "LMAPS": "https://www.google.com/maps?q=&layer=c&cbll=-46.3980233,-23.9597349", "O_QUE_FAZER": "CARTEIRA", "ER_REGIAO_CIDADE_min": "São Vicente_Baixada Santista" }, "geometry": { "type": "Point", "coordinates": [ -46.3980233, -23.9597349 ] } },
{ "type": "Feature", "properties": { "CNPJ": "50030007000124", "IDCIDADE": "SAO_VICENTE", "NOMEFANTASIA": "NATUICE", "RAZAOSOCIAL": "SORVETES_NATUICE_SV_PARQUE_SAO_VICENTE_LTDA", "ENDEE": "RUA_FREI_GASPAR2093__PARQUE_SAO_VICENTE_11310-060", "LATITUDE": "-23.9597406", "LONGITUDE": "-46.3982481", "LMAPS": "https://www.google.com/maps?q=&layer=c&cbll=-46.3982481,-23.9597406", "O_QUE_FAZER": "CARTEIRA", "ER_REGIAO_CIDADE_min": "São Vicente_Baixada Santista" }, "geometry": { "type": "Point", "coordinates": [ -46.3982481, -23.9597406 ] } },
{ "type": "Feature", "properties": { "CNPJ": "26434437000127", "IDCIDADE": "SAO_VICENTE", "NOMEFANTASIA": "SUPER_STILLO", "RAZAOSOCIAL": "SUPER_DOZE_LTDA", "ENDEE": "RUA_FREI_GASPAR2093__PARQUE_SAO_VICENTE_11310-060", "LATITUDE": "-23.9597905", "LONGITUDE": "-46.3982171", "LMAPS": "https://www.google.com/maps?q=&layer=c&cbll=-46.3982171,-23.9597905", "O_QUE_FAZER": "CARTEIRA", "ER_REGIAO_CIDADE_min": "São Vicente_Baixada Santista" }, "geometry": { "type": "Point", "coordinates": [ -46.3982171, -23.9597905 ] } },
{ "type": "Feature", "properties": { "CNPJ": "52583055000175", "IDCIDADE": "SAO_VICENTE", "NOMEFANTASIA": "VIVA_SORRIA", "RAZAOSOCIAL": "ALAN_FELIPE_DE_BARROS_XAVIER_LTDA", "ENDEE": "RUA_FREI_GASPAR2160__PARQUE_SAO_VICENTE_11310-060", "LATITUDE": "-23.959454", "LONGITUDE": "-46.3985563", "LMAPS": "https://www.google.com/maps?q=&layer=c&cbll=-46.3985563,-23.959454", "O_QUE_FAZER": "CARTEIRA", "ER_REGIAO_CIDADE_min": "São Vicente_Baixada Santista" }, "geometry": { "type": "Point", "coordinates": [ -46.3985563, -23.959454 ] } },
{ "type": "Feature", "properties": { "CNPJ": "14756510000106", "IDCIDADE": "SAO_VICENTE", "NOMEFANTASIA": "CHULETAO", "RAZAOSOCIAL": "CHULETAO_FREI_GASPAR_BAR_LTDA", "ENDEE": "RUA_FREI_GASPAR2172__PARQUE_SAO_VICENTE_11310-060", "LATITUDE": "-23.9593233", "LONGITUDE": "-46.3986381", "LMAPS": "https://www.google.com/maps?q=&layer=c&cbll=-46.3986381,-23.9593233", "O_QUE_FAZER": "CARTEIRA", "ER_REGIAO_CIDADE_min": "São Vicente_Baixada Santista" }, "geometry": { "type": "Point", "coordinates": [ -46.3986381, -23.9593233 ] } },
{ "type": "Feature", "properties": { "CNPJ": "05106303000107", "IDCIDADE": "SAO_VICENTE", "NOMEFANTASIA": "BIBELO_MOVEIS_USADOS", "RAZAOSOCIAL": "MARCELO_RODRIGUES_DOS_SANTOS_SAO_VICENTE", "ENDEE": "RUA_FREI_GASPAR2188__PARQUE_SAO_VICENTE_11310-060", "LATITUDE": "-23.9593304", "LONGITUDE": "-46.3988404", "LMAPS": "https://www.google.com/maps?q=&layer=c&cbll=-46.3988404,-23.9593304", "O_QUE_FAZER": "CARTEIRA", "ER_REGIAO_CIDADE_min": "São Vicente_Baixada Santista" }, "geometry": { "type": "Point", "coordinates": [ -46.3988404, -23.9593304 ] } },
{ "type": "Feature", "properties": { "CNPJ": "32709257000103", "IDCIDADE": "SAO_VICENTE", "NOMEFANTASIA": "ILE_DOS_ORISAS", "RAZAOSOCIAL": "ILE_DOS_ORISAS_LTDA", "ENDEE": "RUA_FREI_GASPAR2202__PARQUE_SAO_VICENTE_11310-060", "LATITUDE": "-23.9673217", "LONGITUDE": "-46.3959583", "LMAPS": "https://www.google.com/maps?q=&layer=c&cbll=-46.3959583,-23.9673217", "O_QUE_FAZER": "CARTEIRA", "ER_REGIAO_CIDADE_min": "São Vicente_Baixada Santista" }, "geometry": { "type": "Point", "coordinates": [ -46.3959583, -23.9673217 ] } },
{ "type": "Feature", "properties": { "CNPJ": "52360788000140", "IDCIDADE": "SAO_VICENTE", "NOMEFANTASIA": "ESKIMO_E_SEU_COXINHA", "RAZAOSOCIAL": "M_V_S_PEREIRA_LTDA", "ENDEE": "RUA_FREI_GASPAR2220__PARQUE_SAO_VICENTE_11310-060", "LATITUDE": "-23.95932", "LONGITUDE": "-46.3990135", "LMAPS": "https://www.google.com/maps?q=&layer=c&cbll=-46.3990135,-23.95932", "O_QUE_FAZER": "CARTEIRA", "ER_REGIAO_CIDADE_min": "São Vicente_Baixada Santista" }, "geometry": { "type": "Point", "coordinates": [ -46.3990135, -23.95932 ] } },
{ "type": "Feature", "properties": { "CNPJ": "12882188000128", "IDCIDADE": "SAO_VICENTE", "NOMEFANTASIA": "WEBMAR", "RAZAOSOCIAL": "WEBMAR_CONSTRUCAO_E_INCORPORACAO_LTDA", "ENDEE": "RUA_FREI_GASPAR2221__PARQUE_SAO_VICENTE_11310-060", "LATITUDE": "-23.9590975", "LONGITUDE": "-46.3994031", "LMAPS": "https://www.google.com/maps?q=&layer=c&cbll=-46.3994031,-23.9590975", "O_QUE_FAZER": "CARTEIRA", "ER_REGIAO_CIDADE_min": "São Vicente_Baixada Santista" }, "geometry": { "type": "Point", "coordinates": [ -46.3994031, -23.9590975 ] } },
{ "type": "Feature", "properties": { "CNPJ": "33736382000175", "IDCIDADE": "SAO_VICENTE", "NOMEFANTASIA": "LITORANEA_EMBALAGENS", "RAZAOSOCIAL": "LITORANEA_EMBALAGENS_LTDA", "ENDEE": "RUA_FREI_GASPAR2296__PARQUE_SAO_VICENTE_11310-060", "LATITUDE": "-23.9587017", "LONGITUDE": "-46.3996733", "LMAPS": "https://www.google.com/maps?q=&layer=c&cbll=-46.3996733,-23.9587017", "O_QUE_FAZER": "CARTEIRA", "ER_REGIAO_CIDADE_min": "São Vicente_Baixada Santista" }, "geometry": { "type": "Point", "coordinates": [ -46.3996733, -23.9587017 ] } },
{ "type": "Feature", "properties": { "CNPJ": "09425957000154", "IDCIDADE": "SAO_VICENTE", "NOMEFANTASIA": "ROSELI_IMOVEIS", "RAZAOSOCIAL": "ROSELI_MARTIN_CARDOSO_INTERMEDIACAO", "ENDEE": "RUA_FREI_GASPAR2380__PARQUE_SAO_VICENTE_11310-060", "LATITUDE": "-23.9584553", "LONGITUDE": "-46.4005107", "LMAPS": "https://www.google.com/maps?q=&layer=c&cbll=-46.4005107,-23.9584553", "O_QUE_FAZER": "CARTEIRA", "ER_REGIAO_CIDADE_min": "São Vicente_Baixada Santista" }, "geometry": { "type": "Point", "coordinates": [ -46.4005107, -23.9584553 ] } },
{ "type": "Feature", "properties": { "CNPJ": "10411068000117", "IDCIDADE": "SAO_VICENTE", "NOMEFANTASIA": "FRANGO_SHOW", "RAZAOSOCIAL": "ALEX_SILVIO_LOPES_WANDERLEI", "ENDEE": "RUA_FREI_GASPAR2421__PARQUE_SAO_VICENTE_11310-060", "LATITUDE": "-23.9583224", "LONGITUDE": "-46.4010598", "LMAPS": "https://www.google.com/maps?q=&layer=c&cbll=-46.4010598,-23.9583224", "O_QUE_FAZER": "CARTEIRA", "ER_REGIAO_CIDADE_min": "São Vicente_Baixada Santista" }, "geometry": { "type": "Point", "coordinates": [ -46.4010598, -23.9583224 ] } },
{ "type": "Feature", "properties": { "CNPJ": "03477232000123", "IDCIDADE": "SAO_VICENTE", "NOMEFANTASIA": "ESCOLA_TECNICA_CIRCUITO", "RAZAOSOCIAL": "FARIGNOLLI_&_FARIGNOLLI_SAUDE_LTDA", "ENDEE": "RUA_FREI_GASPAR2450__PARQUE_SAO_VICENTE_11310-060", "LATITUDE": "-23.9580826", "LONGITUDE": "-46.4010415", "LMAPS": "https://www.google.com/maps?q=&layer=c&cbll=-46.4010415,-23.9580826", "O_QUE_FAZER": "CARTEIRA", "ER_REGIAO_CIDADE_min": "São Vicente_Baixada Santista" }, "geometry": { "type": "Point", "coordinates": [ -46.4010415, -23.9580826 ] } },
{ "type": "Feature", "properties": { "CNPJ": "49605702000198", "IDCIDADE": "SAO_VICENTE", "NOMEFANTASIA": "BEIRA_MAR_MOVEIS", "RAZAOSOCIAL": "CASA_DE_MOVEIS_BEIRA_MAR_LTDA", "ENDEE": "RUA_FREI_GASPAR2496__PARQUE_SAO_VICENTE_11310-060", "LATITUDE": "-23.9579736", "LONGITUDE": "-46.4014096", "LMAPS": "https://www.google.com/maps?q=&layer=c&cbll=-46.4014096,-23.9579736", "O_QUE_FAZER": "CARTEIRA", "ER_REGIAO_CIDADE_min": "São Vicente_Baixada Santista" }, "geometry": { "type": "Point", "coordinates": [ -46.4014096, -23.9579736 ] } },
{ "type": "Feature", "properties": { "CNPJ": "08175677000172", "IDCIDADE": "SAO_VICENTE", "NOMEFANTASIA": "FIT_SUPLEMENTOS", "RAZAOSOCIAL": "GR_SANTOS_LTDA", "ENDEE": "RUA_FREI_GASPAR2627__CIDADE_NAUTICA_11310-060", "LATITUDE": "-23.9574017", "LONGITUDE": "-46.4028383", "LMAPS": "https://www.google.com/maps?q=&layer=c&cbll=-46.4028383,-23.9574017", "O_QUE_FAZER": "CARTEIRA", "ER_REGIAO_CIDADE_min": "São Vicente_Baixada Santista" }, "geometry": { "type": "Point", "coordinates": [ -46.4028383, -23.9574017 ] } },
{ "type": "Feature", "properties": { "CNPJ": "07578949000112", "IDCIDADE": "SAO_VICENTE", "NOMEFANTASIA": "ISA_OTICA", "RAZAOSOCIAL": "ADRIANA_ALVES_DOS_SANTOS", "ENDEE": "RUA_FREI_GASPAR2639__PARQUE_SAO_VICENTE_11310-060", "LATITUDE": "-23.9573275", "LONGITUDE": "-46.4029016", "LMAPS": "https://www.google.com/maps?q=&layer=c&cbll=-46.4029016,-23.9573275", "O_QUE_FAZER": "CARTEIRA", "ER_REGIAO_CIDADE_min": "São Vicente_Baixada Santista" }, "geometry": { "type": "Point", "coordinates": [ -46.4029016, -23.9573275 ] } },
{ "type": "Feature", "properties": { "CNPJ": "68062538000164", "IDCIDADE": "SAO_VICENTE", "NOMEFANTASIA": "SAO_CRISTOVAO_MATERIAIS_PARA_CONSTRUCAO", "RAZAOSOCIAL": "SAO_CRISTOVAO_-_MATERIAIS_PARA_CONSTRUCAO_LTDA", "ENDEE": "RUA_FREI_GASPAR2645__PARQUE_SAO_VICENTE_11310-060", "LATITUDE": "-23.9573283", "LONGITUDE": "-46.403014", "LMAPS": "https://www.google.com/maps?q=&layer=c&cbll=-46.403014,-23.9573283", "O_QUE_FAZER": "CARTEIRA", "ER_REGIAO_CIDADE_min": "São Vicente_Baixada Santista" }, "geometry": { "type": "Point", "coordinates": [ -46.403014, -23.9573283 ] } },
{ "type": "Feature", "properties": { "CNPJ": "33639868000195", "IDCIDADE": "SAO_VICENTE", "NOMEFANTASIA": "TECNOWILL", "RAZAOSOCIAL": "J._B._BENTO_SERVICOS_EMPRESARIAIS", "ENDEE": "RUA_FREI_GASPAR2709__PARQUE_SAO_VICENTE_11310-060", "LATITUDE": "-23.9570802", "LONGITUDE": "-46.4035936", "LMAPS": "https://www.google.com/maps?q=&layer=c&cbll=-46.4035936,-23.9570802", "O_QUE_FAZER": "CARTEIRA", "ER_REGIAO_CIDADE_min": "São Vicente_Baixada Santista" }, "geometry": { "type": "Point", "coordinates": [ -46.4035936, -23.9570802 ] } },
{ "type": "Feature", "properties": { "CNPJ": "54251496000103", "IDCIDADE": "SAO_VICENTE", "NOMEFANTASIA": "PINGO_DE_GENTE", "RAZAOSOCIAL": "LUCIENE_BARBOSA_GONZALEZ_LTDA", "ENDEE": "RUA_FREI_GASPAR2713__PARQUE_SAO_VICENTE_11310-060", "LATITUDE": "-23.9570957", "LONGITUDE": "-46.4036096", "LMAPS": "https://www.google.com/maps?q=&layer=c&cbll=-46.4036096,-23.9570957", "O_QUE_FAZER": "CARTEIRA", "ER_REGIAO_CIDADE_min": "São Vicente_Baixada Santista" }, "geometry": { "type": "Point", "coordinates": [ -46.4036096, -23.9570957 ] } },
{ "type": "Feature", "properties": { "CNPJ": "37992036000109", "IDCIDADE": "SAO_VICENTE", "NOMEFANTASIA": "X_PLAY", "RAZAOSOCIAL": "X_PLAY_SPORT_BAR_LTDA", "ENDEE": "RUA_FREI_GASPAR2716__PARQUE_SAO_VICENTE_11310-060", "LATITUDE": "-23.9568633", "LONGITUDE": "-46.4031267", "LMAPS": "https://www.google.com/maps?q=&layer=c&cbll=-46.4031267,-23.9568633", "O_QUE_FAZER": "CARTEIRA", "ER_REGIAO_CIDADE_min": "São Vicente_Baixada Santista" }, "geometry": { "type": "Point", "coordinates": [ -46.4031267, -23.9568633 ] } },
{ "type": "Feature", "properties": { "CNPJ": "39177583000166", "IDCIDADE": "SAO_VICENTE", "NOMEFANTASIA": "ADEGA_BABILONIA", "RAZAOSOCIAL": "VINICIUS_BOUCAULT_DE_MIRANDA_ADEGA", "ENDEE": "RUA_FREI_GASPAR2749__PARQUE_SAO_VICENTE_11310-060", "LATITUDE": "-23.9569577", "LONGITUDE": "-46.4039231", "LMAPS": "https://www.google.com/maps?q=&layer=c&cbll=-46.4039231,-23.9569577", "O_QUE_FAZER": "CARTEIRA", "ER_REGIAO_CIDADE_min": "São Vicente_Baixada Santista" }, "geometry": { "type": "Point", "coordinates": [ -46.4039231, -23.9569577 ] } },
{ "type": "Feature", "properties": { "CNPJ": "45076585000161", "IDCIDADE": "SAO_VICENTE", "NOMEFANTASIA": "OTICA_SANTA_LUZIA", "RAZAOSOCIAL": "OTICA_SANTA_LUZIA_LTDA", "ENDEE": "RUA_FREI_GASPAR275__CENTRO_11310-060", "LATITUDE": "-23.9676399", "LONGITUDE": "-46.382655", "LMAPS": "https://www.google.com/maps?q=&layer=c&cbll=-46.382655,-23.9676399", "O_QUE_FAZER": "CARTEIRA", "ER_REGIAO_CIDADE_min": "São Vicente_Baixada Santista" }, "geometry": { "type": "Point", "coordinates": [ -46.382655, -23.9676399 ] } },
{ "type": "Feature", "properties": { "CNPJ": "32347493000127", "IDCIDADE": "SAO_VICENTE", "NOMEFANTASIA": "RESTAURANTE_3_MARIAS", "RAZAOSOCIAL": "RESTAURANTE_E_CREPERIA_TRES_MARIAS_LTDA", "ENDEE": "RUA_FREI_GASPAR2761__PARQUE_SAO_VICENTE_11310-060", "LATITUDE": "-23.9568345", "LONGITUDE": "-46.4040188", "LMAPS": "https://www.google.com/maps?q=&layer=c&cbll=-46.4040188,-23.9568345", "O_QUE_FAZER": "CARTEIRA", "ER_REGIAO_CIDADE_min": "São Vicente_Baixada Santista" }, "geometry": { "type": "Point", "coordinates": [ -46.4040188, -23.9568345 ] } },
{ "type": "Feature", "properties": { "CNPJ": "44602515000560", "IDCIDADE": "SAO_VICENTE", "NOMEFANTASIA": "BOI_DO_LITORAL", "RAZAOSOCIAL": "SR_SR_COMERCIO_DE_CARNES_LTDA", "ENDEE": "RUA_FREI_GASPAR2785__PARQUE_SAO_VICENTE_11310-060", "LATITUDE": "-23.9566185", "LONGITUDE": "-46.4043233", "LMAPS": "https://www.google.com/maps?q=&layer=c&cbll=-46.4043233,-23.9566185", "O_QUE_FAZER": "CARTEIRA", "ER_REGIAO_CIDADE_min": "São Vicente_Baixada Santista" }, "geometry": { "type": "Point", "coordinates": [ -46.4043233, -23.9566185 ] } },
{ "type": "Feature", "properties": { "CNPJ": "10410720000189", "IDCIDADE": "SAO_VICENTE", "NOMEFANTASIA": "ROCHA_EMPREENDIMENTOS_IMOBILIARIOS", "RAZAOSOCIAL": "ESCRITORIO_ROCHA_-_EMPREENDIMENTOS_LTDA", "ENDEE": "RUA_FREI_GASPAR2833__PARQUE_SAO_VICENTE_11310-060", "LATITUDE": "-23.9565214", "LONGITUDE": "-46.4046085", "LMAPS": "https://www.google.com/maps?q=&layer=c&cbll=-46.4046085,-23.9565214", "O_QUE_FAZER": "CARTEIRA", "ER_REGIAO_CIDADE_min": "São Vicente_Baixada Santista" }, "geometry": { "type": "Point", "coordinates": [ -46.4046085, -23.9565214 ] } },
{ "type": "Feature", "properties": { "CNPJ": "28654046000143", "IDCIDADE": "SAO_VICENTE", "NOMEFANTASIA": "OTICA_BELLATRIX", "RAZAOSOCIAL": "OTICA_BELLATRIX_LTDA", "ENDEE": "RUA_FREI_GASPAR2878__PARQUE_SAO_VICENTE_11310-060", "LATITUDE": "-23.9562605", "LONGITUDE": "-46.4047337", "LMAPS": "https://www.google.com/maps?q=&layer=c&cbll=-46.4047337,-23.9562605", "O_QUE_FAZER": "CARTEIRA", "ER_REGIAO_CIDADE_min": "São Vicente_Baixada Santista" }, "geometry": { "type": "Point", "coordinates": [ -46.4047337, -23.9562605 ] } },
{ "type": "Feature", "properties": { "CNPJ": "53112710000170", "IDCIDADE": "SAO_VICENTE", "NOMEFANTASIA": "RESTAURANTE_FEIJAO_AMIGO", "RAZAOSOCIAL": "LANCHONETE_FEIJAO_AMIGO_LTDA", "ENDEE": "RUA_FREI_GASPAR2974__PARQUE_SAO_VICENTE_11310-060", "LATITUDE": "-23.9556154", "LONGITUDE": "-46.4057159", "LMAPS": "https://www.google.com/maps?q=&layer=c&cbll=-46.4057159,-23.9556154", "O_QUE_FAZER": "CARTEIRA", "ER_REGIAO_CIDADE_min": "São Vicente_Baixada Santista" }, "geometry": { "type": "Point", "coordinates": [ -46.4057159, -23.9556154 ] } },
{ "type": "Feature", "properties": { "CNPJ": "19739083000163", "IDCIDADE": "SAO_VICENTE", "NOMEFANTASIA": "OMEGA3_LABORATORIO_DE_ANALISES_CLINICAS", "RAZAOSOCIAL": "OMEGA3_LABORATORIO_DE_ANALISES_CLINICAS_LTDA", "ENDEE": "RUA_FREI_GASPAR299__CENTRO_11310-060", "LATITUDE": "-23.9675901", "LONGITUDE": "-46.3827916", "LMAPS": "https://www.google.com/maps?q=&layer=c&cbll=-46.3827916,-23.9675901", "O_QUE_FAZER": "CARTEIRA", "ER_REGIAO_CIDADE_min": "São Vicente_Baixada Santista" }, "geometry": { "type": "Point", "coordinates": [ -46.3827916, -23.9675901 ] } },
{ "type": "Feature", "properties": { "CNPJ": "03288395000168", "IDCIDADE": "SAO_VICENTE", "NOMEFANTASIA": "SERRALHERIA_UNIAO", "RAZAOSOCIAL": "SERRALHERIA_SOUZA_E_AMARO_LTDA", "ENDEE": "RUA_FREI_GASPAR2995__CIDADE_NAUTICA_11310-060", "LATITUDE": "-23.9558", "LONGITUDE": "-46.4059816", "LMAPS": "https://www.google.com/maps?q=&layer=c&cbll=-46.4059816,-23.9558", "O_QUE_FAZER": "CARTEIRA", "ER_REGIAO_CIDADE_min": "São Vicente_Baixada Santista" }, "geometry": { "type": "Point", "coordinates": [ -46.4059816, -23.9558 ] } },
{ "type": "Feature", "properties": { "CNPJ": "46965362000118", "IDCIDADE": "SAO_VICENTE", "NOMEFANTASIA": "ADEGA_SAIDEIRA", "RAZAOSOCIAL": "MARTINS_E_ROSARIO_LTDA", "ENDEE": "RUA_FREI_GASPAR30__CENTRO_11310-060", "LATITUDE": "-23.9688203", "LONGITUDE": "-46.380244", "LMAPS": "https://www.google.com/maps?q=&layer=c&cbll=-46.380244,-23.9688203", "O_QUE_FAZER": "CARTEIRA", "ER_REGIAO_CIDADE_min": "São Vicente_Baixada Santista" }, "geometry": { "type": "Point", "coordinates": [ -46.380244, -23.9688203 ] } },
{ "type": "Feature", "properties": { "CNPJ": "34392430000118", "IDCIDADE": "SAO_VICENTE", "NOMEFANTASIA": "SKINAO_CHOPPERIA", "RAZAOSOCIAL": "ANTONIO_LUIZ_BASTOS", "ENDEE": "RUA_FREI_GASPAR3066__PARQUE_SAO_VICENTE_11310-060", "LATITUDE": "-23.9553978", "LONGITUDE": "-46.4064042", "LMAPS": "https://www.google.com/maps?q=&layer=c&cbll=-46.4064042,-23.9553978", "O_QUE_FAZER": "CARTEIRA", "ER_REGIAO_CIDADE_min": "São Vicente_Baixada Santista" }, "geometry": { "type": "Point", "coordinates": [ -46.4064042, -23.9553978 ] } },
{ "type": "Feature", "properties": { "CNPJ": "29525842000149", "IDCIDADE": "SAO_VICENTE", "NOMEFANTASIA": "NADAL_DIESEL", "RAZAOSOCIAL": "KATIA_VALERIA_BORGES", "ENDEE": "RUA_FREI_GASPAR3073__CIDADE_NAUTICA_11310-060", "LATITUDE": "-23.955455", "LONGITUDE": "-46.4066217", "LMAPS": "https://www.google.com/maps?q=&layer=c&cbll=-46.4066217,-23.955455", "O_QUE_FAZER": "CARTEIRA", "ER_REGIAO_CIDADE_min": "São Vicente_Baixada Santista" }, "geometry": { "type": "Point", "coordinates": [ -46.4066217, -23.955455 ] } },
{ "type": "Feature", "properties": { "CNPJ": "29600610000108", "IDCIDADE": "SAO_VICENTE", "NOMEFANTASIA": "ISABELLA_FLORIPPI", "RAZAOSOCIAL": "PEDRINA_FLORIPPI_GONCALVES", "ENDEE": "RUA_FREI_GASPAR313__CENTRO_11310-060", "LATITUDE": "-23.9674327", "LONGITUDE": "-46.3830038", "LMAPS": "https://www.google.com/maps?q=&layer=c&cbll=-46.3830038,-23.9674327", "O_QUE_FAZER": "CARTEIRA", "ER_REGIAO_CIDADE_min": "São Vicente_Baixada Santista" }, "geometry": { "type": "Point", "coordinates": [ -46.3830038, -23.9674327 ] } },
{ "type": "Feature", "properties": { "CNPJ": "50021329000107", "IDCIDADE": "SAO_VICENTE", "NOMEFANTASIA": "HOSPITAL_DO_CELULAR", "RAZAOSOCIAL": "HOSPITAL_DO_CELULAR_SAO_VICENTE_LTDA", "ENDEE": "RUA_FREI_GASPAR317__CENTRO_11310-060", "LATITUDE": "-23.9674562", "LONGITUDE": "-46.38302", "LMAPS": "https://www.google.com/maps?q=&layer=c&cbll=-46.38302,-23.9674562", "O_QUE_FAZER": "CARTEIRA", "ER_REGIAO_CIDADE_min": "São Vicente_Baixada Santista" }, "geometry": { "type": "Point", "coordinates": [ -46.38302, -23.9674562 ] } },
{ "type": "Feature", "properties": { "CNPJ": "14376379000143", "IDCIDADE": "SAO_VICENTE", "NOMEFANTASIA": "PET_SHOP_MODERNA", "RAZAOSOCIAL": "PET_-_SHOP_MODERNA_-_LTDA", "ENDEE": "RUA_FREI_GASPAR3181__CIDADE_NAUTICA_11310-060", "LATITUDE": "-23.9549278", "LONGITUDE": "-46.4076411", "LMAPS": "https://www.google.com/maps?q=&layer=c&cbll=-46.4076411,-23.9549278", "O_QUE_FAZER": "CARTEIRA", "ER_REGIAO_CIDADE_min": "São Vicente_Baixada Santista" }, "geometry": { "type": "Point", "coordinates": [ -46.4076411, -23.9549278 ] } },
{ "type": "Feature", "properties": { "CNPJ": "39311430000160", "IDCIDADE": "SAO_VICENTE", "NOMEFANTASIA": "MARCA_STORE", "RAZAOSOCIAL": "MARCA_STORE_ROUPAS_LTDA", "ENDEE": "RUA_FREI_GASPAR323__CENTRO_11310-060", "LATITUDE": "-23.9674364", "LONGITUDE": "-46.3831584", "LMAPS": "https://www.google.com/maps?q=&layer=c&cbll=-46.3831584,-23.9674364", "O_QUE_FAZER": "CARTEIRA", "ER_REGIAO_CIDADE_min": "São Vicente_Baixada Santista" }, "geometry": { "type": "Point", "coordinates": [ -46.3831584, -23.9674364 ] } },
{ "type": "Feature", "properties": { "CNPJ": "28552540000105", "IDCIDADE": "SAO_VICENTE", "NOMEFANTASIA": "ITABAIANA", "RAZAOSOCIAL": "CASA_DO_NORTE_ITABAIANA_SAO_VICENTE_LTDA", "ENDEE": "RUA_FREI_GASPAR3267__CIDADE_NAUTICA_11310-060", "LATITUDE": "-23.9544331", "LONGITUDE": "-46.4081907", "LMAPS": "https://www.google.com/maps?q=&layer=c&cbll=-46.4081907,-23.9544331", "O_QUE_FAZER": "CARTEIRA", "ER_REGIAO_CIDADE_min": "São Vicente_Baixada Santista" }, "geometry": { "type": "Point", "coordinates": [ -46.4081907, -23.9544331 ] } },
{ "type": "Feature", "properties": { "CNPJ": "71552426000104", "IDCIDADE": "SAO_VICENTE", "NOMEFANTASIA": "BARAO_IMOBILIARIA", "RAZAOSOCIAL": "BARAO_IMOVEIS_S/C_LTDA", "ENDEE": "RUA_FREI_GASPAR33__CENTRO_11310-060", "LATITUDE": "-23.9686902", "LONGITUDE": "-46.3803053", "LMAPS": "https://www.google.com/maps?q=&layer=c&cbll=-46.3803053,-23.9686902", "O_QUE_FAZER": "CARTEIRA", "ER_REGIAO_CIDADE_min": "São Vicente_Baixada Santista" }, "geometry": { "type": "Point", "coordinates": [ -46.3803053, -23.9686902 ] } },
{ "type": "Feature", "properties": { "CNPJ": "29072328000103", "IDCIDADE": "SAO_VICENTE", "NOMEFANTASIA": "PROGRAME_TRANSPORTES", "RAZAOSOCIAL": "PROGRAME_TRANSPORTES_LTDA", "ENDEE": "RUA_FREI_GASPAR3304__CIDADE_NAUTICA_11310-060", "LATITUDE": "-23.9538836", "LONGITUDE": "-46.4082378", "LMAPS": "https://www.google.com/maps?q=&layer=c&cbll=-46.4082378,-23.9538836", "O_QUE_FAZER": "CARTEIRA", "ER_REGIAO_CIDADE_min": "São Vicente_Baixada Santista" }, "geometry": { "type": "Point", "coordinates": [ -46.4082378, -23.9538836 ] } },
{ "type": "Feature", "properties": { "CNPJ": "21981663000295", "IDCIDADE": "SAO_VICENTE", "NOMEFANTASIA": "BARBEARIA_THAGNER_RAMOS", "RAZAOSOCIAL": "THAGNER_RAMOS_BARBEARIA_LTDA", "ENDEE": "RUA_FREI_GASPAR3304__CIDADE_NAUTICA_11310-060", "LATITUDE": "-23.9539254", "LONGITUDE": "-46.4082382", "LMAPS": "https://www.google.com/maps?q=&layer=c&cbll=-46.4082382,-23.9539254", "O_QUE_FAZER": "CARTEIRA", "ER_REGIAO_CIDADE_min": "São Vicente_Baixada Santista" }, "geometry": { "type": "Point", "coordinates": [ -46.4082382, -23.9539254 ] } },
{ "type": "Feature", "properties": { "CNPJ": "14213897000146", "IDCIDADE": "SAO_VICENTE", "NOMEFANTASIA": "LUIS_MECANICA", "RAZAOSOCIAL": "BIANO_SPINO_MECANICA_E_ELETRICA_AUTOMOTIVA_LTDA", "ENDEE": "RUA_FREI_GASPAR3313__CIDADE_NAUTICA_11310-060", "LATITUDE": "-23.95407", "LONGITUDE": "-46.4085183", "LMAPS": "https://www.google.com/maps?q=&layer=c&cbll=-46.4085183,-23.95407", "O_QUE_FAZER": "CARTEIRA", "ER_REGIAO_CIDADE_min": "São Vicente_Baixada Santista" }, "geometry": { "type": "Point", "coordinates": [ -46.4085183, -23.95407 ] } },
{ "type": "Feature", "properties": { "CNPJ": "06077533000158", "IDCIDADE": "SAO_VICENTE", "NOMEFANTASIA": "NOVA_CAR", "RAZAOSOCIAL": "MIRANDA_&_AVILA_-_AUTO_PECAS_LTDA", "ENDEE": "RUA_FREI_GASPAR3321__CIDADE_NAUTICA_11310-060", "LATITUDE": "-23.95404", "LONGITUDE": "-46.4085517", "LMAPS": "https://www.google.com/maps?q=&layer=c&cbll=-46.4085517,-23.95404", "O_QUE_FAZER": "CARTEIRA", "ER_REGIAO_CIDADE_min": "São Vicente_Baixada Santista" }, "geometry": { "type": "Point", "coordinates": [ -46.4085517, -23.95404 ] } },
{ "type": "Feature", "properties": { "CNPJ": "66732629000134", "IDCIDADE": "SAO_VICENTE", "NOMEFANTASIA": "ENGETEX", "RAZAOSOCIAL": "CAIO_ALBERGARIA_RESSIO", "ENDEE": "RUA_FREI_GASPAR3463__CIDADE_NAUTICA_11310-060", "LATITUDE": "-23.9528935", "LONGITUDE": "-46.4092795", "LMAPS": "https://www.google.com/maps?q=&layer=c&cbll=-46.4092795,-23.9528935", "O_QUE_FAZER": "CARTEIRA", "ER_REGIAO_CIDADE_min": "São Vicente_Baixada Santista" }, "geometry": { "type": "Point", "coordinates": [ -46.4092795, -23.9528935 ] } },
{ "type": "Feature", "properties": { "CNPJ": "26559250000150", "IDCIDADE": "SAO_VICENTE", "NOMEFANTASIA": "CELEBRAR_FESTAS", "RAZAOSOCIAL": "KEILA_CAROLINE_SILVA_AVELAR_FONTES_-_LIMITADA", "ENDEE": "RUA_FREI_GASPAR3475__CIDADE_NAUTICA_11310-060", "LATITUDE": "-23.9529434", "LONGITUDE": "-46.4094707", "LMAPS": "https://www.google.com/maps?q=&layer=c&cbll=-46.4094707,-23.9529434", "O_QUE_FAZER": "CARTEIRA", "ER_REGIAO_CIDADE_min": "São Vicente_Baixada Santista" }, "geometry": { "type": "Point", "coordinates": [ -46.4094707, -23.9529434 ] } },
{ "type": "Feature", "properties": { "CNPJ": "04310166000165", "IDCIDADE": "SAO_VICENTE", "NOMEFANTASIA": "SHOPPING_DAS_AGUAS", "RAZAOSOCIAL": "EDUARDO_SHOZEM_YAMAUCHI", "ENDEE": "RUA_FREI_GASPAR3594__CIDADE_NAUTICA_11310-060", "LATITUDE": "-23.9518997", "LONGITUDE": "-46.4098518", "LMAPS": "https://www.google.com/maps?q=&layer=c&cbll=-46.4098518,-23.9518997", "O_QUE_FAZER": "CARTEIRA", "ER_REGIAO_CIDADE_min": "São Vicente_Baixada Santista" }, "geometry": { "type": "Point", "coordinates": [ -46.4098518, -23.9518997 ] } },
{ "type": "Feature", "properties": { "CNPJ": "21540357000132", "IDCIDADE": "SAO_VICENTE", "NOMEFANTASIA": "VIM_VI_VENCI", "RAZAOSOCIAL": "JMTTS_COMERCIO_DE_ARTIGOS_DO_VESTUARIO_LTDA", "ENDEE": "RUA_FREI_GASPAR365__CENTRO_11310-060", "LATITUDE": "-23.967269", "LONGITUDE": "-46.3836176", "LMAPS": "https://www.google.com/maps?q=&layer=c&cbll=-46.3836176,-23.967269", "O_QUE_FAZER": "CARTEIRA", "ER_REGIAO_CIDADE_min": "São Vicente_Baixada Santista" }, "geometry": { "type": "Point", "coordinates": [ -46.3836176, -23.967269 ] } },
{ "type": "Feature", "properties": { "CNPJ": "42919230000280", "IDCIDADE": "SAO_VICENTE", "NOMEFANTASIA": "ESTACAO_CRIANCA", "RAZAOSOCIAL": "ESTACAO_CRIANCA_DIVERSOES_LTDA", "ENDEE": "RUA_FREI_GASPAR365__CENTRO_11310-060", "LATITUDE": "-23.9672698", "LONGITUDE": "-46.3836767", "LMAPS": "https://www.google.com/maps?q=&layer=c&cbll=-46.3836767,-23.9672698", "O_QUE_FAZER": "CARTEIRA", "ER_REGIAO_CIDADE_min": "São Vicente_Baixada Santista" }, "geometry": { "type": "Point", "coordinates": [ -46.3836767, -23.9672698 ] } },
{ "type": "Feature", "properties": { "CNPJ": "35296256000504", "IDCIDADE": "SAO_VICENTE", "NOMEFANTASIA": "DOUTOR_DO_SONO", "RAZAOSOCIAL": "INVICTO_COMERCIO_DE_ENXOVAIS_E_COLCHOARIA_LTDA", "ENDEE": "RUA_FREI_GASPAR365__CENTRO_11310-060", "LATITUDE": "-23.9673462", "LONGITUDE": "-46.383749", "LMAPS": "https://www.google.com/maps?q=&layer=c&cbll=-46.383749,-23.9673462", "O_QUE_FAZER": "CARTEIRA", "ER_REGIAO_CIDADE_min": "São Vicente_Baixada Santista" }, "geometry": { "type": "Point", "coordinates": [ -46.383749, -23.9673462 ] } },
{ "type": "Feature", "properties": { "CNPJ": "41816185000194", "IDCIDADE": "SAO_VICENTE", "NOMEFANTASIA": "MARY_JOFRE", "RAZAOSOCIAL": "MARY_JOFRE_STORE_LTDA", "ENDEE": "RUA_FREI_GASPAR365__CENTRO_11310-060", "LATITUDE": "-23.9673531", "LONGITUDE": "-46.3837438", "LMAPS": "https://www.google.com/maps?q=&layer=c&cbll=-46.3837438,-23.9673531", "O_QUE_FAZER": "CARTEIRA", "ER_REGIAO_CIDADE_min": "São Vicente_Baixada Santista" }, "geometry": { "type": "Point", "coordinates": [ -46.3837438, -23.9673531 ] } },
{ "type": "Feature", "properties": { "CNPJ": "08762560000195", "IDCIDADE": "SAO_VICENTE", "NOMEFANTASIA": "BOTICARIO", "RAZAOSOCIAL": "LIMONE_PERFUMES_E_COSMETICOS_LTDA", "ENDEE": "RUA_FREI_GASPAR365__CENTRO_11310-060", "LATITUDE": "-23.9673534", "LONGITUDE": "-46.383774", "LMAPS": "https://www.google.com/maps?q=&layer=c&cbll=-46.383774,-23.9673534", "O_QUE_FAZER": "CARTEIRA", "ER_REGIAO_CIDADE_min": "São Vicente_Baixada Santista" }, "geometry": { "type": "Point", "coordinates": [ -46.383774, -23.9673534 ] } },
{ "type": "Feature", "properties": { "CNPJ": "51282145000163", "IDCIDADE": "SAO_VICENTE", "NOMEFANTASIA": "ESPACO_FACIAL", "RAZAOSOCIAL": "S_K_A_CLINICA_DE_ESTETICA_LTDA", "ENDEE": "RUA_FREI_GASPAR365__CENTRO_11310-060", "LATITUDE": "-23.9673944", "LONGITUDE": "-46.3835222", "LMAPS": "https://www.google.com/maps?q=&layer=c&cbll=-46.3835222,-23.9673944", "O_QUE_FAZER": "CARTEIRA", "ER_REGIAO_CIDADE_min": "São Vicente_Baixada Santista" }, "geometry": { "type": "Point", "coordinates": [ -46.3835222, -23.9673944 ] } },
{ "type": "Feature", "properties": { "CNPJ": "40587932000105", "IDCIDADE": "SAO_VICENTE", "NOMEFANTASIA": "CHEIRIN_BAO", "RAZAOSOCIAL": "M._PERCHE_DE_SOUZA", "ENDEE": "RUA_FREI_GASPAR365__CENTRO_11310-060", "LATITUDE": "-23.967406", "LONGITUDE": "-46.3837564", "LMAPS": "https://www.google.com/maps?q=&layer=c&cbll=-46.3837564,-23.967406", "O_QUE_FAZER": "CARTEIRA", "ER_REGIAO_CIDADE_min": "São Vicente_Baixada Santista" }, "geometry": { "type": "Point", "coordinates": [ -46.3837564, -23.967406 ] } },
{ "type": "Feature", "properties": { "CNPJ": "46938946000102", "IDCIDADE": "SAO_VICENTE", "NOMEFANTASIA": "MADRID_STORE", "RAZAOSOCIAL": "E_CORREIA_MODAS_COMERCIO_DE_ROUPAS_E_ACESSORIOS_LTDA", "ENDEE": "RUA_FREI_GASPAR365__CENTRO_11310-060", "LATITUDE": "-23.9674154", "LONGITUDE": "-46.3837921", "LMAPS": "https://www.google.com/maps?q=&layer=c&cbll=-46.3837921,-23.9674154", "O_QUE_FAZER": "CARTEIRA", "ER_REGIAO_CIDADE_min": "São Vicente_Baixada Santista" }, "geometry": { "type": "Point", "coordinates": [ -46.3837921, -23.9674154 ] } },
{ "type": "Feature", "properties": { "CNPJ": "42789707000179", "IDCIDADE": "SAO_VICENTE", "NOMEFANTASIA": "BLACKFIT", "RAZAOSOCIAL": "HOSANA_D.R.M._CIMADA", "ENDEE": "RUA_FREI_GASPAR365__CENTRO_11310-060", "LATITUDE": "-23.9674202", "LONGITUDE": "-46.3835267", "LMAPS": "https://www.google.com/maps?q=&layer=c&cbll=-46.3835267,-23.9674202", "O_QUE_FAZER": "CARTEIRA", "ER_REGIAO_CIDADE_min": "São Vicente_Baixada Santista" }, "geometry": { "type": "Point", "coordinates": [ -46.3835267, -23.9674202 ] } },
{ "type": "Feature", "properties": { "CNPJ": "08662158000139", "IDCIDADE": "SAO_VICENTE", "NOMEFANTASIA": "VIVIANE_PUCCINELLI", "RAZAOSOCIAL": "VIVIANE_PUCCINELLI_&_PUCCINELLI_LTDA.", "ENDEE": "RUA_FREI_GASPAR365__CENTRO_11310-060", "LATITUDE": "-23.9674251", "LONGITUDE": "-46.3837288", "LMAPS": "https://www.google.com/maps?q=&layer=c&cbll=-46.3837288,-23.9674251", "O_QUE_FAZER": "CARTEIRA", "ER_REGIAO_CIDADE_min": "São Vicente_Baixada Santista" }, "geometry": { "type": "Point", "coordinates": [ -46.3837288, -23.9674251 ] } },
{ "type": "Feature", "properties": { "CNPJ": "46297411000191", "IDCIDADE": "SAO_VICENTE", "NOMEFANTASIA": "KIDSTOK", "RAZAOSOCIAL": "MALI_COMERCIO_DE_ARTIGOS_PARA_VESTUARIO_LTDA", "ENDEE": "RUA_FREI_GASPAR365__CENTRO_11310-060", "LATITUDE": "-23.9674497", "LONGITUDE": "-46.3835427", "LMAPS": "https://www.google.com/maps?q=&layer=c&cbll=-46.3835427,-23.9674497", "O_QUE_FAZER": "CARTEIRA", "ER_REGIAO_CIDADE_min": "São Vicente_Baixada Santista" }, "geometry": { "type": "Point", "coordinates": [ -46.3835427, -23.9674497 ] } },
{ "type": "Feature", "properties": { "CNPJ": "07585590000100", "IDCIDADE": "SAO_VICENTE", "NOMEFANTASIA": "ATITUDE", "RAZAOSOCIAL": "ANDREINA_PAULA_DE_OLIVEIRA", "ENDEE": "RUA_FREI_GASPAR365__CENTRO_11310-060", "LATITUDE": "-23.9674615", "LONGITUDE": "-46.3838207", "LMAPS": "https://www.google.com/maps?q=&layer=c&cbll=-46.3838207,-23.9674615", "O_QUE_FAZER": "CARTEIRA", "ER_REGIAO_CIDADE_min": "São Vicente_Baixada Santista" }, "geometry": { "type": "Point", "coordinates": [ -46.3838207, -23.9674615 ] } },
{ "type": "Feature", "properties": { "CNPJ": "13885737000180", "IDCIDADE": "SAO_VICENTE", "NOMEFANTASIA": "REI_DO_MATE", "RAZAOSOCIAL": "EMPORIO_OLLUMA_LTDA", "ENDEE": "RUA_FREI_GASPAR365__CENTRO_11310-060", "LATITUDE": "-23.9674626", "LONGITUDE": "-46.3835019", "LMAPS": "https://www.google.com/maps?q=&layer=c&cbll=-46.3835019,-23.9674626", "O_QUE_FAZER": "CARTEIRA", "ER_REGIAO_CIDADE_min": "São Vicente_Baixada Santista" }, "geometry": { "type": "Point", "coordinates": [ -46.3835019, -23.9674626 ] } },
{ "type": "Feature", "properties": { "CNPJ": "24552734000141", "IDCIDADE": "SAO_VICENTE", "NOMEFANTASIA": "XICKO'S", "RAZAOSOCIAL": "BAIXADA_SANTISTA_COMERCIO_DE_BRINQUEDOS_LTDA", "ENDEE": "RUA_FREI_GASPAR365__CENTRO_11310-060", "LATITUDE": "-23.967474", "LONGITUDE": "-46.3835115", "LMAPS": "https://www.google.com/maps?q=&layer=c&cbll=-46.3835115,-23.967474", "O_QUE_FAZER": "CARTEIRA", "ER_REGIAO_CIDADE_min": "São Vicente_Baixada Santista" }, "geometry": { "type": "Point", "coordinates": [ -46.3835115, -23.967474 ] } },
{ "type": "Feature", "properties": { "CNPJ": "10461145000143", "IDCIDADE": "SAO_VICENTE", "NOMEFANTASIA": "FILHOS_DO_ORIENTE", "RAZAOSOCIAL": "VIVIAN_MELISSA_VALERIO_ORIENTE_DECOR", "ENDEE": "RUA_FREI_GASPAR365__CENTRO_11310-060", "LATITUDE": "-23.9674781", "LONGITUDE": "-46.3835889", "LMAPS": "https://www.google.com/maps?q=&layer=c&cbll=-46.3835889,-23.9674781", "O_QUE_FAZER": "CARTEIRA", "ER_REGIAO_CIDADE_min": "São Vicente_Baixada Santista" }, "geometry": { "type": "Point", "coordinates": [ -46.3835889, -23.9674781 ] } },
{ "type": "Feature", "properties": { "CNPJ": "26877839000104", "IDCIDADE": "SAO_VICENTE", "NOMEFANTASIA": "CELESTIAL_MODA_EVANGELICA", "RAZAOSOCIAL": "CELESTIAL_MODA_EVANGELICA_LTDA", "ENDEE": "RUA_FREI_GASPAR365__CENTRO_11310-060", "LATITUDE": "-23.9674943", "LONGITUDE": "-46.3835622", "LMAPS": "https://www.google.com/maps?q=&layer=c&cbll=-46.3835622,-23.9674943", "O_QUE_FAZER": "CARTEIRA", "ER_REGIAO_CIDADE_min": "São Vicente_Baixada Santista" }, "geometry": { "type": "Point", "coordinates": [ -46.3835622, -23.9674943 ] } },
{ "type": "Feature", "properties": { "CNPJ": "08788211000142", "IDCIDADE": "SAO_VICENTE", "NOMEFANTASIA": "BEVERLLY_HILLS", "RAZAOSOCIAL": "BEVERLY_HILLS_DO_LITORAL_PERFUMARIA_LTDA", "ENDEE": "RUA_FREI_GASPAR365__CENTRO_11310-060", "LATITUDE": "-23.9675", "LONGITUDE": "-46.3838091", "LMAPS": "https://www.google.com/maps?q=&layer=c&cbll=-46.3838091,-23.9675", "O_QUE_FAZER": "CARTEIRA", "ER_REGIAO_CIDADE_min": "São Vicente_Baixada Santista" }, "geometry": { "type": "Point", "coordinates": [ -46.3838091, -23.9675 ] } },
{ "type": "Feature", "properties": { "CNPJ": "58223843000218", "IDCIDADE": "SAO_VICENTE", "NOMEFANTASIA": "DHEMY", "RAZAOSOCIAL": "CAMISAS_GONZAGA_LTDA", "ENDEE": "RUA_FREI_GASPAR365__CENTRO_11310-060", "LATITUDE": "-23.9675067", "LONGITUDE": "-46.3837756", "LMAPS": "https://www.google.com/maps?q=&layer=c&cbll=-46.3837756,-23.9675067", "O_QUE_FAZER": "CARTEIRA", "ER_REGIAO_CIDADE_min": "São Vicente_Baixada Santista" }, "geometry": { "type": "Point", "coordinates": [ -46.3837756, -23.9675067 ] } },
{ "type": "Feature", "properties": { "CNPJ": "07327567000205", "IDCIDADE": "SAO_VICENTE", "NOMEFANTASIA": "OTICA_OCCHIALI", "RAZAOSOCIAL": "HENRIQUE_SOARES_MARTINS", "ENDEE": "RUA_FREI_GASPAR365__CENTRO_11310-060", "LATITUDE": "-23.9675198", "LONGITUDE": "-46.3839456", "LMAPS": "https://www.google.com/maps?q=&layer=c&cbll=-46.3839456,-23.9675198", "O_QUE_FAZER": "CARTEIRA", "ER_REGIAO_CIDADE_min": "São Vicente_Baixada Santista" }, "geometry": { "type": "Point", "coordinates": [ -46.3839456, -23.9675198 ] } },
{ "type": "Feature", "properties": { "CNPJ": "45529984000130", "IDCIDADE": "SAO_VICENTE", "NOMEFANTASIA": "TOYBOX", "RAZAOSOCIAL": "LIANKA_GASPAR_DE_NORONHA_LTDA", "ENDEE": "RUA_FREI_GASPAR365__CENTRO_11310-060", "LATITUDE": "-23.9675289", "LONGITUDE": "-46.3835157", "LMAPS": "https://www.google.com/maps?q=&layer=c&cbll=-46.3835157,-23.9675289", "O_QUE_FAZER": "CARTEIRA", "ER_REGIAO_CIDADE_min": "São Vicente_Baixada Santista" }, "geometry": { "type": "Point", "coordinates": [ -46.3835157, -23.9675289 ] } },
{ "type": "Feature", "properties": { "CNPJ": "07327567000116", "IDCIDADE": "SAO_VICENTE", "NOMEFANTASIA": "OTICA_OCCHIALI", "RAZAOSOCIAL": "HENRIQUE_SOARES_MARTINS", "ENDEE": "RUA_FREI_GASPAR365__CENTRO_11310-060", "LATITUDE": "-23.9675422", "LONGITUDE": "-46.3838558", "LMAPS": "https://www.google.com/maps?q=&layer=c&cbll=-46.3838558,-23.9675422", "O_QUE_FAZER": "CARTEIRA", "ER_REGIAO_CIDADE_min": "São Vicente_Baixada Santista" }, "geometry": { "type": "Point", "coordinates": [ -46.3838558, -23.9675422 ] } },
{ "type": "Feature", "properties": { "CNPJ": "53858456000153", "IDCIDADE": "SAO_VICENTE", "NOMEFANTASIA": "PIPELYNE", "RAZAOSOCIAL": "PIPELYNE_MODA_FEMININA_LTDA", "ENDEE": "RUA_FREI_GASPAR365__CENTRO_11310-060", "LATITUDE": "-23.9675521", "LONGITUDE": "-46.3835857", "LMAPS": "https://www.google.com/maps?q=&layer=c&cbll=-46.3835857,-23.9675521", "O_QUE_FAZER": "CARTEIRA", "ER_REGIAO_CIDADE_min": "São Vicente_Baixada Santista" }, "geometry": { "type": "Point", "coordinates": [ -46.3835857, -23.9675521 ] } },
{ "type": "Feature", "properties": { "CNPJ": "02103808000120", "IDCIDADE": "SAO_VICENTE", "NOMEFANTASIA": "ANDISPOT", "RAZAOSOCIAL": "ISS_COMERCIAL_LTDA", "ENDEE": "RUA_FREI_GASPAR365__CENTRO_11310-060", "LATITUDE": "-23.9675695", "LONGITUDE": "-46.3837249", "LMAPS": "https://www.google.com/maps?q=&layer=c&cbll=-46.3837249,-23.9675695", "O_QUE_FAZER": "CARTEIRA", "ER_REGIAO_CIDADE_min": "São Vicente_Baixada Santista" }, "geometry": { "type": "Point", "coordinates": [ -46.3837249, -23.9675695 ] } },
{ "type": "Feature", "properties": { "CNPJ": "08734087000132", "IDCIDADE": "SAO_VICENTE", "NOMEFANTASIA": "CACAU_SHOW", "RAZAOSOCIAL": "ALEXANDRE_JOSE_GIL", "ENDEE": "RUA_FREI_GASPAR365__CENTRO_11310-060", "LATITUDE": "-23.9675795", "LONGITUDE": "-46.3835813", "LMAPS": "https://www.google.com/maps?q=&layer=c&cbll=-46.3835813,-23.9675795", "O_QUE_FAZER": "CARTEIRA", "ER_REGIAO_CIDADE_min": "São Vicente_Baixada Santista" }, "geometry": { "type": "Point", "coordinates": [ -46.3835813, -23.9675795 ] } },
{ "type": "Feature", "properties": { "CNPJ": "01278352000176", "IDCIDADE": "SAO_VICENTE", "NOMEFANTASIA": "PONTO_DA_LINGERIE", "RAZAOSOCIAL": "PONTO_DA_LINGERIE_SAO_VICENTE_LTDA", "ENDEE": "RUA_FREI_GASPAR365__CENTRO_11310-060", "LATITUDE": "-23.967582", "LONGITUDE": "-46.3841518", "LMAPS": "https://www.google.com/maps?q=&layer=c&cbll=-46.3841518,-23.967582", "O_QUE_FAZER": "CARTEIRA", "ER_REGIAO_CIDADE_min": "São Vicente_Baixada Santista" }, "geometry": { "type": "Point", "coordinates": [ -46.3841518, -23.967582 ] } },
{ "type": "Feature", "properties": { "CNPJ": "08319276000149", "IDCIDADE": "SAO_VICENTE", "NOMEFANTASIA": "BELLIOTICA", "RAZAOSOCIAL": "GB_OTICA_LTDA", "ENDEE": "RUA_FREI_GASPAR365__CENTRO_11310-060", "LATITUDE": "-23.9676044", "LONGITUDE": "-46.3838425", "LMAPS": "https://www.google.com/maps?q=&layer=c&cbll=-46.3838425,-23.9676044", "O_QUE_FAZER": "CARTEIRA", "ER_REGIAO_CIDADE_min": "São Vicente_Baixada Santista" }, "geometry": { "type": "Point", "coordinates": [ -46.3838425, -23.9676044 ] } },
{ "type": "Feature", "properties": { "CNPJ": "43739322000160", "IDCIDADE": "SAO_VICENTE", "NOMEFANTASIA": "FICHIP", "RAZAOSOCIAL": "FERREIRA_&_GONCALVES_RESTAURANTE_LTDA", "ENDEE": "RUA_FREI_GASPAR365__CENTRO_11310-060", "LATITUDE": "-23.9676118", "LONGITUDE": "-46.3841423", "LMAPS": "https://www.google.com/maps?q=&layer=c&cbll=-46.3841423,-23.9676118", "O_QUE_FAZER": "CARTEIRA", "ER_REGIAO_CIDADE_min": "São Vicente_Baixada Santista" }, "geometry": { "type": "Point", "coordinates": [ -46.3841423, -23.9676118 ] } },
{ "type": "Feature", "properties": { "CNPJ": "46804337000233", "IDCIDADE": "SAO_VICENTE", "NOMEFANTASIA": "DOM_FIGUEIRA", "RAZAOSOCIAL": "CB_DOM_MODA_MASCULINA_LTDA", "ENDEE": "RUA_FREI_GASPAR365__CENTRO_11310-060", "LATITUDE": "-23.9676129", "LONGITUDE": "-46.3836675", "LMAPS": "https://www.google.com/maps?q=&layer=c&cbll=-46.3836675,-23.9676129", "O_QUE_FAZER": "CARTEIRA", "ER_REGIAO_CIDADE_min": "São Vicente_Baixada Santista" }, "geometry": { "type": "Point", "coordinates": [ -46.3836675, -23.9676129 ] } },
{ "type": "Feature", "properties": { "CNPJ": "27066707000157", "IDCIDADE": "SAO_VICENTE", "NOMEFANTASIA": "SUCO_BAGACO", "RAZAOSOCIAL": "BRISASUCOS_-SUCOS_E_ALIMENTOS_LTDA", "ENDEE": "RUA_FREI_GASPAR365__CENTRO_11310-060", "LATITUDE": "-23.967615", "LONGITUDE": "-46.3842415", "LMAPS": "https://www.google.com/maps?q=&layer=c&cbll=-46.3842415,-23.967615", "O_QUE_FAZER": "CARTEIRA", "ER_REGIAO_CIDADE_min": "São Vicente_Baixada Santista" }, "geometry": { "type": "Point", "coordinates": [ -46.3842415, -23.967615 ] } },
{ "type": "Feature", "properties": { "CNPJ": "24614043000206", "IDCIDADE": "SAO_VICENTE", "NOMEFANTASIA": "ANDIFUTEBOL", "RAZAOSOCIAL": "ANDIFUTEBOL_-_COMERCIO_DE_ARTIGOS_ESPORTIVOS_LTDA", "ENDEE": "RUA_FREI_GASPAR365__CENTRO_11310-060", "LATITUDE": "-23.967635", "LONGITUDE": "-46.3836855", "LMAPS": "https://www.google.com/maps?q=&layer=c&cbll=-46.3836855,-23.967635", "O_QUE_FAZER": "CARTEIRA", "ER_REGIAO_CIDADE_min": "São Vicente_Baixada Santista" }, "geometry": { "type": "Point", "coordinates": [ -46.3836855, -23.967635 ] } },
{ "type": "Feature", "properties": { "CNPJ": "54274095000160", "IDCIDADE": "SAO_VICENTE", "NOMEFANTASIA": "OTICAS_CAROL", "RAZAOSOCIAL": "1768_OTICAS_SAO_VICENTE_LTDA", "ENDEE": "RUA_FREI_GASPAR365__CENTRO_11310-060", "LATITUDE": "-23.9676517", "LONGITUDE": "-46.3836093", "LMAPS": "https://www.google.com/maps?q=&layer=c&cbll=-46.3836093,-23.9676517", "O_QUE_FAZER": "CARTEIRA", "ER_REGIAO_CIDADE_min": "São Vicente_Baixada Santista" }, "geometry": { "type": "Point", "coordinates": [ -46.3836093, -23.9676517 ] } },
{ "type": "Feature", "properties": { "CNPJ": "48806363000145", "IDCIDADE": "SAO_VICENTE", "NOMEFANTASIA": "CIA_DAS_PANQUECAS", "RAZAOSOCIAL": "BONNA_MASSAS_LTDA", "ENDEE": "RUA_FREI_GASPAR365__CENTRO_11310-060", "LATITUDE": "-23.9676703", "LONGITUDE": "-46.3841998", "LMAPS": "https://www.google.com/maps?q=&layer=c&cbll=-46.3841998,-23.9676703", "O_QUE_FAZER": "CARTEIRA", "ER_REGIAO_CIDADE_min": "São Vicente_Baixada Santista" }, "geometry": { "type": "Point", "coordinates": [ -46.3841998, -23.9676703 ] } },
{ "type": "Feature", "properties": { "CNPJ": "05792138000275", "IDCIDADE": "SAO_VICENTE", "NOMEFANTASIA": "ROCKABILLY", "RAZAOSOCIAL": "EDUARDO_M._TSURUDA_-_LANCHONETE", "ENDEE": "RUA_FREI_GASPAR365__CENTRO_11310-060", "LATITUDE": "-23.9676808", "LONGITUDE": "-46.383822", "LMAPS": "https://www.google.com/maps?q=&layer=c&cbll=-46.383822,-23.9676808", "O_QUE_FAZER": "CARTEIRA", "ER_REGIAO_CIDADE_min": "São Vicente_Baixada Santista" }, "geometry": { "type": "Point", "coordinates": [ -46.383822, -23.9676808 ] } },
{ "type": "Feature", "properties": { "CNPJ": "34987290000120", "IDCIDADE": "SAO_VICENTE", "NOMEFANTASIA": "USAFLEX", "RAZAOSOCIAL": "LECABEL_CALCADOS_LTDA", "ENDEE": "RUA_FREI_GASPAR365__CENTRO_11310-060", "LATITUDE": "-23.9677323", "LONGITUDE": "-46.3837183", "LMAPS": "https://www.google.com/maps?q=&layer=c&cbll=-46.3837183,-23.9677323", "O_QUE_FAZER": "CARTEIRA", "ER_REGIAO_CIDADE_min": "São Vicente_Baixada Santista" }, "geometry": { "type": "Point", "coordinates": [ -46.3837183, -23.9677323 ] } },
{ "type": "Feature", "properties": { "CNPJ": "45865023000105", "IDCIDADE": "SAO_VICENTE", "NOMEFANTASIA": "CHILLI_BEANS", "RAZAOSOCIAL": "ARTIGOS_OPTICOS_MARQUES_&_FERNANDES_LTDA", "ENDEE": "RUA_FREI_GASPAR365__CENTRO_11310-060", "LATITUDE": "-23.9677531", "LONGITUDE": "-46.3837431", "LMAPS": "https://www.google.com/maps?q=&layer=c&cbll=-46.3837431,-23.9677531", "O_QUE_FAZER": "CARTEIRA", "ER_REGIAO_CIDADE_min": "São Vicente_Baixada Santista" }, "geometry": { "type": "Point", "coordinates": [ -46.3837431, -23.9677531 ] } },
{ "type": "Feature", "properties": { "CNPJ": "33087522000121", "IDCIDADE": "SAO_VICENTE", "NOMEFANTASIA": "ATITUDE_KIDS", "RAZAOSOCIAL": "V._V._O._CUNHA_VESTUARIOS", "ENDEE": "RUA_FREI_GASPAR365__CENTRO_11310-060", "LATITUDE": "-23.9677767", "LONGITUDE": "-46.3839418", "LMAPS": "https://www.google.com/maps?q=&layer=c&cbll=-46.3839418,-23.9677767", "O_QUE_FAZER": "CARTEIRA", "ER_REGIAO_CIDADE_min": "São Vicente_Baixada Santista" }, "geometry": { "type": "Point", "coordinates": [ -46.3839418, -23.9677767 ] } },
{ "type": "Feature", "properties": { "CNPJ": "01744525000285", "IDCIDADE": "SAO_VICENTE", "NOMEFANTASIA": "STILETTO", "RAZAOSOCIAL": "IRINEUSA_ALMEIDA_BARBOSA", "ENDEE": "RUA_FREI_GASPAR365__CENTRO_11310-060", "LATITUDE": "-23.9677787", "LONGITUDE": "-46.3839064", "LMAPS": "https://www.google.com/maps?q=&layer=c&cbll=-46.3839064,-23.9677787", "O_QUE_FAZER": "CARTEIRA", "ER_REGIAO_CIDADE_min": "São Vicente_Baixada Santista" }, "geometry": { "type": "Point", "coordinates": [ -46.3839064, -23.9677787 ] } },
{ "type": "Feature", "properties": { "CNPJ": "08755642000102", "IDCIDADE": "SAO_VICENTE", "NOMEFANTASIA": "PECADO_INTIMO", "RAZAOSOCIAL": "A._A._THAIS_LINGERIE_LTDA", "ENDEE": "RUA_FREI_GASPAR365__CENTRO_11310-060", "LATITUDE": "-23.9677827", "LONGITUDE": "-46.3838895", "LMAPS": "https://www.google.com/maps?q=&layer=c&cbll=-46.3838895,-23.9677827", "O_QUE_FAZER": "CARTEIRA", "ER_REGIAO_CIDADE_min": "São Vicente_Baixada Santista" }, "geometry": { "type": "Point", "coordinates": [ -46.3838895, -23.9677827 ] } },
{ "type": "Feature", "properties": { "CNPJ": "33642583000103", "IDCIDADE": "SAO_VICENTE", "NOMEFANTASIA": "MILK_SHAKE_MIX", "RAZAOSOCIAL": "SILVX_SORVETES_LTDA", "ENDEE": "RUA_FREI_GASPAR365__CENTRO_11310-060", "LATITUDE": "-23.967796", "LONGITUDE": "-46.3840178", "LMAPS": "https://www.google.com/maps?q=&layer=c&cbll=-46.3840178,-23.967796", "O_QUE_FAZER": "CARTEIRA", "ER_REGIAO_CIDADE_min": "São Vicente_Baixada Santista" }, "geometry": { "type": "Point", "coordinates": [ -46.3840178, -23.967796 ] } },
{ "type": "Feature", "properties": { "CNPJ": "43468299000116", "IDCIDADE": "SAO_VICENTE", "NOMEFANTASIA": "CAFE_DONUTS", "RAZAOSOCIAL": "NATASHA_DO_CARMO_BERNARDINI_HENRIQUES", "ENDEE": "RUA_FREI_GASPAR365__CENTRO_11310-060", "LATITUDE": "-23.967798", "LONGITUDE": "-46.3840172", "LMAPS": "https://www.google.com/maps?q=&layer=c&cbll=-46.3840172,-23.967798", "O_QUE_FAZER": "CARTEIRA", "ER_REGIAO_CIDADE_min": "São Vicente_Baixada Santista" }, "geometry": { "type": "Point", "coordinates": [ -46.3840172, -23.967798 ] } },
{ "type": "Feature", "properties": { "CNPJ": "56263491000118", "IDCIDADE": "SAO_VICENTE", "NOMEFANTASIA": "ELEPHANT_PARK", "RAZAOSOCIAL": "ELEPHANT_PARK_SAO_VICENTE_LTDA", "ENDEE": "RUA_FREI_GASPAR365__CENTRO_11310-060", "LATITUDE": "-23.9678312", "LONGITUDE": "-46.3840037", "LMAPS": "https://www.google.com/maps?q=&layer=c&cbll=-46.3840037,-23.9678312", "O_QUE_FAZER": "CARTEIRA", "ER_REGIAO_CIDADE_min": "São Vicente_Baixada Santista" }, "geometry": { "type": "Point", "coordinates": [ -46.3840037, -23.9678312 ] } },
{ "type": "Feature", "properties": { "CNPJ": "44507368000116", "IDCIDADE": "SAO_VICENTE", "NOMEFANTASIA": "CRIATIFF", "RAZAOSOCIAL": "GIULIANO_VESTIMENTA_LTDA", "ENDEE": "RUA_FREI_GASPAR365__CENTRO_11310-060", "LATITUDE": "-23.9678344", "LONGITUDE": "-46.3837954", "LMAPS": "https://www.google.com/maps?q=&layer=c&cbll=-46.3837954,-23.9678344", "O_QUE_FAZER": "CARTEIRA", "ER_REGIAO_CIDADE_min": "São Vicente_Baixada Santista" }, "geometry": { "type": "Point", "coordinates": [ -46.3837954, -23.9678344 ] } },
{ "type": "Feature", "properties": { "CNPJ": "50395673000166", "IDCIDADE": "SAO_VICENTE", "NOMEFANTASIA": "SOBRANCELHAS", "RAZAOSOCIAL": "HADASSA_ESTETICA_LTDA", "ENDEE": "RUA_FREI_GASPAR365__CENTRO_11310-060", "LATITUDE": "-23.9678495", "LONGITUDE": "-46.3837761", "LMAPS": "https://www.google.com/maps?q=&layer=c&cbll=-46.3837761,-23.9678495", "O_QUE_FAZER": "CARTEIRA", "ER_REGIAO_CIDADE_min": "São Vicente_Baixada Santista" }, "geometry": { "type": "Point", "coordinates": [ -46.3837761, -23.9678495 ] } },
{ "type": "Feature", "properties": { "CNPJ": "45786052000173", "IDCIDADE": "SAO_VICENTE", "NOMEFANTASIA": "PATRONI", "RAZAOSOCIAL": "FL_FOOD_LTDA", "ENDEE": "RUA_FREI_GASPAR365__CENTRO_11310-060", "LATITUDE": "-23.9678676", "LONGITUDE": "-46.3840683", "LMAPS": "https://www.google.com/maps?q=&layer=c&cbll=-46.3840683,-23.9678676", "O_QUE_FAZER": "CARTEIRA", "ER_REGIAO_CIDADE_min": "São Vicente_Baixada Santista" }, "geometry": { "type": "Point", "coordinates": [ -46.3840683, -23.9678676 ] } },
{ "type": "Feature", "properties": { "CNPJ": "52570075000101", "IDCIDADE": "SAO_VICENTE", "NOMEFANTASIA": "FEMINIX", "RAZAOSOCIAL": "FEMINIX_MULTIMARCAS_ROUPAS_E_ACESSORIOS_LTDA", "ENDEE": "RUA_FREI_GASPAR365__CENTRO_11310-060", "LATITUDE": "-23.9678748", "LONGITUDE": "-46.3838365", "LMAPS": "https://www.google.com/maps?q=&layer=c&cbll=-46.3838365,-23.9678748", "O_QUE_FAZER": "CARTEIRA", "ER_REGIAO_CIDADE_min": "São Vicente_Baixada Santista" }, "geometry": { "type": "Point", "coordinates": [ -46.3838365, -23.9678748 ] } },
{ "type": "Feature", "properties": { "CNPJ": "31441802000160", "IDCIDADE": "SAO_VICENTE", "NOMEFANTASIA": "LUPO", "RAZAOSOCIAL": "CLM_MEIAS_E_LINGERIES_LTDA.", "ENDEE": "RUA_FREI_GASPAR365__CENTRO_11310-060", "LATITUDE": "-23.9678866", "LONGITUDE": "-46.3838242", "LMAPS": "https://www.google.com/maps?q=&layer=c&cbll=-46.3838242,-23.9678866", "O_QUE_FAZER": "CARTEIRA", "ER_REGIAO_CIDADE_min": "São Vicente_Baixada Santista" }, "geometry": { "type": "Point", "coordinates": [ -46.3838242, -23.9678866 ] } },
{ "type": "Feature", "properties": { "CNPJ": "07345819000300", "IDCIDADE": "SAO_VICENTE", "NOMEFANTASIA": "KFC", "RAZAOSOCIAL": "LEVUKI_COMERCIO_DE_ALIMENTOS_LTDA", "ENDEE": "RUA_FREI_GASPAR365__CENTRO_11310-060", "LATITUDE": "-23.9679231", "LONGITUDE": "-46.3838749", "LMAPS": "https://www.google.com/maps?q=&layer=c&cbll=-46.3838749,-23.9679231", "O_QUE_FAZER": "CARTEIRA", "ER_REGIAO_CIDADE_min": "São Vicente_Baixada Santista" }, "geometry": { "type": "Point", "coordinates": [ -46.3838749, -23.9679231 ] } },
{ "type": "Feature", "properties": { "CNPJ": "08149638000362", "IDCIDADE": "SAO_VICENTE", "NOMEFANTASIA": "DHEMY", "RAZAOSOCIAL": "DHEMY_MODAS_LTDA", "ENDEE": "RUA_FREI_GASPAR365__CENTRO_11310-060", "LATITUDE": "-23.9679404", "LONGITUDE": "-46.3837908", "LMAPS": "https://www.google.com/maps?q=&layer=c&cbll=-46.3837908,-23.9679404", "O_QUE_FAZER": "CARTEIRA", "ER_REGIAO_CIDADE_min": "São Vicente_Baixada Santista" }, "geometry": { "type": "Point", "coordinates": [ -46.3837908, -23.9679404 ] } },
{ "type": "Feature", "properties": { "CNPJ": "12458569000184", "IDCIDADE": "SAO_VICENTE", "NOMEFANTASIA": "MULTICOISAS", "RAZAOSOCIAL": "PLURIMART_COMERCIAL_DE_UTILIDADES_LTDA", "ENDEE": "RUA_FREI_GASPAR365__CENTRO_11310-060", "LATITUDE": "-23.9680237", "LONGITUDE": "-46.3838134", "LMAPS": "https://www.google.com/maps?q=&layer=c&cbll=-46.3838134,-23.9680237", "O_QUE_FAZER": "CARTEIRA", "ER_REGIAO_CIDADE_min": "São Vicente_Baixada Santista" }, "geometry": { "type": "Point", "coordinates": [ -46.3838134, -23.9680237 ] } },
{ "type": "Feature", "properties": { "CNPJ": "08714048000173", "IDCIDADE": "SAO_VICENTE", "NOMEFANTASIA": "GIRAFFAS", "RAZAOSOCIAL": "GRAN_PRAIA_COMERCIO_DE_ALIMENTOS_LTDA", "ENDEE": "RUA_FREI_GASPAR365__PARQUE_SAO_VICENTE_11310-060", "LATITUDE": "-23.9676268", "LONGITUDE": "-46.3842808", "LMAPS": "https://www.google.com/maps?q=&layer=c&cbll=-46.3842808,-23.9676268", "O_QUE_FAZER": "CARTEIRA", "ER_REGIAO_CIDADE_min": "São Vicente_Baixada Santista" }, "geometry": { "type": "Point", "coordinates": [ -46.3842808, -23.9676268 ] } },
{ "type": "Feature", "properties": { "CNPJ": "02534522000107", "IDCIDADE": "SAO_VICENTE", "NOMEFANTASIA": "RESTAURANTE_THE_GRILL", "RAZAOSOCIAL": "M._A._RODRIGUES_RESTAURANTE", "ENDEE": "RUA_FREI_GASPAR365__PARQUE_SAO_VICENTE_11310-060", "LATITUDE": "-23.9677248", "LONGITUDE": "-46.3843842", "LMAPS": "https://www.google.com/maps?q=&layer=c&cbll=-46.3843842,-23.9677248", "O_QUE_FAZER": "CARTEIRA", "ER_REGIAO_CIDADE_min": "São Vicente_Baixada Santista" }, "geometry": { "type": "Point", "coordinates": [ -46.3843842, -23.9677248 ] } },
{ "type": "Feature", "properties": { "CNPJ": "41836460000131", "IDCIDADE": "SAO_VICENTE", "NOMEFANTASIA": "EXPRESS_GRILL", "RAZAOSOCIAL": "EXPRESS_SAO_VICENTE_ALIMENTOS_UNIPESSOAL_LTDA", "ENDEE": "RUA_FREI_GASPAR365__PARQUE_SAO_VICENTE_11310-060", "LATITUDE": "-23.9677255", "LONGITUDE": "-46.3843127", "LMAPS": "https://www.google.com/maps?q=&layer=c&cbll=-46.3843127,-23.9677255", "O_QUE_FAZER": "CARTEIRA", "ER_REGIAO_CIDADE_min": "São Vicente_Baixada Santista" }, "geometry": { "type": "Point", "coordinates": [ -46.3843127, -23.9677255 ] } },
{ "type": "Feature", "properties": { "CNPJ": "08779933000130", "IDCIDADE": "SAO_VICENTE", "NOMEFANTASIA": "DIVINO_FOGAO", "RAZAOSOCIAL": "D.J._COMERCIO_DE_ALIMENTOS_LTDA", "ENDEE": "RUA_FREI_GASPAR365__PARQUE_SAO_VICENTE_11310-060", "LATITUDE": "-23.9677378", "LONGITUDE": "-46.3842412", "LMAPS": "https://www.google.com/maps?q=&layer=c&cbll=-46.3842412,-23.9677378", "O_QUE_FAZER": "CARTEIRA", "ER_REGIAO_CIDADE_min": "São Vicente_Baixada Santista" }, "geometry": { "type": "Point", "coordinates": [ -46.3842412, -23.9677378 ] } },
{ "type": "Feature", "properties": { "CNPJ": "27963879000123", "IDCIDADE": "SAO_VICENTE", "NOMEFANTASIA": "CHIQUINHO_SORVETES", "RAZAOSOCIAL": "DGM_COMERCIO_DE_SOBREMESAS_LTDA", "ENDEE": "RUA_FREI_GASPAR365__PARQUE_SAO_VICENTE_11310-060", "LATITUDE": "-23.9677433", "LONGITUDE": "-46.3844133", "LMAPS": "https://www.google.com/maps?q=&layer=c&cbll=-46.3844133,-23.9677433", "O_QUE_FAZER": "CARTEIRA", "ER_REGIAO_CIDADE_min": "São Vicente_Baixada Santista" }, "geometry": { "type": "Point", "coordinates": [ -46.3844133, -23.9677433 ] } },
{ "type": "Feature", "properties": { "CNPJ": "08779218000106", "IDCIDADE": "SAO_VICENTE", "NOMEFANTASIA": "SPOLETO", "RAZAOSOCIAL": "UDINE_COMERCIO_DE_ALIMENTOS_LTDA", "ENDEE": "RUA_FREI_GASPAR365__PARQUE_SAO_VICENTE_11310-060", "LATITUDE": "-23.967746", "LONGITUDE": "-46.3843198", "LMAPS": "https://www.google.com/maps?q=&layer=c&cbll=-46.3843198,-23.967746", "O_QUE_FAZER": "CARTEIRA", "ER_REGIAO_CIDADE_min": "São Vicente_Baixada Santista" }, "geometry": { "type": "Point", "coordinates": [ -46.3843198, -23.967746 ] } },
{ "type": "Feature", "properties": { "CNPJ": "26480997000118", "IDCIDADE": "SAO_VICENTE", "NOMEFANTASIA": "MIRAGE'S", "RAZAOSOCIAL": "MIRAGE'S_RESTAURANTE_E_LANCHONETE_LTDA", "ENDEE": "RUA_FREI_GASPAR3845__CIDADE_NAUTICA_11310-060", "LATITUDE": "-23.9503222", "LONGITUDE": "-46.4116555", "LMAPS": "https://www.google.com/maps?q=&layer=c&cbll=-46.4116555,-23.9503222", "O_QUE_FAZER": "CARTEIRA", "ER_REGIAO_CIDADE_min": "São Vicente_Baixada Santista" }, "geometry": { "type": "Point", "coordinates": [ -46.4116555, -23.9503222 ] } },
{ "type": "Feature", "properties": { "CNPJ": "54763091000146", "IDCIDADE": "SAO_VICENTE", "NOMEFANTASIA": "7TRUCK", "RAZAOSOCIAL": "SEVEN_TRUCK_MECANICA_E_MANUTENCAO_LTDA", "ENDEE": "RUA_FREI_GASPAR3930__CIDADE_NAUTICA_11310-060", "LATITUDE": "-23.9494565", "LONGITUDE": "-46.4118955", "LMAPS": "https://www.google.com/maps?q=&layer=c&cbll=-46.4118955,-23.9494565", "O_QUE_FAZER": "CARTEIRA", "ER_REGIAO_CIDADE_min": "São Vicente_Baixada Santista" }, "geometry": { "type": "Point", "coordinates": [ -46.4118955, -23.9494565 ] } },
{ "type": "Feature", "properties": { "CNPJ": "21247290000223", "IDCIDADE": "SAO_VICENTE", "NOMEFANTASIA": "SPECIAL_GASES", "RAZAOSOCIAL": "SPECIAL_CRYO_GASES_DO_BRASIL_LTDA", "ENDEE": "RUA_FREI_GASPAR3975__CIDADE_NAUTICA_11310-060", "LATITUDE": "-23.9492908", "LONGITUDE": "-46.4124796", "LMAPS": "https://www.google.com/maps?q=&layer=c&cbll=-46.4124796,-23.9492908", "O_QUE_FAZER": "CARTEIRA", "ER_REGIAO_CIDADE_min": "São Vicente_Baixada Santista" }, "geometry": { "type": "Point", "coordinates": [ -46.4124796, -23.9492908 ] } },
{ "type": "Feature", "properties": { "CNPJ": "51342489000110", "IDCIDADE": "SAO_VICENTE", "NOMEFANTASIA": "PASTELARIA_RONG", "RAZAOSOCIAL": "RONG_MAC_LTDA", "ENDEE": "RUA_FREI_GASPAR398__CENTRO_11310-060", "LATITUDE": "-23.9671948", "LONGITUDE": "-46.383335", "LMAPS": "https://www.google.com/maps?q=&layer=c&cbll=-46.383335,-23.9671948", "O_QUE_FAZER": "CARTEIRA", "ER_REGIAO_CIDADE_min": "São Vicente_Baixada Santista" }, "geometry": { "type": "Point", "coordinates": [ -46.383335, -23.9671948 ] } },
{ "type": "Feature", "properties": { "CNPJ": "20465885000101", "IDCIDADE": "SAO_VICENTE", "NOMEFANTASIA": "ABC_TACOGRAFOS", "RAZAOSOCIAL": "ABC_TACOGRAFOS_PECAS_E_SERVICOS_LTDA", "ENDEE": "RUA_FREI_GASPAR4267__CIDADE_NAUTICA_11310-060", "LATITUDE": "-23.9475176", "LONGITUDE": "-46.4141752", "LMAPS": "https://www.google.com/maps?q=&layer=c&cbll=-46.4141752,-23.9475176", "O_QUE_FAZER": "CARTEIRA", "ER_REGIAO_CIDADE_min": "São Vicente_Baixada Santista" }, "geometry": { "type": "Point", "coordinates": [ -46.4141752, -23.9475176 ] } },
{ "type": "Feature", "properties": { "CNPJ": "15362592000169", "IDCIDADE": "SAO_VICENTE", "NOMEFANTASIA": "LOLA_ESTETICA_E_BELEZA", "RAZAOSOCIAL": "FVP_TRADING_COMPANY_LTDA", "ENDEE": "RUA_FREI_GASPAR43__CENTRO_11310-060", "LATITUDE": "-23.9686875", "LONGITUDE": "-46.3806135", "LMAPS": "https://www.google.com/maps?q=&layer=c&cbll=-46.3806135,-23.9686875", "O_QUE_FAZER": "CARTEIRA", "ER_REGIAO_CIDADE_min": "São Vicente_Baixada Santista" }, "geometry": { "type": "Point", "coordinates": [ -46.3806135, -23.9686875 ] } },
{ "type": "Feature", "properties": { "CNPJ": "09236854000146", "IDCIDADE": "SAO_VICENTE", "NOMEFANTASIA": "ANNY_BOLSAS", "RAZAOSOCIAL": "TELMA_DOS_SANTOS_MARQUES_TEIXEIRA", "ENDEE": "RUA_FREI_GASPAR436__CENTRO_11310-060", "LATITUDE": "-23.9672112", "LONGITUDE": "-46.3837463", "LMAPS": "https://www.google.com/maps?q=&layer=c&cbll=-46.3837463,-23.9672112", "O_QUE_FAZER": "CARTEIRA", "ER_REGIAO_CIDADE_min": "São Vicente_Baixada Santista" }, "geometry": { "type": "Point", "coordinates": [ -46.3837463, -23.9672112 ] } },
{ "type": "Feature", "properties": { "CNPJ": "23714698000102", "IDCIDADE": "SAO_VICENTE", "NOMEFANTASIA": "PRODENTE", "RAZAOSOCIAL": "PRODENTE_-_CLINICA_ODONTOLOGICA_LTDA", "ENDEE": "RUA_FREI_GASPAR440__CENTRO_11310-060", "LATITUDE": "-23.9668694", "LONGITUDE": "-46.383675", "LMAPS": "https://www.google.com/maps?q=&layer=c&cbll=-46.383675,-23.9668694", "O_QUE_FAZER": "CARTEIRA", "ER_REGIAO_CIDADE_min": "São Vicente_Baixada Santista" }, "geometry": { "type": "Point", "coordinates": [ -46.383675, -23.9668694 ] } },
{ "type": "Feature", "properties": { "CNPJ": "71089544000110", "IDCIDADE": "SAO_VICENTE", "NOMEFANTASIA": "SANJOR_MODAS", "RAZAOSOCIAL": "EL_BANAT_&_FILHO_LTDA", "ENDEE": "RUA_FREI_GASPAR450__CENTRO_11310-060", "LATITUDE": "-23.9668847", "LONGITUDE": "-46.3838455", "LMAPS": "https://www.google.com/maps?q=&layer=c&cbll=-46.3838455,-23.9668847", "O_QUE_FAZER": "CARTEIRA", "ER_REGIAO_CIDADE_min": "São Vicente_Baixada Santista" }, "geometry": { "type": "Point", "coordinates": [ -46.3838455, -23.9668847 ] } },
{ "type": "Feature", "properties": { "CNPJ": "38388423000101", "IDCIDADE": "SAO_VICENTE", "NOMEFANTASIA": "NEBUTA", "RAZAOSOCIAL": "FABIO_CORREIA_POZO", "ENDEE": "RUA_FREI_GASPAR453__CENTRO_11310-060", "LATITUDE": "-23.9675076", "LONGITUDE": "-46.3839681", "LMAPS": "https://www.google.com/maps?q=&layer=c&cbll=-46.3839681,-23.9675076", "O_QUE_FAZER": "CARTEIRA", "ER_REGIAO_CIDADE_min": "São Vicente_Baixada Santista" }, "geometry": { "type": "Point", "coordinates": [ -46.3839681, -23.9675076 ] } },
{ "type": "Feature", "properties": { "CNPJ": "18521362000193", "IDCIDADE": "SAO_VICENTE", "NOMEFANTASIA": "EMPORIO_NAUTICA", "RAZAOSOCIAL": "PANIFICADORA_YAMAUCHI_E_MOROMIZATO_LTDA", "ENDEE": "RUA_FREI_GASPAR4551__CIDADE_NAUTICA_11310-060", "LATITUDE": "-23.9453672", "LONGITUDE": "-46.4157551", "LMAPS": "https://www.google.com/maps?q=&layer=c&cbll=-46.4157551,-23.9453672", "O_QUE_FAZER": "CARTEIRA", "ER_REGIAO_CIDADE_min": "São Vicente_Baixada Santista" }, "geometry": { "type": "Point", "coordinates": [ -46.4157551, -23.9453672 ] } },
{ "type": "Feature", "properties": { "CNPJ": "50955057000112", "IDCIDADE": "SAO_VICENTE", "NOMEFANTASIA": "TRUCK_HELP", "RAZAOSOCIAL": "TRUCK_HELP_OFICINA_MECANICA_LTDA", "ENDEE": "RUA_FREI_GASPAR4595__CIDADE_NAUTICA_11310-060", "LATITUDE": "-23.9451995", "LONGITUDE": "-46.4161461", "LMAPS": "https://www.google.com/maps?q=&layer=c&cbll=-46.4161461,-23.9451995", "O_QUE_FAZER": "CARTEIRA", "ER_REGIAO_CIDADE_min": "São Vicente_Baixada Santista" }, "geometry": { "type": "Point", "coordinates": [ -46.4161461, -23.9451995 ] } },
{ "type": "Feature", "properties": { "CNPJ": "41514949000197", "IDCIDADE": "SAO_VICENTE", "NOMEFANTASIA": "TOGO", "RAZAOSOCIAL": "W_S_AZEVEDO_PINTO_-_SORVETES", "ENDEE": "RUA_FREI_GASPAR46__CENTRO_11310-060", "LATITUDE": "-23.9686105", "LONGITUDE": "-46.380322", "LMAPS": "https://www.google.com/maps?q=&layer=c&cbll=-46.380322,-23.9686105", "O_QUE_FAZER": "CARTEIRA", "ER_REGIAO_CIDADE_min": "São Vicente_Baixada Santista" }, "geometry": { "type": "Point", "coordinates": [ -46.380322, -23.9686105 ] } },
{ "type": "Feature", "properties": { "CNPJ": "29819481000224", "IDCIDADE": "SAO_VICENTE", "NOMEFANTASIA": "BASSILE", "RAZAOSOCIAL": "R._BASSILE_COMERCIO_E_REPRESENTACOES_LTDA", "ENDEE": "RUA_FREI_GASPAR468__CENTRO_11310-060", "LATITUDE": "-23.9668375", "LONGITUDE": "-46.3840003", "LMAPS": "https://www.google.com/maps?q=&layer=c&cbll=-46.3840003,-23.9668375", "O_QUE_FAZER": "CARTEIRA", "ER_REGIAO_CIDADE_min": "São Vicente_Baixada Santista" }, "geometry": { "type": "Point", "coordinates": [ -46.3840003, -23.9668375 ] } },
{ "type": "Feature", "properties": { "CNPJ": "08752595000143", "IDCIDADE": "SAO_VICENTE", "NOMEFANTASIA": "RUTHLESS", "RAZAOSOCIAL": "MARIA_DE_LOURDES_SANTANA", "ENDEE": "RUA_FREI_GASPAR472__CENTRO_11310-060", "LATITUDE": "-23.9668271", "LONGITUDE": "-46.3840237", "LMAPS": "https://www.google.com/maps?q=&layer=c&cbll=-46.3840237,-23.9668271", "O_QUE_FAZER": "CARTEIRA", "ER_REGIAO_CIDADE_min": "São Vicente_Baixada Santista" }, "geometry": { "type": "Point", "coordinates": [ -46.3840237, -23.9668271 ] } },
{ "type": "Feature", "properties": { "CNPJ": "23743892000116", "IDCIDADE": "SAO_VICENTE", "NOMEFANTASIA": "GIRASSOL_MODAS", "RAZAOSOCIAL": "MAGAZINE_IRMAOS_NG_LTDA", "ENDEE": "RUA_FREI_GASPAR498__CENTRO_11310-060", "LATITUDE": "-23.9666642", "LONGITUDE": "-46.3841564", "LMAPS": "https://www.google.com/maps?q=&layer=c&cbll=-46.3841564,-23.9666642", "O_QUE_FAZER": "CARTEIRA", "ER_REGIAO_CIDADE_min": "São Vicente_Baixada Santista" }, "geometry": { "type": "Point", "coordinates": [ -46.3841564, -23.9666642 ] } },
{ "type": "Feature", "properties": { "CNPJ": "71096267000172", "IDCIDADE": "SAO_VICENTE", "NOMEFANTASIA": "KEON", "RAZAOSOCIAL": "KEUN_COMERCIO_DE_BIJOUTERIAS_LTDA", "ENDEE": "RUA_FREI_GASPAR498__CENTRO_11310-060", "LATITUDE": "-23.9667076", "LONGITUDE": "-46.384318", "LMAPS": "https://www.google.com/maps?q=&layer=c&cbll=-46.384318,-23.9667076", "O_QUE_FAZER": "CARTEIRA", "ER_REGIAO_CIDADE_min": "São Vicente_Baixada Santista" }, "geometry": { "type": "Point", "coordinates": [ -46.384318, -23.9667076 ] } },
{ "type": "Feature", "properties": { "CNPJ": "28947354000167", "IDCIDADE": "SAO_VICENTE", "NOMEFANTASIA": "MAKTUB", "RAZAOSOCIAL": "ALESSANDRA_APARECIDA_CRISOSTOMO", "ENDEE": "RUA_FREI_GASPAR535__CENTRO_11310-060", "LATITUDE": "-23.9664977", "LONGITUDE": "-46.3849361", "LMAPS": "https://www.google.com/maps?q=&layer=c&cbll=-46.3849361,-23.9664977", "O_QUE_FAZER": "CARTEIRA", "ER_REGIAO_CIDADE_min": "São Vicente_Baixada Santista" }, "geometry": { "type": "Point", "coordinates": [ -46.3849361, -23.9664977 ] } },
{ "type": "Feature", "properties": { "CNPJ": "04122703000143", "IDCIDADE": "SAO_VICENTE", "NOMEFANTASIA": "BOTICARIO", "RAZAOSOCIAL": "SALVIA_PERFUMES_LTDA", "ENDEE": "RUA_FREI_GASPAR544__CENTRO_11310-060", "LATITUDE": "-23.96645", "LONGITUDE": "-46.3846356", "LMAPS": "https://www.google.com/maps?q=&layer=c&cbll=-46.3846356,-23.96645", "O_QUE_FAZER": "CARTEIRA", "ER_REGIAO_CIDADE_min": "São Vicente_Baixada Santista" }, "geometry": { "type": "Point", "coordinates": [ -46.3846356, -23.96645 ] } },
{ "type": "Feature", "properties": { "CNPJ": "40400490000138", "IDCIDADE": "SAO_VICENTE", "NOMEFANTASIA": "CELESTIAL_MODA_EVANGELICA", "RAZAOSOCIAL": "JL_MODA_EVANGELICA_E_ACESSORIOS_LTDA", "ENDEE": "RUA_FREI_GASPAR556__CENTRO_11310-060", "LATITUDE": "-23.9664762", "LONGITUDE": "-46.3847711", "LMAPS": "https://www.google.com/maps?q=&layer=c&cbll=-46.3847711,-23.9664762", "O_QUE_FAZER": "CARTEIRA", "ER_REGIAO_CIDADE_min": "São Vicente_Baixada Santista" }, "geometry": { "type": "Point", "coordinates": [ -46.3847711, -23.9664762 ] } },
{ "type": "Feature", "properties": { "CNPJ": "53205068000173", "IDCIDADE": "SAO_VICENTE", "NOMEFANTASIA": "RELOJOARIA_3_ESTRELAS", "RAZAOSOCIAL": "RELOJOARIA_TRES_ESTRELAS_LTDA", "ENDEE": "RUA_FREI_GASPAR562__CENTRO_11310-060", "LATITUDE": "-23.966458", "LONGITUDE": "-46.3847969", "LMAPS": "https://www.google.com/maps?q=&layer=c&cbll=-46.3847969,-23.966458", "O_QUE_FAZER": "CARTEIRA", "ER_REGIAO_CIDADE_min": "São Vicente_Baixada Santista" }, "geometry": { "type": "Point", "coordinates": [ -46.3847969, -23.966458 ] } },
{ "type": "Feature", "properties": { "CNPJ": "71089478000188", "IDCIDADE": "SAO_VICENTE", "NOMEFANTASIA": "A_VERANISTA", "RAZAOSOCIAL": "VERANISTA_MODAS_LTDA", "ENDEE": "RUA_FREI_GASPAR665__CENTRO_11310-060", "LATITUDE": "-23.9659841", "LONGITUDE": "-46.3858898", "LMAPS": "https://www.google.com/maps?q=&layer=c&cbll=-46.3858898,-23.9659841", "O_QUE_FAZER": "CARTEIRA", "ER_REGIAO_CIDADE_min": "São Vicente_Baixada Santista" }, "geometry": { "type": "Point", "coordinates": [ -46.3858898, -23.9659841 ] } },
{ "type": "Feature", "properties": { "CNPJ": "05081424000141", "IDCIDADE": "SAO_VICENTE", "NOMEFANTASIA": "MUNDIAL_OTICA", "RAZAOSOCIAL": "HALIANE_ALMEIDA", "ENDEE": "RUA_FREI_GASPAR672__CENTRO_11310-060", "LATITUDE": "-23.9660048", "LONGITUDE": "-46.3857416", "LMAPS": "https://www.google.com/maps?q=&layer=c&cbll=-46.3857416,-23.9660048", "O_QUE_FAZER": "CARTEIRA", "ER_REGIAO_CIDADE_min": "São Vicente_Baixada Santista" }, "geometry": { "type": "Point", "coordinates": [ -46.3857416, -23.9660048 ] } },
{ "type": "Feature", "properties": { "CNPJ": "15524433000113", "IDCIDADE": "SAO_VICENTE", "NOMEFANTASIA": "ROMA_CALCADOS", "RAZAOSOCIAL": "FELIPE_ROMA_DE_ARAUJO_DIAS", "ENDEE": "RUA_FREI_GASPAR691__CENTRO_11310-060", "LATITUDE": "-23.9658954", "LONGITUDE": "-46.386148", "LMAPS": "https://www.google.com/maps?q=&layer=c&cbll=-46.386148,-23.9658954", "O_QUE_FAZER": "CARTEIRA", "ER_REGIAO_CIDADE_min": "São Vicente_Baixada Santista" }, "geometry": { "type": "Point", "coordinates": [ -46.386148, -23.9658954 ] } },
{ "type": "Feature", "properties": { "CNPJ": "17030999000114", "IDCIDADE": "SAO_VICENTE", "NOMEFANTASIA": "ESTACIONAMENTO_CV3", "RAZAOSOCIAL": "MARCELO_DE_CARVALHO", "ENDEE": "RUA_FREI_GASPAR70__CENTRO_11310-060", "LATITUDE": "-23.9684496", "LONGITUDE": "-46.3806234", "LMAPS": "https://www.google.com/maps?q=&layer=c&cbll=-46.3806234,-23.9684496", "O_QUE_FAZER": "CARTEIRA", "ER_REGIAO_CIDADE_min": "São Vicente_Baixada Santista" }, "geometry": { "type": "Point", "coordinates": [ -46.3806234, -23.9684496 ] } },
{ "type": "Feature", "properties": { "CNPJ": "51920796000131", "IDCIDADE": "SAO_VICENTE", "NOMEFANTASIA": "SABOR_DE_CASA", "RAZAOSOCIAL": "ANA_PAULA_POLIDORO_DE_SOUZA_RESTAURANTE_LTDA", "ENDEE": "RUA_FREI_GASPAR704__CENTRO_11310-060", "LATITUDE": "-23.9655549", "LONGITUDE": "-46.3856864", "LMAPS": "https://www.google.com/maps?q=&layer=c&cbll=-46.3856864,-23.9655549", "O_QUE_FAZER": "CARTEIRA", "ER_REGIAO_CIDADE_min": "São Vicente_Baixada Santista" }, "geometry": { "type": "Point", "coordinates": [ -46.3856864, -23.9655549 ] } },
{ "type": "Feature", "properties": { "CNPJ": "56955373000170", "IDCIDADE": "SAO_VICENTE", "NOMEFANTASIA": "SABOR_DE_MINAS", "RAZAOSOCIAL": "SOUZA_&_SANTOS_RESTAURANTE_E_CIA_LTDA", "ENDEE": "RUA_FREI_GASPAR704__CENTRO_11310-060", "LATITUDE": "-23.9656419", "LONGITUDE": "-46.3856143", "LMAPS": "https://www.google.com/maps?q=&layer=c&cbll=-46.3856143,-23.9656419", "O_QUE_FAZER": "CARTEIRA", "ER_REGIAO_CIDADE_min": "São Vicente_Baixada Santista" }, "geometry": { "type": "Point", "coordinates": [ -46.3856143, -23.9656419 ] } },
{ "type": "Feature", "properties": { "CNPJ": "05877540000171", "IDCIDADE": "SAO_VICENTE", "NOMEFANTASIA": "SANDRA_MODAS", "RAZAOSOCIAL": "SANDRA_SANTOS_DA_SILVA_XAVIER_-_MODAS", "ENDEE": "RUA_FREI_GASPAR704__CENTRO_11310-060", "LATITUDE": "-23.9656567", "LONGITUDE": "-46.385696", "LMAPS": "https://www.google.com/maps?q=&layer=c&cbll=-46.385696,-23.9656567", "O_QUE_FAZER": "CARTEIRA", "ER_REGIAO_CIDADE_min": "São Vicente_Baixada Santista" }, "geometry": { "type": "Point", "coordinates": [ -46.385696, -23.9656567 ] } },
{ "type": "Feature", "properties": { "CNPJ": "27929137000181", "IDCIDADE": "SAO_VICENTE", "NOMEFANTASIA": "ESTACAO_DO_HOMEM", "RAZAOSOCIAL": "L_M_DA_SILVA_ROUPAS", "ENDEE": "RUA_FREI_GASPAR704__CENTRO_11310-060", "LATITUDE": "-23.9657831", "LONGITUDE": "-46.385948", "LMAPS": "https://www.google.com/maps?q=&layer=c&cbll=-46.385948,-23.9657831", "O_QUE_FAZER": "CARTEIRA", "ER_REGIAO_CIDADE_min": "São Vicente_Baixada Santista" }, "geometry": { "type": "Point", "coordinates": [ -46.385948, -23.9657831 ] } },
{ "type": "Feature", "properties": { "CNPJ": "34451957000176", "IDCIDADE": "SAO_VICENTE", "NOMEFANTASIA": "LUMINOTICA", "RAZAOSOCIAL": "RITA_DE_CASSIA_MORAES_DE_ALMEIDA", "ENDEE": "RUA_FREI_GASPAR724__CENTRO_11310-060", "LATITUDE": "-23.965776", "LONGITUDE": "-46.3861221", "LMAPS": "https://www.google.com/maps?q=&layer=c&cbll=-46.3861221,-23.965776", "O_QUE_FAZER": "CARTEIRA", "ER_REGIAO_CIDADE_min": "São Vicente_Baixada Santista" }, "geometry": { "type": "Point", "coordinates": [ -46.3861221, -23.965776 ] } },
{ "type": "Feature", "properties": { "CNPJ": "46560264000109", "IDCIDADE": "SAO_VICENTE", "NOMEFANTASIA": "OTICA_DO_CENTRO", "RAZAOSOCIAL": "OTICA_DO_CENTRO_LTDA", "ENDEE": "RUA_FREI_GASPAR781__CENTRO_11310-060", "LATITUDE": "-23.9654322", "LONGITUDE": "-46.386894", "LMAPS": "https://www.google.com/maps?q=&layer=c&cbll=-46.386894,-23.9654322", "O_QUE_FAZER": "CARTEIRA", "ER_REGIAO_CIDADE_min": "São Vicente_Baixada Santista" }, "geometry": { "type": "Point", "coordinates": [ -46.386894, -23.9654322 ] } },
{ "type": "Feature", "properties": { "CNPJ": "33943334000158", "IDCIDADE": "SAO_VICENTE", "NOMEFANTASIA": "POUPA_MAIS_POPULAR", "RAZAOSOCIAL": "A.L_FURTADO_DROGARIA", "ENDEE": "RUA_FREI_GASPAR791__CENTRO_11310-060", "LATITUDE": "-23.9652168", "LONGITUDE": "-46.3870267", "LMAPS": "https://www.google.com/maps?q=&layer=c&cbll=-46.3870267,-23.9652168", "O_QUE_FAZER": "CARTEIRA", "ER_REGIAO_CIDADE_min": "São Vicente_Baixada Santista" }, "geometry": { "type": "Point", "coordinates": [ -46.3870267, -23.9652168 ] } },
{ "type": "Feature", "properties": { "CNPJ": "05977283000220", "IDCIDADE": "SAO_VICENTE", "NOMEFANTASIA": "FORMULA_EQUIVALENTE", "RAZAOSOCIAL": "BARBOSA_&_SANTOS_LTDA.", "ENDEE": "RUA_FREI_GASPAR793__CENTRO_11310-060", "LATITUDE": "-23.9652311", "LONGITUDE": "-46.3870144", "LMAPS": "https://www.google.com/maps?q=&layer=c&cbll=-46.3870144,-23.9652311", "O_QUE_FAZER": "CARTEIRA", "ER_REGIAO_CIDADE_min": "São Vicente_Baixada Santista" }, "geometry": { "type": "Point", "coordinates": [ -46.3870144, -23.9652311 ] } },
{ "type": "Feature", "properties": { "CNPJ": "07411884000116", "IDCIDADE": "SAO_VICENTE", "NOMEFANTASIA": "POUPAMED", "RAZAOSOCIAL": "DROGARIA_GENERICOS_BARBOSA_LTDA", "ENDEE": "RUA_FREI_GASPAR803__CENTRO_11310-060", "LATITUDE": "-23.9652758", "LONGITUDE": "-46.3873111", "LMAPS": "https://www.google.com/maps?q=&layer=c&cbll=-46.3873111,-23.9652758", "O_QUE_FAZER": "CARTEIRA", "ER_REGIAO_CIDADE_min": "São Vicente_Baixada Santista" }, "geometry": { "type": "Point", "coordinates": [ -46.3873111, -23.9652758 ] } },
{ "type": "Feature", "properties": { "CNPJ": "33365650000190", "IDCIDADE": "SAO_VICENTE", "NOMEFANTASIA": "DANI_OTICA", "RAZAOSOCIAL": "DRB_PRODUTOS_OPTICOS_LTDA", "ENDEE": "RUA_FREI_GASPAR851__CENTRO_11310-060", "LATITUDE": "-23.9651152", "LONGITUDE": "-46.3875037", "LMAPS": "https://www.google.com/maps?q=&layer=c&cbll=-46.3875037,-23.9651152", "O_QUE_FAZER": "CARTEIRA", "ER_REGIAO_CIDADE_min": "São Vicente_Baixada Santista" }, "geometry": { "type": "Point", "coordinates": [ -46.3875037, -23.9651152 ] } },
{ "type": "Feature", "properties": { "CNPJ": "31853266000100", "IDCIDADE": "SAO_VICENTE", "NOMEFANTASIA": "CACAU_SHOW", "RAZAOSOCIAL": "GIL_&_FRANCA_LTDA.", "ENDEE": "RUA_FREI_GASPAR855__CENTRO_11310-060", "LATITUDE": "-23.9650771", "LONGITUDE": "-46.3876264", "LMAPS": "https://www.google.com/maps?q=&layer=c&cbll=-46.3876264,-23.9650771", "O_QUE_FAZER": "CARTEIRA", "ER_REGIAO_CIDADE_min": "São Vicente_Baixada Santista" }, "geometry": { "type": "Point", "coordinates": [ -46.3876264, -23.9650771 ] } },
{ "type": "Feature", "properties": { "CNPJ": "02206768000141", "IDCIDADE": "SAO_VICENTE", "NOMEFANTASIA": "HAK_CALCADOS", "RAZAOSOCIAL": "ALEXANDRE_NICOLA_ABDUL-HAK", "ENDEE": "RUA_FREI_GASPAR880__CENTRO_11310-060", "LATITUDE": "-23.9651288", "LONGITUDE": "-46.3874533", "LMAPS": "https://www.google.com/maps?q=&layer=c&cbll=-46.3874533,-23.9651288", "O_QUE_FAZER": "CARTEIRA", "ER_REGIAO_CIDADE_min": "São Vicente_Baixada Santista" }, "geometry": { "type": "Point", "coordinates": [ -46.3874533, -23.9651288 ] } },
{ "type": "Feature", "properties": { "CNPJ": "59718650000110", "IDCIDADE": "SAO_VICENTE", "NOMEFANTASIA": "AUDER_FERRAGENS", "RAZAOSOCIAL": "AUDER_COMERCIO_DE_FERRAGENS_LTDA", "ENDEE": "RUA_FREI_GASPAR893__PARQUE_SAO_VICENTE_11310-060", "LATITUDE": "-23.9649716", "LONGITUDE": "-46.3879721", "LMAPS": "https://www.google.com/maps?q=&layer=c&cbll=-46.3879721,-23.9649716", "O_QUE_FAZER": "CARTEIRA", "ER_REGIAO_CIDADE_min": "São Vicente_Baixada Santista" }, "geometry": { "type": "Point", "coordinates": [ -46.3879721, -23.9649716 ] } },
{ "type": "Feature", "properties": { "CNPJ": "44832383000130", "IDCIDADE": "SAO_VICENTE", "NOMEFANTASIA": "NF_ODONTOLOGIA", "RAZAOSOCIAL": "A.M._&_T.M._CLINICA_ODONTOLOGICA_LTDA", "ENDEE": "RUA_FREI_GASPAR910__CENTRO_11310-060", "LATITUDE": "-23.9649174", "LONGITUDE": "-46.3878017", "LMAPS": "https://www.google.com/maps?q=&layer=c&cbll=-46.3878017,-23.9649174", "O_QUE_FAZER": "CARTEIRA", "ER_REGIAO_CIDADE_min": "São Vicente_Baixada Santista" }, "geometry": { "type": "Point", "coordinates": [ -46.3878017, -23.9649174 ] } },
{ "type": "Feature", "properties": { "CNPJ": "18525844000111", "IDCIDADE": "SAO_VICENTE", "NOMEFANTASIA": "BAR_E_RESTAURANTE_ALCANTARA", "RAZAOSOCIAL": "BAR_E_LANCHES_ARAUJO_E_FERREIRA_LTDA", "ENDEE": "RUA_FREI_GASPAR931__PARQUE_SAO_VICENTE_11310-060", "LATITUDE": "-23.9646006", "LONGITUDE": "-46.3886635", "LMAPS": "https://www.google.com/maps?q=&layer=c&cbll=-46.3886635,-23.9646006", "O_QUE_FAZER": "CARTEIRA", "ER_REGIAO_CIDADE_min": "São Vicente_Baixada Santista" }, "geometry": { "type": "Point", "coordinates": [ -46.3886635, -23.9646006 ] } },
{ "type": "Feature", "properties": { "CNPJ": "43796088000102", "IDCIDADE": "SAO_VICENTE", "NOMEFANTASIA": "MM_ASSESSORIA", "RAZAOSOCIAL": "MM_ASSESSORIA_&_MENTORIA_LTDA", "ENDEE": "RUA_FREI_GASPAR940__CENTRO_11310-060", "LATITUDE": "-23.9651167", "LONGITUDE": "-46.3879683", "LMAPS": "https://www.google.com/maps?q=&layer=c&cbll=-46.3879683,-23.9651167", "O_QUE_FAZER": "CARTEIRA", "ER_REGIAO_CIDADE_min": "São Vicente_Baixada Santista" }, "geometry": { "type": "Point", "coordinates": [ -46.3879683, -23.9651167 ] } },
{ "type": "Feature", "properties": { "CNPJ": "02311094000145", "IDCIDADE": "SAO_VICENTE", "NOMEFANTASIA": "IMOBILIARIA_PAULO_FLOR", "RAZAOSOCIAL": "PAULO_FLOR_CORRETORA_DE_SEGUROS_E_REPRESENTACOES_LTDA", "ENDEE": "RUA_FREI_GASPAR943__CENTRO_11310-060", "LATITUDE": "-23.960885", "LONGITUDE": "-46.3834033", "LMAPS": "https://www.google.com/maps?q=&layer=c&cbll=-46.3834033,-23.960885", "O_QUE_FAZER": "CARTEIRA", "ER_REGIAO_CIDADE_min": "São Vicente_Baixada Santista" }, "geometry": { "type": "Point", "coordinates": [ -46.3834033, -23.960885 ] } },
{ "type": "Feature", "properties": { "CNPJ": "58015520000158", "IDCIDADE": "SAO_VICENTE", "NOMEFANTASIA": "OTICA_MODERNA", "RAZAOSOCIAL": "CENEDESI_&_CENEDESI_LTDA", "ENDEE": "RUA_FREI_GASPAR980__CENTRO_11310-060", "LATITUDE": "-23.964604", "LONGITUDE": "-46.388369", "LMAPS": "https://www.google.com/maps?q=&layer=c&cbll=-46.388369,-23.964604", "O_QUE_FAZER": "CARTEIRA", "ER_REGIAO_CIDADE_min": "São Vicente_Baixada Santista" }, "geometry": { "type": "Point", "coordinates": [ -46.388369, -23.964604 ] } },
{ "type": "Feature", "properties": { "CNPJ": "27207021000139", "IDCIDADE": "SAO_VICENTE", "NOMEFANTASIA": "CASA_DE_BOLOS", "RAZAOSOCIAL": "CARIMAN_BOLOS_LTDA", "ENDEE": "RUA_FREI_GASPAR994__CENTRO_11310-060", "LATITUDE": "-23.9645487", "LONGITUDE": "-46.388505", "LMAPS": "https://www.google.com/maps?q=&layer=c&cbll=-46.388505,-23.9645487", "O_QUE_FAZER": "CARTEIRA", "ER_REGIAO_CIDADE_min": "São Vicente_Baixada Santista" }, "geometry": { "type": "Point", "coordinates": [ -46.388505, -23.9645487 ] } },
{ "type": "Feature", "properties": { "CNPJ": "54304282000140", "IDCIDADE": "SAO_VICENTE", "NOMEFANTASIA": "ALBERTO_FERRAMENTEIRO", "RAZAOSOCIAL": "M._C._M._DO_LITORAL_-_INDUSTRIA_E_COMERCIO_DE_FERRAMENTAS_LTDA", "ENDEE": "RUA_FREI_GASPAR1119__PARQUE_SAO_VICENTE_11310-061", "LATITUDE": "-23.9639334", "LONGITUDE": "-46.3898821", "LMAPS": "https://www.google.com/maps?q=&layer=c&cbll=-46.3898821,-23.9639334", "O_QUE_FAZER": "CARTEIRA", "ER_REGIAO_CIDADE_min": "São Vicente_Baixada Santista" }, "geometry": { "type": "Point", "coordinates": [ -46.3898821, -23.9639334 ] } },
{ "type": "Feature", "properties": { "CNPJ": "41883119000137", "IDCIDADE": "SAO_VICENTE", "NOMEFANTASIA": "VITORIA_SERVICOS_AUTOMOTIVOS", "RAZAOSOCIAL": "VITORIA_SERVICOS_AUTOMOTIVOS_LTDA", "ENDEE": "RUA_FREI_GASPAR1758__PARQUE_SAO_VICENTE_11310-061", "LATITUDE": "-23.9612609", "LONGITUDE": "-46.3950288", "LMAPS": "https://www.google.com/maps?q=&layer=c&cbll=-46.3950288,-23.9612609", "O_QUE_FAZER": "CARTEIRA", "ER_REGIAO_CIDADE_min": "São Vicente_Baixada Santista" }, "geometry": { "type": "Point", "coordinates": [ -46.3950288, -23.9612609 ] } },
{ "type": "Feature", "properties": { "CNPJ": "03610295000106", "IDCIDADE": "SAO_VICENTE", "NOMEFANTASIA": "AUTO_ESCOLA_PAPA_LEGUAS", "RAZAOSOCIAL": "AUTO_MOTO_ESCOLA_PAPA_LEGUAS_LTDA", "ENDEE": "RUA_FREI_GASPAR2081__PARQUE_SAO_VICENTE_11310-061", "LATITUDE": "-23.9597977", "LONGITUDE": "-46.3981194", "LMAPS": "https://www.google.com/maps?q=&layer=c&cbll=-46.3981194,-23.9597977", "O_QUE_FAZER": "CARTEIRA", "ER_REGIAO_CIDADE_min": "São Vicente_Baixada Santista" }, "geometry": { "type": "Point", "coordinates": [ -46.3981194, -23.9597977 ] } },
{ "type": "Feature", "properties": { "CNPJ": "47421533000100", "IDCIDADE": "SAO_VICENTE", "NOMEFANTASIA": "DOCTOR_WELLNESS", "RAZAOSOCIAL": "DOCTOR_WELLNESS-_SAUDE_&_BEM_ESTAR_LTDA", "ENDEE": "RUA_FREI_GASPAR2101__PARQUE_SAO_VICENTE_11310-061", "LATITUDE": "-23.9596757", "LONGITUDE": "-46.3983175", "LMAPS": "https://www.google.com/maps?q=&layer=c&cbll=-46.3983175,-23.9596757", "O_QUE_FAZER": "CARTEIRA", "ER_REGIAO_CIDADE_min": "São Vicente_Baixada Santista" }, "geometry": { "type": "Point", "coordinates": [ -46.3983175, -23.9596757 ] } },
{ "type": "Feature", "properties": { "CNPJ": "24142403000648", "IDCIDADE": "SAO_VICENTE", "NOMEFANTASIA": "KINGS_SNEAKERS", "RAZAOSOCIAL": "DG_FERNANDES_COMERCIO_DE_ROUPAS_E_CALCADOS_LTDA", "ENDEE": "RUA_FREI_GASPAR365__CENTRO_11310-061", "LATITUDE": "-23.9677971", "LONGITUDE": "-46.3840236", "LMAPS": "https://www.google.com/maps?q=&layer=c&cbll=-46.3840236,-23.9677971", "O_QUE_FAZER": "CARTEIRA", "ER_REGIAO_CIDADE_min": "São Vicente_Baixada Santista" }, "geometry": { "type": "Point", "coordinates": [ -46.3840236, -23.9677971 ] } },
{ "type": "Feature", "properties": { "CNPJ": "44825441000106", "IDCIDADE": "SAO_VICENTE", "NOMEFANTASIA": "MM_SANTOS", "RAZAOSOCIAL": "BRISA_SV_LTDA", "ENDEE": "RUA_FREI_GASPAR365__CENTRO_11310-061", "LATITUDE": "-23.9678912", "LONGITUDE": "-46.3839029", "LMAPS": "https://www.google.com/maps?q=&layer=c&cbll=-46.3839029,-23.9678912", "O_QUE_FAZER": "CARTEIRA", "ER_REGIAO_CIDADE_min": "São Vicente_Baixada Santista" }, "geometry": { "type": "Point", "coordinates": [ -46.3839029, -23.9678912 ] } },
{ "type": "Feature", "properties": { "CNPJ": "20512944000155", "IDCIDADE": "SAO_VICENTE", "NOMEFANTASIA": "MELISSA", "RAZAOSOCIAL": "PALOMA_BORGES_MONZU_SANCHEZ_DERMENDJIAN", "ENDEE": "RUA_FREI_GASPAR365__CENTRO_11310-061", "LATITUDE": "-23.9679155", "LONGITUDE": "-46.3838196", "LMAPS": "https://www.google.com/maps?q=&layer=c&cbll=-46.3838196,-23.9679155", "O_QUE_FAZER": "CARTEIRA", "ER_REGIAO_CIDADE_min": "São Vicente_Baixada Santista" }, "geometry": { "type": "Point", "coordinates": [ -46.3838196, -23.9679155 ] } },
{ "type": "Feature", "properties": { "CNPJ": "01149964000169", "IDCIDADE": "SAO_VICENTE", "NOMEFANTASIA": "LEBLON_MODAS", "RAZAOSOCIAL": "OPINIAO_MODAS_LTDA", "ENDEE": "RUA_FREI_GASPAR675__CENTRO_11310-061", "LATITUDE": "-23.9658925", "LONGITUDE": "-46.3860367", "LMAPS": "https://www.google.com/maps?q=&layer=c&cbll=-46.3860367,-23.9658925", "O_QUE_FAZER": "CARTEIRA", "ER_REGIAO_CIDADE_min": "São Vicente_Baixada Santista" }, "geometry": { "type": "Point", "coordinates": [ -46.3860367, -23.9658925 ] } },
{ "type": "Feature", "properties": { "CNPJ": "28301183000102", "IDCIDADE": "SAO_VICENTE", "NOMEFANTASIA": "CAFETERIA_DESLUMBRANTE", "RAZAOSOCIAL": "C_A_DE_OLIVEIRA_SILVA_-_CAFETERIA", "ENDEE": "RUA_FREI_GASPAR704__CENTRO_11310-061", "LATITUDE": "-23.9656867", "LONGITUDE": "-46.3858017", "LMAPS": "https://www.google.com/maps?q=&layer=c&cbll=-46.3858017,-23.9656867", "O_QUE_FAZER": "CARTEIRA", "ER_REGIAO_CIDADE_min": "São Vicente_Baixada Santista" }, "geometry": { "type": "Point", "coordinates": [ -46.3858017, -23.9656867 ] } },
{ "type": "Feature", "properties": { "CNPJ": "34460293000101", "IDCIDADE": "SAO_VICENTE", "NOMEFANTASIA": "BY_ANTONELLA", "RAZAOSOCIAL": "BY_ANTONELLA_PERFUMARIA_LTDA", "ENDEE": "RUA_FREI_GASPAR785__CENTRO_11310-061", "LATITUDE": "-23.9654029", "LONGITUDE": "-46.3869427", "LMAPS": "https://www.google.com/maps?q=&layer=c&cbll=-46.3869427,-23.9654029", "O_QUE_FAZER": "CARTEIRA", "ER_REGIAO_CIDADE_min": "São Vicente_Baixada Santista" }, "geometry": { "type": "Point", "coordinates": [ -46.3869427, -23.9654029 ] } },
{ "type": "Feature", "properties": { "CNPJ": "04532775000169", "IDCIDADE": "SAO_VICENTE", "NOMEFANTASIA": "CANAR", "RAZAOSOCIAL": "NEUSA_NUNES_DOS_SANTOS", "ENDEE": "RUA_FREI_GASPAR915__CENTRO_11310-061", "LATITUDE": "-23.9647948", "LONGITUDE": "-46.3881406", "LMAPS": "https://www.google.com/maps?q=&layer=c&cbll=-46.3881406,-23.9647948", "O_QUE_FAZER": "CARTEIRA", "ER_REGIAO_CIDADE_min": "São Vicente_Baixada Santista" }, "geometry": { "type": "Point", "coordinates": [ -46.3881406, -23.9647948 ] } },
{ "type": "Feature", "properties": { "CNPJ": "30655094000289", "IDCIDADE": "SAO_VICENTE", "NOMEFANTASIA": "OTICA_ECONOTICA", "RAZAOSOCIAL": "H._E._S._DE_ARRUDA_OTICA", "ENDEE": "RUA_FREI_GASPAR947__CENTRO_11310-061", "LATITUDE": "-23.9645132", "LONGITUDE": "-46.3886476", "LMAPS": "https://www.google.com/maps?q=&layer=c&cbll=-46.3886476,-23.9645132", "O_QUE_FAZER": "CARTEIRA", "ER_REGIAO_CIDADE_min": "São Vicente_Baixada Santista" }, "geometry": { "type": "Point", "coordinates": [ -46.3886476, -23.9645132 ] } },
{ "type": "Feature", "properties": { "CNPJ": "03274697000187", "IDCIDADE": "SAO_VICENTE", "NOMEFANTASIA": "ELETRICA_DAMACENUS", "RAZAOSOCIAL": "PRICILA_ALVES_DAMASCENO_CRUZ", "ENDEE": "RUA_IPIRANGA327__CENTRO_11310-061", "LATITUDE": "-23.9649666", "LONGITUDE": "-46.3872654", "LMAPS": "https://www.google.com/maps?q=&layer=c&cbll=-46.3872654,-23.9649666", "O_QUE_FAZER": "CARTEIRA", "ER_REGIAO_CIDADE_min": "São Vicente_Baixada Santista" }, "geometry": { "type": "Point", "coordinates": [ -46.3872654, -23.9649666 ] } },
{ "type": "Feature", "properties": { "CNPJ": "10991741000305", "IDCIDADE": "SAO_VICENTE", "NOMEFANTASIA": "ANDRADE_&_MENDONCA_CONTABILIDADE", "RAZAOSOCIAL": "ANDRADE_&_MENDONCA_CONTABILIDADE_LTDA", "ENDEE": "RUA_JACOB_EMERICK1161__CENTRO_11310-070", "LATITUDE": "-23.9650464", "LONGITUDE": "-46.3922087", "LMAPS": "https://www.google.com/maps?q=&layer=c&cbll=-46.3922087,-23.9650464", "O_QUE_FAZER": "CARTEIRA", "ER_REGIAO_CIDADE_min": "São Vicente_Baixada Santista" }, "geometry": { "type": "Point", "coordinates": [ -46.3922087, -23.9650464 ] } },
{ "type": "Feature", "properties": { "CNPJ": "56405426000180", "IDCIDADE": "SAO_VICENTE", "NOMEFANTASIA": "SIMAO_IMOBILIARIA", "RAZAOSOCIAL": "SIMAO_IMOBILIARIA_LTDA", "ENDEE": "RUA_JACOB_EMERICK1192__CENTRO_11310-070", "LATITUDE": "-23.9649366", "LONGITUDE": "-46.3920484", "LMAPS": "https://www.google.com/maps?q=&layer=c&cbll=-46.3920484,-23.9649366", "O_QUE_FAZER": "CARTEIRA", "ER_REGIAO_CIDADE_min": "São Vicente_Baixada Santista" }, "geometry": { "type": "Point", "coordinates": [ -46.3920484, -23.9649366 ] } },
{ "type": "Feature", "properties": { "CNPJ": "51441099000106", "IDCIDADE": "SAO_VICENTE", "NOMEFANTASIA": "ROYAL_FACE", "RAZAOSOCIAL": "MARCIA_RIBEIRO_DE_SOUZA_SERVICOS_DE_ESTETICA_E_BELEZA_LTDA", "ENDEE": "RUA_JACOB_EMERICK1241__CENTRO_11310-070", "LATITUDE": "-23.9651283", "LONGITUDE": "-46.3928446", "LMAPS": "https://www.google.com/maps?q=&layer=c&cbll=-46.3928446,-23.9651283", "O_QUE_FAZER": "CARTEIRA", "ER_REGIAO_CIDADE_min": "São Vicente_Baixada Santista" }, "geometry": { "type": "Point", "coordinates": [ -46.3928446, -23.9651283 ] } },
{ "type": "Feature", "properties": { "CNPJ": "97530603000137", "IDCIDADE": "SAO_VICENTE", "NOMEFANTASIA": "MAQ_PRINT", "RAZAOSOCIAL": "THIAGO_MUNIZ_HOURNEAUX_DE_MENDONCA_-_INFORMATICA", "ENDEE": "RUA_JACOB_EMERICK1274__CENTRO_11310-070", "LATITUDE": "-23.9650162", "LONGITUDE": "-46.3936561", "LMAPS": "https://www.google.com/maps?q=&layer=c&cbll=-46.3936561,-23.9650162", "O_QUE_FAZER": "CARTEIRA", "ER_REGIAO_CIDADE_min": "São Vicente_Baixada Santista" }, "geometry": { "type": "Point", "coordinates": [ -46.3936561, -23.9650162 ] } },
{ "type": "Feature", "properties": { "CNPJ": "17560245000176", "IDCIDADE": "SAO_VICENTE", "NOMEFANTASIA": "TERUO_GASTRONOMIA", "RAZAOSOCIAL": "LEONARDO_TERUO_KUNIGAMI", "ENDEE": "RUA_JACOB_EMERICK1304__CENTRO_11310-070", "LATITUDE": "-23.9648139", "LONGITUDE": "-46.3931594", "LMAPS": "https://www.google.com/maps?q=&layer=c&cbll=-46.3931594,-23.9648139", "O_QUE_FAZER": "CARTEIRA", "ER_REGIAO_CIDADE_min": "São Vicente_Baixada Santista" }, "geometry": { "type": "Point", "coordinates": [ -46.3931594, -23.9648139 ] } },
{ "type": "Feature", "properties": { "CNPJ": "26681020000169", "IDCIDADE": "SAO_VICENTE", "NOMEFANTASIA": "CHURRASCO_GREGO", "RAZAOSOCIAL": "DARCI_MARIA_FERREIRA", "ENDEE": "RUA_JACOB_EMERICK331__CENTRO_11310-070", "LATITUDE": "-23.9678768", "LONGITUDE": "-46.3847751", "LMAPS": "https://www.google.com/maps?q=&layer=c&cbll=-46.3847751,-23.9678768", "O_QUE_FAZER": "CARTEIRA", "ER_REGIAO_CIDADE_min": "São Vicente_Baixada Santista" }, "geometry": { "type": "Point", "coordinates": [ -46.3847751, -23.9678768 ] } },
{ "type": "Feature", "properties": { "CNPJ": "52907892000293", "IDCIDADE": "SAO_VICENTE", "NOMEFANTASIA": "O_RAIZEIRO", "RAZAOSOCIAL": "MMM_COMERCIO_DE_PRODUTOS_INTEGRAIS_LTDA", "ENDEE": "RUA_JACOB_EMERICK359__CENTRO_11310-070", "LATITUDE": "-23.9678276", "LONGITUDE": "-46.3849793", "LMAPS": "https://www.google.com/maps?q=&layer=c&cbll=-46.3849793,-23.9678276", "O_QUE_FAZER": "CARTEIRA", "ER_REGIAO_CIDADE_min": "São Vicente_Baixada Santista" }, "geometry": { "type": "Point", "coordinates": [ -46.3849793, -23.9678276 ] } },
{ "type": "Feature", "properties": { "CNPJ": "21079472000151", "IDCIDADE": "SAO_VICENTE", "NOMEFANTASIA": "VIDAL_CELL", "RAZAOSOCIAL": "PLINIO_CESAR_VIDAL_DE_LIMA", "ENDEE": "RUA_JACOB_EMERICK393__CENTRO_11310-070", "LATITUDE": "-23.9675855", "LONGITUDE": "-46.3852404", "LMAPS": "https://www.google.com/maps?q=&layer=c&cbll=-46.3852404,-23.9675855", "O_QUE_FAZER": "CARTEIRA", "ER_REGIAO_CIDADE_min": "São Vicente_Baixada Santista" }, "geometry": { "type": "Point", "coordinates": [ -46.3852404, -23.9675855 ] } },
{ "type": "Feature", "properties": { "CNPJ": "04265103000215", "IDCIDADE": "SAO_VICENTE", "NOMEFANTASIA": "SITINES", "RAZAOSOCIAL": "MARCIO_ROBERTO_SANTOS_DA_SILVA", "ENDEE": "RUA_JACOB_EMERICK393__CENTRO_11310-070", "LATITUDE": "-23.9675938", "LONGITUDE": "-46.3851211", "LMAPS": "https://www.google.com/maps?q=&layer=c&cbll=-46.3851211,-23.9675938", "O_QUE_FAZER": "CARTEIRA", "ER_REGIAO_CIDADE_min": "São Vicente_Baixada Santista" }, "geometry": { "type": "Point", "coordinates": [ -46.3851211, -23.9675938 ] } },
{ "type": "Feature", "properties": { "CNPJ": "26274762000170", "IDCIDADE": "SAO_VICENTE", "NOMEFANTASIA": "FIO_FIO_MENSWEAR", "RAZAOSOCIAL": "M_F_GERALDINO", "ENDEE": "RUA_JACOB_EMERICK393__CENTRO_11310-070", "LATITUDE": "-23.9676028", "LONGITUDE": "-46.3852095", "LMAPS": "https://www.google.com/maps?q=&layer=c&cbll=-46.3852095,-23.9676028", "O_QUE_FAZER": "CARTEIRA", "ER_REGIAO_CIDADE_min": "São Vicente_Baixada Santista" }, "geometry": { "type": "Point", "coordinates": [ -46.3852095, -23.9676028 ] } },
{ "type": "Feature", "properties": { "CNPJ": "48829398000108", "IDCIDADE": "SAO_VICENTE", "NOMEFANTASIA": "ADEGA_DO_RAFA", "RAZAOSOCIAL": "ADEGA_DO_RAFA_LTDA", "ENDEE": "RUA_JACOB_EMERICK41__CENTRO_11310-070", "LATITUDE": "-23.9691194", "LONGITUDE": "-46.3821055", "LMAPS": "https://www.google.com/maps?q=&layer=c&cbll=-46.3821055,-23.9691194", "O_QUE_FAZER": "CARTEIRA", "ER_REGIAO_CIDADE_min": "São Vicente_Baixada Santista" }, "geometry": { "type": "Point", "coordinates": [ -46.3821055, -23.9691194 ] } },
{ "type": "Feature", "properties": { "CNPJ": "17084188000368", "IDCIDADE": "SAO_VICENTE", "NOMEFANTASIA": "MELHORES_PECAS", "RAZAOSOCIAL": "MP_COMERCIO_DE_INFORMATICA_E_TELEFONIA_LTDA", "ENDEE": "RUA_JACOB_EMERICK413__CENTRO_11310-070", "LATITUDE": "-23.9674849", "LONGITUDE": "-46.385301", "LMAPS": "https://www.google.com/maps?q=&layer=c&cbll=-46.385301,-23.9674849", "O_QUE_FAZER": "CARTEIRA", "ER_REGIAO_CIDADE_min": "São Vicente_Baixada Santista" }, "geometry": { "type": "Point", "coordinates": [ -46.385301, -23.9674849 ] } },
{ "type": "Feature", "properties": { "CNPJ": "32864453000152", "IDCIDADE": "SAO_VICENTE", "NOMEFANTASIA": "IPHOME", "RAZAOSOCIAL": "JM_FOOD_LTDA", "ENDEE": "RUA_JACOB_EMERICK437__CENTRO_11310-070", "LATITUDE": "-23.9673776", "LONGITUDE": "-46.38549", "LMAPS": "https://www.google.com/maps?q=&layer=c&cbll=-46.38549,-23.9673776", "O_QUE_FAZER": "CARTEIRA", "ER_REGIAO_CIDADE_min": "São Vicente_Baixada Santista" }, "geometry": { "type": "Point", "coordinates": [ -46.38549, -23.9673776 ] } },
{ "type": "Feature", "properties": { "CNPJ": "04292938000183", "IDCIDADE": "SAO_VICENTE", "NOMEFANTASIA": "KANOA_HAVAIANA", "RAZAOSOCIAL": "MAROTI_CALCADOS_LTDA", "ENDEE": "RUA_JACOB_EMERICK446__CENTRO_11310-070", "LATITUDE": "-23.9673477", "LONGITUDE": "-46.3854142", "LMAPS": "https://www.google.com/maps?q=&layer=c&cbll=-46.3854142,-23.9673477", "O_QUE_FAZER": "CARTEIRA", "ER_REGIAO_CIDADE_min": "São Vicente_Baixada Santista" }, "geometry": { "type": "Point", "coordinates": [ -46.3854142, -23.9673477 ] } },
{ "type": "Feature", "properties": { "CNPJ": "02172619000109", "IDCIDADE": "SAO_VICENTE", "NOMEFANTASIA": "EMPORIO_BRASIL", "RAZAOSOCIAL": "MARCIA_DE_ABREU_GAFANHA_PORCO", "ENDEE": "RUA_JACOB_EMERICK448__CENTRO_11310-070", "LATITUDE": "-23.9673098", "LONGITUDE": "-46.3854401", "LMAPS": "https://www.google.com/maps?q=&layer=c&cbll=-46.3854401,-23.9673098", "O_QUE_FAZER": "CARTEIRA", "ER_REGIAO_CIDADE_min": "São Vicente_Baixada Santista" }, "geometry": { "type": "Point", "coordinates": [ -46.3854401, -23.9673098 ] } },
{ "type": "Feature", "properties": { "CNPJ": "10159379000130", "IDCIDADE": "SAO_VICENTE", "NOMEFANTASIA": "EMPORIO_BRASIL", "RAZAOSOCIAL": "JOSE_NILTON_RABELO_MACEDO_JUNIOR", "ENDEE": "RUA_JACOB_EMERICK448__CENTRO_11310-070", "LATITUDE": "-23.9673593", "LONGITUDE": "-46.3854682", "LMAPS": "https://www.google.com/maps?q=&layer=c&cbll=-46.3854682,-23.9673593", "O_QUE_FAZER": "CARTEIRA", "ER_REGIAO_CIDADE_min": "São Vicente_Baixada Santista" }, "geometry": { "type": "Point", "coordinates": [ -46.3854682, -23.9673593 ] } },
{ "type": "Feature", "properties": { "CNPJ": "46747301000184", "IDCIDADE": "SAO_VICENTE", "NOMEFANTASIA": "PASTEL_DO_ALEMAO", "RAZAOSOCIAL": "GUILHERME_HENRIQUE_SANTOS_PASSOS", "ENDEE": "RUA_JACOB_EMERICK45__CENTRO_11310-070", "LATITUDE": "-23.9691623", "LONGITUDE": "-46.3824197", "LMAPS": "https://www.google.com/maps?q=&layer=c&cbll=-46.3824197,-23.9691623", "O_QUE_FAZER": "CARTEIRA", "ER_REGIAO_CIDADE_min": "São Vicente_Baixada Santista" }, "geometry": { "type": "Point", "coordinates": [ -46.3824197, -23.9691623 ] } },
{ "type": "Feature", "properties": { "CNPJ": "26005665000181", "IDCIDADE": "SAO_VICENTE", "NOMEFANTASIA": "SULMEDI", "RAZAOSOCIAL": "SULMEDI_APOIO_ADMINISTRATIVO_LTDA", "ENDEE": "RUA_JACOB_EMERICK452__CENTRO_11310-070", "LATITUDE": "-23.9673495", "LONGITUDE": "-46.3854772", "LMAPS": "https://www.google.com/maps?q=&layer=c&cbll=-46.3854772,-23.9673495", "O_QUE_FAZER": "CARTEIRA", "ER_REGIAO_CIDADE_min": "São Vicente_Baixada Santista" }, "geometry": { "type": "Point", "coordinates": [ -46.3854772, -23.9673495 ] } },
{ "type": "Feature", "properties": { "CNPJ": "49309312000170", "IDCIDADE": "SAO_VICENTE", "NOMEFANTASIA": "ORAL_SORRIR", "RAZAOSOCIAL": "CROIP_ODONTO_LTDA", "ENDEE": "RUA_JACOB_EMERICK453__CENTRO_11310-070", "LATITUDE": "-23.9672188", "LONGITUDE": "-46.3857958", "LMAPS": "https://www.google.com/maps?q=&layer=c&cbll=-46.3857958,-23.9672188", "O_QUE_FAZER": "CARTEIRA", "ER_REGIAO_CIDADE_min": "São Vicente_Baixada Santista" }, "geometry": { "type": "Point", "coordinates": [ -46.3857958, -23.9672188 ] } },
{ "type": "Feature", "properties": { "CNPJ": "50582660000104", "IDCIDADE": "SAO_VICENTE", "NOMEFANTASIA": "PET_POLL", "RAZAOSOCIAL": "TORRES_&_SILVA_-_COMERCIO_E_SERVICOS_LTDA", "ENDEE": "RUA_JACOB_EMERICK47__CENTRO_11310-070", "LATITUDE": "-23.9690744", "LONGITUDE": "-46.3822229", "LMAPS": "https://www.google.com/maps?q=&layer=c&cbll=-46.3822229,-23.9690744", "O_QUE_FAZER": "CARTEIRA", "ER_REGIAO_CIDADE_min": "São Vicente_Baixada Santista" }, "geometry": { "type": "Point", "coordinates": [ -46.3822229, -23.9690744 ] } },
{ "type": "Feature", "properties": { "CNPJ": "02315691000733", "IDCIDADE": "SAO_VICENTE", "NOMEFANTASIA": "OCEAN_PARK", "RAZAOSOCIAL": "JAIR_GAZETA_ESTACIONAMENTO", "ENDEE": "RUA_JACOB_EMERICK550__CENTRO_11310-070", "LATITUDE": "-23.9668332", "LONGITUDE": "-46.3863513", "LMAPS": "https://www.google.com/maps?q=&layer=c&cbll=-46.3863513,-23.9668332", "O_QUE_FAZER": "CARTEIRA", "ER_REGIAO_CIDADE_min": "São Vicente_Baixada Santista" }, "geometry": { "type": "Point", "coordinates": [ -46.3863513, -23.9668332 ] } },
{ "type": "Feature", "properties": { "CNPJ": "30443098000112", "IDCIDADE": "SAO_VICENTE", "NOMEFANTASIA": "DARA_CABELEIREIRA_E_DEPILADORA", "RAZAOSOCIAL": "ELENEIDE_VIEIRA_BARROS_DE_PAIVA", "ENDEE": "RUA_JACOB_EMERICK700__CENTRO_11310-070", "LATITUDE": "-23.9662605", "LONGITUDE": "-46.3876301", "LMAPS": "https://www.google.com/maps?q=&layer=c&cbll=-46.3876301,-23.9662605", "O_QUE_FAZER": "CARTEIRA", "ER_REGIAO_CIDADE_min": "São Vicente_Baixada Santista" }, "geometry": { "type": "Point", "coordinates": [ -46.3876301, -23.9662605 ] } },
{ "type": "Feature", "properties": { "CNPJ": "12109034000106", "IDCIDADE": "SAO_VICENTE", "NOMEFANTASIA": "DESPACHANTE_100_MILHAS", "RAZAOSOCIAL": "ROSA_&_PEREIRA_SERVICOS_ADMINISTRATIVOS_LTDA", "ENDEE": "RUA_JACOB_EMERICK700__CENTRO_11310-070", "LATITUDE": "-23.9663024", "LONGITUDE": "-46.3876463", "LMAPS": "https://www.google.com/maps?q=&layer=c&cbll=-46.3876463,-23.9663024", "O_QUE_FAZER": "CARTEIRA", "ER_REGIAO_CIDADE_min": "São Vicente_Baixada Santista" }, "geometry": { "type": "Point", "coordinates": [ -46.3876463, -23.9663024 ] } },
{ "type": "Feature", "properties": { "CNPJ": "00652968000100", "IDCIDADE": "SAO_VICENTE", "NOMEFANTASIA": "HADDOCK", "RAZAOSOCIAL": "HADDOCK-COMERCIO_E_ASSISTENCIA_TECNICA_DE_FERRAMENTAS_ELETRICAS_LTDA", "ENDEE": "RUA_JACOB_EMERICK794__CENTRO_11310-070", "LATITUDE": "-23.9658723", "LONGITUDE": "-46.3883798", "LMAPS": "https://www.google.com/maps?q=&layer=c&cbll=-46.3883798,-23.9658723", "O_QUE_FAZER": "CARTEIRA", "ER_REGIAO_CIDADE_min": "São Vicente_Baixada Santista" }, "geometry": { "type": "Point", "coordinates": [ -46.3883798, -23.9658723 ] } },
{ "type": "Feature", "properties": { "CNPJ": "14803463000104", "IDCIDADE": "SAO_VICENTE", "NOMEFANTASIA": "JAPAO_TV", "RAZAOSOCIAL": "RUMAO_&_NASCIMENTO_CONSERTO_DE_ELETROELETRONICOS_LTDA", "ENDEE": "RUA_JACOB_EMERICK807__CENTRO_11310-070", "LATITUDE": "-23.9658306", "LONGITUDE": "-46.3887633", "LMAPS": "https://www.google.com/maps?q=&layer=c&cbll=-46.3887633,-23.9658306", "O_QUE_FAZER": "CARTEIRA", "ER_REGIAO_CIDADE_min": "São Vicente_Baixada Santista" }, "geometry": { "type": "Point", "coordinates": [ -46.3887633, -23.9658306 ] } },
{ "type": "Feature", "properties": { "CNPJ": "16599020000160", "IDCIDADE": "SAO_VICENTE", "NOMEFANTASIA": "INFO_&_PRINTER", "RAZAOSOCIAL": "INFO_&_PRINTER_SOLUCOES_EM_EQUIPAMENTOS_PARA_ESCRITORIO_LTDA", "ENDEE": "RUA_JACOB_EMERICK857__CENTRO_11310-070", "LATITUDE": "-23.9655805", "LONGITUDE": "-46.3891776", "LMAPS": "https://www.google.com/maps?q=&layer=c&cbll=-46.3891776,-23.9655805", "O_QUE_FAZER": "CARTEIRA", "ER_REGIAO_CIDADE_min": "São Vicente_Baixada Santista" }, "geometry": { "type": "Point", "coordinates": [ -46.3891776, -23.9655805 ] } },
{ "type": "Feature", "properties": { "CNPJ": "00535852000183", "IDCIDADE": "SAO_VICENTE", "NOMEFANTASIA": "ELETRO_CENTER", "RAZAOSOCIAL": "A_W_WEISE_SUNCIN_&_CIA_LTDA", "ENDEE": "RUA_JACOB_EMMERICH525__CENTRO_11310-070", "LATITUDE": "-23.9671027", "LONGITUDE": "-46.3863754", "LMAPS": "https://www.google.com/maps?q=&layer=c&cbll=-46.3863754,-23.9671027", "O_QUE_FAZER": "CARTEIRA", "ER_REGIAO_CIDADE_min": "São Vicente_Baixada Santista" }, "geometry": { "type": "Point", "coordinates": [ -46.3863754, -23.9671027 ] } },
{ "type": "Feature", "properties": { "CNPJ": "14847283000388", "IDCIDADE": "SAO_VICENTE", "NOMEFANTASIA": "DOUTOR_DO_SONO", "RAZAOSOCIAL": "EVOLUCAO_COMERCIO_DE_ARTIGOS_DE_COLCHOARIA_E_MOVEIS_LTDA", "ENDEE": "RUA_JACOB_EMMERICH551__CENTRO_11310-070", "LATITUDE": "-23.9669069", "LONGITUDE": "-46.3865698", "LMAPS": "https://www.google.com/maps?q=&layer=c&cbll=-46.3865698,-23.9669069", "O_QUE_FAZER": "CARTEIRA", "ER_REGIAO_CIDADE_min": "São Vicente_Baixada Santista" }, "geometry": { "type": "Point", "coordinates": [ -46.3865698, -23.9669069 ] } },
{ "type": "Feature", "properties": { "CNPJ": "50715795000192", "IDCIDADE": "SAO_VICENTE", "NOMEFANTASIA": "PATERSEG", "RAZAOSOCIAL": "PATERSEG_MEDICINA_E_SEGURANCA_DO_TRABALHO_LTDA", "ENDEE": "RUA_JACOB_EMERICK1250__CENTRO_11310-071", "LATITUDE": "-23.964938", "LONGITUDE": "-46.3926804", "LMAPS": "https://www.google.com/maps?q=&layer=c&cbll=-46.3926804,-23.964938", "O_QUE_FAZER": "CARTEIRA", "ER_REGIAO_CIDADE_min": "São Vicente_Baixada Santista" }, "geometry": { "type": "Point", "coordinates": [ -46.3926804, -23.964938 ] } },
{ "type": "Feature", "properties": { "CNPJ": "01582943000132", "IDCIDADE": "SAO_VICENTE", "NOMEFANTASIA": "ERVA_MEDICINAL", "RAZAOSOCIAL": "SANTOS_PINTO_&_SILVA_LTDA", "ENDEE": "RUA_JACOB_EMERICK1257__CENTRO_11310-071", "LATITUDE": "-23.9645033", "LONGITUDE": "-46.3933167", "LMAPS": "https://www.google.com/maps?q=&layer=c&cbll=-46.3933167,-23.9645033", "O_QUE_FAZER": "CARTEIRA", "ER_REGIAO_CIDADE_min": "São Vicente_Baixada Santista" }, "geometry": { "type": "Point", "coordinates": [ -46.3933167, -23.9645033 ] } },
{ "type": "Feature", "properties": { "CNPJ": "16586094000162", "IDCIDADE": "SAO_VICENTE", "NOMEFANTASIA": "SODIE_DOCES", "RAZAOSOCIAL": "MARQUES_E_BROGIO_CONFEITARIA_E_DOCERIA_LTDA", "ENDEE": "RUA_JACOB_EMERICK377__CENTRO_11310-071", "LATITUDE": "-23.9677015", "LONGITUDE": "-46.3850718", "LMAPS": "https://www.google.com/maps?q=&layer=c&cbll=-46.3850718,-23.9677015", "O_QUE_FAZER": "CARTEIRA", "ER_REGIAO_CIDADE_min": "São Vicente_Baixada Santista" }, "geometry": { "type": "Point", "coordinates": [ -46.3850718, -23.9677015 ] } },
{ "type": "Feature", "properties": { "CNPJ": "35762809000135", "IDCIDADE": "SAO_VICENTE", "NOMEFANTASIA": "FABRICA_DE_BOLOS_VO_ALZIRA", "RAZAOSOCIAL": "CANTINHO_DAS_ARAUJO_BOLOS_E_CAFE_LTDA.", "ENDEE": "RUA_JACOB_EMERICK432__CENTRO_11310-071", "LATITUDE": "-23.9674005", "LONGITUDE": "-46.3853309", "LMAPS": "https://www.google.com/maps?q=&layer=c&cbll=-46.3853309,-23.9674005", "O_QUE_FAZER": "CARTEIRA", "ER_REGIAO_CIDADE_min": "São Vicente_Baixada Santista" }, "geometry": { "type": "Point", "coordinates": [ -46.3853309, -23.9674005 ] } },
{ "type": "Feature", "properties": { "CNPJ": "67449736000112", "IDCIDADE": "SAO_VICENTE", "NOMEFANTASIA": "OTICA_NOVA", "RAZAOSOCIAL": "A_OTICA_NOVA_DE_SAO_VICENTE_LTDA", "ENDEE": "RUA_JACOB_EMERICK442__CENTRO_11310-071", "LATITUDE": "-23.9673813", "LONGITUDE": "-46.3853802", "LMAPS": "https://www.google.com/maps?q=&layer=c&cbll=-46.3853802,-23.9673813", "O_QUE_FAZER": "CARTEIRA", "ER_REGIAO_CIDADE_min": "São Vicente_Baixada Santista" }, "geometry": { "type": "Point", "coordinates": [ -46.3853802, -23.9673813 ] } },
{ "type": "Feature", "properties": { "CNPJ": "00443656000189", "IDCIDADE": "SAO_VICENTE", "NOMEFANTASIA": "CASA_51", "RAZAOSOCIAL": "CASA_51_COMERCIAL_LTDA", "ENDEE": "RUA_JACOB_EMERICK51__CENTRO_11310-071", "LATITUDE": "-23.9690658", "LONGITUDE": "-46.3822441", "LMAPS": "https://www.google.com/maps?q=&layer=c&cbll=-46.3822441,-23.9690658", "O_QUE_FAZER": "CARTEIRA", "ER_REGIAO_CIDADE_min": "São Vicente_Baixada Santista" }, "geometry": { "type": "Point", "coordinates": [ -46.3822441, -23.9690658 ] } },
{ "type": "Feature", "properties": { "CNPJ": "50610303000102", "IDCIDADE": "SAO_VICENTE", "NOMEFANTASIA": "RESIDENCIAL_VIDA", "RAZAOSOCIAL": "M_VALDICE_DA_SILVA_LTDA", "ENDEE": "RUA_JOSE_BONIFACIO105__CENTRO_11310-080", "LATITUDE": "-23.969437", "LONGITUDE": "-46.3838069", "LMAPS": "https://www.google.com/maps?q=&layer=c&cbll=-46.3838069,-23.969437", "O_QUE_FAZER": "CARTEIRA", "ER_REGIAO_CIDADE_min": "São Vicente_Baixada Santista" }, "geometry": { "type": "Point", "coordinates": [ -46.3838069, -23.969437 ] } },
{ "type": "Feature", "properties": { "CNPJ": "52278895000124", "IDCIDADE": "SAO_VICENTE", "NOMEFANTASIA": "ADEGA_DRAGOES", "RAZAOSOCIAL": "DRAGOES_ADEGA_E_MERCEARIA_LTDA", "ENDEE": "RUA_JOSE_BONIFACIO121__CENTRO_11310-080", "LATITUDE": "-23.9692279", "LONGITUDE": "-46.3839079", "LMAPS": "https://www.google.com/maps?q=&layer=c&cbll=-46.3839079,-23.9692279", "O_QUE_FAZER": "CARTEIRA", "ER_REGIAO_CIDADE_min": "São Vicente_Baixada Santista" }, "geometry": { "type": "Point", "coordinates": [ -46.3839079, -23.9692279 ] } },
{ "type": "Feature", "properties": { "CNPJ": "10844659000188", "IDCIDADE": "SAO_VICENTE", "NOMEFANTASIA": "HOTEL_PARAISO_PAULISTA", "RAZAOSOCIAL": "HOTEL_PARAISO_PAULISTA_LTDA", "ENDEE": "RUA_JOSE_BONIFACIO140__CENTRO_11310-080", "LATITUDE": "-23.969007", "LONGITUDE": "-46.3837863", "LMAPS": "https://www.google.com/maps?q=&layer=c&cbll=-46.3837863,-23.969007", "O_QUE_FAZER": "CARTEIRA", "ER_REGIAO_CIDADE_min": "São Vicente_Baixada Santista" }, "geometry": { "type": "Point", "coordinates": [ -46.3837863, -23.969007 ] } },
{ "type": "Feature", "properties": { "CNPJ": "47668666000186", "IDCIDADE": "SAO_VICENTE", "NOMEFANTASIA": "EROS_PET_CARE", "RAZAOSOCIAL": "CLARA_SANTANA_DE_MORAIS_LIMA", "ENDEE": "RUA_JOSE_BONIFACIO185__CENTRO_11310-080", "LATITUDE": "-23.9691395", "LONGITUDE": "-46.3845617", "LMAPS": "https://www.google.com/maps?q=&layer=c&cbll=-46.3845617,-23.9691395", "O_QUE_FAZER": "CARTEIRA", "ER_REGIAO_CIDADE_min": "São Vicente_Baixada Santista" }, "geometry": { "type": "Point", "coordinates": [ -46.3845617, -23.9691395 ] } },
{ "type": "Feature", "properties": { "CNPJ": "33696187000169", "IDCIDADE": "SAO_VICENTE", "NOMEFANTASIA": "IMEP", "RAZAOSOCIAL": "EDUARDO_CESAR_ROLIM_NOBREGA", "ENDEE": "RUA_JOSE_BONIFACIO354__CENTRO_11310-080", "LATITUDE": "-23.9682125", "LONGITUDE": "-46.3857036", "LMAPS": "https://www.google.com/maps?q=&layer=c&cbll=-46.3857036,-23.9682125", "O_QUE_FAZER": "CARTEIRA", "ER_REGIAO_CIDADE_min": "São Vicente_Baixada Santista" }, "geometry": { "type": "Point", "coordinates": [ -46.3857036, -23.9682125 ] } },
{ "type": "Feature", "properties": { "CNPJ": "45698126000110", "IDCIDADE": "SAO_VICENTE", "NOMEFANTASIA": "CIA_SAUDE", "RAZAOSOCIAL": "CIA_SAUDE_MEDICINA_E_SEGURANCA_OCUPACIONAL_LTDA", "ENDEE": "RUA_JOSE_BONIFACIO354__CENTRO_11310-080", "LATITUDE": "-23.968356", "LONGITUDE": "-46.3857676", "LMAPS": "https://www.google.com/maps?q=&layer=c&cbll=-46.3857676,-23.968356", "O_QUE_FAZER": "CARTEIRA", "ER_REGIAO_CIDADE_min": "São Vicente_Baixada Santista" }, "geometry": { "type": "Point", "coordinates": [ -46.3857676, -23.968356 ] } },
{ "type": "Feature", "properties": { "CNPJ": "07324529000100", "IDCIDADE": "SAO_VICENTE", "NOMEFANTASIA": "BAZAR_OXALA", "RAZAOSOCIAL": "CLARA_LUZ_-_COMERCIO_DE_ARTIGOS_RELIGIOSOS_LTDA", "ENDEE": "RUA_JOSE_BONIFACIO357__CENTRO_11310-080", "LATITUDE": "-23.9683409", "LONGITUDE": "-46.3861194", "LMAPS": "https://www.google.com/maps?q=&layer=c&cbll=-46.3861194,-23.9683409", "O_QUE_FAZER": "CARTEIRA", "ER_REGIAO_CIDADE_min": "São Vicente_Baixada Santista" }, "geometry": { "type": "Point", "coordinates": [ -46.3861194, -23.9683409 ] } },
{ "type": "Feature", "properties": { "CNPJ": "09572997000129", "IDCIDADE": "SAO_VICENTE", "NOMEFANTASIA": "O_BONIFACIO", "RAZAOSOCIAL": "M3_SALGADOS_E_DOCES_LTDA", "ENDEE": "RUA_JOSE_BONIFACIO364__CENTRO_11310-080", "LATITUDE": "-23.9683563", "LONGITUDE": "-46.3858842", "LMAPS": "https://www.google.com/maps?q=&layer=c&cbll=-46.3858842,-23.9683563", "O_QUE_FAZER": "CARTEIRA", "ER_REGIAO_CIDADE_min": "São Vicente_Baixada Santista" }, "geometry": { "type": "Point", "coordinates": [ -46.3858842, -23.9683563 ] } },
{ "type": "Feature", "properties": { "CNPJ": "08869930000279", "IDCIDADE": "SAO_VICENTE", "NOMEFANTASIA": "M3_SALGADOS", "RAZAOSOCIAL": "CANTINA_CAVALHEIRO_MESSIAS_LICHTI_LTDA", "ENDEE": "RUA_JOSE_BONIFACIO364__CENTRO_11310-080", "LATITUDE": "-23.9683733", "LONGITUDE": "-46.3860596", "LMAPS": "https://www.google.com/maps?q=&layer=c&cbll=-46.3860596,-23.9683733", "O_QUE_FAZER": "CARTEIRA", "ER_REGIAO_CIDADE_min": "São Vicente_Baixada Santista" }, "geometry": { "type": "Point", "coordinates": [ -46.3860596, -23.9683733 ] } },
{ "type": "Feature", "properties": { "CNPJ": "02103824000112", "IDCIDADE": "SAO_VICENTE", "NOMEFANTASIA": "OFICINA_DE_INFORMATICA_DE_SAO_VICENTE", "RAZAOSOCIAL": "OFICINA_DE_INFORMATICA_DE_SAO_VICENTE_LTDA", "ENDEE": "RUA_JOSE_BONIFACIO369__CENTRO_11310-080", "LATITUDE": "-23.9683135", "LONGITUDE": "-46.386149", "LMAPS": "https://www.google.com/maps?q=&layer=c&cbll=-46.386149,-23.9683135", "O_QUE_FAZER": "CARTEIRA", "ER_REGIAO_CIDADE_min": "São Vicente_Baixada Santista" }, "geometry": { "type": "Point", "coordinates": [ -46.386149, -23.9683135 ] } },
{ "type": "Feature", "properties": { "CNPJ": "25992724000190", "IDCIDADE": "SAO_VICENTE", "NOMEFANTASIA": "EXCELENCIA_DOCES_E_SALGADOS", "RAZAOSOCIAL": "DEUSELIO_JOAQUIM_DA_SILVA", "ENDEE": "RUA_JOSE_BONIFACIO380__CENTRO_11310-080", "LATITUDE": "-23.9680118", "LONGITUDE": "-46.3867972", "LMAPS": "https://www.google.com/maps?q=&layer=c&cbll=-46.3867972,-23.9680118", "O_QUE_FAZER": "CARTEIRA", "ER_REGIAO_CIDADE_min": "São Vicente_Baixada Santista" }, "geometry": { "type": "Point", "coordinates": [ -46.3867972, -23.9680118 ] } },
{ "type": "Feature", "properties": { "CNPJ": "31322222000154", "IDCIDADE": "SAO_VICENTE", "NOMEFANTASIA": "EXCELENCIA_DOCES_E_SALGADOS", "RAZAOSOCIAL": "THAIS_SERPA_MUNHON_DA_SILVA", "ENDEE": "RUA_JOSE_BONIFACIO380__CENTRO_11310-080", "LATITUDE": "-23.9683211", "LONGITUDE": "-46.3860454", "LMAPS": "https://www.google.com/maps?q=&layer=c&cbll=-46.3860454,-23.9683211", "O_QUE_FAZER": "CARTEIRA", "ER_REGIAO_CIDADE_min": "São Vicente_Baixada Santista" }, "geometry": { "type": "Point", "coordinates": [ -46.3860454, -23.9683211 ] } },
{ "type": "Feature", "properties": { "CNPJ": "03310016000199", "IDCIDADE": "SAO_VICENTE", "NOMEFANTASIA": "OLIVEIRA_TAVARES_BAR_E_ADEGA", "RAZAOSOCIAL": "OLIVEIRA_TAVARES_BAR_E_ADEGA_LTDA", "ENDEE": "RUA_JOSE_BONIFACIO388__CENTRO_11310-080", "LATITUDE": "-23.9682723", "LONGITUDE": "-46.386108", "LMAPS": "https://www.google.com/maps?q=&layer=c&cbll=-46.386108,-23.9682723", "O_QUE_FAZER": "CARTEIRA", "ER_REGIAO_CIDADE_min": "São Vicente_Baixada Santista" }, "geometry": { "type": "Point", "coordinates": [ -46.386108, -23.9682723 ] } },
{ "type": "Feature", "properties": { "CNPJ": "11036442000104", "IDCIDADE": "SAO_VICENTE", "NOMEFANTASIA": "LITORAL_BOLSAS", "RAZAOSOCIAL": "YUKIO_&_MITSUO_BAZAR_LTDA", "ENDEE": "RUA_JOSE_BONIFACIO396__CENTRO_11310-080", "LATITUDE": "-23.9682593", "LONGITUDE": "-46.3861478", "LMAPS": "https://www.google.com/maps?q=&layer=c&cbll=-46.3861478,-23.9682593", "O_QUE_FAZER": "CARTEIRA", "ER_REGIAO_CIDADE_min": "São Vicente_Baixada Santista" }, "geometry": { "type": "Point", "coordinates": [ -46.3861478, -23.9682593 ] } },
{ "type": "Feature", "properties": { "CNPJ": "04498241000163", "IDCIDADE": "SAO_VICENTE", "NOMEFANTASIA": "ORLA", "RAZAOSOCIAL": "ORLA_SERVICOS_DE_DESPACHANTE_DOCUMENTALISTA_LTDA", "ENDEE": "RUA_JOSE_BONIFACIO408__CENTRO_11310-080", "LATITUDE": "-23.9681271", "LONGITUDE": "-46.3861186", "LMAPS": "https://www.google.com/maps?q=&layer=c&cbll=-46.3861186,-23.9681271", "O_QUE_FAZER": "CARTEIRA", "ER_REGIAO_CIDADE_min": "São Vicente_Baixada Santista" }, "geometry": { "type": "Point", "coordinates": [ -46.3861186, -23.9681271 ] } },
{ "type": "Feature", "properties": { "CNPJ": "57115021000170", "IDCIDADE": "SAO_VICENTE", "NOMEFANTASIA": "FASHION_ATACADISTA", "RAZAOSOCIAL": "FASHION_ATACADISTA_MODAS_LTDA", "ENDEE": "RUA_JOSE_BONIFACIO425__CENTRO_11310-080", "LATITUDE": "-23.9681148", "LONGITUDE": "-46.3866166", "LMAPS": "https://www.google.com/maps?q=&layer=c&cbll=-46.3866166,-23.9681148", "O_QUE_FAZER": "CARTEIRA", "ER_REGIAO_CIDADE_min": "São Vicente_Baixada Santista" }, "geometry": { "type": "Point", "coordinates": [ -46.3866166, -23.9681148 ] } },
{ "type": "Feature", "properties": { "CNPJ": "42070886000190", "IDCIDADE": "SAO_VICENTE", "NOMEFANTASIA": "CAMISARIA_COLOMBO", "RAZAOSOCIAL": "LOJA_88_COMERCIO_DE_VESTUARIO_E_ACESSORIOS_LTDA", "ENDEE": "RUA_JOSE_BONIFACIO425__CENTRO_11310-080", "LATITUDE": "-23.968125", "LONGITUDE": "-46.3865603", "LMAPS": "https://www.google.com/maps?q=&layer=c&cbll=-46.3865603,-23.968125", "O_QUE_FAZER": "CARTEIRA", "ER_REGIAO_CIDADE_min": "São Vicente_Baixada Santista" }, "geometry": { "type": "Point", "coordinates": [ -46.3865603, -23.968125 ] } },
{ "type": "Feature", "properties": { "CNPJ": "29001072000135", "IDCIDADE": "SAO_VICENTE", "NOMEFANTASIA": "EMPORIO_LISBOA", "RAZAOSOCIAL": "GISELLE_MORAIS_RODRIGUES_LISBOA", "ENDEE": "RUA_JOSE_BONIFACIO444__CENTRO_11310-080", "LATITUDE": "-23.9680136", "LONGITUDE": "-46.3865535", "LMAPS": "https://www.google.com/maps?q=&layer=c&cbll=-46.3865535,-23.9680136", "O_QUE_FAZER": "CARTEIRA", "ER_REGIAO_CIDADE_min": "São Vicente_Baixada Santista" }, "geometry": { "type": "Point", "coordinates": [ -46.3865535, -23.9680136 ] } },
{ "type": "Feature", "properties": { "CNPJ": "03229095000108", "IDCIDADE": "SAO_VICENTE", "NOMEFANTASIA": "EDNA_ANJOS", "RAZAOSOCIAL": "EDNA_APARECIDA_ANJOS_SOARES_DA_SILVA", "ENDEE": "RUA_JOSE_BONIFACIO462__CENTRO_11310-080", "LATITUDE": "-23.9679708", "LONGITUDE": "-46.3867854", "LMAPS": "https://www.google.com/maps?q=&layer=c&cbll=-46.3867854,-23.9679708", "O_QUE_FAZER": "CARTEIRA", "ER_REGIAO_CIDADE_min": "São Vicente_Baixada Santista" }, "geometry": { "type": "Point", "coordinates": [ -46.3867854, -23.9679708 ] } },
{ "type": "Feature", "properties": { "CNPJ": "47496029000170", "IDCIDADE": "SAO_VICENTE", "NOMEFANTASIA": "COMPANY_GENTLEMEN", "RAZAOSOCIAL": "COMPANY_GENTLEMEN_COMERCIO_DE_ROUPAS_E_ASSESSORIOS_LTDA", "ENDEE": "RUA_JOSE_BONIFACIO484__CENTRO_11310-080", "LATITUDE": "-23.9679399", "LONGITUDE": "-46.3869455", "LMAPS": "https://www.google.com/maps?q=&layer=c&cbll=-46.3869455,-23.9679399", "O_QUE_FAZER": "CARTEIRA", "ER_REGIAO_CIDADE_min": "São Vicente_Baixada Santista" }, "geometry": { "type": "Point", "coordinates": [ -46.3869455, -23.9679399 ] } },
{ "type": "Feature", "properties": { "CNPJ": "13805232000169", "IDCIDADE": "SAO_VICENTE", "NOMEFANTASIA": "IMOBILIARIA_HOME_LITORAL", "RAZAOSOCIAL": "HEITOR_LEMES_IMOVEIS_UNIPESSOAL_LTDA", "ENDEE": "RUA_JOSE_BONIFACIO489__CENTRO_11310-080", "LATITUDE": "-23.9678899", "LONGITUDE": "-46.387127", "LMAPS": "https://www.google.com/maps?q=&layer=c&cbll=-46.387127,-23.9678899", "O_QUE_FAZER": "CARTEIRA", "ER_REGIAO_CIDADE_min": "São Vicente_Baixada Santista" }, "geometry": { "type": "Point", "coordinates": [ -46.387127, -23.9678899 ] } },
{ "type": "Feature", "properties": { "CNPJ": "34290078000290", "IDCIDADE": "SAO_VICENTE", "NOMEFANTASIA": "FORMULA_VEGETAL", "RAZAOSOCIAL": "FORMULA_VEGETAL_-_FARMACIA_DE_MANIPULACAO_LTDA", "ENDEE": "RUA_JOSE_BONIFACIO506__CENTRO_11310-080", "LATITUDE": "-23.9678702", "LONGITUDE": "-46.3870815", "LMAPS": "https://www.google.com/maps?q=&layer=c&cbll=-46.3870815,-23.9678702", "O_QUE_FAZER": "CARTEIRA", "ER_REGIAO_CIDADE_min": "São Vicente_Baixada Santista" }, "geometry": { "type": "Point", "coordinates": [ -46.3870815, -23.9678702 ] } },
{ "type": "Feature", "properties": { "CNPJ": "06947448000101", "IDCIDADE": "SAO_VICENTE", "NOMEFANTASIA": "ETHOS_IMOBILIARIA", "RAZAOSOCIAL": "N.A._CATALAO_IMOBILIARIA_LTDA", "ENDEE": "RUA_JOSE_BONIFACIO51__CENTRO_11310-080", "LATITUDE": "-23.9694844", "LONGITUDE": "-46.383277", "LMAPS": "https://www.google.com/maps?q=&layer=c&cbll=-46.383277,-23.9694844", "O_QUE_FAZER": "CARTEIRA", "ER_REGIAO_CIDADE_min": "São Vicente_Baixada Santista" }, "geometry": { "type": "Point", "coordinates": [ -46.383277, -23.9694844 ] } },
{ "type": "Feature", "properties": { "CNPJ": "02895479000105", "IDCIDADE": "SAO_VICENTE", "NOMEFANTASIA": "SAO_PAULO/JABAQUARA_TURISMO", "RAZAOSOCIAL": "SAO_PAULO_/_JABAQUARA_TURISMO_LTDA", "ENDEE": "PRACA_VINTE_E_DOIS_DE_JANEIRO199__CENTRO_11310-090", "LATITUDE": "-23.9709249", "LONGITUDE": "-46.3864489", "LMAPS": "https://www.google.com/maps?q=&layer=c&cbll=-46.3864489,-23.9709249", "O_QUE_FAZER": "CARTEIRA", "ER_REGIAO_CIDADE_min": "São Vicente_Baixada Santista" }, "geometry": { "type": "Point", "coordinates": [ -46.3864489, -23.9709249 ] } },
{ "type": "Feature", "properties": { "CNPJ": "12665298000138", "IDCIDADE": "SAO_VICENTE", "NOMEFANTASIA": "HOTEL_E_POUSADA_DEGRAUS", "RAZAOSOCIAL": "HOTEL_E_POUSADA_DEGRAUS_LTDA", "ENDEE": "PRACA_VINTE_E_DOIS_DE_JANEIRO258__CENTRO_11310-090", "LATITUDE": "-23.9704601", "LONGITUDE": "-46.386839", "LMAPS": "https://www.google.com/maps?q=&layer=c&cbll=-46.386839,-23.9704601", "O_QUE_FAZER": "CARTEIRA", "ER_REGIAO_CIDADE_min": "São Vicente_Baixada Santista" }, "geometry": { "type": "Point", "coordinates": [ -46.386839, -23.9704601 ] } },
{ "type": "Feature", "properties": { "CNPJ": "55083491000173", "IDCIDADE": "SAO_VICENTE", "NOMEFANTASIA": "BOLT_PETSHOP", "RAZAOSOCIAL": "BOLT_PETSHOP_LTDA", "ENDEE": "PRACA_VINTE_E_DOIS_DE_JANEIRO329__CENTRO_11310-090", "LATITUDE": "-23.9701721", "LONGITUDE": "-46.3874547", "LMAPS": "https://www.google.com/maps?q=&layer=c&cbll=-46.3874547,-23.9701721", "O_QUE_FAZER": "CARTEIRA", "ER_REGIAO_CIDADE_min": "São Vicente_Baixada Santista" }, "geometry": { "type": "Point", "coordinates": [ -46.3874547, -23.9701721 ] } },
{ "type": "Feature", "properties": { "CNPJ": "22184374000147", "IDCIDADE": "SAO_VICENTE", "NOMEFANTASIA": "PET_DA_SOL", "RAZAOSOCIAL": "SOLANGE_RUSSI_PEREIRA_SANTOS", "ENDEE": "PRACA_VINTE_E_DOIS_DE_JANEIRO415__CENTRO_11310-090", "LATITUDE": "-23.9694494", "LONGITUDE": "-46.3874085", "LMAPS": "https://www.google.com/maps?q=&layer=c&cbll=-46.3874085,-23.9694494", "O_QUE_FAZER": "CARTEIRA", "ER_REGIAO_CIDADE_min": "São Vicente_Baixada Santista" }, "geometry": { "type": "Point", "coordinates": [ -46.3874085, -23.9694494 ] } },
{ "type": "Feature", "properties": { "CNPJ": "08186313000198", "IDCIDADE": "SAO_VICENTE", "NOMEFANTASIA": "LINE_BOARDSHOP", "RAZAOSOCIAL": "MALLAS_&_SILVA_-_VESTUARIO_LTDA", "ENDEE": "PRACA_VINTE_E_DOIS_DE_JANEIRO419__CENTRO_11310-090", "LATITUDE": "-23.9694986", "LONGITUDE": "-46.387307", "LMAPS": "https://www.google.com/maps?q=&layer=c&cbll=-46.387307,-23.9694986", "O_QUE_FAZER": "CARTEIRA", "ER_REGIAO_CIDADE_min": "São Vicente_Baixada Santista" }, "geometry": { "type": "Point", "coordinates": [ -46.387307, -23.9694986 ] } },
{ "type": "Feature", "properties": { "CNPJ": "62551858000100", "IDCIDADE": "SAO_VICENTE", "NOMEFANTASIA": "SOMAPRINT", "RAZAOSOCIAL": "SILVIO_FERNANDO_LOUSADA_PAULO", "ENDEE": "PRACA_VINTE_E_DOIS_DE_JANEIRO431__CENTRO_11310-090", "LATITUDE": "-23.9692687", "LONGITUDE": "-46.3869606", "LMAPS": "https://www.google.com/maps?q=&layer=c&cbll=-46.3869606,-23.9692687", "O_QUE_FAZER": "CARTEIRA", "ER_REGIAO_CIDADE_min": "São Vicente_Baixada Santista" }, "geometry": { "type": "Point", "coordinates": [ -46.3869606, -23.9692687 ] } },
{ "type": "Feature", "properties": { "CNPJ": "04146953000113", "IDCIDADE": "SAO_VICENTE", "NOMEFANTASIA": "LATICINIOS_E_MERCEARIA_GONCALVES", "RAZAOSOCIAL": "LATICINIOS_GONCALVES_&_GONCALVES_LTDA", "ENDEE": "PRACA_VINTE_E_DOIS_DE_JANEIRO543__CENTRO_11310-090", "LATITUDE": "-23.9696711", "LONGITUDE": "-46.3864549", "LMAPS": "https://www.google.com/maps?q=&layer=c&cbll=-46.3864549,-23.9696711", "O_QUE_FAZER": "CARTEIRA", "ER_REGIAO_CIDADE_min": "São Vicente_Baixada Santista" }, "geometry": { "type": "Point", "coordinates": [ -46.3864549, -23.9696711 ] } },
{ "type": "Feature", "properties": { "CNPJ": "35426990001504", "IDCIDADE": "SAO_VICENTE", "NOMEFANTASIA": "FRIGO_EXLRESS", "RAZAOSOCIAL": "FHE_FERREIRA_COMERCIO_DE_PRODUTOS_ALIMENTICIOS_E_SERVICOS_LTDA", "ENDEE": "PRACA_VINTE_E_DOIS_DE_JANEIRO562__CENTRO_11310-090", "LATITUDE": "-23.9696673", "LONGITUDE": "-46.3862133", "LMAPS": "https://www.google.com/maps?q=&layer=c&cbll=-46.3862133,-23.9696673", "O_QUE_FAZER": "CARTEIRA", "ER_REGIAO_CIDADE_min": "São Vicente_Baixada Santista" }, "geometry": { "type": "Point", "coordinates": [ -46.3862133, -23.9696673 ] } },
{ "type": "Feature", "properties": { "CNPJ": "71107700000128", "IDCIDADE": "SAO_VICENTE", "NOMEFANTASIA": "RESTAURANTE_CARAVELAS", "RAZAOSOCIAL": "BIQUINHA_DE_SAO_VICENTE_RESTAURANTE_LTDA", "ENDEE": "PRACA_VINTE_E_DOIS_DE_JANEIRO591__CENTRO_11310-090", "LATITUDE": "-23.9699316", "LONGITUDE": "-46.3860793", "LMAPS": "https://www.google.com/maps?q=&layer=c&cbll=-46.3860793,-23.9699316", "O_QUE_FAZER": "CARTEIRA", "ER_REGIAO_CIDADE_min": "São Vicente_Baixada Santista" }, "geometry": { "type": "Point", "coordinates": [ -46.3860793, -23.9699316 ] } },
{ "type": "Feature", "properties": { "CNPJ": "07192899000130", "IDCIDADE": "SAO_VICENTE", "NOMEFANTASIA": "ESTACIONAMENTO_FAST_CAR", "RAZAOSOCIAL": "R._M._MONTEIRO_&_S._MONTEIRO_LTDA", "ENDEE": "PRACA_VINTE_E_DOIS_DE_JANEIRO607__CENTRO_11310-090", "LATITUDE": "-23.9699657", "LONGITUDE": "-46.3856982", "LMAPS": "https://www.google.com/maps?q=&layer=c&cbll=-46.3856982,-23.9699657", "O_QUE_FAZER": "CARTEIRA", "ER_REGIAO_CIDADE_min": "São Vicente_Baixada Santista" }, "geometry": { "type": "Point", "coordinates": [ -46.3856982, -23.9699657 ] } },
{ "type": "Feature", "properties": { "CNPJ": "53945968000157", "IDCIDADE": "SAO_VICENTE", "NOMEFANTASIA": "LANCHONETE_NOVA_PRACA", "RAZAOSOCIAL": "LANCHE_NOVA_PRACA_DE_SAO_VICENTE_LTDA", "ENDEE": "PRACA_VINTE_E_DOIS_DE_JANEIRO636__CENTRO_11310-090", "LATITUDE": "-23.9702576", "LONGITUDE": "-46.3857107", "LMAPS": "https://www.google.com/maps?q=&layer=c&cbll=-46.3857107,-23.9702576", "O_QUE_FAZER": "CARTEIRA", "ER_REGIAO_CIDADE_min": "São Vicente_Baixada Santista" }, "geometry": { "type": "Point", "coordinates": [ -46.3857107, -23.9702576 ] } },
{ "type": "Feature", "properties": { "CNPJ": "46320311000139", "IDCIDADE": "SAO_VICENTE", "NOMEFANTASIA": "FONTES_IMOVEIS", "RAZAOSOCIAL": "FONTES_IMOVEIS_SAO_VICENTE_LTDA", "ENDEE": "PRACA_VINTE_E_DOIS_DE_JANEIRO640__CENTRO_11310-090", "LATITUDE": "-23.9701867", "LONGITUDE": "-46.3857583", "LMAPS": "https://www.google.com/maps?q=&layer=c&cbll=-46.3857583,-23.9701867", "O_QUE_FAZER": "CARTEIRA", "ER_REGIAO_CIDADE_min": "São Vicente_Baixada Santista" }, "geometry": { "type": "Point", "coordinates": [ -46.3857583, -23.9701867 ] } },
{ "type": "Feature", "properties": { "CNPJ": "59910240000176", "IDCIDADE": "SAO_VICENTE", "NOMEFANTASIA": "COMERCIO_DE_PESCADOS_3_IRMAOS", "RAZAOSOCIAL": "COMERCIO_DE_PESCADOS_TRES_IRMAOS_LTDA", "ENDEE": "PRACA_VINTE_E_TRES_DE_MAIO162__PARQUE_BITARU_11310-170", "LATITUDE": "-23.9719804", "LONGITUDE": "-46.3930052", "LMAPS": "https://www.google.com/maps?q=&layer=c&cbll=-46.3930052,-23.9719804", "O_QUE_FAZER": "CARTEIRA", "ER_REGIAO_CIDADE_min": "São Vicente_Baixada Santista" }, "geometry": { "type": "Point", "coordinates": [ -46.3930052, -23.9719804 ] } },
{ "type": "Feature", "properties": { "CNPJ": "24731023001459", "IDCIDADE": "SAO_VICENTE", "NOMEFANTASIA": "BOI_DO_LITORAL", "RAZAOSOCIAL": "CASA_DE_CARNES_BDL_LTDA", "ENDEE": "PRACA_VINTE_E_TRES_DE_MAIO92__PARQUE_BITARU_11310-170", "LATITUDE": "-23.9714809", "LONGITUDE": "-46.3927112", "LMAPS": "https://www.google.com/maps?q=&layer=c&cbll=-46.3927112,-23.9714809", "O_QUE_FAZER": "CARTEIRA", "ER_REGIAO_CIDADE_min": "São Vicente_Baixada Santista" }, "geometry": { "type": "Point", "coordinates": [ -46.3927112, -23.9714809 ] } },
{ "type": "Feature", "properties": { "CNPJ": "71097174000162", "IDCIDADE": "SAO_VICENTE", "NOMEFANTASIA": "PASSOS_E_PASSOS", "RAZAOSOCIAL": "PASSOS_&_PASSOS_BAR_LTDA", "ENDEE": "RUA_MARQUES_DE_SAO_VICENTE100__CENTRO_11310-180", "LATITUDE": "-23.9689499", "LONGITUDE": "-46.3901381", "LMAPS": "https://www.google.com/maps?q=&layer=c&cbll=-46.3901381,-23.9689499", "O_QUE_FAZER": "CARTEIRA", "ER_REGIAO_CIDADE_min": "São Vicente_Baixada Santista" }, "geometry": { "type": "Point", "coordinates": [ -46.3901381, -23.9689499 ] } },
{ "type": "Feature", "properties": { "CNPJ": "04754034000122", "IDCIDADE": "SAO_VICENTE", "NOMEFANTASIA": "FRIOCAR", "RAZAOSOCIAL": "FRIOCAR_SAO_VICENTE_COMERCIO_E_SERVICOS_LTDA", "ENDEE": "RUA_MARQUES_DE_SAO_VICENTE105__CENTRO_11310-180", "LATITUDE": "-23.969314", "LONGITUDE": "-46.3901214", "LMAPS": "https://www.google.com/maps?q=&layer=c&cbll=-46.3901214,-23.969314", "O_QUE_FAZER": "CARTEIRA", "ER_REGIAO_CIDADE_min": "São Vicente_Baixada Santista" }, "geometry": { "type": "Point", "coordinates": [ -46.3901214, -23.969314 ] } },
{ "type": "Feature", "properties": { "CNPJ": "00422116000119", "IDCIDADE": "SAO_VICENTE", "NOMEFANTASIA": "PANIFICADORA_CARIOCA", "RAZAOSOCIAL": "J_DA_SILVA_PARQUE_SAO_VICENTE_LTDA", "ENDEE": "RUA_MARQUES_DE_SAO_VICENTE1098__PARQUE_BITARU_11310-180", "LATITUDE": "-23.9693408", "LONGITUDE": "-46.398664", "LMAPS": "https://www.google.com/maps?q=&layer=c&cbll=-46.398664,-23.9693408", "O_QUE_FAZER": "CARTEIRA", "ER_REGIAO_CIDADE_min": "São Vicente_Baixada Santista" }, "geometry": { "type": "Point", "coordinates": [ -46.398664, -23.9693408 ] } },
{ "type": "Feature", "properties": { "CNPJ": "37780883000100", "IDCIDADE": "SAO_VICENTE", "NOMEFANTASIA": "CICLO_SAO_VICENTER", "RAZAOSOCIAL": "VERUSKA_GATO_DA_SILVA", "ENDEE": "RUA_MARQUES_DE_SAO_VICENTE124__CENTRO_11310-180", "LATITUDE": "-23.9689922", "LONGITUDE": "-46.3902339", "LMAPS": "https://www.google.com/maps?q=&layer=c&cbll=-46.3902339,-23.9689922", "O_QUE_FAZER": "CARTEIRA", "ER_REGIAO_CIDADE_min": "São Vicente_Baixada Santista" }, "geometry": { "type": "Point", "coordinates": [ -46.3902339, -23.9689922 ] } },
{ "type": "Feature", "properties": { "CNPJ": "55450159000108", "IDCIDADE": "SAO_VICENTE", "NOMEFANTASIA": "BAZAR_NINA", "RAZAOSOCIAL": "A_COSTA_ARIAS_ROUPAS", "ENDEE": "RUA_MARQUES_DE_SAO_VICENTE217__CENTRO_11310-180", "LATITUDE": "-23.9691754", "LONGITUDE": "-46.3911804", "LMAPS": "https://www.google.com/maps?q=&layer=c&cbll=-46.3911804,-23.9691754", "O_QUE_FAZER": "CARTEIRA", "ER_REGIAO_CIDADE_min": "São Vicente_Baixada Santista" }, "geometry": { "type": "Point", "coordinates": [ -46.3911804, -23.9691754 ] } },
{ "type": "Feature", "properties": { "CNPJ": "00913890000122", "IDCIDADE": "SAO_VICENTE", "NOMEFANTASIA": "ZEBRAO_MATERIAIS_PARA_CONSTRUCAO", "RAZAOSOCIAL": "PEDRAS_DE_FOGO_MATERIAIS_PARA_CONSTRUCAO_LTDA", "ENDEE": "RUA_MARQUES_DE_SAO_VICENTE238__CENTRO_11310-180", "LATITUDE": "-23.9690633", "LONGITUDE": "-46.3914146", "LMAPS": "https://www.google.com/maps?q=&layer=c&cbll=-46.3914146,-23.9690633", "O_QUE_FAZER": "CARTEIRA", "ER_REGIAO_CIDADE_min": "São Vicente_Baixada Santista" }, "geometry": { "type": "Point", "coordinates": [ -46.3914146, -23.9690633 ] } },
{ "type": "Feature", "properties": { "CNPJ": "34895195000105", "IDCIDADE": "SAO_VICENTE", "NOMEFANTASIA": "BAR_PAI_E_FILHO", "RAZAOSOCIAL": "BAR_PAI_E_FILHO_LTDA", "ENDEE": "RUA_MARQUES_DE_SAO_VICENTE34__CENTRO_11310-180", "LATITUDE": "-23.9689804", "LONGITUDE": "-46.3890612", "LMAPS": "https://www.google.com/maps?q=&layer=c&cbll=-46.3890612,-23.9689804", "O_QUE_FAZER": "CARTEIRA", "ER_REGIAO_CIDADE_min": "São Vicente_Baixada Santista" }, "geometry": { "type": "Point", "coordinates": [ -46.3890612, -23.9689804 ] } },
{ "type": "Feature", "properties": { "CNPJ": "44897155000148", "IDCIDADE": "SAO_VICENTE", "NOMEFANTASIA": "BAZAR_PATRICIA", "RAZAOSOCIAL": "ANA_MARIA_BRAZ_VILAS_BOAS", "ENDEE": "RUA_MARQUES_DE_SAO_VICENTE438__CENTRO_11310-180", "LATITUDE": "-23.9689272", "LONGITUDE": "-46.3934348", "LMAPS": "https://www.google.com/maps?q=&layer=c&cbll=-46.3934348,-23.9689272", "O_QUE_FAZER": "CARTEIRA", "ER_REGIAO_CIDADE_min": "São Vicente_Baixada Santista" }, "geometry": { "type": "Point", "coordinates": [ -46.3934348, -23.9689272 ] } },
{ "type": "Feature", "properties": { "CNPJ": "29649962000239", "IDCIDADE": "SAO_VICENTE", "NOMEFANTASIA": "TALIMPO", "RAZAOSOCIAL": "TALIMPO_LTDA", "ENDEE": "RUA_MARQUES_DE_SAO_VICENTE45__CENTRO_11310-180", "LATITUDE": "-23.9691466", "LONGITUDE": "-46.3894449", "LMAPS": "https://www.google.com/maps?q=&layer=c&cbll=-46.3894449,-23.9691466", "O_QUE_FAZER": "CARTEIRA", "ER_REGIAO_CIDADE_min": "São Vicente_Baixada Santista" }, "geometry": { "type": "Point", "coordinates": [ -46.3894449, -23.9691466 ] } },
{ "type": "Feature", "properties": { "CNPJ": "35136171000127", "IDCIDADE": "SAO_VICENTE", "NOMEFANTASIA": "ULTRA_FITNES", "RAZAOSOCIAL": "ALCILENE_DE_OLIVEIRA_TAVARES", "ENDEE": "RUA_MARQUES_DE_SAO_VICENTE77__CENTRO_11310-180", "LATITUDE": "-23.9690782", "LONGITUDE": "-46.3897995", "LMAPS": "https://www.google.com/maps?q=&layer=c&cbll=-46.3897995,-23.9690782", "O_QUE_FAZER": "CARTEIRA", "ER_REGIAO_CIDADE_min": "São Vicente_Baixada Santista" }, "geometry": { "type": "Point", "coordinates": [ -46.3897995, -23.9690782 ] } },
{ "type": "Feature", "properties": { "CNPJ": "13697014000158", "IDCIDADE": "SAO_VICENTE", "NOMEFANTASIA": "PET_SHOP_ANDORINHA", "RAZAOSOCIAL": "SANDRA_REGINA_CORREA_MENDES", "ENDEE": "RUA_MARQUES_DE_SAO_VICENTE821__PARQUE_BITARU_11310-180", "LATITUDE": "-23.9693751", "LONGITUDE": "-46.3969337", "LMAPS": "https://www.google.com/maps?q=&layer=c&cbll=-46.3969337,-23.9693751", "O_QUE_FAZER": "CARTEIRA", "ER_REGIAO_CIDADE_min": "São Vicente_Baixada Santista" }, "geometry": { "type": "Point", "coordinates": [ -46.3969337, -23.9693751 ] } },
{ "type": "Feature", "properties": { "CNPJ": "39342534000212", "IDCIDADE": "SAO_VICENTE", "NOMEFANTASIA": "DROGARIA_A_PRIMEIRA", "RAZAOSOCIAL": "MARIA_ELENICE_SANTANA_DE_JESUS_LTDA", "ENDEE": "RUA_MARQUES_DE_SAO_VICENTE830__PARQUE_BITARU_11310-180", "LATITUDE": "-23.9692531", "LONGITUDE": "-46.397151", "LMAPS": "https://www.google.com/maps?q=&layer=c&cbll=-46.397151,-23.9692531", "O_QUE_FAZER": "CARTEIRA", "ER_REGIAO_CIDADE_min": "São Vicente_Baixada Santista" }, "geometry": { "type": "Point", "coordinates": [ -46.397151, -23.9692531 ] } },
{ "type": "Feature", "properties": { "CNPJ": "49795768000198", "IDCIDADE": "SAO_VICENTE", "NOMEFANTASIA": "ELETRONICA_SAO_VICENTE", "RAZAOSOCIAL": "ELETRONICA_SAO_VICENTE_LTDA", "ENDEE": "RUA_MARQUES_DE_SAO_VICENTE84__CENTRO_11310-180", "LATITUDE": "-23.9690085", "LONGITUDE": "-46.389865", "LMAPS": "https://www.google.com/maps?q=&layer=c&cbll=-46.389865,-23.9690085", "O_QUE_FAZER": "CARTEIRA", "ER_REGIAO_CIDADE_min": "São Vicente_Baixada Santista" }, "geometry": { "type": "Point", "coordinates": [ -46.389865, -23.9690085 ] } },
{ "type": "Feature", "properties": { "CNPJ": "47693987000130", "IDCIDADE": "SAO_VICENTE", "NOMEFANTASIA": "BELLA_DE_SAO_VICENTE", "RAZAOSOCIAL": "V._A._CASA_DE_PAES_SAO_VICENTE_LTDA", "ENDEE": "RUA_MARQUES_DE_SAO_VICENTE91__CENTRO_11310-180", "LATITUDE": "-23.9691391", "LONGITUDE": "-46.3899283", "LMAPS": "https://www.google.com/maps?q=&layer=c&cbll=-46.3899283,-23.9691391", "O_QUE_FAZER": "CARTEIRA", "ER_REGIAO_CIDADE_min": "São Vicente_Baixada Santista" }, "geometry": { "type": "Point", "coordinates": [ -46.3899283, -23.9691391 ] } },
{ "type": "Feature", "properties": { "CNPJ": "65897787000181", "IDCIDADE": "SAO_VICENTE", "NOMEFANTASIA": "CASA_DA_CARNE_SECA", "RAZAOSOCIAL": "GINALDO_DOS_S_COSTA_&_CIA_LTDA", "ENDEE": "RUA_MARQUES_DE_SAO_VICENTE92__CENTRO_11310-180", "LATITUDE": "-23.9690921", "LONGITUDE": "-46.3899979", "LMAPS": "https://www.google.com/maps?q=&layer=c&cbll=-46.3899979,-23.9690921", "O_QUE_FAZER": "CARTEIRA", "ER_REGIAO_CIDADE_min": "São Vicente_Baixada Santista" }, "geometry": { "type": "Point", "coordinates": [ -46.3899979, -23.9690921 ] } },
{ "type": "Feature", "properties": { "CNPJ": "22840751000159", "IDCIDADE": "SAO_VICENTE", "NOMEFANTASIA": "VILA_DE_SAO_VICENTE_HOTEL", "RAZAOSOCIAL": "HOTEL_VILA_DE_SAO_VICENTE_LTDA", "ENDEE": "RUA_MARQUES_DE_SAO_VICENTE97__CENTRO_11310-180", "LATITUDE": "-23.9690884", "LONGITUDE": "-46.3899864", "LMAPS": "https://www.google.com/maps?q=&layer=c&cbll=-46.3899864,-23.9690884", "O_QUE_FAZER": "CARTEIRA", "ER_REGIAO_CIDADE_min": "São Vicente_Baixada Santista" }, "geometry": { "type": "Point", "coordinates": [ -46.3899864, -23.9690884 ] } },
{ "type": "Feature", "properties": { "CNPJ": "24991243000105", "IDCIDADE": "SAO_VICENTE", "NOMEFANTASIA": "SERRALHERIA_ALUMIGLASS", "RAZAOSOCIAL": "CRISTINA_APARECIDA_DOS_SANTOS_FELIS", "ENDEE": "RUA_HENRIQUE_ABLAS109__CENTRO_11310-190", "LATITUDE": "-23.9690802", "LONGITUDE": "-46.3888598", "LMAPS": "https://www.google.com/maps?q=&layer=c&cbll=-46.3888598,-23.9690802", "O_QUE_FAZER": "CARTEIRA", "ER_REGIAO_CIDADE_min": "São Vicente_Baixada Santista" }, "geometry": { "type": "Point", "coordinates": [ -46.3888598, -23.9690802 ] } },
{ "type": "Feature", "properties": { "CNPJ": "32488004000157", "IDCIDADE": "SAO_VICENTE", "NOMEFANTASIA": "DDTTEX", "RAZAOSOCIAL": "K._OLIVEIRA_DOS_SANTOS_CONTROLE_DE_PRAGAS_LIMITADA", "ENDEE": "RUA_HENRIQUE_ABLAS114__CENTRO_11310-190", "LATITUDE": "-23.9690962", "LONGITUDE": "-46.3889117", "LMAPS": "https://www.google.com/maps?q=&layer=c&cbll=-46.3889117,-23.9690962", "O_QUE_FAZER": "CARTEIRA", "ER_REGIAO_CIDADE_min": "São Vicente_Baixada Santista" }, "geometry": { "type": "Point", "coordinates": [ -46.3889117, -23.9690962 ] } },
{ "type": "Feature", "properties": { "CNPJ": "09688629000140", "IDCIDADE": "SAO_VICENTE", "NOMEFANTASIA": "RG_ZARRO", "RAZAOSOCIAL": "A._F._GIANECCHINI_COMERCIAL_DE_MOVEIS_LTDA", "ENDEE": "AVENIDA_CAPITAO_MOR_AGUIAR124__CENTRO_11310-200", "LATITUDE": "-23.9702291", "LONGITUDE": "-46.3914763", "LMAPS": "https://www.google.com/maps?q=&layer=c&cbll=-46.3914763,-23.9702291", "O_QUE_FAZER": "CARTEIRA", "ER_REGIAO_CIDADE_min": "São Vicente_Baixada Santista" }, "geometry": { "type": "Point", "coordinates": [ -46.3914763, -23.9702291 ] } },
{ "type": "Feature", "properties": { "CNPJ": "04114019000110", "IDCIDADE": "SAO_VICENTE", "NOMEFANTASIA": "SV_INSETICIDAS", "RAZAOSOCIAL": "EDSON_DOS_S._SOUZA", "ENDEE": "AVENIDA_CAPITAO_MOR_AGUIAR152__CENTRO_11310-200", "LATITUDE": "-23.9699786", "LONGITUDE": "-46.3912918", "LMAPS": "https://www.google.com/maps?q=&layer=c&cbll=-46.3912918,-23.9699786", "O_QUE_FAZER": "CARTEIRA", "ER_REGIAO_CIDADE_min": "São Vicente_Baixada Santista" }, "geometry": { "type": "Point", "coordinates": [ -46.3912918, -23.9699786 ] } },
{ "type": "Feature", "properties": { "CNPJ": "07140506000145", "IDCIDADE": "SAO_VICENTE", "NOMEFANTASIA": "VIDRACARIA_SAO_RAFAEL", "RAZAOSOCIAL": "RAFAEL_M._DOS_SANTOS_-_VIDRACARIA", "ENDEE": "AVENIDA_CAPITAO_MOR_AGUIAR152__CENTRO_11310-200", "LATITUDE": "-23.970018", "LONGITUDE": "-46.3912929", "LMAPS": "https://www.google.com/maps?q=&layer=c&cbll=-46.3912929,-23.970018", "O_QUE_FAZER": "CARTEIRA", "ER_REGIAO_CIDADE_min": "São Vicente_Baixada Santista" }, "geometry": { "type": "Point", "coordinates": [ -46.3912929, -23.970018 ] } },
{ "type": "Feature", "properties": { "CNPJ": "04513079000105", "IDCIDADE": "SAO_VICENTE", "NOMEFANTASIA": "MAR_MATOS", "RAZAOSOCIAL": "MAR_MATOS_SV_PESCA_LTDA", "ENDEE": "AVENIDA_CAPITAO_MOR_AGUIAR176__CENTRO_11310-200", "LATITUDE": "-23.9697883", "LONGITUDE": "-46.3914067", "LMAPS": "https://www.google.com/maps?q=&layer=c&cbll=-46.3914067,-23.9697883", "O_QUE_FAZER": "CARTEIRA", "ER_REGIAO_CIDADE_min": "São Vicente_Baixada Santista" }, "geometry": { "type": "Point", "coordinates": [ -46.3914067, -23.9697883 ] } },
{ "type": "Feature", "properties": { "CNPJ": "05457156000110", "IDCIDADE": "SAO_VICENTE", "NOMEFANTASIA": "TECNO_WORK", "RAZAOSOCIAL": "TECNO_WORK_ASSISTENCIA_TECNICA_E_REFRIGERACAO_LTDA", "ENDEE": "AVENIDA_CAPITAO_MOR_AGUIAR181__CENTRO_11310-200", "LATITUDE": "-23.9697819", "LONGITUDE": "-46.3917713", "LMAPS": "https://www.google.com/maps?q=&layer=c&cbll=-46.3917713,-23.9697819", "O_QUE_FAZER": "CARTEIRA", "ER_REGIAO_CIDADE_min": "São Vicente_Baixada Santista" }, "geometry": { "type": "Point", "coordinates": [ -46.3917713, -23.9697819 ] } },
{ "type": "Feature", "properties": { "CNPJ": "35093381000185", "IDCIDADE": "SAO_VICENTE", "NOMEFANTASIA": "HENRIQUE_OSWALD", "RAZAOSOCIAL": "COMPLEXO_EDUCACIONAL_HENRIQUE_OSWALD_LTDA", "ENDEE": "AVENIDA_CAPITAO_MOR_AGUIAR223__CENTRO_11310-200", "LATITUDE": "-23.9695164", "LONGITUDE": "-46.3919964", "LMAPS": "https://www.google.com/maps?q=&layer=c&cbll=-46.3919964,-23.9695164", "O_QUE_FAZER": "CARTEIRA", "ER_REGIAO_CIDADE_min": "São Vicente_Baixada Santista" }, "geometry": { "type": "Point", "coordinates": [ -46.3919964, -23.9695164 ] } },
{ "type": "Feature", "properties": { "CNPJ": "35775245000175", "IDCIDADE": "SAO_VICENTE", "NOMEFANTASIA": "CENTRAL_PET", "RAZAOSOCIAL": "KLEBERSON_FRANCA_DO_NASCIMENTO", "ENDEE": "AVENIDA_CAPITAO_MOR_AGUIAR277__CENTRO_11310-200", "LATITUDE": "-23.9688523", "LONGITUDE": "-46.3918722", "LMAPS": "https://www.google.com/maps?q=&layer=c&cbll=-46.3918722,-23.9688523", "O_QUE_FAZER": "CARTEIRA", "ER_REGIAO_CIDADE_min": "São Vicente_Baixada Santista" }, "geometry": { "type": "Point", "coordinates": [ -46.3918722, -23.9688523 ] } },
{ "type": "Feature", "properties": { "CNPJ": "20424152000129", "IDCIDADE": "SAO_VICENTE", "NOMEFANTASIA": "BURGHI_ENGENHARIA", "RAZAOSOCIAL": "BURGHI_BATISTA_SERVICOS_TECNICOS_LTDA", "ENDEE": "AVENIDA_CAPITAO_MOR_AGUIAR290__CENTRO_11310-200", "LATITUDE": "-23.9687856", "LONGITUDE": "-46.3915697", "LMAPS": "https://www.google.com/maps?q=&layer=c&cbll=-46.3915697,-23.9687856", "O_QUE_FAZER": "CARTEIRA", "ER_REGIAO_CIDADE_min": "São Vicente_Baixada Santista" }, "geometry": { "type": "Point", "coordinates": [ -46.3915697, -23.9687856 ] } },
{ "type": "Feature", "properties": { "CNPJ": "15691372000189", "IDCIDADE": "SAO_VICENTE", "NOMEFANTASIA": "MARBAL_BALANCAS", "RAZAOSOCIAL": "JULIA_FERREIRA_DE_SOUZA", "ENDEE": "AVENIDA_CAPITAO_MOR_AGUIAR32__CENTRO_11310-200", "LATITUDE": "-23.9710314", "LONGITUDE": "-46.3914142", "LMAPS": "https://www.google.com/maps?q=&layer=c&cbll=-46.3914142,-23.9710314", "O_QUE_FAZER": "CARTEIRA", "ER_REGIAO_CIDADE_min": "São Vicente_Baixada Santista" }, "geometry": { "type": "Point", "coordinates": [ -46.3914142, -23.9710314 ] } },
{ "type": "Feature", "properties": { "CNPJ": "03260085000135", "IDCIDADE": "SAO_VICENTE", "NOMEFANTASIA": "NICC_CARINHOSO", "RAZAOSOCIAL": "NICC_-_NUCLEO_INFANTIL_DE_CONVIVENCIA_CARINHOSO_E_BERCARIO_LTDA", "ENDEE": "AVENIDA_CAPITAO_MOR_AGUIAR393__CENTRO_11310-200", "LATITUDE": "-23.9678964", "LONGITUDE": "-46.3917664", "LMAPS": "https://www.google.com/maps?q=&layer=c&cbll=-46.3917664,-23.9678964", "O_QUE_FAZER": "CARTEIRA", "ER_REGIAO_CIDADE_min": "São Vicente_Baixada Santista" }, "geometry": { "type": "Point", "coordinates": [ -46.3917664, -23.9678964 ] } },
{ "type": "Feature", "properties": { "CNPJ": "05220445000109", "IDCIDADE": "SAO_VICENTE", "NOMEFANTASIA": "RENASCER", "RAZAOSOCIAL": "CLINICA_DE_FISIOTERAPIA_RENASCER_SANTA_ISABEL_LTDA", "ENDEE": "AVENIDA_CAPITAO_MOR_AGUIAR445__CENTRO_11310-200", "LATITUDE": "-23.9673933", "LONGITUDE": "-46.3918703", "LMAPS": "https://www.google.com/maps?q=&layer=c&cbll=-46.3918703,-23.9673933", "O_QUE_FAZER": "CARTEIRA", "ER_REGIAO_CIDADE_min": "São Vicente_Baixada Santista" }, "geometry": { "type": "Point", "coordinates": [ -46.3918703, -23.9673933 ] } },
{ "type": "Feature", "properties": { "CNPJ": "03429320000150", "IDCIDADE": "SAO_VICENTE", "NOMEFANTASIA": "ART_GRAPHICA", "RAZAOSOCIAL": "C_B_DOS_SANTOS_GRAFICA", "ENDEE": "AVENIDA_CAPITAO_MOR_AGUIAR448__CENTRO_11310-200", "LATITUDE": "-23.9673699", "LONGITUDE": "-46.3914031", "LMAPS": "https://www.google.com/maps?q=&layer=c&cbll=-46.3914031,-23.9673699", "O_QUE_FAZER": "CARTEIRA", "ER_REGIAO_CIDADE_min": "São Vicente_Baixada Santista" }, "geometry": { "type": "Point", "coordinates": [ -46.3914031, -23.9673699 ] } },
{ "type": "Feature", "properties": { "CNPJ": "14409592000104", "IDCIDADE": "SAO_VICENTE", "NOMEFANTASIA": "M&C_MARMORARIA", "RAZAOSOCIAL": "M_&_C_MARMORARIA_DE_SAO_VICENTE_LTDA", "ENDEE": "AVENIDA_CAPITAO_MOR_AGUIAR67__CENTRO_11310-200", "LATITUDE": "-23.9708217", "LONGITUDE": "-46.3917236", "LMAPS": "https://www.google.com/maps?q=&layer=c&cbll=-46.3917236,-23.9708217", "O_QUE_FAZER": "CARTEIRA", "ER_REGIAO_CIDADE_min": "São Vicente_Baixada Santista" }, "geometry": { "type": "Point", "coordinates": [ -46.3917236, -23.9708217 ] } },
{ "type": "Feature", "properties": { "CNPJ": "41552551000145", "IDCIDADE": "SAO_VICENTE", "NOMEFANTASIA": "BOUTIQUEE_MOVEIS_PLANEJADOS", "RAZAOSOCIAL": "BOUTIQUEE_COMERCIO_DE_MOVEIS_PLANEJADOS_LTDA", "ENDEE": "AVENIDA_CAPITAO-MOR_AGUIAR10__CENTRO_11310-200", "LATITUDE": "-23.9714143", "LONGITUDE": "-46.391251", "LMAPS": "https://www.google.com/maps?q=&layer=c&cbll=-46.391251,-23.9714143", "O_QUE_FAZER": "CARTEIRA", "ER_REGIAO_CIDADE_min": "São Vicente_Baixada Santista" }, "geometry": { "type": "Point", "coordinates": [ -46.391251, -23.9714143 ] } },
{ "type": "Feature", "properties": { "CNPJ": "47818865000123", "IDCIDADE": "SAO_VICENTE", "NOMEFANTASIA": "CICERO_MACEDO_IMOVEIS", "RAZAOSOCIAL": "JOYCE_BERNARDES_MACEDO", "ENDEE": "AVENIDA_CAPITAO-MOR_AGUIAR184__CENTRO_11310-200", "LATITUDE": "-23.9697412", "LONGITUDE": "-46.3914447", "LMAPS": "https://www.google.com/maps?q=&layer=c&cbll=-46.3914447,-23.9697412", "O_QUE_FAZER": "CARTEIRA", "ER_REGIAO_CIDADE_min": "São Vicente_Baixada Santista" }, "geometry": { "type": "Point", "coordinates": [ -46.3914447, -23.9697412 ] } },
{ "type": "Feature", "properties": { "CNPJ": "12266428000160", "IDCIDADE": "SAO_VICENTE", "NOMEFANTASIA": "CHAVEIRO_PINGO_DOCE", "RAZAOSOCIAL": "NOGUEIRA_&_SANTANA_COMERCIO_E_SERVICOS_DE_CHAVEIROS_ELETRICA_E_FERRAGENS_LTDA", "ENDEE": "AVENIDA_CAPITAO-MOR_AGUIAR236__CENTRO_11310-200", "LATITUDE": "-23.9693045", "LONGITUDE": "-46.3914636", "LMAPS": "https://www.google.com/maps?q=&layer=c&cbll=-46.3914636,-23.9693045", "O_QUE_FAZER": "CARTEIRA", "ER_REGIAO_CIDADE_min": "São Vicente_Baixada Santista" }, "geometry": { "type": "Point", "coordinates": [ -46.3914636, -23.9693045 ] } },
{ "type": "Feature", "properties": { "CNPJ": "12641280000104", "IDCIDADE": "SAO_VICENTE", "NOMEFANTASIA": "PETLAND", "RAZAOSOCIAL": "ANDRE_LUIS_GOUVEIA_FERNANDES", "ENDEE": "AVENIDA_CAPITAO-MOR_AGUIAR483__CENTRO_11310-200", "LATITUDE": "-23.9669677", "LONGITUDE": "-46.3918336", "LMAPS": "https://www.google.com/maps?q=&layer=c&cbll=-46.3918336,-23.9669677", "O_QUE_FAZER": "CARTEIRA", "ER_REGIAO_CIDADE_min": "São Vicente_Baixada Santista" }, "geometry": { "type": "Point", "coordinates": [ -46.3918336, -23.9669677 ] } },
{ "type": "Feature", "properties": { "CNPJ": "28156108000197", "IDCIDADE": "SAO_VICENTE", "NOMEFANTASIA": "INSTITUTO_GENESIS", "RAZAOSOCIAL": "NELMA_ALVES_DE_ANDRADE", "ENDEE": "AVENIDA_CAPITAO-MOR_AGUIAR512__CENTRO_11310-200", "LATITUDE": "-23.9668772", "LONGITUDE": "-46.3914427", "LMAPS": "https://www.google.com/maps?q=&layer=c&cbll=-46.3914427,-23.9668772", "O_QUE_FAZER": "CARTEIRA", "ER_REGIAO_CIDADE_min": "São Vicente_Baixada Santista" }, "geometry": { "type": "Point", "coordinates": [ -46.3914427, -23.9668772 ] } },
{ "type": "Feature", "properties": { "CNPJ": "20209182000112", "IDCIDADE": "SAO_VICENTE", "NOMEFANTASIA": "AFS_REFRIGERACAO", "RAZAOSOCIAL": "ALEXANDRE_FARIAS_SOARES_REFRIGERACAO_E_CLIMATIZACAO", "ENDEE": "AVENIDA_CAPITAO-MOR_AGUIAR695__CENTRO_11310-200", "LATITUDE": "-23.9651799", "LONGITUDE": "-46.3918932", "LMAPS": "https://www.google.com/maps?q=&layer=c&cbll=-46.3918932,-23.9651799", "O_QUE_FAZER": "CARTEIRA", "ER_REGIAO_CIDADE_min": "São Vicente_Baixada Santista" }, "geometry": { "type": "Point", "coordinates": [ -46.3918932, -23.9651799 ] } },
{ "type": "Feature", "properties": { "CNPJ": "35513566000100", "IDCIDADE": "SAO_VICENTE", "NOMEFANTASIA": "PANIFICADORA_SAO_GABRIEL", "RAZAOSOCIAL": "PASSOS_E_VASCONCELLOS_EMPORIO_LTDA", "ENDEE": "AVENIDA_CAPITAO-MOR_AGUIAR722__CENTRO_11310-200", "LATITUDE": "-23.9649456", "LONGITUDE": "-46.3914165", "LMAPS": "https://www.google.com/maps?q=&layer=c&cbll=-46.3914165,-23.9649456", "O_QUE_FAZER": "CARTEIRA", "ER_REGIAO_CIDADE_min": "São Vicente_Baixada Santista" }, "geometry": { "type": "Point", "coordinates": [ -46.3914165, -23.9649456 ] } },
{ "type": "Feature", "properties": { "CNPJ": "22699451000100", "IDCIDADE": "SAO_VICENTE", "NOMEFANTASIA": "TOP_FILM", "RAZAOSOCIAL": "DJALMA_RODRIGUES_ZAMORA", "ENDEE": "AVENIDA_CAPITAO-MOR_AGUIAR734__CENTRO_11310-200", "LATITUDE": "-23.9647798", "LONGITUDE": "-46.391385", "LMAPS": "https://www.google.com/maps?q=&layer=c&cbll=-46.391385,-23.9647798", "O_QUE_FAZER": "CARTEIRA", "ER_REGIAO_CIDADE_min": "São Vicente_Baixada Santista" }, "geometry": { "type": "Point", "coordinates": [ -46.391385, -23.9647798 ] } },
{ "type": "Feature", "properties": { "CNPJ": "36673328000116", "IDCIDADE": "SAO_VICENTE", "NOMEFANTASIA": "J&P_APOIO_ADMINISTRATIVO", "RAZAOSOCIAL": "J&P_APOIO_ADMINISTRATIVO_LTDA", "ENDEE": "AVENIDA_CAPITAO-MOR_AGUIAR820__CENTRO_11310-200", "LATITUDE": "-23.9640635", "LONGITUDE": "-46.3915691", "LMAPS": "https://www.google.com/maps?q=&layer=c&cbll=-46.3915691,-23.9640635", "O_QUE_FAZER": "CARTEIRA", "ER_REGIAO_CIDADE_min": "São Vicente_Baixada Santista" }, "geometry": { "type": "Point", "coordinates": [ -46.3915691, -23.9640635 ] } },
{ "type": "Feature", "properties": { "CNPJ": "31531358000174", "IDCIDADE": "SAO_VICENTE", "NOMEFANTASIA": "COLEGIO_DO_ROCIO", "RAZAOSOCIAL": "BIANCA_VEIGA_SOARES", "ENDEE": "AVENIDA_CAPITAO-MOR_AGUIAR898__CENTRO_11310-200", "LATITUDE": "-23.9633245", "LONGITUDE": "-46.3918774", "LMAPS": "https://www.google.com/maps?q=&layer=c&cbll=-46.3918774,-23.9633245", "O_QUE_FAZER": "CARTEIRA", "ER_REGIAO_CIDADE_min": "São Vicente_Baixada Santista" }, "geometry": { "type": "Point", "coordinates": [ -46.3918774, -23.9633245 ] } },
{ "type": "Feature", "properties": { "CNPJ": "16599056000144", "IDCIDADE": "SAO_VICENTE", "NOMEFANTASIA": "CFC_MICHIGAN", "RAZAOSOCIAL": "C._F._ALVES_&_J._M._ALVES_LTDA", "ENDEE": "AVENIDA_CAPITAO_MOR_AGUIAR201__CENTRO_11310-201", "LATITUDE": "-23.9696416", "LONGITUDE": "-46.3917976", "LMAPS": "https://www.google.com/maps?q=&layer=c&cbll=-46.3917976,-23.9696416", "O_QUE_FAZER": "CARTEIRA", "ER_REGIAO_CIDADE_min": "São Vicente_Baixada Santista" }, "geometry": { "type": "Point", "coordinates": [ -46.3917976, -23.9696416 ] } },
{ "type": "Feature", "properties": { "CNPJ": "18373949000100", "IDCIDADE": "SAO_VICENTE", "NOMEFANTASIA": "CASA_DO_CONSTRUTOR", "RAZAOSOCIAL": "IBM_SAO_VICENTE_ALUGUEL_DE_EQUIPAMENTOS_E_COMERCIO_DE_MAQUINAS_LTDA", "ENDEE": "AVENIDA_CAPITAO_MOR_AGUIAR365__CENTRO_11310-201", "LATITUDE": "-23.9681737", "LONGITUDE": "-46.3918912", "LMAPS": "https://www.google.com/maps?q=&layer=c&cbll=-46.3918912,-23.9681737", "O_QUE_FAZER": "CARTEIRA", "ER_REGIAO_CIDADE_min": "São Vicente_Baixada Santista" }, "geometry": { "type": "Point", "coordinates": [ -46.3918912, -23.9681737 ] } },
{ "type": "Feature", "properties": { "CNPJ": "19553046000166", "IDCIDADE": "SAO_VICENTE", "NOMEFANTASIA": "PAULINHO_S_BAR", "RAZAOSOCIAL": "BAR_E_LANCHONETE_PEREIRA_&_RAMOS_LTDA", "ENDEE": "AVENIDA_CAPITAO-MOR_AGUIAR3__CENTRO_11310-201", "LATITUDE": "-23.9714049", "LONGITUDE": "-46.3918216", "LMAPS": "https://www.google.com/maps?q=&layer=c&cbll=-46.3918216,-23.9714049", "O_QUE_FAZER": "CARTEIRA", "ER_REGIAO_CIDADE_min": "São Vicente_Baixada Santista" }, "geometry": { "type": "Point", "coordinates": [ -46.3918216, -23.9714049 ] } },
{ "type": "Feature", "properties": { "CNPJ": "46865009000166", "IDCIDADE": "SAO_VICENTE", "NOMEFANTASIA": "TJJ_SAO_VICENTE_PARK", "RAZAOSOCIAL": "TJJ_SAO_VICENTE_PARK_LTDA", "ENDEE": "RUA_DO_COLEGIO135__CENTRO_11310-210", "LATITUDE": "-23.9705947", "LONGITUDE": "-46.3886689", "LMAPS": "https://www.google.com/maps?q=&layer=c&cbll=-46.3886689,-23.9705947", "O_QUE_FAZER": "CARTEIRA", "ER_REGIAO_CIDADE_min": "São Vicente_Baixada Santista" }, "geometry": { "type": "Point", "coordinates": [ -46.3886689, -23.9705947 ] } },
{ "type": "Feature", "properties": { "CNPJ": "29005047000120", "IDCIDADE": "SAO_VICENTE", "NOMEFANTASIA": "ESCOLA_CAMBARA", "RAZAOSOCIAL": "SOUZA_BATISTA_ENSINO_INFANTIL_E_FUNDAMENTAL_UNIPESSOAL_LTDA.", "ENDEE": "RUA_DO_COLEGIO161__CENTRO_11310-210", "LATITUDE": "-23.9702758", "LONGITUDE": "-46.3889382", "LMAPS": "https://www.google.com/maps?q=&layer=c&cbll=-46.3889382,-23.9702758", "O_QUE_FAZER": "CARTEIRA", "ER_REGIAO_CIDADE_min": "São Vicente_Baixada Santista" }, "geometry": { "type": "Point", "coordinates": [ -46.3889382, -23.9702758 ] } },
{ "type": "Feature", "properties": { "CNPJ": "33964106000164", "IDCIDADE": "SAO_VICENTE", "NOMEFANTASIA": "3_R_SOLUCOES", "RAZAOSOCIAL": "MARIANA_FILGUEIRA_DE_FREITAS_GUISE", "ENDEE": "RUA_DO_COLEGIO365__CENTRO_11310-210", "LATITUDE": "-23.9699369", "LONGITUDE": "-46.3908052", "LMAPS": "https://www.google.com/maps?q=&layer=c&cbll=-46.3908052,-23.9699369", "O_QUE_FAZER": "CARTEIRA", "ER_REGIAO_CIDADE_min": "São Vicente_Baixada Santista" }, "geometry": { "type": "Point", "coordinates": [ -46.3908052, -23.9699369 ] } },
{ "type": "Feature", "properties": { "CNPJ": "04428946000104", "IDCIDADE": "SAO_VICENTE", "NOMEFANTASIA": "OFICINA_CARAVELAS", "RAZAOSOCIAL": "DEBORAH_MACEDO_DE_CASTRO_GUISE", "ENDEE": "RUA_DO_COLEGIO375__CENTRO_11310-210", "LATITUDE": "-23.9698526", "LONGITUDE": "-46.3909505", "LMAPS": "https://www.google.com/maps?q=&layer=c&cbll=-46.3909505,-23.9698526", "O_QUE_FAZER": "CARTEIRA", "ER_REGIAO_CIDADE_min": "São Vicente_Baixada Santista" }, "geometry": { "type": "Point", "coordinates": [ -46.3909505, -23.9698526 ] } },
{ "type": "Feature", "properties": { "CNPJ": "47775374000142", "IDCIDADE": "SAO_VICENTE", "NOMEFANTASIA": "MERCEARIA_NOVA_ERA", "RAZAOSOCIAL": "MERCEARIA_NOVA_ERA_LTDA", "ENDEE": "RUA_BENTO_VIANA57__PARQUE_BITARU_11310-220", "LATITUDE": "-23.9689638", "LONGITUDE": "-46.3929827", "LMAPS": "https://www.google.com/maps?q=&layer=c&cbll=-46.3929827,-23.9689638", "O_QUE_FAZER": "CARTEIRA", "ER_REGIAO_CIDADE_min": "São Vicente_Baixada Santista" }, "geometry": { "type": "Point", "coordinates": [ -46.3929827, -23.9689638 ] } },
{ "type": "Feature", "properties": { "CNPJ": "28938250000196", "IDCIDADE": "SAO_VICENTE", "NOMEFANTASIA": "FABIO_OLIVEIRA_IMOVEIS", "RAZAOSOCIAL": "FABIO_ROBERTO_BENTO_DE_OLIVEIRA", "ENDEE": "RUA_PADRE_MANOEL12__CENTRO_11310-240", "LATITUDE": "-23.9691307", "LONGITUDE": "-46.3873052", "LMAPS": "https://www.google.com/maps?q=&layer=c&cbll=-46.3873052,-23.9691307", "O_QUE_FAZER": "CARTEIRA", "ER_REGIAO_CIDADE_min": "São Vicente_Baixada Santista" }, "geometry": { "type": "Point", "coordinates": [ -46.3873052, -23.9691307 ] } },
{ "type": "Feature", "properties": { "CNPJ": "02618964000123", "IDCIDADE": "SAO_VICENTE", "NOMEFANTASIA": "RESTAURANTE_NINO'S", "RAZAOSOCIAL": "MACHADO_&_TUDOR_LTDA", "ENDEE": "RUA_PADRE_MANOEL4__CENTRO_11310-240", "LATITUDE": "-23.9691813", "LONGITUDE": "-46.3871769", "LMAPS": "https://www.google.com/maps?q=&layer=c&cbll=-46.3871769,-23.9691813", "O_QUE_FAZER": "CARTEIRA", "ER_REGIAO_CIDADE_min": "São Vicente_Baixada Santista" }, "geometry": { "type": "Point", "coordinates": [ -46.3871769, -23.9691813 ] } },
{ "type": "Feature", "properties": { "CNPJ": "18687519000155", "IDCIDADE": "SAO_VICENTE", "NOMEFANTASIA": "POUSADA_AREIA_DA_PRAIA", "RAZAOSOCIAL": "POUSADA_AREIA_DA_PRAIA_LTDA", "ENDEE": "RUA_PADRE_MANOEL47__CENTRO_11310-240", "LATITUDE": "-23.9691711", "LONGITUDE": "-46.3876681", "LMAPS": "https://www.google.com/maps?q=&layer=c&cbll=-46.3876681,-23.9691711", "O_QUE_FAZER": "CARTEIRA", "ER_REGIAO_CIDADE_min": "São Vicente_Baixada Santista" }, "geometry": { "type": "Point", "coordinates": [ -46.3876681, -23.9691711 ] } },
{ "type": "Feature", "properties": { "CNPJ": "41668285000110", "IDCIDADE": "SAO_VICENTE", "NOMEFANTASIA": "MIAU_IAU_PET_SHOP", "RAZAOSOCIAL": "MARILIA_ABOU_CHACRA_TARZIA_PET_SHOP_LTDA", "ENDEE": "PRACA_JOAO_PESSOA118__CENTRO_11310-250", "LATITUDE": "-23.9692899", "LONGITUDE": "-46.3889161", "LMAPS": "https://www.google.com/maps?q=&layer=c&cbll=-46.3889161,-23.9692899", "O_QUE_FAZER": "CARTEIRA", "ER_REGIAO_CIDADE_min": "São Vicente_Baixada Santista" }, "geometry": { "type": "Point", "coordinates": [ -46.3889161, -23.9692899 ] } },
{ "type": "Feature", "properties": { "CNPJ": "44249045000170", "IDCIDADE": "SAO_VICENTE", "NOMEFANTASIA": "COLEGIO_ECTTA", "RAZAOSOCIAL": "COLEGIO_ECTTA_LTDA", "ENDEE": "RUA_SANTA_CRUZ110__CENTRO_11310-290", "LATITUDE": "-23.9683093", "LONGITUDE": "-46.3908092", "LMAPS": "https://www.google.com/maps?q=&layer=c&cbll=-46.3908092,-23.9683093", "O_QUE_FAZER": "CARTEIRA", "ER_REGIAO_CIDADE_min": "São Vicente_Baixada Santista" }, "geometry": { "type": "Point", "coordinates": [ -46.3908092, -23.9683093 ] } },
{ "type": "Feature", "properties": { "CNPJ": "07664815000114", "IDCIDADE": "SAO_VICENTE", "NOMEFANTASIA": "VICENTRAN", "RAZAOSOCIAL": "VICENTRAN_-_CENTRO_DE_FORMACAO_DE_CONDUTORES_LTDA", "ENDEE": "RUA_SANTA_CRUZ120__CENTRO_11310-290", "LATITUDE": "-23.9679674", "LONGITUDE": "-46.3907758", "LMAPS": "https://www.google.com/maps?q=&layer=c&cbll=-46.3907758,-23.9679674", "O_QUE_FAZER": "CARTEIRA", "ER_REGIAO_CIDADE_min": "São Vicente_Baixada Santista" }, "geometry": { "type": "Point", "coordinates": [ -46.3907758, -23.9679674 ] } },
{ "type": "Feature", "properties": { "CNPJ": "15726015000109", "IDCIDADE": "SAO_VICENTE", "NOMEFANTASIA": "BUFFET_PARAISO_KIDS", "RAZAOSOCIAL": "BUFFET_PARAISO_KIDS_LTDA", "ENDEE": "RUA_LIMA_MACHADO166__CENTRO_11310-310", "LATITUDE": "-23.9670769", "LONGITUDE": "-46.3914391", "LMAPS": "https://www.google.com/maps?q=&layer=c&cbll=-46.3914391,-23.9670769", "O_QUE_FAZER": "CARTEIRA", "ER_REGIAO_CIDADE_min": "São Vicente_Baixada Santista" }, "geometry": { "type": "Point", "coordinates": [ -46.3914391, -23.9670769 ] } },
{ "type": "Feature", "properties": { "CNPJ": "55420273000187", "IDCIDADE": "SAO_VICENTE", "NOMEFANTASIA": "KASCAO", "RAZAOSOCIAL": "PDBR_COMERCIO_DE_SORVETES_LTDA", "ENDEE": "RUA_LIMA_MACHADO445__CENTRO_11310-310", "LATITUDE": "-23.9670973", "LONGITUDE": "-46.3939528", "LMAPS": "https://www.google.com/maps?q=&layer=c&cbll=-46.3939528,-23.9670973", "O_QUE_FAZER": "CARTEIRA", "ER_REGIAO_CIDADE_min": "São Vicente_Baixada Santista" }, "geometry": { "type": "Point", "coordinates": [ -46.3939528, -23.9670973 ] } },
{ "type": "Feature", "properties": { "CNPJ": "17729102000145", "IDCIDADE": "SAO_VICENTE", "NOMEFANTASIA": "FLORICULTURA_AC_SOPA", "RAZAOSOCIAL": "A.C._SOPA_-_FLORICULTURA", "ENDEE": "RUA_LIMA_MACHADO515__CENTRO_11310-310", "LATITUDE": "-23.9668804", "LONGITUDE": "-46.3947118", "LMAPS": "https://www.google.com/maps?q=&layer=c&cbll=-46.3947118,-23.9668804", "O_QUE_FAZER": "CARTEIRA", "ER_REGIAO_CIDADE_min": "São Vicente_Baixada Santista" }, "geometry": { "type": "Point", "coordinates": [ -46.3947118, -23.9668804 ] } },
{ "type": "Feature", "properties": { "CNPJ": "10938670000107", "IDCIDADE": "SAO_VICENTE", "NOMEFANTASIA": "FLORICULTURA_SANTO_ANTONIO", "RAZAOSOCIAL": "ANDRESA_DUARTE_SCHUENHER_FLORICULTURA_LTDA", "ENDEE": "RUA_LIMA_MACHADO543__CENTRO_11310-310", "LATITUDE": "-23.9671092", "LONGITUDE": "-46.3949513", "LMAPS": "https://www.google.com/maps?q=&layer=c&cbll=-46.3949513,-23.9671092", "O_QUE_FAZER": "CARTEIRA", "ER_REGIAO_CIDADE_min": "São Vicente_Baixada Santista" }, "geometry": { "type": "Point", "coordinates": [ -46.3949513, -23.9671092 ] } },
{ "type": "Feature", "properties": { "CNPJ": "15575641000141", "IDCIDADE": "SAO_VICENTE", "NOMEFANTASIA": "GESSO_NASCIMENTO", "RAZAOSOCIAL": "GESSO_NASCIMENTO_LTDA", "ENDEE": "RUA_TREZE_DE_MAIO536__VILA_PROFESSOR_SIMOES_11310-330", "LATITUDE": "-23.9663832", "LONGITUDE": "-46.3922503", "LMAPS": "https://www.google.com/maps?q=&layer=c&cbll=-46.3922503,-23.9663832", "O_QUE_FAZER": "CARTEIRA", "ER_REGIAO_CIDADE_min": "São Vicente_Baixada Santista" }, "geometry": { "type": "Point", "coordinates": [ -46.3922503, -23.9663832 ] } },
{ "type": "Feature", "properties": { "CNPJ": "18695154000100", "IDCIDADE": "SAO_VICENTE", "NOMEFANTASIA": "NOSSO_PAO", "RAZAOSOCIAL": "S.MACIEL_&_MACIEL_-_MINI_MERCADO_LTDA", "ENDEE": "RUA_TREZE_DE_MAIO558__VILA_PROFESSOR_SIMOES_11310-330", "LATITUDE": "-23.9663435", "LONGITUDE": "-46.3926971", "LMAPS": "https://www.google.com/maps?q=&layer=c&cbll=-46.3926971,-23.9663435", "O_QUE_FAZER": "CARTEIRA", "ER_REGIAO_CIDADE_min": "São Vicente_Baixada Santista" }, "geometry": { "type": "Point", "coordinates": [ -46.3926971, -23.9663435 ] } },
{ "type": "Feature", "properties": { "CNPJ": "09408927000130", "IDCIDADE": "SAO_VICENTE", "NOMEFANTASIA": "CONTABILIDADE_APOLO", "RAZAOSOCIAL": "CONTABILIDADE_APOLO_DE_SAO_VICENTE_LTDA", "ENDEE": "RUA_TREZE_DE_MAIO653__VILA_PROFESSOR_SIMOES_11310-330", "LATITUDE": "-23.9665569", "LONGITUDE": "-46.3934523", "LMAPS": "https://www.google.com/maps?q=&layer=c&cbll=-46.3934523,-23.9665569", "O_QUE_FAZER": "CARTEIRA", "ER_REGIAO_CIDADE_min": "São Vicente_Baixada Santista" }, "geometry": { "type": "Point", "coordinates": [ -46.3934523, -23.9665569 ] } },
{ "type": "Feature", "properties": { "CNPJ": "46998076000159", "IDCIDADE": "SAO_VICENTE", "NOMEFANTASIA": "CENTERNIT", "RAZAOSOCIAL": "CENTERNIT_MATERIAIS_PARA_CONSTRUCOES_LTDA", "ENDEE": "RUA_TREZE_DE_MAIO682__VILA_PROFESSOR_SIMOES_11310-330", "LATITUDE": "-23.9662968", "LONGITUDE": "-46.3937348", "LMAPS": "https://www.google.com/maps?q=&layer=c&cbll=-46.3937348,-23.9662968", "O_QUE_FAZER": "CARTEIRA", "ER_REGIAO_CIDADE_min": "São Vicente_Baixada Santista" }, "geometry": { "type": "Point", "coordinates": [ -46.3937348, -23.9662968 ] } },
{ "type": "Feature", "properties": { "CNPJ": "45386637000104", "IDCIDADE": "SAO_VICENTE", "NOMEFANTASIA": "ORACULO_IMOVEIS", "RAZAOSOCIAL": "DENISE_APARECIDA_COSTA_LTDA", "ENDEE": "RUA_TREZE_DE_MAIO94__CENTRO_11310-330", "LATITUDE": "-23.9672092", "LONGITUDE": "-46.3881215", "LMAPS": "https://www.google.com/maps?q=&layer=c&cbll=-46.3881215,-23.9672092", "O_QUE_FAZER": "CARTEIRA", "ER_REGIAO_CIDADE_min": "São Vicente_Baixada Santista" }, "geometry": { "type": "Point", "coordinates": [ -46.3881215, -23.9672092 ] } },
{ "type": "Feature", "properties": { "CNPJ": "59535971000189", "IDCIDADE": "SAO_VICENTE", "NOMEFANTASIA": "AVICULTURA_AVELANDIA", "RAZAOSOCIAL": "AVICULTURA_AVELANDIA_LTDA", "ENDEE": "RUA_CAMPOS_SALLES210__CENTRO_11310-400", "LATITUDE": "-23.9654296", "LONGITUDE": "-46.3888987", "LMAPS": "https://www.google.com/maps?q=&layer=c&cbll=-46.3888987,-23.9654296", "O_QUE_FAZER": "CARTEIRA", "ER_REGIAO_CIDADE_min": "São Vicente_Baixada Santista" }, "geometry": { "type": "Point", "coordinates": [ -46.3888987, -23.9654296 ] } },
{ "type": "Feature", "properties": { "CNPJ": "35254537000162", "IDCIDADE": "SAO_VICENTE", "NOMEFANTASIA": "BEM_ME_QUER", "RAZAOSOCIAL": "PALOMA_DA_SILVA_-_VESTUARIO", "ENDEE": "RUA_QUINZE_DE_NOVEMBRO102__CENTRO_11310-400", "LATITUDE": "-23.9677325", "LONGITUDE": "-46.3872421", "LMAPS": "https://www.google.com/maps?q=&layer=c&cbll=-46.3872421,-23.9677325", "O_QUE_FAZER": "CARTEIRA", "ER_REGIAO_CIDADE_min": "São Vicente_Baixada Santista" }, "geometry": { "type": "Point", "coordinates": [ -46.3872421, -23.9677325 ] } },
{ "type": "Feature", "properties": { "CNPJ": "10410607000101", "IDCIDADE": "SAO_VICENTE", "NOMEFANTASIA": "MONARKOS", "RAZAOSOCIAL": "MIYASHIRO_DOCES_LTDA", "ENDEE": "RUA_QUINZE_DE_NOVEMBRO193__CENTRO_11310-400", "LATITUDE": "-23.9669041", "LONGITUDE": "-46.3869911", "LMAPS": "https://www.google.com/maps?q=&layer=c&cbll=-46.3869911,-23.9669041", "O_QUE_FAZER": "CARTEIRA", "ER_REGIAO_CIDADE_min": "São Vicente_Baixada Santista" }, "geometry": { "type": "Point", "coordinates": [ -46.3869911, -23.9669041 ] } },
{ "type": "Feature", "properties": { "CNPJ": "37522769000180", "IDCIDADE": "SAO_VICENTE", "NOMEFANTASIA": "LORD_COLCHOES", "RAZAOSOCIAL": "S_A_F_MENDES_COLCHOES", "ENDEE": "RUA_QUINZE_DE_NOVEMBRO211__CENTRO_11310-400", "LATITUDE": "-23.9668575", "LONGITUDE": "-46.3869657", "LMAPS": "https://www.google.com/maps?q=&layer=c&cbll=-46.3869657,-23.9668575", "O_QUE_FAZER": "CARTEIRA", "ER_REGIAO_CIDADE_min": "São Vicente_Baixada Santista" }, "geometry": { "type": "Point", "coordinates": [ -46.3869657, -23.9668575 ] } },
{ "type": "Feature", "properties": { "CNPJ": "02315691000814", "IDCIDADE": "SAO_VICENTE", "NOMEFANTASIA": "PRAIA_PARK", "RAZAOSOCIAL": "JAIR_GAZETA_ESTACIONAMENTO", "ENDEE": "RUA_QUINZE_DE_NOVEMBRO284__CENTRO_11310-400", "LATITUDE": "-23.966245", "LONGITUDE": "-46.386485", "LMAPS": "https://www.google.com/maps?q=&layer=c&cbll=-46.386485,-23.966245", "O_QUE_FAZER": "CARTEIRA", "ER_REGIAO_CIDADE_min": "São Vicente_Baixada Santista" }, "geometry": { "type": "Point", "coordinates": [ -46.386485, -23.966245 ] } },
{ "type": "Feature", "properties": { "CNPJ": "00743709000187", "IDCIDADE": "SAO_VICENTE", "NOMEFANTASIA": "PEROLA_MODAS", "RAZAOSOCIAL": "FELICIA_PEROLA_NACHTAJLER", "ENDEE": "RUA_QUINZE_DE_NOVEMBRO430__CENTRO_11310-400", "LATITUDE": "-23.964984", "LONGITUDE": "-46.3860454", "LMAPS": "https://www.google.com/maps?q=&layer=c&cbll=-46.3860454,-23.964984", "O_QUE_FAZER": "CARTEIRA", "ER_REGIAO_CIDADE_min": "São Vicente_Baixada Santista" }, "geometry": { "type": "Point", "coordinates": [ -46.3860454, -23.964984 ] } },
{ "type": "Feature", "properties": { "CNPJ": "49745296000169", "IDCIDADE": "SAO_VICENTE", "NOMEFANTASIA": "FESTOLANDIA", "RAZAOSOCIAL": "JANIO_DANIEL_FERREIRA_ALBUQUERQUE_DOS_SANTOS", "ENDEE": "RUA_QUINZE_DE_NOVEMBRO49__CENTRO_11310-400", "LATITUDE": "-23.9681518", "LONGITUDE": "-46.3875737", "LMAPS": "https://www.google.com/maps?q=&layer=c&cbll=-46.3875737,-23.9681518", "O_QUE_FAZER": "CARTEIRA", "ER_REGIAO_CIDADE_min": "São Vicente_Baixada Santista" }, "geometry": { "type": "Point", "coordinates": [ -46.3875737, -23.9681518 ] } },
{ "type": "Feature", "properties": { "CNPJ": "08180406000105", "IDCIDADE": "SAO_VICENTE", "NOMEFANTASIA": "FERRERE", "RAZAOSOCIAL": "ERICK_SILVA_CARVALHO_-_CHAVES", "ENDEE": "RUA_QUINZE_DE_NOVEMBRO558__CENTRO_11310-400", "LATITUDE": "-23.9638644", "LONGITUDE": "-46.3855235", "LMAPS": "https://www.google.com/maps?q=&layer=c&cbll=-46.3855235,-23.9638644", "O_QUE_FAZER": "CARTEIRA", "ER_REGIAO_CIDADE_min": "São Vicente_Baixada Santista" }, "geometry": { "type": "Point", "coordinates": [ -46.3855235, -23.9638644 ] } },
{ "type": "Feature", "properties": { "CNPJ": "20124621000941", "IDCIDADE": "SAO_VICENTE", "NOMEFANTASIA": "CREDMAR", "RAZAOSOCIAL": "TNI_NEGOCIOS_LTDA", "ENDEE": "RUA_QUINZE_DE_NOVEMBRO98__CENTRO_11310-400", "LATITUDE": "-23.9677441", "LONGITUDE": "-46.3872385", "LMAPS": "https://www.google.com/maps?q=&layer=c&cbll=-46.3872385,-23.9677441", "O_QUE_FAZER": "CARTEIRA", "ER_REGIAO_CIDADE_min": "São Vicente_Baixada Santista" }, "geometry": { "type": "Point", "coordinates": [ -46.3872385, -23.9677441 ] } },
{ "type": "Feature", "properties": { "CNPJ": "21221167000152", "IDCIDADE": "SAO_VICENTE", "NOMEFANTASIA": "TAPECARIA_DIAS", "RAZAOSOCIAL": "F.W.DECOR_LTDA", "ENDEE": "RUA_QUINZE_DE_NOVEMBRO108__CENTRO_11310-401", "LATITUDE": "-23.9677001", "LONGITUDE": "-46.3872026", "LMAPS": "https://www.google.com/maps?q=&layer=c&cbll=-46.3872026,-23.9677001", "O_QUE_FAZER": "CARTEIRA", "ER_REGIAO_CIDADE_min": "São Vicente_Baixada Santista" }, "geometry": { "type": "Point", "coordinates": [ -46.3872026, -23.9677001 ] } },
{ "type": "Feature", "properties": { "CNPJ": "15580234000122", "IDCIDADE": "SAO_VICENTE", "NOMEFANTASIA": "KAREN_PRESENTES", "RAZAOSOCIAL": "MARIA_ELINETE_DE_LIMA", "ENDEE": "RUA_QUINZE_DE_NOVEMBRO116__CENTRO_11310-401", "LATITUDE": "-23.9676711", "LONGITUDE": "-46.3870753", "LMAPS": "https://www.google.com/maps?q=&layer=c&cbll=-46.3870753,-23.9676711", "O_QUE_FAZER": "CARTEIRA", "ER_REGIAO_CIDADE_min": "São Vicente_Baixada Santista" }, "geometry": { "type": "Point", "coordinates": [ -46.3870753, -23.9676711 ] } },
{ "type": "Feature", "properties": { "CNPJ": "45071735000144", "IDCIDADE": "SAO_VICENTE", "NOMEFANTASIA": "PANIFICADORA_RIO_BRANCO", "RAZAOSOCIAL": "PANIFICADORA_RIO_BRANCO_DE_SAO_VICENTE_LTDA", "ENDEE": "RUA_QUINZE_DE_NOVEMBRO117__CENTRO_11310-401", "LATITUDE": "-23.9675652", "LONGITUDE": "-46.3872951", "LMAPS": "https://www.google.com/maps?q=&layer=c&cbll=-46.3872951,-23.9675652", "O_QUE_FAZER": "CARTEIRA", "ER_REGIAO_CIDADE_min": "São Vicente_Baixada Santista" }, "geometry": { "type": "Point", "coordinates": [ -46.3872951, -23.9675652 ] } },
{ "type": "Feature", "properties": { "CNPJ": "38097968000150", "IDCIDADE": "SAO_VICENTE", "NOMEFANTASIA": "LOJAO_SAO_VICENTE", "RAZAOSOCIAL": "LOJAO_POPULAR_SV_LTDA", "ENDEE": "RUA_QUINZE_DE_NOVEMBRO126__CENTRO_11310-401", "LATITUDE": "-23.9675639", "LONGITUDE": "-46.3871084", "LMAPS": "https://www.google.com/maps?q=&layer=c&cbll=-46.3871084,-23.9675639", "O_QUE_FAZER": "CARTEIRA", "ER_REGIAO_CIDADE_min": "São Vicente_Baixada Santista" }, "geometry": { "type": "Point", "coordinates": [ -46.3871084, -23.9675639 ] } },
{ "type": "Feature", "properties": { "CNPJ": "71131221000147", "IDCIDADE": "SAO_VICENTE", "NOMEFANTASIA": "TAPECARIA_DIAS", "RAZAOSOCIAL": "TAPECARIA_DIAS_LIMITADA", "ENDEE": "RUA_QUINZE_DE_NOVEMBRO132__CENTRO_11310-401", "LATITUDE": "-23.9675506", "LONGITUDE": "-46.3871278", "LMAPS": "https://www.google.com/maps?q=&layer=c&cbll=-46.3871278,-23.9675506", "O_QUE_FAZER": "CARTEIRA", "ER_REGIAO_CIDADE_min": "São Vicente_Baixada Santista" }, "geometry": { "type": "Point", "coordinates": [ -46.3871278, -23.9675506 ] } },
{ "type": "Feature", "properties": { "CNPJ": "35096860000406", "IDCIDADE": "SAO_VICENTE", "NOMEFANTASIA": "DOUTOR_DO_SONO", "RAZAOSOCIAL": "ATRACAO_COMERCIO_DE_MOVELARIA_COLCHOES_E_MODA_CASA_LTDA", "ENDEE": "RUA_QUINZE_DE_NOVEMBRO144__CENTRO_11310-401", "LATITUDE": "-23.9673983", "LONGITUDE": "-46.387192", "LMAPS": "https://www.google.com/maps?q=&layer=c&cbll=-46.387192,-23.9673983", "O_QUE_FAZER": "CARTEIRA", "ER_REGIAO_CIDADE_min": "São Vicente_Baixada Santista" }, "geometry": { "type": "Point", "coordinates": [ -46.387192, -23.9673983 ] } },
{ "type": "Feature", "properties": { "CNPJ": "51544519000171", "IDCIDADE": "SAO_VICENTE", "NOMEFANTASIA": "LOJAO_DO_OUTLET", "RAZAOSOCIAL": "LOJAO_DO_OUTLET_LTDA", "ENDEE": "RUA_QUINZE_DE_NOVEMBRO159__CENTRO_11310-401", "LATITUDE": "-23.9672329", "LONGITUDE": "-46.3871177", "LMAPS": "https://www.google.com/maps?q=&layer=c&cbll=-46.3871177,-23.9672329", "O_QUE_FAZER": "CARTEIRA", "ER_REGIAO_CIDADE_min": "São Vicente_Baixada Santista" }, "geometry": { "type": "Point", "coordinates": [ -46.3871177, -23.9672329 ] } },
{ "type": "Feature", "properties": { "CNPJ": "71116701000139", "IDCIDADE": "SAO_VICENTE", "NOMEFANTASIA": "INPE_CALCADOS", "RAZAOSOCIAL": "PAULO_MARCIO_INFANTE_UNIPESSOAL_LTDA", "ENDEE": "RUA_QUINZE_DE_NOVEMBRO162__CENTRO_11310-401", "LATITUDE": "-23.9672493", "LONGITUDE": "-46.3870337", "LMAPS": "https://www.google.com/maps?q=&layer=c&cbll=-46.3870337,-23.9672493", "O_QUE_FAZER": "CARTEIRA", "ER_REGIAO_CIDADE_min": "São Vicente_Baixada Santista" }, "geometry": { "type": "Point", "coordinates": [ -46.3870337, -23.9672493 ] } },
{ "type": "Feature", "properties": { "CNPJ": "53037636000174", "IDCIDADE": "SAO_VICENTE", "NOMEFANTASIA": "DIKA'S_MODAS", "RAZAOSOCIAL": "VALTER_PEREIRA_DE_SANTANA", "ENDEE": "RUA_QUINZE_DE_NOVEMBRO164__CENTRO_11310-401", "LATITUDE": "-23.9672716", "LONGITUDE": "-46.3869683", "LMAPS": "https://www.google.com/maps?q=&layer=c&cbll=-46.3869683,-23.9672716", "O_QUE_FAZER": "CARTEIRA", "ER_REGIAO_CIDADE_min": "São Vicente_Baixada Santista" }, "geometry": { "type": "Point", "coordinates": [ -46.3869683, -23.9672716 ] } },
{ "type": "Feature", "properties": { "CNPJ": "10641489000134", "IDCIDADE": "SAO_VICENTE", "NOMEFANTASIA": "MSK_UNIFORMES", "RAZAOSOCIAL": "MSK_SERVICOS_E_COMERCIO_LTDA", "ENDEE": "RUA_QUINZE_DE_NOVEMBRO17__CENTRO_11310-401", "LATITUDE": "-23.9684109", "LONGITUDE": "-46.3877456", "LMAPS": "https://www.google.com/maps?q=&layer=c&cbll=-46.3877456,-23.9684109", "O_QUE_FAZER": "CARTEIRA", "ER_REGIAO_CIDADE_min": "São Vicente_Baixada Santista" }, "geometry": { "type": "Point", "coordinates": [ -46.3877456, -23.9684109 ] } },
{ "type": "Feature", "properties": { "CNPJ": "42153391000124", "IDCIDADE": "SAO_VICENTE", "NOMEFANTASIA": "CLUB_PLUS", "RAZAOSOCIAL": "BRITO_&_SOUZA_VESTUARIO_LTDA", "ENDEE": "RUA_QUINZE_DE_NOVEMBRO177__CENTRO_11310-401", "LATITUDE": "-23.9671354", "LONGITUDE": "-46.3870573", "LMAPS": "https://www.google.com/maps?q=&layer=c&cbll=-46.3870573,-23.9671354", "O_QUE_FAZER": "CARTEIRA", "ER_REGIAO_CIDADE_min": "São Vicente_Baixada Santista" }, "geometry": { "type": "Point", "coordinates": [ -46.3870573, -23.9671354 ] } },
{ "type": "Feature", "properties": { "CNPJ": "02178553000164", "IDCIDADE": "SAO_VICENTE", "NOMEFANTASIA": "WHOOP", "RAZAOSOCIAL": "SAMIRA_LINHARES", "ENDEE": "RUA_QUINZE_DE_NOVEMBRO183__CENTRO_11310-401", "LATITUDE": "-23.9670801", "LONGITUDE": "-46.3870707", "LMAPS": "https://www.google.com/maps?q=&layer=c&cbll=-46.3870707,-23.9670801", "O_QUE_FAZER": "CARTEIRA", "ER_REGIAO_CIDADE_min": "São Vicente_Baixada Santista" }, "geometry": { "type": "Point", "coordinates": [ -46.3870707, -23.9670801 ] } },
{ "type": "Feature", "properties": { "CNPJ": "12337435000105", "IDCIDADE": "SAO_VICENTE", "NOMEFANTASIA": "MAMA_GOURMET", "RAZAOSOCIAL": "BELLA_MAMA_GOURMET_RESTAURANTE_LTDA", "ENDEE": "RUA_QUINZE_DE_NOVEMBRO184__CENTRO_11310-401", "LATITUDE": "-23.9670912", "LONGITUDE": "-46.3868636", "LMAPS": "https://www.google.com/maps?q=&layer=c&cbll=-46.3868636,-23.9670912", "O_QUE_FAZER": "CARTEIRA", "ER_REGIAO_CIDADE_min": "São Vicente_Baixada Santista" }, "geometry": { "type": "Point", "coordinates": [ -46.3868636, -23.9670912 ] } },
{ "type": "Feature", "properties": { "CNPJ": "26268749000108", "IDCIDADE": "SAO_VICENTE", "NOMEFANTASIA": "OTICA_LITORAL_CLASS", "RAZAOSOCIAL": "IRINEU_FERNANDES_JUNIOR_OTICA", "ENDEE": "RUA_QUINZE_DE_NOVEMBRO197__CENTRO_11310-401", "LATITUDE": "-23.9669472", "LONGITUDE": "-46.3869804", "LMAPS": "https://www.google.com/maps?q=&layer=c&cbll=-46.3869804,-23.9669472", "O_QUE_FAZER": "CARTEIRA", "ER_REGIAO_CIDADE_min": "São Vicente_Baixada Santista" }, "geometry": { "type": "Point", "coordinates": [ -46.3869804, -23.9669472 ] } },
{ "type": "Feature", "properties": { "CNPJ": "44979656000335", "IDCIDADE": "SAO_VICENTE", "NOMEFANTASIA": "BAZAR_3_GUERREIROS", "RAZAOSOCIAL": "RC_SEABRA_&_MORAES_LTDA", "ENDEE": "RUA_QUINZE_DE_NOVEMBRO205__CENTRO_11310-401", "LATITUDE": "-23.9668433", "LONGITUDE": "-46.386987", "LMAPS": "https://www.google.com/maps?q=&layer=c&cbll=-46.386987,-23.9668433", "O_QUE_FAZER": "CARTEIRA", "ER_REGIAO_CIDADE_min": "São Vicente_Baixada Santista" }, "geometry": { "type": "Point", "coordinates": [ -46.386987, -23.9668433 ] } },
{ "type": "Feature", "properties": { "CNPJ": "28580403000176", "IDCIDADE": "SAO_VICENTE", "NOMEFANTASIA": "OTICAS_DINIZ", "RAZAOSOCIAL": "A._DA_S._SANTOS", "ENDEE": "RUA_QUINZE_DE_NOVEMBRO217__CENTRO_11310-401", "LATITUDE": "-23.9667539", "LONGITUDE": "-46.3869309", "LMAPS": "https://www.google.com/maps?q=&layer=c&cbll=-46.3869309,-23.9667539", "O_QUE_FAZER": "CARTEIRA", "ER_REGIAO_CIDADE_min": "São Vicente_Baixada Santista" }, "geometry": { "type": "Point", "coordinates": [ -46.3869309, -23.9667539 ] } },
{ "type": "Feature", "properties": { "CNPJ": "41093830000198", "IDCIDADE": "SAO_VICENTE", "NOMEFANTASIA": "ACOUGUE_ADELIO", "RAZAOSOCIAL": "L._E._CAMILO_DA_SILVA", "ENDEE": "RUA_QUINZE_DE_NOVEMBRO22__CENTRO_11310-401", "LATITUDE": "-23.9683819", "LONGITUDE": "-46.3875061", "LMAPS": "https://www.google.com/maps?q=&layer=c&cbll=-46.3875061,-23.9683819", "O_QUE_FAZER": "CARTEIRA", "ER_REGIAO_CIDADE_min": "São Vicente_Baixada Santista" }, "geometry": { "type": "Point", "coordinates": [ -46.3875061, -23.9683819 ] } },
{ "type": "Feature", "properties": { "CNPJ": "12516853000160", "IDCIDADE": "SAO_VICENTE", "NOMEFANTASIA": "GERACAO_INFANTIL", "RAZAOSOCIAL": "GERACAO_INFANTIL_ROUPAS_LTDA", "ENDEE": "RUA_QUINZE_DE_NOVEMBRO248__CENTRO_11310-401", "LATITUDE": "-23.9666848", "LONGITUDE": "-46.3864203", "LMAPS": "https://www.google.com/maps?q=&layer=c&cbll=-46.3864203,-23.9666848", "O_QUE_FAZER": "CARTEIRA", "ER_REGIAO_CIDADE_min": "São Vicente_Baixada Santista" }, "geometry": { "type": "Point", "coordinates": [ -46.3864203, -23.9666848 ] } },
{ "type": "Feature", "properties": { "CNPJ": "07276612000150", "IDCIDADE": "SAO_VICENTE", "NOMEFANTASIA": "LIZABETH_NOIVAS_E_NOIVOS", "RAZAOSOCIAL": "LIZABETHE_NOIVAS_E_NOIVOS_COMERCIO_E_LOCACAO_DE_ROUPAS_UNIPESSOAL_LTDA", "ENDEE": "RUA_QUINZE_DE_NOVEMBRO25__CENTRO_11310-401", "LATITUDE": "-23.9683819", "LONGITUDE": "-46.3876742", "LMAPS": "https://www.google.com/maps?q=&layer=c&cbll=-46.3876742,-23.9683819", "O_QUE_FAZER": "CARTEIRA", "ER_REGIAO_CIDADE_min": "São Vicente_Baixada Santista" }, "geometry": { "type": "Point", "coordinates": [ -46.3876742, -23.9683819 ] } },
{ "type": "Feature", "properties": { "CNPJ": "21869962000151", "IDCIDADE": "SAO_VICENTE", "NOMEFANTASIA": "PINTANDO_O_SE7E", "RAZAOSOCIAL": "C_DE_BRITO_SOUZA", "ENDEE": "RUA_QUINZE_DE_NOVEMBRO260__CENTRO_11310-401", "LATITUDE": "-23.9663588", "LONGITUDE": "-46.3865276", "LMAPS": "https://www.google.com/maps?q=&layer=c&cbll=-46.3865276,-23.9663588", "O_QUE_FAZER": "CARTEIRA", "ER_REGIAO_CIDADE_min": "São Vicente_Baixada Santista" }, "geometry": { "type": "Point", "coordinates": [ -46.3865276, -23.9663588 ] } },
{ "type": "Feature", "properties": { "CNPJ": "36372644000158", "IDCIDADE": "SAO_VICENTE", "NOMEFANTASIA": "BOX_QUINZE", "RAZAOSOCIAL": "RINALDO_COELHO_RODRIGUES", "ENDEE": "RUA_QUINZE_DE_NOVEMBRO28__CENTRO_11310-401", "LATITUDE": "-23.9683199", "LONGITUDE": "-46.3875409", "LMAPS": "https://www.google.com/maps?q=&layer=c&cbll=-46.3875409,-23.9683199", "O_QUE_FAZER": "CARTEIRA", "ER_REGIAO_CIDADE_min": "São Vicente_Baixada Santista" }, "geometry": { "type": "Point", "coordinates": [ -46.3875409, -23.9683199 ] } },
{ "type": "Feature", "properties": { "CNPJ": "07399600000113", "IDCIDADE": "SAO_VICENTE", "NOMEFANTASIA": "TENNESSEE", "RAZAOSOCIAL": "CENTER_BOI_NELORE_COMERCIO_DE_CARNES_LTDA", "ENDEE": "RUA_QUINZE_DE_NOVEMBRO289__CENTRO_11310-401", "LATITUDE": "-23.9661801", "LONGITUDE": "-46.3866881", "LMAPS": "https://www.google.com/maps?q=&layer=c&cbll=-46.3866881,-23.9661801", "O_QUE_FAZER": "CARTEIRA", "ER_REGIAO_CIDADE_min": "São Vicente_Baixada Santista" }, "geometry": { "type": "Point", "coordinates": [ -46.3866881, -23.9661801 ] } },
{ "type": "Feature", "properties": { "CNPJ": "18678736000189", "IDCIDADE": "SAO_VICENTE", "NOMEFANTASIA": "CAPRICHO_MODA_FEMININA", "RAZAOSOCIAL": "TATIANA_BARBATO_PEDRY_-_MODA_FEMENINA", "ENDEE": "RUA_QUINZE_DE_NOVEMBRO294__CENTRO_11310-401", "LATITUDE": "-23.9661736", "LONGITUDE": "-46.3864916", "LMAPS": "https://www.google.com/maps?q=&layer=c&cbll=-46.3864916,-23.9661736", "O_QUE_FAZER": "CARTEIRA", "ER_REGIAO_CIDADE_min": "São Vicente_Baixada Santista" }, "geometry": { "type": "Point", "coordinates": [ -46.3864916, -23.9661736 ] } },
{ "type": "Feature", "properties": { "CNPJ": "52234811000150", "IDCIDADE": "SAO_VICENTE", "NOMEFANTASIA": "MEGA_EQUIPAMENTOS_LITORAL", "RAZAOSOCIAL": "MEGA_EQUIPAMENTOS_LITORAL_LTDA", "ENDEE": "RUA_QUINZE_DE_NOVEMBRO3__CENTRO_11310-401", "LATITUDE": "-23.9685538", "LONGITUDE": "-46.387714", "LMAPS": "https://www.google.com/maps?q=&layer=c&cbll=-46.387714,-23.9685538", "O_QUE_FAZER": "CARTEIRA", "ER_REGIAO_CIDADE_min": "São Vicente_Baixada Santista" }, "geometry": { "type": "Point", "coordinates": [ -46.387714, -23.9685538 ] } },
{ "type": "Feature", "properties": { "CNPJ": "13682360000243", "IDCIDADE": "SAO_VICENTE", "NOMEFANTASIA": "ANDRE_TECIDOS", "RAZAOSOCIAL": "ANDRE_CAO_VINO_MARCONDES_FERREIRA", "ENDEE": "RUA_QUINZE_DE_NOVEMBRO31__CENTRO_11310-401", "LATITUDE": "-23.9683024", "LONGITUDE": "-46.3877085", "LMAPS": "https://www.google.com/maps?q=&layer=c&cbll=-46.3877085,-23.9683024", "O_QUE_FAZER": "CARTEIRA", "ER_REGIAO_CIDADE_min": "São Vicente_Baixada Santista" }, "geometry": { "type": "Point", "coordinates": [ -46.3877085, -23.9683024 ] } },
{ "type": "Feature", "properties": { "CNPJ": "72685993000193", "IDCIDADE": "SAO_VICENTE", "NOMEFANTASIA": "PINGO_DE_OURO", "RAZAOSOCIAL": "CAIRES_&_PINTO_LTDA", "ENDEE": "RUA_QUINZE_DE_NOVEMBRO316__CENTRO_11310-401", "LATITUDE": "-23.9659304", "LONGITUDE": "-46.3864705", "LMAPS": "https://www.google.com/maps?q=&layer=c&cbll=-46.3864705,-23.9659304", "O_QUE_FAZER": "CARTEIRA", "ER_REGIAO_CIDADE_min": "São Vicente_Baixada Santista" }, "geometry": { "type": "Point", "coordinates": [ -46.3864705, -23.9659304 ] } },
{ "type": "Feature", "properties": { "CNPJ": "08341986000175", "IDCIDADE": "SAO_VICENTE", "NOMEFANTASIA": "OTICA_NATAL", "RAZAOSOCIAL": "MARISE_HORTENCIO_CAVALCANTE", "ENDEE": "RUA_QUINZE_DE_NOVEMBRO318__CENTRO_11310-401", "LATITUDE": "-23.9659145", "LONGITUDE": "-46.386473", "LMAPS": "https://www.google.com/maps?q=&layer=c&cbll=-46.386473,-23.9659145", "O_QUE_FAZER": "CARTEIRA", "ER_REGIAO_CIDADE_min": "São Vicente_Baixada Santista" }, "geometry": { "type": "Point", "coordinates": [ -46.386473, -23.9659145 ] } },
{ "type": "Feature", "properties": { "CNPJ": "48669477000190", "IDCIDADE": "SAO_VICENTE", "NOMEFANTASIA": "LUA_DE_CRISTAL", "RAZAOSOCIAL": "ALBERTO_DOS_SANTOS_BERNARDO_ROUPAS", "ENDEE": "RUA_QUINZE_DE_NOVEMBRO321__CENTRO_11310-401", "LATITUDE": "-23.9659053", "LONGITUDE": "-46.3864995", "LMAPS": "https://www.google.com/maps?q=&layer=c&cbll=-46.3864995,-23.9659053", "O_QUE_FAZER": "CARTEIRA", "ER_REGIAO_CIDADE_min": "São Vicente_Baixada Santista" }, "geometry": { "type": "Point", "coordinates": [ -46.3864995, -23.9659053 ] } },
{ "type": "Feature", "properties": { "CNPJ": "07505643000136", "IDCIDADE": "SAO_VICENTE", "NOMEFANTASIA": "BCO", "RAZAOSOCIAL": "EDLAINE_CASSIA_DE_LIMA", "ENDEE": "RUA_QUINZE_DE_NOVEMBRO325__CENTRO_11310-401", "LATITUDE": "-23.965901", "LONGITUDE": "-46.3864928", "LMAPS": "https://www.google.com/maps?q=&layer=c&cbll=-46.3864928,-23.965901", "O_QUE_FAZER": "CARTEIRA", "ER_REGIAO_CIDADE_min": "São Vicente_Baixada Santista" }, "geometry": { "type": "Point", "coordinates": [ -46.3864928, -23.965901 ] } },
{ "type": "Feature", "properties": { "CNPJ": "04837171000120", "IDCIDADE": "SAO_VICENTE", "NOMEFANTASIA": "GOMES", "RAZAOSOCIAL": "GOMES_SAO_VICENTE_LTDA", "ENDEE": "RUA_QUINZE_DE_NOVEMBRO331__CENTRO_11310-401", "LATITUDE": "-23.9659133", "LONGITUDE": "-46.3864837", "LMAPS": "https://www.google.com/maps?q=&layer=c&cbll=-46.3864837,-23.9659133", "O_QUE_FAZER": "CARTEIRA", "ER_REGIAO_CIDADE_min": "São Vicente_Baixada Santista" }, "geometry": { "type": "Point", "coordinates": [ -46.3864837, -23.9659133 ] } },
{ "type": "Feature", "properties": { "CNPJ": "13682360000162", "IDCIDADE": "SAO_VICENTE", "NOMEFANTASIA": "ANDRE_ARMARINHOS", "RAZAOSOCIAL": "ANDRE_CAO_VINO_MARCONDES_FERREIRA", "ENDEE": "RUA_QUINZE_DE_NOVEMBRO37__CENTRO_11310-401", "LATITUDE": "-23.968235", "LONGITUDE": "-46.3876598", "LMAPS": "https://www.google.com/maps?q=&layer=c&cbll=-46.3876598,-23.968235", "O_QUE_FAZER": "CARTEIRA", "ER_REGIAO_CIDADE_min": "São Vicente_Baixada Santista" }, "geometry": { "type": "Point", "coordinates": [ -46.3876598, -23.968235 ] } },
{ "type": "Feature", "properties": { "CNPJ": "08199961000189", "IDCIDADE": "SAO_VICENTE", "NOMEFANTASIA": "MADE_IN_BRASIL", "RAZAOSOCIAL": "L_X_DE_LIMA", "ENDEE": "RUA_QUINZE_DE_NOVEMBRO384__CENTRO_11310-401", "LATITUDE": "-23.9653655", "LONGITUDE": "-46.3861888", "LMAPS": "https://www.google.com/maps?q=&layer=c&cbll=-46.3861888,-23.9653655", "O_QUE_FAZER": "CARTEIRA", "ER_REGIAO_CIDADE_min": "São Vicente_Baixada Santista" }, "geometry": { "type": "Point", "coordinates": [ -46.3861888, -23.9653655 ] } },
{ "type": "Feature", "properties": { "CNPJ": "19767260000115", "IDCIDADE": "SAO_VICENTE", "NOMEFANTASIA": "CASA_DOS_FOGOES", "RAZAOSOCIAL": "CARMEM_LUCIA_SOUZA_RIBEIRO_DOS_SANTOS", "ENDEE": "RUA_QUINZE_DE_NOVEMBRO390__CENTRO_11310-401", "LATITUDE": "-23.9653464", "LONGITUDE": "-46.3861617", "LMAPS": "https://www.google.com/maps?q=&layer=c&cbll=-46.3861617,-23.9653464", "O_QUE_FAZER": "CARTEIRA", "ER_REGIAO_CIDADE_min": "São Vicente_Baixada Santista" }, "geometry": { "type": "Point", "coordinates": [ -46.3861617, -23.9653464 ] } },
{ "type": "Feature", "properties": { "CNPJ": "68396530000134", "IDCIDADE": "SAO_VICENTE", "NOMEFANTASIA": "BAZAR_LINHAS_E_CIA", "RAZAOSOCIAL": "MARCOS_AGUIAR_YUMOTO", "ENDEE": "RUA_QUINZE_DE_NOVEMBRO396__CENTRO_11310-401", "LATITUDE": "-23.9652939", "LONGITUDE": "-46.3860835", "LMAPS": "https://www.google.com/maps?q=&layer=c&cbll=-46.3860835,-23.9652939", "O_QUE_FAZER": "CARTEIRA", "ER_REGIAO_CIDADE_min": "São Vicente_Baixada Santista" }, "geometry": { "type": "Point", "coordinates": [ -46.3860835, -23.9652939 ] } },
{ "type": "Feature", "properties": { "CNPJ": "35188736000462", "IDCIDADE": "SAO_VICENTE", "NOMEFANTASIA": "LAUDIVAS_COLCHOES", "RAZAOSOCIAL": "CLAUDIVAS_COLCHOES_E_ACESSORIOS_LTDA", "ENDEE": "RUA_QUINZE_DE_NOVEMBRO426__CENTRO_11310-401", "LATITUDE": "-23.9650309", "LONGITUDE": "-46.3860447", "LMAPS": "https://www.google.com/maps?q=&layer=c&cbll=-46.3860447,-23.9650309", "O_QUE_FAZER": "CARTEIRA", "ER_REGIAO_CIDADE_min": "São Vicente_Baixada Santista" }, "geometry": { "type": "Point", "coordinates": [ -46.3860447, -23.9650309 ] } },
{ "type": "Feature", "properties": { "CNPJ": "08230166000106", "IDCIDADE": "SAO_VICENTE", "NOMEFANTASIA": "RESTAURANTE_RODEIO", "RAZAOSOCIAL": "KATIA_C._M._DOS_SANTOS_RESTAURANTE", "ENDEE": "RUA_QUINZE_DE_NOVEMBRO46__CENTRO_11310-401", "LATITUDE": "-23.9681918", "LONGITUDE": "-46.3874839", "LMAPS": "https://www.google.com/maps?q=&layer=c&cbll=-46.3874839,-23.9681918", "O_QUE_FAZER": "CARTEIRA", "ER_REGIAO_CIDADE_min": "São Vicente_Baixada Santista" }, "geometry": { "type": "Point", "coordinates": [ -46.3874839, -23.9681918 ] } },
{ "type": "Feature", "properties": { "CNPJ": "16708907000140", "IDCIDADE": "SAO_VICENTE", "NOMEFANTASIA": "SINAL_MODAS", "RAZAOSOCIAL": "WELLINGTON_&_EDSON_BISPO_DE_ARAUJO_-_VESTUARIO_LTDA", "ENDEE": "RUA_QUINZE_DE_NOVEMBRO464__CENTRO_11310-401", "LATITUDE": "-23.9647218", "LONGITUDE": "-46.3858306", "LMAPS": "https://www.google.com/maps?q=&layer=c&cbll=-46.3858306,-23.9647218", "O_QUE_FAZER": "CARTEIRA", "ER_REGIAO_CIDADE_min": "São Vicente_Baixada Santista" }, "geometry": { "type": "Point", "coordinates": [ -46.3858306, -23.9647218 ] } },
{ "type": "Feature", "properties": { "CNPJ": "35654840000152", "IDCIDADE": "SAO_VICENTE", "NOMEFANTASIA": "CASTELO_DESPACHOS", "RAZAOSOCIAL": "JULIO_C._TEIXEIRA", "ENDEE": "RUA_QUINZE_DE_NOVEMBRO496__CENTRO_11310-401", "LATITUDE": "-23.9644429", "LONGITUDE": "-46.3858027", "LMAPS": "https://www.google.com/maps?q=&layer=c&cbll=-46.3858027,-23.9644429", "O_QUE_FAZER": "CARTEIRA", "ER_REGIAO_CIDADE_min": "São Vicente_Baixada Santista" }, "geometry": { "type": "Point", "coordinates": [ -46.3858027, -23.9644429 ] } },
{ "type": "Feature", "properties": { "CNPJ": "44931846000110", "IDCIDADE": "SAO_VICENTE", "NOMEFANTASIA": "ALECRIM_PRODUTOS_NATURAIS", "RAZAOSOCIAL": "BARAKAT_PRODUTOS_NATURAIS_LTDA", "ENDEE": "RUA_QUINZE_DE_NOVEMBRO496__CENTRO_11310-401", "LATITUDE": "-23.9644451", "LONGITUDE": "-46.3857715", "LMAPS": "https://www.google.com/maps?q=&layer=c&cbll=-46.3857715,-23.9644451", "O_QUE_FAZER": "CARTEIRA", "ER_REGIAO_CIDADE_min": "São Vicente_Baixada Santista" }, "geometry": { "type": "Point", "coordinates": [ -46.3857715, -23.9644451 ] } },
{ "type": "Feature", "properties": { "CNPJ": "43626982000134", "IDCIDADE": "SAO_VICENTE", "NOMEFANTASIA": "PARIS_BOUTIQUE", "RAZAOSOCIAL": "PARIS_BOUTIQUE_&_ACESSORIOS_LTDA", "ENDEE": "RUA_QUINZE_DE_NOVEMBRO504__CENTRO_11310-401", "LATITUDE": "-23.9643433", "LONGITUDE": "-46.3857218", "LMAPS": "https://www.google.com/maps?q=&layer=c&cbll=-46.3857218,-23.9643433", "O_QUE_FAZER": "CARTEIRA", "ER_REGIAO_CIDADE_min": "São Vicente_Baixada Santista" }, "geometry": { "type": "Point", "coordinates": [ -46.3857218, -23.9643433 ] } },
{ "type": "Feature", "properties": { "CNPJ": "17370616000157", "IDCIDADE": "SAO_VICENTE", "NOMEFANTASIA": "MATRIX_COPIADORA", "RAZAOSOCIAL": "CLEIDE_RIBEIRO_MESQUITA", "ENDEE": "RUA_QUINZE_DE_NOVEMBRO504__CENTRO_11310-401", "LATITUDE": "-23.9644094", "LONGITUDE": "-46.3857802", "LMAPS": "https://www.google.com/maps?q=&layer=c&cbll=-46.3857802,-23.9644094", "O_QUE_FAZER": "CARTEIRA", "ER_REGIAO_CIDADE_min": "São Vicente_Baixada Santista" }, "geometry": { "type": "Point", "coordinates": [ -46.3857802, -23.9644094 ] } },
{ "type": "Feature", "properties": { "CNPJ": "48115972000158", "IDCIDADE": "SAO_VICENTE", "NOMEFANTASIA": "BAZAR_CRISTINA", "RAZAOSOCIAL": "BAZAR_CRISTINA_SAO_VICENTE_LTDA", "ENDEE": "RUA_QUINZE_DE_NOVEMBRO52__CENTRO_11310-401", "LATITUDE": "-23.9681471", "LONGITUDE": "-46.3873658", "LMAPS": "https://www.google.com/maps?q=&layer=c&cbll=-46.3873658,-23.9681471", "O_QUE_FAZER": "CARTEIRA", "ER_REGIAO_CIDADE_min": "São Vicente_Baixada Santista" }, "geometry": { "type": "Point", "coordinates": [ -46.3873658, -23.9681471 ] } },
{ "type": "Feature", "properties": { "CNPJ": "35783875000191", "IDCIDADE": "SAO_VICENTE", "NOMEFANTASIA": "OTICA_MATRIZ", "RAZAOSOCIAL": "C_A_CENEDESI_LTDA", "ENDEE": "RUA_QUINZE_DE_NOVEMBRO558__CENTRO_11310-401", "LATITUDE": "-23.9639425", "LONGITUDE": "-46.3856257", "LMAPS": "https://www.google.com/maps?q=&layer=c&cbll=-46.3856257,-23.9639425", "O_QUE_FAZER": "CARTEIRA", "ER_REGIAO_CIDADE_min": "São Vicente_Baixada Santista" }, "geometry": { "type": "Point", "coordinates": [ -46.3856257, -23.9639425 ] } },
{ "type": "Feature", "properties": { "CNPJ": "32301330000103", "IDCIDADE": "SAO_VICENTE", "NOMEFANTASIA": "DENTARI", "RAZAOSOCIAL": "ATEF_MOUBAREC_SERVICOS_ODONTOLOGICOS_LTDA", "ENDEE": "RUA_QUINZE_DE_NOVEMBRO576__CENTRO_11310-401", "LATITUDE": "-23.9637016", "LONGITUDE": "-46.3854193", "LMAPS": "https://www.google.com/maps?q=&layer=c&cbll=-46.3854193,-23.9637016", "O_QUE_FAZER": "CARTEIRA", "ER_REGIAO_CIDADE_min": "São Vicente_Baixada Santista" }, "geometry": { "type": "Point", "coordinates": [ -46.3854193, -23.9637016 ] } },
{ "type": "Feature", "properties": { "CNPJ": "07690239000180", "IDCIDADE": "SAO_VICENTE", "NOMEFANTASIA": "DANI_BIJU", "RAZAOSOCIAL": "MARILI_CUNHA_DOMINGUES", "ENDEE": "RUA_QUINZE_DE_NOVEMBRO58__CENTRO_11310-401", "LATITUDE": "-23.9681114", "LONGITUDE": "-46.3873391", "LMAPS": "https://www.google.com/maps?q=&layer=c&cbll=-46.3873391,-23.9681114", "O_QUE_FAZER": "CARTEIRA", "ER_REGIAO_CIDADE_min": "São Vicente_Baixada Santista" }, "geometry": { "type": "Point", "coordinates": [ -46.3873391, -23.9681114 ] } },
{ "type": "Feature", "properties": { "CNPJ": "33413090000100", "IDCIDADE": "SAO_VICENTE", "NOMEFANTASIA": "RESTAURANTE_EMMERICK", "RAZAOSOCIAL": "RESTAURANTE_EMMERICK_LTDA", "ENDEE": "RUA_QUINZE_DE_NOVEMBRO625__CENTRO_11310-401", "LATITUDE": "-23.9634861", "LONGITUDE": "-46.3854264", "LMAPS": "https://www.google.com/maps?q=&layer=c&cbll=-46.3854264,-23.9634861", "O_QUE_FAZER": "CARTEIRA", "ER_REGIAO_CIDADE_min": "São Vicente_Baixada Santista" }, "geometry": { "type": "Point", "coordinates": [ -46.3854264, -23.9634861 ] } },
{ "type": "Feature", "properties": { "CNPJ": "30379659000161", "IDCIDADE": "SAO_VICENTE", "NOMEFANTASIA": "BAZAR_DA_QUINZE", "RAZAOSOCIAL": "M.S.C._SANTOS_EMPREITEIRA_DE_MAO_DE_OBRA_LTDA", "ENDEE": "RUA_QUINZE_DE_NOVEMBRO631__CENTRO_11310-401", "LATITUDE": "-23.9633566", "LONGITUDE": "-46.3853436", "LMAPS": "https://www.google.com/maps?q=&layer=c&cbll=-46.3853436,-23.9633566", "O_QUE_FAZER": "CARTEIRA", "ER_REGIAO_CIDADE_min": "São Vicente_Baixada Santista" }, "geometry": { "type": "Point", "coordinates": [ -46.3853436, -23.9633566 ] } },
{ "type": "Feature", "properties": { "CNPJ": "10604081000192", "IDCIDADE": "SAO_VICENTE", "NOMEFANTASIA": "100_ACAI", "RAZAOSOCIAL": "HEIWA_COMERCIO_DE_ALIMENTOS_CONGELADOS_LTDA", "ENDEE": "RUA_QUINZE_DE_NOVEMBRO641__CENTRO_11310-401", "LATITUDE": "-23.9631407", "LONGITUDE": "-46.385275", "LMAPS": "https://www.google.com/maps?q=&layer=c&cbll=-46.385275,-23.9631407", "O_QUE_FAZER": "CARTEIRA", "ER_REGIAO_CIDADE_min": "São Vicente_Baixada Santista" }, "geometry": { "type": "Point", "coordinates": [ -46.385275, -23.9631407 ] } },
{ "type": "Feature", "properties": { "CNPJ": "52095795000243", "IDCIDADE": "SAO_VICENTE", "NOMEFANTASIA": "COMBO", "RAZAOSOCIAL": "COMBO_COMERCIO_DE_ROUPAS_E_ACESSORIOS_LTDA", "ENDEE": "RUA_QUINZE_DE_NOVEMBRO73__CENTRO_11310-401", "LATITUDE": "-23.9679284", "LONGITUDE": "-46.3874547", "LMAPS": "https://www.google.com/maps?q=&layer=c&cbll=-46.3874547,-23.9679284", "O_QUE_FAZER": "CARTEIRA", "ER_REGIAO_CIDADE_min": "São Vicente_Baixada Santista" }, "geometry": { "type": "Point", "coordinates": [ -46.3874547, -23.9679284 ] } },
{ "type": "Feature", "properties": { "CNPJ": "09081579000139", "IDCIDADE": "SAO_VICENTE", "NOMEFANTASIA": "SORRIDENTS", "RAZAOSOCIAL": "AGF_ASSISTENCIA_ODONTOLOGICA_S/S_LTDA", "ENDEE": "RUA_QUINZE_DE_NOVEMBRO81__CENTRO_11310-401", "LATITUDE": "-23.9679167", "LONGITUDE": "-46.3873812", "LMAPS": "https://www.google.com/maps?q=&layer=c&cbll=-46.3873812,-23.9679167", "O_QUE_FAZER": "CARTEIRA", "ER_REGIAO_CIDADE_min": "São Vicente_Baixada Santista" }, "geometry": { "type": "Point", "coordinates": [ -46.3873812, -23.9679167 ] } },
{ "type": "Feature", "properties": { "CNPJ": "50327368000137", "IDCIDADE": "SAO_VICENTE", "NOMEFANTASIA": "LUPHARMA", "RAZAOSOCIAL": "SS_FARMACIA_DE_MANIPULACAO_UNIPESSOAL_LTDA", "ENDEE": "RUA_IPIRANGA183__CENTRO_11310-420", "LATITUDE": "-23.9660202", "LONGITUDE": "-46.3878766", "LMAPS": "https://www.google.com/maps?q=&layer=c&cbll=-46.3878766,-23.9660202", "O_QUE_FAZER": "CARTEIRA", "ER_REGIAO_CIDADE_min": "São Vicente_Baixada Santista" }, "geometry": { "type": "Point", "coordinates": [ -46.3878766, -23.9660202 ] } },
{ "type": "Feature", "properties": { "CNPJ": "50775329000100", "IDCIDADE": "SAO_VICENTE", "NOMEFANTASIA": "CASA_DA_COZINHA", "RAZAOSOCIAL": "MARIA_E_ELIS_ELETRODOMESTICOS_LTDA", "ENDEE": "RUA_IPIRANGA207__CENTRO_11310-420", "LATITUDE": "-23.9657634", "LONGITUDE": "-46.3878", "LMAPS": "https://www.google.com/maps?q=&layer=c&cbll=-46.3878,-23.9657634", "O_QUE_FAZER": "CARTEIRA", "ER_REGIAO_CIDADE_min": "São Vicente_Baixada Santista" }, "geometry": { "type": "Point", "coordinates": [ -46.3878, -23.9657634 ] } },
{ "type": "Feature", "properties": { "CNPJ": "18361906000288", "IDCIDADE": "SAO_VICENTE", "NOMEFANTASIA": "VIVI_MODAS", "RAZAOSOCIAL": "V_P_RIOS_MODAS", "ENDEE": "RUA_IPIRANGA224__CENTRO_11310-420", "LATITUDE": "-23.9657781", "LONGITUDE": "-46.3876589", "LMAPS": "https://www.google.com/maps?q=&layer=c&cbll=-46.3876589,-23.9657781", "O_QUE_FAZER": "CARTEIRA", "ER_REGIAO_CIDADE_min": "São Vicente_Baixada Santista" }, "geometry": { "type": "Point", "coordinates": [ -46.3876589, -23.9657781 ] } },
{ "type": "Feature", "properties": { "CNPJ": "01471090000161", "IDCIDADE": "SAO_VICENTE", "NOMEFANTASIA": "COMPUCENTER_PROFISSIONALMENTES", "RAZAOSOCIAL": "EDER_FAVERO_INFORMATICA", "ENDEE": "RUA_IPIRANGA243__CENTRO_11310-420", "LATITUDE": "-23.9655344", "LONGITUDE": "-46.387683", "LMAPS": "https://www.google.com/maps?q=&layer=c&cbll=-46.387683,-23.9655344", "O_QUE_FAZER": "CARTEIRA", "ER_REGIAO_CIDADE_min": "São Vicente_Baixada Santista" }, "geometry": { "type": "Point", "coordinates": [ -46.387683, -23.9655344 ] } },
{ "type": "Feature", "properties": { "CNPJ": "45072097000186", "IDCIDADE": "SAO_VICENTE", "NOMEFANTASIA": "PAPOS", "RAZAOSOCIAL": "MAGAZINE_PUPOS_LIMITADA", "ENDEE": "RUA_IPIRANGA279__CENTRO_11310-420", "LATITUDE": "-23.9652363", "LONGITUDE": "-46.3874911", "LMAPS": "https://www.google.com/maps?q=&layer=c&cbll=-46.3874911,-23.9652363", "O_QUE_FAZER": "CARTEIRA", "ER_REGIAO_CIDADE_min": "São Vicente_Baixada Santista" }, "geometry": { "type": "Point", "coordinates": [ -46.3874911, -23.9652363 ] } },
{ "type": "Feature", "properties": { "CNPJ": "01473664000130", "IDCIDADE": "SAO_VICENTE", "NOMEFANTASIA": "OTICA_IRIS", "RAZAOSOCIAL": "IRISVALDO_RAMOS_DE_LIMA_SAO_VICENTE", "ENDEE": "RUA_IPIRANGA280__CENTRO_11310-420", "LATITUDE": "-23.965265", "LONGITUDE": "-46.3874591", "LMAPS": "https://www.google.com/maps?q=&layer=c&cbll=-46.3874591,-23.965265", "O_QUE_FAZER": "CARTEIRA", "ER_REGIAO_CIDADE_min": "São Vicente_Baixada Santista" }, "geometry": { "type": "Point", "coordinates": [ -46.3874591, -23.965265 ] } },
{ "type": "Feature", "properties": { "CNPJ": "51081214000251", "IDCIDADE": "SAO_VICENTE", "NOMEFANTASIA": "CLINICA_RADIOLOGICA_DO_GUARUJA", "RAZAOSOCIAL": "CLINICA_RADIOLOGICA_DO_GUARUJA_LTDA", "ENDEE": "RUA_IPIRANGA345__CENTRO_11310-420", "LATITUDE": "-23.9646148", "LONGITUDE": "-46.3873345", "LMAPS": "https://www.google.com/maps?q=&layer=c&cbll=-46.3873345,-23.9646148", "O_QUE_FAZER": "CARTEIRA", "ER_REGIAO_CIDADE_min": "São Vicente_Baixada Santista" }, "geometry": { "type": "Point", "coordinates": [ -46.3873345, -23.9646148 ] } },
{ "type": "Feature", "properties": { "CNPJ": "45006293000152", "IDCIDADE": "SAO_VICENTE", "NOMEFANTASIA": "FERPA_PARAFUSOS", "RAZAOSOCIAL": "FERPA_COMERCIO_DE_PARAFUSOS_LTDA", "ENDEE": "RUA_IPIRANGA464__CENTRO_11310-420", "LATITUDE": "-23.9636339", "LONGITUDE": "-46.386754", "LMAPS": "https://www.google.com/maps?q=&layer=c&cbll=-46.386754,-23.9636339", "O_QUE_FAZER": "CARTEIRA", "ER_REGIAO_CIDADE_min": "São Vicente_Baixada Santista" }, "geometry": { "type": "Point", "coordinates": [ -46.386754, -23.9636339 ] } },
{ "type": "Feature", "properties": { "CNPJ": "10895748000153", "IDCIDADE": "SAO_VICENTE", "NOMEFANTASIA": "GRAFICA_IPIRANGZ", "RAZAOSOCIAL": "ANDRADE_&_GALVAO_PAPELARIA_LTDA", "ENDEE": "RUA_IPIRANGA470__CENTRO_11310-420", "LATITUDE": "-23.9636601", "LONGITUDE": "-46.3867768", "LMAPS": "https://www.google.com/maps?q=&layer=c&cbll=-46.3867768,-23.9636601", "O_QUE_FAZER": "CARTEIRA", "ER_REGIAO_CIDADE_min": "São Vicente_Baixada Santista" }, "geometry": { "type": "Point", "coordinates": [ -46.3867768, -23.9636601 ] } },
{ "type": "Feature", "properties": { "CNPJ": "26145059000161", "IDCIDADE": "SAO_VICENTE", "NOMEFANTASIA": "CDAD", "RAZAOSOCIAL": "CENTRO_DE_DIAGNOSTICO_DO_APARELHO_DIGESTIVO_JCC_LTDA", "ENDEE": "RUA_IPIRANGA5__CENTRO_11310-420", "LATITUDE": "-23.9675026", "LONGITUDE": "-46.3885569", "LMAPS": "https://www.google.com/maps?q=&layer=c&cbll=-46.3885569,-23.9675026", "O_QUE_FAZER": "CARTEIRA", "ER_REGIAO_CIDADE_min": "São Vicente_Baixada Santista" }, "geometry": { "type": "Point", "coordinates": [ -46.3885569, -23.9675026 ] } },
{ "type": "Feature", "properties": { "CNPJ": "11665572000106", "IDCIDADE": "SAO_VICENTE", "NOMEFANTASIA": "SERGIO_SALGADOS", "RAZAOSOCIAL": "P.S._DE_SOUZA_-_SALGADOS_LTDA", "ENDEE": "RUA_IPIRANGA502__CENTRO_11310-420", "LATITUDE": "-23.9634153", "LONGITUDE": "-46.386595", "LMAPS": "https://www.google.com/maps?q=&layer=c&cbll=-46.386595,-23.9634153", "O_QUE_FAZER": "CARTEIRA", "ER_REGIAO_CIDADE_min": "São Vicente_Baixada Santista" }, "geometry": { "type": "Point", "coordinates": [ -46.386595, -23.9634153 ] } },
{ "type": "Feature", "properties": { "CNPJ": "10736048000116", "IDCIDADE": "SAO_VICENTE", "NOMEFANTASIA": "KALLUNGA_PRODUTOS_E_SERVICOS_AUTOMOTIVOS", "RAZAOSOCIAL": "KALLUNGA_PRODUTOS_E_SERVICOS_AUTOMOTIVOS_LTDA.", "ENDEE": "RUA_IPIRANGA515__CENTRO_11310-420", "LATITUDE": "-23.9631667", "LONGITUDE": "-46.3868167", "LMAPS": "https://www.google.com/maps?q=&layer=c&cbll=-46.3868167,-23.9631667", "O_QUE_FAZER": "CARTEIRA", "ER_REGIAO_CIDADE_min": "São Vicente_Baixada Santista" }, "geometry": { "type": "Point", "coordinates": [ -46.3868167, -23.9631667 ] } },
{ "type": "Feature", "properties": { "CNPJ": "49162213000109", "IDCIDADE": "SAO_VICENTE", "NOMEFANTASIA": "CFC_MILLA", "RAZAOSOCIAL": "AUTO_MOTO_ESCOLA_MILLA_LTDA", "ENDEE": "RUA_IPIRANGA76__CENTRO_11310-420", "LATITUDE": "-23.9669702", "LONGITUDE": "-46.3881743", "LMAPS": "https://www.google.com/maps?q=&layer=c&cbll=-46.3881743,-23.9669702", "O_QUE_FAZER": "CARTEIRA", "ER_REGIAO_CIDADE_min": "São Vicente_Baixada Santista" }, "geometry": { "type": "Point", "coordinates": [ -46.3881743, -23.9669702 ] } },
{ "type": "Feature", "properties": { "CNPJ": "21933995000113", "IDCIDADE": "SAO_VICENTE", "NOMEFANTASIA": "STYLLUS_HOME_CLASS", "RAZAOSOCIAL": "AVILA_E_AVILA_MOVEIS_PLANEJADOS_LTDA", "ENDEE": "RUA_IPIRANGA87__CENTRO_11310-420", "LATITUDE": "-23.9668083", "LONGITUDE": "-46.3882173", "LMAPS": "https://www.google.com/maps?q=&layer=c&cbll=-46.3882173,-23.9668083", "O_QUE_FAZER": "CARTEIRA", "ER_REGIAO_CIDADE_min": "São Vicente_Baixada Santista" }, "geometry": { "type": "Point", "coordinates": [ -46.3882173, -23.9668083 ] } },
{ "type": "Feature", "properties": { "CNPJ": "52274081000111", "IDCIDADE": "SAO_VICENTE", "NOMEFANTASIA": "BAZAR_IPIRANGA", "RAZAOSOCIAL": "B_SILVA_FILHO_&_CIA_LTDA", "ENDEE": "RUA_IPIRANGA409__CENTRO_11310-421", "LATITUDE": "-23.9640289", "LONGITUDE": "-46.3870376", "LMAPS": "https://www.google.com/maps?q=&layer=c&cbll=-46.3870376,-23.9640289", "O_QUE_FAZER": "CARTEIRA", "ER_REGIAO_CIDADE_min": "São Vicente_Baixada Santista" }, "geometry": { "type": "Point", "coordinates": [ -46.3870376, -23.9640289 ] } },
{ "type": "Feature", "properties": { "CNPJ": "19512043000184", "IDCIDADE": "SAO_VICENTE", "NOMEFANTASIA": "LAERW_BICICLETARIA", "RAZAOSOCIAL": "MARISA_SOUSA_DA_SILVA_BICICLETARIA", "ENDEE": "RUA_DOUTOR_CAMPOS_SALES165__CENTRO_11310-430", "LATITUDE": "-23.9657738", "LONGITUDE": "-46.389163", "LMAPS": "https://www.google.com/maps?q=&layer=c&cbll=-46.389163,-23.9657738", "O_QUE_FAZER": "CARTEIRA", "ER_REGIAO_CIDADE_min": "São Vicente_Baixada Santista" }, "geometry": { "type": "Point", "coordinates": [ -46.389163, -23.9657738 ] } },
{ "type": "Feature", "properties": { "CNPJ": "23110548000190", "IDCIDADE": "SAO_VICENTE", "NOMEFANTASIA": "POWER_MUSCLE", "RAZAOSOCIAL": "SILVIO_DUARTE_COSTA", "ENDEE": "RUA_DOUTOR_CAMPOS_SALES171__CENTRO_11310-430", "LATITUDE": "-23.9654129", "LONGITUDE": "-46.3890602", "LMAPS": "https://www.google.com/maps?q=&layer=c&cbll=-46.3890602,-23.9654129", "O_QUE_FAZER": "CARTEIRA", "ER_REGIAO_CIDADE_min": "São Vicente_Baixada Santista" }, "geometry": { "type": "Point", "coordinates": [ -46.3890602, -23.9654129 ] } },
{ "type": "Feature", "properties": { "CNPJ": "03436552000135", "IDCIDADE": "SAO_VICENTE", "NOMEFANTASIA": "VIP_ELETRICA", "RAZAOSOCIAL": "VIP_ELETRICA_DO_LITORAL_LTDA", "ENDEE": "RUA_DOUTOR_CAMPOS_SALES195__CENTRO_11310-430", "LATITUDE": "-23.9654474", "LONGITUDE": "-46.3890233", "LMAPS": "https://www.google.com/maps?q=&layer=c&cbll=-46.3890233,-23.9654474", "O_QUE_FAZER": "CARTEIRA", "ER_REGIAO_CIDADE_min": "São Vicente_Baixada Santista" }, "geometry": { "type": "Point", "coordinates": [ -46.3890233, -23.9654474 ] } },
{ "type": "Feature", "properties": { "CNPJ": "31859453000100", "IDCIDADE": "SAO_VICENTE", "NOMEFANTASIA": "TUDO_EM_PORTAS", "RAZAOSOCIAL": "CLAUDIA_CASTILHO_&_CASTILHO_LTDA", "ENDEE": "RUA_DOUTOR_CAMPOS_SALES202__CENTRO_11310-430", "LATITUDE": "-23.9655822", "LONGITUDE": "-46.3889651", "LMAPS": "https://www.google.com/maps?q=&layer=c&cbll=-46.3889651,-23.9655822", "O_QUE_FAZER": "CARTEIRA", "ER_REGIAO_CIDADE_min": "São Vicente_Baixada Santista" }, "geometry": { "type": "Point", "coordinates": [ -46.3889651, -23.9655822 ] } },
{ "type": "Feature", "properties": { "CNPJ": "19409194000101", "IDCIDADE": "SAO_VICENTE", "NOMEFANTASIA": "CRED_MAIS", "RAZAOSOCIAL": "L_DE_M_SILVA", "ENDEE": "RUA_DOUTOR_CAMPOS_SALES211__CENTRO_11310-430", "LATITUDE": "-23.9655133", "LONGITUDE": "-46.3888494", "LMAPS": "https://www.google.com/maps?q=&layer=c&cbll=-46.3888494,-23.9655133", "O_QUE_FAZER": "CARTEIRA", "ER_REGIAO_CIDADE_min": "São Vicente_Baixada Santista" }, "geometry": { "type": "Point", "coordinates": [ -46.3888494, -23.9655133 ] } },
{ "type": "Feature", "properties": { "CNPJ": "52420536000160", "IDCIDADE": "SAO_VICENTE", "NOMEFANTASIA": "BAZAR_TEIXEIRA", "RAZAOSOCIAL": "DONIZETTI_TEIXEIRA_TAVARES_LTDA", "ENDEE": "RUA_DOUTOR_CAMPOS_SALES219__CENTRO_11310-430", "LATITUDE": "-23.965268", "LONGITUDE": "-46.3890261", "LMAPS": "https://www.google.com/maps?q=&layer=c&cbll=-46.3890261,-23.965268", "O_QUE_FAZER": "CARTEIRA", "ER_REGIAO_CIDADE_min": "São Vicente_Baixada Santista" }, "geometry": { "type": "Point", "coordinates": [ -46.3890261, -23.965268 ] } },
{ "type": "Feature", "properties": { "CNPJ": "38065444000188", "IDCIDADE": "SAO_VICENTE", "NOMEFANTASIA": "DESIGNER_MOVEIS", "RAZAOSOCIAL": "M.W._FARES_MOVEIS", "ENDEE": "RUA_DOUTOR_CAMPOS_SALES242__CENTRO_11310-430", "LATITUDE": "-23.9650353", "LONGITUDE": "-46.388701", "LMAPS": "https://www.google.com/maps?q=&layer=c&cbll=-46.388701,-23.9650353", "O_QUE_FAZER": "CARTEIRA", "ER_REGIAO_CIDADE_min": "São Vicente_Baixada Santista" }, "geometry": { "type": "Point", "coordinates": [ -46.388701, -23.9650353 ] } },
{ "type": "Feature", "properties": { "CNPJ": "10604217000164", "IDCIDADE": "SAO_VICENTE", "NOMEFANTASIA": "DESIGNER_MOVEIS", "RAZAOSOCIAL": "JOSEFINA_MARIA_PINHOTI_-_MOVEIS", "ENDEE": "RUA_DOUTOR_CAMPOS_SALES242__CENTRO_11310-430", "LATITUDE": "-23.9650514", "LONGITUDE": "-46.3888987", "LMAPS": "https://www.google.com/maps?q=&layer=c&cbll=-46.3888987,-23.9650514", "O_QUE_FAZER": "CARTEIRA", "ER_REGIAO_CIDADE_min": "São Vicente_Baixada Santista" }, "geometry": { "type": "Point", "coordinates": [ -46.3888987, -23.9650514 ] } },
{ "type": "Feature", "properties": { "CNPJ": "50808181000155", "IDCIDADE": "SAO_VICENTE", "NOMEFANTASIA": "IMPERIO_DAS_CADEIRAS_DE_RODAS", "RAZAOSOCIAL": "ELEUTERIO_F_PORTO_PRODUTOS_HOSPITALARES", "ENDEE": "RUA_DOUTOR_CAMPOS_SALES274__CENTRO_11310-430", "LATITUDE": "-23.9648287", "LONGITUDE": "-46.3887532", "LMAPS": "https://www.google.com/maps?q=&layer=c&cbll=-46.3887532,-23.9648287", "O_QUE_FAZER": "CARTEIRA", "ER_REGIAO_CIDADE_min": "São Vicente_Baixada Santista" }, "geometry": { "type": "Point", "coordinates": [ -46.3887532, -23.9648287 ] } },
{ "type": "Feature", "properties": { "CNPJ": "50364452000120", "IDCIDADE": "SAO_VICENTE", "NOMEFANTASIA": "NOSSO_DOCE", "RAZAOSOCIAL": "BRUNA_RENATA_MARQUES_MONTEIRO_LTDA", "ENDEE": "RUA_DOUTOR_CAMPOS_SALES278__CENTRO_11310-430", "LATITUDE": "-23.9649805", "LONGITUDE": "-46.3887239", "LMAPS": "https://www.google.com/maps?q=&layer=c&cbll=-46.3887239,-23.9649805", "O_QUE_FAZER": "CARTEIRA", "ER_REGIAO_CIDADE_min": "São Vicente_Baixada Santista" }, "geometry": { "type": "Point", "coordinates": [ -46.3887239, -23.9649805 ] } },
{ "type": "Feature", "properties": { "CNPJ": "35776002000151", "IDCIDADE": "SAO_VICENTE", "NOMEFANTASIA": "4_PLAY_UNIFORMES", "RAZAOSOCIAL": "4_PLAY_UNIFORMES_LTDA", "ENDEE": "RUA_DOUTOR_CAMPOS_SALES297__CENTRO_11310-430", "LATITUDE": "-23.9646884", "LONGITUDE": "-46.3887264", "LMAPS": "https://www.google.com/maps?q=&layer=c&cbll=-46.3887264,-23.9646884", "O_QUE_FAZER": "CARTEIRA", "ER_REGIAO_CIDADE_min": "São Vicente_Baixada Santista" }, "geometry": { "type": "Point", "coordinates": [ -46.3887264, -23.9646884 ] } },
{ "type": "Feature", "properties": { "CNPJ": "00015847000140", "IDCIDADE": "SAO_VICENTE", "NOMEFANTASIA": "ANGELA_MODAS", "RAZAOSOCIAL": "ANGELA_MARIA_DA_SILVA", "ENDEE": "RUA_DOUTOR_CAMPOS_SALES335__CENTRO_11310-430", "LATITUDE": "-23.9643051", "LONGITUDE": "-46.3886197", "LMAPS": "https://www.google.com/maps?q=&layer=c&cbll=-46.3886197,-23.9643051", "O_QUE_FAZER": "CARTEIRA", "ER_REGIAO_CIDADE_min": "São Vicente_Baixada Santista" }, "geometry": { "type": "Point", "coordinates": [ -46.3886197, -23.9643051 ] } },
{ "type": "Feature", "properties": { "CNPJ": "05230343000166", "IDCIDADE": "SAO_VICENTE", "NOMEFANTASIA": "MEGA_SYSTEM", "RAZAOSOCIAL": "MEGA_SYSTEM-COMERCIO_E_SERVICOS_LTDA", "ENDEE": "RUA_DOUTOR_CAMPOS_SALES337__CENTRO_11310-430", "LATITUDE": "-23.9639067", "LONGITUDE": "-46.3883883", "LMAPS": "https://www.google.com/maps?q=&layer=c&cbll=-46.3883883,-23.9639067", "O_QUE_FAZER": "CARTEIRA", "ER_REGIAO_CIDADE_min": "São Vicente_Baixada Santista" }, "geometry": { "type": "Point", "coordinates": [ -46.3883883, -23.9639067 ] } },
{ "type": "Feature", "properties": { "CNPJ": "28299851000104", "IDCIDADE": "SAO_VICENTE", "NOMEFANTASIA": "SERGIO_SALGADOS", "RAZAOSOCIAL": "S.M._DA_SILVA_DE_SOUZA_-_SALGADOS_LTDA", "ENDEE": "RUA_DOUTOR_CAMPOS_SALES356__CENTRO_11310-430", "LATITUDE": "-23.964143", "LONGITUDE": "-46.3884851", "LMAPS": "https://www.google.com/maps?q=&layer=c&cbll=-46.3884851,-23.964143", "O_QUE_FAZER": "CARTEIRA", "ER_REGIAO_CIDADE_min": "São Vicente_Baixada Santista" }, "geometry": { "type": "Point", "coordinates": [ -46.3884851, -23.964143 ] } },
{ "type": "Feature", "properties": { "CNPJ": "05783680000180", "IDCIDADE": "SAO_VICENTE", "NOMEFANTASIA": "P._R._PAIVA_&_RODRIGUES_-_ESTACIONAMENTO_E_LAVA_RAPIDO", "RAZAOSOCIAL": "P._R._PAIVA_&_RODRIGUES_-_ESTACIONAMENTO_E_LAVA_RAPIDO_LTDA", "ENDEE": "RUA_DOUTOR_CAMPOS_SALES365__CENTRO_11310-430", "LATITUDE": "-23.964038", "LONGITUDE": "-46.3884305", "LMAPS": "https://www.google.com/maps?q=&layer=c&cbll=-46.3884305,-23.964038", "O_QUE_FAZER": "CARTEIRA", "ER_REGIAO_CIDADE_min": "São Vicente_Baixada Santista" }, "geometry": { "type": "Point", "coordinates": [ -46.3884305, -23.964038 ] } },
{ "type": "Feature", "properties": { "CNPJ": "71116081000138", "IDCIDADE": "SAO_VICENTE", "NOMEFANTASIA": "DOCERIA_REAL", "RAZAOSOCIAL": "DOCERIA_REAL_LTDA", "ENDEE": "RUA_DOUTOR_CAMPOS_SALES378__CENTRO_11310-430", "LATITUDE": "-23.9639662", "LONGITUDE": "-46.3884159", "LMAPS": "https://www.google.com/maps?q=&layer=c&cbll=-46.3884159,-23.9639662", "O_QUE_FAZER": "CARTEIRA", "ER_REGIAO_CIDADE_min": "São Vicente_Baixada Santista" }, "geometry": { "type": "Point", "coordinates": [ -46.3884159, -23.9639662 ] } },
{ "type": "Feature", "properties": { "CNPJ": "52531915000127", "IDCIDADE": "SAO_VICENTE", "NOMEFANTASIA": "MARCO_FRIO", "RAZAOSOCIAL": "MARCO_FRIO_REFRIGERACAO_LTDA", "ENDEE": "RUA_DOUTOR_CAMPOS_SALES420__CENTRO_11310-430", "LATITUDE": "-23.9634751", "LONGITUDE": "-46.3881818", "LMAPS": "https://www.google.com/maps?q=&layer=c&cbll=-46.3881818,-23.9634751", "O_QUE_FAZER": "CARTEIRA", "ER_REGIAO_CIDADE_min": "São Vicente_Baixada Santista" }, "geometry": { "type": "Point", "coordinates": [ -46.3881818, -23.9634751 ] } },
{ "type": "Feature", "properties": { "CNPJ": "07432143000111", "IDCIDADE": "SAO_VICENTE", "NOMEFANTASIA": "MARTELINHO_DE_OURO", "RAZAOSOCIAL": "ARMANDO_SOUZA_CONDE_JUNIOR_-_AUTOS", "ENDEE": "RUA_SOROCABANA106__CENTRO_11310-450", "LATITUDE": "-23.963391", "LONGITUDE": "-46.3914526", "LMAPS": "https://www.google.com/maps?q=&layer=c&cbll=-46.3914526,-23.963391", "O_QUE_FAZER": "CARTEIRA", "ER_REGIAO_CIDADE_min": "São Vicente_Baixada Santista" }, "geometry": { "type": "Point", "coordinates": [ -46.3914526, -23.963391 ] } },
{ "type": "Feature", "properties": { "CNPJ": "12542588000194", "IDCIDADE": "SAO_VICENTE", "NOMEFANTASIA": "REI_DO_OLEO", "RAZAOSOCIAL": "PARK_LUBE_FILTROS_E_LUBRIFICANTES_LTDA", "ENDEE": "RUA_BENJAMIN_CONSTANT337__CENTRO_11310-500", "LATITUDE": "-23.9632042", "LONGITUDE": "-46.3870217", "LMAPS": "https://www.google.com/maps?q=&layer=c&cbll=-46.3870217,-23.9632042", "O_QUE_FAZER": "CARTEIRA", "ER_REGIAO_CIDADE_min": "São Vicente_Baixada Santista" }, "geometry": { "type": "Point", "coordinates": [ -46.3870217, -23.9632042 ] } },
{ "type": "Feature", "properties": { "CNPJ": "10306608000283", "IDCIDADE": "SAO_VICENTE", "NOMEFANTASIA": "MUSEU_DOS_PISOS", "RAZAOSOCIAL": "MUSEU_DOS_PISOS_COMERCIO_DE_PISOS_E_AZULEJOS_LTDA", "ENDEE": "RUA_BENJAMIN_CONSTANT341__CENTRO_11310-500", "LATITUDE": "-23.9631564", "LONGITUDE": "-46.3872112", "LMAPS": "https://www.google.com/maps?q=&layer=c&cbll=-46.3872112,-23.9631564", "O_QUE_FAZER": "CARTEIRA", "ER_REGIAO_CIDADE_min": "São Vicente_Baixada Santista" }, "geometry": { "type": "Point", "coordinates": [ -46.3872112, -23.9631564 ] } },
{ "type": "Feature", "properties": { "CNPJ": "23154596000180", "IDCIDADE": "SAO_VICENTE", "NOMEFANTASIA": "NEFERTITI_BOLSAS", "RAZAOSOCIAL": "H_M_CAVALCANTE_DA_SILVA", "ENDEE": "RUA_EXPEDICIONARIOS_VICENTINOS102__CENTRO_11310-510", "LATITUDE": "-23.9642734", "LONGITUDE": "-46.3852194", "LMAPS": "https://www.google.com/maps?q=&layer=c&cbll=-46.3852194,-23.9642734", "O_QUE_FAZER": "CARTEIRA", "ER_REGIAO_CIDADE_min": "São Vicente_Baixada Santista" }, "geometry": { "type": "Point", "coordinates": [ -46.3852194, -23.9642734 ] } },
{ "type": "Feature", "properties": { "CNPJ": "46431263000156", "IDCIDADE": "SAO_VICENTE", "NOMEFANTASIA": "MIRAGI_DECORACOES", "RAZAOSOCIAL": "A_F_G_DA_SILVA_-_MOVEIS", "ENDEE": "RUA_EXPEDICIONARIOS_VICENTINOS105__CENTRO_11310-510", "LATITUDE": "-23.9642969", "LONGITUDE": "-46.3852925", "LMAPS": "https://www.google.com/maps?q=&layer=c&cbll=-46.3852925,-23.9642969", "O_QUE_FAZER": "CARTEIRA", "ER_REGIAO_CIDADE_min": "São Vicente_Baixada Santista" }, "geometry": { "type": "Point", "coordinates": [ -46.3852925, -23.9642969 ] } },
{ "type": "Feature", "properties": { "CNPJ": "19184429000104", "IDCIDADE": "SAO_VICENTE", "NOMEFANTASIA": "BEAUTY_BEST", "RAZAOSOCIAL": "SC_DE_LIMA_-_SALAO_DE_BELEZA", "ENDEE": "RUA_EXPEDICIONARIOS_VICENTINOS112__CENTRO_11310-510", "LATITUDE": "-23.964363", "LONGITUDE": "-46.3853154", "LMAPS": "https://www.google.com/maps?q=&layer=c&cbll=-46.3853154,-23.964363", "O_QUE_FAZER": "CARTEIRA", "ER_REGIAO_CIDADE_min": "São Vicente_Baixada Santista" }, "geometry": { "type": "Point", "coordinates": [ -46.3853154, -23.964363 ] } },
{ "type": "Feature", "properties": { "CNPJ": "04459094000112", "IDCIDADE": "SAO_VICENTE", "NOMEFANTASIA": "TONINHO_AUTO_MOTO_ESCOLA", "RAZAOSOCIAL": "ALEXANDRE_BINOTTO_HOURNEAUX_DE_MOURA", "ENDEE": "RUA_EXPEDICIONARIOS_VICENTINOS44__CENTRO_11310-510", "LATITUDE": "-23.9645183", "LONGITUDE": "-46.3847469", "LMAPS": "https://www.google.com/maps?q=&layer=c&cbll=-46.3847469,-23.9645183", "O_QUE_FAZER": "CARTEIRA", "ER_REGIAO_CIDADE_min": "São Vicente_Baixada Santista" }, "geometry": { "type": "Point", "coordinates": [ -46.3847469, -23.9645183 ] } },
{ "type": "Feature", "properties": { "CNPJ": "42130558000131", "IDCIDADE": "SAO_VICENTE", "NOMEFANTASIA": "EMPORIO_LUAR_DO_SERTAO", "RAZAOSOCIAL": "FLS_PRODUTOS_NORDESTINOS_LTDA.", "ENDEE": "RUA_EXPEDICIONARIOS_VICENTINOS70__CENTRO_11310-510", "LATITUDE": "-23.9643091", "LONGITUDE": "-46.3848798", "LMAPS": "https://www.google.com/maps?q=&layer=c&cbll=-46.3848798,-23.9643091", "O_QUE_FAZER": "CARTEIRA", "ER_REGIAO_CIDADE_min": "São Vicente_Baixada Santista" }, "geometry": { "type": "Point", "coordinates": [ -46.3848798, -23.9643091 ] } },
{ "type": "Feature", "properties": { "CNPJ": "08235287000140", "IDCIDADE": "SAO_VICENTE", "NOMEFANTASIA": "PARAISO_DOS_ANIMAS", "RAZAOSOCIAL": "MARCIA_MOURE_OTERO", "ENDEE": "RUA_EXPEDICIONARIOS_VICENTINOS74__CENTRO_11310-510", "LATITUDE": "-23.9643301", "LONGITUDE": "-46.3850102", "LMAPS": "https://www.google.com/maps?q=&layer=c&cbll=-46.3850102,-23.9643301", "O_QUE_FAZER": "CARTEIRA", "ER_REGIAO_CIDADE_min": "São Vicente_Baixada Santista" }, "geometry": { "type": "Point", "coordinates": [ -46.3850102, -23.9643301 ] } },
{ "type": "Feature", "properties": { "CNPJ": "17604193000192", "IDCIDADE": "SAO_VICENTE", "NOMEFANTASIA": "MUNDO_FANTASIA", "RAZAOSOCIAL": "MUNDO_DAS_FANTASIAS_-_FESTAS_E_EVENTOS_LTDA", "ENDEE": "RUA_EXPEDICIONARIOS_VICENTINOS75__CENTRO_11310-510", "LATITUDE": "-23.9644086", "LONGITUDE": "-46.3850291", "LMAPS": "https://www.google.com/maps?q=&layer=c&cbll=-46.3850291,-23.9644086", "O_QUE_FAZER": "CARTEIRA", "ER_REGIAO_CIDADE_min": "São Vicente_Baixada Santista" }, "geometry": { "type": "Point", "coordinates": [ -46.3850291, -23.9644086 ] } },
{ "type": "Feature", "properties": { "CNPJ": "37743806000180", "IDCIDADE": "SAO_VICENTE", "NOMEFANTASIA": "CASA_TEXTIL", "RAZAOSOCIAL": "CASA_TEXTIL_LITORAL_LTDA", "ENDEE": "RUA_EXPEDICIONARIOS_VICENTINOS80__CENTRO_11310-510", "LATITUDE": "-23.9641369", "LONGITUDE": "-46.3848843", "LMAPS": "https://www.google.com/maps?q=&layer=c&cbll=-46.3848843,-23.9641369", "O_QUE_FAZER": "CARTEIRA", "ER_REGIAO_CIDADE_min": "São Vicente_Baixada Santista" }, "geometry": { "type": "Point", "coordinates": [ -46.3848843, -23.9641369 ] } },
{ "type": "Feature", "properties": { "CNPJ": "09260620000134", "IDCIDADE": "SAO_VICENTE", "NOMEFANTASIA": "FRATIANO_MATERIAIS_PARA_CONSTRUCAO", "RAZAOSOCIAL": "ARTE_SANTOS_COMERCIO_DE_TINTAS_LTDA", "ENDEE": "AVENIDA_PRESIDENTE_WILSON101__ITARARE_11320-000", "LATITUDE": "-23.9715089", "LONGITUDE": "-46.3705146", "LMAPS": "https://www.google.com/maps?q=&layer=c&cbll=-46.3705146,-23.9715089", "O_QUE_FAZER": "CARTEIRA", "ER_REGIAO_CIDADE_min": "São Vicente_Baixada Santista" }, "geometry": { "type": "Point", "coordinates": [ -46.3705146, -23.9715089 ] } },
{ "type": "Feature", "properties": { "CNPJ": "05150277000114", "IDCIDADE": "SAO_VICENTE", "NOMEFANTASIA": "ORDEM_LIMP", "RAZAOSOCIAL": "EDENISE_DA_SILVA_INACIO", "ENDEE": "AVENIDA_PRESIDENTE_WILSON101__ITARARE_11320-000", "LATITUDE": "-23.9716943", "LONGITUDE": "-46.370651", "LMAPS": "https://www.google.com/maps?q=&layer=c&cbll=-46.370651,-23.9716943", "O_QUE_FAZER": "CARTEIRA", "ER_REGIAO_CIDADE_min": "São Vicente_Baixada Santista" }, "geometry": { "type": "Point", "coordinates": [ -46.370651, -23.9716943 ] } },
{ "type": "Feature", "properties": { "CNPJ": "55672083000157", "IDCIDADE": "SAO_VICENTE", "NOMEFANTASIA": "IUGC", "RAZAOSOCIAL": "INSTITUTO_DE_UROLOGIA_E_GASTROCIRURGIA_DE_SAO_VICENTE_LTDA.", "ENDEE": "AVENIDA_PRESIDENTE_WILSON1019__ITARARE_11320-000", "LATITUDE": "-23.9673216", "LONGITUDE": "-46.3784519", "LMAPS": "https://www.google.com/maps?q=&layer=c&cbll=-46.3784519,-23.9673216", "O_QUE_FAZER": "CARTEIRA", "ER_REGIAO_CIDADE_min": "São Vicente_Baixada Santista" }, "geometry": { "type": "Point", "coordinates": [ -46.3784519, -23.9673216 ] } },
{ "type": "Feature", "properties": { "CNPJ": "08992799000151", "IDCIDADE": "SAO_VICENTE", "NOMEFANTASIA": "RICARDO_CABELEIREIROS", "RAZAOSOCIAL": "RICARDO_VIEIRA_DE_MORAES", "ENDEE": "AVENIDA_PRESIDENTE_WILSON1081__ITARARE_11320-000", "LATITUDE": "-23.9671453", "LONGITUDE": "-46.3788083", "LMAPS": "https://www.google.com/maps?q=&layer=c&cbll=-46.3788083,-23.9671453", "O_QUE_FAZER": "CARTEIRA", "ER_REGIAO_CIDADE_min": "São Vicente_Baixada Santista" }, "geometry": { "type": "Point", "coordinates": [ -46.3788083, -23.9671453 ] } },
{ "type": "Feature", "properties": { "CNPJ": "31344802000142", "IDCIDADE": "SAO_VICENTE", "NOMEFANTASIA": "SARKISSIAN", "RAZAOSOCIAL": "CLINICA_ODONTOLOGICA_PRESIDENTE_WILSON_LTDA", "ENDEE": "AVENIDA_PRESIDENTE_WILSON1081__ITARARE_11320-000", "LATITUDE": "-23.9671937", "LONGITUDE": "-46.3788246", "LMAPS": "https://www.google.com/maps?q=&layer=c&cbll=-46.3788246,-23.9671937", "O_QUE_FAZER": "CARTEIRA", "ER_REGIAO_CIDADE_min": "São Vicente_Baixada Santista" }, "geometry": { "type": "Point", "coordinates": [ -46.3788246, -23.9671937 ] } },
{ "type": "Feature", "properties": { "CNPJ": "32464449000105", "IDCIDADE": "SAO_VICENTE", "NOMEFANTASIA": "AMAR", "RAZAOSOCIAL": "A.M._CARBALLIDO_DOMINGUEZ_LTDA", "ENDEE": "AVENIDA_PRESIDENTE_WILSON1147__ITARARE_11320-000", "LATITUDE": "-23.9668238", "LONGITUDE": "-46.3793847", "LMAPS": "https://www.google.com/maps?q=&layer=c&cbll=-46.3793847,-23.9668238", "O_QUE_FAZER": "CARTEIRA", "ER_REGIAO_CIDADE_min": "São Vicente_Baixada Santista" }, "geometry": { "type": "Point", "coordinates": [ -46.3793847, -23.9668238 ] } },
{ "type": "Feature", "properties": { "CNPJ": "08011966000136", "IDCIDADE": "SAO_VICENTE", "NOMEFANTASIA": "CELLULA_MATER", "RAZAOSOCIAL": "COLEGIO_CELL_LTDA", "ENDEE": "AVENIDA_PRESIDENTE_WILSON1252__CENTRO_11320-000", "LATITUDE": "-23.9658694", "LONGITUDE": "-46.3800704", "LMAPS": "https://www.google.com/maps?q=&layer=c&cbll=-46.3800704,-23.9658694", "O_QUE_FAZER": "CARTEIRA", "ER_REGIAO_CIDADE_min": "São Vicente_Baixada Santista" }, "geometry": { "type": "Point", "coordinates": [ -46.3800704, -23.9658694 ] } },
{ "type": "Feature", "properties": { "CNPJ": "27971190000140", "IDCIDADE": "SAO_VICENTE", "NOMEFANTASIA": "AMPM", "RAZAOSOCIAL": "SANTANA_&_SANTANA_LOJA_DE_CONVENIENCIA_LTDA", "ENDEE": "AVENIDA_PRESIDENTE_WILSON1290__CENTRO_11320-000", "LATITUDE": "-23.9657223", "LONGITUDE": "-46.3805552", "LMAPS": "https://www.google.com/maps?q=&layer=c&cbll=-46.3805552,-23.9657223", "O_QUE_FAZER": "CARTEIRA", "ER_REGIAO_CIDADE_min": "São Vicente_Baixada Santista" }, "geometry": { "type": "Point", "coordinates": [ -46.3805552, -23.9657223 ] } },
{ "type": "Feature", "properties": { "CNPJ": "46786778000179", "IDCIDADE": "SAO_VICENTE", "NOMEFANTASIA": "INSTITUTO_ORTOPEDICO_ITARARE", "RAZAOSOCIAL": "INSTITUTO_ORTOPEDICO_ITARARE_LTDA", "ENDEE": "AVENIDA_PRESIDENTE_WILSON1340__CENTRO_11320-000", "LATITUDE": "-23.965617", "LONGITUDE": "-46.3808738", "LMAPS": "https://www.google.com/maps?q=&layer=c&cbll=-46.3808738,-23.965617", "O_QUE_FAZER": "CARTEIRA", "ER_REGIAO_CIDADE_min": "São Vicente_Baixada Santista" }, "geometry": { "type": "Point", "coordinates": [ -46.3808738, -23.965617 ] } },
{ "type": "Feature", "properties": { "CNPJ": "34778109000176", "IDCIDADE": "SAO_VICENTE", "NOMEFANTASIA": "LINDAS_LONGE", "RAZAOSOCIAL": "TATIANE_SIGNORINI_GOVEIA", "ENDEE": "AVENIDA_PRESIDENTE_WILSON137__ITARARE_11320-000", "LATITUDE": "-23.9710643", "LONGITUDE": "-46.3705694", "LMAPS": "https://www.google.com/maps?q=&layer=c&cbll=-46.3705694,-23.9710643", "O_QUE_FAZER": "CARTEIRA", "ER_REGIAO_CIDADE_min": "São Vicente_Baixada Santista" }, "geometry": { "type": "Point", "coordinates": [ -46.3705694, -23.9710643 ] } },
{ "type": "Feature", "properties": { "CNPJ": "49887073000136", "IDCIDADE": "SAO_VICENTE", "NOMEFANTASIA": "MUNIZ_AUTO_CENTER", "RAZAOSOCIAL": "SERVICOS_DE_ALINHAMENTO_SAO_VICENTE_LTDA", "ENDEE": "AVENIDA_PRESIDENTE_WILSON1370__CENTRO_11320-000", "LATITUDE": "-23.9652045", "LONGITUDE": "-46.3811298", "LMAPS": "https://www.google.com/maps?q=&layer=c&cbll=-46.3811298,-23.9652045", "O_QUE_FAZER": "CARTEIRA", "ER_REGIAO_CIDADE_min": "São Vicente_Baixada Santista" }, "geometry": { "type": "Point", "coordinates": [ -46.3811298, -23.9652045 ] } },
{ "type": "Feature", "properties": { "CNPJ": "41306359000179", "IDCIDADE": "SAO_VICENTE", "NOMEFANTASIA": "RESTAURANTE_1400", "RAZAOSOCIAL": "WASHINGTON_LUIZ_GOMES_DE_FRANCA", "ENDEE": "AVENIDA_PRESIDENTE_WILSON1386__CENTRO_11320-000", "LATITUDE": "-23.9653904", "LONGITUDE": "-46.3813274", "LMAPS": "https://www.google.com/maps?q=&layer=c&cbll=-46.3813274,-23.9653904", "O_QUE_FAZER": "CARTEIRA", "ER_REGIAO_CIDADE_min": "São Vicente_Baixada Santista" }, "geometry": { "type": "Point", "coordinates": [ -46.3813274, -23.9653904 ] } },
{ "type": "Feature", "properties": { "CNPJ": "08903001000158", "IDCIDADE": "SAO_VICENTE", "NOMEFANTASIA": "UPPERSIDE", "RAZAOSOCIAL": "WSV_CURSOS_DE_IDIOMAS_LTDA", "ENDEE": "AVENIDA_PRESIDENTE_WILSON1426__CENTRO_11320-000", "LATITUDE": "-23.9670092", "LONGITUDE": "-46.3781433", "LMAPS": "https://www.google.com/maps?q=&layer=c&cbll=-46.3781433,-23.9670092", "O_QUE_FAZER": "CARTEIRA", "ER_REGIAO_CIDADE_min": "São Vicente_Baixada Santista" }, "geometry": { "type": "Point", "coordinates": [ -46.3781433, -23.9670092 ] } },
{ "type": "Feature", "properties": { "CNPJ": "26721743000144", "IDCIDADE": "SAO_VICENTE", "NOMEFANTASIA": "IRMAOS_BORRACHARIA", "RAZAOSOCIAL": "MARINA_LOPES_ROSAS", "ENDEE": "AVENIDA_PRESIDENTE_WILSON1440__CENTRO_11320-000", "LATITUDE": "-23.9652745", "LONGITUDE": "-46.3817315", "LMAPS": "https://www.google.com/maps?q=&layer=c&cbll=-46.3817315,-23.9652745", "O_QUE_FAZER": "CARTEIRA", "ER_REGIAO_CIDADE_min": "São Vicente_Baixada Santista" }, "geometry": { "type": "Point", "coordinates": [ -46.3817315, -23.9652745 ] } },
{ "type": "Feature", "properties": { "CNPJ": "26623964000180", "IDCIDADE": "SAO_VICENTE", "NOMEFANTASIA": "CENTER_PARK", "RAZAOSOCIAL": "CARINA_CALIXTO_ROSSI_ESTACIONAMENTO", "ENDEE": "AVENIDA_PRESIDENTE_WILSON1489__CENTRO_11320-000", "LATITUDE": "-23.9652299", "LONGITUDE": "-46.3822626", "LMAPS": "https://www.google.com/maps?q=&layer=c&cbll=-46.3822626,-23.9652299", "O_QUE_FAZER": "CARTEIRA", "ER_REGIAO_CIDADE_min": "São Vicente_Baixada Santista" }, "geometry": { "type": "Point", "coordinates": [ -46.3822626, -23.9652299 ] } },
{ "type": "Feature", "properties": { "CNPJ": "11631008000172", "IDCIDADE": "SAO_VICENTE", "NOMEFANTASIA": "FARMACIA_SANTA_CLARA", "RAZAOSOCIAL": "J._ANTUNES_NETO_LTDA", "ENDEE": "AVENIDA_PRESIDENTE_WILSON1511__CENTRO_11320-000", "LATITUDE": "-23.9651717", "LONGITUDE": "-46.3824484", "LMAPS": "https://www.google.com/maps?q=&layer=c&cbll=-46.3824484,-23.9651717", "O_QUE_FAZER": "CARTEIRA", "ER_REGIAO_CIDADE_min": "São Vicente_Baixada Santista" }, "geometry": { "type": "Point", "coordinates": [ -46.3824484, -23.9651717 ] } },
{ "type": "Feature", "properties": { "CNPJ": "36373600000142", "IDCIDADE": "SAO_VICENTE", "NOMEFANTASIA": "WILSON_SERVICOS_ODONTOLOGICO", "RAZAOSOCIAL": "DENTAL_WILSON_LTDA", "ENDEE": "AVENIDA_PRESIDENTE_WILSON1539__CENTRO_11320-000", "LATITUDE": "-23.9651876", "LONGITUDE": "-46.3826595", "LMAPS": "https://www.google.com/maps?q=&layer=c&cbll=-46.3826595,-23.9651876", "O_QUE_FAZER": "CARTEIRA", "ER_REGIAO_CIDADE_min": "São Vicente_Baixada Santista" }, "geometry": { "type": "Point", "coordinates": [ -46.3826595, -23.9651876 ] } },
{ "type": "Feature", "properties": { "CNPJ": "35071964000105", "IDCIDADE": "SAO_VICENTE", "NOMEFANTASIA": "CTE_ELETRONICOS", "RAZAOSOCIAL": "CTE_ASSISTENCIA_TECNICA_AUTORIZADA_E_ESPECIALIZADA_LTDA", "ENDEE": "AVENIDA_PRESIDENTE_WILSON1543__CENTRO_11320-000", "LATITUDE": "-23.9650114", "LONGITUDE": "-46.3827481", "LMAPS": "https://www.google.com/maps?q=&layer=c&cbll=-46.3827481,-23.9650114", "O_QUE_FAZER": "CARTEIRA", "ER_REGIAO_CIDADE_min": "São Vicente_Baixada Santista" }, "geometry": { "type": "Point", "coordinates": [ -46.3827481, -23.9650114 ] } },
{ "type": "Feature", "properties": { "CNPJ": "00565793000196", "IDCIDADE": "SAO_VICENTE", "NOMEFANTASIA": "SKW_REFRIGERACAO", "RAZAOSOCIAL": "S_K_W_REFRIGERACAO_E_BAZAR_LTDA", "ENDEE": "AVENIDA_PRESIDENTE_WILSON1553__CENTRO_11320-000", "LATITUDE": "-23.9649512", "LONGITUDE": "-46.382857", "LMAPS": "https://www.google.com/maps?q=&layer=c&cbll=-46.382857,-23.9649512", "O_QUE_FAZER": "CARTEIRA", "ER_REGIAO_CIDADE_min": "São Vicente_Baixada Santista" }, "geometry": { "type": "Point", "coordinates": [ -46.382857, -23.9649512 ] } },
{ "type": "Feature", "properties": { "CNPJ": "42459753000100", "IDCIDADE": "SAO_VICENTE", "NOMEFANTASIA": "OAKBERRY", "RAZAOSOCIAL": "OAKBERRY_ITARARE_SV_LTDA", "ENDEE": "AVENIDA_PRESIDENTE_WILSON178__CENTRO_11320-000", "LATITUDE": "-23.9707694", "LONGITUDE": "-46.3707611", "LMAPS": "https://www.google.com/maps?q=&layer=c&cbll=-46.3707611,-23.9707694", "O_QUE_FAZER": "CARTEIRA", "ER_REGIAO_CIDADE_min": "São Vicente_Baixada Santista" }, "geometry": { "type": "Point", "coordinates": [ -46.3707611, -23.9707694 ] } },
{ "type": "Feature", "properties": { "CNPJ": "72838642000175", "IDCIDADE": "SAO_VICENTE", "NOMEFANTASIA": "LOGUS_HOTEL", "RAZAOSOCIAL": "LOGUS_HOTEL_LTDA", "ENDEE": "AVENIDA_PRESIDENTE_WILSON273__ITARARE_11320-000", "LATITUDE": "-23.9707617", "LONGITUDE": "-46.3719491", "LMAPS": "https://www.google.com/maps?q=&layer=c&cbll=-46.3719491,-23.9707617", "O_QUE_FAZER": "CARTEIRA", "ER_REGIAO_CIDADE_min": "São Vicente_Baixada Santista" }, "geometry": { "type": "Point", "coordinates": [ -46.3719491, -23.9707617 ] } },
{ "type": "Feature", "properties": { "CNPJ": "02587482000153", "IDCIDADE": "SAO_VICENTE", "NOMEFANTASIA": "RESTAURANTE_KAIPIRAO", "RAZAOSOCIAL": "MARLI_JOSE_ROSA_DA_CRUZ_FIGUEIRA", "ENDEE": "AVENIDA_PRESIDENTE_WILSON28__CENTRO_11320-000", "LATITUDE": "-23.971653", "LONGITUDE": "-46.3698648", "LMAPS": "https://www.google.com/maps?q=&layer=c&cbll=-46.3698648,-23.971653", "O_QUE_FAZER": "CARTEIRA", "ER_REGIAO_CIDADE_min": "São Vicente_Baixada Santista" }, "geometry": { "type": "Point", "coordinates": [ -46.3698648, -23.971653 ] } },
{ "type": "Feature", "properties": { "CNPJ": "47789342000104", "IDCIDADE": "SAO_VICENTE", "NOMEFANTASIA": "RCM", "RAZAOSOCIAL": "RCM_ADMINISTRACAO_DE_CONDOMINIO_E_BENS_IMOVEIS_S_C_LTDA", "ENDEE": "AVENIDA_PRESIDENTE_WILSON294__CENTRO_11320-000", "LATITUDE": "-23.9704531", "LONGITUDE": "-46.3720838", "LMAPS": "https://www.google.com/maps?q=&layer=c&cbll=-46.3720838,-23.9704531", "O_QUE_FAZER": "CARTEIRA", "ER_REGIAO_CIDADE_min": "São Vicente_Baixada Santista" }, "geometry": { "type": "Point", "coordinates": [ -46.3720838, -23.9704531 ] } },
{ "type": "Feature", "properties": { "CNPJ": "22571549000179", "IDCIDADE": "SAO_VICENTE", "NOMEFANTASIA": "CLEBER_BATISTA_SALAO_DE_BELEZA", "RAZAOSOCIAL": "CLEBER_S_BATISTA_SALAO_DE_BELEZA", "ENDEE": "AVENIDA_PRESIDENTE_WILSON393__ITARARE_11320-000", "LATITUDE": "-23.9702054", "LONGITUDE": "-46.3730077", "LMAPS": "https://www.google.com/maps?q=&layer=c&cbll=-46.3730077,-23.9702054", "O_QUE_FAZER": "CARTEIRA", "ER_REGIAO_CIDADE_min": "São Vicente_Baixada Santista" }, "geometry": { "type": "Point", "coordinates": [ -46.3730077, -23.9702054 ] } },
{ "type": "Feature", "properties": { "CNPJ": "16505676000177", "IDCIDADE": "SAO_VICENTE", "NOMEFANTASIA": "FINA_FLOR", "RAZAOSOCIAL": "PAPINI_&_PAPINI_COMERCIO_DE_ROUPAS_E_ACESSORIOS_LTDA", "ENDEE": "AVENIDA_PRESIDENTE_WILSON401__ITARARE_11320-000", "LATITUDE": "-23.9701739", "LONGITUDE": "-46.3730257", "LMAPS": "https://www.google.com/maps?q=&layer=c&cbll=-46.3730257,-23.9701739", "O_QUE_FAZER": "CARTEIRA", "ER_REGIAO_CIDADE_min": "São Vicente_Baixada Santista" }, "geometry": { "type": "Point", "coordinates": [ -46.3730257, -23.9701739 ] } },
{ "type": "Feature", "properties": { "CNPJ": "27146546000101", "IDCIDADE": "SAO_VICENTE", "NOMEFANTASIA": "TEMAKERIA_JOY", "RAZAOSOCIAL": "R_G_M_SORIANO_DE_OLIVEIRA_ALIMENTOS", "ENDEE": "AVENIDA_PRESIDENTE_WILSON401__ITARARE_11320-000", "LATITUDE": "-23.9702213", "LONGITUDE": "-46.3730723", "LMAPS": "https://www.google.com/maps?q=&layer=c&cbll=-46.3730723,-23.9702213", "O_QUE_FAZER": "CARTEIRA", "ER_REGIAO_CIDADE_min": "São Vicente_Baixada Santista" }, "geometry": { "type": "Point", "coordinates": [ -46.3730723, -23.9702213 ] } },
{ "type": "Feature", "properties": { "CNPJ": "54617478000194", "IDCIDADE": "SAO_VICENTE", "NOMEFANTASIA": "YOJIRO_SUSHI", "RAZAOSOCIAL": "JMO_BAR_E_RESTAURANTE_LTDA", "ENDEE": "AVENIDA_PRESIDENTE_WILSON65__ITARARE_11320-000", "LATITUDE": "-23.9717504", "LONGITUDE": "-46.3702671", "LMAPS": "https://www.google.com/maps?q=&layer=c&cbll=-46.3702671,-23.9717504", "O_QUE_FAZER": "CARTEIRA", "ER_REGIAO_CIDADE_min": "São Vicente_Baixada Santista" }, "geometry": { "type": "Point", "coordinates": [ -46.3702671, -23.9717504 ] } },
{ "type": "Feature", "properties": { "CNPJ": "43801370000130", "IDCIDADE": "SAO_VICENTE", "NOMEFANTASIA": "NOVA_ITARARE", "RAZAOSOCIAL": "EMPORIO_NOVA_ITARARE_LTDA", "ENDEE": "AVENIDA_PRESIDENTE_WILSON88__ITARARE_11320-000", "LATITUDE": "-23.9713005", "LONGITUDE": "-46.3702751", "LMAPS": "https://www.google.com/maps?q=&layer=c&cbll=-46.3702751,-23.9713005", "O_QUE_FAZER": "CARTEIRA", "ER_REGIAO_CIDADE_min": "São Vicente_Baixada Santista" }, "geometry": { "type": "Point", "coordinates": [ -46.3702751, -23.9713005 ] } },
{ "type": "Feature", "properties": { "CNPJ": "31739090000241", "IDCIDADE": "SAO_VICENTE", "NOMEFANTASIA": "GERALDINHO'S", "RAZAOSOCIAL": "SANTANA_&_TEIXEIRA_LTDA", "ENDEE": "AVENIDA_QUINTINO_BOCAIUVA1007__CENTRO_11320-010", "LATITUDE": "-23.9665873", "LONGITUDE": "-46.3762941", "LMAPS": "https://www.google.com/maps?q=&layer=c&cbll=-46.3762941,-23.9665873", "O_QUE_FAZER": "CARTEIRA", "ER_REGIAO_CIDADE_min": "São Vicente_Baixada Santista" }, "geometry": { "type": "Point", "coordinates": [ -46.3762941, -23.9665873 ] } },
{ "type": "Feature", "properties": { "CNPJ": "10491134000106", "IDCIDADE": "SAO_VICENTE", "NOMEFANTASIA": "ESPACO_LUZ", "RAZAOSOCIAL": "ELIANE_SERRAO", "ENDEE": "AVENIDA_QUINTINO_BOCAIUVA1388__CENTRO_11320-010", "LATITUDE": "-23.9652988", "LONGITUDE": "-46.3797776", "LMAPS": "https://www.google.com/maps?q=&layer=c&cbll=-46.3797776,-23.9652988", "O_QUE_FAZER": "CARTEIRA", "ER_REGIAO_CIDADE_min": "São Vicente_Baixada Santista" }, "geometry": { "type": "Point", "coordinates": [ -46.3797776, -23.9652988 ] } },
{ "type": "Feature", "properties": { "CNPJ": "38713789000109", "IDCIDADE": "SAO_VICENTE", "NOMEFANTASIA": "MBULLO_ASSESSORIA_IMOBILIARIA", "RAZAOSOCIAL": "EDLAMAR_LAURINDO", "ENDEE": "AVENIDA_QUINTINO_BOCAIUVA1671__CENTRO_11320-010", "LATITUDE": "-23.964184", "LONGITUDE": "-46.3823877", "LMAPS": "https://www.google.com/maps?q=&layer=c&cbll=-46.3823877,-23.964184", "O_QUE_FAZER": "CARTEIRA", "ER_REGIAO_CIDADE_min": "São Vicente_Baixada Santista" }, "geometry": { "type": "Point", "coordinates": [ -46.3823877, -23.964184 ] } },
{ "type": "Feature", "properties": { "CNPJ": "28688768000119", "IDCIDADE": "SAO_VICENTE", "NOMEFANTASIA": "RESIDENCIAL_CASA_BLANCA", "RAZAOSOCIAL": "RESIDENCIAL_CASA_BLANCA_LTDA", "ENDEE": "AVENIDA_QUINTINO_BOCAIUVA645__CENTRO_11320-010", "LATITUDE": "-23.9677232", "LONGITUDE": "-46.372821", "LMAPS": "https://www.google.com/maps?q=&layer=c&cbll=-46.372821,-23.9677232", "O_QUE_FAZER": "CARTEIRA", "ER_REGIAO_CIDADE_min": "São Vicente_Baixada Santista" }, "geometry": { "type": "Point", "coordinates": [ -46.372821, -23.9677232 ] } },
{ "type": "Feature", "properties": { "CNPJ": "27524920000165", "IDCIDADE": "SAO_VICENTE", "NOMEFANTASIA": "NATU_NUTRI", "RAZAOSOCIAL": "EMPORIO_NATU_NUTRI_LTDA", "ENDEE": "AVENIDA_QUINTINO_BOCAIUVA713__CENTRO_11320-010", "LATITUDE": "-23.9675993", "LONGITUDE": "-46.3735647", "LMAPS": "https://www.google.com/maps?q=&layer=c&cbll=-46.3735647,-23.9675993", "O_QUE_FAZER": "CARTEIRA", "ER_REGIAO_CIDADE_min": "São Vicente_Baixada Santista" }, "geometry": { "type": "Point", "coordinates": [ -46.3735647, -23.9675993 ] } },
{ "type": "Feature", "properties": { "CNPJ": "15362781000131", "IDCIDADE": "SAO_VICENTE", "NOMEFANTASIA": "LOREN_IMOVEIA", "RAZAOSOCIAL": "LOREN_IMOVEIS_E_ADMINISTRACAO_LTDA", "ENDEE": "AVENIDA_QUINTINO_BOCAIUVA717__CENTRO_11320-010", "LATITUDE": "-23.9675422", "LONGITUDE": "-46.3736268", "LMAPS": "https://www.google.com/maps?q=&layer=c&cbll=-46.3736268,-23.9675422", "O_QUE_FAZER": "CARTEIRA", "ER_REGIAO_CIDADE_min": "São Vicente_Baixada Santista" }, "geometry": { "type": "Point", "coordinates": [ -46.3736268, -23.9675422 ] } },
{ "type": "Feature", "properties": { "CNPJ": "23371001000148", "IDCIDADE": "SAO_VICENTE", "NOMEFANTASIA": "CLINICA_VETERINARIA_MARTINS_FONTES", "RAZAOSOCIAL": "MARCIO_JOSE_SANTOS_MARTINS_FONTES", "ENDEE": "AVENIDA_QUINTINO_BOCAIUVA883__CENTRO_11320-010", "LATITUDE": "-23.9670115", "LONGITUDE": "-46.3751421", "LMAPS": "https://www.google.com/maps?q=&layer=c&cbll=-46.3751421,-23.9670115", "O_QUE_FAZER": "CARTEIRA", "ER_REGIAO_CIDADE_min": "São Vicente_Baixada Santista" }, "geometry": { "type": "Point", "coordinates": [ -46.3751421, -23.9670115 ] } },
{ "type": "Feature", "properties": { "CNPJ": "44450173000187", "IDCIDADE": "SAO_VICENTE", "NOMEFANTASIA": "WORLD_TENIS", "RAZAOSOCIAL": "JUPITER_ESPORTES_LTDA", "ENDEE": "RUA_TIBIRICA145__CENTRO_11320-020", "LATITUDE": "-23.9676908", "LONGITUDE": "-46.3835589", "LMAPS": "https://www.google.com/maps?q=&layer=c&cbll=-46.3835589,-23.9676908", "O_QUE_FAZER": "CARTEIRA", "ER_REGIAO_CIDADE_min": "São Vicente_Baixada Santista" }, "geometry": { "type": "Point", "coordinates": [ -46.3835589, -23.9676908 ] } },
{ "type": "Feature", "properties": { "CNPJ": "47018830000100", "IDCIDADE": "SAO_VICENTE", "NOMEFANTASIA": "UNIVERSO_DO_SABER", "RAZAOSOCIAL": "LIMA_&_SCAPIN_LTDA", "ENDEE": "RUA_TIBIRICA160__CENTRO_11320-020", "LATITUDE": "-23.9678198", "LONGITUDE": "-46.3833776", "LMAPS": "https://www.google.com/maps?q=&layer=c&cbll=-46.3833776,-23.9678198", "O_QUE_FAZER": "CARTEIRA", "ER_REGIAO_CIDADE_min": "São Vicente_Baixada Santista" }, "geometry": { "type": "Point", "coordinates": [ -46.3833776, -23.9678198 ] } },
{ "type": "Feature", "properties": { "CNPJ": "26657807000195", "IDCIDADE": "SAO_VICENTE", "NOMEFANTASIA": "BARBEARIA_STUDIO_SOL", "RAZAOSOCIAL": "LUCAS_VINICIUS_XAVIER_DIAS", "ENDEE": "RUA_TIBIRICA184__CENTRO_11320-020", "LATITUDE": "-23.9675879", "LONGITUDE": "-46.3832197", "LMAPS": "https://www.google.com/maps?q=&layer=c&cbll=-46.3832197,-23.9675879", "O_QUE_FAZER": "CARTEIRA", "ER_REGIAO_CIDADE_min": "São Vicente_Baixada Santista" }, "geometry": { "type": "Point", "coordinates": [ -46.3832197, -23.9675879 ] } },
{ "type": "Feature", "properties": { "CNPJ": "37924272000198", "IDCIDADE": "SAO_VICENTE", "NOMEFANTASIA": "LIZ_CALCADOS", "RAZAOSOCIAL": "LIZ_CALCADOS_LTDA", "ENDEE": "RUA_TIBIRICA188__CENTRO_11320-020", "LATITUDE": "-23.9675553", "LONGITUDE": "-46.3831845", "LMAPS": "https://www.google.com/maps?q=&layer=c&cbll=-46.3831845,-23.9675553", "O_QUE_FAZER": "CARTEIRA", "ER_REGIAO_CIDADE_min": "São Vicente_Baixada Santista" }, "geometry": { "type": "Point", "coordinates": [ -46.3831845, -23.9675553 ] } },
{ "type": "Feature", "properties": { "CNPJ": "12956916000107", "IDCIDADE": "SAO_VICENTE", "NOMEFANTASIA": "HM_IMOVEIS", "RAZAOSOCIAL": "HERIK_FERREIRA_DE_MEDEIROS", "ENDEE": "RUA_TIBIRICA419__CENTRO_11320-020", "LATITUDE": "-23.9657892", "LONGITUDE": "-46.3822007", "LMAPS": "https://www.google.com/maps?q=&layer=c&cbll=-46.3822007,-23.9657892", "O_QUE_FAZER": "CARTEIRA", "ER_REGIAO_CIDADE_min": "São Vicente_Baixada Santista" }, "geometry": { "type": "Point", "coordinates": [ -46.3822007, -23.9657892 ] } },
{ "type": "Feature", "properties": { "CNPJ": "27664941000186", "IDCIDADE": "SAO_VICENTE", "NOMEFANTASIA": "STUDIO_SOL", "RAZAOSOCIAL": "GIULIA_GABRIELA_XAVIER_DIAS", "ENDEE": "RUA_VISCONDE_DO_RIO_BRANCO51__CENTRO_11320-030", "LATITUDE": "-23.9683393", "LONGITUDE": "-46.382413", "LMAPS": "https://www.google.com/maps?q=&layer=c&cbll=-46.382413,-23.9683393", "O_QUE_FAZER": "CARTEIRA", "ER_REGIAO_CIDADE_min": "São Vicente_Baixada Santista" }, "geometry": { "type": "Point", "coordinates": [ -46.382413, -23.9683393 ] } },
{ "type": "Feature", "properties": { "CNPJ": "21327780000159", "IDCIDADE": "SAO_VICENTE", "NOMEFANTASIA": "LANCHONETE_MOTA", "RAZAOSOCIAL": "ANDREIA_MOTA_PINTO_LANCHES", "ENDEE": "RUA_VISCONDE_DO_RIO_BRANCO81__CENTRO_11320-030", "LATITUDE": "-23.9678702", "LONGITUDE": "-46.3820715", "LMAPS": "https://www.google.com/maps?q=&layer=c&cbll=-46.3820715,-23.9678702", "O_QUE_FAZER": "CARTEIRA", "ER_REGIAO_CIDADE_min": "São Vicente_Baixada Santista" }, "geometry": { "type": "Point", "coordinates": [ -46.3820715, -23.9678702 ] } },
{ "type": "Feature", "properties": { "CNPJ": "27717405000100", "IDCIDADE": "SAO_VICENTE", "NOMEFANTASIA": "MONT_REY_ESTACIONAMENTO", "RAZAOSOCIAL": "BARREIRA_&_DELFINO_ESTACIONAMENTO_LTDA", "ENDEE": "RUA_VISCONDE_DO_RIO_BRANCO81__CENTRO_11320-030", "LATITUDE": "-23.9681458", "LONGITUDE": "-46.382507", "LMAPS": "https://www.google.com/maps?q=&layer=c&cbll=-46.382507,-23.9681458", "O_QUE_FAZER": "CARTEIRA", "ER_REGIAO_CIDADE_min": "São Vicente_Baixada Santista" }, "geometry": { "type": "Point", "coordinates": [ -46.382507, -23.9681458 ] } },
{ "type": "Feature", "properties": { "CNPJ": "35750741000174", "IDCIDADE": "SAO_VICENTE", "NOMEFANTASIA": "REFRIGERACAO_VICENTINA", "RAZAOSOCIAL": "FERNANDO_PAPAI_REFRIGERACAO", "ENDEE": "RUA_DOUTOR_AMERICO_BRASILIENSE78__CENTRO_11320-040", "LATITUDE": "-23.9677481", "LONGITUDE": "-46.3805415", "LMAPS": "https://www.google.com/maps?q=&layer=c&cbll=-46.3805415,-23.9677481", "O_QUE_FAZER": "CARTEIRA", "ER_REGIAO_CIDADE_min": "São Vicente_Baixada Santista" }, "geometry": { "type": "Point", "coordinates": [ -46.3805415, -23.9677481 ] } },
{ "type": "Feature", "properties": { "CNPJ": "71096218000130", "IDCIDADE": "SAO_VICENTE", "NOMEFANTASIA": "NOVA_CHARME", "RAZAOSOCIAL": "NOVA_CHARM_PAES_E_DOCES_S.V._LTDA", "ENDEE": "RUA_CANDIDO_RODRIGUES21__CENTRO_11320-050", "LATITUDE": "-23.9687293", "LONGITUDE": "-46.3799145", "LMAPS": "https://www.google.com/maps?q=&layer=c&cbll=-46.3799145,-23.9687293", "O_QUE_FAZER": "CARTEIRA", "ER_REGIAO_CIDADE_min": "São Vicente_Baixada Santista" }, "geometry": { "type": "Point", "coordinates": [ -46.3799145, -23.9687293 ] } },
{ "type": "Feature", "properties": { "CNPJ": "34162028000147", "IDCIDADE": "SAO_VICENTE", "NOMEFANTASIA": "VILLA_PET_SHOP", "RAZAOSOCIAL": "DANIEL_ALVES_REQUEJO", "ENDEE": "RUA_CANDIDO_RODRIGUES32__CENTRO_11320-050", "LATITUDE": "-23.9684609", "LONGITUDE": "-46.3795611", "LMAPS": "https://www.google.com/maps?q=&layer=c&cbll=-46.3795611,-23.9684609", "O_QUE_FAZER": "CARTEIRA", "ER_REGIAO_CIDADE_min": "São Vicente_Baixada Santista" }, "geometry": { "type": "Point", "coordinates": [ -46.3795611, -23.9684609 ] } },
{ "type": "Feature", "properties": { "CNPJ": "33038559000160", "IDCIDADE": "SAO_VICENTE", "NOMEFANTASIA": "VILLA_PETSHOP", "RAZAOSOCIAL": "VILLA_PETSHOP_LTDA", "ENDEE": "RUA_CANDIDO_RODRIGUES32__CENTRO_11320-050", "LATITUDE": "-23.9684742", "LONGITUDE": "-46.3795786", "LMAPS": "https://www.google.com/maps?q=&layer=c&cbll=-46.3795786,-23.9684742", "O_QUE_FAZER": "CARTEIRA", "ER_REGIAO_CIDADE_min": "São Vicente_Baixada Santista" }, "geometry": { "type": "Point", "coordinates": [ -46.3795786, -23.9684742 ] } },
{ "type": "Feature", "properties": { "CNPJ": "41217468000110", "IDCIDADE": "SAO_VICENTE", "NOMEFANTASIA": "A_MINEIRINHA", "RAZAOSOCIAL": "BRUNELLI_&_JORDAO_RESTAURANTE_LTDA", "ENDEE": "RUA_CANDIDO_RODRIGUES33__CENTRO_11320-050", "LATITUDE": "-23.9686914", "LONGITUDE": "-46.3799067", "LMAPS": "https://www.google.com/maps?q=&layer=c&cbll=-46.3799067,-23.9686914", "O_QUE_FAZER": "CARTEIRA", "ER_REGIAO_CIDADE_min": "São Vicente_Baixada Santista" }, "geometry": { "type": "Point", "coordinates": [ -46.3799067, -23.9686914 ] } },
{ "type": "Feature", "properties": { "CNPJ": "11192245000184", "IDCIDADE": "SAO_VICENTE", "NOMEFANTASIA": "A_NAMORADINHA", "RAZAOSOCIAL": "LUCILENE_C_DA_SILVA_BAR_E_LANCHES", "ENDEE": "RUA_CANDIDO_RODRIGUES45__CENTRO_11320-050", "LATITUDE": "-23.968473", "LONGITUDE": "-46.3797311", "LMAPS": "https://www.google.com/maps?q=&layer=c&cbll=-46.3797311,-23.968473", "O_QUE_FAZER": "CARTEIRA", "ER_REGIAO_CIDADE_min": "São Vicente_Baixada Santista" }, "geometry": { "type": "Point", "coordinates": [ -46.3797311, -23.968473 ] } },
{ "type": "Feature", "properties": { "CNPJ": "01582978000171", "IDCIDADE": "SAO_VICENTE", "NOMEFANTASIA": "ENGESAVI", "RAZAOSOCIAL": "A_J_A_DE_OLIVEIRA_-_SAO_VICENTE", "ENDEE": "RUA_CANDIDO_RODRIGUES61__CENTRO_11320-050", "LATITUDE": "-23.9683785", "LONGITUDE": "-46.3796196", "LMAPS": "https://www.google.com/maps?q=&layer=c&cbll=-46.3796196,-23.9683785", "O_QUE_FAZER": "CARTEIRA", "ER_REGIAO_CIDADE_min": "São Vicente_Baixada Santista" }, "geometry": { "type": "Point", "coordinates": [ -46.3796196, -23.9683785 ] } },
{ "type": "Feature", "properties": { "CNPJ": "53930970000152", "IDCIDADE": "SAO_VICENTE", "NOMEFANTASIA": "CASA_MURADO", "RAZAOSOCIAL": "CASA_JURADO_LTDA", "ENDEE": "RUA_CANDIDO_RODRIGUES68__CENTRO_11320-050", "LATITUDE": "-23.9681342", "LONGITUDE": "-46.3792693", "LMAPS": "https://www.google.com/maps?q=&layer=c&cbll=-46.3792693,-23.9681342", "O_QUE_FAZER": "CARTEIRA", "ER_REGIAO_CIDADE_min": "São Vicente_Baixada Santista" }, "geometry": { "type": "Point", "coordinates": [ -46.3792693, -23.9681342 ] } },
{ "type": "Feature", "properties": { "CNPJ": "22309159000125", "IDCIDADE": "SAO_VICENTE", "NOMEFANTASIA": "RESIDENCIAL_VIDA", "RAZAOSOCIAL": "M_V_DA_SILVA", "ENDEE": "RUA_AMADOR_BUENO_DA_RIBEIRA233__CENTRO_11320-060", "LATITUDE": "-23.9672099", "LONGITUDE": "-46.3772865", "LMAPS": "https://www.google.com/maps?q=&layer=c&cbll=-46.3772865,-23.9672099", "O_QUE_FAZER": "CARTEIRA", "ER_REGIAO_CIDADE_min": "São Vicente_Baixada Santista" }, "geometry": { "type": "Point", "coordinates": [ -46.3772865, -23.9672099 ] } },
{ "type": "Feature", "properties": { "CNPJ": "49202344000172", "IDCIDADE": "SAO_VICENTE", "NOMEFANTASIA": "ESCOLA_ATENEU", "RAZAOSOCIAL": "LOMBARDI_&_LOMBARDI_SAO_VICENTE_LTDA", "ENDEE": "RUA_AMADOR_BUENO_DA_RIBEIRA252__CENTRO_11320-060", "LATITUDE": "-23.9666439", "LONGITUDE": "-46.3768806", "LMAPS": "https://www.google.com/maps?q=&layer=c&cbll=-46.3768806,-23.9666439", "O_QUE_FAZER": "CARTEIRA", "ER_REGIAO_CIDADE_min": "São Vicente_Baixada Santista" }, "geometry": { "type": "Point", "coordinates": [ -46.3768806, -23.9666439 ] } },
{ "type": "Feature", "properties": { "CNPJ": "48591995000139", "IDCIDADE": "SAO_VICENTE", "NOMEFANTASIA": "BIG_FAMILIA", "RAZAOSOCIAL": "BIG_FAMILIA_PIZZARIA_E_RESTAURANTE_LTDA", "ENDEE": "RUA_AMADOR_BUENO_DA_RIBEIRA327__CENTRO_11320-060", "LATITUDE": "-23.9663891", "LONGITUDE": "-46.3769676", "LMAPS": "https://www.google.com/maps?q=&layer=c&cbll=-46.3769676,-23.9663891", "O_QUE_FAZER": "CARTEIRA", "ER_REGIAO_CIDADE_min": "São Vicente_Baixada Santista" }, "geometry": { "type": "Point", "coordinates": [ -46.3769676, -23.9663891 ] } },
{ "type": "Feature", "properties": { "CNPJ": "25308322000123", "IDCIDADE": "SAO_VICENTE", "NOMEFANTASIA": "SALAO_PERFIL", "RAZAOSOCIAL": "SALAO_PERFIL_LTDA", "ENDEE": "RUA_AMADOR_BUENO_DA_RIBEIRA57__CENTRO_11320-060", "LATITUDE": "-23.9683922", "LONGITUDE": "-46.3779455", "LMAPS": "https://www.google.com/maps?q=&layer=c&cbll=-46.3779455,-23.9683922", "O_QUE_FAZER": "CARTEIRA", "ER_REGIAO_CIDADE_min": "São Vicente_Baixada Santista" }, "geometry": { "type": "Point", "coordinates": [ -46.3779455, -23.9683922 ] } },
{ "type": "Feature", "properties": { "CNPJ": "23679505000120", "IDCIDADE": "SAO_VICENTE", "NOMEFANTASIA": "DENTISTE", "RAZAOSOCIAL": "DENTISTE_ODONTOLOGIA_LTDA", "ENDEE": "RUA_AMADOR_BUENO_DA_RIBEIRA64__CENTRO_11320-060", "LATITUDE": "-23.968172", "LONGITUDE": "-46.3778074", "LMAPS": "https://www.google.com/maps?q=&layer=c&cbll=-46.3778074,-23.968172", "O_QUE_FAZER": "CARTEIRA", "ER_REGIAO_CIDADE_min": "São Vicente_Baixada Santista" }, "geometry": { "type": "Point", "coordinates": [ -46.3778074, -23.968172 ] } },
{ "type": "Feature", "properties": { "CNPJ": "45177558000185", "IDCIDADE": "SAO_VICENTE", "NOMEFANTASIA": "ADEGA_GONZAGUINHA", "RAZAOSOCIAL": "C.C.R_DA_CRUZ", "ENDEE": "RUA_AMADOR_BUENO_DA_RIBEIRA73__CENTRO_11320-060", "LATITUDE": "-23.9682741", "LONGITUDE": "-46.3780721", "LMAPS": "https://www.google.com/maps?q=&layer=c&cbll=-46.3780721,-23.9682741", "O_QUE_FAZER": "CARTEIRA", "ER_REGIAO_CIDADE_min": "São Vicente_Baixada Santista" }, "geometry": { "type": "Point", "coordinates": [ -46.3780721, -23.9682741 ] } },
{ "type": "Feature", "properties": { "CNPJ": "28801774000130", "IDCIDADE": "SAO_VICENTE", "NOMEFANTASIA": "BY_MONICA", "RAZAOSOCIAL": "MONICA_J_DE_CARVALHO_CABELEIREIRA", "ENDEE": "RUA_AMADOR_BUENO_DA_RIBEIRA77__CENTRO_11320-060", "LATITUDE": "-23.9682356", "LONGITUDE": "-46.3780973", "LMAPS": "https://www.google.com/maps?q=&layer=c&cbll=-46.3780973,-23.9682356", "O_QUE_FAZER": "CARTEIRA", "ER_REGIAO_CIDADE_min": "São Vicente_Baixada Santista" }, "geometry": { "type": "Point", "coordinates": [ -46.3780973, -23.9682356 ] } },
{ "type": "Feature", "properties": { "CNPJ": "49891795000164", "IDCIDADE": "SAO_VICENTE", "NOMEFANTASIA": "LIMA_&_MORAES_IMOBILIARIA", "RAZAOSOCIAL": "LIMA_&_MORAES_IMOBILIARIA_LTDA", "ENDEE": "RUA_AMADOR_BUENO_DA_RIBEIRA87__CENTRO_11320-060", "LATITUDE": "-23.9681423", "LONGITUDE": "-46.3780337", "LMAPS": "https://www.google.com/maps?q=&layer=c&cbll=-46.3780337,-23.9681423", "O_QUE_FAZER": "CARTEIRA", "ER_REGIAO_CIDADE_min": "São Vicente_Baixada Santista" }, "geometry": { "type": "Point", "coordinates": [ -46.3780337, -23.9681423 ] } },
{ "type": "Feature", "properties": { "CNPJ": "55678270000148", "IDCIDADE": "SAO_VICENTE", "NOMEFANTASIA": "SFINGE'S", "RAZAOSOCIAL": "SFINGE'S_DEPILACAO_FEMININA_LTDA", "ENDEE": "RUA_FREITAS_GUIMARAES101__ITARARE_11320-080", "LATITUDE": "-23.9705609", "LONGITUDE": "-46.369978", "LMAPS": "https://www.google.com/maps?q=&layer=c&cbll=-46.369978,-23.9705609", "O_QUE_FAZER": "CARTEIRA", "ER_REGIAO_CIDADE_min": "São Vicente_Baixada Santista" }, "geometry": { "type": "Point", "coordinates": [ -46.369978, -23.9705609 ] } },
{ "type": "Feature", "properties": { "CNPJ": "07897980000116", "IDCIDADE": "SAO_VICENTE", "NOMEFANTASIA": "EXSIL_INFORMATICA", "RAZAOSOCIAL": "EXSIL_INFORMATICA_LTDA", "ENDEE": "RUA_FREITAS_GUIMARAES221__ITARARE_11320-080", "LATITUDE": "-23.9699953", "LONGITUDE": "-46.3709704", "LMAPS": "https://www.google.com/maps?q=&layer=c&cbll=-46.3709704,-23.9699953", "O_QUE_FAZER": "CARTEIRA", "ER_REGIAO_CIDADE_min": "São Vicente_Baixada Santista" }, "geometry": { "type": "Point", "coordinates": [ -46.3709704, -23.9699953 ] } },
{ "type": "Feature", "properties": { "CNPJ": "34798932000143", "IDCIDADE": "SAO_VICENTE", "NOMEFANTASIA": "PET_STAR", "RAZAOSOCIAL": "T.G._DOS_PRAZERES", "ENDEE": "RUA_FREITAS_GUIMARAES368__ITARARE_11320-080", "LATITUDE": "-23.9691695", "LONGITUDE": "-46.372036", "LMAPS": "https://www.google.com/maps?q=&layer=c&cbll=-46.372036,-23.9691695", "O_QUE_FAZER": "CARTEIRA", "ER_REGIAO_CIDADE_min": "São Vicente_Baixada Santista" }, "geometry": { "type": "Point", "coordinates": [ -46.372036, -23.9691695 ] } },
{ "type": "Feature", "properties": { "CNPJ": "45764938000116", "IDCIDADE": "SAO_VICENTE", "NOMEFANTASIA": "MC_CONSTRUCAO", "RAZAOSOCIAL": "M_C_BENTO_COMERCIO_LTDA", "ENDEE": "RUA_FREITAS_GUIMARAES571__ITARARE_11320-080", "LATITUDE": "-23.9684302", "LONGITUDE": "-46.3739105", "LMAPS": "https://www.google.com/maps?q=&layer=c&cbll=-46.3739105,-23.9684302", "O_QUE_FAZER": "CARTEIRA", "ER_REGIAO_CIDADE_min": "São Vicente_Baixada Santista" }, "geometry": { "type": "Point", "coordinates": [ -46.3739105, -23.9684302 ] } },
{ "type": "Feature", "properties": { "CNPJ": "12746352000170", "IDCIDADE": "SAO_VICENTE", "NOMEFANTASIA": "NET_FIGHT", "RAZAOSOCIAL": "NET_FIGHT_LTDA", "ENDEE": "RUA_GONCALO_MONTEIRO146__CENTRO_11320-110", "LATITUDE": "-23.9692974", "LONGITUDE": "-46.3731888", "LMAPS": "https://www.google.com/maps?q=&layer=c&cbll=-46.3731888,-23.9692974", "O_QUE_FAZER": "CARTEIRA", "ER_REGIAO_CIDADE_min": "São Vicente_Baixada Santista" }, "geometry": { "type": "Point", "coordinates": [ -46.3731888, -23.9692974 ] } },
{ "type": "Feature", "properties": { "CNPJ": "30746907000165", "IDCIDADE": "SAO_VICENTE", "NOMEFANTASIA": "CLINICA_IPIRANGA", "RAZAOSOCIAL": "CLINICA_GONCALO_MONTEIRO_LTDA", "ENDEE": "RUA_GONCALO_MONTEIRO154__CENTRO_11320-110", "LATITUDE": "-23.9692067", "LONGITUDE": "-46.3732734", "LMAPS": "https://www.google.com/maps?q=&layer=c&cbll=-46.3732734,-23.9692067", "O_QUE_FAZER": "CARTEIRA", "ER_REGIAO_CIDADE_min": "São Vicente_Baixada Santista" }, "geometry": { "type": "Point", "coordinates": [ -46.3732734, -23.9692067 ] } },
{ "type": "Feature", "properties": { "CNPJ": "31366169000193", "IDCIDADE": "SAO_VICENTE", "NOMEFANTASIA": "FJ_IMOVEIS", "RAZAOSOCIAL": "MOISES_FRANCISCO_DE_JESUS", "ENDEE": "RUA_GONCALO_MONTEIRO248__CENTRO_11320-110", "LATITUDE": "-23.9689533", "LONGITUDE": "-46.373315", "LMAPS": "https://www.google.com/maps?q=&layer=c&cbll=-46.373315,-23.9689533", "O_QUE_FAZER": "CARTEIRA", "ER_REGIAO_CIDADE_min": "São Vicente_Baixada Santista" }, "geometry": { "type": "Point", "coordinates": [ -46.373315, -23.9689533 ] } },
{ "type": "Feature", "properties": { "CNPJ": "42116885000139", "IDCIDADE": "SAO_VICENTE", "NOMEFANTASIA": "PET_LAND", "RAZAOSOCIAL": "PETLAND_ITARARE_LTDA", "ENDEE": "RUA_GONCALO_MONTEIRO466__CENTRO_11320-110", "LATITUDE": "-23.9694766", "LONGITUDE": "-46.3734656", "LMAPS": "https://www.google.com/maps?q=&layer=c&cbll=-46.3734656,-23.9694766", "O_QUE_FAZER": "CARTEIRA", "ER_REGIAO_CIDADE_min": "São Vicente_Baixada Santista" }, "geometry": { "type": "Point", "coordinates": [ -46.3734656, -23.9694766 ] } },
{ "type": "Feature", "properties": { "CNPJ": "33171548000153", "IDCIDADE": "SAO_VICENTE", "NOMEFANTASIA": "MATHEUS_ALVARES", "RAZAOSOCIAL": "CENTRO_DE_REABILITACAO_NEUROLOGICA_MATHEUS_ALVARES_LTDA", "ENDEE": "RUA_RANGEL_PESTANA209__CENTRO_11320-120", "LATITUDE": "-23.9695701", "LONGITUDE": "-46.3723147", "LMAPS": "https://www.google.com/maps?q=&layer=c&cbll=-46.3723147,-23.9695701", "O_QUE_FAZER": "CARTEIRA", "ER_REGIAO_CIDADE_min": "São Vicente_Baixada Santista" }, "geometry": { "type": "Point", "coordinates": [ -46.3723147, -23.9695701 ] } },
{ "type": "Feature", "properties": { "CNPJ": "08943994000191", "IDCIDADE": "SAO_VICENTE", "NOMEFANTASIA": "LANCHONETE_PRAIA_VERDE", "RAZAOSOCIAL": "LANCHONETE_PRAIA_VERDE_LTDA", "ENDEE": "RUA_RANGEL_PESTANA361__CENTRO_11320-120", "LATITUDE": "-23.9683413", "LONGITUDE": "-46.3713601", "LMAPS": "https://www.google.com/maps?q=&layer=c&cbll=-46.3713601,-23.9683413", "O_QUE_FAZER": "CARTEIRA", "ER_REGIAO_CIDADE_min": "São Vicente_Baixada Santista" }, "geometry": { "type": "Point", "coordinates": [ -46.3713601, -23.9683413 ] } },
{ "type": "Feature", "properties": { "CNPJ": "43454314000177", "IDCIDADE": "SAO_VICENTE", "NOMEFANTASIA": "SANTOS_&_NUNES_CONSULTORIA_IMOBILIARIA", "RAZAOSOCIAL": "P&C_EMPREENDIMENTOS_IMOBILIARIOS_DE_SAO_VICENTE_LTDA", "ENDEE": "RUA_RANGEL_PESTANA80__CENTRO_11320-120", "LATITUDE": "-23.9705491", "LONGITUDE": "-46.3728552", "LMAPS": "https://www.google.com/maps?q=&layer=c&cbll=-46.3728552,-23.9705491", "O_QUE_FAZER": "CARTEIRA", "ER_REGIAO_CIDADE_min": "São Vicente_Baixada Santista" }, "geometry": { "type": "Point", "coordinates": [ -46.3728552, -23.9705491 ] } },
{ "type": "Feature", "properties": { "CNPJ": "64571656000147", "IDCIDADE": "SAO_VICENTE", "NOMEFANTASIA": "TUDO_DE_BOM_MATERIAIS_DE_LIMPEZA", "RAZAOSOCIAL": "NATALINO_&_NATALINO_LTDA", "ENDEE": "RUA_MESSIA_ASSU118__ITARARE_11320-130", "LATITUDE": "-23.9721925", "LONGITUDE": "-46.3724137", "LMAPS": "https://www.google.com/maps?q=&layer=c&cbll=-46.3724137,-23.9721925", "O_QUE_FAZER": "CARTEIRA", "ER_REGIAO_CIDADE_min": "São Vicente_Baixada Santista" }, "geometry": { "type": "Point", "coordinates": [ -46.3724137, -23.9721925 ] } },
{ "type": "Feature", "properties": { "CNPJ": "53540198000162", "IDCIDADE": "SAO_VICENTE", "NOMEFANTASIA": "BISTRO_PRAIA_DOCES_E_SALGADOS", "RAZAOSOCIAL": "BISTRO_PRAIA_DOCES_E_SALGADOS_LTDA", "ENDEE": "RUA_MESSIA_ASSU139__ITARARE_11320-130", "LATITUDE": "-23.9719519", "LONGITUDE": "-46.3724049", "LMAPS": "https://www.google.com/maps?q=&layer=c&cbll=-46.3724049,-23.9719519", "O_QUE_FAZER": "CARTEIRA", "ER_REGIAO_CIDADE_min": "São Vicente_Baixada Santista" }, "geometry": { "type": "Point", "coordinates": [ -46.3724049, -23.9719519 ] } },
{ "type": "Feature", "properties": { "CNPJ": "07678839000122", "IDCIDADE": "SAO_VICENTE", "NOMEFANTASIA": "MAG_COLLECTION", "RAZAOSOCIAL": "MARGARETH_NUNES_DE_FREITAS_ARAUJO_CINTRA", "ENDEE": "RUA_MESSIA_ASSU145__ITARARE_11320-130", "LATITUDE": "-23.9715185", "LONGITUDE": "-46.3720689", "LMAPS": "https://www.google.com/maps?q=&layer=c&cbll=-46.3720689,-23.9715185", "O_QUE_FAZER": "CARTEIRA", "ER_REGIAO_CIDADE_min": "São Vicente_Baixada Santista" }, "geometry": { "type": "Point", "coordinates": [ -46.3720689, -23.9715185 ] } },
{ "type": "Feature", "properties": { "CNPJ": "36981206000197", "IDCIDADE": "SAO_VICENTE", "NOMEFANTASIA": "GAVEA_IMOBI", "RAZAOSOCIAL": "GAVEA_IMOBI_NEGOCIOS_IMOBILIARIOS_S/S_LTDA", "ENDEE": "RUA_MESSIA_ASSU151__ITARARE_11320-130", "LATITUDE": "-23.9714563", "LONGITUDE": "-46.3721125", "LMAPS": "https://www.google.com/maps?q=&layer=c&cbll=-46.3721125,-23.9714563", "O_QUE_FAZER": "CARTEIRA", "ER_REGIAO_CIDADE_min": "São Vicente_Baixada Santista" }, "geometry": { "type": "Point", "coordinates": [ -46.3721125, -23.9714563 ] } },
{ "type": "Feature", "properties": { "CNPJ": "38820291000137", "IDCIDADE": "SAO_VICENTE", "NOMEFANTASIA": "OTICA_SOLEMAR", "RAZAOSOCIAL": "OTICA_SOLEMAR_SAO_VICENTE_LTDA", "ENDEE": "RUA_MESSIA_ASSU435__ITARARE_11320-130", "LATITUDE": "-23.9692838", "LONGITUDE": "-46.3708852", "LMAPS": "https://www.google.com/maps?q=&layer=c&cbll=-46.3708852,-23.9692838", "O_QUE_FAZER": "CARTEIRA", "ER_REGIAO_CIDADE_min": "São Vicente_Baixada Santista" }, "geometry": { "type": "Point", "coordinates": [ -46.3708852, -23.9692838 ] } },
{ "type": "Feature", "properties": { "CNPJ": "27169997000164", "IDCIDADE": "SAO_VICENTE", "NOMEFANTASIA": "STUDIO_HERA_PILATES", "RAZAOSOCIAL": "STUDIO_HERA_PILATES_UNIDADE_SAO_VICENTE_LTDA", "ENDEE": "RUA_MESSIA_ASSU493__ITARARE_11320-130", "LATITUDE": "-23.9685004", "LONGITUDE": "-46.3703872", "LMAPS": "https://www.google.com/maps?q=&layer=c&cbll=-46.3703872,-23.9685004", "O_QUE_FAZER": "CARTEIRA", "ER_REGIAO_CIDADE_min": "São Vicente_Baixada Santista" }, "geometry": { "type": "Point", "coordinates": [ -46.3703872, -23.9685004 ] } },
{ "type": "Feature", "properties": { "CNPJ": "05880833000108", "IDCIDADE": "SAO_VICENTE", "NOMEFANTASIA": "HAPPY_PET", "RAZAOSOCIAL": "MUNDO_PET_-_PET_SHOP_LTDA", "ENDEE": "RUA_MESSIA_ASSU534__ITARARE_11320-130", "LATITUDE": "-23.9689255", "LONGITUDE": "-46.3704083", "LMAPS": "https://www.google.com/maps?q=&layer=c&cbll=-46.3704083,-23.9689255", "O_QUE_FAZER": "CARTEIRA", "ER_REGIAO_CIDADE_min": "São Vicente_Baixada Santista" }, "geometry": { "type": "Point", "coordinates": [ -46.3704083, -23.9689255 ] } },
{ "type": "Feature", "properties": { "CNPJ": "34285218000151", "IDCIDADE": "SAO_VICENTE", "NOMEFANTASIA": "MARIA_BONITA_LOUNGE_BAR", "RAZAOSOCIAL": "R_R_RODRIGUEZ_RESTAURANTE_LTDA", "ENDEE": "RUA_MESSIA_ASSU77__ITARARE_11320-130", "LATITUDE": "-23.9724445", "LONGITUDE": "-46.3726496", "LMAPS": "https://www.google.com/maps?q=&layer=c&cbll=-46.3726496,-23.9724445", "O_QUE_FAZER": "CARTEIRA", "ER_REGIAO_CIDADE_min": "São Vicente_Baixada Santista" }, "geometry": { "type": "Point", "coordinates": [ -46.3726496, -23.9724445 ] } },
{ "type": "Feature", "properties": { "CNPJ": "46772521000168", "IDCIDADE": "SAO_VICENTE", "NOMEFANTASIA": "HOTEL_MAR_E_ONDA", "RAZAOSOCIAL": "HOTEL_MAR_E_ONDA_DE_SAO_VICENTE_LTDA", "ENDEE": "RUA_PERO_CORREA408__ITARARE_11320-140", "LATITUDE": "-23.9705833", "LONGITUDE": "-46.3697583", "LMAPS": "https://www.google.com/maps?q=&layer=c&cbll=-46.3697583,-23.9705833", "O_QUE_FAZER": "CARTEIRA", "ER_REGIAO_CIDADE_min": "São Vicente_Baixada Santista" }, "geometry": { "type": "Point", "coordinates": [ -46.3697583, -23.9705833 ] } },
{ "type": "Feature", "properties": { "CNPJ": "50740392000101", "IDCIDADE": "SAO_VICENTE", "NOMEFANTASIA": "BOTECO_BOA_VISTA", "RAZAOSOCIAL": "BOTECO_BOA_VISTA_LTDA", "ENDEE": "RUA_PERO_CORREA594__ITARARE_11320-140", "LATITUDE": "-23.9694725", "LONGITUDE": "-46.3693118", "LMAPS": "https://www.google.com/maps?q=&layer=c&cbll=-46.3693118,-23.9694725", "O_QUE_FAZER": "CARTEIRA", "ER_REGIAO_CIDADE_min": "São Vicente_Baixada Santista" }, "geometry": { "type": "Point", "coordinates": [ -46.3693118, -23.9694725 ] } },
{ "type": "Feature", "properties": { "CNPJ": "05999633000179", "IDCIDADE": "SAO_VICENTE", "NOMEFANTASIA": "PALAIS_HOTEL", "RAZAOSOCIAL": "CLAMAIS_HOTELARIA_LTDA", "ENDEE": "RUA_PERO_CORREA595__ITARARE_11320-140", "LATITUDE": "-23.9691089", "LONGITUDE": "-46.369387", "LMAPS": "https://www.google.com/maps?q=&layer=c&cbll=-46.369387,-23.9691089", "O_QUE_FAZER": "CARTEIRA", "ER_REGIAO_CIDADE_min": "São Vicente_Baixada Santista" }, "geometry": { "type": "Point", "coordinates": [ -46.369387, -23.9691089 ] } },
{ "type": "Feature", "properties": { "CNPJ": "21268805000190", "IDCIDADE": "SAO_VICENTE", "NOMEFANTASIA": "SERENA_COSMETICOS", "RAZAOSOCIAL": "R._DOS_SANTOS_OLIVEIRA_PIZZARIA", "ENDEE": "RUA_ONZE_DE_JUNHO15__ITARARE_11320-160", "LATITUDE": "-23.9728503", "LONGITUDE": "-46.3704036", "LMAPS": "https://www.google.com/maps?q=&layer=c&cbll=-46.3704036,-23.9728503", "O_QUE_FAZER": "CARTEIRA", "ER_REGIAO_CIDADE_min": "São Vicente_Baixada Santista" }, "geometry": { "type": "Point", "coordinates": [ -46.3704036, -23.9728503 ] } },
{ "type": "Feature", "properties": { "CNPJ": "08818917000100", "IDCIDADE": "SAO_VICENTE", "NOMEFANTASIA": "IMOBILIARIA_NAUTILLUS", "RAZAOSOCIAL": "IMOBILIARIA_NAUTILLUS_LTDA", "ENDEE": "RUA_ONZE_DE_JUNHO183__ITARARE_11320-160", "LATITUDE": "-23.9721362", "LONGITUDE": "-46.3717737", "LMAPS": "https://www.google.com/maps?q=&layer=c&cbll=-46.3717737,-23.9721362", "O_QUE_FAZER": "CARTEIRA", "ER_REGIAO_CIDADE_min": "São Vicente_Baixada Santista" }, "geometry": { "type": "Point", "coordinates": [ -46.3717737, -23.9721362 ] } },
{ "type": "Feature", "properties": { "CNPJ": "39146776000150", "IDCIDADE": "SAO_VICENTE", "NOMEFANTASIA": "EMPORIO_DA_RAIZ", "RAZAOSOCIAL": "RAIZ_EM_COMERCIO_E_DISTRIBUICAO_DE_ALIMENTOS_LTDA", "ENDEE": "RUA_ONZE_DE_JUNHO190__ITARARE_11320-160", "LATITUDE": "-23.9719942", "LONGITUDE": "-46.3717926", "LMAPS": "https://www.google.com/maps?q=&layer=c&cbll=-46.3717926,-23.9719942", "O_QUE_FAZER": "CARTEIRA", "ER_REGIAO_CIDADE_min": "São Vicente_Baixada Santista" }, "geometry": { "type": "Point", "coordinates": [ -46.3717926, -23.9719942 ] } },
{ "type": "Feature", "properties": { "CNPJ": "30711251000307", "IDCIDADE": "SAO_VICENTE", "NOMEFANTASIA": "TO_GO", "RAZAOSOCIAL": "TO_GO_REPRESENTACAO_E_ATACADO_DE_CONGELADOS_LTDA", "ENDEE": "RUA_ONZE_DE_JUNHO190__ITARARE_11320-160", "LATITUDE": "-23.972029", "LONGITUDE": "-46.3717868", "LMAPS": "https://www.google.com/maps?q=&layer=c&cbll=-46.3717868,-23.972029", "O_QUE_FAZER": "CARTEIRA", "ER_REGIAO_CIDADE_min": "São Vicente_Baixada Santista" }, "geometry": { "type": "Point", "coordinates": [ -46.3717868, -23.972029 ] } },
{ "type": "Feature", "properties": { "CNPJ": "07691295000139", "IDCIDADE": "SAO_VICENTE", "NOMEFANTASIA": "SECULO_21_IMOVEIS", "RAZAOSOCIAL": "KATIA_APARECIDA_FERRARI", "ENDEE": "RUA_ONZE_DE_JUNHO202__ITARARE_11320-160", "LATITUDE": "-23.9718793", "LONGITUDE": "-46.3718691", "LMAPS": "https://www.google.com/maps?q=&layer=c&cbll=-46.3718691,-23.9718793", "O_QUE_FAZER": "CARTEIRA", "ER_REGIAO_CIDADE_min": "São Vicente_Baixada Santista" }, "geometry": { "type": "Point", "coordinates": [ -46.3718691, -23.9718793 ] } },
{ "type": "Feature", "properties": { "CNPJ": "12554388000151", "IDCIDADE": "SAO_VICENTE", "NOMEFANTASIA": "PRAIAS_IMOBI", "RAZAOSOCIAL": "IVAN_BENEDITO_DOS_SANTOS", "ENDEE": "RUA_ONZE_DE_JUNHO267__ITARARE_11320-160", "LATITUDE": "-23.9717512", "LONGITUDE": "-46.3724248", "LMAPS": "https://www.google.com/maps?q=&layer=c&cbll=-46.3724248,-23.9717512", "O_QUE_FAZER": "CARTEIRA", "ER_REGIAO_CIDADE_min": "São Vicente_Baixada Santista" }, "geometry": { "type": "Point", "coordinates": [ -46.3724248, -23.9717512 ] } },
{ "type": "Feature", "properties": { "CNPJ": "37032107000121", "IDCIDADE": "SAO_VICENTE", "NOMEFANTASIA": "INISTUTO_MATHEUS_ALVARES", "RAZAOSOCIAL": "CENTRO_NEUROLOGICO_MATHEUS_ALVARES_LTDA", "ENDEE": "RUA_ONZE_DE_JUNHO291__ITARARE_11320-160", "LATITUDE": "-23.9718583", "LONGITUDE": "-46.372962", "LMAPS": "https://www.google.com/maps?q=&layer=c&cbll=-46.372962,-23.9718583", "O_QUE_FAZER": "CARTEIRA", "ER_REGIAO_CIDADE_min": "São Vicente_Baixada Santista" }, "geometry": { "type": "Point", "coordinates": [ -46.372962, -23.9718583 ] } },
{ "type": "Feature", "properties": { "CNPJ": "53983757000109", "IDCIDADE": "SAO_VICENTE", "NOMEFANTASIA": "ESPACO_LASER", "RAZAOSOCIAL": "LISA_A_LASER_ITARARE_LTDA", "ENDEE": "RUA_ONZE_DE_JUNHO330__ITARARE_11320-160", "LATITUDE": "-23.9713584", "LONGITUDE": "-46.3729684", "LMAPS": "https://www.google.com/maps?q=&layer=c&cbll=-46.3729684,-23.9713584", "O_QUE_FAZER": "CARTEIRA", "ER_REGIAO_CIDADE_min": "São Vicente_Baixada Santista" }, "geometry": { "type": "Point", "coordinates": [ -46.3729684, -23.9713584 ] } },
{ "type": "Feature", "properties": { "CNPJ": "48911324000108", "IDCIDADE": "SAO_VICENTE", "NOMEFANTASIA": "BOTEQUIM_BOA_VISTA", "RAZAOSOCIAL": "BOTEQUIM_BOA_VISTA_LTDA", "ENDEE": "RUA_ONZE_DE_JUNHO348__ITARARE_11320-160", "LATITUDE": "-23.9712781", "LONGITUDE": "-46.3731636", "LMAPS": "https://www.google.com/maps?q=&layer=c&cbll=-46.3731636,-23.9712781", "O_QUE_FAZER": "CARTEIRA", "ER_REGIAO_CIDADE_min": "São Vicente_Baixada Santista" }, "geometry": { "type": "Point", "coordinates": [ -46.3731636, -23.9712781 ] } },
{ "type": "Feature", "properties": { "CNPJ": "33203930000100", "IDCIDADE": "SAO_VICENTE", "NOMEFANTASIA": "ITARARE_IMOVEIS", "RAZAOSOCIAL": "WILSON_BARBOSA", "ENDEE": "RUA_ONZE_DE_JUNHO40__ITARARE_11320-160", "LATITUDE": "-23.9723255", "LONGITUDE": "-46.3698968", "LMAPS": "https://www.google.com/maps?q=&layer=c&cbll=-46.3698968,-23.9723255", "O_QUE_FAZER": "CARTEIRA", "ER_REGIAO_CIDADE_min": "São Vicente_Baixada Santista" }, "geometry": { "type": "Point", "coordinates": [ -46.3698968, -23.9723255 ] } },
{ "type": "Feature", "properties": { "CNPJ": "36702509000204", "IDCIDADE": "SAO_VICENTE", "NOMEFANTASIA": "ADEGA_BOA_VISTA", "RAZAOSOCIAL": "ADEGA_BOA_VISTA_DE_SAO_VICENTE_LTDA", "ENDEE": "RUA_ONZE_DE_JUNHO78__ITARARE_11320-160", "LATITUDE": "-23.9725375", "LONGITUDE": "-46.3708355", "LMAPS": "https://www.google.com/maps?q=&layer=c&cbll=-46.3708355,-23.9725375", "O_QUE_FAZER": "CARTEIRA", "ER_REGIAO_CIDADE_min": "São Vicente_Baixada Santista" }, "geometry": { "type": "Point", "coordinates": [ -46.3708355, -23.9725375 ] } },
{ "type": "Feature", "properties": { "CNPJ": "08320010000388", "IDCIDADE": "SAO_VICENTE", "NOMEFANTASIA": "AGUA_MARINHA", "RAZAOSOCIAL": "AGUA_MARINHA_COMERCIO_DE_ARTIGOS_DO_VESTUARIO_LTDA", "ENDEE": "RUA_ONZE_DE_JUNHO9__ITARARE_11320-160", "LATITUDE": "-23.9727109", "LONGITUDE": "-46.3706028", "LMAPS": "https://www.google.com/maps?q=&layer=c&cbll=-46.3706028,-23.9727109", "O_QUE_FAZER": "CARTEIRA", "ER_REGIAO_CIDADE_min": "São Vicente_Baixada Santista" }, "geometry": { "type": "Point", "coordinates": [ -46.3706028, -23.9727109 ] } },
{ "type": "Feature", "properties": { "CNPJ": "01429717000116", "IDCIDADE": "SAO_VICENTE", "NOMEFANTASIA": "QUIOSQUE_DA_CRIS", "RAZAOSOCIAL": "CRISTIANE_MARGARIDA_LOPES_LORCA_-_QUIOSQUE", "ENDEE": "AVENIDA_MANOEL_DA_NOBREGA1__ITARARE_11320-200", "LATITUDE": "-23.9740631", "LONGITUDE": "-46.3701649", "LMAPS": "https://www.google.com/maps?q=&layer=c&cbll=-46.3701649,-23.9740631", "O_QUE_FAZER": "CARTEIRA", "ER_REGIAO_CIDADE_min": "São Vicente_Baixada Santista" }, "geometry": { "type": "Point", "coordinates": [ -46.3701649, -23.9740631 ] } },
{ "type": "Feature", "properties": { "CNPJ": "40174253000104", "IDCIDADE": "SAO_VICENTE", "NOMEFANTASIA": "PET_SHOP_MENINO_TOM", "RAZAOSOCIAL": "PETSHOP_MENINO_TOM_LTDA", "ENDEE": "AVENIDA_MANOEL_DA_NOBREGA1071__ITARARE_11320-200", "LATITUDE": "-23.969186", "LONGITUDE": "-46.3640964", "LMAPS": "https://www.google.com/maps?q=&layer=c&cbll=-46.3640964,-23.969186", "O_QUE_FAZER": "CARTEIRA", "ER_REGIAO_CIDADE_min": "São Vicente_Baixada Santista" }, "geometry": { "type": "Point", "coordinates": [ -46.3640964, -23.969186 ] } },
{ "type": "Feature", "properties": { "CNPJ": "52980034000193", "IDCIDADE": "SAO_VICENTE", "NOMEFANTASIA": "SOLAR_DOS_VIMES", "RAZAOSOCIAL": "DONIZETI_DE_CASTRO_CORREIA_-_MOVEIS", "ENDEE": "AVENIDA_MANOEL_DA_NOBREGA1238__ITARARE_11320-200", "LATITUDE": "-23.9687515", "LONGITUDE": "-46.3621432", "LMAPS": "https://www.google.com/maps?q=&layer=c&cbll=-46.3621432,-23.9687515", "O_QUE_FAZER": "CARTEIRA", "ER_REGIAO_CIDADE_min": "São Vicente_Baixada Santista" }, "geometry": { "type": "Point", "coordinates": [ -46.3621432, -23.9687515 ] } },
{ "type": "Feature", "properties": { "CNPJ": "06026205000122", "IDCIDADE": "SAO_VICENTE", "NOMEFANTASIA": "LUCIA_LANCHES", "RAZAOSOCIAL": "TARCISIO_NONATO_DE_QUEIROZ", "ENDEE": "AVENIDA_MANOEL_DA_NOBREGA134__ITARARE_11320-200", "LATITUDE": "-23.9707341", "LONGITUDE": "-46.3667188", "LMAPS": "https://www.google.com/maps?q=&layer=c&cbll=-46.3667188,-23.9707341", "O_QUE_FAZER": "CARTEIRA", "ER_REGIAO_CIDADE_min": "São Vicente_Baixada Santista" }, "geometry": { "type": "Point", "coordinates": [ -46.3667188, -23.9707341 ] } },
{ "type": "Feature", "properties": { "CNPJ": "30230597000121", "IDCIDADE": "SAO_VICENTE", "NOMEFANTASIA": "REI_DO_MACUCO", "RAZAOSOCIAL": "ANTONIO_GUIMARAES_LIMA", "ENDEE": "AVENIDA_MANOEL_DA_NOBREGA1350__ITARARE_11320-200", "LATITUDE": "-23.9686687", "LONGITUDE": "-46.3611822", "LMAPS": "https://www.google.com/maps?q=&layer=c&cbll=-46.3611822,-23.9686687", "O_QUE_FAZER": "CARTEIRA", "ER_REGIAO_CIDADE_min": "São Vicente_Baixada Santista" }, "geometry": { "type": "Point", "coordinates": [ -46.3611822, -23.9686687 ] } },
{ "type": "Feature", "properties": { "CNPJ": "48470669000173", "IDCIDADE": "SAO_VICENTE", "NOMEFANTASIA": "REI_DO_PLASTICO", "RAZAOSOCIAL": "PAOLA_PUPO_ZANELLO_COMERCIO_DE_ARTIGOS_PLASTICOS", "ENDEE": "AVENIDA_MANOEL_DA_NOBREGA1463__ITARARE_11320-200", "LATITUDE": "-23.9684667", "LONGITUDE": "-46.3600397", "LMAPS": "https://www.google.com/maps?q=&layer=c&cbll=-46.3600397,-23.9684667", "O_QUE_FAZER": "CARTEIRA", "ER_REGIAO_CIDADE_min": "São Vicente_Baixada Santista" }, "geometry": { "type": "Point", "coordinates": [ -46.3600397, -23.9684667 ] } },
{ "type": "Feature", "properties": { "CNPJ": "06877889000176", "IDCIDADE": "SAO_VICENTE", "NOMEFANTASIA": "HOTEL_CEU_AZUL", "RAZAOSOCIAL": "ADMINISTRACAO_DE_HOTEIS_CEU_AZUL_LTDA", "ENDEE": "AVENIDA_MANOEL_DA_NOBREGA1682__ITARARE_11320-200", "LATITUDE": "-23.9681473", "LONGITUDE": "-46.3579468", "LMAPS": "https://www.google.com/maps?q=&layer=c&cbll=-46.3579468,-23.9681473", "O_QUE_FAZER": "CARTEIRA", "ER_REGIAO_CIDADE_min": "São Vicente_Baixada Santista" }, "geometry": { "type": "Point", "coordinates": [ -46.3579468, -23.9681473 ] } },
{ "type": "Feature", "properties": { "CNPJ": "29044727000152", "IDCIDADE": "SAO_VICENTE", "NOMEFANTASIA": "POUSADA_DA_PRAIA", "RAZAOSOCIAL": "POUSADA_PRAIA_LTDA.", "ENDEE": "AVENIDA_MANOEL_DA_NOBREGA1708__ITARARE_11320-200", "LATITUDE": "-23.9681885", "LONGITUDE": "-46.357607", "LMAPS": "https://www.google.com/maps?q=&layer=c&cbll=-46.357607,-23.9681885", "O_QUE_FAZER": "CARTEIRA", "ER_REGIAO_CIDADE_min": "São Vicente_Baixada Santista" }, "geometry": { "type": "Point", "coordinates": [ -46.357607, -23.9681885 ] } },
{ "type": "Feature", "properties": { "CNPJ": "29827537000101", "IDCIDADE": "SAO_VICENTE", "NOMEFANTASIA": "POUSADA_ITARARE", "RAZAOSOCIAL": "RODRIGO_M._DE_LIMA_POUSADA", "ENDEE": "AVENIDA_MANOEL_DA_NOBREGA1744__ITARARE_11320-200", "LATITUDE": "-23.9681434", "LONGITUDE": "-46.357322", "LMAPS": "https://www.google.com/maps?q=&layer=c&cbll=-46.357322,-23.9681434", "O_QUE_FAZER": "CARTEIRA", "ER_REGIAO_CIDADE_min": "São Vicente_Baixada Santista" }, "geometry": { "type": "Point", "coordinates": [ -46.357322, -23.9681434 ] } },
{ "type": "Feature", "properties": { "CNPJ": "08408935000113", "IDCIDADE": "SAO_VICENTE", "NOMEFANTASIA": "HOTEL_FRENTE_MAR", "RAZAOSOCIAL": "FRENTEMAR_POUSADA_DO_ITARARE_LTDA", "ENDEE": "AVENIDA_MANOEL_DA_NOBREGA1781__ITARARE_11320-200", "LATITUDE": "-23.9681476", "LONGITUDE": "-46.3569081", "LMAPS": "https://www.google.com/maps?q=&layer=c&cbll=-46.3569081,-23.9681476", "O_QUE_FAZER": "CARTEIRA", "ER_REGIAO_CIDADE_min": "São Vicente_Baixada Santista" }, "geometry": { "type": "Point", "coordinates": [ -46.3569081, -23.9681476 ] } },
{ "type": "Feature", "properties": { "CNPJ": "54525597000117", "IDCIDADE": "SAO_VICENTE", "NOMEFANTASIA": "DIVISA_MATERIAIS", "RAZAOSOCIAL": "SILVA_&_SILVA_MATERIAIS_PARA_CONSTRUCAO_LTDA", "ENDEE": "AVENIDA_MANOEL_DA_NOBREGA1785__ITARARE_11320-200", "LATITUDE": "-23.9683481", "LONGITUDE": "-46.3568062", "LMAPS": "https://www.google.com/maps?q=&layer=c&cbll=-46.3568062,-23.9683481", "O_QUE_FAZER": "CARTEIRA", "ER_REGIAO_CIDADE_min": "São Vicente_Baixada Santista" }, "geometry": { "type": "Point", "coordinates": [ -46.3568062, -23.9683481 ] } },
{ "type": "Feature", "properties": { "CNPJ": "03457756000152", "IDCIDADE": "SAO_VICENTE", "NOMEFANTASIA": "MONTE_SEU_BIQUINI", "RAZAOSOCIAL": "ASG_COMERCIO_DE_ARTIGOS_PARA_PRAIA_LTDA", "ENDEE": "AVENIDA_MANOEL_DA_NOBREGA625__ITARARE_11320-200", "LATITUDE": "-23.9700586", "LONGITUDE": "-46.3680913", "LMAPS": "https://www.google.com/maps?q=&layer=c&cbll=-46.3680913,-23.9700586", "O_QUE_FAZER": "CARTEIRA", "ER_REGIAO_CIDADE_min": "São Vicente_Baixada Santista" }, "geometry": { "type": "Point", "coordinates": [ -46.3680913, -23.9700586 ] } },
{ "type": "Feature", "properties": { "CNPJ": "46908509000138", "IDCIDADE": "SAO_VICENTE", "NOMEFANTASIA": "DE_LA_MARES", "RAZAOSOCIAL": "FAMILIA_DELAMARIS_RESIDENCIAL_PARA_IDOSOS_LTDA", "ENDEE": "AVENIDA_MANOEL_DA_NOBREGA639__ITARARE_11320-200", "LATITUDE": "-23.9701213", "LONGITUDE": "-46.3679206", "LMAPS": "https://www.google.com/maps?q=&layer=c&cbll=-46.3679206,-23.9701213", "O_QUE_FAZER": "CARTEIRA", "ER_REGIAO_CIDADE_min": "São Vicente_Baixada Santista" }, "geometry": { "type": "Point", "coordinates": [ -46.3679206, -23.9701213 ] } },
{ "type": "Feature", "properties": { "CNPJ": "28313217000170", "IDCIDADE": "SAO_VICENTE", "NOMEFANTASIA": "EMAGRECENTRO", "RAZAOSOCIAL": "DIVA'S_CENTRO_DE_BELEZA_E_SAUDE_LTDA", "ENDEE": "AVENIDA_MANOEL_DA_NOBREGA686__ITARARE_11320-200", "LATITUDE": "-23.9697314", "LONGITUDE": "-46.3675998", "LMAPS": "https://www.google.com/maps?q=&layer=c&cbll=-46.3675998,-23.9697314", "O_QUE_FAZER": "CARTEIRA", "ER_REGIAO_CIDADE_min": "São Vicente_Baixada Santista" }, "geometry": { "type": "Point", "coordinates": [ -46.3675998, -23.9697314 ] } },
{ "type": "Feature", "properties": { "CNPJ": "08858448000152", "IDCIDADE": "SAO_VICENTE", "NOMEFANTASIA": "LEANDRO_MONTEIRO_SEGUROS", "RAZAOSOCIAL": "LEANDRO_MONTEIRO_ADMINISTRADORA_E_CORRETORA_DE_SEGUROS_LTDA", "ENDEE": "AVENIDA_MANOEL_DA_NOBREGA743__ITARARE_11320-200", "LATITUDE": "-23.9696652", "LONGITUDE": "-46.3669663", "LMAPS": "https://www.google.com/maps?q=&layer=c&cbll=-46.3669663,-23.9696652", "O_QUE_FAZER": "CARTEIRA", "ER_REGIAO_CIDADE_min": "São Vicente_Baixada Santista" }, "geometry": { "type": "Point", "coordinates": [ -46.3669663, -23.9696652 ] } },
{ "type": "Feature", "properties": { "CNPJ": "37128798000161", "IDCIDADE": "SAO_VICENTE", "NOMEFANTASIA": "CANECA_DE_OURO", "RAZAOSOCIAL": "RESTAURANTE_J_M_LTDA", "ENDEE": "RUA_PRINCESA_ISABEL43__ITARARE_11320-300", "LATITUDE": "-23.9679063", "LONGITUDE": "-46.3568171", "LMAPS": "https://www.google.com/maps?q=&layer=c&cbll=-46.3568171,-23.9679063", "O_QUE_FAZER": "CARTEIRA", "ER_REGIAO_CIDADE_min": "São Vicente_Baixada Santista" }, "geometry": { "type": "Point", "coordinates": [ -46.3568171, -23.9679063 ] } },
{ "type": "Feature", "properties": { "CNPJ": "01224644000126", "IDCIDADE": "SAO_VICENTE", "NOMEFANTASIA": "CASA_DE_CARNES_PRAIA_LINDA", "RAZAOSOCIAL": "CARLOS_ALBERTO_SOUSA_TEIXEIRA", "ENDEE": "RUA_PRINCESA_ISABEL51__ITARARE_11320-300", "LATITUDE": "-23.96776", "LONGITUDE": "-46.3568364", "LMAPS": "https://www.google.com/maps?q=&layer=c&cbll=-46.3568364,-23.96776", "O_QUE_FAZER": "CARTEIRA", "ER_REGIAO_CIDADE_min": "São Vicente_Baixada Santista" }, "geometry": { "type": "Point", "coordinates": [ -46.3568364, -23.96776 ] } },
{ "type": "Feature", "properties": { "CNPJ": "05210340000160", "IDCIDADE": "SAO_VICENTE", "NOMEFANTASIA": "BAZAR_QUASE_TUDO", "RAZAOSOCIAL": "BAZAR_QUASE_TUDO_DE_SAO_VICENTE_LTDA", "ENDEE": "RUA_PRINCESA_ISABEL96__ITARARE_11320-300", "LATITUDE": "-23.9674263", "LONGITUDE": "-46.3567292", "LMAPS": "https://www.google.com/maps?q=&layer=c&cbll=-46.3567292,-23.9674263", "O_QUE_FAZER": "CARTEIRA", "ER_REGIAO_CIDADE_min": "São Vicente_Baixada Santista" }, "geometry": { "type": "Point", "coordinates": [ -46.3567292, -23.9674263 ] } },
{ "type": "Feature", "properties": { "CNPJ": "13088267000124", "IDCIDADE": "SAO_VICENTE", "NOMEFANTASIA": "SILVA_LIBERATO_MINIMERCADO", "RAZAOSOCIAL": "SILVA_LIBERATO_MINIMERCADO_LTDA", "ENDEE": "RUA_DOUTOR_JOSE_FRANCISCO_VALENCA151__ITARARE_11320-330", "LATITUDE": "-23.9673107", "LONGITUDE": "-46.357127", "LMAPS": "https://www.google.com/maps?q=&layer=c&cbll=-46.357127,-23.9673107", "O_QUE_FAZER": "CARTEIRA", "ER_REGIAO_CIDADE_min": "São Vicente_Baixada Santista" }, "geometry": { "type": "Point", "coordinates": [ -46.357127, -23.9673107 ] } },
{ "type": "Feature", "properties": { "CNPJ": "32609301000103", "IDCIDADE": "SAO_VICENTE", "NOMEFANTASIA": "STUDIO_ZENILDA", "RAZAOSOCIAL": "Z._FERNANDES_DOS_SANTOS", "ENDEE": "RUA_DOUTOR_JOSE_FRANCISCO_VALENCA77__ITARARE_11320-330", "LATITUDE": "-23.9678764", "LONGITUDE": "-46.3576633", "LMAPS": "https://www.google.com/maps?q=&layer=c&cbll=-46.3576633,-23.9678764", "O_QUE_FAZER": "CARTEIRA", "ER_REGIAO_CIDADE_min": "São Vicente_Baixada Santista" }, "geometry": { "type": "Point", "coordinates": [ -46.3576633, -23.9678764 ] } },
{ "type": "Feature", "properties": { "CNPJ": "06279386000107", "IDCIDADE": "SAO_VICENTE", "NOMEFANTASIA": "REGIS_BAR_E_PIZZARIA", "RAZAOSOCIAL": "R._ANDRADE_DE_JESUS_LANCHONETE", "ENDEE": "RUA_DOUTOR_JOSE_FRANCISCO_VALENCA96__ITARARE_11320-330", "LATITUDE": "-23.9675223", "LONGITUDE": "-46.3567966", "LMAPS": "https://www.google.com/maps?q=&layer=c&cbll=-46.3567966,-23.9675223", "O_QUE_FAZER": "CARTEIRA", "ER_REGIAO_CIDADE_min": "São Vicente_Baixada Santista" }, "geometry": { "type": "Point", "coordinates": [ -46.3567966, -23.9675223 ] } },
{ "type": "Feature", "properties": { "CNPJ": "20673056000114", "IDCIDADE": "SAO_VICENTE", "NOMEFANTASIA": "PRADO_NAUTICA", "RAZAOSOCIAL": "MARIA_JOSE_DURAES_DE_ALMEIDA_PRADO", "ENDEE": "AVENIDA_ANTONIO_RODRIGUES144__CENTRO_11320-410", "LATITUDE": "-23.9700133", "LONGITUDE": "-46.3746233", "LMAPS": "https://www.google.com/maps?q=&layer=c&cbll=-46.3746233,-23.9700133", "O_QUE_FAZER": "CARTEIRA", "ER_REGIAO_CIDADE_min": "São Vicente_Baixada Santista" }, "geometry": { "type": "Point", "coordinates": [ -46.3746233, -23.9700133 ] } },
{ "type": "Feature", "properties": { "CNPJ": "51081842000156", "IDCIDADE": "SAO_VICENTE", "NOMEFANTASIA": "HOTEL_CHATEAUX", "RAZAOSOCIAL": "CHATEAUX_HOTEL_LIMITADA", "ENDEE": "AVENIDA_ANTONIO_RODRIGUES299__GONZAGUINHA_11320-410", "LATITUDE": "-23.9688951", "LONGITUDE": "-46.3752146", "LMAPS": "https://www.google.com/maps?q=&layer=c&cbll=-46.3752146,-23.9688951", "O_QUE_FAZER": "CARTEIRA", "ER_REGIAO_CIDADE_min": "São Vicente_Baixada Santista" }, "geometry": { "type": "Point", "coordinates": [ -46.3752146, -23.9688951 ] } },
{ "type": "Feature", "properties": { "CNPJ": "04587269000177", "IDCIDADE": "SAO_VICENTE", "NOMEFANTASIA": "TI_MARIA", "RAZAOSOCIAL": "TI_MARIA_RESTAURANTE_PIZZARIA_E_CHOPERIA_LTDA", "ENDEE": "AVENIDA_ANTONIO_RODRIGUES436__CENTRO_11320-410", "LATITUDE": "-23.9689401", "LONGITUDE": "-46.3768308", "LMAPS": "https://www.google.com/maps?q=&layer=c&cbll=-46.3768308,-23.9689401", "O_QUE_FAZER": "CARTEIRA", "ER_REGIAO_CIDADE_min": "São Vicente_Baixada Santista" }, "geometry": { "type": "Point", "coordinates": [ -46.3768308, -23.9689401 ] } },
{ "type": "Feature", "properties": { "CNPJ": "61006011000173", "IDCIDADE": "SAO_VICENTE", "NOMEFANTASIA": "BOA_VISTA_MATERIAIS_PARA_CONSTRUCAO", "RAZAOSOCIAL": "CAVALHEIRO_MATERIAIS_PARA_CONSTRUCAO_LTDA", "ENDEE": "AVENIDA_ANTONIO_RODRIGUES82__CENTRO_11320-410", "LATITUDE": "-23.9707033", "LONGITUDE": "-46.3740433", "LMAPS": "https://www.google.com/maps?q=&layer=c&cbll=-46.3740433,-23.9707033", "O_QUE_FAZER": "CARTEIRA", "ER_REGIAO_CIDADE_min": "São Vicente_Baixada Santista" }, "geometry": { "type": "Point", "coordinates": [ -46.3740433, -23.9707033 ] } },
{ "type": "Feature", "properties": { "CNPJ": "59632224000169", "IDCIDADE": "SAO_VICENTE", "NOMEFANTASIA": "GAUFIO", "RAZAOSOCIAL": "FRIOS_E_CHOPP_MARES_DO_SUL_LTDA", "ENDEE": "AVENIDA_EMBAIXADOR_PEDRO_DE_TOLEDO191__CENTRO_11320-440", "LATITUDE": "-23.9688293", "LONGITUDE": "-46.3804092", "LMAPS": "https://www.google.com/maps?q=&layer=c&cbll=-46.3804092,-23.9688293", "O_QUE_FAZER": "CARTEIRA", "ER_REGIAO_CIDADE_min": "São Vicente_Baixada Santista" }, "geometry": { "type": "Point", "coordinates": [ -46.3804092, -23.9688293 ] } },
{ "type": "Feature", "properties": { "CNPJ": "24121294000178", "IDCIDADE": "SAO_VICENTE", "NOMEFANTASIA": "VIBE_OCEAN", "RAZAOSOCIAL": "VIBE_OCEAN_TEAM_LOCACAO_DE_ESPACO_E_COMERCIO_DE_ARTIGOS_DE_PRAIA_LTDA.", "ENDEE": "AVENIDA_EMBAIXADOR_PEDRO_DE_TOLEDO253__CENTRO_11320-440", "LATITUDE": "-23.9691127", "LONGITUDE": "-46.3810741", "LMAPS": "https://www.google.com/maps?q=&layer=c&cbll=-46.3810741,-23.9691127", "O_QUE_FAZER": "CARTEIRA", "ER_REGIAO_CIDADE_min": "São Vicente_Baixada Santista" }, "geometry": { "type": "Point", "coordinates": [ -46.3810741, -23.9691127 ] } },
{ "type": "Feature", "properties": { "CNPJ": "21379242000108", "IDCIDADE": "SAO_VICENTE", "NOMEFANTASIA": "NOVA_CENTRAL_IMOVEIS", "RAZAOSOCIAL": "SILVANIA_A_BARRETO_-_IMOVEIS", "ENDEE": "AVENIDA_EMBAIXADOR_PEDRO_DE_TOLEDO362__CENTRO_11320-440", "LATITUDE": "-23.9693258", "LONGITUDE": "-46.3820391", "LMAPS": "https://www.google.com/maps?q=&layer=c&cbll=-46.3820391,-23.9693258", "O_QUE_FAZER": "CARTEIRA", "ER_REGIAO_CIDADE_min": "São Vicente_Baixada Santista" }, "geometry": { "type": "Point", "coordinates": [ -46.3820391, -23.9693258 ] } },
{ "type": "Feature", "properties": { "CNPJ": "42130860000190", "IDCIDADE": "SAO_VICENTE", "NOMEFANTASIA": "BAR_POINT_DA_PRAIA", "RAZAOSOCIAL": "BAR_POINT_DA_PRAIA_LTDA", "ENDEE": "AVENIDA_EMBAIXADOR_PEDRO_DE_TOLEDO507__CENTRO_11320-440", "LATITUDE": "-23.9698022", "LONGITUDE": "-46.3836049", "LMAPS": "https://www.google.com/maps?q=&layer=c&cbll=-46.3836049,-23.9698022", "O_QUE_FAZER": "CARTEIRA", "ER_REGIAO_CIDADE_min": "São Vicente_Baixada Santista" }, "geometry": { "type": "Point", "coordinates": [ -46.3836049, -23.9698022 ] } },
{ "type": "Feature", "properties": { "CNPJ": "19268016000108", "IDCIDADE": "SAO_VICENTE", "NOMEFANTASIA": "ILHA_PORCHAT_IMOVEIS", "RAZAOSOCIAL": "SERRANO_E_DE_PAULA_EMPREENDIMENTOS_IMOBILIARIOS_LTDA", "ENDEE": "AVENIDA_EMBAIXADOR_PEDRO_DE_TOLEDO86__CENTRO_11320-440", "LATITUDE": "-23.9687298", "LONGITUDE": "-46.3794414", "LMAPS": "https://www.google.com/maps?q=&layer=c&cbll=-46.3794414,-23.9687298", "O_QUE_FAZER": "CARTEIRA", "ER_REGIAO_CIDADE_min": "São Vicente_Baixada Santista" }, "geometry": { "type": "Point", "coordinates": [ -46.3794414, -23.9687298 ] } },
{ "type": "Feature", "properties": { "CNPJ": "39904829000154", "IDCIDADE": "SAO_VICENTE", "NOMEFANTASIA": "QUIOSQUE_BURGMAN", "RAZAOSOCIAL": "L_T_GASTRONOMIA_LTDA", "ENDEE": "AVENIDA_AYRTON_SENNA_DA_SILVA0__ITARARE_11321-000", "LATITUDE": "-23.9723744", "LONGITUDE": "-46.3691991", "LMAPS": "https://www.google.com/maps?q=&layer=c&cbll=-46.3691991,-23.9723744", "O_QUE_FAZER": "CARTEIRA", "ER_REGIAO_CIDADE_min": "São Vicente_Baixada Santista" }, "geometry": { "type": "Point", "coordinates": [ -46.3691991, -23.9723744 ] } },
{ "type": "Feature", "properties": { "CNPJ": "14990653000170", "IDCIDADE": "SAO_VICENTE", "NOMEFANTASIA": "QUIOSQUE_CARECAS'S", "RAZAOSOCIAL": "MARCIA_SANTANA", "ENDEE": "AVENIDA_AYRTON_SENNA_DA_SILVA0__ITARARE_11321-000", "LATITUDE": "-23.974002", "LONGITUDE": "-46.3704433", "LMAPS": "https://www.google.com/maps?q=&layer=c&cbll=-46.3704433,-23.974002", "O_QUE_FAZER": "CARTEIRA", "ER_REGIAO_CIDADE_min": "São Vicente_Baixada Santista" }, "geometry": { "type": "Point", "coordinates": [ -46.3704433, -23.974002 ] } },
{ "type": "Feature", "properties": { "CNPJ": "08730471000167", "IDCIDADE": "SAO_VICENTE", "NOMEFANTASIA": "MARLLON_LANCHES", "RAZAOSOCIAL": "M._C._DE_OLIVEIRA_LANCHES", "ENDEE": "AVENIDA_AYRTON_SENNA_DA_SILVA29__ITARARE_11321-000", "LATITUDE": "-23.9702033", "LONGITUDE": "-46.362635", "LMAPS": "https://www.google.com/maps?q=&layer=c&cbll=-46.362635,-23.9702033", "O_QUE_FAZER": "CARTEIRA", "ER_REGIAO_CIDADE_min": "São Vicente_Baixada Santista" }, "geometry": { "type": "Point", "coordinates": [ -46.362635, -23.9702033 ] } },
{ "type": "Feature", "properties": { "CNPJ": "20376116000137", "IDCIDADE": "SAO_VICENTE", "NOMEFANTASIA": "LAERTE", "RAZAOSOCIAL": "MARCIA_SUELI_SARAIVA_LORCA_QUIOSQUE", "ENDEE": "AVENIDA_AYRTON_SENNA_DA_SILVA4__ITARARE_11321-000", "LATITUDE": "-23.9721492", "LONGITUDE": "-46.3680966", "LMAPS": "https://www.google.com/maps?q=&layer=c&cbll=-46.3680966,-23.9721492", "O_QUE_FAZER": "CARTEIRA", "ER_REGIAO_CIDADE_min": "São Vicente_Baixada Santista" }, "geometry": { "type": "Point", "coordinates": [ -46.3680966, -23.9721492 ] } },
{ "type": "Feature", "properties": { "CNPJ": "72993918000190", "IDCIDADE": "SAO_VICENTE", "NOMEFANTASIA": "SOLANGE_QUIOSQUE", "RAZAOSOCIAL": "SOLANGE_JOSE_DE_SOUZA_HOT_DOGS", "ENDEE": "AVENIDA_AYRTON_SENNA_DA_SILVA4__ITARARE_11321-000", "LATITUDE": "-23.9735973", "LONGITUDE": "-46.3698849", "LMAPS": "https://www.google.com/maps?q=&layer=c&cbll=-46.3698849,-23.9735973", "O_QUE_FAZER": "CARTEIRA", "ER_REGIAO_CIDADE_min": "São Vicente_Baixada Santista" }, "geometry": { "type": "Point", "coordinates": [ -46.3698849, -23.9735973 ] } },
{ "type": "Feature", "properties": { "CNPJ": "09430911000123", "IDCIDADE": "SAO_VICENTE", "NOMEFANTASIA": "QUIOSQUE_DO_GAUCHO", "RAZAOSOCIAL": "MARIA_GLORIA_JESUS_CORREIA", "ENDEE": "AVENIDA_AYRTON_SENNA_DA_SILVA41__ITARARE_11321-000", "LATITUDE": "-23.9686133", "LONGITUDE": "-46.3578933", "LMAPS": "https://www.google.com/maps?q=&layer=c&cbll=-46.3578933,-23.9686133", "O_QUE_FAZER": "CARTEIRA", "ER_REGIAO_CIDADE_min": "São Vicente_Baixada Santista" }, "geometry": { "type": "Point", "coordinates": [ -46.3578933, -23.9686133 ] } },
{ "type": "Feature", "properties": { "CNPJ": "04420408000173", "IDCIDADE": "SAO_VICENTE", "NOMEFANTASIA": "PANQUEKAS_DA_DIVISA", "RAZAOSOCIAL": "GEANIS_BARBOSA_DA_SILVA", "ENDEE": "AVENIDA_AYRTON_SENNA_DA_SILVA42__ITARARE_11321-000", "LATITUDE": "-23.9685694", "LONGITUDE": "-46.3575878", "LMAPS": "https://www.google.com/maps?q=&layer=c&cbll=-46.3575878,-23.9685694", "O_QUE_FAZER": "CARTEIRA", "ER_REGIAO_CIDADE_min": "São Vicente_Baixada Santista" }, "geometry": { "type": "Point", "coordinates": [ -46.3575878, -23.9685694 ] } },
{ "type": "Feature", "properties": { "CNPJ": "10145898000140", "IDCIDADE": "SAO_VICENTE", "NOMEFANTASIA": "RECANTO_DA_ILHA", "RAZAOSOCIAL": "LUCIANO_MARIANO_DE_SANTANA", "ENDEE": "AVENIDA_AYRTON_SENNA_DA_SILVA44__ITARARE_11321-000", "LATITUDE": "-23.9688989", "LONGITUDE": "-46.3565562", "LMAPS": "https://www.google.com/maps?q=&layer=c&cbll=-46.3565562,-23.9688989", "O_QUE_FAZER": "CARTEIRA", "ER_REGIAO_CIDADE_min": "São Vicente_Baixada Santista" }, "geometry": { "type": "Point", "coordinates": [ -46.3565562, -23.9688989 ] } },
{ "type": "Feature", "properties": { "CNPJ": "03701103000177", "IDCIDADE": "SAO_VICENTE", "NOMEFANTASIA": "QUIOSQUE_CARECA", "RAZAOSOCIAL": "KELLY_CRISTINA_DE_ASSIS_ISIARA", "ENDEE": "AVENIDA_AYRTON_SENNA_DA_SILVA5__ITARARE_11321-000", "LATITUDE": "-23.9728179", "LONGITUDE": "-46.3700964", "LMAPS": "https://www.google.com/maps?q=&layer=c&cbll=-46.3700964,-23.9728179", "O_QUE_FAZER": "CARTEIRA", "ER_REGIAO_CIDADE_min": "São Vicente_Baixada Santista" }, "geometry": { "type": "Point", "coordinates": [ -46.3700964, -23.9728179 ] } },
{ "type": "Feature", "properties": { "CNPJ": "96395694000182", "IDCIDADE": "SAO_VICENTE", "NOMEFANTASIA": "BAZAR_BIG_NET", "RAZAOSOCIAL": "PEDRO_ANTONIO_TAVARES", "ENDEE": "RUA_MARECHAL_MASCARENHAS_DE_MORAES1076__VILA_MARGARIDA_11330-000", "LATITUDE": "-23.9681319", "LONGITUDE": "-46.4061402", "LMAPS": "https://www.google.com/maps?q=&layer=c&cbll=-46.4061402,-23.9681319", "O_QUE_FAZER": "CARTEIRA", "ER_REGIAO_CIDADE_min": "São Vicente_Baixada Santista" }, "geometry": { "type": "Point", "coordinates": [ -46.4061402, -23.9681319 ] } },
{ "type": "Feature", "properties": { "CNPJ": "09211651000103", "IDCIDADE": "SAO_VICENTE", "NOMEFANTASIA": "GLAMOROSA_VARIEDADES", "RAZAOSOCIAL": "GLAMUROSA_COSMETICOS_PERFUMARIA_VARIEDADES_E_REPRESENTACOES_COMERCIAIS_LTDA", "ENDEE": "RUA_MARECHAL_MASCARENHAS_DE_MORAES1311__VILA_MARGARIDA_11330-000", "LATITUDE": "-23.969551", "LONGITUDE": "-46.4078675", "LMAPS": "https://www.google.com/maps?q=&layer=c&cbll=-46.4078675,-23.969551", "O_QUE_FAZER": "CARTEIRA", "ER_REGIAO_CIDADE_min": "São Vicente_Baixada Santista" }, "geometry": { "type": "Point", "coordinates": [ -46.4078675, -23.969551 ] } },
{ "type": "Feature", "properties": { "CNPJ": "01994819000184", "IDCIDADE": "SAO_VICENTE", "NOMEFANTASIA": "PET_SHOP_PITA", "RAZAOSOCIAL": "J._M._DE_JESUS_&_CIA_LTDA", "ENDEE": "RUA_MARECHAL_MASCARENHAS_DE_MORAES1330__VILA_MARGARIDA_11330-000", "LATITUDE": "-23.9695546", "LONGITUDE": "-46.4081942", "LMAPS": "https://www.google.com/maps?q=&layer=c&cbll=-46.4081942,-23.9695546", "O_QUE_FAZER": "CARTEIRA", "ER_REGIAO_CIDADE_min": "São Vicente_Baixada Santista" }, "geometry": { "type": "Point", "coordinates": [ -46.4081942, -23.9695546 ] } },
{ "type": "Feature", "properties": { "CNPJ": "29180006000170", "IDCIDADE": "SAO_VICENTE", "NOMEFANTASIA": "LIGPRONET", "RAZAOSOCIAL": "P_P_DOS_SANTOS_GOMES_TELECOMUNICACOES", "ENDEE": "RUA_MARECHAL_MASCARENHAS_DE_MORAES1369__VILA_MARGARIDA_11330-000", "LATITUDE": "-23.9697728", "LONGITUDE": "-46.4082989", "LMAPS": "https://www.google.com/maps?q=&layer=c&cbll=-46.4082989,-23.9697728", "O_QUE_FAZER": "CARTEIRA", "ER_REGIAO_CIDADE_min": "São Vicente_Baixada Santista" }, "geometry": { "type": "Point", "coordinates": [ -46.4082989, -23.9697728 ] } },
{ "type": "Feature", "properties": { "CNPJ": "23611382000195", "IDCIDADE": "SAO_VICENTE", "NOMEFANTASIA": "MECANICA_ANANIAS", "RAZAOSOCIAL": "ANANIAS_CORREIA", "ENDEE": "RUA_MARECHAL_MASCARENHAS_DE_MORAES151__VILA_MARGARIDA_11330-000", "LATITUDE": "-23.9631668", "LONGITUDE": "-46.3986667", "LMAPS": "https://www.google.com/maps?q=&layer=c&cbll=-46.3986667,-23.9631668", "O_QUE_FAZER": "CARTEIRA", "ER_REGIAO_CIDADE_min": "São Vicente_Baixada Santista" }, "geometry": { "type": "Point", "coordinates": [ -46.3986667, -23.9631668 ] } },
{ "type": "Feature", "properties": { "CNPJ": "17293562000173", "IDCIDADE": "SAO_VICENTE", "NOMEFANTASIA": "DROGARIA_NOVA", "RAZAOSOCIAL": "LUCAS_PINTO_MARTINES_DROGARIA", "ENDEE": "RUA_MARECHAL_MASCARENHAS_DE_MORAES1535__VILA_MARGARIDA_11330-000", "LATITUDE": "-23.9698808", "LONGITUDE": "-46.4083382", "LMAPS": "https://www.google.com/maps?q=&layer=c&cbll=-46.4083382,-23.9698808", "O_QUE_FAZER": "CARTEIRA", "ER_REGIAO_CIDADE_min": "São Vicente_Baixada Santista" }, "geometry": { "type": "Point", "coordinates": [ -46.4083382, -23.9698808 ] } },
{ "type": "Feature", "properties": { "CNPJ": "10745398000149", "IDCIDADE": "SAO_VICENTE", "NOMEFANTASIA": "DEFER_FERRAGENS", "RAZAOSOCIAL": "DEJAIR_SERVINSKYS_DE_OLIVEIRA_SAO_VICENTE", "ENDEE": "RUA_MARECHAL_MASCARENHAS_DE_MORAES182__VILA_MARGARIDA_11330-000", "LATITUDE": "-23.9631517", "LONGITUDE": "-46.3991672", "LMAPS": "https://www.google.com/maps?q=&layer=c&cbll=-46.3991672,-23.9631517", "O_QUE_FAZER": "CARTEIRA", "ER_REGIAO_CIDADE_min": "São Vicente_Baixada Santista" }, "geometry": { "type": "Point", "coordinates": [ -46.3991672, -23.9631517 ] } },
{ "type": "Feature", "properties": { "CNPJ": "09078422000154", "IDCIDADE": "SAO_VICENTE", "NOMEFANTASIA": "ANDERSON_METAIS", "RAZAOSOCIAL": "ANDERSON_FERNANDO_GOMES", "ENDEE": "RUA_MARECHAL_MASCARENHAS_DE_MORAES217__VILA_MARGARIDA_11330-000", "LATITUDE": "-23.9636946", "LONGITUDE": "-46.3994894", "LMAPS": "https://www.google.com/maps?q=&layer=c&cbll=-46.3994894,-23.9636946", "O_QUE_FAZER": "CARTEIRA", "ER_REGIAO_CIDADE_min": "São Vicente_Baixada Santista" }, "geometry": { "type": "Point", "coordinates": [ -46.3994894, -23.9636946 ] } },
{ "type": "Feature", "properties": { "CNPJ": "09078714000197", "IDCIDADE": "SAO_VICENTE", "NOMEFANTASIA": "SORVETEIRA_TURBINADOS", "RAZAOSOCIAL": "CLEITON_DA_SILVA_DE_OLIVEIRA", "ENDEE": "RUA_MARECHAL_MASCARENHAS_DE_MORAES274__VILA_MARGARIDA_11330-000", "LATITUDE": "-23.9636975", "LONGITUDE": "-46.399818", "LMAPS": "https://www.google.com/maps?q=&layer=c&cbll=-46.399818,-23.9636975", "O_QUE_FAZER": "CARTEIRA", "ER_REGIAO_CIDADE_min": "São Vicente_Baixada Santista" }, "geometry": { "type": "Point", "coordinates": [ -46.399818, -23.9636975 ] } },
{ "type": "Feature", "properties": { "CNPJ": "50623126000190", "IDCIDADE": "SAO_VICENTE", "NOMEFANTASIA": "SUPERMERCADO_BOM_VIZINHO", "RAZAOSOCIAL": "MERCADO_VIZINHO_BOM_LTDA", "ENDEE": "RUA_MARECHAL_MASCARENHAS_DE_MORAES275__VILA_MARGARIDA_11330-000", "LATITUDE": "-23.9637641", "LONGITUDE": "-46.399543", "LMAPS": "https://www.google.com/maps?q=&layer=c&cbll=-46.399543,-23.9637641", "O_QUE_FAZER": "CARTEIRA", "ER_REGIAO_CIDADE_min": "São Vicente_Baixada Santista" }, "geometry": { "type": "Point", "coordinates": [ -46.399543, -23.9637641 ] } },
{ "type": "Feature", "properties": { "CNPJ": "35121156000105", "IDCIDADE": "SAO_VICENTE", "NOMEFANTASIA": "ACADEMIA_ACAO", "RAZAOSOCIAL": "LINO_SIMOES_FILHO_LTDA", "ENDEE": "RUA_MARECHAL_MASCARENHAS_DE_MORAES350__VILA_MARGARIDA_11330-000", "LATITUDE": "-23.9640366", "LONGITUDE": "-46.4003969", "LMAPS": "https://www.google.com/maps?q=&layer=c&cbll=-46.4003969,-23.9640366", "O_QUE_FAZER": "CARTEIRA", "ER_REGIAO_CIDADE_min": "São Vicente_Baixada Santista" }, "geometry": { "type": "Point", "coordinates": [ -46.4003969, -23.9640366 ] } },
{ "type": "Feature", "properties": { "CNPJ": "43020378000160", "IDCIDADE": "SAO_VICENTE", "NOMEFANTASIA": "ESCOLA_CAMBALHOTA", "RAZAOSOCIAL": "ESCOLA_CAMBALHOTA_LTDA", "ENDEE": "RUA_MARECHAL_MASCARENHAS_DE_MORAES390__VILA_MARGARIDA_11330-000", "LATITUDE": "-23.9643586", "LONGITUDE": "-46.4007318", "LMAPS": "https://www.google.com/maps?q=&layer=c&cbll=-46.4007318,-23.9643586", "O_QUE_FAZER": "CARTEIRA", "ER_REGIAO_CIDADE_min": "São Vicente_Baixada Santista" }, "geometry": { "type": "Point", "coordinates": [ -46.4007318, -23.9643586 ] } },
{ "type": "Feature", "properties": { "CNPJ": "22131710000193", "IDCIDADE": "SAO_VICENTE", "NOMEFANTASIA": "CASA_SIQUEIRA", "RAZAOSOCIAL": "SIQUEIRA_&_OLIVEIRA_LTDA", "ENDEE": "RUA_MARECHAL_MASCARENHAS_DE_MORAES391__VILA_MARGARIDA_11330-000", "LATITUDE": "-23.9644933", "LONGITUDE": "-46.4007016", "LMAPS": "https://www.google.com/maps?q=&layer=c&cbll=-46.4007016,-23.9644933", "O_QUE_FAZER": "CARTEIRA", "ER_REGIAO_CIDADE_min": "São Vicente_Baixada Santista" }, "geometry": { "type": "Point", "coordinates": [ -46.4007016, -23.9644933 ] } },
{ "type": "Feature", "properties": { "CNPJ": "31663139000149", "IDCIDADE": "SAO_VICENTE", "NOMEFANTASIA": "SERRALHERIA_DONA_BIGA", "RAZAOSOCIAL": "SERRALHERIA_DONA_BIGA_LTDA", "ENDEE": "RUA_MARECHAL_MASCARENHAS_DE_MORAES659__VILA_MARGARIDA_11330-000", "LATITUDE": "-23.9659802", "LONGITUDE": "-46.4027975", "LMAPS": "https://www.google.com/maps?q=&layer=c&cbll=-46.4027975,-23.9659802", "O_QUE_FAZER": "CARTEIRA", "ER_REGIAO_CIDADE_min": "São Vicente_Baixada Santista" }, "geometry": { "type": "Point", "coordinates": [ -46.4027975, -23.9659802 ] } },
{ "type": "Feature", "properties": { "CNPJ": "08656271000101", "IDCIDADE": "SAO_VICENTE", "NOMEFANTASIA": "CHAVEIRO_BETO", "RAZAOSOCIAL": "M._F._DOS_S._SANTANA_-_CHAVEIRO", "ENDEE": "RUA_MARECHAL_MASCARENHAS_DE_MORAES706__VILA_MARGARIDA_11330-000", "LATITUDE": "-23.9661693", "LONGITUDE": "-46.4031718", "LMAPS": "https://www.google.com/maps?q=&layer=c&cbll=-46.4031718,-23.9661693", "O_QUE_FAZER": "CARTEIRA", "ER_REGIAO_CIDADE_min": "São Vicente_Baixada Santista" }, "geometry": { "type": "Point", "coordinates": [ -46.4031718, -23.9661693 ] } },
{ "type": "Feature", "properties": { "CNPJ": "59750000000151", "IDCIDADE": "SAO_VICENTE", "NOMEFANTASIA": "BAR_E_LANCHONETE_M_MOURA", "RAZAOSOCIAL": "BAR_E_LANCHES_M_MOURA_LTDA", "ENDEE": "RUA_MARECHAL_MASCARENHAS_DE_MORAES726__VILA_MARGARIDA_11330-000", "LATITUDE": "-23.9662828", "LONGITUDE": "-46.4033963", "LMAPS": "https://www.google.com/maps?q=&layer=c&cbll=-46.4033963,-23.9662828", "O_QUE_FAZER": "CARTEIRA", "ER_REGIAO_CIDADE_min": "São Vicente_Baixada Santista" }, "geometry": { "type": "Point", "coordinates": [ -46.4033963, -23.9662828 ] } },
{ "type": "Feature", "properties": { "CNPJ": "41539205000127", "IDCIDADE": "SAO_VICENTE", "NOMEFANTASIA": "OPTICA_NICE", "RAZAOSOCIAL": "ALEXANDRE_DOS_SANTOS_SILVA_OTICA", "ENDEE": "RUA_MARECHAL_MASCARENHAS_DE_MORAES764__VILA_MARGARIDA_11330-000", "LATITUDE": "-23.9664482", "LONGITUDE": "-46.4035742", "LMAPS": "https://www.google.com/maps?q=&layer=c&cbll=-46.4035742,-23.9664482", "O_QUE_FAZER": "CARTEIRA", "ER_REGIAO_CIDADE_min": "São Vicente_Baixada Santista" }, "geometry": { "type": "Point", "coordinates": [ -46.4035742, -23.9664482 ] } },
{ "type": "Feature", "properties": { "CNPJ": "38946720000117", "IDCIDADE": "SAO_VICENTE", "NOMEFANTASIA": "REPASSES_CAR", "RAZAOSOCIAL": "REPASSES_CAR_LOJA_DE_VEICULOS_NOVOS_E_USADOS_LTDA", "ENDEE": "RUA_MARECHAL_MASCARENHAS_DE_MORAES773__VILA_MARGARIDA_11330-000", "LATITUDE": "-23.9665067", "LONGITUDE": "-46.4036414", "LMAPS": "https://www.google.com/maps?q=&layer=c&cbll=-46.4036414,-23.9665067", "O_QUE_FAZER": "CARTEIRA", "ER_REGIAO_CIDADE_min": "São Vicente_Baixada Santista" }, "geometry": { "type": "Point", "coordinates": [ -46.4036414, -23.9665067 ] } },
{ "type": "Feature", "properties": { "CNPJ": "13591969000126", "IDCIDADE": "SAO_VICENTE", "NOMEFANTASIA": "DROGARIA_CELLULA_MATER", "RAZAOSOCIAL": "M._&_M._TENORIO_GUIMARAES_-_LTDA", "ENDEE": "RUA_MARECHAL_MASCARENHAS_DE_MORAES886__VILA_MARGARIDA_11330-000", "LATITUDE": "-23.9670172", "LONGITUDE": "-46.404535", "LMAPS": "https://www.google.com/maps?q=&layer=c&cbll=-46.404535,-23.9670172", "O_QUE_FAZER": "CARTEIRA", "ER_REGIAO_CIDADE_min": "São Vicente_Baixada Santista" }, "geometry": { "type": "Point", "coordinates": [ -46.404535, -23.9670172 ] } },
{ "type": "Feature", "properties": { "CNPJ": "01580444000106", "IDCIDADE": "SAO_VICENTE", "NOMEFANTASIA": "REVEST_CENTER", "RAZAOSOCIAL": "LT._PINTO_-_REVESTIMENTO_LTDA", "ENDEE": "RUA_OITI88__PARQUE_BITARU_11330-020", "LATITUDE": "-23.9628078", "LONGITUDE": "-46.3972181", "LMAPS": "https://www.google.com/maps?q=&layer=c&cbll=-46.3972181,-23.9628078", "O_QUE_FAZER": "CARTEIRA", "ER_REGIAO_CIDADE_min": "São Vicente_Baixada Santista" }, "geometry": { "type": "Point", "coordinates": [ -46.3972181, -23.9628078 ] } },
{ "type": "Feature", "properties": { "CNPJ": "10809397000110", "IDCIDADE": "SAO_VICENTE", "NOMEFANTASIA": "ESCOLA_ALEGRIA_DE_VIVER", "RAZAOSOCIAL": "NILCENEY_CHUVA_DE_OLIVEIRA_ZUARDI", "ENDEE": "RUA_SIRIA255__PARQUE_BITARU_11330-140", "LATITUDE": "-23.9698854", "LONGITUDE": "-46.3966054", "LMAPS": "https://www.google.com/maps?q=&layer=c&cbll=-46.3966054,-23.9698854", "O_QUE_FAZER": "CARTEIRA", "ER_REGIAO_CIDADE_min": "São Vicente_Baixada Santista" }, "geometry": { "type": "Point", "coordinates": [ -46.3966054, -23.9698854 ] } },
{ "type": "Feature", "properties": { "CNPJ": "32563475000182", "IDCIDADE": "SAO_VICENTE", "NOMEFANTASIA": "BITAPET", "RAZAOSOCIAL": "CARLA_GEREMIAS_GIMENEZ", "ENDEE": "RUA_SIRIA293__PARQUE_BITARU_11330-140", "LATITUDE": "-23.9697085", "LONGITUDE": "-46.3968303", "LMAPS": "https://www.google.com/maps?q=&layer=c&cbll=-46.3968303,-23.9697085", "O_QUE_FAZER": "CARTEIRA", "ER_REGIAO_CIDADE_min": "São Vicente_Baixada Santista" }, "geometry": { "type": "Point", "coordinates": [ -46.3968303, -23.9697085 ] } },
{ "type": "Feature", "properties": { "CNPJ": "19903040000171", "IDCIDADE": "SAO_VICENTE", "NOMEFANTASIA": "BITARU_MATERIAIS_PARA_CONSTRUCAO", "RAZAOSOCIAL": "R._M._MOHANA", "ENDEE": "RUA_MARQUES_DE_SAO_VICENTE924__PARQUE_BITARU_11330-185", "LATITUDE": "-23.9691867", "LONGITUDE": "-46.3979083", "LMAPS": "https://www.google.com/maps?q=&layer=c&cbll=-46.3979083,-23.9691867", "O_QUE_FAZER": "CARTEIRA", "ER_REGIAO_CIDADE_min": "São Vicente_Baixada Santista" }, "geometry": { "type": "Point", "coordinates": [ -46.3979083, -23.9691867 ] } },
{ "type": "Feature", "properties": { "CNPJ": "23275802000100", "IDCIDADE": "SAO_VICENTE", "NOMEFANTASIA": "CENTRO_AUTOMOTIVO_2A", "RAZAOSOCIAL": "A_V_G_BAPTISTA_CENTRO_AUTOMOTIVO", "ENDEE": "AVENIDA_CAPITAO_LUIS_ANTONIO_PIMENTA125__PARQUE_BITARU_11330-200", "LATITUDE": "-23.9718491", "LONGITUDE": "-46.3940982", "LMAPS": "https://www.google.com/maps?q=&layer=c&cbll=-46.3940982,-23.9718491", "O_QUE_FAZER": "CARTEIRA", "ER_REGIAO_CIDADE_min": "São Vicente_Baixada Santista" }, "geometry": { "type": "Point", "coordinates": [ -46.3940982, -23.9718491 ] } },
{ "type": "Feature", "properties": { "CNPJ": "07059283000196", "IDCIDADE": "SAO_VICENTE", "NOMEFANTASIA": "RADIADORES_SILVA", "RAZAOSOCIAL": "FOGACA_&_SILVA_COMERCIO_DE_RADIADORES_LTDA", "ENDEE": "AVENIDA_CAPITAO_LUIS_ANTONIO_PIMENTA330__PARQUE_BITARU_11330-200", "LATITUDE": "-23.9717276", "LONGITUDE": "-46.3961572", "LMAPS": "https://www.google.com/maps?q=&layer=c&cbll=-46.3961572,-23.9717276", "O_QUE_FAZER": "CARTEIRA", "ER_REGIAO_CIDADE_min": "São Vicente_Baixada Santista" }, "geometry": { "type": "Point", "coordinates": [ -46.3961572, -23.9717276 ] } },
{ "type": "Feature", "properties": { "CNPJ": "11504259000196", "IDCIDADE": "SAO_VICENTE", "NOMEFANTASIA": "STYLO_MOTOS", "RAZAOSOCIAL": "ROBS_MOTOS_LTDA", "ENDEE": "AVENIDA_CAPITAO_LUIS_ANTONIO_PIMENTA376__PARQUE_BITARU_11330-200", "LATITUDE": "-23.9717935", "LONGITUDE": "-46.3965791", "LMAPS": "https://www.google.com/maps?q=&layer=c&cbll=-46.3965791,-23.9717935", "O_QUE_FAZER": "CARTEIRA", "ER_REGIAO_CIDADE_min": "São Vicente_Baixada Santista" }, "geometry": { "type": "Point", "coordinates": [ -46.3965791, -23.9717935 ] } },
{ "type": "Feature", "properties": { "CNPJ": "23596670000118", "IDCIDADE": "SAO_VICENTE", "NOMEFANTASIA": "SANTISTA_VISTORIA", "RAZAOSOCIAL": "SANTISTA_VISTORIA_AUTOMOTIVA_LTDA", "ENDEE": "AVENIDA_CAPITAO_LUIS_ANTONIO_PIMENTA452__PARQUE_BITARU_11330-200", "LATITUDE": "-23.971705", "LONGITUDE": "-46.3973632", "LMAPS": "https://www.google.com/maps?q=&layer=c&cbll=-46.3973632,-23.971705", "O_QUE_FAZER": "CARTEIRA", "ER_REGIAO_CIDADE_min": "São Vicente_Baixada Santista" }, "geometry": { "type": "Point", "coordinates": [ -46.3973632, -23.971705 ] } },
{ "type": "Feature", "properties": { "CNPJ": "07153601000183", "IDCIDADE": "SAO_VICENTE", "NOMEFANTASIA": "DEPOSITO_MONTEIRO", "RAZAOSOCIAL": "JORGE_MONTEIRO_&_ELMIRA_SUCATA_LTDA", "ENDEE": "AVENIDA_CAPITAO_LUIS_ANTONIO_PIMENTA559__PARQUE_BITARU_11330-200", "LATITUDE": "-23.9721205", "LONGITUDE": "-46.3980203", "LMAPS": "https://www.google.com/maps?q=&layer=c&cbll=-46.3980203,-23.9721205", "O_QUE_FAZER": "CARTEIRA", "ER_REGIAO_CIDADE_min": "São Vicente_Baixada Santista" }, "geometry": { "type": "Point", "coordinates": [ -46.3980203, -23.9721205 ] } },
{ "type": "Feature", "properties": { "CNPJ": "03592180000136", "IDCIDADE": "SAO_VICENTE", "NOMEFANTASIA": "PRISMA", "RAZAOSOCIAL": "RODRIGUES_DE_SOUZA_E_SABINO_COMERCIO_E_SERVICOS_DE_JATEAMENTO_ARTISTICOS_EM_VIDRO_LTDA", "ENDEE": "AVENIDA_CAPITAO_LUIS_ANTONIO_PIMENTA75__PARQUE_BITARU_11330-200", "LATITUDE": "-23.9717475", "LONGITUDE": "-46.3934898", "LMAPS": "https://www.google.com/maps?q=&layer=c&cbll=-46.3934898,-23.9717475", "O_QUE_FAZER": "CARTEIRA", "ER_REGIAO_CIDADE_min": "São Vicente_Baixada Santista" }, "geometry": { "type": "Point", "coordinates": [ -46.3934898, -23.9717475 ] } },
{ "type": "Feature", "properties": { "CNPJ": "58240169000107", "IDCIDADE": "SAO_VICENTE", "NOMEFANTASIA": "GELO_SOUZA", "RAZAOSOCIAL": "SOUZA_INDUSTRIA_E_COMERCIO_LTDA", "ENDEE": "AVENIDA_CAPITAO_LUIS_ANTONIO_PIMENTA77__PARQUE_BITARU_11330-200", "LATITUDE": "-23.9717893", "LONGITUDE": "-46.3934887", "LMAPS": "https://www.google.com/maps?q=&layer=c&cbll=-46.3934887,-23.9717893", "O_QUE_FAZER": "CARTEIRA", "ER_REGIAO_CIDADE_min": "São Vicente_Baixada Santista" }, "geometry": { "type": "Point", "coordinates": [ -46.3934887, -23.9717893 ] } },
{ "type": "Feature", "properties": { "CNPJ": "37493289000138", "IDCIDADE": "SAO_VICENTE", "NOMEFANTASIA": "NATURAL_FOODS", "RAZAOSOCIAL": "SANDRA_LEANDRO_FERRER", "ENDEE": "AVENIDA_CAPITAO_LUIS_ANTONIO_PIMENTA92__PARQUE_BITARU_11330-200", "LATITUDE": "-23.9714058", "LONGITUDE": "-46.3926969", "LMAPS": "https://www.google.com/maps?q=&layer=c&cbll=-46.3926969,-23.9714058", "O_QUE_FAZER": "CARTEIRA", "ER_REGIAO_CIDADE_min": "São Vicente_Baixada Santista" }, "geometry": { "type": "Point", "coordinates": [ -46.3926969, -23.9714058 ] } },
{ "type": "Feature", "properties": { "CNPJ": "05140578000167", "IDCIDADE": "SAO_VICENTE", "NOMEFANTASIA": "MEGA_PET", "RAZAOSOCIAL": "HELOISA_APARECIDA_DE_MATTOS_-_SAO_VICENTE", "ENDEE": "AVENIDA_NACOES_UNIDAS324__VILA_MARGARIDA_11330-300", "LATITUDE": "-23.968065", "LONGITUDE": "-46.4024755", "LMAPS": "https://www.google.com/maps?q=&layer=c&cbll=-46.4024755,-23.968065", "O_QUE_FAZER": "CARTEIRA", "ER_REGIAO_CIDADE_min": "São Vicente_Baixada Santista" }, "geometry": { "type": "Point", "coordinates": [ -46.4024755, -23.968065 ] } },
{ "type": "Feature", "properties": { "CNPJ": "10361182000180", "IDCIDADE": "SAO_VICENTE", "NOMEFANTASIA": "AUTO_POSTO_NACOES_UNIDAS", "RAZAOSOCIAL": "CCRS_AUTO_POSTO_SOCIEDADE_EMPRESARIA_UNIPESSOAL_LTDA", "ENDEE": "AVENIDA_NACOES_UNIDAS600__VILA_MARGARIDA_11330-300", "LATITUDE": "-23.9673546", "LONGITUDE": "-46.4032355", "LMAPS": "https://www.google.com/maps?q=&layer=c&cbll=-46.4032355,-23.9673546", "O_QUE_FAZER": "CARTEIRA", "ER_REGIAO_CIDADE_min": "São Vicente_Baixada Santista" }, "geometry": { "type": "Point", "coordinates": [ -46.4032355, -23.9673546 ] } },
{ "type": "Feature", "properties": { "CNPJ": "31081100000113", "IDCIDADE": "SAO_VICENTE", "NOMEFANTASIA": "PANIFICADORA_CARIOCA", "RAZAOSOCIAL": "PANIFICADORA_NOVA_BITARU_LTDA", "ENDEE": "RUA_JOAO_SERRANO28__PARQUE_BITARU_11330-390", "LATITUDE": "-23.9717019", "LONGITUDE": "-46.3983522", "LMAPS": "https://www.google.com/maps?q=&layer=c&cbll=-46.3983522,-23.9717019", "O_QUE_FAZER": "CARTEIRA", "ER_REGIAO_CIDADE_min": "São Vicente_Baixada Santista" }, "geometry": { "type": "Point", "coordinates": [ -46.3983522, -23.9717019 ] } },
{ "type": "Feature", "properties": { "CNPJ": "05596495000187", "IDCIDADE": "SAO_VICENTE", "NOMEFANTASIA": "CASA_EVOLUCAO_MATERIAIS_PARA_CONSTRUCAO", "RAZAOSOCIAL": "CAROLI_COMERCIO_DE_MATERIAIS_PARA_CONSTRUCAO_LTDA", "ENDEE": "RUA_MONTE_BELVEDERE654__VILA_MARGARIDA_11330-580", "LATITUDE": "-23.9674333", "LONGITUDE": "-46.403845", "LMAPS": "https://www.google.com/maps?q=&layer=c&cbll=-46.403845,-23.9674333", "O_QUE_FAZER": "CARTEIRA", "ER_REGIAO_CIDADE_min": "São Vicente_Baixada Santista" }, "geometry": { "type": "Point", "coordinates": [ -46.403845, -23.9674333 ] } },
{ "type": "Feature", "properties": { "CNPJ": "33261476000305", "IDCIDADE": "SAO_VICENTE", "NOMEFANTASIA": "POUPA_POPULAR", "RAZAOSOCIAL": "CANELAS_RIOS_DROGARIA_LTDA", "ENDEE": "RUA_CASTELO_NOVO88__VILA_MARGARIDA_11330-600", "LATITUDE": "-23.9634473", "LONGITUDE": "-46.3995214", "LMAPS": "https://www.google.com/maps?q=&layer=c&cbll=-46.3995214,-23.9634473", "O_QUE_FAZER": "CARTEIRA", "ER_REGIAO_CIDADE_min": "São Vicente_Baixada Santista" }, "geometry": { "type": "Point", "coordinates": [ -46.3995214, -23.9634473 ] } },
{ "type": "Feature", "properties": { "CNPJ": "71768535000155", "IDCIDADE": "SAO_VICENTE", "NOMEFANTASIA": "CHIC_BAR", "RAZAOSOCIAL": "VALDEMIR_CARDOSO_SIQUEIRA_SAO_VICENTE", "ENDEE": "RUA_MONTESE129__VILA_MARGARIDA_11330-610", "LATITUDE": "-23.9644235", "LONGITUDE": "-46.4005569", "LMAPS": "https://www.google.com/maps?q=&layer=c&cbll=-46.4005569,-23.9644235", "O_QUE_FAZER": "CARTEIRA", "ER_REGIAO_CIDADE_min": "São Vicente_Baixada Santista" }, "geometry": { "type": "Point", "coordinates": [ -46.4005569, -23.9644235 ] } },
{ "type": "Feature", "properties": { "CNPJ": "07360557000182", "IDCIDADE": "SAO_VICENTE", "NOMEFANTASIA": "GUILHERME_METAIS", "RAZAOSOCIAL": "GUILHERME_SUCATAS_LTDA", "ENDEE": "RUA_LUCCAS173__VILA_MARGARIDA_11330-620", "LATITUDE": "-23.9649787", "LONGITUDE": "-46.4015881", "LMAPS": "https://www.google.com/maps?q=&layer=c&cbll=-46.4015881,-23.9649787", "O_QUE_FAZER": "CARTEIRA", "ER_REGIAO_CIDADE_min": "São Vicente_Baixada Santista" }, "geometry": { "type": "Point", "coordinates": [ -46.4015881, -23.9649787 ] } },
{ "type": "Feature", "properties": { "CNPJ": "08048912000145", "IDCIDADE": "SAO_VICENTE", "NOMEFANTASIA": "MOVEIS_NARCIZO", "RAZAOSOCIAL": "N._C._SIQUEIRA", "ENDEE": "RUA_ALEXANDRIA141__VILA_MARGARIDA_11330-630", "LATITUDE": "-23.9657091", "LONGITUDE": "-46.4026867", "LMAPS": "https://www.google.com/maps?q=&layer=c&cbll=-46.4026867,-23.9657091", "O_QUE_FAZER": "CARTEIRA", "ER_REGIAO_CIDADE_min": "São Vicente_Baixada Santista" }, "geometry": { "type": "Point", "coordinates": [ -46.4026867, -23.9657091 ] } },
{ "type": "Feature", "properties": { "CNPJ": "46610335000122", "IDCIDADE": "SAO_VICENTE", "NOMEFANTASIA": "MINIMERCADO_PRECO_JUSTO", "RAZAOSOCIAL": "B.MARTIMIANO-MERCADO", "ENDEE": "RUA_ALEXANDRIA155__VILA_MARGARIDA_11330-630", "LATITUDE": "-23.9655182", "LONGITUDE": "-46.4026478", "LMAPS": "https://www.google.com/maps?q=&layer=c&cbll=-46.4026478,-23.9655182", "O_QUE_FAZER": "CARTEIRA", "ER_REGIAO_CIDADE_min": "São Vicente_Baixada Santista" }, "geometry": { "type": "Point", "coordinates": [ -46.4026478, -23.9655182 ] } },
{ "type": "Feature", "properties": { "CNPJ": "12317233000100", "IDCIDADE": "SAO_VICENTE", "NOMEFANTASIA": "PET_SHOP_DOGVILA", "RAZAOSOCIAL": "P_F_FERNANDES_-_PET_SHOP", "ENDEE": "RUA_VALE_DO_RIO_PO605__VILA_MARGARIDA_11330-670", "LATITUDE": "-23.9685148", "LONGITUDE": "-46.406229", "LMAPS": "https://www.google.com/maps?q=&layer=c&cbll=-46.406229,-23.9685148", "O_QUE_FAZER": "CARTEIRA", "ER_REGIAO_CIDADE_min": "São Vicente_Baixada Santista" }, "geometry": { "type": "Point", "coordinates": [ -46.406229, -23.9685148 ] } },
{ "type": "Feature", "properties": { "CNPJ": "67730101000199", "IDCIDADE": "SAO_VICENTE", "NOMEFANTASIA": "FA_RODRIGUES", "RAZAOSOCIAL": "F_A_RODRIGUES_MATERIAIS_PARA_CONSTRUCAO", "ENDEE": "RUA_CIDADE_DE_CUBATAO669__VILA_MARGARIDA_11330-680", "LATITUDE": "-23.9691361", "LONGITUDE": "-46.407549", "LMAPS": "https://www.google.com/maps?q=&layer=c&cbll=-46.407549,-23.9691361", "O_QUE_FAZER": "CARTEIRA", "ER_REGIAO_CIDADE_min": "São Vicente_Baixada Santista" }, "geometry": { "type": "Point", "coordinates": [ -46.407549, -23.9691361 ] } },
{ "type": "Feature", "properties": { "CNPJ": "26935332000151", "IDCIDADE": "SAO_VICENTE", "NOMEFANTASIA": "BAZAR_TRES_IRMAOS", "RAZAOSOCIAL": "MARIA_ANETE_DE_JESUS_VIEIRA", "ENDEE": "RUA_ODAIR_MULLER_DE_AZEVEDO_MARQUES254__VILA_MARGARIDA_11330-690", "LATITUDE": "-23.9696579", "LONGITUDE": "-46.4083675", "LMAPS": "https://www.google.com/maps?q=&layer=c&cbll=-46.4083675,-23.9696579", "O_QUE_FAZER": "CARTEIRA", "ER_REGIAO_CIDADE_min": "São Vicente_Baixada Santista" }, "geometry": { "type": "Point", "coordinates": [ -46.4083675, -23.9696579 ] } },
{ "type": "Feature", "properties": { "CNPJ": "47852645000116", "IDCIDADE": "SAO_VICENTE", "NOMEFANTASIA": "CASA_DO_NORTE_SAO_PAULO", "RAZAOSOCIAL": "PAULO_AQUINO_DE_OLIVEIRA", "ENDEE": "RUA_ODAIR_MULLER_DE_AZEVEDO_MARQUES266__VILA_MARGARIDA_11330-690", "LATITUDE": "-23.9695839", "LONGITUDE": "-46.408456", "LMAPS": "https://www.google.com/maps?q=&layer=c&cbll=-46.408456,-23.9695839", "O_QUE_FAZER": "CARTEIRA", "ER_REGIAO_CIDADE_min": "São Vicente_Baixada Santista" }, "geometry": { "type": "Point", "coordinates": [ -46.408456, -23.9695839 ] } },
{ "type": "Feature", "properties": { "CNPJ": "05343411000101", "IDCIDADE": "SAO_VICENTE", "NOMEFANTASIA": "JR_BIKE", "RAZAOSOCIAL": "J._B._NEVES_&_FILHO_LTDA", "ENDEE": "RUA_ODAIR_MULLER_DE_AZEVEDO_MARQUES294__VILA_MARGARIDA_11330-690", "LATITUDE": "-23.9693684", "LONGITUDE": "-46.4085279", "LMAPS": "https://www.google.com/maps?q=&layer=c&cbll=-46.4085279,-23.9693684", "O_QUE_FAZER": "CARTEIRA", "ER_REGIAO_CIDADE_min": "São Vicente_Baixada Santista" }, "geometry": { "type": "Point", "coordinates": [ -46.4085279, -23.9693684 ] } },
{ "type": "Feature", "properties": { "CNPJ": "07773431000130", "IDCIDADE": "SAO_VICENTE", "NOMEFANTASIA": "ROTISSERIA_&_DOCERIA_CASSIA", "RAZAOSOCIAL": "R.R._ROTISSERIA_&_DOCERIA_LTDA", "ENDEE": "RUA_ODAIR_MULLER_DE_AZEVEDO_MARQUES304__VILA_MARGARIDA_11330-690", "LATITUDE": "-23.9692825", "LONGITUDE": "-46.4086388", "LMAPS": "https://www.google.com/maps?q=&layer=c&cbll=-46.4086388,-23.9692825", "O_QUE_FAZER": "CARTEIRA", "ER_REGIAO_CIDADE_min": "São Vicente_Baixada Santista" }, "geometry": { "type": "Point", "coordinates": [ -46.4086388, -23.9692825 ] } },
{ "type": "Feature", "properties": { "CNPJ": "33261476000488", "IDCIDADE": "SAO_VICENTE", "NOMEFANTASIA": "DROGARIA_MULTIFARMA", "RAZAOSOCIAL": "CANELAS_RIOS_DROGARIA_LTDA", "ENDEE": "RUA_ALCIDES_ALVES_DE_CARVALHO1590__VILA_MARGARIDA_11330-757", "LATITUDE": "-23.9707907", "LONGITUDE": "-46.4101736", "LMAPS": "https://www.google.com/maps?q=&layer=c&cbll=-46.4101736,-23.9707907", "O_QUE_FAZER": "CARTEIRA", "ER_REGIAO_CIDADE_min": "São Vicente_Baixada Santista" }, "geometry": { "type": "Point", "coordinates": [ -46.4101736, -23.9707907 ] } },
{ "type": "Feature", "properties": { "CNPJ": "46850929000100", "IDCIDADE": "SAO_VICENTE", "NOMEFANTASIA": "DROGARIA_SUPER_POPULAR_PRECOS_POPULARES", "RAZAOSOCIAL": "DROGARIAS_HJ_LTDA", "ENDEE": "RUA_ALCIDES_ALVES_DE_CARVALHO1610__VILA_MARGARIDA_11330-757", "LATITUDE": "-23.9708619", "LONGITUDE": "-46.4101271", "LMAPS": "https://www.google.com/maps?q=&layer=c&cbll=-46.4101271,-23.9708619", "O_QUE_FAZER": "CARTEIRA", "ER_REGIAO_CIDADE_min": "São Vicente_Baixada Santista" }, "geometry": { "type": "Point", "coordinates": [ -46.4101271, -23.9708619 ] } },
{ "type": "Feature", "properties": { "CNPJ": "11664172000186", "IDCIDADE": "SAO_VICENTE", "NOMEFANTASIA": "ANDRADE_MATERIAIS", "RAZAOSOCIAL": "KAREN_MIYAZAKI_DE_ANDRADE_MATERIAIS", "ENDEE": "RUA_ALCIDES_ALVES_DE_CARVALHO20__VILA_MARGARIDA_11330-757", "LATITUDE": "-23.9701474", "LONGITUDE": "-46.4091387", "LMAPS": "https://www.google.com/maps?q=&layer=c&cbll=-46.4091387,-23.9701474", "O_QUE_FAZER": "CARTEIRA", "ER_REGIAO_CIDADE_min": "São Vicente_Baixada Santista" }, "geometry": { "type": "Point", "coordinates": [ -46.4091387, -23.9701474 ] } },
{ "type": "Feature", "properties": { "CNPJ": "49147807000140", "IDCIDADE": "SAO_VICENTE", "NOMEFANTASIA": "JP_EMPORIO_DISTRIBUIDORA", "RAZAOSOCIAL": "J_P_EMPORIO_MINIMERCADO_LTDA", "ENDEE": "RUA_ALCIDES_ALVES_DE_CARVALHO23__VILA_MARGARIDA_11330-757", "LATITUDE": "-23.970552", "LONGITUDE": "-46.4094854", "LMAPS": "https://www.google.com/maps?q=&layer=c&cbll=-46.4094854,-23.970552", "O_QUE_FAZER": "CARTEIRA", "ER_REGIAO_CIDADE_min": "São Vicente_Baixada Santista" }, "geometry": { "type": "Point", "coordinates": [ -46.4094854, -23.970552 ] } },
{ "type": "Feature", "properties": { "CNPJ": "26657532000190", "IDCIDADE": "SAO_VICENTE", "NOMEFANTASIA": "JOVEM_EINSTEIN", "RAZAOSOCIAL": "BERCARIO_RECREACAO_E_ESCOLA_DE_EDUCACAO_INFANTIL_JOVEM_EINSTEIN_LTDA", "ENDEE": "RUA_MARECHAL_CANDIDO_MARIANO_DA_SILVA_RONDON21__VILA_MARGARIDA_11330-800", "LATITUDE": "-23.9623783", "LONGITUDE": "-46.3933247", "LMAPS": "https://www.google.com/maps?q=&layer=c&cbll=-46.3933247,-23.9623783", "O_QUE_FAZER": "CARTEIRA", "ER_REGIAO_CIDADE_min": "São Vicente_Baixada Santista" }, "geometry": { "type": "Point", "coordinates": [ -46.3933247, -23.9623783 ] } },
{ "type": "Feature", "properties": { "CNPJ": "56544018000109", "IDCIDADE": "SAO_VICENTE", "NOMEFANTASIA": "LITORAL_BATERIAS", "RAZAOSOCIAL": "LINHA_AMARELA_-_COMERCIO_DE_BATERIAS_LTDA", "ENDEE": "RUA_MARECHAL_CANDIDO_MARIANO_DA_SILVA_RONDON29__VILA_MARGARIDA_11330-800", "LATITUDE": "-23.9624619", "LONGITUDE": "-46.3932349", "LMAPS": "https://www.google.com/maps?q=&layer=c&cbll=-46.3932349,-23.9624619", "O_QUE_FAZER": "CARTEIRA", "ER_REGIAO_CIDADE_min": "São Vicente_Baixada Santista" }, "geometry": { "type": "Point", "coordinates": [ -46.3932349, -23.9624619 ] } },
{ "type": "Feature", "properties": { "CNPJ": "66031303000180", "IDCIDADE": "SAO_VICENTE", "NOMEFANTASIA": "LOJAO_QUASE_DE_TUDO", "RAZAOSOCIAL": "MARTIA_OLIVEIRA_SILVA", "ENDEE": "RUA_FREI_GASPAR2668__PARQUE_SAO_VICENTE_11340-000", "LATITUDE": "-23.9571712", "LONGITUDE": "-46.4029238", "LMAPS": "https://www.google.com/maps?q=&layer=c&cbll=-46.4029238,-23.9571712", "O_QUE_FAZER": "CARTEIRA", "ER_REGIAO_CIDADE_min": "São Vicente_Baixada Santista" }, "geometry": { "type": "Point", "coordinates": [ -46.4029238, -23.9571712 ] } },
{ "type": "Feature", "properties": { "CNPJ": "60275724000170", "IDCIDADE": "SAO_VICENTE", "NOMEFANTASIA": "CASA_DE_MOVEIS_5_ESTRELAS", "RAZAOSOCIAL": "CASA_DE_MOVEIS_CINCO_ESTRELAS_LTDA", "ENDEE": "RUA_FREI_GASPAR2725__PARQUE_SAO_VICENTE_11340-000", "LATITUDE": "-23.9572782", "LONGITUDE": "-46.4031596", "LMAPS": "https://www.google.com/maps?q=&layer=c&cbll=-46.4031596,-23.9572782", "O_QUE_FAZER": "CARTEIRA", "ER_REGIAO_CIDADE_min": "São Vicente_Baixada Santista" }, "geometry": { "type": "Point", "coordinates": [ -46.4031596, -23.9572782 ] } },
{ "type": "Feature", "properties": { "CNPJ": "47530438000145", "IDCIDADE": "SAO_VICENTE", "NOMEFANTASIA": "SORVETERIA_TURBINADOS", "RAZAOSOCIAL": "TURBINADOS_SORVETERIA_LTDA", "ENDEE": "RUA_FREI_GASPAR2731__PARQUE_SAO_VICENTE_11340-000", "LATITUDE": "-23.9512464", "LONGITUDE": "-46.4088783", "LMAPS": "https://www.google.com/maps?q=&layer=c&cbll=-46.4088783,-23.9512464", "O_QUE_FAZER": "CARTEIRA", "ER_REGIAO_CIDADE_min": "São Vicente_Baixada Santista" }, "geometry": { "type": "Point", "coordinates": [ -46.4088783, -23.9512464 ] } },
{ "type": "Feature", "properties": { "CNPJ": "02354284000140", "IDCIDADE": "SAO_VICENTE", "NOMEFANTASIA": "ELETRICA_ANTARES", "RAZAOSOCIAL": "ROBERTO_FORATTO", "ENDEE": "RUA_FREI_GASPAR2771__PARQUE_SAO_VICENTE_11340-000", "LATITUDE": "-23.9568668", "LONGITUDE": "-46.4041162", "LMAPS": "https://www.google.com/maps?q=&layer=c&cbll=-46.4041162,-23.9568668", "O_QUE_FAZER": "CARTEIRA", "ER_REGIAO_CIDADE_min": "São Vicente_Baixada Santista" }, "geometry": { "type": "Point", "coordinates": [ -46.4041162, -23.9568668 ] } },
{ "type": "Feature", "properties": { "CNPJ": "43260006000100", "IDCIDADE": "SAO_VICENTE", "NOMEFANTASIA": "N_X_DECOR", "RAZAOSOCIAL": "S_MENDES_MOVEIS_LTDA", "ENDEE": "RUA_FREI_GASPAR2975__PARQUE_SAO_VICENTE_11340-000", "LATITUDE": "-23.95589", "LONGITUDE": "-46.4058854", "LMAPS": "https://www.google.com/maps?q=&layer=c&cbll=-46.4058854,-23.95589", "O_QUE_FAZER": "CARTEIRA", "ER_REGIAO_CIDADE_min": "São Vicente_Baixada Santista" }, "geometry": { "type": "Point", "coordinates": [ -46.4058854, -23.95589 ] } },
{ "type": "Feature", "properties": { "CNPJ": "44652905000111", "IDCIDADE": "SAO_VICENTE", "NOMEFANTASIA": "DROGARIA_DIAS_POPULAR", "RAZAOSOCIAL": "LH_MURALHAS_DROGARIA_LTDA", "ENDEE": "RUA_CAMINHO_DOS_BARREIROS2478__ESPLANADA_DOS_BARREIROS_11340-020", "LATITUDE": "-23.9578895", "LONGITUDE": "-46.4013163", "LMAPS": "https://www.google.com/maps?q=&layer=c&cbll=-46.4013163,-23.9578895", "O_QUE_FAZER": "CARTEIRA", "ER_REGIAO_CIDADE_min": "São Vicente_Baixada Santista" }, "geometry": { "type": "Point", "coordinates": [ -46.4013163, -23.9578895 ] } },
{ "type": "Feature", "properties": { "CNPJ": "35394483000130", "IDCIDADE": "SAO_VICENTE", "NOMEFANTASIA": "282_BAR_E_RESTAURANTE", "RAZAOSOCIAL": "LANCHONETE_TRADICAO_DO_BACALHAU_MIL_GRAU_LTDA", "ENDEE": "RUA_CAMINHO_DOS_BARREIROS282__ESPLANADA_DOS_BARREIROS_11340-020", "LATITUDE": "-23.9599536", "LONGITUDE": "-46.3993619", "LMAPS": "https://www.google.com/maps?q=&layer=c&cbll=-46.3993619,-23.9599536", "O_QUE_FAZER": "CARTEIRA", "ER_REGIAO_CIDADE_min": "São Vicente_Baixada Santista" }, "geometry": { "type": "Point", "coordinates": [ -46.3993619, -23.9599536 ] } },
{ "type": "Feature", "properties": { "CNPJ": "14635881000121", "IDCIDADE": "SAO_VICENTE", "NOMEFANTASIA": "DIAS_AUTO_CENTER", "RAZAOSOCIAL": "G._DIAS_AUTO_CENTER_REPAROS_AUTOMOTIVOS_LTDA", "ENDEE": "RUA_CAMINHO_DOS_BARREIROS398__ESPLANADA_DOS_BARREIROS_11340-020", "LATITUDE": "-23.9592126", "LONGITUDE": "-46.4004288", "LMAPS": "https://www.google.com/maps?q=&layer=c&cbll=-46.4004288,-23.9592126", "O_QUE_FAZER": "CARTEIRA", "ER_REGIAO_CIDADE_min": "São Vicente_Baixada Santista" }, "geometry": { "type": "Point", "coordinates": [ -46.4004288, -23.9592126 ] } },
{ "type": "Feature", "properties": { "CNPJ": "11539233000183", "IDCIDADE": "SAO_VICENTE", "NOMEFANTASIA": "NEVES_FERRAGENS", "RAZAOSOCIAL": "NEVES_FERRAGENS_E_ACESSORIOS_PARA_ESQUADRIAS_METALICAS_LTDA", "ENDEE": "RUA_CAMINHO_DOS_BARREIROS413__ESPLANADA_DOS_BARREIROS_11340-020", "LATITUDE": "-23.9592422", "LONGITUDE": "-46.4005915", "LMAPS": "https://www.google.com/maps?q=&layer=c&cbll=-46.4005915,-23.9592422", "O_QUE_FAZER": "CARTEIRA", "ER_REGIAO_CIDADE_min": "São Vicente_Baixada Santista" }, "geometry": { "type": "Point", "coordinates": [ -46.4005915, -23.9592422 ] } },
{ "type": "Feature", "properties": { "CNPJ": "41305108000170", "IDCIDADE": "SAO_VICENTE", "NOMEFANTASIA": "RAMALHO_SALGADOS", "RAZAOSOCIAL": "RAMALHO_SALGADOS_LTDA", "ENDEE": "RUA_CAMINHO_DOS_BARREIROS437__ESPLANADA_DOS_BARREIROS_11340-020", "LATITUDE": "-23.9592019", "LONGITUDE": "-46.4007638", "LMAPS": "https://www.google.com/maps?q=&layer=c&cbll=-46.4007638,-23.9592019", "O_QUE_FAZER": "CARTEIRA", "ER_REGIAO_CIDADE_min": "São Vicente_Baixada Santista" }, "geometry": { "type": "Point", "coordinates": [ -46.4007638, -23.9592019 ] } },
{ "type": "Feature", "properties": { "CNPJ": "02423692000106", "IDCIDADE": "SAO_VICENTE", "NOMEFANTASIA": "EMPORIO_BEIRA_MAR", "RAZAOSOCIAL": "C_R_FIGUEIREDO_LIMPEZA", "ENDEE": "RUA_CAMINHO_DOS_BARREIROS511__ESPLANADA_DOS_BARREIROS_11340-020", "LATITUDE": "-23.9586733", "LONGITUDE": "-46.4012167", "LMAPS": "https://www.google.com/maps?q=&layer=c&cbll=-46.4012167,-23.9586733", "O_QUE_FAZER": "CARTEIRA", "ER_REGIAO_CIDADE_min": "São Vicente_Baixada Santista" }, "geometry": { "type": "Point", "coordinates": [ -46.4012167, -23.9586733 ] } },
{ "type": "Feature", "properties": { "CNPJ": "04870948000159", "IDCIDADE": "SAO_VICENTE", "NOMEFANTASIA": "PET_SHOP_BEIRA_MAR", "RAZAOSOCIAL": "PET_SHOP_BEIRA_MAR_LTDA", "ENDEE": "RUA_MANOEL_RODRIGUES_DE_MORAIS5__ESPLANADA_DOS_BARREIROS_11340-090", "LATITUDE": "-23.9585739", "LONGITUDE": "-46.4014423", "LMAPS": "https://www.google.com/maps?q=&layer=c&cbll=-46.4014423,-23.9585739", "O_QUE_FAZER": "CARTEIRA", "ER_REGIAO_CIDADE_min": "São Vicente_Baixada Santista" }, "geometry": { "type": "Point", "coordinates": [ -46.4014423, -23.9585739 ] } },
{ "type": "Feature", "properties": { "CNPJ": "67676668000124", "IDCIDADE": "SAO_VICENTE", "NOMEFANTASIA": "ALYNE_DISTRIBUIDORA", "RAZAOSOCIAL": "PAULO_DOS_SANTOS_-_BOMBONIERE", "ENDEE": "PRACA_SENADOR_CESARIO_BASTOS209__ESPLANADA_DOS_BARREIROS_11340-100", "LATITUDE": "-23.95739", "LONGITUDE": "-46.4021533", "LMAPS": "https://www.google.com/maps?q=&layer=c&cbll=-46.4021533,-23.95739", "O_QUE_FAZER": "CARTEIRA", "ER_REGIAO_CIDADE_min": "São Vicente_Baixada Santista" }, "geometry": { "type": "Point", "coordinates": [ -46.4021533, -23.95739 ] } },
{ "type": "Feature", "properties": { "CNPJ": "46005597000168", "IDCIDADE": "SAO_VICENTE", "NOMEFANTASIA": "SORRIDENTS", "RAZAOSOCIAL": "FERNANDEZ_ODONTOLOGIA_ESPECIALIZADA_LTDA", "ENDEE": "PRACA_SENADOR_CESARIO_BASTOS225__ESPLANADA_DOS_BARREIROS_11340-100", "LATITUDE": "-23.9575256", "LONGITUDE": "-46.4020288", "LMAPS": "https://www.google.com/maps?q=&layer=c&cbll=-46.4020288,-23.9575256", "O_QUE_FAZER": "CARTEIRA", "ER_REGIAO_CIDADE_min": "São Vicente_Baixada Santista" }, "geometry": { "type": "Point", "coordinates": [ -46.4020288, -23.9575256 ] } },
{ "type": "Feature", "properties": { "CNPJ": "52713255000103", "IDCIDADE": "SAO_VICENTE", "NOMEFANTASIA": "CASA_DE_CARNES_GAUCHAO_VII", "RAZAOSOCIAL": "CASA_DE_CARNES_GAUCHAO_VII_LTDA", "ENDEE": "PRACA_SENADOR_CESARIO_BASTOS231__ESPLANADA_DOS_BARREIROS_11340-100", "LATITUDE": "-23.9576432", "LONGITUDE": "-46.4019006", "LMAPS": "https://www.google.com/maps?q=&layer=c&cbll=-46.4019006,-23.9576432", "O_QUE_FAZER": "CARTEIRA", "ER_REGIAO_CIDADE_min": "São Vicente_Baixada Santista" }, "geometry": { "type": "Point", "coordinates": [ -46.4019006, -23.9576432 ] } },
{ "type": "Feature", "properties": { "CNPJ": "55670372000117", "IDCIDADE": "SAO_VICENTE", "NOMEFANTASIA": "CHRISTO_CAR", "RAZAOSOCIAL": "CHRISTOCAR_CENTRO_AUTOMOTIVO_LTDA", "ENDEE": "PRACA_OSWALDO_CRUZ173__PARQUE_SAO_VICENTE_11340-110", "LATITUDE": "-23.9607286", "LONGITUDE": "-46.397028", "LMAPS": "https://www.google.com/maps?q=&layer=c&cbll=-46.397028,-23.9607286", "O_QUE_FAZER": "CARTEIRA", "ER_REGIAO_CIDADE_min": "São Vicente_Baixada Santista" }, "geometry": { "type": "Point", "coordinates": [ -46.397028, -23.9607286 ] } },
{ "type": "Feature", "properties": { "CNPJ": "02743638000148", "IDCIDADE": "SAO_VICENTE", "NOMEFANTASIA": "SPORT_BIKE_CENTER", "RAZAOSOCIAL": "A_J_FRIAS_COMERCIO_E_SERVICOS_DE_MOTOS_E_BICICLETAS_LTDA", "ENDEE": "PRACA_OSWALDO_CRUZ36__PARQUE_SAO_VICENTE_11340-110", "LATITUDE": "-23.9603877", "LONGITUDE": "-46.3969328", "LMAPS": "https://www.google.com/maps?q=&layer=c&cbll=-46.3969328,-23.9603877", "O_QUE_FAZER": "CARTEIRA", "ER_REGIAO_CIDADE_min": "São Vicente_Baixada Santista" }, "geometry": { "type": "Point", "coordinates": [ -46.3969328, -23.9603877 ] } },
{ "type": "Feature", "properties": { "CNPJ": "41111577000158", "IDCIDADE": "SAO_VICENTE", "NOMEFANTASIA": "CHOC_MEL", "RAZAOSOCIAL": "SILVIA_CRISTINA_DA_FONSECA_PEREIRA_LTDA", "ENDEE": "RUA_PADRE_SABOIA11__ESPLANADA_DOS_BARREIROS_11340-140", "LATITUDE": "-23.9575095", "LONGITUDE": "-46.402715", "LMAPS": "https://www.google.com/maps?q=&layer=c&cbll=-46.402715,-23.9575095", "O_QUE_FAZER": "CARTEIRA", "ER_REGIAO_CIDADE_min": "São Vicente_Baixada Santista" }, "geometry": { "type": "Point", "coordinates": [ -46.402715, -23.9575095 ] } },
{ "type": "Feature", "properties": { "CNPJ": "00538271000103", "IDCIDADE": "SAO_VICENTE", "NOMEFANTASIA": "ITABAIANA_II", "RAZAOSOCIAL": "CICERO_MANOEL_DA_SILVA_-_RESTAURANTE_LTDA", "ENDEE": "RUA_RAUL_SERAPIAO_BARROSO13__ESPLANADA_DOS_BARREIROS_11340-330", "LATITUDE": "-23.9523567", "LONGITUDE": "-46.4099", "LMAPS": "https://www.google.com/maps?q=&layer=c&cbll=-46.4099,-23.9523567", "O_QUE_FAZER": "CARTEIRA", "ER_REGIAO_CIDADE_min": "São Vicente_Baixada Santista" }, "geometry": { "type": "Point", "coordinates": [ -46.4099, -23.9523567 ] } },
{ "type": "Feature", "properties": { "CNPJ": "04871148000152", "IDCIDADE": "SAO_VICENTE", "NOMEFANTASIA": "SOUZA_E_SOUZA", "RAZAOSOCIAL": "PLANEJADOS_SOUZA_MARCENARIA_LTDA", "ENDEE": "AVENIDA_DOUTOR_ESMERALDO_SOARES_TARQUINIO_DE_CAMPOS_FILHO142__PARQUE_DAS_BANDEIRAS_11346-000", "LATITUDE": "-23.9832779", "LONGITUDE": "-46.4870452", "LMAPS": "https://www.google.com/maps?q=&layer=c&cbll=-46.4870452,-23.9832779", "O_QUE_FAZER": "CARTEIRA", "ER_REGIAO_CIDADE_min": "São Vicente_Baixada Santista" }, "geometry": { "type": "Point", "coordinates": [ -46.4870452, -23.9832779 ] } },
{ "type": "Feature", "properties": { "CNPJ": "36636657000197", "IDCIDADE": "SAO_VICENTE", "NOMEFANTASIA": "GLEBA_I_MATERIAIS_PARA_CONSTRUCAO", "RAZAOSOCIAL": "MATERIAIS_PARA_CONSTRUCAO_GLEBA_1_LTDA", "ENDEE": "AVENIDA_DOUTOR_ESMERALDO_SOARES_TARQUINIO_DE_CAMPOS_FILHO188__PARQUE_DAS_BANDEIRAS_11346-000", "LATITUDE": "-23.9835091", "LONGITUDE": "-46.4867013", "LMAPS": "https://www.google.com/maps?q=&layer=c&cbll=-46.4867013,-23.9835091", "O_QUE_FAZER": "CARTEIRA", "ER_REGIAO_CIDADE_min": "São Vicente_Baixada Santista" }, "geometry": { "type": "Point", "coordinates": [ -46.4867013, -23.9835091 ] } },
{ "type": "Feature", "properties": { "CNPJ": "40727423000122", "IDCIDADE": "SAO_VICENTE", "NOMEFANTASIA": "PARQUE_DOS_ANIMAIS", "RAZAOSOCIAL": "FERNANDA_SILVA_ROSA_LOYO", "ENDEE": "AVENIDA_DOUTOR_ESMERALDO_SOARES_TARQUINIO_DE_CAMPOS_FILHO295__PARQUE_DAS_BANDEIRAS_11346-000", "LATITUDE": "-23.9838069", "LONGITUDE": "-46.4856746", "LMAPS": "https://www.google.com/maps?q=&layer=c&cbll=-46.4856746,-23.9838069", "O_QUE_FAZER": "CARTEIRA", "ER_REGIAO_CIDADE_min": "São Vicente_Baixada Santista" }, "geometry": { "type": "Point", "coordinates": [ -46.4856746, -23.9838069 ] } },
{ "type": "Feature", "properties": { "CNPJ": "41212453000169", "IDCIDADE": "SAO_VICENTE", "NOMEFANTASIA": "LOTERICA_PARQUE_DA_SORTE", "RAZAOSOCIAL": "LOTERICA_PARQUE_DA_SORTE_LTDA", "ENDEE": "AVENIDA_DOUTOR_ESMERALDO_SOARES_TARQUINIO_DE_CAMPOS_FILHO3__PARQUE_DAS_BANDEIRAS_11346-000", "LATITUDE": "-23.9823615", "LONGITUDE": "-46.4874816", "LMAPS": "https://www.google.com/maps?q=&layer=c&cbll=-46.4874816,-23.9823615", "O_QUE_FAZER": "CARTEIRA", "ER_REGIAO_CIDADE_min": "São Vicente_Baixada Santista" }, "geometry": { "type": "Point", "coordinates": [ -46.4874816, -23.9823615 ] } },
{ "type": "Feature", "properties": { "CNPJ": "28697020000182", "IDCIDADE": "SAO_VICENTE", "NOMEFANTASIA": "BEM_TE_VI_MOTOS", "RAZAOSOCIAL": "MARIA_APARECIDA_BALDUINA_DOS_SANTOS", "ENDEE": "AVENIDA_DOUTOR_ESMERALDO_SOARES_TARQUINIO_DE_CAMPOS_FILHO34__PARQUE_DAS_BANDEIRAS_11346-000", "LATITUDE": "-23.9825799", "LONGITUDE": "-46.4877753", "LMAPS": "https://www.google.com/maps?q=&layer=c&cbll=-46.4877753,-23.9825799", "O_QUE_FAZER": "CARTEIRA", "ER_REGIAO_CIDADE_min": "São Vicente_Baixada Santista" }, "geometry": { "type": "Point", "coordinates": [ -46.4877753, -23.9825799 ] } },
{ "type": "Feature", "properties": { "CNPJ": "37201114000100", "IDCIDADE": "SAO_VICENTE", "NOMEFANTASIA": "AZANKI", "RAZAOSOCIAL": "AZANKI_SERRALHERIA_E_COMERCIO_LTDA", "ENDEE": "AVENIDA_DOUTOR_ESMERALDO_SOARES_TARQUINIO_DE_CAMPOS_FILHO371__PARQUE_DAS_BANDEIRAS_11346-000", "LATITUDE": "-23.9843034", "LONGITUDE": "-46.4851035", "LMAPS": "https://www.google.com/maps?q=&layer=c&cbll=-46.4851035,-23.9843034", "O_QUE_FAZER": "CARTEIRA", "ER_REGIAO_CIDADE_min": "São Vicente_Baixada Santista" }, "geometry": { "type": "Point", "coordinates": [ -46.4851035, -23.9843034 ] } },
{ "type": "Feature", "properties": { "CNPJ": "39538927000115", "IDCIDADE": "SAO_VICENTE", "NOMEFANTASIA": "PONTO_CERTO_PET_SHOP", "RAZAOSOCIAL": "PONTO_CERTO_CASA_DE_RACAO_PET_SHOP_BANHO_E_TOSA_LTDA", "ENDEE": "AVENIDA_DOUTOR_ESMERALDO_SOARES_TARQUINIO_DE_CAMPOS_FILHO376__PARQUE_DAS_BANDEIRAS_11346-000", "LATITUDE": "-23.9844858", "LONGITUDE": "-46.4852733", "LMAPS": "https://www.google.com/maps?q=&layer=c&cbll=-46.4852733,-23.9844858", "O_QUE_FAZER": "CARTEIRA", "ER_REGIAO_CIDADE_min": "São Vicente_Baixada Santista" }, "geometry": { "type": "Point", "coordinates": [ -46.4852733, -23.9844858 ] } },
{ "type": "Feature", "properties": { "CNPJ": "50033530000104", "IDCIDADE": "SAO_VICENTE", "NOMEFANTASIA": "NATUICE", "RAZAOSOCIAL": "SORVETES_NATUICE_SV_AREA_CONTINENTAL_LTDA", "ENDEE": "AVENIDA_DOUTOR_ESMERALDO_SOARES_TARQUINIO_DE_CAMPOS_FILHO481__PARQUE_DAS_BANDEIRAS_11346-000", "LATITUDE": "-23.9849179", "LONGITUDE": "-46.4841931", "LMAPS": "https://www.google.com/maps?q=&layer=c&cbll=-46.4841931,-23.9849179", "O_QUE_FAZER": "CARTEIRA", "ER_REGIAO_CIDADE_min": "São Vicente_Baixada Santista" }, "geometry": { "type": "Point", "coordinates": [ -46.4841931, -23.9849179 ] } },
{ "type": "Feature", "properties": { "CNPJ": "44923810000195", "IDCIDADE": "SAO_VICENTE", "NOMEFANTASIA": "RESTAURANTE_E_PIZZARIA_AVENIDA", "RAZAOSOCIAL": "INACIO_OLIVEIRA_DE_FREITAS", "ENDEE": "AVENIDA_DOUTOR_ESMERALDO_SOARES_TARQUINIO_DE_CAMPOS_FILHO505__PARQUE_DAS_BANDEIRAS_11346-000", "LATITUDE": "-23.9850294", "LONGITUDE": "-46.4840258", "LMAPS": "https://www.google.com/maps?q=&layer=c&cbll=-46.4840258,-23.9850294", "O_QUE_FAZER": "CARTEIRA", "ER_REGIAO_CIDADE_min": "São Vicente_Baixada Santista" }, "geometry": { "type": "Point", "coordinates": [ -46.4840258, -23.9850294 ] } },
{ "type": "Feature", "properties": { "CNPJ": "37349371000193", "IDCIDADE": "SAO_VICENTE", "NOMEFANTASIA": "DONA_CELIA", "RAZAOSOCIAL": "L._L._LACERDA_MARTINS", "ENDEE": "AVENIDA_DOUTOR_ESMERALDO_SOARES_TARQUINIO_DE_CAMPOS_FILHO601__PARQUE_DAS_BANDEIRAS_11346-000", "LATITUDE": "-23.985588", "LONGITUDE": "-46.4832649", "LMAPS": "https://www.google.com/maps?q=&layer=c&cbll=-46.4832649,-23.985588", "O_QUE_FAZER": "CARTEIRA", "ER_REGIAO_CIDADE_min": "São Vicente_Baixada Santista" }, "geometry": { "type": "Point", "coordinates": [ -46.4832649, -23.985588 ] } },
{ "type": "Feature", "properties": { "CNPJ": "39973319000139", "IDCIDADE": "SAO_VICENTE", "NOMEFANTASIA": "IMPERIO_DA_PIZZA", "RAZAOSOCIAL": "IRANI_DE_ANDRADE_MARQUES_PIZZARIA", "ENDEE": "AVENIDA_DOUTOR_ESMERALDO_SOARES_TARQUINIO_DE_CAMPOS_FILHO70__PARQUE_DAS_BANDEIRAS_11346-000", "LATITUDE": "-23.9828783", "LONGITUDE": "-46.4875126", "LMAPS": "https://www.google.com/maps?q=&layer=c&cbll=-46.4875126,-23.9828783", "O_QUE_FAZER": "CARTEIRA", "ER_REGIAO_CIDADE_min": "São Vicente_Baixada Santista" }, "geometry": { "type": "Point", "coordinates": [ -46.4875126, -23.9828783 ] } },
{ "type": "Feature", "properties": { "CNPJ": "08192549000137", "IDCIDADE": "SAO_VICENTE", "NOMEFANTASIA": "COLEGIO_EVOLUCOES", "RAZAOSOCIAL": "COLEGIO_NOVAS_EVOLUCOES_LTDA", "ENDEE": "AVENIDA_DOUTOR_ESMERALDO_SOARES_TARQUINIO_DE_CAMPOS_FILHO765__PARQUE_DAS_BANDEIRAS_11346-000", "LATITUDE": "-23.9866404", "LONGITUDE": "-46.4819135", "LMAPS": "https://www.google.com/maps?q=&layer=c&cbll=-46.4819135,-23.9866404", "O_QUE_FAZER": "CARTEIRA", "ER_REGIAO_CIDADE_min": "São Vicente_Baixada Santista" }, "geometry": { "type": "Point", "coordinates": [ -46.4819135, -23.9866404 ] } },
{ "type": "Feature", "properties": { "CNPJ": "01595076000170", "IDCIDADE": "SAO_VICENTE", "NOMEFANTASIA": "PAPELARIA_ELEFANTINHO", "RAZAOSOCIAL": "G._DOS_SANTOS_&_A._N._DOS_SANTOS_LTDA", "ENDEE": "AVENIDA_DOUTOR_ESMERALDO_SOARES_TARQUINIO_DE_CAMPOS_FILHO785__PARQUE_DAS_BANDEIRAS_11346-000", "LATITUDE": "-23.9867367", "LONGITUDE": "-46.4817979", "LMAPS": "https://www.google.com/maps?q=&layer=c&cbll=-46.4817979,-23.9867367", "O_QUE_FAZER": "CARTEIRA", "ER_REGIAO_CIDADE_min": "São Vicente_Baixada Santista" }, "geometry": { "type": "Point", "coordinates": [ -46.4817979, -23.9867367 ] } },
{ "type": "Feature", "properties": { "CNPJ": "32864912000106", "IDCIDADE": "SAO_VICENTE", "NOMEFANTASIA": "AUTO_ESCOLA_VIA_LOCAL", "RAZAOSOCIAL": "AUTO_MOTO_ESCOLA_VIA_LOCAL_LTDA", "ENDEE": "AVENIDA_DOUTOR_ESMERALDO_SOARES_TARQUINIO_DE_CAMPOS_FILHO800__PARQUE_DAS_BANDEIRAS_11346-000", "LATITUDE": "-23.9869378", "LONGITUDE": "-46.4819471", "LMAPS": "https://www.google.com/maps?q=&layer=c&cbll=-46.4819471,-23.9869378", "O_QUE_FAZER": "CARTEIRA", "ER_REGIAO_CIDADE_min": "São Vicente_Baixada Santista" }, "geometry": { "type": "Point", "coordinates": [ -46.4819471, -23.9869378 ] } },
{ "type": "Feature", "properties": { "CNPJ": "46076234000113", "IDCIDADE": "SAO_VICENTE", "NOMEFANTASIA": "PET_FELIZ", "RAZAOSOCIAL": "MARYA_EDUARDA_GONCALVES_ALVES_PET_SHOP", "ENDEE": "AVENIDA_DOUTOR_ESMERALDO_SOARES_TARQUINIO_DE_CAMPOS_FILHO83__PARQUE_DAS_BANDEIRAS_11346-000", "LATITUDE": "-23.9829919", "LONGITUDE": "-46.4872664", "LMAPS": "https://www.google.com/maps?q=&layer=c&cbll=-46.4872664,-23.9829919", "O_QUE_FAZER": "CARTEIRA", "ER_REGIAO_CIDADE_min": "São Vicente_Baixada Santista" }, "geometry": { "type": "Point", "coordinates": [ -46.4872664, -23.9829919 ] } },
{ "type": "Feature", "properties": { "CNPJ": "00552163000187", "IDCIDADE": "SAO_VICENTE", "NOMEFANTASIA": "BAZAR_SENSACAO", "RAZAOSOCIAL": "VERA_LUCIA_RODRIGUES_TOLEDO_LIMA_BAZAR", "ENDEE": "AVENIDA_DOUTOR_ESMERALDO_SOARES_TARQUINIO_DE_CAMPOS_FILHO98__PARQUE_DAS_BANDEIRAS_11346-000", "LATITUDE": "-23.9828835", "LONGITUDE": "-46.4873315", "LMAPS": "https://www.google.com/maps?q=&layer=c&cbll=-46.4873315,-23.9828835", "O_QUE_FAZER": "CARTEIRA", "ER_REGIAO_CIDADE_min": "São Vicente_Baixada Santista" }, "geometry": { "type": "Point", "coordinates": [ -46.4873315, -23.9828835 ] } },
{ "type": "Feature", "properties": { "CNPJ": "45779056000124", "IDCIDADE": "SAO_VICENTE", "NOMEFANTASIA": "FARMA_DROGA_PARQUE", "RAZAOSOCIAL": "EDNILSON_MOURA_GOMES_LTDA", "ENDEE": "PRACA_DARIO_AREDES_LACERDA197__PARQUE_DAS_BANDEIRAS_11346-005", "LATITUDE": "-23.9850537", "LONGITUDE": "-46.4850136", "LMAPS": "https://www.google.com/maps?q=&layer=c&cbll=-46.4850136,-23.9850537", "O_QUE_FAZER": "CARTEIRA", "ER_REGIAO_CIDADE_min": "São Vicente_Baixada Santista" }, "geometry": { "type": "Point", "coordinates": [ -46.4850136, -23.9850537 ] } },
{ "type": "Feature", "properties": { "CNPJ": "30200399000115", "IDCIDADE": "SAO_VICENTE", "NOMEFANTASIA": "PIZZARIA_DO_PARQUE", "RAZAOSOCIAL": "PIZZARIA_DO_PARQUE_DAS_BANDEIRAS_LTDA", "ENDEE": "PRACA_DARIO_AREDES_LACERDA39__PARQUE_DAS_BANDEIRAS_11346-005", "LATITUDE": "-23.9843745", "LONGITUDE": "-46.4847268", "LMAPS": "https://www.google.com/maps?q=&layer=c&cbll=-46.4847268,-23.9843745", "O_QUE_FAZER": "CARTEIRA", "ER_REGIAO_CIDADE_min": "São Vicente_Baixada Santista" }, "geometry": { "type": "Point", "coordinates": [ -46.4847268, -23.9843745 ] } },
{ "type": "Feature", "properties": { "CNPJ": "32872238000101", "IDCIDADE": "SAO_VICENTE", "NOMEFANTASIA": "MOMBERG_NET", "RAZAOSOCIAL": "NL_MOMBERG_MARTINS_TELECOMUNICACOES", "ENDEE": "RUA_LUIZ_GONZAGA_LOPES360__PARQUE_DAS_BANDEIRAS_11346-090", "LATITUDE": "-23.9851726", "LONGITUDE": "-46.486675", "LMAPS": "https://www.google.com/maps?q=&layer=c&cbll=-46.486675,-23.9851726", "O_QUE_FAZER": "CARTEIRA", "ER_REGIAO_CIDADE_min": "São Vicente_Baixada Santista" }, "geometry": { "type": "Point", "coordinates": [ -46.486675, -23.9851726 ] } },
{ "type": "Feature", "properties": { "CNPJ": "11944946000122", "IDCIDADE": "SAO_VICENTE", "NOMEFANTASIA": "MINIMERCADO_JATOBA", "RAZAOSOCIAL": "JATOBA_DA_PRACA_COMERCIO_DE_ALIMENTOS_LTDA", "ENDEE": "RUA_LUIZ_GONZAGA_LOPES70__PARQUE_DAS_BANDEIRAS_11346-090", "LATITUDE": "-23.9849429", "LONGITUDE": "-46.4852554", "LMAPS": "https://www.google.com/maps?q=&layer=c&cbll=-46.4852554,-23.9849429", "O_QUE_FAZER": "CARTEIRA", "ER_REGIAO_CIDADE_min": "São Vicente_Baixada Santista" }, "geometry": { "type": "Point", "coordinates": [ -46.4852554, -23.9849429 ] } },
{ "type": "Feature", "properties": { "CNPJ": "06045657000151", "IDCIDADE": "SAO_VICENTE", "NOMEFANTASIA": "DUPARK", "RAZAOSOCIAL": "AUTOS_&_DIESEL_PEDRO_TAQUES_69_PECAS_E_ACESSORIOS_LTDA", "ENDEE": "RUA_SARGENTO_ARTUR_DOS_SANTOS147__PARQUE_DAS_BANDEIRAS_11346-260", "LATITUDE": "-23.9837832", "LONGITUDE": "-46.4877276", "LMAPS": "https://www.google.com/maps?q=&layer=c&cbll=-46.4877276,-23.9837832", "O_QUE_FAZER": "CARTEIRA", "ER_REGIAO_CIDADE_min": "São Vicente_Baixada Santista" }, "geometry": { "type": "Point", "coordinates": [ -46.4877276, -23.9837832 ] } },
{ "type": "Feature", "properties": { "CNPJ": "33736391000166", "IDCIDADE": "SAO_VICENTE", "NOMEFANTASIA": "ULTRAGAZ", "RAZAOSOCIAL": "ANDERSON_CABRAL_DE_OLIVEIRA_-_GAS_(_GLP_)", "ENDEE": "RUA_ANTONIO_RIBEIRO_FRANCO414__PARQUE_DAS_BANDEIRAS_11346-280", "LATITUDE": "-23.9823276", "LONGITUDE": "-46.4879003", "LMAPS": "https://www.google.com/maps?q=&layer=c&cbll=-46.4879003,-23.9823276", "O_QUE_FAZER": "CARTEIRA", "ER_REGIAO_CIDADE_min": "São Vicente_Baixada Santista" }, "geometry": { "type": "Point", "coordinates": [ -46.4879003, -23.9823276 ] } },
{ "type": "Feature", "properties": { "CNPJ": "03495351000109", "IDCIDADE": "SAO_VICENTE", "NOMEFANTASIA": "EXTASE_MOTEL", "RAZAOSOCIAL": "EXTASY_HOTEL_LTDA", "ENDEE": "RUA_ANTONIO_RIBEIRO_FRANCO511__PARQUE_DAS_BANDEIRAS_11346-280", "LATITUDE": "-23.9768296", "LONGITUDE": "-46.4817352", "LMAPS": "https://www.google.com/maps?q=&layer=c&cbll=-46.4817352,-23.9768296", "O_QUE_FAZER": "CARTEIRA", "ER_REGIAO_CIDADE_min": "São Vicente_Baixada Santista" }, "geometry": { "type": "Point", "coordinates": [ -46.4817352, -23.9768296 ] } },
{ "type": "Feature", "properties": { "CNPJ": "41194372000183", "IDCIDADE": "SAO_VICENTE", "NOMEFANTASIA": "DIAMANTE_ROSA", "RAZAOSOCIAL": "R_J_LIMA_DE_MELO_ROUPAS_E_ACESSORIOS", "ENDEE": "AVENIDA_DEPUTADO_ULISSES_GUIMARAES10__JARDIM_RIO_BRANCO_11347-000", "LATITUDE": "-23.9754974", "LONGITUDE": "-46.4793282", "LMAPS": "https://www.google.com/maps?q=&layer=c&cbll=-46.4793282,-23.9754974", "O_QUE_FAZER": "CARTEIRA", "ER_REGIAO_CIDADE_min": "São Vicente_Baixada Santista" }, "geometry": { "type": "Point", "coordinates": [ -46.4793282, -23.9754974 ] } },
{ "type": "Feature", "properties": { "CNPJ": "52902907000140", "IDCIDADE": "SAO_VICENTE", "NOMEFANTASIA": "STUDIO_CARVALHO", "RAZAOSOCIAL": "REI_DO_TAPA_BARBEARIA_LTDA", "ENDEE": "AVENIDA_DEPUTADO_ULISSES_GUIMARAES10__JARDIM_RIO_BRANCO_11347-000", "LATITUDE": "-23.9755445", "LONGITUDE": "-46.4792469", "LMAPS": "https://www.google.com/maps?q=&layer=c&cbll=-46.4792469,-23.9755445", "O_QUE_FAZER": "CARTEIRA", "ER_REGIAO_CIDADE_min": "São Vicente_Baixada Santista" }, "geometry": { "type": "Point", "coordinates": [ -46.4792469, -23.9755445 ] } },
{ "type": "Feature", "properties": { "CNPJ": "29745036000186", "IDCIDADE": "SAO_VICENTE", "NOMEFANTASIA": "LA_BELLE_COSMETICOS", "RAZAOSOCIAL": "LA_BELLE_VALENTIM_PERFUMARIA_E_COSMETICOS_R&T_LTDA", "ENDEE": "AVENIDA_DEPUTADO_ULISSES_GUIMARAES1009__JARDIM_RIO_BRANCO_11347-000", "LATITUDE": "-23.9809152", "LONGITUDE": "-46.4717554", "LMAPS": "https://www.google.com/maps?q=&layer=c&cbll=-46.4717554,-23.9809152", "O_QUE_FAZER": "CARTEIRA", "ER_REGIAO_CIDADE_min": "São Vicente_Baixada Santista" }, "geometry": { "type": "Point", "coordinates": [ -46.4717554, -23.9809152 ] } },
{ "type": "Feature", "properties": { "CNPJ": "37747752000120", "IDCIDADE": "SAO_VICENTE", "NOMEFANTASIA": "CASA_DO_REAL", "RAZAOSOCIAL": "TAMIRES_RIBEIRO_SILVA_ANDRADE", "ENDEE": "AVENIDA_DEPUTADO_ULISSES_GUIMARAES1009__JARDIM_RIO_BRANCO_11347-000", "LATITUDE": "-23.9809709", "LONGITUDE": "-46.4716792", "LMAPS": "https://www.google.com/maps?q=&layer=c&cbll=-46.4716792,-23.9809709", "O_QUE_FAZER": "CARTEIRA", "ER_REGIAO_CIDADE_min": "São Vicente_Baixada Santista" }, "geometry": { "type": "Point", "coordinates": [ -46.4716792, -23.9809709 ] } },
{ "type": "Feature", "properties": { "CNPJ": "29819481000143", "IDCIDADE": "SAO_VICENTE", "NOMEFANTASIA": "BASSILE", "RAZAOSOCIAL": "R._BASSILE_COMERCIO_E_REPRESENTACOES_LTDA", "ENDEE": "AVENIDA_DEPUTADO_ULISSES_GUIMARAES1009__JARDIM_RIO_BRANCO_11347-000", "LATITUDE": "-23.9816887", "LONGITUDE": "-46.471044", "LMAPS": "https://www.google.com/maps?q=&layer=c&cbll=-46.471044,-23.9816887", "O_QUE_FAZER": "CARTEIRA", "ER_REGIAO_CIDADE_min": "São Vicente_Baixada Santista" }, "geometry": { "type": "Point", "coordinates": [ -46.471044, -23.9816887 ] } },
{ "type": "Feature", "properties": { "CNPJ": "11511107000200", "IDCIDADE": "SAO_VICENTE", "NOMEFANTASIA": "CNET", "RAZAOSOCIAL": "DELTAPAR_COMERCIO_E_SERVICOS_TECNOLOGICOS_LTDA", "ENDEE": "AVENIDA_DEPUTADO_ULISSES_GUIMARAES1041__JARDIM_RIO_BRANCO_11347-000", "LATITUDE": "-23.9811627", "LONGITUDE": "-46.4714239", "LMAPS": "https://www.google.com/maps?q=&layer=c&cbll=-46.4714239,-23.9811627", "O_QUE_FAZER": "CARTEIRA", "ER_REGIAO_CIDADE_min": "São Vicente_Baixada Santista" }, "geometry": { "type": "Point", "coordinates": [ -46.4714239, -23.9811627 ] } },
{ "type": "Feature", "properties": { "CNPJ": "48902871000127", "IDCIDADE": "SAO_VICENTE", "NOMEFANTASIA": "HOUSE_BEER", "RAZAOSOCIAL": "HOUSE_BEER_FAMILY_LTDA", "ENDEE": "AVENIDA_DEPUTADO_ULISSES_GUIMARAES1042__JARDIM_RIO_BRANCO_11347-000", "LATITUDE": "-23.9836569", "LONGITUDE": "-46.4683804", "LMAPS": "https://www.google.com/maps?q=&layer=c&cbll=-46.4683804,-23.9836569", "O_QUE_FAZER": "CARTEIRA", "ER_REGIAO_CIDADE_min": "São Vicente_Baixada Santista" }, "geometry": { "type": "Point", "coordinates": [ -46.4683804, -23.9836569 ] } },
{ "type": "Feature", "properties": { "CNPJ": "15474464000107", "IDCIDADE": "SAO_VICENTE", "NOMEFANTASIA": "DESPACHANTE_RIO_BRANCO", "RAZAOSOCIAL": "MARIANA_PRIETO_ANDRADE", "ENDEE": "AVENIDA_DEPUTADO_ULISSES_GUIMARAES1055__JARDIM_RIO_BRANCO_11347-000", "LATITUDE": "-23.9812729", "LONGITUDE": "-46.4713045", "LMAPS": "https://www.google.com/maps?q=&layer=c&cbll=-46.4713045,-23.9812729", "O_QUE_FAZER": "CARTEIRA", "ER_REGIAO_CIDADE_min": "São Vicente_Baixada Santista" }, "geometry": { "type": "Point", "coordinates": [ -46.4713045, -23.9812729 ] } },
{ "type": "Feature", "properties": { "CNPJ": "28325399000604", "IDCIDADE": "SAO_VICENTE", "NOMEFANTASIA": "DOUTOR_DO_SONO", "RAZAOSOCIAL": "SODADE_COMERCIO_DE_ARTIGOS_MODA_CASA_E_DE_COLCHOARIA_LTDA", "ENDEE": "AVENIDA_DEPUTADO_ULISSES_GUIMARAES1081__JARDIM_RIO_BRANCO_11347-000", "LATITUDE": "-23.981464", "LONGITUDE": "-46.4709103", "LMAPS": "https://www.google.com/maps?q=&layer=c&cbll=-46.4709103,-23.981464", "O_QUE_FAZER": "CARTEIRA", "ER_REGIAO_CIDADE_min": "São Vicente_Baixada Santista" }, "geometry": { "type": "Point", "coordinates": [ -46.4709103, -23.981464 ] } },
{ "type": "Feature", "properties": { "CNPJ": "49649904000131", "IDCIDADE": "SAO_VICENTE", "NOMEFANTASIA": "DIRECAO_CERTA_AUTO_MOTO_ESCOLA", "RAZAOSOCIAL": "CFC_DIRECAO_CERTA_SAO_VICENTE_LTDA", "ENDEE": "AVENIDA_DEPUTADO_ULISSES_GUIMARAES1086__JARDIM_RIO_BRANCO_11347-000", "LATITUDE": "-23.9841898", "LONGITUDE": "-46.4676321", "LMAPS": "https://www.google.com/maps?q=&layer=c&cbll=-46.4676321,-23.9841898", "O_QUE_FAZER": "CARTEIRA", "ER_REGIAO_CIDADE_min": "São Vicente_Baixada Santista" }, "geometry": { "type": "Point", "coordinates": [ -46.4676321, -23.9841898 ] } },
{ "type": "Feature", "properties": { "CNPJ": "46841174000188", "IDCIDADE": "SAO_VICENTE", "NOMEFANTASIA": "SM_AUTOPECAS", "RAZAOSOCIAL": "SIMONE_ACACIA_DE_LIMA_MOREIRA_LTDA", "ENDEE": "AVENIDA_DEPUTADO_ULISSES_GUIMARAES1127__JARDIM_RIO_BRANCO_11347-000", "LATITUDE": "-23.9816217", "LONGITUDE": "-46.4707599", "LMAPS": "https://www.google.com/maps?q=&layer=c&cbll=-46.4707599,-23.9816217", "O_QUE_FAZER": "CARTEIRA", "ER_REGIAO_CIDADE_min": "São Vicente_Baixada Santista" }, "geometry": { "type": "Point", "coordinates": [ -46.4707599, -23.9816217 ] } },
{ "type": "Feature", "properties": { "CNPJ": "27767793000125", "IDCIDADE": "SAO_VICENTE", "NOMEFANTASIA": "AD_PNEUS", "RAZAOSOCIAL": "POLICARPO_E_SANTOS_COMERCIO_DE_PNEUS_LTDA", "ENDEE": "AVENIDA_DEPUTADO_ULISSES_GUIMARAES115__JARDIM_RIO_BRANCO_11347-000", "LATITUDE": "-23.9758889", "LONGITUDE": "-46.4784767", "LMAPS": "https://www.google.com/maps?q=&layer=c&cbll=-46.4784767,-23.9758889", "O_QUE_FAZER": "CARTEIRA", "ER_REGIAO_CIDADE_min": "São Vicente_Baixada Santista" }, "geometry": { "type": "Point", "coordinates": [ -46.4784767, -23.9758889 ] } },
{ "type": "Feature", "properties": { "CNPJ": "17763393000198", "IDCIDADE": "SAO_VICENTE", "NOMEFANTASIA": "MINIMERCADO_LIMA", "RAZAOSOCIAL": "AILTON_F._DE_LIMA_MINIMERCADOS", "ENDEE": "AVENIDA_DEPUTADO_ULISSES_GUIMARAES1164__JARDIM_RIO_BRANCO_11347-000", "LATITUDE": "-23.9820554", "LONGITUDE": "-46.4705082", "LMAPS": "https://www.google.com/maps?q=&layer=c&cbll=-46.4705082,-23.9820554", "O_QUE_FAZER": "CARTEIRA", "ER_REGIAO_CIDADE_min": "São Vicente_Baixada Santista" }, "geometry": { "type": "Point", "coordinates": [ -46.4705082, -23.9820554 ] } },
{ "type": "Feature", "properties": { "CNPJ": "43889480000104", "IDCIDADE": "SAO_VICENTE", "NOMEFANTASIA": "NATUICE", "RAZAOSOCIAL": "SORVETES_NATUICE_SV_LTDA", "ENDEE": "AVENIDA_DEPUTADO_ULISSES_GUIMARAES1173__JARDIM_RIO_BRANCO_11347-000", "LATITUDE": "-23.98183", "LONGITUDE": "-46.4707372", "LMAPS": "https://www.google.com/maps?q=&layer=c&cbll=-46.4707372,-23.98183", "O_QUE_FAZER": "CARTEIRA", "ER_REGIAO_CIDADE_min": "São Vicente_Baixada Santista" }, "geometry": { "type": "Point", "coordinates": [ -46.4707372, -23.98183 ] } },
{ "type": "Feature", "properties": { "CNPJ": "26687540000189", "IDCIDADE": "SAO_VICENTE", "NOMEFANTASIA": "ELETRONICA_ANTARES", "RAZAOSOCIAL": "GUSTAVO_FORATTO_ELETRONICA_LTDA", "ENDEE": "AVENIDA_DEPUTADO_ULISSES_GUIMARAES1173__JARDIM_RIO_BRANCO_11347-000", "LATITUDE": "-23.9818955", "LONGITUDE": "-46.4705312", "LMAPS": "https://www.google.com/maps?q=&layer=c&cbll=-46.4705312,-23.9818955", "O_QUE_FAZER": "CARTEIRA", "ER_REGIAO_CIDADE_min": "São Vicente_Baixada Santista" }, "geometry": { "type": "Point", "coordinates": [ -46.4705312, -23.9818955 ] } },
{ "type": "Feature", "properties": { "CNPJ": "20301939000101", "IDCIDADE": "SAO_VICENTE", "NOMEFANTASIA": "JUNIOR_CELL", "RAZAOSOCIAL": "JUNIOR_CELL_ACESSORIOS_E_MANUTENCAO_EM_CELULARES_LTDA", "ENDEE": "AVENIDA_DEPUTADO_ULISSES_GUIMARAES1173__JARDIM_RIO_BRANCO_11347-000", "LATITUDE": "-23.9819352", "LONGITUDE": "-46.470576", "LMAPS": "https://www.google.com/maps?q=&layer=c&cbll=-46.470576,-23.9819352", "O_QUE_FAZER": "CARTEIRA", "ER_REGIAO_CIDADE_min": "São Vicente_Baixada Santista" }, "geometry": { "type": "Point", "coordinates": [ -46.470576, -23.9819352 ] } },
{ "type": "Feature", "properties": { "CNPJ": "40383793000190", "IDCIDADE": "SAO_VICENTE", "NOMEFANTASIA": "BRUBS", "RAZAOSOCIAL": "BRUBS_SOUZA_ACESSORIOS_FEMININOS_LTDA", "ENDEE": "AVENIDA_DEPUTADO_ULISSES_GUIMARAES1261__JARDIM_RIO_BRANCO_11347-000", "LATITUDE": "-23.9850873", "LONGITUDE": "-46.4662169", "LMAPS": "https://www.google.com/maps?q=&layer=c&cbll=-46.4662169,-23.9850873", "O_QUE_FAZER": "CARTEIRA", "ER_REGIAO_CIDADE_min": "São Vicente_Baixada Santista" }, "geometry": { "type": "Point", "coordinates": [ -46.4662169, -23.9850873 ] } },
{ "type": "Feature", "properties": { "CNPJ": "52320419000205", "IDCIDADE": "SAO_VICENTE", "NOMEFANTASIA": "KASCAO_EXPRESS", "RAZAOSOCIAL": "ROVERI_E_ROVERE_COMERCIO_DE_ALIMENTOS_LTDA", "ENDEE": "AVENIDA_DEPUTADO_ULISSES_GUIMARAES1274__JARDIM_RIO_BRANCO_11347-000", "LATITUDE": "-23.9828902", "LONGITUDE": "-46.4692464", "LMAPS": "https://www.google.com/maps?q=&layer=c&cbll=-46.4692464,-23.9828902", "O_QUE_FAZER": "CARTEIRA", "ER_REGIAO_CIDADE_min": "São Vicente_Baixada Santista" }, "geometry": { "type": "Point", "coordinates": [ -46.4692464, -23.9828902 ] } },
{ "type": "Feature", "properties": { "CNPJ": "23493378000170", "IDCIDADE": "SAO_VICENTE", "NOMEFANTASIA": "X_EMBALAGENS", "RAZAOSOCIAL": "C._A._V._DOS_SANTOS_DESCARTAVEIS", "ENDEE": "AVENIDA_DEPUTADO_ULISSES_GUIMARAES1275__JARDIM_RIO_BRANCO_11347-000", "LATITUDE": "-23.985078", "LONGITUDE": "-46.4661373", "LMAPS": "https://www.google.com/maps?q=&layer=c&cbll=-46.4661373,-23.985078", "O_QUE_FAZER": "CARTEIRA", "ER_REGIAO_CIDADE_min": "São Vicente_Baixada Santista" }, "geometry": { "type": "Point", "coordinates": [ -46.4661373, -23.985078 ] } },
{ "type": "Feature", "properties": { "CNPJ": "32303832000173", "IDCIDADE": "SAO_VICENTE", "NOMEFANTASIA": "CLIVIA_BIJUTERIAS", "RAZAOSOCIAL": "CLIVIA_BIJOUTERIAS_E_ACESSORIOS_LTDA", "ENDEE": "AVENIDA_DEPUTADO_ULISSES_GUIMARAES1330__JARDIM_RIO_BRANCO_11347-000", "LATITUDE": "-23.9829775", "LONGITUDE": "-46.4693723", "LMAPS": "https://www.google.com/maps?q=&layer=c&cbll=-46.4693723,-23.9829775", "O_QUE_FAZER": "CARTEIRA", "ER_REGIAO_CIDADE_min": "São Vicente_Baixada Santista" }, "geometry": { "type": "Point", "coordinates": [ -46.4693723, -23.9829775 ] } },
{ "type": "Feature", "properties": { "CNPJ": "54959565000120", "IDCIDADE": "SAO_VICENTE", "NOMEFANTASIA": "CACAU_SHOW", "RAZAOSOCIAL": "MESQUITA_COMERCIO_DE_CHOCOLATES_LTDA", "ENDEE": "AVENIDA_DEPUTADO_ULISSES_GUIMARAES1330__JARDIM_RIO_BRANCO_11347-000", "LATITUDE": "-23.9829856", "LONGITUDE": "-46.4693213", "LMAPS": "https://www.google.com/maps?q=&layer=c&cbll=-46.4693213,-23.9829856", "O_QUE_FAZER": "CARTEIRA", "ER_REGIAO_CIDADE_min": "São Vicente_Baixada Santista" }, "geometry": { "type": "Point", "coordinates": [ -46.4693213, -23.9829856 ] } },
{ "type": "Feature", "properties": { "CNPJ": "20168784000179", "IDCIDADE": "SAO_VICENTE", "NOMEFANTASIA": "MEGA_PET", "RAZAOSOCIAL": "MEGA_PET_LTDA", "ENDEE": "AVENIDA_DEPUTADO_ULISSES_GUIMARAES1348__JARDIM_RIO_BRANCO_11347-000", "LATITUDE": "-23.982991", "LONGITUDE": "-46.4692419", "LMAPS": "https://www.google.com/maps?q=&layer=c&cbll=-46.4692419,-23.982991", "O_QUE_FAZER": "CARTEIRA", "ER_REGIAO_CIDADE_min": "São Vicente_Baixada Santista" }, "geometry": { "type": "Point", "coordinates": [ -46.4692419, -23.982991 ] } },
{ "type": "Feature", "properties": { "CNPJ": "21543679000135", "IDCIDADE": "SAO_VICENTE", "NOMEFANTASIA": "PRETA_PAPELARIA", "RAZAOSOCIAL": "J._A._DA_SILVA", "ENDEE": "AVENIDA_DEPUTADO_ULISSES_GUIMARAES1359__JARDIM_RIO_BRANCO_11347-000", "LATITUDE": "-23.9830266", "LONGITUDE": "-46.4690364", "LMAPS": "https://www.google.com/maps?q=&layer=c&cbll=-46.4690364,-23.9830266", "O_QUE_FAZER": "CARTEIRA", "ER_REGIAO_CIDADE_min": "São Vicente_Baixada Santista" }, "geometry": { "type": "Point", "coordinates": [ -46.4690364, -23.9830266 ] } },
{ "type": "Feature", "properties": { "CNPJ": "53763699000108", "IDCIDADE": "SAO_VICENTE", "NOMEFANTASIA": "SACOLAO_DO_POVO", "RAZAOSOCIAL": "SACOLAO_DO_POVO_LTDA", "ENDEE": "AVENIDA_DEPUTADO_ULISSES_GUIMARAES1362__JARDIM_RIO_BRANCO_11347-000", "LATITUDE": "-23.9832384", "LONGITUDE": "-46.4692242", "LMAPS": "https://www.google.com/maps?q=&layer=c&cbll=-46.4692242,-23.9832384", "O_QUE_FAZER": "CARTEIRA", "ER_REGIAO_CIDADE_min": "São Vicente_Baixada Santista" }, "geometry": { "type": "Point", "coordinates": [ -46.4692242, -23.9832384 ] } },
{ "type": "Feature", "properties": { "CNPJ": "23337527000101", "IDCIDADE": "SAO_VICENTE", "NOMEFANTASIA": "DIVINAL_MODA_GOSPEL", "RAZAOSOCIAL": "CRISTIANO_JOSE_DA_SILVA_DE_OLIVEIRA", "ENDEE": "AVENIDA_DEPUTADO_ULISSES_GUIMARAES1377__JARDIM_RIO_BRANCO_11347-000", "LATITUDE": "-23.9830485", "LONGITUDE": "-46.4688919", "LMAPS": "https://www.google.com/maps?q=&layer=c&cbll=-46.4688919,-23.9830485", "O_QUE_FAZER": "CARTEIRA", "ER_REGIAO_CIDADE_min": "São Vicente_Baixada Santista" }, "geometry": { "type": "Point", "coordinates": [ -46.4688919, -23.9830485 ] } },
{ "type": "Feature", "properties": { "CNPJ": "57645189000197", "IDCIDADE": "SAO_VICENTE", "NOMEFANTASIA": "CRESCI_E_PERDI", "RAZAOSOCIAL": "AMA_RIO_BRANCO_BAZAR_E_OUTLET_INFANTIL_LTDA", "ENDEE": "AVENIDA_DEPUTADO_ULISSES_GUIMARAES1383__JARDIM_RIO_BRANCO_11347-000", "LATITUDE": "-23.9832222", "LONGITUDE": "-46.4688817", "LMAPS": "https://www.google.com/maps?q=&layer=c&cbll=-46.4688817,-23.9832222", "O_QUE_FAZER": "CARTEIRA", "ER_REGIAO_CIDADE_min": "São Vicente_Baixada Santista" }, "geometry": { "type": "Point", "coordinates": [ -46.4688817, -23.9832222 ] } },
{ "type": "Feature", "properties": { "CNPJ": "27446449000134", "IDCIDADE": "SAO_VICENTE", "NOMEFANTASIA": "SHOPPING_DO_REAL", "RAZAOSOCIAL": "REAL_RIO_BRANCO_LTDA", "ENDEE": "AVENIDA_DEPUTADO_ULISSES_GUIMARAES1384__JARDIM_RIO_BRANCO_11347-000", "LATITUDE": "-23.9832163", "LONGITUDE": "-46.4688922", "LMAPS": "https://www.google.com/maps?q=&layer=c&cbll=-46.4688922,-23.9832163", "O_QUE_FAZER": "CARTEIRA", "ER_REGIAO_CIDADE_min": "São Vicente_Baixada Santista" }, "geometry": { "type": "Point", "coordinates": [ -46.4688922, -23.9832163 ] } },
{ "type": "Feature", "properties": { "CNPJ": "18866074000170", "IDCIDADE": "SAO_VICENTE", "NOMEFANTASIA": "VAL_WASH_LIMPEZA_E_HIGIENIZACAO", "RAZAOSOCIAL": "LOURIVAL_DAMAZIO_DA_SILVA", "ENDEE": "AVENIDA_DEPUTADO_ULISSES_GUIMARAES1391__JARDIM_RIO_BRANCO_11347-000", "LATITUDE": "-23.9830738", "LONGITUDE": "-46.4686473", "LMAPS": "https://www.google.com/maps?q=&layer=c&cbll=-46.4686473,-23.9830738", "O_QUE_FAZER": "CARTEIRA", "ER_REGIAO_CIDADE_min": "São Vicente_Baixada Santista" }, "geometry": { "type": "Point", "coordinates": [ -46.4686473, -23.9830738 ] } },
{ "type": "Feature", "properties": { "CNPJ": "26155384000105", "IDCIDADE": "SAO_VICENTE", "NOMEFANTASIA": "COMERCIAL_R4", "RAZAOSOCIAL": "G_GIACOMELLI_-_MATERIAIS_ELETRICOS_E_HIDRAULICOS", "ENDEE": "AVENIDA_DEPUTADO_ULISSES_GUIMARAES1393__JARDIM_RIO_BRANCO_11347-000", "LATITUDE": "-23.983098", "LONGITUDE": "-46.4686631", "LMAPS": "https://www.google.com/maps?q=&layer=c&cbll=-46.4686631,-23.983098", "O_QUE_FAZER": "CARTEIRA", "ER_REGIAO_CIDADE_min": "São Vicente_Baixada Santista" }, "geometry": { "type": "Point", "coordinates": [ -46.4686631, -23.983098 ] } },
{ "type": "Feature", "properties": { "CNPJ": "18386537000105", "IDCIDADE": "SAO_VICENTE", "NOMEFANTASIA": "PANIFICADORA_NOVA_KALLU", "RAZAOSOCIAL": "PANIFICADORA_NOVA_KALLU_LTDA", "ENDEE": "AVENIDA_DEPUTADO_ULISSES_GUIMARAES1396__JARDIM_RIO_BRANCO_11347-000", "LATITUDE": "-23.983335", "LONGITUDE": "-46.4688672", "LMAPS": "https://www.google.com/maps?q=&layer=c&cbll=-46.4688672,-23.983335", "O_QUE_FAZER": "CARTEIRA", "ER_REGIAO_CIDADE_min": "São Vicente_Baixada Santista" }, "geometry": { "type": "Point", "coordinates": [ -46.4688672, -23.983335 ] } },
{ "type": "Feature", "properties": { "CNPJ": "14040387000203", "IDCIDADE": "SAO_VICENTE", "NOMEFANTASIA": "CENTRO_MEDICO_POPULAR", "RAZAOSOCIAL": "CENTRO_MEDICO_E_ODONTOLOGICO_DE_CUBATAO_LTDA", "ENDEE": "AVENIDA_DEPUTADO_ULISSES_GUIMARAES1443__JARDIM_RIO_BRANCO_11347-000", "LATITUDE": "-23.9834685", "LONGITUDE": "-46.4683425", "LMAPS": "https://www.google.com/maps?q=&layer=c&cbll=-46.4683425,-23.9834685", "O_QUE_FAZER": "CARTEIRA", "ER_REGIAO_CIDADE_min": "São Vicente_Baixada Santista" }, "geometry": { "type": "Point", "coordinates": [ -46.4683425, -23.9834685 ] } },
{ "type": "Feature", "properties": { "CNPJ": "10902051000162", "IDCIDADE": "SAO_VICENTE", "NOMEFANTASIA": "ELETRONICA_ANTARES", "RAZAOSOCIAL": "GUILHERME_FORATTO_ELETRONICA", "ENDEE": "AVENIDA_DEPUTADO_ULISSES_GUIMARAES1444__JARDIM_RIO_BRANCO_11347-000", "LATITUDE": "-23.9834886", "LONGITUDE": "-46.4684674", "LMAPS": "https://www.google.com/maps?q=&layer=c&cbll=-46.4684674,-23.9834886", "O_QUE_FAZER": "CARTEIRA", "ER_REGIAO_CIDADE_min": "São Vicente_Baixada Santista" }, "geometry": { "type": "Point", "coordinates": [ -46.4684674, -23.9834886 ] } },
{ "type": "Feature", "properties": { "CNPJ": "30585345000115", "IDCIDADE": "SAO_VICENTE", "NOMEFANTASIA": "SAINTS_COMUNICACAO_VISUAL", "RAZAOSOCIAL": "SAINTS_COMUNICACAO_VISUAL_LTDA", "ENDEE": "AVENIDA_DEPUTADO_ULISSES_GUIMARAES151__JARDIM_RIO_BRANCO_11347-000", "LATITUDE": "-23.9762008", "LONGITUDE": "-46.4780865", "LMAPS": "https://www.google.com/maps?q=&layer=c&cbll=-46.4780865,-23.9762008", "O_QUE_FAZER": "CARTEIRA", "ER_REGIAO_CIDADE_min": "São Vicente_Baixada Santista" }, "geometry": { "type": "Point", "coordinates": [ -46.4780865, -23.9762008 ] } },
{ "type": "Feature", "properties": { "CNPJ": "50590992000122", "IDCIDADE": "SAO_VICENTE", "NOMEFANTASIA": "DROGARIA_DIA_POPULAR", "RAZAOSOCIAL": "DROGARIA_FURTADO_A.L_LTDA", "ENDEE": "AVENIDA_DEPUTADO_ULISSES_GUIMARAES1511__JARDIM_RIO_BRANCO_11347-000", "LATITUDE": "-23.9837801", "LONGITUDE": "-46.4677695", "LMAPS": "https://www.google.com/maps?q=&layer=c&cbll=-46.4677695,-23.9837801", "O_QUE_FAZER": "CARTEIRA", "ER_REGIAO_CIDADE_min": "São Vicente_Baixada Santista" }, "geometry": { "type": "Point", "coordinates": [ -46.4677695, -23.9837801 ] } },
{ "type": "Feature", "properties": { "CNPJ": "33129444000180", "IDCIDADE": "SAO_VICENTE", "NOMEFANTASIA": "CASA_DE_RACOES_CARVALHO", "RAZAOSOCIAL": "ANA_PAULA_ROCHA_CRUZ", "ENDEE": "AVENIDA_DEPUTADO_ULISSES_GUIMARAES1512__JARDIM_RIO_BRANCO_11347-000", "LATITUDE": "-23.9838883", "LONGITUDE": "-46.4679189", "LMAPS": "https://www.google.com/maps?q=&layer=c&cbll=-46.4679189,-23.9838883", "O_QUE_FAZER": "CARTEIRA", "ER_REGIAO_CIDADE_min": "São Vicente_Baixada Santista" }, "geometry": { "type": "Point", "coordinates": [ -46.4679189, -23.9838883 ] } },
{ "type": "Feature", "properties": { "CNPJ": "48088842000173", "IDCIDADE": "SAO_VICENTE", "NOMEFANTASIA": "BIG_VARIEDADES", "RAZAOSOCIAL": "BIG_VARIEDADES_COMERCIO_VAREJISTA_DE_UTILIDADES_DOMESTICAS_EM_GERAIS_LTDA", "ENDEE": "AVENIDA_DEPUTADO_ULISSES_GUIMARAES1523__JARDIM_RIO_BRANCO_11347-000", "LATITUDE": "-23.9839249", "LONGITUDE": "-46.4677282", "LMAPS": "https://www.google.com/maps?q=&layer=c&cbll=-46.4677282,-23.9839249", "O_QUE_FAZER": "CARTEIRA", "ER_REGIAO_CIDADE_min": "São Vicente_Baixada Santista" }, "geometry": { "type": "Point", "coordinates": [ -46.4677282, -23.9839249 ] } },
{ "type": "Feature", "properties": { "CNPJ": "14803661000160", "IDCIDADE": "SAO_VICENTE", "NOMEFANTASIA": "PACOCAO", "RAZAOSOCIAL": "PACOCAO_ATACADO_E_COMERCIO_VAREJISTA_DE_DOCES_LTDA", "ENDEE": "AVENIDA_DEPUTADO_ULISSES_GUIMARAES1535__JARDIM_RIO_BRANCO_11347-000", "LATITUDE": "-23.9840092", "LONGITUDE": "-46.4676411", "LMAPS": "https://www.google.com/maps?q=&layer=c&cbll=-46.4676411,-23.9840092", "O_QUE_FAZER": "CARTEIRA", "ER_REGIAO_CIDADE_min": "São Vicente_Baixada Santista" }, "geometry": { "type": "Point", "coordinates": [ -46.4676411, -23.9840092 ] } },
{ "type": "Feature", "properties": { "CNPJ": "53010551000100", "IDCIDADE": "SAO_VICENTE", "NOMEFANTASIA": "SR._SORRISO", "RAZAOSOCIAL": "ODONTO_SR3_LTDA", "ENDEE": "AVENIDA_DEPUTADO_ULISSES_GUIMARAES1547__JARDIM_RIO_BRANCO_11347-000", "LATITUDE": "-23.984032", "LONGITUDE": "-46.4675154", "LMAPS": "https://www.google.com/maps?q=&layer=c&cbll=-46.4675154,-23.984032", "O_QUE_FAZER": "CARTEIRA", "ER_REGIAO_CIDADE_min": "São Vicente_Baixada Santista" }, "geometry": { "type": "Point", "coordinates": [ -46.4675154, -23.984032 ] } },
{ "type": "Feature", "properties": { "CNPJ": "18068945000100", "IDCIDADE": "SAO_VICENTE", "NOMEFANTASIA": "Q-TAL", "RAZAOSOCIAL": "R_A_DE_MOURA_BAZAR", "ENDEE": "AVENIDA_DEPUTADO_ULISSES_GUIMARAES1584__JARDIM_RIO_BRANCO_11347-000", "LATITUDE": "-23.9843193", "LONGITUDE": "-46.4674825", "LMAPS": "https://www.google.com/maps?q=&layer=c&cbll=-46.4674825,-23.9843193", "O_QUE_FAZER": "CARTEIRA", "ER_REGIAO_CIDADE_min": "São Vicente_Baixada Santista" }, "geometry": { "type": "Point", "coordinates": [ -46.4674825, -23.9843193 ] } },
{ "type": "Feature", "properties": { "CNPJ": "27957680000192", "IDCIDADE": "SAO_VICENTE", "NOMEFANTASIA": "SORRIDENTS", "RAZAOSOCIAL": "WCF_CLINICA_ODONTOLOGICA_LTDA", "ENDEE": "AVENIDA_DEPUTADO_ULISSES_GUIMARAES1584__JARDIM_RIO_BRANCO_11347-000", "LATITUDE": "-23.9843985", "LONGITUDE": "-46.4674254", "LMAPS": "https://www.google.com/maps?q=&layer=c&cbll=-46.4674254,-23.9843985", "O_QUE_FAZER": "CARTEIRA", "ER_REGIAO_CIDADE_min": "São Vicente_Baixada Santista" }, "geometry": { "type": "Point", "coordinates": [ -46.4674254, -23.9843985 ] } },
{ "type": "Feature", "properties": { "CNPJ": "01163490000100", "IDCIDADE": "SAO_VICENTE", "NOMEFANTASIA": "MA_RODRIGUES", "RAZAOSOCIAL": "MANOEL_DE_ABREU_RODRIGUES_SAO_VICENTE", "ENDEE": "AVENIDA_DEPUTADO_ULISSES_GUIMARAES1618__JARDIM_RIO_BRANCO_11347-000", "LATITUDE": "-23.9846806", "LONGITUDE": "-46.467186", "LMAPS": "https://www.google.com/maps?q=&layer=c&cbll=-46.467186,-23.9846806", "O_QUE_FAZER": "CARTEIRA", "ER_REGIAO_CIDADE_min": "São Vicente_Baixada Santista" }, "geometry": { "type": "Point", "coordinates": [ -46.467186, -23.9846806 ] } },
{ "type": "Feature", "properties": { "CNPJ": "17481266000104", "IDCIDADE": "SAO_VICENTE", "NOMEFANTASIA": "GREGARIO_RIO_BRANCO", "RAZAOSOCIAL": "DROGARIA_RIO_BRANCO_DE_SAO_VICENTE_LTDA", "ENDEE": "AVENIDA_DEPUTADO_ULISSES_GUIMARAES1662__JARDIM_RIO_BRANCO_11347-000", "LATITUDE": "-23.9847244", "LONGITUDE": "-46.4669015", "LMAPS": "https://www.google.com/maps?q=&layer=c&cbll=-46.4669015,-23.9847244", "O_QUE_FAZER": "CARTEIRA", "ER_REGIAO_CIDADE_min": "São Vicente_Baixada Santista" }, "geometry": { "type": "Point", "coordinates": [ -46.4669015, -23.9847244 ] } },
{ "type": "Feature", "properties": { "CNPJ": "31405945000117", "IDCIDADE": "SAO_VICENTE", "NOMEFANTASIA": "PETALAS", "RAZAOSOCIAL": "PETALAS_COMERCIO_DE_ROUPAS_CALCADOS_E_ACESSORIOS_LTDA", "ENDEE": "AVENIDA_DEPUTADO_ULISSES_GUIMARAES1662__JARDIM_RIO_BRANCO_11347-000", "LATITUDE": "-23.9849224", "LONGITUDE": "-46.4667226", "LMAPS": "https://www.google.com/maps?q=&layer=c&cbll=-46.4667226,-23.9849224", "O_QUE_FAZER": "CARTEIRA", "ER_REGIAO_CIDADE_min": "São Vicente_Baixada Santista" }, "geometry": { "type": "Point", "coordinates": [ -46.4667226, -23.9849224 ] } },
{ "type": "Feature", "properties": { "CNPJ": "23700751000116", "IDCIDADE": "SAO_VICENTE", "NOMEFANTASIA": "REDE_POPULAR", "RAZAOSOCIAL": "ADRIANA_CARLA_ALVARENGA_LARA", "ENDEE": "AVENIDA_DEPUTADO_ULISSES_GUIMARAES1669__JARDIM_RIO_BRANCO_11347-000", "LATITUDE": "-23.9848123", "LONGITUDE": "-46.4667105", "LMAPS": "https://www.google.com/maps?q=&layer=c&cbll=-46.4667105,-23.9848123", "O_QUE_FAZER": "CARTEIRA", "ER_REGIAO_CIDADE_min": "São Vicente_Baixada Santista" }, "geometry": { "type": "Point", "coordinates": [ -46.4667105, -23.9848123 ] } },
{ "type": "Feature", "properties": { "CNPJ": "35337352000111", "IDCIDADE": "SAO_VICENTE", "NOMEFANTASIA": "IETA_TREM_BAO", "RAZAOSOCIAL": "J.E._LAGE_COMERCIO_E_DISTRIBUICAO_DE_ALIMENTOS_LTDA", "ENDEE": "AVENIDA_DEPUTADO_ULISSES_GUIMARAES1693__JARDIM_RIO_BRANCO_11347-000", "LATITUDE": "-23.9848658", "LONGITUDE": "-46.4664613", "LMAPS": "https://www.google.com/maps?q=&layer=c&cbll=-46.4664613,-23.9848658", "O_QUE_FAZER": "CARTEIRA", "ER_REGIAO_CIDADE_min": "São Vicente_Baixada Santista" }, "geometry": { "type": "Point", "coordinates": [ -46.4664613, -23.9848658 ] } },
{ "type": "Feature", "properties": { "CNPJ": "09203885000109", "IDCIDADE": "SAO_VICENTE", "NOMEFANTASIA": "BELISSIMA_COSMETICOS", "RAZAOSOCIAL": "KAREN_M._LACERDA_PERFUMARIA", "ENDEE": "AVENIDA_DEPUTADO_ULISSES_GUIMARAES1699__JARDIM_RIO_BRANCO_11347-000", "LATITUDE": "-23.9849866", "LONGITUDE": "-46.4664113", "LMAPS": "https://www.google.com/maps?q=&layer=c&cbll=-46.4664113,-23.9849866", "O_QUE_FAZER": "CARTEIRA", "ER_REGIAO_CIDADE_min": "São Vicente_Baixada Santista" }, "geometry": { "type": "Point", "coordinates": [ -46.4664113, -23.9849866 ] } },
{ "type": "Feature", "properties": { "CNPJ": "28479557000176", "IDCIDADE": "SAO_VICENTE", "NOMEFANTASIA": "WA_VISTORIAS", "RAZAOSOCIAL": "W._ANDRADE_VISTORIA_VEICULAR_LTDA", "ENDEE": "AVENIDA_DEPUTADO_ULISSES_GUIMARAES170__JARDIM_RIO_BRANCO_11347-000", "LATITUDE": "-23.9763266", "LONGITUDE": "-46.4782636", "LMAPS": "https://www.google.com/maps?q=&layer=c&cbll=-46.4782636,-23.9763266", "O_QUE_FAZER": "CARTEIRA", "ER_REGIAO_CIDADE_min": "São Vicente_Baixada Santista" }, "geometry": { "type": "Point", "coordinates": [ -46.4782636, -23.9763266 ] } },
{ "type": "Feature", "properties": { "CNPJ": "03315580000102", "IDCIDADE": "SAO_VICENTE", "NOMEFANTASIA": "BAZAR_E_PAPELARIA_PONTO_CERTO", "RAZAOSOCIAL": "BAZAR_E_PAPELARIA_PONTO_CERTO_DE_SAO_VICENTE_LTDA", "ENDEE": "AVENIDA_DEPUTADO_ULISSES_GUIMARAES1747__JARDIM_RIO_BRANCO_11347-000", "LATITUDE": "-23.9850952", "LONGITUDE": "-46.4658544", "LMAPS": "https://www.google.com/maps?q=&layer=c&cbll=-46.4658544,-23.9850952", "O_QUE_FAZER": "CARTEIRA", "ER_REGIAO_CIDADE_min": "São Vicente_Baixada Santista" }, "geometry": { "type": "Point", "coordinates": [ -46.4658544, -23.9850952 ] } },
{ "type": "Feature", "properties": { "CNPJ": "29733313000130", "IDCIDADE": "SAO_VICENTE", "NOMEFANTASIA": "PET_SHOP_PICHARRO", "RAZAOSOCIAL": "WILLIANA_ROBERTO_DOS_SANTOS", "ENDEE": "AVENIDA_DEPUTADO_ULISSES_GUIMARAES1759__JARDIM_RIO_BRANCO_11347-000", "LATITUDE": "-23.9852351", "LONGITUDE": "-46.4659097", "LMAPS": "https://www.google.com/maps?q=&layer=c&cbll=-46.4659097,-23.9852351", "O_QUE_FAZER": "CARTEIRA", "ER_REGIAO_CIDADE_min": "São Vicente_Baixada Santista" }, "geometry": { "type": "Point", "coordinates": [ -46.4659097, -23.9852351 ] } },
{ "type": "Feature", "properties": { "CNPJ": "11140921000176", "IDCIDADE": "SAO_VICENTE", "NOMEFANTASIA": "ALEMAO_MOTO_PECAS", "RAZAOSOCIAL": "MARIA_ALVES_MONTEIRO_-_ACESSORIOS_LTDA", "ENDEE": "AVENIDA_DEPUTADO_ULISSES_GUIMARAES25__JARDIM_RIO_BRANCO_11347-000", "LATITUDE": "-23.975379", "LONGITUDE": "-46.4793022", "LMAPS": "https://www.google.com/maps?q=&layer=c&cbll=-46.4793022,-23.975379", "O_QUE_FAZER": "CARTEIRA", "ER_REGIAO_CIDADE_min": "São Vicente_Baixada Santista" }, "geometry": { "type": "Point", "coordinates": [ -46.4793022, -23.975379 ] } },
{ "type": "Feature", "properties": { "CNPJ": "35198844000173", "IDCIDADE": "SAO_VICENTE", "NOMEFANTASIA": "OGGI_SORVETES", "RAZAOSOCIAL": "R_M_O_SORVETES_LTDA", "ENDEE": "AVENIDA_DEPUTADO_ULISSES_GUIMARAES281__JARDIM_RIO_BRANCO_11347-000", "LATITUDE": "-23.977075", "LONGITUDE": "-46.4768167", "LMAPS": "https://www.google.com/maps?q=&layer=c&cbll=-46.4768167,-23.977075", "O_QUE_FAZER": "CARTEIRA", "ER_REGIAO_CIDADE_min": "São Vicente_Baixada Santista" }, "geometry": { "type": "Point", "coordinates": [ -46.4768167, -23.977075 ] } },
{ "type": "Feature", "properties": { "CNPJ": "42804576000151", "IDCIDADE": "SAO_VICENTE", "NOMEFANTASIA": "SCALLOP_IMPORTS", "RAZAOSOCIAL": "SCALLOP_COMERCIO_DE_PRODUTOS_ELETRONICOS_LTDA", "ENDEE": "AVENIDA_DEPUTADO_ULISSES_GUIMARAES281__JARDIM_RIO_BRANCO_11347-000", "LATITUDE": "-23.9772344", "LONGITUDE": "-46.4767015", "LMAPS": "https://www.google.com/maps?q=&layer=c&cbll=-46.4767015,-23.9772344", "O_QUE_FAZER": "CARTEIRA", "ER_REGIAO_CIDADE_min": "São Vicente_Baixada Santista" }, "geometry": { "type": "Point", "coordinates": [ -46.4767015, -23.9772344 ] } },
{ "type": "Feature", "properties": { "CNPJ": "55682132000132", "IDCIDADE": "SAO_VICENTE", "NOMEFANTASIA": "KASTELINHO_MATERIAIS_PARA_CONSTRUCAO", "RAZAOSOCIAL": "TERESINHA_S_OLIVEIRA", "ENDEE": "AVENIDA_DEPUTADO_ULISSES_GUIMARAES30__JARDIM_RIO_BRANCO_11347-000", "LATITUDE": "-23.9757372", "LONGITUDE": "-46.4793327", "LMAPS": "https://www.google.com/maps?q=&layer=c&cbll=-46.4793327,-23.9757372", "O_QUE_FAZER": "CARTEIRA", "ER_REGIAO_CIDADE_min": "São Vicente_Baixada Santista" }, "geometry": { "type": "Point", "coordinates": [ -46.4793327, -23.9757372 ] } },
{ "type": "Feature", "properties": { "CNPJ": "04209402000151", "IDCIDADE": "SAO_VICENTE", "NOMEFANTASIA": "CASA_DE_PAES_CARDOSO", "RAZAOSOCIAL": "CASA_DE_PAES_CARDOSO_LTDA", "ENDEE": "AVENIDA_DEPUTADO_ULISSES_GUIMARAES310__JARDIM_RIO_BRANCO_11347-000", "LATITUDE": "-23.9772492", "LONGITUDE": "-46.4771563", "LMAPS": "https://www.google.com/maps?q=&layer=c&cbll=-46.4771563,-23.9772492", "O_QUE_FAZER": "CARTEIRA", "ER_REGIAO_CIDADE_min": "São Vicente_Baixada Santista" }, "geometry": { "type": "Point", "coordinates": [ -46.4771563, -23.9772492 ] } },
{ "type": "Feature", "properties": { "CNPJ": "30375705000154", "IDCIDADE": "SAO_VICENTE", "NOMEFANTASIA": "SOM_E_ACESSORIOS_NETO", "RAZAOSOCIAL": "P_A_BARROSO", "ENDEE": "AVENIDA_DEPUTADO_ULISSES_GUIMARAES311__JARDIM_RIO_BRANCO_11347-000", "LATITUDE": "-23.9773436", "LONGITUDE": "-46.476339", "LMAPS": "https://www.google.com/maps?q=&layer=c&cbll=-46.476339,-23.9773436", "O_QUE_FAZER": "CARTEIRA", "ER_REGIAO_CIDADE_min": "São Vicente_Baixada Santista" }, "geometry": { "type": "Point", "coordinates": [ -46.476339, -23.9773436 ] } },
{ "type": "Feature", "properties": { "CNPJ": "45338515000134", "IDCIDADE": "SAO_VICENTE", "NOMEFANTASIA": "PETLAND", "RAZAOSOCIAL": "P._D._M._RIO_BRANCO_LTDA", "ENDEE": "AVENIDA_DEPUTADO_ULISSES_GUIMARAES364__JARDIM_RIO_BRANCO_11347-000", "LATITUDE": "-23.9775446", "LONGITUDE": "-46.4767815", "LMAPS": "https://www.google.com/maps?q=&layer=c&cbll=-46.4767815,-23.9775446", "O_QUE_FAZER": "CARTEIRA", "ER_REGIAO_CIDADE_min": "São Vicente_Baixada Santista" }, "geometry": { "type": "Point", "coordinates": [ -46.4767815, -23.9775446 ] } },
{ "type": "Feature", "properties": { "CNPJ": "08469035000186", "IDCIDADE": "SAO_VICENTE", "NOMEFANTASIA": "STORM_COMPUTERS", "RAZAOSOCIAL": "FABIANA_RAMOS_DA_SILVA_-_INFORMATICA", "ENDEE": "AVENIDA_DEPUTADO_ULISSES_GUIMARAES365__JARDIM_RIO_BRANCO_11347-000", "LATITUDE": "-23.9773171", "LONGITUDE": "-46.4766047", "LMAPS": "https://www.google.com/maps?q=&layer=c&cbll=-46.4766047,-23.9773171", "O_QUE_FAZER": "CARTEIRA", "ER_REGIAO_CIDADE_min": "São Vicente_Baixada Santista" }, "geometry": { "type": "Point", "coordinates": [ -46.4766047, -23.9773171 ] } },
{ "type": "Feature", "properties": { "CNPJ": "16853058000118", "IDCIDADE": "SAO_VICENTE", "NOMEFANTASIA": "ULTRAGAZ", "RAZAOSOCIAL": "MARIA_APARECIDA_RODRIGUES", "ENDEE": "AVENIDA_DEPUTADO_ULISSES_GUIMARAES388__JARDIM_RIO_BRANCO_11347-000", "LATITUDE": "-23.9776068", "LONGITUDE": "-46.4765483", "LMAPS": "https://www.google.com/maps?q=&layer=c&cbll=-46.4765483,-23.9776068", "O_QUE_FAZER": "CARTEIRA", "ER_REGIAO_CIDADE_min": "São Vicente_Baixada Santista" }, "geometry": { "type": "Point", "coordinates": [ -46.4765483, -23.9776068 ] } },
{ "type": "Feature", "properties": { "CNPJ": "09387024000110", "IDCIDADE": "SAO_VICENTE", "NOMEFANTASIA": "LUCIANO_REFRIGERACAO", "RAZAOSOCIAL": "J_L_DA_SILVA_REFRIGERACAO", "ENDEE": "AVENIDA_DEPUTADO_ULISSES_GUIMARAES427__JARDIM_RIO_BRANCO_11347-000", "LATITUDE": "-23.9777987", "LONGITUDE": "-46.4760806", "LMAPS": "https://www.google.com/maps?q=&layer=c&cbll=-46.4760806,-23.9777987", "O_QUE_FAZER": "CARTEIRA", "ER_REGIAO_CIDADE_min": "São Vicente_Baixada Santista" }, "geometry": { "type": "Point", "coordinates": [ -46.4760806, -23.9777987 ] } },
{ "type": "Feature", "properties": { "CNPJ": "42314763000157", "IDCIDADE": "SAO_VICENTE", "NOMEFANTASIA": "NUTRICIA", "RAZAOSOCIAL": "PATRICIA_ALVES_DE_ARAUJO_LTDA", "ENDEE": "AVENIDA_DEPUTADO_ULISSES_GUIMARAES431__JARDIM_RIO_BRANCO_11347-000", "LATITUDE": "-23.9781069", "LONGITUDE": "-46.4756417", "LMAPS": "https://www.google.com/maps?q=&layer=c&cbll=-46.4756417,-23.9781069", "O_QUE_FAZER": "CARTEIRA", "ER_REGIAO_CIDADE_min": "São Vicente_Baixada Santista" }, "geometry": { "type": "Point", "coordinates": [ -46.4756417, -23.9781069 ] } },
{ "type": "Feature", "properties": { "CNPJ": "31040399000168", "IDCIDADE": "SAO_VICENTE", "NOMEFANTASIA": "ANDRADE_VIDROS", "RAZAOSOCIAL": "DIEGO_C_DE_ANDRADE_VIDROS_E_ESQUADRIAS", "ENDEE": "AVENIDA_DEPUTADO_ULISSES_GUIMARAES435__JARDIM_RIO_BRANCO_11347-000", "LATITUDE": "-23.9777717", "LONGITUDE": "-46.4760685", "LMAPS": "https://www.google.com/maps?q=&layer=c&cbll=-46.4760685,-23.9777717", "O_QUE_FAZER": "CARTEIRA", "ER_REGIAO_CIDADE_min": "São Vicente_Baixada Santista" }, "geometry": { "type": "Point", "coordinates": [ -46.4760685, -23.9777717 ] } },
{ "type": "Feature", "properties": { "CNPJ": "51744612000120", "IDCIDADE": "SAO_VICENTE", "NOMEFANTASIA": "OTICA_AMBER", "RAZAOSOCIAL": "V_A_PASSOS", "ENDEE": "AVENIDA_DEPUTADO_ULISSES_GUIMARAES448__JARDIM_RIO_BRANCO_11347-000", "LATITUDE": "-23.9779827", "LONGITUDE": "-46.476126", "LMAPS": "https://www.google.com/maps?q=&layer=c&cbll=-46.476126,-23.9779827", "O_QUE_FAZER": "CARTEIRA", "ER_REGIAO_CIDADE_min": "São Vicente_Baixada Santista" }, "geometry": { "type": "Point", "coordinates": [ -46.476126, -23.9779827 ] } },
{ "type": "Feature", "properties": { "CNPJ": "57152625000196", "IDCIDADE": "SAO_VICENTE", "NOMEFANTASIA": "WAYNE_BARBEARIA", "RAZAOSOCIAL": "WAYNE_BARBEARIA_LTDA", "ENDEE": "AVENIDA_DEPUTADO_ULISSES_GUIMARAES448__JARDIM_RIO_BRANCO_11347-000", "LATITUDE": "-23.9797367", "LONGITUDE": "-46.4756233", "LMAPS": "https://www.google.com/maps?q=&layer=c&cbll=-46.4756233,-23.9797367", "O_QUE_FAZER": "CARTEIRA", "ER_REGIAO_CIDADE_min": "São Vicente_Baixada Santista" }, "geometry": { "type": "Point", "coordinates": [ -46.4756233, -23.9797367 ] } },
{ "type": "Feature", "properties": { "CNPJ": "30722463000128", "IDCIDADE": "SAO_VICENTE", "NOMEFANTASIA": "IPHOME", "RAZAOSOCIAL": "GALVAO_&_MARTA_LANCHONETE_LTDA", "ENDEE": "AVENIDA_DEPUTADO_ULISSES_GUIMARAES471__JARDIM_RIO_BRANCO_11347-000", "LATITUDE": "-23.9779804", "LONGITUDE": "-46.4757598", "LMAPS": "https://www.google.com/maps?q=&layer=c&cbll=-46.4757598,-23.9779804", "O_QUE_FAZER": "CARTEIRA", "ER_REGIAO_CIDADE_min": "São Vicente_Baixada Santista" }, "geometry": { "type": "Point", "coordinates": [ -46.4757598, -23.9779804 ] } },
{ "type": "Feature", "properties": { "CNPJ": "09564193000188", "IDCIDADE": "SAO_VICENTE", "NOMEFANTASIA": "NALCAR", "RAZAOSOCIAL": "JOSE_NAILDO_DE_SOUSA", "ENDEE": "AVENIDA_DEPUTADO_ULISSES_GUIMARAES480__JARDIM_RIO_BRANCO_11347-000", "LATITUDE": "-23.9786987", "LONGITUDE": "-46.4752045", "LMAPS": "https://www.google.com/maps?q=&layer=c&cbll=-46.4752045,-23.9786987", "O_QUE_FAZER": "CARTEIRA", "ER_REGIAO_CIDADE_min": "São Vicente_Baixada Santista" }, "geometry": { "type": "Point", "coordinates": [ -46.4752045, -23.9786987 ] } },
{ "type": "Feature", "properties": { "CNPJ": "55755436000182", "IDCIDADE": "SAO_VICENTE", "NOMEFANTASIA": "LUXURIA_STYLO", "RAZAOSOCIAL": "LUXURIA_STYLO_MAKE_E_ACESSORIOS_LTDA", "ENDEE": "AVENIDA_DEPUTADO_ULISSES_GUIMARAES528__JARDIM_RIO_BRANCO_11347-000", "LATITUDE": "-23.9784259", "LONGITUDE": "-46.4754661", "LMAPS": "https://www.google.com/maps?q=&layer=c&cbll=-46.4754661,-23.9784259", "O_QUE_FAZER": "CARTEIRA", "ER_REGIAO_CIDADE_min": "São Vicente_Baixada Santista" }, "geometry": { "type": "Point", "coordinates": [ -46.4754661, -23.9784259 ] } },
{ "type": "Feature", "properties": { "CNPJ": "03041466000123", "IDCIDADE": "SAO_VICENTE", "NOMEFANTASIA": "CASA_DE_CARNES_MODERNA", "RAZAOSOCIAL": "CASA_DE_CARNES_MODERNA_E.S_LTDA", "ENDEE": "AVENIDA_DEPUTADO_ULISSES_GUIMARAES536__JARDIM_RIO_BRANCO_11347-000", "LATITUDE": "-23.9784622", "LONGITUDE": "-46.4753972", "LMAPS": "https://www.google.com/maps?q=&layer=c&cbll=-46.4753972,-23.9784622", "O_QUE_FAZER": "CARTEIRA", "ER_REGIAO_CIDADE_min": "São Vicente_Baixada Santista" }, "geometry": { "type": "Point", "coordinates": [ -46.4753972, -23.9784622 ] } },
{ "type": "Feature", "properties": { "CNPJ": "09116691000168", "IDCIDADE": "SAO_VICENTE", "NOMEFANTASIA": "RIO_BRANCO_TINTAS", "RAZAOSOCIAL": "RIO_BRANCO_TINTAS_LTDA", "ENDEE": "AVENIDA_DEPUTADO_ULISSES_GUIMARAES555__JARDIM_RIO_BRANCO_11347-000", "LATITUDE": "-23.9783527", "LONGITUDE": "-46.4750932", "LMAPS": "https://www.google.com/maps?q=&layer=c&cbll=-46.4750932,-23.9783527", "O_QUE_FAZER": "CARTEIRA", "ER_REGIAO_CIDADE_min": "São Vicente_Baixada Santista" }, "geometry": { "type": "Point", "coordinates": [ -46.4750932, -23.9783527 ] } },
{ "type": "Feature", "properties": { "CNPJ": "22983952000105", "IDCIDADE": "SAO_VICENTE", "NOMEFANTASIA": "RODRIMAQ", "RAZAOSOCIAL": "S.G.C._ASSISTENCIA_TECNICA_LTDA.", "ENDEE": "AVENIDA_DEPUTADO_ULISSES_GUIMARAES588__JARDIM_RIO_BRANCO_11347-000", "LATITUDE": "-23.9787424", "LONGITUDE": "-46.4749479", "LMAPS": "https://www.google.com/maps?q=&layer=c&cbll=-46.4749479,-23.9787424", "O_QUE_FAZER": "CARTEIRA", "ER_REGIAO_CIDADE_min": "São Vicente_Baixada Santista" }, "geometry": { "type": "Point", "coordinates": [ -46.4749479, -23.9787424 ] } },
{ "type": "Feature", "properties": { "CNPJ": "43985442000147", "IDCIDADE": "SAO_VICENTE", "NOMEFANTASIA": "TAG_CURSOS_PROFISSIONALIZANTES", "RAZAOSOCIAL": "RAMOS_&_PEREIRA_CURSOS_PROFISSIONALIZANTES_LTDA", "ENDEE": "AVENIDA_DEPUTADO_ULISSES_GUIMARAES600__JARDIM_RIO_BRANCO_11347-000", "LATITUDE": "-23.9789019", "LONGITUDE": "-46.4749587", "LMAPS": "https://www.google.com/maps?q=&layer=c&cbll=-46.4749587,-23.9789019", "O_QUE_FAZER": "CARTEIRA", "ER_REGIAO_CIDADE_min": "São Vicente_Baixada Santista" }, "geometry": { "type": "Point", "coordinates": [ -46.4749587, -23.9789019 ] } },
{ "type": "Feature", "properties": { "CNPJ": "06348711000219", "IDCIDADE": "SAO_VICENTE", "NOMEFANTASIA": "CFC_PIT_STOP", "RAZAOSOCIAL": "ROBSON_MELICIO", "ENDEE": "AVENIDA_DEPUTADO_ULISSES_GUIMARAES613__JARDIM_RIO_BRANCO_11347-000", "LATITUDE": "-23.9787661", "LONGITUDE": "-46.474731", "LMAPS": "https://www.google.com/maps?q=&layer=c&cbll=-46.474731,-23.9787661", "O_QUE_FAZER": "CARTEIRA", "ER_REGIAO_CIDADE_min": "São Vicente_Baixada Santista" }, "geometry": { "type": "Point", "coordinates": [ -46.474731, -23.9787661 ] } },
{ "type": "Feature", "properties": { "CNPJ": "03542535000182", "IDCIDADE": "SAO_VICENTE", "NOMEFANTASIA": "BAR_E_GAMES_AVENIDA", "RAZAOSOCIAL": "BAR_E_GAMES_AVENIDA_LTDA", "ENDEE": "AVENIDA_DEPUTADO_ULISSES_GUIMARAES631__JARDIM_RIO_BRANCO_11347-000", "LATITUDE": "-23.9793851", "LONGITUDE": "-46.4736649", "LMAPS": "https://www.google.com/maps?q=&layer=c&cbll=-46.4736649,-23.9793851", "O_QUE_FAZER": "CARTEIRA", "ER_REGIAO_CIDADE_min": "São Vicente_Baixada Santista" }, "geometry": { "type": "Point", "coordinates": [ -46.4736649, -23.9793851 ] } },
{ "type": "Feature", "properties": { "CNPJ": "05683821000193", "IDCIDADE": "SAO_VICENTE", "NOMEFANTASIA": "ANDAIME_MATERIAIS_PARA_CONSTRUCAO", "RAZAOSOCIAL": "JANE_RIBEIRO_SILVA_-_CONSTRUCAO", "ENDEE": "AVENIDA_DEPUTADO_ULISSES_GUIMARAES636__JARDIM_RIO_BRANCO_11347-000", "LATITUDE": "-23.9790001", "LONGITUDE": "-46.4746495", "LMAPS": "https://www.google.com/maps?q=&layer=c&cbll=-46.4746495,-23.9790001", "O_QUE_FAZER": "CARTEIRA", "ER_REGIAO_CIDADE_min": "São Vicente_Baixada Santista" }, "geometry": { "type": "Point", "coordinates": [ -46.4746495, -23.9790001 ] } },
{ "type": "Feature", "properties": { "CNPJ": "24081118000150", "IDCIDADE": "SAO_VICENTE", "NOMEFANTASIA": "PETRUS_MARMORARIA", "RAZAOSOCIAL": "PETRUS_MARMORARIA_LTDA", "ENDEE": "AVENIDA_DEPUTADO_ULISSES_GUIMARAES637__JARDIM_RIO_BRANCO_11347-000", "LATITUDE": "-23.978882", "LONGITUDE": "-46.4745431", "LMAPS": "https://www.google.com/maps?q=&layer=c&cbll=-46.4745431,-23.978882", "O_QUE_FAZER": "CARTEIRA", "ER_REGIAO_CIDADE_min": "São Vicente_Baixada Santista" }, "geometry": { "type": "Point", "coordinates": [ -46.4745431, -23.978882 ] } },
{ "type": "Feature", "properties": { "CNPJ": "04837220000125", "IDCIDADE": "SAO_VICENTE", "NOMEFANTASIA": "CFC_CELULA_MATER", "RAZAOSOCIAL": "AUTO_MOTO_ESCOLA_CELULA_MATER_LTDA", "ENDEE": "AVENIDA_DEPUTADO_ULISSES_GUIMARAES680__JARDIM_RIO_BRANCO_11347-000", "LATITUDE": "-23.9801039", "LONGITUDE": "-46.4731446", "LMAPS": "https://www.google.com/maps?q=&layer=c&cbll=-46.4731446,-23.9801039", "O_QUE_FAZER": "CARTEIRA", "ER_REGIAO_CIDADE_min": "São Vicente_Baixada Santista" }, "geometry": { "type": "Point", "coordinates": [ -46.4731446, -23.9801039 ] } },
{ "type": "Feature", "properties": { "CNPJ": "27483679000173", "IDCIDADE": "SAO_VICENTE", "NOMEFANTASIA": "WAUTEC", "RAZAOSOCIAL": "WILLIAN_DE_S_DE_SOUZA_-_REFRIGERACAO_E_ELETRICA", "ENDEE": "AVENIDA_DEPUTADO_ULISSES_GUIMARAES680__JARDIM_RIO_BRANCO_11347-000", "LATITUDE": "-23.9802613", "LONGITUDE": "-46.4730814", "LMAPS": "https://www.google.com/maps?q=&layer=c&cbll=-46.4730814,-23.9802613", "O_QUE_FAZER": "CARTEIRA", "ER_REGIAO_CIDADE_min": "São Vicente_Baixada Santista" }, "geometry": { "type": "Point", "coordinates": [ -46.4730814, -23.9802613 ] } },
{ "type": "Feature", "properties": { "CNPJ": "02413361000195", "IDCIDADE": "SAO_VICENTE", "NOMEFANTASIA": "SAZAK_ESCAPAMENTOS", "RAZAOSOCIAL": "SAZAK_ESCAPAMENTOS_E_AUTO_PECAS_LTDA", "ENDEE": "AVENIDA_DEPUTADO_ULISSES_GUIMARAES683__JARDIM_RIO_BRANCO_11347-000", "LATITUDE": "-23.9789236", "LONGITUDE": "-46.4744184", "LMAPS": "https://www.google.com/maps?q=&layer=c&cbll=-46.4744184,-23.9789236", "O_QUE_FAZER": "CARTEIRA", "ER_REGIAO_CIDADE_min": "São Vicente_Baixada Santista" }, "geometry": { "type": "Point", "coordinates": [ -46.4744184, -23.9789236 ] } },
{ "type": "Feature", "properties": { "CNPJ": "08024881000192", "IDCIDADE": "SAO_VICENTE", "NOMEFANTASIA": "CARVALHO_MATERIAIS_PARA_CONSTRUCAO", "RAZAOSOCIAL": "JERONIMO_GOMES_DE_CARVALHO_MATERIAIS", "ENDEE": "AVENIDA_DEPUTADO_ULISSES_GUIMARAES705__JARDIM_RIO_BRANCO_11347-000", "LATITUDE": "-23.9792065", "LONGITUDE": "-46.4740006", "LMAPS": "https://www.google.com/maps?q=&layer=c&cbll=-46.4740006,-23.9792065", "O_QUE_FAZER": "CARTEIRA", "ER_REGIAO_CIDADE_min": "São Vicente_Baixada Santista" }, "geometry": { "type": "Point", "coordinates": [ -46.4740006, -23.9792065 ] } },
{ "type": "Feature", "properties": { "CNPJ": "65531394000150", "IDCIDADE": "SAO_VICENTE", "NOMEFANTASIA": "MADEAL_MADEIRAS", "RAZAOSOCIAL": "PEDRO_PAULO_MOTTA_DE_ALMEIDA", "ENDEE": "AVENIDA_DEPUTADO_ULISSES_GUIMARAES717__JARDIM_RIO_BRANCO_11347-000", "LATITUDE": "-23.9793721", "LONGITUDE": "-46.4739139", "LMAPS": "https://www.google.com/maps?q=&layer=c&cbll=-46.4739139,-23.9793721", "O_QUE_FAZER": "CARTEIRA", "ER_REGIAO_CIDADE_min": "São Vicente_Baixada Santista" }, "geometry": { "type": "Point", "coordinates": [ -46.4739139, -23.9793721 ] } },
{ "type": "Feature", "properties": { "CNPJ": "08739491000107", "IDCIDADE": "SAO_VICENTE", "NOMEFANTASIA": "THECNO_CAR", "RAZAOSOCIAL": "SAMUEL_DE_JESUS_SOUZA", "ENDEE": "AVENIDA_DEPUTADO_ULISSES_GUIMARAES73__JARDIM_RIO_BRANCO_11347-000", "LATITUDE": "-23.9756704", "LONGITUDE": "-46.4788056", "LMAPS": "https://www.google.com/maps?q=&layer=c&cbll=-46.4788056,-23.9756704", "O_QUE_FAZER": "CARTEIRA", "ER_REGIAO_CIDADE_min": "São Vicente_Baixada Santista" }, "geometry": { "type": "Point", "coordinates": [ -46.4788056, -23.9756704 ] } },
{ "type": "Feature", "properties": { "CNPJ": "51043912000181", "IDCIDADE": "SAO_VICENTE", "NOMEFANTASIA": "MUSSEL_AUTO_PARTES", "RAZAOSOCIAL": "M._G._F._MUSSEL_COMERCIO_DE_PECAS_E_SERVICOS", "ENDEE": "AVENIDA_DEPUTADO_ULISSES_GUIMARAES764__JARDIM_RIO_BRANCO_11347-000", "LATITUDE": "-23.9798067", "LONGITUDE": "-46.4737283", "LMAPS": "https://www.google.com/maps?q=&layer=c&cbll=-46.4737283,-23.9798067", "O_QUE_FAZER": "CARTEIRA", "ER_REGIAO_CIDADE_min": "São Vicente_Baixada Santista" }, "geometry": { "type": "Point", "coordinates": [ -46.4737283, -23.9798067 ] } },
{ "type": "Feature", "properties": { "CNPJ": "11194762000192", "IDCIDADE": "SAO_VICENTE", "NOMEFANTASIA": "REFRIGERACAO_MOISES", "RAZAOSOCIAL": "D._M._DA_SILVA_-_REFRIGERACAO", "ENDEE": "AVENIDA_DEPUTADO_ULISSES_GUIMARAES777__JARDIM_RIO_BRANCO_11347-000", "LATITUDE": "-23.9796983", "LONGITUDE": "-46.4735017", "LMAPS": "https://www.google.com/maps?q=&layer=c&cbll=-46.4735017,-23.9796983", "O_QUE_FAZER": "CARTEIRA", "ER_REGIAO_CIDADE_min": "São Vicente_Baixada Santista" }, "geometry": { "type": "Point", "coordinates": [ -46.4735017, -23.9796983 ] } },
{ "type": "Feature", "properties": { "CNPJ": "48184361000161", "IDCIDADE": "SAO_VICENTE", "NOMEFANTASIA": "SACOLAO_MAURICIO", "RAZAOSOCIAL": "SACOLAO_MAURICIO_LTDA", "ENDEE": "AVENIDA_DEPUTADO_ULISSES_GUIMARAES801__JARDIM_RIO_BRANCO_11347-000", "LATITUDE": "-23.9806646", "LONGITUDE": "-46.4720872", "LMAPS": "https://www.google.com/maps?q=&layer=c&cbll=-46.4720872,-23.9806646", "O_QUE_FAZER": "CARTEIRA", "ER_REGIAO_CIDADE_min": "São Vicente_Baixada Santista" }, "geometry": { "type": "Point", "coordinates": [ -46.4720872, -23.9806646 ] } },
{ "type": "Feature", "properties": { "CNPJ": "50698993000195", "IDCIDADE": "SAO_VICENTE", "NOMEFANTASIA": "LANCHONETE_ENCANTO_DOS_PAES", "RAZAOSOCIAL": "CASA_DE_PAES_E_LANCHONETE_ENCANTO_LTDA", "ENDEE": "AVENIDA_DEPUTADO_ULISSES_GUIMARAES853__JARDIM_RIO_BRANCO_11347-000", "LATITUDE": "-23.9800773", "LONGITUDE": "-46.4729099", "LMAPS": "https://www.google.com/maps?q=&layer=c&cbll=-46.4729099,-23.9800773", "O_QUE_FAZER": "CARTEIRA", "ER_REGIAO_CIDADE_min": "São Vicente_Baixada Santista" }, "geometry": { "type": "Point", "coordinates": [ -46.4729099, -23.9800773 ] } },
{ "type": "Feature", "properties": { "CNPJ": "33943334000409", "IDCIDADE": "SAO_VICENTE", "NOMEFANTASIA": "DROGARIAS_DIA_POPULAR", "RAZAOSOCIAL": "A.L_FURTADO_DROGARIA", "ENDEE": "AVENIDA_DEPUTADO_ULISSES_GUIMARAES853__JARDIM_RIO_BRANCO_11347-000", "LATITUDE": "-23.9801311", "LONGITUDE": "-46.4731011", "LMAPS": "https://www.google.com/maps?q=&layer=c&cbll=-46.4731011,-23.9801311", "O_QUE_FAZER": "CARTEIRA", "ER_REGIAO_CIDADE_min": "São Vicente_Baixada Santista" }, "geometry": { "type": "Point", "coordinates": [ -46.4731011, -23.9801311 ] } },
{ "type": "Feature", "properties": { "CNPJ": "24324209000179", "IDCIDADE": "SAO_VICENTE", "NOMEFANTASIA": "SAMAGI_SOLUCOES_FINANCEIRAS", "RAZAOSOCIAL": "SAMAGI_SOLUCOES_FINANCEIRAS_LTDA", "ENDEE": "AVENIDA_DEPUTADO_ULISSES_GUIMARAES855__JARDIM_RIO_BRANCO_11347-000", "LATITUDE": "-23.9810873", "LONGITUDE": "-46.4716267", "LMAPS": "https://www.google.com/maps?q=&layer=c&cbll=-46.4716267,-23.9810873", "O_QUE_FAZER": "CARTEIRA", "ER_REGIAO_CIDADE_min": "São Vicente_Baixada Santista" }, "geometry": { "type": "Point", "coordinates": [ -46.4716267, -23.9810873 ] } },
{ "type": "Feature", "properties": { "CNPJ": "04058018000103", "IDCIDADE": "SAO_VICENTE", "NOMEFANTASIA": "PROJETU'S_DESIGN", "RAZAOSOCIAL": "PROJETU_&_ARTE_COMERCIO_ESQUADRIAS_E_FERRO_LTDA", "ENDEE": "AVENIDA_DEPUTADO_ULISSES_GUIMARAES901__JARDIM_RIO_BRANCO_11347-000", "LATITUDE": "-23.9826547", "LONGITUDE": "-46.4694504", "LMAPS": "https://www.google.com/maps?q=&layer=c&cbll=-46.4694504,-23.9826547", "O_QUE_FAZER": "CARTEIRA", "ER_REGIAO_CIDADE_min": "São Vicente_Baixada Santista" }, "geometry": { "type": "Point", "coordinates": [ -46.4694504, -23.9826547 ] } },
{ "type": "Feature", "properties": { "CNPJ": "54487641000141", "IDCIDADE": "SAO_VICENTE", "NOMEFANTASIA": "MESTRE_DA_OBRA", "RAZAOSOCIAL": "ALONSO_LEONEL_DE_SOUZA_JUNIOR_LTDA", "ENDEE": "AVENIDA_DEPUTADO_ULISSES_GUIMARAES904__JARDIM_RIO_BRANCO_11347-000", "LATITUDE": "-23.9805646", "LONGITUDE": "-46.4725677", "LMAPS": "https://www.google.com/maps?q=&layer=c&cbll=-46.4725677,-23.9805646", "O_QUE_FAZER": "CARTEIRA", "ER_REGIAO_CIDADE_min": "São Vicente_Baixada Santista" }, "geometry": { "type": "Point", "coordinates": [ -46.4725677, -23.9805646 ] } },
{ "type": "Feature", "properties": { "CNPJ": "37394950000158", "IDCIDADE": "SAO_VICENTE", "NOMEFANTASIA": "SERRALHERIA_E_VIDRACARIA_LITORAL", "RAZAOSOCIAL": "SERRALHERIA_&_VIDRACARIA_LITORAL_LTDA", "ENDEE": "AVENIDA_DEPUTADO_ULISSES_GUIMARAES905__JARDIM_RIO_BRANCO_11347-000", "LATITUDE": "-23.9803944", "LONGITUDE": "-46.4725239", "LMAPS": "https://www.google.com/maps?q=&layer=c&cbll=-46.4725239,-23.9803944", "O_QUE_FAZER": "CARTEIRA", "ER_REGIAO_CIDADE_min": "São Vicente_Baixada Santista" }, "geometry": { "type": "Point", "coordinates": [ -46.4725239, -23.9803944 ] } },
{ "type": "Feature", "properties": { "CNPJ": "27782920000165", "IDCIDADE": "SAO_VICENTE", "NOMEFANTASIA": "GIRO_NET", "RAZAOSOCIAL": "GIRONET_PROVEDOR_DE_INTERNET_E_TELECOMUNICACOES_LTDA", "ENDEE": "AVENIDA_DEPUTADO_ULISSES_GUIMARAES916__JARDIM_RIO_BRANCO_11347-000", "LATITUDE": "-23.9806452", "LONGITUDE": "-46.472446", "LMAPS": "https://www.google.com/maps?q=&layer=c&cbll=-46.472446,-23.9806452", "O_QUE_FAZER": "CARTEIRA", "ER_REGIAO_CIDADE_min": "São Vicente_Baixada Santista" }, "geometry": { "type": "Point", "coordinates": [ -46.472446, -23.9806452 ] } },
{ "type": "Feature", "properties": { "CNPJ": "18268650000188", "IDCIDADE": "SAO_VICENTE", "NOMEFANTASIA": "PONTO_DO_CAFE", "RAZAOSOCIAL": "W_M_HIRLE_MOTOS", "ENDEE": "AVENIDA_DEPUTADO_ULISSES_GUIMARAES917__JARDIM_RIO_BRANCO_11347-000", "LATITUDE": "-23.9805024", "LONGITUDE": "-46.4726525", "LMAPS": "https://www.google.com/maps?q=&layer=c&cbll=-46.4726525,-23.9805024", "O_QUE_FAZER": "CARTEIRA", "ER_REGIAO_CIDADE_min": "São Vicente_Baixada Santista" }, "geometry": { "type": "Point", "coordinates": [ -46.4726525, -23.9805024 ] } },
{ "type": "Feature", "properties": { "CNPJ": "54459641000138", "IDCIDADE": "SAO_VICENTE", "NOMEFANTASIA": "CASA_DE_CARNES_GAUCHAO_III", "RAZAOSOCIAL": "CASA_DE_CARNES_GAUCHAO_VIII_LTDA", "ENDEE": "AVENIDA_DEPUTADO_ULISSES_GUIMARAES934__JARDIM_RIO_BRANCO_11347-000", "LATITUDE": "-23.982219", "LONGITUDE": "-46.4703285", "LMAPS": "https://www.google.com/maps?q=&layer=c&cbll=-46.4703285,-23.982219", "O_QUE_FAZER": "CARTEIRA", "ER_REGIAO_CIDADE_min": "São Vicente_Baixada Santista" }, "geometry": { "type": "Point", "coordinates": [ -46.4703285, -23.982219 ] } },
{ "type": "Feature", "properties": { "CNPJ": "04436888000160", "IDCIDADE": "SAO_VICENTE", "NOMEFANTASIA": "NACIONAL_VEICULOS", "RAZAOSOCIAL": "WAUNEY_ANDRADE_-_VEICULOS", "ENDEE": "AVENIDA_DEPUTADO_ULISSES_GUIMARAES940__JARDIM_RIO_BRANCO_11347-000", "LATITUDE": "-23.9809057", "LONGITUDE": "-46.4724582", "LMAPS": "https://www.google.com/maps?q=&layer=c&cbll=-46.4724582,-23.9809057", "O_QUE_FAZER": "CARTEIRA", "ER_REGIAO_CIDADE_min": "São Vicente_Baixada Santista" }, "geometry": { "type": "Point", "coordinates": [ -46.4724582, -23.9809057 ] } },
{ "type": "Feature", "properties": { "CNPJ": "41895485000106", "IDCIDADE": "SAO_VICENTE", "NOMEFANTASIA": "TEMPERO_DE_CASA", "RAZAOSOCIAL": "TEMPERO_DE_CASA_RESTAURANTE_LTDA", "ENDEE": "AVENIDA_DEPUTADO_ULISSES_GUIMARAES944__JARDIM_RIO_BRANCO_11347-000", "LATITUDE": "-23.9830855", "LONGITUDE": "-46.4697915", "LMAPS": "https://www.google.com/maps?q=&layer=c&cbll=-46.4697915,-23.9830855", "O_QUE_FAZER": "CARTEIRA", "ER_REGIAO_CIDADE_min": "São Vicente_Baixada Santista" }, "geometry": { "type": "Point", "coordinates": [ -46.4697915, -23.9830855 ] } },
{ "type": "Feature", "properties": { "CNPJ": "35460453000185", "IDCIDADE": "SAO_VICENTE", "NOMEFANTASIA": "BAR_E_ADEGA_DO_JAPA", "RAZAOSOCIAL": "PARAIBAS_COMERCIAL_LTDA", "ENDEE": "AVENIDA_DEPUTADO_ULISSES_GUIMARAES965__JARDIM_RIO_BRANCO_11347-000", "LATITUDE": "-23.9807361", "LONGITUDE": "-46.4719583", "LMAPS": "https://www.google.com/maps?q=&layer=c&cbll=-46.4719583,-23.9807361", "O_QUE_FAZER": "CARTEIRA", "ER_REGIAO_CIDADE_min": "São Vicente_Baixada Santista" }, "geometry": { "type": "Point", "coordinates": [ -46.4719583, -23.9807361 ] } },
{ "type": "Feature", "properties": { "CNPJ": "11480363000198", "IDCIDADE": "SAO_VICENTE", "NOMEFANTASIA": "MATERIAIS_PARA_CONSTRUCAO_2_IRMAOS", "RAZAOSOCIAL": "SOLANGE_FRANCISCA_DA_SILVA", "ENDEE": "AVENIDA_DEPUTADO_ULISSES_GUIMARAES973__JARDIM_RIO_BRANCO_11347-000", "LATITUDE": "-23.9823323", "LONGITUDE": "-46.4699367", "LMAPS": "https://www.google.com/maps?q=&layer=c&cbll=-46.4699367,-23.9823323", "O_QUE_FAZER": "CARTEIRA", "ER_REGIAO_CIDADE_min": "São Vicente_Baixada Santista" }, "geometry": { "type": "Point", "coordinates": [ -46.4699367, -23.9823323 ] } },
{ "type": "Feature", "properties": { "CNPJ": "09599019000170", "IDCIDADE": "SAO_VICENTE", "NOMEFANTASIA": "CASA_DE_PAES_COLINA", "RAZAOSOCIAL": "ISAQUE_SANTANA_DANTAS", "ENDEE": "RUA_ANTONIO_RISCALLE_HUSNE1787__JARDIM_RIO_BRANCO_11347-020", "LATITUDE": "-23.9838387", "LONGITUDE": "-46.4643631", "LMAPS": "https://www.google.com/maps?q=&layer=c&cbll=-46.4643631,-23.9838387", "O_QUE_FAZER": "CARTEIRA", "ER_REGIAO_CIDADE_min": "São Vicente_Baixada Santista" }, "geometry": { "type": "Point", "coordinates": [ -46.4643631, -23.9838387 ] } },
{ "type": "Feature", "properties": { "CNPJ": "13479873000170", "IDCIDADE": "SAO_VICENTE", "NOMEFANTASIA": "F2_ACADEMIA", "RAZAOSOCIAL": "FABIANO_&_FABIO_-_ACADEMIA_LTDA", "ENDEE": "RUA_ANTONIO_RISCALLE_HUSNE84__JARDIM_RIO_BRANCO_11347-020", "LATITUDE": "-23.9841985", "LONGITUDE": "-46.4640803", "LMAPS": "https://www.google.com/maps?q=&layer=c&cbll=-46.4640803,-23.9841985", "O_QUE_FAZER": "CARTEIRA", "ER_REGIAO_CIDADE_min": "São Vicente_Baixada Santista" }, "geometry": { "type": "Point", "coordinates": [ -46.4640803, -23.9841985 ] } },
{ "type": "Feature", "properties": { "CNPJ": "53123341000110", "IDCIDADE": "SAO_VICENTE", "NOMEFANTASIA": "CARPANEDO_PECAS_E_ACESSORIOS", "RAZAOSOCIAL": "CARPANEDO_PECAS_ACESSORIOS_E_SERVICOS_LTDA", "ENDEE": "RUA_JOAO_CHANCHARULO258__JARDIM_RIO_BRANCO_11347-080", "LATITUDE": "-23.9760516", "LONGITUDE": "-46.4783434", "LMAPS": "https://www.google.com/maps?q=&layer=c&cbll=-46.4783434,-23.9760516", "O_QUE_FAZER": "CARTEIRA", "ER_REGIAO_CIDADE_min": "São Vicente_Baixada Santista" }, "geometry": { "type": "Point", "coordinates": [ -46.4783434, -23.9760516 ] } },
{ "type": "Feature", "properties": { "CNPJ": "44334137000158", "IDCIDADE": "SAO_VICENTE", "NOMEFANTASIA": "PANIFICADORA_ENCANTO_DOS_PAES", "RAZAOSOCIAL": "PANIFICADORA_E_LANCHONETE_ENCANTO_DOS_PAES_LTDA", "ENDEE": "RUA_JOAO_CHANCHARULO450__JARDIM_RIO_BRANCO_11347-080", "LATITUDE": "-23.9772948", "LONGITUDE": "-46.4792835", "LMAPS": "https://www.google.com/maps?q=&layer=c&cbll=-46.4792835,-23.9772948", "O_QUE_FAZER": "CARTEIRA", "ER_REGIAO_CIDADE_min": "São Vicente_Baixada Santista" }, "geometry": { "type": "Point", "coordinates": [ -46.4792835, -23.9772948 ] } },
{ "type": "Feature", "properties": { "CNPJ": "33057669000179", "IDCIDADE": "SAO_VICENTE", "NOMEFANTASIA": "PADARIA_TRIGO_PAN", "RAZAOSOCIAL": "PADARIA_TRIGO_PAN_SV_LTDA.", "ENDEE": "RUA_PROFESSORA_JULIA_DE_ALMEIDA_PIRES260__JARDIM_RIO_BRANCO_11347-090", "LATITUDE": "-23.9767155", "LONGITUDE": "-46.4767144", "LMAPS": "https://www.google.com/maps?q=&layer=c&cbll=-46.4767144,-23.9767155", "O_QUE_FAZER": "CARTEIRA", "ER_REGIAO_CIDADE_min": "São Vicente_Baixada Santista" }, "geometry": { "type": "Point", "coordinates": [ -46.4767144, -23.9767155 ] } },
{ "type": "Feature", "properties": { "CNPJ": "04761660000146", "IDCIDADE": "SAO_VICENTE", "NOMEFANTASIA": "DEPOSITO_DE_MATERIAIS_PARA_CONSTRUCAO_ALVES_&_ASSIS", "RAZAOSOCIAL": "DEPOSITO_DE_MATERIAIS_PARA_CONSTRUCAO_ALVES_&_ASSIS_LTDA", "ENDEE": "RUA_MARIO_DAVIS_LERNER211__JARDIM_RIO_BRANCO_11347-110", "LATITUDE": "-23.9783316", "LONGITUDE": "-46.4754714", "LMAPS": "https://www.google.com/maps?q=&layer=c&cbll=-46.4754714,-23.9783316", "O_QUE_FAZER": "CARTEIRA", "ER_REGIAO_CIDADE_min": "São Vicente_Baixada Santista" }, "geometry": { "type": "Point", "coordinates": [ -46.4754714, -23.9783316 ] } },
{ "type": "Feature", "properties": { "CNPJ": "09006692000150", "IDCIDADE": "SAO_VICENTE", "NOMEFANTASIA": "PET_SHOP_MILLU", "RAZAOSOCIAL": "MONICA_ALVES_DE_ALMEIDA", "ENDEE": "RUA_MARIO_DAVIS_LERNER275__JARDIM_RIO_BRANCO_11347-110", "LATITUDE": "-23.9781223", "LONGITUDE": "-46.4755443", "LMAPS": "https://www.google.com/maps?q=&layer=c&cbll=-46.4755443,-23.9781223", "O_QUE_FAZER": "CARTEIRA", "ER_REGIAO_CIDADE_min": "São Vicente_Baixada Santista" }, "geometry": { "type": "Point", "coordinates": [ -46.4755443, -23.9781223 ] } },
{ "type": "Feature", "properties": { "CNPJ": "02729677000190", "IDCIDADE": "SAO_VICENTE", "NOMEFANTASIA": "PANIFICADORA_CUSTODIA", "RAZAOSOCIAL": "PANIFICADORA_CUSTODIA_LTDA", "ENDEE": "RUA_FREI_DAMIAO200__JARDIM_RIO_BRANCO_11347-120", "LATITUDE": "-23.9783626", "LONGITUDE": "-46.4740305", "LMAPS": "https://www.google.com/maps?q=&layer=c&cbll=-46.4740305,-23.9783626", "O_QUE_FAZER": "CARTEIRA", "ER_REGIAO_CIDADE_min": "São Vicente_Baixada Santista" }, "geometry": { "type": "Point", "coordinates": [ -46.4740305, -23.9783626 ] } },
{ "type": "Feature", "properties": { "CNPJ": "24731023000487", "IDCIDADE": "SAO_VICENTE", "NOMEFANTASIA": "BOI_DO_LITORAL", "RAZAOSOCIAL": "CASA_DE_CARNES_BDL_LTDA", "ENDEE": "RUA_JOSE_FERNANDES277__JARDIM_RIO_BRANCO_11347-140", "LATITUDE": "-23.9809982", "LONGITUDE": "-46.4719016", "LMAPS": "https://www.google.com/maps?q=&layer=c&cbll=-46.4719016,-23.9809982", "O_QUE_FAZER": "CARTEIRA", "ER_REGIAO_CIDADE_min": "São Vicente_Baixada Santista" }, "geometry": { "type": "Point", "coordinates": [ -46.4719016, -23.9809982 ] } },
{ "type": "Feature", "properties": { "CNPJ": "29386446000188", "IDCIDADE": "SAO_VICENTE", "NOMEFANTASIA": "MECANICA_DIESEL", "RAZAOSOCIAL": "JOSIVALDO_F._DOS_SANTOS_MANUTENCAO_E_REPARACAO_DE_VEICULOS", "ENDEE": "RUA_EDUARDO_CACAO180__JARDIM_RIO_BRANCO_11347-150", "LATITUDE": "-23.9769814", "LONGITUDE": "-46.4784902", "LMAPS": "https://www.google.com/maps?q=&layer=c&cbll=-46.4784902,-23.9769814", "O_QUE_FAZER": "CARTEIRA", "ER_REGIAO_CIDADE_min": "São Vicente_Baixada Santista" }, "geometry": { "type": "Point", "coordinates": [ -46.4784902, -23.9769814 ] } },
{ "type": "Feature", "properties": { "CNPJ": "12153765000140", "IDCIDADE": "SAO_VICENTE", "NOMEFANTASIA": "TINTAS_E_TINTAS", "RAZAOSOCIAL": "GOMES_&_VALINO_LTDA", "ENDEE": "RUA_JOSE_MARIA_GONCALVES276__JARDIM_RIO_BRANCO_11347-170", "LATITUDE": "-23.9824567", "LONGITUDE": "-46.4696317", "LMAPS": "https://www.google.com/maps?q=&layer=c&cbll=-46.4696317,-23.9824567", "O_QUE_FAZER": "CARTEIRA", "ER_REGIAO_CIDADE_min": "São Vicente_Baixada Santista" }, "geometry": { "type": "Point", "coordinates": [ -46.4696317, -23.9824567 ] } },
{ "type": "Feature", "properties": { "CNPJ": "52168509000141", "IDCIDADE": "SAO_VICENTE", "NOMEFANTASIA": "OTICA_3D", "RAZAOSOCIAL": "OTICAS_3D_LTDA", "ENDEE": "RUA_ALAGOAS241__JARDIM_RIO_BRANCO_11347-190", "LATITUDE": "-23.9842789", "LONGITUDE": "-46.4665462", "LMAPS": "https://www.google.com/maps?q=&layer=c&cbll=-46.4665462,-23.9842789", "O_QUE_FAZER": "CARTEIRA", "ER_REGIAO_CIDADE_min": "São Vicente_Baixada Santista" }, "geometry": { "type": "Point", "coordinates": [ -46.4665462, -23.9842789 ] } },
{ "type": "Feature", "properties": { "CNPJ": "12980404000178", "IDCIDADE": "SAO_VICENTE", "NOMEFANTASIA": "DEPOSITO13", "RAZAOSOCIAL": "C.S.N._COMERCIAL_E_SERVICOS_LTDA", "ENDEE": "AVENIDA_MARGINAL_16__JARDIM_RIO_BRANCO_11347-205", "LATITUDE": "-23.9843494", "LONGITUDE": "-46.4627894", "LMAPS": "https://www.google.com/maps?q=&layer=c&cbll=-46.4627894,-23.9843494", "O_QUE_FAZER": "CARTEIRA", "ER_REGIAO_CIDADE_min": "São Vicente_Baixada Santista" }, "geometry": { "type": "Point", "coordinates": [ -46.4627894, -23.9843494 ] } },
{ "type": "Feature", "properties": { "CNPJ": "10798039000150", "IDCIDADE": "SAO_VICENTE", "NOMEFANTASIA": "ADEGA_DO_ARI", "RAZAOSOCIAL": "ENSEADA_SAO_VICENTE_COMERCIO_VAREJISTA_DE_BEBIDAS_LTDA", "ENDEE": "RUA_JEQUIE1570__JARDIM_RIO_NEGRO_11347-400", "LATITUDE": "-23.9849853", "LONGITUDE": "-46.4629509", "LMAPS": "https://www.google.com/maps?q=&layer=c&cbll=-46.4629509,-23.9849853", "O_QUE_FAZER": "CARTEIRA", "ER_REGIAO_CIDADE_min": "São Vicente_Baixada Santista" }, "geometry": { "type": "Point", "coordinates": [ -46.4629509, -23.9849853 ] } },
{ "type": "Feature", "properties": { "CNPJ": "08398576000160", "IDCIDADE": "SAO_VICENTE", "NOMEFANTASIA": "DJ_CAR", "RAZAOSOCIAL": "JOSANAILTON_SILVA_VENANCIO", "ENDEE": "RUA_JEQUIE1832__JARDIM_RIO_NEGRO_11347-400", "LATITUDE": "-23.9837371", "LONGITUDE": "-46.4593791", "LMAPS": "https://www.google.com/maps?q=&layer=c&cbll=-46.4593791,-23.9837371", "O_QUE_FAZER": "CARTEIRA", "ER_REGIAO_CIDADE_min": "São Vicente_Baixada Santista" }, "geometry": { "type": "Point", "coordinates": [ -46.4593791, -23.9837371 ] } },
{ "type": "Feature", "properties": { "CNPJ": "25053609000150", "IDCIDADE": "SAO_VICENTE", "NOMEFANTASIA": "BARRACAO_MATERIAIS_PARA_CONSTRUCAO", "RAZAOSOCIAL": "L._FONSECA_SILVA", "ENDEE": "RUA_JEQUIE1846__JARDIM_RIO_NEGRO_11347-400", "LATITUDE": "-23.9831146", "LONGITUDE": "-46.457819", "LMAPS": "https://www.google.com/maps?q=&layer=c&cbll=-46.457819,-23.9831146", "O_QUE_FAZER": "CARTEIRA", "ER_REGIAO_CIDADE_min": "São Vicente_Baixada Santista" }, "geometry": { "type": "Point", "coordinates": [ -46.457819, -23.9831146 ] } },
{ "type": "Feature", "properties": { "CNPJ": "14699114000186", "IDCIDADE": "SAO_VICENTE", "NOMEFANTASIA": "SACOLAO_DA_PROSPERIDADE", "RAZAOSOCIAL": "ELIANA_ALVES_DE_SOUZA_SILVA_RUMAO_SACOLAO", "ENDEE": "RUA_A1__JARDIM_RIO_NEGRO_11347-405", "LATITUDE": "-23.9858416", "LONGITUDE": "-46.465724", "LMAPS": "https://www.google.com/maps?q=&layer=c&cbll=-46.465724,-23.9858416", "O_QUE_FAZER": "CARTEIRA", "ER_REGIAO_CIDADE_min": "São Vicente_Baixada Santista" }, "geometry": { "type": "Point", "coordinates": [ -46.465724, -23.9858416 ] } },
{ "type": "Feature", "properties": { "CNPJ": "15676905000153", "IDCIDADE": "SAO_VICENTE", "NOMEFANTASIA": "MERCADINHO_DO_ANDRE_ESPERANCA", "RAZAOSOCIAL": "ANDRE_SILVA_DOS_SANTOS_-_MINIMERCADOS", "ENDEE": "RUA_H5__JARDIM_RIO_NEGRO_11347-420", "LATITUDE": "-23.9851792", "LONGITUDE": "-46.4620373", "LMAPS": "https://www.google.com/maps?q=&layer=c&cbll=-46.4620373,-23.9851792", "O_QUE_FAZER": "CARTEIRA", "ER_REGIAO_CIDADE_min": "São Vicente_Baixada Santista" }, "geometry": { "type": "Point", "coordinates": [ -46.4620373, -23.9851792 ] } },
{ "type": "Feature", "properties": { "CNPJ": "08320636000122", "IDCIDADE": "SAO_VICENTE", "NOMEFANTASIA": "CAMPEAO_SHOP", "RAZAOSOCIAL": "GEISON_LEONEL_NOGUEIRA", "ENDEE": "AVENIDA_UM360__JARDIM_IRMA_DOLORES_11347-500", "LATITUDE": "-23.9823882", "LONGITUDE": "-46.4569669", "LMAPS": "https://www.google.com/maps?q=&layer=c&cbll=-46.4569669,-23.9823882", "O_QUE_FAZER": "CARTEIRA", "ER_REGIAO_CIDADE_min": "São Vicente_Baixada Santista" }, "geometry": { "type": "Point", "coordinates": [ -46.4569669, -23.9823882 ] } },
{ "type": "Feature", "properties": { "CNPJ": "17268344000189", "IDCIDADE": "SAO_VICENTE", "NOMEFANTASIA": "MADEIREIRA_GENERAL_CARNEIRO", "RAZAOSOCIAL": "G._LECHINIEVISKI_MADEIRAS", "ENDEE": "RUA_PROJETADA_SESSENTA9__JARDIM_IRMA_DOLORES_11347-505", "LATITUDE": "-23.9837894", "LONGITUDE": "-46.4611191", "LMAPS": "https://www.google.com/maps?q=&layer=c&cbll=-46.4611191,-23.9837894", "O_QUE_FAZER": "CARTEIRA", "ER_REGIAO_CIDADE_min": "São Vicente_Baixada Santista" }, "geometry": { "type": "Point", "coordinates": [ -46.4611191, -23.9837894 ] } },
{ "type": "Feature", "properties": { "CNPJ": "24731023002005", "IDCIDADE": "SAO_VICENTE", "NOMEFANTASIA": "BOI_BONITO", "RAZAOSOCIAL": "CASA_DE_CARNES_BDL_LTDA", "ENDEE": "AVENIDA_IRMA_DOLORES310__JARDIM_IRMA_DOLORES_11347-520", "LATITUDE": "-23.9820918", "LONGITUDE": "-46.4561827", "LMAPS": "https://www.google.com/maps?q=&layer=c&cbll=-46.4561827,-23.9820918", "O_QUE_FAZER": "CARTEIRA", "ER_REGIAO_CIDADE_min": "São Vicente_Baixada Santista" }, "geometry": { "type": "Point", "coordinates": [ -46.4561827, -23.9820918 ] } },
{ "type": "Feature", "properties": { "CNPJ": "21255331000142", "IDCIDADE": "SAO_VICENTE", "NOMEFANTASIA": "SUPER_CLINIC_ODONTOLOGIA", "RAZAOSOCIAL": "L_&_P_LOPES_VIEIRA_LTDA", "ENDEE": "AVENIDA_IRMA_DOLORES80__JARDIM_QUARENTENARIO_11347-520", "LATITUDE": "-23.9814395", "LONGITUDE": "-46.4539985", "LMAPS": "https://www.google.com/maps?q=&layer=c&cbll=-46.4539985,-23.9814395", "O_QUE_FAZER": "CARTEIRA", "ER_REGIAO_CIDADE_min": "São Vicente_Baixada Santista" }, "geometry": { "type": "Point", "coordinates": [ -46.4539985, -23.9814395 ] } },
{ "type": "Feature", "properties": { "CNPJ": "38420621000105", "IDCIDADE": "SAO_VICENTE", "NOMEFANTASIA": "VIEIRA_MATERIAIS_PARA_CONSTRUCAO", "RAZAOSOCIAL": "VALDENOR_COELHO_FERREIRA_LTDA", "ENDEE": "AVENIDA_QUARENTENARIO100__JARDIM_IRMA_DOLORES_11347-520", "LATITUDE": "-23.9817374", "LONGITUDE": "-46.4530482", "LMAPS": "https://www.google.com/maps?q=&layer=c&cbll=-46.4530482,-23.9817374", "O_QUE_FAZER": "CARTEIRA", "ER_REGIAO_CIDADE_min": "São Vicente_Baixada Santista" }, "geometry": { "type": "Point", "coordinates": [ -46.4530482, -23.9817374 ] } },
{ "type": "Feature", "properties": { "CNPJ": "10451416000180", "IDCIDADE": "SAO_VICENTE", "NOMEFANTASIA": "OTICA_QUARENTENARIO", "RAZAOSOCIAL": "OTICA_QUARENTENARIO_LTDA", "ENDEE": "AVENIDA_QUARENTENARIO180__JARDIM_IRMA_DOLORES_11347-520", "LATITUDE": "-23.981703", "LONGITUDE": "-46.4550247", "LMAPS": "https://www.google.com/maps?q=&layer=c&cbll=-46.4550247,-23.981703", "O_QUE_FAZER": "CARTEIRA", "ER_REGIAO_CIDADE_min": "São Vicente_Baixada Santista" }, "geometry": { "type": "Point", "coordinates": [ -46.4550247, -23.981703 ] } },
{ "type": "Feature", "properties": { "CNPJ": "16518041000104", "IDCIDADE": "SAO_VICENTE", "NOMEFANTASIA": "PEIXARIA_JA", "RAZAOSOCIAL": "JOSE_AUGUSTO_DA_SILVA", "ENDEE": "AVENIDA_QUARENTENARIO1883__JARDIM_IRMA_DOLORES_11347-520", "LATITUDE": "-23.9834808", "LONGITUDE": "-46.4600547", "LMAPS": "https://www.google.com/maps?q=&layer=c&cbll=-46.4600547,-23.9834808", "O_QUE_FAZER": "CARTEIRA", "ER_REGIAO_CIDADE_min": "São Vicente_Baixada Santista" }, "geometry": { "type": "Point", "coordinates": [ -46.4600547, -23.9834808 ] } },
{ "type": "Feature", "properties": { "CNPJ": "27842940000184", "IDCIDADE": "SAO_VICENTE", "NOMEFANTASIA": "CASA_DE_CARNES_SANSHES", "RAZAOSOCIAL": "ACOUGUE_E_MERCEARIA_SANCHEZ_DE_NOVO_LTDA", "ENDEE": "AVENIDA_QUARENTENARIO1883__JARDIM_IRMA_DOLORES_11347-520", "LATITUDE": "-23.9835187", "LONGITUDE": "-46.4601027", "LMAPS": "https://www.google.com/maps?q=&layer=c&cbll=-46.4601027,-23.9835187", "O_QUE_FAZER": "CARTEIRA", "ER_REGIAO_CIDADE_min": "São Vicente_Baixada Santista" }, "geometry": { "type": "Point", "coordinates": [ -46.4601027, -23.9835187 ] } },
{ "type": "Feature", "properties": { "CNPJ": "18070563000111", "IDCIDADE": "SAO_VICENTE", "NOMEFANTASIA": "ADEGA_DO_DAO", "RAZAOSOCIAL": "JOHN_ADANN_COSME_FERREIRA", "ENDEE": "AVENIDA_QUARENTENARIO1885__JARDIM_IRMA_DOLORES_11347-520", "LATITUDE": "-23.983329", "LONGITUDE": "-46.4597111", "LMAPS": "https://www.google.com/maps?q=&layer=c&cbll=-46.4597111,-23.983329", "O_QUE_FAZER": "CARTEIRA", "ER_REGIAO_CIDADE_min": "São Vicente_Baixada Santista" }, "geometry": { "type": "Point", "coordinates": [ -46.4597111, -23.983329 ] } },
{ "type": "Feature", "properties": { "CNPJ": "03131977000136", "IDCIDADE": "SAO_VICENTE", "NOMEFANTASIA": "DEPOSITO_DAO_MOREIRA", "RAZAOSOCIAL": "NECI_CHAGAS_MOREIRA", "ENDEE": "AVENIDA_QUARENTENARIO1885__JARDIM_IRMA_DOLORES_11347-520", "LATITUDE": "-23.9833415", "LONGITUDE": "-46.4597145", "LMAPS": "https://www.google.com/maps?q=&layer=c&cbll=-46.4597145,-23.9833415", "O_QUE_FAZER": "CARTEIRA", "ER_REGIAO_CIDADE_min": "São Vicente_Baixada Santista" }, "geometry": { "type": "Point", "coordinates": [ -46.4597145, -23.9833415 ] } },
{ "type": "Feature", "properties": { "CNPJ": "97554278000142", "IDCIDADE": "SAO_VICENTE", "NOMEFANTASIA": "GO_MOTOS", "RAZAOSOCIAL": "JACQUELINE_TERCILIA_LEANDRO_-_MOTO_PECAS", "ENDEE": "AVENIDA_QUARENTENARIO192__JARDIM_IRMA_DOLORES_11347-520", "LATITUDE": "-23.9817466", "LONGITUDE": "-46.4551718", "LMAPS": "https://www.google.com/maps?q=&layer=c&cbll=-46.4551718,-23.9817466", "O_QUE_FAZER": "CARTEIRA", "ER_REGIAO_CIDADE_min": "São Vicente_Baixada Santista" }, "geometry": { "type": "Point", "coordinates": [ -46.4551718, -23.9817466 ] } },
{ "type": "Feature", "properties": { "CNPJ": "74547191000142", "IDCIDADE": "SAO_VICENTE", "NOMEFANTASIA": "R1_RECICLAGEM", "RAZAOSOCIAL": "GERVASIO_SERAFIM_DE_ALMEIDA_SUCATAS", "ENDEE": "AVENIDA_QUARENTENARIO2015__JARDIM_IRMA_DOLORES_11347-520", "LATITUDE": "-23.9839483", "LONGITUDE": "-46.4615672", "LMAPS": "https://www.google.com/maps?q=&layer=c&cbll=-46.4615672,-23.9839483", "O_QUE_FAZER": "CARTEIRA", "ER_REGIAO_CIDADE_min": "São Vicente_Baixada Santista" }, "geometry": { "type": "Point", "coordinates": [ -46.4615672, -23.9839483 ] } },
{ "type": "Feature", "properties": { "CNPJ": "16765009000123", "IDCIDADE": "SAO_VICENTE", "NOMEFANTASIA": "PET_SHOP_VIDA_ANIMAL", "RAZAOSOCIAL": "C_C_F_DE_MATOS", "ENDEE": "AVENIDA_QUARENTENARIO282__JARDIM_IRMA_DOLORES_11347-520", "LATITUDE": "-23.9815641", "LONGITUDE": "-46.4544745", "LMAPS": "https://www.google.com/maps?q=&layer=c&cbll=-46.4544745,-23.9815641", "O_QUE_FAZER": "CARTEIRA", "ER_REGIAO_CIDADE_min": "São Vicente_Baixada Santista" }, "geometry": { "type": "Point", "coordinates": [ -46.4544745, -23.9815641 ] } },
{ "type": "Feature", "properties": { "CNPJ": "42696022000188", "IDCIDADE": "SAO_VICENTE", "NOMEFANTASIA": "SORRIA_MAIS_QUARENTENARIO", "RAZAOSOCIAL": "M.T._S._COELHO_CECCHI_ODONTOLOGIA_LTDA", "ENDEE": "AVENIDA_QUARENTENARIO298__JARDIM_IRMA_DOLORES_11347-520", "LATITUDE": "-23.9812994", "LONGITUDE": "-46.4537998", "LMAPS": "https://www.google.com/maps?q=&layer=c&cbll=-46.4537998,-23.9812994", "O_QUE_FAZER": "CARTEIRA", "ER_REGIAO_CIDADE_min": "São Vicente_Baixada Santista" }, "geometry": { "type": "Point", "coordinates": [ -46.4537998, -23.9812994 ] } },
{ "type": "Feature", "properties": { "CNPJ": "39835259000198", "IDCIDADE": "SAO_VICENTE", "NOMEFANTASIA": "MINIMERCADO_E_PADARIA_IRMA_DOLORES", "RAZAOSOCIAL": "MINIMERCADO_E_PADARIA_IRMA_DOLORES_LTDA", "ENDEE": "AVENIDA_QUARENTENARIO33__JARDIM_IRMA_DOLORES_11347-520", "LATITUDE": "-23.9826443", "LONGITUDE": "-46.4576573", "LMAPS": "https://www.google.com/maps?q=&layer=c&cbll=-46.4576573,-23.9826443", "O_QUE_FAZER": "CARTEIRA", "ER_REGIAO_CIDADE_min": "São Vicente_Baixada Santista" }, "geometry": { "type": "Point", "coordinates": [ -46.4576573, -23.9826443 ] } },
{ "type": "Feature", "properties": { "CNPJ": "24796538000112", "IDCIDADE": "SAO_VICENTE", "NOMEFANTASIA": "IDEAL_VISTORIA", "RAZAOSOCIAL": "OTNIEL_DE_SOUZA_ATAIDE", "ENDEE": "AVENIDA_QUARENTENARIO35__JARDIM_IRMA_DOLORES_11347-520", "LATITUDE": "-23.9825617", "LONGITUDE": "-46.4578082", "LMAPS": "https://www.google.com/maps?q=&layer=c&cbll=-46.4578082,-23.9825617", "O_QUE_FAZER": "CARTEIRA", "ER_REGIAO_CIDADE_min": "São Vicente_Baixada Santista" }, "geometry": { "type": "Point", "coordinates": [ -46.4578082, -23.9825617 ] } },
{ "type": "Feature", "properties": { "CNPJ": "45992459000157", "IDCIDADE": "SAO_VICENTE", "NOMEFANTASIA": "ACADEMIA_EVOLUTION", "RAZAOSOCIAL": "EDIVAN_DOS_SANTOS_COELHO", "ENDEE": "AVENIDA_QUARENTENARIO360__JARDIM_IRMA_DOLORES_11347-520", "LATITUDE": "-23.9822527", "LONGITUDE": "-46.4570002", "LMAPS": "https://www.google.com/maps?q=&layer=c&cbll=-46.4570002,-23.9822527", "O_QUE_FAZER": "CARTEIRA", "ER_REGIAO_CIDADE_min": "São Vicente_Baixada Santista" }, "geometry": { "type": "Point", "coordinates": [ -46.4570002, -23.9822527 ] } },
{ "type": "Feature", "properties": { "CNPJ": "48369484000177", "IDCIDADE": "SAO_VICENTE", "NOMEFANTASIA": "PET_PLANET", "RAZAOSOCIAL": "PET_PLANET_R5_COMERCIO_DE_RACOES_LTDA", "ENDEE": "AVENIDA_QUARENTENARIO50__JARDIM_IRMA_DOLORES_11347-520", "LATITUDE": "-23.9827642", "LONGITUDE": "-46.4580532", "LMAPS": "https://www.google.com/maps?q=&layer=c&cbll=-46.4580532,-23.9827642", "O_QUE_FAZER": "CARTEIRA", "ER_REGIAO_CIDADE_min": "São Vicente_Baixada Santista" }, "geometry": { "type": "Point", "coordinates": [ -46.4580532, -23.9827642 ] } },
{ "type": "Feature", "properties": { "CNPJ": "35575888000175", "IDCIDADE": "SAO_VICENTE", "NOMEFANTASIA": "ONOFRE_MATERIAIS", "RAZAOSOCIAL": "ONOFRE_MATERIAIS_ELETRICOS_LTDA", "ENDEE": "AVENIDA_QUARENTENARIO59__JARDIM_IRMA_DOLORES_11347-520", "LATITUDE": "-23.9824311", "LONGITUDE": "-46.4570883", "LMAPS": "https://www.google.com/maps?q=&layer=c&cbll=-46.4570883,-23.9824311", "O_QUE_FAZER": "CARTEIRA", "ER_REGIAO_CIDADE_min": "São Vicente_Baixada Santista" }, "geometry": { "type": "Point", "coordinates": [ -46.4570883, -23.9824311 ] } },
{ "type": "Feature", "properties": { "CNPJ": "49944612000121", "IDCIDADE": "SAO_VICENTE", "NOMEFANTASIA": "NOVO_BARAO", "RAZAOSOCIAL": "V.M._CARVALHO_RESTAURANTE_E_PIZZARIA_LTDA", "ENDEE": "AVENIDA_QUARENTENARIO70__JARDIM_IRMA_DOLORES_11347-520", "LATITUDE": "-23.9814574", "LONGITUDE": "-46.4536603", "LMAPS": "https://www.google.com/maps?q=&layer=c&cbll=-46.4536603,-23.9814574", "O_QUE_FAZER": "CARTEIRA", "ER_REGIAO_CIDADE_min": "São Vicente_Baixada Santista" }, "geometry": { "type": "Point", "coordinates": [ -46.4536603, -23.9814574 ] } },
{ "type": "Feature", "properties": { "CNPJ": "33472599000115", "IDCIDADE": "SAO_VICENTE", "NOMEFANTASIA": "X_EMBALAGENS", "RAZAOSOCIAL": "C._D._L._VIEIRA_DESCARTAVEIS_LTDA", "ENDEE": "AVENIDA_QUARENTENARIO70__JARDIM_IRMA_DOLORES_11347-520", "LATITUDE": "-23.9815669", "LONGITUDE": "-46.4539569", "LMAPS": "https://www.google.com/maps?q=&layer=c&cbll=-46.4539569,-23.9815669", "O_QUE_FAZER": "CARTEIRA", "ER_REGIAO_CIDADE_min": "São Vicente_Baixada Santista" }, "geometry": { "type": "Point", "coordinates": [ -46.4539569, -23.9815669 ] } },
{ "type": "Feature", "properties": { "CNPJ": "00240856000134", "IDCIDADE": "SAO_VICENTE", "NOMEFANTASIA": "DEPOSITO_LIDER", "RAZAOSOCIAL": "DEPOSITO_LIDER_SAO_VICENTE_LTDA", "ENDEE": "AVENIDA_QUARENTENARIO825__JARDIM_IRMA_DOLORES_11347-520", "LATITUDE": "-23.98469", "LONGITUDE": "-46.4640541", "LMAPS": "https://www.google.com/maps?q=&layer=c&cbll=-46.4640541,-23.98469", "O_QUE_FAZER": "CARTEIRA", "ER_REGIAO_CIDADE_min": "São Vicente_Baixada Santista" }, "geometry": { "type": "Point", "coordinates": [ -46.4640541, -23.98469 ] } },
{ "type": "Feature", "properties": { "CNPJ": "13295397000138", "IDCIDADE": "SAO_VICENTE", "NOMEFANTASIA": "BIKE_CENTER", "RAZAOSOCIAL": "DOIS_&_DOIS_BIKE_CENTER_LTDA", "ENDEE": "AVENIDA_QUARENTENARIO90__JARDIM_IRMA_DOLORES_11347-520", "LATITUDE": "-23.9813719", "LONGITUDE": "-46.4540355", "LMAPS": "https://www.google.com/maps?q=&layer=c&cbll=-46.4540355,-23.9813719", "O_QUE_FAZER": "CARTEIRA", "ER_REGIAO_CIDADE_min": "São Vicente_Baixada Santista" }, "geometry": { "type": "Point", "coordinates": [ -46.4540355, -23.9813719 ] } },
{ "type": "Feature", "properties": { "CNPJ": "01789133000151", "IDCIDADE": "SAO_VICENTE", "NOMEFANTASIA": "NANDO_MATERIAIS_PARA_CONSTRUCAO", "RAZAOSOCIAL": "SIZENANDO_E_DENISE_-_BAZAR_LTDA", "ENDEE": "AVENIDA_QUARENTENARIO99__JARDIM_IRMA_DOLORES_11347-520", "LATITUDE": "-23.9820083", "LONGITUDE": "-46.45605", "LMAPS": "https://www.google.com/maps?q=&layer=c&cbll=-46.45605,-23.9820083", "O_QUE_FAZER": "CARTEIRA", "ER_REGIAO_CIDADE_min": "São Vicente_Baixada Santista" }, "geometry": { "type": "Point", "coordinates": [ -46.45605, -23.9820083 ] } },
{ "type": "Feature", "properties": { "CNPJ": "58148933000100", "IDCIDADE": "SAO_VICENTE", "NOMEFANTASIA": "CASA_DE_PAES_CUSTODIA", "RAZAOSOCIAL": "CASA_DE_PAES_CUSTODIA_LTDA", "ENDEE": "RUA_PROJETADA_QUATRO10__SAMARITA_11347-587", "LATITUDE": "-23.9819826", "LONGITUDE": "-46.4558761", "LMAPS": "https://www.google.com/maps?q=&layer=c&cbll=-46.4558761,-23.9819826", "O_QUE_FAZER": "CARTEIRA", "ER_REGIAO_CIDADE_min": "São Vicente_Baixada Santista" }, "geometry": { "type": "Point", "coordinates": [ -46.4558761, -23.9819826 ] } },
{ "type": "Feature", "properties": { "CNPJ": "02762853000196", "IDCIDADE": "SAO_VICENTE", "NOMEFANTASIA": "DROGARIA_BEATRIZ", "RAZAOSOCIAL": "BEATRIZ_DROGARIA_E_COSMETICOS_LTDA", "ENDEE": "AVENIDA_SAO_PAULO10__JARDIM_IRMA_DOLORES_11347-650", "LATITUDE": "-23.9809911", "LONGITUDE": "-46.4531263", "LMAPS": "https://www.google.com/maps?q=&layer=c&cbll=-46.4531263,-23.9809911", "O_QUE_FAZER": "CARTEIRA", "ER_REGIAO_CIDADE_min": "São Vicente_Baixada Santista" }, "geometry": { "type": "Point", "coordinates": [ -46.4531263, -23.9809911 ] } },
{ "type": "Feature", "properties": { "CNPJ": "06994192000185", "IDCIDADE": "SAO_VICENTE", "NOMEFANTASIA": "DK_STORE", "RAZAOSOCIAL": "DK_COMERCIO_DE_FERRAGENS_E_MATERIAIS_PARA_CONSTRUCOES_EM_GERAL_LTDA", "ENDEE": "AVENIDA_SAO_PAULO11__JARDIM_IRMA_DOLORES_11347-650", "LATITUDE": "-23.9807671", "LONGITUDE": "-46.453341", "LMAPS": "https://www.google.com/maps?q=&layer=c&cbll=-46.453341,-23.9807671", "O_QUE_FAZER": "CARTEIRA", "ER_REGIAO_CIDADE_min": "São Vicente_Baixada Santista" }, "geometry": { "type": "Point", "coordinates": [ -46.453341, -23.9807671 ] } },
{ "type": "Feature", "properties": { "CNPJ": "48485623000128", "IDCIDADE": "SAO_VICENTE", "NOMEFANTASIA": "BELISSIMA_COSMETICOS", "RAZAOSOCIAL": "BELISSIMA_COSMETICOS_LTDA", "ENDEE": "AVENIDA_SAO_PAULO11__JARDIM_IRMA_DOLORES_11347-650", "LATITUDE": "-23.9807899", "LONGITUDE": "-46.4532297", "LMAPS": "https://www.google.com/maps?q=&layer=c&cbll=-46.4532297,-23.9807899", "O_QUE_FAZER": "CARTEIRA", "ER_REGIAO_CIDADE_min": "São Vicente_Baixada Santista" }, "geometry": { "type": "Point", "coordinates": [ -46.4532297, -23.9807899 ] } },
{ "type": "Feature", "properties": { "CNPJ": "13987090000106", "IDCIDADE": "SAO_VICENTE", "NOMEFANTASIA": "JH_DOCES", "RAZAOSOCIAL": "JOHN_HEBERTON_GOMES_DE_MOURA", "ENDEE": "AVENIDA_SAO_PAULO13__JARDIM_IRMA_DOLORES_11347-650", "LATITUDE": "-23.9808844", "LONGITUDE": "-46.4531785", "LMAPS": "https://www.google.com/maps?q=&layer=c&cbll=-46.4531785,-23.9808844", "O_QUE_FAZER": "CARTEIRA", "ER_REGIAO_CIDADE_min": "São Vicente_Baixada Santista" }, "geometry": { "type": "Point", "coordinates": [ -46.4531785, -23.9808844 ] } },
{ "type": "Feature", "properties": { "CNPJ": "03566287000100", "IDCIDADE": "SAO_VICENTE", "NOMEFANTASIA": "BAZAR_CAETANO", "RAZAOSOCIAL": "DENISE_ALVES_CAETANO_-_BAZAR", "ENDEE": "AVENIDA_SAO_PAULO30__JARDIM_IRMA_DOLORES_11347-650", "LATITUDE": "-23.9799154", "LONGITUDE": "-46.4540966", "LMAPS": "https://www.google.com/maps?q=&layer=c&cbll=-46.4540966,-23.9799154", "O_QUE_FAZER": "CARTEIRA", "ER_REGIAO_CIDADE_min": "São Vicente_Baixada Santista" }, "geometry": { "type": "Point", "coordinates": [ -46.4540966, -23.9799154 ] } },
{ "type": "Feature", "properties": { "CNPJ": "15362482000105", "IDCIDADE": "SAO_VICENTE", "NOMEFANTASIA": "ACOUGUE_BOM_CORTE", "RAZAOSOCIAL": "JATOBA_DO_QUARENTENARIO_COMERCIO_DE_ALIMENTOS_LTDA", "ENDEE": "AVENIDA_SAO_PAULO8__JARDIM_IRMA_DOLORES_11347-650", "LATITUDE": "-23.9803049", "LONGITUDE": "-46.4537642", "LMAPS": "https://www.google.com/maps?q=&layer=c&cbll=-46.4537642,-23.9803049", "O_QUE_FAZER": "CARTEIRA", "ER_REGIAO_CIDADE_min": "São Vicente_Baixada Santista" }, "geometry": { "type": "Point", "coordinates": [ -46.4537642, -23.9803049 ] } },
{ "type": "Feature", "properties": { "CNPJ": "15009812000175", "IDCIDADE": "SAO_VICENTE", "NOMEFANTASIA": "A_PADOKA", "RAZAOSOCIAL": "FAMILIA_A_PADOKA_PAES_E_DOCES_LTDA", "ENDEE": "RUA_BELO_HORIZONTE360__JARDIM_IRMA_DOLORES_11347-750", "LATITUDE": "-23.9812558", "LONGITUDE": "-46.4505806", "LMAPS": "https://www.google.com/maps?q=&layer=c&cbll=-46.4505806,-23.9812558", "O_QUE_FAZER": "CARTEIRA", "ER_REGIAO_CIDADE_min": "São Vicente_Baixada Santista" }, "geometry": { "type": "Point", "coordinates": [ -46.4505806, -23.9812558 ] } },
{ "type": "Feature", "properties": { "CNPJ": "04719643000140", "IDCIDADE": "SAO_VICENTE", "NOMEFANTASIA": "SARA_MOVEIS", "RAZAOSOCIAL": "ROSANGELA_SILVA_SALES", "ENDEE": "RUA_JEQUIE1420__JARDIM_RIO_NEGRO_11347-800", "LATITUDE": "-23.9855945", "LONGITUDE": "-46.4639414", "LMAPS": "https://www.google.com/maps?q=&layer=c&cbll=-46.4639414,-23.9855945", "O_QUE_FAZER": "CARTEIRA", "ER_REGIAO_CIDADE_min": "São Vicente_Baixada Santista" }, "geometry": { "type": "Point", "coordinates": [ -46.4639414, -23.9855945 ] } },
{ "type": "Feature", "properties": { "CNPJ": "35805021000169", "IDCIDADE": "SAO_VICENTE", "NOMEFANTASIA": "MARMORARIA_RIO_BRANCO", "RAZAOSOCIAL": "G._DE_CARVALHO_SANTOS_MARMORARIA", "ENDEE": "RUA_JEQUIE1620__JARDIM_IRMA_DOLORES_11347-800", "LATITUDE": "-23.9847927", "LONGITUDE": "-46.462487", "LMAPS": "https://www.google.com/maps?q=&layer=c&cbll=-46.462487,-23.9847927", "O_QUE_FAZER": "CARTEIRA", "ER_REGIAO_CIDADE_min": "São Vicente_Baixada Santista" }, "geometry": { "type": "Point", "coordinates": [ -46.462487, -23.9847927 ] } },
{ "type": "Feature", "properties": { "CNPJ": "28055080000100", "IDCIDADE": "SAO_VICENTE", "NOMEFANTASIA": "R3_ACADEMIA", "RAZAOSOCIAL": "SILVA_&_MACIEL_ACADEMIA_LTDA", "ENDEE": "RUA_JEQUIE1640__JARDIM_RIO_NEGRO_11347-800", "LATITUDE": "-23.9848652", "LONGITUDE": "-46.4621824", "LMAPS": "https://www.google.com/maps?q=&layer=c&cbll=-46.4621824,-23.9848652", "O_QUE_FAZER": "CARTEIRA", "ER_REGIAO_CIDADE_min": "São Vicente_Baixada Santista" }, "geometry": { "type": "Point", "coordinates": [ -46.4621824, -23.9848652 ] } },
{ "type": "Feature", "properties": { "CNPJ": "18695225000175", "IDCIDADE": "SAO_VICENTE", "NOMEFANTASIA": "SERALHERIA_PROJETOS", "RAZAOSOCIAL": "PROJETUS_COMERCIO_DE_ESQUADRIAS_E_VIDROS_LTDA", "ENDEE": "RUA_JEQUIE1652__JARDIM_RIO_NEGRO_11347-800", "LATITUDE": "-23.9847062", "LONGITUDE": "-46.4621808", "LMAPS": "https://www.google.com/maps?q=&layer=c&cbll=-46.4621808,-23.9847062", "O_QUE_FAZER": "CARTEIRA", "ER_REGIAO_CIDADE_min": "São Vicente_Baixada Santista" }, "geometry": { "type": "Point", "coordinates": [ -46.4621808, -23.9847062 ] } },
{ "type": "Feature", "properties": { "CNPJ": "06051194000130", "IDCIDADE": "SAO_VICENTE", "NOMEFANTASIA": "PONTAL_O_BASICAO", "RAZAOSOCIAL": "PONTAL_COMERCIO_DE_AREIA_E_PEDRA_LIMITADA", "ENDEE": "RUA_JEQUIE1836__JARDIM_RIO_NEGRO_11347-800", "LATITUDE": "-23.9833969", "LONGITUDE": "-46.4592078", "LMAPS": "https://www.google.com/maps?q=&layer=c&cbll=-46.4592078,-23.9833969", "O_QUE_FAZER": "CARTEIRA", "ER_REGIAO_CIDADE_min": "São Vicente_Baixada Santista" }, "geometry": { "type": "Point", "coordinates": [ -46.4592078, -23.9833969 ] } },
{ "type": "Feature", "properties": { "CNPJ": "49835062000102", "IDCIDADE": "SAO_VICENTE", "NOMEFANTASIA": "CASA_DE_CARNES_GAUCHAO_IV", "RAZAOSOCIAL": "CASA_DE_CARNES_GAUCHAO_IV_LTDA", "ENDEE": "AVENIDA_VEREADORA_ANGELINA_PRETTI_DA_SILVA320__JARDIM_IRMA_DOLORES_11347-820", "LATITUDE": "-23.9814692", "LONGITUDE": "-46.4520071", "LMAPS": "https://www.google.com/maps?q=&layer=c&cbll=-46.4520071,-23.9814692", "O_QUE_FAZER": "CARTEIRA", "ER_REGIAO_CIDADE_min": "São Vicente_Baixada Santista" }, "geometry": { "type": "Point", "coordinates": [ -46.4520071, -23.9814692 ] } },
{ "type": "Feature", "properties": { "CNPJ": "05354694000189", "IDCIDADE": "SAO_VICENTE", "NOMEFANTASIA": "BATEC", "RAZAOSOCIAL": "C.C_DE_SOUZA_EMPILHADEIRAS", "ENDEE": "AVENIDA_VEREADORA_ANGELINA_PRETTI_DA_SILVA440__JARDIM_IRMA_DOLORES_11347-820", "LATITUDE": "-23.9812383", "LONGITUDE": "-46.4512552", "LMAPS": "https://www.google.com/maps?q=&layer=c&cbll=-46.4512552,-23.9812383", "O_QUE_FAZER": "CARTEIRA", "ER_REGIAO_CIDADE_min": "São Vicente_Baixada Santista" }, "geometry": { "type": "Point", "coordinates": [ -46.4512552, -23.9812383 ] } },
{ "type": "Feature", "properties": { "CNPJ": "43662241000109", "IDCIDADE": "SAO_VICENTE", "NOMEFANTASIA": "SUPERGASBRAS", "RAZAOSOCIAL": "SHAYRA_CANDIDO_CARDOSO_DA_SILVA", "ENDEE": "AVENIDA_VEREADORA_ANGELINA_PRETTI_DA_SILVA510__JARDIM_IRMA_DOLORES_11347-820", "LATITUDE": "-23.9810507", "LONGITUDE": "-46.4507876", "LMAPS": "https://www.google.com/maps?q=&layer=c&cbll=-46.4507876,-23.9810507", "O_QUE_FAZER": "CARTEIRA", "ER_REGIAO_CIDADE_min": "São Vicente_Baixada Santista" }, "geometry": { "type": "Point", "coordinates": [ -46.4507876, -23.9810507 ] } },
{ "type": "Feature", "properties": { "CNPJ": "14737673000133", "IDCIDADE": "SAO_VICENTE", "NOMEFANTASIA": "NOVA_ERA_MATERIAIS", "RAZAOSOCIAL": "CRYSLEY_PUPO_ROSARIO", "ENDEE": "AVENIDA_VEREADORA_ANGELINA_PRETTI_DA_SILVA690__JARDIM_IRMA_DOLORES_11347-820", "LATITUDE": "-23.9807181", "LONGITUDE": "-46.4497665", "LMAPS": "https://www.google.com/maps?q=&layer=c&cbll=-46.4497665,-23.9807181", "O_QUE_FAZER": "CARTEIRA", "ER_REGIAO_CIDADE_min": "São Vicente_Baixada Santista" }, "geometry": { "type": "Point", "coordinates": [ -46.4497665, -23.9807181 ] } },
{ "type": "Feature", "properties": { "CNPJ": "10736883000156", "IDCIDADE": "SAO_VICENTE", "NOMEFANTASIA": "BORRACHARIA_TREVO", "RAZAOSOCIAL": "ARNALDO_VALDEVINO_LOPES_-_ACESSORIOS", "ENDEE": "RUA_TRIBUNA15__VILA_PONTE_NOVA_11347-820", "LATITUDE": "-23.9820652", "LONGITUDE": "-46.4539213", "LMAPS": "https://www.google.com/maps?q=&layer=c&cbll=-46.4539213,-23.9820652", "O_QUE_FAZER": "CARTEIRA", "ER_REGIAO_CIDADE_min": "São Vicente_Baixada Santista" }, "geometry": { "type": "Point", "coordinates": [ -46.4539213, -23.9820652 ] } },
{ "type": "Feature", "properties": { "CNPJ": "04552264000109", "IDCIDADE": "SAO_VICENTE", "NOMEFANTASIA": "PEROLA_MATERIAIS_PARA_CONSTRUCAO", "RAZAOSOCIAL": "PEROLA_MATERIAIS_PARA_CONSTRUCAO_E_TRANSPORTES_LTDA", "ENDEE": "AVENIDA_CELLULA_MATTER160__PARQUE_CONTINENTAL_11348-000", "LATITUDE": "-23.9535242", "LONGITUDE": "-46.4639252", "LMAPS": "https://www.google.com/maps?q=&layer=c&cbll=-46.4639252,-23.9535242", "O_QUE_FAZER": "CARTEIRA", "ER_REGIAO_CIDADE_min": "São Vicente_Baixada Santista" }, "geometry": { "type": "Point", "coordinates": [ -46.4639252, -23.9535242 ] } },
{ "type": "Feature", "properties": { "CNPJ": "27782902000507", "IDCIDADE": "SAO_VICENTE", "NOMEFANTASIA": "CONSIGAZ", "RAZAOSOCIAL": "M&C_COMERCIO_DE_GAS_LTDA", "ENDEE": "AVENIDA_CELLULA_MATTER23__PARQUE_CONTINENTAL_11348-000", "LATITUDE": "-23.9532384", "LONGITUDE": "-46.4652634", "LMAPS": "https://www.google.com/maps?q=&layer=c&cbll=-46.4652634,-23.9532384", "O_QUE_FAZER": "CARTEIRA", "ER_REGIAO_CIDADE_min": "São Vicente_Baixada Santista" }, "geometry": { "type": "Point", "coordinates": [ -46.4652634, -23.9532384 ] } },
{ "type": "Feature", "properties": { "CNPJ": "56063264000149", "IDCIDADE": "SAO_VICENTE", "NOMEFANTASIA": "MINI_MERCADO_E_DROGARIA_2_PARCEIROS", "RAZAOSOCIAL": "MINIMERCADO_E_DROGARIA_HF_LTDA", "ENDEE": "AVENIDA_CELLULA_MATTER351__PARQUE_CONTINENTAL_11348-000", "LATITUDE": "-23.9537566", "LONGITUDE": "-46.4620012", "LMAPS": "https://www.google.com/maps?q=&layer=c&cbll=-46.4620012,-23.9537566", "O_QUE_FAZER": "CARTEIRA", "ER_REGIAO_CIDADE_min": "São Vicente_Baixada Santista" }, "geometry": { "type": "Point", "coordinates": [ -46.4620012, -23.9537566 ] } },
{ "type": "Feature", "properties": { "CNPJ": "42378492000101", "IDCIDADE": "SAO_VICENTE", "NOMEFANTASIA": "EVOLUGYM", "RAZAOSOCIAL": "JACKELINE_BARBARA_GOMES", "ENDEE": "AVENIDA_CELLULA_MATTER430__PARQUE_CONTINENTAL_11348-000", "LATITUDE": "-23.9544993", "LONGITUDE": "-46.4609739", "LMAPS": "https://www.google.com/maps?q=&layer=c&cbll=-46.4609739,-23.9544993", "O_QUE_FAZER": "CARTEIRA", "ER_REGIAO_CIDADE_min": "São Vicente_Baixada Santista" }, "geometry": { "type": "Point", "coordinates": [ -46.4609739, -23.9544993 ] } },
{ "type": "Feature", "properties": { "CNPJ": "24376730000150", "IDCIDADE": "SAO_VICENTE", "NOMEFANTASIA": "SACOLAO_DO_DAO", "RAZAOSOCIAL": "D._F._ANDRADE_HORTIFRUTI", "ENDEE": "AVENIDA_CELLULA_MATTER625__PARQUE_CONTINENTAL_11348-000", "LATITUDE": "-23.9548733", "LONGITUDE": "-46.4590683", "LMAPS": "https://www.google.com/maps?q=&layer=c&cbll=-46.4590683,-23.9548733", "O_QUE_FAZER": "CARTEIRA", "ER_REGIAO_CIDADE_min": "São Vicente_Baixada Santista" }, "geometry": { "type": "Point", "coordinates": [ -46.4590683, -23.9548733 ] } },
{ "type": "Feature", "properties": { "CNPJ": "00338086000167", "IDCIDADE": "SAO_VICENTE", "NOMEFANTASIA": "CARDOSO_MATERIAIS_PARA_CONSTRUCAO", "RAZAOSOCIAL": "MARIA_ERENITI_CARDOSO_DA_SILVA_MATERIAIS_DE_CONSTRUCAO", "ENDEE": "AVENIDA_CELLULA_MATTER970__PARQUE_CONTINENTAL_11348-000", "LATITUDE": "-23.9564082", "LONGITUDE": "-46.4552589", "LMAPS": "https://www.google.com/maps?q=&layer=c&cbll=-46.4552589,-23.9564082", "O_QUE_FAZER": "CARTEIRA", "ER_REGIAO_CIDADE_min": "São Vicente_Baixada Santista" }, "geometry": { "type": "Point", "coordinates": [ -46.4552589, -23.9564082 ] } },
{ "type": "Feature", "properties": { "CNPJ": "27492269000199", "IDCIDADE": "SAO_VICENTE", "NOMEFANTASIA": "PANIFICADORA_MAOS_DE_FADA", "RAZAOSOCIAL": "ALEXSANDRA._A_DE_SOUZA_ARAUJO_PANIFICADORA", "ENDEE": "RUA_JOAO_FRANCISCO160__PARQUE_CONTINENTAL_11348-010", "LATITUDE": "-23.9527441", "LONGITUDE": "-46.4654168", "LMAPS": "https://www.google.com/maps?q=&layer=c&cbll=-46.4654168,-23.9527441", "O_QUE_FAZER": "CARTEIRA", "ER_REGIAO_CIDADE_min": "São Vicente_Baixada Santista" }, "geometry": { "type": "Point", "coordinates": [ -46.4654168, -23.9527441 ] } },
{ "type": "Feature", "properties": { "CNPJ": "02970933000137", "IDCIDADE": "SAO_VICENTE", "NOMEFANTASIA": "CASA_DE_CARNES_ONDAS_DO_MAR", "RAZAOSOCIAL": "MERCADO_SEA_LTDA", "ENDEE": "AVENIDA_DESEMBARGADOR_ANTONIO_CARLOS_DE_ALMEIDA_RIBEIRO545__PARQUE_CONTINENTAL_11348-050", "LATITUDE": "-23.9551959", "LONGITUDE": "-46.4603555", "LMAPS": "https://www.google.com/maps?q=&layer=c&cbll=-46.4603555,-23.9551959", "O_QUE_FAZER": "CARTEIRA", "ER_REGIAO_CIDADE_min": "São Vicente_Baixada Santista" }, "geometry": { "type": "Point", "coordinates": [ -46.4603555, -23.9551959 ] } },
{ "type": "Feature", "properties": { "CNPJ": "30244090000127", "IDCIDADE": "SAO_VICENTE", "NOMEFANTASIA": "PANIFICADORA_CONTINENTAL", "RAZAOSOCIAL": "SUELENE_CASTRO_BRAGA_DOS_SANTOS", "ENDEE": "AVENIDA_ANTONIO_CARNEIRO_LOPES475__PARQUE_CONTINENTAL_11348-250", "LATITUDE": "-23.9541053", "LONGITUDE": "-46.4548418", "LMAPS": "https://www.google.com/maps?q=&layer=c&cbll=-46.4548418,-23.9541053", "O_QUE_FAZER": "CARTEIRA", "ER_REGIAO_CIDADE_min": "São Vicente_Baixada Santista" }, "geometry": { "type": "Point", "coordinates": [ -46.4548418, -23.9541053 ] } },
{ "type": "Feature", "properties": { "CNPJ": "28788745000186", "IDCIDADE": "SAO_VICENTE", "NOMEFANTASIA": "ARMAZEM_BRASIL", "RAZAOSOCIAL": "ALEXANDRE_MARTINS_PERES_LTDA", "ENDEE": "AVENIDA_ANTONIO_CARNEIRO_LOPES6__PARQUE_CONTINENTAL_11348-250", "LATITUDE": "-23.9542224", "LONGITUDE": "-46.4545522", "LMAPS": "https://www.google.com/maps?q=&layer=c&cbll=-46.4545522,-23.9542224", "O_QUE_FAZER": "CARTEIRA", "ER_REGIAO_CIDADE_min": "São Vicente_Baixada Santista" }, "geometry": { "type": "Point", "coordinates": [ -46.4545522, -23.9542224 ] } },
{ "type": "Feature", "properties": { "CNPJ": "06087442000101", "IDCIDADE": "SAO_VICENTE", "NOMEFANTASIA": "BOMBONIERE_STEPHANIE", "RAZAOSOCIAL": "MARINEIDE_CLAUDIA_DOS_SANTOS_ROMAO", "ENDEE": "AVENIDA_DOUTOR_JOSE_SINGER100__CONJUNTO_RESIDENCIAL_HUMAITA_11349-000", "LATITUDE": "-23.9483432", "LONGITUDE": "-46.4635122", "LMAPS": "https://www.google.com/maps?q=&layer=c&cbll=-46.4635122,-23.9483432", "O_QUE_FAZER": "CARTEIRA", "ER_REGIAO_CIDADE_min": "São Vicente_Baixada Santista" }, "geometry": { "type": "Point", "coordinates": [ -46.4635122, -23.9483432 ] } },
{ "type": "Feature", "properties": { "CNPJ": "07039318000125", "IDCIDADE": "SAO_VICENTE", "NOMEFANTASIA": "PET_SHOP_PICHARRO", "RAZAOSOCIAL": "ESTENIO_RODRIGUES_DA_SILVA", "ENDEE": "AVENIDA_DOUTOR_JOSE_SINGER129__CONJUNTO_RESIDENCIAL_HUMAITA_11349-000", "LATITUDE": "-23.9483495", "LONGITUDE": "-46.4631464", "LMAPS": "https://www.google.com/maps?q=&layer=c&cbll=-46.4631464,-23.9483495", "O_QUE_FAZER": "CARTEIRA", "ER_REGIAO_CIDADE_min": "São Vicente_Baixada Santista" }, "geometry": { "type": "Point", "coordinates": [ -46.4631464, -23.9483495 ] } },
{ "type": "Feature", "properties": { "CNPJ": "41280690000167", "IDCIDADE": "SAO_VICENTE", "NOMEFANTASIA": "PADARIA_BELLA_HUMAITA", "RAZAOSOCIAL": "V._A._CASA_DE_PAES_DO_HUMAITA_LTDA", "ENDEE": "AVENIDA_DOUTOR_JOSE_SINGER144__CONJUNTO_RESIDENCIAL_HUMAITA_11349-000", "LATITUDE": "-23.9484468", "LONGITUDE": "-46.4629725", "LMAPS": "https://www.google.com/maps?q=&layer=c&cbll=-46.4629725,-23.9484468", "O_QUE_FAZER": "CARTEIRA", "ER_REGIAO_CIDADE_min": "São Vicente_Baixada Santista" }, "geometry": { "type": "Point", "coordinates": [ -46.4629725, -23.9484468 ] } },
{ "type": "Feature", "properties": { "CNPJ": "39311233000140", "IDCIDADE": "SAO_VICENTE", "NOMEFANTASIA": "R_C_PET_SHOP", "RAZAOSOCIAL": "E_M_GONCALVES_RACOES", "ENDEE": "AVENIDA_DOUTOR_JOSE_SINGER226__CONJUNTO_RESIDENCIAL_HUMAITA_11349-000", "LATITUDE": "-23.9486594", "LONGITUDE": "-46.4622786", "LMAPS": "https://www.google.com/maps?q=&layer=c&cbll=-46.4622786,-23.9486594", "O_QUE_FAZER": "CARTEIRA", "ER_REGIAO_CIDADE_min": "São Vicente_Baixada Santista" }, "geometry": { "type": "Point", "coordinates": [ -46.4622786, -23.9486594 ] } },
{ "type": "Feature", "properties": { "CNPJ": "44322392000180", "IDCIDADE": "SAO_VICENTE", "NOMEFANTASIA": "ODONTOCOMPANY", "RAZAOSOCIAL": "ALFA_SERVICOS_ODONTOLOGICOS_LTDA", "ENDEE": "AVENIDA_DOUTOR_JOSE_SINGER246__CONJUNTO_RESIDENCIAL_HUMAITA_11349-000", "LATITUDE": "-23.9487197", "LONGITUDE": "-46.46214", "LMAPS": "https://www.google.com/maps?q=&layer=c&cbll=-46.46214,-23.9487197", "O_QUE_FAZER": "CARTEIRA", "ER_REGIAO_CIDADE_min": "São Vicente_Baixada Santista" }, "geometry": { "type": "Point", "coordinates": [ -46.46214, -23.9487197 ] } },
{ "type": "Feature", "properties": { "CNPJ": "38026626000140", "IDCIDADE": "SAO_VICENTE", "NOMEFANTASIA": "ODONTOCOMPANY_-_HUMAITA", "RAZAOSOCIAL": "CLINICA_ODONTOLOGICA_CONTINENTAL_SV_LTDA", "ENDEE": "AVENIDA_DOUTOR_JOSE_SINGER246__CONJUNTO_RESIDENCIAL_HUMAITA_11349-000", "LATITUDE": "-23.9487607", "LONGITUDE": "-46.4621525", "LMAPS": "https://www.google.com/maps?q=&layer=c&cbll=-46.4621525,-23.9487607", "O_QUE_FAZER": "CARTEIRA", "ER_REGIAO_CIDADE_min": "São Vicente_Baixada Santista" }, "geometry": { "type": "Point", "coordinates": [ -46.4621525, -23.9487607 ] } },
{ "type": "Feature", "properties": { "CNPJ": "57439705000127", "IDCIDADE": "SAO_VICENTE", "NOMEFANTASIA": "MERCADO_GODOY", "RAZAOSOCIAL": "MARINA_CELIA_SILVA_DOS_SANTOS-BAR_E_MERCEARIA", "ENDEE": "AVENIDA_DOUTOR_JOSE_SINGER286__CONJUNTO_RESIDENCIAL_HUMAITA_11349-000", "LATITUDE": "-23.9489148", "LONGITUDE": "-46.4617395", "LMAPS": "https://www.google.com/maps?q=&layer=c&cbll=-46.4617395,-23.9489148", "O_QUE_FAZER": "CARTEIRA", "ER_REGIAO_CIDADE_min": "São Vicente_Baixada Santista" }, "geometry": { "type": "Point", "coordinates": [ -46.4617395, -23.9489148 ] } },
{ "type": "Feature", "properties": { "CNPJ": "24731023000800", "IDCIDADE": "SAO_VICENTE", "NOMEFANTASIA": "BOI_DO_LITORAL", "RAZAOSOCIAL": "CASA_DE_CARNES_BDL_LTDA", "ENDEE": "AVENIDA_DOUTOR_JOSE_SINGER292__CONJUNTO_RESIDENCIAL_HUMAITA_11349-000", "LATITUDE": "-23.9489509", "LONGITUDE": "-46.461638", "LMAPS": "https://www.google.com/maps?q=&layer=c&cbll=-46.461638,-23.9489509", "O_QUE_FAZER": "CARTEIRA", "ER_REGIAO_CIDADE_min": "São Vicente_Baixada Santista" }, "geometry": { "type": "Point", "coordinates": [ -46.461638, -23.9489509 ] } },
{ "type": "Feature", "properties": { "CNPJ": "25368669000161", "IDCIDADE": "SAO_VICENTE", "NOMEFANTASIA": "LOJAS_NOEMIA", "RAZAOSOCIAL": "ELIZABETE_SANTANA_DA_SILVA_DIONIZIO", "ENDEE": "AVENIDA_DOUTOR_JOSE_SINGER437__CONJUNTO_RESIDENCIAL_HUMAITA_11349-000", "LATITUDE": "-23.9492215", "LONGITUDE": "-46.4603081", "LMAPS": "https://www.google.com/maps?q=&layer=c&cbll=-46.4603081,-23.9492215", "O_QUE_FAZER": "CARTEIRA", "ER_REGIAO_CIDADE_min": "São Vicente_Baixada Santista" }, "geometry": { "type": "Point", "coordinates": [ -46.4603081, -23.9492215 ] } },
{ "type": "Feature", "properties": { "CNPJ": "14439596000135", "IDCIDADE": "SAO_VICENTE", "NOMEFANTASIA": "CHAVEIRO_BRUNO", "RAZAOSOCIAL": "EDSON_B_F_M_VAZ_CHAVEIRO", "ENDEE": "AVENIDA_DOUTOR_JOSE_SINGER484__CONJUNTO_RESIDENCIAL_HUMAITA_11349-000", "LATITUDE": "-23.9494968", "LONGITUDE": "-46.4597288", "LMAPS": "https://www.google.com/maps?q=&layer=c&cbll=-46.4597288,-23.9494968", "O_QUE_FAZER": "CARTEIRA", "ER_REGIAO_CIDADE_min": "São Vicente_Baixada Santista" }, "geometry": { "type": "Point", "coordinates": [ -46.4597288, -23.9494968 ] } },
{ "type": "Feature", "properties": { "CNPJ": "01679699000120", "IDCIDADE": "SAO_VICENTE", "NOMEFANTASIA": "LOJA_MAGNIFICA", "RAZAOSOCIAL": "COMERCIAL_MARTINS_&_MARTINS_LTDA", "ENDEE": "AVENIDA_DOUTOR_JOSE_SINGER618__CONJUNTO_RESIDENCIAL_HUMAITA_11349-000", "LATITUDE": "-23.9498898", "LONGITUDE": "-46.4586811", "LMAPS": "https://www.google.com/maps?q=&layer=c&cbll=-46.4586811,-23.9498898", "O_QUE_FAZER": "CARTEIRA", "ER_REGIAO_CIDADE_min": "São Vicente_Baixada Santista" }, "geometry": { "type": "Point", "coordinates": [ -46.4586811, -23.9498898 ] } },
{ "type": "Feature", "properties": { "CNPJ": "26657331000192", "IDCIDADE": "SAO_VICENTE", "NOMEFANTASIA": "REDE_POPULAR", "RAZAOSOCIAL": "REDE_POPULAR_DROGARIA_&_PERFUMARIA_LTDA", "ENDEE": "AVENIDA_DOUTOR_JOSE_SINGER633__CONJUNTO_RESIDENCIAL_HUMAITA_11349-000", "LATITUDE": "-23.9498876", "LONGITUDE": "-46.4584428", "LMAPS": "https://www.google.com/maps?q=&layer=c&cbll=-46.4584428,-23.9498876", "O_QUE_FAZER": "CARTEIRA", "ER_REGIAO_CIDADE_min": "São Vicente_Baixada Santista" }, "geometry": { "type": "Point", "coordinates": [ -46.4584428, -23.9498876 ] } },
{ "type": "Feature", "properties": { "CNPJ": "22809084000141", "IDCIDADE": "SAO_VICENTE", "NOMEFANTASIA": "JS_ACABAMENTOS", "RAZAOSOCIAL": "MF_PISOS_E_ACABAMENTOS_LTDA", "ENDEE": "AVENIDA_DOUTOR_JOSE_SINGER642__CONJUNTO_RESIDENCIAL_HUMAITA_11349-000", "LATITUDE": "-23.9498991", "LONGITUDE": "-46.4584499", "LMAPS": "https://www.google.com/maps?q=&layer=c&cbll=-46.4584499,-23.9498991", "O_QUE_FAZER": "CARTEIRA", "ER_REGIAO_CIDADE_min": "São Vicente_Baixada Santista" }, "geometry": { "type": "Point", "coordinates": [ -46.4584499, -23.9498991 ] } },
{ "type": "Feature", "properties": { "CNPJ": "48573576000174", "IDCIDADE": "SAO_VICENTE", "NOMEFANTASIA": "BELISSIMA_COSMETICOS", "RAZAOSOCIAL": "BELISSIMA_COSMETICOS_HUMAITA_LTDA", "ENDEE": "AVENIDA_DOUTOR_JOSE_SINGER647__CONJUNTO_RESIDENCIAL_HUMAITA_11349-000", "LATITUDE": "-23.9498396", "LONGITUDE": "-46.4583829", "LMAPS": "https://www.google.com/maps?q=&layer=c&cbll=-46.4583829,-23.9498396", "O_QUE_FAZER": "CARTEIRA", "ER_REGIAO_CIDADE_min": "São Vicente_Baixada Santista" }, "geometry": { "type": "Point", "coordinates": [ -46.4583829, -23.9498396 ] } },
{ "type": "Feature", "properties": { "CNPJ": "05421132000100", "IDCIDADE": "SAO_VICENTE", "NOMEFANTASIA": "AVICOLA_SAO_GABRIEL", "RAZAOSOCIAL": "JOSE_JORGE_DOS_SANTOS_-_HUMAITA", "ENDEE": "AVENIDA_DOUTOR_JOSE_SINGER650__CONJUNTO_RESIDENCIAL_HUMAITA_11349-000", "LATITUDE": "-23.9500492", "LONGITUDE": "-46.4583407", "LMAPS": "https://www.google.com/maps?q=&layer=c&cbll=-46.4583407,-23.9500492", "O_QUE_FAZER": "CARTEIRA", "ER_REGIAO_CIDADE_min": "São Vicente_Baixada Santista" }, "geometry": { "type": "Point", "coordinates": [ -46.4583407, -23.9500492 ] } },
{ "type": "Feature", "properties": { "CNPJ": "10286831000125", "IDCIDADE": "SAO_VICENTE", "NOMEFANTASIA": "LOJAO_DA_ECONOMIA", "RAZAOSOCIAL": "BRASMAR_COMERCIO_DE_UTILIDADES_DOMESTICAS_LTDA", "ENDEE": "AVENIDA_DOUTOR_JOSE_SINGER659__CONJUNTO_RESIDENCIAL_HUMAITA_11349-000", "LATITUDE": "-23.9498935", "LONGITUDE": "-46.4582412", "LMAPS": "https://www.google.com/maps?q=&layer=c&cbll=-46.4582412,-23.9498935", "O_QUE_FAZER": "CARTEIRA", "ER_REGIAO_CIDADE_min": "São Vicente_Baixada Santista" }, "geometry": { "type": "Point", "coordinates": [ -46.4582412, -23.9498935 ] } },
{ "type": "Feature", "properties": { "CNPJ": "35183429000146", "IDCIDADE": "SAO_VICENTE", "NOMEFANTASIA": "STUDIO_CALCADOS", "RAZAOSOCIAL": "L._F._DO_NASCIMENTO_CALCADOS", "ENDEE": "AVENIDA_DOUTOR_JOSE_SINGER99__CONJUNTO_RESIDENCIAL_HUMAITA_11349-000", "LATITUDE": "-23.948292", "LONGITUDE": "-46.4633873", "LMAPS": "https://www.google.com/maps?q=&layer=c&cbll=-46.4633873,-23.948292", "O_QUE_FAZER": "CARTEIRA", "ER_REGIAO_CIDADE_min": "São Vicente_Baixada Santista" }, "geometry": { "type": "Point", "coordinates": [ -46.4633873, -23.948292 ] } },
{ "type": "Feature", "properties": { "CNPJ": "06348711000138", "IDCIDADE": "SAO_VICENTE", "NOMEFANTASIA": "CFC_PIT_STOP", "RAZAOSOCIAL": "ROBSON_MELICIO", "ENDEE": "RUA_NICOLINO_SIMONE_FILHO4197__CONJUNTO_RESIDENCIAL_HUMAITA_11349-045", "LATITUDE": "-23.9484591", "LONGITUDE": "-46.4644679", "LMAPS": "https://www.google.com/maps?q=&layer=c&cbll=-46.4644679,-23.9484591", "O_QUE_FAZER": "CARTEIRA", "ER_REGIAO_CIDADE_min": "São Vicente_Baixada Santista" }, "geometry": { "type": "Point", "coordinates": [ -46.4644679, -23.9484591 ] } },
{ "type": "Feature", "properties": { "CNPJ": "17629233000150", "IDCIDADE": "SAO_VICENTE", "NOMEFANTASIA": "OFICINA_NO_GRAU", "RAZAOSOCIAL": "NO_GRAU_MOTO_PECAS_&_LAVAGENS_UNIPESSOAL_LTDA", "ENDEE": "RUA_NICOLINO_SIMONE_FILHO4419__CONJUNTO_RESIDENCIAL_HUMAITA_11349-045", "LATITUDE": "-23.9484198", "LONGITUDE": "-46.4644757", "LMAPS": "https://www.google.com/maps?q=&layer=c&cbll=-46.4644757,-23.9484198", "O_QUE_FAZER": "CARTEIRA", "ER_REGIAO_CIDADE_min": "São Vicente_Baixada Santista" }, "geometry": { "type": "Point", "coordinates": [ -46.4644757, -23.9484198 ] } },
{ "type": "Feature", "properties": { "CNPJ": "42878573000162", "IDCIDADE": "SAO_VICENTE", "NOMEFANTASIA": "QUEBRA_PRECO", "RAZAOSOCIAL": "ART_COMERCIO_DE_ALIMENTOS_E_BEBIDAS_LTDA", "ENDEE": "RUA_CORONEL_JUSTINIANO_VASCONCELOS_PASSOS298__CONJUNTO_RESIDENCIAL_HUMAITA_11349-070", "LATITUDE": "-23.9485587", "LONGITUDE": "-46.460798", "LMAPS": "https://www.google.com/maps?q=&layer=c&cbll=-46.460798,-23.9485587", "O_QUE_FAZER": "CARTEIRA", "ER_REGIAO_CIDADE_min": "São Vicente_Baixada Santista" }, "geometry": { "type": "Point", "coordinates": [ -46.460798, -23.9485587 ] } },
{ "type": "Feature", "properties": { "CNPJ": "11953972000117", "IDCIDADE": "SAO_VICENTE", "NOMEFANTASIA": "RIO_VERDE", "RAZAOSOCIAL": "ACF_MAD_-_MADEIRA_E_MATERIAIS_DE_CONSTRUCAO_LTDA", "ENDEE": "RUA_CORONEL_JUSTINIANO_VASCONCELOS_PASSOS446__CONJUNTO_RESIDENCIAL_HUMAITA_11349-070", "LATITUDE": "-23.9490767", "LONGITUDE": "-46.459225", "LMAPS": "https://www.google.com/maps?q=&layer=c&cbll=-46.459225,-23.9490767", "O_QUE_FAZER": "CARTEIRA", "ER_REGIAO_CIDADE_min": "São Vicente_Baixada Santista" }, "geometry": { "type": "Point", "coordinates": [ -46.459225, -23.9490767 ] } },
{ "type": "Feature", "properties": { "CNPJ": "44609994000113", "IDCIDADE": "SAO_VICENTE", "NOMEFANTASIA": "PANIFICADORA_NOVA_VIDA", "RAZAOSOCIAL": "CT_PANIFICADORA_NOVA_VIDA_LTDA", "ENDEE": "RUA_CREMIRO_AZEVEDO214__CONJUNTO_RESIDENCIAL_HUMAITA_11349-080", "LATITUDE": "-23.9498629", "LONGITUDE": "-46.4566982", "LMAPS": "https://www.google.com/maps?q=&layer=c&cbll=-46.4566982,-23.9498629", "O_QUE_FAZER": "CARTEIRA", "ER_REGIAO_CIDADE_min": "São Vicente_Baixada Santista" }, "geometry": { "type": "Point", "coordinates": [ -46.4566982, -23.9498629 ] } },
{ "type": "Feature", "properties": { "CNPJ": "01715186000128", "IDCIDADE": "SAO_VICENTE", "NOMEFANTASIA": "COLEGIO_EXEMPLO", "RAZAOSOCIAL": "FREITAS_&_FREITAS_RECREACAO_INFANTIL_LTDA", "ENDEE": "RUA_SEBASTIAO_RIBEIRO_DA_SILVA5__CONJUNTO_RESIDENCIAL_HUMAITA_11349-140", "LATITUDE": "-23.9494668", "LONGITUDE": "-46.4585926", "LMAPS": "https://www.google.com/maps?q=&layer=c&cbll=-46.4585926,-23.9494668", "O_QUE_FAZER": "CARTEIRA", "ER_REGIAO_CIDADE_min": "São Vicente_Baixada Santista" }, "geometry": { "type": "Point", "coordinates": [ -46.4585926, -23.9494668 ] } },
{ "type": "Feature", "properties": { "CNPJ": "74462706000101", "IDCIDADE": "SAO_VICENTE", "NOMEFANTASIA": "MARANATA", "RAZAOSOCIAL": "MARANATA_COM_DE_MATERIAL_ELETRICO_E_HIDRAULICO_LTDA", "ENDEE": "RUA_ALFREDO_DAS_NEVES350__CONJUNTO_RESIDENCIAL_HUMAITA_11349-190", "LATITUDE": "-23.9506531", "LONGITUDE": "-46.4596157", "LMAPS": "https://www.google.com/maps?q=&layer=c&cbll=-46.4596157,-23.9506531", "O_QUE_FAZER": "CARTEIRA", "ER_REGIAO_CIDADE_min": "São Vicente_Baixada Santista" }, "geometry": { "type": "Point", "coordinates": [ -46.4596157, -23.9506531 ] } },
{ "type": "Feature", "properties": { "CNPJ": "12079889000123", "IDCIDADE": "SAO_VICENTE", "NOMEFANTASIA": "MEGA_MODAS", "RAZAOSOCIAL": "J_L_W_MODAS_COMERCIO_DE_ROUPAS_LTDA", "ENDEE": "RUA_ARIOVALDO_DE_OLIVEIRA_ROSA124__CONJUNTO_RESIDENCIAL_HUMAITA_11349-260", "LATITUDE": "-23.9507435", "LONGITUDE": "-46.4584392", "LMAPS": "https://www.google.com/maps?q=&layer=c&cbll=-46.4584392,-23.9507435", "O_QUE_FAZER": "CARTEIRA", "ER_REGIAO_CIDADE_min": "São Vicente_Baixada Santista" }, "geometry": { "type": "Point", "coordinates": [ -46.4584392, -23.9507435 ] } },
{ "type": "Feature", "properties": { "CNPJ": "22192837000112", "IDCIDADE": "SAO_VICENTE", "NOMEFANTASIA": "AMIGOS_VETERINARIA", "RAZAOSOCIAL": "LUANA_CUNHA_DA_MOTA_PET_SHOP", "ENDEE": "RUA_ARIOVALDO_DE_OLIVEIRA_ROSA140__CONJUNTO_RESIDENCIAL_HUMAITA_11349-260", "LATITUDE": "-23.9508063", "LONGITUDE": "-46.45808", "LMAPS": "https://www.google.com/maps?q=&layer=c&cbll=-46.45808,-23.9508063", "O_QUE_FAZER": "CARTEIRA", "ER_REGIAO_CIDADE_min": "São Vicente_Baixada Santista" }, "geometry": { "type": "Point", "coordinates": [ -46.45808, -23.9508063 ] } },
{ "type": "Feature", "properties": { "CNPJ": "52068405000165", "IDCIDADE": "SAO_VICENTE", "NOMEFANTASIA": "HELOIZA_PRODUTOS_NATURAIS", "RAZAOSOCIAL": "JUSCIENE_DO_NASCIMENTO_AMORIM", "ENDEE": "RUA_ARIOVALDO_DE_OLIVEIRA_ROSA154__CONJUNTO_RESIDENCIAL_HUMAITA_11349-260", "LATITUDE": "-23.9507319", "LONGITUDE": "-46.4579958", "LMAPS": "https://www.google.com/maps?q=&layer=c&cbll=-46.4579958,-23.9507319", "O_QUE_FAZER": "CARTEIRA", "ER_REGIAO_CIDADE_min": "São Vicente_Baixada Santista" }, "geometry": { "type": "Point", "coordinates": [ -46.4579958, -23.9507319 ] } },
{ "type": "Feature", "properties": { "CNPJ": "36647601000138", "IDCIDADE": "SAO_VICENTE", "NOMEFANTASIA": "LH_MERCEARIA", "RAZAOSOCIAL": "LUCIENE_BRAGA_DOS_SANTOS", "ENDEE": "RUA_ARIOVALDO_ROSA455__CONJUNTO_RESIDENCIAL_HUMAITA_11349-260", "LATITUDE": "-23.95165", "LONGITUDE": "-46.4550478", "LMAPS": "https://www.google.com/maps?q=&layer=c&cbll=-46.4550478,-23.95165", "O_QUE_FAZER": "CARTEIRA", "ER_REGIAO_CIDADE_min": "São Vicente_Baixada Santista" }, "geometry": { "type": "Point", "coordinates": [ -46.4550478, -23.95165 ] } },
{ "type": "Feature", "properties": { "CNPJ": "11235954000108", "IDCIDADE": "SAO_VICENTE", "NOMEFANTASIA": "SM_AUTO_PECAS", "RAZAOSOCIAL": "MARCELO_MOREIRA", "ENDEE": "RUA_ANTONIO_PACIFICO302__CONJUNTO_RESIDENCIAL_HUMAITA_11349-285", "LATITUDE": "-23.9485706", "LONGITUDE": "-46.4640488", "LMAPS": "https://www.google.com/maps?q=&layer=c&cbll=-46.4640488,-23.9485706", "O_QUE_FAZER": "CARTEIRA", "ER_REGIAO_CIDADE_min": "São Vicente_Baixada Santista" }, "geometry": { "type": "Point", "coordinates": [ -46.4640488, -23.9485706 ] } },
{ "type": "Feature", "properties": { "CNPJ": "07431998000128", "IDCIDADE": "SAO_VICENTE", "NOMEFANTASIA": "PALACIO_DAS_RACOES", "RAZAOSOCIAL": "ARIANA_CRUZ_ALVES_DOS_SANTOS_-_RACOES", "ENDEE": "RUA_3885__CONJ.HUMAITA_11349-290", "LATITUDE": "-23.9502369", "LONGITUDE": "-46.4583994", "LMAPS": "https://www.google.com/maps?q=&layer=c&cbll=-46.4583994,-23.9502369", "O_QUE_FAZER": "CARTEIRA", "ER_REGIAO_CIDADE_min": "São Vicente_Baixada Santista" }, "geometry": { "type": "Point", "coordinates": [ -46.4583994, -23.9502369 ] } },
{ "type": "Feature", "properties": { "CNPJ": "10585256000161", "IDCIDADE": "SAO_VICENTE", "NOMEFANTASIA": "ADEGA_DO_PETA", "RAZAOSOCIAL": "PEDRO_MENDES_DE_ARAUJO_LEITE", "ENDEE": "RUA_IRMA_MARIA_RITA_DE_SOUZA_BRITO_LOPES50__CONJUNTO_RESIDENCIAL_HUMAITA_11349-330", "LATITUDE": "-23.950643", "LONGITUDE": "-46.4565265", "LMAPS": "https://www.google.com/maps?q=&layer=c&cbll=-46.4565265,-23.950643", "O_QUE_FAZER": "CARTEIRA", "ER_REGIAO_CIDADE_min": "São Vicente_Baixada Santista" }, "geometry": { "type": "Point", "coordinates": [ -46.4565265, -23.950643 ] } },
{ "type": "Feature", "properties": { "CNPJ": "32017710000110", "IDCIDADE": "SAO_VICENTE", "NOMEFANTASIA": "CIA_DO_CORPO", "RAZAOSOCIAL": "CLEBER_ROBERTO_DE_SOUZA_SEVERINO_ACADEMIA", "ENDEE": "RUA_MANOEL_CAVALCANTE_DE_SOUZA89__CONJUNTO_RESIDENCIAL_HUMAITA_11349-330", "LATITUDE": "-23.952029", "LONGITUDE": "-46.4513995", "LMAPS": "https://www.google.com/maps?q=&layer=c&cbll=-46.4513995,-23.952029", "O_QUE_FAZER": "CARTEIRA", "ER_REGIAO_CIDADE_min": "São Vicente_Baixada Santista" }, "geometry": { "type": "Point", "coordinates": [ -46.4513995, -23.952029 ] } },
{ "type": "Feature", "properties": { "CNPJ": "01301876000130", "IDCIDADE": "SAO_VICENTE", "NOMEFANTASIA": "COMERCIAL_KC", "RAZAOSOCIAL": "COMERCIAL_K._C._LTDA", "ENDEE": "RUA_HATCHIC_ARMENIO_CAICHJIAN209__CONJUNTO_RESIDENCIAL_HUMAITA_11349-390", "LATITUDE": "-23.9491777", "LONGITUDE": "-46.4593198", "LMAPS": "https://www.google.com/maps?q=&layer=c&cbll=-46.4593198,-23.9491777", "O_QUE_FAZER": "CARTEIRA", "ER_REGIAO_CIDADE_min": "São Vicente_Baixada Santista" }, "geometry": { "type": "Point", "coordinates": [ -46.4593198, -23.9491777 ] } },
{ "type": "Feature", "properties": { "CNPJ": "54038008000176", "IDCIDADE": "SAO_VICENTE", "NOMEFANTASIA": "NATUICE", "RAZAOSOCIAL": "SORVETES_NATUICE_HUMAITA_LTDA", "ENDEE": "RUA_HATCHIC_ARMENIO_CAICHJIAN216__CONJUNTO_RESIDENCIAL_HUMAITA_11349-390", "LATITUDE": "-23.9493393", "LONGITUDE": "-46.4593907", "LMAPS": "https://www.google.com/maps?q=&layer=c&cbll=-46.4593907,-23.9493393", "O_QUE_FAZER": "CARTEIRA", "ER_REGIAO_CIDADE_min": "São Vicente_Baixada Santista" }, "geometry": { "type": "Point", "coordinates": [ -46.4593907, -23.9493393 ] } },
{ "type": "Feature", "properties": { "CNPJ": "15303756000187", "IDCIDADE": "SAO_VICENTE", "NOMEFANTASIA": "DROGA_FARMA", "RAZAOSOCIAL": "EDVALDO_M._C._-_DROGARIA", "ENDEE": "RUA_HATCHIC_ARMENIO_CAICHJIAN232__CONJUNTO_RESIDENCIAL_HUMAITA_11349-390", "LATITUDE": "-23.949436", "LONGITUDE": "-46.4594906", "LMAPS": "https://www.google.com/maps?q=&layer=c&cbll=-46.4594906,-23.949436", "O_QUE_FAZER": "CARTEIRA", "ER_REGIAO_CIDADE_min": "São Vicente_Baixada Santista" }, "geometry": { "type": "Point", "coordinates": [ -46.4594906, -23.949436 ] } },
{ "type": "Feature", "properties": { "CNPJ": "33198914000168", "IDCIDADE": "SAO_VICENTE", "NOMEFANTASIA": "PADARIA_NOVA_ALIANCA", "RAZAOSOCIAL": "MARCELO_BELO_DE_ANDRADE", "ENDEE": "RUA_NOVA_MARIANA160__VILA_NOVA_MARIANA_11349-500", "LATITUDE": "-23.9533995", "LONGITUDE": "-46.4503479", "LMAPS": "https://www.google.com/maps?q=&layer=c&cbll=-46.4503479,-23.9533995", "O_QUE_FAZER": "CARTEIRA", "ER_REGIAO_CIDADE_min": "São Vicente_Baixada Santista" }, "geometry": { "type": "Point", "coordinates": [ -46.4503479, -23.9533995 ] } },
{ "type": "Feature", "properties": { "CNPJ": "10559732000170", "IDCIDADE": "SAO_VICENTE", "NOMEFANTASIA": "POSTO_NAUTICA", "RAZAOSOCIAL": "AUTO_POSTO_NAUTICA_FREI_GASPAR_LTDA", "ENDEE": "RUA_FREI_GASPAR3304__CIDADE_NAUTICA_11350-000", "LATITUDE": "-23.9540254", "LONGITUDE": "-46.408088", "LMAPS": "https://www.google.com/maps?q=&layer=c&cbll=-46.408088,-23.9540254", "O_QUE_FAZER": "CARTEIRA", "ER_REGIAO_CIDADE_min": "São Vicente_Baixada Santista" }, "geometry": { "type": "Point", "coordinates": [ -46.408088, -23.9540254 ] } },
{ "type": "Feature", "properties": { "CNPJ": "51083228000123", "IDCIDADE": "SAO_VICENTE", "NOMEFANTASIA": "AVICOLA_BONSUCESSO", "RAZAOSOCIAL": "AVICOLA_BONSUCESSO_LIMITADA", "ENDEE": "RUA_FREI_GASPAR3338__CIDADE_NAUTICA_11350-000", "LATITUDE": "-23.9537611", "LONGITUDE": "-46.4084446", "LMAPS": "https://www.google.com/maps?q=&layer=c&cbll=-46.4084446,-23.9537611", "O_QUE_FAZER": "CARTEIRA", "ER_REGIAO_CIDADE_min": "São Vicente_Baixada Santista" }, "geometry": { "type": "Point", "coordinates": [ -46.4084446, -23.9537611 ] } },
{ "type": "Feature", "properties": { "CNPJ": "27545976000104", "IDCIDADE": "SAO_VICENTE", "NOMEFANTASIA": "MARMORARIA_SANTA_RITA", "RAZAOSOCIAL": "LUIS_FERNANDO_GONCALVES_MARMORES_E_GRANITOS", "ENDEE": "RUA_FREI_GASPAR3879__CIDADE_NAUTICA_11350-000", "LATITUDE": "-23.9501168", "LONGITUDE": "-46.4118201", "LMAPS": "https://www.google.com/maps?q=&layer=c&cbll=-46.4118201,-23.9501168", "O_QUE_FAZER": "CARTEIRA", "ER_REGIAO_CIDADE_min": "São Vicente_Baixada Santista" }, "geometry": { "type": "Point", "coordinates": [ -46.4118201, -23.9501168 ] } },
{ "type": "Feature", "properties": { "CNPJ": "29802351000106", "IDCIDADE": "SAO_VICENTE", "NOMEFANTASIA": "BETA_POWER_AUTOCENTER", "RAZAOSOCIAL": "RONALDO_DOMINGUES_ALVES", "ENDEE": "RUA_FREI_GASPAR3949__CIDADE_NAUTICA_11350-000", "LATITUDE": "-23.949624", "LONGITUDE": "-46.4122965", "LMAPS": "https://www.google.com/maps?q=&layer=c&cbll=-46.4122965,-23.949624", "O_QUE_FAZER": "CARTEIRA", "ER_REGIAO_CIDADE_min": "São Vicente_Baixada Santista" }, "geometry": { "type": "Point", "coordinates": [ -46.4122965, -23.949624 ] } },
{ "type": "Feature", "properties": { "CNPJ": "08764039000197", "IDCIDADE": "SAO_VICENTE", "NOMEFANTASIA": "DINO_AUTO_CENTER", "RAZAOSOCIAL": "DINO_AMERICO_DOS_SANTOS", "ENDEE": "RUA_FREI_GASPAR4440__CIDADE_NAUTICA_11350-000", "LATITUDE": "-23.9457492", "LONGITUDE": "-46.4148379", "LMAPS": "https://www.google.com/maps?q=&layer=c&cbll=-46.4148379,-23.9457492", "O_QUE_FAZER": "CARTEIRA", "ER_REGIAO_CIDADE_min": "São Vicente_Baixada Santista" }, "geometry": { "type": "Point", "coordinates": [ -46.4148379, -23.9457492 ] } },
{ "type": "Feature", "properties": { "CNPJ": "30576220000129", "IDCIDADE": "SAO_VICENTE", "NOMEFANTASIA": "SUPER_POPULAR_FARMACIA", "RAZAOSOCIAL": "DROGARIA_SUPER_POPULAR_PRECOS_POPULARES_LTDA", "ENDEE": "AVENIDA_DOM_PEDRO_II1010__CIDADE_NAUTICA_11350-100", "LATITUDE": "-23.942129", "LONGITUDE": "-46.4154213", "LMAPS": "https://www.google.com/maps?q=&layer=c&cbll=-46.4154213,-23.942129", "O_QUE_FAZER": "CARTEIRA", "ER_REGIAO_CIDADE_min": "São Vicente_Baixada Santista" }, "geometry": { "type": "Point", "coordinates": [ -46.4154213, -23.942129 ] } },
{ "type": "Feature", "properties": { "CNPJ": "05874101000105", "IDCIDADE": "SAO_VICENTE", "NOMEFANTASIA": "PET_SHOP_BELEZA_ANIMAL", "RAZAOSOCIAL": "MARCOS_DOS_SANTOS_PATRICIO_-_RACOES", "ENDEE": "AVENIDA_DOM_PEDRO_II1010__CIDADE_NAUTICA_11350-100", "LATITUDE": "-23.9421766", "LONGITUDE": "-46.4155577", "LMAPS": "https://www.google.com/maps?q=&layer=c&cbll=-46.4155577,-23.9421766", "O_QUE_FAZER": "CARTEIRA", "ER_REGIAO_CIDADE_min": "São Vicente_Baixada Santista" }, "geometry": { "type": "Point", "coordinates": [ -46.4155577, -23.9421766 ] } },
{ "type": "Feature", "properties": { "CNPJ": "47647345000103", "IDCIDADE": "SAO_VICENTE", "NOMEFANTASIA": "GHEO_COSMETICOS", "RAZAOSOCIAL": "GHEO_COSMETICOS_E_PERFUMARIA_LTDA", "ENDEE": "AVENIDA_DOM_PEDRO_II1085__CIDADE_NAUTICA_11350-100", "LATITUDE": "-23.9423304", "LONGITUDE": "-46.4156693", "LMAPS": "https://www.google.com/maps?q=&layer=c&cbll=-46.4156693,-23.9423304", "O_QUE_FAZER": "CARTEIRA", "ER_REGIAO_CIDADE_min": "São Vicente_Baixada Santista" }, "geometry": { "type": "Point", "coordinates": [ -46.4156693, -23.9423304 ] } },
{ "type": "Feature", "properties": { "CNPJ": "01432549000118", "IDCIDADE": "SAO_VICENTE", "NOMEFANTASIA": "BAZAR_DA_CONSTRUCAO", "RAZAOSOCIAL": "AGC_DE_OLIVEIRA_CONSTRUCAO", "ENDEE": "AVENIDA_DOM_PEDRO_II1085__CIDADE_NAUTICA_11350-100", "LATITUDE": "-23.9424648", "LONGITUDE": "-46.4156307", "LMAPS": "https://www.google.com/maps?q=&layer=c&cbll=-46.4156307,-23.9424648", "O_QUE_FAZER": "CARTEIRA", "ER_REGIAO_CIDADE_min": "São Vicente_Baixada Santista" }, "geometry": { "type": "Point", "coordinates": [ -46.4156307, -23.9424648 ] } },
{ "type": "Feature", "properties": { "CNPJ": "21861667000159", "IDCIDADE": "SAO_VICENTE", "NOMEFANTASIA": "NOVO_SORRISO", "RAZAOSOCIAL": "CLINICA_ODONTOLOGICA_NOVO_SORRISO_LTDA", "ENDEE": "AVENIDA_DOM_PEDRO_II237__CIDADE_NAUTICA_11350-100", "LATITUDE": "-23.9484505", "LONGITUDE": "-46.4106801", "LMAPS": "https://www.google.com/maps?q=&layer=c&cbll=-46.4106801,-23.9484505", "O_QUE_FAZER": "CARTEIRA", "ER_REGIAO_CIDADE_min": "São Vicente_Baixada Santista" }, "geometry": { "type": "Point", "coordinates": [ -46.4106801, -23.9484505 ] } },
{ "type": "Feature", "properties": { "CNPJ": "22077989000174", "IDCIDADE": "SAO_VICENTE", "NOMEFANTASIA": "NOVA_JORGETE", "RAZAOSOCIAL": "PANIFICADORA_NOVA_JORGETE_LTDA", "ENDEE": "AVENIDA_DOM_PEDRO_II395__CIDADE_NAUTICA_11350-100", "LATITUDE": "-23.9473868", "LONGITUDE": "-46.4115392", "LMAPS": "https://www.google.com/maps?q=&layer=c&cbll=-46.4115392,-23.9473868", "O_QUE_FAZER": "CARTEIRA", "ER_REGIAO_CIDADE_min": "São Vicente_Baixada Santista" }, "geometry": { "type": "Point", "coordinates": [ -46.4115392, -23.9473868 ] } },
{ "type": "Feature", "properties": { "CNPJ": "22156216000183", "IDCIDADE": "SAO_VICENTE", "NOMEFANTASIA": "BAZAR_FERNANDES", "RAZAOSOCIAL": "BAZAR_F._FERNANDES_VARIEDADES_LTDA", "ENDEE": "AVENIDA_DOM_PEDRO_II834__CIDADE_NAUTICA_11350-100", "LATITUDE": "-23.9435931", "LONGITUDE": "-46.4142896", "LMAPS": "https://www.google.com/maps?q=&layer=c&cbll=-46.4142896,-23.9435931", "O_QUE_FAZER": "CARTEIRA", "ER_REGIAO_CIDADE_min": "São Vicente_Baixada Santista" }, "geometry": { "type": "Point", "coordinates": [ -46.4142896, -23.9435931 ] } },
{ "type": "Feature", "properties": { "CNPJ": "26368622000160", "IDCIDADE": "SAO_VICENTE", "NOMEFANTASIA": "D_E_D_VARIEDADES", "RAZAOSOCIAL": "MIGUEL_SANTOS_GUEDES", "ENDEE": "AVENIDA_DOM_PEDRO_II892__CIDADE_NAUTICA_11350-100", "LATITUDE": "-23.9420299", "LONGITUDE": "-46.4157325", "LMAPS": "https://www.google.com/maps?q=&layer=c&cbll=-46.4157325,-23.9420299", "O_QUE_FAZER": "CARTEIRA", "ER_REGIAO_CIDADE_min": "São Vicente_Baixada Santista" }, "geometry": { "type": "Point", "coordinates": [ -46.4157325, -23.9420299 ] } },
{ "type": "Feature", "properties": { "CNPJ": "13624793000161", "IDCIDADE": "SAO_VICENTE", "NOMEFANTASIA": "MR_ACADEMIA", "RAZAOSOCIAL": "M.A._FERREIRA_DA_SILVA", "ENDEE": "AVENIDA_MARCOLINO_XAVIER_DE_CARVALHO257__CIDADE_NAUTICA_11350-170", "LATITUDE": "-23.9421371", "LONGITUDE": "-46.4164454", "LMAPS": "https://www.google.com/maps?q=&layer=c&cbll=-46.4164454,-23.9421371", "O_QUE_FAZER": "CARTEIRA", "ER_REGIAO_CIDADE_min": "São Vicente_Baixada Santista" }, "geometry": { "type": "Point", "coordinates": [ -46.4164454, -23.9421371 ] } },
{ "type": "Feature", "properties": { "CNPJ": "50070027000390", "IDCIDADE": "SAO_VICENTE", "NOMEFANTASIA": "DROGARIA_POPULAR", "RAZAOSOCIAL": "R._D._RIOS_DROGARIA_LTDA", "ENDEE": "AVENIDA_MARCOLINO_XAVIER_DE_CARVALHO277__CIDADE_NAUTICA_11350-170", "LATITUDE": "-23.9423478", "LONGITUDE": "-46.4165289", "LMAPS": "https://www.google.com/maps?q=&layer=c&cbll=-46.4165289,-23.9423478", "O_QUE_FAZER": "CARTEIRA", "ER_REGIAO_CIDADE_min": "São Vicente_Baixada Santista" }, "geometry": { "type": "Point", "coordinates": [ -46.4165289, -23.9423478 ] } },
{ "type": "Feature", "properties": { "CNPJ": "51218064000102", "IDCIDADE": "SAO_VICENTE", "NOMEFANTASIA": "LINS_SORRISO_PERFEITO", "RAZAOSOCIAL": "MARIA_DO_CARMO_ALVES_LOURENCO_SILVA", "ENDEE": "PRACA_SIR_WINSTON_CHURCHIL58__VILA_NOSSA_SENHORA_DE_FATIMA_11350-280", "LATITUDE": "-23.9553536", "LONGITUDE": "-46.4074695", "LMAPS": "https://www.google.com/maps?q=&layer=c&cbll=-46.4074695,-23.9553536", "O_QUE_FAZER": "CARTEIRA", "ER_REGIAO_CIDADE_min": "São Vicente_Baixada Santista" }, "geometry": { "type": "Point", "coordinates": [ -46.4074695, -23.9553536 ] } },
{ "type": "Feature", "properties": { "CNPJ": "41109699000100", "IDCIDADE": "SAO_VICENTE", "NOMEFANTASIA": "PIZZARIA_BELLA_VIDA", "RAZAOSOCIAL": "PIZZARIA_MAJESTADE_LTDA", "ENDEE": "PRACA_SIR_WINSTON_CHURCHIL85__VILA_NOSSA_SENHORA_DE_FATIMA_11350-280", "LATITUDE": "-23.955227", "LONGITUDE": "-46.407615", "LMAPS": "https://www.google.com/maps?q=&layer=c&cbll=-46.407615,-23.955227", "O_QUE_FAZER": "CARTEIRA", "ER_REGIAO_CIDADE_min": "São Vicente_Baixada Santista" }, "geometry": { "type": "Point", "coordinates": [ -46.407615, -23.955227 ] } },
{ "type": "Feature", "properties": { "CNPJ": "40372654000160", "IDCIDADE": "SAO_VICENTE", "NOMEFANTASIA": "NEX_FIBRA", "RAZAOSOCIAL": "NEX_TELECOM_LTDA", "ENDEE": "RUA_LUIS_DE_GRA20__CIDADE_NAUTICA_11350-310", "LATITUDE": "-23.942209", "LONGITUDE": "-46.4172155", "LMAPS": "https://www.google.com/maps?q=&layer=c&cbll=-46.4172155,-23.942209", "O_QUE_FAZER": "CARTEIRA", "ER_REGIAO_CIDADE_min": "São Vicente_Baixada Santista" }, "geometry": { "type": "Point", "coordinates": [ -46.4172155, -23.942209 ] } },
{ "type": "Feature", "properties": { "CNPJ": "01429719000105", "IDCIDADE": "SAO_VICENTE", "NOMEFANTASIA": "CASA_SINO", "RAZAOSOCIAL": "M._F._DE_NOBREGA_DE_NOBREGA", "ENDEE": "AVENIDA_MARECHAL_HUMBERTO_DE_ALENCAR_CASTELO_BRANCO193__CIDADE_NAUTICA_11355-000", "LATITUDE": "-23.9514399", "LONGITUDE": "-46.4090942", "LMAPS": "https://www.google.com/maps?q=&layer=c&cbll=-46.4090942,-23.9514399", "O_QUE_FAZER": "CARTEIRA", "ER_REGIAO_CIDADE_min": "São Vicente_Baixada Santista" }, "geometry": { "type": "Point", "coordinates": [ -46.4090942, -23.9514399 ] } },
{ "type": "Feature", "properties": { "CNPJ": "29367184000104", "IDCIDADE": "SAO_VICENTE", "NOMEFANTASIA": "EMPORIO_RODRIGUES", "RAZAOSOCIAL": "EMPORIO_CAMPOS_RODRIGUES_LTDA", "ENDEE": "AVENIDA_MARECHAL_HUMBERTO_DE_ALENCAR_CASTELO_BRANCO217__CIDADE_NAUTICA_11355-000", "LATITUDE": "-23.9511484", "LONGITUDE": "-46.4091367", "LMAPS": "https://www.google.com/maps?q=&layer=c&cbll=-46.4091367,-23.9511484", "O_QUE_FAZER": "CARTEIRA", "ER_REGIAO_CIDADE_min": "São Vicente_Baixada Santista" }, "geometry": { "type": "Point", "coordinates": [ -46.4091367, -23.9511484 ] } },
{ "type": "Feature", "properties": { "CNPJ": "50381577000169", "IDCIDADE": "SAO_VICENTE", "NOMEFANTASIA": "ASSISTEC", "RAZAOSOCIAL": "ADILSON_DIAS_DE_SIQUEIRA_ELETRONICA", "ENDEE": "AVENIDA_MARECHAL_HUMBERTO_DE_ALENCAR_CASTELO_BRANCO274__CIDADE_NAUTICA_11355-000", "LATITUDE": "-23.9512404", "LONGITUDE": "-46.4087857", "LMAPS": "https://www.google.com/maps?q=&layer=c&cbll=-46.4087857,-23.9512404", "O_QUE_FAZER": "CARTEIRA", "ER_REGIAO_CIDADE_min": "São Vicente_Baixada Santista" }, "geometry": { "type": "Point", "coordinates": [ -46.4087857, -23.9512404 ] } },
{ "type": "Feature", "properties": { "CNPJ": "62329107000135", "IDCIDADE": "SAO_VICENTE", "NOMEFANTASIA": "MEROUCO", "RAZAOSOCIAL": "M_F_MARTINS_MEROUCO", "ENDEE": "AVENIDA_MARECHAL_HUMBERTO_DE_ALENCAR_CASTELO_BRANCO278__CIDADE_NAUTICA_11355-000", "LATITUDE": "-23.9512188", "LONGITUDE": "-46.408766", "LMAPS": "https://www.google.com/maps?q=&layer=c&cbll=-46.408766,-23.9512188", "O_QUE_FAZER": "CARTEIRA", "ER_REGIAO_CIDADE_min": "São Vicente_Baixada Santista" }, "geometry": { "type": "Point", "coordinates": [ -46.408766, -23.9512188 ] } },
{ "type": "Feature", "properties": { "CNPJ": "03449107000100", "IDCIDADE": "SAO_VICENTE", "NOMEFANTASIA": "PET_SHOP_CACHORRAO", "RAZAOSOCIAL": "MIRIAM_COSTA_MELO_AVIARIO", "ENDEE": "AVENIDA_MARECHAL_HUMBERTO_DE_ALENCAR_CASTELO_BRANCO439__CIDADE_NAUTICA_11355-000", "LATITUDE": "-23.9492449", "LONGITUDE": "-46.4093364", "LMAPS": "https://www.google.com/maps?q=&layer=c&cbll=-46.4093364,-23.9492449", "O_QUE_FAZER": "CARTEIRA", "ER_REGIAO_CIDADE_min": "São Vicente_Baixada Santista" }, "geometry": { "type": "Point", "coordinates": [ -46.4093364, -23.9492449 ] } },
{ "type": "Feature", "properties": { "CNPJ": "00366363000145", "IDCIDADE": "SAO_VICENTE", "NOMEFANTASIA": "MACEDO_CARNES", "RAZAOSOCIAL": "CLEIDE_CRISTINA_TEIXEIRA_MACEDO-SAO_VICENTE", "ENDEE": "AVENIDA_MARECHAL_HUMBERTO_DE_ALENCAR_CASTELO_BRANCO732__CIDADE_NAUTICA_11355-000", "LATITUDE": "-23.9471195", "LONGITUDE": "-46.4093668", "LMAPS": "https://www.google.com/maps?q=&layer=c&cbll=-46.4093668,-23.9471195", "O_QUE_FAZER": "CARTEIRA", "ER_REGIAO_CIDADE_min": "São Vicente_Baixada Santista" }, "geometry": { "type": "Point", "coordinates": [ -46.4093668, -23.9471195 ] } },
{ "type": "Feature", "properties": { "CNPJ": "21182446000154", "IDCIDADE": "SAO_VICENTE", "NOMEFANTASIA": "CALIS_COSMETICOS", "RAZAOSOCIAL": "CALIS_NAUTICA_LTDA", "ENDEE": "AVENIDA_MARECHAL_HUMBERTO_DE_ALENCAR_CASTELO_BRANCO841__CIDADE_NAUTICA_11355-000", "LATITUDE": "-23.945526", "LONGITUDE": "-46.4099058", "LMAPS": "https://www.google.com/maps?q=&layer=c&cbll=-46.4099058,-23.945526", "O_QUE_FAZER": "CARTEIRA", "ER_REGIAO_CIDADE_min": "São Vicente_Baixada Santista" }, "geometry": { "type": "Point", "coordinates": [ -46.4099058, -23.945526 ] } },
{ "type": "Feature", "properties": { "CNPJ": "13515558000232", "IDCIDADE": "SAO_VICENTE", "NOMEFANTASIA": "PET_SHOP_ANINAL", "RAZAOSOCIAL": "DANIEL_FELIPE_ZANETTI_DIAS_DA_SILVA", "ENDEE": "AVENIDA_MARECHAL_HUMBERTO_DE_ALENCAR_CASTELO_BRANCO885__CIDADE_NAUTICA_11355-000", "LATITUDE": "-23.9449905", "LONGITUDE": "-46.4099683", "LMAPS": "https://www.google.com/maps?q=&layer=c&cbll=-46.4099683,-23.9449905", "O_QUE_FAZER": "CARTEIRA", "ER_REGIAO_CIDADE_min": "São Vicente_Baixada Santista" }, "geometry": { "type": "Point", "coordinates": [ -46.4099683, -23.9449905 ] } },
{ "type": "Feature", "properties": { "CNPJ": "14984692000164", "IDCIDADE": "SAO_VICENTE", "NOMEFANTASIA": "LUNIL_EMBALAGENS", "RAZAOSOCIAL": "NILSON_TELES_DE_ANDRADE", "ENDEE": "AVENIDA_MARECHAL_HUMBERTO_DE_ALENCAR_CASTELO_BRANCO885__CIDADE_NAUTICA_11355-000", "LATITUDE": "-23.9451663", "LONGITUDE": "-46.40992", "LMAPS": "https://www.google.com/maps?q=&layer=c&cbll=-46.40992,-23.9451663", "O_QUE_FAZER": "CARTEIRA", "ER_REGIAO_CIDADE_min": "São Vicente_Baixada Santista" }, "geometry": { "type": "Point", "coordinates": [ -46.40992, -23.9451663 ] } },
{ "type": "Feature", "properties": { "CNPJ": "30340473000107", "IDCIDADE": "SAO_VICENTE", "NOMEFANTASIA": "STAR_DIESEL", "RAZAOSOCIAL": "STAR_DIESEL_-_SERVICOS_TECNICOS_LTDA", "ENDEE": "AVENIDA_MARECHAL_HUMBERTO_DE_ALENCAR_CASTELO_BRANCO89__CIDADE_NAUTICA_11355-000", "LATITUDE": "-23.9525867", "LONGITUDE": "-46.4089533", "LMAPS": "https://www.google.com/maps?q=&layer=c&cbll=-46.4089533,-23.9525867", "O_QUE_FAZER": "CARTEIRA", "ER_REGIAO_CIDADE_min": "São Vicente_Baixada Santista" }, "geometry": { "type": "Point", "coordinates": [ -46.4089533, -23.9525867 ] } },
{ "type": "Feature", "properties": { "CNPJ": "10156226000130", "IDCIDADE": "SAO_VICENTE", "NOMEFANTASIA": "TRANSFORMES", "RAZAOSOCIAL": "TRANSFORME_CENTRO_DE_REPARACAO_AUTOMOTIVOS_LTDA", "ENDEE": "AVENIDA_MARECHAL_HUMBERTO_DE_ALENCAR_CASTELO_BRANCO935__CIDADE_NAUTICA_11355-000", "LATITUDE": "-23.9446053", "LONGITUDE": "-46.4099911", "LMAPS": "https://www.google.com/maps?q=&layer=c&cbll=-46.4099911,-23.9446053", "O_QUE_FAZER": "CARTEIRA", "ER_REGIAO_CIDADE_min": "São Vicente_Baixada Santista" }, "geometry": { "type": "Point", "coordinates": [ -46.4099911, -23.9446053 ] } },
{ "type": "Feature", "properties": { "CNPJ": "26633570000102", "IDCIDADE": "SAO_VICENTE", "NOMEFANTASIA": "ESTRELINHA_ENCANTADA", "RAZAOSOCIAL": "THAMARA_CARLOS_DA_SILVA_BRITO_NUCLEO_DE_RECREACAO_INFANTIL", "ENDEE": "RUA_WALT_DISNEY104__VILA_NOSSA_SENHORA_DE_FATIMA_11355-010", "LATITUDE": "-23.9537527", "LONGITUDE": "-46.4080009", "LMAPS": "https://www.google.com/maps?q=&layer=c&cbll=-46.4080009,-23.9537527", "O_QUE_FAZER": "CARTEIRA", "ER_REGIAO_CIDADE_min": "São Vicente_Baixada Santista" }, "geometry": { "type": "Point", "coordinates": [ -46.4080009, -23.9537527 ] } },
{ "type": "Feature", "properties": { "CNPJ": "05572132000101", "IDCIDADE": "SAO_VICENTE", "NOMEFANTASIA": "VETERINARIA_CRV", "RAZAOSOCIAL": "GUSTAVO_BENSDORP_PALMIERI", "ENDEE": "RUA_WALT_DISNEY12__VILA_NOSSA_SENHORA_DE_FATIMA_11355-010", "LATITUDE": "-23.9545092", "LONGITUDE": "-46.4077212", "LMAPS": "https://www.google.com/maps?q=&layer=c&cbll=-46.4077212,-23.9545092", "O_QUE_FAZER": "CARTEIRA", "ER_REGIAO_CIDADE_min": "São Vicente_Baixada Santista" }, "geometry": { "type": "Point", "coordinates": [ -46.4077212, -23.9545092 ] } },
{ "type": "Feature", "properties": { "CNPJ": "33215366000137", "IDCIDADE": "SAO_VICENTE", "NOMEFANTASIA": "CONSTRUVIP", "RAZAOSOCIAL": "RENATA_MARA_JARDIM_SILVA", "ENDEE": "RUA_WALT_DISNEY56__VILA_NOSSA_SENHORA_DE_FATIMA_11355-010", "LATITUDE": "-23.9540237", "LONGITUDE": "-46.4078222", "LMAPS": "https://www.google.com/maps?q=&layer=c&cbll=-46.4078222,-23.9540237", "O_QUE_FAZER": "CARTEIRA", "ER_REGIAO_CIDADE_min": "São Vicente_Baixada Santista" }, "geometry": { "type": "Point", "coordinates": [ -46.4078222, -23.9540237 ] } },
{ "type": "Feature", "properties": { "CNPJ": "43431782000126", "IDCIDADE": "SAO_VICENTE", "NOMEFANTASIA": "GIGANTE_DA_NAUTICA_PANIFICADORA", "RAZAOSOCIAL": "PANIFICADORA_A_GIGANTE_DA_NAUTICA_LTDA", "ENDEE": "RUA_WALT_DISNEY837__CIDADE_NAUTICA_11355-010", "LATITUDE": "-23.9468553", "LONGITUDE": "-46.4090152", "LMAPS": "https://www.google.com/maps?q=&layer=c&cbll=-46.4090152,-23.9468553", "O_QUE_FAZER": "CARTEIRA", "ER_REGIAO_CIDADE_min": "São Vicente_Baixada Santista" }, "geometry": { "type": "Point", "coordinates": [ -46.4090152, -23.9468553 ] } },
{ "type": "Feature", "properties": { "CNPJ": "34469815000136", "IDCIDADE": "SAO_VICENTE", "NOMEFANTASIA": "WF_AMBIENTAL", "RAZAOSOCIAL": "WF_AMBIENTAL_LTDA", "ENDEE": "RUA_TAMBAU524__VILA_NOSSA_SENHORA_DE_FATIMA_11355-030", "LATITUDE": "-23.9508247", "LONGITUDE": "-46.4067233", "LMAPS": "https://www.google.com/maps?q=&layer=c&cbll=-46.4067233,-23.9508247", "O_QUE_FAZER": "CARTEIRA", "ER_REGIAO_CIDADE_min": "São Vicente_Baixada Santista" }, "geometry": { "type": "Point", "coordinates": [ -46.4067233, -23.9508247 ] } },
{ "type": "Feature", "properties": { "CNPJ": "12860544000102", "IDCIDADE": "SAO_VICENTE", "NOMEFANTASIA": "PANIFICADORA_VITORIA", "RAZAOSOCIAL": "JOSEFA_AGUSTINHO_PEREIRA_DA_SILVA", "ENDEE": "RUA_B7__JARDIM_RIO_NEGRO_11355-070", "LATITUDE": "-23.9857777", "LONGITUDE": "-46.4649966", "LMAPS": "https://www.google.com/maps?q=&layer=c&cbll=-46.4649966,-23.9857777", "O_QUE_FAZER": "CARTEIRA", "ER_REGIAO_CIDADE_min": "São Vicente_Baixada Santista" }, "geometry": { "type": "Point", "coordinates": [ -46.4649966, -23.9857777 ] } },
{ "type": "Feature", "properties": { "CNPJ": "17221934000156", "IDCIDADE": "SAO_VICENTE", "NOMEFANTASIA": "COLEGIO_JEAN_PIAGET_DE_SAO_VICENTE_KIDS", "RAZAOSOCIAL": "COLEGIO_JEAN_PIAGET_SV_EDUCACAO_INFANTIL_FUNDAMENTAL_E_ENSINO_MEDIO_LTDA", "ENDEE": "RUA_CUIABA753__VILA_NOSSA_SENHORA_DE_FATIMA_11355-250", "LATITUDE": "-23.95", "LONGITUDE": "-46.4047683", "LMAPS": "https://www.google.com/maps?q=&layer=c&cbll=-46.4047683,-23.95", "O_QUE_FAZER": "CARTEIRA", "ER_REGIAO_CIDADE_min": "São Vicente_Baixada Santista" }, "geometry": { "type": "Point", "coordinates": [ -46.4047683, -23.95 ] } },
{ "type": "Feature", "properties": { "CNPJ": "23340419000198", "IDCIDADE": "SAO_VICENTE", "NOMEFANTASIA": "A_PRECIOSA", "RAZAOSOCIAL": "MARI_&_MARA_MODAS_E_ACESSORIOS_LTDA", "ENDEE": "PRACA_NOSSA_SENHORA_APARECIDA706__VILA_NOSSA_SENHORA_DE_FATIMA_11355-340", "LATITUDE": "-23.9496519", "LONGITUDE": "-46.404162", "LMAPS": "https://www.google.com/maps?q=&layer=c&cbll=-46.404162,-23.9496519", "O_QUE_FAZER": "CARTEIRA", "ER_REGIAO_CIDADE_min": "São Vicente_Baixada Santista" }, "geometry": { "type": "Point", "coordinates": [ -46.404162, -23.9496519 ] } },
{ "type": "Feature", "properties": { "CNPJ": "44610259000120", "IDCIDADE": "SAO_VICENTE", "NOMEFANTASIA": "DROGARIA_REVIVA _-_MALIBU", "RAZAOSOCIAL": "DROGARIA_REVIVA_LTDA", "ENDEE": "AVENIDA_MANOEL_DE_ABREU320__CIDADE_NAUTICA_11355-400", "LATITUDE": "-23.9504925", "LONGITUDE": "-46.4075505", "LMAPS": "https://www.google.com/maps?q=&layer=c&cbll=-46.4075505,-23.9504925", "O_QUE_FAZER": "CARTEIRA", "ER_REGIAO_CIDADE_min": "São Vicente_Baixada Santista" }, "geometry": { "type": "Point", "coordinates": [ -46.4075505, -23.9504925 ] } },
{ "type": "Feature", "properties": { "CNPJ": "48189112000169", "IDCIDADE": "SAO_VICENTE", "NOMEFANTASIA": "ELE_E_ELA_HOTEL", "RAZAOSOCIAL": "SAO_VICENTE_EMPREENDIMENTOS_HOTELEIROS_LTDA", "ENDEE": "AVENIDA_MANOEL_DE_ABREU333__CIDADE_NAUTICA_11355-400", "LATITUDE": "-23.95095", "LONGITUDE": "-46.4071849", "LMAPS": "https://www.google.com/maps?q=&layer=c&cbll=-46.4071849,-23.95095", "O_QUE_FAZER": "CARTEIRA", "ER_REGIAO_CIDADE_min": "São Vicente_Baixada Santista" }, "geometry": { "type": "Point", "coordinates": [ -46.4071849, -23.95095 ] } },
{ "type": "Feature", "properties": { "CNPJ": "02699837000104", "IDCIDADE": "SAO_VICENTE", "NOMEFANTASIA": "ZANETTI", "RAZAOSOCIAL": "W_ZANETTE_LTDA", "ENDEE": "AVENIDA_MANOEL_DE_ABREU377__CIDADE_NAUTICA_11355-400", "LATITUDE": "-23.9511579", "LONGITUDE": "-46.4077783", "LMAPS": "https://www.google.com/maps?q=&layer=c&cbll=-46.4077783,-23.9511579", "O_QUE_FAZER": "CARTEIRA", "ER_REGIAO_CIDADE_min": "São Vicente_Baixada Santista" }, "geometry": { "type": "Point", "coordinates": [ -46.4077783, -23.9511579 ] } },
{ "type": "Feature", "properties": { "CNPJ": "10902813000120", "IDCIDADE": "SAO_VICENTE", "NOMEFANTASIA": "ELETRICA_MARQUES", "RAZAOSOCIAL": "VANESSA_ARAUJO_MARQUES_ELETRICA", "ENDEE": "AVENIDA_MANOEL_DE_ABREU456__CIDADE_NAUTICA_11355-400", "LATITUDE": "-23.9507339", "LONGITUDE": "-46.4086673", "LMAPS": "https://www.google.com/maps?q=&layer=c&cbll=-46.4086673,-23.9507339", "O_QUE_FAZER": "CARTEIRA", "ER_REGIAO_CIDADE_min": "São Vicente_Baixada Santista" }, "geometry": { "type": "Point", "coordinates": [ -46.4086673, -23.9507339 ] } },
{ "type": "Feature", "properties": { "CNPJ": "71803381000195", "IDCIDADE": "SAO_VICENTE", "NOMEFANTASIA": "AUTO_PECAS_IGUASSU", "RAZAOSOCIAL": "ROSA_MARIA_VIEIRA_SANTOS", "ENDEE": "AVENIDA_MANOEL_DE_ABREU509__CIDADE_NAUTICA_11355-400", "LATITUDE": "-23.9507611", "LONGITUDE": "-46.4070505", "LMAPS": "https://www.google.com/maps?q=&layer=c&cbll=-46.4070505,-23.9507611", "O_QUE_FAZER": "CARTEIRA", "ER_REGIAO_CIDADE_min": "São Vicente_Baixada Santista" }, "geometry": { "type": "Point", "coordinates": [ -46.4070505, -23.9507611 ] } },
{ "type": "Feature", "properties": { "CNPJ": "09384087000112", "IDCIDADE": "SAO_VICENTE", "NOMEFANTASIA": "BARAO", "RAZAOSOCIAL": "RESTAURANTE_EPAMINONDAS_LTDA", "ENDEE": "AVENIDA_MANOEL_DE_ABREU516__CIDADE_NAUTICA_11355-400", "LATITUDE": "-23.9508072", "LONGITUDE": "-46.409225", "LMAPS": "https://www.google.com/maps?q=&layer=c&cbll=-46.409225,-23.9508072", "O_QUE_FAZER": "CARTEIRA", "ER_REGIAO_CIDADE_min": "São Vicente_Baixada Santista" }, "geometry": { "type": "Point", "coordinates": [ -46.409225, -23.9508072 ] } },
{ "type": "Feature", "properties": { "CNPJ": "74662123000124", "IDCIDADE": "SAO_VICENTE", "NOMEFANTASIA": "TINO_MATERIAIS_ELETRICOS", "RAZAOSOCIAL": "TINO_MATERIAIS_PARA_CONSTRUCAO_LTDA", "ENDEE": "AVENIDA_MANOEL_DE_ABREU52__CIDADE_NAUTICA_11355-400", "LATITUDE": "-23.9502971", "LONGITUDE": "-46.404518", "LMAPS": "https://www.google.com/maps?q=&layer=c&cbll=-46.404518,-23.9502971", "O_QUE_FAZER": "CARTEIRA", "ER_REGIAO_CIDADE_min": "São Vicente_Baixada Santista" }, "geometry": { "type": "Point", "coordinates": [ -46.404518, -23.9502971 ] } },
{ "type": "Feature", "properties": { "CNPJ": "07798570000118", "IDCIDADE": "SAO_VICENTE", "NOMEFANTASIA": "CASA_DAS_IMPRESSORAS", "RAZAOSOCIAL": "ANDRE_LUIZ_HOMEM", "ENDEE": "AVENIDA_MANOEL_DE_ABREU521__CIDADE_NAUTICA_11355-400", "LATITUDE": "-23.9510816", "LONGITUDE": "-46.4093286", "LMAPS": "https://www.google.com/maps?q=&layer=c&cbll=-46.4093286,-23.9510816", "O_QUE_FAZER": "CARTEIRA", "ER_REGIAO_CIDADE_min": "São Vicente_Baixada Santista" }, "geometry": { "type": "Point", "coordinates": [ -46.4093286, -23.9510816 ] } },
{ "type": "Feature", "properties": { "CNPJ": "23348090000101", "IDCIDADE": "SAO_VICENTE", "NOMEFANTASIA": "LUZ_DO_SABER", "RAZAOSOCIAL": "R_PACHECO_GOMES_-_PRE_ESCOLA", "ENDEE": "AVENIDA_MANOEL_DE_ABREU553__CIDADE_NAUTICA_11355-400", "LATITUDE": "-23.9510919", "LONGITUDE": "-46.409591", "LMAPS": "https://www.google.com/maps?q=&layer=c&cbll=-46.409591,-23.9510919", "O_QUE_FAZER": "CARTEIRA", "ER_REGIAO_CIDADE_min": "São Vicente_Baixada Santista" }, "geometry": { "type": "Point", "coordinates": [ -46.409591, -23.9510919 ] } },
{ "type": "Feature", "properties": { "CNPJ": "20339844000179", "IDCIDADE": "SAO_VICENTE", "NOMEFANTASIA": "ACADEMIA_ONE_FITNESS", "RAZAOSOCIAL": "ACADEMIA_ONE_FITNESS_LTDA", "ENDEE": "AVENIDA_MANOEL_DE_ABREU583__CIDADE_NAUTICA_11355-400", "LATITUDE": "-23.9514574", "LONGITUDE": "-46.4099521", "LMAPS": "https://www.google.com/maps?q=&layer=c&cbll=-46.4099521,-23.9514574", "O_QUE_FAZER": "CARTEIRA", "ER_REGIAO_CIDADE_min": "São Vicente_Baixada Santista" }, "geometry": { "type": "Point", "coordinates": [ -46.4099521, -23.9514574 ] } },
{ "type": "Feature", "properties": { "CNPJ": "43299058000190", "IDCIDADE": "SAO_VICENTE", "NOMEFANTASIA": "DIKAS_FIT", "RAZAOSOCIAL": "DIKAS_FIT_LTDA", "ENDEE": "AVENIDA_MANOEL_DE_ABREU584__CIDADE_NAUTICA_11355-400", "LATITUDE": "-23.9509799", "LONGITUDE": "-46.4098979", "LMAPS": "https://www.google.com/maps?q=&layer=c&cbll=-46.4098979,-23.9509799", "O_QUE_FAZER": "CARTEIRA", "ER_REGIAO_CIDADE_min": "São Vicente_Baixada Santista" }, "geometry": { "type": "Point", "coordinates": [ -46.4098979, -23.9509799 ] } },
{ "type": "Feature", "properties": { "CNPJ": "41491561000207", "IDCIDADE": "SAO_VICENTE", "NOMEFANTASIA": "DROGA_REDE", "RAZAOSOCIAL": "MDS_DROGARIA_LTDA", "ENDEE": "AVENIDA_MANOEL_DE_ABREU95__CIDADE_NAUTICA_11355-400", "LATITUDE": "-23.9506048", "LONGITUDE": "-46.4049473", "LMAPS": "https://www.google.com/maps?q=&layer=c&cbll=-46.4049473,-23.9506048", "O_QUE_FAZER": "CARTEIRA", "ER_REGIAO_CIDADE_min": "São Vicente_Baixada Santista" }, "geometry": { "type": "Point", "coordinates": [ -46.4049473, -23.9506048 ] } },
{ "type": "Feature", "properties": { "CNPJ": "05783689000191", "IDCIDADE": "SAO_VICENTE", "NOMEFANTASIA": "CASA_NOBRE", "RAZAOSOCIAL": "ANACLETO_VITOR_DE_NOBREGA_DAS_NEVES", "ENDEE": "PRACA_TETSUO_YAMAUTI113__CIDADE_NAUTICA_11355-405", "LATITUDE": "-23.9504689", "LONGITUDE": "-46.40778", "LMAPS": "https://www.google.com/maps?q=&layer=c&cbll=-46.40778,-23.9504689", "O_QUE_FAZER": "CARTEIRA", "ER_REGIAO_CIDADE_min": "São Vicente_Baixada Santista" }, "geometry": { "type": "Point", "coordinates": [ -46.40778, -23.9504689 ] } },
{ "type": "Feature", "properties": { "CNPJ": "19127850000183", "IDCIDADE": "SAO_VICENTE", "NOMEFANTASIA": "RR_SALGADOS", "RAZAOSOCIAL": "REGINALDO_FIRMINO_DA_SILVA_SALGADOS", "ENDEE": "RUA_GUARANY16__PARQUE_SAO_VICENTE_11360-000", "LATITUDE": "-23.959409", "LONGITUDE": "-46.3979046", "LMAPS": "https://www.google.com/maps?q=&layer=c&cbll=-46.3979046,-23.959409", "O_QUE_FAZER": "CARTEIRA", "ER_REGIAO_CIDADE_min": "São Vicente_Baixada Santista" }, "geometry": { "type": "Point", "coordinates": [ -46.3979046, -23.959409 ] } },
{ "type": "Feature", "properties": { "CNPJ": "40213439000117", "IDCIDADE": "SAO_VICENTE", "NOMEFANTASIA": "PREVENT_PET", "RAZAOSOCIAL": "EDNOLIA_SANTOS_NOVAIS_PETSHOP", "ENDEE": "RUA_CARIJOS1167__PARQUE_SAO_VICENTE_11360-100", "LATITUDE": "-23.9484812", "LONGITUDE": "-46.3980442", "LMAPS": "https://www.google.com/maps?q=&layer=c&cbll=-46.3980442,-23.9484812", "O_QUE_FAZER": "CARTEIRA", "ER_REGIAO_CIDADE_min": "São Vicente_Baixada Santista" }, "geometry": { "type": "Point", "coordinates": [ -46.3980442, -23.9484812 ] } },
{ "type": "Feature", "properties": { "CNPJ": "71111090000136", "IDCIDADE": "SAO_VICENTE", "NOMEFANTASIA": "PADARIA_ADRIANA", "RAZAOSOCIAL": "TAVARES_&_CIPRIANO_LTDA", "ENDEE": "RUA_CARIJOS157__PARQUE_SAO_VICENTE_11360-100", "LATITUDE": "-23.9474334", "LONGITUDE": "-46.3979332", "LMAPS": "https://www.google.com/maps?q=&layer=c&cbll=-46.3979332,-23.9474334", "O_QUE_FAZER": "CARTEIRA", "ER_REGIAO_CIDADE_min": "São Vicente_Baixada Santista" }, "geometry": { "type": "Point", "coordinates": [ -46.3979332, -23.9474334 ] } },
{ "type": "Feature", "properties": { "CNPJ": "29253575000106", "IDCIDADE": "SAO_VICENTE", "NOMEFANTASIA": "SAO_JOSE_ACOUGUE", "RAZAOSOCIAL": "MAGNO_ALMEIDA_DE_LIMA", "ENDEE": "RUA_CARIJOS183__PARQUE_SAO_VICENTE_11360-100", "LATITUDE": "-23.9471623", "LONGITUDE": "-46.3978828", "LMAPS": "https://www.google.com/maps?q=&layer=c&cbll=-46.3978828,-23.9471623", "O_QUE_FAZER": "CARTEIRA", "ER_REGIAO_CIDADE_min": "São Vicente_Baixada Santista" }, "geometry": { "type": "Point", "coordinates": [ -46.3978828, -23.9471623 ] } },
{ "type": "Feature", "properties": { "CNPJ": "31888187000135", "IDCIDADE": "SAO_VICENTE", "NOMEFANTASIA": "ESTRELINHA_ENCANTADA", "RAZAOSOCIAL": "ESTRELINHA_ENCANTADA_NUCLEO_DE_RECREACAO_INFANTIL_LTDA", "ENDEE": "RUA_CARIJOS51__PARQUE_SAO_VICENTE_11360-100", "LATITUDE": "-23.9585634", "LONGITUDE": "-46.399302", "LMAPS": "https://www.google.com/maps?q=&layer=c&cbll=-46.399302,-23.9585634", "O_QUE_FAZER": "CARTEIRA", "ER_REGIAO_CIDADE_min": "São Vicente_Baixada Santista" }, "geometry": { "type": "Point", "coordinates": [ -46.399302, -23.9585634 ] } },
{ "type": "Feature", "properties": { "CNPJ": "42491980000112", "IDCIDADE": "SAO_VICENTE", "NOMEFANTASIA": "PETS_BARACHO", "RAZAOSOCIAL": "PETS_BARACHO_DOIS_CASA_DE_RACAO_SOCIEDADE_UNIPESSOAL_LIMITADA", "ENDEE": "AVENIDA_SENADOR_SALGADO_FILHO115__PARQUE_SAO_VICENTE_11360-200", "LATITUDE": "-23.950778", "LONGITUDE": "-46.3978509", "LMAPS": "https://www.google.com/maps?q=&layer=c&cbll=-46.3978509,-23.950778", "O_QUE_FAZER": "CARTEIRA", "ER_REGIAO_CIDADE_min": "São Vicente_Baixada Santista" }, "geometry": { "type": "Point", "coordinates": [ -46.3978509, -23.950778 ] } },
{ "type": "Feature", "properties": { "CNPJ": "11062024000191", "IDCIDADE": "SAO_VICENTE", "NOMEFANTASIA": "MICROCHIP_NET", "RAZAOSOCIAL": "MICROCHIP.NET_FIBRA_OPTICA_LTDA", "ENDEE": "AVENIDA_SENADOR_SALGADO_FILHO277__PARQUE_SAO_VICENTE_11360-200", "LATITUDE": "-23.9493726", "LONGITUDE": "-46.3976715", "LMAPS": "https://www.google.com/maps?q=&layer=c&cbll=-46.3976715,-23.9493726", "O_QUE_FAZER": "CARTEIRA", "ER_REGIAO_CIDADE_min": "São Vicente_Baixada Santista" }, "geometry": { "type": "Point", "coordinates": [ -46.3976715, -23.9493726 ] } },
{ "type": "Feature", "properties": { "CNPJ": "71834501000111", "IDCIDADE": "SAO_VICENTE", "NOMEFANTASIA": "FIEL_BARATEIRO_MATERIAIS_CONSTRUCAO", "RAZAOSOCIAL": "AMILCAR_BERNARDES_PINTO", "ENDEE": "PRACA_RUBENS_FERREIRA_MARTINS25__PARQUE_SAO_VICENTE_11360-230", "LATITUDE": "-23.9484252", "LONGITUDE": "-46.3977471", "LMAPS": "https://www.google.com/maps?q=&layer=c&cbll=-46.3977471,-23.9484252", "O_QUE_FAZER": "CARTEIRA", "ER_REGIAO_CIDADE_min": "São Vicente_Baixada Santista" }, "geometry": { "type": "Point", "coordinates": [ -46.3977471, -23.9484252 ] } },
{ "type": "Feature", "properties": { "CNPJ": "33947863000120", "IDCIDADE": "SAO_VICENTE", "NOMEFANTASIA": "CASA_LINDA_MATERIAIS", "RAZAOSOCIAL": "CASA_LINDA_VARIEDADES_LTDA", "ENDEE": "RUA_DOM_DUARTE_DA_COSTA229__VILA_JOCKEI_CLUBE_11360-280", "LATITUDE": "-23.9500552", "LONGITUDE": "-46.3936216", "LMAPS": "https://www.google.com/maps?q=&layer=c&cbll=-46.3936216,-23.9500552", "O_QUE_FAZER": "CARTEIRA", "ER_REGIAO_CIDADE_min": "São Vicente_Baixada Santista" }, "geometry": { "type": "Point", "coordinates": [ -46.3936216, -23.9500552 ] } },
{ "type": "Feature", "properties": { "CNPJ": "00835623000184", "IDCIDADE": "SAO_VICENTE", "NOMEFANTASIA": "PET_SHOP_PINTASSILGO", "RAZAOSOCIAL": "CASA_PINTASSILGO_LTDA", "ENDEE": "AVENIDA_DOUTOR_AUGUSTO_SEVERO1047__PARQUE_SAO_VICENTE_11360-300", "LATITUDE": "-23.9504279", "LONGITUDE": "-46.4031142", "LMAPS": "https://www.google.com/maps?q=&layer=c&cbll=-46.4031142,-23.9504279", "O_QUE_FAZER": "CARTEIRA", "ER_REGIAO_CIDADE_min": "São Vicente_Baixada Santista" }, "geometry": { "type": "Point", "coordinates": [ -46.4031142, -23.9504279 ] } },
{ "type": "Feature", "properties": { "CNPJ": "58218959000188", "IDCIDADE": "SAO_VICENTE", "NOMEFANTASIA": "LANCHONETE_BOA_SORTE", "RAZAOSOCIAL": "J._C._DA_CRUZ_&_CRUZ_-_BAR_LTDA", "ENDEE": "AVENIDA_DOUTOR_AUGUSTO_SEVERO1119__PARQUE_SAO_VICENTE_11360-300", "LATITUDE": "-23.9504884", "LONGITUDE": "-46.4038448", "LMAPS": "https://www.google.com/maps?q=&layer=c&cbll=-46.4038448,-23.9504884", "O_QUE_FAZER": "CARTEIRA", "ER_REGIAO_CIDADE_min": "São Vicente_Baixada Santista" }, "geometry": { "type": "Point", "coordinates": [ -46.4038448, -23.9504884 ] } },
{ "type": "Feature", "properties": { "CNPJ": "27034619000173", "IDCIDADE": "SAO_VICENTE", "NOMEFANTASIA": "VAVA_TRUCK", "RAZAOSOCIAL": "VALMIR_ALEXANDRE_ROCHA_PECAS_E_ACESSORIOS_PARA_VEICULOS", "ENDEE": "AVENIDA_DOUTOR_AUGUSTO_SEVERO119__PARQUE_SAO_VICENTE_11360-300", "LATITUDE": "-23.9511579", "LONGITUDE": "-46.3939574", "LMAPS": "https://www.google.com/maps?q=&layer=c&cbll=-46.3939574,-23.9511579", "O_QUE_FAZER": "CARTEIRA", "ER_REGIAO_CIDADE_min": "São Vicente_Baixada Santista" }, "geometry": { "type": "Point", "coordinates": [ -46.3939574, -23.9511579 ] } },
{ "type": "Feature", "properties": { "CNPJ": "15481012000152", "IDCIDADE": "SAO_VICENTE", "NOMEFANTASIA": "IDEAL_GESSO", "RAZAOSOCIAL": "RAMOS_&_LIMA_COMERCIO_DE_GESSO_LTDA", "ENDEE": "AVENIDA_DOUTOR_AUGUSTO_SEVERO209__PARQUE_SAO_VICENTE_11360-300", "LATITUDE": "-23.9511042", "LONGITUDE": "-46.3948898", "LMAPS": "https://www.google.com/maps?q=&layer=c&cbll=-46.3948898,-23.9511042", "O_QUE_FAZER": "CARTEIRA", "ER_REGIAO_CIDADE_min": "São Vicente_Baixada Santista" }, "geometry": { "type": "Point", "coordinates": [ -46.3948898, -23.9511042 ] } },
{ "type": "Feature", "properties": { "CNPJ": "57010100000116", "IDCIDADE": "SAO_VICENTE", "NOMEFANTASIA": "TECNOCLOR", "RAZAOSOCIAL": "TECNOCLOR-PRODUTOS_QUIMICOS_LTDA", "ENDEE": "AVENIDA_DOUTOR_AUGUSTO_SEVERO25__PARQUE_SAO_VICENTE_11360-300", "LATITUDE": "-23.9512852", "LONGITUDE": "-46.3930881", "LMAPS": "https://www.google.com/maps?q=&layer=c&cbll=-46.3930881,-23.9512852", "O_QUE_FAZER": "CARTEIRA", "ER_REGIAO_CIDADE_min": "São Vicente_Baixada Santista" }, "geometry": { "type": "Point", "coordinates": [ -46.3930881, -23.9512852 ] } },
{ "type": "Feature", "properties": { "CNPJ": "20167317000124", "IDCIDADE": "SAO_VICENTE", "NOMEFANTASIA": "DOMRAFA", "RAZAOSOCIAL": "RAFAEL_TAVARES_DA_COSTA_AUTO_ESCOLA", "ENDEE": "AVENIDA_DOUTOR_AUGUSTO_SEVERO402__PARQUE_SAO_VICENTE_11360-300", "LATITUDE": "-23.9507164", "LONGITUDE": "-46.3967444", "LMAPS": "https://www.google.com/maps?q=&layer=c&cbll=-46.3967444,-23.9507164", "O_QUE_FAZER": "CARTEIRA", "ER_REGIAO_CIDADE_min": "São Vicente_Baixada Santista" }, "geometry": { "type": "Point", "coordinates": [ -46.3967444, -23.9507164 ] } },
{ "type": "Feature", "properties": { "CNPJ": "02141173000155", "IDCIDADE": "SAO_VICENTE", "NOMEFANTASIA": "CORREIA", "RAZAOSOCIAL": "CORREIA_MATERIAIS_PARA_CONSTRUCAO_LTDA", "ENDEE": "AVENIDA_DOUTOR_AUGUSTO_SEVERO45__PARQUE_SAO_VICENTE_11360-300", "LATITUDE": "-23.9512791", "LONGITUDE": "-46.3933351", "LMAPS": "https://www.google.com/maps?q=&layer=c&cbll=-46.3933351,-23.9512791", "O_QUE_FAZER": "CARTEIRA", "ER_REGIAO_CIDADE_min": "São Vicente_Baixada Santista" }, "geometry": { "type": "Point", "coordinates": [ -46.3933351, -23.9512791 ] } },
{ "type": "Feature", "properties": { "CNPJ": "08015312000180", "IDCIDADE": "SAO_VICENTE", "NOMEFANTASIA": "NOVA_OPCAO_DIESEL", "RAZAOSOCIAL": "NOVA_OPCAO_DIESEL_LTDA", "ENDEE": "AVENIDA_DOUTOR_AUGUSTO_SEVERO460__PARQUE_SAO_VICENTE_11360-300", "LATITUDE": "-23.95047", "LONGITUDE": "-46.397373", "LMAPS": "https://www.google.com/maps?q=&layer=c&cbll=-46.397373,-23.95047", "O_QUE_FAZER": "CARTEIRA", "ER_REGIAO_CIDADE_min": "São Vicente_Baixada Santista" }, "geometry": { "type": "Point", "coordinates": [ -46.397373, -23.95047 ] } },
{ "type": "Feature", "properties": { "CNPJ": "46275295000100", "IDCIDADE": "SAO_VICENTE", "NOMEFANTASIA": "J_&_F_MARMORARIA", "RAZAOSOCIAL": "J._F._MARMORARIA_LTDA", "ENDEE": "AVENIDA_DOUTOR_AUGUSTO_SEVERO467__PARQUE_SAO_VICENTE_11360-300", "LATITUDE": "-23.9508102", "LONGITUDE": "-46.3973395", "LMAPS": "https://www.google.com/maps?q=&layer=c&cbll=-46.3973395,-23.9508102", "O_QUE_FAZER": "CARTEIRA", "ER_REGIAO_CIDADE_min": "São Vicente_Baixada Santista" }, "geometry": { "type": "Point", "coordinates": [ -46.3973395, -23.9508102 ] } },
{ "type": "Feature", "properties": { "CNPJ": "11952398000182", "IDCIDADE": "SAO_VICENTE", "NOMEFANTASIA": "ZEBRINHA", "RAZAOSOCIAL": "ZEBRINHA_-_COMERCIO_DE_MATERIAIS_DE_CONSTRUCAO_LTDA", "ENDEE": "AVENIDA_DOUTOR_AUGUSTO_SEVERO480__PARQUE_SAO_VICENTE_11360-300", "LATITUDE": "-23.9505388", "LONGITUDE": "-46.3975713", "LMAPS": "https://www.google.com/maps?q=&layer=c&cbll=-46.3975713,-23.9505388", "O_QUE_FAZER": "CARTEIRA", "ER_REGIAO_CIDADE_min": "São Vicente_Baixada Santista" }, "geometry": { "type": "Point", "coordinates": [ -46.3975713, -23.9505388 ] } },
{ "type": "Feature", "properties": { "CNPJ": "18387863000129", "IDCIDADE": "SAO_VICENTE", "NOMEFANTASIA": "JC_MECANICA", "RAZAOSOCIAL": "JC_DA_SILVA", "ENDEE": "AVENIDA_DOUTOR_AUGUSTO_SEVERO678__PARQUE_SAO_VICENTE_11360-300", "LATITUDE": "-23.9503078", "LONGITUDE": "-46.3994753", "LMAPS": "https://www.google.com/maps?q=&layer=c&cbll=-46.3994753,-23.9503078", "O_QUE_FAZER": "CARTEIRA", "ER_REGIAO_CIDADE_min": "São Vicente_Baixada Santista" }, "geometry": { "type": "Point", "coordinates": [ -46.3994753, -23.9503078 ] } },
{ "type": "Feature", "properties": { "CNPJ": "06947462000105", "IDCIDADE": "SAO_VICENTE", "NOMEFANTASIA": "TRANSPORTADORA_GABRIELLA", "RAZAOSOCIAL": "TRANSPORTADORA_TURISTICA_GABRIELLA_LTDA", "ENDEE": "AVENIDA_DOUTOR_AUGUSTO_SEVERO678__PARQUE_SAO_VICENTE_11360-300", "LATITUDE": "-23.9503629", "LONGITUDE": "-46.3994588", "LMAPS": "https://www.google.com/maps?q=&layer=c&cbll=-46.3994588,-23.9503629", "O_QUE_FAZER": "CARTEIRA", "ER_REGIAO_CIDADE_min": "São Vicente_Baixada Santista" }, "geometry": { "type": "Point", "coordinates": [ -46.3994588, -23.9503629 ] } },
{ "type": "Feature", "properties": { "CNPJ": "13414567000156", "IDCIDADE": "SAO_VICENTE", "NOMEFANTASIA": "MARA_AUTOPECAS", "RAZAOSOCIAL": "MARA_AUTO_PECAS_LTDA", "ENDEE": "AVENIDA_DOUTOR_AUGUSTO_SEVERO723__PARQUE_SAO_VICENTE_11360-300", "LATITUDE": "-23.9505445", "LONGITUDE": "-46.3998462", "LMAPS": "https://www.google.com/maps?q=&layer=c&cbll=-46.3998462,-23.9505445", "O_QUE_FAZER": "CARTEIRA", "ER_REGIAO_CIDADE_min": "São Vicente_Baixada Santista" }, "geometry": { "type": "Point", "coordinates": [ -46.3998462, -23.9505445 ] } },
{ "type": "Feature", "properties": { "CNPJ": "10872578000191", "IDCIDADE": "SAO_VICENTE", "NOMEFANTASIA": "BORRACHARIA_DO_CABELO", "RAZAOSOCIAL": "JOSE_C._VASCONCELOS", "ENDEE": "AVENIDA_DOUTOR_AUGUSTO_SEVERO786__PARQUE_SAO_VICENTE_11360-300", "LATITUDE": "-23.9503877", "LONGITUDE": "-46.4004717", "LMAPS": "https://www.google.com/maps?q=&layer=c&cbll=-46.4004717,-23.9503877", "O_QUE_FAZER": "CARTEIRA", "ER_REGIAO_CIDADE_min": "São Vicente_Baixada Santista" }, "geometry": { "type": "Point", "coordinates": [ -46.4004717, -23.9503877 ] } },
{ "type": "Feature", "properties": { "CNPJ": "09065908000158", "IDCIDADE": "SAO_VICENTE", "NOMEFANTASIA": "SANRU_MATERIAIS", "RAZAOSOCIAL": "SANTOS_&_RUBIA_MATERIAIS_PARA_CONSTRUCOES_LTDA", "ENDEE": "AVENIDA_DOUTOR_AUGUSTO_SEVERO790__PARQUE_SAO_VICENTE_11360-300", "LATITUDE": "-23.9502009", "LONGITUDE": "-46.4005761", "LMAPS": "https://www.google.com/maps?q=&layer=c&cbll=-46.4005761,-23.9502009", "O_QUE_FAZER": "CARTEIRA", "ER_REGIAO_CIDADE_min": "São Vicente_Baixada Santista" }, "geometry": { "type": "Point", "coordinates": [ -46.4005761, -23.9502009 ] } },
{ "type": "Feature", "properties": { "CNPJ": "72827033000110", "IDCIDADE": "SAO_VICENTE", "NOMEFANTASIA": "BODON_BODON", "RAZAOSOCIAL": "BODON_&_BODON_COMERCIO_MATERIAIS_ELETRICOS_E_ELETRONICOS_EM_GERAL_LTDA", "ENDEE": "AVENIDA_DOUTOR_AUGUSTO_SEVERO836__PARQUE_SAO_VICENTE_11360-300", "LATITUDE": "-23.9504373", "LONGITUDE": "-46.4035121", "LMAPS": "https://www.google.com/maps?q=&layer=c&cbll=-46.4035121,-23.9504373", "O_QUE_FAZER": "CARTEIRA", "ER_REGIAO_CIDADE_min": "São Vicente_Baixada Santista" }, "geometry": { "type": "Point", "coordinates": [ -46.4035121, -23.9504373 ] } },
{ "type": "Feature", "properties": { "CNPJ": "36021215000136", "IDCIDADE": "SAO_VICENTE", "NOMEFANTASIA": "FORRO_DO_ALEMAO", "RAZAOSOCIAL": "ALCINY_CARDOSO_SIQUEIRA_BAR_E_RESTAURANTE", "ENDEE": "AVENIDA_DOUTOR_AUGUSTO_SEVERO951__PARQUE_SAO_VICENTE_11360-300", "LATITUDE": "-23.9504111", "LONGITUDE": "-46.4029658", "LMAPS": "https://www.google.com/maps?q=&layer=c&cbll=-46.4029658,-23.9504111", "O_QUE_FAZER": "CARTEIRA", "ER_REGIAO_CIDADE_min": "São Vicente_Baixada Santista" }, "geometry": { "type": "Point", "coordinates": [ -46.4029658, -23.9504111 ] } },
{ "type": "Feature", "properties": { "CNPJ": "19706163000112", "IDCIDADE": "SAO_VICENTE", "NOMEFANTASIA": "OLICAR", "RAZAOSOCIAL": "EAC_DOS_SANTOS_OFICINA", "ENDEE": "AVENIDA_DOUTOR_AUGUSTO_SEVERO969__PARQUE_SAO_VICENTE_11360-300", "LATITUDE": "-23.9505453", "LONGITUDE": "-46.4023229", "LMAPS": "https://www.google.com/maps?q=&layer=c&cbll=-46.4023229,-23.9505453", "O_QUE_FAZER": "CARTEIRA", "ER_REGIAO_CIDADE_min": "São Vicente_Baixada Santista" }, "geometry": { "type": "Point", "coordinates": [ -46.4023229, -23.9505453 ] } },
{ "type": "Feature", "properties": { "CNPJ": "19832408000158", "IDCIDADE": "SAO_VICENTE", "NOMEFANTASIA": "OTICA_IMIGRANTES", "RAZAOSOCIAL": "E.C.B._DE_SIQUEIRA_-_VARIEDADES_LTDA", "ENDEE": "AVENIDA_DOUTOR_AUGUSTO_SEVERO977__PARQUE_SAO_VICENTE_11360-300", "LATITUDE": "-23.9503423", "LONGITUDE": "-46.402503", "LMAPS": "https://www.google.com/maps?q=&layer=c&cbll=-46.402503,-23.9503423", "O_QUE_FAZER": "CARTEIRA", "ER_REGIAO_CIDADE_min": "São Vicente_Baixada Santista" }, "geometry": { "type": "Point", "coordinates": [ -46.402503, -23.9503423 ] } },
{ "type": "Feature", "properties": { "CNPJ": "39345569000124", "IDCIDADE": "SAO_VICENTE", "NOMEFANTASIA": "SUPERPAO", "RAZAOSOCIAL": "S.L._DOS_SANTOS_-_ALIMENTICIOS_E_PANIFICACAO_LTDA", "ENDEE": "PRACA_AUGUSTO_SEVERO251__VILA_NOSSA_SENHORA_DE_FATIMA_11360-300", "LATITUDE": "-23.9506313", "LONGITUDE": "-46.4057383", "LMAPS": "https://www.google.com/maps?q=&layer=c&cbll=-46.4057383,-23.9506313", "O_QUE_FAZER": "CARTEIRA", "ER_REGIAO_CIDADE_min": "São Vicente_Baixada Santista" }, "geometry": { "type": "Point", "coordinates": [ -46.4057383, -23.9506313 ] } },
{ "type": "Feature", "properties": { "CNPJ": "07716870000100", "IDCIDADE": "SAO_VICENTE", "NOMEFANTASIA": "CASA_DE_RACAO_BOA_SORTE", "RAZAOSOCIAL": "Z_DOS_S_MIRANDA", "ENDEE": "RUA_ALBERTO_VEIGA6__VILA_JOCKEI_CLUBE_11360-320", "LATITUDE": "-23.9469346", "LONGITUDE": "-46.3979476", "LMAPS": "https://www.google.com/maps?q=&layer=c&cbll=-46.3979476,-23.9469346", "O_QUE_FAZER": "CARTEIRA", "ER_REGIAO_CIDADE_min": "São Vicente_Baixada Santista" }, "geometry": { "type": "Point", "coordinates": [ -46.3979476, -23.9469346 ] } },
{ "type": "Feature", "properties": { "CNPJ": "25331454000176", "IDCIDADE": "SAO_VICENTE", "NOMEFANTASIA": "MEGA_EXPLOSOES_BIKE", "RAZAOSOCIAL": "MEGA_EXPLOSAO_BIKE_LTDA", "ENDEE": "AVENIDA_GALEAO_COUTINHO304__PARQUE_SAO_VICENTE_11365-000", "LATITUDE": "-23.9498237", "LONGITUDE": "-46.3938526", "LMAPS": "https://www.google.com/maps?q=&layer=c&cbll=-46.3938526,-23.9498237", "O_QUE_FAZER": "CARTEIRA", "ER_REGIAO_CIDADE_min": "São Vicente_Baixada Santista" }, "geometry": { "type": "Point", "coordinates": [ -46.3938526, -23.9498237 ] } },
{ "type": "Feature", "properties": { "CNPJ": "55667567000108", "IDCIDADE": "SAO_VICENTE", "NOMEFANTASIA": "BARATAO_DO_JOCKEY", "RAZAOSOCIAL": "BARATAO_DO_JOCKEY_LTDA", "ENDEE": "AVENIDA_GALEAO_COUTINHO345__PARQUE_SAO_VICENTE_11365-000", "LATITUDE": "-23.9499741", "LONGITUDE": "-46.3942105", "LMAPS": "https://www.google.com/maps?q=&layer=c&cbll=-46.3942105,-23.9499741", "O_QUE_FAZER": "CARTEIRA", "ER_REGIAO_CIDADE_min": "São Vicente_Baixada Santista" }, "geometry": { "type": "Point", "coordinates": [ -46.3942105, -23.9499741 ] } },
{ "type": "Feature", "properties": { "CNPJ": "33261476000801", "IDCIDADE": "SAO_VICENTE", "NOMEFANTASIA": "POUPA_+_POPULAR", "RAZAOSOCIAL": "CANELAS_RIOS_DROGARIA_LTDA", "ENDEE": "AVENIDA_GALEAO_COUTINHO380__PARQUE_SAO_VICENTE_11365-000", "LATITUDE": "-23.9499825", "LONGITUDE": "-46.3940313", "LMAPS": "https://www.google.com/maps?q=&layer=c&cbll=-46.3940313,-23.9499825", "O_QUE_FAZER": "CARTEIRA", "ER_REGIAO_CIDADE_min": "São Vicente_Baixada Santista" }, "geometry": { "type": "Point", "coordinates": [ -46.3940313, -23.9499825 ] } },
{ "type": "Feature", "properties": { "CNPJ": "71106512000185", "IDCIDADE": "SAO_VICENTE", "NOMEFANTASIA": "PANIFICADORA_NATAL", "RAZAOSOCIAL": "PANIFICADORA_NATAL_DE_SAO_VICENTE_LIMITADA", "ENDEE": "RUA_CARLOS_GOMES33__PARQUE_SAO_VICENTE_11365-230", "LATITUDE": "-23.9612652", "LONGITUDE": "-46.3972183", "LMAPS": "https://www.google.com/maps?q=&layer=c&cbll=-46.3972183,-23.9612652", "O_QUE_FAZER": "CARTEIRA", "ER_REGIAO_CIDADE_min": "São Vicente_Baixada Santista" }, "geometry": { "type": "Point", "coordinates": [ -46.3972183, -23.9612652 ] } },
{ "type": "Feature", "properties": { "CNPJ": "54866991000119", "IDCIDADE": "SAO_VICENTE", "NOMEFANTASIA": "RACOES_NATAL", "RAZAOSOCIAL": "L.DOS_SANTOS_DE_FREITAS_RACOES_LTDA", "ENDEE": "RUA_CARLOS_GOMES43__PARQUE_SAO_VICENTE_11365-230", "LATITUDE": "-23.9612237", "LONGITUDE": "-46.3971255", "LMAPS": "https://www.google.com/maps?q=&layer=c&cbll=-46.3971255,-23.9612237", "O_QUE_FAZER": "CARTEIRA", "ER_REGIAO_CIDADE_min": "São Vicente_Baixada Santista" }, "geometry": { "type": "Point", "coordinates": [ -46.3971255, -23.9612237 ] } },
{ "type": "Feature", "properties": { "CNPJ": "49436793000185", "IDCIDADE": "SAO_VICENTE", "NOMEFANTASIA": "AUTOS_VIDROS_LONDRINA", "RAZAOSOCIAL": "AUTOS_VIDROS_LONDRINA_LTDA", "ENDEE": "AVENIDA_ANTONIO_EMMERICK1006__VILA_CASCATINHA_11370-000", "LATITUDE": "-23.957892", "LONGITUDE": "-46.3757179", "LMAPS": "https://www.google.com/maps?q=&layer=c&cbll=-46.3757179,-23.957892", "O_QUE_FAZER": "CARTEIRA", "ER_REGIAO_CIDADE_min": "São Vicente_Baixada Santista" }, "geometry": { "type": "Point", "coordinates": [ -46.3757179, -23.957892 ] } },
{ "type": "Feature", "properties": { "CNPJ": "46187118000171", "IDCIDADE": "SAO_VICENTE", "NOMEFANTASIA": "RADIADORES_CARDOSO", "RAZAOSOCIAL": "RADIADORES_CARDOSO_LTDA", "ENDEE": "AVENIDA_ANTONIO_EMMERICK1524__VILA_SAO_JORGE_11370-000", "LATITUDE": "-23.953381", "LONGITUDE": "-46.3740774", "LMAPS": "https://www.google.com/maps?q=&layer=c&cbll=-46.3740774,-23.953381", "O_QUE_FAZER": "CARTEIRA", "ER_REGIAO_CIDADE_min": "São Vicente_Baixada Santista" }, "geometry": { "type": "Point", "coordinates": [ -46.3740774, -23.953381 ] } },
{ "type": "Feature", "properties": { "CNPJ": "02534399000116", "IDCIDADE": "SAO_VICENTE", "NOMEFANTASIA": "CAES_E_GATOS", "RAZAOSOCIAL": "G.M.S._-_COMERCIO_E_SERVICOS_VETERINARIOS_LTDA", "ENDEE": "AVENIDA_ANTONIO_EMMERICK1648__VILA_SAO_JORGE_11370-000", "LATITUDE": "-23.9523989", "LONGITUDE": "-46.3738262", "LMAPS": "https://www.google.com/maps?q=&layer=c&cbll=-46.3738262,-23.9523989", "O_QUE_FAZER": "CARTEIRA", "ER_REGIAO_CIDADE_min": "São Vicente_Baixada Santista" }, "geometry": { "type": "Point", "coordinates": [ -46.3738262, -23.9523989 ] } },
{ "type": "Feature", "properties": { "CNPJ": "04939034000105", "IDCIDADE": "SAO_VICENTE", "NOMEFANTASIA": "MAS_VEICULOS", "RAZAOSOCIAL": "MHS_COMERCIO_DE_VEICULOS_LTDA", "ENDEE": "AVENIDA_ANTONIO_EMMERICK1752__VILA_SAO_JORGE_11370-000", "LATITUDE": "-23.9515228", "LONGITUDE": "-46.3733429", "LMAPS": "https://www.google.com/maps?q=&layer=c&cbll=-46.3733429,-23.9515228", "O_QUE_FAZER": "CARTEIRA", "ER_REGIAO_CIDADE_min": "São Vicente_Baixada Santista" }, "geometry": { "type": "Point", "coordinates": [ -46.3733429, -23.9515228 ] } },
{ "type": "Feature", "properties": { "CNPJ": "44985973000100", "IDCIDADE": "SAO_VICENTE", "NOMEFANTASIA": "TITANIUM_MOTORS", "RAZAOSOCIAL": "TITANIUM_MOTORS_MULTIMARCAS_LTDA", "ENDEE": "AVENIDA_ANTONIO_EMMERICK790__VILA_CASCATINHA_11370-000", "LATITUDE": "-23.959583", "LONGITUDE": "-46.3763392", "LMAPS": "https://www.google.com/maps?q=&layer=c&cbll=-46.3763392,-23.959583", "O_QUE_FAZER": "CARTEIRA", "ER_REGIAO_CIDADE_min": "São Vicente_Baixada Santista" }, "geometry": { "type": "Point", "coordinates": [ -46.3763392, -23.959583 ] } },
{ "type": "Feature", "properties": { "CNPJ": "32744866000101", "IDCIDADE": "SAO_VICENTE", "NOMEFANTASIA": "MANOLUMI", "RAZAOSOCIAL": "P.C_DE_OLIVEIRA_SOUZA", "ENDEE": "AVENIDA_ANTONIO_EMMERICK853__VILA_CASCATINHA_11370-000", "LATITUDE": "-23.9587653", "LONGITUDE": "-46.3763683", "LMAPS": "https://www.google.com/maps?q=&layer=c&cbll=-46.3763683,-23.9587653", "O_QUE_FAZER": "CARTEIRA", "ER_REGIAO_CIDADE_min": "São Vicente_Baixada Santista" }, "geometry": { "type": "Point", "coordinates": [ -46.3763683, -23.9587653 ] } },
{ "type": "Feature", "properties": { "CNPJ": "32856210000172", "IDCIDADE": "SAO_VICENTE", "NOMEFANTASIA": "VIANA_VEICULOS", "RAZAOSOCIAL": "VIANA_&_PIRITUBA_VEICULOS_LTDA", "ENDEE": "AVENIDA_ANTONIO_EMMERICK898__VILA_CASCATINHA_11370-000", "LATITUDE": "-23.9588012", "LONGITUDE": "-46.3760263", "LMAPS": "https://www.google.com/maps?q=&layer=c&cbll=-46.3760263,-23.9588012", "O_QUE_FAZER": "CARTEIRA", "ER_REGIAO_CIDADE_min": "São Vicente_Baixada Santista" }, "geometry": { "type": "Point", "coordinates": [ -46.3760263, -23.9588012 ] } },
{ "type": "Feature", "properties": { "CNPJ": "46610524000103", "IDCIDADE": "SAO_VICENTE", "NOMEFANTASIA": "RECOMPRA_MULTIMARCAS", "RAZAOSOCIAL": "RECOMPRA_MULTIMARCAS_COMERCIO_DE_VEICULOS_LTDA", "ENDEE": "AVENIDA_ANTONIO_EMMERICK1064__VILA_SAO_JORGE_11370-001", "LATITUDE": "-23.9573907", "LONGITUDE": "-46.3753882", "LMAPS": "https://www.google.com/maps?q=&layer=c&cbll=-46.3753882,-23.9573907", "O_QUE_FAZER": "CARTEIRA", "ER_REGIAO_CIDADE_min": "São Vicente_Baixada Santista" }, "geometry": { "type": "Point", "coordinates": [ -46.3753882, -23.9573907 ] } },
{ "type": "Feature", "properties": { "CNPJ": "32764456000114", "IDCIDADE": "SAO_VICENTE", "NOMEFANTASIA": "111_MULTIMARCAS", "RAZAOSOCIAL": "FERNANDO_CARDOSO_SCARPI_JUNIOR", "ENDEE": "AVENIDA_ANTONIO_EMMERICK111__VILA_CASCATINHA_11370-001", "LATITUDE": "-23.963155", "LONGITUDE": "-46.3813148", "LMAPS": "https://www.google.com/maps?q=&layer=c&cbll=-46.3813148,-23.963155", "O_QUE_FAZER": "CARTEIRA", "ER_REGIAO_CIDADE_min": "São Vicente_Baixada Santista" }, "geometry": { "type": "Point", "coordinates": [ -46.3813148, -23.963155 ] } },
{ "type": "Feature", "properties": { "CNPJ": "17820513000141", "IDCIDADE": "SAO_VICENTE", "NOMEFANTASIA": "ERON_PECAS", "RAZAOSOCIAL": "AMARO_&_SILVA_-_AUTO_PECAS_LTDA", "ENDEE": "AVENIDA_ANTONIO_EMMERICK1214__VILA_SAO_JORGE_11370-001", "LATITUDE": "-23.9560301", "LONGITUDE": "-46.3751281", "LMAPS": "https://www.google.com/maps?q=&layer=c&cbll=-46.3751281,-23.9560301", "O_QUE_FAZER": "CARTEIRA", "ER_REGIAO_CIDADE_min": "São Vicente_Baixada Santista" }, "geometry": { "type": "Point", "coordinates": [ -46.3751281, -23.9560301 ] } },
{ "type": "Feature", "properties": { "CNPJ": "22918527000132", "IDCIDADE": "SAO_VICENTE", "NOMEFANTASIA": "ATACADAO_DAS_SAPATILHAS", "RAZAOSOCIAL": "JENNIFER_DE_L_SILVA_CONFECCOES", "ENDEE": "AVENIDA_ANTONIO_EMMERICK1258__VILA_SAO_JORGE_11370-001", "LATITUDE": "-23.9557482", "LONGITUDE": "-46.37495", "LMAPS": "https://www.google.com/maps?q=&layer=c&cbll=-46.37495,-23.9557482", "O_QUE_FAZER": "CARTEIRA", "ER_REGIAO_CIDADE_min": "São Vicente_Baixada Santista" }, "geometry": { "type": "Point", "coordinates": [ -46.37495, -23.9557482 ] } },
{ "type": "Feature", "properties": { "CNPJ": "43446321000127", "IDCIDADE": "SAO_VICENTE", "NOMEFANTASIA": "CAYTO", "RAZAOSOCIAL": "CAYTO_MOTOS_LTDA", "ENDEE": "AVENIDA_ANTONIO_EMMERICK128__VILA_CASCATINHA_11370-001", "LATITUDE": "-23.9634233", "LONGITUDE": "-46.3812133", "LMAPS": "https://www.google.com/maps?q=&layer=c&cbll=-46.3812133,-23.9634233", "O_QUE_FAZER": "CARTEIRA", "ER_REGIAO_CIDADE_min": "São Vicente_Baixada Santista" }, "geometry": { "type": "Point", "coordinates": [ -46.3812133, -23.9634233 ] } },
{ "type": "Feature", "properties": { "CNPJ": "23057403000172", "IDCIDADE": "SAO_VICENTE", "NOMEFANTASIA": "ALEMAO_RETIFICA", "RAZAOSOCIAL": "KEDINA_&_CERQUEIRA_LTDA", "ENDEE": "AVENIDA_ANTONIO_EMMERICK1345__VILA_SAO_JORGE_11370-001", "LATITUDE": "-23.9541256", "LONGITUDE": "-46.3748064", "LMAPS": "https://www.google.com/maps?q=&layer=c&cbll=-46.3748064,-23.9541256", "O_QUE_FAZER": "CARTEIRA", "ER_REGIAO_CIDADE_min": "São Vicente_Baixada Santista" }, "geometry": { "type": "Point", "coordinates": [ -46.3748064, -23.9541256 ] } },
{ "type": "Feature", "properties": { "CNPJ": "13544384000155", "IDCIDADE": "SAO_VICENTE", "NOMEFANTASIA": "MERCADAO_CENTRAL", "RAZAOSOCIAL": "MERCADAO_CENTRAL_SAO_VICENTE_MOTO_PECAS_LTDA", "ENDEE": "AVENIDA_ANTONIO_EMMERICK1367__VILA_SAO_JORGE_11370-001", "LATITUDE": "-23.9539976", "LONGITUDE": "-46.3747019", "LMAPS": "https://www.google.com/maps?q=&layer=c&cbll=-46.3747019,-23.9539976", "O_QUE_FAZER": "CARTEIRA", "ER_REGIAO_CIDADE_min": "São Vicente_Baixada Santista" }, "geometry": { "type": "Point", "coordinates": [ -46.3747019, -23.9539976 ] } },
{ "type": "Feature", "properties": { "CNPJ": "03064022000103", "IDCIDADE": "SAO_VICENTE", "NOMEFANTASIA": "DROGARIA_FRANCO", "RAZAOSOCIAL": "DROGARIA_FRANCO_DA_BAIXADA_SANTISTA_LTDA", "ENDEE": "AVENIDA_ANTONIO_EMMERICK1461__VILA_SAO_JORGE_11370-001", "LATITUDE": "-23.9531692", "LONGITUDE": "-46.3744438", "LMAPS": "https://www.google.com/maps?q=&layer=c&cbll=-46.3744438,-23.9531692", "O_QUE_FAZER": "CARTEIRA", "ER_REGIAO_CIDADE_min": "São Vicente_Baixada Santista" }, "geometry": { "type": "Point", "coordinates": [ -46.3744438, -23.9531692 ] } },
{ "type": "Feature", "properties": { "CNPJ": "33645394000194", "IDCIDADE": "SAO_VICENTE", "NOMEFANTASIA": "PONTE_EMBALAGENS", "RAZAOSOCIAL": "RENATA_LIMA_DA_PONTE_EMBALAGENS", "ENDEE": "AVENIDA_ANTONIO_EMMERICK1475__VILA_SAO_JORGE_11370-001", "LATITUDE": "-23.9531163", "LONGITUDE": "-46.374307", "LMAPS": "https://www.google.com/maps?q=&layer=c&cbll=-46.374307,-23.9531163", "O_QUE_FAZER": "CARTEIRA", "ER_REGIAO_CIDADE_min": "São Vicente_Baixada Santista" }, "geometry": { "type": "Point", "coordinates": [ -46.374307, -23.9531163 ] } },
{ "type": "Feature", "properties": { "CNPJ": "51955449000144", "IDCIDADE": "SAO_VICENTE", "NOMEFANTASIA": "GAUCHAO", "RAZAOSOCIAL": "CASA_DE_CARNES_GAUCHAO_VI_LTDA", "ENDEE": "AVENIDA_ANTONIO_EMMERICK1483__VILA_SAO_JORGE_11370-001", "LATITUDE": "-23.9530255", "LONGITUDE": "-46.3743929", "LMAPS": "https://www.google.com/maps?q=&layer=c&cbll=-46.3743929,-23.9530255", "O_QUE_FAZER": "CARTEIRA", "ER_REGIAO_CIDADE_min": "São Vicente_Baixada Santista" }, "geometry": { "type": "Point", "coordinates": [ -46.3743929, -23.9530255 ] } },
{ "type": "Feature", "properties": { "CNPJ": "05654931000127", "IDCIDADE": "SAO_VICENTE", "NOMEFANTASIA": "HS_ELETRICA", "RAZAOSOCIAL": "HS_ELETRICA_LTDA", "ENDEE": "AVENIDA_ANTONIO_EMMERICK1487__VILA_SAO_JORGE_11370-001", "LATITUDE": "-23.9529532", "LONGITUDE": "-46.3744318", "LMAPS": "https://www.google.com/maps?q=&layer=c&cbll=-46.3744318,-23.9529532", "O_QUE_FAZER": "CARTEIRA", "ER_REGIAO_CIDADE_min": "São Vicente_Baixada Santista" }, "geometry": { "type": "Point", "coordinates": [ -46.3744318, -23.9529532 ] } },
{ "type": "Feature", "properties": { "CNPJ": "42623970000193", "IDCIDADE": "SAO_VICENTE", "NOMEFANTASIA": "ORAL_SIN", "RAZAOSOCIAL": "SAO_VICENTE_CLINICA_ODONTOLOGICA_LTDA", "ENDEE": "AVENIDA_ANTONIO_EMMERICK15__VILA_CASCATINHA_11370-001", "LATITUDE": "-23.9637295", "LONGITUDE": "-46.3824123", "LMAPS": "https://www.google.com/maps?q=&layer=c&cbll=-46.3824123,-23.9637295", "O_QUE_FAZER": "CARTEIRA", "ER_REGIAO_CIDADE_min": "São Vicente_Baixada Santista" }, "geometry": { "type": "Point", "coordinates": [ -46.3824123, -23.9637295 ] } },
{ "type": "Feature", "properties": { "CNPJ": "50199770000183", "IDCIDADE": "SAO_VICENTE", "NOMEFANTASIA": "RDR_MOTOS", "RAZAOSOCIAL": "RDR_MOTOS_E_VEICULOS_LTDA", "ENDEE": "AVENIDA_ANTONIO_EMMERICK1508__VILA_SAO_JORGE_11370-001", "LATITUDE": "-23.953464", "LONGITUDE": "-46.3742927", "LMAPS": "https://www.google.com/maps?q=&layer=c&cbll=-46.3742927,-23.953464", "O_QUE_FAZER": "CARTEIRA", "ER_REGIAO_CIDADE_min": "São Vicente_Baixada Santista" }, "geometry": { "type": "Point", "coordinates": [ -46.3742927, -23.953464 ] } },
{ "type": "Feature", "properties": { "CNPJ": "17082984000108", "IDCIDADE": "SAO_VICENTE", "NOMEFANTASIA": "CNA", "RAZAOSOCIAL": "EDUP_COMERCIO_DE_MATERIAIS_DIDATICOS_E_ENSINO_DE_IDIOMAS_LTDA", "ENDEE": "AVENIDA_ANTONIO_EMMERICK1540__VILA_SAO_JORGE_11370-001", "LATITUDE": "-23.9531547", "LONGITUDE": "-46.3741625", "LMAPS": "https://www.google.com/maps?q=&layer=c&cbll=-46.3741625,-23.9531547", "O_QUE_FAZER": "CARTEIRA", "ER_REGIAO_CIDADE_min": "São Vicente_Baixada Santista" }, "geometry": { "type": "Point", "coordinates": [ -46.3741625, -23.9531547 ] } },
{ "type": "Feature", "properties": { "CNPJ": "27304113000137", "IDCIDADE": "SAO_VICENTE", "NOMEFANTASIA": "SALOME_VISTORIA", "RAZAOSOCIAL": "RODNEY_WANDERSON_SALOME_JUNIOR", "ENDEE": "AVENIDA_ANTONIO_EMMERICK156__VILA_CASCATINHA_11370-001", "LATITUDE": "-23.9632778", "LONGITUDE": "-46.3808091", "LMAPS": "https://www.google.com/maps?q=&layer=c&cbll=-46.3808091,-23.9632778", "O_QUE_FAZER": "CARTEIRA", "ER_REGIAO_CIDADE_min": "São Vicente_Baixada Santista" }, "geometry": { "type": "Point", "coordinates": [ -46.3808091, -23.9632778 ] } },
{ "type": "Feature", "properties": { "CNPJ": "05345523000193", "IDCIDADE": "SAO_VICENTE", "NOMEFANTASIA": "CASA_DOS_CARROS", "RAZAOSOCIAL": "L._LONGUINI_SILVA_-_VEICULOS", "ENDEE": "AVENIDA_ANTONIO_EMMERICK1565__VILA_SAO_JORGE_11370-001", "LATITUDE": "-23.952336", "LONGITUDE": "-46.3742347", "LMAPS": "https://www.google.com/maps?q=&layer=c&cbll=-46.3742347,-23.952336", "O_QUE_FAZER": "CARTEIRA", "ER_REGIAO_CIDADE_min": "São Vicente_Baixada Santista" }, "geometry": { "type": "Point", "coordinates": [ -46.3742347, -23.952336 ] } },
{ "type": "Feature", "properties": { "CNPJ": "41520270000100", "IDCIDADE": "SAO_VICENTE", "NOMEFANTASIA": "ACADEMIA_PANOBIANCO", "RAZAOSOCIAL": "DECENCIFARIAS_ACADEMIA_DE_GINASTICA_LTDA", "ENDEE": "AVENIDA_ANTONIO_EMMERICK1588__VILA_SAO_JORGE_11370-001", "LATITUDE": "-23.9528888", "LONGITUDE": "-46.3741104", "LMAPS": "https://www.google.com/maps?q=&layer=c&cbll=-46.3741104,-23.9528888", "O_QUE_FAZER": "CARTEIRA", "ER_REGIAO_CIDADE_min": "São Vicente_Baixada Santista" }, "geometry": { "type": "Point", "coordinates": [ -46.3741104, -23.9528888 ] } },
{ "type": "Feature", "properties": { "CNPJ": "40394176000190", "IDCIDADE": "SAO_VICENTE", "NOMEFANTASIA": "POTENCIAL_AUTOMOVEIS", "RAZAOSOCIAL": "M._U._LUCAS_VEICULOS_LTDA", "ENDEE": "AVENIDA_ANTONIO_EMMERICK1599__VILA_SAO_JORGE_11370-001", "LATITUDE": "-23.9520193", "LONGITUDE": "-46.3739769", "LMAPS": "https://www.google.com/maps?q=&layer=c&cbll=-46.3739769,-23.9520193", "O_QUE_FAZER": "CARTEIRA", "ER_REGIAO_CIDADE_min": "São Vicente_Baixada Santista" }, "geometry": { "type": "Point", "coordinates": [ -46.3739769, -23.9520193 ] } },
{ "type": "Feature", "properties": { "CNPJ": "20455311000152", "IDCIDADE": "SAO_VICENTE", "NOMEFANTASIA": "CAMARO_AUTOMOVEIS", "RAZAOSOCIAL": "AMF_DO_NASCIMENTO_VEICULOS", "ENDEE": "AVENIDA_ANTONIO_EMMERICK1609__VILA_CASCATINHA_11370-001", "LATITUDE": "-23.9519785", "LONGITUDE": "-46.3740525", "LMAPS": "https://www.google.com/maps?q=&layer=c&cbll=-46.3740525,-23.9519785", "O_QUE_FAZER": "CARTEIRA", "ER_REGIAO_CIDADE_min": "São Vicente_Baixada Santista" }, "geometry": { "type": "Point", "coordinates": [ -46.3740525, -23.9519785 ] } },
{ "type": "Feature", "properties": { "CNPJ": "28788643000160", "IDCIDADE": "SAO_VICENTE", "NOMEFANTASIA": "IMPERIUM_CLEAN", "RAZAOSOCIAL": "SALES_&_FERREIRA_COMERCIO_DE_PRODUTOS_DE_LIMPEZA_E_DESCARTAVEIS_LTDA", "ENDEE": "AVENIDA_ANTONIO_EMMERICK1617__VILA_CASCATINHA_11370-001", "LATITUDE": "-23.9519476", "LONGITUDE": "-46.3740286", "LMAPS": "https://www.google.com/maps?q=&layer=c&cbll=-46.3740286,-23.9519476", "O_QUE_FAZER": "CARTEIRA", "ER_REGIAO_CIDADE_min": "São Vicente_Baixada Santista" }, "geometry": { "type": "Point", "coordinates": [ -46.3740286, -23.9519476 ] } },
{ "type": "Feature", "properties": { "CNPJ": "52683773000113", "IDCIDADE": "SAO_VICENTE", "NOMEFANTASIA": "IMPERIUM_CLEAN", "RAZAOSOCIAL": "IMPERIUM_CLEAN_COMERCIO_DE_PRODUTOS_DE_LIMPEZA_E_DESCARTAVEIS_LTDA", "ENDEE": "AVENIDA_ANTONIO_EMMERICK1617__VILA_SAO_JORGE_11370-001", "LATITUDE": "-23.9518289", "LONGITUDE": "-46.3739449", "LMAPS": "https://www.google.com/maps?q=&layer=c&cbll=-46.3739449,-23.9518289", "O_QUE_FAZER": "CARTEIRA", "ER_REGIAO_CIDADE_min": "São Vicente_Baixada Santista" }, "geometry": { "type": "Point", "coordinates": [ -46.3739449, -23.9518289 ] } },
{ "type": "Feature", "properties": { "CNPJ": "36314293000129", "IDCIDADE": "SAO_VICENTE", "NOMEFANTASIA": "RR_PECAS", "RAZAOSOCIAL": "RR_-_AUTO_PECAS_DE_SANTOS_LTDA", "ENDEE": "AVENIDA_ANTONIO_EMMERICK1656__VILA_SAO_JORGE_11370-001", "LATITUDE": "-23.9522963", "LONGITUDE": "-46.373841", "LMAPS": "https://www.google.com/maps?q=&layer=c&cbll=-46.373841,-23.9522963", "O_QUE_FAZER": "CARTEIRA", "ER_REGIAO_CIDADE_min": "São Vicente_Baixada Santista" }, "geometry": { "type": "Point", "coordinates": [ -46.373841, -23.9522963 ] } },
{ "type": "Feature", "properties": { "CNPJ": "22173692000102", "IDCIDADE": "SAO_VICENTE", "NOMEFANTASIA": "PET_SHOP_ROLUXINOL", "RAZAOSOCIAL": "CASA_DE_RACOES_E_PET_SHOP_ROUXINOL_LTDA", "ENDEE": "AVENIDA_ANTONIO_EMMERICK1672__VILA_SAO_JORGE_11370-001", "LATITUDE": "-23.9521119", "LONGITUDE": "-46.3737756", "LMAPS": "https://www.google.com/maps?q=&layer=c&cbll=-46.3737756,-23.9521119", "O_QUE_FAZER": "CARTEIRA", "ER_REGIAO_CIDADE_min": "São Vicente_Baixada Santista" }, "geometry": { "type": "Point", "coordinates": [ -46.3737756, -23.9521119 ] } },
{ "type": "Feature", "properties": { "CNPJ": "66178179000180", "IDCIDADE": "SAO_VICENTE", "NOMEFANTASIA": "R1_CENTRO_AUTOMOTIVO", "RAZAOSOCIAL": "COUNTACK_COMERCIO_DE_PECAS_E_ACESSORIOS_LTDA", "ENDEE": "AVENIDA_ANTONIO_EMMERICK168__VILA_CASCATINHA_11370-001", "LATITUDE": "-23.9631489", "LONGITUDE": "-46.380733", "LMAPS": "https://www.google.com/maps?q=&layer=c&cbll=-46.380733,-23.9631489", "O_QUE_FAZER": "CARTEIRA", "ER_REGIAO_CIDADE_min": "São Vicente_Baixada Santista" }, "geometry": { "type": "Point", "coordinates": [ -46.380733, -23.9631489 ] } },
{ "type": "Feature", "properties": { "CNPJ": "62557376000159", "IDCIDADE": "SAO_VICENTE", "NOMEFANTASIA": "ITAVI_PEDRAS", "RAZAOSOCIAL": "ITAVI_COMERCIO_DE_PEDRAS_LTDA", "ENDEE": "AVENIDA_ANTONIO_EMMERICK1726__VILA_CASCATINHA_11370-001", "LATITUDE": "-23.9518015", "LONGITUDE": "-46.3735542", "LMAPS": "https://www.google.com/maps?q=&layer=c&cbll=-46.3735542,-23.9518015", "O_QUE_FAZER": "CARTEIRA", "ER_REGIAO_CIDADE_min": "São Vicente_Baixada Santista" }, "geometry": { "type": "Point", "coordinates": [ -46.3735542, -23.9518015 ] } },
{ "type": "Feature", "properties": { "CNPJ": "32678105000190", "IDCIDADE": "SAO_VICENTE", "NOMEFANTASIA": "PAULO_MOTOS", "RAZAOSOCIAL": "PAULO_MOTOS_LITORAL_LTDA", "ENDEE": "AVENIDA_ANTONIO_EMMERICK205__VILA_CASCATINHA_11370-001", "LATITUDE": "-23.9628519", "LONGITUDE": "-46.3808469", "LMAPS": "https://www.google.com/maps?q=&layer=c&cbll=-46.3808469,-23.9628519", "O_QUE_FAZER": "CARTEIRA", "ER_REGIAO_CIDADE_min": "São Vicente_Baixada Santista" }, "geometry": { "type": "Point", "coordinates": [ -46.3808469, -23.9628519 ] } },
{ "type": "Feature", "properties": { "CNPJ": "27711168000161", "IDCIDADE": "SAO_VICENTE", "NOMEFANTASIA": "LOGOS_DESPACHANTES", "RAZAOSOCIAL": "LOGOS_DESPACHOS_POLICIAIS_LTDA.", "ENDEE": "AVENIDA_ANTONIO_EMMERICK217__VILA_CASCATINHA_11370-001", "LATITUDE": "-23.9627529", "LONGITUDE": "-46.3806938", "LMAPS": "https://www.google.com/maps?q=&layer=c&cbll=-46.3806938,-23.9627529", "O_QUE_FAZER": "CARTEIRA", "ER_REGIAO_CIDADE_min": "São Vicente_Baixada Santista" }, "geometry": { "type": "Point", "coordinates": [ -46.3806938, -23.9627529 ] } },
{ "type": "Feature", "properties": { "CNPJ": "44342872000103", "IDCIDADE": "SAO_VICENTE", "NOMEFANTASIA": "LOGOS_MOTOS", "RAZAOSOCIAL": "LUCIANO_BUENO_MOTOS", "ENDEE": "AVENIDA_ANTONIO_EMMERICK221__VILA_CASCATINHA_11370-001", "LATITUDE": "-23.9627419", "LONGITUDE": "-46.3806892", "LMAPS": "https://www.google.com/maps?q=&layer=c&cbll=-46.3806892,-23.9627419", "O_QUE_FAZER": "CARTEIRA", "ER_REGIAO_CIDADE_min": "São Vicente_Baixada Santista" }, "geometry": { "type": "Point", "coordinates": [ -46.3806892, -23.9627419 ] } },
{ "type": "Feature", "properties": { "CNPJ": "42769614000182", "IDCIDADE": "SAO_VICENTE", "NOMEFANTASIA": "FORTH_VISTORIAS", "RAZAOSOCIAL": "FORTH_VISTORIAS_AUTOMOTIVAS_SAO_VICENTE_LTDA", "ENDEE": "AVENIDA_ANTONIO_EMMERICK324__VILA_CASCATINHA_11370-001", "LATITUDE": "-23.96279", "LONGITUDE": "-46.38026", "LMAPS": "https://www.google.com/maps?q=&layer=c&cbll=-46.38026,-23.96279", "O_QUE_FAZER": "CARTEIRA", "ER_REGIAO_CIDADE_min": "São Vicente_Baixada Santista" }, "geometry": { "type": "Point", "coordinates": [ -46.38026, -23.96279 ] } },
{ "type": "Feature", "properties": { "CNPJ": "22260436000152", "IDCIDADE": "SAO_VICENTE", "NOMEFANTASIA": "TOTAL_TURISMO", "RAZAOSOCIAL": "TOTAL_TURISMO_SAO_VICENTE_OPERADORA_E_AGENCIA_DE_VIAGENS_LTDA", "ENDEE": "AVENIDA_ANTONIO_EMMERICK354__VILA_CASCATINHA_11370-001", "LATITUDE": "-23.9622418", "LONGITUDE": "-46.37917", "LMAPS": "https://www.google.com/maps?q=&layer=c&cbll=-46.37917,-23.9622418", "O_QUE_FAZER": "CARTEIRA", "ER_REGIAO_CIDADE_min": "São Vicente_Baixada Santista" }, "geometry": { "type": "Point", "coordinates": [ -46.37917, -23.9622418 ] } },
{ "type": "Feature", "properties": { "CNPJ": "22337485000146", "IDCIDADE": "SAO_VICENTE", "NOMEFANTASIA": "GARBIN_MOTORS", "RAZAOSOCIAL": "GARBIN_MULTIMARCAS_LTDA", "ENDEE": "AVENIDA_ANTONIO_EMMERICK422__VILA_CASCATINHA_11370-001", "LATITUDE": "-23.9628648", "LONGITUDE": "-46.3803459", "LMAPS": "https://www.google.com/maps?q=&layer=c&cbll=-46.3803459,-23.9628648", "O_QUE_FAZER": "CARTEIRA", "ER_REGIAO_CIDADE_min": "São Vicente_Baixada Santista" }, "geometry": { "type": "Point", "coordinates": [ -46.3803459, -23.9628648 ] } },
{ "type": "Feature", "properties": { "CNPJ": "06936606000110", "IDCIDADE": "SAO_VICENTE", "NOMEFANTASIA": "BLANCO_PNEUS", "RAZAOSOCIAL": "J._C._BLANCO_POUSADA_PECAS", "ENDEE": "AVENIDA_ANTONIO_EMMERICK456__VILA_CASCATINHA_11370-001", "LATITUDE": "-23.9618001", "LONGITUDE": "-46.378338", "LMAPS": "https://www.google.com/maps?q=&layer=c&cbll=-46.378338,-23.9618001", "O_QUE_FAZER": "CARTEIRA", "ER_REGIAO_CIDADE_min": "São Vicente_Baixada Santista" }, "geometry": { "type": "Point", "coordinates": [ -46.378338, -23.9618001 ] } },
{ "type": "Feature", "properties": { "CNPJ": "03333345000155", "IDCIDADE": "SAO_VICENTE", "NOMEFANTASIA": "CASA_DAS_CHAVES", "RAZAOSOCIAL": "SOLANGE_MOREIRA_COSTA_GAMA", "ENDEE": "AVENIDA_ANTONIO_EMMERICK469__VILA_CASCATINHA_11370-001", "LATITUDE": "-23.9615386", "LONGITUDE": "-46.3785633", "LMAPS": "https://www.google.com/maps?q=&layer=c&cbll=-46.3785633,-23.9615386", "O_QUE_FAZER": "CARTEIRA", "ER_REGIAO_CIDADE_min": "São Vicente_Baixada Santista" }, "geometry": { "type": "Point", "coordinates": [ -46.3785633, -23.9615386 ] } },
{ "type": "Feature", "properties": { "CNPJ": "43274588000184", "IDCIDADE": "SAO_VICENTE", "NOMEFANTASIA": "BLANCO_PNEUS", "RAZAOSOCIAL": "BLANCO_&_POUSADA_LTDA", "ENDEE": "AVENIDA_ANTONIO_EMMERICK551__VILA_CASCATINHA_11370-001", "LATITUDE": "-23.9610908", "LONGITUDE": "-46.3779705", "LMAPS": "https://www.google.com/maps?q=&layer=c&cbll=-46.3779705,-23.9610908", "O_QUE_FAZER": "CARTEIRA", "ER_REGIAO_CIDADE_min": "São Vicente_Baixada Santista" }, "geometry": { "type": "Point", "coordinates": [ -46.3779705, -23.9610908 ] } },
{ "type": "Feature", "properties": { "CNPJ": "57359192000144", "IDCIDADE": "SAO_VICENTE", "NOMEFANTASIA": "CASTRO_AGENCIA_DE_VIAGENS_E_TURISMO", "RAZAOSOCIAL": "CASTUR-AGENCIA_DE_VIAGENS_E_TURISMO_LTDA", "ENDEE": "AVENIDA_ANTONIO_EMMERICK560__VILA_CASCATINHA_11370-001", "LATITUDE": "-23.9612902", "LONGITUDE": "-46.3775375", "LMAPS": "https://www.google.com/maps?q=&layer=c&cbll=-46.3775375,-23.9612902", "O_QUE_FAZER": "CARTEIRA", "ER_REGIAO_CIDADE_min": "São Vicente_Baixada Santista" }, "geometry": { "type": "Point", "coordinates": [ -46.3775375, -23.9612902 ] } },
{ "type": "Feature", "properties": { "CNPJ": "11887326000107", "IDCIDADE": "SAO_VICENTE", "NOMEFANTASIA": "KS_EMBALAGENS", "RAZAOSOCIAL": "COMERCIAL_K_S_EMBALAGENS_LTDA.", "ENDEE": "AVENIDA_ANTONIO_EMMERICK568__VILA_CASCATINHA_11370-001", "LATITUDE": "-23.9612604", "LONGITUDE": "-46.3774727", "LMAPS": "https://www.google.com/maps?q=&layer=c&cbll=-46.3774727,-23.9612604", "O_QUE_FAZER": "CARTEIRA", "ER_REGIAO_CIDADE_min": "São Vicente_Baixada Santista" }, "geometry": { "type": "Point", "coordinates": [ -46.3774727, -23.9612604 ] } },
{ "type": "Feature", "properties": { "CNPJ": "39715379000151", "IDCIDADE": "SAO_VICENTE", "NOMEFANTASIA": "JRV_BIKES", "RAZAOSOCIAL": "JRV_BIKES_E_ACESSORIOS_2_LTDA", "ENDEE": "AVENIDA_ANTONIO_EMMERICK590__VILA_CASCATINHA_11370-001", "LATITUDE": "-23.9610538", "LONGITUDE": "-46.3772654", "LMAPS": "https://www.google.com/maps?q=&layer=c&cbll=-46.3772654,-23.9610538", "O_QUE_FAZER": "CARTEIRA", "ER_REGIAO_CIDADE_min": "São Vicente_Baixada Santista" }, "geometry": { "type": "Point", "coordinates": [ -46.3772654, -23.9610538 ] } },
{ "type": "Feature", "properties": { "CNPJ": "34279675000133", "IDCIDADE": "SAO_VICENTE", "NOMEFANTASIA": "LUMA_COSMETICOS", "RAZAOSOCIAL": "LUMA_COSMETICOS_E_PERFUMARIA_SV_LTDA", "ENDEE": "AVENIDA_ANTONIO_EMMERICK590__VILA_SAO_JORGE_11370-001", "LATITUDE": "-23.961184", "LONGITUDE": "-46.3771602", "LMAPS": "https://www.google.com/maps?q=&layer=c&cbll=-46.3771602,-23.961184", "O_QUE_FAZER": "CARTEIRA", "ER_REGIAO_CIDADE_min": "São Vicente_Baixada Santista" }, "geometry": { "type": "Point", "coordinates": [ -46.3771602, -23.961184 ] } },
{ "type": "Feature", "properties": { "CNPJ": "28039461000197", "IDCIDADE": "SAO_VICENTE", "NOMEFANTASIA": "CASA_DOS_BORRACHEIROS", "RAZAOSOCIAL": "CWB_CASA_DOS_BORRACHEIROS_E_MOTO_PECAS_LTDA", "ENDEE": "AVENIDA_ANTONIO_EMMERICK595__VILA_CASCATINHA_11370-001", "LATITUDE": "-23.9609504", "LONGITUDE": "-46.3775844", "LMAPS": "https://www.google.com/maps?q=&layer=c&cbll=-46.3775844,-23.9609504", "O_QUE_FAZER": "CARTEIRA", "ER_REGIAO_CIDADE_min": "São Vicente_Baixada Santista" }, "geometry": { "type": "Point", "coordinates": [ -46.3775844, -23.9609504 ] } },
{ "type": "Feature", "properties": { "CNPJ": "19090490000192", "IDCIDADE": "SAO_VICENTE", "NOMEFANTASIA": "MEGA_MOTORS", "RAZAOSOCIAL": "T._RODRIGUES_TAVARES_DA_SILVA_COMERCIO_DE_AUTOS_E_MOTOS_LTDA", "ENDEE": "AVENIDA_ANTONIO_EMMERICK68__VILA_CASCATINHA_11370-001", "LATITUDE": "-23.9635503", "LONGITUDE": "-46.381583", "LMAPS": "https://www.google.com/maps?q=&layer=c&cbll=-46.381583,-23.9635503", "O_QUE_FAZER": "CARTEIRA", "ER_REGIAO_CIDADE_min": "São Vicente_Baixada Santista" }, "geometry": { "type": "Point", "coordinates": [ -46.381583, -23.9635503 ] } },
{ "type": "Feature", "properties": { "CNPJ": "16457596000193", "IDCIDADE": "SAO_VICENTE", "NOMEFANTASIA": "COLONIAL_BARRACO", "RAZAOSOCIAL": "SAMYR_DE_C_NERI", "ENDEE": "AVENIDA_ANTONIO_EMMERICK705__VILA_CASCATINHA_11370-001", "LATITUDE": "-23.9601979", "LONGITUDE": "-46.3767649", "LMAPS": "https://www.google.com/maps?q=&layer=c&cbll=-46.3767649,-23.9601979", "O_QUE_FAZER": "CARTEIRA", "ER_REGIAO_CIDADE_min": "São Vicente_Baixada Santista" }, "geometry": { "type": "Point", "coordinates": [ -46.3767649, -23.9601979 ] } },
{ "type": "Feature", "properties": { "CNPJ": "49673090000170", "IDCIDADE": "SAO_VICENTE", "NOMEFANTASIA": "LIMA_AUTOMOVEIS", "RAZAOSOCIAL": "LIMA_E_COMPANHIA_AUTOMOVEIS_LTDA", "ENDEE": "AVENIDA_ANTONIO_EMMERICK730__VILA_CASCATINHA_11370-001", "LATITUDE": "-23.9600458", "LONGITUDE": "-46.3765981", "LMAPS": "https://www.google.com/maps?q=&layer=c&cbll=-46.3765981,-23.9600458", "O_QUE_FAZER": "CARTEIRA", "ER_REGIAO_CIDADE_min": "São Vicente_Baixada Santista" }, "geometry": { "type": "Point", "coordinates": [ -46.3765981, -23.9600458 ] } },
{ "type": "Feature", "properties": { "CNPJ": "30845872000111", "IDCIDADE": "SAO_VICENTE", "NOMEFANTASIA": "CF_VALENCIA", "RAZAOSOCIAL": "CF_VALENCA_LTDA", "ENDEE": "AVENIDA_ANTONIO_EMMERICK760__VILA_CASCATINHA_11370-001", "LATITUDE": "-23.9598171", "LONGITUDE": "-46.3764851", "LMAPS": "https://www.google.com/maps?q=&layer=c&cbll=-46.3764851,-23.9598171", "O_QUE_FAZER": "CARTEIRA", "ER_REGIAO_CIDADE_min": "São Vicente_Baixada Santista" }, "geometry": { "type": "Point", "coordinates": [ -46.3764851, -23.9598171 ] } },
{ "type": "Feature", "properties": { "CNPJ": "53461533000137", "IDCIDADE": "SAO_VICENTE", "NOMEFANTASIA": "AUTOMOVEIS_VERA", "RAZAOSOCIAL": "VERA_AUTOMOVEIS_LTDA", "ENDEE": "AVENIDA_ANTONIO_EMMERICK789__VILA_CASCATINHA_11370-001", "LATITUDE": "-23.9593833", "LONGITUDE": "-46.3766593", "LMAPS": "https://www.google.com/maps?q=&layer=c&cbll=-46.3766593,-23.9593833", "O_QUE_FAZER": "CARTEIRA", "ER_REGIAO_CIDADE_min": "São Vicente_Baixada Santista" }, "geometry": { "type": "Point", "coordinates": [ -46.3766593, -23.9593833 ] } },
{ "type": "Feature", "properties": { "CNPJ": "27722864000173", "IDCIDADE": "SAO_VICENTE", "NOMEFANTASIA": "MUNDO_ANIMAL", "RAZAOSOCIAL": "MUNDO_ANIMAL_SAO_VICENTE_LTDA", "ENDEE": "AVENIDA_ANTONIO_EMMERICK810__VILA_CASCATINHA_11370-001", "LATITUDE": "-23.9594976", "LONGITUDE": "-46.3762646", "LMAPS": "https://www.google.com/maps?q=&layer=c&cbll=-46.3762646,-23.9594976", "O_QUE_FAZER": "CARTEIRA", "ER_REGIAO_CIDADE_min": "São Vicente_Baixada Santista" }, "geometry": { "type": "Point", "coordinates": [ -46.3762646, -23.9594976 ] } },
{ "type": "Feature", "properties": { "CNPJ": "27885424000137", "IDCIDADE": "SAO_VICENTE", "NOMEFANTASIA": "MERCADAO_DE_CARNES_MARQUESA", "RAZAOSOCIAL": "MERCADAO_DE_CARNES_E_MERCEARIA_SAO_VICENTE_LTDA", "ENDEE": "AVENIDA_ANTONIO_EMMERICK827__VILA_CASCATINHA_11370-001", "LATITUDE": "-23.9589732", "LONGITUDE": "-46.3764398", "LMAPS": "https://www.google.com/maps?q=&layer=c&cbll=-46.3764398,-23.9589732", "O_QUE_FAZER": "CARTEIRA", "ER_REGIAO_CIDADE_min": "São Vicente_Baixada Santista" }, "geometry": { "type": "Point", "coordinates": [ -46.3764398, -23.9589732 ] } },
{ "type": "Feature", "properties": { "CNPJ": "33105707000200", "IDCIDADE": "SAO_VICENTE", "NOMEFANTASIA": "DA_PRAIA_MOTOS", "RAZAOSOCIAL": "RITA_DE_CASSIA_FERNANDES_SIMOES_-_MOTOS", "ENDEE": "AVENIDA_ANTONIO_EMMERICK84__VILA_CASCATINHA_11370-001", "LATITUDE": "-23.9636391", "LONGITUDE": "-46.3814535", "LMAPS": "https://www.google.com/maps?q=&layer=c&cbll=-46.3814535,-23.9636391", "O_QUE_FAZER": "CARTEIRA", "ER_REGIAO_CIDADE_min": "São Vicente_Baixada Santista" }, "geometry": { "type": "Point", "coordinates": [ -46.3814535, -23.9636391 ] } },
{ "type": "Feature", "properties": { "CNPJ": "48463263000163", "IDCIDADE": "SAO_VICENTE", "NOMEFANTASIA": "PLACAS_PARA_TV", "RAZAOSOCIAL": "PLACAS_PARA_TV_PONTO_COM_LTDA", "ENDEE": "RUA_ANTONIO_EMMERICK1457__VILA_SAO_JORGE_11370-001", "LATITUDE": "-23.9535637", "LONGITUDE": "-46.3742842", "LMAPS": "https://www.google.com/maps?q=&layer=c&cbll=-46.3742842,-23.9535637", "O_QUE_FAZER": "CARTEIRA", "ER_REGIAO_CIDADE_min": "São Vicente_Baixada Santista" }, "geometry": { "type": "Point", "coordinates": [ -46.3742842, -23.9535637 ] } },
{ "type": "Feature", "properties": { "CNPJ": "07886502000100", "IDCIDADE": "SAO_VICENTE", "NOMEFANTASIA": "MASTER_BOMBAS", "RAZAOSOCIAL": "ROGERIO_DA_SILVA_MATOS", "ENDEE": "RUA_SENADOR_CESAR_LACERDA_DE_VERGUEIRO23__VILA_CASCATINHA_11370-040", "LATITUDE": "-23.9606064", "LONGITUDE": "-46.3774638", "LMAPS": "https://www.google.com/maps?q=&layer=c&cbll=-46.3774638,-23.9606064", "O_QUE_FAZER": "CARTEIRA", "ER_REGIAO_CIDADE_min": "São Vicente_Baixada Santista" }, "geometry": { "type": "Point", "coordinates": [ -46.3774638, -23.9606064 ] } },
{ "type": "Feature", "properties": { "CNPJ": "59127142000167", "IDCIDADE": "SAO_VICENTE", "NOMEFANTASIA": "ENTRETONS", "RAZAOSOCIAL": "J_A_F_DE_SOUZA_SAO_VICENTE", "ENDEE": "RUA_GENERAL_MARCONDES_SALGADO34__VILA_CASCATINHA_11370-070", "LATITUDE": "-23.9609269", "LONGITUDE": "-46.3779311", "LMAPS": "https://www.google.com/maps?q=&layer=c&cbll=-46.3779311,-23.9609269", "O_QUE_FAZER": "CARTEIRA", "ER_REGIAO_CIDADE_min": "São Vicente_Baixada Santista" }, "geometry": { "type": "Point", "coordinates": [ -46.3779311, -23.9609269 ] } },
{ "type": "Feature", "properties": { "CNPJ": "23513819000158", "IDCIDADE": "SAO_VICENTE", "NOMEFANTASIA": "NOVA_SERVICOS_DE_AUTOMACAO", "RAZAOSOCIAL": "NOVA_SERVICOS_DE_TECNOLOGIA_E_AUTOMACAO_LTDA", "ENDEE": "AVENIDA_MOTA_LIMA152__VILA_CASCATINHA_11370-100", "LATITUDE": "-23.9603006", "LONGITUDE": "-46.3797983", "LMAPS": "https://www.google.com/maps?q=&layer=c&cbll=-46.3797983,-23.9603006", "O_QUE_FAZER": "CARTEIRA", "ER_REGIAO_CIDADE_min": "São Vicente_Baixada Santista" }, "geometry": { "type": "Point", "coordinates": [ -46.3797983, -23.9603006 ] } },
{ "type": "Feature", "properties": { "CNPJ": "48716236000155", "IDCIDADE": "SAO_VICENTE", "NOMEFANTASIA": "COLEGIO_FRANCISCO_MORAES", "RAZAOSOCIAL": "ANA_BEATRIZ_RIBEIRO_LUIZ_LTDA", "ENDEE": "AVENIDA_MOTA_LIMA205__VILA_CASCATINHA_11370-100", "LATITUDE": "-23.9602835", "LONGITUDE": "-46.3799656", "LMAPS": "https://www.google.com/maps?q=&layer=c&cbll=-46.3799656,-23.9602835", "O_QUE_FAZER": "CARTEIRA", "ER_REGIAO_CIDADE_min": "São Vicente_Baixada Santista" }, "geometry": { "type": "Point", "coordinates": [ -46.3799656, -23.9602835 ] } },
{ "type": "Feature", "properties": { "CNPJ": "27230679000161", "IDCIDADE": "SAO_VICENTE", "NOMEFANTASIA": "PENEDOS_BAR", "RAZAOSOCIAL": "PENEDO'S_BAR_LTDA", "ENDEE": "AVENIDA_PENEDO109__CATIAPOA_11370-400", "LATITUDE": "-23.9504154", "LONGITUDE": "-46.385092", "LMAPS": "https://www.google.com/maps?q=&layer=c&cbll=-46.385092,-23.9504154", "O_QUE_FAZER": "CARTEIRA", "ER_REGIAO_CIDADE_min": "São Vicente_Baixada Santista" }, "geometry": { "type": "Point", "coordinates": [ -46.385092, -23.9504154 ] } },
{ "type": "Feature", "properties": { "CNPJ": "41114011000180", "IDCIDADE": "SAO_VICENTE", "NOMEFANTASIA": "PRT_FAEMACIA", "RAZAOSOCIAL": "P.R.T._DOS_SANTOS", "ENDEE": "AVENIDA_PENEDO145__CATIAPOA_11370-400", "LATITUDE": "-23.9501367", "LONGITUDE": "-46.385311", "LMAPS": "https://www.google.com/maps?q=&layer=c&cbll=-46.385311,-23.9501367", "O_QUE_FAZER": "CARTEIRA", "ER_REGIAO_CIDADE_min": "São Vicente_Baixada Santista" }, "geometry": { "type": "Point", "coordinates": [ -46.385311, -23.9501367 ] } },
{ "type": "Feature", "properties": { "CNPJ": "18825904000111", "IDCIDADE": "SAO_VICENTE", "NOMEFANTASIA": "EXCLUSIVA", "RAZAOSOCIAL": "DALILA_NUNES_NOVAIS", "ENDEE": "AVENIDA_PENEDO159__CATIAPOA_11370-400", "LATITUDE": "-23.9500306", "LONGITUDE": "-46.385385", "LMAPS": "https://www.google.com/maps?q=&layer=c&cbll=-46.385385,-23.9500306", "O_QUE_FAZER": "CARTEIRA", "ER_REGIAO_CIDADE_min": "São Vicente_Baixada Santista" }, "geometry": { "type": "Point", "coordinates": [ -46.385385, -23.9500306 ] } },
{ "type": "Feature", "properties": { "CNPJ": "14567719000113", "IDCIDADE": "SAO_VICENTE", "NOMEFANTASIA": "BENCAO_CELULARES", "RAZAOSOCIAL": "R_SANTOS", "ENDEE": "AVENIDA_PENEDO181__CATIAPOA_11370-400", "LATITUDE": "-23.9500477", "LONGITUDE": "-46.3856699", "LMAPS": "https://www.google.com/maps?q=&layer=c&cbll=-46.3856699,-23.9500477", "O_QUE_FAZER": "CARTEIRA", "ER_REGIAO_CIDADE_min": "São Vicente_Baixada Santista" }, "geometry": { "type": "Point", "coordinates": [ -46.3856699, -23.9500477 ] } },
{ "type": "Feature", "properties": { "CNPJ": "09307774000134", "IDCIDADE": "SAO_VICENTE", "NOMEFANTASIA": "DONA_NINA", "RAZAOSOCIAL": "DONA_NINA_COMERCIO_DE_MATERIAIS_PARA_CONSTRUCAO_LTDA", "ENDEE": "AVENIDA_PENEDO233__CATIAPOA_11370-400", "LATITUDE": "-23.9500147", "LONGITUDE": "-46.3860893", "LMAPS": "https://www.google.com/maps?q=&layer=c&cbll=-46.3860893,-23.9500147", "O_QUE_FAZER": "CARTEIRA", "ER_REGIAO_CIDADE_min": "São Vicente_Baixada Santista" }, "geometry": { "type": "Point", "coordinates": [ -46.3860893, -23.9500147 ] } },
{ "type": "Feature", "properties": { "CNPJ": "23508002000191", "IDCIDADE": "SAO_VICENTE", "NOMEFANTASIA": "BAZAR_VITORIA", "RAZAOSOCIAL": "CARLA_BATISTA_BENTO_DE_SANTANA_LTDA", "ENDEE": "AVENIDA_PENEDO245__CATIAPOA_11370-400", "LATITUDE": "-23.9500384", "LONGITUDE": "-46.3863428", "LMAPS": "https://www.google.com/maps?q=&layer=c&cbll=-46.3863428,-23.9500384", "O_QUE_FAZER": "CARTEIRA", "ER_REGIAO_CIDADE_min": "São Vicente_Baixada Santista" }, "geometry": { "type": "Point", "coordinates": [ -46.3863428, -23.9500384 ] } },
{ "type": "Feature", "properties": { "CNPJ": "13795487000198", "IDCIDADE": "SAO_VICENTE", "NOMEFANTASIA": "VIVA_METAIS", "RAZAOSOCIAL": "EUNICE_GUEDES_CASTILHO", "ENDEE": "AVENIDA_PENEDO7__CATIAPOA_11370-400", "LATITUDE": "-23.950883", "LONGITUDE": "-46.3841934", "LMAPS": "https://www.google.com/maps?q=&layer=c&cbll=-46.3841934,-23.950883", "O_QUE_FAZER": "CARTEIRA", "ER_REGIAO_CIDADE_min": "São Vicente_Baixada Santista" }, "geometry": { "type": "Point", "coordinates": [ -46.3841934, -23.950883 ] } },
{ "type": "Feature", "properties": { "CNPJ": "21676327000158", "IDCIDADE": "SAO_VICENTE", "NOMEFANTASIA": "POUP_AQUI", "RAZAOSOCIAL": "I_H_LARA_DOS_SANTOS_-_PRODUTOS_FARMACEUTICOS", "ENDEE": "AVENIDA_PENEDO73__CATIAPOA_11370-400", "LATITUDE": "-23.9506554", "LONGITUDE": "-46.3847953", "LMAPS": "https://www.google.com/maps?q=&layer=c&cbll=-46.3847953,-23.9506554", "O_QUE_FAZER": "CARTEIRA", "ER_REGIAO_CIDADE_min": "São Vicente_Baixada Santista" }, "geometry": { "type": "Point", "coordinates": [ -46.3847953, -23.9506554 ] } },
{ "type": "Feature", "properties": { "CNPJ": "09113022000132", "IDCIDADE": "SAO_VICENTE", "NOMEFANTASIA": "MEG_PET", "RAZAOSOCIAL": "NILSON_LEMOS_MUNIZ", "ENDEE": "AVENIDA_PENEDO73__CATIAPOA_11370-400", "LATITUDE": "-23.9506822", "LONGITUDE": "-46.3848375", "LMAPS": "https://www.google.com/maps?q=&layer=c&cbll=-46.3848375,-23.9506822", "O_QUE_FAZER": "CARTEIRA", "ER_REGIAO_CIDADE_min": "São Vicente_Baixada Santista" }, "geometry": { "type": "Point", "coordinates": [ -46.3848375, -23.9506822 ] } },
{ "type": "Feature", "properties": { "CNPJ": "31196780000110", "IDCIDADE": "SAO_VICENTE", "NOMEFANTASIA": "SUPERMERCADO_CATIAPOA", "RAZAOSOCIAL": "MARQUES_&_SANTOS_COMERCIO_DE_ALIMENTOS_LTDA", "ENDEE": "AVENIDA_PENEDO85__CATIAPOA_11370-400", "LATITUDE": "-23.9505547", "LONGITUDE": "-46.3849175", "LMAPS": "https://www.google.com/maps?q=&layer=c&cbll=-46.3849175,-23.9505547", "O_QUE_FAZER": "CARTEIRA", "ER_REGIAO_CIDADE_min": "São Vicente_Baixada Santista" }, "geometry": { "type": "Point", "coordinates": [ -46.3849175, -23.9505547 ] } },
{ "type": "Feature", "properties": { "CNPJ": "02445311000190", "IDCIDADE": "SAO_VICENTE", "NOMEFANTASIA": "MAS_OXIGENIO", "RAZAOSOCIAL": "MARCELO_M._ALVES_-_TRANSPORTES", "ENDEE": "AVENIDA_CAPITAO_LUIS_HORNEAUX_DE_MOURA182__JARDIM_PARAISO_11370-500", "LATITUDE": "-23.9530403", "LONGITUDE": "-46.3763498", "LMAPS": "https://www.google.com/maps?q=&layer=c&cbll=-46.3763498,-23.9530403", "O_QUE_FAZER": "CARTEIRA", "ER_REGIAO_CIDADE_min": "São Vicente_Baixada Santista" }, "geometry": { "type": "Point", "coordinates": [ -46.3763498, -23.9530403 ] } },
{ "type": "Feature", "properties": { "CNPJ": "06297017000139", "IDCIDADE": "SAO_VICENTE", "NOMEFANTASIA": "ESCAPATHONS_JOSA_ALEMAO", "RAZAOSOCIAL": "JOAQUIM_SANTANA_DE_SOUZA", "ENDEE": "AVENIDA_CAPITAO_LUIS_HORNEAUX_DE_MOURA214__JARDIM_PARAISO_11370-500", "LATITUDE": "-23.9528873", "LONGITUDE": "-46.3765498", "LMAPS": "https://www.google.com/maps?q=&layer=c&cbll=-46.3765498,-23.9528873", "O_QUE_FAZER": "CARTEIRA", "ER_REGIAO_CIDADE_min": "São Vicente_Baixada Santista" }, "geometry": { "type": "Point", "coordinates": [ -46.3765498, -23.9528873 ] } },
{ "type": "Feature", "properties": { "CNPJ": "03967425000162", "IDCIDADE": "SAO_VICENTE", "NOMEFANTASIA": "HOT_WHEELS", "RAZAOSOCIAL": "FEITOSA_&_FEITOSA-RODAS-SAO_VICENTE_LTDA", "ENDEE": "AVENIDA_CAPITAO_LUIS_HORNEAUX_DE_MOURA281__JARDIM_PARAISO_11370-500", "LATITUDE": "-23.9530159", "LONGITUDE": "-46.3773089", "LMAPS": "https://www.google.com/maps?q=&layer=c&cbll=-46.3773089,-23.9530159", "O_QUE_FAZER": "CARTEIRA", "ER_REGIAO_CIDADE_min": "São Vicente_Baixada Santista" }, "geometry": { "type": "Point", "coordinates": [ -46.3773089, -23.9530159 ] } },
{ "type": "Feature", "properties": { "CNPJ": "28247756000159", "IDCIDADE": "SAO_VICENTE", "NOMEFANTASIA": "FAMILIA_ANIMAL", "RAZAOSOCIAL": "PH_GUERRA_MATOS-CLINICA_VETERINARIA", "ENDEE": "AVENIDA_CAPITAO_LUIS_HORNEAUX_DE_MOURA386__JARDIM_PARAISO_11370-500", "LATITUDE": "-23.9524916", "LONGITUDE": "-46.3781601", "LMAPS": "https://www.google.com/maps?q=&layer=c&cbll=-46.3781601,-23.9524916", "O_QUE_FAZER": "CARTEIRA", "ER_REGIAO_CIDADE_min": "São Vicente_Baixada Santista" }, "geometry": { "type": "Point", "coordinates": [ -46.3781601, -23.9524916 ] } },
{ "type": "Feature", "properties": { "CNPJ": "18687058000200", "IDCIDADE": "SAO_VICENTE", "NOMEFANTASIA": "TUBARAO_TINTAS", "RAZAOSOCIAL": "TUBARAO_TINTAS_LTDA", "ENDEE": "AVENIDA_CAPITAO_LUIS_HORNEAUX_DE_MOURA395__JARDIM_PARAISO_11370-500", "LATITUDE": "-23.9526807", "LONGITUDE": "-46.378399", "LMAPS": "https://www.google.com/maps?q=&layer=c&cbll=-46.378399,-23.9526807", "O_QUE_FAZER": "CARTEIRA", "ER_REGIAO_CIDADE_min": "São Vicente_Baixada Santista" }, "geometry": { "type": "Point", "coordinates": [ -46.378399, -23.9526807 ] } },
{ "type": "Feature", "properties": { "CNPJ": "27539173000139", "IDCIDADE": "SAO_VICENTE", "NOMEFANTASIA": "CLASS_FILM", "RAZAOSOCIAL": "THIAGO_LUCIO_RISCHARD", "ENDEE": "AVENIDA_CAPITAO_LUIS_HORNEAUX_DE_MOURA416__JARDIM_PARAISO_11370-500", "LATITUDE": "-23.9523921", "LONGITUDE": "-46.3783903", "LMAPS": "https://www.google.com/maps?q=&layer=c&cbll=-46.3783903,-23.9523921", "O_QUE_FAZER": "CARTEIRA", "ER_REGIAO_CIDADE_min": "São Vicente_Baixada Santista" }, "geometry": { "type": "Point", "coordinates": [ -46.3783903, -23.9523921 ] } },
{ "type": "Feature", "properties": { "CNPJ": "08318592000104", "IDCIDADE": "SAO_VICENTE", "NOMEFANTASIA": "AUTO_ESCOLA_ISRAEL", "RAZAOSOCIAL": "AUTO_MOTO_ESCOLA_ISRAEL_LTDA", "ENDEE": "AVENIDA_CAPITAO_LUIS_HORNEAUX_DE_MOURA437__JARDIM_PARAISO_11370-500", "LATITUDE": "-23.9526096", "LONGITUDE": "-46.3786091", "LMAPS": "https://www.google.com/maps?q=&layer=c&cbll=-46.3786091,-23.9526096", "O_QUE_FAZER": "CARTEIRA", "ER_REGIAO_CIDADE_min": "São Vicente_Baixada Santista" }, "geometry": { "type": "Point", "coordinates": [ -46.3786091, -23.9526096 ] } },
{ "type": "Feature", "properties": { "CNPJ": "35002271000160", "IDCIDADE": "SAO_VICENTE", "NOMEFANTASIA": "BRISA_DO_MAR", "RAZAOSOCIAL": "MARIA_GABRIELA_SILVA_DE_CAMPOS", "ENDEE": "AVENIDA_CAPITAO_LUIS_HORNEAUX_DE_MOURA450__JARDIM_PARAISO_11370-500", "LATITUDE": "-23.9523263", "LONGITUDE": "-46.3789919", "LMAPS": "https://www.google.com/maps?q=&layer=c&cbll=-46.3789919,-23.9523263", "O_QUE_FAZER": "CARTEIRA", "ER_REGIAO_CIDADE_min": "São Vicente_Baixada Santista" }, "geometry": { "type": "Point", "coordinates": [ -46.3789919, -23.9523263 ] } },
{ "type": "Feature", "properties": { "CNPJ": "23669318000165", "IDCIDADE": "SAO_VICENTE", "NOMEFANTASIA": "KIAVEL", "RAZAOSOCIAL": "C_S_NASCIMENTO_SERVICOS_AUTOMOTIVOS", "ENDEE": "AVENIDA_CAPITAO_LUIS_HORNEAUX_DE_MOURA451__JARDIM_PARAISO_11370-500", "LATITUDE": "-23.9526091", "LONGITUDE": "-46.3789414", "LMAPS": "https://www.google.com/maps?q=&layer=c&cbll=-46.3789414,-23.9526091", "O_QUE_FAZER": "CARTEIRA", "ER_REGIAO_CIDADE_min": "São Vicente_Baixada Santista" }, "geometry": { "type": "Point", "coordinates": [ -46.3789414, -23.9526091 ] } },
{ "type": "Feature", "properties": { "CNPJ": "33185354000107", "IDCIDADE": "SAO_VICENTE", "NOMEFANTASIA": "SOUND_PLAY", "RAZAOSOCIAL": "ANJOS_ACESSORIOS_E_SERVICOS_AUTOMOTIVOS_LTDA", "ENDEE": "AVENIDA_CAPITAO_LUIS_HORNEAUX_DE_MOURA472__JARDIM_PARAISO_11370-500", "LATITUDE": "-23.952216", "LONGITUDE": "-46.3789517", "LMAPS": "https://www.google.com/maps?q=&layer=c&cbll=-46.3789517,-23.952216", "O_QUE_FAZER": "CARTEIRA", "ER_REGIAO_CIDADE_min": "São Vicente_Baixada Santista" }, "geometry": { "type": "Point", "coordinates": [ -46.3789517, -23.952216 ] } },
{ "type": "Feature", "properties": { "CNPJ": "12433275000106", "IDCIDADE": "SAO_VICENTE", "NOMEFANTASIA": "4_RODAS", "RAZAOSOCIAL": "AUTO_CENTER_IMIGRANTES_CHECK_UP_LTDA", "ENDEE": "AVENIDA_CAPITAO_LUIS_HORNEAUX_DE_MOURA475__JARDIM_PARAISO_11370-500", "LATITUDE": "-23.9523552", "LONGITUDE": "-46.3791058", "LMAPS": "https://www.google.com/maps?q=&layer=c&cbll=-46.3791058,-23.9523552", "O_QUE_FAZER": "CARTEIRA", "ER_REGIAO_CIDADE_min": "São Vicente_Baixada Santista" }, "geometry": { "type": "Point", "coordinates": [ -46.3791058, -23.9523552 ] } },
{ "type": "Feature", "properties": { "CNPJ": "18845182000167", "IDCIDADE": "SAO_VICENTE", "NOMEFANTASIA": "A_ELITE_MECANICA", "RAZAOSOCIAL": "A-ELITE_MECANICA_AUTOMOTIVA_LTDA", "ENDEE": "AVENIDA_CAPITAO_LUIS_HORNEAUX_DE_MOURA638__JARDIM_PARAISO_11370-500", "LATITUDE": "-23.9517192", "LONGITUDE": "-46.3805248", "LMAPS": "https://www.google.com/maps?q=&layer=c&cbll=-46.3805248,-23.9517192", "O_QUE_FAZER": "CARTEIRA", "ER_REGIAO_CIDADE_min": "São Vicente_Baixada Santista" }, "geometry": { "type": "Point", "coordinates": [ -46.3805248, -23.9517192 ] } },
{ "type": "Feature", "properties": { "CNPJ": "05492503000145", "IDCIDADE": "SAO_VICENTE", "NOMEFANTASIA": "P1_LUB", "RAZAOSOCIAL": "BRUNO_V._R._R_._PAES", "ENDEE": "AVENIDA_CAPITAO_LUIS_HORNEAUX_DE_MOURA689__JARDIM_PARAISO_11370-500", "LATITUDE": "-23.9517718", "LONGITUDE": "-46.3810361", "LMAPS": "https://www.google.com/maps?q=&layer=c&cbll=-46.3810361,-23.9517718", "O_QUE_FAZER": "CARTEIRA", "ER_REGIAO_CIDADE_min": "São Vicente_Baixada Santista" }, "geometry": { "type": "Point", "coordinates": [ -46.3810361, -23.9517718 ] } },
{ "type": "Feature", "properties": { "CNPJ": "08813152000115", "IDCIDADE": "SAO_VICENTE", "NOMEFANTASIA": "CASA_DO_NORTE_NOVO_MUNDO", "RAZAOSOCIAL": "MERCEARIA_E_CASA_DO_NORTE_NOVO_MUNDO_DE_SAO_VICENTE_LTDA", "ENDEE": "AVENIDA_CAPITAO_LUIS_HORNEAUX_DE_MOURA721__JARDIM_PARAISO_11370-500", "LATITUDE": "-23.9517342", "LONGITUDE": "-46.3813777", "LMAPS": "https://www.google.com/maps?q=&layer=c&cbll=-46.3813777,-23.9517342", "O_QUE_FAZER": "CARTEIRA", "ER_REGIAO_CIDADE_min": "São Vicente_Baixada Santista" }, "geometry": { "type": "Point", "coordinates": [ -46.3813777, -23.9517342 ] } },
{ "type": "Feature", "properties": { "CNPJ": "13596497000102", "IDCIDADE": "SAO_VICENTE", "NOMEFANTASIA": "PEREIRA_MARMORARIA", "RAZAOSOCIAL": "M._B._PEREIRA", "ENDEE": "AVENIDA_CAPITAO_LUIS_HORNEAUX_DE_MOURA747__JARDIM_PARAISO_11370-500", "LATITUDE": "-23.9516201", "LONGITUDE": "-46.3814129", "LMAPS": "https://www.google.com/maps?q=&layer=c&cbll=-46.3814129,-23.9516201", "O_QUE_FAZER": "CARTEIRA", "ER_REGIAO_CIDADE_min": "São Vicente_Baixada Santista" }, "geometry": { "type": "Point", "coordinates": [ -46.3814129, -23.9516201 ] } },
{ "type": "Feature", "properties": { "CNPJ": "46531525000154", "IDCIDADE": "SAO_VICENTE", "NOMEFANTASIA": "BORRACHARIA_DO_GORDAO", "RAZAOSOCIAL": "ALEX_SANDRO_DE_SOUSA_-_BORRACHARIA", "ENDEE": "AVENIDA_CAPITAO_LUIS_HORNEAUX_DE_MOURA814__JARDIM_PARAISO_11370-500", "LATITUDE": "-23.9512738", "LONGITUDE": "-46.3821848", "LMAPS": "https://www.google.com/maps?q=&layer=c&cbll=-46.3821848,-23.9512738", "O_QUE_FAZER": "CARTEIRA", "ER_REGIAO_CIDADE_min": "São Vicente_Baixada Santista" }, "geometry": { "type": "Point", "coordinates": [ -46.3821848, -23.9512738 ] } },
{ "type": "Feature", "properties": { "CNPJ": "44966203000102", "IDCIDADE": "SAO_VICENTE", "NOMEFANTASIA": "BORRACHARIA_DO_KAREKA", "RAZAOSOCIAL": "W.B._REIS_BORRACHARIA_LTDA", "ENDEE": "AVENIDA_CAPITAO_LUIS_HORNEAUX_DE_MOURA896__JARDIM_PARAISO_11370-500", "LATITUDE": "-23.9510879", "LONGITUDE": "-46.3826078", "LMAPS": "https://www.google.com/maps?q=&layer=c&cbll=-46.3826078,-23.9510879", "O_QUE_FAZER": "CARTEIRA", "ER_REGIAO_CIDADE_min": "São Vicente_Baixada Santista" }, "geometry": { "type": "Point", "coordinates": [ -46.3826078, -23.9510879 ] } },
{ "type": "Feature", "properties": { "CNPJ": "03053389000121", "IDCIDADE": "SAO_VICENTE", "NOMEFANTASIA": "LILIAN_LOPES_CONTABILIDADE", "RAZAOSOCIAL": "LILIAN_LOPES_DOS_SANTOS_CONTABILIDADE", "ENDEE": "AVENIDA_CAPITAO_LUIS_HORNEAUX_DE_MOURA577__JARDIM_PARAISO_11370-501", "LATITUDE": "-23.952084", "LONGITUDE": "-46.3800947", "LMAPS": "https://www.google.com/maps?q=&layer=c&cbll=-46.3800947,-23.952084", "O_QUE_FAZER": "CARTEIRA", "ER_REGIAO_CIDADE_min": "São Vicente_Baixada Santista" }, "geometry": { "type": "Point", "coordinates": [ -46.3800947, -23.952084 ] } },
{ "type": "Feature", "properties": { "CNPJ": "40798667000104", "IDCIDADE": "SAO_VICENTE", "NOMEFANTASIA": "SO_CABECOTES", "RAZAOSOCIAL": "NUNES_&_NUNES_LTDA", "ENDEE": "AVENIDA_CAPITAO_LUIS_HORNEAUX_DE_MOURA625__JARDIM_PARAISO_11370-501", "LATITUDE": "-23.9519618", "LONGITUDE": "-46.3805009", "LMAPS": "https://www.google.com/maps?q=&layer=c&cbll=-46.3805009,-23.9519618", "O_QUE_FAZER": "CARTEIRA", "ER_REGIAO_CIDADE_min": "São Vicente_Baixada Santista" }, "geometry": { "type": "Point", "coordinates": [ -46.3805009, -23.9519618 ] } },
{ "type": "Feature", "properties": { "CNPJ": "12729558000191", "IDCIDADE": "SAO_VICENTE", "NOMEFANTASIA": "GRAFICA_GUASSU", "RAZAOSOCIAL": "E._N._DE_LIMA_-_GRAFICA", "ENDEE": "RUA_SANTO_ANTONIO23__JARDIM_GUASSU_11370-540", "LATITUDE": "-23.9527348", "LONGITUDE": "-46.3748059", "LMAPS": "https://www.google.com/maps?q=&layer=c&cbll=-46.3748059,-23.9527348", "O_QUE_FAZER": "CARTEIRA", "ER_REGIAO_CIDADE_min": "São Vicente_Baixada Santista" }, "geometry": { "type": "Point", "coordinates": [ -46.3748059, -23.9527348 ] } },
{ "type": "Feature", "properties": { "CNPJ": "74440249000154", "IDCIDADE": "SAO_VICENTE", "NOMEFANTASIA": "ORTOANDE", "RAZAOSOCIAL": "ORTOANDE_APARELHOS_ORTOPEDICOS_LTDA", "ENDEE": "RUA_SANTO_ANTONIO27__JARDIM_GUASSU_11370-540", "LATITUDE": "-23.9528297", "LONGITUDE": "-46.3746279", "LMAPS": "https://www.google.com/maps?q=&layer=c&cbll=-46.3746279,-23.9528297", "O_QUE_FAZER": "CARTEIRA", "ER_REGIAO_CIDADE_min": "São Vicente_Baixada Santista" }, "geometry": { "type": "Point", "coordinates": [ -46.3746279, -23.9528297 ] } },
{ "type": "Feature", "properties": { "CNPJ": "04334894000107", "IDCIDADE": "SAO_VICENTE", "NOMEFANTASIA": "PANIFICADORA_CARIBE", "RAZAOSOCIAL": "PANIFICADORA_CARIBE_GUASSU_LTDA", "ENDEE": "RUA_LAGARTO86__JARDIM_PARAISO_11370-580", "LATITUDE": "-23.9518757", "LONGITUDE": "-46.3800924", "LMAPS": "https://www.google.com/maps?q=&layer=c&cbll=-46.3800924,-23.9518757", "O_QUE_FAZER": "CARTEIRA", "ER_REGIAO_CIDADE_min": "São Vicente_Baixada Santista" }, "geometry": { "type": "Point", "coordinates": [ -46.3800924, -23.9518757 ] } },
{ "type": "Feature", "properties": { "CNPJ": "08975931000117", "IDCIDADE": "SAO_VICENTE", "NOMEFANTASIA": "AUTO_VIDROS_LITORAL", "RAZAOSOCIAL": "AVL_COMERCIO_DE_VIDROS_E_ACESSORIOS_LTDA", "ENDEE": "AVENIDA_PREFEITO_JOSE_MONTEIRO1018__JARDIM_INDEPENDENCIA_11380-000", "LATITUDE": "-23.9668889", "LONGITUDE": "-46.370409", "LMAPS": "https://www.google.com/maps?q=&layer=c&cbll=-46.370409,-23.9668889", "O_QUE_FAZER": "CARTEIRA", "ER_REGIAO_CIDADE_min": "São Vicente_Baixada Santista" }, "geometry": { "type": "Point", "coordinates": [ -46.370409, -23.9668889 ] } },
{ "type": "Feature", "properties": { "CNPJ": "16945431000160", "IDCIDADE": "SAO_VICENTE", "NOMEFANTASIA": "OFICINA_EXPRESS", "RAZAOSOCIAL": "G.F.C._CENTRO_AUTOMOTIVO_LTDA", "ENDEE": "AVENIDA_PREFEITO_JOSE_MONTEIRO1045__JARDIM_INDEPENDENCIA_11380-000", "LATITUDE": "-23.9665885", "LONGITUDE": "-46.3699973", "LMAPS": "https://www.google.com/maps?q=&layer=c&cbll=-46.3699973,-23.9665885", "O_QUE_FAZER": "CARTEIRA", "ER_REGIAO_CIDADE_min": "São Vicente_Baixada Santista" }, "geometry": { "type": "Point", "coordinates": [ -46.3699973, -23.9665885 ] } },
{ "type": "Feature", "properties": { "CNPJ": "00593793000108", "IDCIDADE": "SAO_VICENTE", "NOMEFANTASIA": "STAR_CHICKEN", "RAZAOSOCIAL": "SAO_VICENTE_CHICKEN_-_COMERCIO_E_DISTRIBUICAO_DE_ALIMENTOS_LTDA", "ENDEE": "AVENIDA_PREFEITO_JOSE_MONTEIRO1045__JARDIM_INDEPENDENCIA_11380-000", "LATITUDE": "-23.9666417", "LONGITUDE": "-46.3696023", "LMAPS": "https://www.google.com/maps?q=&layer=c&cbll=-46.3696023,-23.9666417", "O_QUE_FAZER": "CARTEIRA", "ER_REGIAO_CIDADE_min": "São Vicente_Baixada Santista" }, "geometry": { "type": "Point", "coordinates": [ -46.3696023, -23.9666417 ] } },
{ "type": "Feature", "properties": { "CNPJ": "34617157000182", "IDCIDADE": "SAO_VICENTE", "NOMEFANTASIA": "GIRAFFAS", "RAZAOSOCIAL": "ANNA_THEREZA_MEDINA_MATTAR", "ENDEE": "AVENIDA_PREFEITO_JOSE_MONTEIRO1045__JARDIM_INDEPENDENCIA_11380-000", "LATITUDE": "-23.9669685", "LONGITUDE": "-46.3695587", "LMAPS": "https://www.google.com/maps?q=&layer=c&cbll=-46.3695587,-23.9669685", "O_QUE_FAZER": "CARTEIRA", "ER_REGIAO_CIDADE_min": "São Vicente_Baixada Santista" }, "geometry": { "type": "Point", "coordinates": [ -46.3695587, -23.9669685 ] } },
{ "type": "Feature", "properties": { "CNPJ": "23313738000104", "IDCIDADE": "SAO_VICENTE", "NOMEFANTASIA": "LIMONADA_BABY", "RAZAOSOCIAL": "ANDRE_LUIS_RODRIGUES_PERES", "ENDEE": "AVENIDA_PREFEITO_JOSE_MONTEIRO1045__JARDIM_INDEPENDENCIA_11380-000", "LATITUDE": "-23.9670071", "LONGITUDE": "-46.3695433", "LMAPS": "https://www.google.com/maps?q=&layer=c&cbll=-46.3695433,-23.9670071", "O_QUE_FAZER": "CARTEIRA", "ER_REGIAO_CIDADE_min": "São Vicente_Baixada Santista" }, "geometry": { "type": "Point", "coordinates": [ -46.3695433, -23.9670071 ] } },
{ "type": "Feature", "properties": { "CNPJ": "05669491000181", "IDCIDADE": "SAO_VICENTE", "NOMEFANTASIA": "OTICA_PLANET", "RAZAOSOCIAL": "OTICA_PLANET_SAO_VICENTE_LTDA", "ENDEE": "AVENIDA_PREFEITO_JOSE_MONTEIRO1045__JARDIM_INDEPENDENCIA_11380-000", "LATITUDE": "-23.9670743", "LONGITUDE": "-46.3695407", "LMAPS": "https://www.google.com/maps?q=&layer=c&cbll=-46.3695407,-23.9670743", "O_QUE_FAZER": "CARTEIRA", "ER_REGIAO_CIDADE_min": "São Vicente_Baixada Santista" }, "geometry": { "type": "Point", "coordinates": [ -46.3695407, -23.9670743 ] } },
{ "type": "Feature", "properties": { "CNPJ": "10556820000118", "IDCIDADE": "SAO_VICENTE", "NOMEFANTASIA": "CHEF_DA_EMPADA", "RAZAOSOCIAL": "CANCINO_&_MARIANO_COMERCIO_DE_EMPADAS_LTDA", "ENDEE": "AVENIDA_PREFEITO_JOSE_MONTEIRO1045__JARDIM_INDEPENDENCIA_11380-000", "LATITUDE": "-23.9671409", "LONGITUDE": "-46.3695726", "LMAPS": "https://www.google.com/maps?q=&layer=c&cbll=-46.3695726,-23.9671409", "O_QUE_FAZER": "CARTEIRA", "ER_REGIAO_CIDADE_min": "São Vicente_Baixada Santista" }, "geometry": { "type": "Point", "coordinates": [ -46.3695726, -23.9671409 ] } },
{ "type": "Feature", "properties": { "CNPJ": "14847283000540", "IDCIDADE": "SAO_VICENTE", "NOMEFANTASIA": "DOUTOR_DO_SONO", "RAZAOSOCIAL": "EVOLUCAO_COMERCIO_DE_ARTIGOS_DE_COLCHOARIA_E_MOVEIS_LTDA", "ENDEE": "AVENIDA_PREFEITO_JOSE_MONTEIRO1045__JARDIM_INDEPENDENCIA_11380-000", "LATITUDE": "-23.9672839", "LONGITUDE": "-46.369642", "LMAPS": "https://www.google.com/maps?q=&layer=c&cbll=-46.369642,-23.9672839", "O_QUE_FAZER": "CARTEIRA", "ER_REGIAO_CIDADE_min": "São Vicente_Baixada Santista" }, "geometry": { "type": "Point", "coordinates": [ -46.369642, -23.9672839 ] } },
{ "type": "Feature", "properties": { "CNPJ": "09338367000194", "IDCIDADE": "SAO_VICENTE", "NOMEFANTASIA": "STUDIO_CRISPIMM", "RAZAOSOCIAL": "CRISPIM_CABELEIREIROS_LTDA", "ENDEE": "AVENIDA_PREFEITO_JOSE_MONTEIRO1045__JARDIM_INDEPENDENCIA_11380-000", "LATITUDE": "-23.9674453", "LONGITUDE": "-46.3695977", "LMAPS": "https://www.google.com/maps?q=&layer=c&cbll=-46.3695977,-23.9674453", "O_QUE_FAZER": "CARTEIRA", "ER_REGIAO_CIDADE_min": "São Vicente_Baixada Santista" }, "geometry": { "type": "Point", "coordinates": [ -46.3695977, -23.9674453 ] } },
{ "type": "Feature", "properties": { "CNPJ": "26351495000197", "IDCIDADE": "SAO_VICENTE", "NOMEFANTASIA": "CACAU_SHOW", "RAZAOSOCIAL": "ELLADE_DUARTE_FRANCA_GIL", "ENDEE": "AVENIDA_PREFEITO_JOSE_MONTEIRO1045__JARDIM_INDEPENDENCIA_11380-000", "LATITUDE": "-23.9675324", "LONGITUDE": "-46.3694951", "LMAPS": "https://www.google.com/maps?q=&layer=c&cbll=-46.3694951,-23.9675324", "O_QUE_FAZER": "CARTEIRA", "ER_REGIAO_CIDADE_min": "São Vicente_Baixada Santista" }, "geometry": { "type": "Point", "coordinates": [ -46.3694951, -23.9675324 ] } },
{ "type": "Feature", "properties": { "CNPJ": "07145526000109", "IDCIDADE": "SAO_VICENTE", "NOMEFANTASIA": "BOUTIQUE_DO_DENTE", "RAZAOSOCIAL": "CLINICA_DENTARIA_BOUTIQUE_DO_DENTE_LTDA", "ENDEE": "AVENIDA_PREFEITO_JOSE_MONTEIRO1045__JARDIM_INDEPENDENCIA_11380-000", "LATITUDE": "-23.9675963", "LONGITUDE": "-46.3694923", "LMAPS": "https://www.google.com/maps?q=&layer=c&cbll=-46.3694923,-23.9675963", "O_QUE_FAZER": "CARTEIRA", "ER_REGIAO_CIDADE_min": "São Vicente_Baixada Santista" }, "geometry": { "type": "Point", "coordinates": [ -46.3694923, -23.9675963 ] } },
{ "type": "Feature", "properties": { "CNPJ": "05924796000192", "IDCIDADE": "SAO_VICENTE", "NOMEFANTASIA": "L'EQUIPE", "RAZAOSOCIAL": "SANTOS_E_LIMA_LTDA", "ENDEE": "AVENIDA_PREFEITO_JOSE_MONTEIRO1045__JARDIM_INDEPENDENCIA_11380-000", "LATITUDE": "-23.9676158", "LONGITUDE": "-46.3695017", "LMAPS": "https://www.google.com/maps?q=&layer=c&cbll=-46.3695017,-23.9676158", "O_QUE_FAZER": "CARTEIRA", "ER_REGIAO_CIDADE_min": "São Vicente_Baixada Santista" }, "geometry": { "type": "Point", "coordinates": [ -46.3695017, -23.9676158 ] } },
{ "type": "Feature", "properties": { "CNPJ": "08712206000156", "IDCIDADE": "SAO_VICENTE", "NOMEFANTASIA": "MONTINI_MOTOS", "RAZAOSOCIAL": "V_R_COMERCIO_DE_MOTOPECAS_LTDA", "ENDEE": "AVENIDA_PREFEITO_JOSE_MONTEIRO106__JARDIM_INDEPENDENCIA_11380-000", "LATITUDE": "-23.9617778", "LONGITUDE": "-46.3763431", "LMAPS": "https://www.google.com/maps?q=&layer=c&cbll=-46.3763431,-23.9617778", "O_QUE_FAZER": "CARTEIRA", "ER_REGIAO_CIDADE_min": "São Vicente_Baixada Santista" }, "geometry": { "type": "Point", "coordinates": [ -46.3763431, -23.9617778 ] } },
{ "type": "Feature", "properties": { "CNPJ": "45708486000155", "IDCIDADE": "SAO_VICENTE", "NOMEFANTASIA": "KATSUO_MOTORS", "RAZAOSOCIAL": "KATSUO_MOTORS_LTDA", "ENDEE": "AVENIDA_PREFEITO_JOSE_MONTEIRO1102__JARDIM_INDEPENDENCIA_11380-000", "LATITUDE": "-23.9676725", "LONGITUDE": "-46.3704104", "LMAPS": "https://www.google.com/maps?q=&layer=c&cbll=-46.3704104,-23.9676725", "O_QUE_FAZER": "CARTEIRA", "ER_REGIAO_CIDADE_min": "São Vicente_Baixada Santista" }, "geometry": { "type": "Point", "coordinates": [ -46.3704104, -23.9676725 ] } },
{ "type": "Feature", "properties": { "CNPJ": "06019200000172", "IDCIDADE": "SAO_VICENTE", "NOMEFANTASIA": "SATE_COLCHOES", "RAZAOSOCIAL": "SATE_COLCHOES_LTDA", "ENDEE": "AVENIDA_PREFEITO_JOSE_MONTEIRO1148__JARDIM_INDEPENDENCIA_11380-000", "LATITUDE": "-23.9681252", "LONGITUDE": "-46.3704662", "LMAPS": "https://www.google.com/maps?q=&layer=c&cbll=-46.3704662,-23.9681252", "O_QUE_FAZER": "CARTEIRA", "ER_REGIAO_CIDADE_min": "São Vicente_Baixada Santista" }, "geometry": { "type": "Point", "coordinates": [ -46.3704662, -23.9681252 ] } },
{ "type": "Feature", "properties": { "CNPJ": "39952623000108", "IDCIDADE": "SAO_VICENTE", "NOMEFANTASIA": "ILLEGAL_SOM", "RAZAOSOCIAL": "CESAR_DE_OLIVEIRA_RODRIGUES_MANUTENCAO", "ENDEE": "AVENIDA_PREFEITO_JOSE_MONTEIRO131__JARDIM_INDEPENDENCIA_11380-000", "LATITUDE": "-23.9619409", "LONGITUDE": "-46.3759348", "LMAPS": "https://www.google.com/maps?q=&layer=c&cbll=-46.3759348,-23.9619409", "O_QUE_FAZER": "CARTEIRA", "ER_REGIAO_CIDADE_min": "São Vicente_Baixada Santista" }, "geometry": { "type": "Point", "coordinates": [ -46.3759348, -23.9619409 ] } },
{ "type": "Feature", "properties": { "CNPJ": "29054835000106", "IDCIDADE": "SAO_VICENTE", "NOMEFANTASIA": "SV_BATERIAS", "RAZAOSOCIAL": "SV_COMERCIO_DE_BATERIAS_LTDA", "ENDEE": "AVENIDA_PREFEITO_JOSE_MONTEIRO139__JARDIM_INDEPENDENCIA_11380-000", "LATITUDE": "-23.9622662", "LONGITUDE": "-46.3758328", "LMAPS": "https://www.google.com/maps?q=&layer=c&cbll=-46.3758328,-23.9622662", "O_QUE_FAZER": "CARTEIRA", "ER_REGIAO_CIDADE_min": "São Vicente_Baixada Santista" }, "geometry": { "type": "Point", "coordinates": [ -46.3758328, -23.9622662 ] } },
{ "type": "Feature", "properties": { "CNPJ": "46878483000122", "IDCIDADE": "SAO_VICENTE", "NOMEFANTASIA": "POUPAQUI", "RAZAOSOCIAL": "BIOMED_PRODUTOS_E_SERVICOS_FARMACEUTICOS_SOCIEDADE_UNIPESSOAL_LIMITADA", "ENDEE": "AVENIDA_PREFEITO_JOSE_MONTEIRO158__JARDIM_INDEPENDENCIA_11380-000", "LATITUDE": "-23.9620548", "LONGITUDE": "-46.376129", "LMAPS": "https://www.google.com/maps?q=&layer=c&cbll=-46.376129,-23.9620548", "O_QUE_FAZER": "CARTEIRA", "ER_REGIAO_CIDADE_min": "São Vicente_Baixada Santista" }, "geometry": { "type": "Point", "coordinates": [ -46.376129, -23.9620548 ] } },
{ "type": "Feature", "properties": { "CNPJ": "21028679000105", "IDCIDADE": "SAO_VICENTE", "NOMEFANTASIA": "SUPERVISAO", "RAZAOSOCIAL": "SUPERVISAO_SAO_VICENTE_VISTORIAS_AUTOMOTIVAS_LTDA", "ENDEE": "AVENIDA_PREFEITO_JOSE_MONTEIRO158__JARDIM_INDEPENDENCIA_11380-000", "LATITUDE": "-23.96214", "LONGITUDE": "-46.3761317", "LMAPS": "https://www.google.com/maps?q=&layer=c&cbll=-46.3761317,-23.96214", "O_QUE_FAZER": "CARTEIRA", "ER_REGIAO_CIDADE_min": "São Vicente_Baixada Santista" }, "geometry": { "type": "Point", "coordinates": [ -46.3761317, -23.96214 ] } },
{ "type": "Feature", "properties": { "CNPJ": "08506000000170", "IDCIDADE": "SAO_VICENTE", "NOMEFANTASIA": "GALERIA_MULTIMARCAS", "RAZAOSOCIAL": "GALERIA_MULTI_MARCAS_DO_LITORAL_VEICULOS_LTDA", "ENDEE": "AVENIDA_PREFEITO_JOSE_MONTEIRO169__JARDIM_INDEPENDENCIA_11380-000", "LATITUDE": "-23.9621538", "LONGITUDE": "-46.3757156", "LMAPS": "https://www.google.com/maps?q=&layer=c&cbll=-46.3757156,-23.9621538", "O_QUE_FAZER": "CARTEIRA", "ER_REGIAO_CIDADE_min": "São Vicente_Baixada Santista" }, "geometry": { "type": "Point", "coordinates": [ -46.3757156, -23.9621538 ] } },
{ "type": "Feature", "properties": { "CNPJ": "43296225000140", "IDCIDADE": "SAO_VICENTE", "NOMEFANTASIA": "CONEXAO_AUTOMOVEIS_RP", "RAZAOSOCIAL": "CONEXAO_AUTOMOVEIS_RP_LTDA", "ENDEE": "AVENIDA_PREFEITO_JOSE_MONTEIRO179__JARDIM_INDEPENDENCIA_11380-000", "LATITUDE": "-23.9622731", "LONGITUDE": "-46.3756136", "LMAPS": "https://www.google.com/maps?q=&layer=c&cbll=-46.3756136,-23.9622731", "O_QUE_FAZER": "CARTEIRA", "ER_REGIAO_CIDADE_min": "São Vicente_Baixada Santista" }, "geometry": { "type": "Point", "coordinates": [ -46.3756136, -23.9622731 ] } },
{ "type": "Feature", "properties": { "CNPJ": "32276741000196", "IDCIDADE": "SAO_VICENTE", "NOMEFANTASIA": "OUTLET_DOS_OCULOS", "RAZAOSOCIAL": "OTICAS_OUTLET_GOLD_SAO_VICENTE_LTDA", "ENDEE": "AVENIDA_PREFEITO_JOSE_MONTEIRO200__JARDIM_INDEPENDENCIA_11380-000", "LATITUDE": "-23.9624262", "LONGITUDE": "-46.3758259", "LMAPS": "https://www.google.com/maps?q=&layer=c&cbll=-46.3758259,-23.9624262", "O_QUE_FAZER": "CARTEIRA", "ER_REGIAO_CIDADE_min": "São Vicente_Baixada Santista" }, "geometry": { "type": "Point", "coordinates": [ -46.3758259, -23.9624262 ] } },
{ "type": "Feature", "properties": { "CNPJ": "37231208000121", "IDCIDADE": "SAO_VICENTE", "NOMEFANTASIA": "MAPLACAS", "RAZAOSOCIAL": "MARPLACAS_MERCOSUL_LTDA", "ENDEE": "AVENIDA_PREFEITO_JOSE_MONTEIRO221__JARDIM_INDEPENDENCIA_11380-000", "LATITUDE": "-23.9624942", "LONGITUDE": "-46.3754378", "LMAPS": "https://www.google.com/maps?q=&layer=c&cbll=-46.3754378,-23.9624942", "O_QUE_FAZER": "CARTEIRA", "ER_REGIAO_CIDADE_min": "São Vicente_Baixada Santista" }, "geometry": { "type": "Point", "coordinates": [ -46.3754378, -23.9624942 ] } },
{ "type": "Feature", "properties": { "CNPJ": "40884260000191", "IDCIDADE": "SAO_VICENTE", "NOMEFANTASIA": "AUT_ESCOLA_EDVALDO", "RAZAOSOCIAL": "RENATA_FULGONI_C_BATISTA", "ENDEE": "AVENIDA_PREFEITO_JOSE_MONTEIRO221__JARDIM_INDEPENDENCIA_11380-000", "LATITUDE": "-23.9625922", "LONGITUDE": "-46.375443", "LMAPS": "https://www.google.com/maps?q=&layer=c&cbll=-46.375443,-23.9625922", "O_QUE_FAZER": "CARTEIRA", "ER_REGIAO_CIDADE_min": "São Vicente_Baixada Santista" }, "geometry": { "type": "Point", "coordinates": [ -46.375443, -23.9625922 ] } },
{ "type": "Feature", "properties": { "CNPJ": "10531215000192", "IDCIDADE": "SAO_VICENTE", "NOMEFANTASIA": "AUTENTICA_LAUDOS", "RAZAOSOCIAL": "AUTENTICA_SAO_VICENTE_-_LAUDOS_VISTORIAS_E_INSPECOES_EM_VEICULOS_LTDA", "ENDEE": "AVENIDA_PREFEITO_JOSE_MONTEIRO242__JARDIM_INDEPENDENCIA_11380-000", "LATITUDE": "-23.9628496", "LONGITUDE": "-46.3757263", "LMAPS": "https://www.google.com/maps?q=&layer=c&cbll=-46.3757263,-23.9628496", "O_QUE_FAZER": "CARTEIRA", "ER_REGIAO_CIDADE_min": "São Vicente_Baixada Santista" }, "geometry": { "type": "Point", "coordinates": [ -46.3757263, -23.9628496 ] } },
{ "type": "Feature", "properties": { "CNPJ": "30245440000170", "IDCIDADE": "SAO_VICENTE", "NOMEFANTASIA": "PREMIUM_MOTORS", "RAZAOSOCIAL": "PREMIUM_MOTORS_LTDA", "ENDEE": "AVENIDA_PREFEITO_JOSE_MONTEIRO296__JARDIM_INDEPENDENCIA_11380-000", "LATITUDE": "-23.9630592", "LONGITUDE": "-46.3751706", "LMAPS": "https://www.google.com/maps?q=&layer=c&cbll=-46.3751706,-23.9630592", "O_QUE_FAZER": "CARTEIRA", "ER_REGIAO_CIDADE_min": "São Vicente_Baixada Santista" }, "geometry": { "type": "Point", "coordinates": [ -46.3751706, -23.9630592 ] } },
{ "type": "Feature", "properties": { "CNPJ": "04829639000135", "IDCIDADE": "SAO_VICENTE", "NOMEFANTASIA": "ROTA_DO_SOM", "RAZAOSOCIAL": "LUCIANE_RODRIGUES_GARCIA_CUNHA", "ENDEE": "AVENIDA_PREFEITO_JOSE_MONTEIRO330__JARDIM_INDEPENDENCIA_11380-000", "LATITUDE": "-23.9631665", "LONGITUDE": "-46.374847", "LMAPS": "https://www.google.com/maps?q=&layer=c&cbll=-46.374847,-23.9631665", "O_QUE_FAZER": "CARTEIRA", "ER_REGIAO_CIDADE_min": "São Vicente_Baixada Santista" }, "geometry": { "type": "Point", "coordinates": [ -46.374847, -23.9631665 ] } },
{ "type": "Feature", "properties": { "CNPJ": "51735691000102", "IDCIDADE": "SAO_VICENTE", "NOMEFANTASIA": "PET_SHOP_PIQUITUCHO", "RAZAOSOCIAL": "NCR_COMERCIO_DE_PRODUTOS_E_SERVICOS_DE_PET_SHOP_LTDA", "ENDEE": "AVENIDA_PREFEITO_JOSE_MONTEIRO438__JARDIM_INDEPENDENCIA_11380-000", "LATITUDE": "-23.9637531", "LONGITUDE": "-46.3740917", "LMAPS": "https://www.google.com/maps?q=&layer=c&cbll=-46.3740917,-23.9637531", "O_QUE_FAZER": "CARTEIRA", "ER_REGIAO_CIDADE_min": "São Vicente_Baixada Santista" }, "geometry": { "type": "Point", "coordinates": [ -46.3740917, -23.9637531 ] } },
{ "type": "Feature", "properties": { "CNPJ": "37898702000144", "IDCIDADE": "SAO_VICENTE", "NOMEFANTASIA": "STREET_CROSS", "RAZAOSOCIAL": "STREET_BOX_LTDA", "ENDEE": "AVENIDA_PREFEITO_JOSE_MONTEIRO439__JARDIM_INDEPENDENCIA_11380-000", "LATITUDE": "-23.9637823", "LONGITUDE": "-46.3737424", "LMAPS": "https://www.google.com/maps?q=&layer=c&cbll=-46.3737424,-23.9637823", "O_QUE_FAZER": "CARTEIRA", "ER_REGIAO_CIDADE_min": "São Vicente_Baixada Santista" }, "geometry": { "type": "Point", "coordinates": [ -46.3737424, -23.9637823 ] } },
{ "type": "Feature", "properties": { "CNPJ": "10230348000129", "IDCIDADE": "SAO_VICENTE", "NOMEFANTASIA": "TERCEIRA_VISAO_VISTORIAS", "RAZAOSOCIAL": "K_&_K_VISTORIAS_UNIPESSOAL_LTDA", "ENDEE": "AVENIDA_PREFEITO_JOSE_MONTEIRO46__JARDIM_INDEPENDENCIA_11380-000", "LATITUDE": "-23.9613396", "LONGITUDE": "-46.3766318", "LMAPS": "https://www.google.com/maps?q=&layer=c&cbll=-46.3766318,-23.9613396", "O_QUE_FAZER": "CARTEIRA", "ER_REGIAO_CIDADE_min": "São Vicente_Baixada Santista" }, "geometry": { "type": "Point", "coordinates": [ -46.3766318, -23.9613396 ] } },
{ "type": "Feature", "properties": { "CNPJ": "20757165000110", "IDCIDADE": "SAO_VICENTE", "NOMEFANTASIA": "PEG_PAN_DISTRIBUIDORA", "RAZAOSOCIAL": "PEGPAN_COMERCIO_DE_EMBALAGENS_E_PRODUTOS_DE_CONFEITARIA_LTDA", "ENDEE": "AVENIDA_PREFEITO_JOSE_MONTEIRO588__JARDIM_INDEPENDENCIA_11380-000", "LATITUDE": "-23.9641172", "LONGITUDE": "-46.3730209", "LMAPS": "https://www.google.com/maps?q=&layer=c&cbll=-46.3730209,-23.9641172", "O_QUE_FAZER": "CARTEIRA", "ER_REGIAO_CIDADE_min": "São Vicente_Baixada Santista" }, "geometry": { "type": "Point", "coordinates": [ -46.3730209, -23.9641172 ] } },
{ "type": "Feature", "properties": { "CNPJ": "00897600000102", "IDCIDADE": "SAO_VICENTE", "NOMEFANTASIA": "DOGCAT", "RAZAOSOCIAL": "DOG_E_CAT_COMERCIO_DE_RACOES_LTDA", "ENDEE": "AVENIDA_PREFEITO_JOSE_MONTEIRO604__JARDIM_INDEPENDENCIA_11380-000", "LATITUDE": "-23.9642879", "LONGITUDE": "-46.3725118", "LMAPS": "https://www.google.com/maps?q=&layer=c&cbll=-46.3725118,-23.9642879", "O_QUE_FAZER": "CARTEIRA", "ER_REGIAO_CIDADE_min": "São Vicente_Baixada Santista" }, "geometry": { "type": "Point", "coordinates": [ -46.3725118, -23.9642879 ] } },
{ "type": "Feature", "properties": { "CNPJ": "33576434000193", "IDCIDADE": "SAO_VICENTE", "NOMEFANTASIA": "AUTO_COMPRA_013", "RAZAOSOCIAL": "RIBEIRO_AUTOMOVEIS_R2_LTDA", "ENDEE": "AVENIDA_PREFEITO_JOSE_MONTEIRO666__JARDIM_INDEPENDENCIA_11380-000", "LATITUDE": "-23.9643833", "LONGITUDE": "-46.37195", "LMAPS": "https://www.google.com/maps?q=&layer=c&cbll=-46.37195,-23.9643833", "O_QUE_FAZER": "CARTEIRA", "ER_REGIAO_CIDADE_min": "São Vicente_Baixada Santista" }, "geometry": { "type": "Point", "coordinates": [ -46.37195, -23.9643833 ] } },
{ "type": "Feature", "properties": { "CNPJ": "02260290000138", "IDCIDADE": "SAO_VICENTE", "NOMEFANTASIA": "HELP_CURSO", "RAZAOSOCIAL": "EDER_FAVERO_EQUIPAMENTOS", "ENDEE": "AVENIDA_PREFEITO_JOSE_MONTEIRO697__JARDIM_INDEPENDENCIA_11380-000", "LATITUDE": "-23.9643629", "LONGITUDE": "-46.3711921", "LMAPS": "https://www.google.com/maps?q=&layer=c&cbll=-46.3711921,-23.9643629", "O_QUE_FAZER": "CARTEIRA", "ER_REGIAO_CIDADE_min": "São Vicente_Baixada Santista" }, "geometry": { "type": "Point", "coordinates": [ -46.3711921, -23.9643629 ] } },
{ "type": "Feature", "properties": { "CNPJ": "17030448000150", "IDCIDADE": "SAO_VICENTE", "NOMEFANTASIA": "BETAMAX", "RAZAOSOCIAL": "BETAMAX_SAO_VICENTE_LOCACAO_E_COMERCIO_DE_EQUIPAMENTOS_PARA_CONSTRUCAO_CIVIL_LTDA", "ENDEE": "AVENIDA_PREFEITO_JOSE_MONTEIRO711__JARDIM_INDEPENDENCIA_11380-000", "LATITUDE": "-23.9644761", "LONGITUDE": "-46.3710743", "LMAPS": "https://www.google.com/maps?q=&layer=c&cbll=-46.3710743,-23.9644761", "O_QUE_FAZER": "CARTEIRA", "ER_REGIAO_CIDADE_min": "São Vicente_Baixada Santista" }, "geometry": { "type": "Point", "coordinates": [ -46.3710743, -23.9644761 ] } },
{ "type": "Feature", "properties": { "CNPJ": "05030268000190", "IDCIDADE": "SAO_VICENTE", "NOMEFANTASIA": "BORRACHARIA_PRALHA", "RAZAOSOCIAL": "N._BARBOSA_DA_SILVA", "ENDEE": "AVENIDA_PREFEITO_JOSE_MONTEIRO713__JARDIM_INDEPENDENCIA_11380-000", "LATITUDE": "-23.9645278", "LONGITUDE": "-46.3710286", "LMAPS": "https://www.google.com/maps?q=&layer=c&cbll=-46.3710286,-23.9645278", "O_QUE_FAZER": "CARTEIRA", "ER_REGIAO_CIDADE_min": "São Vicente_Baixada Santista" }, "geometry": { "type": "Point", "coordinates": [ -46.3710286, -23.9645278 ] } },
{ "type": "Feature", "properties": { "CNPJ": "04919157000176", "IDCIDADE": "SAO_VICENTE", "NOMEFANTASIA": "SEDETRAN", "RAZAOSOCIAL": "E.L.BATISTA_CENTRO_DE_FORMACAO_DE_CONDUTORES", "ENDEE": "AVENIDA_PREFEITO_JOSE_MONTEIRO76__JARDIM_INDEPENDENCIA_11380-000", "LATITUDE": "-23.9614117", "LONGITUDE": "-46.376404", "LMAPS": "https://www.google.com/maps?q=&layer=c&cbll=-46.376404,-23.9614117", "O_QUE_FAZER": "CARTEIRA", "ER_REGIAO_CIDADE_min": "São Vicente_Baixada Santista" }, "geometry": { "type": "Point", "coordinates": [ -46.376404, -23.9614117 ] } },
{ "type": "Feature", "properties": { "CNPJ": "10794632000128", "IDCIDADE": "SAO_VICENTE", "NOMEFANTASIA": "VIDRAO", "RAZAOSOCIAL": "B.O.R._NOGUEIRA_VIDROS", "ENDEE": "AVENIDA_PREFEITO_JOSE_MONTEIRO787__JARDIM_INDEPENDENCIA_11380-000", "LATITUDE": "-23.9651248", "LONGITUDE": "-46.3705157", "LMAPS": "https://www.google.com/maps?q=&layer=c&cbll=-46.3705157,-23.9651248", "O_QUE_FAZER": "CARTEIRA", "ER_REGIAO_CIDADE_min": "São Vicente_Baixada Santista" }, "geometry": { "type": "Point", "coordinates": [ -46.3705157, -23.9651248 ] } },
{ "type": "Feature", "properties": { "CNPJ": "18727923000105", "IDCIDADE": "SAO_VICENTE", "NOMEFANTASIA": "AUTO_ESPORTE_MULTIMARCAS", "RAZAOSOCIAL": "ELI_DOS_SANTOS_-_AUTOMOVEIS", "ENDEE": "AVENIDA_PREFEITO_JOSE_MONTEIRO845__JARDIM_INDEPENDENCIA_11380-000", "LATITUDE": "-23.966236", "LONGITUDE": "-46.3704881", "LMAPS": "https://www.google.com/maps?q=&layer=c&cbll=-46.3704881,-23.966236", "O_QUE_FAZER": "CARTEIRA", "ER_REGIAO_CIDADE_min": "São Vicente_Baixada Santista" }, "geometry": { "type": "Point", "coordinates": [ -46.3704881, -23.966236 ] } },
{ "type": "Feature", "properties": { "CNPJ": "44197004000187", "IDCIDADE": "SAO_VICENTE", "NOMEFANTASIA": "M_MOTORS_VEICULOS", "RAZAOSOCIAL": "M-MOTORS_VEICULOS_LTDA", "ENDEE": "AVENIDA_PREFEITO_JOSE_MONTEIRO852__JARDIM_INDEPENDENCIA_11380-000", "LATITUDE": "-23.9654685", "LONGITUDE": "-46.3707691", "LMAPS": "https://www.google.com/maps?q=&layer=c&cbll=-46.3707691,-23.9654685", "O_QUE_FAZER": "CARTEIRA", "ER_REGIAO_CIDADE_min": "São Vicente_Baixada Santista" }, "geometry": { "type": "Point", "coordinates": [ -46.3707691, -23.9654685 ] } },
{ "type": "Feature", "properties": { "CNPJ": "36633453000100", "IDCIDADE": "SAO_VICENTE", "NOMEFANTASIA": "REDE_CHINA", "RAZAOSOCIAL": "GUOXIN_ZHUANG", "ENDEE": "AVENIDA_PREFEITO_JOSE_MONTEIRO877__JARDIM_INDEPENDENCIA_11380-000", "LATITUDE": "-23.9658919", "LONGITUDE": "-46.3703641", "LMAPS": "https://www.google.com/maps?q=&layer=c&cbll=-46.3703641,-23.9658919", "O_QUE_FAZER": "CARTEIRA", "ER_REGIAO_CIDADE_min": "São Vicente_Baixada Santista" }, "geometry": { "type": "Point", "coordinates": [ -46.3703641, -23.9658919 ] } },
{ "type": "Feature", "properties": { "CNPJ": "15525044000102", "IDCIDADE": "SAO_VICENTE", "NOMEFANTASIA": "GUEDES_MOTOS", "RAZAOSOCIAL": "ROBERTO_BUENO_GUEDES_CORREA_MOTOS", "ENDEE": "AVENIDA_PREFEITO_JOSE_MONTEIRO882__JARDIM_INDEPENDENCIA_11380-000", "LATITUDE": "-23.9657422", "LONGITUDE": "-46.3706329", "LMAPS": "https://www.google.com/maps?q=&layer=c&cbll=-46.3706329,-23.9657422", "O_QUE_FAZER": "CARTEIRA", "ER_REGIAO_CIDADE_min": "São Vicente_Baixada Santista" }, "geometry": { "type": "Point", "coordinates": [ -46.3706329, -23.9657422 ] } },
{ "type": "Feature", "properties": { "CNPJ": "64060502000190", "IDCIDADE": "SAO_VICENTE", "NOMEFANTASIA": "OUTLINE_FIBERGLASS", "RAZAOSOCIAL": "CARLOS_FERREIRA_DOS_SANTOS_FILHO", "ENDEE": "AVENIDA_PREFEITO_JOSE_MONTEIRO970__JARDIM_INDEPENDENCIA_11380-000", "LATITUDE": "-23.9664396", "LONGITUDE": "-46.3704979", "LMAPS": "https://www.google.com/maps?q=&layer=c&cbll=-46.3704979,-23.9664396", "O_QUE_FAZER": "CARTEIRA", "ER_REGIAO_CIDADE_min": "São Vicente_Baixada Santista" }, "geometry": { "type": "Point", "coordinates": [ -46.3704979, -23.9664396 ] } },
{ "type": "Feature", "properties": { "CNPJ": "65609877000120", "IDCIDADE": "SAO_VICENTE", "NOMEFANTASIA": "PANIFICADORA_GALLERY", "RAZAOSOCIAL": "PANIFICADORA_GALLERY_LTDA", "ENDEE": "AVENIDA_PREFEITO_JOSE_MONTEIRO98__JARDIM_INDEPENDENCIA_11380-000", "LATITUDE": "-23.9616278", "LONGITUDE": "-46.3763437", "LMAPS": "https://www.google.com/maps?q=&layer=c&cbll=-46.3763437,-23.9616278", "O_QUE_FAZER": "CARTEIRA", "ER_REGIAO_CIDADE_min": "São Vicente_Baixada Santista" }, "geometry": { "type": "Point", "coordinates": [ -46.3763437, -23.9616278 ] } },
{ "type": "Feature", "properties": { "CNPJ": "47662964000169", "IDCIDADE": "SAO_VICENTE", "NOMEFANTASIA": "SMILE_MIX_MILK_SHAKE", "RAZAOSOCIAL": "MILK_SHAKE_LITORAL_LTDA", "ENDEE": "AVENIDA_PREFEITO_JOSE_MONTEIRO1045__JARDIM_INDEPENDENCIA_11380-001", "LATITUDE": "-23.9670684", "LONGITUDE": "-46.3695696", "LMAPS": "https://www.google.com/maps?q=&layer=c&cbll=-46.3695696,-23.9670684", "O_QUE_FAZER": "CARTEIRA", "ER_REGIAO_CIDADE_min": "São Vicente_Baixada Santista" }, "geometry": { "type": "Point", "coordinates": [ -46.3695696, -23.9670684 ] } },
{ "type": "Feature", "properties": { "CNPJ": "11790964000105", "IDCIDADE": "SAO_VICENTE", "NOMEFANTASIA": "O_BOTICARIO", "RAZAOSOCIAL": "PANDANO_PERFUMES_E_COSMETICOS_LTDA", "ENDEE": "AVENIDA_PREFEITO_JOSE_MONTEIRO1045__JARDIM_INDEPENDENCIA_11380-001", "LATITUDE": "-23.9674106", "LONGITUDE": "-46.369511", "LMAPS": "https://www.google.com/maps?q=&layer=c&cbll=-46.369511,-23.9674106", "O_QUE_FAZER": "CARTEIRA", "ER_REGIAO_CIDADE_min": "São Vicente_Baixada Santista" }, "geometry": { "type": "Point", "coordinates": [ -46.369511, -23.9674106 ] } },
{ "type": "Feature", "properties": { "CNPJ": "04871413000100", "IDCIDADE": "SAO_VICENTE", "NOMEFANTASIA": "PEDRA_BAIANA", "RAZAOSOCIAL": "RESTAURANTE_NORDESTINO_LTDA", "ENDEE": "PRACA_PRIMEIRO_DE_MAIO28__JARDIM_INDEPENDENCIA_11380-010", "LATITUDE": "-23.9608164", "LONGITUDE": "-46.3763305", "LMAPS": "https://www.google.com/maps?q=&layer=c&cbll=-46.3763305,-23.9608164", "O_QUE_FAZER": "CARTEIRA", "ER_REGIAO_CIDADE_min": "São Vicente_Baixada Santista" }, "geometry": { "type": "Point", "coordinates": [ -46.3763305, -23.9608164 ] } },
{ "type": "Feature", "properties": { "CNPJ": "19671203000138", "IDCIDADE": "SAO_VICENTE", "NOMEFANTASIA": "BAR_DO_DEVAL", "RAZAOSOCIAL": "ERIVALDO_EVANGELISTA_ANDRADE", "ENDEE": "RUA_JOSE_DO_PATROCINIO65__VILA_SAO_JORGE_11380-110", "LATITUDE": "-23.9590531", "LONGITUDE": "-46.3755929", "LMAPS": "https://www.google.com/maps?q=&layer=c&cbll=-46.3755929,-23.9590531", "O_QUE_FAZER": "CARTEIRA", "ER_REGIAO_CIDADE_min": "São Vicente_Baixada Santista" }, "geometry": { "type": "Point", "coordinates": [ -46.3755929, -23.9590531 ] } },
{ "type": "Feature", "properties": { "CNPJ": "11694092000173", "IDCIDADE": "SAO_VICENTE", "NOMEFANTASIA": "RM_BIKERS", "RAZAOSOCIAL": "RMBIKERS_-_IMPORTACAO_E_COMERCIO_DE_ACESSORIOS_LTDA", "ENDEE": "RUA_VEREADOR_DIEGO_PIRES_DE_CAMPOS127__VILA_SAO_JORGE_11380-130", "LATITUDE": "-23.9564791", "LONGITUDE": "-46.3740109", "LMAPS": "https://www.google.com/maps?q=&layer=c&cbll=-46.3740109,-23.9564791", "O_QUE_FAZER": "CARTEIRA", "ER_REGIAO_CIDADE_min": "São Vicente_Baixada Santista" }, "geometry": { "type": "Point", "coordinates": [ -46.3740109, -23.9564791 ] } },
{ "type": "Feature", "properties": { "CNPJ": "18300919000166", "IDCIDADE": "SAO_VICENTE", "NOMEFANTASIA": "SPACE_CAR", "RAZAOSOCIAL": "ANDERSON_DOS_SANTOS_MECANICA", "ENDEE": "RUA_VEREADOR_DIEGO_PIRES_DE_CAMPOS185__VILA_SAO_JORGE_11380-130", "LATITUDE": "-23.956714", "LONGITUDE": "-46.3734806", "LMAPS": "https://www.google.com/maps?q=&layer=c&cbll=-46.3734806,-23.956714", "O_QUE_FAZER": "CARTEIRA", "ER_REGIAO_CIDADE_min": "São Vicente_Baixada Santista" }, "geometry": { "type": "Point", "coordinates": [ -46.3734806, -23.956714 ] } },
{ "type": "Feature", "properties": { "CNPJ": "46248699000104", "IDCIDADE": "SAO_VICENTE", "NOMEFANTASIA": "ADEGA_DO_BOLA", "RAZAOSOCIAL": "L_R_DA_SILVA_RIBEIRO_-_COMERCIO_LTDA", "ENDEE": "RUA_VEREADOR_DIEGO_PIRES_DE_CAMPOS276__VILA_SAO_JORGE_11380-130", "LATITUDE": "-23.9571642", "LONGITUDE": "-46.3726673", "LMAPS": "https://www.google.com/maps?q=&layer=c&cbll=-46.3726673,-23.9571642", "O_QUE_FAZER": "CARTEIRA", "ER_REGIAO_CIDADE_min": "São Vicente_Baixada Santista" }, "geometry": { "type": "Point", "coordinates": [ -46.3726673, -23.9571642 ] } },
{ "type": "Feature", "properties": { "CNPJ": "07967324000142", "IDCIDADE": "SAO_VICENTE", "NOMEFANTASIA": "FOCINHOS_E_RABINHOS", "RAZAOSOCIAL": "ADILENE_JULIANE_AOYAMA_SALLA_AFFONSO", "ENDEE": "RUA_VEREADOR_DIEGO_PIRES_DE_CAMPOS9__VILA_SAO_JORGE_11380-130", "LATITUDE": "-23.9562333", "LONGITUDE": "-46.37516", "LMAPS": "https://www.google.com/maps?q=&layer=c&cbll=-46.37516,-23.9562333", "O_QUE_FAZER": "CARTEIRA", "ER_REGIAO_CIDADE_min": "São Vicente_Baixada Santista" }, "geometry": { "type": "Point", "coordinates": [ -46.37516, -23.9562333 ] } },
{ "type": "Feature", "properties": { "CNPJ": "30115297000100", "IDCIDADE": "SAO_VICENTE", "NOMEFANTASIA": "RESTAURANTE_PIMENTA", "RAZAOSOCIAL": "ANDRESSA_SANTOS_DE_OLIVEIRA", "ENDEE": "RUA_COSTA_REGO20__VILA_SAO_JORGE_11380-140", "LATITUDE": "-23.9545574", "LONGITUDE": "-46.3744914", "LMAPS": "https://www.google.com/maps?q=&layer=c&cbll=-46.3744914,-23.9545574", "O_QUE_FAZER": "CARTEIRA", "ER_REGIAO_CIDADE_min": "São Vicente_Baixada Santista" }, "geometry": { "type": "Point", "coordinates": [ -46.3744914, -23.9545574 ] } },
{ "type": "Feature", "properties": { "CNPJ": "44289429000116", "IDCIDADE": "SAO_VICENTE", "NOMEFANTASIA": "COC_NASCIMENTO", "RAZAOSOCIAL": "COLEGIO_NASCIMENTO_LTDA", "ENDEE": "RUA_COSTA_REGO50__VILA_SAO_JORGE_11380-140", "LATITUDE": "-23.9547758", "LONGITUDE": "-46.3741415", "LMAPS": "https://www.google.com/maps?q=&layer=c&cbll=-46.3741415,-23.9547758", "O_QUE_FAZER": "CARTEIRA", "ER_REGIAO_CIDADE_min": "São Vicente_Baixada Santista" }, "geometry": { "type": "Point", "coordinates": [ -46.3741415, -23.9547758 ] } },
{ "type": "Feature", "properties": { "CNPJ": "07049275000169", "IDCIDADE": "SAO_VICENTE", "NOMEFANTASIA": "BAZAR_JOIA", "RAZAOSOCIAL": "R._DE_A._PONTES", "ENDEE": "RUA_COSTA_REGO59__VILA_SAO_JORGE_11380-140", "LATITUDE": "-23.9544528", "LONGITUDE": "-46.3739654", "LMAPS": "https://www.google.com/maps?q=&layer=c&cbll=-46.3739654,-23.9544528", "O_QUE_FAZER": "CARTEIRA", "ER_REGIAO_CIDADE_min": "São Vicente_Baixada Santista" }, "geometry": { "type": "Point", "coordinates": [ -46.3739654, -23.9544528 ] } },
{ "type": "Feature", "properties": { "CNPJ": "05922250000100", "IDCIDADE": "SAO_VICENTE", "NOMEFANTASIA": "BAR_DO_LUCAS", "RAZAOSOCIAL": "MARIA_LUZINETE_DA_FONSECA", "ENDEE": "RUA_COSTA_REGO82__VILA_SAO_JORGE_11380-140", "LATITUDE": "-23.9547232", "LONGITUDE": "-46.3738827", "LMAPS": "https://www.google.com/maps?q=&layer=c&cbll=-46.3738827,-23.9547232", "O_QUE_FAZER": "CARTEIRA", "ER_REGIAO_CIDADE_min": "São Vicente_Baixada Santista" }, "geometry": { "type": "Point", "coordinates": [ -46.3738827, -23.9547232 ] } },
{ "type": "Feature", "properties": { "CNPJ": "45076965000104", "IDCIDADE": "SAO_VICENTE", "NOMEFANTASIA": "PANIFICADORA_DIVISA", "RAZAOSOCIAL": "PANIFICADORA_DIVISA_LIMITADA", "ENDEE": "AVENIDA_DIVISORIA194__VILA_SAO_JORGE_11380-220", "LATITUDE": "-23.951791", "LONGITUDE": "-46.3715124", "LMAPS": "https://www.google.com/maps?q=&layer=c&cbll=-46.3715124,-23.951791", "O_QUE_FAZER": "CARTEIRA", "ER_REGIAO_CIDADE_min": "São Vicente_Baixada Santista" }, "geometry": { "type": "Point", "coordinates": [ -46.3715124, -23.951791 ] } },
{ "type": "Feature", "properties": { "CNPJ": "47837551000178", "IDCIDADE": "SAO_VICENTE", "NOMEFANTASIA": "CACAU_SHOW", "RAZAOSOCIAL": "ROSI_GARDEN_CHOCOLATERIA_LTDA", "ENDEE": "RUA_DONA_ANITA_COSTA31__VILA_VOTURUA_11380-300", "LATITUDE": "-23.9604677", "LONGITUDE": "-46.3765628", "LMAPS": "https://www.google.com/maps?q=&layer=c&cbll=-46.3765628,-23.9604677", "O_QUE_FAZER": "CARTEIRA", "ER_REGIAO_CIDADE_min": "São Vicente_Baixada Santista" }, "geometry": { "type": "Point", "coordinates": [ -46.3765628, -23.9604677 ] } },
{ "type": "Feature", "properties": { "CNPJ": "40182687000148", "IDCIDADE": "SAO_VICENTE", "NOMEFANTASIA": "ALCANTARA_ESTETICA_AUTOMOTIVA", "RAZAOSOCIAL": "MARCO_AURELIO_ALCANTARA_DIAS", "ENDEE": "RUA_SAO_JORGE5__JARDIM_INDEPENDENCIA_11380-310", "LATITUDE": "-23.960269", "LONGITUDE": "-46.3761995", "LMAPS": "https://www.google.com/maps?q=&layer=c&cbll=-46.3761995,-23.960269", "O_QUE_FAZER": "CARTEIRA", "ER_REGIAO_CIDADE_min": "São Vicente_Baixada Santista" }, "geometry": { "type": "Point", "coordinates": [ -46.3761995, -23.960269 ] } },
{ "type": "Feature", "properties": { "CNPJ": "41602944000116", "IDCIDADE": "SAO_VICENTE", "NOMEFANTASIA": "MECANICA_SARTORI_PEREIRA", "RAZAOSOCIAL": "VITORIA_SARTORI_JORGE_PEREIRA", "ENDEE": "RUA_SAO_JORGE7__JARDIM_INDEPENDENCIA_11380-310", "LATITUDE": "-23.9602309", "LONGITUDE": "-46.3762152", "LMAPS": "https://www.google.com/maps?q=&layer=c&cbll=-46.3762152,-23.9602309", "O_QUE_FAZER": "CARTEIRA", "ER_REGIAO_CIDADE_min": "São Vicente_Baixada Santista" }, "geometry": { "type": "Point", "coordinates": [ -46.3762152, -23.9602309 ] } },
{ "type": "Feature", "properties": { "CNPJ": "46650865000102", "IDCIDADE": "SAO_VICENTE", "NOMEFANTASIA": "MEGA_LATICINIOS", "RAZAOSOCIAL": "MEGA_LATICINIOS_LTDA", "ENDEE": "RUA_NITEROI19__JARDIM_INDEPENDENCIA_11380-350", "LATITUDE": "-23.9614122", "LONGITUDE": "-46.3760845", "LMAPS": "https://www.google.com/maps?q=&layer=c&cbll=-46.3760845,-23.9614122", "O_QUE_FAZER": "CARTEIRA", "ER_REGIAO_CIDADE_min": "São Vicente_Baixada Santista" }, "geometry": { "type": "Point", "coordinates": [ -46.3760845, -23.9614122 ] } },
{ "type": "Feature", "properties": { "CNPJ": "34610486000100", "IDCIDADE": "SAO_VICENTE", "NOMEFANTASIA": "GUEDES_AUTO_CENTER", "RAZAOSOCIAL": "GUEDES_AUTO_CENTER_LTDA", "ENDEE": "AVENIDA_MONTEIRO_LOBATO122__VILA_VALENCA_11380-500", "LATITUDE": "-23.966256", "LONGITUDE": "-46.3725877", "LMAPS": "https://www.google.com/maps?q=&layer=c&cbll=-46.3725877,-23.966256", "O_QUE_FAZER": "CARTEIRA", "ER_REGIAO_CIDADE_min": "São Vicente_Baixada Santista" }, "geometry": { "type": "Point", "coordinates": [ -46.3725877, -23.966256 ] } },
{ "type": "Feature", "properties": { "CNPJ": "05038058000148", "IDCIDADE": "SAO_VICENTE", "NOMEFANTASIA": "ADEGA_DO_GE", "RAZAOSOCIAL": "S_M_PERES_RECICLAVEIS_LTDA", "ENDEE": "AVENIDA_MONTEIRO_LOBATO256__VILA_VALENCA_11380-500", "LATITUDE": "-23.9651149", "LONGITUDE": "-46.372303", "LMAPS": "https://www.google.com/maps?q=&layer=c&cbll=-46.372303,-23.9651149", "O_QUE_FAZER": "CARTEIRA", "ER_REGIAO_CIDADE_min": "São Vicente_Baixada Santista" }, "geometry": { "type": "Point", "coordinates": [ -46.372303, -23.9651149 ] } },
{ "type": "Feature", "properties": { "CNPJ": "46559001000171", "IDCIDADE": "SAO_VICENTE", "NOMEFANTASIA": "REI_DO_FRANGO", "RAZAOSOCIAL": "RESTAURANTE_PIZZARIA_E_LANCHONETE_MONTEIRO_LOBATO_LTDA", "ENDEE": "AVENIDA_MONTEIRO_LOBATO384__VILA_VALENCA_11380-500", "LATITUDE": "-23.9641797", "LONGITUDE": "-46.3718296", "LMAPS": "https://www.google.com/maps?q=&layer=c&cbll=-46.3718296,-23.9641797", "O_QUE_FAZER": "CARTEIRA", "ER_REGIAO_CIDADE_min": "São Vicente_Baixada Santista" }, "geometry": { "type": "Point", "coordinates": [ -46.3718296, -23.9641797 ] } },
{ "type": "Feature", "properties": { "CNPJ": "28026838000173", "IDCIDADE": "SAO_VICENTE", "NOMEFANTASIA": "A_GRANDE_FAMILIA", "RAZAOSOCIAL": "A_GRANDE_FAMILIA_REPAROS_AUTOMOTIVOS_LTDA", "ENDEE": "AVENIDA_MONTEIRO_LOBATO454__VILA_VALENCA_11380-500", "LATITUDE": "-23.9635342", "LONGITUDE": "-46.3714979", "LMAPS": "https://www.google.com/maps?q=&layer=c&cbll=-46.3714979,-23.9635342", "O_QUE_FAZER": "CARTEIRA", "ER_REGIAO_CIDADE_min": "São Vicente_Baixada Santista" }, "geometry": { "type": "Point", "coordinates": [ -46.3714979, -23.9635342 ] } },
{ "type": "Feature", "properties": { "CNPJ": "48724848000190", "IDCIDADE": "SAO_VICENTE", "NOMEFANTASIA": "VIA_IMMOBILIS", "RAZAOSOCIAL": "VIA_IMMOBILIS_CONSULTORIA_IMOBILIARIA_LTDA", "ENDEE": "AVENIDA_MONTEIRO_LOBATO455__VILA_VALENCA_11380-500", "LATITUDE": "-23.9633062", "LONGITUDE": "-46.372062", "LMAPS": "https://www.google.com/maps?q=&layer=c&cbll=-46.372062,-23.9633062", "O_QUE_FAZER": "CARTEIRA", "ER_REGIAO_CIDADE_min": "São Vicente_Baixada Santista" }, "geometry": { "type": "Point", "coordinates": [ -46.372062, -23.9633062 ] } },
{ "type": "Feature", "properties": { "CNPJ": "09517231000141", "IDCIDADE": "SAO_VICENTE", "NOMEFANTASIA": "UNIERO", "RAZAOSOCIAL": "UNIERO_-_UNIDADE_ESPECIALIZADA_EM_RADIOLOGIA_ODONTOLOGICA_LTDA", "ENDEE": "RUA_BERTA_CRAVEIRO_LOPES36__JARDIM_INDEPENDENCIA_11380-510", "LATITUDE": "-23.9633277", "LONGITUDE": "-46.3742642", "LMAPS": "https://www.google.com/maps?q=&layer=c&cbll=-46.3742642,-23.9633277", "O_QUE_FAZER": "CARTEIRA", "ER_REGIAO_CIDADE_min": "São Vicente_Baixada Santista" }, "geometry": { "type": "Point", "coordinates": [ -46.3742642, -23.9633277 ] } },
{ "type": "Feature", "properties": { "CNPJ": "07213513000120", "IDCIDADE": "SAO_VICENTE", "NOMEFANTASIA": "ECOFOX_CENTRO_AUTOMOTIVO", "RAZAOSOCIAL": "ECOFOX_CENTRO_AUTOMOTIVO_MANUTENCAO_LTDA", "ENDEE": "AVENIDA_ANTONIO_EMMERICK1134__VILA_SAO_JORGE_11390-001", "LATITUDE": "-23.9569301", "LONGITUDE": "-46.3753428", "LMAPS": "https://www.google.com/maps?q=&layer=c&cbll=-46.3753428,-23.9569301", "O_QUE_FAZER": "CARTEIRA", "ER_REGIAO_CIDADE_min": "São Vicente_Baixada Santista" }, "geometry": { "type": "Point", "coordinates": [ -46.3753428, -23.9569301 ] } },
{ "type": "Feature", "properties": { "CNPJ": "59158410000108", "IDCIDADE": "SAO_VICENTE", "NOMEFANTASIA": "NOVA_GUASSU", "RAZAOSOCIAL": "NOVA_GUASSU_COMERCIO_DE_MOVEIS_LTDA", "ENDEE": "AVENIDA_ANTONIO_EMMERICK1529__VILA_SAO_JORGE_11390-001", "LATITUDE": "-23.9525616", "LONGITUDE": "-46.3743069", "LMAPS": "https://www.google.com/maps?q=&layer=c&cbll=-46.3743069,-23.9525616", "O_QUE_FAZER": "CARTEIRA", "ER_REGIAO_CIDADE_min": "São Vicente_Baixada Santista" }, "geometry": { "type": "Point", "coordinates": [ -46.3743069, -23.9525616 ] } },
{ "type": "Feature", "properties": { "CNPJ": "71522502000120", "IDCIDADE": "SAO_VICENTE", "NOMEFANTASIA": "TOQUE_FINAL", "RAZAOSOCIAL": "SIDNEI_ALVAREZ_SAO_VICENTE", "ENDEE": "AVENIDA_ANTONIO_EMMERICK59__VILA_CASCATINHA_11390-001", "LATITUDE": "-23.9637782", "LONGITUDE": "-46.3820972", "LMAPS": "https://www.google.com/maps?q=&layer=c&cbll=-46.3820972,-23.9637782", "O_QUE_FAZER": "CARTEIRA", "ER_REGIAO_CIDADE_min": "São Vicente_Baixada Santista" }, "geometry": { "type": "Point", "coordinates": [ -46.3820972, -23.9637782 ] } },
{ "type": "Feature", "properties": { "CNPJ": "31041831000135", "IDCIDADE": "SAO_VICENTE", "NOMEFANTASIA": "GEMEOS_VEICULOS", "RAZAOSOCIAL": "PORTO_PACHELI_COMERCIO_DE_VEICULOS_LTDA", "ENDEE": "AVENIDA_ANTONIO_EMMERICK918__VILA_SAO_JORGE_11390-001", "LATITUDE": "-23.9586011", "LONGITUDE": "-46.3759827", "LMAPS": "https://www.google.com/maps?q=&layer=c&cbll=-46.3759827,-23.9586011", "O_QUE_FAZER": "CARTEIRA", "ER_REGIAO_CIDADE_min": "São Vicente_Baixada Santista" }, "geometry": { "type": "Point", "coordinates": [ -46.3759827, -23.9586011 ] } },
{ "type": "Feature", "properties": { "CNPJ": "47018733000117", "IDCIDADE": "SAO_VICENTE", "NOMEFANTASIA": "IGNACIO_VEICULOS", "RAZAOSOCIAL": "KLEBER_TRENTIN_COMERCIO_DE_VEICULOS_LTDA", "ENDEE": "RUA_DOUTOR_ARMANDO_DE_SALES_OLIVEIRA492__VILA_VALENCA_11390-010", "LATITUDE": "-23.961975", "LONGITUDE": "-46.3770371", "LMAPS": "https://www.google.com/maps?q=&layer=c&cbll=-46.3770371,-23.961975", "O_QUE_FAZER": "CARTEIRA", "ER_REGIAO_CIDADE_min": "São Vicente_Baixada Santista" }, "geometry": { "type": "Point", "coordinates": [ -46.3770371, -23.961975 ] } },
{ "type": "Feature", "properties": { "CNPJ": "45044798000101", "IDCIDADE": "SAO_VICENTE", "NOMEFANTASIA": "MARIA_D'AGUA_DISTRIBUIDORA_DE_AGUA", "RAZAOSOCIAL": "BRUNA_LETICIA_GUERREIRO_CRUZ", "ENDEE": "RUA_DOUTOR_ARMANDO_DE_SALES_OLIVEIRA498__VILA_VALENCA_11390-010", "LATITUDE": "-23.9619174", "LONGITUDE": "-46.3769803", "LMAPS": "https://www.google.com/maps?q=&layer=c&cbll=-46.3769803,-23.9619174", "O_QUE_FAZER": "CARTEIRA", "ER_REGIAO_CIDADE_min": "São Vicente_Baixada Santista" }, "geometry": { "type": "Point", "coordinates": [ -46.3769803, -23.9619174 ] } },
{ "type": "Feature", "properties": { "CNPJ": "10952198000167", "IDCIDADE": "SAO_VICENTE", "NOMEFANTASIA": "EMPORIO_BRA", "RAZAOSOCIAL": "FERNANDA_SOARES_BATISTA", "ENDEE": "AVENIDA_NOSSA_SENHORA_DAS_GRACAS6__VILA_VALENCA_11390-080", "LATITUDE": "-23.9659206", "LONGITUDE": "-46.3765142", "LMAPS": "https://www.google.com/maps?q=&layer=c&cbll=-46.3765142,-23.9659206", "O_QUE_FAZER": "CARTEIRA", "ER_REGIAO_CIDADE_min": "São Vicente_Baixada Santista" }, "geometry": { "type": "Point", "coordinates": [ -46.3765142, -23.9659206 ] } },
{ "type": "Feature", "properties": { "CNPJ": "03138810000105", "IDCIDADE": "SAO_VICENTE", "NOMEFANTASIA": "CASA_DOS_ANIMAIS_24H", "RAZAOSOCIAL": "MARCIA_BOTELHO_CRUZ", "ENDEE": "AVENIDA_MARECHAL_DEODORO1123__VILA_VALENCA_11390-100", "LATITUDE": "-23.9676545", "LONGITUDE": "-46.3718231", "LMAPS": "https://www.google.com/maps?q=&layer=c&cbll=-46.3718231,-23.9676545", "O_QUE_FAZER": "CARTEIRA", "ER_REGIAO_CIDADE_min": "São Vicente_Baixada Santista" }, "geometry": { "type": "Point", "coordinates": [ -46.3718231, -23.9676545 ] } },
{ "type": "Feature", "properties": { "CNPJ": "02740752000114", "IDCIDADE": "SAO_VICENTE", "NOMEFANTASIA": "BIANCO_MATERIAIS_PARA_CONSTRUCAO", "RAZAOSOCIAL": "IRMAOS_BIANCO_MATERIAIS_DE_CONSTRUCAO_E_PRODUTOS_DE_LIMPEZA_LTDA", "ENDEE": "AVENIDA_MARECHAL_DEODORO1135__VILA_VALENCA_11390-100", "LATITUDE": "-23.9676659", "LONGITUDE": "-46.3717843", "LMAPS": "https://www.google.com/maps?q=&layer=c&cbll=-46.3717843,-23.9676659", "O_QUE_FAZER": "CARTEIRA", "ER_REGIAO_CIDADE_min": "São Vicente_Baixada Santista" }, "geometry": { "type": "Point", "coordinates": [ -46.3717843, -23.9676659 ] } },
{ "type": "Feature", "properties": { "CNPJ": "17030335000155", "IDCIDADE": "SAO_VICENTE", "NOMEFANTASIA": "UNICESUMAR", "RAZAOSOCIAL": "CESUBRAS_TECNOLOGIA_EDUCACIONAL_LTDA", "ENDEE": "AVENIDA_MARECHAL_DEODORO1188__VILA_VALENCA_11390-100", "LATITUDE": "-23.9679088", "LONGITUDE": "-46.3713212", "LMAPS": "https://www.google.com/maps?q=&layer=c&cbll=-46.3713212,-23.9679088", "O_QUE_FAZER": "CARTEIRA", "ER_REGIAO_CIDADE_min": "São Vicente_Baixada Santista" }, "geometry": { "type": "Point", "coordinates": [ -46.3713212, -23.9679088 ] } },
{ "type": "Feature", "properties": { "CNPJ": "02339819000103", "IDCIDADE": "SAO_VICENTE", "NOMEFANTASIA": "FG_ADMINISTRACAO", "RAZAOSOCIAL": "F._G._ADMINISTRACAO_DE_BENS_LTDA", "ENDEE": "AVENIDA_MARECHAL_DEODORO1210__VILA_VALENCA_11390-100", "LATITUDE": "-23.9679788", "LONGITUDE": "-46.3710845", "LMAPS": "https://www.google.com/maps?q=&layer=c&cbll=-46.3710845,-23.9679788", "O_QUE_FAZER": "CARTEIRA", "ER_REGIAO_CIDADE_min": "São Vicente_Baixada Santista" }, "geometry": { "type": "Point", "coordinates": [ -46.3710845, -23.9679788 ] } },
{ "type": "Feature", "properties": { "CNPJ": "28253929000141", "IDCIDADE": "SAO_VICENTE", "NOMEFANTASIA": "GRAN_ELETRO", "RAZAOSOCIAL": "GRAN_ELETRO_GOURMET_LTDA", "ENDEE": "AVENIDA_MARECHAL_DEODORO1257__VILA_VALENCA_11390-100", "LATITUDE": "-23.9681196", "LONGITUDE": "-46.3706281", "LMAPS": "https://www.google.com/maps?q=&layer=c&cbll=-46.3706281,-23.9681196", "O_QUE_FAZER": "CARTEIRA", "ER_REGIAO_CIDADE_min": "São Vicente_Baixada Santista" }, "geometry": { "type": "Point", "coordinates": [ -46.3706281, -23.9681196 ] } },
{ "type": "Feature", "properties": { "CNPJ": "20133375000137", "IDCIDADE": "SAO_VICENTE", "NOMEFANTASIA": "GATIKA_CONFECCOES", "RAZAOSOCIAL": "SOLER_&_SOLER_BRAGA_CONFECCAO_LTDA", "ENDEE": "AVENIDA_MARECHAL_DEODORO1261__VILA_VALENCA_11390-100", "LATITUDE": "-23.9681477", "LONGITUDE": "-46.3706473", "LMAPS": "https://www.google.com/maps?q=&layer=c&cbll=-46.3706473,-23.9681477", "O_QUE_FAZER": "CARTEIRA", "ER_REGIAO_CIDADE_min": "São Vicente_Baixada Santista" }, "geometry": { "type": "Point", "coordinates": [ -46.3706473, -23.9681477 ] } },
{ "type": "Feature", "properties": { "CNPJ": "71126429000178", "IDCIDADE": "SAO_VICENTE", "NOMEFANTASIA": "MEGAVET", "RAZAOSOCIAL": "WAGNER_MARTINS_LOPES", "ENDEE": "AVENIDA_MARECHAL_DEODORO631__VILA_VALENCA_11390-100", "LATITUDE": "-23.9659493", "LONGITUDE": "-46.3763426", "LMAPS": "https://www.google.com/maps?q=&layer=c&cbll=-46.3763426,-23.9659493", "O_QUE_FAZER": "CARTEIRA", "ER_REGIAO_CIDADE_min": "São Vicente_Baixada Santista" }, "geometry": { "type": "Point", "coordinates": [ -46.3763426, -23.9659493 ] } },
{ "type": "Feature", "properties": { "CNPJ": "14804685000214", "IDCIDADE": "SAO_VICENTE", "NOMEFANTASIA": "ATIBAIA_BY_MARY", "RAZAOSOCIAL": "MARILDA_APARECIDA_DA_SILVA_RESTAURANTE_E_LANCHONETE", "ENDEE": "AVENIDA_MARECHAL_DEODORO815__VILA_VALENCA_11390-100", "LATITUDE": "-23.9667017", "LONGITUDE": "-46.3746882", "LMAPS": "https://www.google.com/maps?q=&layer=c&cbll=-46.3746882,-23.9667017", "O_QUE_FAZER": "CARTEIRA", "ER_REGIAO_CIDADE_min": "São Vicente_Baixada Santista" }, "geometry": { "type": "Point", "coordinates": [ -46.3746882, -23.9667017 ] } },
{ "type": "Feature", "properties": { "CNPJ": "39330698000149", "IDCIDADE": "SAO_VICENTE", "NOMEFANTASIA": "KUMON", "RAZAOSOCIAL": "NICOLE_D_N_FESTOZO", "ENDEE": "AVENIDA_MARECHAL_DEODORO919__VILA_VALENCA_11390-100", "LATITUDE": "-23.9670779", "LONGITUDE": "-46.3737024", "LMAPS": "https://www.google.com/maps?q=&layer=c&cbll=-46.3737024,-23.9670779", "O_QUE_FAZER": "CARTEIRA", "ER_REGIAO_CIDADE_min": "São Vicente_Baixada Santista" }, "geometry": { "type": "Point", "coordinates": [ -46.3737024, -23.9670779 ] } },
{ "type": "Feature", "properties": { "CNPJ": "29774407000158", "IDCIDADE": "SAO_VICENTE", "NOMEFANTASIA": "FRANCISCAO_CLINICA_VETERINARIA", "RAZAOSOCIAL": "E_C_CLINICA_VETERINARIA_LTDA", "ENDEE": "RUA_PEDRO_ALVARES_CABRAL285__VILA_VALENCA_11390-120", "LATITUDE": "-23.9643243", "LONGITUDE": "-46.3735626", "LMAPS": "https://www.google.com/maps?q=&layer=c&cbll=-46.3735626,-23.9643243", "O_QUE_FAZER": "CARTEIRA", "ER_REGIAO_CIDADE_min": "São Vicente_Baixada Santista" }, "geometry": { "type": "Point", "coordinates": [ -46.3735626, -23.9643243 ] } },
{ "type": "Feature", "properties": { "CNPJ": "24823038000122", "IDCIDADE": "SAO_VICENTE", "NOMEFANTASIA": "BIANCO_ODONTOLOGIA", "RAZAOSOCIAL": "MARCELA_F._BIANCO_MASTROS", "ENDEE": "RUA_DOM_LARA850__VILA_VALENCA_11390-140", "LATITUDE": "-23.9666509", "LONGITUDE": "-46.3729502", "LMAPS": "https://www.google.com/maps?q=&layer=c&cbll=-46.3729502,-23.9666509", "O_QUE_FAZER": "CARTEIRA", "ER_REGIAO_CIDADE_min": "São Vicente_Baixada Santista" }, "geometry": { "type": "Point", "coordinates": [ -46.3729502, -23.9666509 ] } },
{ "type": "Feature", "properties": { "CNPJ": "60008430000181", "IDCIDADE": "SAO_VICENTE", "NOMEFANTASIA": "DEDETIZADORA_MACCI ", "RAZAOSOCIAL": "DEDETIZADORA_MACCI_LTDA", "ENDEE": "AVENIDA_MARTINS_FONTES40__CATIAPOA_11390-200", "LATITUDE": "-23.9637433", "LONGITUDE": "-46.3829248", "LMAPS": "https://www.google.com/maps?q=&layer=c&cbll=-46.3829248,-23.9637433", "O_QUE_FAZER": "CARTEIRA", "ER_REGIAO_CIDADE_min": "São Vicente_Baixada Santista" }, "geometry": { "type": "Point", "coordinates": [ -46.3829248, -23.9637433 ] } },
{ "type": "Feature", "properties": { "CNPJ": "03132238000169", "IDCIDADE": "SAO_VICENTE", "NOMEFANTASIA": "AUTOMOTIVO_PAMPLONA", "RAZAOSOCIAL": "CENTRO_AUTOMOTIVO_PAMPLONA_LTDA", "ENDEE": "AVENIDA_MARTINS_FONTES80__CATIAPOA_11390-200", "LATITUDE": "-23.9635468", "LONGITUDE": "-46.3831792", "LMAPS": "https://www.google.com/maps?q=&layer=c&cbll=-46.3831792,-23.9635468", "O_QUE_FAZER": "CARTEIRA", "ER_REGIAO_CIDADE_min": "São Vicente_Baixada Santista" }, "geometry": { "type": "Point", "coordinates": [ -46.3831792, -23.9635468 ] } },
{ "type": "Feature", "properties": { "CNPJ": "04698227000103", "IDCIDADE": "SAO_VICENTE", "NOMEFANTASIA": "CENTRO_AUTOMOTIVO_ADEMAR", "RAZAOSOCIAL": "ADEMAR_PEREIRA_DE_ALMEIDA-SAO_VICENTE", "ENDEE": "RUA_FELICIANA_MARCONDES_DA_SILVA14__JARDIM_TRES_ESTRELAS_11390-220", "LATITUDE": "-23.9631099", "LONGITUDE": "-46.3813796", "LMAPS": "https://www.google.com/maps?q=&layer=c&cbll=-46.3813796,-23.9631099", "O_QUE_FAZER": "CARTEIRA", "ER_REGIAO_CIDADE_min": "São Vicente_Baixada Santista" }, "geometry": { "type": "Point", "coordinates": [ -46.3813796, -23.9631099 ] } },
{ "type": "Feature", "properties": { "CNPJ": "23529665000192", "IDCIDADE": "SAO_VICENTE", "NOMEFANTASIA": "AS_EQUIPAMENTOS_COMERCIAIS", "RAZAOSOCIAL": "L.A._DE_ASSIS_CABRERA_COMERCIO_DE_REFRIGERADORES", "ENDEE": "RUA_DOUTOR_EMILIO_CARLOS25__VILA_CASCATINHA_11390-230", "LATITUDE": "-23.9628016", "LONGITUDE": "-46.3811064", "LMAPS": "https://www.google.com/maps?q=&layer=c&cbll=-46.3811064,-23.9628016", "O_QUE_FAZER": "CARTEIRA", "ER_REGIAO_CIDADE_min": "São Vicente_Baixada Santista" }, "geometry": { "type": "Point", "coordinates": [ -46.3811064, -23.9628016 ] } },
{ "type": "Feature", "properties": { "CNPJ": "40143080000159", "IDCIDADE": "PRAIA_GRANDE", "NOMEFANTASIA": "TONY_ANDRADE_IMOVEIS", "RAZAOSOCIAL": "ANTHONY_B._DE_ANDRADE_IMOBILIARIA", "ENDEE": "RUA_MOCOCA763__BOQUEIRAO_11701-100", "LATITUDE": "-23.9967133", "LONGITUDE": "-46.390735", "LMAPS": "https://www.google.com/maps?q=&layer=c&cbll=-46.390735,-23.9967133", "O_QUE_FAZER": "CARTEIRA", "ER_REGIAO_CIDADE_min": "São Vicente_Baixada Santista" }, "geometry": { "type": "Point", "coordinates": [ -46.390735, -23.9967133 ] } },
{ "type": "Feature", "properties": { "CNPJ": "66279351000191", "IDCIDADE": "SÃO VICENTE", "NOMEFANTASIA": "JP_TSHIRTSS", "RAZAOSOCIAL": "66.279.351 PRISCILLA MARQUES DO COUTO", "ENDEE": "BENEDITO CALIXTO, 150, CENTRO, SÃO VICENTE_11320-070", "LATITUDE": "-23.9678476", "LONGITUDE": "-46.3761351", "LMAPS": "https://www.google.com/maps?q=&layer=c&cbll=-23.9678476,-46.3761351", "O_QUE_FAZER": "APLICAR T3", "ER_REGIAO_CIDADE_min": "São Vicente_Baixada Santista" }, "geometry": { "type": "Point", "coordinates": [ -46.3761351, -23.9678476 ] } },
{ "type": "Feature", "properties": { "CNPJ": "53646354000174", "IDCIDADE": "SAO_VICENTE", "NOMEFANTASIA": "-", "RAZAOSOCIAL": "53.646.354 EDUARDA VITORIA PINTO SILVA DE ALMEIDA", "ENDEE": "RUA_QUINZE DE NOVEMBRO_112_CATIAPOA_11310-401_SAO_VICENTE", "LATITUDE": "-23.9676985", "LONGITUDE": "-46.3870486", "LMAPS": "https://www.google.com/maps?q=&layer=c&cbll=-23.9676985,-46.3870486", "O_QUE_FAZER": "APLICAR T2", "ER_REGIAO_CIDADE_min": "São Vicente_Baixada Santista" }, "geometry": { "type": "Point", "coordinates": [ -46.3870486, -23.9676985 ] } },
{ "type": "Feature", "properties": { "CNPJ": "58018159000113", "IDCIDADE": "SAO_VICENTE", "NOMEFANTASIA": "-", "RAZAOSOCIAL": "58.018.159 LAIS DE ALMEIDA LIMA", "ENDEE": "RUA_CARIJÓS_1864_PARQUE SÃO VICENTE_11360-100_SAO_VICENTE", "LATITUDE": "-23.9423455", "LONGITUDE": "-46.3970421", "LMAPS": "https://www.google.com/maps?q=&layer=c&cbll=-23.9423455,-46.3970421", "O_QUE_FAZER": "APLICAR T2", "ER_REGIAO_CIDADE_min": "São Vicente_Baixada Santista" }, "geometry": { "type": "Point", "coordinates": [ -46.3970421, -23.9423455 ] } },
{ "type": "Feature", "properties": { "CNPJ": "46559033000177", "IDCIDADE": "SAO_VICENTE", "NOMEFANTASIA": "AL_MOTOS", "RAZAOSOCIAL": "A_L_MOTO_&_PECAS_LTDA", "ENDEE": "RUA_AUGUSTO_SEVERO121__VILA_JOCKEI_CLUBE_11360-300", "LATITUDE": "-23.9505716", "LONGITUDE": "-46.4051697", "LMAPS": "https://www.google.com/maps?q=&layer=c&cbll=-46.4051697,-23.9505716", "O_QUE_FAZER": "APLICAR T2", "ER_REGIAO_CIDADE_min": "São Vicente_Baixada Santista" }, "geometry": { "type": "Point", "coordinates": [ -46.4051697, -23.9505716 ] } },
{ "type": "Feature", "properties": { "CNPJ": "00232437000150", "IDCIDADE": "SAO_VICENTE", "NOMEFANTASIA": "LOJA_25_DE_MARCO", "RAZAOSOCIAL": "RITA_FRANCISCA_KAMADA_BIJUTERIAS", "ENDEE": "AVENIDA_ANTONIO_EMMERICK321__VILA_CASCATINHA_11370-001", "LATITUDE": "-23.9622492", "LONGITUDE": "-46.3797896", "LMAPS": "https://www.google.com/maps?q=&layer=c&cbll=-46.3797896,-23.9622492", "O_QUE_FAZER": "APLICAR T2", "ER_REGIAO_CIDADE_min": "São Vicente_Baixada Santista" }, "geometry": { "type": "Point", "coordinates": [ -46.3797896, -23.9622492 ] } },
{ "type": "Feature", "properties": { "CNPJ": "96655683000194", "IDCIDADE": "SAO_VICENTE", "NOMEFANTASIA": "TROKESCAP", "RAZAOSOCIAL": "FERREIRA'S_ESCAPAMENTOS_LTDA", "ENDEE": "AVENIDA_ANTONIO_EMMERICK330__VILA_CASCATINHA_11370-001", "LATITUDE": "-23.96231", "LONGITUDE": "-46.3794987", "LMAPS": "https://www.google.com/maps?q=&layer=c&cbll=-46.3794987,-23.96231", "O_QUE_FAZER": "APLICAR T2", "ER_REGIAO_CIDADE_min": "São Vicente_Baixada Santista" }, "geometry": { "type": "Point", "coordinates": [ -46.3794987, -23.96231 ] } },
{ "type": "Feature", "properties": { "CNPJ": "34923234000122", "IDCIDADE": "SAO_VICENTE", "NOMEFANTASIA": "TONY_MOTOS", "RAZAOSOCIAL": "JOSE_ANTONIO_DE_ANDRADE_UNIPESSOAL_LTDA", "ENDEE": "AVENIDA_ANTONIO_EMMERICK463__VILA_CASCATINHA_11370-001", "LATITUDE": "-23.9616256", "LONGITUDE": "-46.3786222", "LMAPS": "https://www.google.com/maps?q=&layer=c&cbll=-46.3786222,-23.9616256", "O_QUE_FAZER": "APLICAR T2", "ER_REGIAO_CIDADE_min": "São Vicente_Baixada Santista" }, "geometry": { "type": "Point", "coordinates": [ -46.3786222, -23.9616256 ] } },
{ "type": "Feature", "properties": { "CNPJ": "04575785000181", "IDCIDADE": "SAO_VICENTE", "NOMEFANTASIA": "HO_DE_CASA", "RAZAOSOCIAL": "JOAO_B._L._DOS_SANTOS_&_CIA._LTDA", "ENDEE": "AVENIDA_ANTONIO_EMMERICK478__VILA_CASCATINHA_11370-001", "LATITUDE": "-23.9616623", "LONGITUDE": "-46.3781153", "LMAPS": "https://www.google.com/maps?q=&layer=c&cbll=-46.3781153,-23.9616623", "O_QUE_FAZER": "APLICAR T2", "ER_REGIAO_CIDADE_min": "São Vicente_Baixada Santista" }, "geometry": { "type": "Point", "coordinates": [ -46.3781153, -23.9616623 ] } },
{ "type": "Feature", "properties": { "CNPJ": "14037313000129", "IDCIDADE": "SAO_VICENTE", "NOMEFANTASIA": "FALCAO_AUTOMOVEIS", "RAZAOSOCIAL": "FALCAO_&_MORETTI_AUTOMOVEIS_LTDA", "ENDEE": "AVENIDA_ANTONIO_EMMERICK718__VILA_CASCATINHA_11370-001", "LATITUDE": "-23.9602166", "LONGITUDE": "-46.3764263", "LMAPS": "https://www.google.com/maps?q=&layer=c&cbll=-46.3764263,-23.9602166", "O_QUE_FAZER": "APLICAR T2", "ER_REGIAO_CIDADE_min": "São Vicente_Baixada Santista" }, "geometry": { "type": "Point", "coordinates": [ -46.3764263, -23.9602166 ] } },
{ "type": "Feature", "properties": { "CNPJ": "01111464000138", "IDCIDADE": "SAO_VICENTE", "NOMEFANTASIA": "TINTAS_E_TINTAS_AUTOMOTIVAS", "RAZAOSOCIAL": "TINTAS_&_TINTAS_LTDA", "ENDEE": "AVENIDA_ANTONIO_EMMERICK790__VILA_CASCATINHA_11370-001", "LATITUDE": "-23.9595754", "LONGITUDE": "-46.3764277", "LMAPS": "https://www.google.com/maps?q=&layer=c&cbll=-46.3764277,-23.9595754", "O_QUE_FAZER": "APLICAR T2", "ER_REGIAO_CIDADE_min": "São Vicente_Baixada Santista" }, "geometry": { "type": "Point", "coordinates": [ -46.3764277, -23.9595754 ] } },
{ "type": "Feature", "properties": { "CNPJ": "50974647000192", "IDCIDADE": "SAO_VICENTE", "NOMEFANTASIA": "NOVA_SAO_JORGE", "RAZAOSOCIAL": "E_M_DE_AZEVEDO_DROGARIA_LTDA", "ENDEE": "AVENIDA_ANTONIO_EMMERICK830__VILA_CASCATINHA_11370-001", "LATITUDE": "-23.9593458", "LONGITUDE": "-46.3762569", "LMAPS": "https://www.google.com/maps?q=&layer=c&cbll=-46.3762569,-23.9593458", "O_QUE_FAZER": "APLICAR T2", "ER_REGIAO_CIDADE_min": "São Vicente_Baixada Santista" }, "geometry": { "type": "Point", "coordinates": [ -46.3762569, -23.9593458 ] } },
{ "type": "Feature", "properties": { "CNPJ": "22614490000159", "IDCIDADE": "SAO_VICENTE", "NOMEFANTASIA": "MY_PET_HOMECARE", "RAZAOSOCIAL": "CARLOS_A._M._GOMES_DOS_SANTOS", "ENDEE": "AVENIDA_ANTONIO_EMMERICK841__VILA_CASCATINHA_11370-001", "LATITUDE": "-23.9589158", "LONGITUDE": "-46.3763939", "LMAPS": "https://www.google.com/maps?q=&layer=c&cbll=-46.3763939,-23.9589158", "O_QUE_FAZER": "APLICAR T2", "ER_REGIAO_CIDADE_min": "São Vicente_Baixada Santista" }, "geometry": { "type": "Point", "coordinates": [ -46.3763939, -23.9589158 ] } },
{ "type": "Feature", "properties": { "CNPJ": "12516890000178", "IDCIDADE": "SAO_VICENTE", "NOMEFANTASIA": "RADIADORES_CAWBOY", "RAZAOSOCIAL": "PRISCILA_MARIA_ORSOGNA_ESTEVES", "ENDEE": "AVENIDA_CAPITAO_LUIS_HORNEAUX_DE_MOURA788__JARDIM_PARAISO_11370-500", "LATITUDE": "-23.9512712", "LONGITUDE": "-46.3819439", "LMAPS": "https://www.google.com/maps?q=&layer=c&cbll=-46.3819439,-23.9512712", "O_QUE_FAZER": "APLICAR T2", "ER_REGIAO_CIDADE_min": "São Vicente_Baixada Santista" }, "geometry": { "type": "Point", "coordinates": [ -46.3819439, -23.9512712 ] } },
{ "type": "Feature", "properties": { "CNPJ": "04577135000175", "IDCIDADE": "SAO_VICENTE", "NOMEFANTASIA": "MAIS_VOCE_PRESENTES", "RAZAOSOCIAL": "ANA_MARIA_FRANCO_DA_SILVA", "ENDEE": "AVENIDA_ANTONIO_EMMERICK573__VILA_CASCATINHA_11390-001", "LATITUDE": "-23.961057", "LONGITUDE": "-46.3777628", "LMAPS": "https://www.google.com/maps?q=&layer=c&cbll=-46.3777628,-23.961057", "O_QUE_FAZER": "APLICAR T2", "ER_REGIAO_CIDADE_min": "São Vicente_Baixada Santista" }, "geometry": { "type": "Point", "coordinates": [ -46.3777628, -23.961057 ] } },
{ "type": "Feature", "properties": { "CNPJ": "71100846000141", "IDCIDADE": "SAO_VICENTE", "NOMEFANTASIA": "PANIFICADORA_TATUI", "RAZAOSOCIAL": "PANIFICADORA_TATUI_LTDA", "ENDEE": "AVENIDA_ANTONIO_EMMERICK815__VILA_CASCATINHA_11390-001", "LATITUDE": "-23.9592795", "LONGITUDE": "-46.3767604", "LMAPS": "https://www.google.com/maps?q=&layer=c&cbll=-46.3767604,-23.9592795", "O_QUE_FAZER": "APLICAR T2", "ER_REGIAO_CIDADE_min": "São Vicente_Baixada Santista" }, "geometry": { "type": "Point", "coordinates": [ -46.3767604, -23.9592795 ] } },
{ "type": "Feature", "properties": { "CNPJ": "11374597000150", "IDCIDADE": "SAO_VICENTE", "NOMEFANTASIA": "CREUZA_VIEIRA_CARDOSO_-_BAZAR_-_ME", "RAZAOSOCIAL": "CREUZA_VIEIRA_CARDOSO_-_BAZAR", "ENDEE": "AVENIDA_SENADOR_SALGADO_FILHO_1263_PARQUE_SAO_VICENTE_11360-200_SAO_VICENTE_BRASIL", "LATITUDE": "-23.940098", "LONGITUDE": "-46.3964401", "LMAPS": "https://www.google.com/maps?q=&layer=c&cbll=-23.940098,-46.3964401", "O_QUE_FAZER": "APLICAR T2", "ER_REGIAO_CIDADE_min": "São Vicente_Baixada Santista" }, "geometry": { "type": "Point", "coordinates": [ -46.3964401, -23.940098 ] } },
{ "type": "Feature", "properties": { "CNPJ": "27854375000175", "IDCIDADE": "SAO_VICENTE", "NOMEFANTASIA": "CANTINHO_DOCE", "RAZAOSOCIAL": "ELIZANGELA_REIS_DE_SOUZA_21873676816", "ENDEE": "RUA_PROFESSOR_CLEOBULO_AMAZONAS_DUARTE_158_VILA_JOCKEI_CLUBE_11360-430_SAO_VICENTE_BRASIL", "LATITUDE": "-23.940755", "LONGITUDE": "-46.39622", "LMAPS": "https://www.google.com/maps?q=&layer=c&cbll=-23.940755,-46.39622", "O_QUE_FAZER": "APLICAR T2", "ER_REGIAO_CIDADE_min": "São Vicente_Baixada Santista" }, "geometry": { "type": "Point", "coordinates": [ -46.39622, -23.940755 ] } },
{ "type": "Feature", "properties": { "CNPJ": "61543601000135", "IDCIDADE": "SAO_VICENTE", "NOMEFANTASIA": "ADEGA_SANTA_CRUZ", "RAZAOSOCIAL": "61.543.601_ALEX_BERNARDINO_DA_SILVA", "ENDEE": "RUA_PROFESSOR_CLEOBULO_AMAZONAS_DUARTE_139_VILA_JOCKEI_CLUBE_11360-430_SAO_VICENTE_BRASIL", "LATITUDE": "-23.9408667", "LONGITUDE": "-46.3961867", "LMAPS": "https://www.google.com/maps?q=&layer=c&cbll=-23.9408667,-46.3961867", "O_QUE_FAZER": "APLICAR T2", "ER_REGIAO_CIDADE_min": "São Vicente_Baixada Santista" }, "geometry": { "type": "Point", "coordinates": [ -46.3961867, -23.9408667 ] } },
{ "type": "Feature", "properties": { "CNPJ": "21224417000108", "IDCIDADE": "SAO_VICENTE", "NOMEFANTASIA": "MARIAS_MAKE", "RAZAOSOCIAL": "21.224.417_MARCIA_MARIA_GERMANO_DA_SILVA", "ENDEE": "AVENIDA_SENADOR_SALGADO_FILHO_1215_PARQUE_SAO_VICENTE_11360-200_SAO_VICENTE_BRASIL", "LATITUDE": "-23.9408983", "LONGITUDE": "-46.39647", "LMAPS": "https://www.google.com/maps?q=&layer=c&cbll=-23.9408983,-46.39647", "O_QUE_FAZER": "APLICAR T2", "ER_REGIAO_CIDADE_min": "São Vicente_Baixada Santista" }, "geometry": { "type": "Point", "coordinates": [ -46.39647, -23.9408983 ] } },
{ "type": "Feature", "properties": { "CNPJ": "63516873000171", "IDCIDADE": "SAO_VICENTE", "NOMEFANTASIA": "TITANSUPLEMENTOS", "RAZAOSOCIAL": "TITAN_SUPLEMENTOS_LTDA", "ENDEE": "AVENIDA_SENADOR_SALGADO_FILHO_1097_PARQUE_SAO_VICENTE_11360-200_SAO_VICENTE_BRASIL", "LATITUDE": "-23.9413867", "LONGITUDE": "-46.396805", "LMAPS": "https://www.google.com/maps?q=&layer=c&cbll=-23.9413867,-46.396805", "O_QUE_FAZER": "APLICAR T2", "ER_REGIAO_CIDADE_min": "São Vicente_Baixada Santista" }, "geometry": { "type": "Point", "coordinates": [ -46.396805, -23.9413867 ] } },
{ "type": "Feature", "properties": { "CNPJ": "54344717000180", "IDCIDADE": "SAO_VICENTE", "NOMEFANTASIA": "CASA_DE_RACAO_BOA_SORTE", "RAZAOSOCIAL": "CASA_DE_RACAO_BOA_SORTE_LTDA", "ENDEE": "RUA_ALBERTO_VEIGA_6_VILA_JOCKEI_CLUBE_11360-320_SAO_VICENTE_BRASIL", "LATITUDE": "-23.946972", "LONGITUDE": "-46.3979583", "LMAPS": "https://www.google.com/maps?q=&layer=c&cbll=-23.946972,-46.3979583", "O_QUE_FAZER": "APLICAR T2", "ER_REGIAO_CIDADE_min": "São Vicente_Baixada Santista" }, "geometry": { "type": "Point", "coordinates": [ -46.3979583, -23.946972 ] } },
{ "type": "Feature", "properties": { "CNPJ": "37342244000162", "IDCIDADE": "SAO_VICENTE", "NOMEFANTASIA": "BG_SANTOS", "RAZAOSOCIAL": "B.RODRIGUES_DOS_SANTOS_-_VESTUARIO_E_ACESSORIOS_LTDA", "ENDEE": "AVENIDA_SENADOR_SALGADO_FILHO_537_PARQUE_SAO_VICENTE_11360-200_SAO_VICENTE_BRASIL", "LATITUDE": "-23.9470117", "LONGITUDE": "-46.3974133", "LMAPS": "https://www.google.com/maps?q=&layer=c&cbll=-23.9470117,-46.3974133", "O_QUE_FAZER": "APLICAR T2", "ER_REGIAO_CIDADE_min": "São Vicente_Baixada Santista" }, "geometry": { "type": "Point", "coordinates": [ -46.3974133, -23.9470117 ] } },
{ "type": "Feature", "properties": { "CNPJ": "42052143000197", "IDCIDADE": "SAO_VICENTE", "NOMEFANTASIA": "ATELIE_SIL_ARTS", "RAZAOSOCIAL": "MARIA_SILVANIA_DE_OLIVEIRA_19279093843", "ENDEE": "PRACA_MATTEO_BEI_6_VILA_JOCKEI_CLUBE_11360-260_SAO_VICENTE_BRASIL", "LATITUDE": "-23.947086", "LONGITUDE": "-46.3974668", "LMAPS": "https://www.google.com/maps?q=&layer=c&cbll=-23.947086,-46.3974668", "O_QUE_FAZER": "APLICAR T2", "ER_REGIAO_CIDADE_min": "São Vicente_Baixada Santista" }, "geometry": { "type": "Point", "coordinates": [ -46.3974668, -23.947086 ] } },
{ "type": "Feature", "properties": { "CNPJ": "28921615000170", "IDCIDADE": "SAO_VICENTE", "NOMEFANTASIA": "CHIIC_MORENA", "RAZAOSOCIAL": "ROSILENE_SANTOS_DA_MACENA_FIGUEIREDO_31339355850", "ENDEE": "PRACA_MATTEO_BEI_106_VILA_JOCKEI_CLUBE_11360-260_SAO_VICENTE_BRASIL", "LATITUDE": "-23.9476433", "LONGITUDE": "-46.39824", "LMAPS": "https://www.google.com/maps?q=&layer=c&cbll=-23.9476433,-46.39824", "O_QUE_FAZER": "APLICAR T2", "ER_REGIAO_CIDADE_min": "São Vicente_Baixada Santista" }, "geometry": { "type": "Point", "coordinates": [ -46.39824, -23.9476433 ] } },
{ "type": "Feature", "properties": { "CNPJ": "67587336000173", "IDCIDADE": "SAO_VICENTE", "NOMEFANTASIA": "KA_WEARING", "RAZAOSOCIAL": "67.587.336_KARINA_OLIVARES_RAFAEL_DA_SILVA", "ENDEE": "RUA_DOM_DUARTE_DA_COSTA_270_VILA_JOCKEI_CLUBE_11360-280_SAO_VICENTE_BRASIL", "LATITUDE": "-23.949895", "LONGITUDE": "-46.393345", "LMAPS": "https://www.google.com/maps?q=&layer=c&cbll=-23.949895,-46.393345", "O_QUE_FAZER": "APLICAR T2", "ER_REGIAO_CIDADE_min": "São Vicente_Baixada Santista" }, "geometry": { "type": "Point", "coordinates": [ -46.393345, -23.949895 ] } },
{ "type": "Feature", "properties": { "CNPJ": "55300894000127", "IDCIDADE": "SAO_VICENTE", "NOMEFANTASIA": "MARCELO_CELULARES", "RAZAOSOCIAL": "55.300.894_LILYAN_MARIA_PAIVA_DE_CAMPOS", "ENDEE": "RUA_ARMANDO_VITORIO_BEI_216_PARQUE_SAO_VICENTE_11365-030_SAO_VICENTE_BRASIL", "LATITUDE": "-23.9500127", "LONGITUDE": "-46.3933835", "LMAPS": "https://www.google.com/maps?q=&layer=c&cbll=-23.9500127,-46.3933835", "O_QUE_FAZER": "APLICAR T2", "ER_REGIAO_CIDADE_min": "São Vicente_Baixada Santista" }, "geometry": { "type": "Point", "coordinates": [ -46.3933835, -23.9500127 ] } },
{ "type": "Feature", "properties": { "CNPJ": "55492043000123", "IDCIDADE": "SAO_VICENTE", "NOMEFANTASIA": "VIVI_DOCERIA", "RAZAOSOCIAL": "55.492.043_VIVIANE_DE_MELO_FRANCA_CASSIANO", "ENDEE": "AVENIDA_PENEDO_159_CATIAPOA_11370-400_SAO_VICENTE_BRASIL", "LATITUDE": "-23.950013", "LONGITUDE": "-46.3854016", "LMAPS": "https://www.google.com/maps?q=&layer=c&cbll=-23.950013,-46.3854016", "O_QUE_FAZER": "APLICAR T2", "ER_REGIAO_CIDADE_min": "São Vicente_Baixada Santista" }, "geometry": { "type": "Point", "coordinates": [ -46.3854016, -23.950013 ] } },
{ "type": "Feature", "properties": { "CNPJ": "39252553000177", "IDCIDADE": "SAO_VICENTE", "NOMEFANTASIA": "MACA_DE_OURO", "RAZAOSOCIAL": "39.252.553_SILVIA_RIBEIRO_MENDES", "ENDEE": "RUA_DOM_DUARTE_DA_COSTA_251_VILA_JOCKEI_CLUBE_11360-280_SAO_VICENTE_BRASIL", "LATITUDE": "-23.9500583", "LONGITUDE": "-46.3939033", "LMAPS": "https://www.google.com/maps?q=&layer=c&cbll=-23.9500583,-46.3939033", "O_QUE_FAZER": "APLICAR T2", "ER_REGIAO_CIDADE_min": "São Vicente_Baixada Santista" }, "geometry": { "type": "Point", "coordinates": [ -46.3939033, -23.9500583 ] } },
{ "type": "Feature", "properties": { "CNPJ": "62967498000113", "IDCIDADE": "SAO_VICENTE", "NOMEFANTASIA": "CICLO_PENEDO", "RAZAOSOCIAL": "62.967.498_ANA_CAROLINA_SANTANA_LEONEL", "ENDEE": "AVENIDA_PENEDO_109_CATIAPOA_11370-400_SAO_VICENTE_BRASIL", "LATITUDE": "-23.950435", "LONGITUDE": "-46.38509", "LMAPS": "https://www.google.com/maps?q=&layer=c&cbll=-23.950435,-46.38509", "O_QUE_FAZER": "APLICAR T2", "ER_REGIAO_CIDADE_min": "São Vicente_Baixada Santista" }, "geometry": { "type": "Point", "coordinates": [ -46.38509, -23.950435 ] } },
{ "type": "Feature", "properties": { "CNPJ": "34897651000148", "IDCIDADE": "SAO_VICENTE", "NOMEFANTASIA": "SH_PRODUTOS_DE_LIMPEZA", "RAZAOSOCIAL": "34.897.651_SHIRLENE_DE_SOUZA", "ENDEE": "RUA_GUILHERME_GUINLER_383_JARDIM_NOSSO_LAR_11370-460_SAO_VICENTE_BRASIL", "LATITUDE": "-23.9504899", "LONGITUDE": "-46.385326", "LMAPS": "https://www.google.com/maps?q=&layer=c&cbll=-23.9504899,-46.385326", "O_QUE_FAZER": "APLICAR T2", "ER_REGIAO_CIDADE_min": "São Vicente_Baixada Santista" }, "geometry": { "type": "Point", "coordinates": [ -46.385326, -23.9504899 ] } },
{ "type": "Feature", "properties": { "CNPJ": "58340175000128", "IDCIDADE": "SAO_VICENTE", "NOMEFANTASIA": "USADAO_MOVEIS", "RAZAOSOCIAL": "SILNEI_CESAR_DE_CASTRO_NERI", "ENDEE": "AVENIDA_ANTONIO_EMMERICK_705_VILA_CASCATINHA_11390-001_SAO_VICENTE_BRASIL", "LATITUDE": "-23.95557", "LONGITUDE": "-46.3761067", "LMAPS": "https://www.google.com/maps?q=&layer=c&cbll=-23.95557,-46.3761067", "O_QUE_FAZER": "APLICAR T2", "ER_REGIAO_CIDADE_min": "São Vicente_Baixada Santista" }, "geometry": { "type": "Point", "coordinates": [ -46.3761067, -23.95557 ] } },
{ "type": "Feature", "properties": { "CNPJ": "12409807000161", "IDCIDADE": "SAO_VICENTE", "NOMEFANTASIA": "EMPORIO_DA_CONSTRUCAO", "RAZAOSOCIAL": "12.409.807_SHIRLEI_DAS_NEVES_LIMA", "ENDEE": "RUA_TENENTE_DURVAL_DO_AMARAL_527_CATIAPOA_11390-300_SAO_VICENTE_BRASIL", "LATITUDE": "-23.9582034", "LONGITUDE": "-46.3845433", "LMAPS": "https://www.google.com/maps?q=&layer=c&cbll=-23.9582034,-46.3845433", "O_QUE_FAZER": "APLICAR T2", "ER_REGIAO_CIDADE_min": "São Vicente_Baixada Santista" }, "geometry": { "type": "Point", "coordinates": [ -46.3845433, -23.9582034 ] } },
{ "type": "Feature", "properties": { "CNPJ": "37474158000103", "IDCIDADE": "SAO_VICENTE", "NOMEFANTASIA": "GRAFICA_MASTER_PRINT", "RAZAOSOCIAL": "RODRIGO_AMIKI_JUNIOR_25506629893", "ENDEE": "AVENIDA_ANTONIO_EMMERICK_759_JARDIM_GUASSU_11370-001_SAO_VICENTE_BRASIL", "LATITUDE": "-23.9595337", "LONGITUDE": "-46.3767534", "LMAPS": "https://www.google.com/maps?q=&layer=c&cbll=-23.9595337,-46.3767534", "O_QUE_FAZER": "APLICAR T2", "ER_REGIAO_CIDADE_min": "São Vicente_Baixada Santista" }, "geometry": { "type": "Point", "coordinates": [ -46.3767534, -23.9595337 ] } },
{ "type": "Feature", "properties": { "CNPJ": "33502946000105", "IDCIDADE": "SAO_VICENTE", "NOMEFANTASIA": "FAST_PHONE", "RAZAOSOCIAL": "JORDAN_VIEIRA_DA_CRUZ_38488185820", "ENDEE": "AVENIDA_ANTONIO_EMMERICK_781_JARDIM_GUASSU_11370-001_SAO_VICENTE_BRASIL", "LATITUDE": "-23.9595567", "LONGITUDE": "-46.37641", "LMAPS": "https://www.google.com/maps?q=&layer=c&cbll=-23.9595567,-46.37641", "O_QUE_FAZER": "APLICAR T2", "ER_REGIAO_CIDADE_min": "São Vicente_Baixada Santista" }, "geometry": { "type": "Point", "coordinates": [ -46.37641, -23.9595567 ] } },
{ "type": "Feature", "properties": { "CNPJ": "41058706000191", "IDCIDADE": "SAO_VICENTE", "NOMEFANTASIA": "CASA_ALIANCA_TEMPERO_E_ESPECIARIAS", "RAZAOSOCIAL": "HUGO_CAMILO_FERREIRA_DOS_SANTOS_27117674857", "ENDEE": "AVENIDA_ANTONIO_EMMERICK_745_JARDIM_GUASSU_11370-001_SAO_VICENTE_BRASIL", "LATITUDE": "-23.9597096", "LONGITUDE": "-46.3767257", "LMAPS": "https://www.google.com/maps?q=&layer=c&cbll=-23.9597096,-46.3767257", "O_QUE_FAZER": "APLICAR T2", "ER_REGIAO_CIDADE_min": "São Vicente_Baixada Santista" }, "geometry": { "type": "Point", "coordinates": [ -46.3767257, -23.9597096 ] } },
{ "type": "Feature", "properties": { "CNPJ": "61132550000159", "IDCIDADE": "SAO_VICENTE", "NOMEFANTASIA": "ZAP_MOTOS", "RAZAOSOCIAL": "ZAP_MOTOS_LTDA", "ENDEE": "AVENIDA_ANTONIO_EMMERICK_725_VILA_SAO_JORGE_11370-000_SAO_VICENTE_BRASIL", "LATITUDE": "-23.9597517", "LONGITUDE": "-46.3767633", "LMAPS": "https://www.google.com/maps?q=&layer=c&cbll=-23.9597517,-46.3767633", "O_QUE_FAZER": "APLICAR T2", "ER_REGIAO_CIDADE_min": "São Vicente_Baixada Santista" }, "geometry": { "type": "Point", "coordinates": [ -46.3767633, -23.9597517 ] } },
{ "type": "Feature", "properties": { "CNPJ": "30469897000168", "IDCIDADE": "SAO_VICENTE", "NOMEFANTASIA": "RICAS_BOUTIQUE", "RAZAOSOCIAL": "30.469.897_ANDREA_RIBEIRO_CASTRO", "ENDEE": "AVENIDA_ANTONIO_EMMERICK_677_VILA_SAO_JORGE_11370-000_SAO_VICENTE_BRASIL", "LATITUDE": "-23.9604151", "LONGITUDE": "-46.3770636", "LMAPS": "https://www.google.com/maps?q=&layer=c&cbll=-23.9604151,-46.3770636", "O_QUE_FAZER": "APLICAR T2", "ER_REGIAO_CIDADE_min": "São Vicente_Baixada Santista" }, "geometry": { "type": "Point", "coordinates": [ -46.3770636, -23.9604151 ] } },
{ "type": "Feature", "properties": { "CNPJ": "15044281000151", "IDCIDADE": "SAO_VICENTE", "NOMEFANTASIA": "CHARME_BELEZA", "RAZAOSOCIAL": "15.044.281_FLAVIA_FERNANDES_SANTIAGO", "ENDEE": "RUA_SENADOR_CESAR_LACERDA_DE_VERGUEIRO_19_VILA_CASCATINHA_11370-040_SAO_VICENTE_BRASIL", "LATITUDE": "-23.960668", "LONGITUDE": "-46.3773611", "LMAPS": "https://www.google.com/maps?q=&layer=c&cbll=-23.960668,-46.3773611", "O_QUE_FAZER": "APLICAR T2", "ER_REGIAO_CIDADE_min": "São Vicente_Baixada Santista" }, "geometry": { "type": "Point", "coordinates": [ -46.3773611, -23.960668 ] } },
{ "type": "Feature", "properties": { "CNPJ": "30519503000139", "IDCIDADE": "SAO_VICENTE", "NOMEFANTASIA": "NEW_CONNECT", "RAZAOSOCIAL": "CRISTIANE_ALVES_PEREZ_GUEDES", "ENDEE": "AVENIDA_ANTONIO_EMMERICK_608_VILA_CASCATINHA_11390-001_SAO_VICENTE_BRASIL", "LATITUDE": "-23.9609981", "LONGITUDE": "-46.3771101", "LMAPS": "https://www.google.com/maps?q=&layer=c&cbll=-23.9609981,-46.3771101", "O_QUE_FAZER": "APLICAR T2", "ER_REGIAO_CIDADE_min": "São Vicente_Baixada Santista" }, "geometry": { "type": "Point", "coordinates": [ -46.3771101, -23.9609981 ] } },
{ "type": "Feature", "properties": { "CNPJ": "60635373000160", "IDCIDADE": "SAO_VICENTE", "NOMEFANTASIA": "OBELINHAS_BABY_KIDS", "RAZAOSOCIAL": "60.635.373_RAQUEL_GOMIDE_UEMA_LUCAS", "ENDEE": "AVENIDA_PREFEITO_JOSE_MONTEIRO_21_JARDIM_INDEPENDENCIA_11380-001_SAO_VICENTE_BRASIL", "LATITUDE": "-23.9610483", "LONGITUDE": "-46.3764883", "LMAPS": "https://www.google.com/maps?q=&layer=c&cbll=-23.9610483,-46.3764883", "O_QUE_FAZER": "APLICAR T2", "ER_REGIAO_CIDADE_min": "São Vicente_Baixada Santista" }, "geometry": { "type": "Point", "coordinates": [ -46.3764883, -23.9610483 ] } },
{ "type": "Feature", "properties": { "CNPJ": "55755256000109", "IDCIDADE": "SAO_VICENTE", "NOMEFANTASIA": "ARTE_CONFEITARIA_ARTESANAL", "RAZAOSOCIAL": "55.755.256_LUCCA_SOARES_SILVA", "ENDEE": "AVENIDA_MOTA_LIMA_85_VILA_CASCATINHA_11370-100_SAO_VICENTE_BRASIL", "LATITUDE": "-23.9610736", "LONGITUDE": "-46.3792364", "LMAPS": "https://www.google.com/maps?q=&layer=c&cbll=-23.9610736,-46.3792364", "O_QUE_FAZER": "APLICAR T2", "ER_REGIAO_CIDADE_min": "São Vicente_Baixada Santista" }, "geometry": { "type": "Point", "coordinates": [ -46.3792364, -23.9610736 ] } },
{ "type": "Feature", "properties": { "CNPJ": "43481827000177", "IDCIDADE": "SAO_VICENTE", "NOMEFANTASIA": "BOVOLIN_PRESENTES", "RAZAOSOCIAL": "43.481.827_DANIEL_MARTINS_DE_OLIVEIRA", "ENDEE": "AVENIDA_PREFEITO_JOSE_MONTEIRO_14_JARDIM_INDEPENDENCIA_11380-000_SAO_VICENTE_BRASIL", "LATITUDE": "-23.9611448", "LONGITUDE": "-46.3766945", "LMAPS": "https://www.google.com/maps?q=&layer=c&cbll=-23.9611448,-46.3766945", "O_QUE_FAZER": "APLICAR T2", "ER_REGIAO_CIDADE_min": "São Vicente_Baixada Santista" }, "geometry": { "type": "Point", "coordinates": [ -46.3766945, -23.9611448 ] } },
{ "type": "Feature", "properties": { "CNPJ": "54073068000120", "IDCIDADE": "SAO_VICENTE", "NOMEFANTASIA": "UNEEPERSONALIZADOS", "RAZAOSOCIAL": "54.073.068_GABRIELA_LARA_DE_SOUZA", "ENDEE": "AVENIDA_PREFEITO_JOSE_MONTEIRO_14_JARDIM_INDEPENDENCIA_11380-000_SAO_VICENTE_BRASIL", "LATITUDE": "-23.9611641", "LONGITUDE": "-46.3766509", "LMAPS": "https://www.google.com/maps?q=&layer=c&cbll=-23.9611641,-46.3766509", "O_QUE_FAZER": "APLICAR T2", "ER_REGIAO_CIDADE_min": "São Vicente_Baixada Santista" }, "geometry": { "type": "Point", "coordinates": [ -46.3766509, -23.9611641 ] } },
{ "type": "Feature", "properties": { "CNPJ": "63437240000178", "IDCIDADE": "SAO_VICENTE", "NOMEFANTASIA": "SABORES_DA_EMERICH", "RAZAOSOCIAL": "SABORES_DA_EMERICH_LTDA", "ENDEE": "AVENIDA_ANTONIO_EMMERICK_519_VILA_CASCATINHA_11390-001_SAO_VICENTE_BRASIL", "LATITUDE": "-23.9613452", "LONGITUDE": "-46.378105", "LMAPS": "https://www.google.com/maps?q=&layer=c&cbll=-23.9613452,-46.378105", "O_QUE_FAZER": "APLICAR T2", "ER_REGIAO_CIDADE_min": "São Vicente_Baixada Santista" }, "geometry": { "type": "Point", "coordinates": [ -46.378105, -23.9613452 ] } },
{ "type": "Feature", "properties": { "CNPJ": "59987203000166", "IDCIDADE": "SAO_VICENTE", "NOMEFANTASIA": "STUDIO_LUMIÈRE_ESPACO_DE_BELEZA", "RAZAOSOCIAL": "59.987.203_LUCIANA_CRISTINA_CRESPO", "ENDEE": "AVENIDA_MOTA_LIMA_32_VILA_CASCATINHA_11370-100_SAO_VICENTE_BRASIL", "LATITUDE": "-23.9614424", "LONGITUDE": "-46.3788102", "LMAPS": "https://www.google.com/maps?q=&layer=c&cbll=-23.9614424,-46.3788102", "O_QUE_FAZER": "APLICAR T2", "ER_REGIAO_CIDADE_min": "São Vicente_Baixada Santista" }, "geometry": { "type": "Point", "coordinates": [ -46.3788102, -23.9614424 ] } },
{ "type": "Feature", "properties": { "CNPJ": "55308606000180", "IDCIDADE": "SAO_VICENTE", "NOMEFANTASIA": "VINICIUS", "RAZAOSOCIAL": "55.308.606_VINICIUS_ARAUJO_DOS_SANTOS", "ENDEE": "AVENIDA_MOTA_LIMA_32_VILA_CASCATINHA_11370-100_SAO_VICENTE_BRASIL", "LATITUDE": "-23.9614465", "LONGITUDE": "-46.3788486", "LMAPS": "https://www.google.com/maps?q=&layer=c&cbll=-23.9614465,-46.3788486", "O_QUE_FAZER": "APLICAR T2", "ER_REGIAO_CIDADE_min": "São Vicente_Baixada Santista" }, "geometry": { "type": "Point", "coordinates": [ -46.3788486, -23.9614465 ] } },
{ "type": "Feature", "properties": { "CNPJ": "58849594000190", "IDCIDADE": "SAO_VICENTE", "NOMEFANTASIA": "OTICAS_IDEALIZE", "RAZAOSOCIAL": "IDEALIZE_COMERCIO_OPTICO_DO_LITORAL_LTDA", "ENDEE": "AVENIDA_ANTONIO_EMMERICK_481_VILA_CASCATINHA_11390-001_SAO_VICENTE_BRASIL", "LATITUDE": "-23.9614935", "LONGITUDE": "-46.3783657", "LMAPS": "https://www.google.com/maps?q=&layer=c&cbll=-23.9614935,-46.3783657", "O_QUE_FAZER": "APLICAR T2", "ER_REGIAO_CIDADE_min": "São Vicente_Baixada Santista" }, "geometry": { "type": "Point", "coordinates": [ -46.3783657, -23.9614935 ] } },
{ "type": "Feature", "properties": { "CNPJ": "62657958000107", "IDCIDADE": "SAO_VICENTE", "NOMEFANTASIA": "LV2_MOTORS", "RAZAOSOCIAL": "LV2_COMERCIO_DE_MOTOS_LTDA", "ENDEE": "AVENIDA_ANTONIO_EMMERICK_433_VILA_CASCATINHA_11390-000_SAO_VICENTE_BRASIL", "LATITUDE": "-23.9618384", "LONGITUDE": "-46.3788057", "LMAPS": "https://www.google.com/maps?q=&layer=c&cbll=-23.9618384,-46.3788057", "O_QUE_FAZER": "APLICAR T2", "ER_REGIAO_CIDADE_min": "São Vicente_Baixada Santista" }, "geometry": { "type": "Point", "coordinates": [ -46.3788057, -23.9618384 ] } },
{ "type": "Feature", "properties": { "CNPJ": "12927827000124", "IDCIDADE": "SAO_VICENTE", "NOMEFANTASIA": "AUTO_ESCOLA_A_PRIMEIRA", "RAZAOSOCIAL": "F.V._CARVALHO_FORMACAO_DE_CONDUTORES_LTDA", "ENDEE": "AVENIDA_ANTONIO_EMMERICK_380_VILA_CASCATINHA_11390-001_SAO_VICENTE_BRASIL", "LATITUDE": "-23.9620157", "LONGITUDE": "-46.3789237", "LMAPS": "https://www.google.com/maps?q=&layer=c&cbll=-23.9620157,-46.3789237", "O_QUE_FAZER": "APLICAR T2", "ER_REGIAO_CIDADE_min": "São Vicente_Baixada Santista" }, "geometry": { "type": "Point", "coordinates": [ -46.3789237, -23.9620157 ] } },
{ "type": "Feature", "properties": { "CNPJ": "04375067000161", "IDCIDADE": "SAO_VICENTE", "NOMEFANTASIA": "VELOSTER_AUTOS_E_MOTOS", "RAZAOSOCIAL": "VELOSTER_AUTOS_E_MOTOS_LTDA", "ENDEE": "AVENIDA_ANTONIO_EMMERICK_344_VILA_SAO_JORGE_11370-000_SAO_VICENTE_BRASIL", "LATITUDE": "-23.9620769", "LONGITUDE": "-46.3794793", "LMAPS": "https://www.google.com/maps?q=&layer=c&cbll=-23.9620769,-46.3794793", "O_QUE_FAZER": "APLICAR T2", "ER_REGIAO_CIDADE_min": "São Vicente_Baixada Santista" }, "geometry": { "type": "Point", "coordinates": [ -46.3794793, -23.9620769 ] } },
{ "type": "Feature", "properties": { "CNPJ": "03612478000160", "IDCIDADE": "SAO_VICENTE", "NOMEFANTASIA": "MUNDO_DAS_CHAVES", "RAZAOSOCIAL": "ONOFRE_JOSE_MENDES", "ENDEE": "AVENIDA_ANTONIO_EMMERICK_383_VILA_CASCATINHA_11390-001_SAO_VICENTE_BRASIL", "LATITUDE": "-23.9621233", "LONGITUDE": "-46.3792117", "LMAPS": "https://www.google.com/maps?q=&layer=c&cbll=-23.9621233,-46.3792117", "O_QUE_FAZER": "APLICAR T2", "ER_REGIAO_CIDADE_min": "São Vicente_Baixada Santista" }, "geometry": { "type": "Point", "coordinates": [ -46.3792117, -23.9621233 ] } },
{ "type": "Feature", "properties": { "CNPJ": "10771088000107", "IDCIDADE": "SAO_VICENTE", "NOMEFANTASIA": "R_K_M_MOTOS", "RAZAOSOCIAL": "R_K_M_MOTOS_S.V._LTDA", "ENDEE": "AVENIDA_ANTONIO_EMMERICK_368_VILA_CASCATINHA_11390-000_SAO_VICENTE_BRASIL", "LATITUDE": "-23.9621357", "LONGITUDE": "-46.3791743", "LMAPS": "https://www.google.com/maps?q=&layer=c&cbll=-23.9621357,-46.3791743", "O_QUE_FAZER": "APLICAR T2", "ER_REGIAO_CIDADE_min": "São Vicente_Baixada Santista" }, "geometry": { "type": "Point", "coordinates": [ -46.3791743, -23.9621357 ] } },
{ "type": "Feature", "properties": { "CNPJ": "59256013000179", "IDCIDADE": "SAO_VICENTE", "NOMEFANTASIA": "PDRAO_MOTOS", "RAZAOSOCIAL": "59.256.013_PEDRO_TADEU_GASPARINO_FILHO", "ENDEE": "AVENIDA_ANTONIO_EMMERICK_364_VILA_CASCATINHA_11390-000_SAO_VICENTE_BRASIL", "LATITUDE": "-23.9622187", "LONGITUDE": "-46.3791292", "LMAPS": "https://www.google.com/maps?q=&layer=c&cbll=-23.9622187,-46.3791292", "O_QUE_FAZER": "APLICAR T2", "ER_REGIAO_CIDADE_min": "São Vicente_Baixada Santista" }, "geometry": { "type": "Point", "coordinates": [ -46.3791292, -23.9622187 ] } },
{ "type": "Feature", "properties": { "CNPJ": "44882449000104", "IDCIDADE": "SAO_VICENTE", "NOMEFANTASIA": "DOCE_SABOR", "RAZAOSOCIAL": "LETICIA_NATALIA_SANTOS_CRUZ_53470220867", "ENDEE": "AVENIDA_PREFEITO_JOSE_MONTEIRO_173_JARDIM_INDEPENDENCIA_11380-001_SAO_VICENTE_BRASIL", "LATITUDE": "-23.9622707", "LONGITUDE": "-46.375658", "LMAPS": "https://www.google.com/maps?q=&layer=c&cbll=-23.9622707,-46.375658", "O_QUE_FAZER": "APLICAR T2", "ER_REGIAO_CIDADE_min": "São Vicente_Baixada Santista" }, "geometry": { "type": "Point", "coordinates": [ -46.375658, -23.9622707 ] } },
{ "type": "Feature", "properties": { "CNPJ": "13280770000187", "IDCIDADE": "SAO_VICENTE", "NOMEFANTASIA": "CWB_REPRESENTACAO_DE_MOTO_PECAS", "RAZAOSOCIAL": "WILLIAN_RODRIGUES", "ENDEE": "AVENIDA_ANTONIO_EMMERICK_308_VILA_SAO_JORGE_11370-000_SAO_VICENTE_BRASIL", "LATITUDE": "-23.9624896", "LONGITUDE": "-46.3795992", "LMAPS": "https://www.google.com/maps?q=&layer=c&cbll=-23.9624896,-46.3795992", "O_QUE_FAZER": "APLICAR T2", "ER_REGIAO_CIDADE_min": "São Vicente_Baixada Santista" }, "geometry": { "type": "Point", "coordinates": [ -46.3795992, -23.9624896 ] } }
]
}
