{
"type": "FeatureCollection",
"name": "ER_REGIAO_CIDADE_min_Capital Oeste_Lapa",
"crs": { "type": "name", "properties": { "name": "urn:ogc:def:crs:OGC:1.3:CRS84" } },
"xy_coordinate_resolution": 1e-15,
"features": [
{ "type": "Feature", "properties": { "fid": 117, "CNPJ": "00006832000115", "IDCIDADE": "SAO PAULO", "NOMEFANTASIA": "88_PESCA_&_JARDINAGEM", "RAZAOSOCIAL": "88_PESCA_&_JARDINAGEM_LTDA", "ENDEE": "RUA HERBART, 47, LAPA, 05072-030, SÃO PAULO, SP, BRASIL", "LMAPS": "https://www.google.com/maps?q=&layer=c&cbll=-23.5193882,-46.7018484", "O_QUE_FAZER": "APLICAR T2", "ER_REGIAO_CIDADE_min": "Capital Oeste_Lapa" }, "geometry": { "type": "Point", "coordinates": [ -46.7018484, -23.5193882 ] } },
{ "type": "Feature", "properties": { "fid": 277, "CNPJ": "00017349000136", "IDCIDADE": "SAO_PAULO", "NOMEFANTASIA": "ROTA_99", "RAZAOSOCIAL": "CAMPS_ARTIGOS_PARA_PRESENTES_LTDA", "ENDEE": "RUA_GOMES_FREIRE596__LAPA_05075-010", "LMAPS": "https://www.google.com/maps?q=&layer=c&cbll=-23.5247418,-46.7084071", "O_QUE_FAZER": "APLICAR T2", "ER_REGIAO_CIDADE_min": "Capital Oeste_Lapa" }, "geometry": { "type": "Point", "coordinates": [ -46.7084071, -23.5247418 ] } },
{ "type": "Feature", "properties": { "fid": 336, "CNPJ": "00020674000158", "IDCIDADE": "SAO_PAULO", "NOMEFANTASIA": "USEI_MOTOS", "RAZAOSOCIAL": "USED_MOTOS_COMERCIO_E_MANUTENCAO_LTDA", "ENDEE": "RUA_GUAICURUS901__AGUA_BRANCA_05033-000", "LMAPS": "https://www.google.com/maps?q=&layer=c&cbll=-23.5228502,-46.6943907", "O_QUE_FAZER": "FINALIZADO", "ER_REGIAO_CIDADE_min": "Capital Oeste_Lapa" }, "geometry": { "type": "Point", "coordinates": [ -46.6943907, -23.5228502 ] } },
{ "type": "Feature", "properties": { "fid": 437, "CNPJ": "00026981000146", "IDCIDADE": "SAO_PAULO", "NOMEFANTASIA": "MYMO", "RAZAOSOCIAL": "MT_COMERCIO_DE_ROUPAS_LTDA", "ENDEE": "RUA_BARAO_DE_JUNDIAI277__LAPA_05073-010", "LMAPS": "https://www.google.com/maps?q=&layer=c&cbll=-23.5246764,-46.7073648", "O_QUE_FAZER": "CARTEIRA", "ER_REGIAO_CIDADE_min": "Capital Oeste_Lapa" }, "geometry": { "type": "Point", "coordinates": [ -46.7073648, -23.5246764 ] } },
{ "type": "Feature", "properties": { "fid": 486, "CNPJ": "00030259000185", "IDCIDADE": "SAO PAULO", "NOMEFANTASIA": null, "RAZAOSOCIAL": "SETIMA_ARTE_SERVICOS_CINEMATOGRAFICOS_LTDA", "ENDEE": "RUA DAVI CANABARRO, 103, ALTO DA LAPA, 05059-060, SÃO PAULO, SP, BRASIL", "LMAPS": "https://www.google.com/maps?q=&layer=c&cbll=-23.5331557,-46.7112032", "O_QUE_FAZER": "CARTEIRA - FAMPE", "ER_REGIAO_CIDADE_min": "Capital Oeste_Lapa" }, "geometry": { "type": "Point", "coordinates": [ -46.7112032, -23.5331557 ] } },
{ "type": "Feature", "properties": { "fid": 598, "CNPJ": "00142508000124", "IDCIDADE": "SAO PAULO", "NOMEFANTASIA": "Luneu_Comercio_de_Embalagens", "RAZAOSOCIAL": "ALUBLOCK_FILMES_INDUSTRIA_E_COMERCIO_DE_EMBALAGENS_LTDA", "ENDEE": "RUA ALVARENGA PEIXOTO, 205, VILA ANASTACIO, 05095-010, SÃO PAULO, SP, BRASIL", "LMAPS": "https://www.google.com/maps?q=&layer=c&cbll=-23.5136499,-46.718494", "O_QUE_FAZER": "CARTEIRA - FAMPE", "ER_REGIAO_CIDADE_min": "Capital Oeste_Lapa" }, "geometry": { "type": "Point", "coordinates": [ -46.718494, -23.5136499 ] } },
{ "type": "Feature", "properties": { "fid": 720, "CNPJ": "00164222000140", "IDCIDADE": "SAO_PAULO", "NOMEFANTASIA": "BAR_E_LANCHONETE_LA-LE-LU", "RAZAOSOCIAL": "MARIA_APARECIDA_SANTOS_RIBEIRO", "ENDEE": "RUA_DUILIO_22_AGUA_BRANCA_05043-020_SAO_PAULO_BRASIL", "LMAPS": "https://www.google.com/maps?q=&layer=c&cbll=-23.5228993,-46.6932883", "O_QUE_FAZER": "FINALIZADO", "ER_REGIAO_CIDADE_min": "Capital Oeste_Lapa" }, "geometry": { "type": "Point", "coordinates": [ -46.6932883, -23.5228993 ] } },
{ "type": "Feature", "properties": { "fid": 1087, "CNPJ": "00230252000107", "IDCIDADE": "SAO PAULO", "NOMEFANTASIA": "GALERIA", "RAZAOSOCIAL": "CASA_LOTERICA_GALERIA_LTDA", "ENDEE": "RUA CLEMENTE ALVARES, 201, LAPA, 05074-050, SÃO PAULO, SP, BRASIL", "LMAPS": "https://www.google.com/maps?q=&layer=c&cbll=-23.5205661,-46.7047481", "O_QUE_FAZER": "CARTEIRA - FAMPE", "ER_REGIAO_CIDADE_min": "Capital Oeste_Lapa" }, "geometry": { "type": "Point", "coordinates": [ -46.7047481, -23.5205661 ] } },
{ "type": "Feature", "properties": { "fid": 1106, "CNPJ": "00232427000115", "IDCIDADE": "SAO_PAULO", "NOMEFANTASIA": "SO_COUROS", "RAZAOSOCIAL": "MJR_COMERCIO_DE_VARIEDADES_LTDA", "ENDEE": "RUA_DOZE_DE_OUTUBRO447__LAPA_05073-001", "LMAPS": "https://www.google.com/maps?q=&layer=c&cbll=-23.5219817,-46.70488", "O_QUE_FAZER": "CARTEIRA", "ER_REGIAO_CIDADE_min": "Capital Oeste_Lapa" }, "geometry": { "type": "Point", "coordinates": [ -46.70488, -23.5219817 ] } },
{ "type": "Feature", "properties": { "fid": 2523, "CNPJ": "00519566000124", "IDCIDADE": "SAO_PAULO", "NOMEFANTASIA": "RECANTO_DAS_FLORES", "RAZAOSOCIAL": "JIOMAR_COMERCIO_DE_FLORES_LTDA", "ENDEE": "RUA_AFONSO_SARDINHA92__LAPA_05076-000", "LMAPS": "https://www.google.com/maps?q=&layer=c&cbll=-23.5222016,-46.7047753", "O_QUE_FAZER": "CARTEIRA", "ER_REGIAO_CIDADE_min": "Capital Oeste_Lapa" }, "geometry": { "type": "Point", "coordinates": [ -46.7047753, -23.5222016 ] } },
{ "type": "Feature", "properties": { "fid": 2547, "CNPJ": "00525534000131", "IDCIDADE": "SAO_PAULO", "NOMEFANTASIA": "BOUTIQUE_DAS_MOTOS", "RAZAOSOCIAL": "BOUTIQUE_VITRINE_DE_MOTOS_PECAS_ACESSORIOS_E_SERVICOS_LTDA", "ENDEE": "RUA_CLELIA2113__AGUA_BRANCA_05042-001", "LMAPS": "https://www.google.com/maps?q=&layer=c&cbll=-23.5249133,-46.7030983", "O_QUE_FAZER": "CARTEIRA", "ER_REGIAO_CIDADE_min": "Capital Oeste_Lapa" }, "geometry": { "type": "Point", "coordinates": [ -46.7030983, -23.5249133 ] } },
{ "type": "Feature", "properties": { "fid": 2938, "CNPJ": "00601082000120", "IDCIDADE": "SAO_PAULO", "NOMEFANTASIA": "BOM_TALHER", "RAZAOSOCIAL": "JURACI_AMORIM_DE_LIMA", "ENDEE": "RUA_MARCO_AURELIO786__VILA_ROMANA_05048-000", "LMAPS": "https://www.google.com/maps?q=&layer=c&cbll=-23.5338306,-46.6983602", "O_QUE_FAZER": "CARTEIRA", "ER_REGIAO_CIDADE_min": "Capital Oeste_Lapa" }, "geometry": { "type": "Point", "coordinates": [ -46.6983602, -23.5338306 ] } },
{ "type": "Feature", "properties": { "fid": 2979, "CNPJ": "00608749000116", "IDCIDADE": "SAO_PAULO", "NOMEFANTASIA": "BELLO_COPIAS", "RAZAOSOCIAL": "BELLOCOPIAS_COPIADORA_E_GRAFICA_LTDA", "ENDEE": "RUA_FAUSTOLO1828__LAPA_05041-001", "LMAPS": "https://www.google.com/maps?q=&layer=c&cbll=-23.5237467,-46.7031617", "O_QUE_FAZER": "CARTEIRA", "ER_REGIAO_CIDADE_min": "Capital Oeste_Lapa" }, "geometry": { "type": "Point", "coordinates": [ -46.7031617, -23.5237467 ] } },
{ "type": "Feature", "properties": { "fid": 3509, "CNPJ": "00710094000192", "IDCIDADE": "SAO_PAULO", "NOMEFANTASIA": "COISAS_DE_COZINHA", "RAZAOSOCIAL": "COMERCIAL_VENDRAME_DE_CARRA_LTDA", "ENDEE": "RUA_HERBART47__LAPA_05072-030", "LMAPS": "https://www.google.com/maps?q=&layer=c&cbll=-23.5183438,-46.7028504", "O_QUE_FAZER": "APLICAR T2", "ER_REGIAO_CIDADE_min": "Capital Oeste_Lapa" }, "geometry": { "type": "Point", "coordinates": [ -46.7028504, -23.5183438 ] } },
{ "type": "Feature", "properties": { "fid": 3522, "CNPJ": "00712154000106", "IDCIDADE": "SAO PAULO", "NOMEFANTASIA": "SEHMTRA", "RAZAOSOCIAL": "SEHMTRA_-_SEGURANCA,_HIGIENE_E_MEDICINA_DO_TRABALHO_LTDA", "ENDEE": "RUA ANTONIO RAPOSO, 186, ANDAR 2 CONJ. 24, LAPA, 05074-900, SÃO PAULO, SP, BRASIL", "LMAPS": "https://www.google.com/maps?q=&layer=c&cbll=-23.5208521,-46.7065101", "O_QUE_FAZER": "CARTEIRA - FAMPE", "ER_REGIAO_CIDADE_min": "Capital Oeste_Lapa" }, "geometry": { "type": "Point", "coordinates": [ -46.7065101, -23.5208521 ] } },
{ "type": "Feature", "properties": { "fid": 3768, "CNPJ": "00770655000149", "IDCIDADE": "SAO_PAULO", "NOMEFANTASIA": "KLAVA", "RAZAOSOCIAL": "KLAWA_LAPA_JOIAS_E_SEMI_JOIAS_LTDA", "ENDEE": "RUA_ALBION50__LAPA_05077-130", "LMAPS": "https://www.google.com/maps?q=&layer=c&cbll=-23.5232967,-46.7050633", "O_QUE_FAZER": "CARTEIRA", "ER_REGIAO_CIDADE_min": "Capital Oeste_Lapa" }, "geometry": { "type": "Point", "coordinates": [ -46.7050633, -23.5232967 ] } },
{ "type": "Feature", "properties": { "fid": 3802, "CNPJ": "00780305000163", "IDCIDADE": "SAO_PAULO", "NOMEFANTASIA": "I2_CONSULTING_TECNOLOGIA_E_CONSULTORIA_EMPRESARIAL_LTDA", "RAZAOSOCIAL": "I2_CONSULTING_TECNOLOGIA_E_CONSULTORIA_EMPRESARIAL_LTDA", "ENDEE": "RUA_WERNER_VON_SIEMENS111__LAPA_DE_BAIXO_05069-900", "LMAPS": "https://www.google.com/maps?q=&layer=c&cbll=-23.5108965,-46.7113327", "O_QUE_FAZER": "FINALIZADO", "ER_REGIAO_CIDADE_min": "Capital Oeste_Lapa" }, "geometry": { "type": "Point", "coordinates": [ -46.7113327, -23.5108965 ] } },
{ "type": "Feature", "properties": { "fid": 4129, "CNPJ": "00855990000140", "IDCIDADE": "SAO_PAULO", "NOMEFANTASIA": "AUTO_LUV", "RAZAOSOCIAL": "AUTO_LUV_PECAS_E_SERVICOS_LTDA", "ENDEE": "RUA_GOMES_FREIRE541__LAPA_05075-010", "LMAPS": "https://www.google.com/maps?q=&layer=c&cbll=-23.5242333,-46.70826", "O_QUE_FAZER": "CARTEIRA", "ER_REGIAO_CIDADE_min": "Capital Oeste_Lapa" }, "geometry": { "type": "Point", "coordinates": [ -46.70826, -23.5242333 ] } },
{ "type": "Feature", "properties": { "fid": 4183, "CNPJ": "00866849000142", "IDCIDADE": "SAO_PAULO", "NOMEFANTASIA": "OTICA_FONTANELLA", "RAZAOSOCIAL": "OPTICA_FONTANELLA_LTDA", "ENDEE": "RUA_ROMA330__LAPA_05050-090", "LMAPS": "https://www.google.com/maps?q=&layer=c&cbll=-23.5227119,-46.6997377", "O_QUE_FAZER": "FINALIZADO", "ER_REGIAO_CIDADE_min": "Capital Oeste_Lapa" }, "geometry": { "type": "Point", "coordinates": [ -46.6997377, -23.5227119 ] } },
{ "type": "Feature", "properties": { "fid": 4480, "CNPJ": "00929956000172", "IDCIDADE": "SAO_PAULO", "NOMEFANTASIA": "EMPORIO_FLOR_DALAPA", "RAZAOSOCIAL": "EMPORIO_FLOR_DA_LAPA_LTDA", "ENDEE": "RUA_HERBART47__LAPA_05072-030", "LMAPS": "https://www.google.com/maps?q=&layer=c&cbll=-23.5192156,-46.7016567", "O_QUE_FAZER": "CARTEIRA", "ER_REGIAO_CIDADE_min": "Capital Oeste_Lapa" }, "geometry": { "type": "Point", "coordinates": [ -46.7016567, -23.5192156 ] } },
{ "type": "Feature", "properties": { "fid": 4785, "CNPJ": "00990187000118", "IDCIDADE": "SAO_PAULO", "NOMEFANTASIA": "AUTO_ESCOLA_OPUS", "RAZAOSOCIAL": "AUTO_ESCOLA_OPUS_6_S/S_LTDA", "ENDEE": "RUA_BARAO_DE_JUNDIAI304__LAPA_05073-010", "LMAPS": "https://www.google.com/maps?q=&layer=c&cbll=-23.5246683,-46.7077633", "O_QUE_FAZER": "APLICAR T2", "ER_REGIAO_CIDADE_min": "Capital Oeste_Lapa" }, "geometry": { "type": "Point", "coordinates": [ -46.7077633, -23.5246683 ] } },
{ "type": "Feature", "properties": { "fid": 5282, "CNPJ": "01099869000106", "IDCIDADE": "SAO_PAULO", "NOMEFANTASIA": "TOP_STOP", "RAZAOSOCIAL": "MAXIFREIOS_LTDA_-_PECAS_E_SERVICOS", "ENDEE": "RUA_GUAICURUS589__AGUA_BRANCA_05033-000", "LMAPS": "https://www.google.com/maps?q=&layer=c&cbll=-23.52285,-46.6912512", "O_QUE_FAZER": "FINALIZADO", "ER_REGIAO_CIDADE_min": "Capital Oeste_Lapa" }, "geometry": { "type": "Point", "coordinates": [ -46.6912512, -23.52285 ] } },
{ "type": "Feature", "properties": { "fid": 5292, "CNPJ": "01102702000149", "IDCIDADE": "SAO_PAULO", "NOMEFANTASIA": "KASHIMIR_DECORACOES", "RAZAOSOCIAL": "KASHMIR_COMERCIO_DE_MOVEIS_E_DECORACOES_LTDA", "ENDEE": "RUA_CORIOLANO1246__VILA_ROMANA_05047-000", "LMAPS": "https://www.google.com/maps?q=&layer=c&cbll=-23.5259672,-46.6976344", "O_QUE_FAZER": "APLICAR T2", "ER_REGIAO_CIDADE_min": "Capital Oeste_Lapa" }, "geometry": { "type": "Point", "coordinates": [ -46.6976344, -23.5259672 ] } },
{ "type": "Feature", "properties": { "fid": 5298, "CNPJ": "01103888000150", "IDCIDADE": "SAO_PAULO", "NOMEFANTASIA": "BLUE_BIKE", "RAZAOSOCIAL": "COMERCIAL_SCHATZ_BLUE_BIKE_LTDA", "ENDEE": "AVENIDA_DIOGENES_RIBEIRO_DE_LIMA3040__ALTO_DA_LAPA_05083-010", "LMAPS": "https://www.google.com/maps?q=&layer=c&cbll=-23.5340263,-46.7187417", "O_QUE_FAZER": "FINALIZADO", "ER_REGIAO_CIDADE_min": "Capital Oeste_Lapa" }, "geometry": { "type": "Point", "coordinates": [ -46.7187417, -23.5340263 ] } },
{ "type": "Feature", "properties": { "fid": 5490, "CNPJ": "01137450000193", "IDCIDADE": "SAO_PAULO", "NOMEFANTASIA": "OMEGA_RELOJOARIA", "RAZAOSOCIAL": "CLON_OMEGA_RELOJOARIA_LTDA", "ENDEE": "RUA_CATAO72__VILA_ROMANA_05049-000", "LMAPS": "https://www.google.com/maps?q=&layer=c&cbll=-23.5211802,-46.7007424", "O_QUE_FAZER": "CARTEIRA", "ER_REGIAO_CIDADE_min": "Capital Oeste_Lapa" }, "geometry": { "type": "Point", "coordinates": [ -46.7007424, -23.5211802 ] } },
{ "type": "Feature", "properties": { "fid": 6201, "CNPJ": "01282472000147", "IDCIDADE": "SAO_PAULO", "NOMEFANTASIA": "NUMBER_ONE", "RAZAOSOCIAL": "LANCHONETE_NUMBER_ONE_LTDA", "ENDEE": "RUA_PIO_XI230__ALTO_DA_LAPA_05060-000", "LMAPS": "https://www.google.com/maps?q=&layer=c&cbll=-23.5267695,-46.7086848", "O_QUE_FAZER": "CARTEIRA", "ER_REGIAO_CIDADE_min": "Capital Oeste_Lapa" }, "geometry": { "type": "Point", "coordinates": [ -46.7086848, -23.5267695 ] } },
{ "type": "Feature", "properties": { "fid": 6399, "CNPJ": "01329757000196", "IDCIDADE": "SAO_PAULO", "NOMEFANTASIA": "BESTFOOD", "RAZAOSOCIAL": "COMERCIAL_BEST_FOOD_LTDA", "ENDEE": "RUA_ALBION188__LAPA_05077-130", "LMAPS": "https://www.google.com/maps?q=&layer=c&cbll=-23.523523,-46.7063537", "O_QUE_FAZER": "CARTEIRA", "ER_REGIAO_CIDADE_min": "Capital Oeste_Lapa" }, "geometry": { "type": "Point", "coordinates": [ -46.7063537, -23.523523 ] } },
{ "type": "Feature", "properties": { "fid": 6749, "CNPJ": "01394862000109", "IDCIDADE": "SAO PAULO", "NOMEFANTASIA": null, "RAZAOSOCIAL": "MABE_COMERCIO_IMPORTACAO_E_EXPORTACAO_LTDA", "ENDEE": "RUA JOAO PEREIRA, 238, LAPA, 05074-070, SÃO PAULO, SP, BRASIL", "LMAPS": "https://www.google.com/maps?q=&layer=c&cbll=-23.5193458,-46.7064953", "O_QUE_FAZER": "CARTEIRA - FAMPE", "ER_REGIAO_CIDADE_min": "Capital Oeste_Lapa" }, "geometry": { "type": "Point", "coordinates": [ -46.7064953, -23.5193458 ] } },
{ "type": "Feature", "properties": { "fid": 7244, "CNPJ": "01496511000109", "IDCIDADE": "SAO_PAULO", "NOMEFANTASIA": "ALLSIGNS", "RAZAOSOCIAL": "SINALIZACAO_&_ARTE_COMUNICACAO_VISUAL_LTDA", "ENDEE": "RUA_CORIOLANO_1631_VILA_ROMANA_05047-001_SAO_PAULO_BRASIL", "LMAPS": "https://www.google.com/maps?q=&layer=c&cbll=-23.5261921,-46.7014396", "O_QUE_FAZER": "APLICAR T2", "ER_REGIAO_CIDADE_min": "Capital Oeste_Lapa" }, "geometry": { "type": "Point", "coordinates": [ -46.7014396, -23.5261921 ] } },
{ "type": "Feature", "properties": { "fid": 7909, "CNPJ": "01627842000130", "IDCIDADE": "SAO_PAULO", "NOMEFANTASIA": "FOTO_E_OTICA_LAPA", "RAZAOSOCIAL": "ASACEM_FOTO_E_OTICA_LTDA", "ENDEE": "RUA_MARTIM_TENORIO133__LAPA_05074-060", "LMAPS": "https://www.google.com/maps?q=&layer=c&cbll=-23.5204333,-46.70322", "O_QUE_FAZER": "FINALIZADO", "ER_REGIAO_CIDADE_min": "Capital Oeste_Lapa" }, "geometry": { "type": "Point", "coordinates": [ -46.70322, -23.5204333 ] } },
{ "type": "Feature", "properties": { "fid": 7972, "CNPJ": "01645776000121", "IDCIDADE": "SAO PAULO", "NOMEFANTASIA": "Baile_do_Roma_II", "RAZAOSOCIAL": "BAILE_DO_ROMA_II_LTDA", "ENDEE": "RUA AFONSO SARDINHA, 25, ANDAR 02, LAPA, 05076-000, SÃO PAULO, SP, BRASIL", "LMAPS": "https://www.google.com/maps?q=&layer=c&cbll=-23.5222695,-46.7041987", "O_QUE_FAZER": "CARTEIRA - FAMPE", "ER_REGIAO_CIDADE_min": "Capital Oeste_Lapa" }, "geometry": { "type": "Point", "coordinates": [ -46.7041987, -23.5222695 ] } },
{ "type": "Feature", "properties": { "fid": 8017, "CNPJ": "01655896000100", "IDCIDADE": "SAO_PAULO", "NOMEFANTASIA": "CICLO_RONDINA", "RAZAOSOCIAL": "CICLO_RONDINA_&_CIA_LTDA", "ENDEE": "RUA_TONELERO157__VILA_IPOJUCA_05056-000", "LMAPS": "https://www.google.com/maps?q=&layer=c&cbll=-23.5293518,-46.7044197", "O_QUE_FAZER": "CARTEIRA", "ER_REGIAO_CIDADE_min": "Capital Oeste_Lapa" }, "geometry": { "type": "Point", "coordinates": [ -46.7044197, -23.5293518 ] } },
{ "type": "Feature", "properties": { "fid": 8767, "CNPJ": "01807198000182", "IDCIDADE": "SAO PAULO", "NOMEFANTASIA": null, "RAZAOSOCIAL": "CLINICA_INTEGRADA_ODONTOLOGICA_LABORSTETIC_LTDA", "ENDEE": "RUA DRONSFIELD, 263, LAPA, 05074-000, SÃO PAULO, SP, BRASIL", "LMAPS": "https://www.google.com/maps?q=&layer=c&cbll=-23.5189215,-46.7051909", "O_QUE_FAZER": "CARTEIRA - FAMPE", "ER_REGIAO_CIDADE_min": "Capital Oeste_Lapa" }, "geometry": { "type": "Point", "coordinates": [ -46.7051909, -23.5189215 ] } },
{ "type": "Feature", "properties": { "fid": 9240, "CNPJ": "01891679000119", "IDCIDADE": "SAO_PAULO", "NOMEFANTASIA": "FV_EMBALAGENS", "RAZAOSOCIAL": "FRUTOS_VERDES_E_MADUROS_LTDA", "ENDEE": "RUA_HERBART47__LAPA_05072-030", "LMAPS": "https://www.google.com/maps?q=&layer=c&cbll=-23.5194586,-46.7015838", "O_QUE_FAZER": "CARTEIRA", "ER_REGIAO_CIDADE_min": "Capital Oeste_Lapa" }, "geometry": { "type": "Point", "coordinates": [ -46.7015838, -23.5194586 ] } },
{ "type": "Feature", "properties": { "fid": 9315, "CNPJ": "01906033000168", "IDCIDADE": "SAO_PAULO", "NOMEFANTASIA": "REDE_COPIA", "RAZAOSOCIAL": "AVELAR_COMERCIO_E_SERVICOS_DE_COPIAS_LTDA", "ENDEE": "RUA_CERRO_CORA2104__VILA_ROMANA_05061-000", "LMAPS": "https://www.google.com/maps?q=&layer=c&cbll=-23.5353217,-46.7150217", "O_QUE_FAZER": "APLICAR T2", "ER_REGIAO_CIDADE_min": "Capital Oeste_Lapa" }, "geometry": { "type": "Point", "coordinates": [ -46.7150217, -23.5353217 ] } },
{ "type": "Feature", "properties": { "fid": 9451, "CNPJ": "01942160000112", "IDCIDADE": "SAO_PAULO", "NOMEFANTASIA": "BAR_E_LANCHES_TSUI", "RAZAOSOCIAL": "BAR_E_LANCHES_TSUI_LTDA", "ENDEE": "RUA_BARAO_DE_JUNDIAI350__LAPA_05073-010", "LMAPS": "https://www.google.com/maps?q=&layer=c&cbll=-23.5249867,-46.7081867", "O_QUE_FAZER": "CARTEIRA", "ER_REGIAO_CIDADE_min": "Capital Oeste_Lapa" }, "geometry": { "type": "Point", "coordinates": [ -46.7081867, -23.5249867 ] } },
{ "type": "Feature", "properties": { "fid": 9753, "CNPJ": "02014613000103", "IDCIDADE": "SAO_PAULO", "NOMEFANTASIA": "BAR_E_LANCHES_VIVALDA", "RAZAOSOCIAL": "BAR_E_LANCHES_VIVALDA_LIMITADA", "ENDEE": "RUA_CLEMENTE_ALVARES367__LAPA_05074-050", "LMAPS": "https://www.google.com/maps?q=&layer=c&cbll=-23.5198209,-46.7061216", "O_QUE_FAZER": "CARTEIRA", "ER_REGIAO_CIDADE_min": "Capital Oeste_Lapa" }, "geometry": { "type": "Point", "coordinates": [ -46.7061216, -23.5198209 ] } },
{ "type": "Feature", "properties": { "fid": 10593, "CNPJ": "02171089000184", "IDCIDADE": "SAO_PAULO", "NOMEFANTASIA": "MASSEI_&_ROSSI_COMERCIAL_DE_ALIMENTOS ", "RAZAOSOCIAL": "MASSEI_&_ROSSI_COMERCIAL_DE_ALIMENTOS_LTDA", "ENDEE": "RUA_MONTEIRO_DE_MELO654__LAPA_05050-000", "LMAPS": "https://www.google.com/maps?q=&layer=c&cbll=-23.5272116,-46.7035144", "O_QUE_FAZER": "CARTEIRA", "ER_REGIAO_CIDADE_min": "Capital Oeste_Lapa" }, "geometry": { "type": "Point", "coordinates": [ -46.7035144, -23.5272116 ] } },
{ "type": "Feature", "properties": { "fid": 11125, "CNPJ": "02264751000140", "IDCIDADE": "SAO_PAULO", "NOMEFANTASIA": "STAND_MOTOS", "RAZAOSOCIAL": "STAND_MOTOS_COMERCIAL_LTDA", "ENDEE": "RUA_CLELIA2077__LAPA_05042-000", "LMAPS": "https://www.google.com/maps?q=&layer=c&cbll=-23.5250483,-46.7032517", "O_QUE_FAZER": "FINALIZADO", "ER_REGIAO_CIDADE_min": "Capital Oeste_Lapa" }, "geometry": { "type": "Point", "coordinates": [ -46.7032517, -23.5250483 ] } },
{ "type": "Feature", "properties": { "fid": 11184, "CNPJ": "02279596000136", "IDCIDADE": "SÃO PAULO", "NOMEFANTASIA": "QG DA LAPA", "RAZAOSOCIAL": "Q. G. DA LAPA BAR E PESTISCOS LTDA", "ENDEE": "PRAÇA SÃO CRISPIM, 141, LAPA, 05050-080, SÃO PAULO, SP, BRASIL", "LMAPS": "https://www.google.com/maps?q=&layer=c&cbll=-23.5284972,-46.7057638", "O_QUE_FAZER": "APLICAR T2", "ER_REGIAO_CIDADE_min": "Capital Oeste_Lapa" }, "geometry": { "type": "Point", "coordinates": [ -46.7057638, -23.5284972 ] } },
{ "type": "Feature", "properties": { "fid": 11366, "CNPJ": "02318832000186", "IDCIDADE": "SAO_PAULO", "NOMEFANTASIA": "CIA_NACIONAL_DE_UTILIDADES", "RAZAOSOCIAL": "MARCELO_ALTARUGIO", "ENDEE": "RUA_ALBION32__LAPA_05077-130", "LMAPS": "https://www.google.com/maps?q=&layer=c&cbll=-23.5232581,-46.7048679", "O_QUE_FAZER": "APLICAR T4", "ER_REGIAO_CIDADE_min": "Capital Oeste_Lapa" }, "geometry": { "type": "Point", "coordinates": [ -46.7048679, -23.5232581 ] } },
{ "type": "Feature", "properties": { "fid": 11688, "CNPJ": "02388567000102", "IDCIDADE": "SAO_PAULO", "NOMEFANTASIA": "ARMAZEM_DEMINAS_MOVEIS_RUSTICOS", "RAZAOSOCIAL": "ARMAZEM_DE_MINAS_MOVEIS_RUSTICOS_E_OBJETOS_DE_DECORACAO_LTDA", "ENDEE": "RUA_CORIOLANO1736__VILA_ROMANA_05047-000", "LMAPS": "https://www.google.com/maps?q=&layer=c&cbll=-23.5257053,-46.7024808", "O_QUE_FAZER": "FINALIZADO", "ER_REGIAO_CIDADE_min": "Capital Oeste_Lapa" }, "geometry": { "type": "Point", "coordinates": [ -46.7024808, -23.5257053 ] } },
{ "type": "Feature", "properties": { "fid": 11797, "CNPJ": "02409048000183", "IDCIDADE": "SAO_PAULO", "NOMEFANTASIA": "FIOTEX", "RAZAOSOCIAL": "FIOTEX_COMERCIO_DE_MATERIAIS_ELETRICOS_LTDA", "ENDEE": "RUA_FRANCISCO_ALVES120__VILA_ROMANA_05051-040", "LMAPS": "https://www.google.com/maps?q=&layer=c&cbll=-23.5269354,-46.7022422", "O_QUE_FAZER": "FINALIZADO", "ER_REGIAO_CIDADE_min": "Capital Oeste_Lapa" }, "geometry": { "type": "Point", "coordinates": [ -46.7022422, -23.5269354 ] } },
{ "type": "Feature", "properties": { "fid": 11984, "CNPJ": "02441406000135", "IDCIDADE": "SAO_PAULO", "NOMEFANTASIA": "HIDROROMA", "RAZAOSOCIAL": "HIDROROMA_MATERIAIS_PARA_CONSTRUCAO_LTDA", "ENDEE": "RUA_TRAJANO244__LAPA_05050-110", "LMAPS": "https://www.google.com/maps?q=&layer=c&cbll=-23.5226685,-46.7019571", "O_QUE_FAZER": "APLICAR T2", "ER_REGIAO_CIDADE_min": "Capital Oeste_Lapa" }, "geometry": { "type": "Point", "coordinates": [ -46.7019571, -23.5226685 ] } },
{ "type": "Feature", "properties": { "fid": 12675, "CNPJ": "02583974000170", "IDCIDADE": "SAO_PAULO", "NOMEFANTASIA": "CANAL_TELECOM_LAPA", "RAZAOSOCIAL": "CANAL_TELECOMUNICACOES_COMERCIO_E_SERVICOS_LTDA", "ENDEE": "RUA_NOSSA_SENHORA_DA_LAPA701__LAPA_05072-000", "LMAPS": "https://www.google.com/maps?q=&layer=c&cbll=-23.5250649,-46.7060376", "O_QUE_FAZER": "FINALIZADO", "ER_REGIAO_CIDADE_min": "Capital Oeste_Lapa" }, "geometry": { "type": "Point", "coordinates": [ -46.7060376, -23.5250649 ] } },
{ "type": "Feature", "properties": { "fid": 13175, "CNPJ": "02670568000498", "IDCIDADE": "SAO_PAULO", "NOMEFANTASIA": "BOTECO_SANTA_MONICA", "RAZAOSOCIAL": "COMERCIAL_A_N_F_LTDA", "ENDEE": "RUA_PIO_XI71__ALTO_DA_LAPA_05060-000", "LMAPS": "https://www.google.com/maps?q=&layer=c&cbll=-23.5261067,-46.7072433", "O_QUE_FAZER": "CARTEIRA", "ER_REGIAO_CIDADE_min": "Capital Oeste_Lapa" }, "geometry": { "type": "Point", "coordinates": [ -46.7072433, -23.5261067 ] } },
{ "type": "Feature", "properties": { "fid": 14147, "CNPJ": "02843230000148", "IDCIDADE": "SAO_PAULO", "NOMEFANTASIA": "SHOPPING_HOUSE_IMOVEIS", "RAZAOSOCIAL": "SHOPPING_HOUSE_IMOVEIS_LTDA", "ENDEE": "RUA_PIO_XI186__ALTO_DA_LAPA_05060-000", "LMAPS": "https://www.google.com/maps?q=&layer=c&cbll=-23.5265233,-46.7085033", "O_QUE_FAZER": "CARTEIRA", "ER_REGIAO_CIDADE_min": "Capital Oeste_Lapa" }, "geometry": { "type": "Point", "coordinates": [ -46.7085033, -23.5265233 ] } },
{ "type": "Feature", "properties": { "fid": 14370, "CNPJ": "02879020000100", "IDCIDADE": "SAO_PAULO", "NOMEFANTASIA": "LE_BLANC", "RAZAOSOCIAL": "LE_BLANC-A_MODA_EM_BRANCO-LTDA", "ENDEE": "RUA_CATAO72__VILA_ROMANA_05049-000", "LMAPS": "https://www.google.com/maps?q=&layer=c&cbll=-23.5212005,-46.7006444", "O_QUE_FAZER": "CARTEIRA", "ER_REGIAO_CIDADE_min": "Capital Oeste_Lapa" }, "geometry": { "type": "Point", "coordinates": [ -46.7006444, -23.5212005 ] } },
{ "type": "Feature", "properties": { "fid": 14426, "CNPJ": "02889531000102", "IDCIDADE": "SAO_PAULO", "NOMEFANTASIA": "OTICA_ARPHY", "RAZAOSOCIAL": "OPTICA_ARPHY_LTDA", "ENDEE": "RUA_FAUSTOLO1378__LAPA_05041-000", "LMAPS": "https://www.google.com/maps?q=&layer=c&cbll=-23.524375,-46.6989567", "O_QUE_FAZER": "CARTEIRA", "ER_REGIAO_CIDADE_min": "Capital Oeste_Lapa" }, "geometry": { "type": "Point", "coordinates": [ -46.6989567, -23.524375 ] } },
{ "type": "Feature", "properties": { "fid": 14509, "CNPJ": "02901931000196", "IDCIDADE": "SAO_PAULO", "NOMEFANTASIA": "LUSON", "RAZAOSOCIAL": "FULVIO_JOSE_CARRATO_JOIAS", "ENDEE": "RUA_CATAO72__VILA_ROMANA_05049-000", "LMAPS": "https://www.google.com/maps?q=&layer=c&cbll=-23.5214577,-46.7006113", "O_QUE_FAZER": "FINALIZADO", "ER_REGIAO_CIDADE_min": "Capital Oeste_Lapa" }, "geometry": { "type": "Point", "coordinates": [ -46.7006113, -23.5214577 ] } },
{ "type": "Feature", "properties": { "fid": 14623, "CNPJ": "02918982000120", "IDCIDADE": "SAO_PAULO", "NOMEFANTASIA": "TOP_HOUSE__MOVEIS_E_DECORACOES_LTDA", "RAZAOSOCIAL": "TOP_HOUVE", "ENDEE": "RUA_MONTEIRO_DE_MELO236__LAPA_05050-000", "LMAPS": "https://www.google.com/maps?q=&layer=c&cbll=-23.5235537,-46.7031778", "O_QUE_FAZER": "FINALIZADO", "ER_REGIAO_CIDADE_min": "Capital Oeste_Lapa" }, "geometry": { "type": "Point", "coordinates": [ -46.7031778, -23.5235537 ] } },
{ "type": "Feature", "properties": { "fid": 14842, "CNPJ": "02954207000120", "IDCIDADE": "SAO_PAULO", "NOMEFANTASIA": "BENZOLIMP", "RAZAOSOCIAL": "BENZOL_COMERCIO_DE_MATERIAIS_ESPECIAIS_PARA_LIMPEZA_LTDA", "ENDEE": "RUA_FAUSTOLO1760__LAPA_05041-000", "LMAPS": "https://www.google.com/maps?q=&layer=c&cbll=-23.5236579,-46.7025781", "O_QUE_FAZER": "CARTEIRA", "ER_REGIAO_CIDADE_min": "Capital Oeste_Lapa" }, "geometry": { "type": "Point", "coordinates": [ -46.7025781, -23.5236579 ] } },
{ "type": "Feature", "properties": { "fid": 15117, "CNPJ": "02998575000170", "IDCIDADE": "SAO PAULO", "NOMEFANTASIA": null, "RAZAOSOCIAL": "GALPAO_SEVEN_SERVICOS_E_COMERCIO_AUTOMOTIVOS_LTDA", "ENDEE": "RUA TONELERO, 47, VILA IPOJUCA, 05056-000, SÃO PAULO, SP, BRASIL", "LMAPS": "https://www.google.com/maps?q=&layer=c&cbll=-23.5285392,-46.7038423", "O_QUE_FAZER": "CARTEIRA - FAMPE", "ER_REGIAO_CIDADE_min": "Capital Oeste_Lapa" }, "geometry": { "type": "Point", "coordinates": [ -46.7038423, -23.5285392 ] } },
{ "type": "Feature", "properties": { "fid": 15303, "CNPJ": "03031180000167", "IDCIDADE": "SAO_PAULO", "NOMEFANTASIA": "NOLILA_LINGERIE", "RAZAOSOCIAL": "NOLILA_MODA_INTIMA_LTDA", "ENDEE": "RUA_DOUTOR_CINCINATO_POMPONET103__LAPA_05072-020", "LMAPS": "https://www.google.com/maps?q=&layer=c&cbll=-23.519854,-46.7025559", "O_QUE_FAZER": "CARTEIRA", "ER_REGIAO_CIDADE_min": "Capital Oeste_Lapa" }, "geometry": { "type": "Point", "coordinates": [ -46.7025559, -23.519854 ] } },
{ "type": "Feature", "properties": { "fid": 15529, "CNPJ": "03064157000179", "IDCIDADE": "SAO_PAULO", "NOMEFANTASIA": "PASTELARIA_E_ROTISSERIA_BRASILEIRINHA", "RAZAOSOCIAL": "PASTELARIA_E_ROTISSERIA_BRASILEIRINHA_LTDA", "ENDEE": "RUA_CLEMENTE_ALVARES461__LAPA_05074-050", "LMAPS": "https://www.google.com/maps?q=&layer=c&cbll=-23.5195517,-46.7068317", "O_QUE_FAZER": "CARTEIRA", "ER_REGIAO_CIDADE_min": "Capital Oeste_Lapa" }, "geometry": { "type": "Point", "coordinates": [ -46.7068317, -23.5195517 ] } },
{ "type": "Feature", "properties": { "fid": 15561, "CNPJ": "03068430000133", "IDCIDADE": "SAO_PAULO", "NOMEFANTASIA": "ORBITAL_SISTEMAS", "RAZAOSOCIAL": "ORBITAL_SISTEMAS_LTDA", "ENDEE": "RUA_ALBION519__LAPA_05077-130", "LMAPS": "https://www.google.com/maps?q=&layer=c&cbll=-23.5238075,-46.7097538", "O_QUE_FAZER": "CARTEIRA", "ER_REGIAO_CIDADE_min": "Capital Oeste_Lapa" }, "geometry": { "type": "Point", "coordinates": [ -46.7097538, -23.5238075 ] } },
{ "type": "Feature", "properties": { "fid": 15569, "CNPJ": "03069361000182", "IDCIDADE": "SAO PAULO", "NOMEFANTASIA": "ECKOMOBILE", "RAZAOSOCIAL": "ROBERTO_EIJI_KOHIGASHI_MOVEIS_LTDA", "ENDEE": "RUA CLÉLIA, 706, ÁGUA BRANCA, 05042-000, SÃO PAULO, SP, BRASIL", "LMAPS": "https://www.google.com/maps?q=&layer=c&cbll=-23.5248408,-46.6893321", "O_QUE_FAZER": "FINALIZADO", "ER_REGIAO_CIDADE_min": "Capital Oeste_Lapa" }, "geometry": { "type": "Point", "coordinates": [ -46.6893321, -23.5248408 ] } },
{ "type": "Feature", "properties": { "fid": 15978, "CNPJ": "03137190000181", "IDCIDADE": "SAO_PAULO", "NOMEFANTASIA": "EMPORIO_TOULON", "RAZAOSOCIAL": "TOULON_EMPORIO_LTDA", "ENDEE": "RUA_HERBART47__LAPA_05072-030", "LMAPS": "https://www.google.com/maps?q=&layer=c&cbll=-23.5190766,-46.7017581", "O_QUE_FAZER": "CARTEIRA", "ER_REGIAO_CIDADE_min": "Capital Oeste_Lapa" }, "geometry": { "type": "Point", "coordinates": [ -46.7017581, -23.5190766 ] } },
{ "type": "Feature", "properties": { "fid": 16347, "CNPJ": "03206186000128", "IDCIDADE": "SAO_PAULO", "NOMEFANTASIA": "BAR_ELANCHES_MACIALVES", "RAZAOSOCIAL": "BAR_E_LANCHES_MACIALVES_LTDA", "ENDEE": "RUA_CATAO108__VILA_ROMANA_05049-000", "LMAPS": "https://www.google.com/maps?q=&layer=c&cbll=-23.5215949,-46.7003652", "O_QUE_FAZER": "CARTEIRA", "ER_REGIAO_CIDADE_min": "Capital Oeste_Lapa" }, "geometry": { "type": "Point", "coordinates": [ -46.7003652, -23.5215949 ] } },
{ "type": "Feature", "properties": { "fid": 16457, "CNPJ": "03224087000179", "IDCIDADE": "SAO_PAULO", "NOMEFANTASIA": "COMERCIAL_BRUNASSE", "RAZAOSOCIAL": "COMERCIAL_BRUNASSE_LTDA", "ENDEE": "RUA_HERBART47__LAPA_05072-030", "LMAPS": "https://www.google.com/maps?q=&layer=c&cbll=-23.5195795,-46.7014867", "O_QUE_FAZER": "CARTEIRA", "ER_REGIAO_CIDADE_min": "Capital Oeste_Lapa" }, "geometry": { "type": "Point", "coordinates": [ -46.7014867, -23.5195795 ] } },
{ "type": "Feature", "properties": { "fid": 16498, "CNPJ": "03230970000171", "IDCIDADE": "SAO_PAULO", "NOMEFANTASIA": "REI_DOS_MIUDOS", "RAZAOSOCIAL": "LAPA_CASA_DE_MUIDOS_E_VICERAS_LTDA", "ENDEE": "RUA_HERBART47__LAPA_05072-030", "LMAPS": "https://www.google.com/maps?q=&layer=c&cbll=-23.519397,-46.7020079", "O_QUE_FAZER": "APLICAR T2", "ER_REGIAO_CIDADE_min": "Capital Oeste_Lapa" }, "geometry": { "type": "Point", "coordinates": [ -46.7020079, -23.519397 ] } },
{ "type": "Feature", "properties": { "fid": 16577, "CNPJ": "03241335000190", "IDCIDADE": "SAO PAULO", "NOMEFANTASIA": null, "RAZAOSOCIAL": "M._A._CONTASS_SERVICOS_DE_ANALISE_DE_FICHAS_CADASTRAIS_LTDA", "ENDEE": "RUA CATAO, 804, APT 201, VILA ROMANA, 05049-000, SÃO PAULO, SP, BRASIL", "LMAPS": "https://www.google.com/maps?q=&layer=c&cbll=-23.5278334,-46.7008492", "O_QUE_FAZER": "CARTEIRA - FAMPE", "ER_REGIAO_CIDADE_min": "Capital Oeste_Lapa" }, "geometry": { "type": "Point", "coordinates": [ -46.7008492, -23.5278334 ] } },
{ "type": "Feature", "properties": { "fid": 16785, "CNPJ": "03276651000105", "IDCIDADE": "SAO_PAULO", "NOMEFANTASIA": "EMPORIO_E_MERCEARIA_PAULISTA", "RAZAOSOCIAL": "COMERCIAL_CROARO'S_LTDA", "ENDEE": "RUA_HERBART47__LAPA_05072-030", "LMAPS": "https://www.google.com/maps?q=&layer=c&cbll=-23.5197037,-46.7016305", "O_QUE_FAZER": "CARTEIRA", "ER_REGIAO_CIDADE_min": "Capital Oeste_Lapa" }, "geometry": { "type": "Point", "coordinates": [ -46.7016305, -23.5197037 ] } },
{ "type": "Feature", "properties": { "fid": 18025, "CNPJ": "03468849000182", "IDCIDADE": "SAO_PAULO", "NOMEFANTASIA": "CENTER_CHACON", "RAZAOSOCIAL": "CENTER_CHACON_COMERCIO_DE_FERRAGENS_E_FERRAMENTAS_LTDA.", "ENDEE": "RUA_CLELIA2158__AGUA_BRANCA_05042-001", "LMAPS": "https://www.google.com/maps?q=&layer=c&cbll=-23.5244883,-46.7035516", "O_QUE_FAZER": "CARTEIRA", "ER_REGIAO_CIDADE_min": "Capital Oeste_Lapa" }, "geometry": { "type": "Point", "coordinates": [ -46.7035516, -23.5244883 ] } },
{ "type": "Feature", "properties": { "fid": 18162, "CNPJ": "03489750000167", "IDCIDADE": "SAO_PAULO", "NOMEFANTASIA": "BAR_RESTAURANTE_CASA_DO_NORTE_PARADINHA", "RAZAOSOCIAL": "JOSE_DO_CARMO_RODRIGUES_LUNA", "ENDEE": "RUA_MARACANA_18_VILA_IPOJUCA_05054-040_SAO_PAULO_BRASIL", "LMAPS": "https://www.google.com/maps?q=&layer=c&cbll=-23.5366847,-46.7060571", "O_QUE_FAZER": "APLICAR T2", "ER_REGIAO_CIDADE_min": "Capital Oeste_Lapa" }, "geometry": { "type": "Point", "coordinates": [ -46.7060571, -23.5366847 ] } },
{ "type": "Feature", "properties": { "fid": 18249, "CNPJ": "03504450000100", "IDCIDADE": "SAO_PAULO", "NOMEFANTASIA": "CLINICANIS", "RAZAOSOCIAL": "CLINICANIS_BEM-ESTAR_ANIMAL_LTDA", "ENDEE": "RUA_PIO_XI143__ALTO_DA_LAPA_05060-000", "LMAPS": "https://www.google.com/maps?q=&layer=c&cbll=-23.526527,-46.7078501", "O_QUE_FAZER": "FINALIZADO", "ER_REGIAO_CIDADE_min": "Capital Oeste_Lapa" }, "geometry": { "type": "Point", "coordinates": [ -46.7078501, -23.526527 ] } },
{ "type": "Feature", "properties": { "fid": 18930, "CNPJ": "03619030000179", "IDCIDADE": "SAO_PAULO", "NOMEFANTASIA": "LANCHONETE_BELLA_ALNION", "RAZAOSOCIAL": "LANCHONETE_BELLA_ALBION_LTDA", "ENDEE": "RUA_ALBION171__LAPA_05077-130", "LMAPS": "https://www.google.com/maps?q=&layer=c&cbll=-23.5235401,-46.7062508", "O_QUE_FAZER": "CARTEIRA", "ER_REGIAO_CIDADE_min": "Capital Oeste_Lapa" }, "geometry": { "type": "Point", "coordinates": [ -46.7062508, -23.5235401 ] } },
{ "type": "Feature", "properties": { "fid": 19042, "CNPJ": "03638089000104", "IDCIDADE": "SAO PAULO", "NOMEFANTASIA": "C.F.C._UNITRAN", "RAZAOSOCIAL": "CENTRO_DE_FORMACAO_DE_CONDUTORES_UNITRAN_LTDA", "ENDEE": "GEORGE SMITH, 224, LAPA, SÃO PAULO_05074-010", "LMAPS": "https://www.google.com/maps?q=&layer=c&cbll=-23.5196814,-46.7052768", "O_QUE_FAZER": "FINALIZADO", "ER_REGIAO_CIDADE_min": "Capital Oeste_Lapa" }, "geometry": { "type": "Point", "coordinates": [ -46.7052768, -23.5196814 ] } },
{ "type": "Feature", "properties": { "fid": 20250, "CNPJ": "03838628000159", "IDCIDADE": "SAO_PAULO", "NOMEFANTASIA": "CLAUMAR_DECOR", "RAZAOSOCIAL": "CLAUMAR_DECORACOES_LTDA", "ENDEE": "PRACA_CORONEL_CIPRINIANO_DE_MORAIS240__VILA_ARGENTINA_05057-110", "LMAPS": "https://www.google.com/maps?q=&layer=c&cbll=-23.5370157,-46.7077035", "O_QUE_FAZER": "CARTEIRA", "ER_REGIAO_CIDADE_min": "Capital Oeste_Lapa" }, "geometry": { "type": "Point", "coordinates": [ -46.7077035, -23.5370157 ] } },
{ "type": "Feature", "properties": { "fid": 20280, "CNPJ": "03843304000109", "IDCIDADE": "SAO_PAULO", "NOMEFANTASIA": "ECOGAS", "RAZAOSOCIAL": "ECOGAS_COMERCIO_E_SERVICOS_LTDA", "ENDEE": "RUA_AURELIA1279__VILA_ROMANA_05046-000", "LMAPS": "https://www.google.com/maps?q=&layer=c&cbll=-23.5332951,-46.6980623", "O_QUE_FAZER": "CARTEIRA", "ER_REGIAO_CIDADE_min": "Capital Oeste_Lapa" }, "geometry": { "type": "Point", "coordinates": [ -46.6980623, -23.5332951 ] } },
{ "type": "Feature", "properties": { "fid": 20284, "CNPJ": "03843602000107", "IDCIDADE": "SAO_PAULO", "NOMEFANTASIA": "SS_AZULEJOS", "RAZAOSOCIAL": "SANTANA_&_SILVA_PISOS_E_AZULEIJOS_FORA_DE_LINHA_LTDA", "ENDEE": "RUA_BRIGADEIRO_GAVIAO_PEIXOTO1419__LAPA_05078-000", "LMAPS": "https://www.google.com/maps?q=&layer=c&cbll=-23.5217371,-46.7218671", "O_QUE_FAZER": "CARTEIRA", "ER_REGIAO_CIDADE_min": "Capital Oeste_Lapa" }, "geometry": { "type": "Point", "coordinates": [ -46.7218671, -23.5217371 ] } },
{ "type": "Feature", "properties": { "fid": 20788, "CNPJ": "03931506000102", "IDCIDADE": "SAO_PAULO", "NOMEFANTASIA": "LANCHES_ESTRELA_DA_ROMA", "RAZAOSOCIAL": "LANCHONETE_ESTRELA_DE_ROMA_LTDA", "ENDEE": "RUA_CATAO203__VILA_ROMANA_05049-000", "LMAPS": "https://www.google.com/maps?q=&layer=c&cbll=-23.5227002,-46.7003272", "O_QUE_FAZER": "CARTEIRA", "ER_REGIAO_CIDADE_min": "Capital Oeste_Lapa" }, "geometry": { "type": "Point", "coordinates": [ -46.7003272, -23.5227002 ] } },
{ "type": "Feature", "properties": { "fid": 21015, "CNPJ": "03973420000142", "IDCIDADE": "SAO_PAULO", "NOMEFANTASIA": "CASA_BRITO_CONFECCOES", "RAZAOSOCIAL": "CASALINO_COMERCIO_DE_CONFECCOES_LTDA", "ENDEE": "RUA_DOUTOR_CINCINATO_POMPONET129__LAPA_05072-020", "LMAPS": "https://www.google.com/maps?q=&layer=c&cbll=-23.5193395,-46.7025421", "O_QUE_FAZER": "CARTEIRA", "ER_REGIAO_CIDADE_min": "Capital Oeste_Lapa" }, "geometry": { "type": "Point", "coordinates": [ -46.7025421, -23.5193395 ] } },
{ "type": "Feature", "properties": { "fid": 21098, "CNPJ": "03982465000183", "IDCIDADE": "SAO_PAULO", "NOMEFANTASIA": "ADRI_PAES_E_CIA", "RAZAOSOCIAL": "ADRIANA_PAES_E_CIA_LTDA", "ENDEE": "RUA_HERBART47__LAPA_05072-030", "LMAPS": "https://www.google.com/maps?q=&layer=c&cbll=-23.517475,-46.7042917", "O_QUE_FAZER": "CARTEIRA", "ER_REGIAO_CIDADE_min": "Capital Oeste_Lapa" }, "geometry": { "type": "Point", "coordinates": [ -46.7042917, -23.517475 ] } },
{ "type": "Feature", "properties": { "fid": 21135, "CNPJ": "03988644000128", "IDCIDADE": "SAO_PAULO", "NOMEFANTASIA": "SERVICE_C3", "RAZAOSOCIAL": "AUTOMOTIVE_SERVICE_C3_LTDA", "ENDEE": "RUA_TONELERO493__VILA_IPOJUCA_05056-000", "LMAPS": "https://www.google.com/maps?q=&layer=c&cbll=-23.5323957,-46.7045053", "O_QUE_FAZER": "CARTEIRA", "ER_REGIAO_CIDADE_min": "Capital Oeste_Lapa" }, "geometry": { "type": "Point", "coordinates": [ -46.7045053, -23.5323957 ] } },
{ "type": "Feature", "properties": { "fid": 21309, "CNPJ": "04009747000161", "IDCIDADE": "SAO_PAULO", "NOMEFANTASIA": "SUN_PESCADOS", "RAZAOSOCIAL": "SUN_-_COMERCIO_DE_PESCADOS_LTDA", "ENDEE": "RUA_HERBART47__LAPA_05072-030", "LMAPS": "https://www.google.com/maps?q=&layer=c&cbll=-23.51901,-46.7020467", "O_QUE_FAZER": "APLICAR T2", "ER_REGIAO_CIDADE_min": "Capital Oeste_Lapa" }, "geometry": { "type": "Point", "coordinates": [ -46.7020467, -23.51901 ] } },
{ "type": "Feature", "properties": { "fid": 21579, "CNPJ": "04049955000194", "IDCIDADE": "SAO_PAULO", "NOMEFANTASIA": "WEST_SOUND", "RAZAOSOCIAL": "WEST_SOUND_COMERCIO_E_INSTALACAO_DE_ACESSORIOS_LTDA", "ENDEE": "RUA_CLELIA1118__AGUA_BRANCA_05042-000", "LMAPS": "https://www.google.com/maps?q=&layer=c&cbll=-23.5249176,-46.6933786", "O_QUE_FAZER": "FINALIZADO", "ER_REGIAO_CIDADE_min": "Capital Oeste_Lapa" }, "geometry": { "type": "Point", "coordinates": [ -46.6933786, -23.5249176 ] } },
{ "type": "Feature", "properties": { "fid": 21708, "CNPJ": "04066409000161", "IDCIDADE": "SAO_PAULO", "NOMEFANTASIA": "DAFANDA_MODAS", "RAZAOSOCIAL": "LAC_ROUPAS_E_ACESSORIOS_LTDA", "ENDEE": "RUA_CATAO72__VILA_ROMANA_05049-000", "LMAPS": "https://www.google.com/maps?q=&layer=c&cbll=-23.5220033,-46.7007883", "O_QUE_FAZER": "CARTEIRA", "ER_REGIAO_CIDADE_min": "Capital Oeste_Lapa" }, "geometry": { "type": "Point", "coordinates": [ -46.7007883, -23.5220033 ] } },
{ "type": "Feature", "properties": { "fid": 22040, "CNPJ": "04109751000100", "IDCIDADE": "SAO_PAULO", "NOMEFANTASIA": "PET_MASTER", "RAZAOSOCIAL": "ANGELI_GISLAINE_RIBEIRO", "ENDEE": "RUA_PIO_XI749__ALTO_DE_PINHEIROS_05060-000", "LMAPS": "https://www.google.com/maps?q=&layer=c&cbll=-23.530425,-46.7116167", "O_QUE_FAZER": "CARTEIRA", "ER_REGIAO_CIDADE_min": "Capital Oeste_Lapa" }, "geometry": { "type": "Point", "coordinates": [ -46.7116167, -23.530425 ] } },
{ "type": "Feature", "properties": { "fid": 22552, "CNPJ": "04181544000158", "IDCIDADE": "SAO_PAULO", "NOMEFANTASIA": "PET_SHOP_AMIGO", "RAZAOSOCIAL": "PET_SHOP_AMIGO_LTDA", "ENDEE": "RUA_CERRO_CORA2042__VILA_ROMANA_05061-400", "LMAPS": "https://www.google.com/maps?q=&layer=c&cbll=-23.5351367,-46.7145683", "O_QUE_FAZER": "CARTEIRA", "ER_REGIAO_CIDADE_min": "Capital Oeste_Lapa" }, "geometry": { "type": "Point", "coordinates": [ -46.7145683, -23.5351367 ] } },
{ "type": "Feature", "properties": { "fid": 22560, "CNPJ": "04182230000170", "IDCIDADE": "SAO_PAULO", "NOMEFANTASIA": "AITHENTIC_FEET", "RAZAOSOCIAL": "BABY_AND_KIDS_MODA_INFANTIL_LTDA", "ENDEE": "RUA_DOZE_DE_OUTUBRO419__LAPA_05073-001", "LMAPS": "https://www.google.com/maps?q=&layer=c&cbll=-23.5216967,-46.7048067", "O_QUE_FAZER": "CARTEIRA", "ER_REGIAO_CIDADE_min": "Capital Oeste_Lapa" }, "geometry": { "type": "Point", "coordinates": [ -46.7048067, -23.5216967 ] } },
{ "type": "Feature", "properties": { "fid": 22603, "CNPJ": "04189554000130", "IDCIDADE": "SAO_PAULO", "NOMEFANTASIA": "TOY_COMPANY", "RAZAOSOCIAL": "HELP_GAMES_COMERCIO_DE_ELETRONICOS_E_SERVICOS_LTDA", "ENDEE": "RUA_AFONSO_SARDINHA389__LAPA_05076-000", "LMAPS": "https://www.google.com/maps?q=&layer=c&cbll=-23.522495,-46.7078017", "O_QUE_FAZER": "CARTEIRA", "ER_REGIAO_CIDADE_min": "Capital Oeste_Lapa" }, "geometry": { "type": "Point", "coordinates": [ -46.7078017, -23.522495 ] } },
{ "type": "Feature", "properties": { "fid": 22741, "CNPJ": "04210677000105", "IDCIDADE": "SAO_PAULO", "NOMEFANTASIA": "LOJA_DO_PROFISSIONAL", "RAZAOSOCIAL": "LOJA_DO_PROFISSIONAL.COM_LTDA", "ENDEE": "RUA_GUAICURUS93__AGUA_BRANCA_05033-000", "LMAPS": "https://www.google.com/maps?q=&layer=c&cbll=-23.5234111,-46.6866912", "O_QUE_FAZER": "FINALIZADO", "ER_REGIAO_CIDADE_min": "Capital Oeste_Lapa" }, "geometry": { "type": "Point", "coordinates": [ -46.6866912, -23.5234111 ] } },
{ "type": "Feature", "properties": { "fid": 22854, "CNPJ": "04231950000269", "IDCIDADE": "SAO_PAULO", "NOMEFANTASIA": "SAO_CRISTOVAO_LAVANDERIA", "RAZAOSOCIAL": "SAO_CRISTOVAO_LAVANDERIA_LTDA", "ENDEE": "RUA_TITO678__VILA_ROMANA_05051-000", "LMAPS": "https://www.google.com/maps?q=&layer=c&cbll=-23.5269887,-46.6951351", "O_QUE_FAZER": "CARTEIRA", "ER_REGIAO_CIDADE_min": "Capital Oeste_Lapa" }, "geometry": { "type": "Point", "coordinates": [ -46.6951351, -23.5269887 ] } },
{ "type": "Feature", "properties": { "fid": 23526, "CNPJ": "04341981000191", "IDCIDADE": "SAO_PAULO", "NOMEFANTASIA": "VIA_LOG_CONECTA", "RAZAOSOCIAL": "VIA_LOG_LOGISTICA_E_TRANSPORTES_LTDA", "ENDEE": "RUA_AURELIA1032__VILA_ROMANA_05046-000", "LMAPS": "https://www.google.com/maps?q=&layer=c&cbll=-23.5310418,-46.698143", "O_QUE_FAZER": "FINALIZADO", "ER_REGIAO_CIDADE_min": "Capital Oeste_Lapa" }, "geometry": { "type": "Point", "coordinates": [ -46.698143, -23.5310418 ] } },
{ "type": "Feature", "properties": { "fid": 23599, "CNPJ": "04353341000100", "IDCIDADE": "SAO_PAULO", "NOMEFANTASIA": "SANTA_CLARA_BAR_E_GRILL", "RAZAOSOCIAL": "SANTA_CLARA_BAR_&_GRILL_LTDA", "ENDEE": "RUA_TONELERO54__VILA_IPOJUCA_05056-000", "LMAPS": "https://www.google.com/maps?q=&layer=c&cbll=-23.5285193,-46.7042116", "O_QUE_FAZER": "APLICAR T2", "ER_REGIAO_CIDADE_min": "Capital Oeste_Lapa" }, "geometry": { "type": "Point", "coordinates": [ -46.7042116, -23.5285193 ] } },
{ "type": "Feature", "properties": { "fid": 23622, "CNPJ": "04356420000166", "IDCIDADE": "SAO_PAULO", "NOMEFANTASIA": "SRO_DIAGNOSTICO_POR_IMAGEM", "RAZAOSOCIAL": "SRO_-_SPADA_RADIOLOGIA_ODONTOLOGICA_LTDA", "ENDEE": "RUA_PIO_XI929__ALTO_DE_PINHEIROS_05060-000", "LMAPS": "https://www.google.com/maps?q=&layer=c&cbll=-23.5317844,-46.7124038", "O_QUE_FAZER": "CARTEIRA", "ER_REGIAO_CIDADE_min": "Capital Oeste_Lapa" }, "geometry": { "type": "Point", "coordinates": [ -46.7124038, -23.5317844 ] } },
{ "type": "Feature", "properties": { "fid": 24151, "CNPJ": "04434648000127", "IDCIDADE": "SAO_PAULO", "NOMEFANTASIA": "ART_VIDROS", "RAZAOSOCIAL": "VIDRACARIA_ART_VIDRO_LTDA", "ENDEE": "RUA_FRANCISCO_ALVES60__VILA_ROMANA_05051-040", "LMAPS": "https://www.google.com/maps?q=&layer=c&cbll=-23.5262417,-46.7018683", "O_QUE_FAZER": "FINALIZADO", "ER_REGIAO_CIDADE_min": "Capital Oeste_Lapa" }, "geometry": { "type": "Point", "coordinates": [ -46.7018683, -23.5262417 ] } },
{ "type": "Feature", "properties": { "fid": 25052, "CNPJ": "04574076000181", "IDCIDADE": "SAO_PAULO", "NOMEFANTASIA": "CONCEITO_A_FARMACIA_DE_MANIPULACAO", "RAZAOSOCIAL": "CONCEITO_A_FARMACIA_DE_MANIPULACAO_LTDA", "ENDEE": "RUA_CLELIA1895__AGUA_BRANCA_05042-000", "LMAPS": "https://www.google.com/maps?q=&layer=c&cbll=-23.5249399,-46.7009949", "O_QUE_FAZER": "CARTEIRA", "ER_REGIAO_CIDADE_min": "Capital Oeste_Lapa" }, "geometry": { "type": "Point", "coordinates": [ -46.7009949, -23.5249399 ] } },
{ "type": "Feature", "properties": { "fid": 25150, "CNPJ": "04586224000188", "IDCIDADE": "SAO_PAULO", "NOMEFANTASIA": "ENERGY_CELL", "RAZAOSOCIAL": "RENE_GROFF_THEODORO_DE_FREITAS", "ENDEE": "RUA_ROMA571__LAPA_05050-090", "LMAPS": "https://www.google.com/maps?q=&layer=c&cbll=-23.5227616,-46.7023616", "O_QUE_FAZER": "APLICAR T2", "ER_REGIAO_CIDADE_min": "Capital Oeste_Lapa" }, "geometry": { "type": "Point", "coordinates": [ -46.7023616, -23.5227616 ] } },
{ "type": "Feature", "properties": { "fid": 25161, "CNPJ": "04588189000136", "IDCIDADE": "SAO_PAULO", "NOMEFANTASIA": "TOP_-_AR", "RAZAOSOCIAL": "TOP_-_AR_CONDICIONADO_LTDA", "ENDEE": "RUA_CORIOLANO_1506_VILA_ROMANA_05047-001_SAO_PAULO_BRASIL", "LMAPS": "https://www.google.com/maps?q=&layer=c&cbll=-23.525935,-46.7002867", "O_QUE_FAZER": "APLICAR T2", "ER_REGIAO_CIDADE_min": "Capital Oeste_Lapa" }, "geometry": { "type": "Point", "coordinates": [ -46.7002867, -23.525935 ] } },
{ "type": "Feature", "properties": { "fid": 25452, "CNPJ": "04628405000120", "IDCIDADE": "SAO_PAULO", "NOMEFANTASIA": "RPP_UNIFORMES", "RAZAOSOCIAL": "RPP_UNIFORMES_LTDA", "ENDEE": "RUA_MONTEIRO_DE_MELO361__LAPA_05050-000", "LMAPS": "https://www.google.com/maps?q=&layer=c&cbll=-23.5241624,-46.7037339", "O_QUE_FAZER": "FINALIZADO", "ER_REGIAO_CIDADE_min": "Capital Oeste_Lapa" }, "geometry": { "type": "Point", "coordinates": [ -46.7037339, -23.5241624 ] } },
{ "type": "Feature", "properties": { "fid": 26494, "CNPJ": "04771411000131", "IDCIDADE": "SAO_PAULO", "NOMEFANTASIA": "ROTA_99", "RAZAOSOCIAL": "ED_CASA_ARTIGOS_PARA_PRESENTES_LTDA", "ENDEE": "RUA_DOZE_DE_OUTUBRO686__LAPA_08071-072", "LMAPS": "https://www.google.com/maps?q=&layer=c&cbll=-23.523838,-46.7060366", "O_QUE_FAZER": "CARTEIRA", "ER_REGIAO_CIDADE_min": "Capital Oeste_Lapa" }, "geometry": { "type": "Point", "coordinates": [ -46.7060366, -23.523838 ] } },
{ "type": "Feature", "properties": { "fid": 26530, "CNPJ": "04775525000150", "IDCIDADE": "SAO_PAULO", "NOMEFANTASIA": "MIX_MEL", "RAZAOSOCIAL": "DIFERREIRA_DISTRIBUIDORA_DE_SORVETES_E_SALGADOS_LTDA", "ENDEE": "RUA_CATAO367__VILA_ROMANA_05049-000", "LMAPS": "https://www.google.com/maps?q=&layer=c&cbll=-23.5239667,-46.70073", "O_QUE_FAZER": "CARTEIRA", "ER_REGIAO_CIDADE_min": "Capital Oeste_Lapa" }, "geometry": { "type": "Point", "coordinates": [ -46.70073, -23.5239667 ] } },
{ "type": "Feature", "properties": { "fid": 26910, "CNPJ": "04832248000170", "IDCIDADE": "SAO_PAULO", "NOMEFANTASIA": "CLIODONTI", "RAZAOSOCIAL": "CLIODONTI_ODONTOLOGIA_INTEGRADA_LTDA.", "ENDEE": "RUA_PIO_XI1055__ALTO_DA_LAPA_05060-001", "LMAPS": "https://www.google.com/maps?q=&layer=c&cbll=-23.5327417,-46.7130367", "O_QUE_FAZER": "CARTEIRA", "ER_REGIAO_CIDADE_min": "Capital Oeste_Lapa" }, "geometry": { "type": "Point", "coordinates": [ -46.7130367, -23.5327417 ] } },
{ "type": "Feature", "properties": { "fid": 27224, "CNPJ": "04880346000182", "IDCIDADE": "SAO_PAULO", "NOMEFANTASIA": "COMERCIAL_SABARDERA", "RAZAOSOCIAL": "COMERCIAL_SABARDERA_LIMITADA", "ENDEE": "RUA_HERBART47__LAPA_05072-030", "LMAPS": "https://www.google.com/maps?q=&layer=c&cbll=-23.5195337,-46.7016919", "O_QUE_FAZER": "CARTEIRA", "ER_REGIAO_CIDADE_min": "Capital Oeste_Lapa" }, "geometry": { "type": "Point", "coordinates": [ -46.7016919, -23.5195337 ] } },
{ "type": "Feature", "properties": { "fid": 27664, "CNPJ": "04939881000161", "IDCIDADE": "SAO_PAULO", "NOMEFANTASIA": "COR_E_SABOR_RESTAURANTE", "RAZAOSOCIAL": "FIORANO_LANCHES_LTDA", "ENDEE": "RUA_SCIPIAO113__VILA_ROMANA_05047-060", "LMAPS": "https://www.google.com/maps?q=&layer=c&cbll=-23.5223096,-46.6990732", "O_QUE_FAZER": "CARTEIRA", "ER_REGIAO_CIDADE_min": "Capital Oeste_Lapa" }, "geometry": { "type": "Point", "coordinates": [ -46.6990732, -23.5223096 ] } },
{ "type": "Feature", "properties": { "fid": 27766, "CNPJ": "04952320000100", "IDCIDADE": "SAO_PAULO", "NOMEFANTASIA": "PARANA_PLACAS", "RAZAOSOCIAL": "OTAVIO_WILSON_DAL_BOSCO", "ENDEE": "RUA_SCIPIAO201__VILA_ROMANA_05047-060", "LMAPS": "https://www.google.com/maps?q=&layer=c&cbll=-23.52311,-46.6992333", "O_QUE_FAZER": "CARTEIRA", "ER_REGIAO_CIDADE_min": "Capital Oeste_Lapa" }, "geometry": { "type": "Point", "coordinates": [ -46.6992333, -23.52311 ] } },
{ "type": "Feature", "properties": { "fid": 27824, "CNPJ": "04960901000186", "IDCIDADE": "SAO PAULO", "NOMEFANTASIA": null, "RAZAOSOCIAL": "E.V_DERMATOLOGIA_S/S", "ENDEE": "RUA CLEMENTE ALVARES, 123, SALA 82, LAPA, 05074-050, SÃO PAULO, SP, BRASIL", "LMAPS": "https://www.google.com/maps?q=&layer=c&cbll=-23.5208282,-46.7040337", "O_QUE_FAZER": "CARTEIRA - FAMPE", "ER_REGIAO_CIDADE_min": "Capital Oeste_Lapa" }, "geometry": { "type": "Point", "coordinates": [ -46.7040337, -23.5208282 ] } },
{ "type": "Feature", "properties": { "fid": 27975, "CNPJ": "04979848000165", "IDCIDADE": "SAO_PAULO", "NOMEFANTASIA": "PHARMASOL", "RAZAOSOCIAL": "FARMACIA_DE_MANIPULACAO_ENERGIA_LTDA", "ENDEE": "RUA_PIO_XI23__ALTO_DA_LAPA_05060-000", "LMAPS": "https://www.google.com/maps?q=&layer=c&cbll=-23.5258943,-46.7069279", "O_QUE_FAZER": "CARTEIRA", "ER_REGIAO_CIDADE_min": "Capital Oeste_Lapa" }, "geometry": { "type": "Point", "coordinates": [ -46.7069279, -23.5258943 ] } },
{ "type": "Feature", "properties": { "fid": 28278, "CNPJ": "05019212000134", "IDCIDADE": "SAO_PAULO", "NOMEFANTASIA": "ELETRO_GAMA", "RAZAOSOCIAL": "ELETROGAMA_PLUS_MATERIAIS_ELETRICOS_E_HIDRAULICOS_LTDA", "ENDEE": "RUA_CLELIA728__AGUA_BRANCA_05042-000", "LMAPS": "https://www.google.com/maps?q=&layer=c&cbll=-23.5248755,-46.6895238", "O_QUE_FAZER": "FINALIZADO", "ER_REGIAO_CIDADE_min": "Capital Oeste_Lapa" }, "geometry": { "type": "Point", "coordinates": [ -46.6895238, -23.5248755 ] } },
{ "type": "Feature", "properties": { "fid": 28282, "CNPJ": "05019576000114", "IDCIDADE": "SAO_PAULO", "NOMEFANTASIA": "JL_KANASHIRO", "RAZAOSOCIAL": "J_L_PALADARES_LANCHONETE_LTDA", "ENDEE": "RUA_HERBART47__LAPA_05072-030", "LMAPS": "https://www.google.com/maps?q=&layer=c&cbll=-23.5192554,-46.701761", "O_QUE_FAZER": "CARTEIRA", "ER_REGIAO_CIDADE_min": "Capital Oeste_Lapa" }, "geometry": { "type": "Point", "coordinates": [ -46.701761, -23.5192554 ] } },
{ "type": "Feature", "properties": { "fid": 28315, "CNPJ": "05024569000100", "IDCIDADE": "SAO_PAULO", "NOMEFANTASIA": "BERO_MODAS", "RAZAOSOCIAL": "BERO_MODAS_CONFECCOES_LTDA", "ENDEE": "RUA_CLEMENTE_ALVARES32__LAPA_05074-050", "LMAPS": "https://www.google.com/maps?q=&layer=c&cbll=-23.521047,-46.7030894", "O_QUE_FAZER": "FINALIZADO", "ER_REGIAO_CIDADE_min": "Capital Oeste_Lapa" }, "geometry": { "type": "Point", "coordinates": [ -46.7030894, -23.521047 ] } },
{ "type": "Feature", "properties": { "fid": 28792, "CNPJ": "05094562000165", "IDCIDADE": "SAO_PAULO", "NOMEFANTASIA": "CASARI_FIT", "RAZAOSOCIAL": "EQUIPE_CLUBE_REC.DE_GINASTICA_MUSCULACAO_E_DE_REAB.MUSCULAR_S/S_LTDA", "ENDEE": "PRACA_SAO_CRISPIM77__LAPA_04242-030", "LMAPS": "https://www.google.com/maps?q=&layer=c&cbll=-23.5282926,-46.7052879", "O_QUE_FAZER": "CARTEIRA", "ER_REGIAO_CIDADE_min": "Capital Oeste_Lapa" }, "geometry": { "type": "Point", "coordinates": [ -46.7052879, -23.5282926 ] } },
{ "type": "Feature", "properties": { "fid": 30184, "CNPJ": "05300268000162", "IDCIDADE": "SAO_PAULO", "NOMEFANTASIA": "MODAS_BRAS", "RAZAOSOCIAL": "MODA_BRAS_COMERCIAL_LTDA", "ENDEE": "RUA_DOZE_DE_OUTUBRO267__LAPA_05073-000", "LMAPS": "https://www.google.com/maps?q=&layer=c&cbll=-23.5203683,-46.7042083", "O_QUE_FAZER": "FINALIZADO", "ER_REGIAO_CIDADE_min": "Capital Oeste_Lapa" }, "geometry": { "type": "Point", "coordinates": [ -46.7042083, -23.5203683 ] } },
{ "type": "Feature", "properties": { "fid": 30195, "CNPJ": "05301776000165", "IDCIDADE": "SAO_PAULO", "NOMEFANTASIA": "OPTICA_ROMA", "RAZAOSOCIAL": "FLAK_IMPORTACAO_E_COMERCIO_LTDA", "ENDEE": "RUA_ROMA600__LAPA_05050-090", "LMAPS": "https://www.google.com/maps?q=&layer=c&cbll=-23.5226834,-46.7024577", "O_QUE_FAZER": "APLICAR T4", "ER_REGIAO_CIDADE_min": "Capital Oeste_Lapa" }, "geometry": { "type": "Point", "coordinates": [ -46.7024577, -23.5226834 ] } },
{ "type": "Feature", "properties": { "fid": 30384, "CNPJ": "05326794000100", "IDCIDADE": "SAO_PAULO", "NOMEFANTASIA": "KINDO_PERFUMSRIA", "RAZAOSOCIAL": "UTINA_PERFUMARIA_E_COSMETICOS_LTDA", "ENDEE": "RUA_DOZE_DE_OUTUBRO463__LAPA_05073-001", "LMAPS": "https://www.google.com/maps?q=&layer=c&cbll=-23.5220302,-46.7050977", "O_QUE_FAZER": "CARTEIRA", "ER_REGIAO_CIDADE_min": "Capital Oeste_Lapa" }, "geometry": { "type": "Point", "coordinates": [ -46.7050977, -23.5220302 ] } },
{ "type": "Feature", "properties": { "fid": 30478, "CNPJ": "05339280000180", "IDCIDADE": "SAO_PAULO", "NOMEFANTASIA": "SAPARK", "RAZAOSOCIAL": "JVMSA_PARK_LTDA", "ENDEE": "RUA_DESEMBARGADOR_DO_VALE1098__PERDIZES_05010-040", "LMAPS": "https://www.google.com/maps?q=&layer=c&cbll=-23.527953,-46.6902809", "O_QUE_FAZER": "CARTEIRA", "ER_REGIAO_CIDADE_min": "Capital Oeste_Lapa" }, "geometry": { "type": "Point", "coordinates": [ -46.6902809, -23.527953 ] } },
{ "type": "Feature", "properties": { "fid": 30737, "CNPJ": "05372517000125", "IDCIDADE": "SAO_PAULO", "NOMEFANTASIA": "DOZE_BOMBOM_COMERCIO_DE_DOCES_E_SALGADOS", "RAZAOSOCIAL": "DOZE_BOMBOM_COMERCIO_DE_DOCES_E_SALGADOS_LTDA", "ENDEE": "RUA_DOZE_DE_OUTUBRO722__LAPA_08071-072", "LMAPS": "https://www.google.com/maps?q=&layer=c&cbll=-23.5241337,-46.7063182", "O_QUE_FAZER": "CARTEIRA", "ER_REGIAO_CIDADE_min": "Capital Oeste_Lapa" }, "geometry": { "type": "Point", "coordinates": [ -46.7063182, -23.5241337 ] } },
{ "type": "Feature", "properties": { "fid": 31051, "CNPJ": "05420586000167", "IDCIDADE": "SAO_PAULO", "NOMEFANTASIA": "OTICA_TRADICIONAL", "RAZAOSOCIAL": "SERGEY_ROBERTO_CUSATO_JUNIOR_OTICA", "ENDEE": "RUA_BARAO_DE_JUNDIAI267__LAPA_05073-010", "LMAPS": "https://www.google.com/maps?q=&layer=c&cbll=-23.5247067,-46.707275", "O_QUE_FAZER": "CARTEIRA", "ER_REGIAO_CIDADE_min": "Capital Oeste_Lapa" }, "geometry": { "type": "Point", "coordinates": [ -46.707275, -23.5247067 ] } },
{ "type": "Feature", "properties": { "fid": 31231, "CNPJ": "05451396000107", "IDCIDADE": "SAO_PAULO", "NOMEFANTASIA": "BOIM_HIDRAUTEC", "RAZAOSOCIAL": "BOIM_HIDRAUTEC_DIRECOES_HIDRAULICAS_LTDA", "ENDEE": "RUA_FAUSTOLO630__AGUA_BRANCA_05041-000", "LMAPS": "https://www.google.com/maps?q=&layer=c&cbll=-23.5237643,-46.6915029", "O_QUE_FAZER": "APLICAR T2", "ER_REGIAO_CIDADE_min": "Capital Oeste_Lapa" }, "geometry": { "type": "Point", "coordinates": [ -46.6915029, -23.5237643 ] } },
{ "type": "Feature", "properties": { "fid": 31365, "CNPJ": "05470157000102", "IDCIDADE": "SAO_PAULO", "NOMEFANTASIA": "IVAN_GLORIA_LANCHONETE", "RAZAOSOCIAL": "IVAN_GLORIA_LANCHONETE_LTDA", "ENDEE": "RUA_CLEMENTE_ALVARES316__LAPA_05074-050", "LMAPS": "https://www.google.com/maps?q=&layer=c&cbll=-23.5198967,-46.7056286", "O_QUE_FAZER": "CARTEIRA", "ER_REGIAO_CIDADE_min": "Capital Oeste_Lapa" }, "geometry": { "type": "Point", "coordinates": [ -46.7056286, -23.5198967 ] } },
{ "type": "Feature", "properties": { "fid": 31489, "CNPJ": "05489467000160", "IDCIDADE": "SAO PAULO", "NOMEFANTASIA": "SEU_PET_SHOP", "RAZAOSOCIAL": "SEU_PET_SHOP", "ENDEE": "CLEMENTE ÁLVARES, 306, LAPA, SÃO PAULO", "LMAPS": "https://www.google.com/maps?q=&layer=c&cbll=-23.5198465,-46.7053998", "O_QUE_FAZER": "FINALIZADO", "ER_REGIAO_CIDADE_min": "Capital Oeste_Lapa" }, "geometry": { "type": "Point", "coordinates": [ -46.7053998, -23.5198465 ] } },
{ "type": "Feature", "properties": { "fid": 31595, "CNPJ": "05504978000104", "IDCIDADE": "SAO PAULO", "NOMEFANTASIA": "WEST_POINT_SERVICES", "RAZAOSOCIAL": "5ASEC_LAVANDERIA", "ENDEE": "TITO, 540, VILA ROMANA, SÃO PAULO", "LMAPS": "https://www.google.com/maps?q=&layer=c&cbll=-23.5279986,-46.6970558", "O_QUE_FAZER": "FINALIZADO", "ER_REGIAO_CIDADE_min": "Capital Oeste_Lapa" }, "geometry": { "type": "Point", "coordinates": [ -46.6970558, -23.5279986 ] } },
{ "type": "Feature", "properties": { "fid": 31754, "CNPJ": "05528349000114", "IDCIDADE": "SAO_PAULO", "NOMEFANTASIA": "OVERBOARD", "RAZAOSOCIAL": "OVER_LAPA_ARTIGOS_ESPORTIVOS_LTDA", "ENDEE": "RUA_DOZE_DE_OUTUBRO423__LAPA_08071-072", "LMAPS": "https://www.google.com/maps?q=&layer=c&cbll=-23.5217752,-46.7049628", "O_QUE_FAZER": "CARTEIRA", "ER_REGIAO_CIDADE_min": "Capital Oeste_Lapa" }, "geometry": { "type": "Point", "coordinates": [ -46.7049628, -23.5217752 ] } },
{ "type": "Feature", "properties": { "fid": 31949, "CNPJ": "05552886000108", "IDCIDADE": "SAO_PAULO", "NOMEFANTASIA": "GABRIELA_E_ARIEL_BOMBONIERE", "RAZAOSOCIAL": "GABRIELA_&_ARIEL_BOMBONIERI_LTDA", "ENDEE": "RUA_TRAJANO231__LAPA_05050-110", "LMAPS": "https://www.google.com/maps?q=&layer=c&cbll=-23.5223334,-46.70216", "O_QUE_FAZER": "FINALIZADO", "ER_REGIAO_CIDADE_min": "Capital Oeste_Lapa" }, "geometry": { "type": "Point", "coordinates": [ -46.70216, -23.5223334 ] } },
{ "type": "Feature", "properties": { "fid": 32469, "CNPJ": "05619803000142", "IDCIDADE": "SAO_PAULO", "NOMEFANTASIA": "VERILINE", "RAZAOSOCIAL": "FLAVIO_STRUTZEL_CORONADO", "ENDEE": "RUA_TRAJANO189__LAPA_05050-110", "LMAPS": "https://www.google.com/maps?q=&layer=c&cbll=-23.5221406,-46.7020358", "O_QUE_FAZER": "CARTEIRA", "ER_REGIAO_CIDADE_min": "Capital Oeste_Lapa" }, "geometry": { "type": "Point", "coordinates": [ -46.7020358, -23.5221406 ] } },
{ "type": "Feature", "properties": { "fid": 32909, "CNPJ": "05675980000146", "IDCIDADE": "SAO_PAULO", "NOMEFANTASIA": "SANDOR_ESTACIONAMENTO", "RAZAOSOCIAL": "SANDOR_COMERCIAL_E_ESTACIONAMENTO_LTDA", "ENDEE": "RUA_JEROAQUARA101__LAPA_05047-010", "LMAPS": "https://www.google.com/maps?q=&layer=c&cbll=-23.52341,-46.7017917", "O_QUE_FAZER": "CARTEIRA", "ER_REGIAO_CIDADE_min": "Capital Oeste_Lapa" }, "geometry": { "type": "Point", "coordinates": [ -46.7017917, -23.52341 ] } },
{ "type": "Feature", "properties": { "fid": 33710, "CNPJ": "05800488000155", "IDCIDADE": "SAO_PAULO", "NOMEFANTASIA": "AZEVEDO_PRESENTES", "RAZAOSOCIAL": "AZEVEDO_PRESENTES_LTDA", "ENDEE": "RUA_DOUTOR_CINCINATO_POMPONET117__LAPA_05072-020", "LMAPS": "https://www.google.com/maps?q=&layer=c&cbll=-23.51972,-46.70272", "O_QUE_FAZER": "CARTEIRA", "ER_REGIAO_CIDADE_min": "Capital Oeste_Lapa" }, "geometry": { "type": "Point", "coordinates": [ -46.70272, -23.51972 ] } },
{ "type": "Feature", "properties": { "fid": 33820, "CNPJ": "05811899000146", "IDCIDADE": "SAO PAULO", "NOMEFANTASIA": "SCALIBUR", "RAZAOSOCIAL": "SCALIBUR_CONSULTORIA,_PROMOCOES,_LOCACOES_E_EVENTOS_LTDA", "ENDEE": "RUA GUAICURUS, 1025, LAPA, 05033-002, SÃO PAULO, SP, BRASIL", "LMAPS": "https://www.google.com/maps?q=&layer=c&cbll=-23.5226655,-46.6956603", "O_QUE_FAZER": "CARTEIRA - FAMPE", "ER_REGIAO_CIDADE_min": "Capital Oeste_Lapa" }, "geometry": { "type": "Point", "coordinates": [ -46.6956603, -23.5226655 ] } },
{ "type": "Feature", "properties": { "fid": 34126, "CNPJ": "05854241000111", "IDCIDADE": "SAO_PAULO", "NOMEFANTASIA": "ATO_EXTINTORES", "RAZAOSOCIAL": "MMF_DIAS_COMERCIO_REPRESENTACAO_E_SERVICOS_CONTRA_INCENDIO_LTDA", "ENDEE": "RUA_ROMA232__LAPA_05050-090", "LMAPS": "https://www.google.com/maps?q=&layer=c&cbll=-23.5226526,-46.6988152", "O_QUE_FAZER": "FINALIZADO", "ER_REGIAO_CIDADE_min": "Capital Oeste_Lapa" }, "geometry": { "type": "Point", "coordinates": [ -46.6988152, -23.5226526 ] } },
{ "type": "Feature", "properties": { "fid": 34202, "CNPJ": "05862002000103", "IDCIDADE": "SAO_PAULO", "NOMEFANTASIA": "CASA_CIRURGICA_VIEIRA", "RAZAOSOCIAL": "COMERCIO_DE_MATERIAIS_HOSPITALAR_VIEIRA_LTDA", "ENDEE": "RUA_MONTEIRO_DE_MELO232__LAPA_05050-000", "LMAPS": "https://www.google.com/maps?q=&layer=c&cbll=-23.5242105,-46.7032319", "O_QUE_FAZER": "APLICAR T4", "ER_REGIAO_CIDADE_min": "Capital Oeste_Lapa" }, "geometry": { "type": "Point", "coordinates": [ -46.7032319, -23.5242105 ] } },
{ "type": "Feature", "properties": { "fid": 34493, "CNPJ": "05899157000971", "IDCIDADE": "SAO_PAULO", "NOMEFANTASIA": "CONSULADO_DA_RACAO", "RAZAOSOCIAL": "CONSULADO_DA_RACAO_LTDA", "ENDEE": "RUA_FAUSTOLO1817__LAPA_05041-000", "LMAPS": "https://www.google.com/maps?q=&layer=c&cbll=-23.5238224,-46.7032319", "O_QUE_FAZER": "FINALIZADO", "ER_REGIAO_CIDADE_min": "Capital Oeste_Lapa" }, "geometry": { "type": "Point", "coordinates": [ -46.7032319, -23.5238224 ] } },
{ "type": "Feature", "properties": { "fid": 35010, "CNPJ": "05963406000193", "IDCIDADE": "SAO_PAULO", "NOMEFANTASIA": "KEEP", "RAZAOSOCIAL": "BALAIS_COMERCIO_DE_CONFECCOES_LTDA", "ENDEE": "RUA_MARTIM_TENORIO43__LAPA_05074-060", "LMAPS": "https://www.google.com/maps?q=&layer=c&cbll=-23.5196887,-46.702932", "O_QUE_FAZER": "CARTEIRA", "ER_REGIAO_CIDADE_min": "Capital Oeste_Lapa" }, "geometry": { "type": "Point", "coordinates": [ -46.702932, -23.5196887 ] } },
{ "type": "Feature", "properties": { "fid": 35355, "CNPJ": "06008149000101", "IDCIDADE": "SAO_PAULO", "NOMEFANTASIA": "PURA_GULA_RESTAURANTE", "RAZAOSOCIAL": "MOREIRA_E_GIMENEZ_RESTAURANTE_LTDA", "ENDEE": "RUA_DRONSFIELD154__LAPA_05074-000", "LMAPS": "https://www.google.com/maps?q=&layer=c&cbll=-23.5191241,-46.704224", "O_QUE_FAZER": "CARTEIRA", "ER_REGIAO_CIDADE_min": "Capital Oeste_Lapa" }, "geometry": { "type": "Point", "coordinates": [ -46.704224, -23.5191241 ] } },
{ "type": "Feature", "properties": { "fid": 35506, "CNPJ": "06027741000142", "IDCIDADE": "SAO_PAULO", "NOMEFANTASIA": "CALCADA_DA_LAPA", "RAZAOSOCIAL": "BAR_E_RESTAURANTE_CALCADA_DA_LAPA_LTDA", "ENDEE": "RUA_FAUSTOLO403__AGUA_BRANCA_05041-000", "LMAPS": "https://www.google.com/maps?q=&layer=c&cbll=-23.5239941,-46.6893007", "O_QUE_FAZER": "CARTEIRA", "ER_REGIAO_CIDADE_min": "Capital Oeste_Lapa" }, "geometry": { "type": "Point", "coordinates": [ -46.6893007, -23.5239941 ] } },
{ "type": "Feature", "properties": { "fid": 35900, "CNPJ": "06086791000109", "IDCIDADE": "SAO_PAULO", "NOMEFANTASIA": "ML_JEANS", "RAZAOSOCIAL": "ANDREA_CRISTINA_SANT'ANA_CABRAL", "ENDEE": "RUA_DOUTOR_CINCINATO_POMPONET68__LAPA_05072-020", "LMAPS": "https://www.google.com/maps?q=&layer=c&cbll=-23.5200091,-46.7021911", "O_QUE_FAZER": "CARTEIRA", "ER_REGIAO_CIDADE_min": "Capital Oeste_Lapa" }, "geometry": { "type": "Point", "coordinates": [ -46.7021911, -23.5200091 ] } },
{ "type": "Feature", "properties": { "fid": 36097, "CNPJ": "06111994000108", "IDCIDADE": "SAO_PAULO", "NOMEFANTASIA": "BONS_SONHOS_COLCHOES", "RAZAOSOCIAL": "BONS_SONHOS_COLCHOES_LTDA", "ENDEE": "RUA_MONTEIRO_DE_MELO174__LAPA_05050-000", "LMAPS": "https://www.google.com/maps?q=&layer=c&cbll=-23.5229337,-46.7030543", "O_QUE_FAZER": "APLICAR T2", "ER_REGIAO_CIDADE_min": "Capital Oeste_Lapa" }, "geometry": { "type": "Point", "coordinates": [ -46.7030543, -23.5229337 ] } },
{ "type": "Feature", "properties": { "fid": 36328, "CNPJ": "06142618000172", "IDCIDADE": "SAO_PAULO", "NOMEFANTASIA": "LUYLE", "RAZAOSOCIAL": "LUYLE_CONFECCOES_LTDA", "ENDEE": "RUA_AFONSO_SARDINHA80__LAPA_05076-000", "LMAPS": "https://www.google.com/maps?q=&layer=c&cbll=-23.5223337,-46.7045013", "O_QUE_FAZER": "CARTEIRA", "ER_REGIAO_CIDADE_min": "Capital Oeste_Lapa" }, "geometry": { "type": "Point", "coordinates": [ -46.7045013, -23.5223337 ] } },
{ "type": "Feature", "properties": { "fid": 36967, "CNPJ": "06226501000177", "IDCIDADE": "SAO_PAULO", "NOMEFANTASIA": "BUFFET_MOMENTO_MAGICO", "RAZAOSOCIAL": "ABRE-TE-CESARE_PROMOCOES_E_EVENTOS_LTDA", "ENDEE": "RUA_PIO_XI1185__ALTO_DA_LAPA_05060-001", "LMAPS": "https://www.google.com/maps?q=&layer=c&cbll=-23.5337316,-46.7137573", "O_QUE_FAZER": "CARTEIRA", "ER_REGIAO_CIDADE_min": "Capital Oeste_Lapa" }, "geometry": { "type": "Point", "coordinates": [ -46.7137573, -23.5337316 ] } },
{ "type": "Feature", "properties": { "fid": 37312, "CNPJ": "06265226000109", "IDCIDADE": "SAO_PAULO", "NOMEFANTASIA": "PET_HAPPY", "RAZAOSOCIAL": "RENATO_ZONZINI_BOCABELLO", "ENDEE": "RUA_TONELERO_1403_VILA_IPOJUCA_05056-001_SAO_PAULO_BRASIL", "LMAPS": "https://www.google.com/maps?q=&layer=c&cbll=-23.5378702,-46.7068234", "O_QUE_FAZER": "FINALIZADO", "ER_REGIAO_CIDADE_min": "Capital Oeste_Lapa" }, "geometry": { "type": "Point", "coordinates": [ -46.7068234, -23.5378702 ] } },
{ "type": "Feature", "properties": { "fid": 37348, "CNPJ": "06270471000104", "IDCIDADE": "SAO_PAULO", "NOMEFANTASIA": "KADIS_CENTRO_AUTOMOTIVO", "RAZAOSOCIAL": "KADIS_CENTRO_AUTOMOTIVO_LTDA", "ENDEE": "RUA_GUAICURUS1155__AGUA_BRANCA_05033-000", "LMAPS": "https://www.google.com/maps?q=&layer=c&cbll=-23.5222795,-46.696914", "O_QUE_FAZER": "FINALIZADO", "ER_REGIAO_CIDADE_min": "Capital Oeste_Lapa" }, "geometry": { "type": "Point", "coordinates": [ -46.696914, -23.5222795 ] } },
{ "type": "Feature", "properties": { "fid": 37372, "CNPJ": "06273102000167", "IDCIDADE": "SAO_PAULO", "NOMEFANTASIA": "LEWIS_BAR", "RAZAOSOCIAL": "BAR_&_PETISCOS_CRASSO_LTDA", "ENDEE": "RUA_CRASSO140__AGUA_BRANCA_05043-010", "LMAPS": "https://www.google.com/maps?q=&layer=c&cbll=-23.524098,-46.6898079", "O_QUE_FAZER": "FINALIZADO", "ER_REGIAO_CIDADE_min": "Capital Oeste_Lapa" }, "geometry": { "type": "Point", "coordinates": [ -46.6898079, -23.524098 ] } },
{ "type": "Feature", "properties": { "fid": 37377, "CNPJ": "06273829000144", "IDCIDADE": "SAO_PAULO", "NOMEFANTASIA": "CHEVY_AUTO_CENTER", "RAZAOSOCIAL": "CENTRO_AUTOMOTIVO_DENIS_LTDA", "ENDEE": "RUA_GUAICURUS921__AGUA_BRANCA_05033-000", "LMAPS": "https://www.google.com/maps?q=&layer=c&cbll=-23.522776,-46.6946979", "O_QUE_FAZER": "CARTEIRA", "ER_REGIAO_CIDADE_min": "Capital Oeste_Lapa" }, "geometry": { "type": "Point", "coordinates": [ -46.6946979, -23.522776 ] } },
{ "type": "Feature", "properties": { "fid": 37925, "CNPJ": "06346180000144", "IDCIDADE": "SAO_PAULO", "NOMEFANTASIA": "CENTRO_DE_FORMACAO_DE_CONDUTORES_MORAES_E_GARCIA_LTDA_ ", "RAZAOSOCIAL": "CENTRO_DE_FORMACAO_DE_CONDUTORES_MORAES_E_GARCIA_LTDA", "ENDEE": "RUA_FAUSTOLO1736__LAPA_05041-000", "LMAPS": "https://www.google.com/maps?q=&layer=c&cbll=-23.52371,-46.7024667", "O_QUE_FAZER": "CARTEIRA", "ER_REGIAO_CIDADE_min": "Capital Oeste_Lapa" }, "geometry": { "type": "Point", "coordinates": [ -46.7024667, -23.52371 ] } },
{ "type": "Feature", "properties": { "fid": 38740, "CNPJ": "06957257000112", "IDCIDADE": "SAO_PAULO", "NOMEFANTASIA": "TIGUS_CALCADOS", "RAZAOSOCIAL": "RONALDO_FERREIRA_CALCADOS", "ENDEE": "RUA_MONTEIRO_DE_MELO52__LAPA_05050-000", "LMAPS": "https://www.google.com/maps?q=&layer=c&cbll=-23.5218701,-46.7029609", "O_QUE_FAZER": "CARTEIRA", "ER_REGIAO_CIDADE_min": "Capital Oeste_Lapa" }, "geometry": { "type": "Point", "coordinates": [ -46.7029609, -23.5218701 ] } },
{ "type": "Feature", "properties": { "fid": 39020, "CNPJ": "06991867000132", "IDCIDADE": "SAO_PAULO", "NOMEFANTASIA": "BAR_E_LANCHES_107_DA_LAPA", "RAZAOSOCIAL": "BAR_E_LANCHES_107_DA_LAPA_LTDA", "ENDEE": "RUA_CONRADO_MORESCHI105__LAPA_05072-010", "LMAPS": "https://www.google.com/maps?q=&layer=c&cbll=-23.5194167,-46.7022083", "O_QUE_FAZER": "CARTEIRA", "ER_REGIAO_CIDADE_min": "Capital Oeste_Lapa" }, "geometry": { "type": "Point", "coordinates": [ -46.7022083, -23.5194167 ] } },
{ "type": "Feature", "properties": { "fid": 39269, "CNPJ": "07017580000179", "IDCIDADE": "SAO_PAULO", "NOMEFANTASIA": "RATO_ACESSORIOS", "RAZAOSOCIAL": "ESDER_TENORIO_DE_ALBUQUERQUE", "ENDEE": "RUA_DOUTOR_CINCINATO_POMPONET126__LAPA_05072-020", "LMAPS": "https://www.google.com/maps?q=&layer=c&cbll=-23.5194652,-46.702396", "O_QUE_FAZER": "CARTEIRA", "ER_REGIAO_CIDADE_min": "Capital Oeste_Lapa" }, "geometry": { "type": "Point", "coordinates": [ -46.702396, -23.5194652 ] } },
{ "type": "Feature", "properties": { "fid": 39540, "CNPJ": "07051298000108", "IDCIDADE": "SAO_PAULO", "NOMEFANTASIA": "AUTO_MOTO_ESCOLA_SOUZA", "RAZAOSOCIAL": "CENTRO_DE_FORMACAO_DE_CONDUTORES_B_-_NOVA_CIDADE_LTDA", "ENDEE": "RUA_DRONSFIELD175__LAPA_05074-000", "LMAPS": "https://www.google.com/maps?q=&layer=c&cbll=-23.5192333,-46.7046883", "O_QUE_FAZER": "APLICAR T2", "ER_REGIAO_CIDADE_min": "Capital Oeste_Lapa" }, "geometry": { "type": "Point", "coordinates": [ -46.7046883, -23.5192333 ] } },
{ "type": "Feature", "properties": { "fid": 39677, "CNPJ": "07066854000110", "IDCIDADE": "SAO_PAULO", "NOMEFANTASIA": "MICHIGAN_REPARACAO_AUTOMOTIVA", "RAZAOSOCIAL": "CENTRO_AUTOMOTIVO_MICHIGAN_LTDA", "ENDEE": "RUA_FAUSTOLO47__AGUA_BRANCA_05041-000", "LMAPS": "https://www.google.com/maps?q=&layer=c&cbll=-23.5240163,-46.6859856", "O_QUE_FAZER": "FINALIZADO", "ER_REGIAO_CIDADE_min": "Capital Oeste_Lapa" }, "geometry": { "type": "Point", "coordinates": [ -46.6859856, -23.5240163 ] } },
{ "type": "Feature", "properties": { "fid": 40051, "CNPJ": "07112991000143", "IDCIDADE": "SAO_PAULO", "NOMEFANTASIA": "A2_OFFICE_MOVEIS", "RAZAOSOCIAL": "A2_OFFICE_MOVEIS_LTDA", "ENDEE": "RUA_ROMA291__LAPA_05050-090", "LMAPS": "https://www.google.com/maps?q=&layer=c&cbll=-23.5227461,-46.699389", "O_QUE_FAZER": "FINALIZADO", "ER_REGIAO_CIDADE_min": "Capital Oeste_Lapa" }, "geometry": { "type": "Point", "coordinates": [ -46.699389, -23.5227461 ] } },
{ "type": "Feature", "properties": { "fid": 40171, "CNPJ": "07129701000174", "IDCIDADE": "SAO_PAULO", "NOMEFANTASIA": "HOMEOFAR", "RAZAOSOCIAL": "HOMEOFAR_FARMACIA_DE_MANIPULACAO_LTDA", "ENDEE": "RUA_NOSSA_SENHORA_DA_LAPA49__LAPA_05072-000", "LMAPS": "https://www.google.com/maps?q=&layer=c&cbll=-23.5203607,-46.701436", "O_QUE_FAZER": "CARTEIRA", "ER_REGIAO_CIDADE_min": "Capital Oeste_Lapa" }, "geometry": { "type": "Point", "coordinates": [ -46.701436, -23.5203607 ] } },
{ "type": "Feature", "properties": { "fid": 41009, "CNPJ": "07238693000102", "IDCIDADE": "SAO PAULO", "NOMEFANTASIA": null, "RAZAOSOCIAL": "EDAMAR_STAMATO_BERGAMO_GONZAGA_DE_OLIVEIRA_SCHWARTZMANN_ALIMENTOS", "ENDEE": "RUA RUMAICA, 496, VILA IPOJUCA, 05057-020, SÃO PAULO, SP, BRASIL", "LMAPS": "https://www.google.com/maps?q=&layer=c&cbll=-23.5347334,-46.706871", "O_QUE_FAZER": "CARTEIRA - FAMPE", "ER_REGIAO_CIDADE_min": "Capital Oeste_Lapa" }, "geometry": { "type": "Point", "coordinates": [ -46.706871, -23.5347334 ] } },
{ "type": "Feature", "properties": { "fid": 41590, "CNPJ": "07308788000147", "IDCIDADE": "SAO_PAULO", "NOMEFANTASIA": "COPIADORA_OGAKI", "RAZAOSOCIAL": "M.Y._TOME_COMERCIO_E_FOTOCOPIA", "ENDEE": "RUA_ANTONIO_RAPOSO100__LAPA_05074-020", "LMAPS": "https://www.google.com/maps?q=&layer=c&cbll=-23.5212933,-46.70568", "O_QUE_FAZER": "CARTEIRA", "ER_REGIAO_CIDADE_min": "Capital Oeste_Lapa" }, "geometry": { "type": "Point", "coordinates": [ -46.70568, -23.5212933 ] } },
{ "type": "Feature", "properties": { "fid": 42081, "CNPJ": "07364251000102", "IDCIDADE": "SAO_PAULO", "NOMEFANTASIA": "CLINICA_HERA", "RAZAOSOCIAL": "FRADE'S_SERVICOS_MEDICOS_SS", "ENDEE": "RUA_MONTE_SERRAT1246__TATUAPE_03312-000", "LMAPS": "https://www.google.com/maps?q=&layer=c&cbll=-23.5199708,-46.6992315", "O_QUE_FAZER": "CARTEIRA", "ER_REGIAO_CIDADE_min": "Capital Oeste_Lapa" }, "geometry": { "type": "Point", "coordinates": [ -46.6992315, -23.5199708 ] } },
{ "type": "Feature", "properties": { "fid": 42268, "CNPJ": "07387546000196", "IDCIDADE": "SÃO PAULO", "NOMEFANTASIA": "PAPA DOMENICO PIZXARIA", "RAZAOSOCIAL": "FAMILIA PAPA DOMENICO PIZZARIA LTDA", "ENDEE": "RUA FREI HENRIQUE DE COIMBRA, 96, POMPEIA, 05043-040, SÃO PAULO, SP, BRASIL", "LMAPS": "https://www.google.com/maps?q=&layer=c&cbll=-23.5278167,-46.6909304", "O_QUE_FAZER": "APLICAR T2", "ER_REGIAO_CIDADE_min": "Capital Oeste_Lapa" }, "geometry": { "type": "Point", "coordinates": [ -46.6909304, -23.5278167 ] } },
{ "type": "Feature", "properties": { "fid": 42337, "CNPJ": "07394583000202", "IDCIDADE": "SAO_PAULO", "NOMEFANTASIA": "BUZATO_VIAGENS_E_TURISMO", "RAZAOSOCIAL": "BUZATO_VIAGENS_E_TURISMO_LTDA", "ENDEE": "RUA_TITO678__VILA_ROMANA_05051-000", "LMAPS": "https://www.google.com/maps?q=&layer=c&cbll=-23.5266907,-46.6951351", "O_QUE_FAZER": "CARTEIRA", "ER_REGIAO_CIDADE_min": "Capital Oeste_Lapa" }, "geometry": { "type": "Point", "coordinates": [ -46.6951351, -23.5266907 ] } },
{ "type": "Feature", "properties": { "fid": 42880, "CNPJ": "07456967000121", "IDCIDADE": "SAO_PAULO", "NOMEFANTASIA": "CASAS_MIRANDA", "RAZAOSOCIAL": "C.P._DE_M.N._COMERCIAL_LTDA", "ENDEE": "RUA_ANTONIO_RAPOSO12__LAPA_05074-020", "LMAPS": "https://www.google.com/maps?q=&layer=c&cbll=-23.5214636,-46.7049344", "O_QUE_FAZER": "CARTEIRA", "ER_REGIAO_CIDADE_min": "Capital Oeste_Lapa" }, "geometry": { "type": "Point", "coordinates": [ -46.7049344, -23.5214636 ] } },
{ "type": "Feature", "properties": { "fid": 44768, "CNPJ": "07689530000138", "IDCIDADE": "SAO_PAULO", "NOMEFANTASIA": "MYMO_MALHAS", "RAZAOSOCIAL": "NBC_COMERCIO_DE_ROUPAS_LTDA", "ENDEE": "RUA_MARTIM_TENORIO68__LAPA_05074-060", "LMAPS": "https://www.google.com/maps?q=&layer=c&cbll=-23.5197935,-46.7031258", "O_QUE_FAZER": "CARTEIRA", "ER_REGIAO_CIDADE_min": "Capital Oeste_Lapa" }, "geometry": { "type": "Point", "coordinates": [ -46.7031258, -23.5197935 ] } },
{ "type": "Feature", "properties": { "fid": 44798, "CNPJ": "07692805000192", "IDCIDADE": "SAO_PAULO", "NOMEFANTASIA": "SEPETIBA_PET_SHOP_COMERCIO_E_SERVICOS_DE_BANHO_E_TOSA_LTDA", "RAZAOSOCIAL": "SEPETIBA_PET_SHOP", "ENDEE": "RUA_SEPETIBA324__SICILIANO_05052-000", "LMAPS": "https://www.google.com/maps?q=&layer=c&cbll=-23.532004,-46.7020327", "O_QUE_FAZER": "FINALIZADO", "ER_REGIAO_CIDADE_min": "Capital Oeste_Lapa" }, "geometry": { "type": "Point", "coordinates": [ -46.7020327, -23.532004 ] } },
{ "type": "Feature", "properties": { "fid": 44851, "CNPJ": "07698763000105", "IDCIDADE": "SAO_PAULO", "NOMEFANTASIA": "NOVA_COMETA", "RAZAOSOCIAL": "NOVA_COMETA_COMERCIO_DE_PRODUTOS_ALIMENTICIOS_LTDA", "ENDEE": "RUA_CONRADO_MORESCHI77__LAPA_05072-010", "LMAPS": "https://www.google.com/maps?q=&layer=c&cbll=-23.519381,-46.7021508", "O_QUE_FAZER": "CARTEIRA", "ER_REGIAO_CIDADE_min": "Capital Oeste_Lapa" }, "geometry": { "type": "Point", "coordinates": [ -46.7021508, -23.519381 ] } },
{ "type": "Feature", "properties": { "fid": 44940, "CNPJ": "07706675000108", "IDCIDADE": "SAO_PAULO", "NOMEFANTASIA": "ECONOAGUA_COMERCIO_DE_PRODUTOS_ELETRONICOS,_HIDRAULICOS_E_MECANICOS_LTDA", "RAZAOSOCIAL": "ECINIOAQUA", "ENDEE": "RUA_DOMINGOS_RODRIGUES239__LAPA_05075-000", "LMAPS": "https://www.google.com/maps?q=&layer=c&cbll=-23.5203768,-46.7075417", "O_QUE_FAZER": "FINALIZADO", "ER_REGIAO_CIDADE_min": "Capital Oeste_Lapa" }, "geometry": { "type": "Point", "coordinates": [ -46.7075417, -23.5203768 ] } },
{ "type": "Feature", "properties": { "fid": 46250, "CNPJ": "07850314000122", "IDCIDADE": "SAO_PAULO", "NOMEFANTASIA": "PADARIA_MERCI", "RAZAOSOCIAL": "PADARIA_MERCI_VILA_ROMANA_LTDA", "ENDEE": "RUA_TITO492__VILA_ROMANA_05051-000", "LMAPS": "https://www.google.com/maps?q=&layer=c&cbll=-23.5280912,-46.6957389", "O_QUE_FAZER": "CARTEIRA", "ER_REGIAO_CIDADE_min": "Capital Oeste_Lapa" }, "geometry": { "type": "Point", "coordinates": [ -46.6957389, -23.5280912 ] } },
{ "type": "Feature", "properties": { "fid": 47222, "CNPJ": "07990843000121", "IDCIDADE": "SAO_PAULO", "NOMEFANTASIA": "RESTAURANTE_REAL", "RAZAOSOCIAL": "NUNES_&_SANTOS_LANCHONETE_E_RESTAURANTE_LTDA", "ENDEE": "RUA_DOMINGOS_RODRIGUES666__LAPA_05075-000", "LMAPS": "https://www.google.com/maps?q=&layer=c&cbll=-23.5242407,-46.7072918", "O_QUE_FAZER": "CARTEIRA", "ER_REGIAO_CIDADE_min": "Capital Oeste_Lapa" }, "geometry": { "type": "Point", "coordinates": [ -46.7072918, -23.5242407 ] } },
{ "type": "Feature", "properties": { "fid": 47554, "CNPJ": "08040298000175", "IDCIDADE": "SAO_PAULO", "NOMEFANTASIA": "KATARINA_RESTAURANTE", "RAZAOSOCIAL": "PETRUCHO_GRIL_RESTAURANTE_LTDA", "ENDEE": "PRACA_PROFESSOR_JOSE_AZEVEDO_ANTUNES19__LAPA_05072-050", "LMAPS": "https://www.google.com/maps?q=&layer=c&cbll=-23.5239712,-46.7049988", "O_QUE_FAZER": "CARTEIRA", "ER_REGIAO_CIDADE_min": "Capital Oeste_Lapa" }, "geometry": { "type": "Point", "coordinates": [ -46.7049988, -23.5239712 ] } },
{ "type": "Feature", "properties": { "fid": 47812, "CNPJ": "08070345000123", "IDCIDADE": "SAO_PAULO", "NOMEFANTASIA": "WM4_ESTACIONAMENTO", "RAZAOSOCIAL": "MARIA_DO_CEU_MENDES_SIWI_ESTACIONAMENTO_LTDA", "ENDEE": "RUA_GOMES_FREIRE576__LAPA_05075-010", "LMAPS": "https://www.google.com/maps?q=&layer=c&cbll=-23.5246367,-46.7082333", "O_QUE_FAZER": "CARTEIRA", "ER_REGIAO_CIDADE_min": "Capital Oeste_Lapa" }, "geometry": { "type": "Point", "coordinates": [ -46.7082333, -23.5246367 ] } },
{ "type": "Feature", "properties": { "fid": 47838, "CNPJ": "08074132000170", "IDCIDADE": "SAO_PAULO", "NOMEFANTASIA": "CAMBIO_FARIA", "RAZAOSOCIAL": "IRMAOS_FARIA_COMERCIO_DE_PECAS_E_SERVICOS_AUTOMOTIVOS_LTDA", "ENDEE": "RUA_CLELIA999__AGUA_BRANCA_05042-000", "LMAPS": "https://www.google.com/maps?q=&layer=c&cbll=-23.5250044,-46.6921973", "O_QUE_FAZER": "APLICAR T2", "ER_REGIAO_CIDADE_min": "Capital Oeste_Lapa" }, "geometry": { "type": "Point", "coordinates": [ -46.6921973, -23.5250044 ] } },
{ "type": "Feature", "properties": { "fid": 47996, "CNPJ": "08095426000188", "IDCIDADE": "SAO_PAULO", "NOMEFANTASIA": "BMG_MODAS", "RAZAOSOCIAL": "G._B._DE_MENEZES_-_VESTUARIO", "ENDEE": "RUA_CLEMENTE_ALVARES211__LAPA_05074-050", "LMAPS": "https://www.google.com/maps?q=&layer=c&cbll=-23.5204763,-46.7047285", "O_QUE_FAZER": "CARTEIRA", "ER_REGIAO_CIDADE_min": "Capital Oeste_Lapa" }, "geometry": { "type": "Point", "coordinates": [ -46.7047285, -23.5204763 ] } },
{ "type": "Feature", "properties": { "fid": 48007, "CNPJ": "08096654000172", "IDCIDADE": "SAO_PAULO", "NOMEFANTASIA": "KARINA_COMERCIO_DE_OCULOS", "RAZAOSOCIAL": "KADIMA_COMERCIO_DE_OCULOS_LTDA", "ENDEE": "RUA_DOZE_DE_OUTUBRO598__LAPA_08071-072", "LMAPS": "https://www.google.com/maps?q=&layer=c&cbll=-23.5230612,-46.7057889", "O_QUE_FAZER": "CARTEIRA", "ER_REGIAO_CIDADE_min": "Capital Oeste_Lapa" }, "geometry": { "type": "Point", "coordinates": [ -46.7057889, -23.5230612 ] } },
{ "type": "Feature", "properties": { "fid": 48292, "CNPJ": "08158794000128", "IDCIDADE": "SAO_PAULO", "NOMEFANTASIA": "PAI_E_FILHO_BOLSAS", "RAZAOSOCIAL": "B&M_COMERCIO_DE_BOLSAS_LTDA", "ENDEE": "RUA_DOUTOR_CINCINATO_POMPONET100__LAPA_05072-020", "LMAPS": "https://www.google.com/maps?q=&layer=c&cbll=-23.5197778,-46.7023455", "O_QUE_FAZER": "CARTEIRA", "ER_REGIAO_CIDADE_min": "Capital Oeste_Lapa" }, "geometry": { "type": "Point", "coordinates": [ -46.7023455, -23.5197778 ] } },
{ "type": "Feature", "properties": { "fid": 48470, "CNPJ": "08179891000105", "IDCIDADE": "SAO_PAULO", "NOMEFANTASIA": "OTICA_VEJA_BEM", "RAZAOSOCIAL": "OTICA_PACI_LTDA", "ENDEE": "RUA_CLEMENTE_ALVARES36__LAPA_05074-050", "LMAPS": "https://www.google.com/maps?q=&layer=c&cbll=-23.5210467,-46.7031133", "O_QUE_FAZER": "CARTEIRA", "ER_REGIAO_CIDADE_min": "Capital Oeste_Lapa" }, "geometry": { "type": "Point", "coordinates": [ -46.7031133, -23.5210467 ] } },
{ "type": "Feature", "properties": { "fid": 48562, "CNPJ": "08192078000167", "IDCIDADE": "SAO_PAULO", "NOMEFANTASIA": "ANDANDO_CALCADOS", "RAZAOSOCIAL": "VALDIR_MOROTE_COMERCIAL_LTDA", "ENDEE": "RUA_DOZE_DE_OUTUBRO309__LAPA_05073-001", "LMAPS": "https://www.google.com/maps?q=&layer=c&cbll=-23.5208724,-46.7043213", "O_QUE_FAZER": "APLICAR T4", "ER_REGIAO_CIDADE_min": "Capital Oeste_Lapa" }, "geometry": { "type": "Point", "coordinates": [ -46.7043213, -23.5208724 ] } },
{ "type": "Feature", "properties": { "fid": 48576, "CNPJ": "08193049000110", "IDCIDADE": "SAO_PAULO", "NOMEFANTASIA": "LAPA_PARK", "RAZAOSOCIAL": "ESTACIONAMENTO_PRN_LTDA", "ENDEE": "RUA_TONELERO359__VILA_IPOJUCA_05056-000", "LMAPS": "https://www.google.com/maps?q=&layer=c&cbll=-23.5312187,-46.7044454", "O_QUE_FAZER": "CARTEIRA", "ER_REGIAO_CIDADE_min": "Capital Oeste_Lapa" }, "geometry": { "type": "Point", "coordinates": [ -46.7044454, -23.5312187 ] } },
{ "type": "Feature", "properties": { "fid": 48678, "CNPJ": "08206030000160", "IDCIDADE": "SAO_PAULO", "NOMEFANTASIA": "SILCLEAN", "RAZAOSOCIAL": "SILCLEAN_SERVICOS_DE_ASSEIO_E_CONSERVACAO_LTDA", "ENDEE": "RUA_CONSTANCA97__AGUA_BRANCA_05033-020", "LMAPS": "https://www.google.com/maps?q=&layer=c&cbll=-23.5215926,-46.6966011", "O_QUE_FAZER": "CARTEIRA - FAMPE", "ER_REGIAO_CIDADE_min": "Capital Oeste_Lapa" }, "geometry": { "type": "Point", "coordinates": [ -46.6966011, -23.5215926 ] } },
{ "type": "Feature", "properties": { "fid": 48814, "CNPJ": "08221864000145", "IDCIDADE": "SAO_PAULO", "NOMEFANTASIA": "L&L_MODAS", "RAZAOSOCIAL": "JEZABEL_INACIA_DA_SILVA", "ENDEE": "RUA_DOZE_DE_OUTUBRO40__LAPA_08071-072", "LMAPS": "https://www.google.com/maps?q=&layer=c&cbll=-23.5184783,-46.7034967", "O_QUE_FAZER": "APLICAR T2", "ER_REGIAO_CIDADE_min": "Capital Oeste_Lapa" }, "geometry": { "type": "Point", "coordinates": [ -46.7034967, -23.5184783 ] } },
{ "type": "Feature", "properties": { "fid": 49176, "CNPJ": "08271268000170", "IDCIDADE": "SAO_PAULO", "NOMEFANTASIA": "RETIFICA_DE_CABECOTE_CORIOLANO", "RAZAOSOCIAL": "RETIFICA_DE_MOTORES_CORIOLANO_LTDA", "ENDEE": "RUA_CORIOLANO1999__VILA_ROMANA_05047-000", "LMAPS": "https://www.google.com/maps?q=&layer=c&cbll=-23.525495,-46.7049367", "O_QUE_FAZER": "CARTEIRA", "ER_REGIAO_CIDADE_min": "Capital Oeste_Lapa" }, "geometry": { "type": "Point", "coordinates": [ -46.7049367, -23.525495 ] } },
{ "type": "Feature", "properties": { "fid": 49178, "CNPJ": "08271564000170", "IDCIDADE": "SAO_PAULO", "NOMEFANTASIA": "M_&_M_MODAS", "RAZAOSOCIAL": "MADSON_LUIS_GOMES", "ENDEE": "AVENIDA_DIOGENES_RIBEIRO_DE_LIMA_3210_ALTO_DA_LAPA_05083-010_SAO_PAULO_BRASIL", "LMAPS": "https://www.google.com/maps?q=&layer=c&cbll=-23.5324918,-46.7190424", "O_QUE_FAZER": "FINALIZADO", "ER_REGIAO_CIDADE_min": "Capital Oeste_Lapa" }, "geometry": { "type": "Point", "coordinates": [ -46.7190424, -23.5324918 ] } },
{ "type": "Feature", "properties": { "fid": 49301, "CNPJ": "08288464000238", "IDCIDADE": "SAO_PAULO", "NOMEFANTASIA": "BEACH_IZZY", "RAZAOSOCIAL": "BEACH_IZZI_MODAS_LTDA", "ENDEE": "RUA_DOZE_DE_OUTUBRO224__LAPA_05073-000", "LMAPS": "https://www.google.com/maps?q=&layer=c&cbll=-23.5200141,-46.7042611", "O_QUE_FAZER": "CARTEIRA", "ER_REGIAO_CIDADE_min": "Capital Oeste_Lapa" }, "geometry": { "type": "Point", "coordinates": [ -46.7042611, -23.5200141 ] } },
{ "type": "Feature", "properties": { "fid": 49554, "CNPJ": "08322363000155", "IDCIDADE": "SAO_PAULO", "NOMEFANTASIA": "IMAGINART_BOLSAS_CALCADOS_E_ACESSORIOS", "RAZAOSOCIAL": "ADRIANA_DOS_SANTOS_COMERCIO_DE_BOLSAS_CALCADOS_E_ACESSORIOS", "ENDEE": "RUA_MONTEIRO_DE_MELO66__LAPA_05050-000", "LMAPS": "https://www.google.com/maps?q=&layer=c&cbll=-23.5219261,-46.7029555", "O_QUE_FAZER": "CARTEIRA", "ER_REGIAO_CIDADE_min": "Capital Oeste_Lapa" }, "geometry": { "type": "Point", "coordinates": [ -46.7029555, -23.5219261 ] } },
{ "type": "Feature", "properties": { "fid": 49936, "CNPJ": "08372797000160", "IDCIDADE": "SAO_PAULO", "NOMEFANTASIA": "PAPA_GRILLOS", "RAZAOSOCIAL": "PAPA_GRILLOS_COMERCIO_E_SERVICOS_LTDA", "ENDEE": "RUA_CLELIA1743__AGUA_BRANCA_05042-001", "LMAPS": "https://www.google.com/maps?q=&layer=c&cbll=-23.5252028,-46.6993791", "O_QUE_FAZER": "CARTEIRA", "ER_REGIAO_CIDADE_min": "Capital Oeste_Lapa" }, "geometry": { "type": "Point", "coordinates": [ -46.6993791, -23.5252028 ] } },
{ "type": "Feature", "properties": { "fid": 50304, "CNPJ": "08430102000159", "IDCIDADE": "SAO PAULO", "NOMEFANTASIA": "PSYCHO_N'_LOOK", "RAZAOSOCIAL": "PSYCHO_N'_LOOK_POS_PRODUCAO_LTDA", "ENDEE": "RUA DUILIO, 69, AGUA BRANCA, 05043-020, SÃO PAULO, SP, BRASIL", "LMAPS": "https://www.google.com/maps?q=&layer=c&cbll=-23.5234107,-46.6930051", "O_QUE_FAZER": "CARTEIRA - FAMPE", "ER_REGIAO_CIDADE_min": "Capital Oeste_Lapa" }, "geometry": { "type": "Point", "coordinates": [ -46.6930051, -23.5234107 ] } },
{ "type": "Feature", "properties": { "fid": 50709, "CNPJ": "08508948000164", "IDCIDADE": "SAO_PAULO", "NOMEFANTASIA": "UNIVERSO_DOS_REPAROS", "RAZAOSOCIAL": "TECNOHIDRO_COMERCIO_E_SERVICOS_HIDRAULICOS_E_ELETRICOS_LTDA", "ENDEE": "RUA_TONELERO1493__VILA_IPOJUCA_05056-000", "LMAPS": "https://www.google.com/maps?q=&layer=c&cbll=-23.5382067,-46.7059", "O_QUE_FAZER": "FINALIZADO", "ER_REGIAO_CIDADE_min": "Capital Oeste_Lapa" }, "geometry": { "type": "Point", "coordinates": [ -46.7059, -23.5382067 ] } },
{ "type": "Feature", "properties": { "fid": 51114, "CNPJ": "08606867000105", "IDCIDADE": "SAO_PAULO", "NOMEFANTASIA": "HIGH_TECH_SERVICE", "RAZAOSOCIAL": "CENTRO_TECNICO_AUTOMOTIVO_HIGH_TECH_SERVICE_COMERCIO_DE_PECAS_LTDA", "ENDEE": "RUA_GUAICURUS957__AGUA_BRANCA_05033-000", "LMAPS": "https://www.google.com/maps?q=&layer=c&cbll=-23.5226088,-46.6949004", "O_QUE_FAZER": "APLICAR T2", "ER_REGIAO_CIDADE_min": "Capital Oeste_Lapa" }, "geometry": { "type": "Point", "coordinates": [ -46.6949004, -23.5226088 ] } },
{ "type": "Feature", "properties": { "fid": 51559, "CNPJ": "08668401000126", "IDCIDADE": "SAO_PAULO", "NOMEFANTASIA": "VMG_ESTACIONAMENTO", "RAZAOSOCIAL": "MARCELO_ANDRE_DE_SOUSA_ESTACIONAMENTO", "ENDEE": "RUA_JOAQUIM_MACHADO87__LAPA_05050-010", "LMAPS": "https://www.google.com/maps?q=&layer=c&cbll=-23.5217827,-46.701313", "O_QUE_FAZER": "CARTEIRA", "ER_REGIAO_CIDADE_min": "Capital Oeste_Lapa" }, "geometry": { "type": "Point", "coordinates": [ -46.701313, -23.5217827 ] } },
{ "type": "Feature", "properties": { "fid": 51579, "CNPJ": "08671884000118", "IDCIDADE": "SAO_PAULO", "NOMEFANTASIA": "CASARAO_DO_OCULOS", "RAZAOSOCIAL": "CHEVY_OPTICAL_LENS_COMERCIO_DE_OCULOS_LTDA", "ENDEE": "RUA_MONTEIRO_DE_MELO454__LAPA_05050-000", "LMAPS": "https://www.google.com/maps?q=&layer=c&cbll=-23.5254579,-46.7031022", "O_QUE_FAZER": "FINALIZADO", "ER_REGIAO_CIDADE_min": "Capital Oeste_Lapa" }, "geometry": { "type": "Point", "coordinates": [ -46.7031022, -23.5254579 ] } },
{ "type": "Feature", "properties": { "fid": 51792, "CNPJ": "08698751000135", "IDCIDADE": "SAO PAULO", "NOMEFANTASIA": "SBK_GRÁFICA", "RAZAOSOCIAL": "SBK_GRÁFICA", "ENDEE": "RUA FAUSTOLO, 1118, LAPA, 05041-000, SÃO PAULO, BRASIL_05050-090", "LMAPS": "https://www.google.com/maps?q=&layer=c&cbll=-23.5228318,-46.7025424", "O_QUE_FAZER": "APLICAR T4", "ER_REGIAO_CIDADE_min": "Capital Oeste_Lapa" }, "geometry": { "type": "Point", "coordinates": [ -46.7025424, -23.5228318 ] } },
{ "type": "Feature", "properties": { "fid": 52261, "CNPJ": "08750354000165", "IDCIDADE": "SAO_PAULO", "NOMEFANTASIA": "LAVA_MIX", "RAZAOSOCIAL": "LAVA_MIX_SERVICOS_AUTOMOTIVOS_LTDA", "ENDEE": "RUA_FREI_HENRIQUE_DE_COIMBRA89__AGUA_BRANCA_05043-040", "LMAPS": "https://www.google.com/maps?q=&layer=c&cbll=-23.5278735,-46.6905748", "O_QUE_FAZER": "CARTEIRA", "ER_REGIAO_CIDADE_min": "Capital Oeste_Lapa" }, "geometry": { "type": "Point", "coordinates": [ -46.6905748, -23.5278735 ] } },
{ "type": "Feature", "properties": { "fid": 52415, "CNPJ": "08770295000197", "IDCIDADE": "SAO PAULO", "NOMEFANTASIA": "KEEP", "RAZAOSOCIAL": "KEEP", "ENDEE": "DOZE DE OUTUBRO_155_LAPA_SÃO PAULO_05073-001", "LMAPS": "https://www.google.com/maps?q=&layer=c&cbll=-23.5196843,-46.7036895", "O_QUE_FAZER": "APLICAR T4", "ER_REGIAO_CIDADE_min": "Capital Oeste_Lapa" }, "geometry": { "type": "Point", "coordinates": [ -46.7036895, -23.5196843 ] } },
{ "type": "Feature", "properties": { "fid": 52490, "CNPJ": "08779330000139", "IDCIDADE": "SAO_PAULO", "NOMEFANTASIA": "CENTRAL_DOS_CAPACETES", "RAZAOSOCIAL": "CENTRAL_DOS_CAPACETES_E_VISEIRAS_LTDA", "ENDEE": "RUA_GUAICURUS1118__AGUA_BRANCA_05033-000", "LMAPS": "https://www.google.com/maps?q=&layer=c&cbll=-23.5222791,-46.6964987", "O_QUE_FAZER": "APLICAR T2", "ER_REGIAO_CIDADE_min": "Capital Oeste_Lapa" }, "geometry": { "type": "Point", "coordinates": [ -46.6964987, -23.5222791 ] } },
{ "type": "Feature", "properties": { "fid": 52508, "CNPJ": "08781493000156", "IDCIDADE": "SAO_PAULO", "NOMEFANTASIA": "MEGA_FORMULA", "RAZAOSOCIAL": "MED_FORMULAS_FARMACIA_DE_MANIPULACAO_LTDA", "ENDEE": "RUA_BARAO_DE_JUNDIAI183__LAPA_05073-010", "LMAPS": "https://www.google.com/maps?q=&layer=c&cbll=-23.5245498,-46.706545", "O_QUE_FAZER": "APLICAR T2", "ER_REGIAO_CIDADE_min": "Capital Oeste_Lapa" }, "geometry": { "type": "Point", "coordinates": [ -46.706545, -23.5245498 ] } },
{ "type": "Feature", "properties": { "fid": 52534, "CNPJ": "08784680000193", "IDCIDADE": "SAO_PAULO", "NOMEFANTASIA": "CASA_DO_RALO", "RAZAOSOCIAL": "RIBEIRO_&_ROMIN_COMERCIO_DE_MATERIAIS_DE_CONSTRUCAO_LTDA", "ENDEE": "RUA_TONELERO400__VILA_IPOJUCA_05056-000", "LMAPS": "https://www.google.com/maps?q=&layer=c&cbll=-23.5314929,-46.7045604", "O_QUE_FAZER": "CARTEIRA", "ER_REGIAO_CIDADE_min": "Capital Oeste_Lapa" }, "geometry": { "type": "Point", "coordinates": [ -46.7045604, -23.5314929 ] } },
{ "type": "Feature", "properties": { "fid": 53134, "CNPJ": "08855882000189", "IDCIDADE": "SAO_PAULO", "NOMEFANTASIA": "VERA_BELA", "RAZAOSOCIAL": "COMERCIAL_DE_TECIDOS_VERA_LTDA", "ENDEE": "RUA_AFONSO_SARDINHA119__LAPA_05076-000", "LMAPS": "https://www.google.com/maps?q=&layer=c&cbll=-23.5227339,-46.7051563", "O_QUE_FAZER": "CARTEIRA", "ER_REGIAO_CIDADE_min": "Capital Oeste_Lapa" }, "geometry": { "type": "Point", "coordinates": [ -46.7051563, -23.5227339 ] } },
{ "type": "Feature", "properties": { "fid": 53327, "CNPJ": "08882225000120", "IDCIDADE": "SAO_PAULO", "NOMEFANTASIA": "THU_PLUS_SIZE", "RAZAOSOCIAL": "T_H_U_CONFECCOES_LTDA", "ENDEE": "RUA_GOMES_FREIRE515__LAPA_05075-010", "LMAPS": "https://www.google.com/maps?q=&layer=c&cbll=-23.5241253,-46.7083603", "O_QUE_FAZER": "CARTEIRA", "ER_REGIAO_CIDADE_min": "Capital Oeste_Lapa" }, "geometry": { "type": "Point", "coordinates": [ -46.7083603, -23.5241253 ] } },
{ "type": "Feature", "properties": { "fid": 53406, "CNPJ": "08891260000106", "IDCIDADE": "SAO_PAULO", "NOMEFANTASIA": "HARRISON", "RAZAOSOCIAL": "MONNALIZZA_LIMA_RODRIGUES", "ENDEE": "RUA_GEORGE_SMITH_298_LAPA_05074-010_SAO_PAULO_BRASIL", "LMAPS": "https://www.google.com/maps?q=&layer=c&cbll=-23.520227,-46.7054624", "O_QUE_FAZER": "FINALIZADO", "ER_REGIAO_CIDADE_min": "Capital Oeste_Lapa" }, "geometry": { "type": "Point", "coordinates": [ -46.7054624, -23.520227 ] } },
{ "type": "Feature", "properties": { "fid": 53422, "CNPJ": "08893939000134", "IDCIDADE": "SAO_PAULO", "NOMEFANTASIA": "BRUXELAS_TECIDOS", "RAZAOSOCIAL": "BRUXELAS_-_COMERCIO_DE_TECIDOS_PARA_DECORACAO_LTDA.", "ENDEE": "RUA_TITO809__VILA_ROMANA_05051-000", "LMAPS": "https://www.google.com/maps?q=&layer=c&cbll=-23.5289532,-46.6999661", "O_QUE_FAZER": "FINALIZADO", "ER_REGIAO_CIDADE_min": "Capital Oeste_Lapa" }, "geometry": { "type": "Point", "coordinates": [ -46.6999661, -23.5289532 ] } },
{ "type": "Feature", "properties": { "fid": 53512, "CNPJ": "08903750000185", "IDCIDADE": "SAO PAULO", "NOMEFANTASIA": "TOSQUINHO_LANCHES", "RAZAOSOCIAL": "TOSQUINHO_LANCHES_LTDA", "ENDEE": "RUA MARCO AURÉLIO, 243, VILA ROMANA, 05048-000, SÃO PAULO, SP, BRASIL", "LMAPS": "https://www.google.com/maps?q=&layer=c&cbll=-23.529263,-46.6992617", "O_QUE_FAZER": "APLICAR T2", "ER_REGIAO_CIDADE_min": "Capital Oeste_Lapa" }, "geometry": { "type": "Point", "coordinates": [ -46.6992617, -23.529263 ] } },
{ "type": "Feature", "properties": { "fid": 54175, "CNPJ": "08978467000112", "IDCIDADE": "SAO_PAULO", "NOMEFANTASIA": "J._N_COMERCIO_E_LOCACAO_LTDA", "RAZAOSOCIAL": "JN_SEX_SHOP", "ENDEE": "RUA_NOSSA_SENHORA_DA_LAPA153__LAPA_05072-000", "LMAPS": "https://www.google.com/maps?q=&layer=c&cbll=-23.5213222,-46.7027463", "O_QUE_FAZER": "FINALIZADO", "ER_REGIAO_CIDADE_min": "Capital Oeste_Lapa" }, "geometry": { "type": "Point", "coordinates": [ -46.7027463, -23.5213222 ] } },
{ "type": "Feature", "properties": { "fid": 54199, "CNPJ": "08980678000190", "IDCIDADE": "SAO_PAULO", "NOMEFANTASIA": "LD_EMBALAGENS", "RAZAOSOCIAL": "LOBATO_&_DOMINGUES_COMERCIO_DE_EMBALAGENS_LTDA", "ENDEE": "RUA_SCIPIAO223__VILA_ROMANA_05047-060", "LMAPS": "https://www.google.com/maps?q=&layer=c&cbll=-23.5232631,-46.6991328", "O_QUE_FAZER": "CARTEIRA", "ER_REGIAO_CIDADE_min": "Capital Oeste_Lapa" }, "geometry": { "type": "Point", "coordinates": [ -46.6991328, -23.5232631 ] } },
{ "type": "Feature", "properties": { "fid": 54375, "CNPJ": "09003149000107", "IDCIDADE": "SAO_PAULO", "NOMEFANTASIA": "SALAO_DE_BELEZA_NOVA_ERA", "RAZAOSOCIAL": "EDIVALDO_FRANCISCO_DA_SILVA", "ENDEE": "RUA_ALBION16__LAPA_05077-130", "LMAPS": "https://www.google.com/maps?q=&layer=c&cbll=-23.5233683,-46.7047017", "O_QUE_FAZER": "CARTEIRA", "ER_REGIAO_CIDADE_min": "Capital Oeste_Lapa" }, "geometry": { "type": "Point", "coordinates": [ -46.7047017, -23.5233683 ] } },
{ "type": "Feature", "properties": { "fid": 54387, "CNPJ": "09005789000148", "IDCIDADE": "SAO_PAULO", "NOMEFANTASIA": "ECO_DRY", "RAZAOSOCIAL": "AGUA_NA_ROUPA_LAVANDERIA_LTDA", "ENDEE": "RUA_TONELERO530__VILA_IPOJUCA_05056-000", "LMAPS": "https://www.google.com/maps?q=&layer=c&cbll=-23.5327639,-46.7045008", "O_QUE_FAZER": "CARTEIRA", "ER_REGIAO_CIDADE_min": "Capital Oeste_Lapa" }, "geometry": { "type": "Point", "coordinates": [ -46.7045008, -23.5327639 ] } },
{ "type": "Feature", "properties": { "fid": 54496, "CNPJ": "09024601000109", "IDCIDADE": "SAO PAULO", "NOMEFANTASIA": "BMG_MODAS", "RAZAOSOCIAL": "BMG_MODAS", "ENDEE": "CLEMENTE ÁLVARES, 211, LAPA, SÃO PAULO", "LMAPS": "https://www.google.com/maps?q=&layer=c&cbll=-23.5204597,-46.7048039", "O_QUE_FAZER": "APLICAR T2", "ER_REGIAO_CIDADE_min": "Capital Oeste_Lapa" }, "geometry": { "type": "Point", "coordinates": [ -46.7048039, -23.5204597 ] } },
{ "type": "Feature", "properties": { "fid": 54544, "CNPJ": "09039555000200", "IDCIDADE": "SAO_PAULO", "NOMEFANTASIA": "ARMARINHOS_SAO_FRANCISCO", "RAZAOSOCIAL": "S.F._NUNES_COSMETICOS", "ENDEE": "RUA_CLEMENTE_ALVARES380__LAPA_05074-050", "LMAPS": "https://www.google.com/maps?q=&layer=c&cbll=-23.5196778,-46.7061791", "O_QUE_FAZER": "CARTEIRA", "ER_REGIAO_CIDADE_min": "Capital Oeste_Lapa" }, "geometry": { "type": "Point", "coordinates": [ -46.7061791, -23.5196778 ] } },
{ "type": "Feature", "properties": { "fid": 54611, "CNPJ": "09046654000120", "IDCIDADE": "SAO_PAULO", "NOMEFANTASIA": "TECK_PRINTS_BRINDES__SERVICOS_DE_IMPRESSAO_E_DISTRIBUICAO_LTDA", "RAZAOSOCIAL": "TECK_PRINTS", "ENDEE": "RUA_DOMINGOS_RODRIGUES242__LAPA_05075-000", "LMAPS": "https://www.google.com/maps?q=&layer=c&cbll=-23.5204336,-46.7078366", "O_QUE_FAZER": "FINALIZADO", "ER_REGIAO_CIDADE_min": "Capital Oeste_Lapa" }, "geometry": { "type": "Point", "coordinates": [ -46.7078366, -23.5204336 ] } },
{ "type": "Feature", "properties": { "fid": 54688, "CNPJ": "09052993000110", "IDCIDADE": "SAO_PAULO", "NOMEFANTASIA": "JOTACE_PARK", "RAZAOSOCIAL": "JOTACE_-_ESTACIONAMENTO_E_LAVA_RAPIDO_LTDA", "ENDEE": "RUA_AURELIA214__LAPA_05046-000", "LMAPS": "https://www.google.com/maps?q=&layer=c&cbll=-23.5238847,-46.6979501", "O_QUE_FAZER": "CARTEIRA", "ER_REGIAO_CIDADE_min": "Capital Oeste_Lapa" }, "geometry": { "type": "Point", "coordinates": [ -46.6979501, -23.5238847 ] } },
{ "type": "Feature", "properties": { "fid": 54740, "CNPJ": "09058739000200", "IDCIDADE": "SAO_PAULO", "NOMEFANTASIA": "OTICAS_CAROL", "RAZAOSOCIAL": "KPN_COMERCIO_DE_OCULOS_LTDA", "ENDEE": "RUA_CATAO72__VILA_ROMANA_05049-000", "LMAPS": "https://www.google.com/maps?q=&layer=c&cbll=-23.5215284,-46.7007361", "O_QUE_FAZER": "CARTEIRA", "ER_REGIAO_CIDADE_min": "Capital Oeste_Lapa" }, "geometry": { "type": "Point", "coordinates": [ -46.7007361, -23.5215284 ] } },
{ "type": "Feature", "properties": { "fid": 54840, "CNPJ": "09067871000105", "IDCIDADE": "SAO_PAULO", "NOMEFANTASIA": "FOTOBRIL", "RAZAOSOCIAL": "FOTOBRIL_COMERCIO_DE_ELETRONICOS_E_SERVICOS_DIGITAIS_LTDA", "ENDEE": "RUA_CATAO72__VILA_ROMANA_05049-000", "LMAPS": "https://www.google.com/maps?q=&layer=c&cbll=-23.5211849,-46.7005804", "O_QUE_FAZER": "CARTEIRA", "ER_REGIAO_CIDADE_min": "Capital Oeste_Lapa" }, "geometry": { "type": "Point", "coordinates": [ -46.7005804, -23.5211849 ] } },
{ "type": "Feature", "properties": { "fid": 54848, "CNPJ": "09068621000181", "IDCIDADE": "SAO PAULO", "NOMEFANTASIA": null, "RAZAOSOCIAL": "JOKER_IND._E_COM._DE_BEBIDAS_LTDA", "ENDEE": "RUA BERNARDO GUIMARAES, 203, SALA 1, VILA ANASTACIO, 05092-030, SÃO PAULO, SP, BRASIL", "LMAPS": "https://www.google.com/maps?q=&layer=c&cbll=-23.514976,-46.7194368", "O_QUE_FAZER": "CARTEIRA - FAMPE", "ER_REGIAO_CIDADE_min": "Capital Oeste_Lapa" }, "geometry": { "type": "Point", "coordinates": [ -46.7194368, -23.514976 ] } },
{ "type": "Feature", "properties": { "fid": 55264, "CNPJ": "09107884000152", "IDCIDADE": "SAO_PAULO", "NOMEFANTASIA": "OTICA_BENETTI", "RAZAOSOCIAL": "FOYER_E_SOGNARE_COMERCIO_DE_PRODUTOS_OTICOS_LTDA", "ENDEE": "RUA_CLEMENTE_ALVARES322__LAPA_05074-050", "LMAPS": "https://www.google.com/maps?q=&layer=c&cbll=-23.519941,-46.7056899", "O_QUE_FAZER": "FINALIZADO", "ER_REGIAO_CIDADE_min": "Capital Oeste_Lapa" }, "geometry": { "type": "Point", "coordinates": [ -46.7056899, -23.519941 ] } },
{ "type": "Feature", "properties": { "fid": 55312, "CNPJ": "09112875000150", "IDCIDADE": "SAO_PAULO", "NOMEFANTASIA": "ONLINE_CARTUCHOS", "RAZAOSOCIAL": "ON-LINE_COMERCIO_SUPRIMENTOS_EM_INFORMATICA_LTDA", "ENDEE": "RUA_CLEMENTE_ALVARES500__LAPA_05074-050", "LMAPS": "https://www.google.com/maps?q=&layer=c&cbll=-23.5192736,-46.7071829", "O_QUE_FAZER": "APLICAR T4", "ER_REGIAO_CIDADE_min": "Capital Oeste_Lapa" }, "geometry": { "type": "Point", "coordinates": [ -46.7071829, -23.5192736 ] } },
{ "type": "Feature", "properties": { "fid": 55316, "CNPJ": "09113016000185", "IDCIDADE": "SAO_PAULO", "NOMEFANTASIA": "TEMPERO_DA_LAPA", "RAZAOSOCIAL": "BAR_E_LANCHES_TEMPERO_DA_LAPA_LTDA", "ENDEE": "RUA_CLEMENTE_ALVARES240__LAPA_05074-050", "LMAPS": "https://www.google.com/maps?q=&layer=c&cbll=-23.520201,-46.7049115", "O_QUE_FAZER": "FINALIZADO", "ER_REGIAO_CIDADE_min": "Capital Oeste_Lapa" }, "geometry": { "type": "Point", "coordinates": [ -46.7049115, -23.520201 ] } },
{ "type": "Feature", "properties": { "fid": 55777, "CNPJ": "09161869000192", "IDCIDADE": "SAO_PAULO", "NOMEFANTASIA": "SAPATARIA_GM", "RAZAOSOCIAL": "SAPATARIA_RAPIDA_GM_LTDA", "ENDEE": "RUA_CATAO190__VILA_ROMANA_05049-000", "LMAPS": "https://www.google.com/maps?q=&layer=c&cbll=-23.5224716,-46.7005007", "O_QUE_FAZER": "CARTEIRA", "ER_REGIAO_CIDADE_min": "Capital Oeste_Lapa" }, "geometry": { "type": "Point", "coordinates": [ -46.7005007, -23.5224716 ] } },
{ "type": "Feature", "properties": { "fid": 55803, "CNPJ": "09166113000136", "IDCIDADE": "SAO PAULO", "NOMEFANTASIA": "AUTO_ESCOLA_VITAL", "RAZAOSOCIAL": "CENTRO_DE_FORMACAO_DE_CONDUTORES_''B''_GUERREIRO_LTDA", "ENDEE": "BRIGADEIRO GAVIÃO PEIXOTO, 35, LAPA, SÃO PAULO_05078-000", "LMAPS": "https://www.google.com/maps?q=&layer=c&cbll=-23.5254741,-46.7105405", "O_QUE_FAZER": "APLICAR T4", "ER_REGIAO_CIDADE_min": "Capital Oeste_Lapa" }, "geometry": { "type": "Point", "coordinates": [ -46.7105405, -23.5254741 ] } },
{ "type": "Feature", "properties": { "fid": 56785, "CNPJ": "09276707000108", "IDCIDADE": "SAO_PAULO", "NOMEFANTASIA": "CASA_DE_PAES_VILLA_REAL", "RAZAOSOCIAL": "CASA_DE_PAES_VILLA_REAL_LTDA", "ENDEE": "PRACA_INCONFIDENTES21__AGUA_BRANCA_05041-060", "LMAPS": "https://www.google.com/maps?q=&layer=c&cbll=-23.5238958,-46.6854823", "O_QUE_FAZER": "CARTEIRA", "ER_REGIAO_CIDADE_min": "Capital Oeste_Lapa" }, "geometry": { "type": "Point", "coordinates": [ -46.6854823, -23.5238958 ] } },
{ "type": "Feature", "properties": { "fid": 56793, "CNPJ": "09277306000164", "IDCIDADE": "SAO_PAULO", "NOMEFANTASIA": "CASA_DAS_ALIANCAS", "RAZAOSOCIAL": "RELOJOARIA_E_OTICA_RAINNERI_LTDA", "ENDEE": "RUA_DOZE_DE_OUTUBRO303__LAPA_08071-072", "LMAPS": "https://www.google.com/maps?q=&layer=c&cbll=-23.520781,-46.7043749", "O_QUE_FAZER": "CARTEIRA", "ER_REGIAO_CIDADE_min": "Capital Oeste_Lapa" }, "geometry": { "type": "Point", "coordinates": [ -46.7043749, -23.520781 ] } },
{ "type": "Feature", "properties": { "fid": 57355, "CNPJ": "09343561000168", "IDCIDADE": "SAO_PAULO", "NOMEFANTASIA": "PRAIA_FIT", "RAZAOSOCIAL": "PRAIA_FIT_CONFECCOES_LTDA", "ENDEE": "RUA_CERRO_CORA1968__VILA_ROMANA_05061-300", "LMAPS": "https://www.google.com/maps?q=&layer=c&cbll=-23.535031,-46.7139628", "O_QUE_FAZER": "FINALIZADO", "ER_REGIAO_CIDADE_min": "Capital Oeste_Lapa" }, "geometry": { "type": "Point", "coordinates": [ -46.7139628, -23.535031 ] } },
{ "type": "Feature", "properties": { "fid": 57980, "CNPJ": "09410856000100", "IDCIDADE": "SAO_PAULO", "NOMEFANTASIA": "DIVINO_FOGAO", "RAZAOSOCIAL": "JJESX_RESTAURANTE_LTDA", "ENDEE": "RUA_CATAO72__VILA_ROMANA_05049-000", "LMAPS": "https://www.google.com/maps?q=&layer=c&cbll=-23.5211437,-46.7010403", "O_QUE_FAZER": "CARTEIRA", "ER_REGIAO_CIDADE_min": "Capital Oeste_Lapa" }, "geometry": { "type": "Point", "coordinates": [ -46.7010403, -23.5211437 ] } },
{ "type": "Feature", "properties": { "fid": 58201, "CNPJ": "09434203000160", "IDCIDADE": "SAO_PAULO", "NOMEFANTASIA": "LOJA_DO_TED", "RAZAOSOCIAL": "ENXOVAIS_NAVE_LTDA", "ENDEE": "RUA_DOZE_DE_OUTUBRO348__LAPA_05073-001", "LMAPS": "https://www.google.com/maps?q=&layer=c&cbll=-23.52166,-46.704315", "O_QUE_FAZER": "CARTEIRA", "ER_REGIAO_CIDADE_min": "Capital Oeste_Lapa" }, "geometry": { "type": "Point", "coordinates": [ -46.704315, -23.52166 ] } },
{ "type": "Feature", "properties": { "fid": 58297, "CNPJ": "09443462000158", "IDCIDADE": "SAO_PAULO", "NOMEFANTASIA": "BAR_DO_GAUCHO", "RAZAOSOCIAL": "OLIVEIRA_E_FRAIDER_BAR_E_LANCHES_LTDA", "ENDEE": "RUA_MONTEIRO_DE_MELO700__LAPA_05050-000", "LMAPS": "https://www.google.com/maps?q=&layer=c&cbll=-23.5276,-46.7036", "O_QUE_FAZER": "CARTEIRA", "ER_REGIAO_CIDADE_min": "Capital Oeste_Lapa" }, "geometry": { "type": "Point", "coordinates": [ -46.7036, -23.5276 ] } },
{ "type": "Feature", "properties": { "fid": 58358, "CNPJ": "09449094000155", "IDCIDADE": "SAO_PAULO", "NOMEFANTASIA": "RESTAURANTE_CHICKEN_S_LAPA_LTDA", "RAZAOSOCIAL": "7FAMILIA_COMIDA_CASEIRA", "ENDEE": "RUA_ALBION60__LAPA_05077-130", "LMAPS": "https://www.google.com/maps?q=&layer=c&cbll=-23.5233257,-46.7051751", "O_QUE_FAZER": "FINALIZADO", "ER_REGIAO_CIDADE_min": "Capital Oeste_Lapa" }, "geometry": { "type": "Point", "coordinates": [ -46.7051751, -23.5233257 ] } },
{ "type": "Feature", "properties": { "fid": 58411, "CNPJ": "09454580000161", "IDCIDADE": "SAO_PAULO", "NOMEFANTASIA": "ALBINO_PAPELARIA", "RAZAOSOCIAL": "ALBION_ARTES_E_PRESENTES_LTDA", "ENDEE": "RUA_ALBION89__LAPA_05077-130", "LMAPS": "https://www.google.com/maps?q=&layer=c&cbll=-23.5234614,-46.7053782", "O_QUE_FAZER": "APLICAR T2", "ER_REGIAO_CIDADE_min": "Capital Oeste_Lapa" }, "geometry": { "type": "Point", "coordinates": [ -46.7053782, -23.5234614 ] } },
{ "type": "Feature", "properties": { "fid": 58487, "CNPJ": "09461769000181", "IDCIDADE": "SAO_PAULO", "NOMEFANTASIA": "RESTAURANTE_QUINTA_DE_SANTA_MARIA", "RAZAOSOCIAL": "RESTAURANTE_QUINTA_DE_SANTA_MARIA_LTDA", "ENDEE": "RUA_CERRO_CORA1548__VILA_ROMANA_05061-000", "LMAPS": "https://www.google.com/maps?q=&layer=c&cbll=-23.5358996,-46.7097473", "O_QUE_FAZER": "CARTEIRA", "ER_REGIAO_CIDADE_min": "Capital Oeste_Lapa" }, "geometry": { "type": "Point", "coordinates": [ -46.7097473, -23.5358996 ] } },
{ "type": "Feature", "properties": { "fid": 59276, "CNPJ": "09547867000136", "IDCIDADE": "SAO_PAULO", "NOMEFANTASIA": "LANCHONETE_MINAS_COFFE", "RAZAOSOCIAL": "LANCHONETE_MINAS_COFFEE_LTDA", "ENDEE": "RUA_MONTEIRO_DE_MELO159__LAPA_05050-000", "LMAPS": "https://www.google.com/maps?q=&layer=c&cbll=-23.5228116,-46.7029024", "O_QUE_FAZER": "CARTEIRA", "ER_REGIAO_CIDADE_min": "Capital Oeste_Lapa" }, "geometry": { "type": "Point", "coordinates": [ -46.7029024, -23.5228116 ] } },
{ "type": "Feature", "properties": { "fid": 59277, "CNPJ": "09548015000163", "IDCIDADE": "SAO_PAULO", "NOMEFANTASIA": "TITAN_MOTOS", "RAZAOSOCIAL": "TITAN_VEICULOS_LTDA", "ENDEE": "RUA_CLELIA1833__AGUA_BRANCA_05042-001", "LMAPS": "https://www.google.com/maps?q=&layer=c&cbll=-23.5249133,-46.70037", "O_QUE_FAZER": "CARTEIRA", "ER_REGIAO_CIDADE_min": "Capital Oeste_Lapa" }, "geometry": { "type": "Point", "coordinates": [ -46.70037, -23.5249133 ] } },
{ "type": "Feature", "properties": { "fid": 60459, "CNPJ": "10171520000110", "IDCIDADE": "SAO_PAULO", "NOMEFANTASIA": "PRO_ELETRO", "RAZAOSOCIAL": "GABRIEL_GONZAGA_LINO", "ENDEE": "RUA_CLEMENTE_ALVARES17__LAPA_05074-050", "LMAPS": "https://www.google.com/maps?q=&layer=c&cbll=-23.52113,-46.7030667", "O_QUE_FAZER": "CARTEIRA", "ER_REGIAO_CIDADE_min": "Capital Oeste_Lapa" }, "geometry": { "type": "Point", "coordinates": [ -46.7030667, -23.52113 ] } },
{ "type": "Feature", "properties": { "fid": 60460, "CNPJ": "10171520000200", "IDCIDADE": "SAO_PAULO", "NOMEFANTASIA": "PRO_PEL_PAPELARIA", "RAZAOSOCIAL": "GABRIEL_GONZAGA_LINO", "ENDEE": "RUA_DRONSFIELD237__LAPA_05074-000", "LMAPS": "https://www.google.com/maps?q=&layer=c&cbll=-23.5190267,-46.7049483", "O_QUE_FAZER": "CARTEIRA", "ER_REGIAO_CIDADE_min": "Capital Oeste_Lapa" }, "geometry": { "type": "Point", "coordinates": [ -46.7049483, -23.5190267 ] } },
{ "type": "Feature", "properties": { "fid": 61056, "CNPJ": "10261944000176", "IDCIDADE": "SAO_PAULO", "NOMEFANTASIA": "SALVANTEMOTOD", "RAZAOSOCIAL": "BODANI_COMERCIO_DE_MOTOCICLETAS_LTDA", "ENDEE": "RUA_CLELIA2153__AGUA_BRANCA_05042-000", "LMAPS": "https://www.google.com/maps?q=&layer=c&cbll=-23.52488,-46.7034169", "O_QUE_FAZER": "FINALIZADO", "ER_REGIAO_CIDADE_min": "Capital Oeste_Lapa" }, "geometry": { "type": "Point", "coordinates": [ -46.7034169, -23.52488 ] } },
{ "type": "Feature", "properties": { "fid": 61402, "CNPJ": "10296826000101", "IDCIDADE": "SAO_PAULO", "NOMEFANTASIA": "SERCOM_NAUTICA", "RAZAOSOCIAL": "SERCOM_NAUTICA_COMERCIO_VAREJISTA_DE_JET_SKI_LTDA", "ENDEE": "RUA_CARIJOS29__AGUA_BRANCA_05033-010", "LMAPS": "https://www.google.com/maps?q=&layer=c&cbll=-23.5224733,-46.6897667", "O_QUE_FAZER": "APLICAR T2", "ER_REGIAO_CIDADE_min": "Capital Oeste_Lapa" }, "geometry": { "type": "Point", "coordinates": [ -46.6897667, -23.5224733 ] } },
{ "type": "Feature", "properties": { "fid": 61531, "CNPJ": "10310430000163", "IDCIDADE": "SAO_PAULO", "NOMEFANTASIA": "CASA_ILE_AXE_MIRIN", "RAZAOSOCIAL": "CASA_ILE_AXE_MIRIM_COMERCIO_DE_PRODUTOS_RELIGIOSOS_LTDA", "ENDEE": "RUA_DRONSFIELD53__LAPA_05074-000", "LMAPS": "https://www.google.com/maps?q=&layer=c&cbll=-23.5197231,-46.7034741", "O_QUE_FAZER": "CARTEIRA", "ER_REGIAO_CIDADE_min": "Capital Oeste_Lapa" }, "geometry": { "type": "Point", "coordinates": [ -46.7034741, -23.5197231 ] } },
{ "type": "Feature", "properties": { "fid": 61716, "CNPJ": "10327985000118", "IDCIDADE": "SAO_PAULO", "NOMEFANTASIA": "LAPA_EMBALAGENS", "RAZAOSOCIAL": "DANIELI_DE_ARAUJO_GUIRELLI", "ENDEE": "RUA_MONTEIRO_DE_MELO424__LAPA_05050-000", "LMAPS": "https://www.google.com/maps?q=&layer=c&cbll=-23.5260367,-46.7023467", "O_QUE_FAZER": "CARTEIRA", "ER_REGIAO_CIDADE_min": "Capital Oeste_Lapa" }, "geometry": { "type": "Point", "coordinates": [ -46.7023467, -23.5260367 ] } },
{ "type": "Feature", "properties": { "fid": 61826, "CNPJ": "10343568000169", "IDCIDADE": "SAO_PAULO", "NOMEFANTASIA": "STUDIO_CORPO_ATIVO_LTDA", "RAZAOSOCIAL": "STUDIO_CORPO_ATIVO", "ENDEE": "RUA_CLELIA907__BARRA_FUNDA_05042-000", "LMAPS": "https://www.google.com/maps?q=&layer=c&cbll=-23.5250536,-46.6913071", "O_QUE_FAZER": "FINALIZADO", "ER_REGIAO_CIDADE_min": "Capital Oeste_Lapa" }, "geometry": { "type": "Point", "coordinates": [ -46.6913071, -23.5250536 ] } },
{ "type": "Feature", "properties": { "fid": 62040, "CNPJ": "10365549000133", "IDCIDADE": "SAO_PAULO", "NOMEFANTASIA": "RESTAURANTE_E_LANCHONETE_ESTRELA_DA_TITO", "RAZAOSOCIAL": "ESTRELA_DA_TITO_LANCHONETE_LTDA", "ENDEE": "RUA_TITO638__VILA_ROMANA_05051-000", "LMAPS": "https://www.google.com/maps?q=&layer=c&cbll=-23.5266907,-46.6951351", "O_QUE_FAZER": "CARTEIRA", "ER_REGIAO_CIDADE_min": "Capital Oeste_Lapa" }, "geometry": { "type": "Point", "coordinates": [ -46.6951351, -23.5266907 ] } },
{ "type": "Feature", "properties": { "fid": 62044, "CNPJ": "10365764000134", "IDCIDADE": "SAO_PAULO", "NOMEFANTASIA": "BAR_PIT_STOP_ARAUJO_LTDA", "RAZAOSOCIAL": "BAR_BIT_STOP", "ENDEE": "RUA_MARTINHO_DE_CAMPOS289__VILA_ANASTACIO_05093-050", "LMAPS": "https://www.google.com/maps?q=&layer=c&cbll=-23.5158349,-46.720864", "O_QUE_FAZER": "FINALIZADO", "ER_REGIAO_CIDADE_min": "Capital Oeste_Lapa" }, "geometry": { "type": "Point", "coordinates": [ -46.720864, -23.5158349 ] } },
{ "type": "Feature", "properties": { "fid": 62101, "CNPJ": "10370535000108", "IDCIDADE": "SAO_PAULO", "NOMEFANTASIA": "ACTIVE_TI_COM._E_SERVICOS_PROFISSIONAIS_LTDA", "RAZAOSOCIAL": "ACTIVE_TI_COMERCIO_E_SERVICOS", "ENDEE": "RUA_CATAO128__VILA_ROMANA_05049-000", "LMAPS": "https://www.google.com/maps?q=&layer=c&cbll=-23.5219996,-46.7008154", "O_QUE_FAZER": "FINALIZADO", "ER_REGIAO_CIDADE_min": "Capital Oeste_Lapa" }, "geometry": { "type": "Point", "coordinates": [ -46.7008154, -23.5219996 ] } },
{ "type": "Feature", "properties": { "fid": 62102, "CNPJ": "10370565000203", "IDCIDADE": "SAO_PAULO", "NOMEFANTASIA": "OSA_EMBALAGENS", "RAZAOSOCIAL": "O.S.A._COMERCIO_DE_EMBALAGENS_E_DESCARTAVEIS_LTDA", "ENDEE": "RUA_NOSSA_SENHORA_DA_LAPA43__LAPA_05072-000", "LMAPS": "https://www.google.com/maps?q=&layer=c&cbll=-23.520567,-46.7017744", "O_QUE_FAZER": "CARTEIRA", "ER_REGIAO_CIDADE_min": "Capital Oeste_Lapa" }, "geometry": { "type": "Point", "coordinates": [ -46.7017744, -23.520567 ] } },
{ "type": "Feature", "properties": { "fid": 62175, "CNPJ": "10376618000104", "IDCIDADE": "SAO_PAULO", "NOMEFANTASIA": "SEMPRE_BELA_COSMETICOS", "RAZAOSOCIAL": "INSTINTO_-_PERFUMARIA_E_COSMETICOS_LTDA", "ENDEE": "RUA_MARTIM_TENORIO77__LAPA_05074-060", "LMAPS": "https://www.google.com/maps?q=&layer=c&cbll=-23.5201539,-46.702881", "O_QUE_FAZER": "CARTEIRA", "ER_REGIAO_CIDADE_min": "Capital Oeste_Lapa" }, "geometry": { "type": "Point", "coordinates": [ -46.702881, -23.5201539 ] } },
{ "type": "Feature", "properties": { "fid": 62632, "CNPJ": "10417575000168", "IDCIDADE": "SAO_PAULO", "NOMEFANTASIA": "ODONTO_LAPA", "RAZAOSOCIAL": "CAMILLA_SANSEVERINO_SERVICOS_ODONTOLOGICOS_LTDA", "ENDEE": "RUA_BRIGADEIRO_GAVIAO_PEIXOTO52__LAPA_05078-000", "LMAPS": "https://www.google.com/maps?q=&layer=c&cbll=-23.525218,-46.7106601", "O_QUE_FAZER": "CARTEIRA", "ER_REGIAO_CIDADE_min": "Capital Oeste_Lapa" }, "geometry": { "type": "Point", "coordinates": [ -46.7106601, -23.525218 ] } },
{ "type": "Feature", "properties": { "fid": 63163, "CNPJ": "10473034000157", "IDCIDADE": "SAO_PAULO", "NOMEFANTASIA": "JUAN_E_CAMILA_BOMBONIERE", "RAZAOSOCIAL": "MERCADINHO_JUAN_&_CAMILA_LTDA", "ENDEE": "RUA_JOAQUIM_MACHADO118__LAPA_05050-010", "LMAPS": "https://www.google.com/maps?q=&layer=c&cbll=-23.5216967,-46.70157", "O_QUE_FAZER": "CARTEIRA", "ER_REGIAO_CIDADE_min": "Capital Oeste_Lapa" }, "geometry": { "type": "Point", "coordinates": [ -46.70157, -23.5216967 ] } },
{ "type": "Feature", "properties": { "fid": 63584, "CNPJ": "10518308000187", "IDCIDADE": "SAO PAULO", "NOMEFANTASIA": "OTICA_VENEZA", "RAZAOSOCIAL": "OTICA_VENEZA_LAPA_LTDA", "ENDEE": "DOZE DE OUTUBRO, 689, LAPA, SÃO PAULO_05073-001", "LMAPS": "https://www.google.com/maps?q=&layer=c&cbll=-23.5239127,-46.7059096", "O_QUE_FAZER": "APLICAR T4", "ER_REGIAO_CIDADE_min": "Capital Oeste_Lapa" }, "geometry": { "type": "Point", "coordinates": [ -46.7059096, -23.5239127 ] } },
{ "type": "Feature", "properties": { "fid": 64245, "CNPJ": "10599338000165", "IDCIDADE": "SAO_PAULO", "NOMEFANTASIA": "RESTAURANTE_E_LANCHONETE_FAUSTOLO", "RAZAOSOCIAL": "NOVA_FAUSTOLO_BAR_E_LANCHONETE_LTDA", "ENDEE": "RUA_FAUSTOLO1284__LAPA_05041-000", "LMAPS": "https://www.google.com/maps?q=&layer=c&cbll=-23.523813,-46.6977935", "O_QUE_FAZER": "CARTEIRA", "ER_REGIAO_CIDADE_min": "Capital Oeste_Lapa" }, "geometry": { "type": "Point", "coordinates": [ -46.6977935, -23.523813 ] } },
{ "type": "Feature", "properties": { "fid": 64377, "CNPJ": "10612921000169", "IDCIDADE": "SAO_PAULO", "NOMEFANTASIA": "SELLAR_REPRESENTACAO_E_ADMINISTRACAO_IMOBILIARIA_LTDA", "RAZAOSOCIAL": "SELLAR_REPRESENTACAO_E_ADMINISTRACAO_IMOBILIARIA_LTDA", "ENDEE": "RUA_VESPASIANO344__VILA_ROMANA_05044-050", "LMAPS": "https://www.google.com/maps?q=&layer=c&cbll=-23.5256804,-46.695655", "O_QUE_FAZER": "FINALIZADO", "ER_REGIAO_CIDADE_min": "Capital Oeste_Lapa" }, "geometry": { "type": "Point", "coordinates": [ -46.695655, -23.5256804 ] } },
{ "type": "Feature", "properties": { "fid": 64931, "CNPJ": "10670992000118", "IDCIDADE": "SAO_PAULO", "NOMEFANTASIA": "UNIAO_FASHION_HAIR", "RAZAOSOCIAL": "LUZAMIRA_DE_SOUZA_PINTO_PEREIRA", "ENDEE": "RUA_TRAJANO213__LAPA_05050-110", "LMAPS": "https://www.google.com/maps?q=&layer=c&cbll=-23.5223164,-46.701816", "O_QUE_FAZER": "CARTEIRA", "ER_REGIAO_CIDADE_min": "Capital Oeste_Lapa" }, "geometry": { "type": "Point", "coordinates": [ -46.701816, -23.5223164 ] } },
{ "type": "Feature", "properties": { "fid": 65234, "CNPJ": "10701280000119", "IDCIDADE": "SAO_PAULO", "NOMEFANTASIA": "LUNABLU", "RAZAOSOCIAL": "INOVARE_INDUSTRIA_E_COMERCIO_DE_PRODUTOS_DE_BELEZA_E_SERVICOS_LTDA.", "ENDEE": "RUA_SAO_BENEDITO408__SANTO_AMARO_08320-690", "LMAPS": "https://www.google.com/maps?q=&layer=c&cbll=-23.522154,-46.7004923", "O_QUE_FAZER": "CARTEIRA", "ER_REGIAO_CIDADE_min": "Capital Oeste_Lapa" }, "geometry": { "type": "Point", "coordinates": [ -46.7004923, -23.522154 ] } },
{ "type": "Feature", "properties": { "fid": 65378, "CNPJ": "10715017000189", "IDCIDADE": "SAO_PAULO", "NOMEFANTASIA": "OTICAS_EQUILIBRIUM", "RAZAOSOCIAL": "SOTTO_TEIXEIRA_OTICA_E_SERVICOS_LTDA", "ENDEE": "RUA_DOMINGOS_RODRIGUES526__LAPA_05075-000", "LMAPS": "https://www.google.com/maps?q=&layer=c&cbll=-23.5229367,-46.7074217", "O_QUE_FAZER": "APLICAR T2", "ER_REGIAO_CIDADE_min": "Capital Oeste_Lapa" }, "geometry": { "type": "Point", "coordinates": [ -46.7074217, -23.5229367 ] } },
{ "type": "Feature", "properties": { "fid": 65514, "CNPJ": "10728043000141", "IDCIDADE": "SAO_PAULO", "NOMEFANTASIA": "GB_COPIADORA", "RAZAOSOCIAL": "GIGABAYT_SERVICOS_DE_COPIAS_LTDA", "ENDEE": "RUA_ANTONIO_RAPOSO74__LAPA_05074-020", "LMAPS": "https://www.google.com/maps?q=&layer=c&cbll=-23.5213225,-46.705487", "O_QUE_FAZER": "FINALIZADO", "ER_REGIAO_CIDADE_min": "Capital Oeste_Lapa" }, "geometry": { "type": "Point", "coordinates": [ -46.705487, -23.5213225 ] } },
{ "type": "Feature", "properties": { "fid": 65543, "CNPJ": "10732083000167", "IDCIDADE": "SAO_PAULO", "NOMEFANTASIA": "MORGADO_ARTES_360_LTDA", "RAZAOSOCIAL": "MORGADO_ARTES", "ENDEE": "RUA_RUMAICA18__VILA_IPOJUCA_05057-020", "LMAPS": "https://www.google.com/maps?q=&layer=c&cbll=-23.531382,-46.708487", "O_QUE_FAZER": "FINALIZADO", "ER_REGIAO_CIDADE_min": "Capital Oeste_Lapa" }, "geometry": { "type": "Point", "coordinates": [ -46.708487, -23.531382 ] } },
{ "type": "Feature", "properties": { "fid": 65577, "CNPJ": "10735571000128", "IDCIDADE": "SAO_PAULO", "NOMEFANTASIA": "CENTRO_AUTOMOTIVO_CONFIANZZA", "RAZAOSOCIAL": "CENTRO_AUTOMOTIVO_CONFIANZA_REPARACAO_DE_VEICULOS_LTDA", "ENDEE": "RUA_FRANCISCO_ALVES152__VILA_ROMANA_08342-060", "LMAPS": "https://www.google.com/maps?q=&layer=c&cbll=-23.5271995,-46.7023861", "O_QUE_FAZER": "CARTEIRA", "ER_REGIAO_CIDADE_min": "Capital Oeste_Lapa" }, "geometry": { "type": "Point", "coordinates": [ -46.7023861, -23.5271995 ] } },
{ "type": "Feature", "properties": { "fid": 65823, "CNPJ": "10756572000159", "IDCIDADE": "SAO_PAULO", "NOMEFANTASIA": "EMPORIUM_DAS_FRALDAS", "RAZAOSOCIAL": "DINIZ_EMPORIO_DAS_FRALDAS_LTDA.", "ENDEE": "RUA_CLEMENTE_ALVARES383__LAPA_05074-050", "LMAPS": "https://www.google.com/maps?q=&layer=c&cbll=-23.5199815,-46.7062858", "O_QUE_FAZER": "APLICAR T4", "ER_REGIAO_CIDADE_min": "Capital Oeste_Lapa" }, "geometry": { "type": "Point", "coordinates": [ -46.7062858, -23.5199815 ] } },
{ "type": "Feature", "properties": { "fid": 66325, "CNPJ": "10812447000119", "IDCIDADE": "SAO_PAULO", "NOMEFANTASIA": "DEKRA_VISTORIAS", "RAZAOSOCIAL": "TAG_VISTORIAS_LTDA", "ENDEE": "RUA_ROMA218__LAPA_05050-090", "LMAPS": "https://www.google.com/maps?q=&layer=c&cbll=-23.5227265,-46.6987186", "O_QUE_FAZER": "FINALIZADO", "ER_REGIAO_CIDADE_min": "Capital Oeste_Lapa" }, "geometry": { "type": "Point", "coordinates": [ -46.6987186, -23.5227265 ] } },
{ "type": "Feature", "properties": { "fid": 66569, "CNPJ": "10835779000119", "IDCIDADE": "SAO_PAULO", "NOMEFANTASIA": "DIGITAL_MOTA", "RAZAOSOCIAL": "ISAIAS_MOTA_DA_CRUZ", "ENDEE": "RUA_CLEMENTE_ALVARES244__LAPA_05074-050", "LMAPS": "https://www.google.com/maps?q=&layer=c&cbll=-23.5202418,-46.7049502", "O_QUE_FAZER": "APLICAR T4", "ER_REGIAO_CIDADE_min": "Capital Oeste_Lapa" }, "geometry": { "type": "Point", "coordinates": [ -46.7049502, -23.5202418 ] } },
{ "type": "Feature", "properties": { "fid": 66829, "CNPJ": "10863003000102", "IDCIDADE": "SAO PAULO", "NOMEFANTASIA": "BOTECO_DO_LARGO", "RAZAOSOCIAL": "BOTECO_DO_LARGO_LTDA", "ENDEE": "LARGO DA LAPA, 24, LAPA, 05069-030, SÃO PAULO, SP, BRASIL", "LMAPS": "https://www.google.com/maps?q=&layer=c&cbll=-23.515739,-46.7047036", "O_QUE_FAZER": "CARTEIRA - FAMPE", "ER_REGIAO_CIDADE_min": "Capital Oeste_Lapa" }, "geometry": { "type": "Point", "coordinates": [ -46.7047036, -23.515739 ] } },
{ "type": "Feature", "properties": { "fid": 67190, "CNPJ": "10901408000600", "IDCIDADE": "SAO_PAULO", "NOMEFANTASIA": "SONHOS_DOURADOS_COLCHOES", "RAZAOSOCIAL": "QUIPAPA_COLCHOES_LTDA", "ENDEE": "RUA_MONTEIRO_DE_MELO182__LAPA_05050-000", "LMAPS": "https://www.google.com/maps?q=&layer=c&cbll=-23.5229543,-46.7029955", "O_QUE_FAZER": "APLICAR T2", "ER_REGIAO_CIDADE_min": "Capital Oeste_Lapa" }, "geometry": { "type": "Point", "coordinates": [ -46.7029955, -23.5229543 ] } },
{ "type": "Feature", "properties": { "fid": 67452, "CNPJ": "10928251000194", "IDCIDADE": "SAO PAULO", "NOMEFANTASIA": "HIGH_LAPA_CAFÉ", "RAZAOSOCIAL": "HIGH_LAPA_CAFÉ", "ENDEE": "PIO XI_688_ALTO DA LAPA_SÃO PAULO_05060-000", "LMAPS": "https://www.google.com/maps?q=&layer=c&cbll=-23.5297827,-46.7117005", "O_QUE_FAZER": "APLICAR T4", "ER_REGIAO_CIDADE_min": "Capital Oeste_Lapa" }, "geometry": { "type": "Point", "coordinates": [ -46.7117005, -23.5297827 ] } },
{ "type": "Feature", "properties": { "fid": 67842, "CNPJ": "10976398000150", "IDCIDADE": "SAO_PAULO", "NOMEFANTASIA": "CENTRO_AUTOMOTIVO_3G", "RAZAOSOCIAL": "ADRIANA_DONIZETE_DE_CAMPOS_LEME", "ENDEE": "RUA_FRANCISCO_ALVES198__VILA_ROMANA_08342-060", "LMAPS": "https://www.google.com/maps?q=&layer=c&cbll=-23.5275892,-46.7023936", "O_QUE_FAZER": "CARTEIRA", "ER_REGIAO_CIDADE_min": "Capital Oeste_Lapa" }, "geometry": { "type": "Point", "coordinates": [ -46.7023936, -23.5275892 ] } },
{ "type": "Feature", "properties": { "fid": 68453, "CNPJ": "11045800000145", "IDCIDADE": "SAO_PAULO", "NOMEFANTASIA": "MAGALHAES_ESTACIONAMENTO", "RAZAOSOCIAL": "MAVAL_ESTACIONAMENTO_LTDA", "ENDEE": "RUA_TITO1675__VILA_ROMANA_05051-001", "LMAPS": "https://www.google.com/maps?q=&layer=c&cbll=-23.5271846,-46.7079925", "O_QUE_FAZER": "CARTEIRA", "ER_REGIAO_CIDADE_min": "Capital Oeste_Lapa" }, "geometry": { "type": "Point", "coordinates": [ -46.7079925, -23.5271846 ] } },
{ "type": "Feature", "properties": { "fid": 68710, "CNPJ": "11076183000145", "IDCIDADE": "SÃO PAULO", "NOMEFANTASIA": "ESPACO CULTURAL MO LI HUA", "RAZAOSOCIAL": "YASMINE ZAITUNE VITIELLO", "ENDEE": "RUA FÁBIA, 248, VILA ROMANA, 05051-030, SÃO PAULO, SP, BRASIL", "LMAPS": "https://www.google.com/maps?q=&layer=c&cbll=-23.5270826,-46.6935738", "O_QUE_FAZER": "APLICAR T2", "ER_REGIAO_CIDADE_min": "Capital Oeste_Lapa" }, "geometry": { "type": "Point", "coordinates": [ -46.6935738, -23.5270826 ] } },
{ "type": "Feature", "properties": { "fid": 68724, "CNPJ": "11077528000185", "IDCIDADE": "SAO_PAULO", "NOMEFANTASIA": "ELITE_BATERIAS", "RAZAOSOCIAL": "ELITE_BATERIAS_PECAS_E_SERVICOS_LTDA", "ENDEE": "RUA_CLELIA1626__AGUA_BRANCA_05042-000", "LMAPS": "https://www.google.com/maps?q=&layer=c&cbll=-23.5251727,-46.6982432", "O_QUE_FAZER": "APLICAR T4", "ER_REGIAO_CIDADE_min": "Capital Oeste_Lapa" }, "geometry": { "type": "Point", "coordinates": [ -46.6982432, -23.5251727 ] } },
{ "type": "Feature", "properties": { "fid": 68742, "CNPJ": "11080101000136", "IDCIDADE": "SAO PAULO", "NOMEFANTASIA": "JRC_IMPORTS", "RAZAOSOCIAL": "PANOTEC_COMERCIO_DE_TECIDOS_LTDA", "ENDEE": "NOSSA SENHORA DA LAPA, 259, LAPA, SÃO PAULO_05072-000", "LMAPS": "https://www.google.com/maps?q=&layer=c&cbll=-23.5220418,-46.7034229", "O_QUE_FAZER": "FINALIZADO", "ER_REGIAO_CIDADE_min": "Capital Oeste_Lapa" }, "geometry": { "type": "Point", "coordinates": [ -46.7034229, -23.5220418 ] } },
{ "type": "Feature", "properties": { "fid": 68754, "CNPJ": "11082186000191", "IDCIDADE": "SAO_PAULO", "NOMEFANTASIA": "HENRIMARPLAST_COMERCIO_E_PRESTACAO_DE_SERVICOS_DE_EMBALAGENS_LTDA", "RAZAOSOCIAL": "HENRIMARPLAST_COMERCIO_E_PRESTACAO_DE_SERVICOS_DE_EMBALAGENS_LTDA", "ENDEE": "RUA_TONELERO1451__VILA_IPOJUCA_05056-001", "LMAPS": "https://www.google.com/maps?q=&layer=c&cbll=-23.5380368,-46.7062532", "O_QUE_FAZER": "FINALIZADO", "ER_REGIAO_CIDADE_min": "Capital Oeste_Lapa" }, "geometry": { "type": "Point", "coordinates": [ -46.7062532, -23.5380368 ] } },
{ "type": "Feature", "properties": { "fid": 69010, "CNPJ": "11118584000110", "IDCIDADE": "SAO_PAULO", "NOMEFANTASIA": "DHARUMA_LAVANDERIA_LTDA", "RAZAOSOCIAL": "DHARUMA_LAVANDERIA", "ENDEE": "RUA_DUILIO530__VILA_ROMANA_05043-020", "LMAPS": "https://www.google.com/maps?q=&layer=c&cbll=-23.5275045,-46.693446", "O_QUE_FAZER": "FINALIZADO", "ER_REGIAO_CIDADE_min": "Capital Oeste_Lapa" }, "geometry": { "type": "Point", "coordinates": [ -46.693446, -23.5275045 ] } },
{ "type": "Feature", "properties": { "fid": 69693, "CNPJ": "11203673000165", "IDCIDADE": "SAO_PAULO", "NOMEFANTASIA": "LANNA_LINGERIE", "RAZAOSOCIAL": "LANNA_LINGERIE_LTDA", "ENDEE": "RUA_DOZE_DE_OUTUBRO352__LAPA_08071-072", "LMAPS": "https://www.google.com/maps?q=&layer=c&cbll=-23.5211883,-46.7044167", "O_QUE_FAZER": "CARTEIRA", "ER_REGIAO_CIDADE_min": "Capital Oeste_Lapa" }, "geometry": { "type": "Point", "coordinates": [ -46.7044167, -23.5211883 ] } },
{ "type": "Feature", "properties": { "fid": 71785, "CNPJ": "11467411000108", "IDCIDADE": "SAO PAULO", "NOMEFANTASIA": "DVC_CONTABILIDADE", "RAZAOSOCIAL": "OSVALDO_VAZ", "ENDEE": "RUA SHELDON, 23, LAPA, 05074-040, SÃO PAULO, SP, BRASIL", "LMAPS": "https://www.google.com/maps?q=&layer=c&cbll=-23.5183763,-46.7068133", "O_QUE_FAZER": "CARTEIRA - FAMPE", "ER_REGIAO_CIDADE_min": "Capital Oeste_Lapa" }, "geometry": { "type": "Point", "coordinates": [ -46.7068133, -23.5183763 ] } },
{ "type": "Feature", "properties": { "fid": 71875, "CNPJ": "11479878000178", "IDCIDADE": "SAO PAULO", "NOMEFANTASIA": "ELETRONICA_NAKAMUJRA", "RAZAOSOCIAL": "MARIO_MASSANOBO_NAKAMURA", "ENDEE": "AFONSO SARDINHA, 380, LAPA, SÃO PAULO_05076-000", "LMAPS": "https://www.google.com/maps?q=&layer=c&cbll=-23.52237,-46.7076039", "O_QUE_FAZER": "FINALIZADO", "ER_REGIAO_CIDADE_min": "Capital Oeste_Lapa" }, "geometry": { "type": "Point", "coordinates": [ -46.7076039, -23.52237 ] } },
{ "type": "Feature", "properties": { "fid": 72072, "CNPJ": "11502965000107", "IDCIDADE": "SAO PAULO", "NOMEFANTASIA": "Projeta_Cursos_-_Unidade_Lapa", "RAZAOSOCIAL": "SAUDE_LAPA_CURSOS_LTDA", "ENDEE": "PRACA PROF JOSE AZEVEDO ANTUNES, 60, LAPA, 05072-050, SÃO PAULO, SP, BRASIL", "LMAPS": "https://www.google.com/maps?q=&layer=c&cbll=-23.5239855,-46.7053829", "O_QUE_FAZER": "CARTEIRA - FAMPE", "ER_REGIAO_CIDADE_min": "Capital Oeste_Lapa" }, "geometry": { "type": "Point", "coordinates": [ -46.7053829, -23.5239855 ] } },
{ "type": "Feature", "properties": { "fid": 72693, "CNPJ": "11607208000190", "IDCIDADE": "SAO PAULO", "NOMEFANTASIA": null, "RAZAOSOCIAL": "FRONTAL_SERVICOS_GERAIS_LTDA", "ENDEE": "RUA ALVARENGA PEIXOTO, 97, SALA 1, VILA ANASTACIA, 05095-010, SÃO PAULO, SP, BRASIL", "LMAPS": "https://www.google.com/maps?q=&layer=c&cbll=-23.5140129,-46.7174803", "O_QUE_FAZER": "CARTEIRA - FAMPE", "ER_REGIAO_CIDADE_min": "Capital Oeste_Lapa" }, "geometry": { "type": "Point", "coordinates": [ -46.7174803, -23.5140129 ] } },
{ "type": "Feature", "properties": { "fid": 72943, "CNPJ": "11648780000105", "IDCIDADE": "SAO_PAULO", "NOMEFANTASIA": "D.T._SHAKRUKA", "RAZAOSOCIAL": "D.T._SHAKRUKA", "ENDEE": "RUA_DOZE_DE_OUTUBRO306__LAPA_05073-000", "LMAPS": "https://www.google.com/maps?q=&layer=c&cbll=-23.5207741,-46.7047721", "O_QUE_FAZER": "APLICAR T4", "ER_REGIAO_CIDADE_min": "Capital Oeste_Lapa" }, "geometry": { "type": "Point", "coordinates": [ -46.7047721, -23.5207741 ] } },
{ "type": "Feature", "properties": { "fid": 73308, "CNPJ": "11707285000111", "IDCIDADE": "SAO_PAULO", "NOMEFANTASIA": "ULTRAMED_VILA_ROMANA", "RAZAOSOCIAL": "ULTRAMED_VILA_ROMANA", "ENDEE": "RUA_MARCELINA_452_VILA ROMANA_05044-010_SAO_PAULO", "LMAPS": "https://www.google.com/maps?q=&layer=c&cbll=-23.5301007,-46.6970684", "O_QUE_FAZER": "FINALIZADO", "ER_REGIAO_CIDADE_min": "Capital Oeste_Lapa" }, "geometry": { "type": "Point", "coordinates": [ -46.6970684, -23.5301007 ] } },
{ "type": "Feature", "properties": { "fid": 73474, "CNPJ": "11730613000109", "IDCIDADE": "SAO_PAULO", "NOMEFANTASIA": "VIA_MAC", "RAZAOSOCIAL": "MARIA_ADELAIDE_M._DE_ABREU", "ENDEE": "RUA_ALBION142__LAPA_05077-130", "LMAPS": "https://www.google.com/maps?q=&layer=c&cbll=-23.5234005,-46.7059389", "O_QUE_FAZER": "CARTEIRA", "ER_REGIAO_CIDADE_min": "Capital Oeste_Lapa" }, "geometry": { "type": "Point", "coordinates": [ -46.7059389, -23.5234005 ] } },
{ "type": "Feature", "properties": { "fid": 73604, "CNPJ": "11751410000190", "IDCIDADE": "SAO PAULO", "NOMEFANTASIA": "CAFÉ_RIQUEZA", "RAZAOSOCIAL": "CAFÉ_RIQUEZA", "ENDEE": "CATÃO_185_VILA ROMANA_SÃO PAULO_05049-000", "LMAPS": "https://www.google.com/maps?q=&layer=c&cbll=-23.5224501,-46.7002733", "O_QUE_FAZER": "APLICAR T4", "ER_REGIAO_CIDADE_min": "Capital Oeste_Lapa" }, "geometry": { "type": "Point", "coordinates": [ -46.7002733, -23.5224501 ] } },
{ "type": "Feature", "properties": { "fid": 73906, "CNPJ": "11797275000114", "IDCIDADE": "SAO_PAULO", "NOMEFANTASIA": "ROMANO_CAR", "RAZAOSOCIAL": "ROMANO_CAR_SERVICOS_AUTOMOTIVOS_LTDA", "ENDEE": "PRACA_NICOLA_FESTA55__LAPA_05050-120", "LMAPS": "https://www.google.com/maps?q=&layer=c&cbll=-23.52308,-46.7017033", "O_QUE_FAZER": "CARTEIRA", "ER_REGIAO_CIDADE_min": "Capital Oeste_Lapa" }, "geometry": { "type": "Point", "coordinates": [ -46.7017033, -23.52308 ] } },
{ "type": "Feature", "properties": { "fid": 74717, "CNPJ": "11934236000111", "IDCIDADE": "SAO_PAULO", "NOMEFANTASIA": "ISA_BELLA_DANCAS_E_FANTASIAS", "RAZAOSOCIAL": "ISA_BELLA_COMERCIO_DE_ROUPAS_E_ACESSORIOS_LTDA", "ENDEE": "RUA_ALBION174__LAPA_05077-130", "LMAPS": "https://www.google.com/maps?q=&layer=c&cbll=-23.5233765,-46.7062547", "O_QUE_FAZER": "CARTEIRA", "ER_REGIAO_CIDADE_min": "Capital Oeste_Lapa" }, "geometry": { "type": "Point", "coordinates": [ -46.7062547, -23.5233765 ] } },
{ "type": "Feature", "properties": { "fid": 75033, "CNPJ": "11989259000123", "IDCIDADE": "SAO_PAULO", "NOMEFANTASIA": "R&E_PARKING", "RAZAOSOCIAL": "R_&_E_PARKING_ESTACIONAMENTO_LTDA", "ENDEE": "RUA_GUAICURUS931__AGUA_BRANCA_05033-000", "LMAPS": "https://www.google.com/maps?q=&layer=c&cbll=-23.5228211,-46.6947346", "O_QUE_FAZER": "CARTEIRA", "ER_REGIAO_CIDADE_min": "Capital Oeste_Lapa" }, "geometry": { "type": "Point", "coordinates": [ -46.6947346, -23.5228211 ] } },
{ "type": "Feature", "properties": { "fid": 75740, "CNPJ": "12119775000402", "IDCIDADE": "SAO PAULO", "NOMEFANTASIA": "MJ_GROUP", "RAZAOSOCIAL": "MJ_GROUP_LTDA", "ENDEE": "DOZE DE OUTUBRO, 439, LAPA, SÃO PAULO_05073-001", "LMAPS": "https://www.google.com/maps?q=&layer=c&cbll=-23.5218416,-46.704824", "O_QUE_FAZER": "FINALIZADO", "ER_REGIAO_CIDADE_min": "Capital Oeste_Lapa" }, "geometry": { "type": "Point", "coordinates": [ -46.704824, -23.5218416 ] } },
{ "type": "Feature", "properties": { "fid": 75861, "CNPJ": "12135402000182", "IDCIDADE": "SAO_PAULO", "NOMEFANTASIA": "AUTO_MAIS_CENTRO_AUTOMOTIVO", "RAZAOSOCIAL": "CACCAVALI_&_MACEDO_CENTRO_AUTOMOTIVO_LTDA", "ENDEE": "RUA_FAUSTOLO1852__LAPA_05041-000", "LMAPS": "https://www.google.com/maps?q=&layer=c&cbll=-23.5241395,-46.703559", "O_QUE_FAZER": "CARTEIRA", "ER_REGIAO_CIDADE_min": "Capital Oeste_Lapa" }, "geometry": { "type": "Point", "coordinates": [ -46.703559, -23.5241395 ] } },
{ "type": "Feature", "properties": { "fid": 76505, "CNPJ": "12281169000146", "IDCIDADE": "SAO_PAULO", "NOMEFANTASIA": "TAJ_MECANICA", "RAZAOSOCIAL": "12.281.169_SILVANA_ROCHA_DA_SILVA", "ENDEE": "RUA_CORIOLANO_2006_VILA_ROMANA_05047-002_SAO_PAULO_BRASIL", "LMAPS": "https://www.google.com/maps?q=&layer=c&cbll=-23.5254219,-46.7050745", "O_QUE_FAZER": "FINALIZADO", "ER_REGIAO_CIDADE_min": "Capital Oeste_Lapa" }, "geometry": { "type": "Point", "coordinates": [ -46.7050745, -23.5254219 ] } },
{ "type": "Feature", "properties": { "fid": 76998, "CNPJ": "12368723000127", "IDCIDADE": "SAO_PAULO", "NOMEFANTASIA": "SIMONETTI_ADE_PNEUS", "RAZAOSOCIAL": "ADE_PNEUS_E_PECAS_AUTOMOTIVAS_LTDA", "ENDEE": "RUA_CLELIA2225__AGUA_BRANCA_05042-000", "LMAPS": "https://www.google.com/maps?q=&layer=c&cbll=-23.5246629,-46.7040576", "O_QUE_FAZER": "CARTEIRA", "ER_REGIAO_CIDADE_min": "Capital Oeste_Lapa" }, "geometry": { "type": "Point", "coordinates": [ -46.7040576, -23.5246629 ] } },
{ "type": "Feature", "properties": { "fid": 78438, "CNPJ": "12609626000189", "IDCIDADE": "SAO_PAULO", "NOMEFANTASIA": "SERRA_E_SERTAO_RESTAURANTE", "RAZAOSOCIAL": "CASA_DO_NORTE_SERRA_E_SERTAO_LTDA", "ENDEE": "RUA_TRAJANO153__LAPA_05050-110", "LMAPS": "https://www.google.com/maps?q=&layer=c&cbll=-23.5216334,-46.7016334", "O_QUE_FAZER": "CARTEIRA", "ER_REGIAO_CIDADE_min": "Capital Oeste_Lapa" }, "geometry": { "type": "Point", "coordinates": [ -46.7016334, -23.5216334 ] } },
{ "type": "Feature", "properties": { "fid": 78599, "CNPJ": "12634373000101", "IDCIDADE": "SAO_PAULO", "NOMEFANTASIA": "FLORDELIS_COSMETICOS", "RAZAOSOCIAL": "NATALIA_BAGATIM_COMERCIO_DE_COSMETICOS_LTDA", "ENDEE": "RUA_DESEMBARGADOR_DO_VALE1014__PERDIZES_05010-040", "LMAPS": "https://www.google.com/maps?q=&layer=c&cbll=-23.528775,-46.6899389", "O_QUE_FAZER": "CARTEIRA", "ER_REGIAO_CIDADE_min": "Capital Oeste_Lapa" }, "geometry": { "type": "Point", "coordinates": [ -46.6899389, -23.528775 ] } },
{ "type": "Feature", "properties": { "fid": 79062, "CNPJ": "12741675000170", "IDCIDADE": "SAO_PAULO", "NOMEFANTASIA": "PIO_LANCHES", "RAZAOSOCIAL": "A.E.S._RESTAURANTE_E_LANCHONETE_LTDA", "ENDEE": "RUA_DOUTOR_JOSE_ELIAS_509_ALTO_DA_LAPA_05083-030_SAO_PAULO_BRASIL", "LMAPS": "https://www.google.com/maps?q=&layer=c&cbll=-23.5326616,-46.7181721", "O_QUE_FAZER": "FINALIZADO", "ER_REGIAO_CIDADE_min": "Capital Oeste_Lapa" }, "geometry": { "type": "Point", "coordinates": [ -46.7181721, -23.5326616 ] } },
{ "type": "Feature", "properties": { "fid": 80006, "CNPJ": "12949575000134", "IDCIDADE": "SAO_PAULO", "NOMEFANTASIA": "R2_MARTELINHO", "RAZAOSOCIAL": "R2_SERVICOS_AUTOMOTIVOS_LTDA", "ENDEE": "RUA_AURELIA1275__VILA_ROMANA_05046-001", "LMAPS": "https://www.google.com/maps?q=&layer=c&cbll=-23.5332462,-46.6981474", "O_QUE_FAZER": "FINALIZADO", "ER_REGIAO_CIDADE_min": "Capital Oeste_Lapa" }, "geometry": { "type": "Point", "coordinates": [ -46.6981474, -23.5332462 ] } },
{ "type": "Feature", "properties": { "fid": 80700, "CNPJ": "13091551000150", "IDCIDADE": "SAO_PAULO", "NOMEFANTASIA": "VISAO_DIGITAL_OTICAS", "RAZAOSOCIAL": "VISAO_DIGITAL_OTICAS_LTDA", "ENDEE": "RUA_TITO1053__VILA_ROMANA_05051-000", "LMAPS": "https://www.google.com/maps?q=&layer=c&cbll=-23.5265077,-46.7023818", "O_QUE_FAZER": "CARTEIRA", "ER_REGIAO_CIDADE_min": "Capital Oeste_Lapa" }, "geometry": { "type": "Point", "coordinates": [ -46.7023818, -23.5265077 ] } },
{ "type": "Feature", "properties": { "fid": 81136, "CNPJ": "13178487000149", "IDCIDADE": "SAO_PAULO", "NOMEFANTASIA": "MAKIS_PLACE_TEMAKERIA", "RAZAOSOCIAL": "TEMAKERIA_M_LAPA_COMERCIO_DE_ALIMENTOS_RAPIDOS_LTDA", "ENDEE": "RUA_TITO1053__VILA_ROMANA_05051-001", "LMAPS": "https://www.google.com/maps?q=&layer=c&cbll=-23.5288162,-46.7022745", "O_QUE_FAZER": "CARTEIRA", "ER_REGIAO_CIDADE_min": "Capital Oeste_Lapa" }, "geometry": { "type": "Point", "coordinates": [ -46.7022745, -23.5288162 ] } },
{ "type": "Feature", "properties": { "fid": 83091, "CNPJ": "13522845000199", "IDCIDADE": "SAO_PAULO", "NOMEFANTASIA": "GOSTO_CASEIRO", "RAZAOSOCIAL": "GOSTO_CASEIRO_RESTAURANTE_LTDA", "ENDEE": "RUA_NOSSA_SENHORA_DA_LAPA773__LAPA_05072-000", "LMAPS": "https://www.google.com/maps?q=&layer=c&cbll=-23.5256338,-46.7065876", "O_QUE_FAZER": "CARTEIRA", "ER_REGIAO_CIDADE_min": "Capital Oeste_Lapa" }, "geometry": { "type": "Point", "coordinates": [ -46.7065876, -23.5256338 ] } },
{ "type": "Feature", "properties": { "fid": 83236, "CNPJ": "13546607000113", "IDCIDADE": "SAO_PAULO", "NOMEFANTASIA": "SAMPRAIA", "RAZAOSOCIAL": "SAMPRAIA_CONFECCOES_LTDA", "ENDEE": "RUA_MARTIM_TENORIO82__LAPA_05074-060", "LMAPS": "https://www.google.com/maps?q=&layer=c&cbll=-23.5200023,-46.7030301", "O_QUE_FAZER": "CARTEIRA", "ER_REGIAO_CIDADE_min": "Capital Oeste_Lapa" }, "geometry": { "type": "Point", "coordinates": [ -46.7030301, -23.5200023 ] } },
{ "type": "Feature", "properties": { "fid": 83401, "CNPJ": "13575696000126", "IDCIDADE": "SAO PAULO", "NOMEFANTASIA": "RZ_BIKE", "RAZAOSOCIAL": "YES_PROMOTORA_DE_VENDAS_LTDA", "ENDEE": "RUA CRASSO, 308, ÁGUA BRANCA, 05043-010, SÃO PAULO, SP, BRASIL", "LMAPS": "https://www.google.com/maps?q=&layer=c&cbll=-23.5257219,-46.6898757", "O_QUE_FAZER": "FINALIZADO", "ER_REGIAO_CIDADE_min": "Capital Oeste_Lapa" }, "geometry": { "type": "Point", "coordinates": [ -46.6898757, -23.5257219 ] } },
{ "type": "Feature", "properties": { "fid": 84071, "CNPJ": "13696644000108", "IDCIDADE": "SAO PAULO", "NOMEFANTASIA": "INDEXTOUR__VIAGENS", "RAZAOSOCIAL": "MAR_&_CRIS_AGENCIA_DE_VIAGENS_E_TURISMO_LTDA", "ENDEE": "RUA CATÃO, 73, VILA ROMANA, 05049-000, SÃO PAULO, SP, BRASIL", "LMAPS": "https://www.google.com/maps?q=&layer=c&cbll=-23.5214344,-46.7009625", "O_QUE_FAZER": "FINALIZADO", "ER_REGIAO_CIDADE_min": "Capital Oeste_Lapa" }, "geometry": { "type": "Point", "coordinates": [ -46.7009625, -23.5214344 ] } },
{ "type": "Feature", "properties": { "fid": 85169, "CNPJ": "13924537000190", "IDCIDADE": "SAO_PAULO", "NOMEFANTASIA": "HOSPITAL_DO_CAPACETE", "RAZAOSOCIAL": "HOSPITAL_DO_CAPACETE_LTDA", "ENDEE": "RUA_CORIOLANO1694__VILA_ROMANA_05047-000", "LMAPS": "https://www.google.com/maps?q=&layer=c&cbll=-23.5257427,-46.7019482", "O_QUE_FAZER": "FINALIZADO", "ER_REGIAO_CIDADE_min": "Capital Oeste_Lapa" }, "geometry": { "type": "Point", "coordinates": [ -46.7019482, -23.5257427 ] } },
{ "type": "Feature", "properties": { "fid": 85625, "CNPJ": "14020714000176", "IDCIDADE": "SAO PAULO", "NOMEFANTASIA": "MAURÍCIO_COUROS", "RAZAOSOCIAL": "MAURÍCIO_COUROS", "ENDEE": "CATÃO_315_VILA ROMANA_SÃO PAULO_05049-000", "LMAPS": "https://www.google.com/maps?q=&layer=c&cbll=-23.5236585,-46.7004194", "O_QUE_FAZER": "APLICAR T4", "ER_REGIAO_CIDADE_min": "Capital Oeste_Lapa" }, "geometry": { "type": "Point", "coordinates": [ -46.7004194, -23.5236585 ] } },
{ "type": "Feature", "properties": { "fid": 85736, "CNPJ": "14042340000190", "IDCIDADE": "SAO_PAULO", "NOMEFANTASIA": "LANCHONETE_ESQUINA_DA_ESFIHA", "RAZAOSOCIAL": "ESQUINA_DA_ESFIHA_DA_LAPA_-_LTDA", "ENDEE": "RUA_CATAO204__VILA_ROMANA_05049-000", "LMAPS": "https://www.google.com/maps?q=&layer=c&cbll=-23.523,-46.7003117", "O_QUE_FAZER": "CARTEIRA", "ER_REGIAO_CIDADE_min": "Capital Oeste_Lapa" }, "geometry": { "type": "Point", "coordinates": [ -46.7003117, -23.523 ] } },
{ "type": "Feature", "properties": { "fid": 85813, "CNPJ": "14054806000177", "IDCIDADE": "SAO_PAULO", "NOMEFANTASIA": "PAPELARIA_SAO_CARLOE", "RAZAOSOCIAL": "BIANCA_E_CRISTINA_ARTIGOS_DE_PAPELARIA_E_PRESENTES_LTDA", "ENDEE": "RUA_GUAICURUS1139__AGUA_BRANCA_05033-000", "LMAPS": "https://www.google.com/maps?q=&layer=c&cbll=-23.5222843,-46.69689", "O_QUE_FAZER": "APLICAR T2", "ER_REGIAO_CIDADE_min": "Capital Oeste_Lapa" }, "geometry": { "type": "Point", "coordinates": [ -46.69689, -23.5222843 ] } },
{ "type": "Feature", "properties": { "fid": 86514, "CNPJ": "14188578000128", "IDCIDADE": "SAO_PAULO", "NOMEFANTASIA": "CONSTRULAPA", "RAZAOSOCIAL": "CONSTRULAPA", "ENDEE": "RUA_FÁBIA_433_VILA ROMANA_05051-030_SAO_PAULO", "LMAPS": "https://www.google.com/maps?q=&layer=c&cbll=-23.5272686,-46.6953939", "O_QUE_FAZER": "APLICAR T3", "ER_REGIAO_CIDADE_min": "Capital Oeste_Lapa" }, "geometry": { "type": "Point", "coordinates": [ -46.6953939, -23.5272686 ] } },
{ "type": "Feature", "properties": { "fid": 86624, "CNPJ": "14208661000111", "IDCIDADE": "SAO PAULO", "NOMEFANTASIA": null, "RAZAOSOCIAL": "E._E._DESENHO_PROJETIVO_-_CONSULTORIA_E_PROJETOS_LTDA", "ENDEE": "PRACA JACOMO ZANELA, 873, ANDAR 4 APT 37, AGUA BRANCA, 05038-010, SÃO PAULO, SP, BRASIL", "LMAPS": "https://www.google.com/maps?q=&layer=c&cbll=-23.5157025,-46.6976261", "O_QUE_FAZER": "CARTEIRA - FAMPE", "ER_REGIAO_CIDADE_min": "Capital Oeste_Lapa" }, "geometry": { "type": "Point", "coordinates": [ -46.6976261, -23.5157025 ] } },
{ "type": "Feature", "properties": { "fid": 87174, "CNPJ": "14318796000130", "IDCIDADE": "SAO PAULO", "NOMEFANTASIA": "DEL_ACESSÓRIOS", "RAZAOSOCIAL": "14.318.796_JOSE_IDELVANO_DOS_SANTOS", "ENDEE": "NOSSA SENHORA DA LAPA, 474, LAPA, SÃO PAULO_05072-000", "LMAPS": "https://www.google.com/maps?q=&layer=c&cbll=-23.5235295,-46.7047339", "O_QUE_FAZER": "APLICAR T4", "ER_REGIAO_CIDADE_min": "Capital Oeste_Lapa" }, "geometry": { "type": "Point", "coordinates": [ -46.7047339, -23.5235295 ] } },
{ "type": "Feature", "properties": { "fid": 87965, "CNPJ": "14478968000132", "IDCIDADE": "SAO_PAULO", "NOMEFANTASIA": "LAVANDERIA_NOVA_OPCAO", "RAZAOSOCIAL": "MIGUEL_AUGUSTO_DE_JESUS_BENTO_LAVANDERIA", "ENDEE": "RUA_TITO1499__VILA_ROMANA_05051-001", "LMAPS": "https://www.google.com/maps?q=&layer=c&cbll=-23.5278067,-46.70645", "O_QUE_FAZER": "APLICAR T4", "ER_REGIAO_CIDADE_min": "Capital Oeste_Lapa" }, "geometry": { "type": "Point", "coordinates": [ -46.70645, -23.5278067 ] } },
{ "type": "Feature", "properties": { "fid": 88364, "CNPJ": "14559609000100", "IDCIDADE": "SAO PAULO", "NOMEFANTASIA": "RHF_Talentos_Fonseca_e_Sasso", "RAZAOSOCIAL": "AC_FONSECA_E_SASSO_LTDA", "ENDEE": "RUA BRIGADEIRO GAVIAO PEIXOTO, 1437, LAPA, 05078-000, SÃO PAULO, SP, BRASIL", "LMAPS": "https://www.google.com/maps?q=&layer=c&cbll=-23.5217426,-46.7220369", "O_QUE_FAZER": "CARTEIRA - FAMPE", "ER_REGIAO_CIDADE_min": "Capital Oeste_Lapa" }, "geometry": { "type": "Point", "coordinates": [ -46.7220369, -23.5217426 ] } },
{ "type": "Feature", "properties": { "fid": 88689, "CNPJ": "14625942000170", "IDCIDADE": "SAO_PAULO", "NOMEFANTASIA": "SHINY_STAR_IDIOMAS", "RAZAOSOCIAL": "SHINY_STAR_IDIOMAS_LTDA", "ENDEE": "RUA_ROMA575__LAPA_05050-090", "LMAPS": "https://www.google.com/maps?q=&layer=c&cbll=-23.5229769,-46.7023584", "O_QUE_FAZER": "CARTEIRA", "ER_REGIAO_CIDADE_min": "Capital Oeste_Lapa" }, "geometry": { "type": "Point", "coordinates": [ -46.7023584, -23.5229769 ] } },
{ "type": "Feature", "properties": { "fid": 88796, "CNPJ": "14646584000181", "IDCIDADE": "SAO_PAULO", "NOMEFANTASIA": "MTX_OPTICAL", "RAZAOSOCIAL": "MTX_FASHION_OPTICAL_LTDA", "ENDEE": "RUA_ALBION506__LAPA_05077-130", "LMAPS": "https://www.google.com/maps?q=&layer=c&cbll=-23.5236105,-46.7094537", "O_QUE_FAZER": "CARTEIRA", "ER_REGIAO_CIDADE_min": "Capital Oeste_Lapa" }, "geometry": { "type": "Point", "coordinates": [ -46.7094537, -23.5236105 ] } },
{ "type": "Feature", "properties": { "fid": 89226, "CNPJ": "14737756000122", "IDCIDADE": "SAO_PAULO", "NOMEFANTASIA": "SCOPINO", "RAZAOSOCIAL": "DUDA_COMERCIO_DE_ROUPAS_EM_GERAL_LTDA", "ENDEE": "RUA_DOZE_DE_OUTUBRO682__LAPA_05073-001", "LMAPS": "https://www.google.com/maps?q=&layer=c&cbll=-23.523702,-46.7065816", "O_QUE_FAZER": "CARTEIRA", "ER_REGIAO_CIDADE_min": "Capital Oeste_Lapa" }, "geometry": { "type": "Point", "coordinates": [ -46.7065816, -23.523702 ] } },
{ "type": "Feature", "properties": { "fid": 89361, "CNPJ": "14765938000107", "IDCIDADE": "SAO_PAULO", "NOMEFANTASIA": "ESPACO_VIP_PLANEJADOS", "RAZAOSOCIAL": "DNL_MOVEIS_E_DECORACOES_LTDA", "ENDEE": "RUA_MONTEIRO_DE_MELO113__LAPA_05050-000", "LMAPS": "https://www.google.com/maps?q=&layer=c&cbll=-23.5222125,-46.7032711", "O_QUE_FAZER": "CARTEIRA", "ER_REGIAO_CIDADE_min": "Capital Oeste_Lapa" }, "geometry": { "type": "Point", "coordinates": [ -46.7032711, -23.5222125 ] } },
{ "type": "Feature", "properties": { "fid": 89881, "CNPJ": "14878388000132", "IDCIDADE": "SAO_PAULO", "NOMEFANTASIA": "ESQUINA_D'AGUA", "RAZAOSOCIAL": "TMG_DISTRIBUIDORA_DE_AGUAS_E_BEBIDAS_LTDA", "ENDEE": "RUA_TONELERO118__VILA_IPOJUCA_05056-000", "LMAPS": "https://www.google.com/maps?q=&layer=c&cbll=-23.5290265,-46.7043628", "O_QUE_FAZER": "CARTEIRA", "ER_REGIAO_CIDADE_min": "Capital Oeste_Lapa" }, "geometry": { "type": "Point", "coordinates": [ -46.7043628, -23.5290265 ] } },
{ "type": "Feature", "properties": { "fid": 90047, "CNPJ": "14920228000104", "IDCIDADE": "SAO_PAULO", "NOMEFANTASIA": "O_REIDAPESCA", "RAZAOSOCIAL": "WORLD_FISHING_VIAGENS_E_TURISMO_LTDA", "ENDEE": "RUA_CLELIA2180__AGUA_BRANCA_05042-000", "LMAPS": "https://www.google.com/maps?q=&layer=c&cbll=-23.5243306,-46.7037814", "O_QUE_FAZER": "CARTEIRA", "ER_REGIAO_CIDADE_min": "Capital Oeste_Lapa" }, "geometry": { "type": "Point", "coordinates": [ -46.7037814, -23.5243306 ] } },
{ "type": "Feature", "properties": { "fid": 90500, "CNPJ": "15026939000100", "IDCIDADE": "SAO_PAULO", "NOMEFANTASIA": "5ASEC", "RAZAOSOCIAL": "JB_LAVANDERIA_LTDA", "ENDEE": "RUA_PIO_XI1279__ALTO_DA_LAPA_05060-001", "LMAPS": "https://www.google.com/maps?q=&layer=c&cbll=-23.5347133,-46.714065", "O_QUE_FAZER": "CARTEIRA - FAMPE", "ER_REGIAO_CIDADE_min": "Capital Oeste_Lapa" }, "geometry": { "type": "Point", "coordinates": [ -46.714065, -23.5347133 ] } },
{ "type": "Feature", "properties": { "fid": 90526, "CNPJ": "15031532000163", "IDCIDADE": "SAO_PAULO", "NOMEFANTASIA": "PERFECTO_MODAS", "RAZAOSOCIAL": "PERFECTO_MODAS_LTDA", "ENDEE": "RUA_AFONSO_SARDINHA121__LAPA_05076-000", "LMAPS": "https://www.google.com/maps?q=&layer=c&cbll=-23.5221595,-46.7048866", "O_QUE_FAZER": "FINALIZADO", "ER_REGIAO_CIDADE_min": "Capital Oeste_Lapa" }, "geometry": { "type": "Point", "coordinates": [ -46.7048866, -23.5221595 ] } },
{ "type": "Feature", "properties": { "fid": 91562, "CNPJ": "15243201000197", "IDCIDADE": "SAO_PAULO", "NOMEFANTASIA": "EP_INFORMATICA", "RAZAOSOCIAL": "PEDRO_ROBERTO_FERNANDES_THY", "ENDEE": "RUA_BARAO_DE_JUNDIAI413__LAPA_05073-010", "LMAPS": "https://www.google.com/maps?q=&layer=c&cbll=-23.5249374,-46.708871", "O_QUE_FAZER": "CARTEIRA", "ER_REGIAO_CIDADE_min": "Capital Oeste_Lapa" }, "geometry": { "type": "Point", "coordinates": [ -46.708871, -23.5249374 ] } },
{ "type": "Feature", "properties": { "fid": 91918, "CNPJ": "15319648000100", "IDCIDADE": "SAO_PAULO", "NOMEFANTASIA": "LANCHONETE_IMPERATRIZ_DA_CLELIA", "RAZAOSOCIAL": "LANCHONETE_IMPERATRIZ_DA_CLELIA_LTDA", "ENDEE": "RUA_CLELIA2116__AGUA_BRANCA_05042-000", "LMAPS": "https://www.google.com/maps?q=&layer=c&cbll=-23.52482,-46.7031579", "O_QUE_FAZER": "CARTEIRA", "ER_REGIAO_CIDADE_min": "Capital Oeste_Lapa" }, "geometry": { "type": "Point", "coordinates": [ -46.7031579, -23.52482 ] } },
{ "type": "Feature", "properties": { "fid": 92225, "CNPJ": "15381181000110", "IDCIDADE": "SAO PAULO", "NOMEFANTASIA": "USPRINT", "RAZAOSOCIAL": "US_PRINT_SOLUCOES_LTDA", "ENDEE": "RUA TORDESILHAS, 295, LAPA, 05077-020, SÃO PAULO, SP, BRASIL", "LMAPS": "https://www.google.com/maps?q=&layer=c&cbll=-23.5203112,-46.7169526", "O_QUE_FAZER": "CARTEIRA - FAMPE", "ER_REGIAO_CIDADE_min": "Capital Oeste_Lapa" }, "geometry": { "type": "Point", "coordinates": [ -46.7169526, -23.5203112 ] } },
{ "type": "Feature", "properties": { "fid": 92259, "CNPJ": "15389302000170", "IDCIDADE": "SAO PAULO", "NOMEFANTASIA": "MOTORFORGE_OFICINA_MECANICA_ESPECIALIZADA_LTDA", "RAZAOSOCIAL": "MOTOR_FORGE", "ENDEE": "FRANCISCO ALVES, 182, VILA ROMANA, SÃO PAULO", "LMAPS": "https://www.google.com/maps?q=&layer=c&cbll=-23.5273617,-46.702499", "O_QUE_FAZER": "FINALIZADO", "ER_REGIAO_CIDADE_min": "Capital Oeste_Lapa" }, "geometry": { "type": "Point", "coordinates": [ -46.702499, -23.5273617 ] } },
{ "type": "Feature", "properties": { "fid": 92606, "CNPJ": "15468726000120", "IDCIDADE": "SAO PAULO", "NOMEFANTASIA": "Special_Car", "RAZAOSOCIAL": "DC_DA_SILVA_AUTOMOTORES", "ENDEE": "RUA CLELIA, 685, AGUA BRANCA, 05042-000, SÃO PAULO, SP, BRASIL", "LMAPS": "https://www.google.com/maps?q=&layer=c&cbll=-23.524894,-46.6888941", "O_QUE_FAZER": "CARTEIRA - FAMPE", "ER_REGIAO_CIDADE_min": "Capital Oeste_Lapa" }, "geometry": { "type": "Point", "coordinates": [ -46.6888941, -23.524894 ] } },
{ "type": "Feature", "properties": { "fid": 92725, "CNPJ": "15493408000209", "IDCIDADE": "SAO PAULO", "NOMEFANTASIA": "ÓTICAS_CAROL_(RUA_TITO)", "RAZAOSOCIAL": "ÓTICAS_CAROL_(RUA_TITO)", "ENDEE": "TITO_1053_VILA ROMANA_SÃO PAULO_05051-001", "LMAPS": "https://www.google.com/maps?q=&layer=c&cbll=-23.5286118,-46.7023949", "O_QUE_FAZER": "FINALIZADO", "ER_REGIAO_CIDADE_min": "Capital Oeste_Lapa" }, "geometry": { "type": "Point", "coordinates": [ -46.7023949, -23.5286118 ] } },
{ "type": "Feature", "properties": { "fid": 92992, "CNPJ": "15553072000133", "IDCIDADE": "SAO_PAULO", "NOMEFANTASIA": "PATY_MODAE", "RAZAOSOCIAL": "JM_TENORIO_DE_OLIVEIRA", "ENDEE": "RUA_DOUTOR_CINCINATO_POMPONET217__LAPA_05072-020", "LMAPS": "https://www.google.com/maps?q=&layer=c&cbll=-23.5188983,-46.70293", "O_QUE_FAZER": "CARTEIRA", "ER_REGIAO_CIDADE_min": "Capital Oeste_Lapa" }, "geometry": { "type": "Point", "coordinates": [ -46.70293, -23.5188983 ] } },
{ "type": "Feature", "properties": { "fid": 93004, "CNPJ": "15554829000103", "IDCIDADE": "SAO_PAULO", "NOMEFANTASIA": "BABEL_FISH_COMERCIAL_LTDA", "RAZAOSOCIAL": "BABEL_GRAF", "ENDEE": "RUA_DESEMBARGADOR_DO_VALE1046__POMPEIA_05010-040", "LMAPS": "https://www.google.com/maps?q=&layer=c&cbll=-23.5284434,-46.690122", "O_QUE_FAZER": "FINALIZADO", "ER_REGIAO_CIDADE_min": "Capital Oeste_Lapa" }, "geometry": { "type": "Point", "coordinates": [ -46.690122, -23.5284434 ] } },
{ "type": "Feature", "properties": { "fid": 93127, "CNPJ": "15579563000153", "IDCIDADE": "SAO_PAULO", "NOMEFANTASIA": "PRINT_STYLE_SERVICOS_DIGITAIS_LTDA", "RAZAOSOCIAL": "PRIMORE_PRINT_GRAFICA", "ENDEE": "RUA_MONTEIRO_DE_MELO610__LAPA_05050-000", "LMAPS": "https://www.google.com/maps?q=&layer=c&cbll=-23.5267554,-46.7033388", "O_QUE_FAZER": "FINALIZADO", "ER_REGIAO_CIDADE_min": "Capital Oeste_Lapa" }, "geometry": { "type": "Point", "coordinates": [ -46.7033388, -23.5267554 ] } },
{ "type": "Feature", "properties": { "fid": 93369, "CNPJ": "15627810000140", "IDCIDADE": "SAO_PAULO", "NOMEFANTASIA": "H_OFFICE", "RAZAOSOCIAL": "H-OFFICE_COMERCIO_DE_AUTOPECAS_E_SERVICOS_AUTOMOTIVOS_LTDA", "ENDEE": "RUA_CORIOLANO1884__VILA_ROMANA_05047-000", "LMAPS": "https://www.google.com/maps?q=&layer=c&cbll=-23.5252645,-46.70381", "O_QUE_FAZER": "APLICAR T2", "ER_REGIAO_CIDADE_min": "Capital Oeste_Lapa" }, "geometry": { "type": "Point", "coordinates": [ -46.70381, -23.5252645 ] } },
{ "type": "Feature", "properties": { "fid": 93724, "CNPJ": "15704965000132", "IDCIDADE": "SAO_PAULO", "NOMEFANTASIA": "HOT_GYN", "RAZAOSOCIAL": "HOT_GYM_SUPLEMENTOS_LTDA", "ENDEE": "RUA_ALBION142__LAPA_05077-130", "LMAPS": "https://www.google.com/maps?q=&layer=c&cbll=-23.5234511,-46.705972", "O_QUE_FAZER": "CARTEIRA", "ER_REGIAO_CIDADE_min": "Capital Oeste_Lapa" }, "geometry": { "type": "Point", "coordinates": [ -46.705972, -23.5234511 ] } },
{ "type": "Feature", "properties": { "fid": 93934, "CNPJ": "15752781000148", "IDCIDADE": "SAO_PAULO", "NOMEFANTASIA": "LANCHONETE_PAIS_E_FILHOS", "RAZAOSOCIAL": "BAR_E_LANCHONETE_PAIS_E_FILHOS_LTDA", "ENDEE": "RUA_AURELIA20__VILA_ROMANA_05046-000", "LMAPS": "https://www.google.com/maps?q=&layer=c&cbll=-23.5218309,-46.6977839", "O_QUE_FAZER": "APLICAR T2", "ER_REGIAO_CIDADE_min": "Capital Oeste_Lapa" }, "geometry": { "type": "Point", "coordinates": [ -46.6977839, -23.5218309 ] } },
{ "type": "Feature", "properties": { "fid": 94157, "CNPJ": "15807974000310", "IDCIDADE": "SAO_PAULO", "NOMEFANTASIA": "DIVANELLI_MODAS", "RAZAOSOCIAL": "DVANELLI_MODA_MASCULINA_LTDA", "ENDEE": "RUA_CLEMENTE_ALVARES272__LAPA_05074-050", "LMAPS": "https://www.google.com/maps?q=&layer=c&cbll=-23.5201651,-46.705102", "O_QUE_FAZER": "CARTEIRA", "ER_REGIAO_CIDADE_min": "Capital Oeste_Lapa" }, "geometry": { "type": "Point", "coordinates": [ -46.705102, -23.5201651 ] } },
{ "type": "Feature", "properties": { "fid": 94212, "CNPJ": "15823350000125", "IDCIDADE": "SAO_PAULO", "NOMEFANTASIA": "MILESI_&_MILESI_DOCERIA", "RAZAOSOCIAL": "MILESI_&_MILESI_DOCERIA_LTDA.", "ENDEE": "RUA_PIO_XI210__ALTO_DA_LAPA_05060-000", "LMAPS": "https://www.google.com/maps?q=&layer=c&cbll=-23.5265148,-46.7085201", "O_QUE_FAZER": "CARTEIRA", "ER_REGIAO_CIDADE_min": "Capital Oeste_Lapa" }, "geometry": { "type": "Point", "coordinates": [ -46.7085201, -23.5265148 ] } },
{ "type": "Feature", "properties": { "fid": 94271, "CNPJ": "15837772000150", "IDCIDADE": "SAO_PAULO", "NOMEFANTASIA": "ESPACO_MAXIMA", "RAZAOSOCIAL": "GADU_SALAO_E_BELEZA_LTDA", "ENDEE": "RUA_PIO_XI656__ALTO_DA_LAPA_05060-001", "LMAPS": "https://www.google.com/maps?q=&layer=c&cbll=-23.5294647,-46.7114769", "O_QUE_FAZER": "CARTEIRA", "ER_REGIAO_CIDADE_min": "Capital Oeste_Lapa" }, "geometry": { "type": "Point", "coordinates": [ -46.7114769, -23.5294647 ] } },
{ "type": "Feature", "properties": { "fid": 94413, "CNPJ": "16382896000150", "IDCIDADE": "SAO_PAULO", "NOMEFANTASIA": "LA_BELE", "RAZAOSOCIAL": "LA_BELE_COMERCIO_DE_MODAS_LTDA", "ENDEE": "RUA_NOSSA_SENHORA_DA_LAPA196__LAPA_05072-000", "LMAPS": "https://www.google.com/maps?q=&layer=c&cbll=-23.5213865,-46.7030304", "O_QUE_FAZER": "CARTEIRA", "ER_REGIAO_CIDADE_min": "Capital Oeste_Lapa" }, "geometry": { "type": "Point", "coordinates": [ -46.7030304, -23.5213865 ] } },
{ "type": "Feature", "properties": { "fid": 94423, "CNPJ": "16384093000135", "IDCIDADE": "SAO_PAULO", "NOMEFANTASIA": "AIDA_BENZ_MATERIAIS_PARA_CONSTRUCAO", "RAZAOSOCIAL": "AKIDA_BENZ_X_MATERIAIS_DE_CONSTRUCAO_LTDA", "ENDEE": "RUA_CORIOLANO1973__VILA_ROMANA_05047-002", "LMAPS": "https://www.google.com/maps?q=&layer=c&cbll=-23.5256495,-46.7046462", "O_QUE_FAZER": "APLICAR T4", "ER_REGIAO_CIDADE_min": "Capital Oeste_Lapa" }, "geometry": { "type": "Point", "coordinates": [ -46.7046462, -23.5256495 ] } },
{ "type": "Feature", "properties": { "fid": 94863, "CNPJ": "16575963000153", "IDCIDADE": "SAO PAULO", "NOMEFANTASIA": "ACCAO_TECNOLOGIA", "RAZAOSOCIAL": "DATA_ARCHIVING_INFORMACOES_E_SERVICOS_LTDA", "ENDEE": "RUA CAIO GRACO, 430, VILA ROMANA, 05044-000, SÃO PAULO, SP, BRASIL", "LMAPS": "https://www.google.com/maps?q=&layer=c&cbll=-23.5266558,-46.6944236", "O_QUE_FAZER": "CARTEIRA - FAMPE", "ER_REGIAO_CIDADE_min": "Capital Oeste_Lapa" }, "geometry": { "type": "Point", "coordinates": [ -46.6944236, -23.5266558 ] } },
{ "type": "Feature", "properties": { "fid": 95818, "CNPJ": "16787928000106", "IDCIDADE": "SAO_PAULO", "NOMEFANTASIA": "16.787.928_PAOLO_PANI", "RAZAOSOCIAL": "PAOLO_PANI", "ENDEE": "AVENIDA_RICARDO_MEDINA_FILHO933__VILA_IPOJUCA_05057-100", "LMAPS": "https://www.google.com/maps?q=&layer=c&cbll=-23.5368174,-46.7071571", "O_QUE_FAZER": "FINALIZADO", "ER_REGIAO_CIDADE_min": "Capital Oeste_Lapa" }, "geometry": { "type": "Point", "coordinates": [ -46.7071571, -23.5368174 ] } },
{ "type": "Feature", "properties": { "fid": 96696, "CNPJ": "16956673000150", "IDCIDADE": "SAO_PAULO", "NOMEFANTASIA": "MANIA_MARIANA", "RAZAOSOCIAL": "MANIA_MARIANA_COMERCIO_DE_BOLSAS_CALCADOS_E_ACESSORIOS_LTDA", "ENDEE": "RUA_MARTIM_TENORIO73__LAPA_05074-060", "LMAPS": "https://www.google.com/maps?q=&layer=c&cbll=-23.5200162,-46.7029312", "O_QUE_FAZER": "CARTEIRA", "ER_REGIAO_CIDADE_min": "Capital Oeste_Lapa" }, "geometry": { "type": "Point", "coordinates": [ -46.7029312, -23.5200162 ] } },
{ "type": "Feature", "properties": { "fid": 97031, "CNPJ": "17022818000108", "IDCIDADE": "SAO_PAULO", "NOMEFANTASIA": "OTICA_VENEZA", "RAZAOSOCIAL": "OTICA_VENEZA_VILA_ROMANA_LTDA.", "ENDEE": "RUA_FAUSTOLO1588__LAPA_05041-000", "LMAPS": "https://www.google.com/maps?q=&layer=c&cbll=-23.5237695,-46.7008748", "O_QUE_FAZER": "CARTEIRA", "ER_REGIAO_CIDADE_min": "Capital Oeste_Lapa" }, "geometry": { "type": "Point", "coordinates": [ -46.7008748, -23.5237695 ] } },
{ "type": "Feature", "properties": { "fid": 97373, "CNPJ": "17088565000175", "IDCIDADE": "SAO_PAULO", "NOMEFANTASIA": "E._L._DE_OLIVEIRA_CONTABILIDADE", "RAZAOSOCIAL": "CNT_-_CONSULTORIA_NACIONAL_TRIBUTARIA", "ENDEE": "RUA_AFONSO_SARDINHA290__LAPA_05076-000", "LMAPS": "https://www.google.com/maps?q=&layer=c&cbll=-23.5219539,-46.7067658", "O_QUE_FAZER": "FINALIZADO", "ER_REGIAO_CIDADE_min": "Capital Oeste_Lapa" }, "geometry": { "type": "Point", "coordinates": [ -46.7067658, -23.5219539 ] } },
{ "type": "Feature", "properties": { "fid": 97489, "CNPJ": "17109945000149", "IDCIDADE": "SÃO PAULO", "NOMEFANTASIA": "EMPÓRIO DO CAIPIRA", "RAZAOSOCIAL": "IRMAOS ROLLEIRA LTDA", "ENDEE": "RUA SALES JÚNIOR, 344, ALTO DA LAPA, 05083-070, SÃO PAULO, SP, BRASIL", "LMAPS": "https://www.google.com/maps?q=&layer=c&cbll=-23.5319997,-46.7165627", "O_QUE_FAZER": "APLICAR T2", "ER_REGIAO_CIDADE_min": "Capital Oeste_Lapa" }, "geometry": { "type": "Point", "coordinates": [ -46.7165627, -23.5319997 ] } },
{ "type": "Feature", "properties": { "fid": 97783, "CNPJ": "17165099000184", "IDCIDADE": "SAO_PAULO", "NOMEFANTASIA": "JLA_COPIADORA", "RAZAOSOCIAL": "L.B.OSORIO_-_COPIADORA", "ENDEE": "RUA_ROMA286__LAPA_05050-090", "LMAPS": "https://www.google.com/maps?q=&layer=c&cbll=-23.5227398,-46.6992865", "O_QUE_FAZER": "APLICAR T2", "ER_REGIAO_CIDADE_min": "Capital Oeste_Lapa" }, "geometry": { "type": "Point", "coordinates": [ -46.6992865, -23.5227398 ] } },
{ "type": "Feature", "properties": { "fid": 97846, "CNPJ": "17176240000144", "IDCIDADE": "SAO_PAULO", "NOMEFANTASIA": "EMPORIO_CASA_E_DECORACAO", "RAZAOSOCIAL": "EMPORIO_P.A_DECORACOES_LTDA", "ENDEE": "RUA_CLELIA1125__AGUA_BRANCA_05042-000", "LMAPS": "https://www.google.com/maps?q=&layer=c&cbll=-23.5249195,-46.6935321", "O_QUE_FAZER": "FINALIZADO", "ER_REGIAO_CIDADE_min": "Capital Oeste_Lapa" }, "geometry": { "type": "Point", "coordinates": [ -46.6935321, -23.5249195 ] } },
{ "type": "Feature", "properties": { "fid": 97847, "CNPJ": "17176240000225", "IDCIDADE": "SAO_PAULO", "NOMEFANTASIA": "VITAFLEX_CORTINAS_E_PERSIANAS", "RAZAOSOCIAL": "EMPORIO_P.A_DECORACOES_LTDA", "ENDEE": "RUA_FAUSTOLO1065__LAPA_05041-000", "LMAPS": "https://www.google.com/maps?q=&layer=c&cbll=-23.5239567,-46.6958083", "O_QUE_FAZER": "CARTEIRA", "ER_REGIAO_CIDADE_min": "Capital Oeste_Lapa" }, "geometry": { "type": "Point", "coordinates": [ -46.6958083, -23.5239567 ] } },
{ "type": "Feature", "properties": { "fid": 99168, "CNPJ": "17451475000520", "IDCIDADE": "SAO_PAULO", "NOMEFANTASIA": "D_FURLAN_PLANEJADOS", "RAZAOSOCIAL": "RFO_FROTA_MOVEIS_PLANEJADOS_LTDA", "ENDEE": "RUA_PIO_XI88__ALTO_DA_LAPA_05060-000", "LMAPS": "https://www.google.com/maps?q=&layer=c&cbll=-23.5260822,-46.7071731", "O_QUE_FAZER": "CARTEIRA", "ER_REGIAO_CIDADE_min": "Capital Oeste_Lapa" }, "geometry": { "type": "Point", "coordinates": [ -46.7071731, -23.5260822 ] } },
{ "type": "Feature", "properties": { "fid": 99534, "CNPJ": "17526598000150", "IDCIDADE": "SAO_PAULO", "NOMEFANTASIA": "TWO_DECOR", "RAZAOSOCIAL": "PHELLIPE_IBRAHIM_GOMES", "ENDEE": "RUA_ALBION107__LAPA_05077-130", "LMAPS": "https://www.google.com/maps?q=&layer=c&cbll=-23.5233024,-46.7056203", "O_QUE_FAZER": "CARTEIRA", "ER_REGIAO_CIDADE_min": "Capital Oeste_Lapa" }, "geometry": { "type": "Point", "coordinates": [ -46.7056203, -23.5233024 ] } },
{ "type": "Feature", "properties": { "fid": 99624, "CNPJ": "17544621000139", "IDCIDADE": "SAO_PAULO", "NOMEFANTASIA": "ADEGA_ESTACAO_LAPA", "RAZAOSOCIAL": "MALAMAN_&_CAVALIERI_LTDA", "ENDEE": "VIELA_EMA_ANGELO_MURARI13__LAPA_05050-093", "LMAPS": "https://www.google.com/maps?q=&layer=c&cbll=-23.5210333,-46.6999767", "O_QUE_FAZER": "CARTEIRA", "ER_REGIAO_CIDADE_min": "Capital Oeste_Lapa" }, "geometry": { "type": "Point", "coordinates": [ -46.6999767, -23.5210333 ] } },
{ "type": "Feature", "properties": { "fid": 100667, "CNPJ": "17765438000163", "IDCIDADE": "SAO_PAULO", "NOMEFANTASIA": "TECNOLOGYS_HOUSE", "RAZAOSOCIAL": "ELSA_ELETRONICO_BRASIL_LTDA", "ENDEE": "RUA_DOZE_DE_OUTUBRO67__LAPA_08071-072", "LMAPS": "https://www.google.com/maps?q=&layer=c&cbll=-23.5188288,-46.7034221", "O_QUE_FAZER": "APLICAR T2", "ER_REGIAO_CIDADE_min": "Capital Oeste_Lapa" }, "geometry": { "type": "Point", "coordinates": [ -46.7034221, -23.5188288 ] } },
{ "type": "Feature", "properties": { "fid": 100797, "CNPJ": "17783030000114", "IDCIDADE": "SAO_PAULO", "NOMEFANTASIA": "PLANET_PAINTING", "RAZAOSOCIAL": "PLANETA_SERVICOS_DE_PINTURAS_AUTOMOTIVAS_LTDA", "ENDEE": "RUA_CORIOLANO1500__VILA_ROMANA_05047-000", "LMAPS": "https://www.google.com/maps?q=&layer=c&cbll=-23.5258992,-46.7001305", "O_QUE_FAZER": "CARTEIRA", "ER_REGIAO_CIDADE_min": "Capital Oeste_Lapa" }, "geometry": { "type": "Point", "coordinates": [ -46.7001305, -23.5258992 ] } },
{ "type": "Feature", "properties": { "fid": 101103, "CNPJ": "17833562000119", "IDCIDADE": "SAO_PAULO", "NOMEFANTASIA": "LANCHONETE_RAINHA_DA_MONTEIRO", "RAZAOSOCIAL": "LANCHONETE_RAINHA_DA_MONTEIRO_LTDA", "ENDEE": "RUA_CORIOLANO1814__VILA_ROMANA_05047-000", "LMAPS": "https://www.google.com/maps?q=&layer=c&cbll=-23.5256933,-46.7032883", "O_QUE_FAZER": "CARTEIRA", "ER_REGIAO_CIDADE_min": "Capital Oeste_Lapa" }, "geometry": { "type": "Point", "coordinates": [ -46.7032883, -23.5256933 ] } },
{ "type": "Feature", "properties": { "fid": 101485, "CNPJ": "17901211000106", "IDCIDADE": "SAO PAULO", "NOMEFANTASIA": "KASA_DAS_ESPUMAS", "RAZAOSOCIAL": "HERBERTINS_COMERCIO_DE_TECIDOS_LTDA", "ENDEE": "RUA CLÉLIA, 1198, ÁGUA BRANCA, 05042-000, SÃO PAULO, SP, BRASIL", "LMAPS": "https://www.google.com/maps?q=&layer=c&cbll=-23.5248904,-46.6941451", "O_QUE_FAZER": "FINALIZADO", "ER_REGIAO_CIDADE_min": "Capital Oeste_Lapa" }, "geometry": { "type": "Point", "coordinates": [ -46.6941451, -23.5248904 ] } },
{ "type": "Feature", "properties": { "fid": 102052, "CNPJ": "18019585000157", "IDCIDADE": "SAO PAULO", "NOMEFANTASIA": "ESPAÇO_VIP_STUDIO_PERSONAL", "RAZAOSOCIAL": "ESPAÇO_VIP_STUDIO_PERSONAL", "ENDEE": "DUÍLIO, 520, ÁGUA BRANCA, SÃO PAULO", "LMAPS": "https://www.google.com/maps?q=&layer=c&cbll=-23.5274607,-46.6932917", "O_QUE_FAZER": "FINALIZADO", "ER_REGIAO_CIDADE_min": "Capital Oeste_Lapa" }, "geometry": { "type": "Point", "coordinates": [ -46.6932917, -23.5274607 ] } },
{ "type": "Feature", "properties": { "fid": 102480, "CNPJ": "18102711000132", "IDCIDADE": "SAO_PAULO", "NOMEFANTASIA": "HINODE_LAPA", "RAZAOSOCIAL": "F.R.HINO_LAPA_COSMETICOS_LTDA", "ENDEE": "RUA_TRAJANO172__LAPA_05050-110", "LMAPS": "https://www.google.com/maps?q=&layer=c&cbll=-23.5220283,-46.7021067", "O_QUE_FAZER": "CARTEIRA", "ER_REGIAO_CIDADE_min": "Capital Oeste_Lapa" }, "geometry": { "type": "Point", "coordinates": [ -46.7021067, -23.5220283 ] } },
{ "type": "Feature", "properties": { "fid": 102970, "CNPJ": "18213939000108", "IDCIDADE": "SAO_PAULO", "NOMEFANTASIA": "ACIUM", "RAZAOSOCIAL": "TUDO_ACO_COMERCIO_LTDA", "ENDEE": "RUA_CATAO72__VILA_ROMANA_05049-000", "LMAPS": "https://www.google.com/maps?q=&layer=c&cbll=-23.5213927,-46.7009108", "O_QUE_FAZER": "CARTEIRA", "ER_REGIAO_CIDADE_min": "Capital Oeste_Lapa" }, "geometry": { "type": "Point", "coordinates": [ -46.7009108, -23.5213927 ] } },
{ "type": "Feature", "properties": { "fid": 103363, "CNPJ": "18295440000189", "IDCIDADE": "SAO_PAULO", "NOMEFANTASIA": "MAMMOCCIO_&_LEONARDI_COMERCIO_DE_COLCHOES ", "RAZAOSOCIAL": "MAMMOCCIO_&_LEONARDI_COMERCIO_DE_COLCHOES_LTDA", "ENDEE": "RUA_MONTEIRO_DE_MELO218__LAPA_05050-000", "LMAPS": "https://www.google.com/maps?q=&layer=c&cbll=-23.5233581,-46.7030412", "O_QUE_FAZER": "CARTEIRA", "ER_REGIAO_CIDADE_min": "Capital Oeste_Lapa" }, "geometry": { "type": "Point", "coordinates": [ -46.7030412, -23.5233581 ] } },
{ "type": "Feature", "properties": { "fid": 103477, "CNPJ": "18318934000131", "IDCIDADE": "SAO_PAULO", "NOMEFANTASIA": "RESTAURANTE_TRAJANO", "RAZAOSOCIAL": "RESTAURANTE_E_LANCHONETE_TRAJANO_LTDA", "ENDEE": "RUA_TRAJANO165__LAPA_05050-110", "LMAPS": "https://www.google.com/maps?q=&layer=c&cbll=-23.5219347,-46.7015735", "O_QUE_FAZER": "CARTEIRA", "ER_REGIAO_CIDADE_min": "Capital Oeste_Lapa" }, "geometry": { "type": "Point", "coordinates": [ -46.7015735, -23.5219347 ] } },
{ "type": "Feature", "properties": { "fid": 103636, "CNPJ": "18352959000151", "IDCIDADE": "SAO_PAULO", "NOMEFANTASIA": "DAMA_PAULISTA_PANIFICADORA", "RAZAOSOCIAL": "DAMA_PAULISTA_PANIFICADORA_LTDA", "ENDEE": "RUA_CLEMENTE_ALVARES341__LAPA_05074-050", "LMAPS": "https://www.google.com/maps?q=&layer=c&cbll=-23.5201716,-46.7059465", "O_QUE_FAZER": "CARTEIRA", "ER_REGIAO_CIDADE_min": "Capital Oeste_Lapa" }, "geometry": { "type": "Point", "coordinates": [ -46.7059465, -23.5201716 ] } },
{ "type": "Feature", "properties": { "fid": 103941, "CNPJ": "18407444000101", "IDCIDADE": "SAO PAULO", "NOMEFANTASIA": null, "RAZAOSOCIAL": "SEMPRE_VIDAS_SERVICOS_LTDA", "ENDEE": "RUA CARLOS BERTINI, 41, SALA 2 E, LAPA, 05075-050, SÃO PAULO, SP, BRASIL", "LMAPS": "https://www.google.com/maps?q=&layer=c&cbll=-23.5195567,-46.7081051", "O_QUE_FAZER": "CARTEIRA - FAMPE", "ER_REGIAO_CIDADE_min": "Capital Oeste_Lapa" }, "geometry": { "type": "Point", "coordinates": [ -46.7081051, -23.5195567 ] } },
{ "type": "Feature", "properties": { "fid": 104018, "CNPJ": "18426656000136", "IDCIDADE": "SAO PAULO", "NOMEFANTASIA": "SEMPRE_BELLA", "RAZAOSOCIAL": "TATIANE_MEIRE_XAVIER_DA_CONCEICAO", "ENDEE": "DOZE DE OUTUBRO, 373, LAPA, SÃO PAULO_05073-001", "LMAPS": "https://www.google.com/maps?q=&layer=c&cbll=-23.5213647,-46.7045944", "O_QUE_FAZER": "APLICAR T4", "ER_REGIAO_CIDADE_min": "Capital Oeste_Lapa" }, "geometry": { "type": "Point", "coordinates": [ -46.7045944, -23.5213647 ] } },
{ "type": "Feature", "properties": { "fid": 104364, "CNPJ": "18519891000152", "IDCIDADE": "SAO_PAULO", "NOMEFANTASIA": "OTICA_NOVA_OPCAO", "RAZAOSOCIAL": "MIRIAN_VIANA_DA_SILVA", "ENDEE": "RUA_AFONSO_SARDINHA82__LAPA_05076-000", "LMAPS": "https://www.google.com/maps?q=&layer=c&cbll=-23.5223067,-46.7041433", "O_QUE_FAZER": "CARTEIRA", "ER_REGIAO_CIDADE_min": "Capital Oeste_Lapa" }, "geometry": { "type": "Point", "coordinates": [ -46.7041433, -23.5223067 ] } },
{ "type": "Feature", "properties": { "fid": 104959, "CNPJ": "18628571000130", "IDCIDADE": "SAO_PAULO", "NOMEFANTASIA": "TECIDOS_SAO_PAULO", "RAZAOSOCIAL": "JONATAS_ROSA", "ENDEE": "RUA_NOSSA_SENHORA_DA_LAPA257__LAPA_05072-000", "LMAPS": "https://www.google.com/maps?q=&layer=c&cbll=-23.5218485,-46.703586", "O_QUE_FAZER": "CARTEIRA", "ER_REGIAO_CIDADE_min": "Capital Oeste_Lapa" }, "geometry": { "type": "Point", "coordinates": [ -46.703586, -23.5218485 ] } },
{ "type": "Feature", "properties": { "fid": 105043, "CNPJ": "18650031000153", "IDCIDADE": "SAO_PAULO", "NOMEFANTASIA": "COELHO_AUTOMOTIVO", "RAZAOSOCIAL": "L._C._DE_OLIVEIRA_FUNILARIA", "ENDEE": "RUA_FAUSTOLO949__AGUA_BRANCA_05041-000", "LMAPS": "https://www.google.com/maps?q=&layer=c&cbll=-23.5244488,-46.6948455", "O_QUE_FAZER": "CARTEIRA", "ER_REGIAO_CIDADE_min": "Capital Oeste_Lapa" }, "geometry": { "type": "Point", "coordinates": [ -46.6948455, -23.5244488 ] } },
{ "type": "Feature", "properties": { "fid": 105478, "CNPJ": "18740762000190", "IDCIDADE": "SAO_PAULO", "NOMEFANTASIA": "DR_ATENDE", "RAZAOSOCIAL": "ALESSANDRA_DE_MORAES_MAYER", "ENDEE": "RUA_BARAO_DE_JUNDIAI263__LAPA_05073-010", "LMAPS": "https://www.google.com/maps?q=&layer=c&cbll=-23.5247542,-46.7072249", "O_QUE_FAZER": "CARTEIRA", "ER_REGIAO_CIDADE_min": "Capital Oeste_Lapa" }, "geometry": { "type": "Point", "coordinates": [ -46.7072249, -23.5247542 ] } },
{ "type": "Feature", "properties": { "fid": 105859, "CNPJ": "18819117000167", "IDCIDADE": "SAO_PAULO", "NOMEFANTASIA": "VILLA_DOS_LOBOS_PET_SHOP", "RAZAOSOCIAL": "ELEUTERIO_PET_SHOP_LTDA", "ENDEE": "RUA_SALES_JUNIOR_466_ALTO_DA_LAPA_05083-070_SAO_PAULO_BRASIL", "LMAPS": "https://www.google.com/maps?q=&layer=c&cbll=-23.5313811,-46.7174961", "O_QUE_FAZER": "FINALIZADO", "ER_REGIAO_CIDADE_min": "Capital Oeste_Lapa" }, "geometry": { "type": "Point", "coordinates": [ -46.7174961, -23.5313811 ] } },
{ "type": "Feature", "properties": { "fid": 106975, "CNPJ": "19060157000130", "IDCIDADE": "SAO_PAULO", "NOMEFANTASIA": "PEERSONAL_ACADEMIA", "RAZAOSOCIAL": "PEERSONAL_ACADEMIA_DE_GINASTICA_PILATES_E_ESTETICA_LTDA", "ENDEE": "RUA_MONTEIRO_DE_MELO645__LAPA_05050-000", "LMAPS": "https://www.google.com/maps?q=&layer=c&cbll=-23.5272186,-46.7031748", "O_QUE_FAZER": "CARTEIRA", "ER_REGIAO_CIDADE_min": "Capital Oeste_Lapa" }, "geometry": { "type": "Point", "coordinates": [ -46.7031748, -23.5272186 ] } },
{ "type": "Feature", "properties": { "fid": 107246, "CNPJ": "19113483000169", "IDCIDADE": "SAO_PAULO", "NOMEFANTASIA": "STUDIO_SARAH", "RAZAOSOCIAL": "STUDIO_SARAH_COIFFURE_LTDA", "ENDEE": "RUA_MARTIM_TENORIO165__LAPA_05074-060", "LMAPS": "https://www.google.com/maps?q=&layer=c&cbll=-23.5207218,-46.7033695", "O_QUE_FAZER": "CARTEIRA", "ER_REGIAO_CIDADE_min": "Capital Oeste_Lapa" }, "geometry": { "type": "Point", "coordinates": [ -46.7033695, -23.5207218 ] } },
{ "type": "Feature", "properties": { "fid": 108243, "CNPJ": "19344794000139", "IDCIDADE": "SAO_PAULO", "NOMEFANTASIA": "HIROKO_SUSHI_BAR", "RAZAOSOCIAL": "A._X._DE_OLIVEIRA_RESTAURANTE", "ENDEE": "RUA_ANTONIO_RAPOSO159__LAPA_05074-020", "LMAPS": "https://www.google.com/maps?q=&layer=c&cbll=-23.521343,-46.7063497", "O_QUE_FAZER": "CARTEIRA", "ER_REGIAO_CIDADE_min": "Capital Oeste_Lapa" }, "geometry": { "type": "Point", "coordinates": [ -46.7063497, -23.521343 ] } },
{ "type": "Feature", "properties": { "fid": 108805, "CNPJ": "19469597000146", "IDCIDADE": "SAO_PAULO", "NOMEFANTASIA": "BELEZA_EXPRESS_INSTITUTO_DE_BELEZA", "RAZAOSOCIAL": "CASSIA_CRISTINA_ALVES_PEREIRA", "ENDEE": "RUA_AFONSO_SARDINHA33__LAPA_05076-000", "LMAPS": "https://www.google.com/maps?q=&layer=c&cbll=-23.5220305,-46.7040669", "O_QUE_FAZER": "CARTEIRA", "ER_REGIAO_CIDADE_min": "Capital Oeste_Lapa" }, "geometry": { "type": "Point", "coordinates": [ -46.7040669, -23.5220305 ] } },
{ "type": "Feature", "properties": { "fid": 108996, "CNPJ": "19515159000177", "IDCIDADE": "SAO PAULO", "NOMEFANTASIA": "CIDA_COSTUREIRA", "RAZAOSOCIAL": "CIDA_COSTUREIRA", "ENDEE": "CATÃO_391_VILA ROMANA_SÃO PAULO_05049-000", "LMAPS": "https://www.google.com/maps?q=&layer=c&cbll=-23.5242912,-46.7003348", "O_QUE_FAZER": "APLICAR T4", "ER_REGIAO_CIDADE_min": "Capital Oeste_Lapa" }, "geometry": { "type": "Point", "coordinates": [ -46.7003348, -23.5242912 ] } },
{ "type": "Feature", "properties": { "fid": 109522, "CNPJ": "19632837000181", "IDCIDADE": "SAO_PAULO", "NOMEFANTASIA": "BELINI_GLASS", "RAZAOSOCIAL": "BELINI_GLASS_COMERCIO_VAREJISTA_DE_VIDROS_LTDA", "ENDEE": "RUA_DOMINGOS_RODRIGUES_216_LAPA_05075-000_SAO_PAULO_BRASIL", "LMAPS": "https://www.google.com/maps?q=&layer=c&cbll=-23.5202226,-46.7076865", "O_QUE_FAZER": "FINALIZADO", "ER_REGIAO_CIDADE_min": "Capital Oeste_Lapa" }, "geometry": { "type": "Point", "coordinates": [ -46.7076865, -23.5202226 ] } },
{ "type": "Feature", "properties": { "fid": 109727, "CNPJ": "19679401000148", "IDCIDADE": "SAO PAULO", "NOMEFANTASIA": "VACINARTE_CLINICA_DE_VACINACAO", "RAZAOSOCIAL": "VACINARTE_CLINICA_DE_VACINACAO_LTDA", "ENDEE": "RUA ROMA, 620, CONJ 75B E 77B, LAPA, 05050-090, SÃO PAULO, SP, BRASIL", "LMAPS": "https://www.google.com/maps?q=&layer=c&cbll=-23.522341,-46.7024882", "O_QUE_FAZER": "CARTEIRA - FAMPE", "ER_REGIAO_CIDADE_min": "Capital Oeste_Lapa" }, "geometry": { "type": "Point", "coordinates": [ -46.7024882, -23.522341 ] } },
{ "type": "Feature", "properties": { "fid": 110338, "CNPJ": "19825002000148", "IDCIDADE": "SAO_PAULO", "NOMEFANTASIA": "FORUM_MODEL", "RAZAOSOCIAL": "FORUM_MODEL_E_EVENTOS_LTDA", "ENDEE": "RUA_ALBION67__LAPA_05077-130", "LMAPS": "https://www.google.com/maps?q=&layer=c&cbll=-23.5235335,-46.7054473", "O_QUE_FAZER": "CARTEIRA", "ER_REGIAO_CIDADE_min": "Capital Oeste_Lapa" }, "geometry": { "type": "Point", "coordinates": [ -46.7054473, -23.5235335 ] } },
{ "type": "Feature", "properties": { "fid": 110409, "CNPJ": "19841939000107", "IDCIDADE": "SAO_PAULO", "NOMEFANTASIA": "GP_ACADEMIA", "RAZAOSOCIAL": "GRAZIELA_PERUGINI_ACADEMIA_-_TREINAMENTO_DE_ALTO_NIVEL", "ENDEE": "RUA_FAUSTOLO851__AGUA_BRANCA_05041-000", "LMAPS": "https://www.google.com/maps?q=&layer=c&cbll=-23.5241872,-46.6937177", "O_QUE_FAZER": "CARTEIRA", "ER_REGIAO_CIDADE_min": "Capital Oeste_Lapa" }, "geometry": { "type": "Point", "coordinates": [ -46.6937177, -23.5241872 ] } },
{ "type": "Feature", "properties": { "fid": 110827, "CNPJ": "19935693000132", "IDCIDADE": "SAO_PAULO", "NOMEFANTASIA": "PASSO_E_COMPASSO_SHOES", "RAZAOSOCIAL": "PASSO_COMPASSO_SHOES_LTDA", "ENDEE": "RUA_NOSSA_SENHORA_DA_LAPA333__LAPA_05072-000", "LMAPS": "https://www.google.com/maps?q=&layer=c&cbll=-23.5224655,-46.7039289", "O_QUE_FAZER": "CARTEIRA", "ER_REGIAO_CIDADE_min": "Capital Oeste_Lapa" }, "geometry": { "type": "Point", "coordinates": [ -46.7039289, -23.5224655 ] } },
{ "type": "Feature", "properties": { "fid": 112043, "CNPJ": "20205815000114", "IDCIDADE": "SAO_PAULO", "NOMEFANTASIA": "SHOPPING_DA_CACHACA", "RAZAOSOCIAL": "RB4_COMERCIO_DE_PRODUTOS_ALIMENTICIOS_LTDA", "ENDEE": "RUA_AURELIA40__VILA_ROMANA_05046-000", "LMAPS": "https://www.google.com/maps?q=&layer=c&cbll=-23.5221182,-46.6977172", "O_QUE_FAZER": "CARTEIRA", "ER_REGIAO_CIDADE_min": "Capital Oeste_Lapa" }, "geometry": { "type": "Point", "coordinates": [ -46.6977172, -23.5221182 ] } },
{ "type": "Feature", "properties": { "fid": 112111, "CNPJ": "20222362000134", "IDCIDADE": "SAO_PAULO", "NOMEFANTASIA": "REZZA_PIZZA_E_ESFIHAS", "RAZAOSOCIAL": "DE-STEFANI_REZENDE_RESTAURANTE_E_PIZZARIA_LTDA", "ENDEE": "RUA_DUILIO113__AGUA_BRANCA_05043-020", "LMAPS": "https://www.google.com/maps?q=&layer=c&cbll=-23.52398,-46.693485", "O_QUE_FAZER": "CARTEIRA", "ER_REGIAO_CIDADE_min": "Capital Oeste_Lapa" }, "geometry": { "type": "Point", "coordinates": [ -46.693485, -23.52398 ] } },
{ "type": "Feature", "properties": { "fid": 112419, "CNPJ": "20288702000120", "IDCIDADE": "SAO_PAULO", "NOMEFANTASIA": "CASA_SAO_JORGE", "RAZAOSOCIAL": "N_&_B_ARTIGOS_RELIGIOSOS_LTDA", "ENDEE": "RUA_ROMA723__LAPA_05050-090", "LMAPS": "https://www.google.com/maps?q=&layer=c&cbll=-23.5226242,-46.7035682", "O_QUE_FAZER": "CARTEIRA", "ER_REGIAO_CIDADE_min": "Capital Oeste_Lapa" }, "geometry": { "type": "Point", "coordinates": [ -46.7035682, -23.5226242 ] } },
{ "type": "Feature", "properties": { "fid": 112630, "CNPJ": "20331832000289", "IDCIDADE": "SAO_PAULO", "NOMEFANTASIA": "HILLARY_DOCES_LAPA", "RAZAOSOCIAL": "HILLARY_DOCES_LAPA", "ENDEE": "RUA_FAUSTOLO_1066_LAPA_05041-001_SAO_PAULO", "LMAPS": "https://www.google.com/maps?q=&layer=c&cbll=-23.5238085,-46.6957387", "O_QUE_FAZER": "APLICAR T2", "ER_REGIAO_CIDADE_min": "Capital Oeste_Lapa" }, "geometry": { "type": "Point", "coordinates": [ -46.6957387, -23.5238085 ] } },
{ "type": "Feature", "properties": { "fid": 113109, "CNPJ": "20428584000531", "IDCIDADE": "SAO_PAULO", "NOMEFANTASIA": "BRASIL_PARK", "RAZAOSOCIAL": "REDE_LOCUS_PARK_ESTACIONAMENTO_E_LAVA_RAPIDO_LTDA", "ENDEE": "RUA_CLEMENTE_ALVARES119__LAPA_05074-050", "LMAPS": "https://www.google.com/maps?q=&layer=c&cbll=-23.5198717,-46.703465", "O_QUE_FAZER": "CARTEIRA", "ER_REGIAO_CIDADE_min": "Capital Oeste_Lapa" }, "geometry": { "type": "Point", "coordinates": [ -46.703465, -23.5198717 ] } },
{ "type": "Feature", "properties": { "fid": 113303, "CNPJ": "20467317000140", "IDCIDADE": "SAO_PAULO", "NOMEFANTASIA": "YES_MODAS", "RAZAOSOCIAL": "RUTE_MIRA_MEDEIROS_AUGUSTO", "ENDEE": "RUA_DOZE_DE_OUTUBRO325__LAPA_05073-000", "LMAPS": "https://www.google.com/maps?q=&layer=c&cbll=-23.520905,-46.704475", "O_QUE_FAZER": "CARTEIRA", "ER_REGIAO_CIDADE_min": "Capital Oeste_Lapa" }, "geometry": { "type": "Point", "coordinates": [ -46.704475, -23.520905 ] } },
{ "type": "Feature", "properties": { "fid": 113496, "CNPJ": "20507310000104", "IDCIDADE": "SAO_PAULO", "NOMEFANTASIA": "GUIN_ZAP", "RAZAOSOCIAL": "PETIT_BAMBINI_LTDA", "ENDEE": "RUA_DOZE_DE_OUTUBRO549__LAPA_05073-001", "LMAPS": "https://www.google.com/maps?q=&layer=c&cbll=-23.5228348,-46.7051744", "O_QUE_FAZER": "CARTEIRA", "ER_REGIAO_CIDADE_min": "Capital Oeste_Lapa" }, "geometry": { "type": "Point", "coordinates": [ -46.7051744, -23.5228348 ] } },
{ "type": "Feature", "properties": { "fid": 114139, "CNPJ": "20691760000108", "IDCIDADE": "SAO_PAULO", "NOMEFANTASIA": "ZAHRA_PET", "RAZAOSOCIAL": "WILLIAN_ROBERTO_DA_SILVA_ALONSO", "ENDEE": "RUA_CATAO413__VILA_ROMANA_05049-000", "LMAPS": "https://www.google.com/maps?q=&layer=c&cbll=-23.52453,-46.7004817", "O_QUE_FAZER": "CARTEIRA", "ER_REGIAO_CIDADE_min": "Capital Oeste_Lapa" }, "geometry": { "type": "Point", "coordinates": [ -46.7004817, -23.52453 ] } },
{ "type": "Feature", "properties": { "fid": 114742, "CNPJ": "20817803000140", "IDCIDADE": "SAO_PAULO", "NOMEFANTASIA": "VIVA_O_CHURRASCO", "RAZAOSOCIAL": "VIVA_ESPETOS_COMERCIO_DE_PRODUTOS_E_ALIMENTOS_PARA_FESTAS_LTDA", "ENDEE": "RUA_ALBION600__LAPA_05077-130", "LMAPS": "https://www.google.com/maps?q=&layer=c&cbll=-23.5237071,-46.7103749", "O_QUE_FAZER": "CARTEIRA", "ER_REGIAO_CIDADE_min": "Capital Oeste_Lapa" }, "geometry": { "type": "Point", "coordinates": [ -46.7103749, -23.5237071 ] } },
{ "type": "Feature", "properties": { "fid": 114767, "CNPJ": "20827246000149", "IDCIDADE": "SAO_PAULO", "NOMEFANTASIA": "DEPOSITO_CATARINA", "RAZAOSOCIAL": "AG_MODA_INTIMA_LTDA", "ENDEE": "RUA_AURELIA432__VILA_ROMANA_05046-000", "LMAPS": "https://www.google.com/maps?q=&layer=c&cbll=-23.5255872,-46.6978292", "O_QUE_FAZER": "FINALIZADO", "ER_REGIAO_CIDADE_min": "Capital Oeste_Lapa" }, "geometry": { "type": "Point", "coordinates": [ -46.6978292, -23.5255872 ] } },
{ "type": "Feature", "properties": { "fid": 115314, "CNPJ": "20959470000194", "IDCIDADE": "SAO_PAULO", "NOMEFANTASIA": "PURIFIC_PERDIZES", "RAZAOSOCIAL": "ROBSON_AKIRA_NOMURA", "ENDEE": "RUA_DOUTOR_MIRANDA_DE_AZEVEDO491__VILA_ANGLO_BRASILEIRA_05027-000", "LMAPS": "https://www.google.com/maps?q=&layer=c&cbll=-23.5288083,-46.6897883", "O_QUE_FAZER": "APLICAR T4", "ER_REGIAO_CIDADE_min": "Capital Oeste_Lapa" }, "geometry": { "type": "Point", "coordinates": [ -46.6897883, -23.5288083 ] } },
{ "type": "Feature", "properties": { "fid": 115841, "CNPJ": "21080439000141", "IDCIDADE": "SAO_PAULO", "NOMEFANTASIA": "CAMARAO_GAMES", "RAZAOSOCIAL": "M_FONTES_OLIVEIRA_ELETRONICOS_LTDA", "ENDEE": "RUA_CLEMENTE_ALVARES137__LAPA_05074-050", "LMAPS": "https://www.google.com/maps?q=&layer=c&cbll=-23.5204833,-46.704105", "O_QUE_FAZER": "CARTEIRA", "ER_REGIAO_CIDADE_min": "Capital Oeste_Lapa" }, "geometry": { "type": "Point", "coordinates": [ -46.704105, -23.5204833 ] } },
{ "type": "Feature", "properties": { "fid": 115878, "CNPJ": "21086732000116", "IDCIDADE": "SAO_PAULO", "NOMEFANTASIA": "CHAVEIRO_ALTO_DA_LATA_LTDA", "RAZAOSOCIAL": "CHAVEIRO_ALTO_DA_LAPA_LTDA", "ENDEE": "RUA_DOUTOR_JOSE_ELIAS_296_ALTO_DA_LAPA_05083-030_SAO_PAULO_BRASIL", "LMAPS": "https://www.google.com/maps?q=&layer=c&cbll=-23.5315598,-46.7167019", "O_QUE_FAZER": "FINALIZADO", "ER_REGIAO_CIDADE_min": "Capital Oeste_Lapa" }, "geometry": { "type": "Point", "coordinates": [ -46.7167019, -23.5315598 ] } },
{ "type": "Feature", "properties": { "fid": 116003, "CNPJ": "21109332000189", "IDCIDADE": "SAO_PAULO", "NOMEFANTASIA": "G3_TEC_ASSISTENCIA_TECNICA", "RAZAOSOCIAL": "G3-TEC_COMERCIO_E_ASSISTENCIA_TECNICA_EM_ELETRODOMESTICOS_LTDA", "ENDEE": "RUA_ALBION328__LAPA_05077-130", "LMAPS": "https://www.google.com/maps?q=&layer=c&cbll=-23.5236161,-46.707768", "O_QUE_FAZER": "CARTEIRA", "ER_REGIAO_CIDADE_min": "Capital Oeste_Lapa" }, "geometry": { "type": "Point", "coordinates": [ -46.707768, -23.5236161 ] } },
{ "type": "Feature", "properties": { "fid": 116303, "CNPJ": "21178618000116", "IDCIDADE": "SAO_PAULO", "NOMEFANTASIA": "OTICA_OFICINA_DE_OCULOS", "RAZAOSOCIAL": "OFICINA_E_COMERCIO_DE_OCULOS_LTDA", "ENDEE": "RUA_CATAO146__VILA_ROMANA_05049-000", "LMAPS": "https://www.google.com/maps?q=&layer=c&cbll=-23.5221537,-46.7004361", "O_QUE_FAZER": "CARTEIRA", "ER_REGIAO_CIDADE_min": "Capital Oeste_Lapa" }, "geometry": { "type": "Point", "coordinates": [ -46.7004361, -23.5221537 ] } },
{ "type": "Feature", "properties": { "fid": 116865, "CNPJ": "21294386000161", "IDCIDADE": "SAO_PAULO", "NOMEFANTASIA": "ELAS_MOLECAS_COMERCIO_DE_ROUPAS_LTDA", "RAZAOSOCIAL": "REINO_DO_BEBE", "ENDEE": "RUA_TITO678__VILA_ROMANA_05051-000", "LMAPS": "https://www.google.com/maps?q=&layer=c&cbll=-23.5279648,-46.6987206", "O_QUE_FAZER": "FINALIZADO", "ER_REGIAO_CIDADE_min": "Capital Oeste_Lapa" }, "geometry": { "type": "Point", "coordinates": [ -46.6987206, -23.5279648 ] } },
{ "type": "Feature", "properties": { "fid": 116977, "CNPJ": "21314723000216", "IDCIDADE": "SAO_PAULO", "NOMEFANTASIA": "DALU_LAVANDERIA", "RAZAOSOCIAL": "DALU_LAVANDERIA_LTDA", "ENDEE": "RUA_CORIOLANO1082__VILA_ROMANA_05047-000", "LMAPS": "https://www.google.com/maps?q=&layer=c&cbll=-23.5260346,-46.6959505", "O_QUE_FAZER": "FINALIZADO", "ER_REGIAO_CIDADE_min": "Capital Oeste_Lapa" }, "geometry": { "type": "Point", "coordinates": [ -46.6959505, -23.5260346 ] } },
{ "type": "Feature", "properties": { "fid": 117081, "CNPJ": "21339561000190", "IDCIDADE": "SAO_PAULO", "NOMEFANTASIA": "ALI_COLCHOES", "RAZAOSOCIAL": "ALI_COLCHOES_LTDA", "ENDEE": "RUA_MONTEIRO_DE_MELO192__LAPA_05050-000", "LMAPS": "https://www.google.com/maps?q=&layer=c&cbll=-23.5231005,-46.7030266", "O_QUE_FAZER": "CARTEIRA", "ER_REGIAO_CIDADE_min": "Capital Oeste_Lapa" }, "geometry": { "type": "Point", "coordinates": [ -46.7030266, -23.5231005 ] } },
{ "type": "Feature", "properties": { "fid": 117435, "CNPJ": "21416430000169", "IDCIDADE": "SAO_PAULO", "NOMEFANTASIA": "LEO_DI_IORIO_CHAMMA_-_TREINAMENTO", "RAZAOSOCIAL": "LEOCHAMMA_TREINO_PERSONALIZADO", "ENDEE": "RUA_CORIOLANO589__VILA_ROMANA_05047-000", "LMAPS": "https://www.google.com/maps?q=&layer=c&cbll=-23.5261799,-46.6911251", "O_QUE_FAZER": "FINALIZADO", "ER_REGIAO_CIDADE_min": "Capital Oeste_Lapa" }, "geometry": { "type": "Point", "coordinates": [ -46.6911251, -23.5261799 ] } },
{ "type": "Feature", "properties": { "fid": 117662, "CNPJ": "21474688000111", "IDCIDADE": "SAO_PAULO", "NOMEFANTASIA": "ALMEIDA_ACESSORIOS", "RAZAOSOCIAL": "ALMEIDA_COMERCIO_DE_ELETRONICOS_E_ROUPAS_EM_GERAL_LTDA", "ENDEE": "RUA_DOUTOR_CINCINATO_POMPONET96__LAPA_05072-020", "LMAPS": "https://www.google.com/maps?q=&layer=c&cbll=-23.5196925,-46.7024328", "O_QUE_FAZER": "CARTEIRA", "ER_REGIAO_CIDADE_min": "Capital Oeste_Lapa" }, "geometry": { "type": "Point", "coordinates": [ -46.7024328, -23.5196925 ] } },
{ "type": "Feature", "properties": { "fid": 118826, "CNPJ": "21747144000186", "IDCIDADE": "SAO PAULO", "NOMEFANTASIA": "RE_COMERCIAL_INFORMÁTICA", "RAZAOSOCIAL": "ROBSON_SANTOS_SILVA_35302954850", "ENDEE": "JOAQUIM MACHADO, 222, LAPA, SÃO PAULO_05050-010", "LMAPS": "https://www.google.com/maps?q=&layer=c&cbll=-23.5215197,-46.7025921", "O_QUE_FAZER": "APLICAR T4", "ER_REGIAO_CIDADE_min": "Capital Oeste_Lapa" }, "geometry": { "type": "Point", "coordinates": [ -46.7025921, -23.5215197 ] } },
{ "type": "Feature", "properties": { "fid": 119106, "CNPJ": "21811818000164", "IDCIDADE": "SAO_PAULO", "NOMEFANTASIA": "MJ_CAR", "RAZAOSOCIAL": "MJ_CAR_AUTOMOTIVO_LTDA", "ENDEE": "RUA_ALBION427__LAPA_05077-130", "LMAPS": "https://www.google.com/maps?q=&layer=c&cbll=-23.5239015,-46.7086713", "O_QUE_FAZER": "APLICAR T3", "ER_REGIAO_CIDADE_min": "Capital Oeste_Lapa" }, "geometry": { "type": "Point", "coordinates": [ -46.7086713, -23.5239015 ] } },
{ "type": "Feature", "properties": { "fid": 119391, "CNPJ": "21871230000104", "IDCIDADE": "SAO_PAULO", "NOMEFANTASIA": "NUTRIFIT_SUPLEMENTOS", "RAZAOSOCIAL": "NUTRIFIT_COMERCIAL_LAPA_LTDA", "ENDEE": "RUA_BARAO_DE_JUNDIAI195__LAPA_05073-010", "LMAPS": "https://www.google.com/maps?q=&layer=c&cbll=-23.5246181,-46.7066329", "O_QUE_FAZER": "APLICAR T4", "ER_REGIAO_CIDADE_min": "Capital Oeste_Lapa" }, "geometry": { "type": "Point", "coordinates": [ -46.7066329, -23.5246181 ] } },
{ "type": "Feature", "properties": { "fid": 120152, "CNPJ": "22022546000186", "IDCIDADE": "SAO_PAULO", "NOMEFANTASIA": "MAIRA_HADDAD_DE_PAULA_LIMA_06738520832", "RAZAOSOCIAL": "COALHADA_DE_CASA", "ENDEE": "RUA_FAUSTOLO1052__AGUA_BRANCA_05041-000", "LMAPS": "https://www.google.com/maps?q=&layer=c&cbll=-23.5238515,-46.695698", "O_QUE_FAZER": "FINALIZADO", "ER_REGIAO_CIDADE_min": "Capital Oeste_Lapa" }, "geometry": { "type": "Point", "coordinates": [ -46.695698, -23.5238515 ] } },
{ "type": "Feature", "properties": { "fid": 120179, "CNPJ": "22026950000128", "IDCIDADE": "SAO_PAULO", "NOMEFANTASIA": "LAPA_BOLSAS", "RAZAOSOCIAL": "N._C._A._COMERCIO_DE_BOLSAS_E_MODA_LTDA", "ENDEE": "RUA_DOUTOR_CINCINATO_POMPONET79__LAPA_05072-020", "LMAPS": "https://www.google.com/maps?q=&layer=c&cbll=-23.5199796,-46.7023477", "O_QUE_FAZER": "CARTEIRA", "ER_REGIAO_CIDADE_min": "Capital Oeste_Lapa" }, "geometry": { "type": "Point", "coordinates": [ -46.7023477, -23.5199796 ] } },
{ "type": "Feature", "properties": { "fid": 120180, "CNPJ": "22026990000170", "IDCIDADE": "SAO_PAULO", "NOMEFANTASIA": "SHOPPING_DAS_BOLSAS", "RAZAOSOCIAL": "W._C._COMERCIO_DE_BOLSAS_E_MODA_LTDA", "ENDEE": "RUA_DOUTOR_CINCINATO_POMPONET224__LAPA_05072-020", "LMAPS": "https://www.google.com/maps?q=&layer=c&cbll=-23.5188318,-46.703148", "O_QUE_FAZER": "CARTEIRA", "ER_REGIAO_CIDADE_min": "Capital Oeste_Lapa" }, "geometry": { "type": "Point", "coordinates": [ -46.703148, -23.5188318 ] } },
{ "type": "Feature", "properties": { "fid": 121237, "CNPJ": "22245974000178", "IDCIDADE": "SAO_PAULO", "NOMEFANTASIA": "AUTO_ESCOLA_MERITO", "RAZAOSOCIAL": "CENTRO_DE_FORMACAO_DE_CONDUTORES_A/B_MERITO_LTDA", "ENDEE": "RUA_GUAICURUS1218__AGUA_BRANCA_05033-000", "LMAPS": "https://www.google.com/maps?q=&layer=c&cbll=-23.5218561,-46.6975622", "O_QUE_FAZER": "FINALIZADO", "ER_REGIAO_CIDADE_min": "Capital Oeste_Lapa" }, "geometry": { "type": "Point", "coordinates": [ -46.6975622, -23.5218561 ] } },
{ "type": "Feature", "properties": { "fid": 121256, "CNPJ": "22250835000132", "IDCIDADE": "SAO_PAULO", "NOMEFANTASIA": "TROPICAL", "RAZAOSOCIAL": "SPARTA_MODAS_II_LTDA", "ENDEE": "RUA_DOZE_DE_OUTUBRO702__LAPA_08071-072", "LMAPS": "https://www.google.com/maps?q=&layer=c&cbll=-23.5240662,-46.7062184", "O_QUE_FAZER": "APLICAR T2", "ER_REGIAO_CIDADE_min": "Capital Oeste_Lapa" }, "geometry": { "type": "Point", "coordinates": [ -46.7062184, -23.5240662 ] } },
{ "type": "Feature", "properties": { "fid": 121272, "CNPJ": "22255466000170", "IDCIDADE": "SAO_PAULO", "NOMEFANTASIA": "TOSHIRO_SUSHI", "RAZAOSOCIAL": "T3_SUSHI_DELIVERY_LTDA", "ENDEE": "RUA_CORIOLANO569__VILA_ROMANA_05047-000", "LMAPS": "https://www.google.com/maps?q=&layer=c&cbll=-23.526044,-46.690907", "O_QUE_FAZER": "CARTEIRA", "ER_REGIAO_CIDADE_min": "Capital Oeste_Lapa" }, "geometry": { "type": "Point", "coordinates": [ -46.690907, -23.526044 ] } },
{ "type": "Feature", "properties": { "fid": 121566, "CNPJ": "22317659000109", "IDCIDADE": "SAO_PAULO", "NOMEFANTASIA": "CASA_DA_TAPIOCA", "RAZAOSOCIAL": "ELIANA_SANTOS_ALVES", "ENDEE": "RUA_MONTEIRO_DE_MELO48__LAPA_05050-000", "LMAPS": "https://www.google.com/maps?q=&layer=c&cbll=-23.521835,-46.7030164", "O_QUE_FAZER": "APLICAR T4", "ER_REGIAO_CIDADE_min": "Capital Oeste_Lapa" }, "geometry": { "type": "Point", "coordinates": [ -46.7030164, -23.521835 ] } },
{ "type": "Feature", "properties": { "fid": 122000, "CNPJ": "22416033000150", "IDCIDADE": "SAO PAULO", "NOMEFANTASIA": "NONÔ_BAR", "RAZAOSOCIAL": "NONÔ_BAR", "ENDEE": "TAVARES BASTOS_982_PERDIZES_SÃO PAULO_05012-020", "LMAPS": "https://www.google.com/maps?q=&layer=c&cbll=-23.5313275,-46.6914382", "O_QUE_FAZER": "APLICAR T4", "ER_REGIAO_CIDADE_min": "Capital Oeste_Lapa" }, "geometry": { "type": "Point", "coordinates": [ -46.6914382, -23.5313275 ] } },
{ "type": "Feature", "properties": { "fid": 123053, "CNPJ": "22626249000140", "IDCIDADE": "SAO_PAULO", "NOMEFANTASIA": "CLAUDIO_LUIZ_DE_JESUS_GOMES_65193369553", "RAZAOSOCIAL": "CLAUDIO_LUIZ_DE_JESUS_GOMES_65193369553", "ENDEE": "RUA_SEPETIBA320__SICILIANO_05052-000", "LMAPS": "https://www.google.com/maps?q=&layer=c&cbll=-23.5319311,-46.7019195", "O_QUE_FAZER": "FINALIZADO", "ER_REGIAO_CIDADE_min": "Capital Oeste_Lapa" }, "geometry": { "type": "Point", "coordinates": [ -46.7019195, -23.5319311 ] } },
{ "type": "Feature", "properties": { "fid": 123497, "CNPJ": "22711549000127", "IDCIDADE": "SAO_PAULO", "NOMEFANTASIA": "22.711.549_MARCIA_LIMA_GABIONETTA", "RAZAOSOCIAL": "CANTINA_DA_LAPA", "ENDEE": "RUA_SEPETIBA217__SICILIANO_05052-000", "LMAPS": "https://www.google.com/maps?q=&layer=c&cbll=-23.5310997,-46.7016445", "O_QUE_FAZER": "FINALIZADO", "ER_REGIAO_CIDADE_min": "Capital Oeste_Lapa" }, "geometry": { "type": "Point", "coordinates": [ -46.7016445, -23.5310997 ] } },
{ "type": "Feature", "properties": { "fid": 124090, "CNPJ": "22844319000136", "IDCIDADE": "SAO PAULO", "NOMEFANTASIA": "AMORE", "RAZAOSOCIAL": "22.844.319_MERCIA_CRISTINA_RIBEIRO_ABRAMOWICZ", "ENDEE": "RUA MARCELINA, 379, VILA ROMANA, 05044-010, SÃO PAULO, SP, BRASIL", "LMAPS": "https://www.google.com/maps?q=&layer=c&cbll=-23.5303857,-46.6963949", "O_QUE_FAZER": "FINALIZADO", "ER_REGIAO_CIDADE_min": "Capital Oeste_Lapa" }, "geometry": { "type": "Point", "coordinates": [ -46.6963949, -23.5303857 ] } },
{ "type": "Feature", "properties": { "fid": 124411, "CNPJ": "22918082000271", "IDCIDADE": "SAO_PAULO", "NOMEFANTASIA": "KI_PASTEL", "RAZAOSOCIAL": "ALEX_LOPES_DE_SOUZA", "ENDEE": "RUA_TITO1135__VILA_ROMANA_05051-000", "LMAPS": "https://www.google.com/maps?q=&layer=c&cbll=-23.5283404,-46.7028742", "O_QUE_FAZER": "APLICAR T2", "ER_REGIAO_CIDADE_min": "Capital Oeste_Lapa" }, "geometry": { "type": "Point", "coordinates": [ -46.7028742, -23.5283404 ] } },
{ "type": "Feature", "properties": { "fid": 124718, "CNPJ": "22978064000102", "IDCIDADE": "SAO PAULO", "NOMEFANTASIA": "F_AUGUSTO_CA_SUPRIMENTOS", "RAZAOSOCIAL": "F_AUGUSTO_CA_SUPRIMENTOS_LIMITADA", "ENDEE": "RUA PIO XI, 105, ALTO DA LAPA, 05060000, SÃO PAULO, SP, BRASIL", "LMAPS": "https://www.google.com/maps?q=&layer=c&cbll=-23.5263969,-46.7075047", "O_QUE_FAZER": "CARTEIRA - FAMPE", "ER_REGIAO_CIDADE_min": "Capital Oeste_Lapa" }, "geometry": { "type": "Point", "coordinates": [ -46.7075047, -23.5263969 ] } },
{ "type": "Feature", "properties": { "fid": 125384, "CNPJ": "23120540000104", "IDCIDADE": "SAO_PAULO", "NOMEFANTASIA": "GOMES_ESTAMPAS", "RAZAOSOCIAL": "J.GOMES_DA_SILVA_-_ESTAMPAS", "ENDEE": "RUA_CLELIA1697__AGUA_BRANCA_05042-000", "LMAPS": "https://www.google.com/maps?q=&layer=c&cbll=-23.5250008,-46.6990625", "O_QUE_FAZER": "FINALIZADO", "ER_REGIAO_CIDADE_min": "Capital Oeste_Lapa" }, "geometry": { "type": "Point", "coordinates": [ -46.6990625, -23.5250008 ] } },
{ "type": "Feature", "properties": { "fid": 125894, "CNPJ": "23236853000122", "IDCIDADE": "SAO_PAULO", "NOMEFANTASIA": "SENHOR_MADEIRA", "RAZAOSOCIAL": "SENHOR_MADEIRA_COMERCIO_DE_MOVEIS_LTDA", "ENDEE": "RUA_CORIOLANO1756__VILA_ROMANA_05047-000", "LMAPS": "https://www.google.com/maps?q=&layer=c&cbll=-23.525542,-46.702618", "O_QUE_FAZER": "FINALIZADO", "ER_REGIAO_CIDADE_min": "Capital Oeste_Lapa" }, "geometry": { "type": "Point", "coordinates": [ -46.702618, -23.525542 ] } },
{ "type": "Feature", "properties": { "fid": 126406, "CNPJ": "23345650000174", "IDCIDADE": "SAO_PAULO", "NOMEFANTASIA": "IMPERIO_LUCENA_GRILL", "RAZAOSOCIAL": "BAR_E_RESTAURANTE_QUATRO_QUERENCIA_LTDA", "ENDEE": "RUA_DUILIO146__AGUA_BRANCA_05043-020", "LMAPS": "https://www.google.com/maps?q=&layer=c&cbll=-23.5240112,-46.6932985", "O_QUE_FAZER": "CARTEIRA", "ER_REGIAO_CIDADE_min": "Capital Oeste_Lapa" }, "geometry": { "type": "Point", "coordinates": [ -46.6932985, -23.5240112 ] } },
{ "type": "Feature", "properties": { "fid": 126643, "CNPJ": "23398685000171", "IDCIDADE": "SAO_PAULO", "NOMEFANTASIA": "EMPORIO_DAS_LETRAS", "RAZAOSOCIAL": "EMPORIO_DAS_LETRAS_COMERCIO_DE_LIVROS_LTDA", "ENDEE": "RUA_ANTONIO_RAPOSO226__LAPA_05074-020", "LMAPS": "https://www.google.com/maps?q=&layer=c&cbll=-23.5209502,-46.7069152", "O_QUE_FAZER": "CARTEIRA", "ER_REGIAO_CIDADE_min": "Capital Oeste_Lapa" }, "geometry": { "type": "Point", "coordinates": [ -46.7069152, -23.5209502 ] } },
{ "type": "Feature", "properties": { "fid": 126645, "CNPJ": "23398694000162", "IDCIDADE": "SAO PAULO", "NOMEFANTASIA": null, "RAZAOSOCIAL": "D&M7_APOIO_ADMINISTRATIVO_LTDA", "ENDEE": "RUA CATAO, 804, CONJ 201, VILA ROMANA, 05049-000, SÃO PAULO, SP, BRASIL", "LMAPS": "https://www.google.com/maps?q=&layer=c&cbll=-23.5278334,-46.7008492", "O_QUE_FAZER": "CARTEIRA - FAMPE", "ER_REGIAO_CIDADE_min": "Capital Oeste_Lapa" }, "geometry": { "type": "Point", "coordinates": [ -46.7008492, -23.5278334 ] } },
{ "type": "Feature", "properties": { "fid": 126858, "CNPJ": "23442693000178", "IDCIDADE": "SAO PAULO", "NOMEFANTASIA": "BARBARA_NG", "RAZAOSOCIAL": "BARBARA_NG_24580675819", "ENDEE": "RUA TITO, 570, VILA ROMANA, 05051-000, SÃO PAULO, SP, BRASIL", "LMAPS": "https://www.google.com/maps?q=&layer=c&cbll=-23.5280357,-46.6974414", "O_QUE_FAZER": "APLICAR T4", "ER_REGIAO_CIDADE_min": "Capital Oeste_Lapa" }, "geometry": { "type": "Point", "coordinates": [ -46.6974414, -23.5280357 ] } },
{ "type": "Feature", "properties": { "fid": 127204, "CNPJ": "23510384000198", "IDCIDADE": "SAO PAULO", "NOMEFANTASIA": null, "RAZAOSOCIAL": "JACQUELINE_MARQUES_DA_SILVA_58022651672", "ENDEE": "RUA WILLIAM SPEERS, 488, APT, LAPA DE BAIXO, 05065-010, SÃO PAULO, SP, BRASIL", "LMAPS": "https://www.google.com/maps?q=&layer=c&cbll=-23.5190617,-46.6995887", "O_QUE_FAZER": "CARTEIRA - FAMPE", "ER_REGIAO_CIDADE_min": "Capital Oeste_Lapa" }, "geometry": { "type": "Point", "coordinates": [ -46.6995887, -23.5190617 ] } },
{ "type": "Feature", "properties": { "fid": 127360, "CNPJ": "23540579000180", "IDCIDADE": "SAO_PAULO", "NOMEFANTASIA": "VICLY_TAPETES", "RAZAOSOCIAL": "VICLY_TAPETES_E_DECORACOES_LTDA", "ENDEE": "RUA_DESEMBARGADOR_DO_VALE_1007_PERDIZES_05010-040_SAO_PAULO_BRASIL", "LMAPS": "https://www.google.com/maps?q=&layer=c&cbll=-23.5287883,-46.6898817", "O_QUE_FAZER": "FINALIZADO", "ER_REGIAO_CIDADE_min": "Capital Oeste_Lapa" }, "geometry": { "type": "Point", "coordinates": [ -46.6898817, -23.5287883 ] } },
{ "type": "Feature", "properties": { "fid": 127894, "CNPJ": "23661210000126", "IDCIDADE": "SAO_PAULO", "NOMEFANTASIA": "RMB_BOMBONIERE", "RAZAOSOCIAL": "RMB_-_RESTAURANTE_MERCADO_E_BOMBONIERE_LTDA", "ENDEE": "RUA_CATAO192__VILA_ROMANA_05049-000", "LMAPS": "https://www.google.com/maps?q=&layer=c&cbll=-23.5225157,-46.700525", "O_QUE_FAZER": "FINALIZADO", "ER_REGIAO_CIDADE_min": "Capital Oeste_Lapa" }, "geometry": { "type": "Point", "coordinates": [ -46.700525, -23.5225157 ] } },
{ "type": "Feature", "properties": { "fid": 128479, "CNPJ": "23779263000227", "IDCIDADE": "SAO PAULO", "NOMEFANTASIA": "ARK_PET", "RAZAOSOCIAL": "ARK_PET_COMERCIO_DE_PRODUTOS_VETERINARIOS_LTDA", "ENDEE": "ALBION, 649, LAPA, SÃO PAULO_05077-130", "LMAPS": "https://www.google.com/maps?q=&layer=c&cbll=-23.5240611,-46.7108951", "O_QUE_FAZER": "APLICAR T4", "ER_REGIAO_CIDADE_min": "Capital Oeste_Lapa" }, "geometry": { "type": "Point", "coordinates": [ -46.7108951, -23.5240611 ] } },
{ "type": "Feature", "properties": { "fid": 128863, "CNPJ": "23858321000127", "IDCIDADE": "SAO_PAULO", "NOMEFANTASIA": "CASA_BRASILIS_ESPACO_CULTURAL__GRAVADORA_E_DISCOS_LTDA", "RAZAOSOCIAL": "CASA_BRASILIS", "ENDEE": "RUA_CLELIA353__AGUA_BRANCA_05042-000", "LMAPS": "https://www.google.com/maps?q=&layer=c&cbll=-23.5251807,-46.6858661", "O_QUE_FAZER": "FINALIZADO", "ER_REGIAO_CIDADE_min": "Capital Oeste_Lapa" }, "geometry": { "type": "Point", "coordinates": [ -46.6858661, -23.5251807 ] } },
{ "type": "Feature", "properties": { "fid": 129700, "CNPJ": "24052509000146", "IDCIDADE": "SAO_PAULO", "NOMEFANTASIA": "CENTRO_DAS_SOBRANCELHAS", "RAZAOSOCIAL": "REBAHIA_SALAO_ESCOLA_LTDA", "ENDEE": "RUA_PIO_XI47__ALTO_DA_LAPA_05060-000", "LMAPS": "https://www.google.com/maps?q=&layer=c&cbll=-23.525944,-46.7072966", "O_QUE_FAZER": "CARTEIRA", "ER_REGIAO_CIDADE_min": "Capital Oeste_Lapa" }, "geometry": { "type": "Point", "coordinates": [ -46.7072966, -23.525944 ] } },
{ "type": "Feature", "properties": { "fid": 129998, "CNPJ": "24102413000145", "IDCIDADE": "SAO_PAULO", "NOMEFANTASIA": "POLLY_PARK", "RAZAOSOCIAL": "POLLY_PARK_ESTACIONAMENTOS_E_GARAGENS_LTDA", "ENDEE": "RUA_FAUSTOLO1933__LAPA_05041-000", "LMAPS": "https://www.google.com/maps?q=&layer=c&cbll=-23.52362,-46.7041783", "O_QUE_FAZER": "CARTEIRA", "ER_REGIAO_CIDADE_min": "Capital Oeste_Lapa" }, "geometry": { "type": "Point", "coordinates": [ -46.7041783, -23.52362 ] } },
{ "type": "Feature", "properties": { "fid": 130328, "CNPJ": "24168736000131", "IDCIDADE": "SAO_PAULO", "NOMEFANTASIA": "24.168.736_ALEXSANDRO_PORFIRIO_DOS_SANTOS", "RAZAOSOCIAL": "AUTOSEVEN", "ENDEE": "RUA_CONSELHEIRO_RIBAS505__VILA_ANASTACIO_05093-060", "LMAPS": "https://www.google.com/maps?q=&layer=c&cbll=-23.5138028,-46.7220551", "O_QUE_FAZER": "FINALIZADO", "ER_REGIAO_CIDADE_min": "Capital Oeste_Lapa" }, "geometry": { "type": "Point", "coordinates": [ -46.7220551, -23.5138028 ] } },
{ "type": "Feature", "properties": { "fid": 130336, "CNPJ": "24170335000116", "IDCIDADE": "SAO PAULO", "NOMEFANTASIA": "TECNI_SON", "RAZAOSOCIAL": "TECNI_SON", "ENDEE": "JOÃO PEREIRA, 232, LAPA, SÃO PAULO", "LMAPS": "https://www.google.com/maps?q=&layer=c&cbll=-23.5193458,-46.7064953", "O_QUE_FAZER": "APLICAR T2", "ER_REGIAO_CIDADE_min": "Capital Oeste_Lapa" }, "geometry": { "type": "Point", "coordinates": [ -46.7064953, -23.5193458 ] } },
{ "type": "Feature", "properties": { "fid": 130679, "CNPJ": "24240330000112", "IDCIDADE": "SAO_PAULO", "NOMEFANTASIA": "SMART_SOS", "RAZAOSOCIAL": "SMART_SOS_ASSISTENCIA_TECNICA_EM_EQUIPAMENTOS_DE_COMUNICACAO_LTDA", "ENDEE": "RUA_TITO1053__VILA_ROMANA_05051-000", "LMAPS": "https://www.google.com/maps?q=&layer=c&cbll=-23.5237636,-46.7026559", "O_QUE_FAZER": "CARTEIRA", "ER_REGIAO_CIDADE_min": "Capital Oeste_Lapa" }, "geometry": { "type": "Point", "coordinates": [ -46.7026559, -23.5237636 ] } },
{ "type": "Feature", "properties": { "fid": 130938, "CNPJ": "24291899000107", "IDCIDADE": "SAO PAULO", "NOMEFANTASIA": "A_LAPANELA_RESTAURANTE", "RAZAOSOCIAL": "NATALIA_HIEMISCH_RIBEIRO_RESTAURANTE", "ENDEE": "RUA GOMES FREIRE, 276, LAPA, 05075-010, SÃO PAULO, BRASIL", "LMAPS": "https://www.google.com/maps?q=&layer=c&cbll=-23.5218283,-46.7086758", "O_QUE_FAZER": "FINALIZADO", "ER_REGIAO_CIDADE_min": "Capital Oeste_Lapa" }, "geometry": { "type": "Point", "coordinates": [ -46.7086758, -23.5218283 ] } },
{ "type": "Feature", "properties": { "fid": 131275, "CNPJ": "24363867000170", "IDCIDADE": "SAO PAULO", "NOMEFANTASIA": "JP_ODONTO", "RAZAOSOCIAL": "DENTAF_ODONTOLOGIA_E_REABILITACAO_LTDA.", "ENDEE": "RUA ANTONIO RAPOSO, 84, LAPA, 05074-020, SÃO PAULO, SP, BRASIL", "LMAPS": "https://www.google.com/maps?q=&layer=c&cbll=-23.5212378,-46.7055607", "O_QUE_FAZER": "CARTEIRA - FAMPE", "ER_REGIAO_CIDADE_min": "Capital Oeste_Lapa" }, "geometry": { "type": "Point", "coordinates": [ -46.7055607, -23.5212378 ] } },
{ "type": "Feature", "properties": { "fid": 131493, "CNPJ": "24405781000162", "IDCIDADE": "SAO_PAULO", "NOMEFANTASIA": "POSCIDONIO_ELETRONICOS", "RAZAOSOCIAL": "POSCIDONIO_HONORIO_DE_ALMEIDA_NETO_ELETRONICOS", "ENDEE": "RUA_DOUTOR_CINCINATO_POMPONET215__LAPA_05072-020", "LMAPS": "https://www.google.com/maps?q=&layer=c&cbll=-23.5188933,-46.70302", "O_QUE_FAZER": "CARTEIRA", "ER_REGIAO_CIDADE_min": "Capital Oeste_Lapa" }, "geometry": { "type": "Point", "coordinates": [ -46.70302, -23.5188933 ] } },
{ "type": "Feature", "properties": { "fid": 131966, "CNPJ": "24489202000107", "IDCIDADE": "SAO PAULO", "NOMEFANTASIA": "RV_DISTRIBUICAO", "RAZAOSOCIAL": "RV_DISTRIBUICAO_DE_BEBIDAS_LTDA", "ENDEE": "RUA BERNARDO GUIMARAES, 203, VILA ANASTACIO, 05092-030, SÃO PAULO, SP, BRASIL", "LMAPS": "https://www.google.com/maps?q=&layer=c&cbll=-23.514976,-46.7194368", "O_QUE_FAZER": "CARTEIRA - FAMPE", "ER_REGIAO_CIDADE_min": "Capital Oeste_Lapa" }, "geometry": { "type": "Point", "coordinates": [ -46.7194368, -23.514976 ] } },
{ "type": "Feature", "properties": { "fid": 132432, "CNPJ": "24579788000109", "IDCIDADE": "SAO_PAULO", "NOMEFANTASIA": "DECOMAC_MOVEIS", "RAZAOSOCIAL": "24.579.788_ANDERSON_ERNESTO_DELL_ANTONIO", "ENDEE": "AVENIDA_DIOGENES_RIBEIRO_DE_LIMA_3218_ALTO_DA_LAPA_05083-010_SAO_PAULO_BRASIL", "LMAPS": "https://www.google.com/maps?q=&layer=c&cbll=-23.5324729,-46.7190485", "O_QUE_FAZER": "FINALIZADO", "ER_REGIAO_CIDADE_min": "Capital Oeste_Lapa" }, "geometry": { "type": "Point", "coordinates": [ -46.7190485, -23.5324729 ] } },
{ "type": "Feature", "properties": { "fid": 133183, "CNPJ": "24738088000101", "IDCIDADE": "SAO_PAULO", "NOMEFANTASIA": "WANIA_CATOIA_27412848810", "RAZAOSOCIAL": "ATELIER_WANIA_CATOIA", "ENDEE": "RUA_TITO758__VILA_ROMANA_05051-000", "LMAPS": "https://www.google.com/maps?q=&layer=c&cbll=-23.5280197,-46.6992083", "O_QUE_FAZER": "FINALIZADO", "ER_REGIAO_CIDADE_min": "Capital Oeste_Lapa" }, "geometry": { "type": "Point", "coordinates": [ -46.6992083, -23.5280197 ] } },
{ "type": "Feature", "properties": { "fid": 133205, "CNPJ": "24742742000150", "IDCIDADE": "SAO_PAULO", "NOMEFANTASIA": "MSA_PRIME_DISTRIBUIDORA_E_ATACADISTA_LTDA", "RAZAOSOCIAL": "MSA_PRIME", "ENDEE": "RUA_CLELIA554__AGUA_BRANCA_05042-000", "LMAPS": "https://www.google.com/maps?q=&layer=c&cbll=-23.5248216,-46.6878343", "O_QUE_FAZER": "FINALIZADO", "ER_REGIAO_CIDADE_min": "Capital Oeste_Lapa" }, "geometry": { "type": "Point", "coordinates": [ -46.6878343, -23.5248216 ] } },
{ "type": "Feature", "properties": { "fid": 133505, "CNPJ": "24804598000130", "IDCIDADE": "SAO_PAULO", "NOMEFANTASIA": "BODEGA_GOULART", "RAZAOSOCIAL": "WORLD_MALBEC_IMPORTACAO_E_EXPORTACAO_LTDA", "ENDEE": "RUA_CORIOLANO1639__VILA_ROMANA_05047-000", "LMAPS": "https://www.google.com/maps?q=&layer=c&cbll=-23.525945,-46.701535", "O_QUE_FAZER": "CARTEIRA", "ER_REGIAO_CIDADE_min": "Capital Oeste_Lapa" }, "geometry": { "type": "Point", "coordinates": [ -46.701535, -23.525945 ] } },
{ "type": "Feature", "properties": { "fid": 133615, "CNPJ": "24823124000135", "IDCIDADE": "SAO PAULO", "NOMEFANTASIA": "KAZA_RIBEIRO", "RAZAOSOCIAL": "KAZA_RIBEIRO_NEGOCIOS_IMOBILIARIOS_LTDA", "ENDEE": "RUA PIO XI, 758, ALTO DA LAPA, 05060-000, SÃO PAULO, SP, BRASIL", "LMAPS": "https://www.google.com/maps?q=&layer=c&cbll=-23.5302604,-46.7119138", "O_QUE_FAZER": "CARTEIRA - FAMPE", "ER_REGIAO_CIDADE_min": "Capital Oeste_Lapa" }, "geometry": { "type": "Point", "coordinates": [ -46.7119138, -23.5302604 ] } },
{ "type": "Feature", "properties": { "fid": 133671, "CNPJ": "24836346000192", "IDCIDADE": "SAO PAULO", "NOMEFANTASIA": "MAYCRENE_COSMÉTICOS", "RAZAOSOCIAL": "W.R._SOARES_-_INDUSTRIA_E_COMERCIO_DE_COSMETICOS_LTDA", "ENDEE": "CLEMENTE ÁLVARES, 51, LAPA, SÃO PAULO_05074-050", "LMAPS": "https://www.google.com/maps?q=&layer=c&cbll=-23.5210535,-46.7033877", "O_QUE_FAZER": "APLICAR T4", "ER_REGIAO_CIDADE_min": "Capital Oeste_Lapa" }, "geometry": { "type": "Point", "coordinates": [ -46.7033877, -23.5210535 ] } },
{ "type": "Feature", "properties": { "fid": 133950, "CNPJ": "24891022000157", "IDCIDADE": "SAO_PAULO", "NOMEFANTASIA": "DIJANI_PINHEIRO_DA_SILVA", "RAZAOSOCIAL": "CDR_PAPELARIA", "ENDEE": "RUA_JOAQUIM_MACHADO47__LAPA_05050-010", "LMAPS": "https://www.google.com/maps?q=&layer=c&cbll=-23.5218389,-46.7008626", "O_QUE_FAZER": "FINALIZADO", "ER_REGIAO_CIDADE_min": "Capital Oeste_Lapa" }, "geometry": { "type": "Point", "coordinates": [ -46.7008626, -23.5218389 ] } },
{ "type": "Feature", "properties": { "fid": 134446, "CNPJ": "24982284000127", "IDCIDADE": "SAO_PAULO", "NOMEFANTASIA": "PRO_PEL", "RAZAOSOCIAL": "PRO_-_PEL_PAPELARIA_E_PRESENTES_LTDA", "ENDEE": "RUA_CLEMENTE_ALVARES27__LAPA_05074-050", "LMAPS": "https://www.google.com/maps?q=&layer=c&cbll=-23.5211694,-46.7030683", "O_QUE_FAZER": "CARTEIRA", "ER_REGIAO_CIDADE_min": "Capital Oeste_Lapa" }, "geometry": { "type": "Point", "coordinates": [ -46.7030683, -23.5211694 ] } },
{ "type": "Feature", "properties": { "fid": 134558, "CNPJ": "25005013000184", "IDCIDADE": "SAO_PAULO", "NOMEFANTASIA": "DEBORA_CRISTINA_MOREIRA", "RAZAOSOCIAL": "DOCE_SABOR", "ENDEE": "RUA_CORIOLANO754__VILA_ROMANA_05047-000", "LMAPS": "https://www.google.com/maps?q=&layer=c&cbll=-23.5259724,-46.6927983", "O_QUE_FAZER": "FINALIZADO", "ER_REGIAO_CIDADE_min": "Capital Oeste_Lapa" }, "geometry": { "type": "Point", "coordinates": [ -46.6927983, -23.5259724 ] } },
{ "type": "Feature", "properties": { "fid": 134680, "CNPJ": "25026834000105", "IDCIDADE": "SAO_PAULO", "NOMEFANTASIA": "NATO9N", "RAZAOSOCIAL": "KIANITE_VESTUARIO_LTDA", "ENDEE": "RUA_DOZE_DE_OUTUBRO540__LAPA_08071-072", "LMAPS": "https://www.google.com/maps?q=&layer=c&cbll=-23.5229719,-46.7057", "O_QUE_FAZER": "CARTEIRA", "ER_REGIAO_CIDADE_min": "Capital Oeste_Lapa" }, "geometry": { "type": "Point", "coordinates": [ -46.7057, -23.5229719 ] } },
{ "type": "Feature", "properties": { "fid": 135963, "CNPJ": "25265647000176", "IDCIDADE": "SAO_PAULO", "NOMEFANTASIA": "CARLAO_MODAS", "RAZAOSOCIAL": "LUCIENE_MISSIAS", "ENDEE": "RUA_DOUTOR_CINCINATO_POMPONET138__LAPA_05072-020", "LMAPS": "https://www.google.com/maps?q=&layer=c&cbll=-23.5193569,-46.7024762", "O_QUE_FAZER": "CARTEIRA", "ER_REGIAO_CIDADE_min": "Capital Oeste_Lapa" }, "geometry": { "type": "Point", "coordinates": [ -46.7024762, -23.5193569 ] } },
{ "type": "Feature", "properties": { "fid": 136007, "CNPJ": "25275647000157", "IDCIDADE": "SAO_PAULO", "NOMEFANTASIA": "TRIDA_RESTAURANTE", "RAZAOSOCIAL": "TRIDA_RESTAURANTE_&_BAR_LTDA", "ENDEE": "RUA_BARAO_DE_JUNDIAI468__LAPA_05073-010", "LMAPS": "https://www.google.com/maps?q=&layer=c&cbll=-23.52531,-46.7090883", "O_QUE_FAZER": "CARTEIRA", "ER_REGIAO_CIDADE_min": "Capital Oeste_Lapa" }, "geometry": { "type": "Point", "coordinates": [ -46.7090883, -23.52531 ] } },
{ "type": "Feature", "properties": { "fid": 136062, "CNPJ": "25284247000108", "IDCIDADE": "SAO PAULO", "NOMEFANTASIA": "KANTHAROS", "RAZAOSOCIAL": "25.284.247_YAGO_BERTOLAZZI_DE_ABREU_PEREIRA_DE_MELO", "ENDEE": "RUA AURÉLIA, 834, VILA ROMANA, 05046-000, SÃO PAULO, SP, BRASIL", "LMAPS": "https://www.google.com/maps?q=&layer=c&cbll=-23.5292817,-46.6980571", "O_QUE_FAZER": "APLICAR T2", "ER_REGIAO_CIDADE_min": "Capital Oeste_Lapa" }, "geometry": { "type": "Point", "coordinates": [ -46.6980571, -23.5292817 ] } },
{ "type": "Feature", "properties": { "fid": 136304, "CNPJ": "25341431000142", "IDCIDADE": "SAO_PAULO", "NOMEFANTASIA": "A_OCULAR", "RAZAOSOCIAL": "ANGELA_SOLZIGAN_GARRUTTE", "ENDEE": "RUA_CLEMENTE_ALVARES40__LAPA_05074-050", "LMAPS": "https://www.google.com/maps?q=&layer=c&cbll=-23.5210073,-46.7031056", "O_QUE_FAZER": "CARTEIRA", "ER_REGIAO_CIDADE_min": "Capital Oeste_Lapa" }, "geometry": { "type": "Point", "coordinates": [ -46.7031056, -23.5210073 ] } },
{ "type": "Feature", "properties": { "fid": 136363, "CNPJ": "25353553000159", "IDCIDADE": "SAO_PAULO", "NOMEFANTASIA": "STUDIO_FATIMA", "RAZAOSOCIAL": "D.V._COSTA_TRANSPORTES", "ENDEE": "RUA_CLEMENTE_ALVARES350__LAPA_05074-050", "LMAPS": "https://www.google.com/maps?q=&layer=c&cbll=-23.5199033,-46.7059483", "O_QUE_FAZER": "FINALIZADO", "ER_REGIAO_CIDADE_min": "Capital Oeste_Lapa" }, "geometry": { "type": "Point", "coordinates": [ -46.7059483, -23.5199033 ] } },
{ "type": "Feature", "properties": { "fid": 136654, "CNPJ": "25454510000160", "IDCIDADE": "SAO_PAULO", "NOMEFANTASIA": "ABREU_&_LEONE_TREINAMENTO_FISICO_LTDA", "RAZAOSOCIAL": "CROSSFIT_BRASIL", "ENDEE": "RUA_CLELIA970__BARRA_FUNDA_05042-000", "LMAPS": "https://www.google.com/maps?q=&layer=c&cbll=-23.5246227,-46.6918427", "O_QUE_FAZER": "FINALIZADO", "ER_REGIAO_CIDADE_min": "Capital Oeste_Lapa" }, "geometry": { "type": "Point", "coordinates": [ -46.6918427, -23.5246227 ] } },
{ "type": "Feature", "properties": { "fid": 137245, "CNPJ": "26071561000175", "IDCIDADE": "SAO_PAULO", "NOMEFANTASIA": "DR_OCULOS", "RAZAOSOCIAL": "MV2_OTICAS_LTDA", "ENDEE": "PRACA_PROFESSOR_JOSE_AZEVEDO_ANTUNES23__LAPA_05072-050", "LMAPS": "https://www.google.com/maps?q=&layer=c&cbll=-23.5239484,-46.704914", "O_QUE_FAZER": "CARTEIRA", "ER_REGIAO_CIDADE_min": "Capital Oeste_Lapa" }, "geometry": { "type": "Point", "coordinates": [ -46.704914, -23.5239484 ] } },
{ "type": "Feature", "properties": { "fid": 137247, "CNPJ": "26072125000110", "IDCIDADE": "SAO_PAULO", "NOMEFANTASIA": "OLHO_VIVO_VISTORIAS", "RAZAOSOCIAL": "VM_VISTORIAS_AUTOMOTIVAS_LTDA", "ENDEE": "RUA_MONTEIRO_DE_MELO657__LAPA_05050-000", "LMAPS": "https://www.google.com/maps?q=&layer=c&cbll=-23.5273366,-46.7032318", "O_QUE_FAZER": "CARTEIRA", "ER_REGIAO_CIDADE_min": "Capital Oeste_Lapa" }, "geometry": { "type": "Point", "coordinates": [ -46.7032318, -23.5273366 ] } },
{ "type": "Feature", "properties": { "fid": 138125, "CNPJ": "26228107000185", "IDCIDADE": "SAO_PAULO", "NOMEFANTASIA": "MMS_PRESENTES", "RAZAOSOCIAL": "MM_S_COMERCIO_DE_PRESENTES_LTDA", "ENDEE": "RUA_CATAO72__VILA_ROMANA_05049-000", "LMAPS": "https://www.google.com/maps?q=&layer=c&cbll=-23.5212336,-46.7005606", "O_QUE_FAZER": "CARTEIRA", "ER_REGIAO_CIDADE_min": "Capital Oeste_Lapa" }, "geometry": { "type": "Point", "coordinates": [ -46.7005606, -23.5212336 ] } },
{ "type": "Feature", "properties": { "fid": 138326, "CNPJ": "26263744000192", "IDCIDADE": "SAO_PAULO", "NOMEFANTASIA": "TIARA", "RAZAOSOCIAL": "LOTUS_COMERCIO_DE_BOLSAS_LTDA", "ENDEE": "RUA_DOZE_DE_OUTUBRO301__LAPA_08071-072", "LMAPS": "https://www.google.com/maps?q=&layer=c&cbll=-23.520655,-46.7042167", "O_QUE_FAZER": "CARTEIRA", "ER_REGIAO_CIDADE_min": "Capital Oeste_Lapa" }, "geometry": { "type": "Point", "coordinates": [ -46.7042167, -23.520655 ] } },
{ "type": "Feature", "properties": { "fid": 138735, "CNPJ": "26344388000131", "IDCIDADE": "SAO_PAULO", "NOMEFANTASIA": "TIARA_BOLSAS", "RAZAOSOCIAL": "BM_COMERCIO_DE_BOLSAS_LTDA", "ENDEE": "RUA_DOZE_DE_OUTUBRO509__LAPA_08071-072", "LMAPS": "https://www.google.com/maps?q=&layer=c&cbll=-23.5224514,-46.7052213", "O_QUE_FAZER": "CARTEIRA", "ER_REGIAO_CIDADE_min": "Capital Oeste_Lapa" }, "geometry": { "type": "Point", "coordinates": [ -46.7052213, -23.5224514 ] } },
{ "type": "Feature", "properties": { "fid": 138910, "CNPJ": "26372149000195", "IDCIDADE": "SAO_PAULO", "NOMEFANTASIA": "TANGERINA_FAST", "RAZAOSOCIAL": "TANGERINA_FAST_LANCHONETE_LTDA", "ENDEE": "RUA_DOZE_DE_OUTUBRO300__LAPA_05073-001", "LMAPS": "https://www.google.com/maps?q=&layer=c&cbll=-23.520603,-46.7044398", "O_QUE_FAZER": "APLICAR T2", "ER_REGIAO_CIDADE_min": "Capital Oeste_Lapa" }, "geometry": { "type": "Point", "coordinates": [ -46.7044398, -23.520603 ] } },
{ "type": "Feature", "properties": { "fid": 139054, "CNPJ": "26399210000198", "IDCIDADE": "SAO_PAULO", "NOMEFANTASIA": "CIRURGICS_SAO_JOSE", "RAZAOSOCIAL": "CIRURGICA_E_ORTOPEDIA_SAO_JOSE_LTDA", "ENDEE": "RUA_MONTEIRO_DE_MELO184__LAPA_05050-000", "LMAPS": "https://www.google.com/maps?q=&layer=c&cbll=-23.5231102,-46.7029957", "O_QUE_FAZER": "APLICAR T2", "ER_REGIAO_CIDADE_min": "Capital Oeste_Lapa" }, "geometry": { "type": "Point", "coordinates": [ -46.7029957, -23.5231102 ] } },
{ "type": "Feature", "properties": { "fid": 139084, "CNPJ": "26401709000192", "IDCIDADE": "SAO_PAULO", "NOMEFANTASIA": "BELLA_GOUMET", "RAZAOSOCIAL": "C.C.DOS_SANTOS_RESTAURANTE_E_ROTISSERIA", "ENDEE": "RUA_PONTA_PORA124__PARQUE_CENTO_E_VINTE_05050-080", "LMAPS": "https://www.google.com/maps?q=&layer=c&cbll=-23.528231,-46.7061182", "O_QUE_FAZER": "CARTEIRA", "ER_REGIAO_CIDADE_min": "Capital Oeste_Lapa" }, "geometry": { "type": "Point", "coordinates": [ -46.7061182, -23.528231 ] } },
{ "type": "Feature", "properties": { "fid": 139170, "CNPJ": "26420054000108", "IDCIDADE": "SAO_PAULO", "NOMEFANTASIA": "DC_MOTOS", "RAZAOSOCIAL": "DEBORA_C._ALVARENGA_STEVANATO_COMERCIO_E_SERVICOS_DE_MOTOCICLETAS", "ENDEE": "RUA_CLELIA2195__AGUA_BRANCA_05042-000", "LMAPS": "https://www.google.com/maps?q=&layer=c&cbll=-23.5250149,-46.7039766", "O_QUE_FAZER": "CARTEIRA", "ER_REGIAO_CIDADE_min": "Capital Oeste_Lapa" }, "geometry": { "type": "Point", "coordinates": [ -46.7039766, -23.5250149 ] } },
{ "type": "Feature", "properties": { "fid": 139511, "CNPJ": "26484563000196", "IDCIDADE": "SAO PAULO", "NOMEFANTASIA": null, "RAZAOSOCIAL": "HOP_LOG_SERVICOS_ADMINISTRATIVOS_E_LOGISTICOS_LTDA", "ENDEE": "RUA ENGENHEIRO AUBERTIN, 309, LAPA DE BAIXO, 05068-070, SÃO PAULO, SP, BRASIL", "LMAPS": "https://www.google.com/maps?q=&layer=c&cbll=-23.5143305,-46.7039039", "O_QUE_FAZER": "APLICAR T2", "ER_REGIAO_CIDADE_min": "Capital Oeste_Lapa" }, "geometry": { "type": "Point", "coordinates": [ -46.7039039, -23.5143305 ] } },
{ "type": "Feature", "properties": { "fid": 139675, "CNPJ": "26515628000113", "IDCIDADE": "SAO_PAULO", "NOMEFANTASIA": "SAN_MARINO_TECNOLOGY", "RAZAOSOCIAL": "SAN_MARINO_TECNOLOGY_LTDA", "ENDEE": "RUA_TITO1660__VILA_ROMANA_05051-000", "LMAPS": "https://www.google.com/maps?q=&layer=c&cbll=-23.5269839,-46.7079632", "O_QUE_FAZER": "CARTEIRA", "ER_REGIAO_CIDADE_min": "Capital Oeste_Lapa" }, "geometry": { "type": "Point", "coordinates": [ -46.7079632, -23.5269839 ] } },
{ "type": "Feature", "properties": { "fid": 140798, "CNPJ": "26723209000177", "IDCIDADE": "SAO_PAULO", "NOMEFANTASIA": "LOGCENTER_EXPRESS", "RAZAOSOCIAL": "LOGCENTER_EXPRESS_LTDA", "ENDEE": "RUA_CORIOLANO_1663_VILA_ROMANA_05047-001_SAO_PAULO_BRASIL", "LMAPS": "https://www.google.com/maps?q=&layer=c&cbll=-23.5259004,-46.7016993", "O_QUE_FAZER": "FINALIZADO", "ER_REGIAO_CIDADE_min": "Capital Oeste_Lapa" }, "geometry": { "type": "Point", "coordinates": [ -46.7016993, -23.5259004 ] } },
{ "type": "Feature", "properties": { "fid": 140832, "CNPJ": "26731217000165", "IDCIDADE": "SAO PAULO", "NOMEFANTASIA": "-", "RAZAOSOCIAL": "26.731.217_DOMITILIA_AGUIAR_DE_BRITO", "ENDEE": "RUA MARAPUAMA, 180, CASA 03, ALTO DA LAPA, 05060-030, SÃO PAULO, SP, BRASIL", "LMAPS": "https://www.google.com/maps?q=&layer=c&cbll=-23.5282012,-46.7092472", "O_QUE_FAZER": "CARTEIRA - FAMPE", "ER_REGIAO_CIDADE_min": "Capital Oeste_Lapa" }, "geometry": { "type": "Point", "coordinates": [ -46.7092472, -23.5282012 ] } },
{ "type": "Feature", "properties": { "fid": 141036, "CNPJ": "26761785000109", "IDCIDADE": "SAO_PAULO", "NOMEFANTASIA": "PANIFICADORA_PANATE_ARTESANAL_LTDA", "RAZAOSOCIAL": "PANATE", "ENDEE": "AVENIDA_DIOGENES_RIBEIRO_DE_LIMA3074__ALTO_DA_LAPA_05083-010", "LMAPS": "https://www.google.com/maps?q=&layer=c&cbll=-23.5336039,-46.7184842", "O_QUE_FAZER": "FINALIZADO", "ER_REGIAO_CIDADE_min": "Capital Oeste_Lapa" }, "geometry": { "type": "Point", "coordinates": [ -46.7184842, -23.5336039 ] } },
{ "type": "Feature", "properties": { "fid": 141358, "CNPJ": "26839672000189", "IDCIDADE": "SAO_PAULO", "NOMEFANTASIA": "CAROLINA_DA_CUNHA_ATAURI", "RAZAOSOCIAL": "THE_BOINAS", "ENDEE": "RUA_CORIOLANO969__VILA_ROMANA_05047-000", "LMAPS": "https://www.google.com/maps?q=&layer=c&cbll=-23.5262119,-46.6949501", "O_QUE_FAZER": "FINALIZADO", "ER_REGIAO_CIDADE_min": "Capital Oeste_Lapa" }, "geometry": { "type": "Point", "coordinates": [ -46.6949501, -23.5262119 ] } },
{ "type": "Feature", "properties": { "fid": 141364, "CNPJ": "26840861000171", "IDCIDADE": "SAO PAULO", "NOMEFANTASIA": "Looz", "RAZAOSOCIAL": "LOOZ_FABRICA_DE_ILUMINACAO_LTDA", "ENDEE": "RUA FRANCISCO ALVES, 755, VILA ROMANA, 05051-040, SÃO PAULO, SP, BRASIL", "LMAPS": "https://www.google.com/maps?q=&layer=c&cbll=-23.5327416,-46.7021746", "O_QUE_FAZER": "APLICAR T2", "ER_REGIAO_CIDADE_min": "Capital Oeste_Lapa" }, "geometry": { "type": "Point", "coordinates": [ -46.7021746, -23.5327416 ] } },
{ "type": "Feature", "properties": { "fid": 142255, "CNPJ": "27033882000148", "IDCIDADE": "SAO_PAULO", "NOMEFANTASIA": "STUDIO_GI", "RAZAOSOCIAL": "GISELLE_MARIA_MEIRA_ZANCHI", "ENDEE": "RUA_SCIPIAO456__VILA_ROMANA_05047-060", "LMAPS": "https://www.google.com/maps?q=&layer=c&cbll=-23.5255339,-46.6992377", "O_QUE_FAZER": "APLICAR T2", "ER_REGIAO_CIDADE_min": "Capital Oeste_Lapa" }, "geometry": { "type": "Point", "coordinates": [ -46.6992377, -23.5255339 ] } },
{ "type": "Feature", "properties": { "fid": 142570, "CNPJ": "27102551000112", "IDCIDADE": "SAO_PAULO", "NOMEFANTASIA": "HAPPEN_MODAS", "RAZAOSOCIAL": "J._DE_A._PINTO_COMERCIO_DE_ROUPAS_LTDA", "ENDEE": "RUA_CLEMENTE_ALVARES95__LAPA_05074-050", "LMAPS": "https://www.google.com/maps?q=&layer=c&cbll=-23.5209051,-46.7036663", "O_QUE_FAZER": "CARTEIRA", "ER_REGIAO_CIDADE_min": "Capital Oeste_Lapa" }, "geometry": { "type": "Point", "coordinates": [ -46.7036663, -23.5209051 ] } },
{ "type": "Feature", "properties": { "fid": 142612, "CNPJ": "27111540000107", "IDCIDADE": "SAO PAULO", "NOMEFANTASIA": "J&E_FESTAS", "RAZAOSOCIAL": "J_&_E_FESTAS", "ENDEE": "FÁBIA, 723, VILA ROMANA, SÃO PAULO", "LMAPS": "https://www.google.com/maps?q=&layer=c&cbll=-23.5271636,-46.6980879", "O_QUE_FAZER": "FINALIZADO", "ER_REGIAO_CIDADE_min": "Capital Oeste_Lapa" }, "geometry": { "type": "Point", "coordinates": [ -46.6980879, -23.5271636 ] } },
{ "type": "Feature", "properties": { "fid": 142633, "CNPJ": "27116031000169", "IDCIDADE": "SAO_PAULO", "NOMEFANTASIA": "ELETRICA_EFIGENIA", "RAZAOSOCIAL": "ELETRICA_EFIGENIA_LTDA", "ENDEE": "RUA_CLELIA1669__AGUA_BRANCA_05042-000", "LMAPS": "https://www.google.com/maps?q=&layer=c&cbll=-23.5250117,-46.6987283", "O_QUE_FAZER": "CARTEIRA", "ER_REGIAO_CIDADE_min": "Capital Oeste_Lapa" }, "geometry": { "type": "Point", "coordinates": [ -46.6987283, -23.5250117 ] } },
{ "type": "Feature", "properties": { "fid": 142838, "CNPJ": "27161059000118", "IDCIDADE": "SAO_PAULO", "NOMEFANTASIA": "GUILHERME_MANOEL_MAGALHAES", "RAZAOSOCIAL": "GM_REPRESENTACOES", "ENDEE": "RUA_DOMINGOS_RODRIGUES242__LAPA_05075-000", "LMAPS": "https://www.google.com/maps?q=&layer=c&cbll=-23.5204336,-46.7078366", "O_QUE_FAZER": "FINALIZADO", "ER_REGIAO_CIDADE_min": "Capital Oeste_Lapa" }, "geometry": { "type": "Point", "coordinates": [ -46.7078366, -23.5204336 ] } },
{ "type": "Feature", "properties": { "fid": 143802, "CNPJ": "27342098000111", "IDCIDADE": "SAO_PAULO", "NOMEFANTASIA": "LAPA_COLCHOES", "RAZAOSOCIAL": "MOON_MAGAZINE_LTDA", "ENDEE": "RUA_MONTEIRO_DE_MELO120__LAPA_05050-000", "LMAPS": "https://www.google.com/maps?q=&layer=c&cbll=-23.5224438,-46.7029774", "O_QUE_FAZER": "CARTEIRA", "ER_REGIAO_CIDADE_min": "Capital Oeste_Lapa" }, "geometry": { "type": "Point", "coordinates": [ -46.7029774, -23.5224438 ] } },
{ "type": "Feature", "properties": { "fid": 144447, "CNPJ": "27460043000106", "IDCIDADE": "SAO_PAULO", "NOMEFANTASIA": "ARABESCO_DECOR", "RAZAOSOCIAL": "ARABESCO_HOME_OFFICE_DECORACOES_LTDA", "ENDEE": "RUA_BARAO_DE_JUNDIAI322__LAPA_05073-010", "LMAPS": "https://www.google.com/maps?q=&layer=c&cbll=-23.5248946,-46.7078088", "O_QUE_FAZER": "FINALIZADO", "ER_REGIAO_CIDADE_min": "Capital Oeste_Lapa" }, "geometry": { "type": "Point", "coordinates": [ -46.7078088, -23.5248946 ] } },
{ "type": "Feature", "properties": { "fid": 144527, "CNPJ": "27472682000191", "IDCIDADE": "SAO_PAULO", "NOMEFANTASIA": "DOCERIA_D_ALMEIDAS", "RAZAOSOCIAL": "QUEIROZ_E_ALMEIDA_DOCES_E_SALGADOS_LTDA", "ENDEE": "RUA_DRONSFIELD138__LAPA_05074-000", "LMAPS": "https://www.google.com/maps?q=&layer=c&cbll=-23.519185,-46.7042267", "O_QUE_FAZER": "CARTEIRA", "ER_REGIAO_CIDADE_min": "Capital Oeste_Lapa" }, "geometry": { "type": "Point", "coordinates": [ -46.7042267, -23.519185 ] } },
{ "type": "Feature", "properties": { "fid": 144839, "CNPJ": "27526266000129", "IDCIDADE": "SAO_PAULO", "NOMEFANTASIA": "RODRIGO_CARMO_DOS_SANTOS_26971891813", "RAZAOSOCIAL": "ALFAIATARIA_RODRIGO", "ENDEE": "RUA_DUILIO396__AGUA_BRANCA_05043-020", "LMAPS": "https://www.google.com/maps?q=&layer=c&cbll=-23.5263416,-46.6934229", "O_QUE_FAZER": "FINALIZADO", "ER_REGIAO_CIDADE_min": "Capital Oeste_Lapa" }, "geometry": { "type": "Point", "coordinates": [ -46.6934229, -23.5263416 ] } },
{ "type": "Feature", "properties": { "fid": 145229, "CNPJ": "27596910000135", "IDCIDADE": "SAO_PAULO", "NOMEFANTASIA": "FIT_CLEAN", "RAZAOSOCIAL": "FIT_CLEAN_ESTETICA_AUTOMOTIVA_LTDA", "ENDEE": "RUA_AURELIA429__VILA_ROMANA_05046-000", "LMAPS": "https://www.google.com/maps?q=&layer=c&cbll=-23.5256636,-46.6977651", "O_QUE_FAZER": "CARTEIRA - FAMPE", "ER_REGIAO_CIDADE_min": "Capital Oeste_Lapa" }, "geometry": { "type": "Point", "coordinates": [ -46.6977651, -23.5256636 ] } },
{ "type": "Feature", "properties": { "fid": 145659, "CNPJ": "27685165000109", "IDCIDADE": "SAO_PAULO", "NOMEFANTASIA": "SO_BOLSAS", "RAZAOSOCIAL": "K_&_L_COMERCIO_DE_BOLSAS_E_MODA_LTDA", "ENDEE": "RUA_DOZE_DE_OUTUBRO75__LAPA_05073-001", "LMAPS": "https://www.google.com/maps?q=&layer=c&cbll=-23.518873,-46.7034417", "O_QUE_FAZER": "CARTEIRA", "ER_REGIAO_CIDADE_min": "Capital Oeste_Lapa" }, "geometry": { "type": "Point", "coordinates": [ -46.7034417, -23.518873 ] } },
{ "type": "Feature", "properties": { "fid": 146215, "CNPJ": "27797164000148", "IDCIDADE": "SAO_PAULO", "NOMEFANTASIA": "JDA_PARK", "RAZAOSOCIAL": "JDA_PARK_ESTACIONAMENTO_LTDA", "ENDEE": "RUA_JOAQUIM_MACHADO69__LAPA_05050-010", "LMAPS": "https://www.google.com/maps?q=&layer=c&cbll=-23.5217357,-46.7010327", "O_QUE_FAZER": "CARTEIRA", "ER_REGIAO_CIDADE_min": "Capital Oeste_Lapa" }, "geometry": { "type": "Point", "coordinates": [ -46.7010327, -23.5217357 ] } },
{ "type": "Feature", "properties": { "fid": 146542, "CNPJ": "27859512000245", "IDCIDADE": "SAO_PAULO", "NOMEFANTASIA": "OTICAS_INOVISAO", "RAZAOSOCIAL": "INVESTIMENTOS_DE_VISAO_LTDA", "ENDEE": "RUA_CLEMENTE_ALVARES218__LAPA_05074-050", "LMAPS": "https://www.google.com/maps?q=&layer=c&cbll=-23.5202458,-46.7047231", "O_QUE_FAZER": "CARTEIRA", "ER_REGIAO_CIDADE_min": "Capital Oeste_Lapa" }, "geometry": { "type": "Point", "coordinates": [ -46.7047231, -23.5202458 ] } },
{ "type": "Feature", "properties": { "fid": 146640, "CNPJ": "27877004000109", "IDCIDADE": "SAO PAULO", "NOMEFANTASIA": "MUNDIAL_BORDADOS_UNIFORMES", "RAZAOSOCIAL": "MUNDIAL_BORDADOS_E_UNIFORMES_LTDA", "ENDEE": "GEORGE SMITH, 172, LAPA, SÃO PAULO_05074-010", "LMAPS": "https://www.google.com/maps?q=&layer=c&cbll=-23.5192306,-46.7050332", "O_QUE_FAZER": "APLICAR T4", "ER_REGIAO_CIDADE_min": "Capital Oeste_Lapa" }, "geometry": { "type": "Point", "coordinates": [ -46.7050332, -23.5192306 ] } },
{ "type": "Feature", "properties": { "fid": 147216, "CNPJ": "27989173000130", "IDCIDADE": "SAO_PAULO", "NOMEFANTASIA": "R&P_SERVICOS_AUTOMOTIVOS", "RAZAOSOCIAL": "RODRIGUES_ARQUIERES_SERVICOS_AUTOMOTIVOS_LTDA", "ENDEE": "RUA_DOM_JOAO_V528__LAPA_05075-060", "LMAPS": "https://www.google.com/maps?q=&layer=c&cbll=-23.5239894,-46.7093474", "O_QUE_FAZER": "FINALIZADO", "ER_REGIAO_CIDADE_min": "Capital Oeste_Lapa" }, "geometry": { "type": "Point", "coordinates": [ -46.7093474, -23.5239894 ] } },
{ "type": "Feature", "properties": { "fid": 147616, "CNPJ": "28064230000133", "IDCIDADE": "SAO_PAULO", "NOMEFANTASIA": "BELISSIMA_MODAS", "RAZAOSOCIAL": "J.A.S._COMERCIO_DE_BOLSAS_E_MODA_LTDA", "ENDEE": "RUA_DOUTOR_CINCINATO_POMPONET93__LAPA_05072-020", "LMAPS": "https://www.google.com/maps?q=&layer=c&cbll=-23.5198486,-46.7023976", "O_QUE_FAZER": "CARTEIRA", "ER_REGIAO_CIDADE_min": "Capital Oeste_Lapa" }, "geometry": { "type": "Point", "coordinates": [ -46.7023976, -23.5198486 ] } },
{ "type": "Feature", "properties": { "fid": 147784, "CNPJ": "28092611000126", "IDCIDADE": "SAO_PAULO", "NOMEFANTASIA": "LANCHONETE_ESQUINA_DA_CATAO", "RAZAOSOCIAL": "LANCHONETE_ESQUINA_DA_CATAO_LTDA", "ENDEE": "RUA_CATAO345__VILA_ROMANA_05049-000", "LMAPS": "https://www.google.com/maps?q=&layer=c&cbll=-23.52379,-46.700415", "O_QUE_FAZER": "CARTEIRA", "ER_REGIAO_CIDADE_min": "Capital Oeste_Lapa" }, "geometry": { "type": "Point", "coordinates": [ -46.700415, -23.52379 ] } },
{ "type": "Feature", "properties": { "fid": 148235, "CNPJ": "28168273000169", "IDCIDADE": "SAO PAULO", "NOMEFANTASIA": "SECOND_PROMOCOES_E_EVENTOS", "RAZAOSOCIAL": "CEVAGE_PROMOCOES_E_EVENTOS_LTDA", "ENDEE": "RUA ANTONIO RAPOSO, 278, LAPA, 05074-020, SÃO PAULO, SP, BRASIL", "LMAPS": "https://www.google.com/maps?q=&layer=c&cbll=-23.5209206,-46.7074603", "O_QUE_FAZER": "CARTEIRA - FAMPE", "ER_REGIAO_CIDADE_min": "Capital Oeste_Lapa" }, "geometry": { "type": "Point", "coordinates": [ -46.7074603, -23.5209206 ] } },
{ "type": "Feature", "properties": { "fid": 148503, "CNPJ": "28216201000140", "IDCIDADE": "SAO_PAULO", "NOMEFANTASIA": "PASTELARIA_MARIA_JOAQUINA", "RAZAOSOCIAL": "OISHI_BAR_E_LANCHES_LTDA", "ENDEE": "RUA_JOAO_PEREIRA275__LAPA_05074-070", "LMAPS": "https://www.google.com/maps?q=&layer=c&cbll=-23.5197229,-46.7063983", "O_QUE_FAZER": "FINALIZADO", "ER_REGIAO_CIDADE_min": "Capital Oeste_Lapa" }, "geometry": { "type": "Point", "coordinates": [ -46.7063983, -23.5197229 ] } },
{ "type": "Feature", "properties": { "fid": 148715, "CNPJ": "28254750000109", "IDCIDADE": "SÃO PAULO", "NOMEFANTASIA": "TUTTI PIZZA LAPA", "RAZAOSOCIAL": "TUTTI PIZZAS LAPA LTDA", "ENDEE": "RUA TITO, 1658, VILA ROMANA, 05051-001, SÃO PAULO, SP, BRASIL", "LMAPS": "https://www.google.com/maps?q=&layer=c&cbll=-23.5270375,-46.7076466", "O_QUE_FAZER": "APLICAR T2", "ER_REGIAO_CIDADE_min": "Capital Oeste_Lapa" }, "geometry": { "type": "Point", "coordinates": [ -46.7076466, -23.5270375 ] } },
{ "type": "Feature", "properties": { "fid": 149038, "CNPJ": "28312509000199", "IDCIDADE": "SAO PAULO", "NOMEFANTASIA": null, "RAZAOSOCIAL": "PONTO_LED_ILUMINACAO_E_MATERIAIS_ELETRICOS_LTDA.", "ENDEE": "RUA CLEMENTE ALVARES, 480, TERREO482, LAPA, 05074-050, SÃO PAULO, SP, BRASIL", "LMAPS": "https://www.google.com/maps?q=&layer=c&cbll=-23.5192695,-46.7070512", "O_QUE_FAZER": "CARTEIRA - FAMPE", "ER_REGIAO_CIDADE_min": "Capital Oeste_Lapa" }, "geometry": { "type": "Point", "coordinates": [ -46.7070512, -23.5192695 ] } },
{ "type": "Feature", "properties": { "fid": 149345, "CNPJ": "28364913000106", "IDCIDADE": "SAO_PAULO", "NOMEFANTASIA": "VAREJAO_DAS_FABRICAS", "RAZAOSOCIAL": "LEAOTEX_TECIDOS_LTDA", "ENDEE": "RUA_MARTIM_TENORIO151__LAPA_05074-060", "LMAPS": "https://www.google.com/maps?q=&layer=c&cbll=-23.5206248,-46.7032081", "O_QUE_FAZER": "FINALIZADO", "ER_REGIAO_CIDADE_min": "Capital Oeste_Lapa" }, "geometry": { "type": "Point", "coordinates": [ -46.7032081, -23.5206248 ] } },
{ "type": "Feature", "properties": { "fid": 149474, "CNPJ": "28387964000153", "IDCIDADE": "SAO_PAULO", "NOMEFANTASIA": "SANTO_FORTE", "RAZAOSOCIAL": "SANTO_FORTE_COMERCIO_DE_ARTIGOS_RELIGIOSOS_LTDA", "ENDEE": "RUA_MONTEIRO_DE_MELO230__LAPA_05050-000", "LMAPS": "https://www.google.com/maps?q=&layer=c&cbll=-23.5234559,-46.7030403", "O_QUE_FAZER": "CARTEIRA", "ER_REGIAO_CIDADE_min": "Capital Oeste_Lapa" }, "geometry": { "type": "Point", "coordinates": [ -46.7030403, -23.5234559 ] } },
{ "type": "Feature", "properties": { "fid": 149494, "CNPJ": "28391663000101", "IDCIDADE": "SAO_PAULO", "NOMEFANTASIA": "FRF_GRAPH", "RAZAOSOCIAL": "FLF_GRAPH_LTDA.", "ENDEE": "RUA_CERRO_CORA689__VILA_ROMANA_05061-150", "LMAPS": "https://www.google.com/maps?q=&layer=c&cbll=-23.5402393,-46.7035876", "O_QUE_FAZER": "FINALIZADO", "ER_REGIAO_CIDADE_min": "Capital Oeste_Lapa" }, "geometry": { "type": "Point", "coordinates": [ -46.7035876, -23.5402393 ] } },
{ "type": "Feature", "properties": { "fid": 149549, "CNPJ": "28400643000141", "IDCIDADE": "SAO_PAULO", "NOMEFANTASIA": "CHAVEIRO_DA_LAPA", "RAZAOSOCIAL": "GBSQ_CHAVEIRO_DA_LAPA_LTDA.", "ENDEE": "RUA_AFONSO_SARDINHA66__LAPA_05076-000", "LMAPS": "https://www.google.com/maps?q=&layer=c&cbll=-23.5221498,-46.7044279", "O_QUE_FAZER": "CARTEIRA", "ER_REGIAO_CIDADE_min": "Capital Oeste_Lapa" }, "geometry": { "type": "Point", "coordinates": [ -46.7044279, -23.5221498 ] } },
{ "type": "Feature", "properties": { "fid": 149845, "CNPJ": "28453761000118", "IDCIDADE": "SAO_PAULO", "NOMEFANTASIA": "BELLAFA_MODAS", "RAZAOSOCIAL": "MARIA_DE_FATIMA_DA_COSTA_DIAS_COMERCIO_DE_VESTUARIO_E_ACESSORIOS", "ENDEE": "RUA_CLELIA1123__AGUA_BRANCA_05042-000", "LMAPS": "https://www.google.com/maps?q=&layer=c&cbll=-23.5250324,-46.6933784", "O_QUE_FAZER": "CARTEIRA", "ER_REGIAO_CIDADE_min": "Capital Oeste_Lapa" }, "geometry": { "type": "Point", "coordinates": [ -46.6933784, -23.5250324 ] } },
{ "type": "Feature", "properties": { "fid": 149958, "CNPJ": "28473229000162", "IDCIDADE": "SAO_PAULO", "NOMEFANTASIA": "O_MAGNATA_MOTOS", "RAZAOSOCIAL": "M._PURCINO_COMERCIO_DE_MOTOS_E_CARRETOS", "ENDEE": "RUA_CLELIA1820__AGUA_BRANCA_05042-001", "LMAPS": "https://www.google.com/maps?q=&layer=c&cbll=-23.5247391,-46.7003349", "O_QUE_FAZER": "CARTEIRA", "ER_REGIAO_CIDADE_min": "Capital Oeste_Lapa" }, "geometry": { "type": "Point", "coordinates": [ -46.7003349, -23.5247391 ] } },
{ "type": "Feature", "properties": { "fid": 150209, "CNPJ": "28516960000128", "IDCIDADE": "SAO PAULO", "NOMEFANTASIA": "Cprint", "RAZAOSOCIAL": "CPRINT_IMPRESSOES_RAPIDAS_LTDA", "ENDEE": "RUA BRIG GAVIAO PEIXOTO, 265, LAPA, 05078-000, SÃO PAULO, SP, BRASIL", "LMAPS": "https://www.google.com/maps?q=&layer=c&cbll=-23.5278609,-46.6974881", "O_QUE_FAZER": "CARTEIRA - FAMPE", "ER_REGIAO_CIDADE_min": "Capital Oeste_Lapa" }, "geometry": { "type": "Point", "coordinates": [ -46.6974881, -23.5278609 ] } },
{ "type": "Feature", "properties": { "fid": 150339, "CNPJ": "28541487000139", "IDCIDADE": "SAO_PAULO", "NOMEFANTASIA": "DOCTOR_FEET", "RAZAOSOCIAL": "LACERDA_VALERIO_PRODUTOS_ORTOPEDICOS_LTDA", "ENDEE": "RUA_TITO1053__VILA_ROMANA_05051-000", "LMAPS": "https://www.google.com/maps?q=&layer=c&cbll=-23.5249408,-46.7026196", "O_QUE_FAZER": "CARTEIRA - FAMPE", "ER_REGIAO_CIDADE_min": "Capital Oeste_Lapa" }, "geometry": { "type": "Point", "coordinates": [ -46.7026196, -23.5249408 ] } },
{ "type": "Feature", "properties": { "fid": 150350, "CNPJ": "28543707000163", "IDCIDADE": "SAO_PAULO", "NOMEFANTASIA": "PASTELARIA_DRAGAO_DA_LAPA", "RAZAOSOCIAL": "PASTELARIA_E_LANCHONETE_DRAGAO_DA_LAPA_LTDA", "ENDEE": "RUA_DOUTOR_CINCINATO_POMPONET163__LAPA_05072-020", "LMAPS": "https://www.google.com/maps?q=&layer=c&cbll=-23.519485,-46.70238", "O_QUE_FAZER": "CARTEIRA", "ER_REGIAO_CIDADE_min": "Capital Oeste_Lapa" }, "geometry": { "type": "Point", "coordinates": [ -46.70238, -23.519485 ] } },
{ "type": "Feature", "properties": { "fid": 150470, "CNPJ": "28571056000115", "IDCIDADE": "SAO_PAULO", "NOMEFANTASIA": "CLASS_BOLSAS", "RAZAOSOCIAL": "F.T.S._-_LUX_-_COMERCIO_DE_ARTIGOS_DE_VIAGEM_LTDA", "ENDEE": "RUA_DOUTOR_CINCINATO_POMPONET108__LAPA_05072-020", "LMAPS": "https://www.google.com/maps?q=&layer=c&cbll=-23.5195983,-46.7022869", "O_QUE_FAZER": "CARTEIRA", "ER_REGIAO_CIDADE_min": "Capital Oeste_Lapa" }, "geometry": { "type": "Point", "coordinates": [ -46.7022869, -23.5195983 ] } },
{ "type": "Feature", "properties": { "fid": 150723, "CNPJ": "28627440000192", "IDCIDADE": "SAO_PAULO", "NOMEFANTASIA": "BAR_E_LANCHES_ZE_ELIAS", "RAZAOSOCIAL": "BAR_E_LANCHES_JOSE_ELIAS_LTDA", "ENDEE": "RUA_SALES_JUNIOR_338_ALTO_DA_LAPA_05083-070_SAO_PAULO_BRASIL", "LMAPS": "https://www.google.com/maps?q=&layer=c&cbll=-23.5319018,-46.7169818", "O_QUE_FAZER": "FINALIZADO", "ER_REGIAO_CIDADE_min": "Capital Oeste_Lapa" }, "geometry": { "type": "Point", "coordinates": [ -46.7169818, -23.5319018 ] } },
{ "type": "Feature", "properties": { "fid": 151428, "CNPJ": "28752298000105", "IDCIDADE": "SAO PAULO", "NOMEFANTASIA": null, "RAZAOSOCIAL": "J&S_ENGENHARIA_E_COMERCIO_LTDA", "ENDEE": "RUA CLELIA, 2145, CONJ 63, AGUA BRANCA, 05042-001, SÃO PAULO, SP, BRASIL", "LMAPS": "https://www.google.com/maps?q=&layer=c&cbll=-23.524969,-46.703464", "O_QUE_FAZER": "CARTEIRA - FAMPE", "ER_REGIAO_CIDADE_min": "Capital Oeste_Lapa" }, "geometry": { "type": "Point", "coordinates": [ -46.703464, -23.524969 ] } },
{ "type": "Feature", "properties": { "fid": 152517, "CNPJ": "28961006000144", "IDCIDADE": "SAO PAULO", "NOMEFANTASIA": "POMPEIA_MOTOS_MULTIMARCAS", "RAZAOSOCIAL": "POMPEIA_MOTOS", "ENDEE": "CLÉLIA, 2250, ÁGUA BRANCA, SÃO PAULO", "LMAPS": "https://www.google.com/maps?q=&layer=c&cbll=-23.5244198,-46.7044146", "O_QUE_FAZER": "APLICAR T3", "ER_REGIAO_CIDADE_min": "Capital Oeste_Lapa" }, "geometry": { "type": "Point", "coordinates": [ -46.7044146, -23.5244198 ] } },
{ "type": "Feature", "properties": { "fid": 152777, "CNPJ": "29010062000166", "IDCIDADE": "SAO_PAULO", "NOMEFANTASIA": "ANA_CIBELE_LOPES_DA_SILVA", "RAZAOSOCIAL": "IMPERIO_LUCENA_GRILL_2", "ENDEE": "RUA_DUILIO490__AGUA_BRANCA_05043-020", "LMAPS": "https://www.google.com/maps?q=&layer=c&cbll=-23.5272093,-46.6932876", "O_QUE_FAZER": "FINALIZADO", "ER_REGIAO_CIDADE_min": "Capital Oeste_Lapa" }, "geometry": { "type": "Point", "coordinates": [ -46.6932876, -23.5272093 ] } },
{ "type": "Feature", "properties": { "fid": 153058, "CNPJ": "29065722000106", "IDCIDADE": "SAO_PAULO", "NOMEFANTASIA": "BELHITAS_MODAS", "RAZAOSOCIAL": "BELHITAS_MODAS_LTDA", "ENDEE": "RUA_CATAO393__VILA_ROMANA_05049-000", "LMAPS": "https://www.google.com/maps?q=&layer=c&cbll=-23.5244426,-46.7004848", "O_QUE_FAZER": "APLICAR T2", "ER_REGIAO_CIDADE_min": "Capital Oeste_Lapa" }, "geometry": { "type": "Point", "coordinates": [ -46.7004848, -23.5244426 ] } },
{ "type": "Feature", "properties": { "fid": 153604, "CNPJ": "29157405000110", "IDCIDADE": "SAO_PAULO", "NOMEFANTASIA": "MARES_SERVICOS_AUTOMOTIVOS", "RAZAOSOCIAL": "MARES_COMERCIO_E_SERVICOS_LTDA", "ENDEE": "RUA_AURELIA428__VILA_ROMANA_05046-000", "LMAPS": "https://www.google.com/maps?q=&layer=c&cbll=-23.525547,-46.6981175", "O_QUE_FAZER": "CARTEIRA", "ER_REGIAO_CIDADE_min": "Capital Oeste_Lapa" }, "geometry": { "type": "Point", "coordinates": [ -46.6981175, -23.525547 ] } },
{ "type": "Feature", "properties": { "fid": 154402, "CNPJ": "29302606000163", "IDCIDADE": "SAO PAULO", "NOMEFANTASIA": "Fhas_Arquitetura", "RAZAOSOCIAL": "FHAS_ARQUITETURA_LTDA", "ENDEE": "RUA DR AUGUSTO DE MIRANDA, 227, VILA POMPEIA, 05026-000, SÃO PAULO, SP, BRASIL", "LMAPS": "https://www.google.com/maps?q=&layer=c&cbll=-23.525937,-46.6861128", "O_QUE_FAZER": "CARTEIRA - FAMPE", "ER_REGIAO_CIDADE_min": "Capital Oeste_Lapa" }, "geometry": { "type": "Point", "coordinates": [ -46.6861128, -23.525937 ] } },
{ "type": "Feature", "properties": { "fid": 154543, "CNPJ": "29322576000580", "IDCIDADE": "SAO_PAULO", "NOMEFANTASIA": "RVC_COMERCIO_DE_VARIEDADES", "RAZAOSOCIAL": "RVC_COMERCIO_DE_VARIEDADES_LTDA", "ENDEE": "RUA_DOUTOR_CINCINATO_POMPONET51__LAPA_05072-020", "LMAPS": "https://www.google.com/maps?q=&layer=c&cbll=-23.5203396,-46.7023388", "O_QUE_FAZER": "CARTEIRA", "ER_REGIAO_CIDADE_min": "Capital Oeste_Lapa" }, "geometry": { "type": "Point", "coordinates": [ -46.7023388, -23.5203396 ] } },
{ "type": "Feature", "properties": { "fid": 155167, "CNPJ": "29481086000101", "IDCIDADE": "SAO_PAULO", "NOMEFANTASIA": "QUALILIIGHT_FAROIS", "RAZAOSOCIAL": "D_ALESSANDRO_F_PEREIRA_REGULAGEM_DE_FAROIS", "ENDEE": "RUA_GUAICURUS90__AGUA_BRANCA_05033-000", "LMAPS": "https://www.google.com/maps?q=&layer=c&cbll=-23.5238919,-46.6875691", "O_QUE_FAZER": "FINALIZADO", "ER_REGIAO_CIDADE_min": "Capital Oeste_Lapa" }, "geometry": { "type": "Point", "coordinates": [ -46.6875691, -23.5238919 ] } },
{ "type": "Feature", "properties": { "fid": 155795, "CNPJ": "29622456000175", "IDCIDADE": "SAO PAULO", "NOMEFANTASIA": null, "RAZAOSOCIAL": "VICTOR_HUGO_LEONARDI", "ENDEE": "RUA RIBEIRO DE BARROS, 290, VILA ANGLO BRASILEIRA, 05027-020, SÃO PAULO, SP, BRASIL", "LMAPS": "https://www.google.com/maps?q=&layer=c&cbll=-23.5305218,-46.6922458", "O_QUE_FAZER": "CARTEIRA - FAMPE", "ER_REGIAO_CIDADE_min": "Capital Oeste_Lapa" }, "geometry": { "type": "Point", "coordinates": [ -46.6922458, -23.5305218 ] } },
{ "type": "Feature", "properties": { "fid": 156444, "CNPJ": "29751885000142", "IDCIDADE": "SAO_PAULO", "NOMEFANTASIA": "SS_PARK", "RAZAOSOCIAL": "SANTOS_E_SILVA_PARK_ESTACIONAMENTO_LTDA", "ENDEE": "RUA_CLEMENTE_ALVARES336__LAPA_05074-050", "LMAPS": "https://www.google.com/maps?q=&layer=c&cbll=-23.519831,-46.705723", "O_QUE_FAZER": "APLICAR T2", "ER_REGIAO_CIDADE_min": "Capital Oeste_Lapa" }, "geometry": { "type": "Point", "coordinates": [ -46.705723, -23.519831 ] } },
{ "type": "Feature", "properties": { "fid": 156764, "CNPJ": "29807702000163", "IDCIDADE": "SAO_PAULO", "NOMEFANTASIA": "VESTIMENTA", "RAZAOSOCIAL": "EDJANE_ALVES_DA_SILVA", "ENDEE": "RUA_ALBION28__LAPA_05077-130", "LMAPS": "https://www.google.com/maps?q=&layer=c&cbll=-23.5233395,-46.7048592", "O_QUE_FAZER": "APLICAR T2", "ER_REGIAO_CIDADE_min": "Capital Oeste_Lapa" }, "geometry": { "type": "Point", "coordinates": [ -46.7048592, -23.5233395 ] } },
{ "type": "Feature", "properties": { "fid": 156957, "CNPJ": "29842806000109", "IDCIDADE": "SAO_PAULO", "NOMEFANTASIA": "SEU_RACHID_RESTAURANTE", "RAZAOSOCIAL": "SEU_RACHID_RESTAURANTE_ARABE_LTDA", "ENDEE": "RUA_CAIO_GRACO373__VILA_ROMANA_05044-000", "LMAPS": "https://www.google.com/maps?q=&layer=c&cbll=-23.526198,-46.694256", "O_QUE_FAZER": "CARTEIRA", "ER_REGIAO_CIDADE_min": "Capital Oeste_Lapa" }, "geometry": { "type": "Point", "coordinates": [ -46.694256, -23.526198 ] } },
{ "type": "Feature", "properties": { "fid": 157034, "CNPJ": "29859064000124", "IDCIDADE": "SAO_PAULO", "NOMEFANTASIA": "T_FINOS_DECORACOES", "RAZAOSOCIAL": "T_FINOS_DECORACOES_LTDA", "ENDEE": "RUA_CAIO_GRACO_41_VILA_ROMANA_05044-000_SAO_PAULO_BRASIL", "LMAPS": "https://www.google.com/maps?q=&layer=c&cbll=-23.5230822,-46.694261", "O_QUE_FAZER": "FINALIZADO", "ER_REGIAO_CIDADE_min": "Capital Oeste_Lapa" }, "geometry": { "type": "Point", "coordinates": [ -46.694261, -23.5230822 ] } },
{ "type": "Feature", "properties": { "fid": 157398, "CNPJ": "29933877000117", "IDCIDADE": "SAO_PAULO", "NOMEFANTASIA": "ALPINA_MOTORS_SPORT", "RAZAOSOCIAL": "ALPINA_MOTORSPORT_SERVICOS_AUTOMOTIVOS_LTDA", "ENDEE": "RUA_GOMES_FREIRE387__LAPA_05075-010", "LMAPS": "https://www.google.com/maps?q=&layer=c&cbll=-23.5228417,-46.708355", "O_QUE_FAZER": "CARTEIRA", "ER_REGIAO_CIDADE_min": "Capital Oeste_Lapa" }, "geometry": { "type": "Point", "coordinates": [ -46.708355, -23.5228417 ] } },
{ "type": "Feature", "properties": { "fid": 157497, "CNPJ": "29954201000100", "IDCIDADE": "SAO_PAULO", "NOMEFANTASIA": "SCORE_PERFUMES", "RAZAOSOCIAL": "M.R._PERFUMARIA_COSMETICOS_E_PRESENTES_LTDA", "ENDEE": "RUA_CATAO72__VILA_ROMANA_05049-000", "LMAPS": "https://www.google.com/maps?q=&layer=c&cbll=-23.5209636,-46.70058", "O_QUE_FAZER": "FINALIZADO", "ER_REGIAO_CIDADE_min": "Capital Oeste_Lapa" }, "geometry": { "type": "Point", "coordinates": [ -46.70058, -23.5209636 ] } },
{ "type": "Feature", "properties": { "fid": 157953, "CNPJ": "30037491000106", "IDCIDADE": "SAO PAULO", "NOMEFANTASIA": null, "RAZAOSOCIAL": "MARIANNE_ZELAZNY_UNIPESSOAL_LTDA", "ENDEE": "PRACA ALFREDO WEISZFLOG, 54, VILA ROMANA, 05045-050, SÃO PAULO, SP, BRASIL", "LMAPS": "https://www.google.com/maps?q=&layer=c&cbll=-23.527965,-46.6948932", "O_QUE_FAZER": "APLICAR T2", "ER_REGIAO_CIDADE_min": "Capital Oeste_Lapa" }, "geometry": { "type": "Point", "coordinates": [ -46.6948932, -23.527965 ] } },
{ "type": "Feature", "properties": { "fid": 157971, "CNPJ": "30041278000178", "IDCIDADE": "SAO_PAULO", "NOMEFANTASIA": "MOTO_SHOW", "RAZAOSOCIAL": "SATO_COMERCIO_DE_MOTOS_E_VEICULOS_LTDA", "ENDEE": "RUA_CLELIA2290__AGUA_BRANCA_05042-001", "LMAPS": "https://www.google.com/maps?q=&layer=c&cbll=-23.5244739,-46.7048693", "O_QUE_FAZER": "CARTEIRA", "ER_REGIAO_CIDADE_min": "Capital Oeste_Lapa" }, "geometry": { "type": "Point", "coordinates": [ -46.7048693, -23.5244739 ] } },
{ "type": "Feature", "properties": { "fid": 157981, "CNPJ": "30043951000109", "IDCIDADE": "SAO_PAULO", "NOMEFANTASIA": "GSDL_COLCHOES", "RAZAOSOCIAL": "GSDL_SERVICOS_ADMINISTRATIVOS_LTDA", "ENDEE": "RUA_MONTEIRO_DE_MELO204__LAPA_05050-000", "LMAPS": "https://www.google.com/maps?q=&layer=c&cbll=-23.5232005,-46.7030935", "O_QUE_FAZER": "CARTEIRA", "ER_REGIAO_CIDADE_min": "Capital Oeste_Lapa" }, "geometry": { "type": "Point", "coordinates": [ -46.7030935, -23.5232005 ] } },
{ "type": "Feature", "properties": { "fid": 158103, "CNPJ": "30066325000138", "IDCIDADE": "SAO_PAULO", "NOMEFANTASIA": "VIVAPACK", "RAZAOSOCIAL": "VIVAPACK_COMERCIO_DE_EMBALAGENS_LTDA", "ENDEE": "RUA_NOSSA_SENHORA_DA_LAPA517__LAPA_05072-000", "LMAPS": "https://www.google.com/maps?q=&layer=c&cbll=-23.5239362,-46.7047538", "O_QUE_FAZER": "APLICAR T2", "ER_REGIAO_CIDADE_min": "Capital Oeste_Lapa" }, "geometry": { "type": "Point", "coordinates": [ -46.7047538, -23.5239362 ] } },
{ "type": "Feature", "properties": { "fid": 158188, "CNPJ": "30079900000137", "IDCIDADE": "SAO_PAULO", "NOMEFANTASIA": "MANU_BABY", "RAZAOSOCIAL": "MARIELY_DE_L._BEZERRA", "ENDEE": "RUA_CATAO72__VILA_ROMANA_05049-000", "LMAPS": "https://www.google.com/maps?q=&layer=c&cbll=-23.5213396,-46.7008722", "O_QUE_FAZER": "CARTEIRA", "ER_REGIAO_CIDADE_min": "Capital Oeste_Lapa" }, "geometry": { "type": "Point", "coordinates": [ -46.7008722, -23.5213396 ] } },
{ "type": "Feature", "properties": { "fid": 158621, "CNPJ": "30162388000198", "IDCIDADE": "SAO PAULO", "NOMEFANTASIA": "Villafrati_Alimentos", "RAZAOSOCIAL": "VILLAFRATI_ALIMENTOS_LTDA", "ENDEE": "RUA MARCO AURELIO, 510, VILA ROMANA, 05048-000, SÃO PAULO, SP, BRASIL", "LMAPS": "https://www.google.com/maps?q=&layer=c&cbll=-23.5316809,-46.6994736", "O_QUE_FAZER": "CARTEIRA - FAMPE", "ER_REGIAO_CIDADE_min": "Capital Oeste_Lapa" }, "geometry": { "type": "Point", "coordinates": [ -46.6994736, -23.5316809 ] } },
{ "type": "Feature", "properties": { "fid": 158658, "CNPJ": "30169897000142", "IDCIDADE": "SAO_PAULO", "NOMEFANTASIA": "MADRUGA_BIKES", "RAZAOSOCIAL": "GERSONEI_DA_SILVA_SOUZA_43339455856", "ENDEE": "AVENIDA_DIOGENES_RIBEIRO_DE_LIMA_3089_ALTO_DA_LAPA_05083-010_SAO_PAULO_BRASIL", "LMAPS": "https://www.google.com/maps?q=&layer=c&cbll=-23.5335629,-46.7188959", "O_QUE_FAZER": "FINALIZADO", "ER_REGIAO_CIDADE_min": "Capital Oeste_Lapa" }, "geometry": { "type": "Point", "coordinates": [ -46.7188959, -23.5335629 ] } },
{ "type": "Feature", "properties": { "fid": 159162, "CNPJ": "30264029000141", "IDCIDADE": "SAO_PAULO", "NOMEFANTASIA": "NEW_BIE_FIT", "RAZAOSOCIAL": "ALESSANDRA_FERIOLI", "ENDEE": "RUA_CERRO_CORA550__VILA_ROMANA_05061-100", "LMAPS": "https://www.google.com/maps?q=&layer=c&cbll=-23.540035,-46.7025717", "O_QUE_FAZER": "APLICAR T4", "ER_REGIAO_CIDADE_min": "Capital Oeste_Lapa" }, "geometry": { "type": "Point", "coordinates": [ -46.7025717, -23.540035 ] } },
{ "type": "Feature", "properties": { "fid": 159719, "CNPJ": "30379698000169", "IDCIDADE": "SAO_PAULO", "NOMEFANTASIA": "ALL_PHARMACY_MANIPULACAO_LTDA", "RAZAOSOCIAL": "ALLPHARMACY", "ENDEE": "RUA_BARAO_DE_JUNDIAI502__LAPA_05073-010", "LMAPS": "https://www.google.com/maps?q=&layer=c&cbll=-23.524935,-46.7096157", "O_QUE_FAZER": "FINALIZADO", "ER_REGIAO_CIDADE_min": "Capital Oeste_Lapa" }, "geometry": { "type": "Point", "coordinates": [ -46.7096157, -23.524935 ] } },
{ "type": "Feature", "properties": { "fid": 159910, "CNPJ": "30416239000108", "IDCIDADE": "SAO_PAULO", "NOMEFANTASIA": "WALKING_STREET_BURGUER_LTDA", "RAZAOSOCIAL": "WST_BURGUER", "ENDEE": "RUA_TONELERO590__VILA_IPOJUCA_05056-000", "LMAPS": "https://www.google.com/maps?q=&layer=c&cbll=-23.5332695,-46.7046279", "O_QUE_FAZER": "FINALIZADO", "ER_REGIAO_CIDADE_min": "Capital Oeste_Lapa" }, "geometry": { "type": "Point", "coordinates": [ -46.7046279, -23.5332695 ] } },
{ "type": "Feature", "properties": { "fid": 160126, "CNPJ": "30454637000119", "IDCIDADE": "SAO_PAULO", "NOMEFANTASIA": "OLINE_CELULARES", "RAZAOSOCIAL": "CRISTIAN_JOSE_DE_ALMEIDA", "ENDEE": "RUA_DOZE_DE_OUTUBRO325__LAPA_05073-000", "LMAPS": "https://www.google.com/maps?q=&layer=c&cbll=-23.520905,-46.7045033", "O_QUE_FAZER": "CARTEIRA", "ER_REGIAO_CIDADE_min": "Capital Oeste_Lapa" }, "geometry": { "type": "Point", "coordinates": [ -46.7045033, -23.520905 ] } },
{ "type": "Feature", "properties": { "fid": 160407, "CNPJ": "30503086000136", "IDCIDADE": "SAO PAULO", "NOMEFANTASIA": "DOCE_DEDÉ", "RAZAOSOCIAL": "DOCE_DEDÉ", "ENDEE": "CIPIÃO_88_VILA ROMANA_SÃO PAULO_05047-060", "LMAPS": "https://www.google.com/maps?q=&layer=c&cbll=-23.5291898,-46.6979238", "O_QUE_FAZER": "FINALIZADO", "ER_REGIAO_CIDADE_min": "Capital Oeste_Lapa" }, "geometry": { "type": "Point", "coordinates": [ -46.6979238, -23.5291898 ] } },
{ "type": "Feature", "properties": { "fid": 160991, "CNPJ": "30615032000162", "IDCIDADE": "SAO PAULO", "NOMEFANTASIA": null, "RAZAOSOCIAL": "R._DA_SILVA_OLIVEIRA_SERVICOS_MEDICOS_LTDA", "ENDEE": "RUA SEPETIBA, 614, SALA 2, SICILIANO, 05052-000, SÃO PAULO, SP, BRASIL", "LMAPS": "https://www.google.com/maps?q=&layer=c&cbll=-23.5345703,-46.7012722", "O_QUE_FAZER": "CARTEIRA - FAMPE", "ER_REGIAO_CIDADE_min": "Capital Oeste_Lapa" }, "geometry": { "type": "Point", "coordinates": [ -46.7012722, -23.5345703 ] } },
{ "type": "Feature", "properties": { "fid": 161578, "CNPJ": "30716052000120", "IDCIDADE": "SAO_PAULO", "NOMEFANTASIA": "LE_BLANC", "RAZAOSOCIAL": "LE_BLANC_-_UNIFORMES_E_CALCADOS_PROFISSIONAIS_LTDA", "ENDEE": "RUA_CATAO72__VILA_ROMANA_05049-000", "LMAPS": "https://www.google.com/maps?q=&layer=c&cbll=-23.5210185,-46.7008596", "O_QUE_FAZER": "CARTEIRA", "ER_REGIAO_CIDADE_min": "Capital Oeste_Lapa" }, "geometry": { "type": "Point", "coordinates": [ -46.7008596, -23.5210185 ] } },
{ "type": "Feature", "properties": { "fid": 162043, "CNPJ": "30799805000108", "IDCIDADE": "SAO_PAULO", "NOMEFANTASIA": "LAPAPEL_EMBALAGENS", "RAZAOSOCIAL": "LAPAPEL_EMBALAGENS_LTDA", "ENDEE": "RUA_ULPIANO72__LAPA_05050-020", "LMAPS": "https://www.google.com/maps?q=&layer=c&cbll=-23.526634,-46.703727", "O_QUE_FAZER": "CARTEIRA", "ER_REGIAO_CIDADE_min": "Capital Oeste_Lapa" }, "geometry": { "type": "Point", "coordinates": [ -46.703727, -23.526634 ] } },
{ "type": "Feature", "properties": { "fid": 163256, "CNPJ": "31038265000102", "IDCIDADE": "SAO PAULO", "NOMEFANTASIA": "RECICLAGEM_BRECHÓ", "RAZAOSOCIAL": "RECICLAGEM_BRECHÓ", "ENDEE": "CÍVICA_108_LAPA_SÃO PAULO_05050-060", "LMAPS": "https://www.google.com/maps?q=&layer=c&cbll=-23.5244695,-46.7040698", "O_QUE_FAZER": "APLICAR T4", "ER_REGIAO_CIDADE_min": "Capital Oeste_Lapa" }, "geometry": { "type": "Point", "coordinates": [ -46.7040698, -23.5244695 ] } },
{ "type": "Feature", "properties": { "fid": 163379, "CNPJ": "31062737000162", "IDCIDADE": "SAO_PAULO", "NOMEFANTASIA": "NATURAL_CARAIBAS", "RAZAOSOCIAL": "NATURAL_STRUL_COMERCIO_DE_PRODUTOS_NATURAIS_LTDA", "ENDEE": "RUA_AURELIA798__VILA_ROMANA_05046-000", "LMAPS": "https://www.google.com/maps?q=&layer=c&cbll=-23.5282184,-46.696957", "O_QUE_FAZER": "CARTEIRA", "ER_REGIAO_CIDADE_min": "Capital Oeste_Lapa" }, "geometry": { "type": "Point", "coordinates": [ -46.696957, -23.5282184 ] } },
{ "type": "Feature", "properties": { "fid": 163397, "CNPJ": "31066589000154", "IDCIDADE": "SAO_PAULO", "NOMEFANTASIA": "ALBION_DECOR", "RAZAOSOCIAL": "ALBION_DECORACOES_LTDA", "ENDEE": "RUA_ALBION90__LAPA_05077-130", "LMAPS": "https://www.google.com/maps?q=&layer=c&cbll=-23.5233876,-46.7054681", "O_QUE_FAZER": "CARTEIRA", "ER_REGIAO_CIDADE_min": "Capital Oeste_Lapa" }, "geometry": { "type": "Point", "coordinates": [ -46.7054681, -23.5233876 ] } },
{ "type": "Feature", "properties": { "fid": 163751, "CNPJ": "31138012000100", "IDCIDADE": "SAO_PAULO", "NOMEFANTASIA": "DROGA_LIMA", "RAZAOSOCIAL": "ADEILDO_LIMA_DA_SILVA", "ENDEE": "RUA_CLEMENTE_ALVARES531__LAPA_05074-050", "LMAPS": "https://www.google.com/maps?q=&layer=c&cbll=-23.5192459,-46.707616", "O_QUE_FAZER": "CARTEIRA", "ER_REGIAO_CIDADE_min": "Capital Oeste_Lapa" }, "geometry": { "type": "Point", "coordinates": [ -46.707616, -23.5192459 ] } },
{ "type": "Feature", "properties": { "fid": 163993, "CNPJ": "31190963000129", "IDCIDADE": "SAO_PAULO", "NOMEFANTASIA": "K_POP_CHICKEN", "RAZAOSOCIAL": "SEOUL_CHICKEN_COMERCIO_ALIMENTICIOS_LTDA", "ENDEE": "RUA_CORIOLANO1160__VILA_ROMANA_05047-000", "LMAPS": "https://www.google.com/maps?q=&layer=c&cbll=-23.5260481,-46.696821", "O_QUE_FAZER": "FINALIZADO", "ER_REGIAO_CIDADE_min": "Capital Oeste_Lapa" }, "geometry": { "type": "Point", "coordinates": [ -46.696821, -23.5260481 ] } },
{ "type": "Feature", "properties": { "fid": 164545, "CNPJ": "31324431000137", "IDCIDADE": "SÃO PAULO", "NOMEFANTASIA": "PETSHOP ÁGUA BRANCA", "RAZAOSOCIAL": "FELIPE GUIMARAES DOS SANTOS 38305223809", "ENDEE": "RUA CRASSO, 54, ÁGUA BRANCA, 05043-010, SÃO PAULO, SP, BRASIL", "LMAPS": "https://www.google.com/maps?q=&layer=c&cbll=-23.5232666,-46.6897991", "O_QUE_FAZER": "APLICAR T2", "ER_REGIAO_CIDADE_min": "Capital Oeste_Lapa" }, "geometry": { "type": "Point", "coordinates": [ -46.6897991, -23.5232666 ] } },
{ "type": "Feature", "properties": { "fid": 164669, "CNPJ": "31352957000120", "IDCIDADE": "SAO_PAULO", "NOMEFANTASIA": "BOLOS_DA_LAPA", "RAZAOSOCIAL": "BOLOS_DA_LAPA_COMERCIO_LTDA", "ENDEE": "RUA_MONTEIRO_DE_MELO125__LAPA_05050-000", "LMAPS": "https://www.google.com/maps?q=&layer=c&cbll=-23.5223559,-46.7029633", "O_QUE_FAZER": "APLICAR T2", "ER_REGIAO_CIDADE_min": "Capital Oeste_Lapa" }, "geometry": { "type": "Point", "coordinates": [ -46.7029633, -23.5223559 ] } },
{ "type": "Feature", "properties": { "fid": 164716, "CNPJ": "31361174000103", "IDCIDADE": "SAO_PAULO", "NOMEFANTASIA": "TARKOV_STORE", "RAZAOSOCIAL": "A._PEREIRA_FILHO_AIRSOFT", "ENDEE": "RUA_CATAO72__VILA_ROMANA_05049-000", "LMAPS": "https://www.google.com/maps?q=&layer=c&cbll=-23.521439,-46.700625", "O_QUE_FAZER": "CARTEIRA", "ER_REGIAO_CIDADE_min": "Capital Oeste_Lapa" }, "geometry": { "type": "Point", "coordinates": [ -46.700625, -23.521439 ] } },
{ "type": "Feature", "properties": { "fid": 164817, "CNPJ": "31381088000162", "IDCIDADE": "SAO_PAULO", "NOMEFANTASIA": "-", "RAZAOSOCIAL": "31.381.088_DENIS_LOPES_DA_SILVA", "ENDEE": "RUA_TONELERO_201_VILA IPOJUCA_05056-000_SAO_PAULO", "LMAPS": "https://www.google.com/maps?q=&layer=c&cbll=-23.5298311,-46.7043097", "O_QUE_FAZER": "FINALIZADO", "ER_REGIAO_CIDADE_min": "Capital Oeste_Lapa" }, "geometry": { "type": "Point", "coordinates": [ -46.7043097, -23.5298311 ] } },
{ "type": "Feature", "properties": { "fid": 164919, "CNPJ": "31403775000131", "IDCIDADE": "SAO_PAULO", "NOMEFANTASIA": "MARI_COSMETICOS", "RAZAOSOCIAL": "MARI_COSMETICOS_LTDA", "ENDEE": "RUA_DOUTOR_CINCINATO_POMPONET219__LAPA_05072-020", "LMAPS": "https://www.google.com/maps?q=&layer=c&cbll=-23.5189048,-46.7031247", "O_QUE_FAZER": "CARTEIRA", "ER_REGIAO_CIDADE_min": "Capital Oeste_Lapa" }, "geometry": { "type": "Point", "coordinates": [ -46.7031247, -23.5189048 ] } },
{ "type": "Feature", "properties": { "fid": 164947, "CNPJ": "31409381000190", "IDCIDADE": "SAO_PAULO", "NOMEFANTASIA": "DO_VALE_BARBEARIA", "RAZAOSOCIAL": "ELTON_MAGALHAES_DA_SILVA", "ENDEE": "RUA_DESEMBARGADOR_DO_VALE1008__PERDIZES_05010-040", "LMAPS": "https://www.google.com/maps?q=&layer=c&cbll=-23.5289483,-46.6899317", "O_QUE_FAZER": "CARTEIRA", "ER_REGIAO_CIDADE_min": "Capital Oeste_Lapa" }, "geometry": { "type": "Point", "coordinates": [ -46.6899317, -23.5289483 ] } },
{ "type": "Feature", "properties": { "fid": 164986, "CNPJ": "31415206000106", "IDCIDADE": "SAO_PAULO", "NOMEFANTASIA": "CASA_DONORTE_PRESENTE_DE_DEUS", "RAZAOSOCIAL": "JAYSSON_CAVALCANTE_ARAUJO", "ENDEE": "RUA_CONRADO_MORESCHI211__LAPA_05072-010", "LMAPS": "https://www.google.com/maps?q=&layer=c&cbll=-23.5185953,-46.7028048", "O_QUE_FAZER": "CARTEIRA", "ER_REGIAO_CIDADE_min": "Capital Oeste_Lapa" }, "geometry": { "type": "Point", "coordinates": [ -46.7028048, -23.5185953 ] } },
{ "type": "Feature", "properties": { "fid": 165601, "CNPJ": "31537001000365", "IDCIDADE": "SAO_PAULO", "NOMEFANTASIA": "SIMBIOSE_COLCHOES", "RAZAOSOCIAL": "SIMBIOSE_COLCHOES_LTDA", "ENDEE": "RUA_PIO_XI237__ALTO_DA_LAPA_05060-000", "LMAPS": "https://www.google.com/maps?q=&layer=c&cbll=-23.5268097,-46.7086454", "O_QUE_FAZER": "CARTEIRA", "ER_REGIAO_CIDADE_min": "Capital Oeste_Lapa" }, "geometry": { "type": "Point", "coordinates": [ -46.7086454, -23.5268097 ] } },
{ "type": "Feature", "properties": { "fid": 165696, "CNPJ": "31555085000106", "IDCIDADE": "SAO PAULO", "NOMEFANTASIA": "-", "RAZAOSOCIAL": "31.555.085_FERNANDO_FERNANDES_MARQUES_DA_CRUZ", "ENDEE": "RUA SEPETIBA, 207, CONJ FUNDOS, SICILIANO, 05052-000, SÃO PAULO, SP, BRASIL", "LMAPS": "https://www.google.com/maps?q=&layer=c&cbll=-23.5309915,-46.7016253", "O_QUE_FAZER": "CARTEIRA - FAMPE", "ER_REGIAO_CIDADE_min": "Capital Oeste_Lapa" }, "geometry": { "type": "Point", "coordinates": [ -46.7016253, -23.5309915 ] } },
{ "type": "Feature", "properties": { "fid": 165845, "CNPJ": "31576208000187", "IDCIDADE": "SAO_PAULO", "NOMEFANTASIA": "OFICINA_HGARD", "RAZAOSOCIAL": "H_GARD_CENTRO_TECNICO_DE_REPAROS_AUTOMOTIVOS_LTDA", "ENDEE": "RUA_DOMINGOS_RODRIGUES546__LAPA_05075-000", "LMAPS": "https://www.google.com/maps?q=&layer=c&cbll=-23.5230693,-46.7073051", "O_QUE_FAZER": "CARTEIRA", "ER_REGIAO_CIDADE_min": "Capital Oeste_Lapa" }, "geometry": { "type": "Point", "coordinates": [ -46.7073051, -23.5230693 ] } },
{ "type": "Feature", "properties": { "fid": 165921, "CNPJ": "31590315000160", "IDCIDADE": "SAO PAULO", "NOMEFANTASIA": "Crialuz", "RAZAOSOCIAL": "CRIALUZ_NEGOCIOS_DIGITAIS_LTDA", "ENDEE": "RUA DR JOSE ELIAS, 141, EDIF OFFICE GARDEN CONJ 110, ALTO DA LAPA, 05083-030, SÃO PAULO, SP, BRASIL", "LMAPS": "https://www.google.com/maps?q=&layer=c&cbll=-23.5311673,-46.7150988", "O_QUE_FAZER": "CARTEIRA - FAMPE", "ER_REGIAO_CIDADE_min": "Capital Oeste_Lapa" }, "geometry": { "type": "Point", "coordinates": [ -46.7150988, -23.5311673 ] } },
{ "type": "Feature", "properties": { "fid": 166368, "CNPJ": "31677466000150", "IDCIDADE": "SAO_PAULO", "NOMEFANTASIA": "OTICAS_ULTRAFARMA", "RAZAOSOCIAL": "ANG_COMERCIO_DE_OTICA_LTDA", "ENDEE": "RUA_ALBION69__LAPA_05077-130", "LMAPS": "https://www.google.com/maps?q=&layer=c&cbll=-23.5233531,-46.7052997", "O_QUE_FAZER": "APLICAR T2", "ER_REGIAO_CIDADE_min": "Capital Oeste_Lapa" }, "geometry": { "type": "Point", "coordinates": [ -46.7052997, -23.5233531 ] } },
{ "type": "Feature", "properties": { "fid": 166689, "CNPJ": "31743202000157", "IDCIDADE": "SAO PAULO", "NOMEFANTASIA": null, "RAZAOSOCIAL": "IL_BENEDETTO_RESTAURANTE_E_PIZZARIA_LTDA", "ENDEE": "RUA WERNER VON SIEMENS, 111, EDIF 11 LOJA 19, LAPA DE BAIXO, 05069-010, SÃO PAULO, SP, BRASIL", "LMAPS": "https://www.google.com/maps?q=&layer=c&cbll=-23.5100469,-46.7126346", "O_QUE_FAZER": "CARTEIRA - FAMPE", "ER_REGIAO_CIDADE_min": "Capital Oeste_Lapa" }, "geometry": { "type": "Point", "coordinates": [ -46.7126346, -23.5100469 ] } },
{ "type": "Feature", "properties": { "fid": 166898, "CNPJ": "31783742000164", "IDCIDADE": "SAO_PAULO", "NOMEFANTASIA": "ANDRE_DAVID_DE_CARVALHO_22039142894", "RAZAOSOCIAL": "DOCES_AGUA_BRANCA", "ENDEE": "AVENIDA_SANTA_MARINA255__AGUA_BRANCA_02732-040", "LMAPS": "https://www.google.com/maps?q=&layer=c&cbll=-23.5220427,-46.6874612", "O_QUE_FAZER": "FINALIZADO", "ER_REGIAO_CIDADE_min": "Capital Oeste_Lapa" }, "geometry": { "type": "Point", "coordinates": [ -46.6874612, -23.5220427 ] } },
{ "type": "Feature", "properties": { "fid": 167502, "CNPJ": "31906836000183", "IDCIDADE": "SAO PAULO", "NOMEFANTASIA": "ESCOLA_DE_EDUCACAO_INFANTIL_YUCCA", "RAZAOSOCIAL": "P._C._SMAIRE_ESCOLA_DE_EDUCACAO_INFANTIL", "ENDEE": "RUA PIO XI, 675, ALTO DA LAPA, 05060000, SÃO PAULO, SP, BRASIL", "LMAPS": "https://www.google.com/maps?q=&layer=c&cbll=-23.5298537,-46.7112726", "O_QUE_FAZER": "CARTEIRA - FAMPE", "ER_REGIAO_CIDADE_min": "Capital Oeste_Lapa" }, "geometry": { "type": "Point", "coordinates": [ -46.7112726, -23.5298537 ] } },
{ "type": "Feature", "properties": { "fid": 167665, "CNPJ": "31938718000157", "IDCIDADE": "SAO_PAULO", "NOMEFANTASIA": "COMERCIAL_NANI", "RAZAOSOCIAL": "COMERCIAL_NANI_DE_EMBALAGENS_E_DESCARTAVEIS_LTDA", "ENDEE": "RUA_CRASSO38__AGUA_BRANCA_05043-010", "LMAPS": "https://www.google.com/maps?q=&layer=c&cbll=-23.523196,-46.689732", "O_QUE_FAZER": "FINALIZADO", "ER_REGIAO_CIDADE_min": "Capital Oeste_Lapa" }, "geometry": { "type": "Point", "coordinates": [ -46.689732, -23.523196 ] } },
{ "type": "Feature", "properties": { "fid": 168156, "CNPJ": "32029524000100", "IDCIDADE": "SAO_PAULO", "NOMEFANTASIA": "ANNY_CRISTINE_DOS_SANTOS", "RAZAOSOCIAL": "NTDOCES", "ENDEE": "RUA_CIPIAO72__VILA_ROMANA_05047-060", "LMAPS": "https://www.google.com/maps?q=&layer=c&cbll=-23.5218968,-46.6992494", "O_QUE_FAZER": "FINALIZADO", "ER_REGIAO_CIDADE_min": "Capital Oeste_Lapa" }, "geometry": { "type": "Point", "coordinates": [ -46.6992494, -23.5218968 ] } },
{ "type": "Feature", "properties": { "fid": 168305, "CNPJ": "32074358000155", "IDCIDADE": "SAO_PAULO", "NOMEFANTASIA": "BOMBONIERE_DA_LAPA", "RAZAOSOCIAL": "JESUS_DOMINGOS_DE_LIRA", "ENDEE": "RUA_MONTEIRO_DE_MELO114__LAPA_05050-000", "LMAPS": "https://www.google.com/maps?q=&layer=c&cbll=-23.5224892,-46.7027628", "O_QUE_FAZER": "CARTEIRA", "ER_REGIAO_CIDADE_min": "Capital Oeste_Lapa" }, "geometry": { "type": "Point", "coordinates": [ -46.7027628, -23.5224892 ] } },
{ "type": "Feature", "properties": { "fid": 168408, "CNPJ": "32096532000160", "IDCIDADE": "SAO_PAULO", "NOMEFANTASIA": "IROHA_SUSHI", "RAZAOSOCIAL": "SUSHI_VILA_ROMANA_REFEICOES_LTDA", "ENDEE": "RUA_CERRO_CORA448__VILA_ROMANA_05061-000", "LMAPS": "https://www.google.com/maps?q=&layer=c&cbll=-23.5405155,-46.701503", "O_QUE_FAZER": "CARTEIRA", "ER_REGIAO_CIDADE_min": "Capital Oeste_Lapa" }, "geometry": { "type": "Point", "coordinates": [ -46.701503, -23.5405155 ] } },
{ "type": "Feature", "properties": { "fid": 168419, "CNPJ": "32098859000171", "IDCIDADE": "SAO_PAULO", "NOMEFANTASIA": "LA_ROCHA_RESTAURANTE", "RAZAOSOCIAL": "LA_ROCHA_RESTAURANTE_E_LANCHONETE_LTDA", "ENDEE": "RUA_BARAO_DE_JUNDIAI215__LAPA_05073-010", "LMAPS": "https://www.google.com/maps?q=&layer=c&cbll=-23.5246688,-46.7068192", "O_QUE_FAZER": "CARTEIRA", "ER_REGIAO_CIDADE_min": "Capital Oeste_Lapa" }, "geometry": { "type": "Point", "coordinates": [ -46.7068192, -23.5246688 ] } },
{ "type": "Feature", "properties": { "fid": 169000, "CNPJ": "32211795000173", "IDCIDADE": "SAO_PAULO", "NOMEFANTASIA": "ARMAZEM_DAS_GRIFES", "RAZAOSOCIAL": "VESTILO_STORE_LTDA", "ENDEE": "RUA_DUILIO608__AGUA_BRANCA_05043-020", "LMAPS": "https://www.google.com/maps?q=&layer=c&cbll=-23.5283617,-46.6933984", "O_QUE_FAZER": "CARTEIRA", "ER_REGIAO_CIDADE_min": "Capital Oeste_Lapa" }, "geometry": { "type": "Point", "coordinates": [ -46.6933984, -23.5283617 ] } },
{ "type": "Feature", "properties": { "fid": 169744, "CNPJ": "32377256000109", "IDCIDADE": "SAO_PAULO", "NOMEFANTASIA": "ROMA_ESTACIONAMENTO", "RAZAOSOCIAL": "ANA_PAULA_MAZZA_SERVICOS_DE_ESTACIONAMENTO", "ENDEE": "RUA_ROMA501__LAPA_05050-090", "LMAPS": "https://www.google.com/maps?q=&layer=c&cbll=-23.5231624,-46.7016727", "O_QUE_FAZER": "CARTEIRA", "ER_REGIAO_CIDADE_min": "Capital Oeste_Lapa" }, "geometry": { "type": "Point", "coordinates": [ -46.7016727, -23.5231624 ] } },
{ "type": "Feature", "properties": { "fid": 170671, "CNPJ": "32588201000148", "IDCIDADE": "SAO PAULO", "NOMEFANTASIA": "WMELON", "RAZAOSOCIAL": "WMELON_CONSULTORIA_EM_MARKETING_LTDA", "ENDEE": "RUA DOMINGOS RODRIGUES, 242, LAPA, 05075-000, SÃO PAULO, SP, BRASIL", "LMAPS": "https://www.google.com/maps?q=&layer=c&cbll=-23.5204336,-46.7078366", "O_QUE_FAZER": "CARTEIRA - FAMPE", "ER_REGIAO_CIDADE_min": "Capital Oeste_Lapa" }, "geometry": { "type": "Point", "coordinates": [ -46.7078366, -23.5204336 ] } },
{ "type": "Feature", "properties": { "fid": 172134, "CNPJ": "32890775000176", "IDCIDADE": "SAO_PAULO", "NOMEFANTASIA": "WRE_SEGUROS", "RAZAOSOCIAL": "WRE_CORRETORA_DE_SEGUROS_LTDA", "ENDEE": "RUA_CLELIA2243__AGUA_BRANCA_05042-000", "LMAPS": "https://www.google.com/maps?q=&layer=c&cbll=-23.5246803,-46.7043914", "O_QUE_FAZER": "APLICAR T2", "ER_REGIAO_CIDADE_min": "Capital Oeste_Lapa" }, "geometry": { "type": "Point", "coordinates": [ -46.7043914, -23.5246803 ] } },
{ "type": "Feature", "properties": { "fid": 172466, "CNPJ": "32953859000101", "IDCIDADE": "SAO_PAULO", "NOMEFANTASIA": "RF_BIKES", "RAZAOSOCIAL": "MICHELY_DOS_SANTOS_SILVA_BIKES", "ENDEE": "RUA_GUAICURUS820__AGUA_BRANCA_05033-000", "LMAPS": "https://www.google.com/maps?q=&layer=c&cbll=-23.5226692,-46.6936782", "O_QUE_FAZER": "FINALIZADO", "ER_REGIAO_CIDADE_min": "Capital Oeste_Lapa" }, "geometry": { "type": "Point", "coordinates": [ -46.6936782, -23.5226692 ] } },
{ "type": "Feature", "properties": { "fid": 172499, "CNPJ": "32962666000117", "IDCIDADE": "SAO_PAULO", "NOMEFANTASIA": "OFFICINE_MOTO", "RAZAOSOCIAL": "ALEX_DOS_SANTOS_BONGIOVANNI_12630966895", "ENDEE": "RUA_CATAO_479_VILA_ROMANA_05049-000_SAO_PAULO_BRASIL", "LMAPS": "https://www.google.com/maps?q=&layer=c&cbll=-23.5250845,-46.7005582", "O_QUE_FAZER": "FINALIZADO", "ER_REGIAO_CIDADE_min": "Capital Oeste_Lapa" }, "geometry": { "type": "Point", "coordinates": [ -46.7005582, -23.5250845 ] } },
{ "type": "Feature", "properties": { "fid": 172573, "CNPJ": "32979884000164", "IDCIDADE": "SAO_PAULO", "NOMEFANTASIA": "STUDIO_MM_PILATES_LTDA", "RAZAOSOCIAL": "STUDIO_MM_PILATES", "ENDEE": "RUA_VOTUPOCA436__VILA_IPOJUCA_05055-000", "LMAPS": "https://www.google.com/maps?q=&layer=c&cbll=-23.5328408,-46.7046536", "O_QUE_FAZER": "FINALIZADO", "ER_REGIAO_CIDADE_min": "Capital Oeste_Lapa" }, "geometry": { "type": "Point", "coordinates": [ -46.7046536, -23.5328408 ] } },
{ "type": "Feature", "properties": { "fid": 173298, "CNPJ": "33109842000135", "IDCIDADE": "SAO PAULO", "NOMEFANTASIA": "HIGH_PRIME_IMPORTS", "RAZAOSOCIAL": "HIGH_PRIME_IMPORTS_COMERCIO_E_IMPORTACAO_DE_ROLAMENTOS_E_EQUIPAMENTOS_INDUSTRIAIS_LTDA", "ENDEE": "RUA DOMINGOS RODRIGUES, 341, CONJ 101, LAPA, 05075-000, SÃO PAULO, SP, BRASIL", "LMAPS": "https://www.google.com/maps?q=&layer=c&cbll=-23.5212837,-46.7074057", "O_QUE_FAZER": "CARTEIRA - FAMPE", "ER_REGIAO_CIDADE_min": "Capital Oeste_Lapa" }, "geometry": { "type": "Point", "coordinates": [ -46.7074057, -23.5212837 ] } },
{ "type": "Feature", "properties": { "fid": 173457, "CNPJ": "33138594000150", "IDCIDADE": "SAO_PAULO", "NOMEFANTASIA": "SAN_PET_ESTETICA_ANIMAL", "RAZAOSOCIAL": "SAN_PET_BANHO_E_TOSA_LTDA", "ENDEE": "RUA_CATAO506__VILA_ROMANA_05049-000", "LMAPS": "https://www.google.com/maps?q=&layer=c&cbll=-23.5254315,-46.7006491", "O_QUE_FAZER": "FINALIZADO", "ER_REGIAO_CIDADE_min": "Capital Oeste_Lapa" }, "geometry": { "type": "Point", "coordinates": [ -46.7006491, -23.5254315 ] } },
{ "type": "Feature", "properties": { "fid": 173469, "CNPJ": "33141882000164", "IDCIDADE": "SAO_PAULO", "NOMEFANTASIA": "EVANDRO_MARQUES_CARMONA", "RAZAOSOCIAL": "DISTRIBUIDORA_VIDA", "ENDEE": "RUA_MIPIBU269__VILA_ROMANA_05049-030", "LMAPS": "https://www.google.com/maps?q=&layer=c&cbll=-23.5336232,-46.6995982", "O_QUE_FAZER": "FINALIZADO", "ER_REGIAO_CIDADE_min": "Capital Oeste_Lapa" }, "geometry": { "type": "Point", "coordinates": [ -46.6995982, -23.5336232 ] } },
{ "type": "Feature", "properties": { "fid": 173554, "CNPJ": "33157193000148", "IDCIDADE": "SAO PAULO", "NOMEFANTASIA": "PROJETO_BURGUER", "RAZAOSOCIAL": "BURGUER_VILA_ROMANA_LTDA", "ENDEE": "PRACA ALFREDO WEISZFLOG, 107, VILA ROMANA, 05045-050, SÃO PAULO, SP, BRASIL", "LMAPS": "https://www.google.com/maps?q=&layer=c&cbll=-23.5291505,-46.6942815", "O_QUE_FAZER": "FINALIZADO", "ER_REGIAO_CIDADE_min": "Capital Oeste_Lapa" }, "geometry": { "type": "Point", "coordinates": [ -46.6942815, -23.5291505 ] } },
{ "type": "Feature", "properties": { "fid": 173926, "CNPJ": "33226083000190", "IDCIDADE": "SAO_PAULO", "NOMEFANTASIA": "LIBERDADE_RESTAURANTE", "RAZAOSOCIAL": "FPS_LIBERDADE_RESTAURANTE_GRILL_LTDA", "ENDEE": "RUA_AFONSO_SARDINHA29__LAPA_05076-000", "LMAPS": "https://www.google.com/maps?q=&layer=c&cbll=-23.5222673,-46.7042962", "O_QUE_FAZER": "CARTEIRA", "ER_REGIAO_CIDADE_min": "Capital Oeste_Lapa" }, "geometry": { "type": "Point", "coordinates": [ -46.7042962, -23.5222673 ] } },
{ "type": "Feature", "properties": { "fid": 174092, "CNPJ": "33258481000350", "IDCIDADE": "SAO_PAULO", "NOMEFANTASIA": "EXPRESSO_PLACAS", "RAZAOSOCIAL": "EXPRESSO_FABRICACAO_DE_PLACAS_AUTOMOTIVAS_LTDA", "ENDEE": "RUA_GUAICURUS945__AGUA_BRANCA_05033-000", "LMAPS": "https://www.google.com/maps?q=&layer=c&cbll=-23.5227581,-46.6948568", "O_QUE_FAZER": "FINALIZADO", "ER_REGIAO_CIDADE_min": "Capital Oeste_Lapa" }, "geometry": { "type": "Point", "coordinates": [ -46.6948568, -23.5227581 ] } },
{ "type": "Feature", "properties": { "fid": 174245, "CNPJ": "33289082000195", "IDCIDADE": "SAO_PAULO", "NOMEFANTASIA": "BOMBA_TECH", "RAZAOSOCIAL": "BOMBA_TECH_COMERCIO_DE_PRODUTOS_ELETRONICOS_LTDA", "ENDEE": "RUA_GUAICURUS1623__AGUA_BRANCA_05033-000", "LMAPS": "https://www.google.com/maps?q=&layer=c&cbll=-23.520693,-46.7012024", "O_QUE_FAZER": "CARTEIRA", "ER_REGIAO_CIDADE_min": "Capital Oeste_Lapa" }, "geometry": { "type": "Point", "coordinates": [ -46.7012024, -23.520693 ] } },
{ "type": "Feature", "properties": { "fid": 174581, "CNPJ": "33359056000196", "IDCIDADE": "SAO PAULO", "NOMEFANTASIA": "FAZENDA_SUBMERSA", "RAZAOSOCIAL": "FAZENDA_SUBMERSA_AQUARIUM_STORE_LTDA", "ENDEE": "RUA GEORGE SMITH, 214, LOJA B, LAPA, 05074-010, SÃO PAULO, SP, BRASIL", "LMAPS": "https://www.google.com/maps?q=&layer=c&cbll=-23.5194075,-46.7054978", "O_QUE_FAZER": "CARTEIRA - FAMPE", "ER_REGIAO_CIDADE_min": "Capital Oeste_Lapa" }, "geometry": { "type": "Point", "coordinates": [ -46.7054978, -23.5194075 ] } },
{ "type": "Feature", "properties": { "fid": 174997, "CNPJ": "33439722000104", "IDCIDADE": "SAO_PAULO", "NOMEFANTASIA": "ROSE_CONVENIENCIA", "RAZAOSOCIAL": "ROSILENE_DA_SILVA_CONCEICAO", "ENDEE": "AVENIDA_DIOGENES_RIBEIRO_DE_LIMA3085__ALTO_DA_LAPA_05083-010", "LMAPS": "https://www.google.com/maps?q=&layer=c&cbll=-23.5337304,-46.7185121", "O_QUE_FAZER": "APLICAR T2", "ER_REGIAO_CIDADE_min": "Capital Oeste_Lapa" }, "geometry": { "type": "Point", "coordinates": [ -46.7185121, -23.5337304 ] } },
{ "type": "Feature", "properties": { "fid": 175120, "CNPJ": "33461802000158", "IDCIDADE": "SAO PAULO", "NOMEFANTASIA": "GSM_ETIQUETAS", "RAZAOSOCIAL": "GSM_COMERCIO_DE_ETIQUETAS_E_ROTULOS_LTDA", "ENDEE": "RUA BERNARDO GUIMARAES, 38, VILA ANASTACIO, 05092-030, SÃO PAULO, SP, BRASIL", "LMAPS": "https://www.google.com/maps?q=&layer=c&cbll=-23.5149258,-46.7178085", "O_QUE_FAZER": "CARTEIRA - FAMPE", "ER_REGIAO_CIDADE_min": "Capital Oeste_Lapa" }, "geometry": { "type": "Point", "coordinates": [ -46.7178085, -23.5149258 ] } },
{ "type": "Feature", "properties": { "fid": 175678, "CNPJ": "33557959000181", "IDCIDADE": "SAO_PAULO", "NOMEFANTASIA": "PET_SHOP_ZAMPE_LTDA", "RAZAOSOCIAL": "PET_ZAMP", "ENDEE": "RUA_TITO678__VILA_ROMANA_05051-000", "LMAPS": "https://www.google.com/maps?q=&layer=c&cbll=-23.5279648,-46.6987206", "O_QUE_FAZER": "FINALIZADO", "ER_REGIAO_CIDADE_min": "Capital Oeste_Lapa" }, "geometry": { "type": "Point", "coordinates": [ -46.6987206, -23.5279648 ] } },
{ "type": "Feature", "properties": { "fid": 175941, "CNPJ": "33599724000152", "IDCIDADE": "SAO_PAULO", "NOMEFANTASIA": "OBA_OBA_SALGADOS", "RAZAOSOCIAL": "OBA_OBA_SALGADOS_LAPA_LTDA", "ENDEE": "RUA_NOSSA_SENHORA_DA_LAPA98__LAPA_05072-000", "LMAPS": "https://www.google.com/maps?q=&layer=c&cbll=-23.5209177,-46.7024792", "O_QUE_FAZER": "CARTEIRA", "ER_REGIAO_CIDADE_min": "Capital Oeste_Lapa" }, "geometry": { "type": "Point", "coordinates": [ -46.7024792, -23.5209177 ] } },
{ "type": "Feature", "properties": { "fid": 176160, "CNPJ": "33644750000155", "IDCIDADE": "SAO_PAULO", "NOMEFANTASIA": "EVA_DECOR_LTDA", "RAZAOSOCIAL": "EVA_DECOR", "ENDEE": "RUA_AURELIA192__VILA_ROMANA_05046-000", "LMAPS": "https://www.google.com/maps?q=&layer=c&cbll=-23.5234953,-46.6980224", "O_QUE_FAZER": "FINALIZADO", "ER_REGIAO_CIDADE_min": "Capital Oeste_Lapa" }, "geometry": { "type": "Point", "coordinates": [ -46.6980224, -23.5234953 ] } },
{ "type": "Feature", "properties": { "fid": 176428, "CNPJ": "33695140000180", "IDCIDADE": "SAO_PAULO", "NOMEFANTASIA": "CAROL_FEMALE_BEAUTY", "RAZAOSOCIAL": "A._C._S._L._ARMARINHO_LTDA", "ENDEE": "RUA_CATAO120__VILA_ROMANA_05049-000", "LMAPS": "https://www.google.com/maps?q=&layer=c&cbll=-23.5217803,-46.7003461", "O_QUE_FAZER": "CARTEIRA", "ER_REGIAO_CIDADE_min": "Capital Oeste_Lapa" }, "geometry": { "type": "Point", "coordinates": [ -46.7003461, -23.5217803 ] } },
{ "type": "Feature", "properties": { "fid": 176551, "CNPJ": "33721995000139", "IDCIDADE": "SAO_PAULO", "NOMEFANTASIA": "KCL_COMERCIO_DE_OCULOS", "RAZAOSOCIAL": "KCL_COMERCIO_DE_OCULOS_LTDA", "ENDEE": "RUA_ROMA621__LAPA_05050-090", "LMAPS": "https://www.google.com/maps?q=&layer=c&cbll=-23.5227013,-46.7025938", "O_QUE_FAZER": "APLICAR T4", "ER_REGIAO_CIDADE_min": "Capital Oeste_Lapa" }, "geometry": { "type": "Point", "coordinates": [ -46.7025938, -23.5227013 ] } },
{ "type": "Feature", "properties": { "fid": 176667, "CNPJ": "33739971000107", "IDCIDADE": "SAO_PAULO", "NOMEFANTASIA": "ITALY_WASH_LAVANDERIA", "RAZAOSOCIAL": "ITALY_WASH_LAVANDERIA_LTDA", "ENDEE": "RUA_CERRO_CORA1030__VILA_ROMANA_05061-000", "LMAPS": "https://www.google.com/maps?q=&layer=c&cbll=-23.5387142,-46.7064878", "O_QUE_FAZER": "CARTEIRA", "ER_REGIAO_CIDADE_min": "Capital Oeste_Lapa" }, "geometry": { "type": "Point", "coordinates": [ -46.7064878, -23.5387142 ] } },
{ "type": "Feature", "properties": { "fid": 177101, "CNPJ": "33822690000113", "IDCIDADE": "SAO PAULO", "NOMEFANTASIA": "LUNA_PERFUMARIA", "RAZAOSOCIAL": "LUNA_PERFUMARIA", "ENDEE": "CLEMENTE ÁLVARES, 251, LAPA, SÃO PAULO", "LMAPS": "https://www.google.com/maps?q=&layer=c&cbll=-23.5203316,-46.7051421", "O_QUE_FAZER": "FINALIZADO", "ER_REGIAO_CIDADE_min": "Capital Oeste_Lapa" }, "geometry": { "type": "Point", "coordinates": [ -46.7051421, -23.5203316 ] } },
{ "type": "Feature", "properties": { "fid": 177214, "CNPJ": "33842671000159", "IDCIDADE": "SAO_PAULO", "NOMEFANTASIA": "TOCA_DAS_RAPOSAS", "RAZAOSOCIAL": "JULIANA_DAS_GRACAS_SANTINI", "ENDEE": "RUA_FAUSTOLO988__LAPA_05041-000", "LMAPS": "https://www.google.com/maps?q=&layer=c&cbll=-23.523728,-46.6951323", "O_QUE_FAZER": "CARTEIRA", "ER_REGIAO_CIDADE_min": "Capital Oeste_Lapa" }, "geometry": { "type": "Point", "coordinates": [ -46.6951323, -23.523728 ] } },
{ "type": "Feature", "properties": { "fid": 177503, "CNPJ": "33895514000101", "IDCIDADE": "SAO_PAULO", "NOMEFANTASIA": "33.895.514_FRANCISCO_SOUSA_LIMA", "RAZAOSOCIAL": "TATU_SERVICOS_AUTOMOTIVOS", "ENDEE": "RUA_SEPETIBA365__VILA_ROMANA_05052-000", "LMAPS": "https://www.google.com/maps?q=&layer=c&cbll=-23.5322853,-46.7016561", "O_QUE_FAZER": "FINALIZADO", "ER_REGIAO_CIDADE_min": "Capital Oeste_Lapa" }, "geometry": { "type": "Point", "coordinates": [ -46.7016561, -23.5322853 ] } },
{ "type": "Feature", "properties": { "fid": 177867, "CNPJ": "33966307000109", "IDCIDADE": "SAO_PAULO", "NOMEFANTASIA": "AMARAMA_VEGAN_UNIPESSOAL_LTDA", "RAZAOSOCIAL": "AMARAMA_VEGAN", "ENDEE": "RUA_CAIO_GRACO747__VILA_ROMANA_05044-000", "LMAPS": "https://www.google.com/maps?q=&layer=c&cbll=-23.5294911,-46.6942643", "O_QUE_FAZER": "FINALIZADO", "ER_REGIAO_CIDADE_min": "Capital Oeste_Lapa" }, "geometry": { "type": "Point", "coordinates": [ -46.6942643, -23.5294911 ] } },
{ "type": "Feature", "properties": { "fid": 177972, "CNPJ": "33992380000147", "IDCIDADE": "SAO_PAULO", "NOMEFANTASIA": "VZ_GAMES", "RAZAOSOCIAL": "VZ_GAMES_LTDA", "ENDEE": "RUA_CLEMENTE_ALVARES140__LAPA_05074-050", "LMAPS": "https://www.google.com/maps?q=&layer=c&cbll=-23.5206001,-46.7040833", "O_QUE_FAZER": "CARTEIRA", "ER_REGIAO_CIDADE_min": "Capital Oeste_Lapa" }, "geometry": { "type": "Point", "coordinates": [ -46.7040833, -23.5206001 ] } },
{ "type": "Feature", "properties": { "fid": 178055, "CNPJ": "34011158000189", "IDCIDADE": "SAO_PAULO", "NOMEFANTASIA": "LAPA_MOTOS", "RAZAOSOCIAL": "LAPA_MOTOS_COMERCIO_DE_VEICULOS_LTDA", "ENDEE": "RUA_CLELIA2250__AGUA_BRANCA_05042-000", "LMAPS": "https://www.google.com/maps?q=&layer=c&cbll=-23.5244216,-46.7044197", "O_QUE_FAZER": "CARTEIRA", "ER_REGIAO_CIDADE_min": "Capital Oeste_Lapa" }, "geometry": { "type": "Point", "coordinates": [ -46.7044197, -23.5244216 ] } },
{ "type": "Feature", "properties": { "fid": 178207, "CNPJ": "34042600000134", "IDCIDADE": "SAO_PAULO", "NOMEFANTASIA": "OTICAS_CARLA", "RAZAOSOCIAL": "OTICAS_CARLA_LTDA.", "ENDEE": "RUA_CLEMENTE_ALVARES262__LAPA_05074-050", "LMAPS": "https://www.google.com/maps?q=&layer=c&cbll=-23.5202094,-46.705077", "O_QUE_FAZER": "CARTEIRA", "ER_REGIAO_CIDADE_min": "Capital Oeste_Lapa" }, "geometry": { "type": "Point", "coordinates": [ -46.705077, -23.5202094 ] } },
{ "type": "Feature", "properties": { "fid": 178232, "CNPJ": "34047196000191", "IDCIDADE": "SAO_PAULO", "NOMEFANTASIA": "BAR_E_RESTAURANTE_JASPER_NEGRO", "RAZAOSOCIAL": "BAR_E_LANCHONETE_JASPER_NEGRO_LTDA", "ENDEE": "RUA_JASPE-NEGRO85__ALTO_DA_LAPA_05083-040", "LMAPS": "https://www.google.com/maps?q=&layer=c&cbll=-23.5352019,-46.7185308", "O_QUE_FAZER": "CARTEIRA", "ER_REGIAO_CIDADE_min": "Capital Oeste_Lapa" }, "geometry": { "type": "Point", "coordinates": [ -46.7185308, -23.5352019 ] } },
{ "type": "Feature", "properties": { "fid": 178236, "CNPJ": "34048107000121", "IDCIDADE": "SAO_PAULO", "NOMEFANTASIA": "KASA_BARTZ", "RAZAOSOCIAL": "KASA_MOVEIS_SOB_MEDIDA_LTDA", "ENDEE": "RUA_MONTEIRO_DE_MELO171__LAPA_05050-000", "LMAPS": "https://www.google.com/maps?q=&layer=c&cbll=-23.5229283,-46.70273", "O_QUE_FAZER": "CARTEIRA", "ER_REGIAO_CIDADE_min": "Capital Oeste_Lapa" }, "geometry": { "type": "Point", "coordinates": [ -46.70273, -23.5229283 ] } },
{ "type": "Feature", "properties": { "fid": 178557, "CNPJ": "34104857000173", "IDCIDADE": "SAO_PAULO", "NOMEFANTASIA": "TEMPLO_E_BELEZA", "RAZAOSOCIAL": "TEMPLO_STUDIO_DE_BELEZA_LTDA", "ENDEE": "RUA_PIO_XI1291__ALTO_DA_LAPA_05060-001", "LMAPS": "https://www.google.com/maps?q=&layer=c&cbll=-23.5347617,-46.714645", "O_QUE_FAZER": "CARTEIRA - FAMPE", "ER_REGIAO_CIDADE_min": "Capital Oeste_Lapa" }, "geometry": { "type": "Point", "coordinates": [ -46.714645, -23.5347617 ] } },
{ "type": "Feature", "properties": { "fid": 178800, "CNPJ": "34163942000102", "IDCIDADE": "SAO_PAULO", "NOMEFANTASIA": "WN_CALCADOS", "RAZAOSOCIAL": "W._N._COMERCIO_DE_CALCADOS_E_MODA_LTDA.", "ENDEE": "RUA_DOUTOR_CINCINATO_POMPONET209__LAPA_05072-020", "LMAPS": "https://www.google.com/maps?q=&layer=c&cbll=-23.5190072,-46.70301", "O_QUE_FAZER": "CARTEIRA", "ER_REGIAO_CIDADE_min": "Capital Oeste_Lapa" }, "geometry": { "type": "Point", "coordinates": [ -46.70301, -23.5190072 ] } },
{ "type": "Feature", "properties": { "fid": 178877, "CNPJ": "34180194000176", "IDCIDADE": "SAO_PAULO", "NOMEFANTASIA": "REI_DAS_MARMITEX", "RAZAOSOCIAL": "REI_DAS_MARMITEX", "ENDEE": "RUA_TITO_1084_VILA ROMANA_05051-000_SAO_PAULO", "LMAPS": "https://www.google.com/maps?q=&layer=c&cbll=-23.5282431,-46.7023895", "O_QUE_FAZER": "APLICAR T4", "ER_REGIAO_CIDADE_min": "Capital Oeste_Lapa" }, "geometry": { "type": "Point", "coordinates": [ -46.7023895, -23.5282431 ] } },
{ "type": "Feature", "properties": { "fid": 179237, "CNPJ": "34257417000156", "IDCIDADE": "SAO_PAULO", "NOMEFANTASIA": "ESTRELA_CASA_E_CONSTRUCAO", "RAZAOSOCIAL": "CRM_COMERCIO_DE_MATERIAL_PARA_CONSTRUCAO_LTDA", "ENDEE": "AVENIDA_DIOGENES_RIBEIRO_DE_LIMA2917__ALTO_DA_LAPA_05083-010", "LMAPS": "https://www.google.com/maps?q=&layer=c&cbll=-23.5348314,-46.7184454", "O_QUE_FAZER": "CARTEIRA", "ER_REGIAO_CIDADE_min": "Capital Oeste_Lapa" }, "geometry": { "type": "Point", "coordinates": [ -46.7184454, -23.5348314 ] } },
{ "type": "Feature", "properties": { "fid": 179703, "CNPJ": "34338773000102", "IDCIDADE": "SAO PAULO", "NOMEFANTASIA": "ALUDI", "RAZAOSOCIAL": "ALUDI_COMERCIO_DE_COSMETICOS_E_PERFUMARIA_LTDA", "ENDEE": "DOZE DE OUTUBRO, 470, LAPA, SÃO PAULO_05073-000", "LMAPS": "https://www.google.com/maps?q=&layer=c&cbll=-23.5220922,-46.7052098", "O_QUE_FAZER": "APLICAR T2", "ER_REGIAO_CIDADE_min": "Capital Oeste_Lapa" }, "geometry": { "type": "Point", "coordinates": [ -46.7052098, -23.5220922 ] } },
{ "type": "Feature", "properties": { "fid": 179791, "CNPJ": "34354082000194", "IDCIDADE": "SAO_PAULO", "NOMEFANTASIA": "FULL_POWER_MOTOS", "RAZAOSOCIAL": "ALE_DE_SOUZA_FULL_POWER_MOTOS", "ENDEE": "RUA_CLELIA1612__AGUA_BRANCA_05042-000", "LMAPS": "https://www.google.com/maps?q=&layer=c&cbll=-23.5248571,-46.6981672", "O_QUE_FAZER": "CARTEIRA", "ER_REGIAO_CIDADE_min": "Capital Oeste_Lapa" }, "geometry": { "type": "Point", "coordinates": [ -46.6981672, -23.5248571 ] } },
{ "type": "Feature", "properties": { "fid": 179910, "CNPJ": "34376369000115", "IDCIDADE": "SAO_PAULO", "NOMEFANTASIA": "ZION_VEGAN_RESTAURANTE_LTDA", "RAZAOSOCIAL": "MOUNT_ZION_VEGAN", "ENDEE": "RUA_CAIO_GRACO393__VILA_ROMANA_05044-000", "LMAPS": "https://www.google.com/maps?q=&layer=c&cbll=-23.5262941,-46.6941797", "O_QUE_FAZER": "FINALIZADO", "ER_REGIAO_CIDADE_min": "Capital Oeste_Lapa" }, "geometry": { "type": "Point", "coordinates": [ -46.6941797, -23.5262941 ] } },
{ "type": "Feature", "properties": { "fid": 179934, "CNPJ": "34381286000386", "IDCIDADE": "SAO_PAULO", "NOMEFANTASIA": "OUTLET_DAS_TINTAS", "RAZAOSOCIAL": "OUTLET_DE_TINTAS_LTDA", "ENDEE": "RUA_CERRO_CORA996__VILA_ROMANA_05061-000", "LMAPS": "https://www.google.com/maps?q=&layer=c&cbll=-23.5388407,-46.7062", "O_QUE_FAZER": "FINALIZADO", "ER_REGIAO_CIDADE_min": "Capital Oeste_Lapa" }, "geometry": { "type": "Point", "coordinates": [ -46.7062, -23.5388407 ] } },
{ "type": "Feature", "properties": { "fid": 180699, "CNPJ": "34530869000160", "IDCIDADE": "SAO_PAULO", "NOMEFANTASIA": "ROLAMENTOS_WALMAR", "RAZAOSOCIAL": "ROLAMENTOS_WALMAR_COMERCIO_DE_PRODUTOS_NACIONAIS_E_IMPORTADOS_LTDA", "ENDEE": "RUA_CORIOLANO1684__VILA_ROMANA_05047-000", "LMAPS": "https://www.google.com/maps?q=&layer=c&cbll=-23.5258512,-46.7020366", "O_QUE_FAZER": "CARTEIRA", "ER_REGIAO_CIDADE_min": "Capital Oeste_Lapa" }, "geometry": { "type": "Point", "coordinates": [ -46.7020366, -23.5258512 ] } },
{ "type": "Feature", "properties": { "fid": 180928, "CNPJ": "34575637000128", "IDCIDADE": "SAO_PAULO", "NOMEFANTASIA": "TORTA_URBANA", "RAZAOSOCIAL": "TORTA_URBANA_COMERCIO_DE_ALIMENTOS_LTDA", "ENDEE": "RUA_AURELIA833__VILA_ROMANA_05046-000", "LMAPS": "https://www.google.com/maps?q=&layer=c&cbll=-23.5287161,-46.6975505", "O_QUE_FAZER": "CARTEIRA", "ER_REGIAO_CIDADE_min": "Capital Oeste_Lapa" }, "geometry": { "type": "Point", "coordinates": [ -46.6975505, -23.5287161 ] } },
{ "type": "Feature", "properties": { "fid": 180931, "CNPJ": "34575981000117", "IDCIDADE": "SAO PAULO", "NOMEFANTASIA": "ÓTICAS_NANNY", "RAZAOSOCIAL": "ÓTICAS_NANNY", "ENDEE": "DRONSFIELD_105_LAPA_SÃO PAULO_05074-000", "LMAPS": "https://www.google.com/maps?q=&layer=c&cbll=-23.519467,-46.7038895", "O_QUE_FAZER": "APLICAR T4", "ER_REGIAO_CIDADE_min": "Capital Oeste_Lapa" }, "geometry": { "type": "Point", "coordinates": [ -46.7038895, -23.519467 ] } },
{ "type": "Feature", "properties": { "fid": 180938, "CNPJ": "34576977000173", "IDCIDADE": "SAO_PAULO", "NOMEFANTASIA": "MULHERES_HABILITADAS", "RAZAOSOCIAL": "RR_SILVA_DESENVOLVIMENTO_PESSOAL_LTDA", "ENDEE": "RUA_CLELIA1881__AGUA_BRANCA_05042-000", "LMAPS": "https://www.google.com/maps?q=&layer=c&cbll=-23.5249883,-46.700829", "O_QUE_FAZER": "APLICAR T2", "ER_REGIAO_CIDADE_min": "Capital Oeste_Lapa" }, "geometry": { "type": "Point", "coordinates": [ -46.700829, -23.5249883 ] } },
{ "type": "Feature", "properties": { "fid": 181027, "CNPJ": "34593932000107", "IDCIDADE": "SAO_PAULO", "NOMEFANTASIA": "34.593.932_FELIPE_RODRIGUES_LORENZI", "RAZAOSOCIAL": "LORENCAR", "ENDEE": "RUA_DANIEL_BITENCOURT63__SICILIANO_05052-050", "LMAPS": "https://www.google.com/maps?q=&layer=c&cbll=-23.5328557,-46.70125", "O_QUE_FAZER": "FINALIZADO", "ER_REGIAO_CIDADE_min": "Capital Oeste_Lapa" }, "geometry": { "type": "Point", "coordinates": [ -46.70125, -23.5328557 ] } },
{ "type": "Feature", "properties": { "fid": 181094, "CNPJ": "34609559000135", "IDCIDADE": "SAO PAULO", "NOMEFANTASIA": "CANILAND_DE_PETSHOP", "RAZAOSOCIAL": "CANILAND_DE_PETSHOP", "ENDEE": "PIO XI_170_ALTO DA LAPA_SÃO PAULO_05060-000", "LMAPS": "https://www.google.com/maps?q=&layer=c&cbll=-23.5263012,-46.7082274", "O_QUE_FAZER": "APLICAR T4", "ER_REGIAO_CIDADE_min": "Capital Oeste_Lapa" }, "geometry": { "type": "Point", "coordinates": [ -46.7082274, -23.5263012 ] } },
{ "type": "Feature", "properties": { "fid": 181324, "CNPJ": "34656120000163", "IDCIDADE": "SAO_PAULO", "NOMEFANTASIA": "ESPACO_JC", "RAZAOSOCIAL": "ESPACO_J_C_BELEZA_&_BEM_ESTAR_-_LTDA.", "ENDEE": "RUA_CRASSO170__AGUA_BRANCA_05043-010", "LMAPS": "https://www.google.com/maps?q=&layer=c&cbll=-23.5243829,-46.6896853", "O_QUE_FAZER": "CARTEIRA", "ER_REGIAO_CIDADE_min": "Capital Oeste_Lapa" }, "geometry": { "type": "Point", "coordinates": [ -46.6896853, -23.5243829 ] } },
{ "type": "Feature", "properties": { "fid": 181787, "CNPJ": "34748299000189", "IDCIDADE": "SAO_PAULO", "NOMEFANTASIA": "SC_FOCCO_COMERCIO_DE_MATERIAIS_DE_HIGIENE_E_SERVICOS_LTDA", "RAZAOSOCIAL": "MAUI_SOLUCOES", "ENDEE": "RUA_CAMACAM493__VILA_ANASTACIO_05095-000", "LMAPS": "https://www.google.com/maps?q=&layer=c&cbll=-23.5125143,-46.7195175", "O_QUE_FAZER": "FINALIZADO", "ER_REGIAO_CIDADE_min": "Capital Oeste_Lapa" }, "geometry": { "type": "Point", "coordinates": [ -46.7195175, -23.5125143 ] } },
{ "type": "Feature", "properties": { "fid": 181943, "CNPJ": "34778046000158", "IDCIDADE": "SAO PAULO", "NOMEFANTASIA": null, "RAZAOSOCIAL": "HABITAT_ADMINISTRADORA_DE_CONDOMINIOS_LTDA", "ENDEE": "RUA SACADURA CABRAL, 248, CONJ 105, LAPA, 05076-020, SÃO PAULO, SP, BRASIL", "LMAPS": "https://www.google.com/maps?q=&layer=c&cbll=-23.5209439,-46.7118572", "O_QUE_FAZER": "CARTEIRA - FAMPE", "ER_REGIAO_CIDADE_min": "Capital Oeste_Lapa" }, "geometry": { "type": "Point", "coordinates": [ -46.7118572, -23.5209439 ] } },
{ "type": "Feature", "properties": { "fid": 182575, "CNPJ": "34895149000106", "IDCIDADE": "SAO_PAULO", "NOMEFANTASIA": "NOVA_ALTO_DA_LAPA_LAVANDERIA", "RAZAOSOCIAL": "F_J_DO_PRADO_NETO_LAVANDERIA", "ENDEE": "RUA_FILIPINAS_308_ALTO_DA_LAPA_05083-120_SAO_PAULO_BRASIL", "LMAPS": "https://www.google.com/maps?q=&layer=c&cbll=-23.5343547,-46.7167375", "O_QUE_FAZER": "FINALIZADO", "ER_REGIAO_CIDADE_min": "Capital Oeste_Lapa" }, "geometry": { "type": "Point", "coordinates": [ -46.7167375, -23.5343547 ] } },
{ "type": "Feature", "properties": { "fid": 183453, "CNPJ": "35067660000174", "IDCIDADE": "SAO_PAULO", "NOMEFANTASIA": "PET_BELLO", "RAZAOSOCIAL": "PETBELLO_CLINICA_VETERINARIA_E_PET_SHOP_LTDA.", "ENDEE": "RUA_AURELIA1526__VILA_ROMANA_05046-000", "LMAPS": "https://www.google.com/maps?q=&layer=c&cbll=-23.5356443,-46.6978046", "O_QUE_FAZER": "CARTEIRA", "ER_REGIAO_CIDADE_min": "Capital Oeste_Lapa" }, "geometry": { "type": "Point", "coordinates": [ -46.6978046, -23.5356443 ] } },
{ "type": "Feature", "properties": { "fid": 183709, "CNPJ": "35117960000110", "IDCIDADE": "SAO_PAULO", "NOMEFANTASIA": "OUTLET_WRA_GLER", "RAZAOSOCIAL": "PETTERS_A._DE_SOUZA_COMERCIO_DE_ROUPAS_E_CONFECCOES_LTDA", "ENDEE": "RUA_ALBION117__LAPA_05077-130", "LMAPS": "https://www.google.com/maps?q=&layer=c&cbll=-23.5234916,-46.7057076", "O_QUE_FAZER": "APLICAR T2", "ER_REGIAO_CIDADE_min": "Capital Oeste_Lapa" }, "geometry": { "type": "Point", "coordinates": [ -46.7057076, -23.5234916 ] } },
{ "type": "Feature", "properties": { "fid": 184137, "CNPJ": "35210224000102", "IDCIDADE": "SAO_PAULO", "NOMEFANTASIA": "PITICAS", "RAZAOSOCIAL": "CRISTINA_DE_JESUS_SAMPAIO", "ENDEE": "RUA_CATAO72__VILA_ROMANA_05049-000", "LMAPS": "https://www.google.com/maps?q=&layer=c&cbll=-23.5210083,-46.7008409", "O_QUE_FAZER": "CARTEIRA", "ER_REGIAO_CIDADE_min": "Capital Oeste_Lapa" }, "geometry": { "type": "Point", "coordinates": [ -46.7008409, -23.5210083 ] } },
{ "type": "Feature", "properties": { "fid": 184143, "CNPJ": "35210842000152", "IDCIDADE": "SAO_PAULO", "NOMEFANTASIA": "HIDRAMAKEY", "RAZAOSOCIAL": "HIDRAMAKEY_MANUTENCAO_E_VENDA_DE_MATERIAL_ELETRICO_E_HIDRAULICO_LTDA", "ENDEE": "RUA_FAUSTOLO1648__LAPA_05041-001", "LMAPS": "https://www.google.com/maps?q=&layer=c&cbll=-23.5237279,-46.7014873", "O_QUE_FAZER": "CARTEIRA", "ER_REGIAO_CIDADE_min": "Capital Oeste_Lapa" }, "geometry": { "type": "Point", "coordinates": [ -46.7014873, -23.5237279 ] } },
{ "type": "Feature", "properties": { "fid": 184484, "CNPJ": "35303029000127", "IDCIDADE": "SAO_PAULO", "NOMEFANTASIA": "LAP_SEC_LAVANDERIA", "RAZAOSOCIAL": "LAPA_SEC_LTDA", "ENDEE": "RUA_PIO_XI1279__ALTO_DA_LAPA_05060-000", "LMAPS": "https://www.google.com/maps?q=&layer=c&cbll=-23.5342601,-46.7140649", "O_QUE_FAZER": "CARTEIRA", "ER_REGIAO_CIDADE_min": "Capital Oeste_Lapa" }, "geometry": { "type": "Point", "coordinates": [ -46.7140649, -23.5342601 ] } },
{ "type": "Feature", "properties": { "fid": 184864, "CNPJ": "35403771000104", "IDCIDADE": "SAO_PAULO", "NOMEFANTASIA": "NAKAJIRO_SUSHI", "RAZAOSOCIAL": "SUSHI_ALTO_DA_LAPA_CULINARIA_JAPONESA_LTDA", "ENDEE": "RUA_PIO_XI1245__ALTO_DA_LAPA_05060-000", "LMAPS": "https://www.google.com/maps?q=&layer=c&cbll=-23.534186,-46.7139075", "O_QUE_FAZER": "APLICAR T2", "ER_REGIAO_CIDADE_min": "Capital Oeste_Lapa" }, "geometry": { "type": "Point", "coordinates": [ -46.7139075, -23.534186 ] } },
{ "type": "Feature", "properties": { "fid": 185016, "CNPJ": "35435905000179", "IDCIDADE": "SAO_PAULO", "NOMEFANTASIA": "TONZANO_RESTAURANTE", "RAZAOSOCIAL": "TONZANO_RESTAURANTE_LTDA", "ENDEE": "RUA_ANTONIO_RAPOSO214__LAPA_05074-020", "LMAPS": "https://www.google.com/maps?q=&layer=c&cbll=-23.5211457,-46.7068322", "O_QUE_FAZER": "CARTEIRA", "ER_REGIAO_CIDADE_min": "Capital Oeste_Lapa" }, "geometry": { "type": "Point", "coordinates": [ -46.7068322, -23.5211457 ] } },
{ "type": "Feature", "properties": { "fid": 185335, "CNPJ": "35505402000122", "IDCIDADE": "SAO_PAULO", "NOMEFANTASIA": "KIDDY_ZOOM_BRECHO_INFANTIL", "RAZAOSOCIAL": "KIDDYZOOM_COMERCIO_DE_ARTIGOS_INFANTIS_LTDA", "ENDEE": "RUA_PIO_XI791__ALTO_DE_PINHEIROS_05060-000", "LMAPS": "https://www.google.com/maps?q=&layer=c&cbll=-23.5308197,-46.7116716", "O_QUE_FAZER": "CARTEIRA", "ER_REGIAO_CIDADE_min": "Capital Oeste_Lapa" }, "geometry": { "type": "Point", "coordinates": [ -46.7116716, -23.5308197 ] } },
{ "type": "Feature", "properties": { "fid": 185410, "CNPJ": "35520606000132", "IDCIDADE": "SAO_PAULO", "NOMEFANTASIA": "DI_MALHAS", "RAZAOSOCIAL": "DI_MALHAS_PERSONALIZADOS_E_COMERCIO_DE_ROUPAS_LTDA", "ENDEE": "RUA_CERRO_CORA550__VILA_ROMANA_05061-000", "LMAPS": "https://www.google.com/maps?q=&layer=c&cbll=-23.5403565,-46.7025195", "O_QUE_FAZER": "CARTEIRA", "ER_REGIAO_CIDADE_min": "Capital Oeste_Lapa" }, "geometry": { "type": "Point", "coordinates": [ -46.7025195, -23.5403565 ] } },
{ "type": "Feature", "properties": { "fid": 185805, "CNPJ": "35611637000107", "IDCIDADE": "SAO_PAULO", "NOMEFANTASIA": "FAEMA_ESTACIONAMENTO", "RAZAOSOCIAL": "FAEMA_VALET,_ESTACIONAMENTO_E_LAVA_RAPIDO_LTDA", "ENDEE": "RUA_BRIGADEIRO_GAVIAO_PEIXOTO132__LAPA_05078-000", "LMAPS": "https://www.google.com/maps?q=&layer=c&cbll=-23.5255484,-46.7119139", "O_QUE_FAZER": "CARTEIRA", "ER_REGIAO_CIDADE_min": "Capital Oeste_Lapa" }, "geometry": { "type": "Point", "coordinates": [ -46.7119139, -23.5255484 ] } },
{ "type": "Feature", "properties": { "fid": 185868, "CNPJ": "35625270000172", "IDCIDADE": "SAO PAULO", "NOMEFANTASIA": "FABRIKA_MKT", "RAZAOSOCIAL": "FABRIKA_CONSULTORIA_EM_MARKETING_LTDA", "ENDEE": "RUA CARLOS BERTINI, 41, SALA 2B, LAPA, 05075-050, SÃO PAULO, SP, BRASIL", "LMAPS": "https://www.google.com/maps?q=&layer=c&cbll=-23.5195567,-46.7081051", "O_QUE_FAZER": "CARTEIRA - FAMPE", "ER_REGIAO_CIDADE_min": "Capital Oeste_Lapa" }, "geometry": { "type": "Point", "coordinates": [ -46.7081051, -23.5195567 ] } },
{ "type": "Feature", "properties": { "fid": 186281, "CNPJ": "35707163000193", "IDCIDADE": "SAO PAULO", "NOMEFANTASIA": "Atelie_Cecilia", "RAZAOSOCIAL": "NEIDE_DOS_SANTOS_RIBEIRO_PINTO", "ENDEE": "RUA MONTEIRO DE MELO, 425, LOJA 4, LAPA, 05050-000, SÃO PAULO, SP, BRASIL", "LMAPS": "https://www.google.com/maps?q=&layer=c&cbll=-23.5252039,-46.7029282", "O_QUE_FAZER": "CARTEIRA - FAMPE", "ER_REGIAO_CIDADE_min": "Capital Oeste_Lapa" }, "geometry": { "type": "Point", "coordinates": [ -46.7029282, -23.5252039 ] } },
{ "type": "Feature", "properties": { "fid": 186452, "CNPJ": "35738102000193", "IDCIDADE": "SAO_PAULO", "NOMEFANTASIA": "TODA_DOS_PETS", "RAZAOSOCIAL": "TOKA_DOS_PET'S_COMERCIO_DE_PRODUTOS_PARA_ANIMAIS_LTDA", "ENDEE": "RUA_CERRO_CORA569__VILA_ROMANA_05061-000", "LMAPS": "https://www.google.com/maps?q=&layer=c&cbll=-23.5403476,-46.7028503", "O_QUE_FAZER": "APLICAR T2", "ER_REGIAO_CIDADE_min": "Capital Oeste_Lapa" }, "geometry": { "type": "Point", "coordinates": [ -46.7028503, -23.5403476 ] } },
{ "type": "Feature", "properties": { "fid": 186571, "CNPJ": "35757440000172", "IDCIDADE": "SAO_PAULO", "NOMEFANTASIA": "35.757.440_ISRAEL_RODRIGUES_DE_OLIVEIRA", "RAZAOSOCIAL": "35.757.440_ISRAEL_RODRIGUES_DE_OLIVEIRA", "ENDEE": "RUA_CERRO_CORA914__VILA_ROMANA_05061-100", "LMAPS": "https://www.google.com/maps?q=&layer=c&cbll=-23.5391786,-46.7056508", "O_QUE_FAZER": "FINALIZADO", "ER_REGIAO_CIDADE_min": "Capital Oeste_Lapa" }, "geometry": { "type": "Point", "coordinates": [ -46.7056508, -23.5391786 ] } },
{ "type": "Feature", "properties": { "fid": 186775, "CNPJ": "35798945000266", "IDCIDADE": "SAO_PAULO", "NOMEFANTASIA": "BRINKILAR", "RAZAOSOCIAL": "BRINKILAR_COMERCIO_DE_VARIEDADES_LTDA", "ENDEE": "RUA_NOSSA_SENHORA_DA_LAPA115__LAPA_05072-000", "LMAPS": "https://www.google.com/maps?q=&layer=c&cbll=-23.5209382,-46.7023842", "O_QUE_FAZER": "CARTEIRA", "ER_REGIAO_CIDADE_min": "Capital Oeste_Lapa" }, "geometry": { "type": "Point", "coordinates": [ -46.7023842, -23.5209382 ] } },
{ "type": "Feature", "properties": { "fid": 187032, "CNPJ": "35837577000137", "IDCIDADE": "SAO_PAULO", "NOMEFANTASIA": "COZINHA_PRIME", "RAZAOSOCIAL": "COZINHA_PRIME_MOVEIS_PLANEJADOS_LTDA", "ENDEE": "RUA_CLELIA7865__AGUA_BRANCA_05042-001", "LMAPS": "https://www.google.com/maps?q=&layer=c&cbll=-23.5249829,-46.7006379", "O_QUE_FAZER": "CARTEIRA", "ER_REGIAO_CIDADE_min": "Capital Oeste_Lapa" }, "geometry": { "type": "Point", "coordinates": [ -46.7006379, -23.5249829 ] } },
{ "type": "Feature", "properties": { "fid": 187849, "CNPJ": "36048410000150", "IDCIDADE": "SAO_PAULO", "NOMEFANTASIA": "NAWIKI", "RAZAOSOCIAL": "BC_SAO_PAULO_PRODUTOS_ALIMENTICIOS_LTDA", "ENDEE": "RUA_NOSSA_SENHORA_DA_LAPA390__LAPA_05072-000", "LMAPS": "https://www.google.com/maps?q=&layer=c&cbll=-23.5227242,-46.7042193", "O_QUE_FAZER": "FINALIZADO", "ER_REGIAO_CIDADE_min": "Capital Oeste_Lapa" }, "geometry": { "type": "Point", "coordinates": [ -46.7042193, -23.5227242 ] } },
{ "type": "Feature", "properties": { "fid": 188121, "CNPJ": "36111571000140", "IDCIDADE": "SAO PAULO", "NOMEFANTASIA": "CLINICA_WS", "RAZAOSOCIAL": "CLINICA_W_S_LTDA", "ENDEE": "RUA DR JOSE ELIAS, 3, ALTO DA LAPA, 05083-030, SÃO PAULO, SP, BRASIL", "LMAPS": "https://www.google.com/maps?q=&layer=c&cbll=-23.5313173,-46.7140636", "O_QUE_FAZER": "CARTEIRA - FAMPE", "ER_REGIAO_CIDADE_min": "Capital Oeste_Lapa" }, "geometry": { "type": "Point", "coordinates": [ -46.7140636, -23.5313173 ] } },
{ "type": "Feature", "properties": { "fid": 188295, "CNPJ": "36144547000299", "IDCIDADE": "SAO_PAULO", "NOMEFANTASIA": "PORCO_DA_FAZENDA", "RAZAOSOCIAL": "FRIGOZANI_COMERCIO_DE_CARNES_SUINAS_LTDA", "ENDEE": "RUA_HERBART44__LAPA_05072-030", "LMAPS": "https://www.google.com/maps?q=&layer=c&cbll=-23.5193175,-46.7020163", "O_QUE_FAZER": "CARTEIRA", "ER_REGIAO_CIDADE_min": "Capital Oeste_Lapa" }, "geometry": { "type": "Point", "coordinates": [ -46.7020163, -23.5193175 ] } },
{ "type": "Feature", "properties": { "fid": 188296, "CNPJ": "36145104000131", "IDCIDADE": "SAO_PAULO", "NOMEFANTASIA": "SP_ARMAZEM_DO_VIDRO", "RAZAOSOCIAL": "SP_ARMAZEM_DO_VIDRO_COMERCIO_E_SERVICO_LTDA", "ENDEE": "RUA_GUAICURUS851__AGUA_BRANCA_05033-000", "LMAPS": "https://www.google.com/maps?q=&layer=c&cbll=-23.522869,-46.6937616", "O_QUE_FAZER": "APLICAR T3", "ER_REGIAO_CIDADE_min": "Capital Oeste_Lapa" }, "geometry": { "type": "Point", "coordinates": [ -46.6937616, -23.522869 ] } },
{ "type": "Feature", "properties": { "fid": 188775, "CNPJ": "36243791000128", "IDCIDADE": "SAO_PAULO", "NOMEFANTASIA": "DADU_VARIEDADES", "RAZAOSOCIAL": "PHCL_COMERCIO_DE_PRODUTOS_DE_UTILIDADE_DOMESTICA_LTDA", "ENDEE": "RUA_CLEMENTE_ALVARES225__LAPA_05074-050", "LMAPS": "https://www.google.com/maps?q=&layer=c&cbll=-23.5203072,-46.704689", "O_QUE_FAZER": "CARTEIRA", "ER_REGIAO_CIDADE_min": "Capital Oeste_Lapa" }, "geometry": { "type": "Point", "coordinates": [ -46.704689, -23.5203072 ] } },
{ "type": "Feature", "properties": { "fid": 189045, "CNPJ": "36299759000164", "IDCIDADE": "SAO_PAULO", "NOMEFANTASIA": "DI_CAPRI_MOVEIS_SOB_MEDIDA", "RAZAOSOCIAL": "DICAPRI_MOVEIS_E_DESIGN_LTDA", "ENDEE": "RUA_NOSSA_SENHORA_DA_LAPA655__LAPA_05072-000", "LMAPS": "https://www.google.com/maps?q=&layer=c&cbll=-23.5248228,-46.7057543", "O_QUE_FAZER": "CARTEIRA", "ER_REGIAO_CIDADE_min": "Capital Oeste_Lapa" }, "geometry": { "type": "Point", "coordinates": [ -46.7057543, -23.5248228 ] } },
{ "type": "Feature", "properties": { "fid": 189491, "CNPJ": "36397274000103", "IDCIDADE": "SAO_PAULO", "NOMEFANTASIA": "TAPECARIA_CONQUISTA", "RAZAOSOCIAL": "ALEXANDRE_PEREIRA_FILHO_TAPECARIA", "ENDEE": "RUA_FAUSTOLO503__AGUA_BRANCA_05041-000", "LMAPS": "https://www.google.com/maps?q=&layer=c&cbll=-23.5238837,-46.6902508", "O_QUE_FAZER": "CARTEIRA", "ER_REGIAO_CIDADE_min": "Capital Oeste_Lapa" }, "geometry": { "type": "Point", "coordinates": [ -46.6902508, -23.5238837 ] } },
{ "type": "Feature", "properties": { "fid": 190224, "CNPJ": "36539236000148", "IDCIDADE": "SAO_PAULO", "NOMEFANTASIA": "NOSSA_ESFIHA", "RAZAOSOCIAL": "FARIAS_&_GOMES_LANCHONETE_LTDA", "ENDEE": "RUA_DRONSFIELD47__LAPA_05074-000", "LMAPS": "https://www.google.com/maps?q=&layer=c&cbll=-23.5198069,-46.703463", "O_QUE_FAZER": "FINALIZADO", "ER_REGIAO_CIDADE_min": "Capital Oeste_Lapa" }, "geometry": { "type": "Point", "coordinates": [ -46.703463, -23.5198069 ] } },
{ "type": "Feature", "properties": { "fid": 190351, "CNPJ": "36570088000124", "IDCIDADE": "SAO_PAULO", "NOMEFANTASIA": "VM_CAFETERIA", "RAZAOSOCIAL": "VM_CAFETERIA_LTDA", "ENDEE": "RUA_AFONSO_SARDINHA334__LAPA_05076-000", "LMAPS": "https://www.google.com/maps?q=&layer=c&cbll=-23.5226533,-46.7069917", "O_QUE_FAZER": "CARTEIRA", "ER_REGIAO_CIDADE_min": "Capital Oeste_Lapa" }, "geometry": { "type": "Point", "coordinates": [ -46.7069917, -23.5226533 ] } },
{ "type": "Feature", "properties": { "fid": 191036, "CNPJ": "36694944000153", "IDCIDADE": "SAO_PAULO", "NOMEFANTASIA": "TECH_SMART", "RAZAOSOCIAL": "TECHSMART_MEDCELL_EQUIPAMENTOS_DE_TELEFONIA_LTDA", "ENDEE": "RUA_CATAO72__VILA_ROMANA_05049-000", "LMAPS": "https://www.google.com/maps?q=&layer=c&cbll=-23.5213614,-46.7008818", "O_QUE_FAZER": "CARTEIRA", "ER_REGIAO_CIDADE_min": "Capital Oeste_Lapa" }, "geometry": { "type": "Point", "coordinates": [ -46.7008818, -23.5213614 ] } },
{ "type": "Feature", "properties": { "fid": 191206, "CNPJ": "36720483000146", "IDCIDADE": "SAO_PAULO", "NOMEFANTASIA": "MIX_MATCH_CASA", "RAZAOSOCIAL": "MIX_&_MATCH_CASA_FLOR_COMERCIO_VAREJISTA_DE_ARTIGOS_PARA_DECORACAO_LTDA", "ENDEE": "RUA_TITO971__VILA_ROMANA_05051-000", "LMAPS": "https://www.google.com/maps?q=&layer=c&cbll=-23.5289532,-46.6999661", "O_QUE_FAZER": "APLICAR T2", "ER_REGIAO_CIDADE_min": "Capital Oeste_Lapa" }, "geometry": { "type": "Point", "coordinates": [ -46.6999661, -23.5289532 ] } },
{ "type": "Feature", "properties": { "fid": 192399, "CNPJ": "37127168000172", "IDCIDADE": "SAO PAULO", "NOMEFANTASIA": "TECK_PRINTS_DISTRIBUIDORA", "RAZAOSOCIAL": "TECK_PRINTS_SERVICOS_E_DISTRIBUICAO_LTDA", "ENDEE": "RUA DOMINGOS RODRIGUES, 242, LAPA, 05075-000, SÃO PAULO, SP, BRASIL", "LMAPS": "https://www.google.com/maps?q=&layer=c&cbll=-23.5204336,-46.7078366", "O_QUE_FAZER": "CARTEIRA - FAMPE", "ER_REGIAO_CIDADE_min": "Capital Oeste_Lapa" }, "geometry": { "type": "Point", "coordinates": [ -46.7078366, -23.5204336 ] } },
{ "type": "Feature", "properties": { "fid": 192480, "CNPJ": "37143557000191", "IDCIDADE": "SAO PAULO", "NOMEFANTASIA": null, "RAZAOSOCIAL": "VITRINE_DO_QUEIJO_PROMOCAO_DE_VENDAS_LTDA", "ENDEE": "RUA CAMBURIU, 256, VILA IPOJUCA, 05058-020, SÃO PAULO, SP, BRASIL", "LMAPS": "https://www.google.com/maps?q=&layer=c&cbll=-23.5337,-46.7084533", "O_QUE_FAZER": "CARTEIRA - FAMPE", "ER_REGIAO_CIDADE_min": "Capital Oeste_Lapa" }, "geometry": { "type": "Point", "coordinates": [ -46.7084533, -23.5337 ] } },
{ "type": "Feature", "properties": { "fid": 192843, "CNPJ": "37241672000107", "IDCIDADE": "SAO_PAULO", "NOMEFANTASIA": "NICOLY_CRISTINA_DE_MORAIS_SILVA", "RAZAOSOCIAL": "BEM_ME_QUERO_ACESSORIOS", "ENDEE": "RUA_ROMA680__LAPA_05050-090", "LMAPS": "https://www.google.com/maps?q=&layer=c&cbll=-23.5225608,-46.7032166", "O_QUE_FAZER": "FINALIZADO", "ER_REGIAO_CIDADE_min": "Capital Oeste_Lapa" }, "geometry": { "type": "Point", "coordinates": [ -46.7032166, -23.5225608 ] } },
{ "type": "Feature", "properties": { "fid": 193244, "CNPJ": "37326747000144", "IDCIDADE": "SAO_PAULO", "NOMEFANTASIA": "TERRO_SOLO_VIVO_COMERCIO_VAREJISTA_DE_TERRAS_SUBSTRATOS_E_PLANTAS_ORNAMENTAIS_LTDA", "RAZAOSOCIAL": "TERRO_SOLO_VIVO_COMERCIO_VAREJISTA_DE_TERRAS_SUBSTRATOS_E_PLANTAS_ORNAMENTAIS_LTDA", "ENDEE": "RUA_MOTA_PAIS271__VILA_IPOJUCA_05054-000", "LMAPS": "https://www.google.com/maps?q=&layer=c&cbll=-23.5374351,-46.7040426", "O_QUE_FAZER": "FINALIZADO", "ER_REGIAO_CIDADE_min": "Capital Oeste_Lapa" }, "geometry": { "type": "Point", "coordinates": [ -46.7040426, -23.5374351 ] } },
{ "type": "Feature", "properties": { "fid": 193449, "CNPJ": "37369207000148", "IDCIDADE": "SAO_PAULO", "NOMEFANTASIA": "DROGAR8A_POMPONETI", "RAZAOSOCIAL": "DROGARIA_E_PERFUMARIA_POMPONET_LTDA", "ENDEE": "RUA_DOUTOR_CINCINATO_POMPONET186__LAPA_05072-020", "LMAPS": "https://www.google.com/maps?q=&layer=c&cbll=-23.5190639,-46.7026678", "O_QUE_FAZER": "CARTEIRA", "ER_REGIAO_CIDADE_min": "Capital Oeste_Lapa" }, "geometry": { "type": "Point", "coordinates": [ -46.7026678, -23.5190639 ] } },
{ "type": "Feature", "properties": { "fid": 193707, "CNPJ": "37438449000146", "IDCIDADE": "SAO PAULO", "NOMEFANTASIA": "AGENCIA_KINESIS", "RAZAOSOCIAL": "COLETIVO_TECH_CONTEUDO_E_COMUNICACAO_LTDA", "ENDEE": "RUA TONELERO, 840, VILA IPOJUCA, 05056-001, SÃO PAULO, SP, BRASIL", "LMAPS": "https://www.google.com/maps?q=&layer=c&cbll=-23.5355516,-46.7049192", "O_QUE_FAZER": "FINALIZADO", "ER_REGIAO_CIDADE_min": "Capital Oeste_Lapa" }, "geometry": { "type": "Point", "coordinates": [ -46.7049192, -23.5355516 ] } },
{ "type": "Feature", "properties": { "fid": 193734, "CNPJ": "37442744000176", "IDCIDADE": "SAO_PAULO", "NOMEFANTASIA": "STUDIO_PARA_TODOS", "RAZAOSOCIAL": "STUDIO_PARA_TODOS_LTDA", "ENDEE": "RUA_CATAO72__VILA_ROMANA_05049-000", "LMAPS": "https://www.google.com/maps?q=&layer=c&cbll=-23.5210846,-46.7005354", "O_QUE_FAZER": "CARTEIRA", "ER_REGIAO_CIDADE_min": "Capital Oeste_Lapa" }, "geometry": { "type": "Point", "coordinates": [ -46.7005354, -23.5210846 ] } },
{ "type": "Feature", "properties": { "fid": 193955, "CNPJ": "37490171000156", "IDCIDADE": "SAO_PAULO", "NOMEFANTASIA": "NIGHT_CONFORT_COLCHOES", "RAZAOSOCIAL": "PRIME_NIGHT_COLCHOES_LTDA", "ENDEE": "RUA_MONTEIRO_DE_MELO229__LAPA_05050-000", "LMAPS": "https://www.google.com/maps?q=&layer=c&cbll=-23.5234156,-46.7029455", "O_QUE_FAZER": "CARTEIRA", "ER_REGIAO_CIDADE_min": "Capital Oeste_Lapa" }, "geometry": { "type": "Point", "coordinates": [ -46.7029455, -23.5234156 ] } },
{ "type": "Feature", "properties": { "fid": 194372, "CNPJ": "37568455000118", "IDCIDADE": "SÃO PAULO", "NOMEFANTASIA": "RODRIGO RODAS", "RAZAOSOCIAL": "37.568.455 RODRIGO SANTOS DE ANGELO", "ENDEE": "RUA SABAÚNA, 18, ÁGUA BRANCA, 05041-010, SÃO PAULO, SP, BRASIL", "LMAPS": "https://www.google.com/maps?q=&layer=c&cbll=-23.5233667,-46.687102", "O_QUE_FAZER": "APLICAR T2", "ER_REGIAO_CIDADE_min": "Capital Oeste_Lapa" }, "geometry": { "type": "Point", "coordinates": [ -46.687102, -23.5233667 ] } },
{ "type": "Feature", "properties": { "fid": 194511, "CNPJ": "37595120000199", "IDCIDADE": "SAO_PAULO", "NOMEFANTASIA": "MONTE_ALEGRE_COLCHOES", "RAZAOSOCIAL": "MONTE_ALEGRE_COLCHOES_E_ESTOFADOS_LTDA", "ENDEE": "RUA_MONTEIRO_DE_MELO101__LAPA_05050-000", "LMAPS": "https://www.google.com/maps?q=&layer=c&cbll=-23.5223283,-46.7029301", "O_QUE_FAZER": "CARTEIRA", "ER_REGIAO_CIDADE_min": "Capital Oeste_Lapa" }, "geometry": { "type": "Point", "coordinates": [ -46.7029301, -23.5223283 ] } },
{ "type": "Feature", "properties": { "fid": 195150, "CNPJ": "37716676000196", "IDCIDADE": "SAO_PAULO", "NOMEFANTASIA": "FA_PIZZA_LTDA", "RAZAOSOCIAL": "FA_PIZZA", "ENDEE": "RUA_ROMA340__LAPA_05050-090", "LMAPS": "https://www.google.com/maps?q=&layer=c&cbll=-23.5226391,-46.6999104", "O_QUE_FAZER": "FINALIZADO", "ER_REGIAO_CIDADE_min": "Capital Oeste_Lapa" }, "geometry": { "type": "Point", "coordinates": [ -46.6999104, -23.5226391 ] } },
{ "type": "Feature", "properties": { "fid": 195156, "CNPJ": "37716970000106", "IDCIDADE": "SAO_PAULO", "NOMEFANTASIA": "GARAGE_FRATELLI", "RAZAOSOCIAL": "FRATELLI_GARAGE_SERVICOS_AUTOMOTIVOS_MULTIMARCAS_LTDA", "ENDEE": "RUA_TITO1525__VILA_ROMANA_05051-001", "LMAPS": "https://www.google.com/maps?q=&layer=c&cbll=-23.5277089,-46.7065842", "O_QUE_FAZER": "CARTEIRA", "ER_REGIAO_CIDADE_min": "Capital Oeste_Lapa" }, "geometry": { "type": "Point", "coordinates": [ -46.7065842, -23.5277089 ] } },
{ "type": "Feature", "properties": { "fid": 195743, "CNPJ": "37821977000180", "IDCIDADE": "SÃO PAULO", "NOMEFANTASIA": "TB EMPLACAMENTO MERCOSUL", "RAZAOSOCIAL": "TB EMPLACAMENTO MERCOSUL LTDA", "ENDEE": "AVENIDA DIÓGENES RIBEIRO DE LIMA, 3062, ALTO DA LAPA, 05083-010, SÃO PAULO, SP, BRASIL", "LMAPS": "https://www.google.com/maps?q=&layer=c&cbll=-23.5337136,-46.718488", "O_QUE_FAZER": "APLICAR T2", "ER_REGIAO_CIDADE_min": "Capital Oeste_Lapa" }, "geometry": { "type": "Point", "coordinates": [ -46.718488, -23.5337136 ] } },
{ "type": "Feature", "properties": { "fid": 195913, "CNPJ": "37849188000157", "IDCIDADE": "SAO_PAULO", "NOMEFANTASIA": "FLOR_DA_LAPA", "RAZAOSOCIAL": "RESTAURANTE_E_SALGADERIA_FLOR_DA_LAPA_SOCIEDADE_UNIPESSOAL_LTDA", "ENDEE": "RUA_MARTIM_TENORIO67__LAPA_05074-060", "LMAPS": "https://www.google.com/maps?q=&layer=c&cbll=-23.5199355,-46.7029255", "O_QUE_FAZER": "CARTEIRA", "ER_REGIAO_CIDADE_min": "Capital Oeste_Lapa" }, "geometry": { "type": "Point", "coordinates": [ -46.7029255, -23.5199355 ] } },
{ "type": "Feature", "properties": { "fid": 196259, "CNPJ": "37918883000123", "IDCIDADE": "SAO_PAULO", "NOMEFANTASIA": "WS_PLACAS", "RAZAOSOCIAL": "WS_PLACAS_MERCOSUL_LTDA", "ENDEE": "RUA_CAIO_GRACO110__VILA_ROMANA_05044-000", "LMAPS": "https://www.google.com/maps?q=&layer=c&cbll=-23.5235416,-46.6940876", "O_QUE_FAZER": "FINALIZADO", "ER_REGIAO_CIDADE_min": "Capital Oeste_Lapa" }, "geometry": { "type": "Point", "coordinates": [ -46.6940876, -23.5235416 ] } },
{ "type": "Feature", "properties": { "fid": 196669, "CNPJ": "37986613000150", "IDCIDADE": "SAO_PAULO", "NOMEFANTASIA": "E3_SERVICOS_AUTOMOTIVOS", "RAZAOSOCIAL": "E3_SERVICOS_AUTOMOTIVOS_LTDA", "ENDEE": "RUA_CAIO_GRACO166__VILA_ROMANA_05044-000", "LMAPS": "https://www.google.com/maps?q=&layer=c&cbll=-23.5238967,-46.6868833", "O_QUE_FAZER": "CARTEIRA", "ER_REGIAO_CIDADE_min": "Capital Oeste_Lapa" }, "geometry": { "type": "Point", "coordinates": [ -46.6868833, -23.5238967 ] } },
{ "type": "Feature", "properties": { "fid": 196709, "CNPJ": "37995927000119", "IDCIDADE": "SAO_PAULO", "NOMEFANTASIA": "VISOLENTES_OTICA", "RAZAOSOCIAL": "VISOLENTES_OTICA_LTDA", "ENDEE": "RUA_DOZE_DE_OUTUBRO228__LAPA_08071-072", "LMAPS": "https://www.google.com/maps?q=&layer=c&cbll=-23.5200963,-46.7041799", "O_QUE_FAZER": "CARTEIRA", "ER_REGIAO_CIDADE_min": "Capital Oeste_Lapa" }, "geometry": { "type": "Point", "coordinates": [ -46.7041799, -23.5200963 ] } },
{ "type": "Feature", "properties": { "fid": 196880, "CNPJ": "38027453000184", "IDCIDADE": "SAO_PAULO", "NOMEFANTASIA": "MARCOS_JUNIOR_DA_SILVA_RODRIGUES", "RAZAOSOCIAL": "CENTER_CELL", "ENDEE": "RUA_DOZE_DE_OUTUBRO158__LAPA_04814-195", "LMAPS": "https://www.google.com/maps?q=&layer=c&cbll=-23.5194676,-46.7040616", "O_QUE_FAZER": "FINALIZADO", "ER_REGIAO_CIDADE_min": "Capital Oeste_Lapa" }, "geometry": { "type": "Point", "coordinates": [ -46.7040616, -23.5194676 ] } },
{ "type": "Feature", "properties": { "fid": 197002, "CNPJ": "38050946000135", "IDCIDADE": "SAO PAULO", "NOMEFANTASIA": "LAPA_CELULAR", "RAZAOSOCIAL": "JOAO_PAULO_ALVES_MORAIS", "ENDEE": "ALBION, 96, LAPA, SÃO PAULO_05077-130", "LMAPS": "https://www.google.com/maps?q=&layer=c&cbll=-23.5233581,-46.7055293", "O_QUE_FAZER": "APLICAR T4", "ER_REGIAO_CIDADE_min": "Capital Oeste_Lapa" }, "geometry": { "type": "Point", "coordinates": [ -46.7055293, -23.5233581 ] } },
{ "type": "Feature", "properties": { "fid": 197522, "CNPJ": "38149086000191", "IDCIDADE": "SAO_PAULO", "NOMEFANTASIA": "GREEN_PROTECT", "RAZAOSOCIAL": "GREEN_PROTECT_LAVAGEM_E_HIGIENIZACAO_A_SECO_LTDA", "ENDEE": "RUA_ROMA166__LAPA_05050-090", "LMAPS": "https://www.google.com/maps?q=&layer=c&cbll=-23.522875,-46.698275", "O_QUE_FAZER": "CARTEIRA", "ER_REGIAO_CIDADE_min": "Capital Oeste_Lapa" }, "geometry": { "type": "Point", "coordinates": [ -46.698275, -23.522875 ] } },
{ "type": "Feature", "properties": { "fid": 197654, "CNPJ": "38170829000105", "IDCIDADE": "SAO_PAULO", "NOMEFANTASIA": "ROMANA_HAIR_STUDIO", "RAZAOSOCIAL": "ROMANA_STUDIO_ESTETICA_E_BELEZA_LTDA", "ENDEE": "RUA_ROMA236__LAPA_05050-090", "LMAPS": "https://www.google.com/maps?q=&layer=c&cbll=-23.52277,-46.6988817", "O_QUE_FAZER": "CARTEIRA", "ER_REGIAO_CIDADE_min": "Capital Oeste_Lapa" }, "geometry": { "type": "Point", "coordinates": [ -46.6988817, -23.52277 ] } },
{ "type": "Feature", "properties": { "fid": 197855, "CNPJ": "38213084000114", "IDCIDADE": "SAO_PAULO", "NOMEFANTASIA": "JOAO_COM_FOME", "RAZAOSOCIAL": "BAR_E_RESTAURANTE_A_&_J_LTDA.", "ENDEE": "RUA_CATAO320__VILA_ROMANA_05049-000", "LMAPS": "https://www.google.com/maps?q=&layer=c&cbll=-23.5236762,-46.7004906", "O_QUE_FAZER": "APLICAR T2", "ER_REGIAO_CIDADE_min": "Capital Oeste_Lapa" }, "geometry": { "type": "Point", "coordinates": [ -46.7004906, -23.5236762 ] } },
{ "type": "Feature", "properties": { "fid": 197991, "CNPJ": "38240088000191", "IDCIDADE": "SAO_PAULO", "NOMEFANTASIA": "COMERCIAL_E_PRESENTES_TENENTE_LTDA", "RAZAOSOCIAL": "COMERCIAL_E_PRESENTES_TENENTE", "ENDEE": "RUA_CRASSO195__AGUA_BRANCA_05043-010", "LMAPS": "https://www.google.com/maps?q=&layer=c&cbll=-23.524554,-46.6896558", "O_QUE_FAZER": "FINALIZADO", "ER_REGIAO_CIDADE_min": "Capital Oeste_Lapa" }, "geometry": { "type": "Point", "coordinates": [ -46.6896558, -23.524554 ] } },
{ "type": "Feature", "properties": { "fid": 198629, "CNPJ": "38356247000118", "IDCIDADE": "SAO PAULO", "NOMEFANTASIA": "GOLDEN_CIRCLE_BUSINESS", "RAZAOSOCIAL": "GOLDEN_CIRCLE_NETWORK_E_BUSINESS_LTDA", "ENDEE": "RUA DOM JOAO V, 408, APT 113, LAPA, 05075-060, SÃO PAULO, SP, BRASIL", "LMAPS": "https://www.google.com/maps?q=&layer=c&cbll=-23.5229711,-46.7097251", "O_QUE_FAZER": "CARTEIRA - FAMPE", "ER_REGIAO_CIDADE_min": "Capital Oeste_Lapa" }, "geometry": { "type": "Point", "coordinates": [ -46.7097251, -23.5229711 ] } },
{ "type": "Feature", "properties": { "fid": 198845, "CNPJ": "38403912000187", "IDCIDADE": "SAO PAULO", "NOMEFANTASIA": "BAR_DO_ALEMÃO_ALTO_DA_LAP", "RAZAOSOCIAL": "BAR_DO_ALEMÃO_ALTO_DA_LAP", "ENDEE": "PIO XI_1221_ALTO DA LAPA_SÃO PAULO_05060-001", "LMAPS": "https://www.google.com/maps?q=&layer=c&cbll=-23.534146,-46.7136397", "O_QUE_FAZER": "APLICAR T4", "ER_REGIAO_CIDADE_min": "Capital Oeste_Lapa" }, "geometry": { "type": "Point", "coordinates": [ -46.7136397, -23.534146 ] } },
{ "type": "Feature", "properties": { "fid": 198953, "CNPJ": "38426705000148", "IDCIDADE": "SAO PAULO", "NOMEFANTASIA": "CNG_EMPREITEIRA", "RAZAOSOCIAL": "C.N.G._EMPREITEIRA_LTDA", "ENDEE": "RUA BARTOLOMEU BUENO, 194, VILA ANASTACIO, 05093-020, SÃO PAULO, SP, BRASIL", "LMAPS": "https://www.google.com/maps?q=&layer=c&cbll=-23.516768,-46.7213068", "O_QUE_FAZER": "CARTEIRA - FAMPE", "ER_REGIAO_CIDADE_min": "Capital Oeste_Lapa" }, "geometry": { "type": "Point", "coordinates": [ -46.7213068, -23.516768 ] } },
{ "type": "Feature", "properties": { "fid": 199317, "CNPJ": "38538380000195", "IDCIDADE": "SAO_PAULO", "NOMEFANTASIA": "RANCHO_DO_MORANGO", "RAZAOSOCIAL": "RANCHO_DO_MORANGO_LTDA", "ENDEE": "RUA_TITO1117__VILA_ROMANA_05051-000", "LMAPS": "https://www.google.com/maps?q=&layer=c&cbll=-23.5283044,-46.7028156", "O_QUE_FAZER": "CARTEIRA", "ER_REGIAO_CIDADE_min": "Capital Oeste_Lapa" }, "geometry": { "type": "Point", "coordinates": [ -46.7028156, -23.5283044 ] } },
{ "type": "Feature", "properties": { "fid": 199944, "CNPJ": "38949646000192", "IDCIDADE": "SAO_PAULO", "NOMEFANTASIA": "MEGA_LOJAO", "RAZAOSOCIAL": "ROBERIO_DO_N._SANTANA_UTILIDADES_DOMESTICA", "ENDEE": "RUA_AFONSO_SARDINHA162__LAPA_05076-000", "LMAPS": "https://www.google.com/maps?q=&layer=c&cbll=-23.5222097,-46.7054753", "O_QUE_FAZER": "CARTEIRA", "ER_REGIAO_CIDADE_min": "Capital Oeste_Lapa" }, "geometry": { "type": "Point", "coordinates": [ -46.7054753, -23.5222097 ] } },
{ "type": "Feature", "properties": { "fid": 200076, "CNPJ": "39047170000167", "IDCIDADE": "SAO_PAULO", "NOMEFANTASIA": "VAREJAO_DE_FERRAGENS_FLORDA_LAPA", "RAZAOSOCIAL": "VAREJAO_DE_FERRAGENS_FLOR_DA_LAPA_LTDA", "ENDEE": "RUA_DOUTOR_CINCINATO_POMPONET104__LAPA_05072-020", "LMAPS": "https://www.google.com/maps?q=&layer=c&cbll=-23.5196369,-46.7022527", "O_QUE_FAZER": "CARTEIRA", "ER_REGIAO_CIDADE_min": "Capital Oeste_Lapa" }, "geometry": { "type": "Point", "coordinates": [ -46.7022527, -23.5196369 ] } },
{ "type": "Feature", "properties": { "fid": 200414, "CNPJ": "39269984000146", "IDCIDADE": "SAO_PAULO", "NOMEFANTASIA": "F_ALVES", "RAZAOSOCIAL": "SILVA_EXPRESS_DISTRIBUIDORA_DE_ALIMENTOS_LTDA", "ENDEE": "RUA_GUAICURUS1623__AGUA_BRANCA_05033-000", "LMAPS": "https://www.google.com/maps?q=&layer=c&cbll=-23.5207026,-46.701278", "O_QUE_FAZER": "CARTEIRA", "ER_REGIAO_CIDADE_min": "Capital Oeste_Lapa" }, "geometry": { "type": "Point", "coordinates": [ -46.701278, -23.5207026 ] } },
{ "type": "Feature", "properties": { "fid": 200512, "CNPJ": "39288837000113", "IDCIDADE": "SAO_PAULO", "NOMEFANTASIA": "OAKBERRY_LAPA", "RAZAOSOCIAL": "OAKBERRY_LAPA_COMERCIO_DE_PRODUTOS_ALIMENTICIOS_LTDA", "ENDEE": "PRACA_CIVICA70__LAPA_05050-060", "LMAPS": "https://www.google.com/maps?q=&layer=c&cbll=-23.5276734,-46.7036136", "O_QUE_FAZER": "FINALIZADO", "ER_REGIAO_CIDADE_min": "Capital Oeste_Lapa" }, "geometry": { "type": "Point", "coordinates": [ -46.7036136, -23.5276734 ] } },
{ "type": "Feature", "properties": { "fid": 200924, "CNPJ": "39367350000126", "IDCIDADE": "SAO_PAULO", "NOMEFANTASIA": "FACE_OTICA", "RAZAOSOCIAL": "FACE_OTICA_COMERCIO_E_SERVICOS_LTDA", "ENDEE": "RUA_GUAICURUS1423__AGUA_BRANCA_05033-002", "LMAPS": "https://www.google.com/maps?q=&layer=c&cbll=-23.5211663,-46.6994991", "O_QUE_FAZER": "CARTEIRA", "ER_REGIAO_CIDADE_min": "Capital Oeste_Lapa" }, "geometry": { "type": "Point", "coordinates": [ -46.6994991, -23.5211663 ] } },
{ "type": "Feature", "properties": { "fid": 201096, "CNPJ": "39399920000160", "IDCIDADE": "SAO PAULO", "NOMEFANTASIA": null, "RAZAOSOCIAL": "ESCOLA_ESPACO_MAIS_EDUCAR_LTDA", "ENDEE": "RUA VESPASIANO, 332, VILA ROMANA, 05044-050, SÃO PAULO, SP, BRASIL", "LMAPS": "https://www.google.com/maps?q=&layer=c&cbll=-23.5254807,-46.6956601", "O_QUE_FAZER": "CARTEIRA - FAMPE", "ER_REGIAO_CIDADE_min": "Capital Oeste_Lapa" }, "geometry": { "type": "Point", "coordinates": [ -46.6956601, -23.5254807 ] } },
{ "type": "Feature", "properties": { "fid": 201185, "CNPJ": "39416316000102", "IDCIDADE": "SAO_PAULO", "NOMEFANTASIA": "DRUFIT", "RAZAOSOCIAL": "DRUCILLA_KELLY_FERREIRA_DONATTO", "ENDEE": "RUA_CERRO_CORA580__VILA_ROMANA_05061-000", "LMAPS": "https://www.google.com/maps?q=&layer=c&cbll=-23.5403878,-46.7027071", "O_QUE_FAZER": "CARTEIRA", "ER_REGIAO_CIDADE_min": "Capital Oeste_Lapa" }, "geometry": { "type": "Point", "coordinates": [ -46.7027071, -23.5403878 ] } },
{ "type": "Feature", "properties": { "fid": 201308, "CNPJ": "39438853000145", "IDCIDADE": "SAO_PAULO", "NOMEFANTASIA": "ESQUINA_DA_FAMILIA_RESTAURANTE", "RAZAOSOCIAL": "FAMILIA_SCHUTZE_RESTAURANTE_LTDA", "ENDEE": "RUA_TITO1180__VILA_ROMANA_05051-000", "LMAPS": "https://www.google.com/maps?q=&layer=c&cbll=-23.5282281,-46.7031783", "O_QUE_FAZER": "CARTEIRA", "ER_REGIAO_CIDADE_min": "Capital Oeste_Lapa" }, "geometry": { "type": "Point", "coordinates": [ -46.7031783, -23.5282281 ] } },
{ "type": "Feature", "properties": { "fid": 201749, "CNPJ": "39533925000133", "IDCIDADE": "SAO_PAULO", "NOMEFANTASIA": "39.533.925_JOAQUIM_PEREIRA_DE_CARVALHO", "RAZAOSOCIAL": "39.533.925_JOAQUIM_PEREIRA_DE_CARVALHO", "ENDEE": "RUA_DUARTE_DA_COSTA631__ALTO_DA_LAPA_05080-000", "LMAPS": "https://www.google.com/maps?q=&layer=c&cbll=-23.5283585,-46.7141998", "O_QUE_FAZER": "FINALIZADO", "ER_REGIAO_CIDADE_min": "Capital Oeste_Lapa" }, "geometry": { "type": "Point", "coordinates": [ -46.7141998, -23.5283585 ] } },
{ "type": "Feature", "properties": { "fid": 202439, "CNPJ": "39686160000171", "IDCIDADE": "SAO_PAULO", "NOMEFANTASIA": "TINA_CALCA", "RAZAOSOCIAL": "NICE_COMERCIO_DE_CALCADOS_LTDA", "ENDEE": "RUA_CATAO72__VILA_ROMANA_05049-000", "LMAPS": "https://www.google.com/maps?q=&layer=c&cbll=-23.5213055,-46.7005685", "O_QUE_FAZER": "CARTEIRA", "ER_REGIAO_CIDADE_min": "Capital Oeste_Lapa" }, "geometry": { "type": "Point", "coordinates": [ -46.7005685, -23.5213055 ] } },
{ "type": "Feature", "properties": { "fid": 202606, "CNPJ": "39717795000199", "IDCIDADE": "SAO PAULO", "NOMEFANTASIA": null, "RAZAOSOCIAL": "MARIA_PAULA_GALVAO_PRIMAVERA_05441493860", "ENDEE": "RUA TEMPO REVERSO, 154, PARQUE RESIDENCIAL DA LAPA, 05065-040, SÃO PAULO, SP, BRASIL", "LMAPS": "https://www.google.com/maps?q=&layer=c&cbll=-23.5183798,-46.6981551", "O_QUE_FAZER": "CARTEIRA - FAMPE", "ER_REGIAO_CIDADE_min": "Capital Oeste_Lapa" }, "geometry": { "type": "Point", "coordinates": [ -46.6981551, -23.5183798 ] } },
{ "type": "Feature", "properties": { "fid": 202708, "CNPJ": "39738197000104", "IDCIDADE": "SAO_PAULO", "NOMEFANTASIA": "ESPACO_MULTIPLO_RECREACAO_E_REFORCO_ESCOLAR_LTDA", "RAZAOSOCIAL": "MULTIPLO_RECREACAO", "ENDEE": "RUA_ROMA172__LAPA_05050-090", "LMAPS": "https://www.google.com/maps?q=&layer=c&cbll=-23.522713,-46.6982676", "O_QUE_FAZER": "FINALIZADO", "ER_REGIAO_CIDADE_min": "Capital Oeste_Lapa" }, "geometry": { "type": "Point", "coordinates": [ -46.6982676, -23.522713 ] } },
{ "type": "Feature", "properties": { "fid": 202711, "CNPJ": "39738495000196", "IDCIDADE": "SAO PAULO", "NOMEFANTASIA": "PIETOGO_CAFETERIA", "RAZAOSOCIAL": "PIETOGO_CAFETERIA_LTDA", "ENDEE": "RUA CAIO GRACO, 396, VILA ROMANA, 05044-000, SÃO PAULO, SP, BRASIL", "LMAPS": "https://www.google.com/maps?q=&layer=c&cbll=-23.5262931,-46.6944249", "O_QUE_FAZER": "FINALIZADO", "ER_REGIAO_CIDADE_min": "Capital Oeste_Lapa" }, "geometry": { "type": "Point", "coordinates": [ -46.6944249, -23.5262931 ] } },
{ "type": "Feature", "properties": { "fid": 202882, "CNPJ": "39773372000196", "IDCIDADE": "SAO_PAULO", "NOMEFANTASIA": "NABUKA_DISTRIBUIDORA_DE_BEBIDAS", "RAZAOSOCIAL": "NABUKA_DISTRIBUIDORA_DE_BEBIDAS_E_TABACARIA_LTDA", "ENDEE": "RUA_MONTEIRO_DE_MELO381__LAPA_05050-000", "LMAPS": "https://www.google.com/maps?q=&layer=c&cbll=-23.5246267,-46.703095", "O_QUE_FAZER": "APLICAR T2", "ER_REGIAO_CIDADE_min": "Capital Oeste_Lapa" }, "geometry": { "type": "Point", "coordinates": [ -46.703095, -23.5246267 ] } },
{ "type": "Feature", "properties": { "fid": 203187, "CNPJ": "39830486000120", "IDCIDADE": "SAO PAULO", "NOMEFANTASIA": "AVATIM", "RAZAOSOCIAL": "AVATIM", "ENDEE": "TITO_1053_VILA ROMANA_SÃO PAULO_05051-001", "LMAPS": "https://www.google.com/maps?q=&layer=c&cbll=-23.5286118,-46.7023949", "O_QUE_FAZER": "APLICAR T4", "ER_REGIAO_CIDADE_min": "Capital Oeste_Lapa" }, "geometry": { "type": "Point", "coordinates": [ -46.7023949, -23.5286118 ] } },
{ "type": "Feature", "properties": { "fid": 203256, "CNPJ": "39844649000124", "IDCIDADE": "SAO_PAULO", "NOMEFANTASIA": "RCM_PADARIA_LTDA", "RAZAOSOCIAL": "BEN_DITO_PAO", "ENDEE": "RUA_CLAUDIO391__VILA_ROMANA_04956-050", "LMAPS": "https://www.google.com/maps?q=&layer=c&cbll=-23.5263009,-46.6907682", "O_QUE_FAZER": "FINALIZADO", "ER_REGIAO_CIDADE_min": "Capital Oeste_Lapa" }, "geometry": { "type": "Point", "coordinates": [ -46.6907682, -23.5263009 ] } },
{ "type": "Feature", "properties": { "fid": 203444, "CNPJ": "39894137000172", "IDCIDADE": "SAO_PAULO", "NOMEFANTASIA": "UTILIDADES_MANIA", "RAZAOSOCIAL": "UTILIDADES_MANIA_ATACADO_E_VAREJO_LTDA", "ENDEE": "RUA_DOZE_DE_OUTUBRO710__LAPA_05073-001", "LMAPS": "https://www.google.com/maps?q=&layer=c&cbll=-23.5242247,-46.7062403", "O_QUE_FAZER": "APLICAR T4", "ER_REGIAO_CIDADE_min": "Capital Oeste_Lapa" }, "geometry": { "type": "Point", "coordinates": [ -46.7062403, -23.5242247 ] } },
{ "type": "Feature", "properties": { "fid": 203749, "CNPJ": "39958554000131", "IDCIDADE": "SAO_PAULO", "NOMEFANTASIA": "RED_MOTO_PARTS", "RAZAOSOCIAL": "RED_MOTO_PARTS_COMERCIO_DE_PECAS_E_ACESSORIOS_PARA_MOTO_LTDA", "ENDEE": "RUA_GUAICURUS520__AGUA_BRANCA_05033-000", "LMAPS": "https://www.google.com/maps?q=&layer=c&cbll=-23.5226674,-46.6907132", "O_QUE_FAZER": "APLICAR T3", "ER_REGIAO_CIDADE_min": "Capital Oeste_Lapa" }, "geometry": { "type": "Point", "coordinates": [ -46.6907132, -23.5226674 ] } },
{ "type": "Feature", "properties": { "fid": 203899, "CNPJ": "39993069000107", "IDCIDADE": "SAO_PAULO", "NOMEFANTASIA": "THECMAXY_ASSISTENCIA_TECNICA", "RAZAOSOCIAL": "THECMAXY_COMERCIO_DE_PRODUTOS_ELETRICOS_LTDA", "ENDEE": "RUA_TITO1481__VILA_ROMANA_05051-000", "LMAPS": "https://www.google.com/maps?q=&layer=c&cbll=-23.5277762,-46.7062157", "O_QUE_FAZER": "APLICAR T2", "ER_REGIAO_CIDADE_min": "Capital Oeste_Lapa" }, "geometry": { "type": "Point", "coordinates": [ -46.7062157, -23.5277762 ] } },
{ "type": "Feature", "properties": { "fid": 203928, "CNPJ": "40000157000131", "IDCIDADE": "SAO_PAULO", "NOMEFANTASIA": "CIRURGICA_LAPA", "RAZAOSOCIAL": "CIRURGICA_LAPA_LTDA", "ENDEE": "RUA_MONTEIRO_DE_MELO84__LAPA_05050-000", "LMAPS": "https://www.google.com/maps?q=&layer=c&cbll=-23.5222659,-46.7029471", "O_QUE_FAZER": "CARTEIRA", "ER_REGIAO_CIDADE_min": "Capital Oeste_Lapa" }, "geometry": { "type": "Point", "coordinates": [ -46.7029471, -23.5222659 ] } },
{ "type": "Feature", "properties": { "fid": 204117, "CNPJ": "40038876000141", "IDCIDADE": "SAO_PAULO", "NOMEFANTASIA": "FARMENOS", "RAZAOSOCIAL": "DROGARIA_LUNA_LAPA_LTDA", "ENDEE": "RUA_CATAO72__VILA_ROMANA_05049-000", "LMAPS": "https://www.google.com/maps?q=&layer=c&cbll=-23.5208325,-46.7006373", "O_QUE_FAZER": "CARTEIRA", "ER_REGIAO_CIDADE_min": "Capital Oeste_Lapa" }, "geometry": { "type": "Point", "coordinates": [ -46.7006373, -23.5208325 ] } },
{ "type": "Feature", "properties": { "fid": 204168, "CNPJ": "40051381000152", "IDCIDADE": "SAO_PAULO", "NOMEFANTASIA": "CIRURGICA_BARAO", "RAZAOSOCIAL": "CIRURGICA_BARAO_COMERCIO_DE_MATERIAIS_MEDICOS_E_HOSPITALARES_LTDA.", "ENDEE": "RUA_BARAO_DE_JUNDIAI336__LAPA_05073-010", "LMAPS": "https://www.google.com/maps?q=&layer=c&cbll=-23.5245833,-46.708052", "O_QUE_FAZER": "APLICAR T3", "ER_REGIAO_CIDADE_min": "Capital Oeste_Lapa" }, "geometry": { "type": "Point", "coordinates": [ -46.708052, -23.5245833 ] } },
{ "type": "Feature", "properties": { "fid": 204915, "CNPJ": "40221119000109", "IDCIDADE": "SAO_PAULO", "NOMEFANTASIA": "HV_COMERCIO_DE_COMPONENTES_ELETRONICOS_LTDA", "RAZAOSOCIAL": "HV_COMERCIO_DE_COMPONENTES_ELETRONICOS_LTDA", "ENDEE": "RUA_ALVARENGA_PEIXOTO140__VILA_ANASTACIO_05095-010", "LMAPS": "https://www.google.com/maps?q=&layer=c&cbll=-23.5136287,-46.7174932", "O_QUE_FAZER": "FINALIZADO", "ER_REGIAO_CIDADE_min": "Capital Oeste_Lapa" }, "geometry": { "type": "Point", "coordinates": [ -46.7174932, -23.5136287 ] } },
{ "type": "Feature", "properties": { "fid": 205238, "CNPJ": "40334313000109", "IDCIDADE": "SAO_PAULO", "NOMEFANTASIA": "RENOVA_AR_ESTETICA_AUTOMOTIVA", "RAZAOSOCIAL": "RENOVA_AR_ESTETICA_AUTOMOTIVA_LTDA", "ENDEE": "RUA_FAUSTOLO1926__LAPA_05041-000", "LMAPS": "https://www.google.com/maps?q=&layer=c&cbll=-23.523655,-46.7041982", "O_QUE_FAZER": "CARTEIRA", "ER_REGIAO_CIDADE_min": "Capital Oeste_Lapa" }, "geometry": { "type": "Point", "coordinates": [ -46.7041982, -23.523655 ] } },
{ "type": "Feature", "properties": { "fid": 205280, "CNPJ": "40346767000191", "IDCIDADE": "SAO_PAULO", "NOMEFANTASIA": "BAR_E_LANCHES_IPANEMA", "RAZAOSOCIAL": "BAR_E_LANCHES_IPANEMA_LTDA", "ENDEE": "RUA_AFONSO_SARDINHA176__LAPA_05076-000", "LMAPS": "https://www.google.com/maps?q=&layer=c&cbll=-23.5222098,-46.7056142", "O_QUE_FAZER": "APLICAR T4", "ER_REGIAO_CIDADE_min": "Capital Oeste_Lapa" }, "geometry": { "type": "Point", "coordinates": [ -46.7056142, -23.5222098 ] } },
{ "type": "Feature", "properties": { "fid": 205562, "CNPJ": "40417901000106", "IDCIDADE": "SAO_PAULO", "NOMEFANTASIA": "LANCHONETE_ESTRELA_DA_LAPA", "RAZAOSOCIAL": "BAR_E_LANCHES_ESTRELA_DA_TRAJANO_LTDA", "ENDEE": "RUA_TRAJANO41__LAPA_05050-110", "LMAPS": "https://www.google.com/maps?q=&layer=c&cbll=-23.52072,-46.7015833", "O_QUE_FAZER": "CARTEIRA", "ER_REGIAO_CIDADE_min": "Capital Oeste_Lapa" }, "geometry": { "type": "Point", "coordinates": [ -46.7015833, -23.52072 ] } },
{ "type": "Feature", "properties": { "fid": 206046, "CNPJ": "40564256000146", "IDCIDADE": "SAO_PAULO", "NOMEFANTASIA": "UNIK_CAR", "RAZAOSOCIAL": "UNIK_CAR_SERVICE_LTDA", "ENDEE": "RUA_CLELIA1660__AGUA_BRANCA_05042-000", "LMAPS": "https://www.google.com/maps?q=&layer=c&cbll=-23.524849,-46.6986417", "O_QUE_FAZER": "FINALIZADO", "ER_REGIAO_CIDADE_min": "Capital Oeste_Lapa" }, "geometry": { "type": "Point", "coordinates": [ -46.6986417, -23.524849 ] } },
{ "type": "Feature", "properties": { "fid": 206098, "CNPJ": "40577954000186", "IDCIDADE": "SAO_PAULO", "NOMEFANTASIA": "WE_IMPORTS", "RAZAOSOCIAL": "WELLINGTON_A_SABINO_DA_SILVA", "ENDEE": "RUA_CORIOLANO_2011_VILA_ROMANA_05047-002_SAO_PAULO_BRASIL", "LMAPS": "https://www.google.com/maps?q=&layer=c&cbll=-23.5254677,-46.7051067", "O_QUE_FAZER": "APLICAR T2", "ER_REGIAO_CIDADE_min": "Capital Oeste_Lapa" }, "geometry": { "type": "Point", "coordinates": [ -46.7051067, -23.5254677 ] } },
{ "type": "Feature", "properties": { "fid": 206484, "CNPJ": "40680060000117", "IDCIDADE": "SAO_PAULO", "NOMEFANTASIA": "CASA_TRIGO_PADARIA_FAMILIAR_LTDA", "RAZAOSOCIAL": "CASA_TRIGO", "ENDEE": "RUA_FABIA603__VILA_ROMANA_05051-030", "LMAPS": "https://www.google.com/maps?q=&layer=c&cbll=-23.5271808,-46.6970345", "O_QUE_FAZER": "FINALIZADO", "ER_REGIAO_CIDADE_min": "Capital Oeste_Lapa" }, "geometry": { "type": "Point", "coordinates": [ -46.6970345, -23.5271808 ] } },
{ "type": "Feature", "properties": { "fid": 206929, "CNPJ": "40797492000102", "IDCIDADE": "SAO_PAULO", "NOMEFANTASIA": "RSLIFE_DISTRIBUIDORA_E_IMPORTADORA_DE_MEDICAMENTOS_E_PRODUTOS_PARA_A_SAUDE_LTDA", "RAZAOSOCIAL": "RSLIFE_DISTRIBUIDORA", "ENDEE": "RUA_FORTUNATO_FERRAZ1104__VILA_ANASTACIO_05093-000", "LMAPS": "https://www.google.com/maps?q=&layer=c&cbll=-23.5164117,-46.7223719", "O_QUE_FAZER": "FINALIZADO", "ER_REGIAO_CIDADE_min": "Capital Oeste_Lapa" }, "geometry": { "type": "Point", "coordinates": [ -46.7223719, -23.5164117 ] } },
{ "type": "Feature", "properties": { "fid": 207030, "CNPJ": "40819193000121", "IDCIDADE": "SAO_PAULO", "NOMEFANTASIA": "TURQUESA_ESMALTERIA", "RAZAOSOCIAL": "BELLA_PANZICA_COSMETICOS_E_BELEZA_LTDA", "ENDEE": "RUA_CATAO72__VILA_ROMANA_05049-000", "LMAPS": "https://www.google.com/maps?q=&layer=c&cbll=-23.5213354,-46.700572", "O_QUE_FAZER": "CARTEIRA", "ER_REGIAO_CIDADE_min": "Capital Oeste_Lapa" }, "geometry": { "type": "Point", "coordinates": [ -46.700572, -23.5213354 ] } },
{ "type": "Feature", "properties": { "fid": 207258, "CNPJ": "40867779000161", "IDCIDADE": "SAO_PAULO", "NOMEFANTASIA": "AC_LIMA", "RAZAOSOCIAL": "A._C._LIMA_CAFE", "ENDEE": "RUA_CATAO72__VILA_ROMANA_05049-000", "LMAPS": "https://www.google.com/maps?q=&layer=c&cbll=-23.5209693,-46.7008366", "O_QUE_FAZER": "CARTEIRA", "ER_REGIAO_CIDADE_min": "Capital Oeste_Lapa" }, "geometry": { "type": "Point", "coordinates": [ -46.7008366, -23.5209693 ] } },
{ "type": "Feature", "properties": { "fid": 207341, "CNPJ": "40886908000169", "IDCIDADE": "SAO PAULO", "NOMEFANTASIA": "ULTRACELL", "RAZAOSOCIAL": "40.886.908_GUILHERME_CARVALHO_LEMOS", "ENDEE": "MARTIM TENÓRIO, 65, LAPA, SÃO PAULO_05074-060", "LMAPS": "https://www.google.com/maps?q=&layer=c&cbll=-23.5198855,-46.7028683", "O_QUE_FAZER": "APLICAR T4", "ER_REGIAO_CIDADE_min": "Capital Oeste_Lapa" }, "geometry": { "type": "Point", "coordinates": [ -46.7028683, -23.5198855 ] } },
{ "type": "Feature", "properties": { "fid": 207819, "CNPJ": "41006369000199", "IDCIDADE": "SAO_PAULO", "NOMEFANTASIA": "ROMA_MOTOS", "RAZAOSOCIAL": "ROMA_MOTOS_MULTIMARCAS_LTDA", "ENDEE": "RUA_CLELIA1843__AGUA_BRANCA_05042-000", "LMAPS": "https://www.google.com/maps?q=&layer=c&cbll=-23.5248867,-46.700515", "O_QUE_FAZER": "FINALIZADO", "ER_REGIAO_CIDADE_min": "Capital Oeste_Lapa" }, "geometry": { "type": "Point", "coordinates": [ -46.700515, -23.5248867 ] } },
{ "type": "Feature", "properties": { "fid": 208782, "CNPJ": "41269786000124", "IDCIDADE": "SAO_PAULO", "NOMEFANTASIA": "BETA_REFEICOES,EVENTOS_E_SERVICOS_ADMINISTRATIVOS_LTDA", "RAZAOSOCIAL": "TOMANIK_PIZZA", "ENDEE": "RUA_CORIOLANO1278__VILA_ROMANA_05047-000", "LMAPS": "https://www.google.com/maps?q=&layer=c&cbll=-23.5259157,-46.6979375", "O_QUE_FAZER": "FINALIZADO", "ER_REGIAO_CIDADE_min": "Capital Oeste_Lapa" }, "geometry": { "type": "Point", "coordinates": [ -46.6979375, -23.5259157 ] } },
{ "type": "Feature", "properties": { "fid": 208845, "CNPJ": "41282521000166", "IDCIDADE": "SAO PAULO", "NOMEFANTASIA": null, "RAZAOSOCIAL": "HPLUS_GROUP_LTDA", "ENDEE": "AVENIDA DIOGENES RIBEIRO DE LIMA, 3063, ALTO DA LAPA, 05083-010, SÃO PAULO, SP, BRASIL", "LMAPS": "https://www.google.com/maps?q=&layer=c&cbll=-23.5338739,-46.7189011", "O_QUE_FAZER": "CARTEIRA - FAMPE", "ER_REGIAO_CIDADE_min": "Capital Oeste_Lapa" }, "geometry": { "type": "Point", "coordinates": [ -46.7189011, -23.5338739 ] } },
{ "type": "Feature", "properties": { "fid": 209091, "CNPJ": "41348773000140", "IDCIDADE": "SAO PAULO", "NOMEFANTASIA": null, "RAZAOSOCIAL": "GISLENE_APARECIDA_ROSA_12989499806", "ENDEE": "RUA MARTINHO DE CAMPOS, 120, CASA 01, VILA ANASTACIO, 05093-050, SÃO PAULO, SP, BRASIL", "LMAPS": "https://www.google.com/maps?q=&layer=c&cbll=-23.5163701,-46.7192621", "O_QUE_FAZER": "CARTEIRA - FAMPE", "ER_REGIAO_CIDADE_min": "Capital Oeste_Lapa" }, "geometry": { "type": "Point", "coordinates": [ -46.7192621, -23.5163701 ] } },
{ "type": "Feature", "properties": { "fid": 209227, "CNPJ": "41389089000107", "IDCIDADE": "SAO_PAULO", "NOMEFANTASIA": "THOMAZ_SAAVEDRA_COMERCIO_DE_ARTES", "RAZAOSOCIAL": "T._SAAVEDRA_COMERCIO_DE_ARTES_E_SERVICOS_LTDA.", "ENDEE": "RUA_TITO1585__VILA_ROMANA_05051-001", "LMAPS": "https://www.google.com/maps?q=&layer=c&cbll=-23.527476,-46.7076026", "O_QUE_FAZER": "CARTEIRA", "ER_REGIAO_CIDADE_min": "Capital Oeste_Lapa" }, "geometry": { "type": "Point", "coordinates": [ -46.7076026, -23.527476 ] } },
{ "type": "Feature", "properties": { "fid": 209538, "CNPJ": "41484690000189", "IDCIDADE": "SAO_PAULO", "NOMEFANTASIA": "FORNALI_PIZZARIA", "RAZAOSOCIAL": "RESTAURANTE_E_PIZZARIA_MARZOLLA_LTDA", "ENDEE": "RUA_AURELIA1043__VILA_ROMANA_05046-000", "LMAPS": "https://www.google.com/maps?q=&layer=c&cbll=-23.5311568,-46.6979345", "O_QUE_FAZER": "APLICAR T2", "ER_REGIAO_CIDADE_min": "Capital Oeste_Lapa" }, "geometry": { "type": "Point", "coordinates": [ -46.6979345, -23.5311568 ] } },
{ "type": "Feature", "properties": { "fid": 210140, "CNPJ": "41625767000193", "IDCIDADE": "SAO_PAULO", "NOMEFANTASIA": "LANCHONETE_E_RESTAURANTE_NOVA_VITORIA", "RAZAOSOCIAL": "RESTAURANTE_E_LANCHONETE_NOVA_VITORIA_LTDA", "ENDEE": "RUA_JOAQUIM_MACHADO59__LAPA_05050-010", "LMAPS": "https://www.google.com/maps?q=&layer=c&cbll=-23.5217876,-46.700982", "O_QUE_FAZER": "CARTEIRA", "ER_REGIAO_CIDADE_min": "Capital Oeste_Lapa" }, "geometry": { "type": "Point", "coordinates": [ -46.700982, -23.5217876 ] } },
{ "type": "Feature", "properties": { "fid": 210242, "CNPJ": "41647746000179", "IDCIDADE": "SAO_PAULO", "NOMEFANTASIA": "SANTO_RINITE_MADEIRAS", "RAZAOSOCIAL": "SANTORINI_COMERCIO_DE_MADEIRAS_LTDA", "ENDEE": "RUA_CLELIA2236__AGUA_BRANCA_05042-001", "LMAPS": "https://www.google.com/maps?q=&layer=c&cbll=-23.524605,-46.70432", "O_QUE_FAZER": "CARTEIRA", "ER_REGIAO_CIDADE_min": "Capital Oeste_Lapa" }, "geometry": { "type": "Point", "coordinates": [ -46.70432, -23.524605 ] } },
{ "type": "Feature", "properties": { "fid": 210245, "CNPJ": "41648864000100", "IDCIDADE": "SAO_PAULO", "NOMEFANTASIA": "ORIGINAIS_DO_FUT", "RAZAOSOCIAL": "ORIGINAIS_DO_FUT_COMERCIO_DE_ARTIGOS_ESPORTIVOS_LTDA.", "ENDEE": "RUA_CATAO72__VILA_ROMANA_05049-000", "LMAPS": "https://www.google.com/maps?q=&layer=c&cbll=-23.5210748,-46.7008572", "O_QUE_FAZER": "CARTEIRA", "ER_REGIAO_CIDADE_min": "Capital Oeste_Lapa" }, "geometry": { "type": "Point", "coordinates": [ -46.7008572, -23.5210748 ] } },
{ "type": "Feature", "properties": { "fid": 210295, "CNPJ": "41663810000105", "IDCIDADE": "SAO_PAULO", "NOMEFANTASIA": "CLUBE_DO_DOGUINHO", "RAZAOSOCIAL": "CLUBE_DO_DOGUINHO_LTDA", "ENDEE": "RUA_TONELERO204__VILA_IPOJUCA_05056-000", "LMAPS": "https://www.google.com/maps?q=&layer=c&cbll=-23.5297067,-46.7046667", "O_QUE_FAZER": "CARTEIRA", "ER_REGIAO_CIDADE_min": "Capital Oeste_Lapa" }, "geometry": { "type": "Point", "coordinates": [ -46.7046667, -23.5297067 ] } },
{ "type": "Feature", "properties": { "fid": 211270, "CNPJ": "41869576000177", "IDCIDADE": "SAO_PAULO", "NOMEFANTASIA": "ESQUINA_DA_AGUA", "RAZAOSOCIAL": "ESQUINA_DA_AGUA", "ENDEE": "RUA_TONELERO_118_VILA IPOJUCA_05056-000_SAO_PAULO", "LMAPS": "https://www.google.com/maps?q=&layer=c&cbll=-23.5289508,-46.7043998", "O_QUE_FAZER": "FINALIZADO", "ER_REGIAO_CIDADE_min": "Capital Oeste_Lapa" }, "geometry": { "type": "Point", "coordinates": [ -46.7043998, -23.5289508 ] } },
{ "type": "Feature", "properties": { "fid": 211418, "CNPJ": "41907444000192", "IDCIDADE": "SAO_PAULO", "NOMEFANTASIA": "GAZ_BURNING_BAR_E_RESTAURANTE_LTDA", "RAZAOSOCIAL": "GAZ_BURNING_BAR", "ENDEE": "AVENIDA_SANTA_MARINA213__AGUA_BRANCA_02732-040", "LMAPS": "https://www.google.com/maps?q=&layer=c&cbll=-23.5222662,-46.6871219", "O_QUE_FAZER": "FINALIZADO", "ER_REGIAO_CIDADE_min": "Capital Oeste_Lapa" }, "geometry": { "type": "Point", "coordinates": [ -46.6871219, -23.5222662 ] } },
{ "type": "Feature", "properties": { "fid": 212034, "CNPJ": "42057749000115", "IDCIDADE": "SAO_PAULO", "NOMEFANTASIA": "NEST_STUDIO", "RAZAOSOCIAL": "NEST_STUDIO", "ENDEE": "RUA_AURÉLIA_631_VILA ROMANA_05046-000_SAO_PAULO", "LMAPS": "https://www.google.com/maps?q=&layer=c&cbll=-23.527412,-46.6977238", "O_QUE_FAZER": "FINALIZADO", "ER_REGIAO_CIDADE_min": "Capital Oeste_Lapa" }, "geometry": { "type": "Point", "coordinates": [ -46.6977238, -23.527412 ] } },
{ "type": "Feature", "properties": { "fid": 212238, "CNPJ": "42098828000174", "IDCIDADE": "SAO PAULO", "NOMEFANTASIA": "IMPÉRIO_DISTRIBUIDORA_DE_ROLAMENTOS", "RAZAOSOCIAL": "IMPÉRIO_DISTRIBUIDORA_DE_ROLAMENTOS", "ENDEE": "DUÍLIO, 620, ÁGUA BRANCA, SÃO PAULO", "LMAPS": "https://www.google.com/maps?q=&layer=c&cbll=-23.5283883,-46.6933714", "O_QUE_FAZER": "APLICAR T2", "ER_REGIAO_CIDADE_min": "Capital Oeste_Lapa" }, "geometry": { "type": "Point", "coordinates": [ -46.6933714, -23.5283883 ] } },
{ "type": "Feature", "properties": { "fid": 212289, "CNPJ": "42109908000188", "IDCIDADE": "SÃO PAULO", "NOMEFANTASIA": "UTOPIA GASTROBAR LTDA", "RAZAOSOCIAL": "AQUINO GASTROBAR LTDA", "ENDEE": "RUA TITO, 31, VILA ROMANA, 05051-000, SÃO PAULO, SP, BRASIL", "LMAPS": "https://www.google.com/maps?q=&layer=c&cbll=-23.5281734,-46.6919895", "O_QUE_FAZER": "APLICAR T2", "ER_REGIAO_CIDADE_min": "Capital Oeste_Lapa" }, "geometry": { "type": "Point", "coordinates": [ -46.6919895, -23.5281734 ] } },
{ "type": "Feature", "properties": { "fid": 212432, "CNPJ": "42142818000199", "IDCIDADE": "SAO_PAULO", "NOMEFANTASIA": "FIXAR_SAUDE", "RAZAOSOCIAL": "FIXXAR_SAUDE_E_BEM-ESTAR_LTDA.", "ENDEE": "RUA_ALBION198__LAPA_05077-130", "LMAPS": "https://www.google.com/maps?q=&layer=c&cbll=-23.5234883,-46.7065392", "O_QUE_FAZER": "CARTEIRA", "ER_REGIAO_CIDADE_min": "Capital Oeste_Lapa" }, "geometry": { "type": "Point", "coordinates": [ -46.7065392, -23.5234883 ] } },
{ "type": "Feature", "properties": { "fid": 212763, "CNPJ": "42217930000141", "IDCIDADE": "SAO_PAULO", "NOMEFANTASIA": "LA_BELLE_BOUTIQUE", "RAZAOSOCIAL": "LA_BELLE_BOUTIQUE_LTDA.", "ENDEE": "RUA_DOUTOR_CINCINATO_POMPONET190__LAPA_05072-020", "LMAPS": "https://www.google.com/maps?q=&layer=c&cbll=-23.518995,-46.7027183", "O_QUE_FAZER": "CARTEIRA", "ER_REGIAO_CIDADE_min": "Capital Oeste_Lapa" }, "geometry": { "type": "Point", "coordinates": [ -46.7027183, -23.518995 ] } },
{ "type": "Feature", "properties": { "fid": 213487, "CNPJ": "42382949000143", "IDCIDADE": "SAO_PAULO", "NOMEFANTASIA": "CHAMPIONS_SHIRTS", "RAZAOSOCIAL": "CHAMPIONS_SHIRTS", "ENDEE": "RUA_CIPIÃO_504_VILA ROMANA_05047-060_SAO_PAULO", "LMAPS": "https://www.google.com/maps?q=&layer=c&cbll=-23.5291898,-46.6979238", "O_QUE_FAZER": "FINALIZADO", "ER_REGIAO_CIDADE_min": "Capital Oeste_Lapa" }, "geometry": { "type": "Point", "coordinates": [ -46.6979238, -23.5291898 ] } },
{ "type": "Feature", "properties": { "fid": 214223, "CNPJ": "42547327000128", "IDCIDADE": "SAO_PAULO", "NOMEFANTASIA": "PET_CLUBE", "RAZAOSOCIAL": "DAMA_PET_CLUBE_LTDA", "ENDEE": "RUA_PIO_XI764__ALTO_DE_PINHEIROS_05060-000", "LMAPS": "https://www.google.com/maps?q=&layer=c&cbll=-23.53052,-46.7118633", "O_QUE_FAZER": "CARTEIRA", "ER_REGIAO_CIDADE_min": "Capital Oeste_Lapa" }, "geometry": { "type": "Point", "coordinates": [ -46.7118633, -23.53052 ] } },
{ "type": "Feature", "properties": { "fid": 214427, "CNPJ": "42590449000105", "IDCIDADE": "SAO_PAULO", "NOMEFANTASIA": null, "RAZAOSOCIAL": "L_A_PINTURA_E_CONSTRUCOES_LTDA", "ENDEE": "RUA_ALVES BRANCO_180_LAPA DE BAIXO_05068-040_SAO_PAULO", "LMAPS": "https://www.google.com/maps?q=&layer=c&cbll=-23.517102,-46.700357", "O_QUE_FAZER": "FINALIZADO", "ER_REGIAO_CIDADE_min": "Capital Oeste_Lapa" }, "geometry": { "type": "Point", "coordinates": [ -46.700357, -23.517102 ] } },
{ "type": "Feature", "properties": { "fid": 214608, "CNPJ": "42628828000139", "IDCIDADE": "SAO_PAULO", "NOMEFANTASIA": "DELICIA_NATURAL_BARBOSA", "RAZAOSOCIAL": "RESTAURANTE_E_COMERCIO_DE_PRODUTOS_NATURAIS_BARBOSA_LTDA", "ENDEE": "RUA_ALBION193__LAPA_05077-130", "LMAPS": "https://www.google.com/maps?q=&layer=c&cbll=-23.5236202,-46.7064713", "O_QUE_FAZER": "CARTEIRA", "ER_REGIAO_CIDADE_min": "Capital Oeste_Lapa" }, "geometry": { "type": "Point", "coordinates": [ -46.7064713, -23.5236202 ] } },
{ "type": "Feature", "properties": { "fid": 215117, "CNPJ": "42758605000196", "IDCIDADE": "SÃO PAULO", "NOMEFANTASIA": "ARTE DA COSTURA", "RAZAOSOCIAL": "SONIA VITOR DE MARES 12944502808", "ENDEE": "RUA DUÍLIO, 323, ÁGUA BRANCA, 05043-020, SÃO PAULO, SP, BRASIL", "LMAPS": "https://www.google.com/maps?q=&layer=c&cbll=-23.5263256,-46.6930695", "O_QUE_FAZER": "APLICAR T2", "ER_REGIAO_CIDADE_min": "Capital Oeste_Lapa" }, "geometry": { "type": "Point", "coordinates": [ -46.6930695, -23.5263256 ] } },
{ "type": "Feature", "properties": { "fid": 215391, "CNPJ": "42826182000102", "IDCIDADE": "SAO_PAULO", "NOMEFANTASIA": "NACAO_VERDE", "RAZAOSOCIAL": "HOPES_COMERCIO_DE_PRODUTOS_SAUDAVEIS_LTDA", "ENDEE": "RUA_MONTEIRO_DE_MELO684__LAPA_05050-000", "LMAPS": "https://www.google.com/maps?q=&layer=c&cbll=-23.52766,-46.7034567", "O_QUE_FAZER": "CARTEIRA", "ER_REGIAO_CIDADE_min": "Capital Oeste_Lapa" }, "geometry": { "type": "Point", "coordinates": [ -46.7034567, -23.52766 ] } },
{ "type": "Feature", "properties": { "fid": 215443, "CNPJ": "42835184000150", "IDCIDADE": "SAO_PAULO", "NOMEFANTASIA": "BIG_LAPA_SALGADOS", "RAZAOSOCIAL": "RAIZES_DO_IMIRIM_COMERCIO_DE_ALIMENTOS_LTDA", "ENDEE": "RUA_ANTONIO_RAPOSO110__LAPA_05074-020", "LMAPS": "https://www.google.com/maps?q=&layer=c&cbll=-23.5215915,-46.705041", "O_QUE_FAZER": "CARTEIRA", "ER_REGIAO_CIDADE_min": "Capital Oeste_Lapa" }, "geometry": { "type": "Point", "coordinates": [ -46.705041, -23.5215915 ] } },
{ "type": "Feature", "properties": { "fid": 215685, "CNPJ": "42885120000163", "IDCIDADE": "SAO_PAULO", "NOMEFANTASIA": "OTICA_GOES", "RAZAOSOCIAL": "OTICAS_GOES_LTDA", "ENDEE": "RUA_AFONSO_SARDINHA51__LAPA_05076-000", "LMAPS": "https://www.google.com/maps?q=&layer=c&cbll=-23.5221267,-46.70445", "O_QUE_FAZER": "CARTEIRA", "ER_REGIAO_CIDADE_min": "Capital Oeste_Lapa" }, "geometry": { "type": "Point", "coordinates": [ -46.70445, -23.5221267 ] } },
{ "type": "Feature", "properties": { "fid": 215734, "CNPJ": "42897554000264", "IDCIDADE": "SAO_PAULO", "NOMEFANTASIA": "DETUDO_PET_LTDA", "RAZAOSOCIAL": "DETUDOPET", "ENDEE": "RUA_CATAO167__VILA_ROMANA_05049-000", "LMAPS": "https://www.google.com/maps?q=&layer=c&cbll=-23.5223542,-46.7003582", "O_QUE_FAZER": "FINALIZADO", "ER_REGIAO_CIDADE_min": "Capital Oeste_Lapa" }, "geometry": { "type": "Point", "coordinates": [ -46.7003582, -23.5223542 ] } },
{ "type": "Feature", "properties": { "fid": 216338, "CNPJ": "43027627000149", "IDCIDADE": "SAO_PAULO", "NOMEFANTASIA": "CCAA", "RAZAOSOCIAL": "RODRIGUES_&_CAMPOS_SOCIEDADE_EMPRESARIA_UNIPESSOAL_LTDA", "ENDEE": "RUA_BARAO_DE_JUNDIAI524__LAPA_05073-010", "LMAPS": "https://www.google.com/maps?q=&layer=c&cbll=-23.5251217,-46.70983", "O_QUE_FAZER": "CARTEIRA", "ER_REGIAO_CIDADE_min": "Capital Oeste_Lapa" }, "geometry": { "type": "Point", "coordinates": [ -46.70983, -23.5251217 ] } },
{ "type": "Feature", "properties": { "fid": 216934, "CNPJ": "43139880000194", "IDCIDADE": "SAO_PAULO", "NOMEFANTASIA": "LORD_DECORACOES", "RAZAOSOCIAL": "TAPECARIA_LORD_LTDA", "ENDEE": "RUA_MARTIM_TENORIO94__LAPA_05074-060", "LMAPS": "https://www.google.com/maps?q=&layer=c&cbll=-23.5201089,-46.7031947", "O_QUE_FAZER": "FINALIZADO", "ER_REGIAO_CIDADE_min": "Capital Oeste_Lapa" }, "geometry": { "type": "Point", "coordinates": [ -46.7031947, -23.5201089 ] } },
{ "type": "Feature", "properties": { "fid": 216961, "CNPJ": "43144805000111", "IDCIDADE": "SAO_PAULO", "NOMEFANTASIA": "BORRACHARIA_POUPATEMPO", "RAZAOSOCIAL": "HENRIQUE_DE_ANDRADE_LIMA_42933449854", "ENDEE": "RUA_GUAICURUS_799_AGUA_BRANCA_05033-001_SAO_PAULO_BRASIL", "LMAPS": "https://www.google.com/maps?q=&layer=c&cbll=-23.5228374,-46.6933273", "O_QUE_FAZER": "APLICAR T2", "ER_REGIAO_CIDADE_min": "Capital Oeste_Lapa" }, "geometry": { "type": "Point", "coordinates": [ -46.6933273, -23.5228374 ] } },
{ "type": "Feature", "properties": { "fid": 217501, "CNPJ": "43250976000125", "IDCIDADE": "SAO_PAULO", "NOMEFANTASIA": "OTICA_IPANEMA", "RAZAOSOCIAL": "OTICA_PAES_&_PAES_LTDA", "ENDEE": "RUA_FAUSTOLO1530__LAPA_05041-000", "LMAPS": "https://www.google.com/maps?q=&layer=c&cbll=-23.523595,-46.700335", "O_QUE_FAZER": "CARTEIRA", "ER_REGIAO_CIDADE_min": "Capital Oeste_Lapa" }, "geometry": { "type": "Point", "coordinates": [ -46.700335, -23.523595 ] } },
{ "type": "Feature", "properties": { "fid": 217660, "CNPJ": "43281195000106", "IDCIDADE": "SAO_PAULO", "NOMEFANTASIA": "CARIMBOS_TIGRE", "RAZAOSOCIAL": "CARIMBOS_TIGRE_LTDA", "ENDEE": "RUA_ROMA670__LAPA_05050-090", "LMAPS": "https://www.google.com/maps?q=&layer=c&cbll=-23.5227062,-46.7031398", "O_QUE_FAZER": "CARTEIRA", "ER_REGIAO_CIDADE_min": "Capital Oeste_Lapa" }, "geometry": { "type": "Point", "coordinates": [ -46.7031398, -23.5227062 ] } },
{ "type": "Feature", "properties": { "fid": 217663, "CNPJ": "43282151000192", "IDCIDADE": "SAO_PAULO", "NOMEFANTASIA": "ASA_EMPORIO", "RAZAOSOCIAL": "AUREO_SOARES_AGULHA_LTDA", "ENDEE": "RUA_HERBART47__LAPA_05072-030", "LMAPS": "https://www.google.com/maps?q=&layer=c&cbll=-23.5195155,-46.7017334", "O_QUE_FAZER": "CARTEIRA", "ER_REGIAO_CIDADE_min": "Capital Oeste_Lapa" }, "geometry": { "type": "Point", "coordinates": [ -46.7017334, -23.5195155 ] } },
{ "type": "Feature", "properties": { "fid": 217697, "CNPJ": "43290634000139", "IDCIDADE": "SAO_PAULO", "NOMEFANTASIA": "PASTELARIA_RAINHA_BRASILEIRA", "RAZAOSOCIAL": "PASTELARIA_RAINHA_BRASILEIRA_LTDA", "ENDEE": "RUA_MONTEIRO_DE_MELO225__LAPA_05050-000", "LMAPS": "https://www.google.com/maps?q=&layer=c&cbll=-23.523377,-46.7028611", "O_QUE_FAZER": "FINALIZADO", "ER_REGIAO_CIDADE_min": "Capital Oeste_Lapa" }, "geometry": { "type": "Point", "coordinates": [ -46.7028611, -23.523377 ] } },
{ "type": "Feature", "properties": { "fid": 217701, "CNPJ": "43291125000120", "IDCIDADE": "SAO_PAULO", "NOMEFANTASIA": "FLO_RESTAURANTE_E_CERVEJARIA", "RAZAOSOCIAL": "MEGAZINEBR_ALIMENTOS_E_VESTUARIOS_LTDA.", "ENDEE": "RUA_ROMA127__LAPA_05050-090", "LMAPS": "https://www.google.com/maps?q=&layer=c&cbll=-23.5228933,-46.6977583", "O_QUE_FAZER": "CARTEIRA", "ER_REGIAO_CIDADE_min": "Capital Oeste_Lapa" }, "geometry": { "type": "Point", "coordinates": [ -46.6977583, -23.5228933 ] } },
{ "type": "Feature", "properties": { "fid": 217704, "CNPJ": "43291649000111", "IDCIDADE": "SAO_PAULO", "NOMEFANTASIA": "TINTAS_DUAS_IRMAS", "RAZAOSOCIAL": "TINTAS_DUAS_IRMAS_LTDA", "ENDEE": "RUA_AURELIA1343__VILA_ROMANA_05046-000", "LMAPS": "https://www.google.com/maps?q=&layer=c&cbll=-23.5335845,-46.69786", "O_QUE_FAZER": "APLICAR T2", "ER_REGIAO_CIDADE_min": "Capital Oeste_Lapa" }, "geometry": { "type": "Point", "coordinates": [ -46.69786, -23.5335845 ] } },
{ "type": "Feature", "properties": { "fid": 217752, "CNPJ": "43299955000102", "IDCIDADE": "SAO PAULO", "NOMEFANTASIA": "404_BURGUER", "RAZAOSOCIAL": "404_BURGUER", "ENDEE": "CATÃO, 466, VILA ROMANA, SÃO PAULO", "LMAPS": "https://www.google.com/maps?q=&layer=c&cbll=-23.5250234,-46.7006832", "O_QUE_FAZER": "FINALIZADO", "ER_REGIAO_CIDADE_min": "Capital Oeste_Lapa" }, "geometry": { "type": "Point", "coordinates": [ -46.7006832, -23.5250234 ] } },
{ "type": "Feature", "properties": { "fid": 217811, "CNPJ": "43313680000106", "IDCIDADE": "SAO_PAULO", "NOMEFANTASIA": "OTICAS_CASA_DAS_ALIANCAS", "RAZAOSOCIAL": "OTICAS_CASA_DAS_ALIANCAS_SLU_LTDA", "ENDEE": "RUA_DOZE_DE_OUTUBRO345__LAPA_05073-000", "LMAPS": "https://www.google.com/maps?q=&layer=c&cbll=-23.5211067,-46.70449", "O_QUE_FAZER": "CARTEIRA", "ER_REGIAO_CIDADE_min": "Capital Oeste_Lapa" }, "geometry": { "type": "Point", "coordinates": [ -46.70449, -23.5211067 ] } },
{ "type": "Feature", "properties": { "fid": 217851, "CNPJ": "43324020000120", "IDCIDADE": "SAO_PAULO", "NOMEFANTASIA": "GRAFICA_7_BRINDES", "RAZAOSOCIAL": "JULIANA_AZEVEDO_DE_ANDRADE", "ENDEE": "RUA_CLEMENTE_ALVARES500__LAPA_05074-050", "LMAPS": "https://www.google.com/maps?q=&layer=c&cbll=-23.5192778,-46.7072312", "O_QUE_FAZER": "CARTEIRA", "ER_REGIAO_CIDADE_min": "Capital Oeste_Lapa" }, "geometry": { "type": "Point", "coordinates": [ -46.7072312, -23.5192778 ] } },
{ "type": "Feature", "properties": { "fid": 218236, "CNPJ": "43395067000185", "IDCIDADE": "SAO_PAULO", "NOMEFANTASIA": "NONATO_CICA", "RAZAOSOCIAL": "C_&_B_APRIGIO_LTDA.", "ENDEE": "RUA_CERRO_CORA2362__VILA_ROMANA_05061-000", "LMAPS": "https://www.google.com/maps?q=&layer=c&cbll=-23.5356075,-46.7175667", "O_QUE_FAZER": "APLICAR T2", "ER_REGIAO_CIDADE_min": "Capital Oeste_Lapa" }, "geometry": { "type": "Point", "coordinates": [ -46.7175667, -23.5356075 ] } },
{ "type": "Feature", "properties": { "fid": 218410, "CNPJ": "43434984000121", "IDCIDADE": "SAO_PAULO", "NOMEFANTASIA": "BORRACHAS_LAPA", "RAZAOSOCIAL": "BORRACHAS_LAPA_LTDA", "ENDEE": "RUA_JOAQUIM_MACHADO220__LAPA_05050-010", "LMAPS": "https://www.google.com/maps?q=&layer=c&cbll=-23.5216378,-46.7025259", "O_QUE_FAZER": "CARTEIRA", "ER_REGIAO_CIDADE_min": "Capital Oeste_Lapa" }, "geometry": { "type": "Point", "coordinates": [ -46.7025259, -23.5216378 ] } },
{ "type": "Feature", "properties": { "fid": 218430, "CNPJ": "43437920000184", "IDCIDADE": "SAO_PAULO", "NOMEFANTASIA": "ITAPOA_MUSIC", "RAZAOSOCIAL": "ITAPOA_INSTRUMENTOS_MUSICAIS_LTDA.", "ENDEE": "RUA_NOSSA_SENHORA_DA_LAPA155__LAPA_05072-000", "LMAPS": "https://www.google.com/maps?q=&layer=c&cbll=-23.521135,-46.7027217", "O_QUE_FAZER": "CARTEIRA", "ER_REGIAO_CIDADE_min": "Capital Oeste_Lapa" }, "geometry": { "type": "Point", "coordinates": [ -46.7027217, -23.521135 ] } },
{ "type": "Feature", "properties": { "fid": 218992, "CNPJ": "43550700000162", "IDCIDADE": "SAO_PAULO", "NOMEFANTASIA": "RESTAURANTE_BRITO", "RAZAOSOCIAL": "JOAO_LUIZ_ALMEIDA_BRITO", "ENDEE": "RUA_MARCO_AURELIO102__VILA_ROMANA_05048-000", "LMAPS": "https://www.google.com/maps?q=&layer=c&cbll=-23.5289532,-46.6999661", "O_QUE_FAZER": "CARTEIRA", "ER_REGIAO_CIDADE_min": "Capital Oeste_Lapa" }, "geometry": { "type": "Point", "coordinates": [ -46.6999661, -23.5289532 ] } },
{ "type": "Feature", "properties": { "fid": 218993, "CNPJ": "43550702000151", "IDCIDADE": "SAO_PAULO", "NOMEFANTASIA": "CARLAO_PUBS_BAR", "RAZAOSOCIAL": "CARLAO_PUB_S_BAR_E_LANCHONETE_LTDA", "ENDEE": "RUA_DRONSFIELD59__LAPA_05074-000", "LMAPS": "https://www.google.com/maps?q=&layer=c&cbll=-23.5196633,-46.7034083", "O_QUE_FAZER": "CARTEIRA", "ER_REGIAO_CIDADE_min": "Capital Oeste_Lapa" }, "geometry": { "type": "Point", "coordinates": [ -46.7034083, -23.5196633 ] } },
{ "type": "Feature", "properties": { "fid": 219016, "CNPJ": "43556602000132", "IDCIDADE": "SAO PAULO", "NOMEFANTASIA": "FAMILIE_GASTRONOMIA", "RAZAOSOCIAL": "FAMÍLE_GASTRONOMIA", "ENDEE": "CAMILO, 141, VILA ROMANA, SÃO PAULO", "LMAPS": "https://www.google.com/maps?q=&layer=c&cbll=-23.529311,-46.69339", "O_QUE_FAZER": "FINALIZADO", "ER_REGIAO_CIDADE_min": "Capital Oeste_Lapa" }, "geometry": { "type": "Point", "coordinates": [ -46.69339, -23.529311 ] } },
{ "type": "Feature", "properties": { "fid": 219490, "CNPJ": "43665648000190", "IDCIDADE": "SAO_PAULO", "NOMEFANTASIA": "EDSCOOTER", "RAZAOSOCIAL": "EDSON_CARLOS_SANTOS_26491321835", "ENDEE": "RUA_SALES_JUNIOR_523_ALTO_DA_LAPA_05083-070_SAO_PAULO_BRASIL", "LMAPS": "https://www.google.com/maps?q=&layer=c&cbll=-23.5314811,-46.7181882", "O_QUE_FAZER": "FINALIZADO", "ER_REGIAO_CIDADE_min": "Capital Oeste_Lapa" }, "geometry": { "type": "Point", "coordinates": [ -46.7181882, -23.5314811 ] } },
{ "type": "Feature", "properties": { "fid": 219852, "CNPJ": "43733884000104", "IDCIDADE": "SAO_PAULO", "NOMEFANTASIA": "R3_CENTRO_ESPORTIVO", "RAZAOSOCIAL": "R3_REABILITACAO_TREINAMENTO_E_PERFORMANCE_LTDA", "ENDEE": "RUA_CLELIA2001__AGUA_BRANCA_05042-001", "LMAPS": "https://www.google.com/maps?q=&layer=c&cbll=-23.5248921,-46.7019986", "O_QUE_FAZER": "CARTEIRA", "ER_REGIAO_CIDADE_min": "Capital Oeste_Lapa" }, "geometry": { "type": "Point", "coordinates": [ -46.7019986, -23.5248921 ] } },
{ "type": "Feature", "properties": { "fid": 219890, "CNPJ": "43740391000193", "IDCIDADE": "SAO PAULO", "NOMEFANTASIA": "PREMIER_MULTIMARCAS", "RAZAOSOCIAL": "PREMIER_MULTIMARCAS", "ENDEE": "MONTEIRO DE MELO, 424, LAPA, SÃO PAULO", "LMAPS": "https://www.google.com/maps?q=&layer=c&cbll=-23.5251871,-46.7031937", "O_QUE_FAZER": "FINALIZADO", "ER_REGIAO_CIDADE_min": "Capital Oeste_Lapa" }, "geometry": { "type": "Point", "coordinates": [ -46.7031937, -23.5251871 ] } },
{ "type": "Feature", "properties": { "fid": 220401, "CNPJ": "43829546000162", "IDCIDADE": "SÃO PAULO", "NOMEFANTASIA": "O BRECHO É DELA", "RAZAOSOCIAL": "MARINA BEGLIOMINI 17833959820", "ENDEE": "RUA DUÍLIO, 299, VILA ROMANA, 05043-020, SÃO PAULO, SP, BRASIL", "LMAPS": "https://www.google.com/maps?q=&layer=c&cbll=-23.5254625,-46.6932924", "O_QUE_FAZER": "APLICAR T2", "ER_REGIAO_CIDADE_min": "Capital Oeste_Lapa" }, "geometry": { "type": "Point", "coordinates": [ -46.6932924, -23.5254625 ] } },
{ "type": "Feature", "properties": { "fid": 220427, "CNPJ": "43843481000100", "IDCIDADE": "SAO_PAULO", "NOMEFANTASIA": "SANCHEZ_COMERCIO_DE_CARNES_*", "RAZAOSOCIAL": "SANCHEZ_COMERCIO_DE_CARNES_LTDA", "ENDEE": "RUA_HERBART47__LAPA_05072-030", "LMAPS": "https://www.google.com/maps?q=&layer=c&cbll=-23.5193853,-46.7019975", "O_QUE_FAZER": "CARTEIRA", "ER_REGIAO_CIDADE_min": "Capital Oeste_Lapa" }, "geometry": { "type": "Point", "coordinates": [ -46.7019975, -23.5193853 ] } },
{ "type": "Feature", "properties": { "fid": 220812, "CNPJ": "43923878000101", "IDCIDADE": "SAO_PAULO", "NOMEFANTASIA": "WS_GARAGE_MOTOCYCLE", "RAZAOSOCIAL": "MISSIARA_CELESTINO_MONTEIRO", "ENDEE": "RUA_MONTEIRO_DE_MELO412__LAPA_05050-000", "LMAPS": "https://www.google.com/maps?q=&layer=c&cbll=-23.5251176,-46.7031472", "O_QUE_FAZER": "CARTEIRA", "ER_REGIAO_CIDADE_min": "Capital Oeste_Lapa" }, "geometry": { "type": "Point", "coordinates": [ -46.7031472, -23.5251176 ] } },
{ "type": "Feature", "properties": { "fid": 220983, "CNPJ": "43955550000177", "IDCIDADE": "SAO_PAULO", "NOMEFANTASIA": "MATIAS_VIC_PIZZARIA", "RAZAOSOCIAL": "PIZZARIA_MATIAS_LTDA", "ENDEE": "RUA_MARCO_AURELIO794__VILA_ROMANA_05048-000", "LMAPS": "https://www.google.com/maps?q=&layer=c&cbll=-23.5340267,-46.6984996", "O_QUE_FAZER": "CARTEIRA", "ER_REGIAO_CIDADE_min": "Capital Oeste_Lapa" }, "geometry": { "type": "Point", "coordinates": [ -46.6984996, -23.5340267 ] } },
{ "type": "Feature", "properties": { "fid": 221520, "CNPJ": "44062567000168", "IDCIDADE": "SAO PAULO", "NOMEFANTASIA": "BELEZA_ESSENCIAL", "RAZAOSOCIAL": "BELEZA_ESSENCIAL", "ENDEE": "RUA DOZE DE OUTUBRO, 237, LAPA, 08071-072, SÃO PAULO, BRASIL_05073-000", "LMAPS": "https://www.google.com/maps?q=&layer=c&cbll=-23.5202495,-46.7040421", "O_QUE_FAZER": "FINALIZADO", "ER_REGIAO_CIDADE_min": "Capital Oeste_Lapa" }, "geometry": { "type": "Point", "coordinates": [ -46.7040421, -23.5202495 ] } },
{ "type": "Feature", "properties": { "fid": 221585, "CNPJ": "44075006000101", "IDCIDADE": "SAO_PAULO", "NOMEFANTASIA": "CACAU_SHOW", "RAZAOSOCIAL": "LAPA_SHOW_COMERCIO_DE_PRODUTOS_ALIMENTICIOS_LTDA", "ENDEE": "RUA_CATAO72__VILA_ROMANA_05049-000", "LMAPS": "https://www.google.com/maps?q=&layer=c&cbll=-23.5213209,-46.7005725", "O_QUE_FAZER": "FINALIZADO", "ER_REGIAO_CIDADE_min": "Capital Oeste_Lapa" }, "geometry": { "type": "Point", "coordinates": [ -46.7005725, -23.5213209 ] } },
{ "type": "Feature", "properties": { "fid": 221596, "CNPJ": "44075808000294", "IDCIDADE": "SÃO PAULO", "NOMEFANTASIA": "REAL PARMA", "RAZAOSOCIAL": "OPARMA COM E SERV ALIMENTICIOS LTDA", "ENDEE": "RUA TITO, 1053, VILA ROMANA, 05051-001, SÃO PAULO, SP, BRASIL", "LMAPS": "https://www.google.com/maps?q=&layer=c&cbll=-23.5286688,-46.7019885", "O_QUE_FAZER": "APLICAR T2", "ER_REGIAO_CIDADE_min": "Capital Oeste_Lapa" }, "geometry": { "type": "Point", "coordinates": [ -46.7019885, -23.5286688 ] } },
{ "type": "Feature", "properties": { "fid": 221802, "CNPJ": "44128916000105", "IDCIDADE": "SAO_PAULO", "NOMEFANTASIA": "BAR_DO_PIAL", "RAZAOSOCIAL": "BAR_E_LANCHES_BARTOLOMEU_BELLE_LTDA", "ENDEE": "RUA_MONTEIRO_DE_MELO467__LAPA_05050-000", "LMAPS": "https://www.google.com/maps?q=&layer=c&cbll=-23.5256433,-46.7029972", "O_QUE_FAZER": "APLICAR T4", "ER_REGIAO_CIDADE_min": "Capital Oeste_Lapa" }, "geometry": { "type": "Point", "coordinates": [ -46.7029972, -23.5256433 ] } },
{ "type": "Feature", "properties": { "fid": 221845, "CNPJ": "44136334000162", "IDCIDADE": "SAO PAULO", "NOMEFANTASIA": "SP_TONER", "RAZAOSOCIAL": "SP_TONER_CARTUCHOS_E_INFORMATICA_LTDA", "ENDEE": "RUA CLÉLIA, 602, ÁGUA BRANCA, 05042-000, SÃO PAULO, SP, BRASIL", "LMAPS": "https://www.google.com/maps?q=&layer=c&cbll=-23.5248712,-46.6882693", "O_QUE_FAZER": "FINALIZADO", "ER_REGIAO_CIDADE_min": "Capital Oeste_Lapa" }, "geometry": { "type": "Point", "coordinates": [ -46.6882693, -23.5248712 ] } },
{ "type": "Feature", "properties": { "fid": 222065, "CNPJ": "44180445000176", "IDCIDADE": "SAO_PAULO", "NOMEFANTASIA": "LANCHONETE_CASTELO_DE_SAO_MIGUEL", "RAZAOSOCIAL": "LANCHONETE_CASTELO_DE_SAO_MIGUEL_LTDA", "ENDEE": "RUA_DOMINGOS_RODRIGUES690__LAPA_05075-000", "LMAPS": "https://www.google.com/maps?q=&layer=c&cbll=-23.5244835,-46.7072522", "O_QUE_FAZER": "CARTEIRA", "ER_REGIAO_CIDADE_min": "Capital Oeste_Lapa" }, "geometry": { "type": "Point", "coordinates": [ -46.7072522, -23.5244835 ] } },
{ "type": "Feature", "properties": { "fid": 222520, "CNPJ": "44264281000165", "IDCIDADE": "SAO_PAULO", "NOMEFANTASIA": "LANCHONETE_SUPER_BARAO", "RAZAOSOCIAL": "LANCHONETE_SUPER_BARAO_LTDA", "ENDEE": "RUA_BARAO_DE_JUNDIAI242__LAPA_05073-010", "LMAPS": "https://www.google.com/maps?q=&layer=c&cbll=-23.5244491,-46.7071827", "O_QUE_FAZER": "CARTEIRA", "ER_REGIAO_CIDADE_min": "Capital Oeste_Lapa" }, "geometry": { "type": "Point", "coordinates": [ -46.7071827, -23.5244491 ] } },
{ "type": "Feature", "properties": { "fid": 222974, "CNPJ": "44360427000176", "IDCIDADE": "SAO PAULO", "NOMEFANTASIA": "NEW_TREND_MOVEIS_PLANEJADOS", "RAZAOSOCIAL": "GABRIELLA_RODRIGUES_NUNES_-_MOVEIS_PLANEJADOS", "ENDEE": "RUA ROMA, 149, LAPA, 05050-090, SÃO PAULO, SP, BRASIL", "LMAPS": "https://www.google.com/maps?q=&layer=c&cbll=-23.522968,-46.6980625", "O_QUE_FAZER": "APLICAR T2", "ER_REGIAO_CIDADE_min": "Capital Oeste_Lapa" }, "geometry": { "type": "Point", "coordinates": [ -46.6980625, -23.522968 ] } },
{ "type": "Feature", "properties": { "fid": 223478, "CNPJ": "44461774000276", "IDCIDADE": "SAO_PAULO", "NOMEFANTASIA": "RENOVA_LAR", "RAZAOSOCIAL": "RENOVA_LAR_TINTAS_E_DECORACAO_LTDA", "ENDEE": "RUA_PIO_XI1327__ALTO_DA_LAPA_05060-000", "LMAPS": "https://www.google.com/maps?q=&layer=c&cbll=-23.5350603,-46.7140862", "O_QUE_FAZER": "CARTEIRA", "ER_REGIAO_CIDADE_min": "Capital Oeste_Lapa" }, "geometry": { "type": "Point", "coordinates": [ -46.7140862, -23.5350603 ] } },
{ "type": "Feature", "properties": { "fid": 223717, "CNPJ": "44517075000110", "IDCIDADE": "SAO_PAULO", "NOMEFANTASIA": "FALA_SERVICOS_AUTOMOTIVOS", "RAZAOSOCIAL": "FALD_SERVICOS_AUTOMOTIVOS_LTDA", "ENDEE": "RUA_CLELIA1937__AGUA_BRANCA_05042-000", "LMAPS": "https://www.google.com/maps?q=&layer=c&cbll=-23.5249082,-46.7014228", "O_QUE_FAZER": "CARTEIRA", "ER_REGIAO_CIDADE_min": "Capital Oeste_Lapa" }, "geometry": { "type": "Point", "coordinates": [ -46.7014228, -23.5249082 ] } },
{ "type": "Feature", "properties": { "fid": 223805, "CNPJ": "44538041000101", "IDCIDADE": "SAO_PAULO", "NOMEFANTASIA": "IMPERADOR_DO_MATE", "RAZAOSOCIAL": "IMPERADOR_DO_MATE_LTDA", "ENDEE": "RUA_MONTEIRO_DE_MELO165__LAPA_05050-000", "LMAPS": "https://www.google.com/maps?q=&layer=c&cbll=-23.5230635,-46.7029212", "O_QUE_FAZER": "CARTEIRA", "ER_REGIAO_CIDADE_min": "Capital Oeste_Lapa" }, "geometry": { "type": "Point", "coordinates": [ -46.7029212, -23.5230635 ] } },
{ "type": "Feature", "properties": { "fid": 224626, "CNPJ": "44695154000110", "IDCIDADE": "SAO_PAULO", "NOMEFANTASIA": "ISABELA_LINO_DA_SILVA_47218867804", "RAZAOSOCIAL": "FLORES_DA_LIRA", "ENDEE": "RUA_DUILIO273__VILA_ROMANA_05043-020", "LMAPS": "https://www.google.com/maps?q=&layer=c&cbll=-23.5252621,-46.6930598", "O_QUE_FAZER": "FINALIZADO", "ER_REGIAO_CIDADE_min": "Capital Oeste_Lapa" }, "geometry": { "type": "Point", "coordinates": [ -46.6930598, -23.5252621 ] } },
{ "type": "Feature", "properties": { "fid": 224629, "CNPJ": "44696022000103", "IDCIDADE": "SAO_PAULO", "NOMEFANTASIA": "44.696.022_ALAN_ROBSON_VIEIRA", "RAZAOSOCIAL": "44.696.022_ALAN_ROBSON_VIEIRA", "ENDEE": "RUA_FAUSTOLO1736__LAPA_05041-001", "LMAPS": "https://www.google.com/maps?q=&layer=c&cbll=-23.5235764,-46.7023619", "O_QUE_FAZER": "FINALIZADO", "ER_REGIAO_CIDADE_min": "Capital Oeste_Lapa" }, "geometry": { "type": "Point", "coordinates": [ -46.7023619, -23.5235764 ] } },
{ "type": "Feature", "properties": { "fid": 224943, "CNPJ": "44783812000126", "IDCIDADE": "SAO PAULO", "NOMEFANTASIA": "CAST_SCENOGRAPHY_&_OBJECT_PRODUCTION", "RAZAOSOCIAL": "ELENCO_CENOGRAFIA_E_PRODUCAO_DE_OBJETOS_UNIPESSOAL_LTDA", "ENDEE": "LARGO DA LAPA, 51, LAPA DE BAIXO, 05069-030, SÃO PAULO, SP, BRASIL", "LMAPS": "https://www.google.com/maps?q=&layer=c&cbll=-23.5160399,-46.7051304", "O_QUE_FAZER": "APLICAR T2", "ER_REGIAO_CIDADE_min": "Capital Oeste_Lapa" }, "geometry": { "type": "Point", "coordinates": [ -46.7051304, -23.5160399 ] } },
{ "type": "Feature", "properties": { "fid": 225200, "CNPJ": "44851799000103", "IDCIDADE": "SAO_PAULO", "NOMEFANTASIA": "BOUGAINVILLE_ESCOLA_DE_EDUCACAO_INFANTIL_LTDA", "RAZAOSOCIAL": "BOUGAINVILLE_ESCOLA_DE_EDUCACAO_INFANTIL_LTDA", "ENDEE": "RUA_APARANDE68__VILA_IPOJUCA_05054-070", "LMAPS": "https://www.google.com/maps?q=&layer=c&cbll=-23.5384744,-46.7023164", "O_QUE_FAZER": "FINALIZADO", "ER_REGIAO_CIDADE_min": "Capital Oeste_Lapa" }, "geometry": { "type": "Point", "coordinates": [ -46.7023164, -23.5384744 ] } },
{ "type": "Feature", "properties": { "fid": 225213, "CNPJ": "44853805000153", "IDCIDADE": "SAO_PAULO", "NOMEFANTASIA": "MASAO_MOVEIS", "RAZAOSOCIAL": "MSH_COMERCIO_DE_MOVEIS_CORPORATIVOS_LTDA.", "ENDEE": "RUA_ROMA49__LAPA_05050-090", "LMAPS": "https://www.google.com/maps?q=&layer=c&cbll=-23.5229089,-46.6970744", "O_QUE_FAZER": "FINALIZADO", "ER_REGIAO_CIDADE_min": "Capital Oeste_Lapa" }, "geometry": { "type": "Point", "coordinates": [ -46.6970744, -23.5229089 ] } },
{ "type": "Feature", "properties": { "fid": 225405, "CNPJ": "44900652000158", "IDCIDADE": "SAO_PAULO", "NOMEFANTASIA": "PITOTA_LANCHES", "RAZAOSOCIAL": "PITOTA_LANCHES_LTDA", "ENDEE": "RUA_JOAQUIM_MACHADO108__LAPA_05050-010", "LMAPS": "https://www.google.com/maps?q=&layer=c&cbll=-23.521609,-46.7012125", "O_QUE_FAZER": "CARTEIRA", "ER_REGIAO_CIDADE_min": "Capital Oeste_Lapa" }, "geometry": { "type": "Point", "coordinates": [ -46.7012125, -23.521609 ] } },
{ "type": "Feature", "properties": { "fid": 225563, "CNPJ": "44931108000254", "IDCIDADE": "SAO_PAULO", "NOMEFANTASIA": "AMERIFIT_SUPLEMENTOS", "RAZAOSOCIAL": "MEGA_NUTRI_SUPLEMENTOS_LTDA", "ENDEE": "RUA_MONTEIRO_DE_MELO163__LAPA_05050-000", "LMAPS": "https://www.google.com/maps?q=&layer=c&cbll=-23.5230374,-46.7029715", "O_QUE_FAZER": "FINALIZADO", "ER_REGIAO_CIDADE_min": "Capital Oeste_Lapa" }, "geometry": { "type": "Point", "coordinates": [ -46.7029715, -23.5230374 ] } },
{ "type": "Feature", "properties": { "fid": 225569, "CNPJ": "44931642000180", "IDCIDADE": "SAO_PAULO", "NOMEFANTASIA": "MERCADO_RINALD8", "RAZAOSOCIAL": "HAVE_COMERCIO_DE_ALIMENTOS_E_UTILIDADES_LTDA", "ENDEE": "RUA_NOSSA_SENHORA_DA_LAPA259__LAPA_05072-000", "LMAPS": "https://www.google.com/maps?q=&layer=c&cbll=-23.5217856,-46.7035446", "O_QUE_FAZER": "CARTEIRA", "ER_REGIAO_CIDADE_min": "Capital Oeste_Lapa" }, "geometry": { "type": "Point", "coordinates": [ -46.7035446, -23.5217856 ] } },
{ "type": "Feature", "properties": { "fid": 226059, "CNPJ": "45028578000194", "IDCIDADE": "SAO_PAULO", "NOMEFANTASIA": "MARTE_AVICOLA", "RAZAOSOCIAL": "AVICOLA_MARTE_LTDA", "ENDEE": "RUA_TONELERO1088__VILA_IPOJUCA_05056-000", "LMAPS": "https://www.google.com/maps?q=&layer=c&cbll=-23.5368886,-46.7063725", "O_QUE_FAZER": "CARTEIRA", "ER_REGIAO_CIDADE_min": "Capital Oeste_Lapa" }, "geometry": { "type": "Point", "coordinates": [ -46.7063725, -23.5368886 ] } },
{ "type": "Feature", "properties": { "fid": 226203, "CNPJ": "45060170000108", "IDCIDADE": "SAO_PAULO", "NOMEFANTASIA": "CLINICA_SORRIA.COM", "RAZAOSOCIAL": "CLINICA_ODONTOLOGICA_SORRIA.COM_LTDA", "ENDEE": "RUA_CLEMENTE_ALVARES324__LAPA_05074-050", "LMAPS": "https://www.google.com/maps?q=&layer=c&cbll=-23.5197794,-46.7057464", "O_QUE_FAZER": "CARTEIRA", "ER_REGIAO_CIDADE_min": "Capital Oeste_Lapa" }, "geometry": { "type": "Point", "coordinates": [ -46.7057464, -23.5197794 ] } },
{ "type": "Feature", "properties": { "fid": 227169, "CNPJ": "45275639000118", "IDCIDADE": "SAO_PAULO", "NOMEFANTASIA": "EMPORIO_CASZ_DE_ERVAS", "RAZAOSOCIAL": "EMPORIO_CASA_DE_ERVAS_2_LTDA", "ENDEE": "RUA_ALBION18__LAPA_05077-130", "LMAPS": "https://www.google.com/maps?q=&layer=c&cbll=-23.523267,-46.7047195", "O_QUE_FAZER": "FINALIZADO", "ER_REGIAO_CIDADE_min": "Capital Oeste_Lapa" }, "geometry": { "type": "Point", "coordinates": [ -46.7047195, -23.523267 ] } },
{ "type": "Feature", "properties": { "fid": 227181, "CNPJ": "45277974000155", "IDCIDADE": "SAO_PAULO", "NOMEFANTASIA": "EMPORIO_FLOR_DO_SERTAO", "RAZAOSOCIAL": "EMPORIO_CASA_DE_ERVAS_3_LTDA", "ENDEE": "RUA_CLEMENTE_ALVARES308__LAPA_05074-050", "LMAPS": "https://www.google.com/maps?q=&layer=c&cbll=-23.5198991,-46.7055779", "O_QUE_FAZER": "FINALIZADO", "ER_REGIAO_CIDADE_min": "Capital Oeste_Lapa" }, "geometry": { "type": "Point", "coordinates": [ -46.7055779, -23.5198991 ] } },
{ "type": "Feature", "properties": { "fid": 227277, "CNPJ": "45300949000145", "IDCIDADE": "SAO PAULO", "NOMEFANTASIA": "PANQUECA__&_CIA", "RAZAOSOCIAL": "45.300.949_DAMIAO_MACHADO_DE_OLIVEIRA", "ENDEE": "RUA CAIO GRACO, 141, VILA ROMANA, 05044-000, SÃO PAULO, SP, BRASIL", "LMAPS": "https://www.google.com/maps?q=&layer=c&cbll=-23.5240233,-46.6942619", "O_QUE_FAZER": "FINALIZADO", "ER_REGIAO_CIDADE_min": "Capital Oeste_Lapa" }, "geometry": { "type": "Point", "coordinates": [ -46.6942619, -23.5240233 ] } },
{ "type": "Feature", "properties": { "fid": 227282, "CNPJ": "45301750000131", "IDCIDADE": "SAO_PAULO", "NOMEFANTASIA": "GIRAFFAS", "RAZAOSOCIAL": "GL_CENTER_COMERCIO_DE_ALIMENTOS_LTDA", "ENDEE": "RUA_CATAO72__VILA_ROMANA_05049-000", "LMAPS": "https://www.google.com/maps?q=&layer=c&cbll=-23.5212695,-46.7010508", "O_QUE_FAZER": "CARTEIRA", "ER_REGIAO_CIDADE_min": "Capital Oeste_Lapa" }, "geometry": { "type": "Point", "coordinates": [ -46.7010508, -23.5212695 ] } },
{ "type": "Feature", "properties": { "fid": 227560, "CNPJ": "45362072000117", "IDCIDADE": "SAO_PAULO", "NOMEFANTASIA": "INFOCELL", "RAZAOSOCIAL": "GABL_COMERCIO_ELETRONICOS_E_CELULARES_LTDA", "ENDEE": "RUA_CATAO72__VILA_ROMANA_05049-000", "LMAPS": "https://www.google.com/maps?q=&layer=c&cbll=-23.5215272,-46.700557", "O_QUE_FAZER": "CARTEIRA", "ER_REGIAO_CIDADE_min": "Capital Oeste_Lapa" }, "geometry": { "type": "Point", "coordinates": [ -46.700557, -23.5215272 ] } },
{ "type": "Feature", "properties": { "fid": 227672, "CNPJ": "45387649000145", "IDCIDADE": "SAO_PAULO", "NOMEFANTASIA": "BELLANOA", "RAZAOSOCIAL": "DRPV_MODA_INFANTIL_LTDA", "ENDEE": "RUA_ALBION366__LAPA_05077-130", "LMAPS": "https://www.google.com/maps?q=&layer=c&cbll=-23.5234977,-46.7082382", "O_QUE_FAZER": "APLICAR T2", "ER_REGIAO_CIDADE_min": "Capital Oeste_Lapa" }, "geometry": { "type": "Point", "coordinates": [ -46.7082382, -23.5234977 ] } },
{ "type": "Feature", "properties": { "fid": 228067, "CNPJ": "45488486000197", "IDCIDADE": "SAO PAULO", "NOMEFANTASIA": "-", "RAZAOSOCIAL": "45.488.486_KARLA_VARELLA_LECA", "ENDEE": "RUA FAUSTOLO, 417, AGUA BRANCA, 05041-000, SÃO PAULO, SP, BRASIL", "LMAPS": "https://www.google.com/maps?q=&layer=c&cbll=-23.5240692,-46.6893969", "O_QUE_FAZER": "CARTEIRA - FAMPE", "ER_REGIAO_CIDADE_min": "Capital Oeste_Lapa" }, "geometry": { "type": "Point", "coordinates": [ -46.6893969, -23.5240692 ] } },
{ "type": "Feature", "properties": { "fid": 229180, "CNPJ": "45721317000155", "IDCIDADE": "SAO PAULO", "NOMEFANTASIA": "PONTO_DA_LINGERIE", "RAZAOSOCIAL": "PONTO_DA_LINGERIE", "ENDEE": "DOZE DE OUTUBRO_245_LAPA_SÃO PAULO_05073-000", "LMAPS": "https://www.google.com/maps?q=&layer=c&cbll=-23.5203176,-46.7040145", "O_QUE_FAZER": "APLICAR T4", "ER_REGIAO_CIDADE_min": "Capital Oeste_Lapa" }, "geometry": { "type": "Point", "coordinates": [ -46.7040145, -23.5203176 ] } },
{ "type": "Feature", "properties": { "fid": 229257, "CNPJ": "45735859000187", "IDCIDADE": "SAO_PAULO", "NOMEFANTASIA": "SANTA_HELENA", "RAZAOSOCIAL": "EMPORIO_E_MERCEARIA_SANTA_HELENA_LTDA", "ENDEE": "RUA_HERBART47__LAPA_05072-030", "LMAPS": "https://www.google.com/maps?q=&layer=c&cbll=-23.5193926,-46.7013188", "O_QUE_FAZER": "CARTEIRA", "ER_REGIAO_CIDADE_min": "Capital Oeste_Lapa" }, "geometry": { "type": "Point", "coordinates": [ -46.7013188, -23.5193926 ] } },
{ "type": "Feature", "properties": { "fid": 229487, "CNPJ": "45777360000302", "IDCIDADE": "SAO_PAULO", "NOMEFANTASIA": "SURF_TRIP", "RAZAOSOCIAL": "SUN_SURF_WEAR_COMERCIO_LTDA", "ENDEE": "RUA_CATAO72__VILA_ROMANA_05049-000", "LMAPS": "https://www.google.com/maps?q=&layer=c&cbll=-23.5215515,-46.7008211", "O_QUE_FAZER": "CARTEIRA", "ER_REGIAO_CIDADE_min": "Capital Oeste_Lapa" }, "geometry": { "type": "Point", "coordinates": [ -46.7008211, -23.5215515 ] } },
{ "type": "Feature", "properties": { "fid": 230482, "CNPJ": "45964476000180", "IDCIDADE": "SAO PAULO", "NOMEFANTASIA": "Minimercado_DDP", "RAZAOSOCIAL": "MINIMERCADO_BLADE_LTDA", "ENDEE": "RUA SEPETIBA, 188, SICILIANO, 05052-000, SÃO PAULO, SP, BRASIL", "LMAPS": "https://www.google.com/maps?q=&layer=c&cbll=-23.5307612,-46.7020074", "O_QUE_FAZER": "CARTEIRA - FAMPE", "ER_REGIAO_CIDADE_min": "Capital Oeste_Lapa" }, "geometry": { "type": "Point", "coordinates": [ -46.7020074, -23.5307612 ] } },
{ "type": "Feature", "properties": { "fid": 230884, "CNPJ": "46035481000171", "IDCIDADE": "SAO_PAULO", "NOMEFANTASIA": "LANCHONETE_NOVA_LAPA", "RAZAOSOCIAL": "LANCHONETE_NOVA_LAPA_LTDA", "ENDEE": "RUA_CATAO359__VILA_ROMANA_05049-000", "LMAPS": "https://www.google.com/maps?q=&layer=c&cbll=-23.5240855,-46.7004443", "O_QUE_FAZER": "APLICAR T4", "ER_REGIAO_CIDADE_min": "Capital Oeste_Lapa" }, "geometry": { "type": "Point", "coordinates": [ -46.7004443, -23.5240855 ] } },
{ "type": "Feature", "properties": { "fid": 231103, "CNPJ": "46077145000191", "IDCIDADE": "SAO_PAULO", "NOMEFANTASIA": "HORTITA", "RAZAOSOCIAL": "JB_DE_SOUZA_COMERCIO_DE_HORTIFRUTIGRANJEIROS", "ENDEE": "RUA_HERBART47__LAPA_05072-030", "LMAPS": "https://www.google.com/maps?q=&layer=c&cbll=-23.5195116,-46.701752", "O_QUE_FAZER": "APLICAR T2", "ER_REGIAO_CIDADE_min": "Capital Oeste_Lapa" }, "geometry": { "type": "Point", "coordinates": [ -46.701752, -23.5195116 ] } },
{ "type": "Feature", "properties": { "fid": 231918, "CNPJ": "46251226000166", "IDCIDADE": "SAO_PAULO", "NOMEFANTASIA": "ANALU_INTIMATES", "RAZAOSOCIAL": "ANALU_INTIMATES_LTDA", "ENDEE": "RUA_DOZE_DE_OUTUBRO576__LAPA_08071-072", "LMAPS": "https://www.google.com/maps?q=&layer=c&cbll=-23.522891,-46.7054266", "O_QUE_FAZER": "CARTEIRA", "ER_REGIAO_CIDADE_min": "Capital Oeste_Lapa" }, "geometry": { "type": "Point", "coordinates": [ -46.7054266, -23.522891 ] } },
{ "type": "Feature", "properties": { "fid": 232015, "CNPJ": "46270707000119", "IDCIDADE": "SAO_PAULO", "NOMEFANTASIA": "EDY_MOTOS", "RAZAOSOCIAL": "EDY_MOTOS_PECAS_E_ACESSSORIOS_LTDA", "ENDEE": "RUA_GUAICURUS598__AGUA_BRANCA_05033-000", "LMAPS": "https://www.google.com/maps?q=&layer=c&cbll=-23.5226238,-46.6914357", "O_QUE_FAZER": "FINALIZADO", "ER_REGIAO_CIDADE_min": "Capital Oeste_Lapa" }, "geometry": { "type": "Point", "coordinates": [ -46.6914357, -23.5226238 ] } },
{ "type": "Feature", "properties": { "fid": 232346, "CNPJ": "46337036000166", "IDCIDADE": "SAO_PAULO", "NOMEFANTASIA": "OTICA_ARCO_IRIS", "RAZAOSOCIAL": "OTICA_ARCO_IRIS_LTDA", "ENDEE": "RUA_MONTEIRO_DE_MELO131__LAPA_05050-000", "LMAPS": "https://www.google.com/maps?q=&layer=c&cbll=-23.5225552,-46.7029114", "O_QUE_FAZER": "APLICAR T4", "ER_REGIAO_CIDADE_min": "Capital Oeste_Lapa" }, "geometry": { "type": "Point", "coordinates": [ -46.7029114, -23.5225552 ] } },
{ "type": "Feature", "properties": { "fid": 232658, "CNPJ": "46403843000130", "IDCIDADE": "SAO_PAULO", "NOMEFANTASIA": "ELETRON_MATERIAIS_ELETRICOS_E_ILUMINACAO", "RAZAOSOCIAL": "MMXII_COMERCIO_E_SERVICOS_DE_MATERIAIS_ELETRICOS_LTDA", "ENDEE": "RUA_GUAICURUS_846_AGUA_BRANCA_05033-001_SAO_PAULO_BRASIL", "LMAPS": "https://www.google.com/maps?q=&layer=c&cbll=-23.5227003,-46.6938926", "O_QUE_FAZER": "FINALIZADO", "ER_REGIAO_CIDADE_min": "Capital Oeste_Lapa" }, "geometry": { "type": "Point", "coordinates": [ -46.6938926, -23.5227003 ] } },
{ "type": "Feature", "properties": { "fid": 232769, "CNPJ": "46427250000103", "IDCIDADE": "SAO_PAULO", "NOMEFANTASIA": "SMART_VISTORIA", "RAZAOSOCIAL": "RR_VISTORIA_VEICULAR_LTDA", "ENDEE": "RUA_FRANCISCO_ALVES192__VILA_ROMANA_08342-060", "LMAPS": "https://www.google.com/maps?q=&layer=c&cbll=-23.5274963,-46.7025178", "O_QUE_FAZER": "FINALIZADO", "ER_REGIAO_CIDADE_min": "Capital Oeste_Lapa" }, "geometry": { "type": "Point", "coordinates": [ -46.7025178, -23.5274963 ] } },
{ "type": "Feature", "properties": { "fid": 233461, "CNPJ": "46565695000150", "IDCIDADE": "SAO_PAULO", "NOMEFANTASIA": "TERRA_BRASIL", "RAZAOSOCIAL": "TERRA_BRASIL_ACAI_VILA_ROMANA_LTDA", "ENDEE": "RUA_CORIOLANO639__VILA_ROMANA_05047-000", "LMAPS": "https://www.google.com/maps?q=&layer=c&cbll=-23.5261351,-46.6916833", "O_QUE_FAZER": "CARTEIRA", "ER_REGIAO_CIDADE_min": "Capital Oeste_Lapa" }, "geometry": { "type": "Point", "coordinates": [ -46.6916833, -23.5261351 ] } },
{ "type": "Feature", "properties": { "fid": 233764, "CNPJ": "46628921000102", "IDCIDADE": "SAO_PAULO", "NOMEFANTASIA": "EMPORIO_CARVALHO", "RAZAOSOCIAL": "MARLUCE_DISTRIBUIDORA_DE_PRODUTOS_ALIMENTICIOS_LTDA", "ENDEE": "RUA_HERBART47__LAPA_05072-030", "LMAPS": "https://www.google.com/maps?q=&layer=c&cbll=-23.5193212,-46.7018933", "O_QUE_FAZER": "CARTEIRA", "ER_REGIAO_CIDADE_min": "Capital Oeste_Lapa" }, "geometry": { "type": "Point", "coordinates": [ -46.7018933, -23.5193212 ] } },
{ "type": "Feature", "properties": { "fid": 233994, "CNPJ": "46676561000297", "IDCIDADE": "SAO_PAULO", "NOMEFANTASIA": "SNAK_BURGERIA", "RAZAOSOCIAL": "BURGERS-SHAKES-FRIES_RESTAURANTE_LTDA", "ENDEE": "RUA_CERRO_CORA968__VILA_ROMANA_05061-000", "LMAPS": "https://www.google.com/maps?q=&layer=c&cbll=-23.5392398,-46.7058595", "O_QUE_FAZER": "CARTEIRA", "ER_REGIAO_CIDADE_min": "Capital Oeste_Lapa" }, "geometry": { "type": "Point", "coordinates": [ -46.7058595, -23.5392398 ] } },
{ "type": "Feature", "properties": { "fid": 235337, "CNPJ": "46947154000196", "IDCIDADE": "SAO_PAULO", "NOMEFANTASIA": "TOP_STAR", "RAZAOSOCIAL": "EDER_DA_SILVA_CAVALCANTE", "ENDEE": "RUA_DOUTOR_CINCINATO_POMPONET118__LAPA_05072-020", "LMAPS": "https://www.google.com/maps?q=&layer=c&cbll=-23.5195964,-46.7024325", "O_QUE_FAZER": "CARTEIRA", "ER_REGIAO_CIDADE_min": "Capital Oeste_Lapa" }, "geometry": { "type": "Point", "coordinates": [ -46.7024325, -23.5195964 ] } },
{ "type": "Feature", "properties": { "fid": 235452, "CNPJ": "46973818000191", "IDCIDADE": "SAO_PAULO", "NOMEFANTASIA": "RESTAURANTE_NOSSA_SENHORA_DA_LAPA", "RAZAOSOCIAL": "AMANDA_DO_CARMO_FRAGOSO", "ENDEE": "RUA_NOSSA_SENHORA_DA_LAPA416__LAPA_05072-000", "LMAPS": "https://www.google.com/maps?q=&layer=c&cbll=-23.5228685,-46.7042891", "O_QUE_FAZER": "CARTEIRA", "ER_REGIAO_CIDADE_min": "Capital Oeste_Lapa" }, "geometry": { "type": "Point", "coordinates": [ -46.7042891, -23.5228685 ] } },
{ "type": "Feature", "properties": { "fid": 235470, "CNPJ": "46976331000162", "IDCIDADE": "SAO_PAULO", "NOMEFANTASIA": "MEGA_PODIUM_MOTOS", "RAZAOSOCIAL": "MASTER_MEGA_MOTOS_LTDA", "ENDEE": "RUA_CLELIA1953__AGUA_BRANCA_05042-000", "LMAPS": "https://www.google.com/maps?q=&layer=c&cbll=-23.5251025,-46.7016367", "O_QUE_FAZER": "FINALIZADO", "ER_REGIAO_CIDADE_min": "Capital Oeste_Lapa" }, "geometry": { "type": "Point", "coordinates": [ -46.7016367, -23.5251025 ] } },
{ "type": "Feature", "properties": { "fid": 235532, "CNPJ": "46988117000126", "IDCIDADE": "SAO_PAULO", "NOMEFANTASIA": "TO_GO_LAPA", "RAZAOSOCIAL": "ADP_PELHO_COMERCIO_DE_ALIMENTOS_LTDA", "ENDEE": "RUA_CLEMENTE_ALVARES500__LAPA_05074-050", "LMAPS": "https://www.google.com/maps?q=&layer=c&cbll=-23.5193159,-46.7075207", "O_QUE_FAZER": "CARTEIRA", "ER_REGIAO_CIDADE_min": "Capital Oeste_Lapa" }, "geometry": { "type": "Point", "coordinates": [ -46.7075207, -23.5193159 ] } },
{ "type": "Feature", "properties": { "fid": 235637, "CNPJ": "47011214000127", "IDCIDADE": "SAO PAULO", "NOMEFANTASIA": null, "RAZAOSOCIAL": "LSG_ASSESSORIA_CONSULTORIA_E_PARTICIPACOES_LTDA", "ENDEE": "RUA JOHN HARRISON, 299, ANDAR 9 - CJ 909, LAPA, 05074-080, SÃO PAULO, SP, BRASIL", "LMAPS": "https://www.google.com/maps?q=&layer=c&cbll=-23.5175522,-46.7061024", "O_QUE_FAZER": "CARTEIRA - FAMPE", "ER_REGIAO_CIDADE_min": "Capital Oeste_Lapa" }, "geometry": { "type": "Point", "coordinates": [ -46.7061024, -23.5175522 ] } },
{ "type": "Feature", "properties": { "fid": 235695, "CNPJ": "47024377000144", "IDCIDADE": "SAO_PAULO", "NOMEFANTASIA": "INTERIORES_CONFECCOES_LTDA", "RAZAOSOCIAL": "MADEIRA_&_LINHA", "ENDEE": "RUA_CAIO_GRACO309__VILA_ROMANA_05044-000", "LMAPS": "https://www.google.com/maps?q=&layer=c&cbll=-23.5255594,-46.6941171", "O_QUE_FAZER": "FINALIZADO", "ER_REGIAO_CIDADE_min": "Capital Oeste_Lapa" }, "geometry": { "type": "Point", "coordinates": [ -46.6941171, -23.5255594 ] } },
{ "type": "Feature", "properties": { "fid": 236293, "CNPJ": "47138989000168", "IDCIDADE": "SAO_PAULO", "NOMEFANTASIA": "NOVA_MIX_VARIEDADES", "RAZAOSOCIAL": "MS_MIX_VARIEDADES_COMERCIO_DE_ALIMENTOS_SOCIEDADE_UNIPESSOAL_LIMITADA", "ENDEE": "RUA_CLEMENTE_ALVARES254__LAPA_05074-050", "LMAPS": "https://www.google.com/maps?q=&layer=c&cbll=-23.5202143,-46.7050645", "O_QUE_FAZER": "APLICAR T2", "ER_REGIAO_CIDADE_min": "Capital Oeste_Lapa" }, "geometry": { "type": "Point", "coordinates": [ -46.7050645, -23.5202143 ] } },
{ "type": "Feature", "properties": { "fid": 236324, "CNPJ": "47145822000124", "IDCIDADE": "SAO PAULO", "NOMEFANTASIA": "ÓTICA__MERCURY", "RAZAOSOCIAL": "HELOIZA_FELIX_DOS_SANTOS_MERCURI_31989167802", "ENDEE": "ALBION, 86, LAPA, SÃO PAULO_05077-130", "LMAPS": "https://www.google.com/maps?q=&layer=c&cbll=-23.5233054,-46.7054247", "O_QUE_FAZER": "APLICAR T4", "ER_REGIAO_CIDADE_min": "Capital Oeste_Lapa" }, "geometry": { "type": "Point", "coordinates": [ -46.7054247, -23.5233054 ] } },
{ "type": "Feature", "properties": { "fid": 237078, "CNPJ": "47300759000153", "IDCIDADE": "SAO PAULO", "NOMEFANTASIA": "OUTLET_DAS_MARCAS_COMÉRCIOS_DE_CONFECÇÕES_LTDA", "RAZAOSOCIAL": "OUTLET_DAS_MARCAS_COMÉRCIOS_DE_CONFECÇÕES_LTDA", "ENDEE": "DOZE DE OUTUBRO_212_LAPA_SÃO PAULO_05073-000", "LMAPS": "https://www.google.com/maps?q=&layer=c&cbll=-23.519907,-46.7043636", "O_QUE_FAZER": "APLICAR T4", "ER_REGIAO_CIDADE_min": "Capital Oeste_Lapa" }, "geometry": { "type": "Point", "coordinates": [ -46.7043636, -23.519907 ] } },
{ "type": "Feature", "properties": { "fid": 237117, "CNPJ": "47310527000186", "IDCIDADE": "SAO_PAULO", "NOMEFANTASIA": "DON_PEPE", "RAZAOSOCIAL": "THIAGO_COSTA_VILLALON_GARCIA", "ENDEE": "RUA_CLEMENTE_ALVARES424__LAPA_05074-050", "LMAPS": "https://www.google.com/maps?q=&layer=c&cbll=-23.519846,-46.7064192", "O_QUE_FAZER": "CARTEIRA", "ER_REGIAO_CIDADE_min": "Capital Oeste_Lapa" }, "geometry": { "type": "Point", "coordinates": [ -46.7064192, -23.519846 ] } },
{ "type": "Feature", "properties": { "fid": 238286, "CNPJ": "47563454000134", "IDCIDADE": "SAO_PAULO", "NOMEFANTASIA": "OTICAS_INSIDER", "RAZAOSOCIAL": "ADB_MARKETING_TELECOMUNICACOES_E_OTICAS_LTDA", "ENDEE": "RUA_GUAICURUS1423__AGUA_BRANCA_05033-000", "LMAPS": "https://www.google.com/maps?q=&layer=c&cbll=-23.5212354,-46.6992815", "O_QUE_FAZER": "APLICAR T2", "ER_REGIAO_CIDADE_min": "Capital Oeste_Lapa" }, "geometry": { "type": "Point", "coordinates": [ -46.6992815, -23.5212354 ] } },
{ "type": "Feature", "properties": { "fid": 238327, "CNPJ": "47578258000133", "IDCIDADE": "SAO PAULO", "NOMEFANTASIA": "PROJECT_MOTOS", "RAZAOSOCIAL": "PROJECT_MOTOS_LTDA", "ENDEE": "RUA CLÉLIA, 1410, ÁGUA BRANCA, 05042-000, SÃO PAULO, SP, BRASIL", "LMAPS": "https://www.google.com/maps?q=&layer=c&cbll=-23.5248826,-46.6962479", "O_QUE_FAZER": "FINALIZADO", "ER_REGIAO_CIDADE_min": "Capital Oeste_Lapa" }, "geometry": { "type": "Point", "coordinates": [ -46.6962479, -23.5248826 ] } },
{ "type": "Feature", "properties": { "fid": 238478, "CNPJ": "47609032000152", "IDCIDADE": "SAO_PAULO", "NOMEFANTASIA": "C&S_MATERIAIS_PARA_CONSTRUCAO", "RAZAOSOCIAL": "C&S_COMERCIO_DE_MATERIAIS_PARA_CONSTRUCAO_LTDA", "ENDEE": "RUA_FAUSTOLO620__AGUA_BRANCA_05041-000", "LMAPS": "https://www.google.com/maps?q=&layer=c&cbll=-23.5237089,-46.6913977", "O_QUE_FAZER": "FINALIZADO", "ER_REGIAO_CIDADE_min": "Capital Oeste_Lapa" }, "geometry": { "type": "Point", "coordinates": [ -46.6913977, -23.5237089 ] } },
{ "type": "Feature", "properties": { "fid": 238623, "CNPJ": "47633158000162", "IDCIDADE": "SAO_PAULO", "NOMEFANTASIA": "TREELAB", "RAZAOSOCIAL": "JIMENEZ_EMPREENDIMENTOS_ESPORTIVOS_E_DE_BEM_ESTAR_LTDA", "ENDEE": "RUA_TOME_DE_SOUZA6__LAPA_05079-000", "LMAPS": "https://www.google.com/maps?q=&layer=c&cbll=-23.5252373,-46.7066385", "O_QUE_FAZER": "APLICAR T2", "ER_REGIAO_CIDADE_min": "Capital Oeste_Lapa" }, "geometry": { "type": "Point", "coordinates": [ -46.7066385, -23.5252373 ] } },
{ "type": "Feature", "properties": { "fid": 238696, "CNPJ": "47646910000100", "IDCIDADE": "SAO_PAULO", "NOMEFANTASIA": "LEADS_MOTO", "RAZAOSOCIAL": "LEADS_MOTOS_COMERCIO_E_SERVICOS_LTDA", "ENDEE": "RUA_GUAICURUS608__AGUA_BRANCA_05033-000", "LMAPS": "https://www.google.com/maps?q=&layer=c&cbll=-23.5225322,-46.6915622", "O_QUE_FAZER": "FINALIZADO", "ER_REGIAO_CIDADE_min": "Capital Oeste_Lapa" }, "geometry": { "type": "Point", "coordinates": [ -46.6915622, -23.5225322 ] } },
{ "type": "Feature", "properties": { "fid": 239541, "CNPJ": "47824343000134", "IDCIDADE": "SAO_PAULO", "NOMEFANTASIA": "LUMI_ZMOVEIS", "RAZAOSOCIAL": "J_N_MORAIS_COMERCIO_DE_MOVEIS_PARA_SALAO_DE_CABELEIREIROS_LTDA", "ENDEE": "RUA_NOSSA_SENHORA_DA_LAPA267__LAPA_05072-000", "LMAPS": "https://www.google.com/maps?q=&layer=c&cbll=-23.5225748,-46.7023311", "O_QUE_FAZER": "CARTEIRA", "ER_REGIAO_CIDADE_min": "Capital Oeste_Lapa" }, "geometry": { "type": "Point", "coordinates": [ -46.7023311, -23.5225748 ] } },
{ "type": "Feature", "properties": { "fid": 239608, "CNPJ": "47842187000134", "IDCIDADE": "SAO_PAULO", "NOMEFANTASIA": "BRASILIANTI", "RAZAOSOCIAL": "BRASILIANTI_COMERCIO_E_INDUSTRIA_LTDA", "ENDEE": "RUA_AURELIA614__VILA_ROMANA_05046-000", "LMAPS": "https://www.google.com/maps?q=&layer=c&cbll=-23.5266907,-46.6951351", "O_QUE_FAZER": "CARTEIRA", "ER_REGIAO_CIDADE_min": "Capital Oeste_Lapa" }, "geometry": { "type": "Point", "coordinates": [ -46.6951351, -23.5266907 ] } },
{ "type": "Feature", "properties": { "fid": 239734, "CNPJ": "47869240000190", "IDCIDADE": "SAO_PAULO", "NOMEFANTASIA": "47.869.240_EDIMEA_TEREZA_DA_SILVA", "RAZAOSOCIAL": "QUILOMBO_DOCES", "ENDEE": "RUA_CAIO_GRACO20__VILA_ROMANA_05044-000", "LMAPS": "https://www.google.com/maps?q=&layer=c&cbll=-23.5229413,-46.6944458", "O_QUE_FAZER": "FINALIZADO", "ER_REGIAO_CIDADE_min": "Capital Oeste_Lapa" }, "geometry": { "type": "Point", "coordinates": [ -46.6944458, -23.5229413 ] } },
{ "type": "Feature", "properties": { "fid": 239766, "CNPJ": "47877980000179", "IDCIDADE": "SAO PAULO", "NOMEFANTASIA": "BAR_E_LANCHES_CITY_LAPA", "RAZAOSOCIAL": "BAR_E_LANCHES_CITY_LAPA", "ENDEE": "RUA GUARICANGA, 282, LAPA, 05075-030, SÃO PAULO, BRASIL_05075-030", "LMAPS": "https://www.google.com/maps?q=&layer=c&cbll=-23.5228019,-46.7104945", "O_QUE_FAZER": "APLICAR T4", "ER_REGIAO_CIDADE_min": "Capital Oeste_Lapa" }, "geometry": { "type": "Point", "coordinates": [ -46.7104945, -23.5228019 ] } },
{ "type": "Feature", "properties": { "fid": 239771, "CNPJ": "47879697000186", "IDCIDADE": "SAO_PAULO", "NOMEFANTASIA": "EMPORIO_LUVIZARI", "RAZAOSOCIAL": "LUVIZARI_DISTRIBUIDORA_DE_PRODUTOS_ALIMENTICIOS_LTDA", "ENDEE": "RUA_HERBART47__LAPA_05072-030", "LMAPS": "https://www.google.com/maps?q=&layer=c&cbll=-23.5190749,-46.7017699", "O_QUE_FAZER": "CARTEIRA", "ER_REGIAO_CIDADE_min": "Capital Oeste_Lapa" }, "geometry": { "type": "Point", "coordinates": [ -46.7017699, -23.5190749 ] } },
{ "type": "Feature", "properties": { "fid": 239773, "CNPJ": "47879978000139", "IDCIDADE": "SAO_PAULO", "NOMEFANTASIA": "AUTOMOTIVO_BARAO", "RAZAOSOCIAL": "POSTO_DE_ESCAPAMENTOS_E_AMORTECEDORES_BARAO_LTDA", "ENDEE": "RUA_BARAO_DE_JUNDIAI177__LAPA_05073-010", "LMAPS": "https://www.google.com/maps?q=&layer=c&cbll=-23.5244954,-46.7064533", "O_QUE_FAZER": "CARTEIRA", "ER_REGIAO_CIDADE_min": "Capital Oeste_Lapa" }, "geometry": { "type": "Point", "coordinates": [ -46.7064533, -23.5244954 ] } },
{ "type": "Feature", "properties": { "fid": 239918, "CNPJ": "47911108000108", "IDCIDADE": "SÃO PAULO", "NOMEFANTASIA": "CAFÉ BARBEIRO", "RAZAOSOCIAL": "CESAR AUGUSTO JOSE SILVA 42527061818", "ENDEE": "RUA TENENTE LANDY, 209, LAPA DE BAIXO, 05068-020, SÃO PAULO, SP, BRASIL", "LMAPS": "https://www.google.com/maps?q=&layer=c&cbll=-23.5164467,-46.7023267", "O_QUE_FAZER": "APLICAR T2", "ER_REGIAO_CIDADE_min": "Capital Oeste_Lapa" }, "geometry": { "type": "Point", "coordinates": [ -46.7023267, -23.5164467 ] } },
{ "type": "Feature", "properties": { "fid": 240054, "CNPJ": "47935025000140", "IDCIDADE": "SAO_PAULO", "NOMEFANTASIA": "CHICO_MATE_E_ACAI", "RAZAOSOCIAL": "CHICO_MATE_E_ACAI_LTDA", "ENDEE": "RUA_ROMA678__LAPA_05050-090", "LMAPS": "https://www.google.com/maps?q=&layer=c&cbll=-23.5226829,-46.7031818", "O_QUE_FAZER": "CARTEIRA", "ER_REGIAO_CIDADE_min": "Capital Oeste_Lapa" }, "geometry": { "type": "Point", "coordinates": [ -46.7031818, -23.5226829 ] } },
{ "type": "Feature", "properties": { "fid": 240259, "CNPJ": "47970346000186", "IDCIDADE": "SAO_PAULO", "NOMEFANTASIA": "ANGELA_DE_SOUSA_CARDOZO_MODA_FEMININA_LTDA", "RAZAOSOCIAL": "MORANGATA", "ENDEE": "RUA_CORIOLANO859__VILA_ROMANA_05047-000", "LMAPS": "https://www.google.com/maps?q=&layer=c&cbll=-23.526154,-46.6938872", "O_QUE_FAZER": "FINALIZADO", "ER_REGIAO_CIDADE_min": "Capital Oeste_Lapa" }, "geometry": { "type": "Point", "coordinates": [ -46.6938872, -23.526154 ] } },
{ "type": "Feature", "properties": { "fid": 240261, "CNPJ": "47970860000111", "IDCIDADE": "SAO_PAULO", "NOMEFANTASIA": "SUPER_POTATO", "RAZAOSOCIAL": "JULIANA_CARVALHO_DE_LIMA", "ENDEE": "RUA_HERBART47__LAPA_05072-030", "LMAPS": "https://www.google.com/maps?q=&layer=c&cbll=-23.5197351,-46.701708", "O_QUE_FAZER": "CARTEIRA", "ER_REGIAO_CIDADE_min": "Capital Oeste_Lapa" }, "geometry": { "type": "Point", "coordinates": [ -46.701708, -23.5197351 ] } },
{ "type": "Feature", "properties": { "fid": 240420, "CNPJ": "48001578000199", "IDCIDADE": "SAO_PAULO", "NOMEFANTASIA": "CEMLAB", "RAZAOSOCIAL": "CENTRO_DIAGNOSTICOS_E_LABORATORIAIS_LAPA_LTDA", "ENDEE": "RUA_CLEMENTE_ALVARES_462_LAPA_05074-050_SAO_PAULO_BRASIL", "LMAPS": "https://www.google.com/maps?q=&layer=c&cbll=-23.5193322,-46.7068915", "O_QUE_FAZER": "FINALIZADO", "ER_REGIAO_CIDADE_min": "Capital Oeste_Lapa" }, "geometry": { "type": "Point", "coordinates": [ -46.7068915, -23.5193322 ] } },
{ "type": "Feature", "properties": { "fid": 240434, "CNPJ": "48005211000143", "IDCIDADE": "SAO_PAULO", "NOMEFANTASIA": "INSTITUTO_EMBELLEZE", "RAZAOSOCIAL": "G&H_ENSINO_PROFISSIONALIZANTE_E_COMERCIO_LTDA", "ENDEE": "PRACA_PROFESSOR_JOSE_AZEVEDO_ANTUNES62__LAPA_05072-050", "LMAPS": "https://www.google.com/maps?q=&layer=c&cbll=-23.5239237,-46.7054329", "O_QUE_FAZER": "CARTEIRA", "ER_REGIAO_CIDADE_min": "Capital Oeste_Lapa" }, "geometry": { "type": "Point", "coordinates": [ -46.7054329, -23.5239237 ] } },
{ "type": "Feature", "properties": { "fid": 241501, "CNPJ": "48235690000194", "IDCIDADE": "SAO_PAULO", "NOMEFANTASIA": "BIG_SMILE", "RAZAOSOCIAL": "ODONTOSMILE_CLINICA_ODONTOLOGICA_LTDA", "ENDEE": "RUA_GUAICURUS1417__AGUA_BRANCA_05033-000", "LMAPS": "https://www.google.com/maps?q=&layer=c&cbll=-23.521241,-46.6992483", "O_QUE_FAZER": "CARTEIRA", "ER_REGIAO_CIDADE_min": "Capital Oeste_Lapa" }, "geometry": { "type": "Point", "coordinates": [ -46.6992483, -23.521241 ] } },
{ "type": "Feature", "properties": { "fid": 241603, "CNPJ": "48252217000115", "IDCIDADE": "SAO PAULO", "NOMEFANTASIA": "BAZAR_E_PAPELARIA_BONEQUINHA", "RAZAOSOCIAL": "BAZAR_E_PAPELARIA_BONEQUINHA_LTDA", "ENDEE": "RUA CLÉLIA, 600, ÁGUA BRANCA, 05042-000, SÃO PAULO, SP, BRASIL", "LMAPS": "https://www.google.com/maps?q=&layer=c&cbll=-23.5248983,-46.6882719", "O_QUE_FAZER": "FINALIZADO", "ER_REGIAO_CIDADE_min": "Capital Oeste_Lapa" }, "geometry": { "type": "Point", "coordinates": [ -46.6882719, -23.5248983 ] } },
{ "type": "Feature", "properties": { "fid": 241610, "CNPJ": "48253124000105", "IDCIDADE": "SAO_PAULO", "NOMEFANTASIA": "METALURGICA_FREITAS_LTDA", "RAZAOSOCIAL": "GRUPO_FREITAS", "ENDEE": "RUA_CORIOLANO1438__VILA_ROMANA_05047-001", "LMAPS": "https://www.google.com/maps?q=&layer=c&cbll=-23.5257661,-46.6995509", "O_QUE_FAZER": "FINALIZADO", "ER_REGIAO_CIDADE_min": "Capital Oeste_Lapa" }, "geometry": { "type": "Point", "coordinates": [ -46.6995509, -23.5257661 ] } },
{ "type": "Feature", "properties": { "fid": 242906, "CNPJ": "48498206000110", "IDCIDADE": "SAO_PAULO", "NOMEFANTASIA": "TEMAKI_VILA_ROMANO_LTDA", "RAZAOSOCIAL": "TEMAKI_FRY", "ENDEE": "RUA_ESPARTACO386__VILA_ROMANA_05045-000", "LMAPS": "https://www.google.com/maps?q=&layer=c&cbll=-23.5258814,-46.6967976", "O_QUE_FAZER": "FINALIZADO", "ER_REGIAO_CIDADE_min": "Capital Oeste_Lapa" }, "geometry": { "type": "Point", "coordinates": [ -46.6967976, -23.5258814 ] } },
{ "type": "Feature", "properties": { "fid": 242940, "CNPJ": "48504375000115", "IDCIDADE": "SAO_PAULO", "NOMEFANTASIA": "A._CLOSET", "RAZAOSOCIAL": "A_CLOSET_VESTUARIO_LTDA", "ENDEE": "RUA_DOZE_DE_OUTUBRO110__LAPA_05073-001", "LMAPS": "https://www.google.com/maps?q=&layer=c&cbll=-23.5191167,-46.7037517", "O_QUE_FAZER": "CARTEIRA", "ER_REGIAO_CIDADE_min": "Capital Oeste_Lapa" }, "geometry": { "type": "Point", "coordinates": [ -46.7037517, -23.5191167 ] } },
{ "type": "Feature", "properties": { "fid": 243836, "CNPJ": "48678025000175", "IDCIDADE": "SAO_PAULO", "NOMEFANTASIA": "KING_MOTOS", "RAZAOSOCIAL": "V_&_V_COMERCIO_DE_MOTOS_LTDA", "ENDEE": "RUA_CLELIA1620__AGUA_BRANCA_05042-000", "LMAPS": "https://www.google.com/maps?q=&layer=c&cbll=-23.5249004,-46.6983001", "O_QUE_FAZER": "FINALIZADO", "ER_REGIAO_CIDADE_min": "Capital Oeste_Lapa" }, "geometry": { "type": "Point", "coordinates": [ -46.6983001, -23.5249004 ] } },
{ "type": "Feature", "properties": { "fid": 244313, "CNPJ": "48781119000175", "IDCIDADE": "SAO_PAULO", "NOMEFANTASIA": "HOTEL_ALLEGRA", "RAZAOSOCIAL": "HOTEL_ALLEGRA_LTDA", "ENDEE": "RUA_FAUSTOLO1927__LAPA_05041-000", "LMAPS": "https://www.google.com/maps?q=&layer=c&cbll=-23.5235218,-46.7041383", "O_QUE_FAZER": "CARTEIRA", "ER_REGIAO_CIDADE_min": "Capital Oeste_Lapa" }, "geometry": { "type": "Point", "coordinates": [ -46.7041383, -23.5235218 ] } },
{ "type": "Feature", "properties": { "fid": 244670, "CNPJ": "48847311000117", "IDCIDADE": "SAO_PAULO", "NOMEFANTASIA": "OTICA_EROS", "RAZAOSOCIAL": "COMERCIO_OPTICOS_EROS_RENE_LTDA", "ENDEE": "RUA_ALBION21__LAPA_05077-130", "LMAPS": "https://www.google.com/maps?q=&layer=c&cbll=-23.5234613,-46.7049082", "O_QUE_FAZER": "APLICAR T2", "ER_REGIAO_CIDADE_min": "Capital Oeste_Lapa" }, "geometry": { "type": "Point", "coordinates": [ -46.7049082, -23.5234613 ] } },
{ "type": "Feature", "properties": { "fid": 244786, "CNPJ": "48873378000126", "IDCIDADE": "SAO_PAULO", "NOMEFANTASIA": "CHURRAS_EXPRESS", "RAZAOSOCIAL": "FALC_ESPETINHOS_LTDA", "ENDEE": "RUA_CATAO72__VILA_ROMANA_05049-000", "LMAPS": "https://www.google.com/maps?q=&layer=c&cbll=-23.521305,-46.7010554", "O_QUE_FAZER": "CARTEIRA", "ER_REGIAO_CIDADE_min": "Capital Oeste_Lapa" }, "geometry": { "type": "Point", "coordinates": [ -46.7010554, -23.521305 ] } },
{ "type": "Feature", "properties": { "fid": 244856, "CNPJ": "48886026000105", "IDCIDADE": "SAO_PAULO", "NOMEFANTASIA": "ENERGY_MOTOS", "RAZAOSOCIAL": "ZAZA_MOTO_PECAS_LTDA", "ENDEE": "RUA_GUAICURUS1226__AGUA_BRANCA_05033-000", "LMAPS": "https://www.google.com/maps?q=&layer=c&cbll=-23.5218981,-46.6974058", "O_QUE_FAZER": "CARTEIRA", "ER_REGIAO_CIDADE_min": "Capital Oeste_Lapa" }, "geometry": { "type": "Point", "coordinates": [ -46.6974058, -23.5218981 ] } },
{ "type": "Feature", "properties": { "fid": 244902, "CNPJ": "48898318000168", "IDCIDADE": "SAO_PAULO", "NOMEFANTASIA": "COZINHA_CASA_MIA", "RAZAOSOCIAL": "COZINHA_CASA_MIA_LTDA", "ENDEE": "RUA_CERRO_CORA1041__VILA_ROMANA_05061-000", "LMAPS": "https://www.google.com/maps?q=&layer=c&cbll=-23.5389983,-46.7068333", "O_QUE_FAZER": "CARTEIRA", "ER_REGIAO_CIDADE_min": "Capital Oeste_Lapa" }, "geometry": { "type": "Point", "coordinates": [ -46.7068333, -23.5389983 ] } },
{ "type": "Feature", "properties": { "fid": 245044, "CNPJ": "48932111000162", "IDCIDADE": "SAO PAULO", "NOMEFANTASIA": "EOH_BRECHO", "RAZAOSOCIAL": "48.932.111_OSVALDO_HELDER_CHIVELA_VICENTE", "ENDEE": "DRONSFIELD, 196, LAPA, SÃO PAULO_05074-000", "LMAPS": "https://www.google.com/maps?q=&layer=c&cbll=-23.5188837,-46.7046351", "O_QUE_FAZER": "APLICAR T4", "ER_REGIAO_CIDADE_min": "Capital Oeste_Lapa" }, "geometry": { "type": "Point", "coordinates": [ -46.7046351, -23.5188837 ] } },
{ "type": "Feature", "properties": { "fid": 245754, "CNPJ": "49126960000191", "IDCIDADE": "SAO PAULO", "NOMEFANTASIA": "-", "RAZAOSOCIAL": "49.126.960_SILVIA_MALIAN", "ENDEE": "RUA DUILIO, 391, TERREO, AGUA BRANCA, 05043-020, SÃO PAULO, SP, BRASIL", "LMAPS": "https://www.google.com/maps?q=&layer=c&cbll=-23.5263463,-46.6930028", "O_QUE_FAZER": "APLICAR T3", "ER_REGIAO_CIDADE_min": "Capital Oeste_Lapa" }, "geometry": { "type": "Point", "coordinates": [ -46.6930028, -23.5263463 ] } },
{ "type": "Feature", "properties": { "fid": 246118, "CNPJ": "49210916000165", "IDCIDADE": "SAO PAULO", "NOMEFANTASIA": "-", "RAZAOSOCIAL": "49.210.916_ADRIANA_MACHADO_HERMANN", "ENDEE": "RUA RUMAICA, 316, VILA IPOJUCA, 05057-020, SÃO PAULO, SP, BRASIL", "LMAPS": "https://www.google.com/maps?q=&layer=c&cbll=-23.5332355,-46.7074569", "O_QUE_FAZER": "CARTEIRA - FAMPE", "ER_REGIAO_CIDADE_min": "Capital Oeste_Lapa" }, "geometry": { "type": "Point", "coordinates": [ -46.7074569, -23.5332355 ] } },
{ "type": "Feature", "properties": { "fid": 246285, "CNPJ": "49242731000132", "IDCIDADE": "SAO_PAULO", "NOMEFANTASIA": "CIRURGICA_ALBION", "RAZAOSOCIAL": "CIRURGICA_ALBION_LTDA", "ENDEE": "RUA_DOZE_DE_OUTUBRO603__LAPA_05077-130", "LMAPS": "https://www.google.com/maps?q=&layer=c&cbll=-23.5232052,-46.7057729", "O_QUE_FAZER": "APLICAR T4", "ER_REGIAO_CIDADE_min": "Capital Oeste_Lapa" }, "geometry": { "type": "Point", "coordinates": [ -46.7057729, -23.5232052 ] } },
{ "type": "Feature", "properties": { "fid": 246578, "CNPJ": "49308554000140", "IDCIDADE": "SAO_PAULO", "NOMEFANTASIA": "RECANTO_DA_LAPA", "RAZAOSOCIAL": "LANCHONETE_RECANTO_DA_LAPA_LTDA", "ENDEE": "RUA_HERBART47__LAPA_05072-030", "LMAPS": "https://www.google.com/maps?q=&layer=c&cbll=-23.5193131,-46.7013564", "O_QUE_FAZER": "CARTEIRA", "ER_REGIAO_CIDADE_min": "Capital Oeste_Lapa" }, "geometry": { "type": "Point", "coordinates": [ -46.7013564, -23.5193131 ] } },
{ "type": "Feature", "properties": { "fid": 247057, "CNPJ": "49422057000178", "IDCIDADE": "SAO_PAULO", "NOMEFANTASIA": "MABELA_COMERCIO_DE_PRODUTOS_ALIMENTICIOS", "RAZAOSOCIAL": "MABELLA_COMERCIO_DE_PRODUTOS_ALIMENTICIOS_LTDA", "ENDEE": "RUA_NOSSA_SENHORA_DA_LAPA159__LAPA_05072-000", "LMAPS": "https://www.google.com/maps?q=&layer=c&cbll=-23.5212651,-46.7041034", "O_QUE_FAZER": "CARTEIRA", "ER_REGIAO_CIDADE_min": "Capital Oeste_Lapa" }, "geometry": { "type": "Point", "coordinates": [ -46.7041034, -23.5212651 ] } },
{ "type": "Feature", "properties": { "fid": 247257, "CNPJ": "49464555000183", "IDCIDADE": "SAO_PAULO", "NOMEFANTASIA": "NATURE_PET", "RAZAOSOCIAL": "COMERCIAL_PET_SHOP_JORGE_FERREIRA_LTDA", "ENDEE": "RUA_HERBART47__LAPA_05072-030", "LMAPS": "https://www.google.com/maps?q=&layer=c&cbll=-23.5195541,-46.7018439", "O_QUE_FAZER": "APLICAR T2", "ER_REGIAO_CIDADE_min": "Capital Oeste_Lapa" }, "geometry": { "type": "Point", "coordinates": [ -46.7018439, -23.5195541 ] } },
{ "type": "Feature", "properties": { "fid": 247833, "CNPJ": "49588551000107", "IDCIDADE": "SAO_PAULO", "NOMEFANTASIA": "VALTER_ANTENAS", "RAZAOSOCIAL": "VALTER_ANTENAS_COMERCIO_DE_COMPONENTES_ELETRICOS_E_ELETRONICOS_LTDA", "ENDEE": "RUA_ROMA627__LAPA_05050-090", "LMAPS": "https://www.google.com/maps?q=&layer=c&cbll=-23.5227212,-46.7026588", "O_QUE_FAZER": "CARTEIRA", "ER_REGIAO_CIDADE_min": "Capital Oeste_Lapa" }, "geometry": { "type": "Point", "coordinates": [ -46.7026588, -23.5227212 ] } },
{ "type": "Feature", "properties": { "fid": 248139, "CNPJ": "49642529000106", "IDCIDADE": "SAO PAULO", "NOMEFANTASIA": "MERCENÁRIA_DOCES", "RAZAOSOCIAL": "MERCENÁRIA_DOCES", "ENDEE": "CLÉLIA, 2124, ÁGUA BRANCA, SÃO PAULO", "LMAPS": "https://www.google.com/maps?q=&layer=c&cbll=-23.5246428,-46.7032957", "O_QUE_FAZER": "FINALIZADO", "ER_REGIAO_CIDADE_min": "Capital Oeste_Lapa" }, "geometry": { "type": "Point", "coordinates": [ -46.7032957, -23.5246428 ] } },
{ "type": "Feature", "properties": { "fid": 248168, "CNPJ": "49646080000146", "IDCIDADE": "SAO_PAULO", "NOMEFANTASIA": "VIGGUI_CALCA", "RAZAOSOCIAL": "VIGGUI_CALCADOS_E_ACESSORIOS_LTDA", "ENDEE": "RUA_DOZE_DE_OUTUBRO47__LAPA_05073-000", "LMAPS": "https://www.google.com/maps?q=&layer=c&cbll=-23.5186767,-46.7034433", "O_QUE_FAZER": "APLICAR T4", "ER_REGIAO_CIDADE_min": "Capital Oeste_Lapa" }, "geometry": { "type": "Point", "coordinates": [ -46.7034433, -23.5186767 ] } },
{ "type": "Feature", "properties": { "fid": 248572, "CNPJ": "49733971000130", "IDCIDADE": "SAO_PAULO", "NOMEFANTASIA": "49.733.971_WENDELL_DURVAL_DE_SOUZA", "RAZAOSOCIAL": "BARBEARIA_AVODAH", "ENDEE": "RUA_CLELIA477__BARRA_FUNDA_05042-000", "LMAPS": "https://www.google.com/maps?q=&layer=c&cbll=-23.5250855,-46.6870805", "O_QUE_FAZER": "FINALIZADO", "ER_REGIAO_CIDADE_min": "Capital Oeste_Lapa" }, "geometry": { "type": "Point", "coordinates": [ -46.6870805, -23.5250855 ] } },
{ "type": "Feature", "properties": { "fid": 249987, "CNPJ": "49997925000148", "IDCIDADE": "SAO_PAULO", "NOMEFANTASIA": "LIMP_CLEAN", "RAZAOSOCIAL": "LIMP_&_CLEAN_EMBALAGENS_E_DESCARTAVEIS_LTDA", "ENDEE": "RUA_FAUSTOLO1830__LAPA_05041-000", "LMAPS": "https://www.google.com/maps?q=&layer=c&cbll=-23.5236995,-46.7030717", "O_QUE_FAZER": "CARTEIRA", "ER_REGIAO_CIDADE_min": "Capital Oeste_Lapa" }, "geometry": { "type": "Point", "coordinates": [ -46.7030717, -23.5236995 ] } },
{ "type": "Feature", "properties": { "fid": 251117, "CNPJ": "50214237000143", "IDCIDADE": "SAO_PAULO", "NOMEFANTASIA": "OTICA_VITORIA", "RAZAOSOCIAL": "DIEGO_MARTINS_QUEIROGA", "ENDEE": "RUA_AFONSO_SARDINHA150__LAPA_05076-000", "LMAPS": "https://www.google.com/maps?q=&layer=c&cbll=-23.5228986,-46.7052924", "O_QUE_FAZER": "CARTEIRA", "ER_REGIAO_CIDADE_min": "Capital Oeste_Lapa" }, "geometry": { "type": "Point", "coordinates": [ -46.7052924, -23.5228986 ] } },
{ "type": "Feature", "properties": { "fid": 251306, "CNPJ": "50250208000137", "IDCIDADE": "SAO_PAULO", "NOMEFANTASIA": "MOTOR_POINT", "RAZAOSOCIAL": "F_H_V_COMERCIO_DE_VEICULOS_PECAS_E_SERVICOS_AUTOMOTIVOS_LTDA", "ENDEE": "RUA_FAUSTOLO834__AGUA_BRANCA_05041-000", "LMAPS": "https://www.google.com/maps?q=&layer=c&cbll=-23.5237343,-46.6936136", "O_QUE_FAZER": "FINALIZADO", "ER_REGIAO_CIDADE_min": "Capital Oeste_Lapa" }, "geometry": { "type": "Point", "coordinates": [ -46.6936136, -23.5237343 ] } },
{ "type": "Feature", "properties": { "fid": 251352, "CNPJ": "50258675000103", "IDCIDADE": "SAO_PAULO", "NOMEFANTASIA": "CASA_DEBOLOS", "RAZAOSOCIAL": "CDB_ALBERICO_DE_CAMARGOS_LTDA", "ENDEE": "RUA_MONTEIRO_DE_MELO430__LAPA_05050-000", "LMAPS": "https://www.google.com/maps?q=&layer=c&cbll=-23.5254033,-46.702835", "O_QUE_FAZER": "CARTEIRA", "ER_REGIAO_CIDADE_min": "Capital Oeste_Lapa" }, "geometry": { "type": "Point", "coordinates": [ -46.702835, -23.5254033 ] } },
{ "type": "Feature", "properties": { "fid": 251635, "CNPJ": "50319052000101", "IDCIDADE": "SAO_PAULO", "NOMEFANTASIA": "LATICINIO_GARCIA", "RAZAOSOCIAL": "LATICINIO_GARCIA_LTDA", "ENDEE": "RUA_HERBART47__LAPA_05072-030", "LMAPS": "https://www.google.com/maps?q=&layer=c&cbll=-23.5191877,-46.7016903", "O_QUE_FAZER": "CARTEIRA", "ER_REGIAO_CIDADE_min": "Capital Oeste_Lapa" }, "geometry": { "type": "Point", "coordinates": [ -46.7016903, -23.5191877 ] } },
{ "type": "Feature", "properties": { "fid": 251837, "CNPJ": "50361416000103", "IDCIDADE": "SÃO PAULO", "NOMEFANTASIA": "DO ALTO ROTISSERIE", "RAZAOSOCIAL": "CM COMIDAS PARA LEVAR LTDA", "ENDEE": "RUA PRESIDENTE ANTÔNIO CÂNDIDO, 305, ALTO DA LAPA, 05083-060, SÃO PAULO, SP, BRASIL", "LMAPS": "https://www.google.com/maps?q=&layer=c&cbll=-23.5328444,-46.7155574", "O_QUE_FAZER": "APLICAR T2", "ER_REGIAO_CIDADE_min": "Capital Oeste_Lapa" }, "geometry": { "type": "Point", "coordinates": [ -46.7155574, -23.5328444 ] } },
{ "type": "Feature", "properties": { "fid": 251922, "CNPJ": "50378751000114", "IDCIDADE": "SAO_PAULO", "NOMEFANTASIA": "AUTO_MECANICA_CARRERA", "RAZAOSOCIAL": "AUTO_MECANICA_CARRERA_LTDA", "ENDEE": "RUA_GUAICURUS811__AGUA_BRANCA_05033-000", "LMAPS": "https://www.google.com/maps?q=&layer=c&cbll=-23.5228209,-46.6936988", "O_QUE_FAZER": "FINALIZADO", "ER_REGIAO_CIDADE_min": "Capital Oeste_Lapa" }, "geometry": { "type": "Point", "coordinates": [ -46.6936988, -23.5228209 ] } },
{ "type": "Feature", "properties": { "fid": 252270, "CNPJ": "50455672000160", "IDCIDADE": "SAO_PAULO", "NOMEFANTASIA": "EMPORIO_SAO_JUDAS", "RAZAOSOCIAL": "EMPORIO_PIO_XI_COMERCIO_DE_LATICINIOS_LTDA", "ENDEE": "RUA_PIO_XI801__ALTO_DE_PINHEIROS_05060-000", "LMAPS": "https://www.google.com/maps?q=&layer=c&cbll=-23.531017,-46.7117285", "O_QUE_FAZER": "CARTEIRA", "ER_REGIAO_CIDADE_min": "Capital Oeste_Lapa" }, "geometry": { "type": "Point", "coordinates": [ -46.7117285, -23.531017 ] } },
{ "type": "Feature", "properties": { "fid": 253021, "CNPJ": "50615707000180", "IDCIDADE": "SAO_PAULO", "NOMEFANTASIA": "HOTEL_ESTRELA_DA_LAPA", "RAZAOSOCIAL": "HOTEL_ESTRELA_DA_LAPA_LTDA", "ENDEE": "RUA_MONTEIRO_DE_MELO403__LAPA_05050-000", "LMAPS": "https://www.google.com/maps?q=&layer=c&cbll=-23.5249372,-46.7028203", "O_QUE_FAZER": "CARTEIRA", "ER_REGIAO_CIDADE_min": "Capital Oeste_Lapa" }, "geometry": { "type": "Point", "coordinates": [ -46.7028203, -23.5249372 ] } },
{ "type": "Feature", "properties": { "fid": 253069, "CNPJ": "50625483000198", "IDCIDADE": "SAO PAULO", "NOMEFANTASIA": "JIMME_TCG", "RAZAOSOCIAL": "JIMMIE_TCG_LTDA", "ENDEE": "RUA CLÉLIA, 607, ÁGUA BRANCA, 05042-000, SÃO PAULO, SP, BRASIL", "LMAPS": "https://www.google.com/maps?q=&layer=c&cbll=-23.5251851,-46.6882999", "O_QUE_FAZER": "FINALIZADO", "ER_REGIAO_CIDADE_min": "Capital Oeste_Lapa" }, "geometry": { "type": "Point", "coordinates": [ -46.6882999, -23.5251851 ] } },
{ "type": "Feature", "properties": { "fid": 253456, "CNPJ": "50705327000137", "IDCIDADE": "SAO_PAULO", "NOMEFANTASIA": "BAR_E_RESTAURANTE_IMPERIO_DA_CATAO", "RAZAOSOCIAL": "IMPERIO_S_DA_CATAO_LANCHONETE_E_RESTAURANTE_LTDA", "ENDEE": "RUA_CATAO433__VILA_ROMANA_05049-000", "LMAPS": "https://www.google.com/maps?q=&layer=c&cbll=-23.5248383,-46.7009367", "O_QUE_FAZER": "CARTEIRA", "ER_REGIAO_CIDADE_min": "Capital Oeste_Lapa" }, "geometry": { "type": "Point", "coordinates": [ -46.7009367, -23.5248383 ] } },
{ "type": "Feature", "properties": { "fid": 254232, "CNPJ": "50842763000158", "IDCIDADE": "SAO PAULO", "NOMEFANTASIA": "FLOR_DO_VERÃO", "RAZAOSOCIAL": "50.842.763_LILIANE_BARBOSA_HENRIQUES_SOARES", "ENDEE": "MARTIM TENÓRIO, 82, LAPA, SÃO PAULO_05074-060", "LMAPS": "https://www.google.com/maps?q=&layer=c&cbll=-23.5199963,-46.7031255", "O_QUE_FAZER": "FINALIZADO", "ER_REGIAO_CIDADE_min": "Capital Oeste_Lapa" }, "geometry": { "type": "Point", "coordinates": [ -46.7031255, -23.5199963 ] } },
{ "type": "Feature", "properties": { "fid": 254233, "CNPJ": "50843079000190", "IDCIDADE": "SAO PAULO", "NOMEFANTASIA": "ROMANA_BOLOS_CASEIROS", "RAZAOSOCIAL": "50.843.079_GIOVANNA_CONTAR_MILAN", "ENDEE": "DRONSFIELD, 137, LAPA, SÃO PAULO_05074-000", "LMAPS": "https://www.google.com/maps?q=&layer=c&cbll=-23.519362,-46.7042068", "O_QUE_FAZER": "FINALIZADO", "ER_REGIAO_CIDADE_min": "Capital Oeste_Lapa" }, "geometry": { "type": "Point", "coordinates": [ -46.7042068, -23.519362 ] } },
{ "type": "Feature", "properties": { "fid": 254736, "CNPJ": "50945839000170", "IDCIDADE": "SAO PAULO", "NOMEFANTASIA": null, "RAZAOSOCIAL": "MT.5_TREINAMENTOS_E_CURSOS_GASTRONOMICOS_LTDA", "ENDEE": "RUA CATAO, 757, SLJ 759, VILA ROMANA, 05049-000, SÃO PAULO, SP, BRASIL", "LMAPS": "https://www.google.com/maps?q=&layer=c&cbll=-23.5276457,-46.7005229", "O_QUE_FAZER": "CARTEIRA - FAMPE", "ER_REGIAO_CIDADE_min": "Capital Oeste_Lapa" }, "geometry": { "type": "Point", "coordinates": [ -46.7005229, -23.5276457 ] } },
{ "type": "Feature", "properties": { "fid": 255385, "CNPJ": "51066964000173", "IDCIDADE": "SAO_PAULO", "NOMEFANTASIA": "SENHOR_SMART", "RAZAOSOCIAL": "WRG_SOLUCOES_TECNOLOGIA_LTDA", "ENDEE": "RUA_BARAO_DE_JUNDIAI141__LAPA_05073-010", "LMAPS": "https://www.google.com/maps?q=&layer=c&cbll=-23.524105,-46.7062833", "O_QUE_FAZER": "FINALIZADO", "ER_REGIAO_CIDADE_min": "Capital Oeste_Lapa" }, "geometry": { "type": "Point", "coordinates": [ -46.7062833, -23.524105 ] } },
{ "type": "Feature", "properties": { "fid": 255461, "CNPJ": "51080277000102", "IDCIDADE": "SAO PAULO", "NOMEFANTASIA": "Concreta_Hub_Consuktoria", "RAZAOSOCIAL": "CONCRETA_HUB_CONSULTORIA_LTDA", "ENDEE": "RUA CLAUDIO, 213, APT 23, AGUA BRANCA, 05043-000, SÃO PAULO, SP, BRASIL", "LMAPS": "https://www.google.com/maps?q=&layer=c&cbll=-23.5247012,-46.690633", "O_QUE_FAZER": "CARTEIRA - FAMPE", "ER_REGIAO_CIDADE_min": "Capital Oeste_Lapa" }, "geometry": { "type": "Point", "coordinates": [ -46.690633, -23.5247012 ] } },
{ "type": "Feature", "properties": { "fid": 255474, "CNPJ": "51082143000120", "IDCIDADE": "SÃO PAULO", "NOMEFANTASIA": "DALFRE PRODUÇÕES", "RAZAOSOCIAL": "51.082.143 ALEXSANDER DALFRE JUNIOR", "ENDEE": "RUA TENENTE LANDY, 223, LAPA DE BAIXO, 05068-020, SÃO PAULO, SP, BRASIL", "LMAPS": "https://www.google.com/maps?q=&layer=c&cbll=-23.5164692,-46.7022867", "O_QUE_FAZER": "APLICAR T2", "ER_REGIAO_CIDADE_min": "Capital Oeste_Lapa" }, "geometry": { "type": "Point", "coordinates": [ -46.7022867, -23.5164692 ] } },
{ "type": "Feature", "properties": { "fid": 255784, "CNPJ": "51130295000151", "IDCIDADE": "SAO_PAULO", "NOMEFANTASIA": "VILA_RUSSA_MODAS", "RAZAOSOCIAL": "DR-_MODA_FEMININA_LTDA", "ENDEE": "RUA_AFONSO_SARDINHA111__LAPA_05076-000", "LMAPS": "https://www.google.com/maps?q=&layer=c&cbll=-23.5222404,-46.7049153", "O_QUE_FAZER": "CARTEIRA", "ER_REGIAO_CIDADE_min": "Capital Oeste_Lapa" }, "geometry": { "type": "Point", "coordinates": [ -46.7049153, -23.5222404 ] } },
{ "type": "Feature", "properties": { "fid": 256072, "CNPJ": "51185304000101", "IDCIDADE": "SAO_PAULO", "NOMEFANTASIA": "CENTER_PARK_HOTEL", "RAZAOSOCIAL": "CENTER_PARK_HOTEL_LTDA", "ENDEE": "RUA_CLELIA1781__AGUA_BRANCA_05042-000", "LMAPS": "https://www.google.com/maps?q=&layer=c&cbll=-23.52505,-46.6994333", "O_QUE_FAZER": "FINALIZADO", "ER_REGIAO_CIDADE_min": "Capital Oeste_Lapa" }, "geometry": { "type": "Point", "coordinates": [ -46.6994333, -23.52505 ] } },
{ "type": "Feature", "properties": { "fid": 256099, "CNPJ": "51189433000178", "IDCIDADE": "SAO_PAULO", "NOMEFANTASIA": "ABAS_INFORMATICA", "RAZAOSOCIAL": "ABAS_INFORMATICA_LTDA", "ENDEE": "RUA_HERBART47__LAPA_05072-030", "LMAPS": "https://www.google.com/maps?q=&layer=c&cbll=-23.5196369,-46.701776", "O_QUE_FAZER": "CARTEIRA", "ER_REGIAO_CIDADE_min": "Capital Oeste_Lapa" }, "geometry": { "type": "Point", "coordinates": [ -46.701776, -23.5196369 ] } },
{ "type": "Feature", "properties": { "fid": 256121, "CNPJ": "51194322000150", "IDCIDADE": "SAO_PAULO", "NOMEFANTASIA": "BENEDETTI_ARTIGOS_PARA_FESTA", "RAZAOSOCIAL": "CARLOS_MARCEL_DE_BENEDETTI_LTDA", "ENDEE": "RUA_HERBART47__LAPA_05072-030", "LMAPS": "https://www.google.com/maps?q=&layer=c&cbll=-23.5191915,-46.7016967", "O_QUE_FAZER": "CARTEIRA", "ER_REGIAO_CIDADE_min": "Capital Oeste_Lapa" }, "geometry": { "type": "Point", "coordinates": [ -46.7016967, -23.5191915 ] } },
{ "type": "Feature", "properties": { "fid": 256194, "CNPJ": "51213704000183", "IDCIDADE": "SAO_PAULO", "NOMEFANTASIA": "BEANUCCI_CONSULTORIA_E_SERVICOS_EMPRESARIAIS_LTDA", "RAZAOSOCIAL": "BEANUCCI_CONSULTORIA", "ENDEE": "RUA_DOUTOR_CINCINATO_PAMPONET75__LAPA_05072-020", "LMAPS": "https://www.google.com/maps?q=&layer=c&cbll=-23.520089,-46.702514", "O_QUE_FAZER": "FINALIZADO", "ER_REGIAO_CIDADE_min": "Capital Oeste_Lapa" }, "geometry": { "type": "Point", "coordinates": [ -46.702514, -23.520089 ] } },
{ "type": "Feature", "properties": { "fid": 256367, "CNPJ": "51251971000145", "IDCIDADE": "SAO_PAULO", "NOMEFANTASIA": "SHOWTIME_PRODUCOES_LTDA", "RAZAOSOCIAL": "33HZ", "ENDEE": "RUA_SALES_GUERRA91__VILA_ROMANA_05048-030", "LMAPS": "https://www.google.com/maps?q=&layer=c&cbll=-23.5319037,-46.6962457", "O_QUE_FAZER": "FINALIZADO", "ER_REGIAO_CIDADE_min": "Capital Oeste_Lapa" }, "geometry": { "type": "Point", "coordinates": [ -46.6962457, -23.5319037 ] } },
{ "type": "Feature", "properties": { "fid": 256438, "CNPJ": "51269137000187", "IDCIDADE": "SAO PAULO", "NOMEFANTASIA": "O_EXPEDITO_BAR", "RAZAOSOCIAL": "O_EXPEDITO_BAR_LTDA", "ENDEE": "RUA DR MIRANDA DE AZEVEDO, 660, VILA ANGLO BRASILEIRA, 05027-000, SÃO PAULO, SP, BRASIL", "LMAPS": "https://www.google.com/maps?q=&layer=c&cbll=-23.5301033,-46.6905222", "O_QUE_FAZER": "CARTEIRA - FAMPE", "ER_REGIAO_CIDADE_min": "Capital Oeste_Lapa" }, "geometry": { "type": "Point", "coordinates": [ -46.6905222, -23.5301033 ] } },
{ "type": "Feature", "properties": { "fid": 256519, "CNPJ": "51288106000254", "IDCIDADE": "SAO_PAULO", "NOMEFANTASIA": "SOCCER_DESTINATION", "RAZAOSOCIAL": "SRL_COMERCIO_DE_ARTIGOS_ESPORTIVOS_E_ACESSORIOS_LTDA", "ENDEE": "RUA_CATAO72__VILA_ROMANA_05049-000", "LMAPS": "https://www.google.com/maps?q=&layer=c&cbll=-23.5211536,-46.7007326", "O_QUE_FAZER": "FINALIZADO", "ER_REGIAO_CIDADE_min": "Capital Oeste_Lapa" }, "geometry": { "type": "Point", "coordinates": [ -46.7007326, -23.5211536 ] } },
{ "type": "Feature", "properties": { "fid": 256540, "CNPJ": "51291696000193", "IDCIDADE": "SAO PAULO", "NOMEFANTASIA": "-", "RAZAOSOCIAL": "51.291.696_RENATO_AUGUSTO_ZANAO_YAMAGUTI", "ENDEE": "AVENIDA SANTA MARINA, 1423, APT 206 BLOCO B, AGUA BRANCA, 05036-000, SÃO PAULO, SP, BRASIL", "LMAPS": "https://www.google.com/maps?q=&layer=c&cbll=-23.5125479,-46.6927736", "O_QUE_FAZER": "CARTEIRA - FAMPE", "ER_REGIAO_CIDADE_min": "Capital Oeste_Lapa" }, "geometry": { "type": "Point", "coordinates": [ -46.6927736, -23.5125479 ] } },
{ "type": "Feature", "properties": { "fid": 256603, "CNPJ": "51304073000299", "IDCIDADE": "SAO_PAULO", "NOMEFANTASIA": "RED_MEAT.CO", "RAZAOSOCIAL": "RED_MEAT_&_CO_LTDA", "ENDEE": "RUA_CLELIA1131__AGUA_BRANCA_05042-000", "LMAPS": "https://www.google.com/maps?q=&layer=c&cbll=-23.5250344,-46.6943924", "O_QUE_FAZER": "FINALIZADO", "ER_REGIAO_CIDADE_min": "Capital Oeste_Lapa" }, "geometry": { "type": "Point", "coordinates": [ -46.6943924, -23.5250344 ] } },
{ "type": "Feature", "properties": { "fid": 256779, "CNPJ": "51342906000125", "IDCIDADE": "SAO_PAULO", "NOMEFANTASIA": "SURF_TRIP", "RAZAOSOCIAL": "LS_SURF_WEAR_LTDA", "ENDEE": "RUA_DOUTOR_CINCINATO_POMPONET83__LAPA_05072-020", "LMAPS": "https://www.google.com/maps?q=&layer=c&cbll=-23.5197383,-46.702365", "O_QUE_FAZER": "CARTEIRA", "ER_REGIAO_CIDADE_min": "Capital Oeste_Lapa" }, "geometry": { "type": "Point", "coordinates": [ -46.702365, -23.5197383 ] } },
{ "type": "Feature", "properties": { "fid": 257060, "CNPJ": "51403971000113", "IDCIDADE": "SAO PAULO", "NOMEFANTASIA": "FABIO_MARTINS_CORREIA", "RAZAOSOCIAL": "ONDATA_COMERCIAL_LTDA", "ENDEE": "RUA TRAJANO, 182, LAPA, 05050-110, SÃO PAULO, SP, BRASIL", "LMAPS": "https://www.google.com/maps?q=&layer=c&cbll=-23.5222773,-46.7018824", "O_QUE_FAZER": "FINALIZADO", "ER_REGIAO_CIDADE_min": "Capital Oeste_Lapa" }, "geometry": { "type": "Point", "coordinates": [ -46.7018824, -23.5222773 ] } },
{ "type": "Feature", "properties": { "fid": 257221, "CNPJ": "51431707000193", "IDCIDADE": "SAO_PAULO", "NOMEFANTASIA": "PANCAS", "RAZAOSOCIAL": "PANCAS_LANCHES_E_RESTAURANTES_LTDA", "ENDEE": "RUA_FAUSTOLO1256__LAPA_05041-000", "LMAPS": "https://www.google.com/maps?q=&layer=c&cbll=-23.52385,-46.6976017", "O_QUE_FAZER": "CARTEIRA", "ER_REGIAO_CIDADE_min": "Capital Oeste_Lapa" }, "geometry": { "type": "Point", "coordinates": [ -46.6976017, -23.52385 ] } },
{ "type": "Feature", "properties": { "fid": 257365, "CNPJ": "51462919000138", "IDCIDADE": "SAO_PAULO", "NOMEFANTASIA": "AVICOLA_IRMAOS_SUN", "RAZAOSOCIAL": "AVICOLA_IRMAOS_SUN_LTDA", "ENDEE": "RUA_HERBART47__LAPA_05072-030", "LMAPS": "https://www.google.com/maps?q=&layer=c&cbll=-23.5192325,-46.7019973", "O_QUE_FAZER": "FINALIZADO", "ER_REGIAO_CIDADE_min": "Capital Oeste_Lapa" }, "geometry": { "type": "Point", "coordinates": [ -46.7019973, -23.5192325 ] } },
{ "type": "Feature", "properties": { "fid": 257489, "CNPJ": "51486076000100", "IDCIDADE": "SAO PAULO", "NOMEFANTASIA": "PEZÃO_GAME_CELL", "RAZAOSOCIAL": "PZ_GAMES_E_CELL_LTDA", "ENDEE": "MARTIM TENÓRIO, 129, LAPA, SÃO PAULO_05074-060", "LMAPS": "https://www.google.com/maps?q=&layer=c&cbll=-23.5204701,-46.7030519", "O_QUE_FAZER": "APLICAR T4", "ER_REGIAO_CIDADE_min": "Capital Oeste_Lapa" }, "geometry": { "type": "Point", "coordinates": [ -46.7030519, -23.5204701 ] } },
{ "type": "Feature", "properties": { "fid": 257634, "CNPJ": "51510924000179", "IDCIDADE": "SAO_PAULO", "NOMEFANTASIA": "ESPACO_SACCHETIN_BELEZA_E_BEM_ESTAR", "RAZAOSOCIAL": "LVNS_EMPREENDIMENTOS_LTDA", "ENDEE": "RUA_AURELIA451__VILA_ROMANA_05046-000", "LMAPS": "https://www.google.com/maps?q=&layer=c&cbll=-23.5258777,-46.6977449", "O_QUE_FAZER": "CARTEIRA", "ER_REGIAO_CIDADE_min": "Capital Oeste_Lapa" }, "geometry": { "type": "Point", "coordinates": [ -46.6977449, -23.5258777 ] } },
{ "type": "Feature", "properties": { "fid": 257952, "CNPJ": "51577120000197", "IDCIDADE": "SAO_PAULO", "NOMEFANTASIA": "CORACAO_VALENTE", "RAZAOSOCIAL": "MON_CHERRY_AVICOLA_LTDA.", "ENDEE": "RUA_HERBART47__LAPA_05072-030", "LMAPS": "https://www.google.com/maps?q=&layer=c&cbll=-23.5192547,-46.7019622", "O_QUE_FAZER": "CARTEIRA", "ER_REGIAO_CIDADE_min": "Capital Oeste_Lapa" }, "geometry": { "type": "Point", "coordinates": [ -46.7019622, -23.5192547 ] } },
{ "type": "Feature", "properties": { "fid": 258001, "CNPJ": "51582579000189", "IDCIDADE": "SAO_PAULO", "NOMEFANTASIA": "BELANGER_VEICULOS", "RAZAOSOCIAL": "BELANGER_VEICULOS_LTDA", "ENDEE": "RUA_MONTEIRO_DE_MELO419__LAPA_05050-000", "LMAPS": "https://www.google.com/maps?q=&layer=c&cbll=-23.5251854,-46.7029073", "O_QUE_FAZER": "FINALIZADO", "ER_REGIAO_CIDADE_min": "Capital Oeste_Lapa" }, "geometry": { "type": "Point", "coordinates": [ -46.7029073, -23.5251854 ] } },
{ "type": "Feature", "properties": { "fid": 258509, "CNPJ": "51690873000104", "IDCIDADE": "SAO_PAULO", "NOMEFANTASIA": "MIUDOS_LAPA", "RAZAOSOCIAL": "CASA_DE_MIUDOS_SANCHEZ_REIS_LTDA", "ENDEE": "RUA_HERBART47__LAPA_05072-030", "LMAPS": "https://www.google.com/maps?q=&layer=c&cbll=-23.5194,-46.7019277", "O_QUE_FAZER": "CARTEIRA", "ER_REGIAO_CIDADE_min": "Capital Oeste_Lapa" }, "geometry": { "type": "Point", "coordinates": [ -46.7019277, -23.5194 ] } },
{ "type": "Feature", "properties": { "fid": 258710, "CNPJ": "51742344000107", "IDCIDADE": "SAO_PAULO", "NOMEFANTASIA": "ATLANTIDA_AQUARIOS", "RAZAOSOCIAL": "COMERCIAL_CONRADO_LTDA", "ENDEE": "RUA_HERBART47__LAPA_05072-030", "LMAPS": "https://www.google.com/maps?q=&layer=c&cbll=-23.5195769,-46.7018234", "O_QUE_FAZER": "CARTEIRA", "ER_REGIAO_CIDADE_min": "Capital Oeste_Lapa" }, "geometry": { "type": "Point", "coordinates": [ -46.7018234, -23.5195769 ] } },
{ "type": "Feature", "properties": { "fid": 258824, "CNPJ": "51766396000113", "IDCIDADE": "SAO PAULO", "NOMEFANTASIA": "VELHAS_PIRATAS_BAR", "RAZAOSOCIAL": "VELHAS_PIRATAS_BAR_E_RESTAURANTE_LTDA", "ENDEE": "RUA AURÉLIA, 834, VILA ROMANA, 05046-000, SÃO PAULO, SP, BRASIL", "LMAPS": "https://www.google.com/maps?q=&layer=c&cbll=-23.5292817,-46.6980571", "O_QUE_FAZER": "FINALIZADO", "ER_REGIAO_CIDADE_min": "Capital Oeste_Lapa" }, "geometry": { "type": "Point", "coordinates": [ -46.6980571, -23.5292817 ] } },
{ "type": "Feature", "properties": { "fid": 258996, "CNPJ": "51797026000143", "IDCIDADE": "SAO_PAULO", "NOMEFANTASIA": "ARMARINHOS_ARTE_E_COSTURA", "RAZAOSOCIAL": "ARMARINHOS_ARTE_DA_COSTURA_LTDA", "ENDEE": "RUA_MARTIM_TENORIO125__LAPA_05074-060", "LMAPS": "https://www.google.com/maps?q=&layer=c&cbll=-23.5204433,-46.703235", "O_QUE_FAZER": "APLICAR T4", "ER_REGIAO_CIDADE_min": "Capital Oeste_Lapa" }, "geometry": { "type": "Point", "coordinates": [ -46.703235, -23.5204433 ] } },
{ "type": "Feature", "properties": { "fid": 258997, "CNPJ": "51797026000224", "IDCIDADE": "SAO PAULO", "NOMEFANTASIA": "ARMARINHOS_ARTE_DA_COSTURA", "RAZAOSOCIAL": "ARMARINHOS_ARTE_DA_COSTURA_LTDA", "ENDEE": "CLEMENTE ÁLVARES, 259, LAPA, SÃO PAULO_05074-050", "LMAPS": "https://www.google.com/maps?q=&layer=c&cbll=-23.520304,-46.705186", "O_QUE_FAZER": "APLICAR T4", "ER_REGIAO_CIDADE_min": "Capital Oeste_Lapa" }, "geometry": { "type": "Point", "coordinates": [ -46.705186, -23.520304 ] } },
{ "type": "Feature", "properties": { "fid": 259079, "CNPJ": "51813438000120", "IDCIDADE": "SAO_PAULO", "NOMEFANTASIA": "LAVEVPARK", "RAZAOSOCIAL": "LP10_LAVE_PARK_COMERCIAL_IMPORTACAO_E_EXPORTACAO_LTDA", "ENDEE": "RUA_TITO1643__VILA_ROMANA_05051-000", "LMAPS": "https://www.google.com/maps?q=&layer=c&cbll=-23.527388,-46.7078848", "O_QUE_FAZER": "CARTEIRA", "ER_REGIAO_CIDADE_min": "Capital Oeste_Lapa" }, "geometry": { "type": "Point", "coordinates": [ -46.7078848, -23.527388 ] } },
{ "type": "Feature", "properties": { "fid": 259258, "CNPJ": "51848823000102", "IDCIDADE": "SAO_PAULO", "NOMEFANTASIA": "HOMELAR", "RAZAOSOCIAL": "SAMALAR_DECORACAO_LTDA", "ENDEE": "RUA_MARTIM_TENORIO100__LAPA_05074-060", "LMAPS": "https://www.google.com/maps?q=&layer=c&cbll=-23.5202706,-46.703166", "O_QUE_FAZER": "APLICAR T4", "ER_REGIAO_CIDADE_min": "Capital Oeste_Lapa" }, "geometry": { "type": "Point", "coordinates": [ -46.703166, -23.5202706 ] } },
{ "type": "Feature", "properties": { "fid": 259330, "CNPJ": "51860529000116", "IDCIDADE": "SAO PAULO", "NOMEFANTASIA": "VERDE_PERTO", "RAZAOSOCIAL": "VERDE_PERTO", "ENDEE": "DUÍLIO, 565, ÁGUA BRANCA, SÃO PAULO", "LMAPS": "https://www.google.com/maps?q=&layer=c&cbll=-23.5278483,-46.6930321", "O_QUE_FAZER": "FINALIZADO", "ER_REGIAO_CIDADE_min": "Capital Oeste_Lapa" }, "geometry": { "type": "Point", "coordinates": [ -46.6930321, -23.5278483 ] } },
{ "type": "Feature", "properties": { "fid": 259513, "CNPJ": "51890114000195", "IDCIDADE": "SAO_PAULO", "NOMEFANTASIA": "PD_OTICA_LAPA", "RAZAOSOCIAL": "PD_OTICA_LAPA_LTDA", "ENDEE": "RUA_DOZE_DE_OUTUBRO673__LAPA_08071-072", "LMAPS": "https://www.google.com/maps?q=&layer=c&cbll=-23.5237532,-46.7059107", "O_QUE_FAZER": "APLICAR T2", "ER_REGIAO_CIDADE_min": "Capital Oeste_Lapa" }, "geometry": { "type": "Point", "coordinates": [ -46.7059107, -23.5237532 ] } },
{ "type": "Feature", "properties": { "fid": 259699, "CNPJ": "51924442000165", "IDCIDADE": "SAO_PAULO", "NOMEFANTASIA": "LA_POMPA", "RAZAOSOCIAL": "S.C_PARILLA_&_VINHOS_LTDA", "ENDEE": "RUA_SCIPIAO318__VILA_ROMANA_05047-060", "LMAPS": "https://www.google.com/maps?q=&layer=c&cbll=-23.5259433,-46.6991113", "O_QUE_FAZER": "CARTEIRA", "ER_REGIAO_CIDADE_min": "Capital Oeste_Lapa" }, "geometry": { "type": "Point", "coordinates": [ -46.6991113, -23.5259433 ] } },
{ "type": "Feature", "properties": { "fid": 260485, "CNPJ": "52079746000136", "IDCIDADE": "SAO_PAULO", "NOMEFANTASIA": "MENDES_BAR_E_LANCHES", "RAZAOSOCIAL": "BAR_E_LANCHES_MENFIS_LTDA", "ENDEE": "RUA_GUAICURUS130__AGUA_BRANCA_05033-000", "LMAPS": "https://www.google.com/maps?q=&layer=c&cbll=-23.5231584,-46.6867862", "O_QUE_FAZER": "CARTEIRA", "ER_REGIAO_CIDADE_min": "Capital Oeste_Lapa" }, "geometry": { "type": "Point", "coordinates": [ -46.6867862, -23.5231584 ] } },
{ "type": "Feature", "properties": { "fid": 260690, "CNPJ": "52132951000118", "IDCIDADE": "SAO_PAULO", "NOMEFANTASIA": "MORAIS_MOTOS_LTDA", "RAZAOSOCIAL": "MORAIS_MOTOS", "ENDEE": "RUA_CLELIA1188__LAPA_05042-000", "LMAPS": "https://www.google.com/maps?q=&layer=c&cbll=-23.5247978,-46.6939876", "O_QUE_FAZER": "FINALIZADO", "ER_REGIAO_CIDADE_min": "Capital Oeste_Lapa" }, "geometry": { "type": "Point", "coordinates": [ -46.6939876, -23.5247978 ] } },
{ "type": "Feature", "properties": { "fid": 261101, "CNPJ": "52215660000193", "IDCIDADE": "SAO_PAULO", "NOMEFANTASIA": "DI_VANNO_RESTAURANTE", "RAZAOSOCIAL": "ECLETICOS_A2_SERVICO_E_COMERCIO_DE_ALIMENTOS_LTDA", "ENDEE": "RUA_TITO1053__VILA_ROMANA_05051-000", "LMAPS": "https://www.google.com/maps?q=&layer=c&cbll=-23.5239292,-46.7026838", "O_QUE_FAZER": "CARTEIRA", "ER_REGIAO_CIDADE_min": "Capital Oeste_Lapa" }, "geometry": { "type": "Point", "coordinates": [ -46.7026838, -23.5239292 ] } },
{ "type": "Feature", "properties": { "fid": 261227, "CNPJ": "52241129000195", "IDCIDADE": "SAO_PAULO", "NOMEFANTASIA": "IMPERIUM_ALFAIATARIA", "RAZAOSOCIAL": "STM_COMERCIO_VAREJISTA_DE_ROUPAS_MASCULINAS_LTDA", "ENDEE": "RUA_ALBION117__LAPA_05077-130", "LMAPS": "https://www.google.com/maps?q=&layer=c&cbll=-23.5234555,-46.7056628", "O_QUE_FAZER": "CARTEIRA", "ER_REGIAO_CIDADE_min": "Capital Oeste_Lapa" }, "geometry": { "type": "Point", "coordinates": [ -46.7056628, -23.5234555 ] } },
{ "type": "Feature", "properties": { "fid": 261314, "CNPJ": "52260831000104", "IDCIDADE": "SAO PAULO", "NOMEFANTASIA": "F_SILVA_ATELIER_AUTOMOTIVO", "RAZAOSOCIAL": "F_SILVA_ATELIER_AUTOMOTIVO", "ENDEE": "CLÉLIA, 1969, ÁGUA BRANCA, SÃO PAULO", "LMAPS": "https://www.google.com/maps?q=&layer=c&cbll=-23.5249357,-46.701716", "O_QUE_FAZER": "FINALIZADO", "ER_REGIAO_CIDADE_min": "Capital Oeste_Lapa" }, "geometry": { "type": "Point", "coordinates": [ -46.701716, -23.5249357 ] } },
{ "type": "Feature", "properties": { "fid": 261588, "CNPJ": "52311918000155", "IDCIDADE": "SÃO PAULO", "NOMEFANTASIA": "CHICOS BAR", "RAZAOSOCIAL": "JY BAR E RESTAURANTE LTDA", "ENDEE": "AVENIDA RICARDO MEDINA FILHO, 15, VILA IPOJUCA, 05057-100, SÃO PAULO, SP, BRASIL", "LMAPS": "https://www.google.com/maps?q=&layer=c&cbll=-23.528659,-46.7055971", "O_QUE_FAZER": "FINALIZADO", "ER_REGIAO_CIDADE_min": "Capital Oeste_Lapa" }, "geometry": { "type": "Point", "coordinates": [ -46.7055971, -23.528659 ] } },
{ "type": "Feature", "properties": { "fid": 261678, "CNPJ": "52325215000186", "IDCIDADE": "SAO_PAULO", "NOMEFANTASIA": "PETICAO_PRIME_GOLD", "RAZAOSOCIAL": "COMERCIO_DE_OCULOS_PRIME_GOLD_LTDA", "ENDEE": "RUA_AFONSO_SARDINHA154__LAPA_05076-000", "LMAPS": "https://www.google.com/maps?q=&layer=c&cbll=-23.522215,-46.7054391", "O_QUE_FAZER": "CARTEIRA", "ER_REGIAO_CIDADE_min": "Capital Oeste_Lapa" }, "geometry": { "type": "Point", "coordinates": [ -46.7054391, -23.522215 ] } },
{ "type": "Feature", "properties": { "fid": 262116, "CNPJ": "52424835000172", "IDCIDADE": "SAO_PAULO", "NOMEFANTASIA": "WN_PRODUTOS_AUTOMOTIVOS", "RAZAOSOCIAL": "W._N._PRODUTOS_AUTOMOTIVOS_LTDA", "ENDEE": "RUA_ROMA297__LAPA_05050-090", "LMAPS": "https://www.google.com/maps?q=&layer=c&cbll=-23.5227567,-46.6994094", "O_QUE_FAZER": "CARTEIRA", "ER_REGIAO_CIDADE_min": "Capital Oeste_Lapa" }, "geometry": { "type": "Point", "coordinates": [ -46.6994094, -23.5227567 ] } },
{ "type": "Feature", "properties": { "fid": 262969, "CNPJ": "52591195000195", "IDCIDADE": "SAO_PAULO", "NOMEFANTASIA": "BANCA_DE_FRIOS_SAO_MIGUEL", "RAZAOSOCIAL": "BANCA_DE_FRIOS_SAO_MIGUEL_LTDA", "ENDEE": "RUA_HERBART47__LAPA_05072-030", "LMAPS": "https://www.google.com/maps?q=&layer=c&cbll=-23.5191548,-46.7016778", "O_QUE_FAZER": "CARTEIRA", "ER_REGIAO_CIDADE_min": "Capital Oeste_Lapa" }, "geometry": { "type": "Point", "coordinates": [ -46.7016778, -23.5191548 ] } },
{ "type": "Feature", "properties": { "fid": 263004, "CNPJ": "52595153000122", "IDCIDADE": "SAO_PAULO", "NOMEFANTASIA": "COOKIE_PET", "RAZAOSOCIAL": "COOKIE_PET", "ENDEE": "RUA_CATÃO_559_VILA ROMANA_05049-000_SAO_PAULO", "LMAPS": "https://www.google.com/maps?q=&layer=c&cbll=-23.5258328,-46.7004801", "O_QUE_FAZER": "FINALIZADO", "ER_REGIAO_CIDADE_min": "Capital Oeste_Lapa" }, "geometry": { "type": "Point", "coordinates": [ -46.7004801, -23.5258328 ] } },
{ "type": "Feature", "properties": { "fid": 263015, "CNPJ": "52597508000112", "IDCIDADE": "SAO_PAULO", "NOMEFANTASIA": "L&L_MODAS_2", "RAZAOSOCIAL": "L_&_L_MODAS_E_ACESSORIOS_LTDA", "ENDEE": "RUA_DOZE_DE_OUTUBRO106__LAPA_08071-072", "LMAPS": "https://www.google.com/maps?q=&layer=c&cbll=-23.519007,-46.7038392", "O_QUE_FAZER": "CARTEIRA", "ER_REGIAO_CIDADE_min": "Capital Oeste_Lapa" }, "geometry": { "type": "Point", "coordinates": [ -46.7038392, -23.519007 ] } },
{ "type": "Feature", "properties": { "fid": 263604, "CNPJ": "52718628000120", "IDCIDADE": "SAO_PAULO", "NOMEFANTASIA": "GABRIELA_MULTICOISAS", "RAZAOSOCIAL": "GABRIELLA_MADEIRA_LTDA", "ENDEE": "RUA_CLEMENTE_ALVARES89__LAPA_05074-050", "LMAPS": "https://www.google.com/maps?q=&layer=c&cbll=-23.52087,-46.7036567", "O_QUE_FAZER": "CARTEIRA", "ER_REGIAO_CIDADE_min": "Capital Oeste_Lapa" }, "geometry": { "type": "Point", "coordinates": [ -46.7036567, -23.52087 ] } },
{ "type": "Feature", "properties": { "fid": 263616, "CNPJ": "52720081000106", "IDCIDADE": "SAO_PAULO", "NOMEFANTASIA": "MARIKA_MODAE", "RAZAOSOCIAL": "MARYKA_MODAS_INSPIRA_LTDA", "ENDEE": "RUA_CLEMENTE_ALVARES224__LAPA_05074-050", "LMAPS": "https://www.google.com/maps?q=&layer=c&cbll=-23.5203301,-46.7048164", "O_QUE_FAZER": "CARTEIRA", "ER_REGIAO_CIDADE_min": "Capital Oeste_Lapa" }, "geometry": { "type": "Point", "coordinates": [ -46.7048164, -23.5203301 ] } },
{ "type": "Feature", "properties": { "fid": 263642, "CNPJ": "52725394000149", "IDCIDADE": "SAO_PAULO", "NOMEFANTASIA": "52.725.394_CAROLINA_ROCHA_RASTRELLI", "RAZAOSOCIAL": "RASTRELLI_COSMETICOS", "ENDEE": "RUA_GUAICURUS1482__AGUA_BRANCA_05033-002", "LMAPS": "https://www.google.com/maps?q=&layer=c&cbll=-23.5209955,-46.7000943", "O_QUE_FAZER": "FINALIZADO", "ER_REGIAO_CIDADE_min": "Capital Oeste_Lapa" }, "geometry": { "type": "Point", "coordinates": [ -46.7000943, -23.5209955 ] } },
{ "type": "Feature", "properties": { "fid": 263885, "CNPJ": "52782540000178", "IDCIDADE": "SAO_PAULO", "NOMEFANTASIA": "PTK_MOTOS", "RAZAOSOCIAL": "PW_MOTOS_BRASIL_LTDA", "ENDEE": "RUA_GUAICURUS106__AGUA_BRANCA_05033-000", "LMAPS": "https://www.google.com/maps?q=&layer=c&cbll=-23.5233862,-46.6865225", "O_QUE_FAZER": "APLICAR T3", "ER_REGIAO_CIDADE_min": "Capital Oeste_Lapa" }, "geometry": { "type": "Point", "coordinates": [ -46.6865225, -23.5233862 ] } },
{ "type": "Feature", "properties": { "fid": 263989, "CNPJ": "52805834000178", "IDCIDADE": "SÃO PAULO", "NOMEFANTASIA": "IAN SPORTS BURGER", "RAZAOSOCIAL": "IAN SPORTS BURGER LTDA", "ENDEE": "RUA AURÉLIA, 600, VILA ROMANA, 05046-000, SÃO PAULO, SP, BRASIL", "LMAPS": "https://www.google.com/maps?q=&layer=c&cbll=-23.5272471,-46.6978838", "O_QUE_FAZER": "APLICAR T2", "ER_REGIAO_CIDADE_min": "Capital Oeste_Lapa" }, "geometry": { "type": "Point", "coordinates": [ -46.6978838, -23.5272471 ] } },
{ "type": "Feature", "properties": { "fid": 264052, "CNPJ": "52819048000120", "IDCIDADE": "SAO_PAULO", "NOMEFANTASIA": "GELATIERI", "RAZAOSOCIAL": "G2_COMERCIO_DE_SORVETES_E_LANCHONETE_LTDA", "ENDEE": "PRACA_CIVICA74__LAPA_05050-060", "LMAPS": "https://www.google.com/maps?q=&layer=c&cbll=-23.5276747,-46.7036719", "O_QUE_FAZER": "CARTEIRA", "ER_REGIAO_CIDADE_min": "Capital Oeste_Lapa" }, "geometry": { "type": "Point", "coordinates": [ -46.7036719, -23.5276747 ] } },
{ "type": "Feature", "properties": { "fid": 264161, "CNPJ": "52840086000164", "IDCIDADE": "SAO_PAULO", "NOMEFANTASIA": "GELRITECH", "RAZAOSOCIAL": "GELRITECH_COMERCIO_DE_MATERIAIS_ELETRICOS_LTDA", "ENDEE": "RUA_MONTEIRO_DE_MELO433__LAPA_05050-000", "LMAPS": "https://www.google.com/maps?q=&layer=c&cbll=-23.5252701,-46.7029952", "O_QUE_FAZER": "CARTEIRA", "ER_REGIAO_CIDADE_min": "Capital Oeste_Lapa" }, "geometry": { "type": "Point", "coordinates": [ -46.7029952, -23.5252701 ] } },
{ "type": "Feature", "properties": { "fid": 264342, "CNPJ": "52876257000105", "IDCIDADE": "SAO_PAULO", "NOMEFANTASIA": "PORAO_116", "RAZAOSOCIAL": "PORAO_116_COMERCIAL_LTDA.", "ENDEE": "RUA_GUAICURUS116__AGUA_BRANCA_05033-000", "LMAPS": "https://www.google.com/maps?q=&layer=c&cbll=-23.5232309,-46.6867169", "O_QUE_FAZER": "CARTEIRA", "ER_REGIAO_CIDADE_min": "Capital Oeste_Lapa" }, "geometry": { "type": "Point", "coordinates": [ -46.6867169, -23.5232309 ] } },
{ "type": "Feature", "properties": { "fid": 264605, "CNPJ": "52937120000113", "IDCIDADE": "SAO_PAULO", "NOMEFANTASIA": "SUPORTE_SMART", "RAZAOSOCIAL": "SUPORTE_SMART", "ENDEE": "RUA_CLÉLIA_1595_ÁGUA BRANCA_05042-000_SAO_PAULO", "LMAPS": "https://www.google.com/maps?q=&layer=c&cbll=-23.5250548,-46.6980506", "O_QUE_FAZER": "FINALIZADO", "ER_REGIAO_CIDADE_min": "Capital Oeste_Lapa" }, "geometry": { "type": "Point", "coordinates": [ -46.6980506, -23.5250548 ] } },
{ "type": "Feature", "properties": { "fid": 264828, "CNPJ": "52985531000184", "IDCIDADE": "SAO_PAULO", "NOMEFANTASIA": "PANIFICADORA_LAIKA", "RAZAOSOCIAL": "PADARIA_LAIKA_LTDA", "ENDEE": "RUA_MONTEIRO_DE_MELO699__LAPA_05050-000", "LMAPS": "https://www.google.com/maps?q=&layer=c&cbll=-23.5276934,-46.7033949", "O_QUE_FAZER": "CARTEIRA", "ER_REGIAO_CIDADE_min": "Capital Oeste_Lapa" }, "geometry": { "type": "Point", "coordinates": [ -46.7033949, -23.5276934 ] } },
{ "type": "Feature", "properties": { "fid": 264874, "CNPJ": "52995598000108", "IDCIDADE": "SAO PAULO", "NOMEFANTASIA": "Rose_&_Rose_Assessoria", "RAZAOSOCIAL": "ROSE_&_ROSE_ASSESSORIA_ADMINISTRATIVA_LTDA", "ENDEE": "RUA CAMILO, 638, CONJ 3, VILA ROMANA, 05045-020, SÃO PAULO, SP, BRASIL", "LMAPS": "https://www.google.com/maps?q=&layer=c&cbll=-23.5289721,-46.6982753", "O_QUE_FAZER": "CARTEIRA - FAMPE", "ER_REGIAO_CIDADE_min": "Capital Oeste_Lapa" }, "geometry": { "type": "Point", "coordinates": [ -46.6982753, -23.5289721 ] } },
{ "type": "Feature", "properties": { "fid": 265147, "CNPJ": "53054553000193", "IDCIDADE": "SAO_PAULO", "NOMEFANTASIA": "MARIA_DAS_VITORIAS_CRUZ_DOS_SANTOS_LANCHONETE", "RAZAOSOCIAL": "VITORIA_LIMA_LANCHONETE", "ENDEE": "AVENIDA_SANTA_MARINA61__AGUA_BRANCA_02732-040", "LMAPS": "https://www.google.com/maps?q=&layer=c&cbll=-23.5232039,-46.6859645", "O_QUE_FAZER": "FINALIZADO", "ER_REGIAO_CIDADE_min": "Capital Oeste_Lapa" }, "geometry": { "type": "Point", "coordinates": [ -46.6859645, -23.5232039 ] } },
{ "type": "Feature", "properties": { "fid": 265371, "CNPJ": "53114658000190", "IDCIDADE": "SAO_PAULO", "NOMEFANTASIA": "C&S_COMPANY", "RAZAOSOCIAL": "SALDAO_CLASSE_A_DE_CONFECCOES_LTDA", "ENDEE": "RUA_DOZE_DE_OUTUBRO583__LAPA_08071-072", "LMAPS": "https://www.google.com/maps?q=&layer=c&cbll=-23.5229833,-46.705795", "O_QUE_FAZER": "CARTEIRA", "ER_REGIAO_CIDADE_min": "Capital Oeste_Lapa" }, "geometry": { "type": "Point", "coordinates": [ -46.705795, -23.5229833 ] } },
{ "type": "Feature", "properties": { "fid": 265564, "CNPJ": "53157438000144", "IDCIDADE": "SAO PAULO", "NOMEFANTASIA": "AGITA_SOBREMESAS", "RAZAOSOCIAL": "AGITA_COMERCIO_DE_SOBREMESAS_E_ACAI_LTDA", "ENDEE": "RUA BARTOLOMEU PAES, 358, LETRA B, VILA ANASTACIO, 05092-000, SÃO PAULO, SP, BRASIL", "LMAPS": "https://www.google.com/maps?q=&layer=c&cbll=-23.5147006,-46.7168691", "O_QUE_FAZER": "CARTEIRA - FAMPE", "ER_REGIAO_CIDADE_min": "Capital Oeste_Lapa" }, "geometry": { "type": "Point", "coordinates": [ -46.7168691, -23.5147006 ] } },
{ "type": "Feature", "properties": { "fid": 265729, "CNPJ": "53192305000109", "IDCIDADE": "SAO_PAULO", "NOMEFANTASIA": "MHF_INOX_-_IMPORTACAO_E_COMERCIO_DE_PARAFUSOS_E_FIXADORES_LTDA", "RAZAOSOCIAL": "MHF_INOX_IMP._E_COM.", "ENDEE": "RUA_CLELIA599__BARRA_FUNDA_05042-000", "LMAPS": "https://www.google.com/maps?q=&layer=c&cbll=-23.5251243,-46.6883043", "O_QUE_FAZER": "FINALIZADO", "ER_REGIAO_CIDADE_min": "Capital Oeste_Lapa" }, "geometry": { "type": "Point", "coordinates": [ -46.6883043, -23.5251243 ] } },
{ "type": "Feature", "properties": { "fid": 265766, "CNPJ": "53201922000123", "IDCIDADE": "SAO_PAULO", "NOMEFANTASIA": "VITRINE_HOME_COLCHOES", "RAZAOSOCIAL": "VITRINE_HOME_COLCHOES_MOVEIS_E_ESTOFADOS_LTDA", "ENDEE": "RUA_MONTEIRO_DE_MELO87__LAPA_05050-000", "LMAPS": "https://www.google.com/maps?q=&layer=c&cbll=-23.5221806,-46.7029108", "O_QUE_FAZER": "CARTEIRA", "ER_REGIAO_CIDADE_min": "Capital Oeste_Lapa" }, "geometry": { "type": "Point", "coordinates": [ -46.7029108, -23.5221806 ] } },
{ "type": "Feature", "properties": { "fid": 265874, "CNPJ": "53242292000135", "IDCIDADE": "SAO_PAULO", "NOMEFANTASIA": "BRIENZA_&_SANCHES_SORVETERIA", "RAZAOSOCIAL": "BRIENZA_&_SANCHES_SORVETERIA_LTDA", "ENDEE": "PRACA_CIVICA86__LAPA_05050-060", "LMAPS": "https://www.google.com/maps?q=&layer=c&cbll=-23.5282091,-46.7037038", "O_QUE_FAZER": "FINALIZADO", "ER_REGIAO_CIDADE_min": "Capital Oeste_Lapa" }, "geometry": { "type": "Point", "coordinates": [ -46.7037038, -23.5282091 ] } },
{ "type": "Feature", "properties": { "fid": 265927, "CNPJ": "53250363000141", "IDCIDADE": "SAO_PAULO", "NOMEFANTASIA": "AGENCIA_ENSO_MARKETING_E_COMUNICACAO_LTDA", "RAZAOSOCIAL": "AGENCIA_ENSO_MARKETING_E_COMUNICACAO_LTDA", "ENDEE": "RUA_TITO678__VILA_ROMANA_05051-000", "LMAPS": "https://www.google.com/maps?q=&layer=c&cbll=-23.5279648,-46.6987206", "O_QUE_FAZER": "FINALIZADO", "ER_REGIAO_CIDADE_min": "Capital Oeste_Lapa" }, "geometry": { "type": "Point", "coordinates": [ -46.6987206, -23.5279648 ] } },
{ "type": "Feature", "properties": { "fid": 266560, "CNPJ": "53397780000111", "IDCIDADE": "SAO PAULO", "NOMEFANTASIA": "DK_INFORMÁTICA_E_GRÁFICA", "RAZAOSOCIAL": "53.397.780_DANIEL_PEREIRA_DE_NOVAIS", "ENDEE": "GEORGE SMITH, 100, LAPA, SÃO PAULO_05074-010", "LMAPS": "https://www.google.com/maps?q=&layer=c&cbll=-23.5186311,-46.7047603", "O_QUE_FAZER": "APLICAR T4", "ER_REGIAO_CIDADE_min": "Capital Oeste_Lapa" }, "geometry": { "type": "Point", "coordinates": [ -46.7047603, -23.5186311 ] } },
{ "type": "Feature", "properties": { "fid": 266614, "CNPJ": "53407235000169", "IDCIDADE": "SAO_PAULO", "NOMEFANTASIA": "LANCHONETE_MACHICO_LTDA", "RAZAOSOCIAL": "LANCHONETE_MACHICO", "ENDEE": "RUA_FABIA677__VILA_ROMANA_05051-030", "LMAPS": "https://www.google.com/maps?q=&layer=c&cbll=-23.5272232,-46.6977675", "O_QUE_FAZER": "FINALIZADO", "ER_REGIAO_CIDADE_min": "Capital Oeste_Lapa" }, "geometry": { "type": "Point", "coordinates": [ -46.6977675, -23.5272232 ] } },
{ "type": "Feature", "properties": { "fid": 266807, "CNPJ": "53459290000100", "IDCIDADE": "SÃO PAULO", "NOMEFANTASIA": "BUTECO DO JOTTA", "RAZAOSOCIAL": "BUTECO DO JOTTA LTDA", "ENDEE": "RUA TITO, 765, VILA ROMANA, 05051-000, SÃO PAULO, SP, BRASIL", "LMAPS": "https://www.google.com/maps?q=&layer=c&cbll=-23.528245,-46.6992852", "O_QUE_FAZER": "APLICAR T2", "ER_REGIAO_CIDADE_min": "Capital Oeste_Lapa" }, "geometry": { "type": "Point", "coordinates": [ -46.6992852, -23.528245 ] } },
{ "type": "Feature", "properties": { "fid": 267099, "CNPJ": "53529280000196", "IDCIDADE": "SAO PAULO", "NOMEFANTASIA": "BAMBER_BIER_EXPRESS", "RAZAOSOCIAL": "BAMBER_BIER_EXPRESS", "ENDEE": "FÁBIA, 383, VILA ROMANA, SÃO PAULO", "LMAPS": "https://www.google.com/maps?q=&layer=c&cbll=-23.5273189,-46.6948511", "O_QUE_FAZER": "FINALIZADO", "ER_REGIAO_CIDADE_min": "Capital Oeste_Lapa" }, "geometry": { "type": "Point", "coordinates": [ -46.6948511, -23.5273189 ] } },
{ "type": "Feature", "properties": { "fid": 267331, "CNPJ": "53578887000166", "IDCIDADE": "SAO PAULO", "NOMEFANTASIA": "LORENA_ANTUNES_SOARES_DA_SILVA", "RAZAOSOCIAL": "EDILSON_M_DA_SILVA_RESTAURANTE_E_PIZZARIA", "ENDEE": "RUA BARTOLOMEU BUENO, 213, GALPAOA, VILA ANASTACIO, 05093-020, SÃO PAULO, SP, BRASIL", "LMAPS": "https://www.google.com/maps?q=&layer=c&cbll=-23.5169259,-46.7210133", "O_QUE_FAZER": "CARTEIRA - FAMPE", "ER_REGIAO_CIDADE_min": "Capital Oeste_Lapa" }, "geometry": { "type": "Point", "coordinates": [ -46.7210133, -23.5169259 ] } },
{ "type": "Feature", "properties": { "fid": 267986, "CNPJ": "53737896000152", "IDCIDADE": "SAO_PAULO", "NOMEFANTASIA": "AUTO_ELETRICO_GILDU", "RAZAOSOCIAL": "GILDU_AUTO_ELETRICO_LTDA", "ENDEE": "RUA_BARTOLOMEU_BELLI10__LAPA_05050-030", "LMAPS": "https://www.google.com/maps?q=&layer=c&cbll=-23.5260933,-46.7030468", "O_QUE_FAZER": "CARTEIRA", "ER_REGIAO_CIDADE_min": "Capital Oeste_Lapa" }, "geometry": { "type": "Point", "coordinates": [ -46.7030468, -23.5260933 ] } },
{ "type": "Feature", "properties": { "fid": 268410, "CNPJ": "53833833000108", "IDCIDADE": "SAO PAULO", "NOMEFANTASIA": "COLUNA_AJUSTADA", "RAZAOSOCIAL": "COLUNA_AJUSTADA", "ENDEE": "PIO XI_181_ALTO DA LAPA_SÃO PAULO_05060-000", "LMAPS": "https://www.google.com/maps?q=&layer=c&cbll=-23.5266831,-46.7081364", "O_QUE_FAZER": "FINALIZADO", "ER_REGIAO_CIDADE_min": "Capital Oeste_Lapa" }, "geometry": { "type": "Point", "coordinates": [ -46.7081364, -23.5266831 ] } },
{ "type": "Feature", "properties": { "fid": 268986, "CNPJ": "53961257000176", "IDCIDADE": "SAO_PAULO", "NOMEFANTASIA": "AUTO_VISAO_VISTORIAS", "RAZAOSOCIAL": "GROSS_KAR_SOLUCOES_AUTOMOTIVAS_LTDA", "ENDEE": "RUA_FAUSTOLO770__AGUA_BRANCA_05041-000", "LMAPS": "https://www.google.com/maps?q=&layer=c&cbll=-23.5238237,-46.6928825", "O_QUE_FAZER": "CARTEIRA", "ER_REGIAO_CIDADE_min": "Capital Oeste_Lapa" }, "geometry": { "type": "Point", "coordinates": [ -46.6928825, -23.5238237 ] } },
{ "type": "Feature", "properties": { "fid": 268995, "CNPJ": "53963494000176", "IDCIDADE": "SAO PAULO", "NOMEFANTASIA": "CAMIS_ENTRE_NOS_CAFE", "RAZAOSOCIAL": "CÁ_ENTRE_NÓS_CAFÉ", "ENDEE": "AURÉLIA, 950, VILA ROMANA, SÃO PAULO", "LMAPS": "https://www.google.com/maps?q=&layer=c&cbll=-23.5303293,-46.698067", "O_QUE_FAZER": "APLICAR T2", "ER_REGIAO_CIDADE_min": "Capital Oeste_Lapa" }, "geometry": { "type": "Point", "coordinates": [ -46.698067, -23.5303293 ] } },
{ "type": "Feature", "properties": { "fid": 269088, "CNPJ": "53983360000206", "IDCIDADE": "SAO_PAULO", "NOMEFANTASIA": "POLLAN_FOODS", "RAZAOSOCIAL": "POLLAR_FOODS_COMERCIO_E_DISTRIBUICAO_DE_ALIMENTOS_LTDA", "ENDEE": "RUA_MONTEIRO_DE_MELO530__LAPA_05050-000", "LMAPS": "https://www.google.com/maps?q=&layer=c&cbll=-23.5262633,-46.7031033", "O_QUE_FAZER": "CARTEIRA", "ER_REGIAO_CIDADE_min": "Capital Oeste_Lapa" }, "geometry": { "type": "Point", "coordinates": [ -46.7031033, -23.5262633 ] } },
{ "type": "Feature", "properties": { "fid": 269131, "CNPJ": "53992741000162", "IDCIDADE": "SAO PAULO", "NOMEFANTASIA": "ROMATEX_2", "RAZAOSOCIAL": "ROMATEX_2_CONSTRUCOES_E_MANUTENCAO_PREDIAL_LTDA", "ENDEE": "DOM JOÃO V, 511, LAPA, SÃO PAULO_05075-060", "LMAPS": "https://www.google.com/maps?q=&layer=c&cbll=-23.5238851,-46.7092205", "O_QUE_FAZER": "APLICAR T4", "ER_REGIAO_CIDADE_min": "Capital Oeste_Lapa" }, "geometry": { "type": "Point", "coordinates": [ -46.7092205, -23.5238851 ] } },
{ "type": "Feature", "properties": { "fid": 269326, "CNPJ": "54036355000160", "IDCIDADE": "SAO_PAULO", "NOMEFANTASIA": "PHARMARTE", "RAZAOSOCIAL": "PHARMARTE_FARMACIA_DE_MANIPULACAO_LTDA", "ENDEE": "RUA_CERRO_CORA1002__VILA_ROMANA_05061-000", "LMAPS": "https://www.google.com/maps?q=&layer=c&cbll=-23.5389899,-46.7062722", "O_QUE_FAZER": "CARTEIRA", "ER_REGIAO_CIDADE_min": "Capital Oeste_Lapa" }, "geometry": { "type": "Point", "coordinates": [ -46.7062722, -23.5389899 ] } },
{ "type": "Feature", "properties": { "fid": 269344, "CNPJ": "54039727000616", "IDCIDADE": "SAO_PAULO", "NOMEFANTASIA": "LAPA_SUPLEMENTOS", "RAZAOSOCIAL": "LAPA_SUPLEMENTOS", "ENDEE": "RUA_CLÉLIA_1746_ÁGUA BRANCA_05042-000_SAO_PAULO", "LMAPS": "https://www.google.com/maps?q=&layer=c&cbll=-23.5247369,-46.6995699", "O_QUE_FAZER": "FINALIZADO", "ER_REGIAO_CIDADE_min": "Capital Oeste_Lapa" }, "geometry": { "type": "Point", "coordinates": [ -46.6995699, -23.5247369 ] } },
{ "type": "Feature", "properties": { "fid": 269542, "CNPJ": "54088292000195", "IDCIDADE": "SAO_PAULO", "NOMEFANTASIA": "ACQUA_VICI", "RAZAOSOCIAL": "ACQUA_VICI_COMERCIO_E_SOLUCOES_LTDA", "ENDEE": "RUA_FAUSTOLO1648__LAPA_05041-000", "LMAPS": "https://www.google.com/maps?q=&layer=c&cbll=-23.523615,-46.7012667", "O_QUE_FAZER": "APLICAR T2", "ER_REGIAO_CIDADE_min": "Capital Oeste_Lapa" }, "geometry": { "type": "Point", "coordinates": [ -46.7012667, -23.523615 ] } },
{ "type": "Feature", "properties": { "fid": 269857, "CNPJ": "54148933000150", "IDCIDADE": "SAO_PAULO", "NOMEFANTASIA": "VILA_ROMANA_ARTES_E_MOLDURAS_LTDA", "RAZAOSOCIAL": "FASTFRAME_MOLDURAS", "ENDEE": "RUA_TITO598__VILA_ROMANA_05051-000", "LMAPS": "https://www.google.com/maps?q=&layer=c&cbll=-23.5280708,-46.6976213", "O_QUE_FAZER": "FINALIZADO", "ER_REGIAO_CIDADE_min": "Capital Oeste_Lapa" }, "geometry": { "type": "Point", "coordinates": [ -46.6976213, -23.5280708 ] } },
{ "type": "Feature", "properties": { "fid": 269908, "CNPJ": "54164218000100", "IDCIDADE": "SAO_PAULO", "NOMEFANTASIA": "VOE_JA_PASSAGENS_AEREAS", "RAZAOSOCIAL": "S_M_S_AGENCIA_DE_VIAGENS_LTDA", "ENDEE": "RUA_DOUTOR_CINCINATO_PAMPONET194__LAPA_05072-020", "LMAPS": "https://www.google.com/maps?q=&layer=c&cbll=-23.518655,-46.7024033", "O_QUE_FAZER": "CARTEIRA", "ER_REGIAO_CIDADE_min": "Capital Oeste_Lapa" }, "geometry": { "type": "Point", "coordinates": [ -46.7024033, -23.518655 ] } },
{ "type": "Feature", "properties": { "fid": 269949, "CNPJ": "54171852000170", "IDCIDADE": "SAO_PAULO", "NOMEFANTASIA": "ECOVILLE", "RAZAOSOCIAL": "MR_SOLUCOES_EM_LIMPEZA_LTDA", "ENDEE": "RUA_NOSSA_SENHORA_DA_LAPA237__LAPA_05072-000", "LMAPS": "https://www.google.com/maps?q=&layer=c&cbll=-23.521793,-46.7034361", "O_QUE_FAZER": "APLICAR T4", "ER_REGIAO_CIDADE_min": "Capital Oeste_Lapa" }, "geometry": { "type": "Point", "coordinates": [ -46.7034361, -23.521793 ] } },
{ "type": "Feature", "properties": { "fid": 271189, "CNPJ": "54437190000138", "IDCIDADE": "SAO PAULO", "NOMEFANTASIA": "NA_HORA_CELL", "RAZAOSOCIAL": "NA_HORA_CELL", "ENDEE": "CLÉLIA, 2130, ÁGUA BRANCA, SÃO PAULO", "LMAPS": "https://www.google.com/maps?q=&layer=c&cbll=-23.52464,-46.703324", "O_QUE_FAZER": "FINALIZADO", "ER_REGIAO_CIDADE_min": "Capital Oeste_Lapa" }, "geometry": { "type": "Point", "coordinates": [ -46.703324, -23.52464 ] } },
{ "type": "Feature", "properties": { "fid": 271215, "CNPJ": "54441538000160", "IDCIDADE": "SAO_PAULO", "NOMEFANTASIA": "MAIS_APLACE", "RAZAOSOCIAL": "SUSHI_LAPA_COMERCIO_DE_ALIMENTOS_LTDA", "ENDEE": "RUA_TITO1053__VILA_ROMANA_05051-000", "LMAPS": "https://www.google.com/maps?q=&layer=c&cbll=-23.5239292,-46.7026838", "O_QUE_FAZER": "FINALIZADO", "ER_REGIAO_CIDADE_min": "Capital Oeste_Lapa" }, "geometry": { "type": "Point", "coordinates": [ -46.7026838, -23.5239292 ] } },
{ "type": "Feature", "properties": { "fid": 271537, "CNPJ": "54510881000110", "IDCIDADE": "SAO_PAULO", "NOMEFANTASIA": "OTICA_START", "RAZAOSOCIAL": "NATHALYA_ASCHAR_DA_SILVA_OTICA", "ENDEE": "RUA_ALBION233__LAPA_05077-130", "LMAPS": "https://www.google.com/maps?q=&layer=c&cbll=-23.523606,-46.7068888", "O_QUE_FAZER": "FINALIZADO", "ER_REGIAO_CIDADE_min": "Capital Oeste_Lapa" }, "geometry": { "type": "Point", "coordinates": [ -46.7068888, -23.523606 ] } },
{ "type": "Feature", "properties": { "fid": 271650, "CNPJ": "54536172000103", "IDCIDADE": "SAO_PAULO", "NOMEFANTASIA": "AUTO_FUNILARIA_LS_COMERCIOS_E_SERVICOS_LTDA", "RAZAOSOCIAL": "AUTO_FUNILARIA_L_&_S_COMERCIO_E_SERVICOS_LTDA", "ENDEE": "RUA_DOUTOR_JOSE_ELIAS_310_ALTO_DA_LAPA_05083-030_SAO_PAULO_BRASIL", "LMAPS": "https://www.google.com/maps?q=&layer=c&cbll=-23.5315992,-46.7167573", "O_QUE_FAZER": "FINALIZADO", "ER_REGIAO_CIDADE_min": "Capital Oeste_Lapa" }, "geometry": { "type": "Point", "coordinates": [ -46.7167573, -23.5315992 ] } },
{ "type": "Feature", "properties": { "fid": 271967, "CNPJ": "54604210000118", "IDCIDADE": "SAO_PAULO", "NOMEFANTASIA": "MILLA_PARK", "RAZAOSOCIAL": "M_W_ESTACIONAMENTO_DE_VECULOS_LTDA", "ENDEE": "RUA_GUAICURUS1351__AGUA_BRANCA_05033-000", "LMAPS": "https://www.google.com/maps?q=&layer=c&cbll=-23.5215683,-46.6986177", "O_QUE_FAZER": "CARTEIRA", "ER_REGIAO_CIDADE_min": "Capital Oeste_Lapa" }, "geometry": { "type": "Point", "coordinates": [ -46.6986177, -23.5215683 ] } },
{ "type": "Feature", "properties": { "fid": 272731, "CNPJ": "54770032000103", "IDCIDADE": "SAO_PAULO", "NOMEFANTASIA": "ACIUM", "RAZAOSOCIAL": "NOVA_ACO_COMERCIO_DE_JOIAS_LTDA", "ENDEE": "RUA_CATAO72__VILA_ROMANA_05049-000", "LMAPS": "https://www.google.com/maps?q=&layer=c&cbll=-23.5214528,-46.7009655", "O_QUE_FAZER": "CARTEIRA", "ER_REGIAO_CIDADE_min": "Capital Oeste_Lapa" }, "geometry": { "type": "Point", "coordinates": [ -46.7009655, -23.5214528 ] } },
{ "type": "Feature", "properties": { "fid": 273336, "CNPJ": "54902685000190", "IDCIDADE": "SAO_PAULO", "NOMEFANTASIA": "KJ_AUTOMOTIVOS", "RAZAOSOCIAL": "KJ_SERVICOS_AUTOMOTIVOS_LTDA", "ENDEE": "RUA_CLELIA2073__AGUA_BRANCA_05042-000", "LMAPS": "https://www.google.com/maps?q=&layer=c&cbll=-23.524808,-46.702471", "O_QUE_FAZER": "CARTEIRA", "ER_REGIAO_CIDADE_min": "Capital Oeste_Lapa" }, "geometry": { "type": "Point", "coordinates": [ -46.702471, -23.524808 ] } },
{ "type": "Feature", "properties": { "fid": 273681, "CNPJ": "54983374000101", "IDCIDADE": "SAO_PAULO", "NOMEFANTASIA": "LAPAPEL_FESTAS", "RAZAOSOCIAL": "LAPAPEL_ARTIGOS_PARA_FESTAS_LTDA", "ENDEE": "RUA_ULPIANO52__LAPA_05050-020", "LMAPS": "https://www.google.com/maps?q=&layer=c&cbll=-23.526565,-46.703535", "O_QUE_FAZER": "FINALIZADO", "ER_REGIAO_CIDADE_min": "Capital Oeste_Lapa" }, "geometry": { "type": "Point", "coordinates": [ -46.703535, -23.526565 ] } },
{ "type": "Feature", "properties": { "fid": 274105, "CNPJ": "55081431000111", "IDCIDADE": "SAO_PAULO", "NOMEFANTASIA": "LANCHONETE_RAINHA_DA_MATARAZZO", "RAZAOSOCIAL": "MS_BAR_E_LANCHONETE_LTDA", "ENDEE": "RUA_NOSSA_SENHORA_DA_LAPA484__LAPA_05072-000", "LMAPS": "https://www.google.com/maps?q=&layer=c&cbll=-23.5235357,-46.7046504", "O_QUE_FAZER": "CARTEIRA", "ER_REGIAO_CIDADE_min": "Capital Oeste_Lapa" }, "geometry": { "type": "Point", "coordinates": [ -46.7046504, -23.5235357 ] } },
{ "type": "Feature", "properties": { "fid": 274884, "CNPJ": "55257243000100", "IDCIDADE": "SAO_PAULO", "NOMEFANTASIA": "BCO_COMERCIO_DE_ALIMENTOS_LTDA", "RAZAOSOCIAL": "BCO_COMERCIO_DE_ALIMENTOS", "ENDEE": "RUA_ALVARENGA_PEIXOTO162__VILA_ANASTACIO_05095-010", "LMAPS": "https://www.google.com/maps?q=&layer=c&cbll=-23.5134299,-46.7179292", "O_QUE_FAZER": "FINALIZADO", "ER_REGIAO_CIDADE_min": "Capital Oeste_Lapa" }, "geometry": { "type": "Point", "coordinates": [ -46.7179292, -23.5134299 ] } },
{ "type": "Feature", "properties": { "fid": 274898, "CNPJ": "55261074000173", "IDCIDADE": "SAO_PAULO", "NOMEFANTASIA": "BELLA_LEOPOLDINA_PIZZARIA", "RAZAOSOCIAL": "BCR_ALIMENTACOES_LTDA", "ENDEE": "RUA_BRIGADEIRO_GAVIAO_PEIXOTO1431__LAPA_05078-000", "LMAPS": "https://www.google.com/maps?q=&layer=c&cbll=-23.5217901,-46.721856", "O_QUE_FAZER": "CARTEIRA", "ER_REGIAO_CIDADE_min": "Capital Oeste_Lapa" }, "geometry": { "type": "Point", "coordinates": [ -46.721856, -23.5217901 ] } },
{ "type": "Feature", "properties": { "fid": 274930, "CNPJ": "55266535000109", "IDCIDADE": "SAO_PAULO", "NOMEFANTASIA": "FACARTE", "RAZAOSOCIAL": "AJ_GHIRALDELLI_COMERCIO_DE_ARTIGOS_PARA_PRESENTES_E_ARTESANATO_LTDA", "ENDEE": "RUA_NOSSA_SENHORA_DA_LAPA244__LAPA_05072-000", "LMAPS": "https://www.google.com/maps?q=&layer=c&cbll=-23.5216753,-46.7035726", "O_QUE_FAZER": "FINALIZADO", "ER_REGIAO_CIDADE_min": "Capital Oeste_Lapa" }, "geometry": { "type": "Point", "coordinates": [ -46.7035726, -23.5216753 ] } },
{ "type": "Feature", "properties": { "fid": 274982, "CNPJ": "55279872000122", "IDCIDADE": "SAO_PAULO", "NOMEFANTASIA": "RESTAURANTE_VITORIA", "RAZAOSOCIAL": "55.279.872_BERNARDA_DE_ASSUNCAO_NUNES_DOS_SANTOS", "ENDEE": "RUA_JORGE_AMERICANO_566_ALTO_DA_LAPA_05083-130_SAO_PAULO_BRASIL", "LMAPS": "https://www.google.com/maps?q=&layer=c&cbll=-23.5321266,-46.7188593", "O_QUE_FAZER": "FINALIZADO", "ER_REGIAO_CIDADE_min": "Capital Oeste_Lapa" }, "geometry": { "type": "Point", "coordinates": [ -46.7188593, -23.5321266 ] } },
{ "type": "Feature", "properties": { "fid": 275108, "CNPJ": "55310349000111", "IDCIDADE": "SAO PAULO", "NOMEFANTASIA": "VISTORIA_BRASIL_LAPA", "RAZAOSOCIAL": "LAPA_INSPECAO_VEICULAR_LTDA", "ENDEE": "RUA GUAICURUS, 634, ÁGUA BRANCA, 05033-001, SÃO PAULO, SP, BRASIL", "LMAPS": "https://www.google.com/maps?q=&layer=c&cbll=-23.522597,-46.691788", "O_QUE_FAZER": "FINALIZADO", "ER_REGIAO_CIDADE_min": "Capital Oeste_Lapa" }, "geometry": { "type": "Point", "coordinates": [ -46.691788, -23.522597 ] } },
{ "type": "Feature", "properties": { "fid": 275402, "CNPJ": "55379988000133", "IDCIDADE": "SAO_PAULO", "NOMEFANTASIA": "55.379.988_KARINA_NUNES_COPULA", "RAZAOSOCIAL": "OFICINA_FK", "ENDEE": "RUA_CLELIA1969__VILA_ROMANA_05042-000", "LMAPS": "https://www.google.com/maps?q=&layer=c&cbll=-23.5249357,-46.701716", "O_QUE_FAZER": "FINALIZADO", "ER_REGIAO_CIDADE_min": "Capital Oeste_Lapa" }, "geometry": { "type": "Point", "coordinates": [ -46.701716, -23.5249357 ] } },
{ "type": "Feature", "properties": { "fid": 275426, "CNPJ": "55386777000128", "IDCIDADE": "SAO_PAULO", "NOMEFANTASIA": "DI_BRINCARE", "RAZAOSOCIAL": "L_T_P_AGOSTINI_BRINQUEDOS", "ENDEE": "RUA_AURELIA685__VILA_ROMANA_05046-000", "LMAPS": "https://www.google.com/maps?q=&layer=c&cbll=-23.52891,-46.6972486", "O_QUE_FAZER": "CARTEIRA", "ER_REGIAO_CIDADE_min": "Capital Oeste_Lapa" }, "geometry": { "type": "Point", "coordinates": [ -46.6972486, -23.52891 ] } },
{ "type": "Feature", "properties": { "fid": 275476, "CNPJ": "55397209000122", "IDCIDADE": "SAO_PAULO", "NOMEFANTASIA": "MANAS_EMPANADAS", "RAZAOSOCIAL": "KAZA_GOURMET_LTDA", "ENDEE": "RUA_PIO_XI1260__ALTO_DA_LAPA_05060-001", "LMAPS": "https://www.google.com/maps?q=&layer=c&cbll=-23.5344014,-46.7139858", "O_QUE_FAZER": "FINALIZADO", "ER_REGIAO_CIDADE_min": "Capital Oeste_Lapa" }, "geometry": { "type": "Point", "coordinates": [ -46.7139858, -23.5344014 ] } },
{ "type": "Feature", "properties": { "fid": 275679, "CNPJ": "55439177000261", "IDCIDADE": "SAO PAULO", "NOMEFANTASIA": "MIL_E_UMA_COISAS", "RAZAOSOCIAL": "1001_COISAS_COMERCIO_LTDA", "ENDEE": "DOZE DE OUTUBRO, 333, LAPA, SÃO PAULO_05073-001", "LMAPS": "https://www.google.com/maps?q=&layer=c&cbll=-23.5210415,-46.7043818", "O_QUE_FAZER": "APLICAR T4", "ER_REGIAO_CIDADE_min": "Capital Oeste_Lapa" }, "geometry": { "type": "Point", "coordinates": [ -46.7043818, -23.5210415 ] } },
{ "type": "Feature", "properties": { "fid": 275810, "CNPJ": "55470943000170", "IDCIDADE": "SAO_PAULO", "NOMEFANTASIA": "BUFFET_MOMENTO_MAGICO", "RAZAOSOCIAL": "FAMILIA_ITALIANA_NA_COZINHA_E_NA_INTERNET_LTDA", "ENDEE": "RUA_PIO_XI1185__ALTO_DE_PINHEIROS_05060-000", "LMAPS": "https://www.google.com/maps?q=&layer=c&cbll=-23.5340433,-46.7133833", "O_QUE_FAZER": "FINALIZADO", "ER_REGIAO_CIDADE_min": "Capital Oeste_Lapa" }, "geometry": { "type": "Point", "coordinates": [ -46.7133833, -23.5340433 ] } },
{ "type": "Feature", "properties": { "fid": 276177, "CNPJ": "55560493000106", "IDCIDADE": "SAO PAULO", "NOMEFANTASIA": "AÇAÍ_AÇAÍ_BARRA", "RAZAOSOCIAL": "AÇAÍ_AÇAÍ_BARRA", "ENDEE": "DRONSFIELD_65_LAPA_SÃO PAULO_05074-000", "LMAPS": "https://www.google.com/maps?q=&layer=c&cbll=-23.5196615,-46.7035304", "O_QUE_FAZER": "APLICAR T4", "ER_REGIAO_CIDADE_min": "Capital Oeste_Lapa" }, "geometry": { "type": "Point", "coordinates": [ -46.7035304, -23.5196615 ] } },
{ "type": "Feature", "properties": { "fid": 276833, "CNPJ": "55726695000185", "IDCIDADE": "SAO_PAULO", "NOMEFANTASIA": "REAL_SABOR", "RAZAOSOCIAL": "LANCHONETE_REAL_SABOR_LTDA", "ENDEE": "RUA_NOSSA_SENHORA_DA_LAPA358__LAPA_05072-000", "LMAPS": "https://www.google.com/maps?q=&layer=c&cbll=-23.5225871,-46.7040683", "O_QUE_FAZER": "CARTEIRA", "ER_REGIAO_CIDADE_min": "Capital Oeste_Lapa" }, "geometry": { "type": "Point", "coordinates": [ -46.7040683, -23.5225871 ] } },
{ "type": "Feature", "properties": { "fid": 276946, "CNPJ": "55753928000139", "IDCIDADE": "SAO_PAULO", "NOMEFANTASIA": "CASINHA_NATURAL", "RAZAOSOCIAL": "CASINHA_NATURAL_LTDA", "ENDEE": "RUA_FAUSTOLO1060__LAPA_05041-000", "LMAPS": "https://www.google.com/maps?q=&layer=c&cbll=-23.5238533,-46.6957667", "O_QUE_FAZER": "CARTEIRA", "ER_REGIAO_CIDADE_min": "Capital Oeste_Lapa" }, "geometry": { "type": "Point", "coordinates": [ -46.6957667, -23.5238533 ] } },
{ "type": "Feature", "properties": { "fid": 277443, "CNPJ": "55883151000127", "IDCIDADE": "SAO_PAULO", "NOMEFANTASIA": "KARIBE_BATERIAS", "RAZAOSOCIAL": "COMERCIO_DE_BATERIAS_KARIBE_LTDA", "ENDEE": "RUA_CERRO_CORA2074__VILA_ROMANA_05061-400", "LMAPS": "https://www.google.com/maps?q=&layer=c&cbll=-23.5351623,-46.7148193", "O_QUE_FAZER": "FINALIZADO", "ER_REGIAO_CIDADE_min": "Capital Oeste_Lapa" }, "geometry": { "type": "Point", "coordinates": [ -46.7148193, -23.5351623 ] } },
{ "type": "Feature", "properties": { "fid": 277469, "CNPJ": "55891462000138", "IDCIDADE": "SAO_PAULO", "NOMEFANTASIA": "DRL_PARK", "RAZAOSOCIAL": "DRL_PARK_ESTACIONAMENTOS_LTDA", "ENDEE": "RUA_MARTIM_TENORIO93__LAPA_05074-060", "LMAPS": "https://www.google.com/maps?q=&layer=c&cbll=-23.52026,-46.7028217", "O_QUE_FAZER": "CARTEIRA", "ER_REGIAO_CIDADE_min": "Capital Oeste_Lapa" }, "geometry": { "type": "Point", "coordinates": [ -46.7028217, -23.52026 ] } },
{ "type": "Feature", "properties": { "fid": 277580, "CNPJ": "55915275000147", "IDCIDADE": "SAO PAULO", "NOMEFANTASIA": "-", "RAZAOSOCIAL": "55.915.275_LIVIA_MARIA_TEODORO_DE_MELO", "ENDEE": "RUA DOUTOR MIRANDA DE AZEVEDO, 438, VILA ANGLO BRASILEIRA, 05027-000, SÃO PAULO, SP, BRASIL", "LMAPS": "https://www.google.com/maps?q=&layer=c&cbll=-23.5283887,-46.6893294", "O_QUE_FAZER": "CARTEIRA - FAMPE", "ER_REGIAO_CIDADE_min": "Capital Oeste_Lapa" }, "geometry": { "type": "Point", "coordinates": [ -46.6893294, -23.5283887 ] } },
{ "type": "Feature", "properties": { "fid": 277624, "CNPJ": "55926679000136", "IDCIDADE": "SAO_PAULO", "NOMEFANTASIA": "LG_ELETRICA", "RAZAOSOCIAL": "L_G_COMERCIAL_ELETRICA_LTDA", "ENDEE": "RUA_FAUSTOLO1521__LAPA_05041-000", "LMAPS": "https://www.google.com/maps?q=&layer=c&cbll=-23.5239367,-46.7001633", "O_QUE_FAZER": "CARTEIRA", "ER_REGIAO_CIDADE_min": "Capital Oeste_Lapa" }, "geometry": { "type": "Point", "coordinates": [ -46.7001633, -23.5239367 ] } },
{ "type": "Feature", "properties": { "fid": 277636, "CNPJ": "55928981000123", "IDCIDADE": "SAO_PAULO", "NOMEFANTASIA": "HELP_MULTAS_SP", "RAZAOSOCIAL": "BTB_R_ALVARENGA_SERVICOS_ADMINISTRATIVOS_LTDA", "ENDEE": "RUA_CAIO_GRACO_167_VILA_ROMANA_05044-000_SAO_PAULO_BRASIL", "LMAPS": "https://www.google.com/maps?q=&layer=c&cbll=-23.5241986,-46.6943307", "O_QUE_FAZER": "FINALIZADO", "ER_REGIAO_CIDADE_min": "Capital Oeste_Lapa" }, "geometry": { "type": "Point", "coordinates": [ -46.6943307, -23.5241986 ] } },
{ "type": "Feature", "properties": { "fid": 277817, "CNPJ": "55975589000135", "IDCIDADE": "SAO_PAULO", "NOMEFANTASIA": "HAIR_DESIGNERS", "RAZAOSOCIAL": "STUDIO_DESIGNERS_HAIR_LTDA", "ENDEE": "RUA_ANTONIO_RAPOSO36__LAPA_05074-020", "LMAPS": "https://www.google.com/maps?q=&layer=c&cbll=-23.5214054,-46.7051404", "O_QUE_FAZER": "FINALIZADO", "ER_REGIAO_CIDADE_min": "Capital Oeste_Lapa" }, "geometry": { "type": "Point", "coordinates": [ -46.7051404, -23.5214054 ] } },
{ "type": "Feature", "properties": { "fid": 278037, "CNPJ": "56030313000147", "IDCIDADE": "SAO PAULO", "NOMEFANTASIA": "RSCAR_PELICULAS_E_ENVELOPAMENTOS", "RAZAOSOCIAL": "RSCAR_PELICULAS_E_ENVELOPAMENTOS_LTDA", "ENDEE": "RUA CLÉLIA, 561, ÁGUA BRANCA, 05042-000, SÃO PAULO, SP, BRASIL", "LMAPS": "https://www.google.com/maps?q=&layer=c&cbll=-23.5251957,-46.6879043", "O_QUE_FAZER": "FINALIZADO", "ER_REGIAO_CIDADE_min": "Capital Oeste_Lapa" }, "geometry": { "type": "Point", "coordinates": [ -46.6879043, -23.5251957 ] } },
{ "type": "Feature", "properties": { "fid": 278062, "CNPJ": "56040983000144", "IDCIDADE": "SAO_PAULO", "NOMEFANTASIA": "LANCHONETE_COPA90", "RAZAOSOCIAL": "LANCHONETE_COPA_90_LTDA", "ENDEE": "RUA_CONRADO_MORESCHI119__LAPA_05072-010", "LMAPS": "https://www.google.com/maps?q=&layer=c&cbll=-23.5193773,-46.702299", "O_QUE_FAZER": "CARTEIRA", "ER_REGIAO_CIDADE_min": "Capital Oeste_Lapa" }, "geometry": { "type": "Point", "coordinates": [ -46.702299, -23.5193773 ] } },
{ "type": "Feature", "properties": { "fid": 278128, "CNPJ": "56057763000123", "IDCIDADE": "SAO_PAULO", "NOMEFANTASIA": "OTICA_DAVAED", "RAZAOSOCIAL": "OTICA_DAVAED_LTDA", "ENDEE": "RUA_CLELIA1827__AGUA_BRANCA_05042-000", "LMAPS": "https://www.google.com/maps?q=&layer=c&cbll=-23.5249418,-46.7003435", "O_QUE_FAZER": "APLICAR T2", "ER_REGIAO_CIDADE_min": "Capital Oeste_Lapa" }, "geometry": { "type": "Point", "coordinates": [ -46.7003435, -23.5249418 ] } },
{ "type": "Feature", "properties": { "fid": 278208, "CNPJ": "56073448000602", "IDCIDADE": "SAO_PAULO", "NOMEFANTASIA": "REQUINTE_COLONIAL", "RAZAOSOCIAL": "REQUINTE_COLONIAL_MOVEIS_LTDA", "ENDEE": "RUA_MONTEIRO_DE_MELO237__LAPA_05050-000", "LMAPS": "https://www.google.com/maps?q=&layer=c&cbll=-23.5235328,-46.7028887", "O_QUE_FAZER": "CARTEIRA", "ER_REGIAO_CIDADE_min": "Capital Oeste_Lapa" }, "geometry": { "type": "Point", "coordinates": [ -46.7028887, -23.5235328 ] } },
{ "type": "Feature", "properties": { "fid": 278692, "CNPJ": "56209271000106", "IDCIDADE": "SAO_PAULO", "NOMEFANTASIA": "CENTRO_INTEGRADO_MECANICO", "RAZAOSOCIAL": "CIM_CENTRO_INTEGRADO_MECANICO_LTDA", "ENDEE": "RUA_TONELERO_493_VILA_IPOJUCA_05056-000_SAO_PAULO_BRASIL", "LMAPS": "https://www.google.com/maps?q=&layer=c&cbll=-23.5324807,-46.7041339", "O_QUE_FAZER": "FINALIZADO", "ER_REGIAO_CIDADE_min": "Capital Oeste_Lapa" }, "geometry": { "type": "Point", "coordinates": [ -46.7041339, -23.5324807 ] } },
{ "type": "Feature", "properties": { "fid": 278901, "CNPJ": "56294165000178", "IDCIDADE": "SAO_PAULO", "NOMEFANTASIA": "PTB_RESTAURANTES_LTDA", "RAZAOSOCIAL": "SEU_RASHID", "ENDEE": "RUA_CAIO_GRACO373__VILA_ROMANA_05044-000", "LMAPS": "https://www.google.com/maps?q=&layer=c&cbll=-23.5261472,-46.6942007", "O_QUE_FAZER": "FINALIZADO", "ER_REGIAO_CIDADE_min": "Capital Oeste_Lapa" }, "geometry": { "type": "Point", "coordinates": [ -46.6942007, -23.5261472 ] } },
{ "type": "Feature", "properties": { "fid": 278933, "CNPJ": "56304149000119", "IDCIDADE": "SAO_PAULO", "NOMEFANTASIA": "NAOSU_SUSHI", "RAZAOSOCIAL": "SUZA_SUSHI_LTDA", "ENDEE": "RUA_CATAO187__VILA_ROMANA_05049-000", "LMAPS": "https://www.google.com/maps?q=&layer=c&cbll=-23.5224944,-46.700355", "O_QUE_FAZER": "CARTEIRA", "ER_REGIAO_CIDADE_min": "Capital Oeste_Lapa" }, "geometry": { "type": "Point", "coordinates": [ -46.700355, -23.5224944 ] } },
{ "type": "Feature", "properties": { "fid": 279169, "CNPJ": "56406598000178", "IDCIDADE": "SAO_PAULO", "NOMEFANTASIA": "HAVAI_CONFECCOES", "RAZAOSOCIAL": "666_COMERCIO_DE_MEIAS_LTDA", "ENDEE": "RUA_DOMINGOS_RODRIGUES493__LAPA_05075-000", "LMAPS": "https://www.google.com/maps?q=&layer=c&cbll=-23.5226883,-46.707435", "O_QUE_FAZER": "CARTEIRA", "ER_REGIAO_CIDADE_min": "Capital Oeste_Lapa" }, "geometry": { "type": "Point", "coordinates": [ -46.707435, -23.5226883 ] } },
{ "type": "Feature", "properties": { "fid": 279191, "CNPJ": "56418590000121", "IDCIDADE": "SAO PAULO", "NOMEFANTASIA": "PLENA_VISAO_VISTORIA_VEICULAR", "RAZAOSOCIAL": "LAPA_VISTORIA_VEICULAR_LTDA", "ENDEE": "RUA CATÃO, 200, VILA ROMANA, 05049-000, SÃO PAULO, SP, BRASIL", "LMAPS": "https://www.google.com/maps?q=&layer=c&cbll=-23.5225441,-46.7006928", "O_QUE_FAZER": "FINALIZADO", "ER_REGIAO_CIDADE_min": "Capital Oeste_Lapa" }, "geometry": { "type": "Point", "coordinates": [ -46.7006928, -23.5225441 ] } },
{ "type": "Feature", "properties": { "fid": 280038, "CNPJ": "56915893000150", "IDCIDADE": "SAO_PAULO", "NOMEFANTASIA": "FIDALGA_MOVEIS", "RAZAOSOCIAL": "FIDALGA_COMERCIO_DE_MOVEIS_PLANEJADOS_LTDA", "ENDEE": "RUA_CLELIA1865__AGUA_BRANCA_05042-000", "LMAPS": "https://www.google.com/maps?q=&layer=c&cbll=-23.525127,-46.7006266", "O_QUE_FAZER": "CARTEIRA", "ER_REGIAO_CIDADE_min": "Capital Oeste_Lapa" }, "geometry": { "type": "Point", "coordinates": [ -46.7006266, -23.525127 ] } },
{ "type": "Feature", "properties": { "fid": 280109, "CNPJ": "56933140000177", "IDCIDADE": "SAO_PAULO", "NOMEFANTASIA": "TRAJANO_EMBALAGENS", "RAZAOSOCIAL": "A.J_DISTRIBUIDORA_DE_EMBALAGENS_BEBIDAS_E_DOCES_LTDA", "ENDEE": "RUA_TRAJANO109__LAPA_05050-110", "LMAPS": "https://www.google.com/maps?q=&layer=c&cbll=-23.5214732,-46.7012388", "O_QUE_FAZER": "FINALIZADO", "ER_REGIAO_CIDADE_min": "Capital Oeste_Lapa" }, "geometry": { "type": "Point", "coordinates": [ -46.7012388, -23.5214732 ] } },
{ "type": "Feature", "properties": { "fid": 280154, "CNPJ": "56943782000157", "IDCIDADE": "SAO_PAULO", "NOMEFANTASIA": "PANOBIANCO_ACADEMIA", "RAZAOSOCIAL": "WWRE_FIT_ACADEMIA_LTDA", "ENDEE": "RUA_MONTEIRO_DE_MELO317__LAPA_05050-000", "LMAPS": "https://www.google.com/maps?q=&layer=c&cbll=-23.5242934,-46.7030629", "O_QUE_FAZER": "CARTEIRA", "ER_REGIAO_CIDADE_min": "Capital Oeste_Lapa" }, "geometry": { "type": "Point", "coordinates": [ -46.7030629, -23.5242934 ] } },
{ "type": "Feature", "properties": { "fid": 280184, "CNPJ": "56955154000191", "IDCIDADE": "SAO PAULO", "NOMEFANTASIA": "TERRAÇO_POMPEIA", "RAZAOSOCIAL": "TERRAÇO_POMPEIA", "ENDEE": "RIBEIRO DE BARROS_178_VILA ANGLO BRASILEIRA_SÃO PAULO_05027-020", "LMAPS": "https://www.google.com/maps?q=&layer=c&cbll=-23.5296624,-46.6915703", "O_QUE_FAZER": "APLICAR T2", "ER_REGIAO_CIDADE_min": "Capital Oeste_Lapa" }, "geometry": { "type": "Point", "coordinates": [ -46.6915703, -23.5296624 ] } },
{ "type": "Feature", "properties": { "fid": 281036, "CNPJ": "57189906000113", "IDCIDADE": "SAO_PAULO", "NOMEFANTASIA": "STUDIO_SCISSORS_CABELEIREIROS", "RAZAOSOCIAL": "STUDIO_SCISSORS_CABELEIREIROS_LTDA", "ENDEE": "RUA_ALBION78__LAPA_05077-130", "LMAPS": "https://www.google.com/maps?q=&layer=c&cbll=-23.5233951,-46.7054404", "O_QUE_FAZER": "CARTEIRA", "ER_REGIAO_CIDADE_min": "Capital Oeste_Lapa" }, "geometry": { "type": "Point", "coordinates": [ -46.7054404, -23.5233951 ] } },
{ "type": "Feature", "properties": { "fid": 281490, "CNPJ": "57311821000166", "IDCIDADE": "SAO_PAULO", "NOMEFANTASIA": "ORTOLAPA", "RAZAOSOCIAL": "ORTOLAPA_COMERCIO_E_LOCACAO_DE_MOVEIS_HOSPITALARES_LTDA", "ENDEE": "RUA_ROMA561__LAPA_05050-090", "LMAPS": "https://www.google.com/maps?q=&layer=c&cbll=-23.5228113,-46.7021375", "O_QUE_FAZER": "APLICAR T4", "ER_REGIAO_CIDADE_min": "Capital Oeste_Lapa" }, "geometry": { "type": "Point", "coordinates": [ -46.7021375, -23.5228113 ] } },
{ "type": "Feature", "properties": { "fid": 281496, "CNPJ": "57313447000138", "IDCIDADE": "SAO_PAULO", "NOMEFANTASIA": "ALBION_AGUA", "RAZAOSOCIAL": "ALBION_DISTRIBUIDORA_E_COMERCIO_DE_AGUA_LTDA", "ENDEE": "RUA_ALBION359__LAPA_05077-130", "LMAPS": "https://www.google.com/maps?q=&layer=c&cbll=-23.5237999,-46.708046", "O_QUE_FAZER": "CARTEIRA", "ER_REGIAO_CIDADE_min": "Capital Oeste_Lapa" }, "geometry": { "type": "Point", "coordinates": [ -46.708046, -23.5237999 ] } },
{ "type": "Feature", "properties": { "fid": 281824, "CNPJ": "57406843000100", "IDCIDADE": "SAO PAULO", "NOMEFANTASIA": "DECORA_FESTAS", "RAZAOSOCIAL": "DECORA_FESTAS", "ENDEE": "MARCO AURÉLIO, 780, VILA ROMANA, SÃO PAULO", "LMAPS": "https://www.google.com/maps?q=&layer=c&cbll=-23.5338468,-46.6983941", "O_QUE_FAZER": "FINALIZADO", "ER_REGIAO_CIDADE_min": "Capital Oeste_Lapa" }, "geometry": { "type": "Point", "coordinates": [ -46.6983941, -23.5338468 ] } },
{ "type": "Feature", "properties": { "fid": 282092, "CNPJ": "57471268000129", "IDCIDADE": "SAO_PAULO", "NOMEFANTASIA": "BAR_DO_MINEIRO", "RAZAOSOCIAL": "L_A_DO_NASCIMENTO_BAR_E_RESTAURANTE", "ENDEE": "RUA_CONRADO_MORESCHI165__LAPA_05072-010", "LMAPS": "https://www.google.com/maps?q=&layer=c&cbll=-23.5188562,-46.7024422", "O_QUE_FAZER": "CARTEIRA", "ER_REGIAO_CIDADE_min": "Capital Oeste_Lapa" }, "geometry": { "type": "Point", "coordinates": [ -46.7024422, -23.5188562 ] } },
{ "type": "Feature", "properties": { "fid": 282189, "CNPJ": "57497723000165", "IDCIDADE": "SAO_PAULO", "NOMEFANTASIA": "BOTECO_MURICI_LAPA", "RAZAOSOCIAL": "BOTECO_MURICI_LAPA_LTDA", "ENDEE": "RUA_ALBION14__LAPA_05077-130", "LMAPS": "https://www.google.com/maps?q=&layer=c&cbll=-23.5232533,-46.7043644", "O_QUE_FAZER": "CARTEIRA", "ER_REGIAO_CIDADE_min": "Capital Oeste_Lapa" }, "geometry": { "type": "Point", "coordinates": [ -46.7043644, -23.5232533 ] } },
{ "type": "Feature", "properties": { "fid": 282358, "CNPJ": "57550619000197", "IDCIDADE": "SAO_PAULO", "NOMEFANTASIA": "OTICA_GOES_2", "RAZAOSOCIAL": "OTICAS_GOES_II_LTDA", "ENDEE": "RUA_DOZE_DE_OUTUBRO573__LAPA_08071-072", "LMAPS": "https://www.google.com/maps?q=&layer=c&cbll=-23.5229806,-46.7055332", "O_QUE_FAZER": "CARTEIRA", "ER_REGIAO_CIDADE_min": "Capital Oeste_Lapa" }, "geometry": { "type": "Point", "coordinates": [ -46.7055332, -23.5229806 ] } },
{ "type": "Feature", "properties": { "fid": 282674, "CNPJ": "57635702000169", "IDCIDADE": "SAO_PAULO", "NOMEFANTASIA": "-", "RAZAOSOCIAL": "57.635.702_MARCIO_FIEL_SANTOS", "ENDEE": "RUA_FAUSTOLO_974_ÁGUA BRANCA_05041-000_SAO_PAULO", "LMAPS": "https://www.google.com/maps?q=&layer=c&cbll=-23.5237718,-46.6948753", "O_QUE_FAZER": "FINALIZADO", "ER_REGIAO_CIDADE_min": "Capital Oeste_Lapa" }, "geometry": { "type": "Point", "coordinates": [ -46.6948753, -23.5237718 ] } },
{ "type": "Feature", "properties": { "fid": 282897, "CNPJ": "57703983000140", "IDCIDADE": "SAO PAULO", "NOMEFANTASIA": "AH_ROMA", "RAZAOSOCIAL": "AH_ROMA_COMERCIO_DE_PERFUMES_E_COSMETICOS_LTDA", "ENDEE": "RUA CATÃO, 73, VILA ROMANA, 05049-000, SÃO PAULO, SP, BRASIL", "LMAPS": "https://www.google.com/maps?q=&layer=c&cbll=-23.5214344,-46.7009625", "O_QUE_FAZER": "FINALIZADO", "ER_REGIAO_CIDADE_min": "Capital Oeste_Lapa" }, "geometry": { "type": "Point", "coordinates": [ -46.7009625, -23.5214344 ] } },
{ "type": "Feature", "properties": { "fid": 283083, "CNPJ": "57763591000176", "IDCIDADE": "SAO_PAULO", "NOMEFANTASIA": "SYSTEMA_PNEUS", "RAZAOSOCIAL": "SYSTEMA_COMERCIO_DE_PNEUS_E_CONSULTORIA_EM_GESTAO_EMPRESARIAL_LTDA", "ENDEE": "RUA_AURELIA1353__VILA_ROMANA_05046-000", "LMAPS": "https://www.google.com/maps?q=&layer=c&cbll=-23.5338367,-46.6979525", "O_QUE_FAZER": "CARTEIRA", "ER_REGIAO_CIDADE_min": "Capital Oeste_Lapa" }, "geometry": { "type": "Point", "coordinates": [ -46.6979525, -23.5338367 ] } },
{ "type": "Feature", "properties": { "fid": 283198, "CNPJ": "57797039000107", "IDCIDADE": "SAO_PAULO", "NOMEFANTASIA": "ALADAMEJI", "RAZAOSOCIAL": "57.797.039_JOSE_MAURICIO_CAMARGOS_FERREIRA", "ENDEE": "RUA_ANTONIO_RAPOSO_278_LAPA_05074-020_SAO_PAULO_BRASIL", "LMAPS": "https://www.google.com/maps?q=&layer=c&cbll=-23.520855,-46.7075228", "O_QUE_FAZER": "FINALIZADO", "ER_REGIAO_CIDADE_min": "Capital Oeste_Lapa" }, "geometry": { "type": "Point", "coordinates": [ -46.7075228, -23.520855 ] } },
{ "type": "Feature", "properties": { "fid": 283293, "CNPJ": "57823366000188", "IDCIDADE": "SAO_PAULO", "NOMEFANTASIA": "FMMA_ESTACIONAMENTO", "RAZAOSOCIAL": "FMMA_-_ESTACIONAMENTOS_LTDA", "ENDEE": "RUA_GOMES_FREIRE576__LAPA_05075-010", "LMAPS": "https://www.google.com/maps?q=&layer=c&cbll=-23.5246617,-46.708245", "O_QUE_FAZER": "CARTEIRA", "ER_REGIAO_CIDADE_min": "Capital Oeste_Lapa" }, "geometry": { "type": "Point", "coordinates": [ -46.708245, -23.5246617 ] } },
{ "type": "Feature", "properties": { "fid": 283889, "CNPJ": "57989901000337", "IDCIDADE": "SAO PAULO", "NOMEFANTASIA": "DEIXA_MODA_PLUS_SIZE", "RAZAOSOCIAL": "DRIKA_MODAS_PLUS_SIZE_COMERCIO_LTDA", "ENDEE": "CLEMENTE ÁLVARES, 144, LAPA, SÃO PAULO_05074-050", "LMAPS": "https://www.google.com/maps?q=&layer=c&cbll=-23.5205617,-46.7041028", "O_QUE_FAZER": "APLICAR T4", "ER_REGIAO_CIDADE_min": "Capital Oeste_Lapa" }, "geometry": { "type": "Point", "coordinates": [ -46.7041028, -23.5205617 ] } },
{ "type": "Feature", "properties": { "fid": 283932, "CNPJ": "58000996000115", "IDCIDADE": "SAO PAULO", "NOMEFANTASIA": "Utilibag", "RAZAOSOCIAL": "UTILIBAG_COMERCIO_DE_MOCHILAS_LTDA", "ENDEE": "RUA MIN FERREIRA ALVES, 1031, APT 161, PERDIZES, 05009-060, SÃO PAULO, SP, BRASIL", "LMAPS": "https://www.google.com/maps?q=&layer=c&cbll=-23.5279209,-46.6895619", "O_QUE_FAZER": "CARTEIRA - FAMPE", "ER_REGIAO_CIDADE_min": "Capital Oeste_Lapa" }, "geometry": { "type": "Point", "coordinates": [ -46.6895619, -23.5279209 ] } },
{ "type": "Feature", "properties": { "fid": 284048, "CNPJ": "58037143000158", "IDCIDADE": "SAO_PAULO", "NOMEFANTASIA": "EMPORIUM_CEREALISTA_VILA_ROMANA", "RAZAOSOCIAL": "EMPORIUM_CEREALISTA_VILA_ROMANA", "ENDEE": "RUA_AURÉLIA_336_VILA ROMANA_05046-000_SAO_PAULO", "LMAPS": "https://www.google.com/maps?q=&layer=c&cbll=-23.5247532,-46.6978834", "O_QUE_FAZER": "FINALIZADO", "ER_REGIAO_CIDADE_min": "Capital Oeste_Lapa" }, "geometry": { "type": "Point", "coordinates": [ -46.6978834, -23.5247532 ] } },
{ "type": "Feature", "properties": { "fid": 284057, "CNPJ": "58042136000144", "IDCIDADE": "SAO_PAULO", "NOMEFANTASIA": "EMPORIO_GAETA", "RAZAOSOCIAL": "G._T._R._GAETA_COMERCIO_DE_ALIMENTOS_LTDA", "ENDEE": "RUA_HERBART47__LAPA_05072-030", "LMAPS": "https://www.google.com/maps?q=&layer=c&cbll=-23.5197355,-46.7016629", "O_QUE_FAZER": "CARTEIRA", "ER_REGIAO_CIDADE_min": "Capital Oeste_Lapa" }, "geometry": { "type": "Point", "coordinates": [ -46.7016629, -23.5197355 ] } },
{ "type": "Feature", "properties": { "fid": 284105, "CNPJ": "58057665000111", "IDCIDADE": "SAO PAULO", "NOMEFANTASIA": "TAODA_VISTORIA_VEICULAR", "RAZAOSOCIAL": "TAODA_VISTORIA", "ENDEE": "MONTEIRO DE MELO, 453, LAPA, SÃO PAULO", "LMAPS": "https://www.google.com/maps?q=&layer=c&cbll=-23.5254721,-46.7028632", "O_QUE_FAZER": "APLICAR T3", "ER_REGIAO_CIDADE_min": "Capital Oeste_Lapa" }, "geometry": { "type": "Point", "coordinates": [ -46.7028632, -23.5254721 ] } },
{ "type": "Feature", "properties": { "fid": 284193, "CNPJ": "58083190000138", "IDCIDADE": "SAO_PAULO", "NOMEFANTASIA": "THELEMA_PRESENTES_PERSONALIZADOS", "RAZAOSOCIAL": "THELEMA_PRESENTES_PERSONALIZADOS", "ENDEE": "RUA_ESPÁRTACO_99_VILA ROMANA_05045-000_SAO_PAULO", "LMAPS": "https://www.google.com/maps?q=&layer=c&cbll=-23.5233683,-46.696435", "O_QUE_FAZER": "APLICAR T4", "ER_REGIAO_CIDADE_min": "Capital Oeste_Lapa" }, "geometry": { "type": "Point", "coordinates": [ -46.696435, -23.5233683 ] } },
{ "type": "Feature", "properties": { "fid": 284206, "CNPJ": "58086466000131", "IDCIDADE": "SAO PAULO", "NOMEFANTASIA": "ARIBI_ILUMINAÇÃO", "RAZAOSOCIAL": "ARIBI_ILUMINAÇÃO", "ENDEE": "DOUTOR MIRANDA DE AZEVEDO_814_VILA ANGLO BRASILEIRA_SÃO PAULO_05027-000", "LMAPS": "https://www.google.com/maps?q=&layer=c&cbll=-23.5312277,-46.6914085", "O_QUE_FAZER": "APLICAR T4", "ER_REGIAO_CIDADE_min": "Capital Oeste_Lapa" }, "geometry": { "type": "Point", "coordinates": [ -46.6914085, -23.5312277 ] } },
{ "type": "Feature", "properties": { "fid": 284552, "CNPJ": "58178286000180", "IDCIDADE": "SAO_PAULO", "NOMEFANTASIA": "DISK_BATERIAS", "RAZAOSOCIAL": "COMERCIO_DE_ACUMULADORES_LAPA_LTDA", "ENDEE": "RUA_CATAO556__VILA_ROMANA_05049-000", "LMAPS": "https://www.google.com/maps?q=&layer=c&cbll=-23.5258951,-46.7007263", "O_QUE_FAZER": "APLICAR T2", "ER_REGIAO_CIDADE_min": "Capital Oeste_Lapa" }, "geometry": { "type": "Point", "coordinates": [ -46.7007263, -23.5258951 ] } },
{ "type": "Feature", "properties": { "fid": 284715, "CNPJ": "58221875000101", "IDCIDADE": "SAO_PAULO", "NOMEFANTASIA": "DOCTOR_FEET_LAPA", "RAZAOSOCIAL": "LAPA_SAUDE_E_ESTETICA_DOS_PES_LTDA", "ENDEE": "RUA_TITO_1053_VILA_ROMANA_05051-000_SAO_PAULO_BRASIL", "LMAPS": "https://www.google.com/maps?q=&layer=c&cbll=-23.5288374,-46.702151", "O_QUE_FAZER": "FINALIZADO", "ER_REGIAO_CIDADE_min": "Capital Oeste_Lapa" }, "geometry": { "type": "Point", "coordinates": [ -46.702151, -23.5288374 ] } },
{ "type": "Feature", "properties": { "fid": 284858, "CNPJ": "58263413000149", "IDCIDADE": "SAO PAULO", "NOMEFANTASIA": "S_&_S_DIVAS_DA_MODA", "RAZAOSOCIAL": "S&S_MODA_VERSATIL_E_ACESSORIOS_LTDA", "ENDEE": "CERRO CORÁ, 993, VILA ROMANA, SÃO PAULO_05061-250", "LMAPS": "https://www.google.com/maps?q=&layer=c&cbll=-23.5390789,-46.7065542", "O_QUE_FAZER": "FINALIZADO", "ER_REGIAO_CIDADE_min": "Capital Oeste_Lapa" }, "geometry": { "type": "Point", "coordinates": [ -46.7065542, -23.5390789 ] } },
{ "type": "Feature", "properties": { "fid": 285724, "CNPJ": "58522937000107", "IDCIDADE": "SAO PAULO", "NOMEFANTASIA": "ÓTICAS__CAROL_CATÃO", "RAZAOSOCIAL": "ÓTICAS__CAROL_CATÃO", "ENDEE": "CATÃO_157_VILA ROMANA_SÃO PAULO_05049-000", "LMAPS": "https://www.google.com/maps?q=&layer=c&cbll=-23.5222092,-46.7003217", "O_QUE_FAZER": "APLICAR T4", "ER_REGIAO_CIDADE_min": "Capital Oeste_Lapa" }, "geometry": { "type": "Point", "coordinates": [ -46.7003217, -23.5222092 ] } },
{ "type": "Feature", "properties": { "fid": 285876, "CNPJ": "58569337000102", "IDCIDADE": "SAO PAULO", "NOMEFANTASIA": "-", "RAZAOSOCIAL": "58.569.337_NATALIA_LOPES_DE_OLIVEIRA", "ENDEE": "RUA MARINA CIUFULI ZANFELICE, 176, LAPA, 05040-000, SÃO PAULO, SP, BRASIL", "LMAPS": "https://www.google.com/maps?q=&layer=c&cbll=-23.5128324,-46.706302", "O_QUE_FAZER": "CARTEIRA - FAMPE", "ER_REGIAO_CIDADE_min": "Capital Oeste_Lapa" }, "geometry": { "type": "Point", "coordinates": [ -46.706302, -23.5128324 ] } },
{ "type": "Feature", "properties": { "fid": 285913, "CNPJ": "58587213000141", "IDCIDADE": "SAO_PAULO", "NOMEFANTASIA": "FAP_PISCINAS", "RAZAOSOCIAL": "FAP_PISCINAS_LTDA", "ENDEE": "RUA_CERRO_CORA1424__VILA_ROMANA_05061-200", "LMAPS": "https://www.google.com/maps?q=&layer=c&cbll=-23.5366216,-46.7091378", "O_QUE_FAZER": "FINALIZADO", "ER_REGIAO_CIDADE_min": "Capital Oeste_Lapa" }, "geometry": { "type": "Point", "coordinates": [ -46.7091378, -23.5366216 ] } },
{ "type": "Feature", "properties": { "fid": 286346, "CNPJ": "58752601000130", "IDCIDADE": "SAO_PAULO", "NOMEFANTASIA": "DEMAUTO_PRIME", "RAZAOSOCIAL": "DEMAUTO_PECAS_E_SERVICOS_LTDA", "ENDEE": "RUA_AURELIA160__VILA_ROMANA_05046-000", "LMAPS": "https://www.google.com/maps?q=&layer=c&cbll=-23.5232073,-46.6977746", "O_QUE_FAZER": "CARTEIRA", "ER_REGIAO_CIDADE_min": "Capital Oeste_Lapa" }, "geometry": { "type": "Point", "coordinates": [ -46.6977746, -23.5232073 ] } },
{ "type": "Feature", "properties": { "fid": 286400, "CNPJ": "58770301000184", "IDCIDADE": "SAO_PAULO", "NOMEFANTASIA": "MAJESTOSO_PASTEL", "RAZAOSOCIAL": "MAJESTOSO_PASTEL", "ENDEE": "RUA_CLÉLIA_1618_ÁGUA BRANCA_05042-000_SAO_PAULO", "LMAPS": "https://www.google.com/maps?q=&layer=c&cbll=-23.5248788,-46.6982299", "O_QUE_FAZER": "FINALIZADO", "ER_REGIAO_CIDADE_min": "Capital Oeste_Lapa" }, "geometry": { "type": "Point", "coordinates": [ -46.6982299, -23.5248788 ] } },
{ "type": "Feature", "properties": { "fid": 286458, "CNPJ": "58783705000102", "IDCIDADE": "SAO_PAULO", "NOMEFANTASIA": "PET_BOX_113", "RAZAOSOCIAL": "COMERCIO_DE_AVES_FON_CHING_LTDA", "ENDEE": "RUA_HERBART47__LAPA_05072-030", "LMAPS": "https://www.google.com/maps?q=&layer=c&cbll=-23.518982,-46.7023247", "O_QUE_FAZER": "FINALIZADO", "ER_REGIAO_CIDADE_min": "Capital Oeste_Lapa" }, "geometry": { "type": "Point", "coordinates": [ -46.7023247, -23.518982 ] } },
{ "type": "Feature", "properties": { "fid": 286823, "CNPJ": "58913533000144", "IDCIDADE": "SAO PAULO", "NOMEFANTASIA": "EU_USO_CEREJINHA", "RAZAOSOCIAL": "EU_USO_CEREJINHA", "ENDEE": "GUAICURUS_1482_ÁGUA BRANCA_SÃO PAULO_05033-002", "LMAPS": "https://www.google.com/maps?q=&layer=c&cbll=-23.5209955,-46.7000943", "O_QUE_FAZER": "APLICAR T4", "ER_REGIAO_CIDADE_min": "Capital Oeste_Lapa" }, "geometry": { "type": "Point", "coordinates": [ -46.7000943, -23.5209955 ] } },
{ "type": "Feature", "properties": { "fid": 286896, "CNPJ": "58945968000170", "IDCIDADE": "SAO PAULO", "NOMEFANTASIA": "BOUTIQUE_DONA_CHIQUE", "RAZAOSOCIAL": "MS_CONFECCAO_LTDA", "ENDEE": "RUA CATÃO, 72, VILA ROMANA, 05049-000, SÃO PAULO, SP, BRASIL", "LMAPS": "https://www.google.com/maps?q=&layer=c&cbll=-23.5211696,-46.7009476", "O_QUE_FAZER": "FINALIZADO", "ER_REGIAO_CIDADE_min": "Capital Oeste_Lapa" }, "geometry": { "type": "Point", "coordinates": [ -46.7009476, -23.5211696 ] } },
{ "type": "Feature", "properties": { "fid": 287234, "CNPJ": "59063574000151", "IDCIDADE": "SAO PAULO", "NOMEFANTASIA": "CASA_DONA_IVONE", "RAZAOSOCIAL": "CASA_DONA_IVONE", "ENDEE": "TAVARES BASTOS_1077_PERDIZES_SÃO PAULO_05012-020", "LMAPS": "https://www.google.com/maps?q=&layer=c&cbll=-23.5310902,-46.6922902", "O_QUE_FAZER": "APLICAR T4", "ER_REGIAO_CIDADE_min": "Capital Oeste_Lapa" }, "geometry": { "type": "Point", "coordinates": [ -46.6922902, -23.5310902 ] } },
{ "type": "Feature", "properties": { "fid": 287337, "CNPJ": "59087916000173", "IDCIDADE": "SAO_PAULO", "NOMEFANTASIA": "NEW_CAR", "RAZAOSOCIAL": "AUTO_ELETRICO_E_MECNICA_NEWCAR_LTDA", "ENDEE": "RUA_FREI_HENRIQUE_DE_COIMBRA84__AGUA_BRANCA_05043-040", "LMAPS": "https://www.google.com/maps?q=&layer=c&cbll=-23.5285833,-46.6914067", "O_QUE_FAZER": "CARTEIRA", "ER_REGIAO_CIDADE_min": "Capital Oeste_Lapa" }, "geometry": { "type": "Point", "coordinates": [ -46.6914067, -23.5285833 ] } },
{ "type": "Feature", "properties": { "fid": 287492, "CNPJ": "59137871000102", "IDCIDADE": "SAO_PAULO", "NOMEFANTASIA": "59.137.871_DIEGO_FERREIRA_OLIVEIRA", "RAZAOSOCIAL": "SNACK_&_SAUDE", "ENDEE": "RUA_FABIA729__VILA_ROMANA_05051-030", "LMAPS": "https://www.google.com/maps?q=&layer=c&cbll=-23.5272116,-46.6982111", "O_QUE_FAZER": "FINALIZADO", "ER_REGIAO_CIDADE_min": "Capital Oeste_Lapa" }, "geometry": { "type": "Point", "coordinates": [ -46.6982111, -23.5272116 ] } },
{ "type": "Feature", "properties": { "fid": 287537, "CNPJ": "59156419000180", "IDCIDADE": "SAO PAULO", "NOMEFANTASIA": "RAFAEL_IZAR_ESPECIALISTA_EM_AQUARISMO", "RAZAOSOCIAL": "MEGA_ANIMAL_PEIXES_LTDA", "ENDEE": "RUA CLÉLIA, 507, ÁGUA BRANCA, 05042-000, SÃO PAULO, SP, BRASIL", "LMAPS": "https://www.google.com/maps?q=&layer=c&cbll=-23.5251282,-46.6874138", "O_QUE_FAZER": "FINALIZADO", "ER_REGIAO_CIDADE_min": "Capital Oeste_Lapa" }, "geometry": { "type": "Point", "coordinates": [ -46.6874138, -23.5251282 ] } },
{ "type": "Feature", "properties": { "fid": 288672, "CNPJ": "59502450000125", "IDCIDADE": "SAO_PAULO", "NOMEFANTASIA": "ESFIHA_DA_HORA", "RAZAOSOCIAL": "BAR_E_LANCHES_GARRIDO_LTDA", "ENDEE": "RUA_TRAJANO149__LAPA_05050-110", "LMAPS": "https://www.google.com/maps?q=&layer=c&cbll=-23.521586,-46.7019162", "O_QUE_FAZER": "CARTEIRA", "ER_REGIAO_CIDADE_min": "Capital Oeste_Lapa" }, "geometry": { "type": "Point", "coordinates": [ -46.7019162, -23.521586 ] } },
{ "type": "Feature", "properties": { "fid": 288963, "CNPJ": "59606565000160", "IDCIDADE": "SAO PAULO", "NOMEFANTASIA": "DRIVER_MECÂNICA_AUTOMOTIVA", "RAZAOSOCIAL": "DRIVER_MECANICA_AUTOMOTIVA_LTDA", "ENDEE": "RUA DOUTOR MIRANDA DE AZEVEDO, 254, VILA ANGLO BRASILEIRA, 05027-000, SÃO PAULO, SP, BRASIL", "LMAPS": "https://www.google.com/maps?q=&layer=c&cbll=-23.5269204,-46.688512", "O_QUE_FAZER": "FINALIZADO", "ER_REGIAO_CIDADE_min": "Capital Oeste_Lapa" }, "geometry": { "type": "Point", "coordinates": [ -46.688512, -23.5269204 ] } },
{ "type": "Feature", "properties": { "fid": 289326, "CNPJ": "59710806000116", "IDCIDADE": "SAO_PAULO", "NOMEFANTASIA": "PLASTOCENTER_RODAS_E_RODIZIOS", "RAZAOSOCIAL": "PLASTOCENTER_RODAS_E_RODIZIOS_LTDA", "ENDEE": "RUA_FAUSTOLO1752__LAPA_05041-000", "LMAPS": "https://www.google.com/maps?q=&layer=c&cbll=-23.52265,-46.7014917", "O_QUE_FAZER": "CARTEIRA", "ER_REGIAO_CIDADE_min": "Capital Oeste_Lapa" }, "geometry": { "type": "Point", "coordinates": [ -46.7014917, -23.52265 ] } },
{ "type": "Feature", "properties": { "fid": 289453, "CNPJ": "59750954000164", "IDCIDADE": "SAO_PAULO", "NOMEFANTASIA": "PRIMORE_EMBALAGENS_E_PERSONALIZADOS", "RAZAOSOCIAL": "BRUNA_OLIVEIRA_MATOS_GRAFICA_E_SOLUCOES_VISUAIS", "ENDEE": "RUA_MONTEIRO_DE_MELO_585_LAPA_05050-000_SAO_PAULO_BRASIL", "LMAPS": "https://www.google.com/maps?q=&layer=c&cbll=-23.5267392,-46.7032609", "O_QUE_FAZER": "APLICAR T2", "ER_REGIAO_CIDADE_min": "Capital Oeste_Lapa" }, "geometry": { "type": "Point", "coordinates": [ -46.7032609, -23.5267392 ] } },
{ "type": "Feature", "properties": { "fid": 290542, "CNPJ": "60093285000184", "IDCIDADE": "SAO PAULO", "NOMEFANTASIA": "DUKKA_SUPLEMENTOS", "RAZAOSOCIAL": "DUKKA_SUPLEMENTOS", "ENDEE": "TITO_1368_VILA ROMANA_SÃO PAULO_05051-001", "LMAPS": "https://www.google.com/maps?q=&layer=c&cbll=-23.5271378,-46.7048954", "O_QUE_FAZER": "APLICAR T4", "ER_REGIAO_CIDADE_min": "Capital Oeste_Lapa" }, "geometry": { "type": "Point", "coordinates": [ -46.7048954, -23.5271378 ] } },
{ "type": "Feature", "properties": { "fid": 290661, "CNPJ": "60143138000171", "IDCIDADE": "SAO_PAULO", "NOMEFANTASIA": "FERRAMENTAS_SASDELLI", "RAZAOSOCIAL": "FERRAMENTAS_SASDELLI_LTDA", "ENDEE": "RUA_NOSSA_SENHORA_DA_LAPA424__LAPA_05072-000", "LMAPS": "https://www.google.com/maps?q=&layer=c&cbll=-23.5230795,-46.7044155", "O_QUE_FAZER": "APLICAR T2", "ER_REGIAO_CIDADE_min": "Capital Oeste_Lapa" }, "geometry": { "type": "Point", "coordinates": [ -46.7044155, -23.5230795 ] } },
{ "type": "Feature", "properties": { "fid": 290894, "CNPJ": "60224375000167", "IDCIDADE": "SAO_PAULO", "NOMEFANTASIA": "ELETRO_AMERICA", "RAZAOSOCIAL": "ELETRO_AMERICA_LTDA", "ENDEE": "RUA_FAUSTOLO935__AGUA_BRANCA_05041-000", "LMAPS": "https://www.google.com/maps?q=&layer=c&cbll=-23.5239013,-46.6948253", "O_QUE_FAZER": "FINALIZADO", "ER_REGIAO_CIDADE_min": "Capital Oeste_Lapa" }, "geometry": { "type": "Point", "coordinates": [ -46.6948253, -23.5239013 ] } },
{ "type": "Feature", "properties": { "fid": 291302, "CNPJ": "60370517000102", "IDCIDADE": "SAO_PAULO", "NOMEFANTASIA": "MECANICA_ROMANA", "RAZAOSOCIAL": "ROMANA_SERVICOS_AUTOMOTIVOS_LTDA", "ENDEE": "RUA_ROMA194__LAPA_05050-090", "LMAPS": "https://www.google.com/maps?q=&layer=c&cbll=-23.5225489,-46.6984999", "O_QUE_FAZER": "FINALIZADO", "ER_REGIAO_CIDADE_min": "Capital Oeste_Lapa" }, "geometry": { "type": "Point", "coordinates": [ -46.6984999, -23.5225489 ] } },
{ "type": "Feature", "properties": { "fid": 291431, "CNPJ": "60413614000127", "IDCIDADE": "SAO_PAULO", "NOMEFANTASIA": "RELOJOARIA_EURICO", "RAZAOSOCIAL": "RELOJOARIA_EURICO_LTDA", "ENDEE": "RUA_DOZE_DE_OUTUBRO599__LAPA_08071-072", "LMAPS": "https://www.google.com/maps?q=&layer=c&cbll=-23.5233048,-46.7058675", "O_QUE_FAZER": "CARTEIRA", "ER_REGIAO_CIDADE_min": "Capital Oeste_Lapa" }, "geometry": { "type": "Point", "coordinates": [ -46.7058675, -23.5233048 ] } },
{ "type": "Feature", "properties": { "fid": 291434, "CNPJ": "60414034000154", "IDCIDADE": "SAO_PAULO", "NOMEFANTASIA": "REI_DOS_SALGADOS", "RAZAOSOCIAL": "MELVIN_JONES_MINI_MERCADO_E_LANCHONETE_LTDA", "ENDEE": "RUA_NOSSA_SENHORA_DA_LAPA31__LAPA_05072-000", "LMAPS": "https://www.google.com/maps?q=&layer=c&cbll=-23.5206161,-46.7017094", "O_QUE_FAZER": "CARTEIRA", "ER_REGIAO_CIDADE_min": "Capital Oeste_Lapa" }, "geometry": { "type": "Point", "coordinates": [ -46.7017094, -23.5206161 ] } },
{ "type": "Feature", "properties": { "fid": 291543, "CNPJ": "60451887000166", "IDCIDADE": "SAO_PAULO", "NOMEFANTASIA": "REI_DO_NORTE", "RAZAOSOCIAL": "VIVEIROS_DE_SOUZA_&_ALCINO_SOUZA_LTDA", "ENDEE": "RUA_HERBART47__LAPA_05072-030", "LMAPS": "https://www.google.com/maps?q=&layer=c&cbll=-23.5194516,-46.7014631", "O_QUE_FAZER": "CARTEIRA", "ER_REGIAO_CIDADE_min": "Capital Oeste_Lapa" }, "geometry": { "type": "Point", "coordinates": [ -46.7014631, -23.5194516 ] } },
{ "type": "Feature", "properties": { "fid": 291698, "CNPJ": "60505378000179", "IDCIDADE": "SAO_PAULO", "NOMEFANTASIA": "TMAX_TELECOM", "RAZAOSOCIAL": "MAX_PRODUTOS_E_SERVICOS_LTDA", "ENDEE": "AVENIDA_DIOGENES_RIBEIRO_DE_LIMA_3382_ALTO_DA_LAPA_05083-010_SAO_PAULO_BRASIL", "LMAPS": "https://www.google.com/maps?q=&layer=c&cbll=-23.5310404,-46.7193438", "O_QUE_FAZER": "FINALIZADO", "ER_REGIAO_CIDADE_min": "Capital Oeste_Lapa" }, "geometry": { "type": "Point", "coordinates": [ -46.7193438, -23.5310404 ] } },
{ "type": "Feature", "properties": { "fid": 291974, "CNPJ": "60607650000121", "IDCIDADE": "SAO PAULO", "NOMEFANTASIA": "AÇAÍ_SORVETES_LAPA", "RAZAOSOCIAL": "60.607.650_RODRIGO_FERNANDO_ROL", "ENDEE": "RUA CIPIÃO, 82, VILA ROMANA, 05047-060, SÃO PAULO, SP, BRASIL", "LMAPS": "https://www.google.com/maps?q=&layer=c&cbll=-23.5291898,-46.6979238", "O_QUE_FAZER": "FINALIZADO", "ER_REGIAO_CIDADE_min": "Capital Oeste_Lapa" }, "geometry": { "type": "Point", "coordinates": [ -46.6979238, -23.5291898 ] } },
{ "type": "Feature", "properties": { "fid": 292233, "CNPJ": "60693561000145", "IDCIDADE": "SAO_PAULO", "NOMEFANTASIA": "A_BARATEIRA", "RAZAOSOCIAL": "CASA_DE_MOVEIS_A_BARATEIRA_LTDA", "ENDEE": "RUA_DOZE_DE_OUTUBRO189__LAPA_05073-001", "LMAPS": "https://www.google.com/maps?q=&layer=c&cbll=-23.520043,-46.7035903", "O_QUE_FAZER": "APLICAR T4", "ER_REGIAO_CIDADE_min": "Capital Oeste_Lapa" }, "geometry": { "type": "Point", "coordinates": [ -46.7035903, -23.520043 ] } },
{ "type": "Feature", "properties": { "fid": 292312, "CNPJ": "60723806000130", "IDCIDADE": "SAO_PAULO", "NOMEFANTASIA": "PASTELARIA_SEN_TEN", "RAZAOSOCIAL": "PASTELARIA_SEN_TEN_LTDA", "ENDEE": "RUA_TRAJANO37__LAPA_05050-110", "LMAPS": "https://www.google.com/maps?q=&layer=c&cbll=-23.5207136,-46.7014834", "O_QUE_FAZER": "CARTEIRA", "ER_REGIAO_CIDADE_min": "Capital Oeste_Lapa" }, "geometry": { "type": "Point", "coordinates": [ -46.7014834, -23.5207136 ] } },
{ "type": "Feature", "properties": { "fid": 292363, "CNPJ": "60743986000111", "IDCIDADE": "SAO_PAULO", "NOMEFANTASIA": "ORTO_DIAGNOSE", "RAZAOSOCIAL": "ORTODIAGNOSE_SERVICOS_DE_ORTOPEDIA_LTDA", "ENDEE": "RUA_PIO_XI722__ALTO_DE_PINHEIROS_05060-000", "LMAPS": "https://www.google.com/maps?q=&layer=c&cbll=-23.5300501,-46.7116793", "O_QUE_FAZER": "CARTEIRA", "ER_REGIAO_CIDADE_min": "Capital Oeste_Lapa" }, "geometry": { "type": "Point", "coordinates": [ -46.7116793, -23.5300501 ] } },
{ "type": "Feature", "properties": { "fid": 292484, "CNPJ": "60787428000158", "IDCIDADE": "SAO PAULO", "NOMEFANTASIA": "MERCADO_MUSIC", "RAZAOSOCIAL": "MUSICAL_LAPA_LTDA", "ENDEE": "MARTIM TENÓRIO, 61, LAPA, SÃO PAULO_05074-060", "LMAPS": "https://www.google.com/maps?q=&layer=c&cbll=-23.5198907,-46.7028712", "O_QUE_FAZER": "APLICAR T4", "ER_REGIAO_CIDADE_min": "Capital Oeste_Lapa" }, "geometry": { "type": "Point", "coordinates": [ -46.7028712, -23.5198907 ] } },
{ "type": "Feature", "properties": { "fid": 292575, "CNPJ": "60821311000143", "IDCIDADE": "SAO_PAULO", "NOMEFANTASIA": "MANACA", "RAZAOSOCIAL": "J_D_A_CALCADOS_LTDA", "ENDEE": "RUA_DOUTOR_CINCINATO_POMPONET71__LAPA_05072-020", "LMAPS": "https://www.google.com/maps?q=&layer=c&cbll=-23.5200577,-46.7023393", "O_QUE_FAZER": "CARTEIRA", "ER_REGIAO_CIDADE_min": "Capital Oeste_Lapa" }, "geometry": { "type": "Point", "coordinates": [ -46.7023393, -23.5200577 ] } },
{ "type": "Feature", "properties": { "fid": 292577, "CNPJ": "60821360000186", "IDCIDADE": "SAO_PAULO", "NOMEFANTASIA": "LANCHONETE_E_RESTAURANTE_GUANABARA", "RAZAOSOCIAL": "LANCHES_GUANABARA_LTDA", "ENDEE": "RUA_TRAJANO125__LAPA_05050-110", "LMAPS": "https://www.google.com/maps?q=&layer=c&cbll=-23.5212817,-46.7021617", "O_QUE_FAZER": "CARTEIRA", "ER_REGIAO_CIDADE_min": "Capital Oeste_Lapa" }, "geometry": { "type": "Point", "coordinates": [ -46.7021617, -23.5212817 ] } },
{ "type": "Feature", "properties": { "fid": 292632, "CNPJ": "60834686000148", "IDCIDADE": "SAO_PAULO", "NOMEFANTASIA": "BALCENTER", "RAZAOSOCIAL": "BALCENTER_MAQUINAS_E_EQUIPAMENTOS_LTDA", "ENDEE": "RUA_TRAJANO218__LAPA_05050-110", "LMAPS": "https://www.google.com/maps?q=&layer=c&cbll=-23.5224145,-46.7018263", "O_QUE_FAZER": "CARTEIRA", "ER_REGIAO_CIDADE_min": "Capital Oeste_Lapa" }, "geometry": { "type": "Point", "coordinates": [ -46.7018263, -23.5224145 ] } },
{ "type": "Feature", "properties": { "fid": 292753, "CNPJ": "60876653000160", "IDCIDADE": "SAO_PAULO", "NOMEFANTASIA": "DROGA_NELIA", "RAZAOSOCIAL": "A.R_NASCIMENTO_LTDA", "ENDEE": "RUA_CLELIA737__AGUA_BRANCA_05042-000", "LMAPS": "https://www.google.com/maps?q=&layer=c&cbll=-23.5251006,-46.6896602", "O_QUE_FAZER": "CARTEIRA", "ER_REGIAO_CIDADE_min": "Capital Oeste_Lapa" }, "geometry": { "type": "Point", "coordinates": [ -46.6896602, -23.5251006 ] } },
{ "type": "Feature", "properties": { "fid": 292941, "CNPJ": "60947470000199", "IDCIDADE": "SAO_PAULO", "NOMEFANTASIA": "PADARIA_ALBION", "RAZAOSOCIAL": "PANIFICADORA_ALBION_LTDA", "ENDEE": "RUA_ALBION260__LAPA_05077-130", "LMAPS": "https://www.google.com/maps?q=&layer=c&cbll=-23.5234596,-46.7071315", "O_QUE_FAZER": "CARTEIRA", "ER_REGIAO_CIDADE_min": "Capital Oeste_Lapa" }, "geometry": { "type": "Point", "coordinates": [ -46.7071315, -23.5234596 ] } },
{ "type": "Feature", "properties": { "fid": 292950, "CNPJ": "60949161000158", "IDCIDADE": "SAO_PAULO", "NOMEFANTASIA": "OTICA_E_RELOJOARIA_DP", "RAZAOSOCIAL": "OTICA_E_RELOJOARIA_DOMINGOS_PACCI_LTDA", "ENDEE": "RUA_MONTEIRO_DE_MELO58__LAPA_05050-000", "LMAPS": "https://www.google.com/maps?q=&layer=c&cbll=-23.5219108,-46.7029698", "O_QUE_FAZER": "CARTEIRA", "ER_REGIAO_CIDADE_min": "Capital Oeste_Lapa" }, "geometry": { "type": "Point", "coordinates": [ -46.7029698, -23.5219108 ] } },
{ "type": "Feature", "properties": { "fid": 293010, "CNPJ": "60967973000126", "IDCIDADE": "SAO_PAULO", "NOMEFANTASIA": "MARALVO_LANCHES", "RAZAOSOCIAL": "MARALVO_LANCHES_LTDA", "ENDEE": "RUA_CLELIA1208__AGUA_BRANCA_05042-000", "LMAPS": "https://www.google.com/maps?q=&layer=c&cbll=-23.5249678,-46.6941914", "O_QUE_FAZER": "FINALIZADO", "ER_REGIAO_CIDADE_min": "Capital Oeste_Lapa" }, "geometry": { "type": "Point", "coordinates": [ -46.6941914, -23.5249678 ] } },
{ "type": "Feature", "properties": { "fid": 293104, "CNPJ": "61000945000017", "IDCIDADE": "SÃO PAULO", "NOMEFANTASIA": "TRATTORIA ROLFINI", "RAZAOSOCIAL": "NÃO ENCONTRADO NA CONSULTA", "ENDEE": "AVENIDA DIÓGENES RIBEIRO DE LIMA, 2943, ALTO DA LAPA, 05083-010, SÃO PAULO, SP, BRASIL", "LMAPS": "https://www.google.com/maps?q=&layer=c&cbll=-23.5348041,-46.7183214", "O_QUE_FAZER": "APLICAR T2", "ER_REGIAO_CIDADE_min": "Capital Oeste_Lapa" }, "geometry": { "type": "Point", "coordinates": [ -46.7183214, -23.5348041 ] } },
{ "type": "Feature", "properties": { "fid": 293236, "CNPJ": "61036596000174", "IDCIDADE": "SAO_PAULO", "NOMEFANTASIA": "ZANELLA_LOBO", "RAZAOSOCIAL": "ASSISTENCIA_TECNICA_ZANELLA_LOBO_LTDA", "ENDEE": "RUA_FAUSTOLO1831__LAPA_05041-000", "LMAPS": "https://www.google.com/maps?q=&layer=c&cbll=-23.5237994,-46.7032733", "O_QUE_FAZER": "CARTEIRA", "ER_REGIAO_CIDADE_min": "Capital Oeste_Lapa" }, "geometry": { "type": "Point", "coordinates": [ -46.7032733, -23.5237994 ] } },
{ "type": "Feature", "properties": { "fid": 293295, "CNPJ": "61059325000134", "IDCIDADE": "SAO_PAULO", "NOMEFANTASIA": "MAQPRINTER", "RAZAOSOCIAL": "MAQPRINTER_COMERCIO_E_ASSISTENCIA_TECNICA_LTDA", "ENDEE": "RUA_MONTEIRO_DE_MELO614__LAPA_05050-000", "LMAPS": "https://www.google.com/maps?q=&layer=c&cbll=-23.5268691,-46.7034006", "O_QUE_FAZER": "CARTEIRA", "ER_REGIAO_CIDADE_min": "Capital Oeste_Lapa" }, "geometry": { "type": "Point", "coordinates": [ -46.7034006, -23.5268691 ] } },
{ "type": "Feature", "properties": { "fid": 293317, "CNPJ": "61068474000160", "IDCIDADE": "SAO_PAULO", "NOMEFANTASIA": "RETIFICA_SAO_MARCOS", "RAZAOSOCIAL": "RETIFICA_SAO_MARCOS_INDUSTRIA_E_COMERCIO_LTDA", "ENDEE": "RUA_CLELIA2213__AGUA_BRANCA_05042-000", "LMAPS": "https://www.google.com/maps?q=&layer=c&cbll=-23.5247417,-46.704075", "O_QUE_FAZER": "FINALIZADO", "ER_REGIAO_CIDADE_min": "Capital Oeste_Lapa" }, "geometry": { "type": "Point", "coordinates": [ -46.704075, -23.5247417 ] } },
{ "type": "Feature", "properties": { "fid": 293350, "CNPJ": "61080149000112", "IDCIDADE": "SAO_PAULO", "NOMEFANTASIA": "ORIGOM_PARAFUSOS_E_FERRAMENTAS", "RAZAOSOCIAL": "ORIGOM_PARAFUSOS_E_FERRAMENTAS_LTDA", "ENDEE": "RUA_GUAICURUS429__AGUA_BRANCA_05033-000", "LMAPS": "https://www.google.com/maps?q=&layer=c&cbll=-23.522867,-46.6898036", "O_QUE_FAZER": "CARTEIRA", "ER_REGIAO_CIDADE_min": "Capital Oeste_Lapa" }, "geometry": { "type": "Point", "coordinates": [ -46.6898036, -23.522867 ] } },
{ "type": "Feature", "properties": { "fid": 293404, "CNPJ": "61101515000172", "IDCIDADE": "SAO_PAULO", "NOMEFANTASIA": "ROGERIO_AMORTECEDORES", "RAZAOSOCIAL": "ROGERIO_AMORTECEDORES_LTDA.", "ENDEE": "RUA_GUAICURUS481__AGUA_BRANCA_05033-000", "LMAPS": "https://www.google.com/maps?q=&layer=c&cbll=-23.5228786,-46.6904866", "O_QUE_FAZER": "FINALIZADO", "ER_REGIAO_CIDADE_min": "Capital Oeste_Lapa" }, "geometry": { "type": "Point", "coordinates": [ -46.6904866, -23.5228786 ] } },
{ "type": "Feature", "properties": { "fid": 293495, "CNPJ": "61129025000184", "IDCIDADE": "SAO PAULO", "NOMEFANTASIA": "BRAVO_GELATO_EXPRESS_CAFE", "RAZAOSOCIAL": "BRAVO_GELATO_EXPRESS_CAFE_LTDA", "ENDEE": "RUA MARCELINA, 217, VILA ROMANA, 05044-010, SÃO PAULO, SP, BRASIL", "LMAPS": "https://www.google.com/maps?q=&layer=c&cbll=-23.5304467,-46.6947842", "O_QUE_FAZER": "FINALIZADO", "ER_REGIAO_CIDADE_min": "Capital Oeste_Lapa" }, "geometry": { "type": "Point", "coordinates": [ -46.6947842, -23.5304467 ] } },
{ "type": "Feature", "properties": { "fid": 293637, "CNPJ": "61174793000150", "IDCIDADE": "SAO_PAULO", "NOMEFANTASIA": "PASTELARIA_AURORA", "RAZAOSOCIAL": "CHIHIRO_HAYASHI_&_CIA_LTDA", "ENDEE": "RUA_MARTIM_TENORIO139__LAPA_05074-060", "LMAPS": "https://www.google.com/maps?q=&layer=c&cbll=-23.5203926,-46.7032459", "O_QUE_FAZER": "CARTEIRA", "ER_REGIAO_CIDADE_min": "Capital Oeste_Lapa" }, "geometry": { "type": "Point", "coordinates": [ -46.7032459, -23.5203926 ] } },
{ "type": "Feature", "properties": { "fid": 293720, "CNPJ": "61208831000148", "IDCIDADE": "SAO_PAULO", "NOMEFANTASIA": "BAR_E_LANCHES_CLELIA", "RAZAOSOCIAL": "LANCHES_CLELIA_LTDA", "ENDEE": "RUA_CLELIA1580__AGUA_BRANCA_05042-000", "LMAPS": "https://www.google.com/maps?q=&layer=c&cbll=-23.524853,-46.6977893", "O_QUE_FAZER": "CARTEIRA", "ER_REGIAO_CIDADE_min": "Capital Oeste_Lapa" }, "geometry": { "type": "Point", "coordinates": [ -46.6977893, -23.524853 ] } },
{ "type": "Feature", "properties": { "fid": 293790, "CNPJ": "61232971000151", "IDCIDADE": "SAO_PAULO", "NOMEFANTASIA": "NOVA_GERACAO", "RAZAOSOCIAL": "EMPORIO_CENTER_LTDA", "ENDEE": "RUA_HERBART47__LAPA_05072-030", "LMAPS": "https://www.google.com/maps?q=&layer=c&cbll=-23.5193179,-46.7018596", "O_QUE_FAZER": "CARTEIRA", "ER_REGIAO_CIDADE_min": "Capital Oeste_Lapa" }, "geometry": { "type": "Point", "coordinates": [ -46.7018596, -23.5193179 ] } },
{ "type": "Feature", "properties": { "fid": 294077, "CNPJ": "61328385000105", "IDCIDADE": "SAO_PAULO", "NOMEFANTASIA": "BELEZA_ESSECIAL", "RAZAOSOCIAL": "BELEZA_ESSECIAL", "ENDEE": "RUA_DOUTOR CINCINATO PAMPONET_219_LAPA_05072-020_SAO_PAULO", "LMAPS": "https://www.google.com/maps?q=&layer=c&cbll=-23.5189265,-46.703158", "O_QUE_FAZER": "APLICAR T4", "ER_REGIAO_CIDADE_min": "Capital Oeste_Lapa" }, "geometry": { "type": "Point", "coordinates": [ -46.703158, -23.5189265 ] } },
{ "type": "Feature", "properties": { "fid": 294426, "CNPJ": "61466288000189", "IDCIDADE": "SAO PAULO", "NOMEFANTASIA": "Celeiro_Arimba", "RAZAOSOCIAL": "CELEIRO_ARIMBA_LTDA", "ENDEE": "RUA CAIO GRACO, 226, ANEXO B, VILA ROMANA, 05044-000, SÃO PAULO, SP, BRASIL", "LMAPS": "https://www.google.com/maps?q=&layer=c&cbll=-23.5247981,-46.6944696", "O_QUE_FAZER": "CARTEIRA - FAMPE", "ER_REGIAO_CIDADE_min": "Capital Oeste_Lapa" }, "geometry": { "type": "Point", "coordinates": [ -46.6944696, -23.5247981 ] } },
{ "type": "Feature", "properties": { "fid": 294699, "CNPJ": "61569809000123", "IDCIDADE": "SAO PAULO", "NOMEFANTASIA": "O_EXPEDITO_GRILL", "RAZAOSOCIAL": "O_EXPEDITO_GRILL", "ENDEE": "DOUTOR MIRANDA DE AZEVEDO_664_VILA ANGLO BRASILEIRA_SÃO PAULO_05027-000", "LMAPS": "https://www.google.com/maps?q=&layer=c&cbll=-23.530045,-46.6905498", "O_QUE_FAZER": "APLICAR T2", "ER_REGIAO_CIDADE_min": "Capital Oeste_Lapa" }, "geometry": { "type": "Point", "coordinates": [ -46.6905498, -23.530045 ] } },
{ "type": "Feature", "properties": { "fid": 294984, "CNPJ": "61684882000146", "IDCIDADE": "SAO_PAULO", "NOMEFANTASIA": "AVICOLA_DALMAS", "RAZAOSOCIAL": "AVICOLA_DALMAS_LTDA", "ENDEE": "RUA_HERBART47__LAPA_05072-030", "LMAPS": "https://www.google.com/maps?q=&layer=c&cbll=-23.5195685,-46.7014294", "O_QUE_FAZER": "CARTEIRA", "ER_REGIAO_CIDADE_min": "Capital Oeste_Lapa" }, "geometry": { "type": "Point", "coordinates": [ -46.7014294, -23.5195685 ] } },
{ "type": "Feature", "properties": { "fid": 295079, "CNPJ": "61724514000184", "IDCIDADE": "SAO_PAULO", "NOMEFANTASIA": "EMPORIO_MERCADAO", "RAZAOSOCIAL": "FRIOS_E_LATICINIOS_MERCADAO_LTDA", "ENDEE": "RUA_HERBART47__LAPA_05072-030", "LMAPS": "https://www.google.com/maps?q=&layer=c&cbll=-23.5195769,-46.7017328", "O_QUE_FAZER": "CARTEIRA", "ER_REGIAO_CIDADE_min": "Capital Oeste_Lapa" }, "geometry": { "type": "Point", "coordinates": [ -46.7017328, -23.5195769 ] } },
{ "type": "Feature", "properties": { "fid": 295113, "CNPJ": "61737060000186", "IDCIDADE": "SAO_PAULO", "NOMEFANTASIA": "PASTELARIA_LAPEANA", "RAZAOSOCIAL": "PASTELARIA_LAPEANA_LIMITADA", "ENDEE": "RUA_DOZE_DE_OUTUBRO495__LAPA_08071-072", "LMAPS": "https://www.google.com/maps?q=&layer=c&cbll=-23.5223817,-46.7052217", "O_QUE_FAZER": "CARTEIRA", "ER_REGIAO_CIDADE_min": "Capital Oeste_Lapa" }, "geometry": { "type": "Point", "coordinates": [ -46.7052217, -23.5223817 ] } },
{ "type": "Feature", "properties": { "fid": 295123, "CNPJ": "61740601000125", "IDCIDADE": "SAO_PAULO", "NOMEFANTASIA": "AUTO_MECANICA_TRIO_CAR", "RAZAOSOCIAL": "AUTO_MECANICA_TRIO_CAR_LTDA", "ENDEE": "RUA_JOAO_PEREIRA416__LAPA_05074-070", "LMAPS": "https://www.google.com/maps?q=&layer=c&cbll=-23.5207523,-46.7069925", "O_QUE_FAZER": "FINALIZADO", "ER_REGIAO_CIDADE_min": "Capital Oeste_Lapa" }, "geometry": { "type": "Point", "coordinates": [ -46.7069925, -23.5207523 ] } },
{ "type": "Feature", "properties": { "fid": 295244, "CNPJ": "61785109000176", "IDCIDADE": "SÃO PAULO", "NOMEFANTASIA": "ADEGA TERRAZAS DRINK", "RAZAOSOCIAL": "61.785.109 KELLY CRISTINA VIEIRA CASTRO TERRAZAS", "ENDEE": "RUA DUILIO, 29, VILA ROMANA, 05042-000, SÃO PAULO, SP, BRASIL", "LMAPS": "https://www.google.com/maps?q=&layer=c&cbll=-23.5249731,-46.6921141", "O_QUE_FAZER": "APLICAR T2", "ER_REGIAO_CIDADE_min": "Capital Oeste_Lapa" }, "geometry": { "type": "Point", "coordinates": [ -46.6921141, -23.5249731 ] } },
{ "type": "Feature", "properties": { "fid": 295410, "CNPJ": "61842357000101", "IDCIDADE": "SAO_PAULO", "NOMEFANTASIA": "ASTMED", "RAZAOSOCIAL": "ASTMED_MATERIAL_MEDICO_E_HOSPITALAR_LTDA", "ENDEE": "RUA_BARAO_DE_JUNDIAI280__LAPA_05073-010", "LMAPS": "https://www.google.com/maps?q=&layer=c&cbll=-23.5245185,-46.7074238", "O_QUE_FAZER": "CARTEIRA", "ER_REGIAO_CIDADE_min": "Capital Oeste_Lapa" }, "geometry": { "type": "Point", "coordinates": [ -46.7074238, -23.5245185 ] } },
{ "type": "Feature", "properties": { "fid": 295454, "CNPJ": "61865334000112", "IDCIDADE": "SAO PAULO", "NOMEFANTASIA": "KING_SUSHI", "RAZAOSOCIAL": "KING_SUSHI", "ENDEE": "AURÉLIA, 833, VILA ROMANA, SÃO PAULO", "LMAPS": "https://www.google.com/maps?q=&layer=c&cbll=-23.5292826,-46.697838", "O_QUE_FAZER": "FINALIZADO", "ER_REGIAO_CIDADE_min": "Capital Oeste_Lapa" }, "geometry": { "type": "Point", "coordinates": [ -46.697838, -23.5292826 ] } },
{ "type": "Feature", "properties": { "fid": 295562, "CNPJ": "61913939000131", "IDCIDADE": "SAO PAULO", "NOMEFANTASIA": "LOQUEI_ANDAIMES", "RAZAOSOCIAL": "D._S._LIMA_EMPREENDIMENTOS_LTDA", "ENDEE": "ALBION, 634, LAPA, SÃO PAULO_05077-130", "LMAPS": "https://www.google.com/maps?q=&layer=c&cbll=-23.5236794,-46.7107837", "O_QUE_FAZER": "APLICAR T4", "ER_REGIAO_CIDADE_min": "Capital Oeste_Lapa" }, "geometry": { "type": "Point", "coordinates": [ -46.7107837, -23.5236794 ] } },
{ "type": "Feature", "properties": { "fid": 295771, "CNPJ": "61991122000181", "IDCIDADE": "SAO PAULO", "NOMEFANTASIA": "SINERGIA_VERDE_BR", "RAZAOSOCIAL": "SINERGIA_VERDE_BR", "ENDEE": "MONTEIRO DE MELO, 238, LAPA, SÃO PAULO", "LMAPS": "https://www.google.com/maps?q=&layer=c&cbll=-23.5235876,-46.7030948", "O_QUE_FAZER": "FINALIZADO", "ER_REGIAO_CIDADE_min": "Capital Oeste_Lapa" }, "geometry": { "type": "Point", "coordinates": [ -46.7030948, -23.5235876 ] } },
{ "type": "Feature", "properties": { "fid": 296020, "CNPJ": "62088669000134", "IDCIDADE": "SAO PAULO", "NOMEFANTASIA": "GASPAR_&_ANA_PETSHOP_LTDA", "RAZAOSOCIAL": "GASPAR_&_ANA_PETSHOP_LTDA", "ENDEE": "PIO XI_403_ALTO DA LAPA_SÃO PAULO_05060-000", "LMAPS": "https://www.google.com/maps?q=&layer=c&cbll=-23.5279263,-46.709632", "O_QUE_FAZER": "APLICAR T4", "ER_REGIAO_CIDADE_min": "Capital Oeste_Lapa" }, "geometry": { "type": "Point", "coordinates": [ -46.709632, -23.5279263 ] } },
{ "type": "Feature", "properties": { "fid": 296256, "CNPJ": "62171126000186", "IDCIDADE": "SAO PAULO", "NOMEFANTASIA": "SURI_PET_STORE", "RAZAOSOCIAL": "PENELOPE_STAR_BANHO_E_TOSA_LTDA", "ENDEE": "RUA CORIOLANO, 722, VILA ROMANA, 05047-000, SÃO PAULO, SP, BRASIL", "LMAPS": "https://www.google.com/maps?q=&layer=c&cbll=-23.5259414,-46.6925456", "O_QUE_FAZER": "FINALIZADO", "ER_REGIAO_CIDADE_min": "Capital Oeste_Lapa" }, "geometry": { "type": "Point", "coordinates": [ -46.6925456, -23.5259414 ] } },
{ "type": "Feature", "properties": { "fid": 296614, "CNPJ": "62329420000173", "IDCIDADE": "SAO PAULO", "NOMEFANTASIA": "DALMAR_PROPAGANDA", "RAZAOSOCIAL": "DALMAR_PROPAGANDA_SOCIEDADE_UNIPESSOAL_LIMITADA", "ENDEE": "RUA VESPASIANO, 335, VILA ROMANA, 05044050, SÃO PAULO, SP, BRASIL", "LMAPS": "https://www.google.com/maps?q=&layer=c&cbll=-23.52562,-46.6953521", "O_QUE_FAZER": "CARTEIRA - FAMPE", "ER_REGIAO_CIDADE_min": "Capital Oeste_Lapa" }, "geometry": { "type": "Point", "coordinates": [ -46.6953521, -23.52562 ] } },
{ "type": "Feature", "properties": { "fid": 296745, "CNPJ": "62387915000159", "IDCIDADE": "SAO_PAULO", "NOMEFANTASIA": "ELETRO_KODAMA", "RAZAOSOCIAL": "ELETRO_KODAMA_LTDA_MICROEMPRESA", "ENDEE": "RUA_TONELERO173__VILA_IPOJUCA_05056-000", "LMAPS": "https://www.google.com/maps?q=&layer=c&cbll=-23.5295262,-46.7044203", "O_QUE_FAZER": "CARTEIRA", "ER_REGIAO_CIDADE_min": "Capital Oeste_Lapa" }, "geometry": { "type": "Point", "coordinates": [ -46.7044203, -23.5295262 ] } },
{ "type": "Feature", "properties": { "fid": 296888, "CNPJ": "62453253000178", "IDCIDADE": "SAO_PAULO", "NOMEFANTASIA": "STATUS_SOM_E_ACESSORIOS", "RAZAOSOCIAL": "STATUS_SOM_E_ACESSORIOS_LTDA", "ENDEE": "RUA_AFONSO_SARDINHA418__LAPA_05076-000", "LMAPS": "https://www.google.com/maps?q=&layer=c&cbll=-23.522483,-46.7079137", "O_QUE_FAZER": "CARTEIRA", "ER_REGIAO_CIDADE_min": "Capital Oeste_Lapa" }, "geometry": { "type": "Point", "coordinates": [ -46.7079137, -23.522483 ] } },
{ "type": "Feature", "properties": { "fid": 297237, "CNPJ": "62605797000108", "IDCIDADE": "SAO PAULO", "NOMEFANTASIA": null, "RAZAOSOCIAL": "62.605.797_LEONARDO_BONSI_GIACON", "ENDEE": "TRAVESSA PADRE WALTER SCHEWIORA, 10, CASA 1, VILA IPOJUCA, 05054-120, SÃO PAULO, SP, BRASIL", "LMAPS": "https://www.google.com/maps?q=&layer=c&cbll=-23.5367629,-46.7045146", "O_QUE_FAZER": "CARTEIRA - FAMPE", "ER_REGIAO_CIDADE_min": "Capital Oeste_Lapa" }, "geometry": { "type": "Point", "coordinates": [ -46.7045146, -23.5367629 ] } },
{ "type": "Feature", "properties": { "fid": 297272, "CNPJ": "62620411000137", "IDCIDADE": "SAO PAULO", "NOMEFANTASIA": "DESTAK_FANTASIAS", "RAZAOSOCIAL": "DESTAK_FANTASIAS", "ENDEE": "CLEMENTE ÁLVARES, 373, LAPA, SÃO PAULO", "LMAPS": "https://www.google.com/maps?q=&layer=c&cbll=-23.5199274,-46.7061617", "O_QUE_FAZER": "FINALIZADO", "ER_REGIAO_CIDADE_min": "Capital Oeste_Lapa" }, "geometry": { "type": "Point", "coordinates": [ -46.7061617, -23.5199274 ] } },
{ "type": "Feature", "properties": { "fid": 297379, "CNPJ": "62660824000145", "IDCIDADE": "SAO_PAULO", "NOMEFANTASIA": "GREGOLANDIA_FOGOES", "RAZAOSOCIAL": "GREGOLANDIA_COM_DE_PECAS_E_ACESSORIOS_P/FOGOES_LTDA", "ENDEE": "RUA_CLEMENTE_ALVARES445__LAPA_05074-050", "LMAPS": "https://www.google.com/maps?q=&layer=c&cbll=-23.5196853,-46.7068112", "O_QUE_FAZER": "CARTEIRA", "ER_REGIAO_CIDADE_min": "Capital Oeste_Lapa" }, "geometry": { "type": "Point", "coordinates": [ -46.7068112, -23.5196853 ] } },
{ "type": "Feature", "properties": { "fid": 297434, "CNPJ": "62680474000189", "IDCIDADE": "SAO PAULO", "NOMEFANTASIA": "FMEN_STORE", "RAZAOSOCIAL": "FMP_COMERCIO_DE_CONFECCOES_LTDA", "ENDEE": "CLEMENTE ÁLVARES, 148, LAPA, SÃO PAULO_05074-050", "LMAPS": "https://www.google.com/maps?q=&layer=c&cbll=-23.5205161,-46.7040838", "O_QUE_FAZER": "APLICAR T4", "ER_REGIAO_CIDADE_min": "Capital Oeste_Lapa" }, "geometry": { "type": "Point", "coordinates": [ -46.7040838, -23.5205161 ] } },
{ "type": "Feature", "properties": { "fid": 297496, "CNPJ": "62706999000146", "IDCIDADE": "SAO_PAULO", "NOMEFANTASIA": "RESTAURANTE_E_LANCHONETE_LEAO_COROADO", "RAZAOSOCIAL": "LANCHES_LEAO_COROADO_LTDA", "ENDEE": "RUA_MONTEIRO_DE_MELO45__LAPA_05050-000", "LMAPS": "https://www.google.com/maps?q=&layer=c&cbll=-23.5215567,-46.7031233", "O_QUE_FAZER": "CARTEIRA", "ER_REGIAO_CIDADE_min": "Capital Oeste_Lapa" }, "geometry": { "type": "Point", "coordinates": [ -46.7031233, -23.5215567 ] } },
{ "type": "Feature", "properties": { "fid": 297513, "CNPJ": "62711254000175", "IDCIDADE": "SAO_PAULO", "NOMEFANTASIA": "JAMILE_TECCIDOS_FINOS", "RAZAOSOCIAL": "TECIDOS_JAMIL'S_LTDA", "ENDEE": "RUA_DOZE_DE_OUTUBRO480__LAPA_08071-072", "LMAPS": "https://www.google.com/maps?q=&layer=c&cbll=-23.52248,-46.7069283", "O_QUE_FAZER": "CARTEIRA", "ER_REGIAO_CIDADE_min": "Capital Oeste_Lapa" }, "geometry": { "type": "Point", "coordinates": [ -46.7069283, -23.52248 ] } },
{ "type": "Feature", "properties": { "fid": 297527, "CNPJ": "62717806000152", "IDCIDADE": "SAO_PAULO", "NOMEFANTASIA": "ESCOLA_TERUYA", "RAZAOSOCIAL": "ESCOLA_TERUYA_LTDA", "ENDEE": "RUA_NOSSA_SENHORA_DA_LAPA402__LAPA_05072-000", "LMAPS": "https://www.google.com/maps?q=&layer=c&cbll=-23.5230143,-46.7042772", "O_QUE_FAZER": "CARTEIRA", "ER_REGIAO_CIDADE_min": "Capital Oeste_Lapa" }, "geometry": { "type": "Point", "coordinates": [ -46.7042772, -23.5230143 ] } },
{ "type": "Feature", "properties": { "fid": 297846, "CNPJ": "62854443000105", "IDCIDADE": "SAO_PAULO", "NOMEFANTASIA": "PHITOFARMA", "RAZAOSOCIAL": "DROGA-HERVAS_NOSSA_SENHORA_DOS_AFLITOS_LTDA", "ENDEE": "RUA_PIO_XI1157__ALTO_DA_LAPA_05060-000", "LMAPS": "https://www.google.com/maps?q=&layer=c&cbll=-23.5336379,-46.7134873", "O_QUE_FAZER": "CARTEIRA", "ER_REGIAO_CIDADE_min": "Capital Oeste_Lapa" }, "geometry": { "type": "Point", "coordinates": [ -46.7134873, -23.5336379 ] } },
{ "type": "Feature", "properties": { "fid": 298103, "CNPJ": "62969353000151", "IDCIDADE": "SÃO PAULO", "NOMEFANTASIA": "WG ESTACIONAMENTOS", "RAZAOSOCIAL": "WG ESTACIONAMENTOS LTDA", "ENDEE": "RUA GOMES FREIRE, 576, LAPA, 05073-010, SÃO PAULO, SP, BRASIL", "LMAPS": "https://www.google.com/maps?q=&layer=c&cbll=-23.5245887,-46.7082866", "O_QUE_FAZER": "APLICAR T2", "ER_REGIAO_CIDADE_min": "Capital Oeste_Lapa" }, "geometry": { "type": "Point", "coordinates": [ -46.7082866, -23.5245887 ] } },
{ "type": "Feature", "properties": { "fid": 298344, "CNPJ": "63083604000169", "IDCIDADE": "SAO_PAULO", "NOMEFANTASIA": "TABACARIA_2000", "RAZAOSOCIAL": "TAVANTE_&_SILVA_LTDA", "ENDEE": "RUA_HERBART47__LAPA_05072-030", "LMAPS": "https://www.google.com/maps?q=&layer=c&cbll=-23.5189539,-46.7023018", "O_QUE_FAZER": "CARTEIRA", "ER_REGIAO_CIDADE_min": "Capital Oeste_Lapa" }, "geometry": { "type": "Point", "coordinates": [ -46.7023018, -23.5189539 ] } },
{ "type": "Feature", "properties": { "fid": 298531, "CNPJ": "63222793000103", "IDCIDADE": "SAO PAULO", "NOMEFANTASIA": "Senhor_do_Frango", "RAZAOSOCIAL": "SENHOR_DO_FRANGO_COMERCIO_DE_ALIMENTOS_PREPARADOS_LTDA", "ENDEE": "RUA FELIX GUILHEM, 1035, LAPA DE BAIXO, 05069-000, SÃO PAULO, SP, BRASIL", "LMAPS": "https://www.google.com/maps?q=&layer=c&cbll=-23.5145553,-46.7084028", "O_QUE_FAZER": "CARTEIRA - FAMPE", "ER_REGIAO_CIDADE_min": "Capital Oeste_Lapa" }, "geometry": { "type": "Point", "coordinates": [ -46.7084028, -23.5145553 ] } },
{ "type": "Feature", "properties": { "fid": 298711, "CNPJ": "63355329000195", "IDCIDADE": "SAO PAULO", "NOMEFANTASIA": "DAPRI_DELICIAS_SAUDAVEIS", "RAZAOSOCIAL": "DAPRI_DELICIAS_SAUDAVEIS_COMERCIO_DE_ALIMENTOS_LTDA", "ENDEE": "RUA FAUSTOLO, 1058, LAPA, 05041-001, SÃO PAULO, SP, BRASIL", "LMAPS": "https://www.google.com/maps?q=&layer=c&cbll=-23.5238096,-46.6956517", "O_QUE_FAZER": "FINALIZADO", "ER_REGIAO_CIDADE_min": "Capital Oeste_Lapa" }, "geometry": { "type": "Point", "coordinates": [ -46.6956517, -23.5238096 ] } },
{ "type": "Feature", "properties": { "fid": 298795, "CNPJ": "63412117000100", "IDCIDADE": "SAO PAULO", "NOMEFANTASIA": "NEWSHOES_LAVANDERIA", "RAZAOSOCIAL": "NEWSHOES_LAVANDERIA", "ENDEE": "TITO_1053_VILA ROMANA_SÃO PAULO_05051-001", "LMAPS": "https://www.google.com/maps?q=&layer=c&cbll=-23.5286118,-46.7023949", "O_QUE_FAZER": "APLICAR T4", "ER_REGIAO_CIDADE_min": "Capital Oeste_Lapa" }, "geometry": { "type": "Point", "coordinates": [ -46.7023949, -23.5286118 ] } },
{ "type": "Feature", "properties": { "fid": 298970, "CNPJ": "63546435000156", "IDCIDADE": "SAO PAULO", "NOMEFANTASIA": "SMOKELINE", "RAZAOSOCIAL": "SMOKELINE_LTDA", "ENDEE": "MARTIM TENÓRIO, 53, LAPA, SÃO PAULO_05074-060", "LMAPS": "https://www.google.com/maps?q=&layer=c&cbll=-23.5197835,-46.7027713", "O_QUE_FAZER": "APLICAR T4", "ER_REGIAO_CIDADE_min": "Capital Oeste_Lapa" }, "geometry": { "type": "Point", "coordinates": [ -46.7027713, -23.5197835 ] } },
{ "type": "Feature", "properties": { "fid": 299042, "CNPJ": "63605359000102", "IDCIDADE": "SAO PAULO", "NOMEFANTASIA": null, "RAZAOSOCIAL": "63.605.359_THAIS_OLIVEIRA_DOS_SANTOS", "ENDEE": "RUA SEPETIBA, 202, SLJ FABRICA, SICILIANO, 05052-000, SÃO PAULO, SP, BRASIL", "LMAPS": "https://www.google.com/maps?q=&layer=c&cbll=-23.5309122,-46.701877", "O_QUE_FAZER": "APLICAR T2", "ER_REGIAO_CIDADE_min": "Capital Oeste_Lapa" }, "geometry": { "type": "Point", "coordinates": [ -46.701877, -23.5309122 ] } },
{ "type": "Feature", "properties": { "fid": 299933, "CNPJ": "64159091000195", "IDCIDADE": "SAO PAULO", "NOMEFANTASIA": "GPR_Commerce", "RAZAOSOCIAL": "GPR_OPERACOES_COMERCIAIS_E_SERVICOS_LTDA", "ENDEE": "RUA CAMACAM, 249, BOX 663, VILA ANASTACIO, 05095-000, SÃO PAULO, SP, BRASIL", "LMAPS": "https://www.google.com/maps?q=&layer=c&cbll=-23.5130846,-46.717355", "O_QUE_FAZER": "CARTEIRA - FAMPE", "ER_REGIAO_CIDADE_min": "Capital Oeste_Lapa" }, "geometry": { "type": "Point", "coordinates": [ -46.717355, -23.5130846 ] } },
{ "type": "Feature", "properties": { "fid": 299935, "CNPJ": "64160120000139", "IDCIDADE": "SAO_PAULO", "NOMEFANTASIA": "DWF_RACING", "RAZAOSOCIAL": "DWF-RACING_COMERCIO_E_SERVICOS_AUTOMOTIVOS_LTDA", "ENDEE": "RUA_BARTOLOMEU_BELLI15__LAPA_05050-030", "LMAPS": "https://www.google.com/maps?q=&layer=c&cbll=-23.5261128,-46.7033832", "O_QUE_FAZER": "FINALIZADO", "ER_REGIAO_CIDADE_min": "Capital Oeste_Lapa" }, "geometry": { "type": "Point", "coordinates": [ -46.7033832, -23.5261128 ] } },
{ "type": "Feature", "properties": { "fid": 299936, "CNPJ": "64160393000183", "IDCIDADE": "SAO PAULO", "NOMEFANTASIA": "GRUPO_CANAÃ", "RAZAOSOCIAL": "GRUPO_CANAÃ", "ENDEE": "ALFREDO WEISZFLOG, 16, VILA ROMANA, SÃO PAULO", "LMAPS": "https://www.google.com/maps?q=&layer=c&cbll=-23.5280326,-46.6945117", "O_QUE_FAZER": "FINALIZADO", "ER_REGIAO_CIDADE_min": "Capital Oeste_Lapa" }, "geometry": { "type": "Point", "coordinates": [ -46.6945117, -23.5280326 ] } },
{ "type": "Feature", "properties": { "fid": 300073, "CNPJ": "64270072000131", "IDCIDADE": "SAO PAULO", "NOMEFANTASIA": null, "RAZAOSOCIAL": "64.270.072_MAURICIO_PIRES_JUNIOR", "ENDEE": "RUA CATAO, 781, CASA, VILA ROMANA, 05049-000, SÃO PAULO, SP, BRASIL", "LMAPS": "https://www.google.com/maps?q=&layer=c&cbll=-23.5278524,-46.7006362", "O_QUE_FAZER": "CARTEIRA - FAMPE", "ER_REGIAO_CIDADE_min": "Capital Oeste_Lapa" }, "geometry": { "type": "Point", "coordinates": [ -46.7006362, -23.5278524 ] } },
{ "type": "Feature", "properties": { "fid": 300106, "CNPJ": "64306895000170", "IDCIDADE": "SAO_PAULO", "NOMEFANTASIA": "ESTETICAR_PRIMER", "RAZAOSOCIAL": "ESTETICAR_PRIMER_LTDA", "ENDEE": "RUA_TONELERO_1377_VILA_IPOJUCA_05056-001_SAO_PAULO_BRASIL", "LMAPS": "https://www.google.com/maps?q=&layer=c&cbll=-23.5378675,-46.7071167", "O_QUE_FAZER": "FINALIZADO", "ER_REGIAO_CIDADE_min": "Capital Oeste_Lapa" }, "geometry": { "type": "Point", "coordinates": [ -46.7071167, -23.5378675 ] } },
{ "type": "Feature", "properties": { "fid": 300112, "CNPJ": "64313444000160", "IDCIDADE": "SAO PAULO", "NOMEFANTASIA": "ÓTICA_VIP_LAPA", "RAZAOSOCIAL": "ÓTICA_VIP_LAPA", "ENDEE": "NOSSA SENHORA DA LAPA_685_LAPA_SÃO PAULO_05072-000", "LMAPS": "https://www.google.com/maps?q=&layer=c&cbll=-23.525075,-46.7059295", "O_QUE_FAZER": "APLICAR T4", "ER_REGIAO_CIDADE_min": "Capital Oeste_Lapa" }, "geometry": { "type": "Point", "coordinates": [ -46.7059295, -23.525075 ] } },
{ "type": "Feature", "properties": { "fid": 300211, "CNPJ": "64410405000180", "IDCIDADE": "SAO PAULO", "NOMEFANTASIA": "Ink_&_Sound_Hub_Ink", "RAZAOSOCIAL": "INK_&_SOUND_HUB_BAR_E_ESTUDIO_LTDA", "ENDEE": "RUA TITO, 1585, VILA ROMANA, 05051-001, SÃO PAULO, SP, BRASIL", "LMAPS": "https://www.google.com/maps?q=&layer=c&cbll=-23.5275387,-46.707164", "O_QUE_FAZER": "CARTEIRA - FAMPE", "ER_REGIAO_CIDADE_min": "Capital Oeste_Lapa" }, "geometry": { "type": "Point", "coordinates": [ -46.707164, -23.5275387 ] } },
{ "type": "Feature", "properties": { "fid": 301487, "CNPJ": "65013560000126", "IDCIDADE": "SAO PAULO", "NOMEFANTASIA": "MARCIOS_CAR_PRIME", "RAZAOSOCIAL": "MARCOS_CAR_PRIME", "ENDEE": "AURÉLIA, 1279, VILA ROMANA, SÃO PAULO", "LMAPS": "https://www.google.com/maps?q=&layer=c&cbll=-23.533275,-46.6979668", "O_QUE_FAZER": "APLICAR T3", "ER_REGIAO_CIDADE_min": "Capital Oeste_Lapa" }, "geometry": { "type": "Point", "coordinates": [ -46.6979668, -23.533275 ] } },
{ "type": "Feature", "properties": { "fid": 301565, "CNPJ": "65058887000114", "IDCIDADE": "SAO PAULO", "NOMEFANTASIA": "SUPLEMENTOS_MOTO_EXPRESS", "RAZAOSOCIAL": "SUPLEMENTOS_MOTO_EXPRESS", "ENDEE": "MONTEIRO DE MELO, 428, LAPA, SÃO PAULO", "LMAPS": "https://www.google.com/maps?q=&layer=c&cbll=-23.5252646,-46.7032687", "O_QUE_FAZER": "FINALIZADO", "ER_REGIAO_CIDADE_min": "Capital Oeste_Lapa" }, "geometry": { "type": "Point", "coordinates": [ -46.7032687, -23.5252646 ] } },
{ "type": "Feature", "properties": { "fid": 301707, "CNPJ": "65169219000164", "IDCIDADE": "SAO PAULO", "NOMEFANTASIA": "LAPA_PREMIUM_OUTLET", "RAZAOSOCIAL": "OUTLET_LAPA", "ENDEE": "CLEMENTE ÁLVARES, 245, LAPA, SÃO PAULO", "LMAPS": "https://www.google.com/maps?q=&layer=c&cbll=-23.5204484,-46.7050709", "O_QUE_FAZER": "FINALIZADO", "ER_REGIAO_CIDADE_min": "Capital Oeste_Lapa" }, "geometry": { "type": "Point", "coordinates": [ -46.7050709, -23.5204484 ] } },
{ "type": "Feature", "properties": { "fid": 301817, "CNPJ": "65264595000138", "IDCIDADE": "SAO PAULO", "NOMEFANTASIA": "ASTROLÉ", "RAZAOSOCIAL": "65.264.595_GILMARA_SOUZA_DOS_SANTOS_UCHOA", "ENDEE": "CLEMENTE ÁLVARES, 502, LAPA, SÃO PAULO_05074-050", "LMAPS": "https://www.google.com/maps?q=&layer=c&cbll=-23.5191974,-46.7072357", "O_QUE_FAZER": "APLICAR T4", "ER_REGIAO_CIDADE_min": "Capital Oeste_Lapa" }, "geometry": { "type": "Point", "coordinates": [ -46.7072357, -23.5191974 ] } },
{ "type": "Feature", "properties": { "fid": 301930, "CNPJ": "65355784000116", "IDCIDADE": "SAO_PAULO", "NOMEFANTASIA": "NINA_RUIZ_DOCES", "RAZAOSOCIAL": "NINA_RUIZ_DOCES_LTDA", "ENDEE": "RUA_NOSSA_SENHORA_DA_LAPA_709_LAPA_05072-000_SAO_PAULO_BRASIL", "LMAPS": "https://www.google.com/maps?q=&layer=c&cbll=-23.5252611,-46.7061066", "O_QUE_FAZER": "APLICAR T2", "ER_REGIAO_CIDADE_min": "Capital Oeste_Lapa" }, "geometry": { "type": "Point", "coordinates": [ -46.7061066, -23.5252611 ] } },
{ "type": "Feature", "properties": { "fid": 302272, "CNPJ": "65534543000134", "IDCIDADE": "SAO PAULO", "NOMEFANTASIA": "APARYS_MISTICA", "RAZAOSOCIAL": "65.534.543_EDIENE_AMARAL_DA_SILVA", "ENDEE": "ALBION, 89, LAPA, SÃO PAULO_05077-130", "LMAPS": "https://www.google.com/maps?q=&layer=c&cbll=-23.5235683,-46.705488", "O_QUE_FAZER": "APLICAR T2", "ER_REGIAO_CIDADE_min": "Capital Oeste_Lapa" }, "geometry": { "type": "Point", "coordinates": [ -46.705488, -23.5235683 ] } },
{ "type": "Feature", "properties": { "fid": 302409, "CNPJ": "65587817000153", "IDCIDADE": "SAO_PAULO", "NOMEFANTASIA": "MJ_BOLOS_E_SOBREMESAS", "RAZAOSOCIAL": "MJ_BOLOS_E_SOBREMESAS_LTDA", "ENDEE": "RUA_ANTONIO_RAPOSO_92_LAPA_05074-020_SAO_PAULO_BRASIL", "LMAPS": "https://www.google.com/maps?q=&layer=c&cbll=-23.5212505,-46.7056268", "O_QUE_FAZER": "FINALIZADO", "ER_REGIAO_CIDADE_min": "Capital Oeste_Lapa" }, "geometry": { "type": "Point", "coordinates": [ -46.7056268, -23.5212505 ] } },
{ "type": "Feature", "properties": { "fid": 302647, "CNPJ": "65691654000154", "IDCIDADE": "SAO PAULO", "NOMEFANTASIA": "LIA_E_CA", "RAZAOSOCIAL": "LIA_E_CA", "ENDEE": "ROMA_516_LAPA_SÃO PAULO_05050-090", "LMAPS": "https://www.google.com/maps?q=&layer=c&cbll=-23.5225972,-46.7016824", "O_QUE_FAZER": "APLICAR T4", "ER_REGIAO_CIDADE_min": "Capital Oeste_Lapa" }, "geometry": { "type": "Point", "coordinates": [ -46.7016824, -23.5225972 ] } },
{ "type": "Feature", "properties": { "fid": 303366, "CNPJ": "65989254000120", "IDCIDADE": "SAO PAULO", "NOMEFANTASIA": "KING_PREMIO_COLCHOES", "RAZAOSOCIAL": "KING_PREMIUM_COLCHÕES", "ENDEE": "MONTEIRO DE MELO, 84, LAPA, SÃO PAULO", "LMAPS": "https://www.google.com/maps?q=&layer=c&cbll=-23.5221236,-46.7031477", "O_QUE_FAZER": "FINALIZADO", "ER_REGIAO_CIDADE_min": "Capital Oeste_Lapa" }, "geometry": { "type": "Point", "coordinates": [ -46.7031477, -23.5221236 ] } },
{ "type": "Feature", "properties": { "fid": 303493, "CNPJ": "66047925000104", "IDCIDADE": "SÃO PAULO", "NOMEFANTASIA": "QDONUTS LAPA", "RAZAOSOCIAL": "PMTB ALIMENTOS LTDA", "ENDEE": "RUA ALBION, 142, LAPA, 05077-130, SÃO PAULO, SP, BRASIL", "LMAPS": "https://www.google.com/maps?q=&layer=c&cbll=-23.5234199,-46.7059563", "O_QUE_FAZER": "APLICAR T2", "ER_REGIAO_CIDADE_min": "Capital Oeste_Lapa" }, "geometry": { "type": "Point", "coordinates": [ -46.7059563, -23.5234199 ] } },
{ "type": "Feature", "properties": { "fid": 303961, "CNPJ": "66351102000160", "IDCIDADE": "SAO PAULO", "NOMEFANTASIA": "ÓTICAS_BRENO", "RAZAOSOCIAL": "ÓTICAS_BRENO", "ENDEE": "BARÃO DE JUNDIAÍ, 149, LAPA, SÃO PAULO", "LMAPS": "https://www.google.com/maps?q=&layer=c&cbll=-23.5245638,-46.7060414", "O_QUE_FAZER": "FINALIZADO", "ER_REGIAO_CIDADE_min": "Capital Oeste_Lapa" }, "geometry": { "type": "Point", "coordinates": [ -46.7060414, -23.5245638 ] } },
{ "type": "Feature", "properties": { "fid": 304197, "CNPJ": "66533886000147", "IDCIDADE": "SAO_PAULO", "NOMEFANTASIA": "BAR_E_RESTAURANTE_LA_LUNW", "RAZAOSOCIAL": "BAR_E_RESTAURANTE_LA_LUNA_LIMITADA", "ENDEE": "RUA_NOSSA_SENHORA_DA_LAPA508__LAPA_05072-000", "LMAPS": "https://www.google.com/maps?q=&layer=c&cbll=-23.5237539,-46.7049914", "O_QUE_FAZER": "CARTEIRA", "ER_REGIAO_CIDADE_min": "Capital Oeste_Lapa" }, "geometry": { "type": "Point", "coordinates": [ -46.7049914, -23.5237539 ] } },
{ "type": "Feature", "properties": { "fid": 304383, "CNPJ": "66628467000199", "IDCIDADE": "SÃO PAULO", "NOMEFANTASIA": "BARBEARIA SHOP DC", "RAZAOSOCIAL": "66.628.467 DANILO DO CARMO FERREIRA LEITE", "ENDEE": "RUA CLEMENTE ÁLVARES, 240, LAPA, 05074-050, SÃO PAULO, SP, BRASIL", "LMAPS": "https://www.google.com/maps?q=&layer=c&cbll=-23.5200632,-46.7052486", "O_QUE_FAZER": "APLICAR T2", "ER_REGIAO_CIDADE_min": "Capital Oeste_Lapa" }, "geometry": { "type": "Point", "coordinates": [ -46.7052486, -23.5200632 ] } },
{ "type": "Feature", "properties": { "fid": 304427, "CNPJ": "66643420000102", "IDCIDADE": "SAO_PAULO", "NOMEFANTASIA": "FINO_FRANGO", "RAZAOSOCIAL": "DISTRIBUIDORA_DE_AVES_E_VISCERAS_PICCOLOTO_LTDA", "ENDEE": "RUA_HERBART47__LAPA_05072-030", "LMAPS": "https://www.google.com/maps?q=&layer=c&cbll=-23.519134,-46.7021453", "O_QUE_FAZER": "CARTEIRA", "ER_REGIAO_CIDADE_min": "Capital Oeste_Lapa" }, "geometry": { "type": "Point", "coordinates": [ -46.7021453, -23.519134 ] } },
{ "type": "Feature", "properties": { "fid": 305169, "CNPJ": "66939930000113", "IDCIDADE": "SAO_PAULO", "NOMEFANTASIA": "CLUBE_POP_VILA_LEOPLDINA", "RAZAOSOCIAL": "DAMASCENO_E_ALMEIDA_REFEICOES_DOMICILIARES_LTDA", "ENDEE": "RUA_MARIO_WHATELY_249_ALTO_DA_LAPA_05083-140_SAO_PAULO_BRASIL", "LMAPS": "https://www.google.com/maps?q=&layer=c&cbll=-23.534326,-46.7166794", "O_QUE_FAZER": "FINALIZADO", "ER_REGIAO_CIDADE_min": "Capital Oeste_Lapa" }, "geometry": { "type": "Point", "coordinates": [ -46.7166794, -23.534326 ] } },
{ "type": "Feature", "properties": { "fid": 305225, "CNPJ": "66959503000105", "IDCIDADE": "SAO_PAULO", "NOMEFANTASIA": "FAMIGLIA_LUCCO", "RAZAOSOCIAL": "PIZZARIA_TRASTTEVERE_LTDA", "ENDEE": "RUA_PIO_XI240__ALTO_DA_LAPA_05060-000", "LMAPS": "https://www.google.com/maps?q=&layer=c&cbll=-23.5266383,-46.708935", "O_QUE_FAZER": "CARTEIRA", "ER_REGIAO_CIDADE_min": "Capital Oeste_Lapa" }, "geometry": { "type": "Point", "coordinates": [ -46.708935, -23.5266383 ] } },
{ "type": "Feature", "properties": { "fid": 305621, "CNPJ": "67146712000194", "IDCIDADE": "SAO_PAULO", "NOMEFANTASIA": "KID_RECANTO_BUFFET", "RAZAOSOCIAL": "SINGO_COMERCIAL_E_SERVICOS_BUFFET_E_EVENTOS_LTDA.", "ENDEE": "RUA_CORIOLANO1643__VILA_ROMANA_05047-000", "LMAPS": "https://www.google.com/maps?q=&layer=c&cbll=-23.5259267,-46.7014717", "O_QUE_FAZER": "CARTEIRA", "ER_REGIAO_CIDADE_min": "Capital Oeste_Lapa" }, "geometry": { "type": "Point", "coordinates": [ -46.7014717, -23.5259267 ] } },
{ "type": "Feature", "properties": { "fid": 305912, "CNPJ": "67284014000155", "IDCIDADE": "SAO PAULO", "NOMEFANTASIA": null, "RAZAOSOCIAL": "67.284.014_ISAQUE_PEREIRA_BOMFIM", "ENDEE": "TRAVESSA JOSE DA SILVA ARRUDA, 0059, AGUA BRANCA, 05038-019, SÃO PAULO, SP, BRASIL", "LMAPS": "https://www.google.com/maps?q=&layer=c&cbll=-23.5104324,-46.7075446", "O_QUE_FAZER": "CARTEIRA - FAMPE", "ER_REGIAO_CIDADE_min": "Capital Oeste_Lapa" }, "geometry": { "type": "Point", "coordinates": [ -46.7075446, -23.5104324 ] } },
{ "type": "Feature", "properties": { "fid": 306587, "CNPJ": "67640581000105", "IDCIDADE": "SAO_PAULO", "NOMEFANTASIA": "COPIADORA_NOVA_BARAO", "RAZAOSOCIAL": "COPIADORA_NOVA_BARAO_S/S_LTDA", "ENDEE": "RUA_DOMINGOS_RODRIGUES674__LAPA_05075-000", "LMAPS": "https://www.google.com/maps?q=&layer=c&cbll=-23.524375,-46.7073383", "O_QUE_FAZER": "CARTEIRA", "ER_REGIAO_CIDADE_min": "Capital Oeste_Lapa" }, "geometry": { "type": "Point", "coordinates": [ -46.7073383, -23.524375 ] } },
{ "type": "Feature", "properties": { "fid": 307140, "CNPJ": "67875682000157", "IDCIDADE": "SAO_PAULO", "NOMEFANTASIA": "OTICA_E_RELOJOARIA_NOVA_UNIAO", "RAZAOSOCIAL": "OTICA_&_RELOJOARIA_NOVA_UNIAO_LTDA", "ENDEE": "RUA_ROMA635__LAPA_05050-090", "LMAPS": "https://www.google.com/maps?q=&layer=c&cbll=-23.5228183,-46.7027402", "O_QUE_FAZER": "APLICAR T4", "ER_REGIAO_CIDADE_min": "Capital Oeste_Lapa" }, "geometry": { "type": "Point", "coordinates": [ -46.7027402, -23.5228183 ] } },
{ "type": "Feature", "properties": { "fid": 307682, "CNPJ": "68146976000100", "IDCIDADE": "SAO_PAULO", "NOMEFANTASIA": "QUATRO_ESTRELAS", "RAZAOSOCIAL": "COMERCIO_DE_CEREAIS_QUATRO_ESTRELAS_LTDA", "ENDEE": "RUA_HERBART47__LAPA_05072-030", "LMAPS": "https://www.google.com/maps?q=&layer=c&cbll=-23.519245,-46.7015248", "O_QUE_FAZER": "CARTEIRA", "ER_REGIAO_CIDADE_min": "Capital Oeste_Lapa" }, "geometry": { "type": "Point", "coordinates": [ -46.7015248, -23.519245 ] } },
{ "type": "Feature", "properties": { "fid": 307839, "CNPJ": "68217074000118", "IDCIDADE": "SAO PAULO", "NOMEFANTASIA": "Minha_Avo_Tinha", "RAZAOSOCIAL": "ANTIGUIDADES_MINHA_AVO_TINHA_COMERCIO_VAREJISTA_E_LOCACAO_DE_ROUPAS_E_OBJETOS_DE_ANTIGUIDADES_LTDA", "ENDEE": "RUA TOME DE SOUZA, 100, LAPA, 05079-000, SÃO PAULO, SP, BRASIL", "LMAPS": "https://www.google.com/maps?q=&layer=c&cbll=-23.5253597,-46.7075346", "O_QUE_FAZER": "CARTEIRA - FAMPE", "ER_REGIAO_CIDADE_min": "Capital Oeste_Lapa" }, "geometry": { "type": "Point", "coordinates": [ -46.7075346, -23.5253597 ] } },
{ "type": "Feature", "properties": { "fid": 307962, "CNPJ": "68274372000140", "IDCIDADE": "SAO_PAULO", "NOMEFANTASIA": "DOCES_PALLOS", "RAZAOSOCIAL": "DOCES_PALLOS_LTDA", "ENDEE": "RUA_CLEMENTE_ALVARES326__LAPA_05074-050", "LMAPS": "https://www.google.com/maps?q=&layer=c&cbll=-23.520064,-46.7055861", "O_QUE_FAZER": "FINALIZADO", "ER_REGIAO_CIDADE_min": "Capital Oeste_Lapa" }, "geometry": { "type": "Point", "coordinates": [ -46.7055861, -23.520064 ] } },
{ "type": "Feature", "properties": { "fid": 307980, "CNPJ": "68282888000136", "IDCIDADE": "SAO_PAULO", "NOMEFANTASIA": "FEMAPEL", "RAZAOSOCIAL": "PAPELARIA_NOSSA_SENHORA_DA_LAPA_LTDA", "ENDEE": "RUA_ANTONIO_RAPOSO46__LAPA_05074-020", "LMAPS": "https://www.google.com/maps?q=&layer=c&cbll=-23.5212354,-46.7051959", "O_QUE_FAZER": "FINALIZADO", "ER_REGIAO_CIDADE_min": "Capital Oeste_Lapa" }, "geometry": { "type": "Point", "coordinates": [ -46.7051959, -23.5212354 ] } },
{ "type": "Feature", "properties": { "fid": 308379, "CNPJ": "68552853000170", "IDCIDADE": "SAO PAULO", "NOMEFANTASIA": "ARCO_BAR", "RAZAOSOCIAL": "ARCO_BAR_E_CULTURA_LTDA", "ENDEE": "RUA TONELERO, 351, VILA IPOJUCA, 05056-000, SÃO PAULO, SP, BRASIL", "LMAPS": "https://www.google.com/maps?q=&layer=c&cbll=-23.5310496,-46.7042598", "O_QUE_FAZER": "CARTEIRA - FAMPE", "ER_REGIAO_CIDADE_min": "Capital Oeste_Lapa" }, "geometry": { "type": "Point", "coordinates": [ -46.7042598, -23.5310496 ] } },
{ "type": "Feature", "properties": { "fid": 308754, "CNPJ": "69073187000150", "IDCIDADE": "SAO_PAULO", "NOMEFANTASIA": "TOK_CHIK", "RAZAOSOCIAL": "TOK_CHIC_COMERCIO_DE_ROUPAS_LTDA", "ENDEE": "RUA_ROMA442__LAPA_05050-090", "LMAPS": "https://www.google.com/maps?q=&layer=c&cbll=-23.5227265,-46.700918", "O_QUE_FAZER": "CARTEIRA", "ER_REGIAO_CIDADE_min": "Capital Oeste_Lapa" }, "geometry": { "type": "Point", "coordinates": [ -46.700918, -23.5227265 ] } },
{ "type": "Feature", "properties": { "fid": 308966, "CNPJ": "69225159000100", "IDCIDADE": "SAO_PAULO", "NOMEFANTASIA": "FAMILIA_LUCCO_PIZZAS_E_MASSAS", "RAZAOSOCIAL": "RESTAURANTE_E_PIZZARIA_TITO_LTDA", "ENDEE": "RUA_TITO81__VILA_ROMANA_05051-000", "LMAPS": "https://www.google.com/maps?q=&layer=c&cbll=-23.5282367,-46.6925", "O_QUE_FAZER": "CARTEIRA", "ER_REGIAO_CIDADE_min": "Capital Oeste_Lapa" }, "geometry": { "type": "Point", "coordinates": [ -46.6925, -23.5282367 ] } },
{ "type": "Feature", "properties": { "fid": 309143, "CNPJ": "69353332000156", "IDCIDADE": "SAO_PAULO", "NOMEFANTASIA": "CHARME_DA_LAPA", "RAZAOSOCIAL": "BAR_E_LANCHES_YUN_YEN_LTDA", "ENDEE": "RUA_ROMA532__LAPA_05050-090", "LMAPS": "https://www.google.com/maps?q=&layer=c&cbll=-23.522665,-46.701845", "O_QUE_FAZER": "CARTEIRA", "ER_REGIAO_CIDADE_min": "Capital Oeste_Lapa" }, "geometry": { "type": "Point", "coordinates": [ -46.701845, -23.522665 ] } },
{ "type": "Feature", "properties": { "fid": 309205, "CNPJ": "71525083000180", "IDCIDADE": "SAO_PAULO", "NOMEFANTASIA": "PAKPLAST", "RAZAOSOCIAL": "COMERCIO_DE_EMBALAGENS_E_ARTIGOS_DE_FESTAS_PAKPLAST_LTD", "ENDEE": "RUA_ALBION51__LAPA_05077-130", "LMAPS": "https://www.google.com/maps?q=&layer=c&cbll=-23.5234515,-46.7051115", "O_QUE_FAZER": "APLICAR T3", "ER_REGIAO_CIDADE_min": "Capital Oeste_Lapa" }, "geometry": { "type": "Point", "coordinates": [ -46.7051115, -23.5234515 ] } },
{ "type": "Feature", "properties": { "fid": 309819, "CNPJ": "71990949000124", "IDCIDADE": "SAO_PAULO", "NOMEFANTASIA": "HAPPEN", "RAZAOSOCIAL": "F._C_DOS_SANTOS_COMERCIO_DE_ROUPAS", "ENDEE": "RUA_CATAO72__VILA_ROMANA_05049-000", "LMAPS": "https://www.google.com/maps?q=&layer=c&cbll=-23.5213974,-46.7005994", "O_QUE_FAZER": "APLICAR T2", "ER_REGIAO_CIDADE_min": "Capital Oeste_Lapa" }, "geometry": { "type": "Point", "coordinates": [ -46.7005994, -23.5213974 ] } },
{ "type": "Feature", "properties": { "fid": 310228, "CNPJ": "72840077000180", "IDCIDADE": "SAO_PAULO", "NOMEFANTASIA": "LANCHETERIA_COCKTAIL", "RAZAOSOCIAL": "LANCHETERIA_COCKTAIL_LTDA", "ENDEE": "RUA_BRIGADEIRO_GAVIAO_PEIXOTO32__LAPA_05078-000", "LMAPS": "https://www.google.com/maps?q=&layer=c&cbll=-23.5251444,-46.7105477", "O_QUE_FAZER": "CARTEIRA", "ER_REGIAO_CIDADE_min": "Capital Oeste_Lapa" }, "geometry": { "type": "Point", "coordinates": [ -46.7105477, -23.5251444 ] } },
{ "type": "Feature", "properties": { "fid": 310467, "CNPJ": "72978315000119", "IDCIDADE": "SAO_PAULO", "NOMEFANTASIA": "DE_MOURA", "RAZAOSOCIAL": "CAROLEST_COMERCIO_DO_VESTUARIO_LTDA", "ENDEE": "RUA_DOZE_DE_OUTUBRO550__LAPA_05073-001", "LMAPS": "https://www.google.com/maps?q=&layer=c&cbll=-23.5226194,-46.7057856", "O_QUE_FAZER": "CARTEIRA", "ER_REGIAO_CIDADE_min": "Capital Oeste_Lapa" }, "geometry": { "type": "Point", "coordinates": [ -46.7057856, -23.5226194 ] } },
{ "type": "Feature", "properties": { "fid": 310517, "CNPJ": "73001620000119", "IDCIDADE": "SAO_PAULO", "NOMEFANTASIA": "MIROMAX", "RAZAOSOCIAL": "ELETROTECNICA_MIROMAX_LTDA", "ENDEE": "RUA_FRANCISCO_ALVES224__VILA_ROMANA_08342-060", "LMAPS": "https://www.google.com/maps?q=&layer=c&cbll=-23.5277718,-46.7025084", "O_QUE_FAZER": "APLICAR T2", "ER_REGIAO_CIDADE_min": "Capital Oeste_Lapa" }, "geometry": { "type": "Point", "coordinates": [ -46.7025084, -23.5277718 ] } },
{ "type": "Feature", "properties": { "fid": 310627, "CNPJ": "73067431000220", "IDCIDADE": "SAO PAULO", "NOMEFANTASIA": "DONA_LEOA", "RAZAOSOCIAL": "W.P.K._CALCADOS_E_CONFECCOES_LTDA", "ENDEE": "DOZE DE OUTUBRO, 419, LAPA, SÃO PAULO_05073-001", "LMAPS": "https://www.google.com/maps?q=&layer=c&cbll=-23.5217211,-46.7047075", "O_QUE_FAZER": "FINALIZADO", "ER_REGIAO_CIDADE_min": "Capital Oeste_Lapa" }, "geometry": { "type": "Point", "coordinates": [ -46.7047075, -23.5217211 ] } },
{ "type": "Feature", "properties": { "fid": 310751, "CNPJ": "73136236000123", "IDCIDADE": "SAO_PAULO", "NOMEFANTASIA": "DICIONARIO_PIZZARIA", "RAZAOSOCIAL": "HUB93_FOOD_LTDA", "ENDEE": "PRACA_CIVICA114__LAPA_05050-060", "LMAPS": "https://www.google.com/maps?q=&layer=c&cbll=-23.5291503,-46.7040135", "O_QUE_FAZER": "CARTEIRA", "ER_REGIAO_CIDADE_min": "Capital Oeste_Lapa" }, "geometry": { "type": "Point", "coordinates": [ -46.7040135, -23.5291503 ] } },
{ "type": "Feature", "properties": { "fid": 311244, "CNPJ": "74421959000137", "IDCIDADE": "SAO_PAULO", "NOMEFANTASIA": "HJ_CENTER_CAR", "RAZAOSOCIAL": "H.J.-COMERCIO_DE_PECAS_E_AUTO_ELETRICO_LTDA", "ENDEE": "RUA_CROATA923__VILA_IPOJUCA_05056-020", "LMAPS": "https://www.google.com/maps?q=&layer=c&cbll=-23.5365552,-46.7062201", "O_QUE_FAZER": "FINALIZADO", "ER_REGIAO_CIDADE_min": "Capital Oeste_Lapa" }, "geometry": { "type": "Point", "coordinates": [ -46.7062201, -23.5365552 ] } },
{ "type": "Feature", "properties": { "fid": 311510, "CNPJ": "74576794000172", "IDCIDADE": "SAO_PAULO", "NOMEFANTASIA": "TIK_TAK_AUTO_CENTER", "RAZAOSOCIAL": "BORRACHARIA_TIK_TAK-DA-LAPA_LTDA", "ENDEE": "RUA_FRANCISCO_ALVES64__VILA_ROMANA_08342-060", "LMAPS": "https://www.google.com/maps?q=&layer=c&cbll=-23.52619,-46.7018883", "O_QUE_FAZER": "CARTEIRA", "ER_REGIAO_CIDADE_min": "Capital Oeste_Lapa" }, "geometry": { "type": "Point", "coordinates": [ -46.7018883, -23.52619 ] } },
{ "type": "Feature", "properties": { "fid": 311959, "CNPJ": "96293063000152", "IDCIDADE": "SAO_PAULO", "NOMEFANTASIA": "CHAVEIRO_KADOCHE", "RAZAOSOCIAL": "CHAVEIRO_KADOCHE", "ENDEE": "RUA_CLÉLIA_1601_ÁGUA BRANCA_05042-000_SAO_PAULO", "LMAPS": "https://www.google.com/maps?q=&layer=c&cbll=-23.5250535,-46.6981002", "O_QUE_FAZER": "FINALIZADO", "ER_REGIAO_CIDADE_min": "Capital Oeste_Lapa" }, "geometry": { "type": "Point", "coordinates": [ -46.6981002, -23.5250535 ] } },
{ "type": "Feature", "properties": { "fid": 312336, "CNPJ": "96576988000100", "IDCIDADE": "SAO_PAULO", "NOMEFANTASIA": "CELIA_MILANI_CALCADOS", "RAZAOSOCIAL": "CELIA_MILANI_CALCADOS_E_BOLSAS_LTDA", "ENDEE": "RUA_BARAO_DE_JUNDIAI320__LAPA_05073-010", "LMAPS": "https://www.google.com/maps?q=&layer=c&cbll=-23.5245137,-46.7078951", "O_QUE_FAZER": "CARTEIRA", "ER_REGIAO_CIDADE_min": "Capital Oeste_Lapa" }, "geometry": { "type": "Point", "coordinates": [ -46.7078951, -23.5245137 ] } },
{ "type": "Feature", "properties": { "fid": 312647, "CNPJ": "97550230000166", "IDCIDADE": "SAO_PAULO", "NOMEFANTASIA": "SEBOLANDIA", "RAZAOSOCIAL": "A._P._DE_VASCONCELOS_LIVROS", "ENDEE": "RUA_NOSSA_SENHORA_DA_LAPA714__LAPA_05072-000", "LMAPS": "https://www.google.com/maps?q=&layer=c&cbll=-23.5251587,-46.7061363", "O_QUE_FAZER": "APLICAR T2", "ER_REGIAO_CIDADE_min": "Capital Oeste_Lapa" }, "geometry": { "type": "Point", "coordinates": [ -46.7061363, -23.5251587 ] } },
{ "type": "Feature", "properties": { "fid": 314255, "CNPJ": "66372238000156", "IDCIDADE": "São Paulo", "NOMEFANTASIA": "DINE PETZ", "RAZAOSOCIAL": "66.372.238 DIEGO LUIZ LEANDRO", "ENDEE": "GEORGE SMITH, 171, LAPA, 05074-010, São Paulo, SP, BRASIL", "LMAPS": "https://www.google.com/maps?q=&layer=c&cbll=-23.5193935,-46.7050757", "O_QUE_FAZER": "APLICAR T2", "ER_REGIAO_CIDADE_min": "Capital Oeste_Lapa" }, "geometry": { "type": "Point", "coordinates": [ -46.7050757, -23.5193935 ] } },
{ "type": "Feature", "properties": { "fid": 314257, "CNPJ": "58263409000180", "IDCIDADE": "São Paulo", "NOMEFANTASIA": "BAR DA CHIBATA", "RAZAOSOCIAL": "BAR DA CHIBATA LTDA", "ENDEE": "GEORGE SMITH, 369, LAPA, 05074-010, São Paulo, SP, BRASIL", "LMAPS": "https://www.google.com/maps?q=&layer=c&cbll=-23.5209591,-46.7056983", "O_QUE_FAZER": "APLICAR T2", "ER_REGIAO_CIDADE_min": "Capital Oeste_Lapa" }, "geometry": { "type": "Point", "coordinates": [ -46.7056983, -23.5209591 ] } },
{ "type": "Feature", "properties": { "fid": 314276, "CNPJ": "43817083000119", "IDCIDADE": "São Paulo", "NOMEFANTASIA": "DON ALIMENTOS", "RAZAOSOCIAL": "DON ALIMENTOS LTDA", "ENDEE": "TITO, 1158, VILA ROMANA, 05051-000, São Paulo, SP, BRASIL", "LMAPS": "https://www.google.com/maps?q=&layer=c&cbll=-23.5277137,-46.709461", "O_QUE_FAZER": "APLICAR T2", "ER_REGIAO_CIDADE_min": "Capital Oeste_Lapa" }, "geometry": { "type": "Point", "coordinates": [ -46.709461, -23.5277137 ] } }
]
}
