{
"type": "FeatureCollection",
"name": "ER_REGIAO_CIDADE_min_Capital Leste II_Guaianases",
"crs": { "type": "name", "properties": { "name": "urn:ogc:def:crs:OGC:1.3:CRS84" } },
"xy_coordinate_resolution": 1e-15,
"features": [
{ "type": "Feature", "properties": { "fid": 318, "CNPJ": "00019845000129", "IDCIDADE": "SAO_PAULO", "NOMEFANTASIA": "DI_MELO_MAGAZINE_PRODUTOS_E_SERVICOS_ ", "RAZAOSOCIAL": "DI_MELO_SBC_MODAS_LTDA", "ENDEE": "RUA_JOSE_GARCIA_BRAGA34__VILA_PRINCESA_ISABEL_08410-470", "LMAPS": "https://www.google.com/maps?q=&layer=c&cbll=-23.5529685,-46.4141079", "O_QUE_FAZER": "CARTEIRA", "ER_REGIAO_CIDADE_min": "Capital Leste II_Guaianases" }, "geometry": { "type": "Point", "coordinates": [ -46.4141079, -23.5529685 ] } },
{ "type": "Feature", "properties": { "fid": 646, "CNPJ": "00153686000150", "IDCIDADE": "SAO_PAULO", "NOMEFANTASIA": "BORRACHARIA_DO_ZICO", "RAZAOSOCIAL": "EAGLE_PNEUS_LTDA", "ENDEE": "RUA_SATURNINO_PEREIRA372__VILA_SANTA_CRUZ_08411-000", "LMAPS": "https://www.google.com/maps?q=&layer=c&cbll=-23.5473214,-46.4121817", "O_QUE_FAZER": "CARTEIRA", "ER_REGIAO_CIDADE_min": "Capital Leste II_Guaianases" }, "geometry": { "type": "Point", "coordinates": [ -46.4121817, -23.5473214 ] } },
{ "type": "Feature", "properties": { "fid": 3482, "CNPJ": "00704567000149", "IDCIDADE": "SAO_PAULO", "NOMEFANTASIA": "DEPOSITO_BARROS", "RAZAOSOCIAL": "JOAO_DE_BARROS_FREITAS", "ENDEE": "RUA_SATURNINO_PEREIRA871__VILA_ZEFIRA_08411-000", "LMAPS": "https://www.google.com/maps?q=&layer=c&cbll=-23.5517634,-46.4129671", "O_QUE_FAZER": "CARTEIRA", "ER_REGIAO_CIDADE_min": "Capital Leste II_Guaianases" }, "geometry": { "type": "Point", "coordinates": [ -46.4129671, -23.5517634 ] } },
{ "type": "Feature", "properties": { "fid": 3650, "CNPJ": "00746212000112", "IDCIDADE": "SAO_PAULO", "NOMEFANTASIA": "JFS_ARMARINHOS_-_LTDA", "RAZAOSOCIAL": "REAL_MODAS", "ENDEE": "RUA_JERONIMO_DIAS_RIBEIRO34__JARDIM_SAO_PAULO_08461-560", "LMAPS": "https://www.google.com/maps?q=&layer=c&cbll=-23.5592402,-46.399448", "O_QUE_FAZER": "FINALIZADO", "ER_REGIAO_CIDADE_min": "Capital Leste II_Guaianases" }, "geometry": { "type": "Point", "coordinates": [ -46.399448, -23.5592402 ] } },
{ "type": "Feature", "properties": { "fid": 4315, "CNPJ": "00896354000166", "IDCIDADE": "SAO_PAULO", "NOMEFANTASIA": "AGUA_AZUL", "RAZAOSOCIAL": "DANIEL_MORAIS_GARCIA", "ENDEE": "AVENIDA_MIGUEL_ACHIOLE_DA_FONCECA892__JARDIM_SAO_PAULO_08461-110", "LMAPS": "https://www.google.com/maps?q=&layer=c&cbll=-23.5572695,-46.4000178", "O_QUE_FAZER": "CARTEIRA", "ER_REGIAO_CIDADE_min": "Capital Leste II_Guaianases" }, "geometry": { "type": "Point", "coordinates": [ -46.4000178, -23.5572695 ] } },
{ "type": "Feature", "properties": { "fid": 4895, "CNPJ": "01014311000172", "IDCIDADE": "SAO PAULO", "NOMEFANTASIA": "AUTO_CENTER_MP_CAR", "RAZAOSOCIAL": "C_R_P_DA_SILVA_AUTO_CENTER", "ENDEE": "RUA SATURNINO PEREIRA, 560, VILA ZEFIRA, 08411085, SÃO PAULO, SP, BRASIL", "LMAPS": "https://www.google.com/maps?q=&layer=c&cbll=-23.5487249,-46.4125877", "O_QUE_FAZER": "CARTEIRA - FAMPE", "ER_REGIAO_CIDADE_min": "Capital Leste II_Guaianases" }, "geometry": { "type": "Point", "coordinates": [ -46.4125877, -23.5487249 ] } },
{ "type": "Feature", "properties": { "fid": 4991, "CNPJ": "01035890000130", "IDCIDADE": "SAO_PAULO", "NOMEFANTASIA": "COMERCIO_DE_BEBIDAS_PADRE_ALEIXO ", "RAZAOSOCIAL": "COMERCIO_DE_BEBIDAS_PADRE_ALEIXO_LTDA", "ENDEE": "ESTRADA_DE_POA667__JARDIM_SOARES_08460-000", "LMAPS": "https://www.google.com/maps?q=&layer=c&cbll=-23.5534718,-46.3940801", "O_QUE_FAZER": "CARTEIRA", "ER_REGIAO_CIDADE_min": "Capital Leste II_Guaianases" }, "geometry": { "type": "Point", "coordinates": [ -46.3940801, -23.5534718 ] } },
{ "type": "Feature", "properties": { "fid": 5120, "CNPJ": "01066279000179", "IDCIDADE": "SAO_PAULO", "NOMEFANTASIA": "SACOLA_CHEIA", "RAZAOSOCIAL": "COMERCIO_DE_GENEROS_ALIMENTICIOS_PARATODOS_LTDA", "ENDEE": "AVENIDA_MIGUEL_ACHIOLE_DA_FONSECA160__JARDIM_SAO_PAULO_08461-110", "LMAPS": "https://www.google.com/maps?q=&layer=c&cbll=-23.5534265,-46.4050041", "O_QUE_FAZER": "CARTEIRA", "ER_REGIAO_CIDADE_min": "Capital Leste II_Guaianases" }, "geometry": { "type": "Point", "coordinates": [ -46.4050041, -23.5534265 ] } },
{ "type": "Feature", "properties": { "fid": 5121, "CNPJ": "01066290000139", "IDCIDADE": "SAO_PAULO", "NOMEFANTASIA": "SORVETERIA_W.A.S", "RAZAOSOCIAL": "APARECIDA_P_MACIEL_SILVA", "ENDEE": "RUA_DOUTOR_MEIRA_PENA115__VILA_LOURDES_08410-080", "LMAPS": "https://www.google.com/maps?q=&layer=c&cbll=-23.5439535,-46.4154041", "O_QUE_FAZER": "CARTEIRA", "ER_REGIAO_CIDADE_min": "Capital Leste II_Guaianases" }, "geometry": { "type": "Point", "coordinates": [ -46.4154041, -23.5439535 ] } },
{ "type": "Feature", "properties": { "fid": 5623, "CNPJ": "01159017000159", "IDCIDADE": "SAO_PAULO", "NOMEFANTASIA": "FAMITEC_PECAS_E_SERVICOS ", "RAZAOSOCIAL": "FAMITEC_PECAS_E_SERVICOS_LTDA", "ENDEE": "ESTRADA_DE_POA1873__JARDIM_SOARES_08460-000", "LMAPS": "https://www.google.com/maps?q=&layer=c&cbll=-23.5522486,-46.3948142", "O_QUE_FAZER": "CARTEIRA", "ER_REGIAO_CIDADE_min": "Capital Leste II_Guaianases" }, "geometry": { "type": "Point", "coordinates": [ -46.3948142, -23.5522486 ] } },
{ "type": "Feature", "properties": { "fid": 6248, "CNPJ": "01290797000171", "IDCIDADE": "SAO_PAULO", "NOMEFANTASIA": "CASA_DE_CARNES_ADRIELLI", "RAZAOSOCIAL": "CASA_DE_CARNES_ADRINELE_LTDA", "ENDEE": "AVENIDA_UTARO_KANAI189__CONJUNTO_HABITACIONAL_JUSCELINO_KUBITSCHEK_08465-000", "LMAPS": "https://www.google.com/maps?q=&layer=c&cbll=-23.5666562,-46.4001729", "O_QUE_FAZER": "CARTEIRA", "ER_REGIAO_CIDADE_min": "Capital Leste II_Guaianases" }, "geometry": { "type": "Point", "coordinates": [ -46.4001729, -23.5666562 ] } },
{ "type": "Feature", "properties": { "fid": 6382, "CNPJ": "01323801000150", "IDCIDADE": "SAO_PAULO", "NOMEFANTASIA": "MICRICAB", "RAZAOSOCIAL": "MICROCARB_LTDA", "ENDEE": "RUA_LUIS_MATEUS347__JARDIM_SAO_PEDRO_08420-750", "LMAPS": "https://www.google.com/maps?q=&layer=c&cbll=-23.5457025,-46.4256331", "O_QUE_FAZER": "CARTEIRA", "ER_REGIAO_CIDADE_min": "Capital Leste II_Guaianases" }, "geometry": { "type": "Point", "coordinates": [ -46.4256331, -23.5457025 ] } },
{ "type": "Feature", "properties": { "fid": 11304, "CNPJ": "02304598000138", "IDCIDADE": "SAO_PAULO", "NOMEFANTASIA": "AVICULTURA_TUANY", "RAZAOSOCIAL": "AVICULTURA_TUANY_LTDA", "ENDEE": "RUA_SATURNINO_PEREIRA869__VILA_ZEFIRA_08411-000", "LMAPS": "https://www.google.com/maps?q=&layer=c&cbll=-23.5517718,-46.4129106", "O_QUE_FAZER": "CARTEIRA", "ER_REGIAO_CIDADE_min": "Capital Leste II_Guaianases" }, "geometry": { "type": "Point", "coordinates": [ -46.4129106, -23.5517718 ] } },
{ "type": "Feature", "properties": { "fid": 11735, "CNPJ": "02398434000117", "IDCIDADE": "SAO_PAULO", "NOMEFANTASIA": "LA_FEMME_INSTITU", "RAZAOSOCIAL": "J.A._INSTITUTO_DE_BELEZA_LTDA", "ENDEE": "RUA_SANTA_SABINA345__VILA_MARILENA_08411-110", "LMAPS": "https://www.google.com/maps?q=&layer=c&cbll=-23.5459673,-46.4095678", "O_QUE_FAZER": "CARTEIRA", "ER_REGIAO_CIDADE_min": "Capital Leste II_Guaianases" }, "geometry": { "type": "Point", "coordinates": [ -46.4095678, -23.5459673 ] } },
{ "type": "Feature", "properties": { "fid": 11953, "CNPJ": "02436949000164", "IDCIDADE": "SAO_PAULO", "NOMEFANTASIA": "PIRES_AUTO_MECANICA", "RAZAOSOCIAL": "VANDERLEY_PIRES_MECANICA_E_AUTO_PECAS", "ENDEE": "RUA_JOSE_GARCIA_BRAGA101__VILA_PRINCESA_ISABEL_08410-470", "LMAPS": "https://www.google.com/maps?q=&layer=c&cbll=-23.5530359,-46.4146669", "O_QUE_FAZER": "CARTEIRA", "ER_REGIAO_CIDADE_min": "Capital Leste II_Guaianases" }, "geometry": { "type": "Point", "coordinates": [ -46.4146669, -23.5530359 ] } },
{ "type": "Feature", "properties": { "fid": 12052, "CNPJ": "02453837000111", "IDCIDADE": "SAO_PAULO", "NOMEFANTASIA": "SEMA_NATACAO", "RAZAOSOCIAL": "SEMA_NATACAO_LTDA", "ENDEE": "RUA_SATURNINO_PEREIRA360__VILA_SANTA_CRUZ_08411-000", "LMAPS": "https://www.google.com/maps?q=&layer=c&cbll=-23.5468938,-46.4124466", "O_QUE_FAZER": "CARTEIRA", "ER_REGIAO_CIDADE_min": "Capital Leste II_Guaianases" }, "geometry": { "type": "Point", "coordinates": [ -46.4124466, -23.5468938 ] } },
{ "type": "Feature", "properties": { "fid": 14750, "CNPJ": "02937630000112", "IDCIDADE": "SAO_PAULO", "NOMEFANTASIA": "CAFE_EQUIPAMENTOS", "RAZAOSOCIAL": "C.A.J.E._COMERCIO_DE_EQUIPAMENTOS_MAQUINAS_E_FORNOS_PARA_PADARIA_LTDA", "ENDEE": "RUA_SALVADOR_GIANETTI192__GUAIANAZES_08410-000", "LMAPS": "https://www.google.com/maps?q=&layer=c&cbll=-23.5433524,-46.4203995", "O_QUE_FAZER": "CARTEIRA", "ER_REGIAO_CIDADE_min": "Capital Leste II_Guaianases" }, "geometry": { "type": "Point", "coordinates": [ -46.4203995, -23.5433524 ] } },
{ "type": "Feature", "properties": { "fid": 15074, "CNPJ": "02992385000146", "IDCIDADE": "SAO_PAULO", "NOMEFANTASIA": "LEPOSTEK", "RAZAOSOCIAL": "ANA_CLAUDIA_PINHO_DE_MATOS", "ENDEE": "ESTRADA_NOSSA_SENHORA_DA_FONTE2__GUAIANAZES_08410-440", "LMAPS": "https://www.google.com/maps?q=&layer=c&cbll=-23.5438981,-46.4118975", "O_QUE_FAZER": "CARTEIRA", "ER_REGIAO_CIDADE_min": "Capital Leste II_Guaianases" }, "geometry": { "type": "Point", "coordinates": [ -46.4118975, -23.5438981 ] } },
{ "type": "Feature", "properties": { "fid": 15254, "CNPJ": "03020524000132", "IDCIDADE": "SAO_PAULO", "NOMEFANTASIA": "ALUMIKIT", "RAZAOSOCIAL": "RICARDO_N._DE_CARDOZO", "ENDEE": "ESTRADA_ITAQUERA_GUAIANASES2628__PARQUE_CENTRAL_08420-000", "LMAPS": "https://www.google.com/maps?q=&layer=c&cbll=-23.5429941,-46.4244958", "O_QUE_FAZER": "FINALIZADO", "ER_REGIAO_CIDADE_min": "Capital Leste II_Guaianases" }, "geometry": { "type": "Point", "coordinates": [ -46.4244958, -23.5429941 ] } },
{ "type": "Feature", "properties": { "fid": 15619, "CNPJ": "03079724000160", "IDCIDADE": "SAO_PAULO", "NOMEFANTASIA": "OTICA_MARIBA", "RAZAOSOCIAL": "JOEL_P.TAVARES_OTICA", "ENDEE": "RUA_PROFESSOR_FRANCISCO_PINHEIRO37__VILA_PRINCESA_ISABEL_08410-020", "LMAPS": "https://www.google.com/maps?q=&layer=c&cbll=-23.5435138,-46.4132901", "O_QUE_FAZER": "CARTEIRA", "ER_REGIAO_CIDADE_min": "Capital Leste II_Guaianases" }, "geometry": { "type": "Point", "coordinates": [ -46.4132901, -23.5435138 ] } },
{ "type": "Feature", "properties": { "fid": 15931, "CNPJ": "03128930000113", "IDCIDADE": "SAO_PAULO", "NOMEFANTASIA": "SUELI_STEIN_FIORI", "RAZAOSOCIAL": "SUELI_FLORES", "ENDEE": "RUA_SATURNINO_PEREIRA222__VILA_SANTA_CRUZ_08485-570", "LMAPS": "https://www.google.com/maps?q=&layer=c&cbll=-23.5481842,-46.4122125", "O_QUE_FAZER": "FINALIZADO", "ER_REGIAO_CIDADE_min": "Capital Leste II_Guaianases" }, "geometry": { "type": "Point", "coordinates": [ -46.4122125, -23.5481842 ] } },
{ "type": "Feature", "properties": { "fid": 15943, "CNPJ": "03131823000144", "IDCIDADE": "SAO_PAULO", "NOMEFANTASIA": "MERCEARIA_CHEGA_MAIS", "RAZAOSOCIAL": "LANCHONETE_E_MERCEARIA_SANTOS_&_BADU_LTDA", "ENDEE": "RUA_OTELO_AUGUSTO_RIBEIRO772__GUAIANAZES_08412-000", "LMAPS": "https://www.google.com/maps?q=&layer=c&cbll=-23.5500516,-46.4072801", "O_QUE_FAZER": "CARTEIRA", "ER_REGIAO_CIDADE_min": "Capital Leste II_Guaianases" }, "geometry": { "type": "Point", "coordinates": [ -46.4072801, -23.5500516 ] } },
{ "type": "Feature", "properties": { "fid": 18221, "CNPJ": "03500130000181", "IDCIDADE": "SAO PAULO", "NOMEFANTASIA": "COLEGIO_MUNDO_ATUAL", "RAZAOSOCIAL": "COLEGIO_MUNDO_ATUAL_LTDA", "ENDEE": "RUA PROFESSOR FRANCISCO PINHEIRO, 300, ANEXO 280 ANEXO 294 ANEXO 308, VILA PRINCESA ISABEL, 08410-020, SÃO PAULO, SP, BRASIL", "LMAPS": "https://www.google.com/maps?q=&layer=c&cbll=-23.5457664,-46.4142692", "O_QUE_FAZER": "CARTEIRA - FAMPE", "ER_REGIAO_CIDADE_min": "Capital Leste II_Guaianases" }, "geometry": { "type": "Point", "coordinates": [ -46.4142692, -23.5457664 ] } },
{ "type": "Feature", "properties": { "fid": 24285, "CNPJ": "04454768000196", "IDCIDADE": "SAO_PAULO", "NOMEFANTASIA": "MODAS_FASHION", "RAZAOSOCIAL": "KI_DON_PARK", "ENDEE": "RUA_SALVADOR_GIANETTI1132__GUAIANAZES_08410-000", "LMAPS": "https://www.google.com/maps?q=&layer=c&cbll=-23.5438309,-46.4113204", "O_QUE_FAZER": "CARTEIRA", "ER_REGIAO_CIDADE_min": "Capital Leste II_Guaianases" }, "geometry": { "type": "Point", "coordinates": [ -46.4113204, -23.5438309 ] } },
{ "type": "Feature", "properties": { "fid": 24551, "CNPJ": "04497409000116", "IDCIDADE": "SAO PAULO", "NOMEFANTASIA": "LIP'S_SORVETES", "RAZAOSOCIAL": "LIP'S_SORVETES_LTDA", "ENDEE": "RUA COUTINHO E MELO, 76, VILA AUREA, 08411-090, SÃO PAULO, SP, BRASIL", "LMAPS": "https://www.google.com/maps?q=&layer=c&cbll=-23.5473389,-46.4093453", "O_QUE_FAZER": "CARTEIRA - FAMPE", "ER_REGIAO_CIDADE_min": "Capital Leste II_Guaianases" }, "geometry": { "type": "Point", "coordinates": [ -46.4093453, -23.5473389 ] } },
{ "type": "Feature", "properties": { "fid": 24999, "CNPJ": "04564961000180", "IDCIDADE": "SAO_PAULO", "NOMEFANTASIA": "WK_FERRAGENS", "RAZAOSOCIAL": "VALMIR_JOSE_DOS_SANTOS_FERRAGENS", "ENDEE": "AVENIDA_MIGUEL_ACHIOLE_DA_FONSECA1359__JARDIM_SAO_PAULO_08461-110", "LMAPS": "https://www.google.com/maps?q=&layer=c&cbll=-23.5591841,-46.4024577", "O_QUE_FAZER": "CARTEIRA", "ER_REGIAO_CIDADE_min": "Capital Leste II_Guaianases" }, "geometry": { "type": "Point", "coordinates": [ -46.4024577, -23.5591841 ] } },
{ "type": "Feature", "properties": { "fid": 25615, "CNPJ": "04651591000118", "IDCIDADE": "SAO_PAULO", "NOMEFANTASIA": "BANHO_E_TOSA", "RAZAOSOCIAL": "BANHO_E_TOSA_PET_PATAS_LTDA", "ENDEE": "RUA_HIPOLITO_DE_CAMARGO133__VILA_LOURDES_08410-030", "LMAPS": "https://www.google.com/maps?q=&layer=c&cbll=-23.5441167,-46.4124474", "O_QUE_FAZER": "CARTEIRA", "ER_REGIAO_CIDADE_min": "Capital Leste II_Guaianases" }, "geometry": { "type": "Point", "coordinates": [ -46.4124474, -23.5441167 ] } },
{ "type": "Feature", "properties": { "fid": 26444, "CNPJ": "04764485000140", "IDCIDADE": "SAO_PAULO", "NOMEFANTASIA": "ARTE_MAGISTRAL_FARMACIA_DE_MANIPULACAO_LTDA", "RAZAOSOCIAL": "POCAO_MAGICA__MANIPULACAO", "ENDEE": "RUA_DOUTOR_MEIRA_PENA28__VILA_LOURDES_08410-080", "LMAPS": "https://www.google.com/maps?q=&layer=c&cbll=-23.5443129,-46.4157026", "O_QUE_FAZER": "FINALIZADO", "ER_REGIAO_CIDADE_min": "Capital Leste II_Guaianases" }, "geometry": { "type": "Point", "coordinates": [ -46.4157026, -23.5443129 ] } },
{ "type": "Feature", "properties": { "fid": 26603, "CNPJ": "04787571000179", "IDCIDADE": "SAO_PAULO", "NOMEFANTASIA": "PLAY_BIKE", "RAZAOSOCIAL": "M._BATISTA_DOS_SANTOS", "ENDEE": "RUA_LUIS_MATEUS2372__JARDIM_SAO_PEDRO_08420-585", "LMAPS": "https://www.google.com/maps?q=&layer=c&cbll=-23.562488,-46.4192163", "O_QUE_FAZER": "CARTEIRA", "ER_REGIAO_CIDADE_min": "Capital Leste II_Guaianases" }, "geometry": { "type": "Point", "coordinates": [ -46.4192163, -23.562488 ] } },
{ "type": "Feature", "properties": { "fid": 26605, "CNPJ": "04787888000105", "IDCIDADE": "SAO_PAULO", "NOMEFANTASIA": "FLORICULTURA_MARINA_FIORI_&_FILHO_LTDA", "RAZAOSOCIAL": "MARINA", "ENDEE": "RUA_HIPOLITO_DE_CAMARGO275__VILA_LOURDES_08410-030", "LMAPS": "https://www.google.com/maps?q=&layer=c&cbll=-23.5438319,-46.4137986", "O_QUE_FAZER": "FINALIZADO", "ER_REGIAO_CIDADE_min": "Capital Leste II_Guaianases" }, "geometry": { "type": "Point", "coordinates": [ -46.4137986, -23.5438319 ] } },
{ "type": "Feature", "properties": { "fid": 26816, "CNPJ": "04819110000130", "IDCIDADE": "SAO_PAULO", "NOMEFANTASIA": "OTICA_INDAIA", "RAZAOSOCIAL": "OTICA_SALVADOR_GIANETTI_LTDA", "ENDEE": "RUA_SALVADOR_GIANETTI1128__GUAIANAZES_08410-000", "LMAPS": "https://www.google.com/maps?q=&layer=c&cbll=-23.5438801,-46.411444", "O_QUE_FAZER": "CARTEIRA", "ER_REGIAO_CIDADE_min": "Capital Leste II_Guaianases" }, "geometry": { "type": "Point", "coordinates": [ -46.411444, -23.5438801 ] } },
{ "type": "Feature", "properties": { "fid": 27239, "CNPJ": "04883035000177", "IDCIDADE": "SAO_PAULO", "NOMEFANTASIA": "PAES_E_DOCES_LIDER_DE_GUAIANAZES", "RAZAOSOCIAL": "PAES_E_DOCES_LIDER_DE_GUAIANAZES_LTDA", "ENDEE": "RUA_SALVADOR_GIANETTI556__GUAIANAZES_08410-000", "LMAPS": "https://www.google.com/maps?q=&layer=c&cbll=-23.5427295,-46.4171449", "O_QUE_FAZER": "CARTEIRA", "ER_REGIAO_CIDADE_min": "Capital Leste II_Guaianases" }, "geometry": { "type": "Point", "coordinates": [ -46.4171449, -23.5427295 ] } },
{ "type": "Feature", "properties": { "fid": 29131, "CNPJ": "05139169000140", "IDCIDADE": "SAO_PAULO", "NOMEFANTASIA": "PET_SHOP_HUSKY_SIBERIANO_ ", "RAZAOSOCIAL": "PET_SHOP_HUSKY_SIBERIANO_LTDA.", "ENDEE": "AVENIDA_MIGUEL_ACHIOLE_DA_FONSECA1013__JARDIM_SAO_PAULO_08461-110", "LMAPS": "https://www.google.com/maps?q=&layer=c&cbll=-23.5581496,-46.3993916", "O_QUE_FAZER": "CARTEIRA", "ER_REGIAO_CIDADE_min": "Capital Leste II_Guaianases" }, "geometry": { "type": "Point", "coordinates": [ -46.3993916, -23.5581496 ] } },
{ "type": "Feature", "properties": { "fid": 29918, "CNPJ": "05266098000147", "IDCIDADE": "SAO_PAULO", "NOMEFANTASIA": "3_J_MARINHO", "RAZAOSOCIAL": "3J_ARMARINHOS_LTDA", "ENDEE": "RUA_SATURNINO_PEREIRA835__VILA_ZEFIRA_08411-000", "LMAPS": "https://www.google.com/maps?q=&layer=c&cbll=-23.551375,-46.4130261", "O_QUE_FAZER": "CARTEIRA", "ER_REGIAO_CIDADE_min": "Capital Leste II_Guaianases" }, "geometry": { "type": "Point", "coordinates": [ -46.4130261, -23.551375 ] } },
{ "type": "Feature", "properties": { "fid": 31464, "CNPJ": "05485969000113", "IDCIDADE": "SAO_PAULO", "NOMEFANTASIA": "PET_SHOP_PAT", "RAZAOSOCIAL": "PATRICIA_DELGADO_DIEGUEZ_AVICULTURA", "ENDEE": "RUA_HIPOLITO_DE_CAMARGO230__VILA_LOURDES_08410-030", "LMAPS": "https://www.google.com/maps?q=&layer=c&cbll=-23.5438888,-46.4133615", "O_QUE_FAZER": "CARTEIRA", "ER_REGIAO_CIDADE_min": "Capital Leste II_Guaianases" }, "geometry": { "type": "Point", "coordinates": [ -46.4133615, -23.5438888 ] } },
{ "type": "Feature", "properties": { "fid": 32110, "CNPJ": "05574951000198", "IDCIDADE": "SAO_PAULO", "NOMEFANTASIA": "LR_DISC", "RAZAOSOCIAL": "HAURYN_COMERCIAL_DE_CD'S_LTDA", "ENDEE": "RUA_HIPOLITO_DE_CAMARGO32__VILA_LOURDES_08410-030", "LMAPS": "https://www.google.com/maps?q=&layer=c&cbll=-23.5441771,-46.4114713", "O_QUE_FAZER": "CARTEIRA", "ER_REGIAO_CIDADE_min": "Capital Leste II_Guaianases" }, "geometry": { "type": "Point", "coordinates": [ -46.4114713, -23.5441771 ] } },
{ "type": "Feature", "properties": { "fid": 36054, "CNPJ": "06106107000103", "IDCIDADE": "SAO_PAULO", "NOMEFANTASIA": "WILSON_RUBENS_SANTOS", "RAZAOSOCIAL": "PIAUI_AUTO_PECAS", "ENDEE": "AVENIDA_MIGUEL_ACHIOLE_DA_FONSECA1637__JARDIM_SAO_PAULO_08430-120", "LMAPS": "https://www.google.com/maps?q=&layer=c&cbll=-23.5597359,-46.4050071", "O_QUE_FAZER": "FINALIZADO", "ER_REGIAO_CIDADE_min": "Capital Leste II_Guaianases" }, "geometry": { "type": "Point", "coordinates": [ -46.4050071, -23.5597359 ] } },
{ "type": "Feature", "properties": { "fid": 38715, "CNPJ": "06954636000159", "IDCIDADE": "SAO_PAULO", "NOMEFANTASIA": "FIVE_COMERCIO_BEBIDAS", "RAZAOSOCIAL": "FIVE_COMERCIO_DE_BEBIDAS_LTDA", "ENDEE": "RUA_LUIS_MATEUS314__JARDIM_SAO_PEDRO_08420-755", "LMAPS": "https://www.google.com/maps?q=&layer=c&cbll=-23.5452281,-46.425763", "O_QUE_FAZER": "CARTEIRA", "ER_REGIAO_CIDADE_min": "Capital Leste II_Guaianases" }, "geometry": { "type": "Point", "coordinates": [ -46.425763, -23.5452281 ] } },
{ "type": "Feature", "properties": { "fid": 39837, "CNPJ": "07087890000160", "IDCIDADE": "SAO_PAULO", "NOMEFANTASIA": "JOVINA_FARIAS", "RAZAOSOCIAL": "JOVINA_SANTOS_DE_FARIAS", "ENDEE": "RUA_FURTADO_DE_MORAIS117__JARDIM_SAO_PAULO_08460-530", "LMAPS": "https://www.google.com/maps?q=&layer=c&cbll=-23.5561743,-46.400116", "O_QUE_FAZER": "CARTEIRA", "ER_REGIAO_CIDADE_min": "Capital Leste II_Guaianases" }, "geometry": { "type": "Point", "coordinates": [ -46.400116, -23.5561743 ] } },
{ "type": "Feature", "properties": { "fid": 40162, "CNPJ": "07128428000163", "IDCIDADE": "SAO_PAULO", "NOMEFANTASIA": "CASA_DE_UTILIDADES", "RAZAOSOCIAL": "R.I.J_UTILIDADES_DOMESTICAS_LTDA", "ENDEE": "RUA_HIPOLITO_DE_CAMARGO55__VILA_LOURDES_08410-030", "LMAPS": "https://www.google.com/maps?q=&layer=c&cbll=-23.5442394,-46.4117222", "O_QUE_FAZER": "CARTEIRA", "ER_REGIAO_CIDADE_min": "Capital Leste II_Guaianases" }, "geometry": { "type": "Point", "coordinates": [ -46.4117222, -23.5442394 ] } },
{ "type": "Feature", "properties": { "fid": 40339, "CNPJ": "07154011000256", "IDCIDADE": "SAO_PAULO", "NOMEFANTASIA": "AGUIA_SHOES", "RAZAOSOCIAL": "SERENA_KAY_CALCADOS_E_CONFECCOES_LTDA", "ENDEE": "RUA_SALVADOR_GIANETTI788__GUAIANAZES_08410-000", "LMAPS": "https://www.google.com/maps?q=&layer=c&cbll=-23.5430804,-46.4146999", "O_QUE_FAZER": "CARTEIRA", "ER_REGIAO_CIDADE_min": "Capital Leste II_Guaianases" }, "geometry": { "type": "Point", "coordinates": [ -46.4146999, -23.5430804 ] } },
{ "type": "Feature", "properties": { "fid": 42263, "CNPJ": "07386775000196", "IDCIDADE": "SAO_PAULO", "NOMEFANTASIA": "QUERUBINS_MOTOS", "RAZAOSOCIAL": "ANDREIA_ALVES_DA_CONCEICAO", "ENDEE": "ESTRADA_ITAQUERA_GUAIANAZES2722__PARQUE_CENTRAL_08420-000", "LMAPS": "https://www.google.com/maps?q=&layer=c&cbll=-23.5432625,-46.423713", "O_QUE_FAZER": "CARTEIRA", "ER_REGIAO_CIDADE_min": "Capital Leste II_Guaianases" }, "geometry": { "type": "Point", "coordinates": [ -46.423713, -23.5432625 ] } },
{ "type": "Feature", "properties": { "fid": 42443, "CNPJ": "07406925000186", "IDCIDADE": "SAO_PAULO", "NOMEFANTASIA": "INAJA", "RAZAOSOCIAL": "UNIVERSO_DOS_OCULOS_LTDA", "ENDEE": "RUA_SALVADOR_GIANETTI822__GUAIANAZES_08410-000", "LMAPS": "https://www.google.com/maps?q=&layer=c&cbll=-23.5431951,-46.4144045", "O_QUE_FAZER": "CARTEIRA", "ER_REGIAO_CIDADE_min": "Capital Leste II_Guaianases" }, "geometry": { "type": "Point", "coordinates": [ -46.4144045, -23.5431951 ] } },
{ "type": "Feature", "properties": { "fid": 44477, "CNPJ": "07659092000165", "IDCIDADE": "SAO_PAULO", "NOMEFANTASIA": "AUTO_CENTER_FORTALEZA", "RAZAOSOCIAL": "RICARDO_GOMES_DA_SILVA_AUTOS", "ENDEE": "RUA_LUIS_MATEUS1550__JARDIM_SAO_PEDRO_08420-585", "LMAPS": "https://www.google.com/maps?q=&layer=c&cbll=-23.55811,-46.4222935", "O_QUE_FAZER": "CARTEIRA", "ER_REGIAO_CIDADE_min": "Capital Leste II_Guaianases" }, "geometry": { "type": "Point", "coordinates": [ -46.4222935, -23.55811 ] } },
{ "type": "Feature", "properties": { "fid": 46004, "CNPJ": "07819986000175", "IDCIDADE": "SAO_PAULO", "NOMEFANTASIA": "GERO_FESTAS", "RAZAOSOCIAL": "GERO_ARTIGOS_PARA_FESTAS_E_CONFEITARIA_LTDA", "ENDEE": "ESTRADA_ITAQUERA-GUAIANAZES2616__PARQUE_CENTRAL_08420-495", "LMAPS": "https://www.google.com/maps?q=&layer=c&cbll=-23.5431129,-46.4247006", "O_QUE_FAZER": "CARTEIRA", "ER_REGIAO_CIDADE_min": "Capital Leste II_Guaianases" }, "geometry": { "type": "Point", "coordinates": [ -46.4247006, -23.5431129 ] } },
{ "type": "Feature", "properties": { "fid": 46625, "CNPJ": "07887710000124", "IDCIDADE": "SAO_PAULO", "NOMEFANTASIA": "CAR_NOYS", "RAZAOSOCIAL": "CAR_BOYS_MANUTENCAO_DE_AUTOS_LTDA", "ENDEE": "RUA_SATURNINO_PEREIRA276__VILA_SANTA_CRUZ_08411-000", "LMAPS": "https://www.google.com/maps?q=&layer=c&cbll=-23.546573,-46.4117539", "O_QUE_FAZER": "CARTEIRA", "ER_REGIAO_CIDADE_min": "Capital Leste II_Guaianases" }, "geometry": { "type": "Point", "coordinates": [ -46.4117539, -23.546573 ] } },
{ "type": "Feature", "properties": { "fid": 46742, "CNPJ": "07904205000140", "IDCIDADE": "SAO_PAULO", "NOMEFANTASIA": "VICTOR_MIX", "RAZAOSOCIAL": "JOSE_VICTOR_JUNIOR_-_VESTUARIOS", "ENDEE": "RUA_OTELO_AUGUSTO_RIBEIRO778__GUAIANAZES_08412-000", "LMAPS": "https://www.google.com/maps?q=&layer=c&cbll=-23.5500933,-46.407268", "O_QUE_FAZER": "CARTEIRA", "ER_REGIAO_CIDADE_min": "Capital Leste II_Guaianases" }, "geometry": { "type": "Point", "coordinates": [ -46.407268, -23.5500933 ] } },
{ "type": "Feature", "properties": { "fid": 47187, "CNPJ": "07983100000124", "IDCIDADE": "SAO_PAULO", "NOMEFANTASIA": "ALUMIKIT", "RAZAOSOCIAL": "ANA_PAULA_P._CARDOZO_ESQUADRIAS", "ENDEE": "ESTRADA_ITAQUERA_GUAIANAZES2628__JARDIM_HELENA_08246-000", "LMAPS": "https://www.google.com/maps?q=&layer=c&cbll=-23.543012,-46.4245562", "O_QUE_FAZER": "APLICAR T2", "ER_REGIAO_CIDADE_min": "Capital Leste II_Guaianases" }, "geometry": { "type": "Point", "coordinates": [ -46.4245562, -23.543012 ] } },
{ "type": "Feature", "properties": { "fid": 50483, "CNPJ": "08464096000150", "IDCIDADE": "SAO_PAULO", "NOMEFANTASIA": "HORACIO_E_CIA_ARTIGOS_DE_PESCA", "RAZAOSOCIAL": "HORACIO_E_CIA_ARTIGOS_DE_PESCA_LTDA", "ENDEE": "RUA_LUIS_MATEUS200__JARDIM_SAO_PEDRO_08420-755", "LMAPS": "https://www.google.com/maps?q=&layer=c&cbll=-23.5443416,-46.4255542", "O_QUE_FAZER": "CARTEIRA", "ER_REGIAO_CIDADE_min": "Capital Leste II_Guaianases" }, "geometry": { "type": "Point", "coordinates": [ -46.4255542, -23.5443416 ] } },
{ "type": "Feature", "properties": { "fid": 51597, "CNPJ": "08675040000145", "IDCIDADE": "SAO_PAULO", "NOMEFANTASIA": "PERFUMARIA_GOLD", "RAZAOSOCIAL": "PERFUMARIA_GOLD_LTDA", "ENDEE": "RUA_SALVADOR_GIANETTI990__GUAIANAZES_08410-000", "LMAPS": "https://www.google.com/maps?q=&layer=c&cbll=-23.5565535,-46.4000586", "O_QUE_FAZER": "CARTEIRA", "ER_REGIAO_CIDADE_min": "Capital Leste II_Guaianases" }, "geometry": { "type": "Point", "coordinates": [ -46.4000586, -23.5565535 ] } },
{ "type": "Feature", "properties": { "fid": 53252, "CNPJ": "08873257000160", "IDCIDADE": "SAO_PAULO", "NOMEFANTASIA": "CONTABILIDADE_JD._SAO_PAULO", "RAZAOSOCIAL": "CONTABILIDADE_JARDIM_SAO_PAULO_LTDA", "ENDEE": "AVENIDA_MIGUEL_ACHIOLE_DA_FONSECA1566__JARDIM_SAO_PAULO_08461-110", "LMAPS": "https://www.google.com/maps?q=&layer=c&cbll=-23.5595291,-46.4044529", "O_QUE_FAZER": "CARTEIRA", "ER_REGIAO_CIDADE_min": "Capital Leste II_Guaianases" }, "geometry": { "type": "Point", "coordinates": [ -46.4044529, -23.5595291 ] } },
{ "type": "Feature", "properties": { "fid": 53569, "CNPJ": "08911636000105", "IDCIDADE": "SAO_PAULO", "NOMEFANTASIA": "M_&_M_-_BOLSAS_E_CINTOS", "RAZAOSOCIAL": "MAURILDO_ALVES_DE_BRITO", "ENDEE": "RUA_SALVADOR_GIANETTI892__GUAIANAZES_08410-000", "LMAPS": "https://www.google.com/maps?q=&layer=c&cbll=-23.5431291,-46.4136709", "O_QUE_FAZER": "CARTEIRA", "ER_REGIAO_CIDADE_min": "Capital Leste II_Guaianases" }, "geometry": { "type": "Point", "coordinates": [ -46.4136709, -23.5431291 ] } },
{ "type": "Feature", "properties": { "fid": 55420, "CNPJ": "09123909000101", "IDCIDADE": "SAO_PAULO", "NOMEFANTASIA": "MECANICA_IS", "RAZAOSOCIAL": "MOIZES_&_DAVID_AUTO_PECAS_E_MECANICA_LTDA", "ENDEE": "ESTRADA_DE_POA1773__JARDIM_SOARES_08460-000", "LMAPS": "https://www.google.com/maps?q=&layer=c&cbll=-23.5516065,-46.3955822", "O_QUE_FAZER": "CARTEIRA", "ER_REGIAO_CIDADE_min": "Capital Leste II_Guaianases" }, "geometry": { "type": "Point", "coordinates": [ -46.3955822, -23.5516065 ] } },
{ "type": "Feature", "properties": { "fid": 55929, "CNPJ": "09181032000105", "IDCIDADE": "SAO_PAULO", "NOMEFANTASIA": "LESTE_GAS", "RAZAOSOCIAL": "FERNANDO_A._A._DA_SILVA_SERVICOS_E_PECAS_PARA_FOGAO", "ENDEE": "RUA_SATURNINO_PEREIRA657__VILA_SANTA_CRUZ_08411-000", "LMAPS": "https://www.google.com/maps?q=&layer=c&cbll=-23.5499461,-46.4125284", "O_QUE_FAZER": "CARTEIRA", "ER_REGIAO_CIDADE_min": "Capital Leste II_Guaianases" }, "geometry": { "type": "Point", "coordinates": [ -46.4125284, -23.5499461 ] } },
{ "type": "Feature", "properties": { "fid": 56765, "CNPJ": "09274740000190", "IDCIDADE": "SAO_PAULO", "NOMEFANTASIA": "SUPERMERCADO_NOVA_GERACAO", "RAZAOSOCIAL": "SUPERMERCADO_NOVA_GERACAO_LTDA", "ENDEE": "RUA_DOUTOR_RODRIGUES_DE_MIRANDA_JUNIOR25__JARDIM_SAO_PAULO_08461-450", "LMAPS": "https://www.google.com/maps?q=&layer=c&cbll=-23.5591656,-46.4042267", "O_QUE_FAZER": "CARTEIRA", "ER_REGIAO_CIDADE_min": "Capital Leste II_Guaianases" }, "geometry": { "type": "Point", "coordinates": [ -46.4042267, -23.5591656 ] } },
{ "type": "Feature", "properties": { "fid": 57118, "CNPJ": "09314996000265", "IDCIDADE": "SAO_PAULO", "NOMEFANTASIA": "MANANCIAL_MODAS", "RAZAOSOCIAL": "SUELI_RODRIGUES_DA_SILVA_MODAS", "ENDEE": "RUA_PROFESSOR_FRANCISCO_PINHEIRO35__VILA_PRINCESA_ISABEL_08410-020", "LMAPS": "https://www.google.com/maps?q=&layer=c&cbll=-23.5434655,-46.4132927", "O_QUE_FAZER": "CARTEIRA", "ER_REGIAO_CIDADE_min": "Capital Leste II_Guaianases" }, "geometry": { "type": "Point", "coordinates": [ -46.4132927, -23.5434655 ] } },
{ "type": "Feature", "properties": { "fid": 57390, "CNPJ": "09346673000172", "IDCIDADE": "SAO_PAULO", "NOMEFANTASIA": "FARMAIS", "RAZAOSOCIAL": "D_G_FARMA_DROGARIA_E_PERFUMARIA_LTDA", "ENDEE": "AVENIDA_MIGUEL_ACHIOLE_DA_FONSECA1535__JARDIM_SAO_PAULO_08461-110", "LMAPS": "https://www.google.com/maps?q=&layer=c&cbll=-23.5595961,-46.4043373", "O_QUE_FAZER": "CARTEIRA", "ER_REGIAO_CIDADE_min": "Capital Leste II_Guaianases" }, "geometry": { "type": "Point", "coordinates": [ -46.4043373, -23.5595961 ] } },
{ "type": "Feature", "properties": { "fid": 57816, "CNPJ": "09391930000198", "IDCIDADE": "SAO_PAULO", "NOMEFANTASIA": "CARLOS_EDUARDO_SOUTO_IVANSKI", "RAZAOSOCIAL": "ERC_EQUIPAMENTOS_PARA_PINTURA", "ENDEE": "RUA_NABUCO_DE_ABREU10__GUAIANASES_08410-190", "LMAPS": "https://www.google.com/maps?q=&layer=c&cbll=-23.5431761,-46.4171789", "O_QUE_FAZER": "FINALIZADO", "ER_REGIAO_CIDADE_min": "Capital Leste II_Guaianases" }, "geometry": { "type": "Point", "coordinates": [ -46.4171789, -23.5431761 ] } },
{ "type": "Feature", "properties": { "fid": 59293, "CNPJ": "09550537000108", "IDCIDADE": "SAO_PAULO", "NOMEFANTASIA": "OLIVEIRAS_-_COMERCIAL_E_SERVICOS_LTDA", "RAZAOSOCIAL": "COMERCIAL_OLIVEIRA", "ENDEE": "RUA_DOUTOR_FRANCISCO_BUENO_TORRES133__CONJUNTO_HABITACIONAL_JUSCELINO_KUBITSCHEK_08465-070", "LMAPS": "https://www.google.com/maps?q=&layer=c&cbll=-23.5662743,-46.3981051", "O_QUE_FAZER": "FINALIZADO", "ER_REGIAO_CIDADE_min": "Capital Leste II_Guaianases" }, "geometry": { "type": "Point", "coordinates": [ -46.3981051, -23.5662743 ] } },
{ "type": "Feature", "properties": { "fid": 59376, "CNPJ": "09560782000198", "IDCIDADE": "SAO_PAULO", "NOMEFANTASIA": "SANTA_CRUZ", "RAZAOSOCIAL": "HELENA_ALVES_DA_SILVA", "ENDEE": "RUA_SATURNINO_PEREIRA278__VILA_SANTA_CRUZ_08411-000", "LMAPS": "https://www.google.com/maps?q=&layer=c&cbll=-23.5461979,-46.4117083", "O_QUE_FAZER": "CARTEIRA", "ER_REGIAO_CIDADE_min": "Capital Leste II_Guaianases" }, "geometry": { "type": "Point", "coordinates": [ -46.4117083, -23.5461979 ] } },
{ "type": "Feature", "properties": { "fid": 60017, "CNPJ": "09640938000140", "IDCIDADE": "SAO_PAULO", "NOMEFANTASIA": "A_D_SAO_CAETANO_GUAIANAZES_ESCOLA_DE_FUTEBOL", "RAZAOSOCIAL": "EDER_ANIZ_CIRQUEIRA_ESCOLA_DE_FUTEBOL", "ENDEE": "RUA_ALVARO_DA_COSTA9__JARDIM_SAO_PAULO_08461-420", "LMAPS": "https://www.google.com/maps?q=&layer=c&cbll=-23.5587437,-46.4005883", "O_QUE_FAZER": "CARTEIRA", "ER_REGIAO_CIDADE_min": "Capital Leste II_Guaianases" }, "geometry": { "type": "Point", "coordinates": [ -46.4005883, -23.5587437 ] } },
{ "type": "Feature", "properties": { "fid": 60430, "CNPJ": "10156623000101", "IDCIDADE": "SAO_PAULO", "NOMEFANTASIA": "SOM_D_CARRO", "RAZAOSOCIAL": "RAFAEL_ACEIRO", "ENDEE": "RUA_SATURNINO_PEREIRA738__VILA_SANTA_CRUZ_08411-000", "LMAPS": "https://www.google.com/maps?q=&layer=c&cbll=-23.5503305,-46.4129145", "O_QUE_FAZER": "CARTEIRA", "ER_REGIAO_CIDADE_min": "Capital Leste II_Guaianases" }, "geometry": { "type": "Point", "coordinates": [ -46.4129145, -23.5503305 ] } },
{ "type": "Feature", "properties": { "fid": 61150, "CNPJ": "10271711000154", "IDCIDADE": "SAO_PAULO", "NOMEFANTASIA": "PADARIA_DONA_ZIZA", "RAZAOSOCIAL": "PADARIA_E_CONFEITARIA_DONA_ZIZA_LTDA", "ENDEE": "RUA_JOSE_GARCIA_BRAGA34__VILA_PRINCESA_ISABEL_08410-470", "LMAPS": "https://www.google.com/maps?q=&layer=c&cbll=-23.5529979,-46.4142556", "O_QUE_FAZER": "CARTEIRA", "ER_REGIAO_CIDADE_min": "Capital Leste II_Guaianases" }, "geometry": { "type": "Point", "coordinates": [ -46.4142556, -23.5529979 ] } },
{ "type": "Feature", "properties": { "fid": 61237, "CNPJ": "10279080000110", "IDCIDADE": "SAO_PAULO", "NOMEFANTASIA": "SPEED_AUTO_CENTER", "RAZAOSOCIAL": "THAIANE_MELO_MACEDO_CARDOSO", "ENDEE": "RUA_LUIS_MATEUS2341__JARDIM_SAO_PEDRO_08420-585", "LMAPS": "https://www.google.com/maps?q=&layer=c&cbll=-23.5613215,-46.4198075", "O_QUE_FAZER": "CARTEIRA", "ER_REGIAO_CIDADE_min": "Capital Leste II_Guaianases" }, "geometry": { "type": "Point", "coordinates": [ -46.4198075, -23.5613215 ] } },
{ "type": "Feature", "properties": { "fid": 61978, "CNPJ": "10360208000175", "IDCIDADE": "SAO_PAULO", "NOMEFANTASIA": "AUTO_MECANICA_PCL", "RAZAOSOCIAL": "GILVAN_ALMEIDA_DOS_SANTOS-AUTO_MECANICA", "ENDEE": "RUA_LUIS_MATEUS445__JARDIM_SAO_PEDRO_08420-750", "LMAPS": "https://www.google.com/maps?q=&layer=c&cbll=-23.5467013,-46.4261632", "O_QUE_FAZER": "CARTEIRA", "ER_REGIAO_CIDADE_min": "Capital Leste II_Guaianases" }, "geometry": { "type": "Point", "coordinates": [ -46.4261632, -23.5467013 ] } },
{ "type": "Feature", "properties": { "fid": 63611, "CNPJ": "10520323000160", "IDCIDADE": "SAO_PAULO", "NOMEFANTASIA": "VIZA", "RAZAOSOCIAL": "VIZA_MOGI_CALCADOS_LTDA", "ENDEE": "RUA_SALVADOR_GIANETTI1000__GUAIANAZES_08410-000", "LMAPS": "https://www.google.com/maps?q=&layer=c&cbll=-23.5435248,-46.41265", "O_QUE_FAZER": "CARTEIRA", "ER_REGIAO_CIDADE_min": "Capital Leste II_Guaianases" }, "geometry": { "type": "Point", "coordinates": [ -46.41265, -23.5435248 ] } },
{ "type": "Feature", "properties": { "fid": 65434, "CNPJ": "10720920000138", "IDCIDADE": "SAO_PAULO", "NOMEFANTASIA": "CHAVEIRO_OTELO", "RAZAOSOCIAL": "ERICK_MITSUNORI_DANO", "ENDEE": "RUA_OTELO_AUGUSTO_RIBEIRO331__GUAIANAZES_08412-000", "LMAPS": "https://www.google.com/maps?q=&layer=c&cbll=-23.5464979,-46.4090794", "O_QUE_FAZER": "CARTEIRA", "ER_REGIAO_CIDADE_min": "Capital Leste II_Guaianases" }, "geometry": { "type": "Point", "coordinates": [ -46.4090794, -23.5464979 ] } },
{ "type": "Feature", "properties": { "fid": 66548, "CNPJ": "10834344001555", "IDCIDADE": "SAO_PAULO", "NOMEFANTASIA": "REDE_DROGA_LESTE", "RAZAOSOCIAL": "DROGA_RAPHAEL_SANSANA_LTDA", "ENDEE": "RUA_HIPOLITO_DE_CAMARGO437__VILA_LOURDES_08410-030", "LMAPS": "https://www.google.com/maps?q=&layer=c&cbll=-23.5433098,-46.4162696", "O_QUE_FAZER": "CARTEIRA", "ER_REGIAO_CIDADE_min": "Capital Leste II_Guaianases" }, "geometry": { "type": "Point", "coordinates": [ -46.4162696, -23.5433098 ] } },
{ "type": "Feature", "properties": { "fid": 66549, "CNPJ": "10834344001806", "IDCIDADE": "SAO_PAULO", "NOMEFANTASIA": "DROGA_LESTE", "RAZAOSOCIAL": "DROGA_RAPHAEL_SANSANA_LTDA", "ENDEE": "ESTRADA_ITAQUERA_GUAIANAZES2786__PARQUE_CENTRAL_08420-000", "LMAPS": "https://www.google.com/maps?q=&layer=c&cbll=-23.5436364,-46.4230096", "O_QUE_FAZER": "CARTEIRA", "ER_REGIAO_CIDADE_min": "Capital Leste II_Guaianases" }, "geometry": { "type": "Point", "coordinates": [ -46.4230096, -23.5436364 ] } },
{ "type": "Feature", "properties": { "fid": 67845, "CNPJ": "10976674000180", "IDCIDADE": "SAO PAULO", "NOMEFANTASIA": "Justwork_Engenharia_Ltda", "RAZAOSOCIAL": "ROGERIO_FRANK_DE_OLIVEIRA_REFRIGERACAO", "ENDEE": "RUA TINTIM, 10, CASA 1, VILA MARILENA, 08411-320, SÃO PAULO, SP, BRASIL", "LMAPS": "https://www.google.com/maps?q=&layer=c&cbll=-23.554117,-46.4151057", "O_QUE_FAZER": "APLICAR T2", "ER_REGIAO_CIDADE_min": "Capital Leste II_Guaianases" }, "geometry": { "type": "Point", "coordinates": [ -46.4151057, -23.554117 ] } },
{ "type": "Feature", "properties": { "fid": 68396, "CNPJ": "11039175000129", "IDCIDADE": "SAO_PAULO", "NOMEFANTASIA": "CASA_DO_NORTE_SOL_NASCENTE", "RAZAOSOCIAL": "RESTAURANTE_BAR_E_EMPORIO_LUCAS_E_IRON_LTDA", "ENDEE": "PRACA_GONCALO_RAVASCO34__CIDADE_POPULAR_08461-115", "LMAPS": "https://www.google.com/maps?q=&layer=c&cbll=-23.5593701,-46.3997029", "O_QUE_FAZER": "CARTEIRA", "ER_REGIAO_CIDADE_min": "Capital Leste II_Guaianases" }, "geometry": { "type": "Point", "coordinates": [ -46.3997029, -23.5593701 ] } },
{ "type": "Feature", "properties": { "fid": 70284, "CNPJ": "11272459000160", "IDCIDADE": "SAO_PAULO", "NOMEFANTASIA": "MAKRO_RESTAURANTE", "RAZAOSOCIAL": "AROMAR_GOMES_DE_MIRANDA", "ENDEE": "RUA_PROFESSOR_FRANCISCO_PINHEIRO112__VILA_PRINCESA_ISABEL_08410-020", "LMAPS": "https://www.google.com/maps?q=&layer=c&cbll=-23.5441255,-46.4137331", "O_QUE_FAZER": "CARTEIRA", "ER_REGIAO_CIDADE_min": "Capital Leste II_Guaianases" }, "geometry": { "type": "Point", "coordinates": [ -46.4137331, -23.5441255 ] } },
{ "type": "Feature", "properties": { "fid": 72603, "CNPJ": "11593073000150", "IDCIDADE": "SAO_PAULO", "NOMEFANTASIA": "MARQ_MOTOS", "RAZAOSOCIAL": "MARCOS_JOSE_DE_CASTRO_COSTA", "ENDEE": "AVENIDA_MIGUEL_ACHIOLE_DA_FONSECA1345__JARDIM_SAO_PAULO_08461-110", "LMAPS": "https://www.google.com/maps?q=&layer=c&cbll=-23.5591158,-46.4023002", "O_QUE_FAZER": "CARTEIRA", "ER_REGIAO_CIDADE_min": "Capital Leste II_Guaianases" }, "geometry": { "type": "Point", "coordinates": [ -46.4023002, -23.5591158 ] } },
{ "type": "Feature", "properties": { "fid": 73295, "CNPJ": "11705608000138", "IDCIDADE": "SAO_PAULO", "NOMEFANTASIA": "BAR_DA_TIA", "RAZAOSOCIAL": "SEVERINA_PEREIRA_LIMA_DA_SILVA", "ENDEE": "RUA_LUIS_MATEUS2322__JARDIM_SAO_PEDRO_08420-585", "LMAPS": "https://www.google.com/maps?q=&layer=c&cbll=-23.562074,-46.4195419", "O_QUE_FAZER": "CARTEIRA", "ER_REGIAO_CIDADE_min": "Capital Leste II_Guaianases" }, "geometry": { "type": "Point", "coordinates": [ -46.4195419, -23.562074 ] } },
{ "type": "Feature", "properties": { "fid": 78073, "CNPJ": "12547340000116", "IDCIDADE": "SAO_PAULO", "NOMEFANTASIA": "RESTAURANTE_DO_INDIO", "RAZAOSOCIAL": "RESTAURANTE_DO_INDIO_LTDA", "ENDEE": "AVENIDA_MIGUEL_ACHIOLE_DA_FONCECA494__JARDIM_SAO_PAULO_08461-110", "LMAPS": "https://www.google.com/maps?q=&layer=c&cbll=-23.5544884,-46.4019198", "O_QUE_FAZER": "CARTEIRA", "ER_REGIAO_CIDADE_min": "Capital Leste II_Guaianases" }, "geometry": { "type": "Point", "coordinates": [ -46.4019198, -23.5544884 ] } },
{ "type": "Feature", "properties": { "fid": 78884, "CNPJ": "12686980000107", "IDCIDADE": "SAO_PAULO", "NOMEFANTASIA": "MEGA_ESFIHA", "RAZAOSOCIAL": "URBINO_RAIMUNDO_DA_SILVA_JUNIOR", "ENDEE": "RUA_HIPOLITO_DE_CAMARGO43__VILA_LOURDES_08410-030", "LMAPS": "https://www.google.com/maps?q=&layer=c&cbll=-23.5442466,-46.4115171", "O_QUE_FAZER": "CARTEIRA", "ER_REGIAO_CIDADE_min": "Capital Leste II_Guaianases" }, "geometry": { "type": "Point", "coordinates": [ -46.4115171, -23.5442466 ] } },
{ "type": "Feature", "properties": { "fid": 80268, "CNPJ": "13003168000283", "IDCIDADE": "SAO_PAULO", "NOMEFANTASIA": "CIRO_RADIOLOGIA_DIGITAL", "RAZAOSOCIAL": "ZAMBRANA_RADIOLOGIA_DIGITAL_ODONTOLOGICA_SS_LTDA", "ENDEE": "RUA_HIPOLITO_DE_CAMARGO220__VILA_LOURDES_08410-030", "LMAPS": "https://www.google.com/maps?q=&layer=c&cbll=-23.5440696,-46.413218", "O_QUE_FAZER": "CARTEIRA", "ER_REGIAO_CIDADE_min": "Capital Leste II_Guaianases" }, "geometry": { "type": "Point", "coordinates": [ -46.413218, -23.5440696 ] } },
{ "type": "Feature", "properties": { "fid": 80402, "CNPJ": "13028728000173", "IDCIDADE": "SAO_PAULO", "NOMEFANTASIA": "MARCELO_DAS_DORES_DE_OLIVEIRA", "RAZAOSOCIAL": "ENZOPIETROLOG", "ENDEE": "RUA_PERO_PERES261__VILA_CRUZEIRO_08460-020", "LMAPS": "https://www.google.com/maps?q=&layer=c&cbll=-23.5474428,-46.4052847", "O_QUE_FAZER": "FINALIZADO", "ER_REGIAO_CIDADE_min": "Capital Leste II_Guaianases" }, "geometry": { "type": "Point", "coordinates": [ -46.4052847, -23.5474428 ] } },
{ "type": "Feature", "properties": { "fid": 80438, "CNPJ": "13035430000190", "IDCIDADE": "SAO_PAULO", "NOMEFANTASIA": "DAN_FE_CAR", "RAZAOSOCIAL": "FERNANDO_DA_SILVA_SIMOES", "ENDEE": "RUA_LUIS_MATEUS253__JARDIM_SAO_PEDRO_08420-750", "LMAPS": "https://www.google.com/maps?q=&layer=c&cbll=-23.5448072,-46.4253815", "O_QUE_FAZER": "CARTEIRA", "ER_REGIAO_CIDADE_min": "Capital Leste II_Guaianases" }, "geometry": { "type": "Point", "coordinates": [ -46.4253815, -23.5448072 ] } },
{ "type": "Feature", "properties": { "fid": 80557, "CNPJ": "13063688000109", "IDCIDADE": "SAO PAULO", "NOMEFANTASIA": "Z_L_SERVICOS", "RAZAOSOCIAL": "ZL_LIMPEZA_E_SERVICOS_LTDA", "ENDEE": "RUA SERRA DO MAR, 12, VILA PRINCESA ISABEL, 08410-160, SÃO PAULO, SP, BRASIL", "LMAPS": "https://www.google.com/maps?q=&layer=c&cbll=-23.5453251,-46.4172844", "O_QUE_FAZER": "CARTEIRA - FAMPE", "ER_REGIAO_CIDADE_min": "Capital Leste II_Guaianases" }, "geometry": { "type": "Point", "coordinates": [ -46.4172844, -23.5453251 ] } },
{ "type": "Feature", "properties": { "fid": 80571, "CNPJ": "13066389000110", "IDCIDADE": "SAO_PAULO", "NOMEFANTASIA": "SAO_CRISTOVAO", "RAZAOSOCIAL": "BRUNA_RIBEIRO_TORRES", "ENDEE": "RUA_BUERAREMA26__VILA_LOURDES_08410-110", "LMAPS": "https://www.google.com/maps?q=&layer=c&cbll=-23.5431696,-46.416659", "O_QUE_FAZER": "CARTEIRA", "ER_REGIAO_CIDADE_min": "Capital Leste II_Guaianases" }, "geometry": { "type": "Point", "coordinates": [ -46.416659, -23.5431696 ] } },
{ "type": "Feature", "properties": { "fid": 81439, "CNPJ": "13235667000115", "IDCIDADE": "SAO_PAULO", "NOMEFANTASIA": "OPTICA_SARA_LTDA", "RAZAOSOCIAL": "OTICAS_CAROL", "ENDEE": "AVENIDA_SALVADOR_GIANETTI1104__VILA_MINERVA_08410-000", "LMAPS": "https://www.google.com/maps?q=&layer=c&cbll=-23.5436997,-46.4116184", "O_QUE_FAZER": "FINALIZADO", "ER_REGIAO_CIDADE_min": "Capital Leste II_Guaianases" }, "geometry": { "type": "Point", "coordinates": [ -46.4116184, -23.5436997 ] } },
{ "type": "Feature", "properties": { "fid": 82439, "CNPJ": "13413408000137", "IDCIDADE": "SAO_PAULO", "NOMEFANTASIA": "NERIGRAN_GRANTITOS", "RAZAOSOCIAL": "L_F_DA_SILVA_NERIS", "ENDEE": "RUA_SATURNINO_PEREIRA349__VILA_SANTA_CRUZ_08411-000", "LMAPS": "https://www.google.com/maps?q=&layer=c&cbll=-23.5472554,-46.4118141", "O_QUE_FAZER": "CARTEIRA", "ER_REGIAO_CIDADE_min": "Capital Leste II_Guaianases" }, "geometry": { "type": "Point", "coordinates": [ -46.4118141, -23.5472554 ] } },
{ "type": "Feature", "properties": { "fid": 82849, "CNPJ": "13482515000117", "IDCIDADE": "SAO_PAULO", "NOMEFANTASIA": "MARISA_DE_BASTOS_SANTANA_15792946850", "RAZAOSOCIAL": "BOMBONIERI_SAO_JORGE", "ENDEE": "AVENIDA_MIGUEL_ACHIOLE_DA_FONCECA84__JARDIM_SAO_PAULO_08461-110", "LMAPS": "https://www.google.com/maps?q=&layer=c&cbll=-23.5530138,-46.4056536", "O_QUE_FAZER": "FINALIZADO", "ER_REGIAO_CIDADE_min": "Capital Leste II_Guaianases" }, "geometry": { "type": "Point", "coordinates": [ -46.4056536, -23.5530138 ] } },
{ "type": "Feature", "properties": { "fid": 83849, "CNPJ": "13651190000159", "IDCIDADE": "SAO_PAULO", "NOMEFANTASIA": "DU_BARATO", "RAZAOSOCIAL": "VIAPOINT_CONFECCOES_DE_ROUPAS_LTDA", "ENDEE": "RUA_OTELO_AUGUSTO_RIBEIRO195__GUAIANAZES_08412-000", "LMAPS": "https://www.google.com/maps?q=&layer=c&cbll=-23.5453938,-46.4095089", "O_QUE_FAZER": "CARTEIRA", "ER_REGIAO_CIDADE_min": "Capital Leste II_Guaianases" }, "geometry": { "type": "Point", "coordinates": [ -46.4095089, -23.5453938 ] } },
{ "type": "Feature", "properties": { "fid": 83850, "CNPJ": "13651190000230", "IDCIDADE": "SAO_PAULO", "NOMEFANTASIA": "DU_BARATO", "RAZAOSOCIAL": "VIAPOINT_CONFECCOES_DE_ROUPAS_LTDA", "ENDEE": "RUA_OTELO_AUGUSTO_RIBEIRO195__GUAIANAZES_08412-000", "LMAPS": "https://www.google.com/maps?q=&layer=c&cbll=-23.5454266,-46.4095067", "O_QUE_FAZER": "CARTEIRA", "ER_REGIAO_CIDADE_min": "Capital Leste II_Guaianases" }, "geometry": { "type": "Point", "coordinates": [ -46.4095067, -23.5454266 ] } },
{ "type": "Feature", "properties": { "fid": 84460, "CNPJ": "13770984000131", "IDCIDADE": "SAO_PAULO", "NOMEFANTASIA": "13.770.984_JOAO_JOAQUIM_DA_SILVA_FILHO", "RAZAOSOCIAL": "13.770.984_JOAO_JOAQUIM_DA_SILVA_FILHO", "ENDEE": "RUA_JERONIMO_PRADO14__VILA_SANTA_CRUZ_08411-100", "LMAPS": "https://www.google.com/maps?q=&layer=c&cbll=-23.5476256,-46.4109352", "O_QUE_FAZER": "FINALIZADO", "ER_REGIAO_CIDADE_min": "Capital Leste II_Guaianases" }, "geometry": { "type": "Point", "coordinates": [ -46.4109352, -23.5476256 ] } },
{ "type": "Feature", "properties": { "fid": 84569, "CNPJ": "13793180000158", "IDCIDADE": "SAO_PAULO", "NOMEFANTASIA": "MARIA_CLEIDE_GONCALVES_08362743859", "RAZAOSOCIAL": "MARIA_CLEIDE_GONCALVES", "ENDEE": "RUA_JORGE_MARACCINI_PONFILIO7__CONJUNTO_HABITACIONAL_JUSCELINO_KUBITSCHEK_08465-050", "LMAPS": "https://www.google.com/maps?q=&layer=c&cbll=-23.5657209,-46.3952136", "O_QUE_FAZER": "FINALIZADO", "ER_REGIAO_CIDADE_min": "Capital Leste II_Guaianases" }, "geometry": { "type": "Point", "coordinates": [ -46.3952136, -23.5657209 ] } },
{ "type": "Feature", "properties": { "fid": 84660, "CNPJ": "13806731000170", "IDCIDADE": "SAO_PAULO", "NOMEFANTASIA": "DG_II", "RAZAOSOCIAL": "DG_IV_DROGARIA_E_PERFUMARIA_LTDA", "ENDEE": "AVENIDA_MIGUEL_ACHIOLE_DA_FONCECA981__JARDIM_SAO_PAULO_08461-110", "LMAPS": "https://www.google.com/maps?q=&layer=c&cbll=-23.5578893,-46.3994075", "O_QUE_FAZER": "CARTEIRA", "ER_REGIAO_CIDADE_min": "Capital Leste II_Guaianases" }, "geometry": { "type": "Point", "coordinates": [ -46.3994075, -23.5578893 ] } },
{ "type": "Feature", "properties": { "fid": 85871, "CNPJ": "14065977000100", "IDCIDADE": "SAO_PAULO", "NOMEFANTASIA": "FABINHO_AUTO_ELETRICO", "RAZAOSOCIAL": "FABIO_OLIVEIRA_DA_SILVA_AUTO_ELETRICO", "ENDEE": "RUA_SATURNINO_PEREIRA382__VILA_ZEFIRA_08411-000", "LMAPS": "https://www.google.com/maps?q=&layer=c&cbll=-23.547444,-46.4122453", "O_QUE_FAZER": "CARTEIRA", "ER_REGIAO_CIDADE_min": "Capital Leste II_Guaianases" }, "geometry": { "type": "Point", "coordinates": [ -46.4122453, -23.547444 ] } },
{ "type": "Feature", "properties": { "fid": 86524, "CNPJ": "14190336000179", "IDCIDADE": "SAO_PAULO", "NOMEFANTASIA": "EGUINALDO_RIBEIRO_SOARES_TRANSPORTES", "RAZAOSOCIAL": "GUI_TRANSPORTE_EXPRESS", "ENDEE": "RUA_CAMARGO_E_LEME8__VILA_SAO_GERALDO_08460-480", "LMAPS": "https://www.google.com/maps?q=&layer=c&cbll=-23.5557253,-46.3975426", "O_QUE_FAZER": "FINALIZADO", "ER_REGIAO_CIDADE_min": "Capital Leste II_Guaianases" }, "geometry": { "type": "Point", "coordinates": [ -46.3975426, -23.5557253 ] } },
{ "type": "Feature", "properties": { "fid": 86602, "CNPJ": "14205788000187", "IDCIDADE": "SAO_PAULO", "NOMEFANTASIA": "POLI_LENGERIE", "RAZAOSOCIAL": "POLLY_LINGERIE_LTDA", "ENDEE": "RUA_HIPOLITO_DE_CAMARGO105__VILA_LOURDES_08410-030", "LMAPS": "https://www.google.com/maps?q=&layer=c&cbll=-23.5442052,-46.4121242", "O_QUE_FAZER": "FINALIZADO", "ER_REGIAO_CIDADE_min": "Capital Leste II_Guaianases" }, "geometry": { "type": "Point", "coordinates": [ -46.4121242, -23.5442052 ] } },
{ "type": "Feature", "properties": { "fid": 86681, "CNPJ": "14219531000184", "IDCIDADE": "SAO_PAULO", "NOMEFANTASIA": "LUCINEIA_DE_AGUIAR_14703160803", "RAZAOSOCIAL": "ESPACO_CONECT", "ENDEE": "RUA_FURTADO_DE_MORAIS17__JARDIM_SAO_PAULO_08460-530", "LMAPS": "https://www.google.com/maps?q=&layer=c&cbll=-23.5552434,-46.4008939", "O_QUE_FAZER": "FINALIZADO", "ER_REGIAO_CIDADE_min": "Capital Leste II_Guaianases" }, "geometry": { "type": "Point", "coordinates": [ -46.4008939, -23.5552434 ] } },
{ "type": "Feature", "properties": { "fid": 86943, "CNPJ": "14274816000118", "IDCIDADE": "SAO_PAULO", "NOMEFANTASIA": "BIG_BOLSAS_LTDA", "RAZAOSOCIAL": "BIG_BOLSAS", "ENDEE": "RUA_SALVADOR_GIANETTI896__GUAIANASES_08410-000", "LMAPS": "https://www.google.com/maps?q=&layer=c&cbll=-23.54329,-46.4137315", "O_QUE_FAZER": "FINALIZADO", "ER_REGIAO_CIDADE_min": "Capital Leste II_Guaianases" }, "geometry": { "type": "Point", "coordinates": [ -46.4137315, -23.54329 ] } },
{ "type": "Feature", "properties": { "fid": 87277, "CNPJ": "14344108000106", "IDCIDADE": "SAO_PAULO", "NOMEFANTASIA": "MAURICIO_JOAO_DOS_PASSOS", "RAZAOSOCIAL": "ASSISTENCIA_TECNICA_MULTIMARCAS", "ENDEE": "RUA_OTELO_AUGUSTO_RIBEIRO638__GUAIANASES_08412-000", "LMAPS": "https://www.google.com/maps?q=&layer=c&cbll=-23.5490367,-46.4079269", "O_QUE_FAZER": "FINALIZADO", "ER_REGIAO_CIDADE_min": "Capital Leste II_Guaianases" }, "geometry": { "type": "Point", "coordinates": [ -46.4079269, -23.5490367 ] } },
{ "type": "Feature", "properties": { "fid": 88168, "CNPJ": "14518412000122", "IDCIDADE": "SAO_PAULO", "NOMEFANTASIA": "MERCADO_PRIMAVERA", "RAZAOSOCIAL": "ADRIANA_ISAC_DE_J._BELUCCI", "ENDEE": "ESTRADA_DE_POA1500__JARDIM_SOARES_08460-395", "LMAPS": "https://www.google.com/maps?q=&layer=c&cbll=-23.5522525,-46.3950116", "O_QUE_FAZER": "CARTEIRA", "ER_REGIAO_CIDADE_min": "Capital Leste II_Guaianases" }, "geometry": { "type": "Point", "coordinates": [ -46.3950116, -23.5522525 ] } },
{ "type": "Feature", "properties": { "fid": 88214, "CNPJ": "14528280000110", "IDCIDADE": "SAO_PAULO", "NOMEFANTASIA": "CARMEN_DA_ASSUNCAO_DE_BARROS_JOSE", "RAZAOSOCIAL": "AGATHA'S", "ENDEE": "RUA_CENTRALINA285__VILA_PRINCESA_ISABEL_08410-100", "LMAPS": "https://www.google.com/maps?q=&layer=c&cbll=-23.5451122,-46.4159214", "O_QUE_FAZER": "APLICAR T2", "ER_REGIAO_CIDADE_min": "Capital Leste II_Guaianases" }, "geometry": { "type": "Point", "coordinates": [ -46.4159214, -23.5451122 ] } },
{ "type": "Feature", "properties": { "fid": 88657, "CNPJ": "14620131000186", "IDCIDADE": "SAO_PAULO", "NOMEFANTASIA": "14.620.131_SHEILA_VIEIRA_NOVAES_DE_PAULA", "RAZAOSOCIAL": "LILY_MIMOS", "ENDEE": "RUA_SATURNINO_PEREIRA923__VILA_SANTA_CRUZ_08485-570", "LMAPS": "https://www.google.com/maps?q=&layer=c&cbll=-23.5481842,-46.4122125", "O_QUE_FAZER": "FINALIZADO", "ER_REGIAO_CIDADE_min": "Capital Leste II_Guaianases" }, "geometry": { "type": "Point", "coordinates": [ -46.4122125, -23.5481842 ] } },
{ "type": "Feature", "properties": { "fid": 88758, "CNPJ": "14638493000102", "IDCIDADE": "SAO_PAULO", "NOMEFANTASIA": "P_&_F_ESTRUTURAS_METALICAS", "RAZAOSOCIAL": "P_&_F_ESTRUTURAS_METALICAS_LTDA", "ENDEE": "RUA_DA_PASSAGEM_FUNDA1499__VILA_SANTA_CRUZ_08411-010", "LMAPS": "https://www.google.com/maps?q=&layer=c&cbll=-23.5570921,-46.4103028", "O_QUE_FAZER": "CARTEIRA", "ER_REGIAO_CIDADE_min": "Capital Leste II_Guaianases" }, "geometry": { "type": "Point", "coordinates": [ -46.4103028, -23.5570921 ] } },
{ "type": "Feature", "properties": { "fid": 89205, "CNPJ": "14732552000107", "IDCIDADE": "SAO_PAULO", "NOMEFANTASIA": "AUTO_PECAS_SM", "RAZAOSOCIAL": "SM_AUTO_PECAS_LTDA", "ENDEE": "RUA_DA_PASSAGEM_FUNDA942__VILA_SANTA_CRUZ_08411-515", "LMAPS": "https://www.google.com/maps?q=&layer=c&cbll=-23.5596118,-46.4120488", "O_QUE_FAZER": "CARTEIRA", "ER_REGIAO_CIDADE_min": "Capital Leste II_Guaianases" }, "geometry": { "type": "Point", "coordinates": [ -46.4120488, -23.5596118 ] } },
{ "type": "Feature", "properties": { "fid": 90749, "CNPJ": "15076462000160", "IDCIDADE": "SAO_PAULO", "NOMEFANTASIA": "MANUELA_MUILT_PECAS", "RAZAOSOCIAL": "MANUELA_MULT_PECAS_REFRIGERACAO_LTDA", "ENDEE": "RUA_LUIS_MATEUS306__JARDIM_SAO_PEDRO_08420-755", "LMAPS": "https://www.google.com/maps?q=&layer=c&cbll=-23.5451642,-46.4256009", "O_QUE_FAZER": "CARTEIRA", "ER_REGIAO_CIDADE_min": "Capital Leste II_Guaianases" }, "geometry": { "type": "Point", "coordinates": [ -46.4256009, -23.5451642 ] } },
{ "type": "Feature", "properties": { "fid": 91810, "CNPJ": "15301415000172", "IDCIDADE": "SAO_PAULO", "NOMEFANTASIA": "M._MELO_PECAS_PARA_REFRIGERACAO", "RAZAOSOCIAL": "SAID_MOHAMAD_DE_MELO", "ENDEE": "RUA_DA_PASSAGEM_FUNDA187__VILA_SANTA_CRUZ_08411-010", "LMAPS": "https://www.google.com/maps?q=&layer=c&cbll=-23.5545805,-46.4129223", "O_QUE_FAZER": "CARTEIRA", "ER_REGIAO_CIDADE_min": "Capital Leste II_Guaianases" }, "geometry": { "type": "Point", "coordinates": [ -46.4129223, -23.5545805 ] } },
{ "type": "Feature", "properties": { "fid": 94255, "CNPJ": "15834911000191", "IDCIDADE": "SAO_PAULO", "NOMEFANTASIA": "MARMORE_BRILHANTE", "RAZAOSOCIAL": "MARMORARIA_BRILHANTE_LTDA", "ENDEE": "RUA_FRANCISCO_MIRANDA7__JARDIM_SAO_PAULO_08412-185", "LMAPS": "https://www.google.com/maps?q=&layer=c&cbll=-23.5593024,-46.4105659", "O_QUE_FAZER": "CARTEIRA", "ER_REGIAO_CIDADE_min": "Capital Leste II_Guaianases" }, "geometry": { "type": "Point", "coordinates": [ -46.4105659, -23.5593024 ] } },
{ "type": "Feature", "properties": { "fid": 94314, "CNPJ": "15866516000190", "IDCIDADE": "SAO_PAULO", "NOMEFANTASIA": "NELSON_DE_ANDRADE_-_AUTO_ESCOLA", "RAZAOSOCIAL": "ITAMARATI", "ENDEE": "RUA_JOAQUIM_LEITE46__LAJEADO_08410-040", "LMAPS": "https://www.google.com/maps?q=&layer=c&cbll=-23.5481842,-46.4122125", "O_QUE_FAZER": "FINALIZADO", "ER_REGIAO_CIDADE_min": "Capital Leste II_Guaianases" }, "geometry": { "type": "Point", "coordinates": [ -46.4122125, -23.5481842 ] } },
{ "type": "Feature", "properties": { "fid": 96689, "CNPJ": "16955531000178", "IDCIDADE": "SAO_PAULO", "NOMEFANTASIA": "SAGA_FERRAGENS", "RAZAOSOCIAL": "SAMDRO_SADAO_UEHARA", "ENDEE": "RUA_OTELO_AUGUSTO_RIBEIRO209__GUAIANAZES_08412-000", "LMAPS": "https://www.google.com/maps?q=&layer=c&cbll=-23.5455603,-46.4094406", "O_QUE_FAZER": "CARTEIRA", "ER_REGIAO_CIDADE_min": "Capital Leste II_Guaianases" }, "geometry": { "type": "Point", "coordinates": [ -46.4094406, -23.5455603 ] } },
{ "type": "Feature", "properties": { "fid": 97363, "CNPJ": "17085972000129", "IDCIDADE": "SAO_PAULO", "NOMEFANTASIA": "GIVALDO_MANOEL_DA_SILVA", "RAZAOSOCIAL": "DEPOSITO_BARBOSA", "ENDEE": "RUA_DOMINGOS_ESCORCIO644__GUAIANASES_08461-370", "LMAPS": "https://www.google.com/maps?q=&layer=c&cbll=-23.5590889,-46.4050489", "O_QUE_FAZER": "FINALIZADO", "ER_REGIAO_CIDADE_min": "Capital Leste II_Guaianases" }, "geometry": { "type": "Point", "coordinates": [ -46.4050489, -23.5590889 ] } },
{ "type": "Feature", "properties": { "fid": 99506, "CNPJ": "17521929000169", "IDCIDADE": "SAO_PAULO", "NOMEFANTASIA": "ACADEMIA_BULLS_FITNESS", "RAZAOSOCIAL": "ACADEMIA_BULL_S_FITNESS_LTDA", "ENDEE": "RUA_DOUTOR_JOAO_OTAVIANO_PEREIRA902__JARDIM_SAO_PAULO_08461-400", "LMAPS": "https://www.google.com/maps?q=&layer=c&cbll=-23.559341,-46.3998289", "O_QUE_FAZER": "CARTEIRA", "ER_REGIAO_CIDADE_min": "Capital Leste II_Guaianases" }, "geometry": { "type": "Point", "coordinates": [ -46.3998289, -23.559341 ] } },
{ "type": "Feature", "properties": { "fid": 100447, "CNPJ": "17718541000152", "IDCIDADE": "SAO_PAULO", "NOMEFANTASIA": "LOJA_JAPONESA", "RAZAOSOCIAL": "MAGAZINE_AKEMI_LTDA", "ENDEE": "RUA_OTELO_AUGUSTO_RIBEIRO363__GUAIANAZES_08412-000", "LMAPS": "https://www.google.com/maps?q=&layer=c&cbll=-23.5467077,-46.4087208", "O_QUE_FAZER": "CARTEIRA", "ER_REGIAO_CIDADE_min": "Capital Leste II_Guaianases" }, "geometry": { "type": "Point", "coordinates": [ -46.4087208, -23.5467077 ] } },
{ "type": "Feature", "properties": { "fid": 100719, "CNPJ": "17772990000189", "IDCIDADE": "SAO_PAULO", "NOMEFANTASIA": "LEVI_CAR", "RAZAOSOCIAL": "LEVI_DUQUE_DA_COSTA_-_MECANICA", "ENDEE": "RUA_SALVADOR_GIANETTI387__GUAIANAZES_08410-000", "LMAPS": "https://www.google.com/maps?q=&layer=c&cbll=-23.5420841,-46.419005", "O_QUE_FAZER": "CARTEIRA", "ER_REGIAO_CIDADE_min": "Capital Leste II_Guaianases" }, "geometry": { "type": "Point", "coordinates": [ -46.419005, -23.5420841 ] } },
{ "type": "Feature", "properties": { "fid": 101473, "CNPJ": "17899829000170", "IDCIDADE": "SAO_PAULO", "NOMEFANTASIA": "GELSON_DE_JESUS_DOS_REIS", "RAZAOSOCIAL": "GMC_MAQUINAS__NECESSITA_DE_UM_CONSULTOR_NA_LOJA", "ENDEE": "RUA_DA_PASSAGEM_FUNDA74__GUAIANASES_08411-515", "LMAPS": "https://www.google.com/maps?q=&layer=c&cbll=-23.553554,-46.4136552", "O_QUE_FAZER": "FINALIZADO", "ER_REGIAO_CIDADE_min": "Capital Leste II_Guaianases" }, "geometry": { "type": "Point", "coordinates": [ -46.4136552, -23.553554 ] } },
{ "type": "Feature", "properties": { "fid": 101923, "CNPJ": "17994382000119", "IDCIDADE": "SAO_PAULO", "NOMEFANTASIA": "REGINALDO_DE_JESUS_SOUZA_04621331507", "RAZAOSOCIAL": "FLORINHA_CALCADOS_", "ENDEE": "1059_ANTONIO_CERCONE18__VILA_PRINCESA_ISABEL_08410-162", "LMAPS": "https://www.google.com/maps?q=&layer=c&cbll=-23.5460522,-46.4166339", "O_QUE_FAZER": "FINALIZADO", "ER_REGIAO_CIDADE_min": "Capital Leste II_Guaianases" }, "geometry": { "type": "Point", "coordinates": [ -46.4166339, -23.5460522 ] } },
{ "type": "Feature", "properties": { "fid": 102039, "CNPJ": "18017047000123", "IDCIDADE": "SAO PAULO", "NOMEFANTASIA": "J.E.S._CONSTRUCOES", "RAZAOSOCIAL": "J.E.S._FARIAS_CONSTRUCOES", "ENDEE": "RUA PROFESSOR FRANCISCO PINHEIRO, 1013, VILA STO ANTONIO, 08410-020, SÃO PAULO, SP, BRASIL", "LMAPS": "https://www.google.com/maps?q=&layer=c&cbll=-23.551678,-46.4163589", "O_QUE_FAZER": "CARTEIRA - FAMPE", "ER_REGIAO_CIDADE_min": "Capital Leste II_Guaianases" }, "geometry": { "type": "Point", "coordinates": [ -46.4163589, -23.551678 ] } },
{ "type": "Feature", "properties": { "fid": 102153, "CNPJ": "18036752000178", "IDCIDADE": "SAO_PAULO", "NOMEFANTASIA": "MARIA_DA_CONCEICAO_SOARES_OLIVEIRA_MONTEIRO_11217580883", "RAZAOSOCIAL": "MARIA_DA_CONCEICAO", "ENDEE": "RUA_FERNAO_CARRILHO70__JARDINS_RECANTO_DAS_ROSAS_08461-290", "LMAPS": "https://www.google.com/maps?q=&layer=c&cbll=-23.5601964,-46.4109997", "O_QUE_FAZER": "FINALIZADO", "ER_REGIAO_CIDADE_min": "Capital Leste II_Guaianases" }, "geometry": { "type": "Point", "coordinates": [ -46.4109997, -23.5601964 ] } },
{ "type": "Feature", "properties": { "fid": 102715, "CNPJ": "18158148000114", "IDCIDADE": "SAO_PAULO", "NOMEFANTASIA": "ACOUGUE_MAX_CARNES", "RAZAOSOCIAL": "CASA_DE_CARNES_E_ROTISSERIE_ACHIOLE_DA_FONSECA_LTDA", "ENDEE": "AVENIDA_MIGUEL_ACHIOLE_DA_FONSECA1048__JARDIM_SAO_PAULO_08461-110", "LMAPS": "https://www.google.com/maps?q=&layer=c&cbll=-23.5585039,-46.3997492", "O_QUE_FAZER": "CARTEIRA", "ER_REGIAO_CIDADE_min": "Capital Leste II_Guaianases" }, "geometry": { "type": "Point", "coordinates": [ -46.3997492, -23.5585039 ] } },
{ "type": "Feature", "properties": { "fid": 104992, "CNPJ": "18635155000160", "IDCIDADE": "SAO_PAULO", "NOMEFANTASIA": "SPORT_FITNESS", "RAZAOSOCIAL": "E._ALVES_DE_LIMA_SUPLEMENTOS", "ENDEE": "RUA_SATURNINO_PEREIRA92__VILA_SANTA_CRUZ_08411-000", "LMAPS": "https://www.google.com/maps?q=&layer=c&cbll=-23.5449525,-46.4113328", "O_QUE_FAZER": "CARTEIRA", "ER_REGIAO_CIDADE_min": "Capital Leste II_Guaianases" }, "geometry": { "type": "Point", "coordinates": [ -46.4113328, -23.5449525 ] } },
{ "type": "Feature", "properties": { "fid": 107701, "CNPJ": "19207931000193", "IDCIDADE": "SAO_PAULO", "NOMEFANTASIA": "ARLINDO_FLAVIANO_DA_SILVA_19856838819", "RAZAOSOCIAL": "AFRO_BRASIL", "ENDEE": "RUA_EVALDO_CALABREZ236__VILA_PRINCESA_ISABEL_08410-070", "LMAPS": "https://www.google.com/maps?q=&layer=c&cbll=-23.5446181,-46.4159948", "O_QUE_FAZER": "FINALIZADO", "ER_REGIAO_CIDADE_min": "Capital Leste II_Guaianases" }, "geometry": { "type": "Point", "coordinates": [ -46.4159948, -23.5446181 ] } },
{ "type": "Feature", "properties": { "fid": 107741, "CNPJ": "19217291000100", "IDCIDADE": "SAO_PAULO", "NOMEFANTASIA": "PLATINUM_IMOBILIARIA_LTDA", "RAZAOSOCIAL": "IMOBILIARIA_PLATUNUM", "ENDEE": "RUA_JOSE_HIGINO_NEVES1103__JARDIM_SAO_PAULO_08461-650", "LMAPS": "https://www.google.com/maps?q=&layer=c&cbll=-23.565841,-46.4025602", "O_QUE_FAZER": "FINALIZADO", "ER_REGIAO_CIDADE_min": "Capital Leste II_Guaianases" }, "geometry": { "type": "Point", "coordinates": [ -46.4025602, -23.565841 ] } },
{ "type": "Feature", "properties": { "fid": 108892, "CNPJ": "19492095000136", "IDCIDADE": "SAO_PAULO", "NOMEFANTASIA": "FAST_CAR_MECANICA", "RAZAOSOCIAL": "FRANK_MARCOS_VOLPI_CENTRO_AUTOMOTIVO", "ENDEE": "RUA_DA_PASSAGEM_FUNDA932__VILA_SANTA_CRUZ_08411-515", "LMAPS": "https://www.google.com/maps?q=&layer=c&cbll=-23.5594623,-46.4121301", "O_QUE_FAZER": "CARTEIRA", "ER_REGIAO_CIDADE_min": "Capital Leste II_Guaianases" }, "geometry": { "type": "Point", "coordinates": [ -46.4121301, -23.5594623 ] } },
{ "type": "Feature", "properties": { "fid": 108900, "CNPJ": "19494175000120", "IDCIDADE": "SAO_PAULO", "NOMEFANTASIA": "MEGA_SACOLAO", "RAZAOSOCIAL": "SUPERMERCADOS_OMEGA_ZONA_LESTE_LTDA", "ENDEE": "RUA_SATURNINO_PEREIRA816__VILA_SANTA_CRUZ_08411-000", "LMAPS": "https://www.google.com/maps?q=&layer=c&cbll=-23.5509882,-46.4131627", "O_QUE_FAZER": "CARTEIRA", "ER_REGIAO_CIDADE_min": "Capital Leste II_Guaianases" }, "geometry": { "type": "Point", "coordinates": [ -46.4131627, -23.5509882 ] } },
{ "type": "Feature", "properties": { "fid": 111110, "CNPJ": "19998658000162", "IDCIDADE": "SAO_PAULO", "NOMEFANTASIA": "ACADEMIA_TROIA_BRASIL", "RAZAOSOCIAL": "CARLOS_DIEGO_APARECIDO_DE_SOUZA", "ENDEE": "RUA_SATURNINO_PEREIRA404__VILA_SANTA_CRUZ_08411-000", "LMAPS": "https://www.google.com/maps?q=&layer=c&cbll=-23.5477226,-46.4121474", "O_QUE_FAZER": "CARTEIRA", "ER_REGIAO_CIDADE_min": "Capital Leste II_Guaianases" }, "geometry": { "type": "Point", "coordinates": [ -46.4121474, -23.5477226 ] } },
{ "type": "Feature", "properties": { "fid": 113313, "CNPJ": "20468715000180", "IDCIDADE": "SAO_PAULO", "NOMEFANTASIA": "KR_SERVICOS", "RAZAOSOCIAL": "K.C.CRUZ_DE_SOUZA", "ENDEE": "ESTRADA_ITAQUERA_GUAIANAZES2654__PARQUE_CENTRAL_08420-000", "LMAPS": "https://www.google.com/maps?q=&layer=c&cbll=-23.5430527,-46.4241984", "O_QUE_FAZER": "CARTEIRA", "ER_REGIAO_CIDADE_min": "Capital Leste II_Guaianases" }, "geometry": { "type": "Point", "coordinates": [ -46.4241984, -23.5430527 ] } },
{ "type": "Feature", "properties": { "fid": 113465, "CNPJ": "20499662000165", "IDCIDADE": "SAO_PAULO", "NOMEFANTASIA": "ODONTOCLINIC", "RAZAOSOCIAL": "ODONTO_GUAIANAZES_CLINICA_ODONTOLOGICA_LTDA", "ENDEE": "RUA_HIPOLITO_DE_CAMARGO142__VILA_LOURDES_08410-030", "LMAPS": "https://www.google.com/maps?q=&layer=c&cbll=-23.544029,-46.4123918", "O_QUE_FAZER": "CARTEIRA", "ER_REGIAO_CIDADE_min": "Capital Leste II_Guaianases" }, "geometry": { "type": "Point", "coordinates": [ -46.4123918, -23.544029 ] } },
{ "type": "Feature", "properties": { "fid": 115417, "CNPJ": "20981137000181", "IDCIDADE": "SAO_PAULO", "NOMEFANTASIA": "OTICA_JOVEM", "RAZAOSOCIAL": "RELOJOARIA_E_OTICA_H_E_TAMAI_LTDA", "ENDEE": "RUA_SALVADOR_GIANETTI1100__GUAIANAZES_08410-000", "LMAPS": "https://www.google.com/maps?q=&layer=c&cbll=-23.5436505,-46.4117102", "O_QUE_FAZER": "CARTEIRA", "ER_REGIAO_CIDADE_min": "Capital Leste II_Guaianases" }, "geometry": { "type": "Point", "coordinates": [ -46.4117102, -23.5436505 ] } },
{ "type": "Feature", "properties": { "fid": 115887, "CNPJ": "21089378000507", "IDCIDADE": "SAO_PAULO", "NOMEFANTASIA": "DROGALESTE", "RAZAOSOCIAL": "DROGARIAS_PAULISTA_LTDA", "ENDEE": "RUA_DOUTOR_JOAO_OTAVIANO_PEREIRA902__JARDIM_SAO_PAULO_08461-400", "LMAPS": "https://www.google.com/maps?q=&layer=c&cbll=-23.5592583,-46.3999083", "O_QUE_FAZER": "CARTEIRA", "ER_REGIAO_CIDADE_min": "Capital Leste II_Guaianases" }, "geometry": { "type": "Point", "coordinates": [ -46.3999083, -23.5592583 ] } },
{ "type": "Feature", "properties": { "fid": 116503, "CNPJ": "21222425000115", "IDCIDADE": "SAO_PAULO", "NOMEFANTASIA": "FLAVIO'S_CAR_AUTO_MECANICA", "RAZAOSOCIAL": "FLAVIO'S_CAR_AUTO_MECANICA_LTDA", "ENDEE": "RUA_LUIS_MATEUS2140__JARDIM_SAO_PEDRO_08420-585", "LMAPS": "https://www.google.com/maps?q=&layer=c&cbll=-23.5603759,-46.4205223", "O_QUE_FAZER": "CARTEIRA", "ER_REGIAO_CIDADE_min": "Capital Leste II_Guaianases" }, "geometry": { "type": "Point", "coordinates": [ -46.4205223, -23.5603759 ] } },
{ "type": "Feature", "properties": { "fid": 117163, "CNPJ": "21355350000140", "IDCIDADE": "SAO_PAULO", "NOMEFANTASIA": "DURVALINA_FERREIRA_DA_SILVA_25742179855", "RAZAOSOCIAL": "DUDU_WALMIR_CA4_AUTO_ELETRICO", "ENDEE": "1059_DA_PASSAGEM_FUNDA1000__VILA_SANTA_CRUZ_(ZONA_LESTE)_08411-010", "LMAPS": "https://www.google.com/maps?q=&layer=c&cbll=-23.5531861,-46.4134126", "O_QUE_FAZER": "FINALIZADO", "ER_REGIAO_CIDADE_min": "Capital Leste II_Guaianases" }, "geometry": { "type": "Point", "coordinates": [ -46.4134126, -23.5531861 ] } },
{ "type": "Feature", "properties": { "fid": 117466, "CNPJ": "21425314000106", "IDCIDADE": "SAO_PAULO", "NOMEFANTASIA": "BEGERON", "RAZAOSOCIAL": "G.M._COMERCIO_E_CONFECCOES_DE_ROUPAS_LTDA", "ENDEE": "RUA_OTELO_AUGUSTO_RIBEIRO228__GUAIANAZES_08412-000", "LMAPS": "https://www.google.com/maps?q=&layer=c&cbll=-23.5457336,-46.4094467", "O_QUE_FAZER": "CARTEIRA", "ER_REGIAO_CIDADE_min": "Capital Leste II_Guaianases" }, "geometry": { "type": "Point", "coordinates": [ -46.4094467, -23.5457336 ] } },
{ "type": "Feature", "properties": { "fid": 117481, "CNPJ": "21429555000123", "IDCIDADE": "SAO_PAULO", "NOMEFANTASIA": "VAREJAO_DA_CONSTRUCAO", "RAZAOSOCIAL": "RAIMUNDO_CAETANO_DE_ALMEIDA", "ENDEE": "RUA_CARVALHO_DE_ARAUJO8__VILA_CRUZEIRO_08412-020", "LMAPS": "https://www.google.com/maps?q=&layer=c&cbll=-23.546203,-46.4087871", "O_QUE_FAZER": "CARTEIRA", "ER_REGIAO_CIDADE_min": "Capital Leste II_Guaianases" }, "geometry": { "type": "Point", "coordinates": [ -46.4087871, -23.546203 ] } },
{ "type": "Feature", "properties": { "fid": 118443, "CNPJ": "21652418000153", "IDCIDADE": "SAO_PAULO", "NOMEFANTASIA": "AR_BLUE_TINTAS", "RAZAOSOCIAL": "A._R._BLUE_COMERCIO_DE_TINTAS_LTDA", "ENDEE": "RUA_DA_PASSAGEM_FUNDA21__VILA_SANTA_CRUZ_08411-010", "LMAPS": "https://www.google.com/maps?q=&layer=c&cbll=-23.5550313,-46.4125953", "O_QUE_FAZER": "CARTEIRA", "ER_REGIAO_CIDADE_min": "Capital Leste II_Guaianases" }, "geometry": { "type": "Point", "coordinates": [ -46.4125953, -23.5550313 ] } },
{ "type": "Feature", "properties": { "fid": 118887, "CNPJ": "21758754000185", "IDCIDADE": "SAO_PAULO", "NOMEFANTASIA": "FABRICA_DE_OCULOS", "RAZAOSOCIAL": "FABRICA_DE_OCULOS_MODERNA_DE_GUAIANAZES_LTDA", "ENDEE": "RUA_OTELO_AUGUSTO_RIBEIRO236__GUAIANAZES_08412-000", "LMAPS": "https://www.google.com/maps?q=&layer=c&cbll=-23.5458049,-46.409324", "O_QUE_FAZER": "CARTEIRA", "ER_REGIAO_CIDADE_min": "Capital Leste II_Guaianases" }, "geometry": { "type": "Point", "coordinates": [ -46.409324, -23.5458049 ] } },
{ "type": "Feature", "properties": { "fid": 119227, "CNPJ": "21837218000175", "IDCIDADE": "SAO_PAULO", "NOMEFANTASIA": "21.837.218_SHEILA_CUSTODIA_DOMINGOS", "RAZAOSOCIAL": "SWE_VIAGENS", "ENDEE": "RUA_PADRE_EDUARDO_DE_JESUS19__VILA_SANTA_CRUZ_08410-520", "LMAPS": "https://www.google.com/maps?q=&layer=c&cbll=-23.548258,-46.4133042", "O_QUE_FAZER": "FINALIZADO", "ER_REGIAO_CIDADE_min": "Capital Leste II_Guaianases" }, "geometry": { "type": "Point", "coordinates": [ -46.4133042, -23.548258 ] } },
{ "type": "Feature", "properties": { "fid": 119542, "CNPJ": "21901294000100", "IDCIDADE": "SAO_PAULO", "NOMEFANTASIA": "21.901.294_JOSE_ROBERTO_GARDIANO_DA_SILVA_JUNIOR", "RAZAOSOCIAL": "21.901.294_JOSE_ROBERTO_GARDIANO_DA_SILVA_JUNIOR", "ENDEE": "RUA_DIAULAS_PARREIRA129__VILA_SANTA_CRUZ_08410-490", "LMAPS": "https://www.google.com/maps?q=&layer=c&cbll=-23.551034,-46.4147831", "O_QUE_FAZER": "FINALIZADO", "ER_REGIAO_CIDADE_min": "Capital Leste II_Guaianases" }, "geometry": { "type": "Point", "coordinates": [ -46.4147831, -23.551034 ] } },
{ "type": "Feature", "properties": { "fid": 121442, "CNPJ": "22283845000174", "IDCIDADE": "SAO_PAULO", "NOMEFANTASIA": "JOSE_CARLOS_BRANDAO_GOMES_35904947860", "RAZAOSOCIAL": "JOSE_CARLOS_BRANDAO", "ENDEE": "ESTRADA_NOSSA_SENHORA_DA_FONTE20__JARDIM_MARPU_08410-440", "LMAPS": "https://www.google.com/maps?q=&layer=c&cbll=-23.5442765,-46.4121372", "O_QUE_FAZER": "FINALIZADO", "ER_REGIAO_CIDADE_min": "Capital Leste II_Guaianases" }, "geometry": { "type": "Point", "coordinates": [ -46.4121372, -23.5442765 ] } },
{ "type": "Feature", "properties": { "fid": 122156, "CNPJ": "22442383000190", "IDCIDADE": "SAO_PAULO", "NOMEFANTASIA": "IMPERIO_DOS_ESPETINHOS", "RAZAOSOCIAL": "THIAGO_COSTA_LANA_ESPETINHOS", "ENDEE": "RUA_COUTINHO_E_MELO22__VILA_AUREA_08411-090", "LMAPS": "https://www.google.com/maps?q=&layer=c&cbll=-23.546963,-46.4091366", "O_QUE_FAZER": "CARTEIRA", "ER_REGIAO_CIDADE_min": "Capital Leste II_Guaianases" }, "geometry": { "type": "Point", "coordinates": [ -46.4091366, -23.546963 ] } },
{ "type": "Feature", "properties": { "fid": 122586, "CNPJ": "22533205000175", "IDCIDADE": "SAO_PAULO", "NOMEFANTASIA": "MARCOS_EDUARDO_SIMOES_30418698880", "RAZAOSOCIAL": "THAGUIMAHINI_CESTAS_E_PRESENTES", "ENDEE": "RUA_FERNAO_CARRILHO1__JARDINS_RECANTO_DAS_ROSAS_01403-020", "LMAPS": "https://www.google.com/maps?q=&layer=c&cbll=-23.5601471,-46.4080164", "O_QUE_FAZER": "FINALIZADO", "ER_REGIAO_CIDADE_min": "Capital Leste II_Guaianases" }, "geometry": { "type": "Point", "coordinates": [ -46.4080164, -23.5601471 ] } },
{ "type": "Feature", "properties": { "fid": 125834, "CNPJ": "23226839000148", "IDCIDADE": "SAO_PAULO", "NOMEFANTASIA": "CAMILA_LIMA_NUNES_PEREIRA_44249842819", "RAZAOSOCIAL": "PET_SHOP_NUNES", "ENDEE": "AVENIDA_MIGUEL_ACHIOLE_DA_FONCECA600__JARDIM_SAO_PAULO_08461-110", "LMAPS": "https://www.google.com/maps?q=&layer=c&cbll=-23.5548316,-46.4014535", "O_QUE_FAZER": "FINALIZADO", "ER_REGIAO_CIDADE_min": "Capital Leste II_Guaianases" }, "geometry": { "type": "Point", "coordinates": [ -46.4014535, -23.5548316 ] } },
{ "type": "Feature", "properties": { "fid": 126177, "CNPJ": "23301827000130", "IDCIDADE": "SAO_PAULO", "NOMEFANTASIA": "PASTELARIA_ZOU", "RAZAOSOCIAL": "PASTELARIA_ZOU_LTDA", "ENDEE": "RUA_OTELO_AUGUSTO_RIBEIRO302__GUAIANAZES_08412-000", "LMAPS": "https://www.google.com/maps?q=&layer=c&cbll=-23.546426,-46.4091762", "O_QUE_FAZER": "CARTEIRA", "ER_REGIAO_CIDADE_min": "Capital Leste II_Guaianases" }, "geometry": { "type": "Point", "coordinates": [ -46.4091762, -23.546426 ] } },
{ "type": "Feature", "properties": { "fid": 129019, "CNPJ": "23888568000196", "IDCIDADE": "SAO_PAULO", "NOMEFANTASIA": "ACADEMIA_D+_FITNESS", "RAZAOSOCIAL": "ACADEMIA_B_SANTOS_LTDA", "ENDEE": "RUA_DA_PASSAGEM_FUNDA351__VILA_SANTA_CRUZ_08411-010", "LMAPS": "https://www.google.com/maps?q=&layer=c&cbll=-23.5555651,-46.4121071", "O_QUE_FAZER": "CARTEIRA", "ER_REGIAO_CIDADE_min": "Capital Leste II_Guaianases" }, "geometry": { "type": "Point", "coordinates": [ -46.4121071, -23.5555651 ] } },
{ "type": "Feature", "properties": { "fid": 129338, "CNPJ": "23968049000138", "IDCIDADE": "SAO_PAULO", "NOMEFANTASIA": "MARIA_GABRIELA_DA_SILVA_DONATO_29792130802", "RAZAOSOCIAL": "ATELIE_GABY_DONATTO", "ENDEE": "RUA_HIPOLITO_DE_CAMARGO259__VILA_LOURDES_08410-030", "LMAPS": "https://www.google.com/maps?q=&layer=c&cbll=-23.543949,-46.41365", "O_QUE_FAZER": "FINALIZADO", "ER_REGIAO_CIDADE_min": "Capital Leste II_Guaianases" }, "geometry": { "type": "Point", "coordinates": [ -46.41365, -23.543949 ] } },
{ "type": "Feature", "properties": { "fid": 129679, "CNPJ": "24044952000175", "IDCIDADE": "SAO_PAULO", "NOMEFANTASIA": "ABLE_PRESTADORA_DE_SERVICOS", "RAZAOSOCIAL": "ABLE_PRESTADORA_DE_SERVICOS_LTDA", "ENDEE": "ESTRADA_ITAQUERA_GUAIANAZES2662__PARQUE_CENTRAL_08420-000", "LMAPS": "https://www.google.com/maps?q=&layer=c&cbll=-23.5432111,-46.4242154", "O_QUE_FAZER": "CARTEIRA", "ER_REGIAO_CIDADE_min": "Capital Leste II_Guaianases" }, "geometry": { "type": "Point", "coordinates": [ -46.4242154, -23.5432111 ] } },
{ "type": "Feature", "properties": { "fid": 131144, "CNPJ": "24333937000147", "IDCIDADE": "SAO PAULO", "NOMEFANTASIA": "HEALTH_FITNESS", "RAZAOSOCIAL": "DORA_ZAR_ACADEMIA_LTDA.", "ENDEE": "RUA JOSE GARCIA BRAGA, 34, VILA PRINCESA ISABEL, 08410-470, SÃO PAULO, SP, BRASIL", "LMAPS": "https://www.google.com/maps?q=&layer=c&cbll=-23.5528376,-46.4141176", "O_QUE_FAZER": "CARTEIRA - FAMPE", "ER_REGIAO_CIDADE_min": "Capital Leste II_Guaianases" }, "geometry": { "type": "Point", "coordinates": [ -46.4141176, -23.5528376 ] } },
{ "type": "Feature", "properties": { "fid": 131291, "CNPJ": "24366685000152", "IDCIDADE": "SAO_PAULO", "NOMEFANTASIA": "PARADA_DA_SAUDE", "RAZAOSOCIAL": "ALEX_DE_FRANCA_FERREIRA", "ENDEE": "RUA_HIPOLITO_DE_CAMARGO174__VILA_LOURDES_08410-030", "LMAPS": "https://www.google.com/maps?q=&layer=c&cbll=-23.5438672,-46.412787", "O_QUE_FAZER": "CARTEIRA", "ER_REGIAO_CIDADE_min": "Capital Leste II_Guaianases" }, "geometry": { "type": "Point", "coordinates": [ -46.412787, -23.5438672 ] } },
{ "type": "Feature", "properties": { "fid": 131379, "CNPJ": "24386855000160", "IDCIDADE": "SAO_PAULO", "NOMEFANTASIA": "SILVA_PECAS", "RAZAOSOCIAL": "SILVA_PECAS_DE_ELETRODOMESTICOS_LTDA.", "ENDEE": "AVENIDA_MIGUEL_ACHIOLE_DA_FONSECA914__JARDIM_SAO_PAULO_08461-110", "LMAPS": "https://www.google.com/maps?q=&layer=c&cbll=-23.5573638,-46.399894", "O_QUE_FAZER": "CARTEIRA", "ER_REGIAO_CIDADE_min": "Capital Leste II_Guaianases" }, "geometry": { "type": "Point", "coordinates": [ -46.399894, -23.5573638 ] } },
{ "type": "Feature", "properties": { "fid": 132116, "CNPJ": "24520146000126", "IDCIDADE": "SAO_PAULO", "NOMEFANTASIA": "ND_CENTRO_AUTOMOTIVO", "RAZAOSOCIAL": "E_.F_SOARES_REPARACAO_MECANICA", "ENDEE": "AVENIDA_MIGUEL_ACHIOLE_DA_FONSECA955__JARDIM_SAO_PAULO_08461-110", "LMAPS": "https://www.google.com/maps?q=&layer=c&cbll=-23.5576701,-46.3994882", "O_QUE_FAZER": "CARTEIRA", "ER_REGIAO_CIDADE_min": "Capital Leste II_Guaianases" }, "geometry": { "type": "Point", "coordinates": [ -46.3994882, -23.5576701 ] } },
{ "type": "Feature", "properties": { "fid": 133864, "CNPJ": "24869613000128", "IDCIDADE": "SAO_PAULO", "NOMEFANTASIA": "ELISABETE_LUIZ_BARBOSA_RIBEIRO_LTDA", "RAZAOSOCIAL": "DROGARIA_TIEZA", "ENDEE": "AVENIDA_MIGUEL_ACHIOLE_DA_FONCECA168__JARDIM_SAO_PAULO_08461-110", "LMAPS": "https://www.google.com/maps?q=&layer=c&cbll=-23.553464,-46.4048881", "O_QUE_FAZER": "FINALIZADO", "ER_REGIAO_CIDADE_min": "Capital Leste II_Guaianases" }, "geometry": { "type": "Point", "coordinates": [ -46.4048881, -23.553464 ] } },
{ "type": "Feature", "properties": { "fid": 134417, "CNPJ": "24977587000151", "IDCIDADE": "SAO_PAULO", "NOMEFANTASIA": "NG_TINTAS", "RAZAOSOCIAL": "MAURO_FERNANDO_SANTOS", "ENDEE": "RUA_SERRA_DO_CABURAI1499__VILA_SAO_JOSE_08412-140", "LMAPS": "https://www.google.com/maps?q=&layer=c&cbll=-23.556977,-46.4101565", "O_QUE_FAZER": "CARTEIRA", "ER_REGIAO_CIDADE_min": "Capital Leste II_Guaianases" }, "geometry": { "type": "Point", "coordinates": [ -46.4101565, -23.556977 ] } },
{ "type": "Feature", "properties": { "fid": 134858, "CNPJ": "25057047000112", "IDCIDADE": "SAO_PAULO", "NOMEFANTASIA": "MINIMERCADO_DONA_IVETE", "RAZAOSOCIAL": "CARLOS_ALEXANDRE_DA_SILVA_ROSA", "ENDEE": "RUA_JOSE_GARCIA_BRAGA98__VILA_PRINCESA_ISABEL_08410-470", "LMAPS": "https://www.google.com/maps?q=&layer=c&cbll=-23.5529771,-46.4144341", "O_QUE_FAZER": "CARTEIRA", "ER_REGIAO_CIDADE_min": "Capital Leste II_Guaianases" }, "geometry": { "type": "Point", "coordinates": [ -46.4144341, -23.5529771 ] } },
{ "type": "Feature", "properties": { "fid": 136150, "CNPJ": "25305982000150", "IDCIDADE": "SAO_PAULO", "NOMEFANTASIA": "ACADEMIA_CRAZY_FIT", "RAZAOSOCIAL": "ACADEMIA_CRAZY_FIT_JARDIM_SAO_PAULO_LTDA", "ENDEE": "AVENIDA_MIGUEL_ACHIOLE_DA_FONCECA721__JARDIM_SAO_PAULO_08461-110", "LMAPS": "https://www.google.com/maps?q=&layer=c&cbll=-23.5558037,-46.4008774", "O_QUE_FAZER": "CARTEIRA", "ER_REGIAO_CIDADE_min": "Capital Leste II_Guaianases" }, "geometry": { "type": "Point", "coordinates": [ -46.4008774, -23.5558037 ] } },
{ "type": "Feature", "properties": { "fid": 137491, "CNPJ": "26114415000180", "IDCIDADE": "SAO_PAULO", "NOMEFANTASIA": "CACAU_SHOW", "RAZAOSOCIAL": "LBN_CHOCOLATES_LTDA", "ENDEE": "RUA_OTELO_AUGUSTO_RIBEIRO199__GUAIANAZES_08412-000", "LMAPS": "https://www.google.com/maps?q=&layer=c&cbll=-23.5454143,-46.4094386", "O_QUE_FAZER": "CARTEIRA", "ER_REGIAO_CIDADE_min": "Capital Leste II_Guaianases" }, "geometry": { "type": "Point", "coordinates": [ -46.4094386, -23.5454143 ] } },
{ "type": "Feature", "properties": { "fid": 137615, "CNPJ": "26137735000155", "IDCIDADE": "SAO_PAULO", "NOMEFANTASIA": "RICARDO_MATEUS_DA_SILVA_47556264807", "RAZAOSOCIAL": "NICOLAS_PET_SHOP", "ENDEE": "RUA_JERONIMO_DIAS_RIBEIRO57__JARDIM_SAO_PAULO_08461-560", "LMAPS": "https://www.google.com/maps?q=&layer=c&cbll=-23.5602168,-46.3984498", "O_QUE_FAZER": "FINALIZADO", "ER_REGIAO_CIDADE_min": "Capital Leste II_Guaianases" }, "geometry": { "type": "Point", "coordinates": [ -46.3984498, -23.5602168 ] } },
{ "type": "Feature", "properties": { "fid": 138074, "CNPJ": "26219354000115", "IDCIDADE": "SAO_PAULO", "NOMEFANTASIA": "DEPOSITO_SANTA_CLARA", "RAZAOSOCIAL": "R&I_ALVES_DE_MELO_MATERIAIS_PARA_CONSTRUCAO_LTDA", "ENDEE": "RUA_LUIS_MATEUS2341__JARDIM_SAO_PEDRO_08420-585", "LMAPS": "https://www.google.com/maps?q=&layer=c&cbll=-23.5614022,-46.4196847", "O_QUE_FAZER": "CARTEIRA", "ER_REGIAO_CIDADE_min": "Capital Leste II_Guaianases" }, "geometry": { "type": "Point", "coordinates": [ -46.4196847, -23.5614022 ] } },
{ "type": "Feature", "properties": { "fid": 138465, "CNPJ": "26290992000122", "IDCIDADE": "SAO_PAULO", "NOMEFANTASIA": "VISTORIA_BRASIL", "RAZAOSOCIAL": "A_F_DE_PAULA_VISTORIA_AUTOMOTIVA", "ENDEE": "RUA_SATURNINO_PEREIRA563__VILA_SANTA_CRUZ_08411-000", "LMAPS": "https://www.google.com/maps?q=&layer=c&cbll=-23.5497078,-46.4119296", "O_QUE_FAZER": "FINALIZADO", "ER_REGIAO_CIDADE_min": "Capital Leste II_Guaianases" }, "geometry": { "type": "Point", "coordinates": [ -46.4119296, -23.5497078 ] } },
{ "type": "Feature", "properties": { "fid": 138913, "CNPJ": "26373562000174", "IDCIDADE": "SAO_PAULO", "NOMEFANTASIA": "26.373.562_ADAO_JULIO_DOS_SANTOS", "RAZAOSOCIAL": "JULIO_GARAGEM_SERVICOS_TECINOS_E_AUTOMOBILISTICOS", "ENDEE": "RUA_JERONIMO_DIAS_RIBEIRO183__JARDIM_SAO_PAULO_08461-560", "LMAPS": "https://www.google.com/maps?q=&layer=c&cbll=-23.5604778,-46.3984919", "O_QUE_FAZER": "APLICAR T4", "ER_REGIAO_CIDADE_min": "Capital Leste II_Guaianases" }, "geometry": { "type": "Point", "coordinates": [ -46.3984919, -23.5604778 ] } },
{ "type": "Feature", "properties": { "fid": 139428, "CNPJ": "26470144000103", "IDCIDADE": "SAO_PAULO", "NOMEFANTASIA": "BEIRA_RIO_MARMORES_E_GRANITOS_LTDA", "RAZAOSOCIAL": "BEIRA_RIOS_MARMORES_E_GRANITOS", "ENDEE": "AVENIDA_MIGUEL_ACHIOLE_DA_FONCECA12__JARDIM_SAO_PAULO_08461-110", "LMAPS": "https://www.google.com/maps?q=&layer=c&cbll=-23.552855,-46.4059209", "O_QUE_FAZER": "FINALIZADO", "ER_REGIAO_CIDADE_min": "Capital Leste II_Guaianases" }, "geometry": { "type": "Point", "coordinates": [ -46.4059209, -23.552855 ] } },
{ "type": "Feature", "properties": { "fid": 139585, "CNPJ": "26499003000105", "IDCIDADE": "SAO_PAULO", "NOMEFANTASIA": "ULTRAFARMA_POPULAR", "RAZAOSOCIAL": "DG_VI_DROGARIA_E_PERFUMARIA_LTDA", "ENDEE": "ESTRADA_DE_POA2012__JARDIM_SOARES_08460-000", "LMAPS": "https://www.google.com/maps?q=&layer=c&cbll=-23.5533349,-46.3942748", "O_QUE_FAZER": "CARTEIRA", "ER_REGIAO_CIDADE_min": "Capital Leste II_Guaianases" }, "geometry": { "type": "Point", "coordinates": [ -46.3942748, -23.5533349 ] } },
{ "type": "Feature", "properties": { "fid": 141436, "CNPJ": "26855306000113", "IDCIDADE": "SAO PAULO", "NOMEFANTASIA": "-", "RAZAOSOCIAL": "26.855.306_ALINE_DOS_SANTOS_DE_OLIVEIRA_CARVALHO", "ENDEE": "RUA CASTANHO DA SILVA, 28, VILA ABC, 08460-348, SÃO PAULO, SP, BRASIL", "LMAPS": "https://www.google.com/maps?q=&layer=c&cbll=-23.5520822,-46.4046376", "O_QUE_FAZER": "CARTEIRA - FAMPE", "ER_REGIAO_CIDADE_min": "Capital Leste II_Guaianases" }, "geometry": { "type": "Point", "coordinates": [ -46.4046376, -23.5520822 ] } },
{ "type": "Feature", "properties": { "fid": 141829, "CNPJ": "26938984000140", "IDCIDADE": "SAO_PAULO", "NOMEFANTASIA": "PET_SHOP_GLORIA", "RAZAOSOCIAL": "PET_SHOP_GLORIA_COMERCIO_DE_RACOES_E_ACESSORIOS_PARA_ANIMAIS_LTDA", "ENDEE": "RUA_FELICIANO_DE_MENDONCA50__JARDIM_SAO_PAULO_08460-365", "LMAPS": "https://www.google.com/maps?q=&layer=c&cbll=-23.5547991,-46.4011008", "O_QUE_FAZER": "CARTEIRA", "ER_REGIAO_CIDADE_min": "Capital Leste II_Guaianases" }, "geometry": { "type": "Point", "coordinates": [ -46.4011008, -23.5547991 ] } },
{ "type": "Feature", "properties": { "fid": 141937, "CNPJ": "26961949000141", "IDCIDADE": "SAO_PAULO", "NOMEFANTASIA": "PET_SHOP_ELOY", "RAZAOSOCIAL": "FERNANDO_RICARDO_SOARES_DE_ELOY", "ENDEE": "RUA_RUBENS_BORBA_ALVES_DE_MORAES363__CONJUNTO_HABITACIONAL_JUSCELINO_KUBITSCHEK_08465-090", "LMAPS": "https://www.google.com/maps?q=&layer=c&cbll=-23.5669119,-46.3952136", "O_QUE_FAZER": "CARTEIRA", "ER_REGIAO_CIDADE_min": "Capital Leste II_Guaianases" }, "geometry": { "type": "Point", "coordinates": [ -46.3952136, -23.5669119 ] } },
{ "type": "Feature", "properties": { "fid": 142666, "CNPJ": "27119943000194", "IDCIDADE": "SAO_PAULO", "NOMEFANTASIA": "PADARIA_MJ", "RAZAOSOCIAL": "M_DAS_GRACAS_L_DE_OLIVEIRA_PADARIA", "ENDEE": "RUA_OTELO_AUGUSTO_RIBEIRO1100__GUAIANAZES_08412-000", "LMAPS": "https://www.google.com/maps?q=&layer=c&cbll=-23.5526087,-46.4066319", "O_QUE_FAZER": "CARTEIRA", "ER_REGIAO_CIDADE_min": "Capital Leste II_Guaianases" }, "geometry": { "type": "Point", "coordinates": [ -46.4066319, -23.5526087 ] } },
{ "type": "Feature", "properties": { "fid": 143208, "CNPJ": "27232717000115", "IDCIDADE": "SAO_PAULO", "NOMEFANTASIA": "LARISSA_COSTA_FAZOLLO_46122641855", "RAZAOSOCIAL": "LARY_LINGERIE", "ENDEE": "RUA_OTELO_AUGUSTO_RIBEIRO318__GUAIANASES_08460-000", "LMAPS": "https://www.google.com/maps?q=&layer=c&cbll=-23.5465101,-46.4092208", "O_QUE_FAZER": "FINALIZADO", "ER_REGIAO_CIDADE_min": "Capital Leste II_Guaianases" }, "geometry": { "type": "Point", "coordinates": [ -46.4092208, -23.5465101 ] } },
{ "type": "Feature", "properties": { "fid": 144395, "CNPJ": "27450511000161", "IDCIDADE": "SAO PAULO", "NOMEFANTASIA": null, "RAZAOSOCIAL": "ALIANCA_REAL_REPRESENTACAO_E_COMERCIO_EM_GERAL_LTDA", "ENDEE": "RUA CORONEL MANUEL MACHADO, 309, VILA ZEFIRA, 08411-145, SÃO PAULO, SP, BRASIL", "LMAPS": "https://www.google.com/maps?q=&layer=c&cbll=-23.5513346,-46.4117936", "O_QUE_FAZER": "CARTEIRA - FAMPE", "ER_REGIAO_CIDADE_min": "Capital Leste II_Guaianases" }, "geometry": { "type": "Point", "coordinates": [ -46.4117936, -23.5513346 ] } },
{ "type": "Feature", "properties": { "fid": 145865, "CNPJ": "27730400000109", "IDCIDADE": "SAO_PAULO", "NOMEFANTASIA": "AUTO_ESCOLA_BROW", "RAZAOSOCIAL": "CENTRO_DE_FORMACAO_DE_CONDUTORES_BROW_LTDA", "ENDEE": "AVENIDA_MIGUEL_ACHIOLE_DA_FONSECA1068__JARDIM_SAO_PAULO_08461-110", "LMAPS": "https://www.google.com/maps?q=&layer=c&cbll=-23.5584367,-46.3999074", "O_QUE_FAZER": "CARTEIRA", "ER_REGIAO_CIDADE_min": "Capital Leste II_Guaianases" }, "geometry": { "type": "Point", "coordinates": [ -46.3999074, -23.5584367 ] } },
{ "type": "Feature", "properties": { "fid": 146960, "CNPJ": "27937221000147", "IDCIDADE": "SAO_PAULO", "NOMEFANTASIA": "NICK_KIDS_MODA_INFANTIL_LTDA", "RAZAOSOCIAL": "NICK_KIDS_MODA_INFANTIL", "ENDEE": "RUA_SALVADOR_GIANETTI812__GUAIANASES_08410-000", "LMAPS": "https://www.google.com/maps?q=&layer=c&cbll=-23.5430696,-46.4144964", "O_QUE_FAZER": "FINALIZADO", "ER_REGIAO_CIDADE_min": "Capital Leste II_Guaianases" }, "geometry": { "type": "Point", "coordinates": [ -46.4144964, -23.5430696 ] } },
{ "type": "Feature", "properties": { "fid": 147014, "CNPJ": "27949652000123", "IDCIDADE": "SAO_PAULO", "NOMEFANTASIA": "DEPOSITO_LIRIO_DOS_VALES", "RAZAOSOCIAL": "LIRIO_DOS_VALES_MATERIAIS_PARA_CONSTRUCAO_LTDA", "ENDEE": "RUA_LUIS_MATEUS477__JARDIM_SAO_PEDRO_08420-750", "LMAPS": "https://www.google.com/maps?q=&layer=c&cbll=-23.5467824,-46.4262216", "O_QUE_FAZER": "CARTEIRA", "ER_REGIAO_CIDADE_min": "Capital Leste II_Guaianases" }, "geometry": { "type": "Point", "coordinates": [ -46.4262216, -23.5467824 ] } },
{ "type": "Feature", "properties": { "fid": 147082, "CNPJ": "27960329000150", "IDCIDADE": "SAO_PAULO", "NOMEFANTASIA": "ANJOS_BOLOS", "RAZAOSOCIAL": "CONFEITARIA_ANJOS_BOLOS_LTDA", "ENDEE": "RUA_AGUANAMBI200__VILA_POPULAR_08461-140", "LMAPS": "https://www.google.com/maps?q=&layer=c&cbll=-23.5542775,-46.4027028", "O_QUE_FAZER": "CARTEIRA", "ER_REGIAO_CIDADE_min": "Capital Leste II_Guaianases" }, "geometry": { "type": "Point", "coordinates": [ -46.4027028, -23.5542775 ] } },
{ "type": "Feature", "properties": { "fid": 147119, "CNPJ": "27966650000142", "IDCIDADE": "SAO_PAULO", "NOMEFANTASIA": "SOL_FESTAS", "RAZAOSOCIAL": "ANGELA_MARIA_TEIXEIRA_MARTINS", "ENDEE": "ESTRADA_NOSSA_SENHORA_DA_FONTE51__GUAIANAZES_08410-440", "LMAPS": "https://www.google.com/maps?q=&layer=c&cbll=-23.5446292,-46.4121494", "O_QUE_FAZER": "CARTEIRA", "ER_REGIAO_CIDADE_min": "Capital Leste II_Guaianases" }, "geometry": { "type": "Point", "coordinates": [ -46.4121494, -23.5446292 ] } },
{ "type": "Feature", "properties": { "fid": 150840, "CNPJ": "28646525000118", "IDCIDADE": "SAO_PAULO", "NOMEFANTASIA": "BEM_BARATO", "RAZAOSOCIAL": "MERCEARIA_BEM_BARATO_UTILIDADES_LTDA", "ENDEE": "AVENIDA_MIGUEL_ACHIOLE_DA_FONSECA1214__JARDIM_SAO_PAULO_08461-110", "LMAPS": "https://www.google.com/maps?q=&layer=c&cbll=-23.5589404,-46.4010369", "O_QUE_FAZER": "CARTEIRA", "ER_REGIAO_CIDADE_min": "Capital Leste II_Guaianases" }, "geometry": { "type": "Point", "coordinates": [ -46.4010369, -23.5589404 ] } },
{ "type": "Feature", "properties": { "fid": 151686, "CNPJ": "28800960000155", "IDCIDADE": "SAO PAULO", "NOMEFANTASIA": "RR_PAN_ARTIGOS_PARA_PANIFICACAO_E_CONFEITARIA", "RAZAOSOCIAL": "RR_PAN_ARTIGOS_PARA_PANIFICACAO_E_CONFEITARIA_LTDA", "ENDEE": "RUA ARACAZEIRO, 400, JARDIM SAO CARLOS (ZONA LESTE), 08411-530, SÃO PAULO, SP, BRASIL", "LMAPS": "https://www.google.com/maps?q=&layer=c&cbll=-23.5571205,-46.4137591", "O_QUE_FAZER": "CARTEIRA - FAMPE", "ER_REGIAO_CIDADE_min": "Capital Leste II_Guaianases" }, "geometry": { "type": "Point", "coordinates": [ -46.4137591, -23.5571205 ] } },
{ "type": "Feature", "properties": { "fid": 152806, "CNPJ": "29016688000180", "IDCIDADE": "SAO_PAULO", "NOMEFANTASIA": "RR_BARBEARIA", "RAZAOSOCIAL": "RR_BARBEARIA_LTDA.", "ENDEE": "AVENIDA_MIGUEL_ACHIOLE_DA_FONSECA381__JARDIM_SAO_PAULO_08461-110", "LMAPS": "https://www.google.com/maps?q=&layer=c&cbll=-23.5542629,-46.403149", "O_QUE_FAZER": "CARTEIRA", "ER_REGIAO_CIDADE_min": "Capital Leste II_Guaianases" }, "geometry": { "type": "Point", "coordinates": [ -46.403149, -23.5542629 ] } },
{ "type": "Feature", "properties": { "fid": 153945, "CNPJ": "29220660000160", "IDCIDADE": "SAO_PAULO", "NOMEFANTASIA": "JHONNES_JHONNES_SUCATAS_E_METAIS", "RAZAOSOCIAL": "JBP_DOS_SANTOS", "ENDEE": "RUA_LUIS_MATEUS2233__JARDIM_SAO_PEDRO_08420-585", "LMAPS": "https://www.google.com/maps?q=&layer=c&cbll=-23.5607438,-46.4197097", "O_QUE_FAZER": "CARTEIRA", "ER_REGIAO_CIDADE_min": "Capital Leste II_Guaianases" }, "geometry": { "type": "Point", "coordinates": [ -46.4197097, -23.5607438 ] } },
{ "type": "Feature", "properties": { "fid": 154153, "CNPJ": "29260154000102", "IDCIDADE": "SAO_PAULO", "NOMEFANTASIA": "IMPERIAL_EMBALAGENS", "RAZAOSOCIAL": "PARAISO_IMPERIAL_DAS_CAIXAS_E_EMBALAGENS_LTDA", "ENDEE": "RUA_SATURNINO_PEREIRA701__VILA_SANTA_CRUZ_08411-000", "LMAPS": "https://www.google.com/maps?q=&layer=c&cbll=-23.5501701,-46.412834", "O_QUE_FAZER": "CARTEIRA", "ER_REGIAO_CIDADE_min": "Capital Leste II_Guaianases" }, "geometry": { "type": "Point", "coordinates": [ -46.412834, -23.5501701 ] } },
{ "type": "Feature", "properties": { "fid": 155187, "CNPJ": "29484801000151", "IDCIDADE": "SAO_PAULO", "NOMEFANTASIA": "SABOR_CASEIRO._RESTAURANTE", "RAZAOSOCIAL": "JAQUELINE_EUNICE_DO_NASCIMENTO_DE_JESUS", "ENDEE": "ESTRADA_NOSSA_SENHORA_DA_FONTE14__GUAIANAZES_08410-440", "LMAPS": "https://www.google.com/maps?q=&layer=c&cbll=-23.5444233,-46.4120869", "O_QUE_FAZER": "CARTEIRA", "ER_REGIAO_CIDADE_min": "Capital Leste II_Guaianases" }, "geometry": { "type": "Point", "coordinates": [ -46.4120869, -23.5444233 ] } },
{ "type": "Feature", "properties": { "fid": 156862, "CNPJ": "29825533000275", "IDCIDADE": "SAO_PAULO", "NOMEFANTASIA": "RAINHA_DA_MODA", "RAZAOSOCIAL": "TATIANE_DOS_SANTOS_CARVALHO_MARTINS", "ENDEE": "RUA_PROFESSOR_FRANCISCO_PINHEIRO45__VILA_PRINCESA_ISABEL_08410-020", "LMAPS": "https://www.google.com/maps?q=&layer=c&cbll=-23.543545,-46.4133287", "O_QUE_FAZER": "CARTEIRA", "ER_REGIAO_CIDADE_min": "Capital Leste II_Guaianases" }, "geometry": { "type": "Point", "coordinates": [ -46.4133287, -23.543545 ] } },
{ "type": "Feature", "properties": { "fid": 158274, "CNPJ": "30095979000190", "IDCIDADE": "SAO_PAULO", "NOMEFANTASIA": "TIKA_CALCADOS", "RAZAOSOCIAL": "TIKA_CALCADOS_LTDA", "ENDEE": "RUA_SALVADOR_GIANETTI960__GUAIANAZES_08410-000", "LMAPS": "https://www.google.com/maps?q=&layer=c&cbll=-23.5433779,-46.4129795", "O_QUE_FAZER": "CARTEIRA", "ER_REGIAO_CIDADE_min": "Capital Leste II_Guaianases" }, "geometry": { "type": "Point", "coordinates": [ -46.4129795, -23.5433779 ] } },
{ "type": "Feature", "properties": { "fid": 159604, "CNPJ": "30355583000134", "IDCIDADE": "SAO_PAULO", "NOMEFANTASIA": "MM_AVELINO_MATERIAIS_DE_CONSTRUCAO", "RAZAOSOCIAL": "MM_AVELINO_MATERIAIS_DE_CONSTRUCAO_LTDA", "ENDEE": "AVENIDA_MIGUEL_ACHIOLE_DA_FONCECA828__JARDIM_SAO_PAULO_08461-110", "LMAPS": "https://www.google.com/maps?q=&layer=c&cbll=-23.5567378,-46.4002304", "O_QUE_FAZER": "CARTEIRA", "ER_REGIAO_CIDADE_min": "Capital Leste II_Guaianases" }, "geometry": { "type": "Point", "coordinates": [ -46.4002304, -23.5567378 ] } },
{ "type": "Feature", "properties": { "fid": 159882, "CNPJ": "30411216000100", "IDCIDADE": "SAO_PAULO", "NOMEFANTASIA": "CANDY_CRAZY_COMERCIO_DE_DOCES_E_PRODUTOS_ALIMENTICIOS_LTDA", "RAZAOSOCIAL": "CANDY_CRAZY_COMERCIO_DE_DOCES", "ENDEE": "RUA_LUIS_MATEUS266__JARDIM_SAO_PEDRO_08420-585", "LMAPS": "https://www.google.com/maps?q=&layer=c&cbll=-23.5450248,-46.4256224", "O_QUE_FAZER": "FINALIZADO", "ER_REGIAO_CIDADE_min": "Capital Leste II_Guaianases" }, "geometry": { "type": "Point", "coordinates": [ -46.4256224, -23.5450248 ] } },
{ "type": "Feature", "properties": { "fid": 160204, "CNPJ": "30468293000105", "IDCIDADE": "SAO PAULO", "NOMEFANTASIA": "ADEGA_APOIO_TOTAL", "RAZAOSOCIAL": "JEFFERSON_DE_JESUS_SILVA", "ENDEE": "RUA DIOGO PENEDA, 82, JARDIM SAO PAULO(ZONA LESTE), 08461-490, SÃO PAULO, SP, BRASIL", "LMAPS": "https://www.google.com/maps?q=&layer=c&cbll=-23.561293,-46.4026871", "O_QUE_FAZER": "CARTEIRA - FAMPE", "ER_REGIAO_CIDADE_min": "Capital Leste II_Guaianases" }, "geometry": { "type": "Point", "coordinates": [ -46.4026871, -23.561293 ] } },
{ "type": "Feature", "properties": { "fid": 160301, "CNPJ": "30484526000155", "IDCIDADE": "SAO_PAULO", "NOMEFANTASIA": "DEPOSITO_FORTALEZA", "RAZAOSOCIAL": "MANOEL_ELIE_RODRIGUES_DE_OLIVEIRA", "ENDEE": "RUA_DA_PASSAGEM_FUNDA670__VILA_SANTA_CRUZ_08411-515", "LMAPS": "https://www.google.com/maps?q=&layer=c&cbll=-23.5581605,-46.4105521", "O_QUE_FAZER": "CARTEIRA", "ER_REGIAO_CIDADE_min": "Capital Leste II_Guaianases" }, "geometry": { "type": "Point", "coordinates": [ -46.4105521, -23.5581605 ] } },
{ "type": "Feature", "properties": { "fid": 160433, "CNPJ": "30508729000134", "IDCIDADE": "SAO_PAULO", "NOMEFANTASIA": "MARINEIDE_ALVES_DE_SANTANA_02161386557", "RAZAOSOCIAL": "MARI_ACESSORIOS_E_MODA", "ENDEE": "RUA_OTELO_AUGUSTO_RIBEIRO264__GUAIANASES_08412-000", "LMAPS": "https://www.google.com/maps?q=&layer=c&cbll=-23.546048,-46.4094189", "O_QUE_FAZER": "FINALIZADO", "ER_REGIAO_CIDADE_min": "Capital Leste II_Guaianases" }, "geometry": { "type": "Point", "coordinates": [ -46.4094189, -23.546048 ] } },
{ "type": "Feature", "properties": { "fid": 161665, "CNPJ": "30732799000171", "IDCIDADE": "SAO_PAULO", "NOMEFANTASIA": "DOCES_PAMFILO", "RAZAOSOCIAL": "J._DA_S._PAMFILO", "ENDEE": "RUA_CENTRALINA83__VILA_PRINCESA_ISABEL_08410-100", "LMAPS": "https://www.google.com/maps?q=&layer=c&cbll=-23.5434658,-46.415835", "O_QUE_FAZER": "CARTEIRA", "ER_REGIAO_CIDADE_min": "Capital Leste II_Guaianases" }, "geometry": { "type": "Point", "coordinates": [ -46.415835, -23.5434658 ] } },
{ "type": "Feature", "properties": { "fid": 162864, "CNPJ": "30963145000159", "IDCIDADE": "SAO_PAULO", "NOMEFANTASIA": "LA_CASA_DO_TRIGO_PADARIA", "RAZAOSOCIAL": "LA_CASA_DO_TRIGO_PADARIA_LTDA", "ENDEE": "AVENIDA_MIGUEL_ACHIOLE_DA_FONSECA220__JARDIM_SAO_PAULO_08461-190", "LMAPS": "https://www.google.com/maps?q=&layer=c&cbll=-23.553667,-46.4044919", "O_QUE_FAZER": "CARTEIRA", "ER_REGIAO_CIDADE_min": "Capital Leste II_Guaianases" }, "geometry": { "type": "Point", "coordinates": [ -46.4044919, -23.553667 ] } },
{ "type": "Feature", "properties": { "fid": 163178, "CNPJ": "31025559000108", "IDCIDADE": "SAO_PAULO", "NOMEFANTASIA": "ATACADAO_BOI ", "RAZAOSOCIAL": "ATACADAO_BOI_WC_LTDA", "ENDEE": "ESTRADA_DE_POA302__JARDIM_SOARES_08460-000", "LMAPS": "https://www.google.com/maps?q=&layer=c&cbll=-23.5529908,-46.3943502", "O_QUE_FAZER": "CARTEIRA", "ER_REGIAO_CIDADE_min": "Capital Leste II_Guaianases" }, "geometry": { "type": "Point", "coordinates": [ -46.3943502, -23.5529908 ] } },
{ "type": "Feature", "properties": { "fid": 163205, "CNPJ": "31028404000117", "IDCIDADE": "SAO_PAULO", "NOMEFANTASIA": "CENTRO_AUTOMOTIVO_DULILO_ ", "RAZAOSOCIAL": "PATRICIA_PEREIRA_AVELINO_-_MECANICA", "ENDEE": "RUA_SATURNINO_PEREIRA473__VILA_SANTA_CRUZ_08411-000", "LMAPS": "https://www.google.com/maps?q=&layer=c&cbll=-23.5483907,-46.4120718", "O_QUE_FAZER": "CARTEIRA", "ER_REGIAO_CIDADE_min": "Capital Leste II_Guaianases" }, "geometry": { "type": "Point", "coordinates": [ -46.4120718, -23.5483907 ] } },
{ "type": "Feature", "properties": { "fid": 163218, "CNPJ": "31030464000174", "IDCIDADE": "SAO PAULO", "NOMEFANTASIA": "Simone_Cortinas_e_Decoracoes", "RAZAOSOCIAL": "SIMONE_CUNHA_DE_OLIVEIRA_CORTINAS", "ENDEE": "RUA AGUANAMBI, 5, VILA POPULAR, 08461-140, SÃO PAULO, SP, BRASIL", "LMAPS": "https://www.google.com/maps?q=&layer=c&cbll=-23.5544292,-46.4030702", "O_QUE_FAZER": "CARTEIRA - FAMPE", "ER_REGIAO_CIDADE_min": "Capital Leste II_Guaianases" }, "geometry": { "type": "Point", "coordinates": [ -46.4030702, -23.5544292 ] } },
{ "type": "Feature", "properties": { "fid": 164263, "CNPJ": "31263938000128", "IDCIDADE": "SAO_PAULO", "NOMEFANTASIA": "LUIZA_MARIA_DE_OLIVEIRA_37839214819", "RAZAOSOCIAL": "ISA_NICK", "ENDEE": "RUA_OTELO_AUGUSTO_RIBEIRO318__GUAIANASES_08412-000", "LMAPS": "https://www.google.com/maps?q=&layer=c&cbll=-23.5465101,-46.4092208", "O_QUE_FAZER": "FINALIZADO", "ER_REGIAO_CIDADE_min": "Capital Leste II_Guaianases" }, "geometry": { "type": "Point", "coordinates": [ -46.4092208, -23.5465101 ] } },
{ "type": "Feature", "properties": { "fid": 164873, "CNPJ": "31390715000121", "IDCIDADE": "SAO_PAULO", "NOMEFANTASIA": "RENATA_GARCIA_FIRAGI_25085485882", "RAZAOSOCIAL": "RENATA_FESTAS", "ENDEE": "RUA_HIPOLITO_DE_CAMARGO62__VILA_LOURDES_08410-030", "LMAPS": "https://www.google.com/maps?q=&layer=c&cbll=-23.544068,-46.4117694", "O_QUE_FAZER": "FINALIZADO", "ER_REGIAO_CIDADE_min": "Capital Leste II_Guaianases" }, "geometry": { "type": "Point", "coordinates": [ -46.4117694, -23.544068 ] } },
{ "type": "Feature", "properties": { "fid": 165020, "CNPJ": "31422010000149", "IDCIDADE": "SAO_PAULO", "NOMEFANTASIA": "NIVIA_SUZI_GIL_DA_COSTA_11128672871", "RAZAOSOCIAL": "PET_SHOP_JNJ_RACOES__E_ACESSORIOS", "ENDEE": "RUA_BENTO_SOARES_MOTA179__JARDIM_SAO_PAULO(ZONA_LESTE)_08412-180", "LMAPS": "https://www.google.com/maps?q=&layer=c&cbll=-23.5591954,-46.4106563", "O_QUE_FAZER": "FINALIZADO", "ER_REGIAO_CIDADE_min": "Capital Leste II_Guaianases" }, "geometry": { "type": "Point", "coordinates": [ -46.4106563, -23.5591954 ] } },
{ "type": "Feature", "properties": { "fid": 165428, "CNPJ": "31502382000185", "IDCIDADE": "SAO_PAULO", "NOMEFANTASIA": "BECKER_CALCADOS", "RAZAOSOCIAL": "VRA_CALCADOS_LTDA", "ENDEE": "RUA_SALVADOR_GIANETTI990__GUAIANAZES_08410-000", "LMAPS": "https://www.google.com/maps?q=&layer=c&cbll=-23.5435172,-46.4126297", "O_QUE_FAZER": "CARTEIRA", "ER_REGIAO_CIDADE_min": "Capital Leste II_Guaianases" }, "geometry": { "type": "Point", "coordinates": [ -46.4126297, -23.5435172 ] } },
{ "type": "Feature", "properties": { "fid": 165688, "CNPJ": "31553198000164", "IDCIDADE": "SAO_PAULO", "NOMEFANTASIA": "MERCADAO_PETROPOLIS", "RAZAOSOCIAL": "JARDIM_SAO_PEDRO_PET_CENTER_LTDA", "ENDEE": "RUA_LUIS_MATEUS421__JARDIM_SAO_PEDRO_08420-750", "LMAPS": "https://www.google.com/maps?q=&layer=c&cbll=-23.5461307,-46.4260745", "O_QUE_FAZER": "CARTEIRA", "ER_REGIAO_CIDADE_min": "Capital Leste II_Guaianases" }, "geometry": { "type": "Point", "coordinates": [ -46.4260745, -23.5461307 ] } },
{ "type": "Feature", "properties": { "fid": 166561, "CNPJ": "31719679000105", "IDCIDADE": "SAO_PAULO", "NOMEFANTASIA": "L&R_PAPELARIA", "RAZAOSOCIAL": "BAZAR_E_PAPELARIA_L&R_SOLUCOES_LTDA.", "ENDEE": "RUA_LUIS_MATEUS213__JARDIM_SAO_PEDRO_08420-750", "LMAPS": "https://www.google.com/maps?q=&layer=c&cbll=-23.5444636,-46.4253433", "O_QUE_FAZER": "CARTEIRA", "ER_REGIAO_CIDADE_min": "Capital Leste II_Guaianases" }, "geometry": { "type": "Point", "coordinates": [ -46.4253433, -23.5444636 ] } },
{ "type": "Feature", "properties": { "fid": 167946, "CNPJ": "31989771000187", "IDCIDADE": "SAO_PAULO", "NOMEFANTASIA": "SOLANGE_FERREIRA_17262997831", "RAZAOSOCIAL": "MARANATA", "ENDEE": "AVENIDA_MIGUEL_ACHIOLE_DA_FONSECA790__JARDIM_SAO_PAULO_08461-110", "LMAPS": "https://www.google.com/maps?q=&layer=c&cbll=-23.5565727,-46.4004619", "O_QUE_FAZER": "FINALIZADO", "ER_REGIAO_CIDADE_min": "Capital Leste II_Guaianases" }, "geometry": { "type": "Point", "coordinates": [ -46.4004619, -23.5565727 ] } },
{ "type": "Feature", "properties": { "fid": 168048, "CNPJ": "32010953000127", "IDCIDADE": "SAO_PAULO", "NOMEFANTASIA": "DOUGLAS_GOMES_BARCELOS_22964107823", "RAZAOSOCIAL": "OTICA_JUDA", "ENDEE": "RUA_OTELO_AUGUSTO_RIBEIRO760__GUAIANASES_08460-000", "LMAPS": "https://www.google.com/maps?q=&layer=c&cbll=-23.5504323,-46.4072599", "O_QUE_FAZER": "FINALIZADO", "ER_REGIAO_CIDADE_min": "Capital Leste II_Guaianases" }, "geometry": { "type": "Point", "coordinates": [ -46.4072599, -23.5504323 ] } },
{ "type": "Feature", "properties": { "fid": 169394, "CNPJ": "32285635000179", "IDCIDADE": "SAO_PAULO", "NOMEFANTASIA": "32.285.635_MARIA_EDUARDA_MARTINS_MANUEL", "RAZAOSOCIAL": "A.R_ASSISTENCIA_TECNICA", "ENDEE": "RUA_NABUCO_DE_ABREU36__GUAIANASES_08410-190", "LMAPS": "https://www.google.com/maps?q=&layer=c&cbll=-23.54381,-46.4173798", "O_QUE_FAZER": "FINALIZADO", "ER_REGIAO_CIDADE_min": "Capital Leste II_Guaianases" }, "geometry": { "type": "Point", "coordinates": [ -46.4173798, -23.54381 ] } },
{ "type": "Feature", "properties": { "fid": 169484, "CNPJ": "32303634000290", "IDCIDADE": "SAO_PAULO", "NOMEFANTASIA": "SORVETES_DUBONNI", "RAZAOSOCIAL": "DUBONNI_SORVETES_LTDA", "ENDEE": "AVENIDA_MIGUEL_ACHIOLE_DA_FONSECA1273__JARDIM_SAO_PAULO_08461-110", "LMAPS": "https://www.google.com/maps?q=&layer=c&cbll=-23.5591278,-46.4016099", "O_QUE_FAZER": "CARTEIRA", "ER_REGIAO_CIDADE_min": "Capital Leste II_Guaianases" }, "geometry": { "type": "Point", "coordinates": [ -46.4016099, -23.5591278 ] } },
{ "type": "Feature", "properties": { "fid": 169929, "CNPJ": "32425129000138", "IDCIDADE": "SAO_PAULO", "NOMEFANTASIA": "32.425.129_RAFAEL_ALESSANDRO_RAMOS_CAVALCANTI", "RAZAOSOCIAL": "RAFAEL_ALESSANDRO_RAMOS_CAVALCANTI_37354912867", "ENDEE": "RUA_EVALDO_CALABREZ1580__VILA_PRINCESA_ISABEL_08410-070", "LMAPS": "https://www.google.com/maps?q=&layer=c&cbll=-23.5499132,-46.4202445", "O_QUE_FAZER": "FINALIZADO", "ER_REGIAO_CIDADE_min": "Capital Leste II_Guaianases" }, "geometry": { "type": "Point", "coordinates": [ -46.4202445, -23.5499132 ] } },
{ "type": "Feature", "properties": { "fid": 170259, "CNPJ": "32501589000106", "IDCIDADE": "SAO PAULO", "NOMEFANTASIA": null, "RAZAOSOCIAL": "ASBTRANSFER_TRANSPORTE_DE_PASSAGEIROS_LTDA", "ENDEE": "RUA BARBALHO BEZERRA, 314, JARDIM SAO PAULO(ZONA LESTE), 08461-360, SÃO PAULO, SP, BRASIL", "LMAPS": "https://www.google.com/maps?q=&layer=c&cbll=-23.5585156,-46.4046604", "O_QUE_FAZER": "CARTEIRA - FAMPE", "ER_REGIAO_CIDADE_min": "Capital Leste II_Guaianases" }, "geometry": { "type": "Point", "coordinates": [ -46.4046604, -23.5585156 ] } },
{ "type": "Feature", "properties": { "fid": 171259, "CNPJ": "32718069000141", "IDCIDADE": "SAO_PAULO", "NOMEFANTASIA": "32.718.069_RAFAEL_MARGARIDA_DOURADO_PORTUGAL", "RAZAOSOCIAL": "RP_CELL", "ENDEE": "AVENIDA_MIGUEL_ACHIOLE_DA_FONSECA1586__JARDIM_SAO_PAULO_08430-120", "LMAPS": "https://www.google.com/maps?q=&layer=c&cbll=-23.5593365,-46.4046269", "O_QUE_FAZER": "FINALIZADO", "ER_REGIAO_CIDADE_min": "Capital Leste II_Guaianases" }, "geometry": { "type": "Point", "coordinates": [ -46.4046269, -23.5593365 ] } },
{ "type": "Feature", "properties": { "fid": 172159, "CNPJ": "32896639000193", "IDCIDADE": "SAO_PAULO", "NOMEFANTASIA": "CASA_DE_CARNES_JUJU_ALMEIDA", "RAZAOSOCIAL": "R_A_SENA_COMERCIO_DE_CARNES", "ENDEE": "RUA_OTELO_AUGUSTO_RIBEIRO206__GUAIANAZES_08412-000", "LMAPS": "https://www.google.com/maps?q=&layer=c&cbll=-23.5455605,-46.4094822", "O_QUE_FAZER": "CARTEIRA", "ER_REGIAO_CIDADE_min": "Capital Leste II_Guaianases" }, "geometry": { "type": "Point", "coordinates": [ -46.4094822, -23.5455605 ] } },
{ "type": "Feature", "properties": { "fid": 172286, "CNPJ": "32919187000118", "IDCIDADE": "SAO_PAULO", "NOMEFANTASIA": "AUTHENTIK_CONTABILIDADE", "RAZAOSOCIAL": "AUTHENTIK_ASSESSORIA_COMERCIAL_E_EMPRESARIAL_LTDA", "ENDEE": "AVENIDA_MIGUEL_ACHIOLE_DA_FONSECA232__JARDIM_SAO_PAULO_08461-110", "LMAPS": "https://www.google.com/maps?q=&layer=c&cbll=-23.5536652,-46.4042771", "O_QUE_FAZER": "CARTEIRA - FAMPE", "ER_REGIAO_CIDADE_min": "Capital Leste II_Guaianases" }, "geometry": { "type": "Point", "coordinates": [ -46.4042771, -23.5536652 ] } },
{ "type": "Feature", "properties": { "fid": 172640, "CNPJ": "32990953000130", "IDCIDADE": "SAO_PAULO", "NOMEFANTASIA": "32.990.953_RODRIGO_DA_SILVA", "RAZAOSOCIAL": "RODRIGO_DA_SILVA", "ENDEE": "RUA_BENTO_SOARES_MOTA380__JARDIM_SAO_PAULO_08412-180", "LMAPS": "https://www.google.com/maps?q=&layer=c&cbll=-23.5584345,-46.4091177", "O_QUE_FAZER": "FINALIZADO", "ER_REGIAO_CIDADE_min": "Capital Leste II_Guaianases" }, "geometry": { "type": "Point", "coordinates": [ -46.4091177, -23.5584345 ] } },
{ "type": "Feature", "properties": { "fid": 173654, "CNPJ": "33174659000113", "IDCIDADE": "SAO_PAULO", "NOMEFANTASIA": "33.174.659_ANDREIA_ALMEIDA_DOS_SANTOS", "RAZAOSOCIAL": "ANDREIA_HAIR", "ENDEE": "RUA_TAPURAIBA41__PARQUE_CENTRAL_08420-450", "LMAPS": "https://www.google.com/maps?q=&layer=c&cbll=-23.5447075,-46.4251951", "O_QUE_FAZER": "FINALIZADO", "ER_REGIAO_CIDADE_min": "Capital Leste II_Guaianases" }, "geometry": { "type": "Point", "coordinates": [ -46.4251951, -23.5447075 ] } },
{ "type": "Feature", "properties": { "fid": 174471, "CNPJ": "33333876000109", "IDCIDADE": "SAO_PAULO", "NOMEFANTASIA": "LTD_FARMA_DROGARIA", "RAZAOSOCIAL": "LTD_FARMA_DROGARIA_LTDA", "ENDEE": "ESTRADA_DE_POA228__JARDIM_SOARES_08460-000", "LMAPS": "https://www.google.com/maps?q=&layer=c&cbll=-23.5529959,-46.3944924", "O_QUE_FAZER": "CARTEIRA", "ER_REGIAO_CIDADE_min": "Capital Leste II_Guaianases" }, "geometry": { "type": "Point", "coordinates": [ -46.3944924, -23.5529959 ] } },
{ "type": "Feature", "properties": { "fid": 177146, "CNPJ": "33833014000145", "IDCIDADE": "SAO_PAULO", "NOMEFANTASIA": "33.833.014_MARIA_RAQUELIS_FREIRE_SALES", "RAZAOSOCIAL": "CASA_DE_RACAO_JMR", "ENDEE": "RUA_COUTINHO_E_MELO7194__CONJUNTO_HABITACIONAL_SITIO_CO_08411-090", "LMAPS": "https://www.google.com/maps?q=&layer=c&cbll=-23.5503374,-46.4095372", "O_QUE_FAZER": "FINALIZADO", "ER_REGIAO_CIDADE_min": "Capital Leste II_Guaianases" }, "geometry": { "type": "Point", "coordinates": [ -46.4095372, -23.5503374 ] } },
{ "type": "Feature", "properties": { "fid": 177206, "CNPJ": "33842165000160", "IDCIDADE": "SAO_PAULO", "NOMEFANTASIA": "KELLY_RODRIGUES_DE_ALEXANDRIA_27120126822", "RAZAOSOCIAL": "RODNEY_PLANEJADOS", "ENDEE": "RUA_SERRA_DO_CABURAI13__VILA_SAO_JOSE_08412-140", "LMAPS": "https://www.google.com/maps?q=&layer=c&cbll=-23.5545999,-46.4084855", "O_QUE_FAZER": "FINALIZADO", "ER_REGIAO_CIDADE_min": "Capital Leste II_Guaianases" }, "geometry": { "type": "Point", "coordinates": [ -46.4084855, -23.5545999 ] } },
{ "type": "Feature", "properties": { "fid": 179116, "CNPJ": "34230768000173", "IDCIDADE": "SAO_PAULO", "NOMEFANTASIA": "KAROL_DOCES", "RAZAOSOCIAL": "KX_COMERCIO_DE_DOCES_E_PRODUTOS_ALIMENTICIOS_LTDA", "ENDEE": "AVENIDA_MIGUEL_ACHIOLE_DA_FONSECA1068__JARDIM_SAO_PAULO_08461-110", "LMAPS": "https://www.google.com/maps?q=&layer=c&cbll=-23.5585008,-46.3997351", "O_QUE_FAZER": "CARTEIRA", "ER_REGIAO_CIDADE_min": "Capital Leste II_Guaianases" }, "geometry": { "type": "Point", "coordinates": [ -46.3997351, -23.5585008 ] } },
{ "type": "Feature", "properties": { "fid": 180423, "CNPJ": "34473782000106", "IDCIDADE": "SAO_PAULO", "NOMEFANTASIA": "PAPELARIA_NG", "RAZAOSOCIAL": "BAZAR_E_PAPELARIA_NOVA_GERACAO_LTDA", "ENDEE": "AVENIDA_MIGUEL_ACHIOLE_DA_FONCECA1512__JARDIM_SAO_PAULO_08461-110", "LMAPS": "https://www.google.com/maps?q=&layer=c&cbll=-23.5593011,-46.4039884", "O_QUE_FAZER": "CARTEIRA", "ER_REGIAO_CIDADE_min": "Capital Leste II_Guaianases" }, "geometry": { "type": "Point", "coordinates": [ -46.4039884, -23.5593011 ] } },
{ "type": "Feature", "properties": { "fid": 180430, "CNPJ": "34474576000102", "IDCIDADE": "SAO_PAULO", "NOMEFANTASIA": "LD_FERRAGENS", "RAZAOSOCIAL": "R._DA_SILVA_COMERCIO_DE_FERRAGENS", "ENDEE": "AVENIDA_MIGUEL_ACHIOLE_DA_FONSECA506__JARDIM_SAO_PAULO_08461-110", "LMAPS": "https://www.google.com/maps?q=&layer=c&cbll=-23.5545497,-46.4016721", "O_QUE_FAZER": "CARTEIRA", "ER_REGIAO_CIDADE_min": "Capital Leste II_Guaianases" }, "geometry": { "type": "Point", "coordinates": [ -46.4016721, -23.5545497 ] } },
{ "type": "Feature", "properties": { "fid": 181739, "CNPJ": "34738122000100", "IDCIDADE": "SAO_PAULO", "NOMEFANTASIA": "CINTIA_COSTA_SILVA_BARBOSA_33705761803", "RAZAOSOCIAL": "ESPACO_CINTIA_BARBOSA", "ENDEE": "RUA_ALDEIA_MARIA329__VILA_COSMOPOLITA_08421-070", "LMAPS": "https://www.google.com/maps?q=&layer=c&cbll=-23.5608958,-46.423534", "O_QUE_FAZER": "FINALIZADO", "ER_REGIAO_CIDADE_min": "Capital Leste II_Guaianases" }, "geometry": { "type": "Point", "coordinates": [ -46.423534, -23.5608958 ] } },
{ "type": "Feature", "properties": { "fid": 181785, "CNPJ": "34747735000103", "IDCIDADE": "SAO_PAULO", "NOMEFANTASIA": "34.747.735_RICARDO_PEDRO_SILVA_RIBEIRO", "RAZAOSOCIAL": "34.747.735_RICARDO_PEDRO_SILVA_RIBEIRO", "ENDEE": "RUA_JULIO_GOUVEIA85__CONJUNTO_HABITACIONAL_JUSCELINO_KUBITSCHEK_08465-009", "LMAPS": "https://www.google.com/maps?q=&layer=c&cbll=-23.5662841,-46.3935397", "O_QUE_FAZER": "FINALIZADO", "ER_REGIAO_CIDADE_min": "Capital Leste II_Guaianases" }, "geometry": { "type": "Point", "coordinates": [ -46.3935397, -23.5662841 ] } },
{ "type": "Feature", "properties": { "fid": 184449, "CNPJ": "35295457000155", "IDCIDADE": "SAO_PAULO", "NOMEFANTASIA": "ELIANE_SEVERINA_DA_SILVA_05391248426", "RAZAOSOCIAL": "ADEGA_ONIX", "ENDEE": "RUA_PEDRO_ARAGONES46__JARDIM_SAO_PAULO_08461-640", "LMAPS": "https://www.google.com/maps?q=&layer=c&cbll=-23.5629182,-46.4016406", "O_QUE_FAZER": "FINALIZADO", "ER_REGIAO_CIDADE_min": "Capital Leste II_Guaianases" }, "geometry": { "type": "Point", "coordinates": [ -46.4016406, -23.5629182 ] } },
{ "type": "Feature", "properties": { "fid": 185526, "CNPJ": "35549749000177", "IDCIDADE": "SAO_PAULO", "NOMEFANTASIA": "AGUIA_SHOES", "RAZAOSOCIAL": "B.R.T._CALCADOS_E_CONFECCOES_LTDA", "ENDEE": "RUA_SALVADOR_GIANETTI1062__GUAIANAZES_08410-000", "LMAPS": "https://www.google.com/maps?q=&layer=c&cbll=-23.5438734,-46.4118235", "O_QUE_FAZER": "CARTEIRA", "ER_REGIAO_CIDADE_min": "Capital Leste II_Guaianases" }, "geometry": { "type": "Point", "coordinates": [ -46.4118235, -23.5438734 ] } },
{ "type": "Feature", "properties": { "fid": 185701, "CNPJ": "35589771000140", "IDCIDADE": "SAO PAULO", "NOMEFANTASIA": "RTB_Print_Confeccao", "RAZAOSOCIAL": "ROBSON_CORREIA_PEREIRA", "ENDEE": "ESTRADA NOSSA SENHORA DA FONTE, 18, LETRA A, GUAIANAZES, 08410-440, SÃO PAULO, SP, BRASIL", "LMAPS": "https://www.google.com/maps?q=&layer=c&cbll=-23.5583742,-46.4172602", "O_QUE_FAZER": "CARTEIRA - FAMPE", "ER_REGIAO_CIDADE_min": "Capital Leste II_Guaianases" }, "geometry": { "type": "Point", "coordinates": [ -46.4172602, -23.5583742 ] } },
{ "type": "Feature", "properties": { "fid": 186497, "CNPJ": "35745237000186", "IDCIDADE": "SAO_PAULO", "NOMEFANTASIA": "HORTIFRUTI_VIRGOLINO", "RAZAOSOCIAL": "L_A_NASCIMENTO_SOUSA_HORTIFRUTI", "ENDEE": "AVENIDA_MIGUEL_ACHIOLE_DA_FONSECA969__JARDIM_SAO_PAULO_08461-110", "LMAPS": "https://www.google.com/maps?q=&layer=c&cbll=-23.557928,-46.3997669", "O_QUE_FAZER": "CARTEIRA", "ER_REGIAO_CIDADE_min": "Capital Leste II_Guaianases" }, "geometry": { "type": "Point", "coordinates": [ -46.3997669, -23.557928 ] } },
{ "type": "Feature", "properties": { "fid": 186567, "CNPJ": "35757261000135", "IDCIDADE": "SAO_PAULO", "NOMEFANTASIA": "D&B_MOURA", "RAZAOSOCIAL": "D&B_MOURA_COMERCIO_DE_SORVETES_LTDA", "ENDEE": "AVENIDA_MIGUEL_ACHIOLE_DA_FONCECA916__JARDIM_SAO_PAULO_08461-110", "LMAPS": "https://www.google.com/maps?q=&layer=c&cbll=-23.5574582,-46.3999003", "O_QUE_FAZER": "CARTEIRA - FAMPE", "ER_REGIAO_CIDADE_min": "Capital Leste II_Guaianases" }, "geometry": { "type": "Point", "coordinates": [ -46.3999003, -23.5574582 ] } },
{ "type": "Feature", "properties": { "fid": 186569, "CNPJ": "35757261000305", "IDCIDADE": "SAO_PAULO", "NOMEFANTASIA": "OGGI_SORVETES", "RAZAOSOCIAL": "D&B_MOURA_COMERCIO_DE_SORVETES_LTDA", "ENDEE": "AVENIDA_MIGUEL_ACHIOLE_DA_FONSECA916__JARDIM_SAO_PAULO_08461-110", "LMAPS": "https://www.google.com/maps?q=&layer=c&cbll=-23.5574248,-46.3998816", "O_QUE_FAZER": "CARTEIRA", "ER_REGIAO_CIDADE_min": "Capital Leste II_Guaianases" }, "geometry": { "type": "Point", "coordinates": [ -46.3998816, -23.5574248 ] } },
{ "type": "Feature", "properties": { "fid": 188023, "CNPJ": "36091283000171", "IDCIDADE": "SAO_PAULO", "NOMEFANTASIA": "LOJA_1999", "RAZAOSOCIAL": "HENRIQUE_DOS_SANTOS_SILVA_LTDA", "ENDEE": "AVENIDA_UTARO_KANAI185__CONJUNTO_HABITACIONAL_JUSCELINO_KUBITSCHEK_08465-000", "LMAPS": "https://www.google.com/maps?q=&layer=c&cbll=-23.5661049,-46.3998843", "O_QUE_FAZER": "CARTEIRA", "ER_REGIAO_CIDADE_min": "Capital Leste II_Guaianases" }, "geometry": { "type": "Point", "coordinates": [ -46.3998843, -23.5661049 ] } },
{ "type": "Feature", "properties": { "fid": 188159, "CNPJ": "36117873000126", "IDCIDADE": "SAO_PAULO", "NOMEFANTASIA": "A_MELHOR_PIZZARIA_E_ESFIHARIA", "RAZAOSOCIAL": "A_MELHOR_PIZZARIA_E_ESFIHARIA_LTDA", "ENDEE": "ESTRADA_DE_POA302__JARDIM_SOARES_08460-000", "LMAPS": "https://www.google.com/maps?q=&layer=c&cbll=-23.5530725,-46.3943017", "O_QUE_FAZER": "CARTEIRA", "ER_REGIAO_CIDADE_min": "Capital Leste II_Guaianases" }, "geometry": { "type": "Point", "coordinates": [ -46.3943017, -23.5530725 ] } },
{ "type": "Feature", "properties": { "fid": 188781, "CNPJ": "36244460000102", "IDCIDADE": "SAO_PAULO", "NOMEFANTASIA": "GUAIANAZES_CENTRO_COMERCIOS_OPTICOS_LTDA", "RAZAOSOCIAL": "OTICA_VISAO_MIX", "ENDEE": "RUA_SALVADOR_GIANETTI1116__GUAIANASES_08410-000", "LMAPS": "https://www.google.com/maps?q=&layer=c&cbll=-23.5438269,-46.411547", "O_QUE_FAZER": "FINALIZADO", "ER_REGIAO_CIDADE_min": "Capital Leste II_Guaianases" }, "geometry": { "type": "Point", "coordinates": [ -46.411547, -23.5438269 ] } },
{ "type": "Feature", "properties": { "fid": 189414, "CNPJ": "36378657000134", "IDCIDADE": "SAO_PAULO", "NOMEFANTASIA": "SODIE_DOCES", "RAZAOSOCIAL": "PEPE_DOCERIA_LTDA", "ENDEE": "RUA_LUIS_MATEUS262__JARDIM_SAO_PEDRO_08420-755", "LMAPS": "https://www.google.com/maps?q=&layer=c&cbll=-23.5449292,-46.4255328", "O_QUE_FAZER": "CARTEIRA", "ER_REGIAO_CIDADE_min": "Capital Leste II_Guaianases" }, "geometry": { "type": "Point", "coordinates": [ -46.4255328, -23.5449292 ] } },
{ "type": "Feature", "properties": { "fid": 189896, "CNPJ": "36473373000127", "IDCIDADE": "SAO_PAULO", "NOMEFANTASIA": "RESTAURANTE_C_&_E_LTDA", "RAZAOSOCIAL": "RESTAURANTE_CEE", "ENDEE": "RUA_PROFESSOR_FRANCISCO_PINHEIRO27__VILA_MINERVA_08410-020", "LMAPS": "https://www.google.com/maps?q=&layer=c&cbll=-23.5434293,-46.4132609", "O_QUE_FAZER": "FINALIZADO", "ER_REGIAO_CIDADE_min": "Capital Leste II_Guaianases" }, "geometry": { "type": "Point", "coordinates": [ -46.4132609, -23.5434293 ] } },
{ "type": "Feature", "properties": { "fid": 190239, "CNPJ": "36544866000100", "IDCIDADE": "SAO_PAULO", "NOMEFANTASIA": "36.544.866_ALEX_DE_MACEDO", "RAZAOSOCIAL": "GPV_BUSSINES", "ENDEE": "RUA_EVALDO_CALABREZ445__VILA_PRINCESA_ISABEL_08410-070", "LMAPS": "https://www.google.com/maps?q=&layer=c&cbll=-23.5449468,-46.4181352", "O_QUE_FAZER": "FINALIZADO", "ER_REGIAO_CIDADE_min": "Capital Leste II_Guaianases" }, "geometry": { "type": "Point", "coordinates": [ -46.4181352, -23.5449468 ] } },
{ "type": "Feature", "properties": { "fid": 192026, "CNPJ": "37038971000130", "IDCIDADE": "SAO_PAULO", "NOMEFANTASIA": "RESTAURANTE_E_CONFEITARIA_MEU_BEM", "RAZAOSOCIAL": "CONFEITARIA_MEU_BEM_LTDA", "ENDEE": "RUA_DA_PASSAGEM_FUNDA743__VILA_SANTA_CRUZ_08411-515", "LMAPS": "https://www.google.com/maps?q=&layer=c&cbll=-23.5586237,-46.4104136", "O_QUE_FAZER": "CARTEIRA", "ER_REGIAO_CIDADE_min": "Capital Leste II_Guaianases" }, "geometry": { "type": "Point", "coordinates": [ -46.4104136, -23.5586237 ] } },
{ "type": "Feature", "properties": { "fid": 193187, "CNPJ": "37318711000119", "IDCIDADE": "SAO_PAULO", "NOMEFANTASIA": "PIZZARIA_E_ESFIHARIA_DOIS_IRMAOS", "RAZAOSOCIAL": "B._M._VIEIRA_PIZZARIA", "ENDEE": "RUA_SATURNINO_PEREIRA866__VILA_ZEFIRA_08411-085", "LMAPS": "https://www.google.com/maps?q=&layer=c&cbll=-23.551683,-46.4131576", "O_QUE_FAZER": "CARTEIRA", "ER_REGIAO_CIDADE_min": "Capital Leste II_Guaianases" }, "geometry": { "type": "Point", "coordinates": [ -46.4131576, -23.551683 ] } },
{ "type": "Feature", "properties": { "fid": 193323, "CNPJ": "37343360000104", "IDCIDADE": "SAO PAULO", "NOMEFANTASIA": "-", "RAZAOSOCIAL": "37.343.360_DAVI_FERREIRA_MARTINS", "ENDEE": "RUA DOUTOR ORLANDO DE PAIVA MARTINS, 179, VILA PRINCESA ISABEL, 08410-330, SÃO PAULO, SP, BRASIL", "LMAPS": "https://www.google.com/maps?q=&layer=c&cbll=-23.5475968,-46.4207745", "O_QUE_FAZER": "CARTEIRA - FAMPE", "ER_REGIAO_CIDADE_min": "Capital Leste II_Guaianases" }, "geometry": { "type": "Point", "coordinates": [ -46.4207745, -23.5475968 ] } },
{ "type": "Feature", "properties": { "fid": 194820, "CNPJ": "37657097000110", "IDCIDADE": "SAO_PAULO", "NOMEFANTASIA": "PERFUMARIA_LARI", "RAZAOSOCIAL": "LARI_PERFUMARIA_E_BAZAR_LTDA", "ENDEE": "RUA_DA_PASSAGEM_FUNDA940__VILA_SANTA_CRUZ_08411-515", "LMAPS": "https://www.google.com/maps?q=&layer=c&cbll=-23.5595787,-46.4121641", "O_QUE_FAZER": "CARTEIRA", "ER_REGIAO_CIDADE_min": "Capital Leste II_Guaianases" }, "geometry": { "type": "Point", "coordinates": [ -46.4121641, -23.5595787 ] } },
{ "type": "Feature", "properties": { "fid": 195784, "CNPJ": "37829679000136", "IDCIDADE": "SAO_PAULO", "NOMEFANTASIA": "37.829.679_THIAGO_DOS_SANTOS_NASCIMENTO", "RAZAOSOCIAL": "LUTHE_2_DOCE_E_SALGADOS_", "ENDEE": "ESTRADA_NOSSA_SENHORA_DA_FONTE62__GUAIANAZES_08410-440", "LMAPS": "https://www.google.com/maps?q=&layer=c&cbll=-23.5447262,-46.4123639", "O_QUE_FAZER": "FINALIZADO", "ER_REGIAO_CIDADE_min": "Capital Leste II_Guaianases" }, "geometry": { "type": "Point", "coordinates": [ -46.4123639, -23.5447262 ] } },
{ "type": "Feature", "properties": { "fid": 196436, "CNPJ": "37950893000146", "IDCIDADE": "SAO_PAULO", "NOMEFANTASIA": "ADRIANE_DA_SILVA_DUARTE_29083182886", "RAZAOSOCIAL": "MADRI_VALE_LANCHES_E_SORVETES", "ENDEE": "RUA_DIOGO_PENEDA65__JARDIM_SAO_PAULO_08461-490", "LMAPS": "https://www.google.com/maps?q=&layer=c&cbll=-23.5611247,-46.4024775", "O_QUE_FAZER": "FINALIZADO", "ER_REGIAO_CIDADE_min": "Capital Leste II_Guaianases" }, "geometry": { "type": "Point", "coordinates": [ -46.4024775, -23.5611247 ] } },
{ "type": "Feature", "properties": { "fid": 196561, "CNPJ": "37970525000160", "IDCIDADE": "SAO_PAULO", "NOMEFANTASIA": "37.970.525_GRAZIELE_VICENTE_FERREIRA", "RAZAOSOCIAL": "COMIDA_CASEIRA_DA_VILA", "ENDEE": "RUA_COUTINHO_E_MELO7084__CONJUNTO_HABITACIONAL_SITIO_CO_08411-090", "LMAPS": "https://www.google.com/maps?q=&layer=c&cbll=-23.5503374,-46.4095372", "O_QUE_FAZER": "FINALIZADO", "ER_REGIAO_CIDADE_min": "Capital Leste II_Guaianases" }, "geometry": { "type": "Point", "coordinates": [ -46.4095372, -23.5503374 ] } },
{ "type": "Feature", "properties": { "fid": 196836, "CNPJ": "38016177000159", "IDCIDADE": "SAO_PAULO", "NOMEFANTASIA": "FULLCAR", "RAZAOSOCIAL": "FULLCAR_MECANICA_FUNILARIA_E_PINTURA_LTDA", "ENDEE": "RUA_DA_PASSAGEM_FUNDA648__VILA_SANTA_CRUZ_08411-010", "LMAPS": "https://www.google.com/maps?q=&layer=c&cbll=-23.555663,-46.4115002", "O_QUE_FAZER": "CARTEIRA", "ER_REGIAO_CIDADE_min": "Capital Leste II_Guaianases" }, "geometry": { "type": "Point", "coordinates": [ -46.4115002, -23.555663 ] } },
{ "type": "Feature", "properties": { "fid": 196924, "CNPJ": "38033995000160", "IDCIDADE": "SAO_PAULO", "NOMEFANTASIA": "BINHOS_ADEGA_E_DISTRIBUIDORA_LTDA", "RAZAOSOCIAL": "BINHOS_ADEGA", "ENDEE": "AVENIDA_MIGUEL_ACHIOLE_DA_FONSECA1942__JARDIM_SAO_PAULO_08461-110", "LMAPS": "https://www.google.com/maps?q=&layer=c&cbll=-23.560136,-46.4082357", "O_QUE_FAZER": "FINALIZADO", "ER_REGIAO_CIDADE_min": "Capital Leste II_Guaianases" }, "geometry": { "type": "Point", "coordinates": [ -46.4082357, -23.560136 ] } },
{ "type": "Feature", "properties": { "fid": 197196, "CNPJ": "38082919000144", "IDCIDADE": "SAO_PAULO", "NOMEFANTASIA": "BATERIA_RAP_10", "RAZAOSOCIAL": "BATERIAS_RAP10_DISTRIBUICAO_E_COMERCIALIZACAO_DE_BATERIAS_LTDA", "ENDEE": "RUA_SALVADOR_GIANETTI220__GUAIANAZES_08410-000", "LMAPS": "https://www.google.com/maps?q=&layer=c&cbll=-23.542675,-46.4203085", "O_QUE_FAZER": "CARTEIRA", "ER_REGIAO_CIDADE_min": "Capital Leste II_Guaianases" }, "geometry": { "type": "Point", "coordinates": [ -46.4203085, -23.542675 ] } },
{ "type": "Feature", "properties": { "fid": 198198, "CNPJ": "38281404000173", "IDCIDADE": "SAO_PAULO", "NOMEFANTASIA": "38.281.404_JOAO_AUGUSTO_VENERANDO_FERREIRA", "RAZAOSOCIAL": "SHOPPING_NOW", "ENDEE": "RUA_LUIS_MATEUS179__JARDIM_SAO_PEDRO_08420-585", "LMAPS": "https://www.google.com/maps?q=&layer=c&cbll=-23.5442444,-46.4252928", "O_QUE_FAZER": "FINALIZADO", "ER_REGIAO_CIDADE_min": "Capital Leste II_Guaianases" }, "geometry": { "type": "Point", "coordinates": [ -46.4252928, -23.5442444 ] } },
{ "type": "Feature", "properties": { "fid": 198421, "CNPJ": "38318907000176", "IDCIDADE": "SAO_PAULO", "NOMEFANTASIA": "OTICA_GUAIANASES_HISTORICA", "RAZAOSOCIAL": "OTICA_GUAIANASES_HISTORICA_LTDA", "ENDEE": "RUA_SALVADOR_GIANETTI1140__GUAIANAZES_08410-000", "LMAPS": "https://www.google.com/maps?q=&layer=c&cbll=-23.543838,-46.4112588", "O_QUE_FAZER": "CARTEIRA", "ER_REGIAO_CIDADE_min": "Capital Leste II_Guaianases" }, "geometry": { "type": "Point", "coordinates": [ -46.4112588, -23.543838 ] } },
{ "type": "Feature", "properties": { "fid": 200569, "CNPJ": "39301012000191", "IDCIDADE": "SAO_PAULO", "NOMEFANTASIA": "LANCHONETE_NOVA_GUAIANASES", "RAZAOSOCIAL": "LANCHONETE_NOVA_GUAIANASES_LTDA", "ENDEE": "RUA_HIPOLITO_DE_CAMARGO541__VILA_LOURDES_08410-030", "LMAPS": "https://www.google.com/maps?q=&layer=c&cbll=-23.5431487,-46.4165109", "O_QUE_FAZER": "CARTEIRA", "ER_REGIAO_CIDADE_min": "Capital Leste II_Guaianases" }, "geometry": { "type": "Point", "coordinates": [ -46.4165109, -23.5431487 ] } },
{ "type": "Feature", "properties": { "fid": 201544, "CNPJ": "39492850000190", "IDCIDADE": "SAO_PAULO", "NOMEFANTASIA": "W._M._DE_OLIVEIRA_MECANICA_E_AUTO_PECAS", "RAZAOSOCIAL": "WG_HOSPITAL_CAR", "ENDEE": "RUA_DA_PASSAGEM_FUNDA752__GUAIANASES_08411-515", "LMAPS": "https://www.google.com/maps?q=&layer=c&cbll=-23.5586771,-46.4109283", "O_QUE_FAZER": "FINALIZADO", "ER_REGIAO_CIDADE_min": "Capital Leste II_Guaianases" }, "geometry": { "type": "Point", "coordinates": [ -46.4109283, -23.5586771 ] } },
{ "type": "Feature", "properties": { "fid": 202526, "CNPJ": "39700662000100", "IDCIDADE": "SAO_PAULO", "NOMEFANTASIA": "JUNIOR_DESPACHANTE", "RAZAOSOCIAL": "DELMIVANIO_DA_CRUZ_COSTA_DESPACHANTE", "ENDEE": "RUA_SALVADOR_GIANETTI228__GUAIANAZES_08410-000", "LMAPS": "https://www.google.com/maps?q=&layer=c&cbll=-23.5426387,-46.4201543", "O_QUE_FAZER": "CARTEIRA", "ER_REGIAO_CIDADE_min": "Capital Leste II_Guaianases" }, "geometry": { "type": "Point", "coordinates": [ -46.4201543, -23.5426387 ] } },
{ "type": "Feature", "properties": { "fid": 203516, "CNPJ": "39909102000160", "IDCIDADE": "SAO_PAULO", "NOMEFANTASIA": "JEDSON_CRUZ_DE_MACEDO_-_ELETRICA", "RAZAOSOCIAL": "JEDSON_CRUZ_DE_MACEDO_-_ELETRICA", "ENDEE": "RUA_AYRTON_SENNA89__VILA_ROSEIRA_II_08466-001", "LMAPS": "https://www.google.com/maps?q=&layer=c&cbll=-23.561504,-46.3925311", "O_QUE_FAZER": "FINALIZADO", "ER_REGIAO_CIDADE_min": "Capital Leste II_Guaianases" }, "geometry": { "type": "Point", "coordinates": [ -46.3925311, -23.561504 ] } },
{ "type": "Feature", "properties": { "fid": 204519, "CNPJ": "40130545000137", "IDCIDADE": "SAO PAULO", "NOMEFANTASIA": null, "RAZAOSOCIAL": "VANESSA_ARAUJO_DA_SILVA_35467563807", "ENDEE": "RUA ARACAZEIRO, 33, CONJ, JARDIM SAO CARLOS (ZONA LESTE), 08411-530, SÃO PAULO, SP, BRASIL", "LMAPS": "https://www.google.com/maps?q=&layer=c&cbll=-23.5575598,-46.4172649", "O_QUE_FAZER": "CARTEIRA - FAMPE", "ER_REGIAO_CIDADE_min": "Capital Leste II_Guaianases" }, "geometry": { "type": "Point", "coordinates": [ -46.4172649, -23.5575598 ] } },
{ "type": "Feature", "properties": { "fid": 204739, "CNPJ": "40179963000119", "IDCIDADE": "SAO_PAULO", "NOMEFANTASIA": "BAZAR_E_PAPELARIA_TOLENTINO", "RAZAOSOCIAL": "BARROS_PAPELARIA_ARMARINHO_E_BIJUTERIAS_LTDA", "ENDEE": "RUA_OTELO_AUGUSTO_RIBEIRO282__GUAIANAZES_08412-000", "LMAPS": "https://www.google.com/maps?q=&layer=c&cbll=-23.5461645,-46.4093019", "O_QUE_FAZER": "CARTEIRA", "ER_REGIAO_CIDADE_min": "Capital Leste II_Guaianases" }, "geometry": { "type": "Point", "coordinates": [ -46.4093019, -23.5461645 ] } },
{ "type": "Feature", "properties": { "fid": 204833, "CNPJ": "40202147000189", "IDCIDADE": "SAO_PAULO", "NOMEFANTASIA": "CHANDANCA_DO_BOI", "RAZAOSOCIAL": "LUIZA_LOPES_COMERCIO_DE_CARNES_E_ROTISSERIE_LTDA", "ENDEE": "RUA_OTELO_AUGUSTO_RIBEIRO272__GUAIANAZES_08412-000", "LMAPS": "https://www.google.com/maps?q=&layer=c&cbll=-23.5461253,-46.4091868", "O_QUE_FAZER": "CARTEIRA", "ER_REGIAO_CIDADE_min": "Capital Leste II_Guaianases" }, "geometry": { "type": "Point", "coordinates": [ -46.4091868, -23.5461253 ] } },
{ "type": "Feature", "properties": { "fid": 205992, "CNPJ": "40540861000187", "IDCIDADE": "SAO_PAULO", "NOMEFANTASIA": "LIP'S_MEGA_STORE", "RAZAOSOCIAL": "LIP'S_MEGASTORE_LANCHONETE_E_SORVETERIA_SOCIEDADE_UNIPESSOAL_LTDA.", "ENDEE": "RUA_COUTINHO_E_MELO16__VILA_AUREA_08411-090", "LMAPS": "https://www.google.com/maps?q=&layer=c&cbll=-23.5470116,-46.4090386", "O_QUE_FAZER": "CARTEIRA - FAMPE", "ER_REGIAO_CIDADE_min": "Capital Leste II_Guaianases" }, "geometry": { "type": "Point", "coordinates": [ -46.4090386, -23.5470116 ] } },
{ "type": "Feature", "properties": { "fid": 206706, "CNPJ": "40739485000154", "IDCIDADE": "SAO_PAULO", "NOMEFANTASIA": "BSTECNO_SEGURANCA_ELETRONICA_LTDA", "RAZAOSOCIAL": "BSTECNO_SEGURANCA_ELETRONICA_LTDA", "ENDEE": "RUA_CORREIA_RIBEIRO226__JARDIM_SOARES_08460-260", "LMAPS": "https://www.google.com/maps?q=&layer=c&cbll=-23.5469911,-46.4010101", "O_QUE_FAZER": "FINALIZADO", "ER_REGIAO_CIDADE_min": "Capital Leste II_Guaianases" }, "geometry": { "type": "Point", "coordinates": [ -46.4010101, -23.5469911 ] } },
{ "type": "Feature", "properties": { "fid": 207312, "CNPJ": "40880755000142", "IDCIDADE": "SAO_PAULO", "NOMEFANTASIA": "GP_COMERCIO_DE_ACAI_E_CREMES_LTDA", "RAZAOSOCIAL": "ACAI_FORMOSA", "ENDEE": "RUA_ANGELO_PEDROSO_S/N__VILA_ABC_08460-345", "LMAPS": "https://www.google.com/maps?q=&layer=c&cbll=-23.5536221,-46.4019375", "O_QUE_FAZER": "FINALIZADO", "ER_REGIAO_CIDADE_min": "Capital Leste II_Guaianases" }, "geometry": { "type": "Point", "coordinates": [ -46.4019375, -23.5536221 ] } },
{ "type": "Feature", "properties": { "fid": 208403, "CNPJ": "41150895000128", "IDCIDADE": "SAO_PAULO", "NOMEFANTASIA": "RAFAEL_MARTINELLI_33943879801", "RAZAOSOCIAL": "BARBEARIA_MARTINELLI", "ENDEE": "RUA_DOUTOR_JOAO_LEAL_DA_COSTA474__JARDIM_SAO_PAULO_08461-460", "LMAPS": "https://www.google.com/maps?q=&layer=c&cbll=-23.5598719,-46.4028874", "O_QUE_FAZER": "FINALIZADO", "ER_REGIAO_CIDADE_min": "Capital Leste II_Guaianases" }, "geometry": { "type": "Point", "coordinates": [ -46.4028874, -23.5598719 ] } },
{ "type": "Feature", "properties": { "fid": 208760, "CNPJ": "41265418000108", "IDCIDADE": "SAO_PAULO", "NOMEFANTASIA": "A_TORRE", "RAZAOSOCIAL": "A_TORRE_LTDA", "ENDEE": "RUA_DA_PASSAGEM_FUNDA187__VILA_SANTA_CRUZ_08411-010", "LMAPS": "https://www.google.com/maps?q=&layer=c&cbll=-23.5544431,-46.4130753", "O_QUE_FAZER": "CARTEIRA", "ER_REGIAO_CIDADE_min": "Capital Leste II_Guaianases" }, "geometry": { "type": "Point", "coordinates": [ -46.4130753, -23.5544431 ] } },
{ "type": "Feature", "properties": { "fid": 209409, "CNPJ": "41439940000169", "IDCIDADE": "SAO_PAULO", "NOMEFANTASIA": "J.G._DE_SALES_FILHO_CONSTRUCOES", "RAZAOSOCIAL": "GRUPO_JG_SALES", "ENDEE": "AVENIDA_MIGUEL_ACHIOLE_DA_FONCECA116__JARDIM_SAO_PAULO_08461-110", "LMAPS": "https://www.google.com/maps?q=&layer=c&cbll=-23.5532179,-46.4052952", "O_QUE_FAZER": "FINALIZADO", "ER_REGIAO_CIDADE_min": "Capital Leste II_Guaianases" }, "geometry": { "type": "Point", "coordinates": [ -46.4052952, -23.5532179 ] } },
{ "type": "Feature", "properties": { "fid": 210488, "CNPJ": "41708327000108", "IDCIDADE": "SAO_PAULO", "NOMEFANTASIA": "EAST_OPTICAL_COMERCIO_VAREJISTA_DE_OCULOS_LTDA", "RAZAOSOCIAL": "OTICAS_VIVA", "ENDEE": "RUA_SALVADOR_GIANETTI788__GUAIANASES_08410-000", "LMAPS": "https://www.google.com/maps?q=&layer=c&cbll=-23.5430273,-46.4146687", "O_QUE_FAZER": "FINALIZADO", "ER_REGIAO_CIDADE_min": "Capital Leste II_Guaianases" }, "geometry": { "type": "Point", "coordinates": [ -46.4146687, -23.5430273 ] } },
{ "type": "Feature", "properties": { "fid": 211043, "CNPJ": "41828234000109", "IDCIDADE": "SAO_PAULO", "NOMEFANTASIA": "ADEILSON_DIAS_DAMASCENO_37693300805", "RAZAOSOCIAL": "BORYS_NUTRI_SUPLEMENTOS", "ENDEE": "AVENIDA_MIGUEL_ACHIOLE_DA_FONSECA1586__JARDIM_SAO_PAULO_08430-120", "LMAPS": "https://www.google.com/maps?q=&layer=c&cbll=-23.5593365,-46.4046269", "O_QUE_FAZER": "FINALIZADO", "ER_REGIAO_CIDADE_min": "Capital Leste II_Guaianases" }, "geometry": { "type": "Point", "coordinates": [ -46.4046269, -23.5593365 ] } },
{ "type": "Feature", "properties": { "fid": 211398, "CNPJ": "41903689000141", "IDCIDADE": "SAO_PAULO", "NOMEFANTASIA": "GUAIANAZES_CALCADOS_LTDA", "RAZAOSOCIAL": "CAIAN_CALCADOS", "ENDEE": "RUA_SALVADOR_GIANETTI1136__GUAIANASES_08410-000", "LMAPS": "https://www.google.com/maps?q=&layer=c&cbll=-23.5438544,-46.4113505", "O_QUE_FAZER": "FINALIZADO", "ER_REGIAO_CIDADE_min": "Capital Leste II_Guaianases" }, "geometry": { "type": "Point", "coordinates": [ -46.4113505, -23.5438544 ] } },
{ "type": "Feature", "properties": { "fid": 211422, "CNPJ": "41909449000154", "IDCIDADE": "SAO_PAULO", "NOMEFANTASIA": "LIBER_L&A_COLCHOES_LTDA", "RAZAOSOCIAL": "ANSELMO_FARIAS_SOARES", "ENDEE": "RUA_BENTO_SOARES_MOTA132__JARDIM_SAO_PAULO(ZONA_LESTE)_08412-180", "LMAPS": "https://www.google.com/maps?q=&layer=c&cbll=-23.5595701,-46.4107203", "O_QUE_FAZER": "FINALIZADO", "ER_REGIAO_CIDADE_min": "Capital Leste II_Guaianases" }, "geometry": { "type": "Point", "coordinates": [ -46.4107203, -23.5595701 ] } },
{ "type": "Feature", "properties": { "fid": 214119, "CNPJ": "42523351000127", "IDCIDADE": "SAO_PAULO", "NOMEFANTASIA": "ACAIDERA_FAST", "RAZAOSOCIAL": "LUCAS_TEIXEIRA_AMORIM_DA_SILVA", "ENDEE": "RUA_OTELO_AUGUSTO_RIBEIRO1020__GUAIANAZES_08412-000", "LMAPS": "https://www.google.com/maps?q=&layer=c&cbll=-23.552214,-46.4065992", "O_QUE_FAZER": "CARTEIRA", "ER_REGIAO_CIDADE_min": "Capital Leste II_Guaianases" }, "geometry": { "type": "Point", "coordinates": [ -46.4065992, -23.552214 ] } },
{ "type": "Feature", "properties": { "fid": 214306, "CNPJ": "42564387000159", "IDCIDADE": "SAO_PAULO", "NOMEFANTASIA": "G_MATTOSBOLSAS", "RAZAOSOCIAL": "MONIQUE_PINHO_DE_MATOS", "ENDEE": "RUA_SALVADOR_GIANETTI1006__GUAIANAZES_08410-000", "LMAPS": "https://www.google.com/maps?q=&layer=c&cbll=-23.5436079,-46.4125906", "O_QUE_FAZER": "CARTEIRA", "ER_REGIAO_CIDADE_min": "Capital Leste II_Guaianases" }, "geometry": { "type": "Point", "coordinates": [ -46.4125906, -23.5436079 ] } },
{ "type": "Feature", "properties": { "fid": 215113, "CNPJ": "42755469000180", "IDCIDADE": "SAO_PAULO", "NOMEFANTASIA": "OPTICA_FOCCO_LTDA", "RAZAOSOCIAL": "OPTICA_FOCCO", "ENDEE": "RUA_SALVADOR_GIANETTI1108__GUAIANASES_08410-000", "LMAPS": "https://www.google.com/maps?q=&layer=c&cbll=-23.5437191,-46.4115628", "O_QUE_FAZER": "FINALIZADO", "ER_REGIAO_CIDADE_min": "Capital Leste II_Guaianases" }, "geometry": { "type": "Point", "coordinates": [ -46.4115628, -23.5437191 ] } },
{ "type": "Feature", "properties": { "fid": 215366, "CNPJ": "42821064000101", "IDCIDADE": "SAO_PAULO", "NOMEFANTASIA": "BOSS_PORTOES_E_SERRALHERIA", "RAZAOSOCIAL": "BOSS_PORTOES_E_SERRALHERIA_LTDA", "ENDEE": "ESTRADA_ITAQUERA_GUAIANAZES2682__PARQUE_CENTRAL_08420-000", "LMAPS": "https://www.google.com/maps?q=&layer=c&cbll=-23.5433578,-46.4239071", "O_QUE_FAZER": "CARTEIRA", "ER_REGIAO_CIDADE_min": "Capital Leste II_Guaianases" }, "geometry": { "type": "Point", "coordinates": [ -46.4239071, -23.5433578 ] } },
{ "type": "Feature", "properties": { "fid": 215926, "CNPJ": "42940446000146", "IDCIDADE": "SAO_PAULO", "NOMEFANTASIA": "42.940.446_STEFANIE_MAYARA_PORTO_GALVAO", "RAZAOSOCIAL": "STEFANIE_GALVAO", "ENDEE": "RUA_RAPOSO_DA_FONSECA541__JARDIM_SAO_PAULO_08460-520", "LMAPS": "https://www.google.com/maps?q=&layer=c&cbll=-23.5574925,-46.3995178", "O_QUE_FAZER": "FINALIZADO", "ER_REGIAO_CIDADE_min": "Capital Leste II_Guaianases" }, "geometry": { "type": "Point", "coordinates": [ -46.3995178, -23.5574925 ] } },
{ "type": "Feature", "properties": { "fid": 216247, "CNPJ": "43011359000177", "IDCIDADE": "SAO_PAULO", "NOMEFANTASIA": "BAHUAN_HORTIFRUTI_E_EMPORIO", "RAZAOSOCIAL": "BAHUAN_HORTIFRUTI_E_EMPORIO_LTDA", "ENDEE": "RUA_HIPOLITO_DE_CAMARGO70__VILA_LOURDES_08410-030", "LMAPS": "https://www.google.com/maps?q=&layer=c&cbll=-23.5441538,-46.4118427", "O_QUE_FAZER": "CARTEIRA", "ER_REGIAO_CIDADE_min": "Capital Leste II_Guaianases" }, "geometry": { "type": "Point", "coordinates": [ -46.4118427, -23.5441538 ] } },
{ "type": "Feature", "properties": { "fid": 217343, "CNPJ": "43218434000175", "IDCIDADE": "SAO_PAULO", "NOMEFANTASIA": "DEPOSITO_RANDOLI", "RAZAOSOCIAL": "RANDOLI_COMERCIO_DE_MATERIAS_PARA_CONSTRUCAO", "ENDEE": "RUA_DOUTOR_RODRIGUES_DE_MIRANDA_JUNIOR125__JARDIM_SAO_PAULO_08461-450", "LMAPS": "https://www.google.com/maps?q=&layer=c&cbll=-23.5597395,-46.4042248", "O_QUE_FAZER": "CARTEIRA", "ER_REGIAO_CIDADE_min": "Capital Leste II_Guaianases" }, "geometry": { "type": "Point", "coordinates": [ -46.4042248, -23.5597395 ] } },
{ "type": "Feature", "properties": { "fid": 218739, "CNPJ": "43497247000178", "IDCIDADE": "SAO_PAULO", "NOMEFANTASIA": "IGUACU_AUTO_PECAS", "RAZAOSOCIAL": "IGUACU_AUTO_PECAS_LTDA", "ENDEE": "RUA_SATURNINO_PEREIRA650__VILA_SANTA_CRUZ_08411-000", "LMAPS": "https://www.google.com/maps?q=&layer=c&cbll=-23.5497682,-46.4127488", "O_QUE_FAZER": "CARTEIRA", "ER_REGIAO_CIDADE_min": "Capital Leste II_Guaianases" }, "geometry": { "type": "Point", "coordinates": [ -46.4127488, -23.5497682 ] } },
{ "type": "Feature", "properties": { "fid": 218766, "CNPJ": "43502881000151", "IDCIDADE": "SAO PAULO", "NOMEFANTASIA": "-", "RAZAOSOCIAL": "43.502.881_THIAGO_DOS_SANTOS_VELOSO", "ENDEE": "RUA ARCO IRIS, 137, VILA ROSEIRA II, 08466-050, SÃO PAULO, SP, BRASIL", "LMAPS": "https://www.google.com/maps?q=&layer=c&cbll=-23.5595469,-46.3947897", "O_QUE_FAZER": "CARTEIRA - FAMPE", "ER_REGIAO_CIDADE_min": "Capital Leste II_Guaianases" }, "geometry": { "type": "Point", "coordinates": [ -46.3947897, -23.5595469 ] } },
{ "type": "Feature", "properties": { "fid": 218824, "CNPJ": "43519442000151", "IDCIDADE": "SAO PAULO", "NOMEFANTASIA": "ISAC_PLATRONAGEM_RASPAGEM_MR.MAJESTC_HD_LTDA", "RAZAOSOCIAL": "ISAC_PLATRONAGEM_RASPAGEM_MR.MAJESTC_HD_LTDA", "ENDEE": "RUA ENG ERNANI COTRIN, 41, VILA PRINCESA ISABEL, 08410-450, SÃO PAULO, SP, BRASIL", "LMAPS": "https://www.google.com/maps?q=&layer=c&cbll=-23.5540224,-46.414209", "O_QUE_FAZER": "APLICAR T4", "ER_REGIAO_CIDADE_min": "Capital Leste II_Guaianases" }, "geometry": { "type": "Point", "coordinates": [ -46.414209, -23.5540224 ] } },
{ "type": "Feature", "properties": { "fid": 219201, "CNPJ": "43601614000131", "IDCIDADE": "SAO_PAULO", "NOMEFANTASIA": "OTICA_L'OREN_LTDA", "RAZAOSOCIAL": "OTICA_LOREN_LTDA", "ENDEE": "RUA_DOUTOR_RODRIGUES_DE_MIRANDA_JUNIOR119__JARDIM_SAO_PAULO_08461-450", "LMAPS": "https://www.google.com/maps?q=&layer=c&cbll=-23.5597647,-46.4042592", "O_QUE_FAZER": "FINALIZADO", "ER_REGIAO_CIDADE_min": "Capital Leste II_Guaianases" }, "geometry": { "type": "Point", "coordinates": [ -46.4042592, -23.5597647 ] } },
{ "type": "Feature", "properties": { "fid": 220564, "CNPJ": "43875300000127", "IDCIDADE": "SAO_PAULO", "NOMEFANTASIA": "MR_AUTO_CENTER", "RAZAOSOCIAL": "MARIA_RITA_MARTINS_LIMA", "ENDEE": "RUA_LUIS_MATEUS2202__JARDIM_SAO_PEDRO_08420-585", "LMAPS": "https://www.google.com/maps?q=&layer=c&cbll=-23.5611339,-46.420194", "O_QUE_FAZER": "CARTEIRA", "ER_REGIAO_CIDADE_min": "Capital Leste II_Guaianases" }, "geometry": { "type": "Point", "coordinates": [ -46.420194, -23.5611339 ] } },
{ "type": "Feature", "properties": { "fid": 221458, "CNPJ": "44051003000120", "IDCIDADE": "SAO_PAULO", "NOMEFANTASIA": "M.T_RODAS_&_PNEUS", "RAZAOSOCIAL": "ANDERSON_DE_SOUSA_DA_MOTA_-_RODAS_&_PNEUS", "ENDEE": "ESTRADA_DE_POA1574__JARDIM_SOARES_08460-000", "LMAPS": "https://www.google.com/maps?q=&layer=c&cbll=-23.5506865,-46.3973", "O_QUE_FAZER": "CARTEIRA", "ER_REGIAO_CIDADE_min": "Capital Leste II_Guaianases" }, "geometry": { "type": "Point", "coordinates": [ -46.3973, -23.5506865 ] } },
{ "type": "Feature", "properties": { "fid": 221759, "CNPJ": "44120971000140", "IDCIDADE": "SAO_PAULO", "NOMEFANTASIA": "BADU_GRILL", "RAZAOSOCIAL": "BADU_GRILL_CHURRASCARIA_LTDA", "ENDEE": "RUA_SATURNINO_PEREIRA751__VILA_SANTA_CRUZ_08411-000", "LMAPS": "https://www.google.com/maps?q=&layer=c&cbll=-23.5506578,-46.4128004", "O_QUE_FAZER": "CARTEIRA", "ER_REGIAO_CIDADE_min": "Capital Leste II_Guaianases" }, "geometry": { "type": "Point", "coordinates": [ -46.4128004, -23.5506578 ] } },
{ "type": "Feature", "properties": { "fid": 222816, "CNPJ": "44330588000117", "IDCIDADE": "SAO_PAULO", "NOMEFANTASIA": "MARIVAL_GUIMARAES_DE_SOUZA_09047187865", "RAZAOSOCIAL": "MARMORARIA", "ENDEE": "RUA_DA_PASSAGEM_FUNDA22__GUAIANASES_08411-515", "LMAPS": "https://www.google.com/maps?q=&layer=c&cbll=-23.5531765,-46.4137111", "O_QUE_FAZER": "FINALIZADO", "ER_REGIAO_CIDADE_min": "Capital Leste II_Guaianases" }, "geometry": { "type": "Point", "coordinates": [ -46.4137111, -23.5531765 ] } },
{ "type": "Feature", "properties": { "fid": 223907, "CNPJ": "44558637000173", "IDCIDADE": "SAO_PAULO", "NOMEFANTASIA": "2.A_EXPRESS_LOGISTICA_DE_ENTREGAS_LTDA", "RAZAOSOCIAL": "2A_EXPRESS", "ENDEE": "RUA_BENTO_SOARES_MOTA0__JARDIM_SAO_PAULO_08412-180", "LMAPS": "https://www.google.com/maps?q=&layer=c&cbll=-23.5602228,-46.411862", "O_QUE_FAZER": "FINALIZADO", "ER_REGIAO_CIDADE_min": "Capital Leste II_Guaianases" }, "geometry": { "type": "Point", "coordinates": [ -46.411862, -23.5602228 ] } },
{ "type": "Feature", "properties": { "fid": 224599, "CNPJ": "44687634000130", "IDCIDADE": "SAO_PAULO", "NOMEFANTASIA": "ANDERSON_LUCAS_16527737890", "RAZAOSOCIAL": "ANDERSON_LUCAS", "ENDEE": "RUA_DA_PASSAGEM_FUNDA752__GUAIANASES_08411-515", "LMAPS": "https://www.google.com/maps?q=&layer=c&cbll=-23.5586771,-46.4109283", "O_QUE_FAZER": "FINALIZADO", "ER_REGIAO_CIDADE_min": "Capital Leste II_Guaianases" }, "geometry": { "type": "Point", "coordinates": [ -46.4109283, -23.5586771 ] } },
{ "type": "Feature", "properties": { "fid": 224891, "CNPJ": "44769117000100", "IDCIDADE": "SAO_PAULO", "NOMEFANTASIA": "GABRIELA_DURAES_XAVIER_45545274847", "RAZAOSOCIAL": "JUJUBA_FESTAS", "ENDEE": "RUA_FELICIANO_DE_MENDONCA20__JARDIM_SAO_PAULO_08460-365", "LMAPS": "https://www.google.com/maps?q=&layer=c&cbll=-23.5550071,-46.4010168", "O_QUE_FAZER": "FINALIZADO", "ER_REGIAO_CIDADE_min": "Capital Leste II_Guaianases" }, "geometry": { "type": "Point", "coordinates": [ -46.4010168, -23.5550071 ] } },
{ "type": "Feature", "properties": { "fid": 226666, "CNPJ": "45168887000160", "IDCIDADE": "SAO_PAULO", "NOMEFANTASIA": "IRMAOS_TANAHARA", "RAZAOSOCIAL": "IRMAOS_TANAHARA_COMERCIO_DE_FERRAGENS_E_FERRAMENTAS_LTDA", "ENDEE": "RUA_LUIS_MATEUS393__JARDIM_SAO_PEDRO_08420-750", "LMAPS": "https://www.google.com/maps?q=&layer=c&cbll=-23.5459171,-46.4259158", "O_QUE_FAZER": "CARTEIRA", "ER_REGIAO_CIDADE_min": "Capital Leste II_Guaianases" }, "geometry": { "type": "Point", "coordinates": [ -46.4259158, -23.5459171 ] } },
{ "type": "Feature", "properties": { "fid": 226778, "CNPJ": "45195739000134", "IDCIDADE": "SAO_PAULO", "NOMEFANTASIA": "L_D_INOX_COMERCIO_LTDA", "RAZAOSOCIAL": "LD_INOX_COMERCIO", "ENDEE": "RUA_DA_PASSAGEM_FUNDA874__GUAIANASES_08411-515", "LMAPS": "https://www.google.com/maps?q=&layer=c&cbll=-23.5590983,-46.4116502", "O_QUE_FAZER": "FINALIZADO", "ER_REGIAO_CIDADE_min": "Capital Leste II_Guaianases" }, "geometry": { "type": "Point", "coordinates": [ -46.4116502, -23.5590983 ] } },
{ "type": "Feature", "properties": { "fid": 227137, "CNPJ": "45269429000117", "IDCIDADE": "SAO PAULO", "NOMEFANTASIA": "Mercado_da_Vila", "RAZAOSOCIAL": "MERCADO_DA_VILA_JARDIM_SAO_PAULO_LTDA", "ENDEE": "RUA PIRES DE AVILA, 205, LETRA B, JARDIM SAO PAULOZONA LESTE, 08461-330, SÃO PAULO, SP, BRASIL", "LMAPS": "https://www.google.com/maps?q=&layer=c&cbll=-23.5589467,-46.4083724", "O_QUE_FAZER": "CARTEIRA - FAMPE", "ER_REGIAO_CIDADE_min": "Capital Leste II_Guaianases" }, "geometry": { "type": "Point", "coordinates": [ -46.4083724, -23.5589467 ] } },
{ "type": "Feature", "properties": { "fid": 227304, "CNPJ": "45307927000107", "IDCIDADE": "SAO_PAULO", "NOMEFANTASIA": "45.307.927_PAULA_DE_JESUS_LIMA_NOGUEIRA", "RAZAOSOCIAL": "PAULINHA_EMBALAGENS_E_FESTAS", "ENDEE": "RUA_OTELO_AUGUSTO_RIBEIRO657__GUAIANASES_08412-000", "LMAPS": "https://www.google.com/maps?q=&layer=c&cbll=-23.5493919,-46.4074857", "O_QUE_FAZER": "FINALIZADO", "ER_REGIAO_CIDADE_min": "Capital Leste II_Guaianases" }, "geometry": { "type": "Point", "coordinates": [ -46.4074857, -23.5493919 ] } },
{ "type": "Feature", "properties": { "fid": 228586, "CNPJ": "45594674000108", "IDCIDADE": "SAO_PAULO", "NOMEFANTASIA": "E._S._SILVA_BAR", "RAZAOSOCIAL": "RESTAURANTE_DO_BAHIA", "ENDEE": "RUA_JERONIMO_DIAS_RIBEIRO107__JARDIM_SAO_PAULO_08461-560", "LMAPS": "https://www.google.com/maps?q=&layer=c&cbll=-23.5603092,-46.3984467", "O_QUE_FAZER": "FINALIZADO", "ER_REGIAO_CIDADE_min": "Capital Leste II_Guaianases" }, "geometry": { "type": "Point", "coordinates": [ -46.3984467, -23.5603092 ] } },
{ "type": "Feature", "properties": { "fid": 229122, "CNPJ": "45707840000127", "IDCIDADE": "SAO_PAULO", "NOMEFANTASIA": "PADARIA_FLOR_DE_GUAIANASES", "RAZAOSOCIAL": "PADARIA_FLOR_DE_GUAIANAZES_LTDA", "ENDEE": "RUA_OTELO_AUGUSTO_RIBEIRO289__GUAIANAZES_08412-000", "LMAPS": "https://www.google.com/maps?q=&layer=c&cbll=-23.5460232,-46.4091566", "O_QUE_FAZER": "CARTEIRA", "ER_REGIAO_CIDADE_min": "Capital Leste II_Guaianases" }, "geometry": { "type": "Point", "coordinates": [ -46.4091566, -23.5460232 ] } },
{ "type": "Feature", "properties": { "fid": 229331, "CNPJ": "45748212000190", "IDCIDADE": "SAO_PAULO", "NOMEFANTASIA": "PREMIUM_HOUSE_DE_COR", "RAZAOSOCIAL": "LC_PRIME_MOVEIS_E_DECORACAO_SLU_LTDA", "ENDEE": "AVENIDA_MIGUEL_ACHIOLE_DA_FONCECA1490__JARDIM_SAO_PAULO_08461-110", "LMAPS": "https://www.google.com/maps?q=&layer=c&cbll=-23.5591465,-46.4037832", "O_QUE_FAZER": "CARTEIRA", "ER_REGIAO_CIDADE_min": "Capital Leste II_Guaianases" }, "geometry": { "type": "Point", "coordinates": [ -46.4037832, -23.5591465 ] } },
{ "type": "Feature", "properties": { "fid": 229668, "CNPJ": "45811344000119", "IDCIDADE": "SAO_PAULO", "NOMEFANTASIA": "EMANUEL_GOMES_DA_SILVA_48809491831", "RAZAOSOCIAL": "MANUTENCER_ACESSORIOS", "ENDEE": "RUA_COUTINHO_E_MELO7084__CONJUNTO_HABITACIONAL_SITIO_CO_08411-090", "LMAPS": "https://www.google.com/maps?q=&layer=c&cbll=-23.5503374,-46.4095372", "O_QUE_FAZER": "FINALIZADO", "ER_REGIAO_CIDADE_min": "Capital Leste II_Guaianases" }, "geometry": { "type": "Point", "coordinates": [ -46.4095372, -23.5503374 ] } },
{ "type": "Feature", "properties": { "fid": 231133, "CNPJ": "46083302000171", "IDCIDADE": "SAO_PAULO", "NOMEFANTASIA": "IMPERIO_DIMAS", "RAZAOSOCIAL": "CENTER_CARNES_DIMAS_LTDA", "ENDEE": "RUA_CRISTOVAO_MENDES19__JARDIM_SAO_PAULO_08460-360", "LMAPS": "https://www.google.com/maps?q=&layer=c&cbll=-23.5525026,-46.3993846", "O_QUE_FAZER": "CARTEIRA", "ER_REGIAO_CIDADE_min": "Capital Leste II_Guaianases" }, "geometry": { "type": "Point", "coordinates": [ -46.3993846, -23.5525026 ] } },
{ "type": "Feature", "properties": { "fid": 231396, "CNPJ": "46147238000145", "IDCIDADE": "SAO_PAULO", "NOMEFANTASIA": "VIVIANE_BATISTA_BORGES_SERVICOS_ADMINISTRATIVOS_LTDA", "RAZAOSOCIAL": "JUL_SERVICOS_ADMINISTRATIVOS", "ENDEE": "RUA_OTELO_AUGUSTO_RIBEIRO1100__GUAIANAZES_08412-000", "LMAPS": "https://www.google.com/maps?q=&layer=c&cbll=-23.5526085,-46.406976", "O_QUE_FAZER": "FINALIZADO", "ER_REGIAO_CIDADE_min": "Capital Leste II_Guaianases" }, "geometry": { "type": "Point", "coordinates": [ -46.406976, -23.5526085 ] } },
{ "type": "Feature", "properties": { "fid": 231650, "CNPJ": "46196181000174", "IDCIDADE": "SAO_PAULO", "NOMEFANTASIA": "ODONTO_SMART", "RAZAOSOCIAL": "ODONTO_SMART_LTDA", "ENDEE": "RUA_LUIS_MATEUS251__JARDIM_SAO_PEDRO_08420-750", "LMAPS": "https://www.google.com/maps?q=&layer=c&cbll=-23.5448443,-46.4252652", "O_QUE_FAZER": "CARTEIRA", "ER_REGIAO_CIDADE_min": "Capital Leste II_Guaianases" }, "geometry": { "type": "Point", "coordinates": [ -46.4252652, -23.5448443 ] } },
{ "type": "Feature", "properties": { "fid": 232139, "CNPJ": "46296805000125", "IDCIDADE": "SAO_PAULO", "NOMEFANTASIA": "SORRIX_ODONTOLOGIA", "RAZAOSOCIAL": "JK_ODONTOLOGIA_LTDA", "ENDEE": "RUA_HIPOLITO_DE_CAMARGO71__VILA_LOURDES_08410-030", "LMAPS": "https://www.google.com/maps?q=&layer=c&cbll=-23.5442872,-46.411973", "O_QUE_FAZER": "CARTEIRA", "ER_REGIAO_CIDADE_min": "Capital Leste II_Guaianases" }, "geometry": { "type": "Point", "coordinates": [ -46.411973, -23.5442872 ] } },
{ "type": "Feature", "properties": { "fid": 233833, "CNPJ": "46641184000170", "IDCIDADE": "SAO PAULO", "NOMEFANTASIA": "Ecogreen", "RAZAOSOCIAL": "ECOGREEN_CONSTRUCOES_E_PAVIMENTACAO_LTDA", "ENDEE": "RUA JACQUES LACAN, 69, LETRA A, JARDIM SÃO PAULO(ZONA LESTE), 08461-125, SÃO PAULO, SP, BRASIL", "LMAPS": "https://www.google.com/maps?q=&layer=c&cbll=-23.5551909,-46.4003813", "O_QUE_FAZER": "CARTEIRA - FAMPE", "ER_REGIAO_CIDADE_min": "Capital Leste II_Guaianases" }, "geometry": { "type": "Point", "coordinates": [ -46.4003813, -23.5551909 ] } },
{ "type": "Feature", "properties": { "fid": 233931, "CNPJ": "46658586000187", "IDCIDADE": "SAO_PAULO", "NOMEFANTASIA": "VENTURA_PHARMA", "RAZAOSOCIAL": "DROGARIA_E.L_VENTURA_LTDA", "ENDEE": "RUA_DA_PASSAGEM_FUNDA990__VILA_SANTA_CRUZ_08411-010", "LMAPS": "https://www.google.com/maps?q=&layer=c&cbll=-23.5595136,-46.4126971", "O_QUE_FAZER": "CARTEIRA", "ER_REGIAO_CIDADE_min": "Capital Leste II_Guaianases" }, "geometry": { "type": "Point", "coordinates": [ -46.4126971, -23.5595136 ] } },
{ "type": "Feature", "properties": { "fid": 234456, "CNPJ": "46768557000178", "IDCIDADE": "SAO_PAULO", "NOMEFANTASIA": "CASA_DE_CARNE_PAI_HEROI_II", "RAZAOSOCIAL": "CASA_DE_CARNE_&_ROTISSERIE_PAI_HEROI_LTDA", "ENDEE": "RUA_SATURNINO_PEREIRA818__VILA_ZEFIRA_08411-000", "LMAPS": "https://www.google.com/maps?q=&layer=c&cbll=-23.5513033,-46.4132196", "O_QUE_FAZER": "CARTEIRA", "ER_REGIAO_CIDADE_min": "Capital Leste II_Guaianases" }, "geometry": { "type": "Point", "coordinates": [ -46.4132196, -23.5513033 ] } },
{ "type": "Feature", "properties": { "fid": 234588, "CNPJ": "46795810000182", "IDCIDADE": "SAO_PAULO", "NOMEFANTASIA": "DAIANE_DE_FREITAS_SILVA_34812425816", "RAZAOSOCIAL": "STUDIO_DAIANE_FREITAS", "ENDEE": "RUA_NABUCO_DE_ABREU4__GUAIANASES_08410-190", "LMAPS": "https://www.google.com/maps?q=&layer=c&cbll=-23.5433037,-46.4170593", "O_QUE_FAZER": "FINALIZADO", "ER_REGIAO_CIDADE_min": "Capital Leste II_Guaianases" }, "geometry": { "type": "Point", "coordinates": [ -46.4170593, -23.5433037 ] } },
{ "type": "Feature", "properties": { "fid": 235383, "CNPJ": "46958489000100", "IDCIDADE": "SAO_PAULO", "NOMEFANTASIA": null, "RAZAOSOCIAL": "MAURICIO_TEIXEIRA_NUNES_35835677812", "ENDEE": "RUA_EVALDO CALABREZ_1023_VILA PRINCESA ISABEL_08410-070_SAO_PAULO", "LMAPS": "https://www.google.com/maps?q=&layer=c&cbll=-23.5492328,-46.4194622", "O_QUE_FAZER": "FINALIZADO", "ER_REGIAO_CIDADE_min": "Capital Leste II_Guaianases" }, "geometry": { "type": "Point", "coordinates": [ -46.4194622, -23.5492328 ] } },
{ "type": "Feature", "properties": { "fid": 235501, "CNPJ": "46981095000172", "IDCIDADE": "SAO_PAULO", "NOMEFANTASIA": "OTICAS_MERCADOTICA", "RAZAOSOCIAL": "JPY_OTICA_LTDA", "ENDEE": "RUA_DOUTOR_MEIRA_PENA114__VILA_LOURDES_08410-080", "LMAPS": "https://www.google.com/maps?q=&layer=c&cbll=-23.5439837,-46.4155135", "O_QUE_FAZER": "CARTEIRA", "ER_REGIAO_CIDADE_min": "Capital Leste II_Guaianases" }, "geometry": { "type": "Point", "coordinates": [ -46.4155135, -23.5439837 ] } },
{ "type": "Feature", "properties": { "fid": 236206, "CNPJ": "47117945000151", "IDCIDADE": "SAO_PAULO", "NOMEFANTASIA": "OFICINA_PRIME", "RAZAOSOCIAL": "OFICINA_PRIME_MANUTENCAO_E_COMERCIO_DE_PECAS_LTDA", "ENDEE": "RUA_SARTUNINO_PEREIRA700__VILA_ZEFIRA_08411-085", "LMAPS": "https://www.google.com/maps?q=&layer=c&cbll=-23.5501087,-46.4128932", "O_QUE_FAZER": "CARTEIRA", "ER_REGIAO_CIDADE_min": "Capital Leste II_Guaianases" }, "geometry": { "type": "Point", "coordinates": [ -46.4128932, -23.5501087 ] } },
{ "type": "Feature", "properties": { "fid": 236903, "CNPJ": "47259364000154", "IDCIDADE": "SAO PAULO", "NOMEFANTASIA": null, "RAZAOSOCIAL": "CAMILA_QUEIROZ_DA_SILVA_42802934813", "ENDEE": "RUA JOSE PINTO MARTINS, 63, CASA 2, VILA AUREA, 08411-250, SÃO PAULO, SP, BRASIL", "LMAPS": "https://www.google.com/maps?q=&layer=c&cbll=-23.553167,-46.4076246", "O_QUE_FAZER": "CARTEIRA - FAMPE", "ER_REGIAO_CIDADE_min": "Capital Leste II_Guaianases" }, "geometry": { "type": "Point", "coordinates": [ -46.4076246, -23.553167 ] } },
{ "type": "Feature", "properties": { "fid": 236948, "CNPJ": "47270940000164", "IDCIDADE": "SAO_PAULO", "NOMEFANTASIA": "FABIANA_CILENE", "RAZAOSOCIAL": "47.270.940_FABIANA_CILENE_SIMOES", "ENDEE": "CASTELO_DE_LECA_259_JARDIM_SOARES_SAO_PAULO_08460-161", "LMAPS": "https://www.google.com/maps?q=&layer=c&cbll=-23.5495534,-46.4027292", "O_QUE_FAZER": "APLICAR T4", "ER_REGIAO_CIDADE_min": "Capital Leste II_Guaianases" }, "geometry": { "type": "Point", "coordinates": [ -46.4027292, -23.5495534 ] } },
{ "type": "Feature", "properties": { "fid": 237108, "CNPJ": "47308758000155", "IDCIDADE": "SAO_PAULO", "NOMEFANTASIA": "HORTIFRUTI_VIMAR", "RAZAOSOCIAL": "HORTIFRUTI_JD_MAIA_LTDA", "ENDEE": "RUA_HIPOLITO_DE_CAMARGO70__VILA_LOURDES_08410-030", "LMAPS": "https://www.google.com/maps?q=&layer=c&cbll=-23.5440613,-46.4118135", "O_QUE_FAZER": "CARTEIRA", "ER_REGIAO_CIDADE_min": "Capital Leste II_Guaianases" }, "geometry": { "type": "Point", "coordinates": [ -46.4118135, -23.5440613 ] } },
{ "type": "Feature", "properties": { "fid": 237261, "CNPJ": "47337788000190", "IDCIDADE": "SAO_PAULO", "NOMEFANTASIA": "ALEXANDER_RIBEIRO_DOS_SANTOS_29555827869", "RAZAOSOCIAL": "EMBALAGENS_GENESIS", "ENDEE": "RUA_JOSE_GARCIA_BRAGA34__VILA_PRINCESA_ISABEL_08410-470", "LMAPS": "https://www.google.com/maps?q=&layer=c&cbll=-23.5528376,-46.4141176", "O_QUE_FAZER": "FINALIZADO", "ER_REGIAO_CIDADE_min": "Capital Leste II_Guaianases" }, "geometry": { "type": "Point", "coordinates": [ -46.4141176, -23.5528376 ] } },
{ "type": "Feature", "properties": { "fid": 237892, "CNPJ": "47461475000149", "IDCIDADE": "SAO_PAULO", "NOMEFANTASIA": "ACHIOLE_BAR_LTDA", "RAZAOSOCIAL": "ACHILOE_BAR", "ENDEE": "AVENIDA_MIGUEL_ACHIOLE_DA_FONCECA74__JARDIM_SAO_PAULO_08461-110", "LMAPS": "https://www.google.com/maps?q=&layer=c&cbll=-23.5529722,-46.4057076", "O_QUE_FAZER": "FINALIZADO", "ER_REGIAO_CIDADE_min": "Capital Leste II_Guaianases" }, "geometry": { "type": "Point", "coordinates": [ -46.4057076, -23.5529722 ] } },
{ "type": "Feature", "properties": { "fid": 237976, "CNPJ": "47481558000108", "IDCIDADE": "SAO_PAULO", "NOMEFANTASIA": "BAR_E_RESTAURANTE_J&G_CAMPANELA", "RAZAOSOCIAL": "GUILHERMINA_DIAS_DA_SILVA", "ENDEE": "RUA_JOSE_GARCIA_BRAGA32__VILA_PRINCESA_ISABEL_08410-470", "LMAPS": "https://www.google.com/maps?q=&layer=c&cbll=-23.5529833,-46.4142309", "O_QUE_FAZER": "CARTEIRA", "ER_REGIAO_CIDADE_min": "Capital Leste II_Guaianases" }, "geometry": { "type": "Point", "coordinates": [ -46.4142309, -23.5529833 ] } },
{ "type": "Feature", "properties": { "fid": 238142, "CNPJ": "47523138000139", "IDCIDADE": "SAO_PAULO", "NOMEFANTASIA": "FOCCO_FIT_ACADEMIA", "RAZAOSOCIAL": "FOCCO_FIT_ACADEMIA_LTDA", "ENDEE": "AVENIDA_MIGUEL_ACHIOLE_DA_FONSECA389__JARDIM_SAO_PAULO_08461-110", "LMAPS": "https://www.google.com/maps?q=&layer=c&cbll=-23.554122,-46.4027412", "O_QUE_FAZER": "CARTEIRA", "ER_REGIAO_CIDADE_min": "Capital Leste II_Guaianases" }, "geometry": { "type": "Point", "coordinates": [ -46.4027412, -23.554122 ] } },
{ "type": "Feature", "properties": { "fid": 239167, "CNPJ": "47751157000112", "IDCIDADE": "SAO_PAULO", "NOMEFANTASIA": "DEK_FIT_ACADEMIA_LTDA", "RAZAOSOCIAL": "DEK_FIT_ACADEMIA", "ENDEE": "RUA_OTELO_AUGUSTO_RIBEIRO591__GUAIANASES_08412-100", "LMAPS": "https://www.google.com/maps?q=&layer=c&cbll=-23.5488702,-46.4077761", "O_QUE_FAZER": "FINALIZADO", "ER_REGIAO_CIDADE_min": "Capital Leste II_Guaianases" }, "geometry": { "type": "Point", "coordinates": [ -46.4077761, -23.5488702 ] } },
{ "type": "Feature", "properties": { "fid": 239807, "CNPJ": "47887461000191", "IDCIDADE": "SAO_PAULO", "NOMEFANTASIA": "HELENA_MITIKO_DA_SILVA", "RAZAOSOCIAL": "HELENA_MITIKO_DA_SILVA", "ENDEE": "PRACA_NOSSA_SENHORA_DA_GLORIA51__JARDIM_SAO_PAULO_08460-367", "LMAPS": "https://www.google.com/maps?q=&layer=c&cbll=-23.5542676,-46.4012271", "O_QUE_FAZER": "CARTEIRA", "ER_REGIAO_CIDADE_min": "Capital Leste II_Guaianases" }, "geometry": { "type": "Point", "coordinates": [ -46.4012271, -23.5542676 ] } },
{ "type": "Feature", "properties": { "fid": 240542, "CNPJ": "48028010000161", "IDCIDADE": "SAO_PAULO", "NOMEFANTASIA": null, "RAZAOSOCIAL": "MARCIO_CARLOS_DIAS_17248553875", "ENDEE": "RUA_EVALDO CALABREZ_126_VILA PRINCESA ISABEL_08410-070_SAO_PAULO", "LMAPS": "https://www.google.com/maps?q=&layer=c&cbll=-23.544611,-46.4149241", "O_QUE_FAZER": "FINALIZADO", "ER_REGIAO_CIDADE_min": "Capital Leste II_Guaianases" }, "geometry": { "type": "Point", "coordinates": [ -46.4149241, -23.544611 ] } },
{ "type": "Feature", "properties": { "fid": 241203, "CNPJ": "48169899000105", "IDCIDADE": "SAO_PAULO", "NOMEFANTASIA": "FLUXENERGY", "RAZAOSOCIAL": "48.169.899_VITOR_HUGO_BORGES", "ENDEE": "OTELO_AUGUSTO_RIBEIRO_940_GUAIANAZES_SAO_PAULO_08412-000", "LMAPS": "https://www.google.com/maps?q=&layer=c&cbll=-23.5520302,-46.406642", "O_QUE_FAZER": "APLICAR T4", "ER_REGIAO_CIDADE_min": "Capital Leste II_Guaianases" }, "geometry": { "type": "Point", "coordinates": [ -46.406642, -23.5520302 ] } },
{ "type": "Feature", "properties": { "fid": 241959, "CNPJ": "48318805000104", "IDCIDADE": "SAO_PAULO", "NOMEFANTASIA": "48.318.805_WILIAM_DA_SILVA_FIRMINO", "RAZAOSOCIAL": "VERDE_CASA", "ENDEE": "ESTRADA_DE_POA236__JARDIM_SOARES_08460-245", "LMAPS": "https://www.google.com/maps?q=&layer=c&cbll=-23.546293,-46.4080328", "O_QUE_FAZER": "FINALIZADO", "ER_REGIAO_CIDADE_min": "Capital Leste II_Guaianases" }, "geometry": { "type": "Point", "coordinates": [ -46.4080328, -23.546293 ] } },
{ "type": "Feature", "properties": { "fid": 241987, "CNPJ": "48323904000184", "IDCIDADE": "SAO_PAULO", "NOMEFANTASIA": "FOOD_PARK_GUAIANAZES", "RAZAOSOCIAL": "FOOD_PARK_GUAIANAZES_LTDA", "ENDEE": "RUA_HIPOLITO_DE_CAMARGO401__VILA_LOURDES_08410-030", "LMAPS": "https://www.google.com/maps?q=&layer=c&cbll=-23.5435563,-46.4151976", "O_QUE_FAZER": "CARTEIRA", "ER_REGIAO_CIDADE_min": "Capital Leste II_Guaianases" }, "geometry": { "type": "Point", "coordinates": [ -46.4151976, -23.5435563 ] } },
{ "type": "Feature", "properties": { "fid": 242788, "CNPJ": "48473851000188", "IDCIDADE": "SAO PAULO", "NOMEFANTASIA": "-", "RAZAOSOCIAL": "48.473.851_JOAO_EVANGELISTA_SANTOS_PINHEIRO", "ENDEE": "RUA JACQUES LACAN, 355, CASA 4, JARDIM SAO PAULO(ZONA LESTE), 08461-125, SÃO PAULO, SP, BRASIL", "LMAPS": "https://www.google.com/maps?q=&layer=c&cbll=-23.5554731,-46.3992811", "O_QUE_FAZER": "CARTEIRA - FAMPE", "ER_REGIAO_CIDADE_min": "Capital Leste II_Guaianases" }, "geometry": { "type": "Point", "coordinates": [ -46.3992811, -23.5554731 ] } },
{ "type": "Feature", "properties": { "fid": 243655, "CNPJ": "48647733000149", "IDCIDADE": "SAO_PAULO", "NOMEFANTASIA": "GAMA_VET", "RAZAOSOCIAL": "GAMAVETT_CLINICA_VETERINARIA_LTDA", "ENDEE": "RUA_SATURNINO_PEREIRA592__VILA_SANTA_CRUZ_08411-000", "LMAPS": "https://www.google.com/maps?q=&layer=c&cbll=-23.5492822,-46.4125774", "O_QUE_FAZER": "CARTEIRA", "ER_REGIAO_CIDADE_min": "Capital Leste II_Guaianases" }, "geometry": { "type": "Point", "coordinates": [ -46.4125774, -23.5492822 ] } },
{ "type": "Feature", "properties": { "fid": 244187, "CNPJ": "48751065000103", "IDCIDADE": "SAO_PAULO", "NOMEFANTASIA": "GIL_GAS", "RAZAOSOCIAL": "ACG_ADMINISTRADORA_LTDA", "ENDEE": "RUA_CASTANHA_DA_SILVA20__JARDIM_SAO_PAULO_08461-110", "LMAPS": "https://www.google.com/maps?q=&layer=c&cbll=-23.5538913,-46.4038103", "O_QUE_FAZER": "CARTEIRA", "ER_REGIAO_CIDADE_min": "Capital Leste II_Guaianases" }, "geometry": { "type": "Point", "coordinates": [ -46.4038103, -23.5538913 ] } },
{ "type": "Feature", "properties": { "fid": 245256, "CNPJ": "48979571000146", "IDCIDADE": "SAO_PAULO", "NOMEFANTASIA": "48.979.571_LUCAS_BARROS_DA_SILVA", "RAZAOSOCIAL": "TAPECARIA_NOVA_ERA", "ENDEE": "AVENIDA_MIGUEL_ACHIOLE_DA_FONSECA1870__JARDIM_SAO_PAULO_08461-110", "LMAPS": "https://www.google.com/maps?q=&layer=c&cbll=-23.5599395,-46.4074032", "O_QUE_FAZER": "FINALIZADO", "ER_REGIAO_CIDADE_min": "Capital Leste II_Guaianases" }, "geometry": { "type": "Point", "coordinates": [ -46.4074032, -23.5599395 ] } },
{ "type": "Feature", "properties": { "fid": 245767, "CNPJ": "49129264000139", "IDCIDADE": "SAO_PAULO", "NOMEFANTASIA": "49.129.264_MARIA_ANGELICA_DA_SILVA_CARVALHO", "RAZAOSOCIAL": "STUDIO_BELISSIMAS_HAIR", "ENDEE": "RUA_DOUTOR_MEIRA_PENA144__VILA_LOURDES_08410-080", "LMAPS": "https://www.google.com/maps?q=&layer=c&cbll=-23.5442153,-46.4156944", "O_QUE_FAZER": "FINALIZADO", "ER_REGIAO_CIDADE_min": "Capital Leste II_Guaianases" }, "geometry": { "type": "Point", "coordinates": [ -46.4156944, -23.5442153 ] } },
{ "type": "Feature", "properties": { "fid": 246199, "CNPJ": "49225520000191", "IDCIDADE": "SAO_PAULO", "NOMEFANTASIA": "49.225.520_INGRID_FERREIRA_SILVA", "RAZAOSOCIAL": "CLOSET_DA_LORIN", "ENDEE": "ESTRADA_NOSSA_SENHORA_DA_FONTE55__JARDIM_MARPU_08410-440", "LMAPS": "https://www.google.com/maps?q=&layer=c&cbll=-23.544814,-46.4121118", "O_QUE_FAZER": "FINALIZADO", "ER_REGIAO_CIDADE_min": "Capital Leste II_Guaianases" }, "geometry": { "type": "Point", "coordinates": [ -46.4121118, -23.544814 ] } },
{ "type": "Feature", "properties": { "fid": 246529, "CNPJ": "49296490000104", "IDCIDADE": "SAO_PAULO", "NOMEFANTASIA": "SHOPPING_REAL", "RAZAOSOCIAL": "MERCADO_E_UTILIDADES_MARCATTO_LTDA", "ENDEE": "RUA_HIPOLITO_DE_CAMARGO50__VILA_LOURDES_08410-030", "LMAPS": "https://www.google.com/maps?q=&layer=c&cbll=-23.5441745,-46.4115983", "O_QUE_FAZER": "CARTEIRA", "ER_REGIAO_CIDADE_min": "Capital Leste II_Guaianases" }, "geometry": { "type": "Point", "coordinates": [ -46.4115983, -23.5441745 ] } },
{ "type": "Feature", "properties": { "fid": 247269, "CNPJ": "49467453000111", "IDCIDADE": "SAO_PAULO", "NOMEFANTASIA": "49.467.453_PAULO_REIS_DA_COSTA", "RAZAOSOCIAL": "REIS_CONTRACOES", "ENDEE": "RUA_DOUTOR_ALCIDES_DA_COSTA_VIDIGAL30__JARDIM_SAO_PAULO_08461-470", "LMAPS": "https://www.google.com/maps?q=&layer=c&cbll=-23.5615614,-46.4085727", "O_QUE_FAZER": "FINALIZADO", "ER_REGIAO_CIDADE_min": "Capital Leste II_Guaianases" }, "geometry": { "type": "Point", "coordinates": [ -46.4085727, -23.5615614 ] } },
{ "type": "Feature", "properties": { "fid": 247898, "CNPJ": "49598086000195", "IDCIDADE": "SAO_PAULO", "NOMEFANTASIA": "GRAFICA_&_CELL_LTDA", "RAZAOSOCIAL": "GRAFICA_&_CELL_LTDA", "ENDEE": "RUA_LUIS_MATEUS449__JARDIM_SAO_PEDRO_08420-585", "LMAPS": "https://www.google.com/maps?q=&layer=c&cbll=-23.546501,-46.4261468", "O_QUE_FAZER": "FINALIZADO", "ER_REGIAO_CIDADE_min": "Capital Leste II_Guaianases" }, "geometry": { "type": "Point", "coordinates": [ -46.4261468, -23.546501 ] } },
{ "type": "Feature", "properties": { "fid": 248229, "CNPJ": "49661529000145", "IDCIDADE": "SAO_PAULO", "NOMEFANTASIA": "49.661.529_BRUNA_CRISTINA_RICIERI_SAMPAIO_SILVA", "RAZAOSOCIAL": "APRECIAREM_BOLOS", "ENDEE": "RUA_PROFESSOR_MELO_PAIVA10__GUAIANASES_08410-180", "LMAPS": "https://www.google.com/maps?q=&layer=c&cbll=-23.5432893,-46.4169499", "O_QUE_FAZER": "FINALIZADO", "ER_REGIAO_CIDADE_min": "Capital Leste II_Guaianases" }, "geometry": { "type": "Point", "coordinates": [ -46.4169499, -23.5432893 ] } },
{ "type": "Feature", "properties": { "fid": 248234, "CNPJ": "49663628000166", "IDCIDADE": "SAO_PAULO", "NOMEFANTASIA": "TIGRAO_CALCADOS", "RAZAOSOCIAL": "TIGRAO_MODA_JOVEM_E_CALCADOS_LTDA", "ENDEE": "RUA_SALVADOR_GIANETTI1000__GUAIANAZES_08410-000", "LMAPS": "https://www.google.com/maps?q=&layer=c&cbll=-23.5434984,-46.412566", "O_QUE_FAZER": "CARTEIRA", "ER_REGIAO_CIDADE_min": "Capital Leste II_Guaianases" }, "geometry": { "type": "Point", "coordinates": [ -46.412566, -23.5434984 ] } },
{ "type": "Feature", "properties": { "fid": 248363, "CNPJ": "49688184000113", "IDCIDADE": "SAO_PAULO", "NOMEFANTASIA": "MANOEL_MESSIAS_PEREIRA_AVELINO", "RAZAOSOCIAL": "MANOEL_MESSIAS_PEREIRA_AVELINO_LTDA", "ENDEE": "AVENIDA_MIGUEL_ACHIOLE_DA_FONSECA403__JARDIM_SAO_PAULO_08461-110", "LMAPS": "https://www.google.com/maps?q=&layer=c&cbll=-23.5540824,-46.4024488", "O_QUE_FAZER": "CARTEIRA", "ER_REGIAO_CIDADE_min": "Capital Leste II_Guaianases" }, "geometry": { "type": "Point", "coordinates": [ -46.4024488, -23.5540824 ] } },
{ "type": "Feature", "properties": { "fid": 248942, "CNPJ": "49803713000182", "IDCIDADE": "SAO PAULO", "NOMEFANTASIA": "Okan", "RAZAOSOCIAL": "OKAN_ODONTOLOGIA_HUMANIZADA_LTDA", "ENDEE": "RUA HIPÓLITO DE CAMARGO, 230, SLJ SOBRELOJA, VILA LOURDES, 08410-030, SÃO PAULO, SP, BRASIL", "LMAPS": "https://www.google.com/maps?q=&layer=c&cbll=-23.5437208,-46.4133576", "O_QUE_FAZER": "CARTEIRA - FAMPE", "ER_REGIAO_CIDADE_min": "Capital Leste II_Guaianases" }, "geometry": { "type": "Point", "coordinates": [ -46.4133576, -23.5437208 ] } },
{ "type": "Feature", "properties": { "fid": 249634, "CNPJ": "49935120000170", "IDCIDADE": "SAO_PAULO", "NOMEFANTASIA": "MP_CAR_AUTO_CENTER", "RAZAOSOCIAL": "MPCAR_AUTO_CENTER_LTDA", "ENDEE": "RUA_SATURNINO_PEREIRA534__VILA_SANTA_CRUZ_08411-000", "LMAPS": "https://www.google.com/maps?q=&layer=c&cbll=-23.5488118,-46.4124927", "O_QUE_FAZER": "CARTEIRA", "ER_REGIAO_CIDADE_min": "Capital Leste II_Guaianases" }, "geometry": { "type": "Point", "coordinates": [ -46.4124927, -23.5488118 ] } },
{ "type": "Feature", "properties": { "fid": 250339, "CNPJ": "50065883000196", "IDCIDADE": "SAO_PAULO", "NOMEFANTASIA": "MERCADO_MOURA", "RAZAOSOCIAL": "COMERCIO_DE_PRODUTOS_ALIMENTICIOS_CELEPAN_LTDA", "ENDEE": "ESTRADA_NOSSA_SENHORA_DA_FONTE52__GUAIANAZES_08410-440", "LMAPS": "https://www.google.com/maps?q=&layer=c&cbll=-23.5446416,-46.4122243", "O_QUE_FAZER": "CARTEIRA", "ER_REGIAO_CIDADE_min": "Capital Leste II_Guaianases" }, "geometry": { "type": "Point", "coordinates": [ -46.4122243, -23.5446416 ] } },
{ "type": "Feature", "properties": { "fid": 250557, "CNPJ": "50102122000167", "IDCIDADE": "SAO PAULO", "NOMEFANTASIA": "-", "RAZAOSOCIAL": "50.102.122_THAIS_DE_SA_ALLEGRO", "ENDEE": "RUA DOUTOR RODRIGUES DE ALMEIDA, 82, VILA BUENOS AIRES, 08411-350, SÃO PAULO, SP, BRASIL", "LMAPS": "https://www.google.com/maps?q=&layer=c&cbll=-23.5537377,-46.4183366", "O_QUE_FAZER": "CARTEIRA - FAMPE", "ER_REGIAO_CIDADE_min": "Capital Leste II_Guaianases" }, "geometry": { "type": "Point", "coordinates": [ -46.4183366, -23.5537377 ] } },
{ "type": "Feature", "properties": { "fid": 250767, "CNPJ": "50145154000140", "IDCIDADE": "SAO_PAULO", "NOMEFANTASIA": "50.145.154_MARIA_VALDENICE_DE_OLIVEIRA_CINTRA", "RAZAOSOCIAL": "OTICA_CINTRA", "ENDEE": "RUA_HIPOLITO_DE_CAMARGO32__VILA_LOURDES_08411-009", "LMAPS": "https://www.google.com/maps?q=&layer=c&cbll=-23.5442116,-46.4114555", "O_QUE_FAZER": "FINALIZADO", "ER_REGIAO_CIDADE_min": "Capital Leste II_Guaianases" }, "geometry": { "type": "Point", "coordinates": [ -46.4114555, -23.5442116 ] } },
{ "type": "Feature", "properties": { "fid": 251465, "CNPJ": "50279921000103", "IDCIDADE": "SAO_PAULO", "NOMEFANTASIA": "50.279.921_THAIS_FERNANDA_RAFAEL_DOS_SANTOS", "RAZAOSOCIAL": "ATELIE_THAIS_FERNANDA", "ENDEE": "AVENIDA_MIGUEL_ACHIOLE_DA_FONSECA1331__JARDIM_SAO_PAULO_08430-120", "LMAPS": "https://www.google.com/maps?q=&layer=c&cbll=-23.5592213,-46.4021748", "O_QUE_FAZER": "FINALIZADO", "ER_REGIAO_CIDADE_min": "Capital Leste II_Guaianases" }, "geometry": { "type": "Point", "coordinates": [ -46.4021748, -23.5592213 ] } },
{ "type": "Feature", "properties": { "fid": 251913, "CNPJ": "50377033000123", "IDCIDADE": "SAO_PAULO", "NOMEFANTASIA": "THOR_PRODUTOS_E_ACESSORIOS_OPTICOS_LTDA", "RAZAOSOCIAL": "THOR_PRODUTOS_E_ACESSORIOS_OTICOS", "ENDEE": "RUA_SALVADOR_GIANETTI876__GUAIANASES_08410-000", "LMAPS": "https://www.google.com/maps?q=&layer=c&cbll=-23.5432612,-46.4138356", "O_QUE_FAZER": "FINALIZADO", "ER_REGIAO_CIDADE_min": "Capital Leste II_Guaianases" }, "geometry": { "type": "Point", "coordinates": [ -46.4138356, -23.5432612 ] } },
{ "type": "Feature", "properties": { "fid": 251992, "CNPJ": "50392257000104", "IDCIDADE": "SAO_PAULO", "NOMEFANTASIA": "OTICA_GUAIANA", "RAZAOSOCIAL": "OTICA_GUAIANA_LTDA", "ENDEE": "RUA_SALVADOR_GIANETTI1026__GUAIANAZES_08410-000", "LMAPS": "https://www.google.com/maps?q=&layer=c&cbll=-23.5434836,-46.4123684", "O_QUE_FAZER": "CARTEIRA", "ER_REGIAO_CIDADE_min": "Capital Leste II_Guaianases" }, "geometry": { "type": "Point", "coordinates": [ -46.4123684, -23.5434836 ] } },
{ "type": "Feature", "properties": { "fid": 252583, "CNPJ": "50530452000153", "IDCIDADE": "SAO_PAULO", "NOMEFANTASIA": "50.530.452_WILSON_DOS_SANTOS_THOMAS", "RAZAOSOCIAL": "50.530.452_WILSON_DOS_SANTOS_THOMAS", "ENDEE": "RUA_MACABU168__JARDIM_SAO_CARLOS_08411-470", "LMAPS": "https://www.google.com/maps?q=&layer=c&cbll=-23.5585319,-46.4144055", "O_QUE_FAZER": "APLICAR T4", "ER_REGIAO_CIDADE_min": "Capital Leste II_Guaianases" }, "geometry": { "type": "Point", "coordinates": [ -46.4144055, -23.5585319 ] } },
{ "type": "Feature", "properties": { "fid": 252671, "CNPJ": "50549445000101", "IDCIDADE": "SAO_PAULO", "NOMEFANTASIA": "DUDU_EMPORIO", "RAZAOSOCIAL": "DUDU_EMPORIO_LTDA", "ENDEE": "RUA_OTELO_AUGUSTO_RIBEIRO228__GUAIANAZES_08412-000", "LMAPS": "https://www.google.com/maps?q=&layer=c&cbll=-23.5456911,-46.4095292", "O_QUE_FAZER": "APLICAR T2", "ER_REGIAO_CIDADE_min": "Capital Leste II_Guaianases" }, "geometry": { "type": "Point", "coordinates": [ -46.4095292, -23.5456911 ] } },
{ "type": "Feature", "properties": { "fid": 253068, "CNPJ": "50624517000120", "IDCIDADE": "SAO_PAULO", "NOMEFANTASIA": "GP_CASA_DE_MATERIAIS_PARA_CONSTRUCAO", "RAZAOSOCIAL": "GP_CASA_DE_MATERIAIS_PARA_CONSTRUCAO", "ENDEE": "AVENIDA_MIGUEL_ACHIOLE_DA_FONSECA897__JARDIM_SAO_PAULO_08461-110", "LMAPS": "https://www.google.com/maps?q=&layer=c&cbll=-23.5580189,-46.3994559", "O_QUE_FAZER": "CARTEIRA", "ER_REGIAO_CIDADE_min": "Capital Leste II_Guaianases" }, "geometry": { "type": "Point", "coordinates": [ -46.3994559, -23.5580189 ] } },
{ "type": "Feature", "properties": { "fid": 253374, "CNPJ": "50688888000175", "IDCIDADE": "SAO_PAULO", "NOMEFANTASIA": "50.688.888_FILIPE_RODRIGUES", "RAZAOSOCIAL": "MAGIA_DOS_ORIXAS", "ENDEE": "RUA_AGUANAMBI55__VILA_POPULAR_08461-140", "LMAPS": "https://www.google.com/maps?q=&layer=c&cbll=-23.5549048,-46.4052182", "O_QUE_FAZER": "FINALIZADO", "ER_REGIAO_CIDADE_min": "Capital Leste II_Guaianases" }, "geometry": { "type": "Point", "coordinates": [ -46.4052182, -23.5549048 ] } },
{ "type": "Feature", "properties": { "fid": 254251, "CNPJ": "50849747000197", "IDCIDADE": "SAO_PAULO", "NOMEFANTASIA": "ACADEMIA_CAIMAN_MONSTER_FIT_LTDA", "RAZAOSOCIAL": "ACADEMIA_CAIMAM_MONSTER_FIT", "ENDEE": "AVENIDA_MIGUEL_DA_FONSECA1502__JARDIM_SAO_PAULO_08430-120", "LMAPS": "https://www.google.com/maps?q=&layer=c&cbll=-23.5591483,-46.4038423", "O_QUE_FAZER": "FINALIZADO", "ER_REGIAO_CIDADE_min": "Capital Leste II_Guaianases" }, "geometry": { "type": "Point", "coordinates": [ -46.4038423, -23.5591483 ] } },
{ "type": "Feature", "properties": { "fid": 254947, "CNPJ": "50981426000141", "IDCIDADE": "SAO_PAULO", "NOMEFANTASIA": "DROGARIA_FARMENOS", "RAZAOSOCIAL": "DROGARIA_LUNA_&_RO_LTDA", "ENDEE": "RUA_HIPOLITO_DE_CAMARGO7__VILA_LOURDES_08410-030", "LMAPS": "https://www.google.com/maps?q=&layer=c&cbll=-23.5433806,-46.4156672", "O_QUE_FAZER": "CARTEIRA", "ER_REGIAO_CIDADE_min": "Capital Leste II_Guaianases" }, "geometry": { "type": "Point", "coordinates": [ -46.4156672, -23.5433806 ] } },
{ "type": "Feature", "properties": { "fid": 258036, "CNPJ": "51589570000108", "IDCIDADE": "SAO_PAULO", "NOMEFANTASIA": "AUTO_ESCOLA_SECULO_XX", "RAZAOSOCIAL": "CENTRO_DE_FORMACAO_DE_CONDUTORES_AB_ANTIGA_MASTER_LTDA", "ENDEE": "RUA_HIPOLITO_DE_CAMARGO280__VILA_LOURDES_08410-030", "LMAPS": "https://www.google.com/maps?q=&layer=c&cbll=-23.5436609,-46.4137139", "O_QUE_FAZER": "CARTEIRA", "ER_REGIAO_CIDADE_min": "Capital Leste II_Guaianases" }, "geometry": { "type": "Point", "coordinates": [ -46.4137139, -23.5436609 ] } },
{ "type": "Feature", "properties": { "fid": 260227, "CNPJ": "52027112000130", "IDCIDADE": "SAO_PAULO", "NOMEFANTASIA": "KAYAN_CALCADOS", "RAZAOSOCIAL": "MARECHAL_DEODORO_CALCADOS_LTDA", "ENDEE": "RUA_SALVADOR_GIANETTI1136__GUAIANAZES_08410-000", "LMAPS": "https://www.google.com/maps?q=&layer=c&cbll=-23.5438008,-46.4112905", "O_QUE_FAZER": "CARTEIRA", "ER_REGIAO_CIDADE_min": "Capital Leste II_Guaianases" }, "geometry": { "type": "Point", "coordinates": [ -46.4112905, -23.5438008 ] } },
{ "type": "Feature", "properties": { "fid": 261541, "CNPJ": "52301140000101", "IDCIDADE": "SAO_PAULO", "NOMEFANTASIA": "RELO_CENTER", "RAZAOSOCIAL": "RELOCENTER_OTICA_JOIAS_E_RELOGIOS_LTDA", "ENDEE": "RUA_SALVADOR_GIANETTI988__GUAIANAZES_08410-000", "LMAPS": "https://www.google.com/maps?q=&layer=c&cbll=-23.5434063,-46.4127142", "O_QUE_FAZER": "CARTEIRA", "ER_REGIAO_CIDADE_min": "Capital Leste II_Guaianases" }, "geometry": { "type": "Point", "coordinates": [ -46.4127142, -23.5434063 ] } },
{ "type": "Feature", "properties": { "fid": 262326, "CNPJ": "52463238000157", "IDCIDADE": "SAO_PAULO", "NOMEFANTASIA": "RD_AUTO_SERVICOS_MECANICA_LTDA", "RAZAOSOCIAL": "RD_AUTO_MECANICA", "ENDEE": "AVENIDA_DA_PASSAGEM_FUNDA870__VILA_SANTA_CRUZ_(ZONA_LESTE)_08411-010", "LMAPS": "https://www.google.com/maps?q=&layer=c&cbll=-23.5531906,-46.4134902", "O_QUE_FAZER": "FINALIZADO", "ER_REGIAO_CIDADE_min": "Capital Leste II_Guaianases" }, "geometry": { "type": "Point", "coordinates": [ -46.4134902, -23.5531906 ] } },
{ "type": "Feature", "properties": { "fid": 262363, "CNPJ": "52472494000100", "IDCIDADE": "SAO_PAULO", "NOMEFANTASIA": "52.472.494_EDILEUSA_ARAUJO_DO_NASCIMENTO", "RAZAOSOCIAL": "STUDIO_EDILEUZA_HAIR", "ENDEE": "RUA_JERONIMO_DIAS_RIBEIRO59__JARDIM_SAO_PAULO_08461-560", "LMAPS": "https://www.google.com/maps?q=&layer=c&cbll=-23.5602187,-46.3984496", "O_QUE_FAZER": "FINALIZADO", "ER_REGIAO_CIDADE_min": "Capital Leste II_Guaianases" }, "geometry": { "type": "Point", "coordinates": [ -46.3984496, -23.5602187 ] } },
{ "type": "Feature", "properties": { "fid": 262423, "CNPJ": "52483282000129", "IDCIDADE": "SAO_PAULO", "NOMEFANTASIA": "52.483.282_REGIANE_SALES_MOURA", "RAZAOSOCIAL": "AKIM_TEM", "ENDEE": "AVENIDA_MIGUEL_ACHIOLE_DA_FONCECA1081__JARDIM_SAO_PAULO_08461-110", "LMAPS": "https://www.google.com/maps?q=&layer=c&cbll=-23.5589569,-46.4000572", "O_QUE_FAZER": "FINALIZADO", "ER_REGIAO_CIDADE_min": "Capital Leste II_Guaianases" }, "geometry": { "type": "Point", "coordinates": [ -46.4000572, -23.5589569 ] } },
{ "type": "Feature", "properties": { "fid": 262749, "CNPJ": "52548596000162", "IDCIDADE": "SAO_PAULO", "NOMEFANTASIA": "52.548.596_OTHON_CORREIA_DA_SILVA", "RAZAOSOCIAL": "ACAI_DO_TOM", "ENDEE": "AVENIDA_RIBEIRAO_ITAQUERA29__PARQUE_CENTRAL_08420-500", "LMAPS": "https://www.google.com/maps?q=&layer=c&cbll=-23.5438297,-46.4229614", "O_QUE_FAZER": "FINALIZADO", "ER_REGIAO_CIDADE_min": "Capital Leste II_Guaianases" }, "geometry": { "type": "Point", "coordinates": [ -46.4229614, -23.5438297 ] } },
{ "type": "Feature", "properties": { "fid": 263351, "CNPJ": "52669711000157", "IDCIDADE": "SAO_PAULO", "NOMEFANTASIA": "LOJA_DA_DONA_MAGARIDA", "RAZAOSOCIAL": "LOJA_DA_DONA_MARGARIDA_LTDA", "ENDEE": "AVENIDA_MIGUEL_ACHIOLE_DA_FONCECA1569__JARDIM_SAO_PAULO_08461-110", "LMAPS": "https://www.google.com/maps?q=&layer=c&cbll=-23.5595777,-46.4044513", "O_QUE_FAZER": "CARTEIRA", "ER_REGIAO_CIDADE_min": "Capital Leste II_Guaianases" }, "geometry": { "type": "Point", "coordinates": [ -46.4044513, -23.5595777 ] } },
{ "type": "Feature", "properties": { "fid": 263592, "CNPJ": "52716119000169", "IDCIDADE": "SAO_PAULO", "NOMEFANTASIA": "SORVETERIA_OGGI", "RAZAOSOCIAL": "WL_&_VN_COMERCIO_DE_PRODUTOS_ALIMENTICIOS_LTDA", "ENDEE": "RUA_OTELO_AUGUSTO_RIBEIRO729__GUAIANAZES_08412-000", "LMAPS": "https://www.google.com/maps?q=&layer=c&cbll=-23.5496702,-46.4073881", "O_QUE_FAZER": "CARTEIRA", "ER_REGIAO_CIDADE_min": "Capital Leste II_Guaianases" }, "geometry": { "type": "Point", "coordinates": [ -46.4073881, -23.5496702 ] } },
{ "type": "Feature", "properties": { "fid": 263689, "CNPJ": "52736681000154", "IDCIDADE": "SAO_PAULO", "NOMEFANTASIA": "OGGI_SORVETERIA", "RAZAOSOCIAL": "LDL_SORVETES_LTDA", "ENDEE": "RUA_SATURNINO_PEREIRA674__VILA_SANTA_CRUZ_08411-000", "LMAPS": "https://www.google.com/maps?q=&layer=c&cbll=-23.5499655,-46.4128018", "O_QUE_FAZER": "CARTEIRA", "ER_REGIAO_CIDADE_min": "Capital Leste II_Guaianases" }, "geometry": { "type": "Point", "coordinates": [ -46.4128018, -23.5499655 ] } },
{ "type": "Feature", "properties": { "fid": 263834, "CNPJ": "52771038000161", "IDCIDADE": "SAO_PAULO", "NOMEFANTASIA": "52.771.038_WILSON_SANTIAGO_DA_SILVA", "RAZAOSOCIAL": "WILSON_ACESSORIOS_AUTOMOTIVOS", "ENDEE": "AVENIDA_MIGUEL_ACHIOLE_DA_FONCECA456__JARDIM_SAO_PAULO_08461-110", "LMAPS": "https://www.google.com/maps?q=&layer=c&cbll=-23.5543749,-46.402323", "O_QUE_FAZER": "FINALIZADO", "ER_REGIAO_CIDADE_min": "Capital Leste II_Guaianases" }, "geometry": { "type": "Point", "coordinates": [ -46.402323, -23.5543749 ] } },
{ "type": "Feature", "properties": { "fid": 264183, "CNPJ": "52843531000140", "IDCIDADE": "SAO PAULO", "NOMEFANTASIA": "-", "RAZAOSOCIAL": "52.843.531_VANUSA_LUZIA_DA_SILVA", "ENDEE": "RUA BELA VISTA, 2F, VILA ROSEIRA II, 08466-080, SÃO PAULO, SP, BRASIL", "LMAPS": "https://www.google.com/maps?q=&layer=c&cbll=-23.5626495,-46.3952728", "O_QUE_FAZER": "CARTEIRA - FAMPE", "ER_REGIAO_CIDADE_min": "Capital Leste II_Guaianases" }, "geometry": { "type": "Point", "coordinates": [ -46.3952728, -23.5626495 ] } },
{ "type": "Feature", "properties": { "fid": 264224, "CNPJ": "52850504000102", "IDCIDADE": "SAO_PAULO", "NOMEFANTASIA": "BAR_E_LANCHONETE_CROATA", "RAZAOSOCIAL": "BAR_E_LANCHONETE_CROATA_LTDA", "ENDEE": "ESTRADA_DE_POA224__JARDIM_SOARES_08460-000", "LMAPS": "https://www.google.com/maps?q=&layer=c&cbll=-23.5528501,-46.3945411", "O_QUE_FAZER": "CARTEIRA", "ER_REGIAO_CIDADE_min": "Capital Leste II_Guaianases" }, "geometry": { "type": "Point", "coordinates": [ -46.3945411, -23.5528501 ] } },
{ "type": "Feature", "properties": { "fid": 264439, "CNPJ": "52900260000117", "IDCIDADE": "SAO_PAULO", "NOMEFANTASIA": "KAIROS_ELETRO_E_MAGAZINE_LTDA", "RAZAOSOCIAL": "CAIROS_ELETRO_MAGAZINE_LTDQ", "ENDEE": "RUA_JERONIMO_DIAS_RIBEIRO28__JARDIM_SAO_PAULO_08461-560", "LMAPS": "https://www.google.com/maps?q=&layer=c&cbll=-23.5595812,-46.3991221", "O_QUE_FAZER": "FINALIZADO", "ER_REGIAO_CIDADE_min": "Capital Leste II_Guaianases" }, "geometry": { "type": "Point", "coordinates": [ -46.3991221, -23.5595812 ] } },
{ "type": "Feature", "properties": { "fid": 264877, "CNPJ": "52995875000174", "IDCIDADE": "SAO_PAULO", "NOMEFANTASIA": "BAZAR_MIYUKI", "RAZAOSOCIAL": "BAZAR_MIYUKI_LTDA", "ENDEE": "RUA_OTELO_AUGUSTO_RIBEIRO335__GUAIANAZES_08412-000", "LMAPS": "https://www.google.com/maps?q=&layer=c&cbll=-23.5465404,-46.4089891", "O_QUE_FAZER": "CARTEIRA", "ER_REGIAO_CIDADE_min": "Capital Leste II_Guaianases" }, "geometry": { "type": "Point", "coordinates": [ -46.4089891, -23.5465404 ] } },
{ "type": "Feature", "properties": { "fid": 264890, "CNPJ": "52997896000129", "IDCIDADE": "SAO_PAULO", "NOMEFANTASIA": "TORRES_RADIADORES_E_AR_-_CONDICIONADO_LTDA", "RAZAOSOCIAL": "TORRES_RADIADORES_E_AR_CONDICIONADO", "ENDEE": "RUA_DA_PASSAGEM_FUNDA992__GUAIANASES_08411-515", "LMAPS": "https://www.google.com/maps?q=&layer=c&cbll=-23.5594342,-46.4127197", "O_QUE_FAZER": "FINALIZADO", "ER_REGIAO_CIDADE_min": "Capital Leste II_Guaianases" }, "geometry": { "type": "Point", "coordinates": [ -46.4127197, -23.5594342 ] } },
{ "type": "Feature", "properties": { "fid": 265926, "CNPJ": "53250281000105", "IDCIDADE": "SAO_PAULO", "NOMEFANTASIA": "ADV7_FARMA", "RAZAOSOCIAL": "ADV7_FARMA_GUAIANASES_LTDA", "ENDEE": "RUA_SATURNINO_PEREIRA860__VILA_ZEFIRA_08411-000", "LMAPS": "https://www.google.com/maps?q=&layer=c&cbll=-23.5515692,-46.4132733", "O_QUE_FAZER": "CARTEIRA", "ER_REGIAO_CIDADE_min": "Capital Leste II_Guaianases" }, "geometry": { "type": "Point", "coordinates": [ -46.4132733, -23.5515692 ] } },
{ "type": "Feature", "properties": { "fid": 266500, "CNPJ": "53379483000143", "IDCIDADE": "SAO_PAULO", "NOMEFANTASIA": "SERGIO_DESPACHANTE", "RAZAOSOCIAL": "SERGIO_DESPACHANTE_LTDA", "ENDEE": "RUA_CLARINIA14__GUAIANAZES_08460-010", "LMAPS": "https://www.google.com/maps?q=&layer=c&cbll=-23.5447934,-46.4092447", "O_QUE_FAZER": "CARTEIRA", "ER_REGIAO_CIDADE_min": "Capital Leste II_Guaianases" }, "geometry": { "type": "Point", "coordinates": [ -46.4092447, -23.5447934 ] } },
{ "type": "Feature", "properties": { "fid": 267043, "CNPJ": "53517385000125", "IDCIDADE": "SAO_PAULO", "NOMEFANTASIA": "53.517.385_CAROLINE_MALHEIROS_SOUZA_MELO", "RAZAOSOCIAL": "MO_IMPRESSOES", "ENDEE": "RUA_OTELO_AUGUSTO_RIBEIRO318__GUAIANASES_08412-000", "LMAPS": "https://www.google.com/maps?q=&layer=c&cbll=-23.5465101,-46.4092208", "O_QUE_FAZER": "FINALIZADO", "ER_REGIAO_CIDADE_min": "Capital Leste II_Guaianases" }, "geometry": { "type": "Point", "coordinates": [ -46.4092208, -23.5465101 ] } },
{ "type": "Feature", "properties": { "fid": 267645, "CNPJ": "53651501000102", "IDCIDADE": "SAO_PAULO", "NOMEFANTASIA": "XODO", "RAZAOSOCIAL": "COMERCIAL_XODO_LTDA", "ENDEE": "RUA_HIPOLITO_DE_CAMARGO54__VILA_LOURDES_08410-030", "LMAPS": "https://www.google.com/maps?q=&layer=c&cbll=-23.5440448,-46.4116691", "O_QUE_FAZER": "CARTEIRA", "ER_REGIAO_CIDADE_min": "Capital Leste II_Guaianases" }, "geometry": { "type": "Point", "coordinates": [ -46.4116691, -23.5440448 ] } },
{ "type": "Feature", "properties": { "fid": 267866, "CNPJ": "53708735000130", "IDCIDADE": "SAO_PAULO", "NOMEFANTASIA": "ARS_-_CONFECCAO_E_COMERCIO", "RAZAOSOCIAL": "ARS_-_CONFECCAO_E_COMERCIO_DE_ROUPAS_LTDA", "ENDEE": "RUA_OTELO_AUGUSTO_RIBEIRO796__GUAIANAZES_08412-000", "LMAPS": "https://www.google.com/maps?q=&layer=c&cbll=-23.5500839,-46.4072255", "O_QUE_FAZER": "CARTEIRA", "ER_REGIAO_CIDADE_min": "Capital Leste II_Guaianases" }, "geometry": { "type": "Point", "coordinates": [ -46.4072255, -23.5500839 ] } },
{ "type": "Feature", "properties": { "fid": 268781, "CNPJ": "53914062000175", "IDCIDADE": "SAO_PAULO", "NOMEFANTASIA": "J.F.S_UTILIDADES_DOMESTICAS_LTDA", "RAZAOSOCIAL": "LOJAO_DO_REAL", "ENDEE": "RUA_JERONIMO_DIAS_RIBEIRO100__JARDIM_SAO_PAULO_08461-560", "LMAPS": "https://www.google.com/maps?q=&layer=c&cbll=-23.5604598,-46.3988946", "O_QUE_FAZER": "FINALIZADO", "ER_REGIAO_CIDADE_min": "Capital Leste II_Guaianases" }, "geometry": { "type": "Point", "coordinates": [ -46.3988946, -23.5604598 ] } },
{ "type": "Feature", "properties": { "fid": 269174, "CNPJ": "54002844000109", "IDCIDADE": "SAO_PAULO", "NOMEFANTASIA": "54.002.844_PRISCILA_FERREIRA_RODRIGUES", "RAZAOSOCIAL": "PRI_COSMETICOS", "ENDEE": "AVENIDA_MIGUEL_ACHIOLE_DA_FONSECA692__VILA_POPULAR_08461-110", "LMAPS": "https://www.google.com/maps?q=&layer=c&cbll=-23.5556965,-46.4009024", "O_QUE_FAZER": "FINALIZADO", "ER_REGIAO_CIDADE_min": "Capital Leste II_Guaianases" }, "geometry": { "type": "Point", "coordinates": [ -46.4009024, -23.5556965 ] } },
{ "type": "Feature", "properties": { "fid": 269268, "CNPJ": "54025761000127", "IDCIDADE": "SAO_PAULO", "NOMEFANTASIA": "MONTOVANI_GELATO_&_DELICIAS", "RAZAOSOCIAL": "MONTOVANI_GELATO_&_DELICIAS_LTDA", "ENDEE": "RUA_OTELO_AUGUSTO_RIBEIRO782__GUAIANAZES_08412-000", "LMAPS": "https://www.google.com/maps?q=&layer=c&cbll=-23.5501099,-46.4072257", "O_QUE_FAZER": "CARTEIRA", "ER_REGIAO_CIDADE_min": "Capital Leste II_Guaianases" }, "geometry": { "type": "Point", "coordinates": [ -46.4072257, -23.5501099 ] } },
{ "type": "Feature", "properties": { "fid": 269387, "CNPJ": "54048111000105", "IDCIDADE": "SAO_PAULO", "NOMEFANTASIA": "TALLES_PET_SHOP", "RAZAOSOCIAL": "TELLES_PET_SHOP_E_MINIMERCADO_LTDA", "ENDEE": "RUA_DOUTOR_RODRIGUES_DE_MIRANDA_JUNIOR28__JARDIM_SAO_PAULO_08461-450", "LMAPS": "https://www.google.com/maps?q=&layer=c&cbll=-23.5591798,-46.4043864", "O_QUE_FAZER": "CARTEIRA", "ER_REGIAO_CIDADE_min": "Capital Leste II_Guaianases" }, "geometry": { "type": "Point", "coordinates": [ -46.4043864, -23.5591798 ] } },
{ "type": "Feature", "properties": { "fid": 269962, "CNPJ": "54174074000173", "IDCIDADE": "SAO_PAULO", "NOMEFANTASIA": "ACADEMIA_HIPER_ATIVO_2", "RAZAOSOCIAL": "PAMILES_ALMEIDA_ACADEMIA_LTDA", "ENDEE": "AVENIDA_MIGUEL_ACHIOLE_DA_FONCECA642__JARDIM_SAO_PAULO_08461-110", "LMAPS": "https://www.google.com/maps?q=&layer=c&cbll=-23.5552478,-46.4011868", "O_QUE_FAZER": "CARTEIRA", "ER_REGIAO_CIDADE_min": "Capital Leste II_Guaianases" }, "geometry": { "type": "Point", "coordinates": [ -46.4011868, -23.5552478 ] } },
{ "type": "Feature", "properties": { "fid": 270210, "CNPJ": "54228465000123", "IDCIDADE": "SAO_PAULO", "NOMEFANTASIA": "NELSON_DIORIO_JUNIOR", "RAZAOSOCIAL": "DIORIO_ARTIGOS_ESPORTIVOS", "ENDEE": "RUA_SALVADOR_GIANETTI968__GUAIANASES_08410-000", "LMAPS": "https://www.google.com/maps?q=&layer=c&cbll=-23.5435009,-46.4129562", "O_QUE_FAZER": "FINALIZADO", "ER_REGIAO_CIDADE_min": "Capital Leste II_Guaianases" }, "geometry": { "type": "Point", "coordinates": [ -46.4129562, -23.5435009 ] } },
{ "type": "Feature", "properties": { "fid": 270590, "CNPJ": "54305151000187", "IDCIDADE": "SAO_PAULO", "NOMEFANTASIA": "ACADEMIA_DEMAIS_FITNESS", "RAZAOSOCIAL": "ACADEMIA_SANTOS_LTDA", "ENDEE": "RUA_DA_PASSAGEM_FUNDA351__VILA_SANTA_CRUZ_08411-010", "LMAPS": "https://www.google.com/maps?q=&layer=c&cbll=-23.5555653,-46.4121298", "O_QUE_FAZER": "CARTEIRA", "ER_REGIAO_CIDADE_min": "Capital Leste II_Guaianases" }, "geometry": { "type": "Point", "coordinates": [ -46.4121298, -23.5555653 ] } },
{ "type": "Feature", "properties": { "fid": 271011, "CNPJ": "54402098000132", "IDCIDADE": "SAO_PAULO", "NOMEFANTASIA": "FERRAGENS_LEITAO", "RAZAOSOCIAL": "L.A_DA_SILVA_DEPOSITO_DE_CONSTRUCOES", "ENDEE": "AVENIDA_MIGUEL_ACHIOLE_DA_FONCECA506__JARDIM_SAO_PAULO_08461-110", "LMAPS": "https://www.google.com/maps?q=&layer=c&cbll=-23.5545381,-46.4016626", "O_QUE_FAZER": "CARTEIRA", "ER_REGIAO_CIDADE_min": "Capital Leste II_Guaianases" }, "geometry": { "type": "Point", "coordinates": [ -46.4016626, -23.5545381 ] } },
{ "type": "Feature", "properties": { "fid": 271176, "CNPJ": "54434923000180", "IDCIDADE": "SAO_PAULO", "NOMEFANTASIA": "MERCADO_NOSSA_CASA", "RAZAOSOCIAL": "MINIMERCADO_NOSSA_CASA_LTDA", "ENDEE": "RUA_SATURNINO_PEREIRA847__VILA_ZEFIRA_08411-000", "LMAPS": "https://www.google.com/maps?q=&layer=c&cbll=-23.5514783,-46.4130386", "O_QUE_FAZER": "CARTEIRA", "ER_REGIAO_CIDADE_min": "Capital Leste II_Guaianases" }, "geometry": { "type": "Point", "coordinates": [ -46.4130386, -23.5514783 ] } },
{ "type": "Feature", "properties": { "fid": 271565, "CNPJ": "54514611000187", "IDCIDADE": "SAO_PAULO", "NOMEFANTASIA": "PADARIA_NOVA_JARDIM_SAO_PAULO", "RAZAOSOCIAL": "PADARIA_NOVA_JARDIM_SAO_PAULO_LTDA", "ENDEE": "AVENIDA_MIGUEL_ACHIOLE_DA_FONCECA1518__JARDIM_SAO_PAULO_08461-110", "LMAPS": "https://www.google.com/maps?q=&layer=c&cbll=-23.5592443,-46.4041462", "O_QUE_FAZER": "CARTEIRA", "ER_REGIAO_CIDADE_min": "Capital Leste II_Guaianases" }, "geometry": { "type": "Point", "coordinates": [ -46.4041462, -23.5592443 ] } },
{ "type": "Feature", "properties": { "fid": 271816, "CNPJ": "54573881000169", "IDCIDADE": "SAO_PAULO", "NOMEFANTASIA": "JUNIOR_PET_SHOP_LTDA", "RAZAOSOCIAL": "JUNIOR_PET_SHOP_LTDA", "ENDEE": "RUA_SALVADOR_GIANETTI228__GUAIANASES_08410-000", "LMAPS": "https://www.google.com/maps?q=&layer=c&cbll=-23.5427236,-46.4201132", "O_QUE_FAZER": "FINALIZADO", "ER_REGIAO_CIDADE_min": "Capital Leste II_Guaianases" }, "geometry": { "type": "Point", "coordinates": [ -46.4201132, -23.5427236 ] } },
{ "type": "Feature", "properties": { "fid": 272276, "CNPJ": "54667729000145", "IDCIDADE": "SAO_PAULO", "NOMEFANTASIA": "54.667.729_MARLUCIA_RIBEIRO_FERREIRA", "RAZAOSOCIAL": "ATELIE_THAIS_FERNANDA", "ENDEE": "AVENIDA_MIGUEL_ACHIOLE_DA_FONSECA1331__JARDINS_RECANTO_DAS_ROSAS_08461-110", "LMAPS": "https://www.google.com/maps?q=&layer=c&cbll=-23.5593201,-46.402168", "O_QUE_FAZER": "FINALIZADO", "ER_REGIAO_CIDADE_min": "Capital Leste II_Guaianases" }, "geometry": { "type": "Point", "coordinates": [ -46.402168, -23.5593201 ] } },
{ "type": "Feature", "properties": { "fid": 272518, "CNPJ": "54722603000126", "IDCIDADE": "SAO_PAULO", "NOMEFANTASIA": "ACQUA_MENDES_LTDA", "RAZAOSOCIAL": "AKA_MENDES", "ENDEE": "AVENIDA_MIGUEL_ACHIOLE_DA_FONCECA342__JARDIM_SAO_PAULO_08461-110", "LMAPS": "https://www.google.com/maps?q=&layer=c&cbll=-23.5541955,-46.4029838", "O_QUE_FAZER": "FINALIZADO", "ER_REGIAO_CIDADE_min": "Capital Leste II_Guaianases" }, "geometry": { "type": "Point", "coordinates": [ -46.4029838, -23.5541955 ] } },
{ "type": "Feature", "properties": { "fid": 273474, "CNPJ": "54935002000100", "IDCIDADE": "SAO_PAULO", "NOMEFANTASIA": "AUTO_ESCOLA_SECULO_XX", "RAZAOSOCIAL": "AUTO_ESCOLA_BELLI_&_AMAT_LTDA", "ENDEE": "RUA_LUIS_MATEUS263__JARDIM_SAO_PEDRO_08420-750", "LMAPS": "https://www.google.com/maps?q=&layer=c&cbll=-23.544929,-46.4253954", "O_QUE_FAZER": "CARTEIRA", "ER_REGIAO_CIDADE_min": "Capital Leste II_Guaianases" }, "geometry": { "type": "Point", "coordinates": [ -46.4253954, -23.544929 ] } },
{ "type": "Feature", "properties": { "fid": 275527, "CNPJ": "55408149000104", "IDCIDADE": "SAO_PAULO", "NOMEFANTASIA": "55.408.149_FLAVIA_MARIA_ALVES_DE_LIRA", "RAZAOSOCIAL": "FLAVIA_LIRA_", "ENDEE": "RUA_HIPOLITO_DE_CAMARGO5__VILA_LOURDES_08410-030", "LMAPS": "https://www.google.com/maps?q=&layer=c&cbll=-23.5441564,-46.4109901", "O_QUE_FAZER": "FINALIZADO", "ER_REGIAO_CIDADE_min": "Capital Leste II_Guaianases" }, "geometry": { "type": "Point", "coordinates": [ -46.4109901, -23.5441564 ] } },
{ "type": "Feature", "properties": { "fid": 275999, "CNPJ": "55515041000102", "IDCIDADE": "SAO_PAULO", "NOMEFANTASIA": "KASCAO_EXPRESS", "RAZAOSOCIAL": "J_V_COMERCIO_E_SORVETES_GUAIANASES_LTDA", "ENDEE": "AVENIDA_MIGUEL_ACHIOLE_DA_FONCECA868__JARDIM_SAO_PAULO_08461-110", "LMAPS": "https://www.google.com/maps?q=&layer=c&cbll=-23.5570346,-46.3999832", "O_QUE_FAZER": "CARTEIRA", "ER_REGIAO_CIDADE_min": "Capital Leste II_Guaianases" }, "geometry": { "type": "Point", "coordinates": [ -46.3999832, -23.5570346 ] } },
{ "type": "Feature", "properties": { "fid": 276195, "CNPJ": "55564538000110", "IDCIDADE": "SAO_PAULO", "NOMEFANTASIA": "AQUARELA_FERRAGENS_&VARIEDADES", "RAZAOSOCIAL": "HELIO_ANTONIO_FREI_FILHO", "ENDEE": "AVENIDA_UTARO_KANAI201__CONJUNTO_HABITACIONAL_JUSCELINO_KUBITSCHEK_08465-000", "LMAPS": "https://www.google.com/maps?q=&layer=c&cbll=-23.5659222,-46.399851", "O_QUE_FAZER": "FINALIZADO", "ER_REGIAO_CIDADE_min": "Capital Leste II_Guaianases" }, "geometry": { "type": "Point", "coordinates": [ -46.399851, -23.5659222 ] } },
{ "type": "Feature", "properties": { "fid": 276560, "CNPJ": "55656992000100", "IDCIDADE": "SAO_PAULO", "NOMEFANTASIA": "RETIFICA_BEST_FRIENDS", "RAZAOSOCIAL": "RETIFICA_BEST_FRIENDS_LTDA", "ENDEE": "RUA_LUIS_MATEUS1558__JARDIM_SAO_PEDRO_08420-585", "LMAPS": "https://www.google.com/maps?q=&layer=c&cbll=-23.558144,-46.4221244", "O_QUE_FAZER": "CARTEIRA", "ER_REGIAO_CIDADE_min": "Capital Leste II_Guaianases" }, "geometry": { "type": "Point", "coordinates": [ -46.4221244, -23.558144 ] } },
{ "type": "Feature", "properties": { "fid": 277103, "CNPJ": "55789689000177", "IDCIDADE": "SAO_PAULO", "NOMEFANTASIA": "ELETRO_TECNICO_TEIXEIRA", "RAZAOSOCIAL": "JOAQUIM_FELICIO_TEIXEIRA", "ENDEE": "ESTRADA_DE_POA6__JARDIM_SOARES_08460-000", "LMAPS": "https://www.google.com/maps?q=&layer=c&cbll=-23.5458544,-46.4089457", "O_QUE_FAZER": "CARTEIRA", "ER_REGIAO_CIDADE_min": "Capital Leste II_Guaianases" }, "geometry": { "type": "Point", "coordinates": [ -46.4089457, -23.5458544 ] } },
{ "type": "Feature", "properties": { "fid": 277201, "CNPJ": "55816189000187", "IDCIDADE": "SAO_PAULO", "NOMEFANTASIA": "KAROL_DOCES", "RAZAOSOCIAL": "KAROL_DOCES_E_FESTAS_LTDA", "ENDEE": "AVENIDA_MIGUEL_ACHIOLE_DA_FONSECA1068__JARDIM_SAO_PAULO_08461-110", "LMAPS": "https://www.google.com/maps?q=&layer=c&cbll=-23.5584858,-46.3999967", "O_QUE_FAZER": "CARTEIRA", "ER_REGIAO_CIDADE_min": "Capital Leste II_Guaianases" }, "geometry": { "type": "Point", "coordinates": [ -46.3999967, -23.5584858 ] } },
{ "type": "Feature", "properties": { "fid": 277949, "CNPJ": "56004115000109", "IDCIDADE": "SAO PAULO", "NOMEFANTASIA": null, "RAZAOSOCIAL": "OMEGA_SUSPENSAO_E_AUTO_PECAS_LTDA", "ENDEE": "RUA ESTALEIRADOR, 88, BLOCO B APT 1704, JARDIM SOARES, 08460-240, SÃO PAULO, SP, BRASIL", "LMAPS": "https://www.google.com/maps?q=&layer=c&cbll=-23.5465678,-46.4016011", "O_QUE_FAZER": "CARTEIRA - FAMPE", "ER_REGIAO_CIDADE_min": "Capital Leste II_Guaianases" }, "geometry": { "type": "Point", "coordinates": [ -46.4016011, -23.5465678 ] } },
{ "type": "Feature", "properties": { "fid": 278225, "CNPJ": "56077990000110", "IDCIDADE": "SAO_PAULO", "NOMEFANTASIA": "DK_INSTALACAO_E_MANUTENCAO_DE_ELEVADORES_LTDA", "RAZAOSOCIAL": "DK_MONTAGEM_E_MANUTENCAO_DE_ELEVADORES", "ENDEE": "RUA_FESTA_CHINESA196__CONJUNTO_HABITACIONAL_JUSCELINO_KUBITSCHEK_08465-140", "LMAPS": "https://www.google.com/maps?q=&layer=c&cbll=-23.5675563,-46.3992071", "O_QUE_FAZER": "FINALIZADO", "ER_REGIAO_CIDADE_min": "Capital Leste II_Guaianases" }, "geometry": { "type": "Point", "coordinates": [ -46.3992071, -23.5675563 ] } },
{ "type": "Feature", "properties": { "fid": 278516, "CNPJ": "56158777001377", "IDCIDADE": "SAO_PAULO", "NOMEFANTASIA": "LIV_-_COMERCIO_ATACADISTA_E_VAREJISTA_DE_PRODUTOS_FARMACEUTICOS_LTDA", "RAZAOSOCIAL": "LIV_-_COMERCIO_ATACADISTA_E_VAREJISTA_DE_PRODUTOS_FARMACEUTICOS_LTDA_ _", "ENDEE": "RUA_SALVADOR_GIANETTI570__GUAIANASES_08410-000", "LMAPS": "https://www.google.com/maps?q=&layer=c&cbll=-23.5426238,-46.4169219", "O_QUE_FAZER": "FINALIZADO", "ER_REGIAO_CIDADE_min": "Capital Leste II_Guaianases" }, "geometry": { "type": "Point", "coordinates": [ -46.4169219, -23.5426238 ] } },
{ "type": "Feature", "properties": { "fid": 279116, "CNPJ": "56385332000196", "IDCIDADE": "SAO_PAULO", "NOMEFANTASIA": "ESQUADRIAS_ANDRADE", "RAZAOSOCIAL": "ESQUADRIAS_ANDRADE_LTDA", "ENDEE": "RUA_DA_PASSAGEM_FUNDA26__VILA_SANTA_CRUZ_08411-010", "LMAPS": "https://www.google.com/maps?q=&layer=c&cbll=-23.5551416,-46.4125967", "O_QUE_FAZER": "CARTEIRA", "ER_REGIAO_CIDADE_min": "Capital Leste II_Guaianases" }, "geometry": { "type": "Point", "coordinates": [ -46.4125967, -23.5551416 ] } },
{ "type": "Feature", "properties": { "fid": 279499, "CNPJ": "56606156000175", "IDCIDADE": "SAO_PAULO", "NOMEFANTASIA": "VIA_NATURALE", "RAZAOSOCIAL": "PHARMA_NATURALE_PRODUTOS_NATURAIS_LTDA", "ENDEE": "RUA_SALVADOR_GIANETTI1032__GUAIANAZES_08410-000", "LMAPS": "https://www.google.com/maps?q=&layer=c&cbll=-23.5435306,-46.4122503", "O_QUE_FAZER": "CARTEIRA", "ER_REGIAO_CIDADE_min": "Capital Leste II_Guaianases" }, "geometry": { "type": "Point", "coordinates": [ -46.4122503, -23.5435306 ] } },
{ "type": "Feature", "properties": { "fid": 280433, "CNPJ": "57024206000179", "IDCIDADE": "SAO PAULO", "NOMEFANTASIA": "Pflow", "RAZAOSOCIAL": "PFLOW_SERVICOS_E_COMERCIO_LTDA", "ENDEE": "RUA SANTA ANASTACIA, 35, VILA PRINCESA ISABEL, 08410-550, SÃO PAULO, SP, BRASIL", "LMAPS": "https://www.google.com/maps?q=&layer=c&cbll=-23.5510507,-46.4162802", "O_QUE_FAZER": "CARTEIRA - FAMPE", "ER_REGIAO_CIDADE_min": "Capital Leste II_Guaianases" }, "geometry": { "type": "Point", "coordinates": [ -46.4162802, -23.5510507 ] } },
{ "type": "Feature", "properties": { "fid": 280582, "CNPJ": "57068745000100", "IDCIDADE": "SAO PAULO", "NOMEFANTASIA": "-", "RAZAOSOCIAL": "57.068.745_RAFAEL_PIO_DE_ALMEIDA", "ENDEE": "RUA IDEAL, 52, VILA POPULAR, 08461-150, SÃO PAULO, SP, BRASIL", "LMAPS": "https://www.google.com/maps?q=&layer=c&cbll=-23.5532032,-46.4057709", "O_QUE_FAZER": "CARTEIRA - FAMPE", "ER_REGIAO_CIDADE_min": "Capital Leste II_Guaianases" }, "geometry": { "type": "Point", "coordinates": [ -46.4057709, -23.5532032 ] } },
{ "type": "Feature", "properties": { "fid": 281040, "CNPJ": "57190907000188", "IDCIDADE": "SAO_PAULO", "NOMEFANTASIA": "57.190.907_KAIQUE_DE_JESUS_DIAS_DA_COSTA", "RAZAOSOCIAL": "SOBERANA_ALHO", "ENDEE": "RUA_OTELO_AUGUSTO_RIBEIRO1038__GUAIANAZES_08412-000", "LMAPS": "https://www.google.com/maps?q=&layer=c&cbll=-23.5531593,-46.4065188", "O_QUE_FAZER": "FINALIZADO", "ER_REGIAO_CIDADE_min": "Capital Leste II_Guaianases" }, "geometry": { "type": "Point", "coordinates": [ -46.4065188, -23.5531593 ] } },
{ "type": "Feature", "properties": { "fid": 281106, "CNPJ": "57212121000114", "IDCIDADE": "SAO_PAULO", "NOMEFANTASIA": "BOM_DE_PET", "RAZAOSOCIAL": "BOM_DE_PET_CLINICA_E_ESTETICA_VETERINARIA_LTDA", "ENDEE": "AVENIDA_MIGUEL_ACHIOLE_DA_FONSECA1263__JARDIM_SAO_PAULO_08461-110", "LMAPS": "https://www.google.com/maps?q=&layer=c&cbll=-23.5592497,-46.4014505", "O_QUE_FAZER": "CARTEIRA", "ER_REGIAO_CIDADE_min": "Capital Leste II_Guaianases" }, "geometry": { "type": "Point", "coordinates": [ -46.4014505, -23.5592497 ] } },
{ "type": "Feature", "properties": { "fid": 281223, "CNPJ": "57245226000170", "IDCIDADE": "SAO_PAULO", "NOMEFANTASIA": "57.245.226_ANDREIA_GOMES_DOS_SANTOS", "RAZAOSOCIAL": "MORENA_FASHION", "ENDEE": "RUA_JERONIMO_DIAS_RIBEIRO3__JARDIM_SAO_PAULO_08461-560", "LMAPS": "https://www.google.com/maps?q=&layer=c&cbll=-23.5595369,-46.3990182", "O_QUE_FAZER": "FINALIZADO", "ER_REGIAO_CIDADE_min": "Capital Leste II_Guaianases" }, "geometry": { "type": "Point", "coordinates": [ -46.3990182, -23.5595369 ] } },
{ "type": "Feature", "properties": { "fid": 281523, "CNPJ": "57321015000179", "IDCIDADE": "SAO_PAULO", "NOMEFANTASIA": "BRAZ_COMERCIO_INSTRUMENTOS_MUSICAIS", "RAZAOSOCIAL": "BRAZ_INDUSTRIA_E_COMERCIO_DE_INSTRUMENTOS_MUSICAIS_LTDA", "ENDEE": "RUA_SATURNINO_PEREIRA722__VILA_ZEFIRA_08411-000", "LMAPS": "https://www.google.com/maps?q=&layer=c&cbll=-23.5503409,-46.4130781", "O_QUE_FAZER": "CARTEIRA", "ER_REGIAO_CIDADE_min": "Capital Leste II_Guaianases" }, "geometry": { "type": "Point", "coordinates": [ -46.4130781, -23.5503409 ] } },
{ "type": "Feature", "properties": { "fid": 282448, "CNPJ": "57571551000122", "IDCIDADE": "SAO_PAULO", "NOMEFANTASIA": "57.571.551_LUANA_CAROLINE_DE_SOUSA_AMERICO", "RAZAOSOCIAL": "LUANA_STUDIO", "ENDEE": "RUA_SANTA_TARCILIA30__JARDIM_SAO_JOAO_08420-550", "LMAPS": "https://www.google.com/maps?q=&layer=c&cbll=-23.5472314,-46.4261351", "O_QUE_FAZER": "FINALIZADO", "ER_REGIAO_CIDADE_min": "Capital Leste II_Guaianases" }, "geometry": { "type": "Point", "coordinates": [ -46.4261351, -23.5472314 ] } },
{ "type": "Feature", "properties": { "fid": 282765, "CNPJ": "57666414000171", "IDCIDADE": "SAO_PAULO", "NOMEFANTASIA": "F_G_A_PARAFUSOS", "RAZAOSOCIAL": "F._G._A._PARAFUSOS_LTDA", "ENDEE": "RUA_ALVARO_DA_COSTA12__JARDIM_SAO_PAULO_08461-420", "LMAPS": "https://www.google.com/maps?q=&layer=c&cbll=-23.5586022,-46.4003842", "O_QUE_FAZER": "CARTEIRA", "ER_REGIAO_CIDADE_min": "Capital Leste II_Guaianases" }, "geometry": { "type": "Point", "coordinates": [ -46.4003842, -23.5586022 ] } },
{ "type": "Feature", "properties": { "fid": 282830, "CNPJ": "57686933000100", "IDCIDADE": "SAO_PAULO", "NOMEFANTASIA": "MADEREIRA_CASTANHEIRA", "RAZAOSOCIAL": "CASTANHEIRA_-_COMERCIO_DE_MADEIRAS_E_TRANSPORTES_LTDA", "ENDEE": "ESTRADA_DE_POA5__JARDIM_SOARES_08460-000", "LMAPS": "https://www.google.com/maps?q=&layer=c&cbll=-23.5455302,-46.4090998", "O_QUE_FAZER": "CARTEIRA", "ER_REGIAO_CIDADE_min": "Capital Leste II_Guaianases" }, "geometry": { "type": "Point", "coordinates": [ -46.4090998, -23.5455302 ] } },
{ "type": "Feature", "properties": { "fid": 283036, "CNPJ": "57745195000116", "IDCIDADE": "SAO_PAULO", "NOMEFANTASIA": "57.745.195_FLAVIANNO_DA_SILVA_SERRA", "RAZAOSOCIAL": "PETSHOP_SERRA", "ENDEE": "RUA_OTELO_AUGUSTO_RIBEIRO865__GUAIANASES_08412-000", "LMAPS": "https://www.google.com/maps?q=&layer=c&cbll=-23.5508274,-46.4069134", "O_QUE_FAZER": "FINALIZADO", "ER_REGIAO_CIDADE_min": "Capital Leste II_Guaianases" }, "geometry": { "type": "Point", "coordinates": [ -46.4069134, -23.5508274 ] } },
{ "type": "Feature", "properties": { "fid": 283101, "CNPJ": "57766959000150", "IDCIDADE": "SAO_PAULO", "NOMEFANTASIA": "57.766.959_VICTOR_HUGO_CARDOSO_ARANHA", "RAZAOSOCIAL": "VS_LAR_UTI.ISADES", "ENDEE": "RUA_HIPOLITO_DE_CAMARGO454__VILA_LOURDES_08410-030", "LMAPS": "https://www.google.com/maps?q=&layer=c&cbll=-23.5433875,-46.4152505", "O_QUE_FAZER": "FINALIZADO", "ER_REGIAO_CIDADE_min": "Capital Leste II_Guaianases" }, "geometry": { "type": "Point", "coordinates": [ -46.4152505, -23.5433875 ] } },
{ "type": "Feature", "properties": { "fid": 283265, "CNPJ": "57816167000142", "IDCIDADE": "SAO_PAULO", "NOMEFANTASIA": "FARMA_CONDE", "RAZAOSOCIAL": "DROGARIA_FERREIRA_SANTOS_LTDA", "ENDEE": "RUA_OTELO_AUGUSTO_RIBEIRO200__GUAIANAZES_08412-000", "LMAPS": "https://www.google.com/maps?q=&layer=c&cbll=-23.5455219,-46.4095727", "O_QUE_FAZER": "CARTEIRA", "ER_REGIAO_CIDADE_min": "Capital Leste II_Guaianases" }, "geometry": { "type": "Point", "coordinates": [ -46.4095727, -23.5455219 ] } },
{ "type": "Feature", "properties": { "fid": 283454, "CNPJ": "57869846000180", "IDCIDADE": "SAO_PAULO", "NOMEFANTASIA": "57.869.846_GIDEVAL_GOMES_DOS_SANTOS", "RAZAOSOCIAL": "BELLA_SADAC", "ENDEE": "RUA_ESTANISLAU_DE_TOLEDO_PIZA125__JARDIM_SAO_PAULO_08461-510", "LMAPS": "https://www.google.com/maps?q=&layer=c&cbll=-23.5622358,-46.4026238", "O_QUE_FAZER": "FINALIZADO", "ER_REGIAO_CIDADE_min": "Capital Leste II_Guaianases" }, "geometry": { "type": "Point", "coordinates": [ -46.4026238, -23.5622358 ] } },
{ "type": "Feature", "properties": { "fid": 283592, "CNPJ": "57907162000125", "IDCIDADE": "SAO_PAULO", "NOMEFANTASIA": "57.907.162_PAULO_HENRIQUE_MARQUES_LOBATO", "RAZAOSOCIAL": "PAULO_HENRIQUE_MARQUES_LOBATO", "ENDEE": "RUA_PROFESSOR_FRANCISCO_PINHEIRO1325__VILA_PRINCESA_ISABEL_08410-020", "LMAPS": "https://www.google.com/maps?q=&layer=c&cbll=-23.5523291,-46.4191249", "O_QUE_FAZER": "FINALIZADO", "ER_REGIAO_CIDADE_min": "Capital Leste II_Guaianases" }, "geometry": { "type": "Point", "coordinates": [ -46.4191249, -23.5523291 ] } },
{ "type": "Feature", "properties": { "fid": 284139, "CNPJ": "58069433000183", "IDCIDADE": "SAO_PAULO", "NOMEFANTASIA": "MMK_ACOUGUE", "RAZAOSOCIAL": "MMK_ACOUGUE_LTDA", "ENDEE": "RUA_SATURNINO_PEREIRA818__VILA_ZEFIRA_08411-000", "LMAPS": "https://www.google.com/maps?q=&layer=c&cbll=-23.5512847,-46.4132272", "O_QUE_FAZER": "CARTEIRA", "ER_REGIAO_CIDADE_min": "Capital Leste II_Guaianases" }, "geometry": { "type": "Point", "coordinates": [ -46.4132272, -23.5512847 ] } },
{ "type": "Feature", "properties": { "fid": 284188, "CNPJ": "58081190000107", "IDCIDADE": "SAO_PAULO", "NOMEFANTASIA": "58.081.190_EDILSON_VIRGILIO_DE_OLIVEIRA", "RAZAOSOCIAL": "FAMODAS", "ENDEE": "AVENIDA_MIGUEL_ACHIOLE_DA_FONSECA1586__JARDIM_SAO_PAULO_08430-120", "LMAPS": "https://www.google.com/maps?q=&layer=c&cbll=-23.5593365,-46.4046269", "O_QUE_FAZER": "FINALIZADO", "ER_REGIAO_CIDADE_min": "Capital Leste II_Guaianases" }, "geometry": { "type": "Point", "coordinates": [ -46.4046269, -23.5593365 ] } },
{ "type": "Feature", "properties": { "fid": 284287, "CNPJ": "58106115000145", "IDCIDADE": "SAO_PAULO", "NOMEFANTASIA": "LA_FAMME", "RAZAOSOCIAL": "SL_INSTITUTO_DE_BELEZA_LTDA", "ENDEE": "RUA_SANTA_SABINA345__VILA_MARILENA_08411-110", "LMAPS": "https://www.google.com/maps?q=&layer=c&cbll=-23.5459035,-46.4095687", "O_QUE_FAZER": "CARTEIRA", "ER_REGIAO_CIDADE_min": "Capital Leste II_Guaianases" }, "geometry": { "type": "Point", "coordinates": [ -46.4095687, -23.5459035 ] } },
{ "type": "Feature", "properties": { "fid": 284993, "CNPJ": "58302155000162", "IDCIDADE": "SAO_PAULO", "NOMEFANTASIA": "58.302.155_MELISSA_JANUARIO_DA_SILVA", "RAZAOSOCIAL": "COM_PRAZER_MEL", "ENDEE": "RUA_PROFESSOR_MARQUES_BRONZE169__JARDIM_SAO_JOAO_08420-510", "LMAPS": "https://www.google.com/maps?q=&layer=c&cbll=-23.5474132,-46.4234483", "O_QUE_FAZER": "FINALIZADO", "ER_REGIAO_CIDADE_min": "Capital Leste II_Guaianases" }, "geometry": { "type": "Point", "coordinates": [ -46.4234483, -23.5474132 ] } },
{ "type": "Feature", "properties": { "fid": 286016, "CNPJ": "58631562000113", "IDCIDADE": "SAO PAULO", "NOMEFANTASIA": null, "RAZAOSOCIAL": "58.631.562_IGOR_LOPES_SILVA", "ENDEE": "RUA IRMAO DEODORO, 724, VILA PRINCESA ISABEL, 08410-410, SÃO PAULO, SP, BRASIL", "LMAPS": "https://www.google.com/maps?q=&layer=c&cbll=-23.5501253,-46.4193237", "O_QUE_FAZER": "CARTEIRA - FAMPE", "ER_REGIAO_CIDADE_min": "Capital Leste II_Guaianases" }, "geometry": { "type": "Point", "coordinates": [ -46.4193237, -23.5501253 ] } },
{ "type": "Feature", "properties": { "fid": 286801, "CNPJ": "58906613000172", "IDCIDADE": "SAO_PAULO", "NOMEFANTASIA": "58.906.613_INGRID_FERREIRA_RODRIGUES", "RAZAOSOCIAL": "DRA_INGRID_RODRIGUES_ESTETICA_AVANCADA_E_SAUDE", "ENDEE": "RUA_PROFESSOR_MELO_PAIVA43__VILA_LOURDES_08410-180", "LMAPS": "https://www.google.com/maps?q=&layer=c&cbll=-23.5444743,-46.4167298", "O_QUE_FAZER": "FINALIZADO", "ER_REGIAO_CIDADE_min": "Capital Leste II_Guaianases" }, "geometry": { "type": "Point", "coordinates": [ -46.4167298, -23.5444743 ] } },
{ "type": "Feature", "properties": { "fid": 287166, "CNPJ": "59035711000144", "IDCIDADE": "SAO_PAULO", "NOMEFANTASIA": "59.035.711_ANDERSON_KAIQUE_ALMEIDA_LUCAS", "RAZAOSOCIAL": "JK_BATATAS", "ENDEE": "RUA_DOUTOR_ALCIDES_DA_COSTA_VIDIGAL15__JARDIM_SAO_PAULO_08461-470", "LMAPS": "https://www.google.com/maps?q=&layer=c&cbll=-23.5612273,-46.4044457", "O_QUE_FAZER": "FINALIZADO", "ER_REGIAO_CIDADE_min": "Capital Leste II_Guaianases" }, "geometry": { "type": "Point", "coordinates": [ -46.4044457, -23.5612273 ] } },
{ "type": "Feature", "properties": { "fid": 287452, "CNPJ": "59125156000141", "IDCIDADE": "SAO_PAULO", "NOMEFANTASIA": "MAGAZINE_NIPPON", "RAZAOSOCIAL": "BANE_MAGAZINE_LTDA", "ENDEE": "RUA_SALVADOR_GIANETTI960__GUAIANAZES_08410-000", "LMAPS": "https://www.google.com/maps?q=&layer=c&cbll=-23.543392,-46.4129344", "O_QUE_FAZER": "CARTEIRA", "ER_REGIAO_CIDADE_min": "Capital Leste II_Guaianases" }, "geometry": { "type": "Point", "coordinates": [ -46.4129344, -23.543392 ] } },
{ "type": "Feature", "properties": { "fid": 287540, "CNPJ": "59158196000190", "IDCIDADE": "SAO_PAULO", "NOMEFANTASIA": "GUACICAL", "RAZAOSOCIAL": "GUACICAL_DISTRIBUIDORA_DE_MATERIAIS_PARA_CONSTRUCAO_LTDA", "ENDEE": "RUA_SATURNINO_PEREIRA209__VILA_SANTA_CRUZ_08411-000", "LMAPS": "https://www.google.com/maps?q=&layer=c&cbll=-23.5461229,-46.4112368", "O_QUE_FAZER": "CARTEIRA", "ER_REGIAO_CIDADE_min": "Capital Leste II_Guaianases" }, "geometry": { "type": "Point", "coordinates": [ -46.4112368, -23.5461229 ] } },
{ "type": "Feature", "properties": { "fid": 287900, "CNPJ": "59262906000127", "IDCIDADE": "SAO_PAULO", "NOMEFANTASIA": "MERCADO_TERUYA", "RAZAOSOCIAL": "MERCADO_TERUYA_JK_LTDA", "ENDEE": "AVENIDA_UTARO_KANAI265__CONJUNTO_HABITACIONAL_JUSCELINO_KUBITSCHEK_08465-000", "LMAPS": "https://www.google.com/maps?q=&layer=c&cbll=-23.5655598,-46.3995669", "O_QUE_FAZER": "CARTEIRA", "ER_REGIAO_CIDADE_min": "Capital Leste II_Guaianases" }, "geometry": { "type": "Point", "coordinates": [ -46.3995669, -23.5655598 ] } },
{ "type": "Feature", "properties": { "fid": 287932, "CNPJ": "59272405000121", "IDCIDADE": "SAO PAULO", "NOMEFANTASIA": null, "RAZAOSOCIAL": "59.272.405_GLEDSON_IZEQUIEL_PAIXAO", "ENDEE": "RUA JULIO SALUSSE, 289, VILA AUREA, 08411-160, SÃO PAULO, SP, BRASIL", "LMAPS": "https://www.google.com/maps?q=&layer=c&cbll=-23.5512991,-46.4105723", "O_QUE_FAZER": "CARTEIRA - FAMPE", "ER_REGIAO_CIDADE_min": "Capital Leste II_Guaianases" }, "geometry": { "type": "Point", "coordinates": [ -46.4105723, -23.5512991 ] } },
{ "type": "Feature", "properties": { "fid": 288765, "CNPJ": "59530784000102", "IDCIDADE": "SAO PAULO", "NOMEFANTASIA": null, "RAZAOSOCIAL": "59.530.784_JOSE_RICARDO_VIEIRA_BARBOSA", "ENDEE": "RUA FLORIO ZACCARI, 52, CONJUNTO HABITACIONAL JUSCELINO KUBITSCHEK, 08465-180, SÃO PAULO, SP, BRASIL", "LMAPS": "https://www.google.com/maps?q=&layer=c&cbll=-23.5631024,-46.3958908", "O_QUE_FAZER": "CARTEIRA - FAMPE", "ER_REGIAO_CIDADE_min": "Capital Leste II_Guaianases" }, "geometry": { "type": "Point", "coordinates": [ -46.3958908, -23.5631024 ] } },
{ "type": "Feature", "properties": { "fid": 288957, "CNPJ": "59604848000172", "IDCIDADE": "SAO_PAULO", "NOMEFANTASIA": "59.604.848_KAROLAYNE_BORGES_DA_SILVA", "RAZAOSOCIAL": "PADARIA_SILVA", "ENDEE": "RUA_DOUTOR_ALCIDES_DA_COSTA_VIDIGAL24__JARDIM_SAO_PAULO_08461-470", "LMAPS": "https://www.google.com/maps?q=&layer=c&cbll=-23.5619252,-46.4073602", "O_QUE_FAZER": "FINALIZADO", "ER_REGIAO_CIDADE_min": "Capital Leste II_Guaianases" }, "geometry": { "type": "Point", "coordinates": [ -46.4073602, -23.5619252 ] } },
{ "type": "Feature", "properties": { "fid": 288983, "CNPJ": "59613127000129", "IDCIDADE": "SAO_PAULO", "NOMEFANTASIA": "59.613.127_YASMIN_ALVES_VIANA", "RAZAOSOCIAL": "BOY_AR_CONDICIONADOS", "ENDEE": "RUA_SATURNINO_PEREIRA670__VILA_SANTA_CRUZ_08485-570", "LMAPS": "https://www.google.com/maps?q=&layer=c&cbll=-23.5481842,-46.4122125", "O_QUE_FAZER": "FINALIZADO", "ER_REGIAO_CIDADE_min": "Capital Leste II_Guaianases" }, "geometry": { "type": "Point", "coordinates": [ -46.4122125, -23.5481842 ] } },
{ "type": "Feature", "properties": { "fid": 289754, "CNPJ": "59827455000128", "IDCIDADE": "SAO PAULO", "NOMEFANTASIA": null, "RAZAOSOCIAL": "59.827.455_GUSTAVO_CORREIA_PENIDA", "ENDEE": "RUA IDEAL, 146, VILA POPULAR, 08461-150, SÃO PAULO, SP, BRASIL", "LMAPS": "https://www.google.com/maps?q=&layer=c&cbll=-23.5539271,-46.4055807", "O_QUE_FAZER": "CARTEIRA - FAMPE", "ER_REGIAO_CIDADE_min": "Capital Leste II_Guaianases" }, "geometry": { "type": "Point", "coordinates": [ -46.4055807, -23.5539271 ] } },
{ "type": "Feature", "properties": { "fid": 293852, "CNPJ": "61253417000150", "IDCIDADE": "SAO PAULO", "NOMEFANTASIA": null, "RAZAOSOCIAL": "61.253.417_GUILHERME_SILVA_DE_OLIVEIRA", "ENDEE": "RUA LUIS MATEUS, 2028, JARDIM SAO PEDRO, 08420-750, SÃO PAULO, SP, BRASIL", "LMAPS": "https://www.google.com/maps?q=&layer=c&cbll=-23.5597391,-46.4207406", "O_QUE_FAZER": "CARTEIRA - FAMPE", "ER_REGIAO_CIDADE_min": "Capital Leste II_Guaianases" }, "geometry": { "type": "Point", "coordinates": [ -46.4207406, -23.5597391 ] } },
{ "type": "Feature", "properties": { "fid": 295958, "CNPJ": "62063745000157", "IDCIDADE": "SAO PAULO", "NOMEFANTASIA": null, "RAZAOSOCIAL": "62.063.745_BRUNO_ALENCAR_DA_COSTA_SILVA", "ENDEE": "RUA GIL DE SIQUEIRA, 151, VILA AUREA, 08411-230, SÃO PAULO, SP, BRASIL", "LMAPS": "https://www.google.com/maps?q=&layer=c&cbll=-23.5545422,-46.4112843", "O_QUE_FAZER": "CARTEIRA - FAMPE", "ER_REGIAO_CIDADE_min": "Capital Leste II_Guaianases" }, "geometry": { "type": "Point", "coordinates": [ -46.4112843, -23.5545422 ] } },
{ "type": "Feature", "properties": { "fid": 296094, "CNPJ": "62111604000162", "IDCIDADE": "SAO_PAULO", "NOMEFANTASIA": "TELURICA_NOIVAS", "RAZAOSOCIAL": "MARIA_EXPEDITA_BEZERRA", "ENDEE": "RUA_SATURNINO_PEREIRA118__VILA_SANTA_CRUZ_08411-000", "LMAPS": "https://www.google.com/maps?q=&layer=c&cbll=-23.5453676,-46.4114179", "O_QUE_FAZER": "CARTEIRA - FAMPE", "ER_REGIAO_CIDADE_min": "Capital Leste II_Guaianases" }, "geometry": { "type": "Point", "coordinates": [ -46.4114179, -23.5453676 ] } },
{ "type": "Feature", "properties": { "fid": 297138, "CNPJ": "62560946000160", "IDCIDADE": "SAO PAULO", "NOMEFANTASIA": null, "RAZAOSOCIAL": "62.560.946_JEFFERSON_SILVA_FERREIRA_LOPES", "ENDEE": "RUA SALVADOR GIANETTI, 201, GUAIANAZES, 08410-000, SÃO PAULO, SP, BRASIL", "LMAPS": "https://www.google.com/maps?q=&layer=c&cbll=-23.5424838,-46.4204243", "O_QUE_FAZER": "CARTEIRA - FAMPE", "ER_REGIAO_CIDADE_min": "Capital Leste II_Guaianases" }, "geometry": { "type": "Point", "coordinates": [ -46.4204243, -23.5424838 ] } },
{ "type": "Feature", "properties": { "fid": 298241, "CNPJ": "63032175000109", "IDCIDADE": "SAO PAULO", "NOMEFANTASIA": null, "RAZAOSOCIAL": "63.032.175_LEONARDO_LUCAS_VIEIRA_DA_SILVA", "ENDEE": "RUA PAULO RAMOS, 80, CIDADE POPULAR, 08461-200, SÃO PAULO, SP, BRASIL", "LMAPS": "https://www.google.com/maps?q=&layer=c&cbll=-23.5568538,-46.4027419", "O_QUE_FAZER": "CARTEIRA - FAMPE", "ER_REGIAO_CIDADE_min": "Capital Leste II_Guaianases" }, "geometry": { "type": "Point", "coordinates": [ -46.4027419, -23.5568538 ] } },
{ "type": "Feature", "properties": { "fid": 298945, "CNPJ": "63528877000170", "IDCIDADE": "SAO_PAULO", "NOMEFANTASIA": "MARCIA_BOLIS", "RAZAOSOCIAL": "63.528.877_MARCIA_MELO_DE_SOUZA", "ENDEE": "BERTOLINIA_82_JARDIM_SOARES_SAO_PAULO_08460-170", "LMAPS": "https://www.google.com/maps?q=&layer=c&cbll=-23.5486497,-46.403788", "O_QUE_FAZER": "APLICAR T2", "ER_REGIAO_CIDADE_min": "Capital Leste II_Guaianases" }, "geometry": { "type": "Point", "coordinates": [ -46.403788, -23.5486497 ] } },
{ "type": "Feature", "properties": { "fid": 299751, "CNPJ": "64080112000182", "IDCIDADE": "SAO_PAULO", "NOMEFANTASIA": "MERCEARIA_PINGO_DE ", "RAZAOSOCIAL": "MERCEARIA_PINGO_DE_MEL_LTDA", "ENDEE": "RUA_OTELO_AUGUSTO_RIBEIRO856__GUAIANAZES_08412-000", "LMAPS": "https://www.google.com/maps?q=&layer=c&cbll=-23.5513922,-46.4068715", "O_QUE_FAZER": "CARTEIRA", "ER_REGIAO_CIDADE_min": "Capital Leste II_Guaianases" }, "geometry": { "type": "Point", "coordinates": [ -46.4068715, -23.5513922 ] } },
{ "type": "Feature", "properties": { "fid": 300353, "CNPJ": "64516917000126", "IDCIDADE": "SAO_PAULO", "NOMEFANTASIA": "PERFUMARIA_TYURI", "RAZAOSOCIAL": "PERFUMARIA_UETI_LTDA", "ENDEE": "RUA_OTELO_AUGUSTO_RIBEIRO294__GUAIANAZES_08412-000", "LMAPS": "https://www.google.com/maps?q=&layer=c&cbll=-23.5463191,-46.409282", "O_QUE_FAZER": "CARTEIRA", "ER_REGIAO_CIDADE_min": "Capital Leste II_Guaianases" }, "geometry": { "type": "Point", "coordinates": [ -46.409282, -23.5463191 ] } },
{ "type": "Feature", "properties": { "fid": 301009, "CNPJ": "64825085000120", "IDCIDADE": "SAO PAULO", "NOMEFANTASIA": null, "RAZAOSOCIAL": "64.825.085_CLAUDIA_DA_SILVA_ALVES", "ENDEE": "RUA FRANCISCO BALDIN, 138, VILA ABC, 08460-350, SÃO PAULO, SP, BRASIL", "LMAPS": "https://www.google.com/maps?q=&layer=c&cbll=-23.5517606,-46.400385", "O_QUE_FAZER": "CARTEIRA - FAMPE", "ER_REGIAO_CIDADE_min": "Capital Leste II_Guaianases" }, "geometry": { "type": "Point", "coordinates": [ -46.400385, -23.5517606 ] } },
{ "type": "Feature", "properties": { "fid": 301093, "CNPJ": "64853237000106", "IDCIDADE": "SAO_PAULO", "NOMEFANTASIA": "RO_FARMA", "RAZAOSOCIAL": "DROGARIA_TINGUARA_LTDA", "ENDEE": "RUA_HIPOLITO_DE_CAMARGO97__VILA_LOURDES_08410-030", "LMAPS": "https://www.google.com/maps?q=&layer=c&cbll=-23.5442208,-46.4120813", "O_QUE_FAZER": "CARTEIRA", "ER_REGIAO_CIDADE_min": "Capital Leste II_Guaianases" }, "geometry": { "type": "Point", "coordinates": [ -46.4120813, -23.5442208 ] } },
{ "type": "Feature", "properties": { "fid": 301797, "CNPJ": "65248719000191", "IDCIDADE": "SAO PAULO", "NOMEFANTASIA": null, "RAZAOSOCIAL": "65.248.719_VITORIA_DOS_SANTOS_SILVA", "ENDEE": "RUA SANTANA DO RIO PRETO, 279, VILA COSMOPOLITA, 08421-060, SÃO PAULO, SP, BRASIL", "LMAPS": "https://www.google.com/maps?q=&layer=c&cbll=-23.5599603,-46.4239028", "O_QUE_FAZER": "CARTEIRA - FAMPE", "ER_REGIAO_CIDADE_min": "Capital Leste II_Guaianases" }, "geometry": { "type": "Point", "coordinates": [ -46.4239028, -23.5599603 ] } },
{ "type": "Feature", "properties": { "fid": 301811, "CNPJ": "65261348000188", "IDCIDADE": "SAO PAULO", "NOMEFANTASIA": null, "RAZAOSOCIAL": "65.261.348_CLAUDELINO_LUCIO_FERREIRA", "ENDEE": "RUA ALTO BENI, 239, VILA COSMOPOLITA, 08421-130, SÃO PAULO, SP, BRASIL", "LMAPS": "https://www.google.com/maps?q=&layer=c&cbll=-23.5602773,-46.4242982", "O_QUE_FAZER": "CARTEIRA - FAMPE", "ER_REGIAO_CIDADE_min": "Capital Leste II_Guaianases" }, "geometry": { "type": "Point", "coordinates": [ -46.4242982, -23.5602773 ] } },
{ "type": "Feature", "properties": { "fid": 301870, "CNPJ": "65302009000100", "IDCIDADE": "SAO PAULO", "NOMEFANTASIA": null, "RAZAOSOCIAL": "65.302.009_ELISAMA_QUEILA_PEREIRA_DOS_SANTOS", "ENDEE": "RUA SALVADOR GIANETTI, 201, GUAIANAZES, 08410-000, SÃO PAULO, SP, BRASIL", "LMAPS": "https://www.google.com/maps?q=&layer=c&cbll=-23.5424838,-46.4204243", "O_QUE_FAZER": "CARTEIRA - FAMPE", "ER_REGIAO_CIDADE_min": "Capital Leste II_Guaianases" }, "geometry": { "type": "Point", "coordinates": [ -46.4204243, -23.5424838 ] } },
{ "type": "Feature", "properties": { "fid": 302895, "CNPJ": "65803850000173", "IDCIDADE": "SAO_PAULO", "NOMEFANTASIA": "COMERCIAL_IRMAOS_CARLOS", "RAZAOSOCIAL": "COMERCIAL_IRMAOS_CARLOS_&_MATIAS_LTDA", "ENDEE": "ESTRADA_ITAQUERA-GUAIANASES2644__JARDIM_HELENA_08420-000", "LMAPS": "https://www.google.com/maps?q=&layer=c&cbll=-23.5429444,-46.4242288", "O_QUE_FAZER": "CARTEIRA", "ER_REGIAO_CIDADE_min": "Capital Leste II_Guaianases" }, "geometry": { "type": "Point", "coordinates": [ -46.4242288, -23.5429444 ] } },
{ "type": "Feature", "properties": { "fid": 303119, "CNPJ": "65895310000167", "IDCIDADE": "SAO_PAULO", "NOMEFANTASIA": "MADEIREIRA_NOSSA_SENHORA_DE_FATIMA", "RAZAOSOCIAL": "INALDO_PEREIRA_DE_MELO", "ENDEE": "RUA_DA_PASSAGEM_FUNDA608__VILA_SANTA_CRUZ_08411-515", "LMAPS": "https://www.google.com/maps?q=&layer=c&cbll=-23.5589319,-46.4112788", "O_QUE_FAZER": "CARTEIRA", "ER_REGIAO_CIDADE_min": "Capital Leste II_Guaianases" }, "geometry": { "type": "Point", "coordinates": [ -46.4112788, -23.5589319 ] } },
{ "type": "Feature", "properties": { "fid": 303196, "CNPJ": "65923847000193", "IDCIDADE": "SAO PAULO", "NOMEFANTASIA": null, "RAZAOSOCIAL": "65.923.847_LUCAS_LEITE_BRAGA", "ENDEE": "RUA PIRES DE AVILA, 365, JARDIM SAO PAULO(ZONA LESTE), 08461-330, SÃO PAULO, SP, BRASIL", "LMAPS": "https://www.google.com/maps?q=&layer=c&cbll=-23.5580856,-46.4070801", "O_QUE_FAZER": "CARTEIRA - FAMPE", "ER_REGIAO_CIDADE_min": "Capital Leste II_Guaianases" }, "geometry": { "type": "Point", "coordinates": [ -46.4070801, -23.5580856 ] } },
{ "type": "Feature", "properties": { "fid": 303234, "CNPJ": "65943235000162", "IDCIDADE": "SAO_PAULO", "NOMEFANTASIA": "LAYETTEX_CONFECCOES", "RAZAOSOCIAL": "LAYETTEX_CONFECCOES_LTDA", "ENDEE": "RUA_OTELO_AUGUSTO_RIBEIRO313__GUAIANAZES_08412-000", "LMAPS": "https://www.google.com/maps?q=&layer=c&cbll=-23.5463334,-46.4090493", "O_QUE_FAZER": "CARTEIRA", "ER_REGIAO_CIDADE_min": "Capital Leste II_Guaianases" }, "geometry": { "type": "Point", "coordinates": [ -46.4090493, -23.5463334 ] } },
{ "type": "Feature", "properties": { "fid": 303867, "CNPJ": "66266604000192", "IDCIDADE": "SAO PAULO", "NOMEFANTASIA": null, "RAZAOSOCIAL": "66.266.604_JANAINA_CARLA_MOREIRA_DOS_SANTOS", "ENDEE": "RUA DIAULAS PARREIRA, 287, VILA SANTA CRUZ (ZONA LESTE), 08410-490, SÃO PAULO, SP, BRASIL", "LMAPS": "https://www.google.com/maps?q=&layer=c&cbll=-23.5514061,-46.4133849", "O_QUE_FAZER": "CARTEIRA - FAMPE", "ER_REGIAO_CIDADE_min": "Capital Leste II_Guaianases" }, "geometry": { "type": "Point", "coordinates": [ -46.4133849, -23.5514061 ] } },
{ "type": "Feature", "properties": { "fid": 303963, "CNPJ": "66351700000139", "IDCIDADE": "SAO_PAULO", "NOMEFANTASIA": "AS_AMORAS", "RAZAOSOCIAL": "66.351.700_LANNA_DE_PAULA_PATROCINIO_VIANA_AMORIM", "ENDEE": "EDUARDO_ALVES_11_VILA_PRINCESA_ISABEL_SAO_PAULO_08410-120", "LMAPS": "https://www.google.com/maps?q=&layer=c&cbll=-23.545095,-46.4149904", "O_QUE_FAZER": "FINALIZADO", "ER_REGIAO_CIDADE_min": "Capital Leste II_Guaianases" }, "geometry": { "type": "Point", "coordinates": [ -46.4149904, -23.545095 ] } },
{ "type": "Feature", "properties": { "fid": 306026, "CNPJ": "67346163000100", "IDCIDADE": "SAO_PAULO", "NOMEFANTASIA": "CONFECCAO_E_CALCADOS_LEBAZIL", "RAZAOSOCIAL": "LEBAZI_COMERCIO_DE_CALCADOS_E_VESTUARIO_LTDA", "ENDEE": "AVENIDA_UTARO_KANAI118__CONJUNTO_HABITACIONAL_JUSCELINO_KUBITSCHEK_08465-000", "LMAPS": "https://www.google.com/maps?q=&layer=c&cbll=-23.5666732,-46.4003122", "O_QUE_FAZER": "CARTEIRA", "ER_REGIAO_CIDADE_min": "Capital Leste II_Guaianases" }, "geometry": { "type": "Point", "coordinates": [ -46.4003122, -23.5666732 ] } },
{ "type": "Feature", "properties": { "fid": 306518, "CNPJ": "67608596000188", "IDCIDADE": "SAO_PAULO", "NOMEFANTASIA": "COMERCIAL_BM", "RAZAOSOCIAL": "BENEDITO_PEREIRA_FERRAGENS", "ENDEE": "RUA_SATURNINO_PEREIRA562__VILA_SANTA_CRUZ_08411-000", "LMAPS": "https://www.google.com/maps?q=&layer=c&cbll=-23.5489842,-46.4126188", "O_QUE_FAZER": "CARTEIRA", "ER_REGIAO_CIDADE_min": "Capital Leste II_Guaianases" }, "geometry": { "type": "Point", "coordinates": [ -46.4126188, -23.5489842 ] } },
{ "type": "Feature", "properties": { "fid": 306616, "CNPJ": "67661547000109", "IDCIDADE": "SAO PAULO", "NOMEFANTASIA": null, "RAZAOSOCIAL": "67.661.547_ANA_MARIA_SOARES_DOS_SANTOS_AZEVEDO", "ENDEE": "RUA SANTA ANASTACIA, 238, VILA PRINCESA ISABEL, 08410-550, SÃO PAULO, SP, BRASIL", "LMAPS": "https://www.google.com/maps?q=&layer=c&cbll=-23.5507487,-46.4182865", "O_QUE_FAZER": "CARTEIRA - FAMPE", "ER_REGIAO_CIDADE_min": "Capital Leste II_Guaianases" }, "geometry": { "type": "Point", "coordinates": [ -46.4182865, -23.5507487 ] } },
{ "type": "Feature", "properties": { "fid": 306633, "CNPJ": "67669968000186", "IDCIDADE": "SAO PAULO", "NOMEFANTASIA": null, "RAZAOSOCIAL": "67.669.968_ALESSANDRA_THAIS_SANTOS_ALVES", "ENDEE": "RUA POXIM, 38A, JARDIM SAO CARLOS (ZONA LESTE), 08411-480, SÃO PAULO, SP, BRASIL", "LMAPS": "https://www.google.com/maps?q=&layer=c&cbll=-23.558846,-46.414866", "O_QUE_FAZER": "CARTEIRA - FAMPE", "ER_REGIAO_CIDADE_min": "Capital Leste II_Guaianases" }, "geometry": { "type": "Point", "coordinates": [ -46.414866, -23.558846 ] } },
{ "type": "Feature", "properties": { "fid": 307231, "CNPJ": "67915645000125", "IDCIDADE": "SAO_PAULO", "NOMEFANTASIA": "ART_VIVA", "RAZAOSOCIAL": "ART._VIVA_ARTEZANATO_E_BAZAR_LTDA", "ENDEE": "RUA_FESTA_CHINESA77__CONJUNTO_HABITACIONAL_JUSCELINO_KUBITSCHEK_08465-140", "LMAPS": "https://www.google.com/maps?q=&layer=c&cbll=-23.56682,-46.3999985", "O_QUE_FAZER": "CARTEIRA", "ER_REGIAO_CIDADE_min": "Capital Leste II_Guaianases" }, "geometry": { "type": "Point", "coordinates": [ -46.3999985, -23.56682 ] } },
{ "type": "Feature", "properties": { "fid": 310263, "CNPJ": "72864846000180", "IDCIDADE": "SAO_PAULO", "NOMEFANTASIA": "MOVEIS_REAL_DE_GUAIANASES", "RAZAOSOCIAL": "LOJA_DE_MOVEIS_REAL_DE_GUAIANAZES_LTDA", "ENDEE": "AVENIDA_MIGUEL_ACHIOLE_DA_FONSECA1484__JARDIM_SAO_PAULO_08461-110", "LMAPS": "https://www.google.com/maps?q=&layer=c&cbll=-23.5590666,-46.4037392", "O_QUE_FAZER": "CARTEIRA", "ER_REGIAO_CIDADE_min": "Capital Leste II_Guaianases" }, "geometry": { "type": "Point", "coordinates": [ -46.4037392, -23.5590666 ] } },
{ "type": "Feature", "properties": { "fid": 311531, "CNPJ": "74589953000173", "IDCIDADE": "SAO_PAULO", "NOMEFANTASIA": "PLANTIER_MOVEIS", "RAZAOSOCIAL": "EDSON_PLANTIER_DE_OLIVEIRA", "ENDEE": "ESTRADA_DE_POA1990__JARDIM_SOARES_08460-000", "LMAPS": "https://www.google.com/maps?q=&layer=c&cbll=-23.5522674,-46.3951661", "O_QUE_FAZER": "CARTEIRA", "ER_REGIAO_CIDADE_min": "Capital Leste II_Guaianases" }, "geometry": { "type": "Point", "coordinates": [ -46.3951661, -23.5522674 ] } },
{ "type": "Feature", "properties": { "fid": 311721, "CNPJ": "79073060000194", "IDCIDADE": "SAO_PAULO", "NOMEFANTASIA": "FOTO_ZANINI", "RAZAOSOCIAL": "ZANINI_BELLUCCI_LTDA", "ENDEE": "RUA_PROFESSOR_FRANCISCO_PINHEIRO109__VILA_PRINCESA_ISABEL_08410-020", "LMAPS": "https://www.google.com/maps?q=&layer=c&cbll=-23.5441419,-46.4135396", "O_QUE_FAZER": "CARTEIRA", "ER_REGIAO_CIDADE_min": "Capital Leste II_Guaianases" }, "geometry": { "type": "Point", "coordinates": [ -46.4135396, -23.5441419 ] } },
{ "type": "Feature", "properties": { "fid": 312587, "CNPJ": "97532651000164", "IDCIDADE": "SAO_PAULO", "NOMEFANTASIA": "ELIANE_DA_SILVA_VIRGENS_SANTANA_-_VESTUARIOS", "RAZAOSOCIAL": "GIANE_BOTIQUE_SENSUAL", "ENDEE": "RUA_HIPOLITO_DE_CAMARGO281__VILA_LOURDES_08410-030", "LMAPS": "https://www.google.com/maps?q=&layer=c&cbll=-23.5438787,-46.4139453", "O_QUE_FAZER": "FINALIZADO", "ER_REGIAO_CIDADE_min": "Capital Leste II_Guaianases" }, "geometry": { "type": "Point", "coordinates": [ -46.4139453, -23.5438787 ] } },
{ "type": "Feature", "properties": { "fid": 312939, "CNPJ": "46682222000132", "IDCIDADE": "São Paulo", "NOMEFANTASIA": "LEANDRO VIANA AMORIM", "RAZAOSOCIAL": "LIONS CAR SERVICOS AUTOMOTIVOS LTDA", "ENDEE": "RUA COMTE CARLOS RUHL, S/N, QUADRAH LOTE 02/03, VILA PRINCESA ISABEL, 08410-130, SÃO PAULO, SP, BRASIL", "LMAPS": "https://www.google.com/maps?q=&layer=c&cbll=-23.5459797,-46.417179", "O_QUE_FAZER": "APLICAR T2", "ER_REGIAO_CIDADE_min": "Capital Leste II_Guaianases" }, "geometry": { "type": "Point", "coordinates": [ -46.417179, -23.5459797 ] } }
]
}
