{
"type": "FeatureCollection",
"name": "ER_REGIAO_CIDADE_min_Capital Centro_Santa Cecília",
"crs": { "type": "name", "properties": { "name": "urn:ogc:def:crs:OGC:1.3:CRS84" } },
"xy_coordinate_resolution": 1e-15,
"features": [
{ "type": "Feature", "properties": { "CNPJ": "64445793000135", "IDCIDADE": "SAO_PAULO", "NOMEFANTASIA": "GELADO_DO_CAMPO", "RAZAOSOCIAL": "GELADO_DO_CAMPO_LTDA", "ENDEE": "BRIGADEIRO_GALVAO_130_BARRA_FUNDA_SAO_PAULO_01151-000", "LMAPS": "https://www.google.com/maps?q=&layer=c&cbll=-23.533217,-46.653745", "O_QUE_FAZER": "APLICAR T2", "ER_REGIAO_CIDADE_min": "Capital Centro_Santa Cecília" }, "geometry": { "type": "Point", "coordinates": [ -46.653745, -23.533217 ] } },
{ "type": "Feature", "properties": { "CNPJ": "39451381000160", "IDCIDADE": "SAO_PAULO", "NOMEFANTASIA": "SILO", "RAZAOSOCIAL": "I_AUGUSTO_DO_CARMO_COMERCIO_E_SERVICOS", "ENDEE": "BRIGADEIRO_GALVAO_745_BARRA_FUNDA_SAO_PAULO_01151-000", "LMAPS": "https://www.google.com/maps?q=&layer=c&cbll=-23.5297372,-46.6583982", "O_QUE_FAZER": "APLICAR T2", "ER_REGIAO_CIDADE_min": "Capital Centro_Santa Cecília" }, "geometry": { "type": "Point", "coordinates": [ -46.6583982, -23.5297372 ] } },
{ "type": "Feature", "properties": { "CNPJ": "52557190000146", "IDCIDADE": "SAO_PAULO", "NOMEFANTASIA": "STUDIO_COLORINI", "RAZAOSOCIAL": "STUDIO_COLORINI_LTDA", "ENDEE": "APA_156_CAMPOS_ELISEOS_SAO_PAULO_01201-030", "LMAPS": "https://www.google.com/maps?q=&layer=c&cbll=-23.5349275,-46.6518215", "O_QUE_FAZER": "APLICAR T2", "ER_REGIAO_CIDADE_min": "Capital Centro_Santa Cecília" }, "geometry": { "type": "Point", "coordinates": [ -46.6518215, -23.5349275 ] } },
{ "type": "Feature", "properties": { "CNPJ": "45262053000119", "IDCIDADE": "SAO_PAULO", "NOMEFANTASIA": "BAR_E_RESTAURANTE_A_RIBEIRA", "RAZAOSOCIAL": "BAR_E_RESTAURANTE_RIBEIRO8_LTDA", "ENDEE": "ALAMEDA_RIBEIRO_DA_SILVA909__CAMPOS_ELISEOS_01217-010", "LMAPS": "https://www.google.com/maps?q=&layer=c&cbll=-46.6516267,-23.53398", "O_QUE_FAZER": "APLICAR T2", "ER_REGIAO_CIDADE_min": "Capital Centro_Santa Cecília" }, "geometry": { "type": "Point", "coordinates": [ -46.6516267, -23.53398 ] } },
{ "type": "Feature", "properties": { "CNPJ": "13837839000120", "IDCIDADE": "SAO_PAULO", "NOMEFANTASIA": "CHAPADAO_LANCHONETE", "RAZAOSOCIAL": "PADARIA_LANCHONETE_E_RESTAURANTE_CHAPADAO_DA_SANTA_CECILIA_LTDA", "ENDEE": "RUA_JAGUARIBE292__VILA_BUARQUE_01224-000", "LMAPS": "https://www.google.com/maps?q=&layer=c&cbll=-46.651155,-23.5410233", "O_QUE_FAZER": "APLICAR T2", "ER_REGIAO_CIDADE_min": "Capital Centro_Santa Cecília" }, "geometry": { "type": "Point", "coordinates": [ -46.651155, -23.5410233 ] } },
{ "type": "Feature", "properties": { "CNPJ": "28891498000149", "IDCIDADE": "SAO_PAULO", "NOMEFANTASIA": "VAN_GROGH_PRACA_BAR", "RAZAOSOCIAL": "WSTAVARENGO_BAR_E_RESTAURANTE_LTDA", "ENDEE": "FREDERICO_ABRANCHES_96_VILA_BUARQUE_01225-000_SAO_PAULO_01225-000", "LMAPS": "https://www.google.com/maps?q=&layer=c&cbll=-46.6485817,-23.5406356", "O_QUE_FAZER": "APLICAR T2", "ER_REGIAO_CIDADE_min": "Capital Centro_Santa Cecília" }, "geometry": { "type": "Point", "coordinates": [ -46.6485817, -23.5406356 ] } },
{ "type": "Feature", "properties": { "CNPJ": "17840915000108", "IDCIDADE": "SAO_PAULO", "NOMEFANTASIA": "ERIC_RODRIGUES_DE_MENDONCA_25349062832", "RAZAOSOCIAL": "ERIC_CABELEIREIRO", "ENDEE": "RUA_MARTIM_FRANCISCO310__VILA_BUARQUE_01226-000", "LMAPS": "https://www.google.com/maps?q=&layer=c&cbll=-46.653018,-23.5396496", "O_QUE_FAZER": "APLICAR T2", "ER_REGIAO_CIDADE_min": "Capital Centro_Santa Cecília" }, "geometry": { "type": "Point", "coordinates": [ -46.653018, -23.5396496 ] } },
{ "type": "Feature", "properties": { "CNPJ": "41049138000162", "IDCIDADE": "SAO_PAULO", "NOMEFANTASIA": "FABRICA_DE_BOLO_SANTA_CECILIA", "RAZAOSOCIAL": "VOASC_COMERCIO_ALIMENTOS_LTDA", "ENDEE": "RUA_MARTIM_FRANCISCO49__SANTA_CECILIA_01226-001", "LMAPS": "https://www.google.com/maps?q=&layer=c&cbll=-46.6503663,-23.5366809", "O_QUE_FAZER": "APLICAR T2", "ER_REGIAO_CIDADE_min": "Capital Centro_Santa Cecília" }, "geometry": { "type": "Point", "coordinates": [ -46.6503663, -23.5366809 ] } },
{ "type": "Feature", "properties": { "CNPJ": "63806992000169", "IDCIDADE": "SAO_PAULO", "NOMEFANTASIA": "63.806.992_ROBSON_FELIPE_FERREIRA_CELESTINO", "RAZAOSOCIAL": "ROBSON_BARBEIRO", "ENDEE": "RUA_SAO_VICENTE_DE_PAULO202__SANTA_CECILIA_01229-010", "LMAPS": "https://www.google.com/maps?q=&layer=c&cbll=-46.6558497,-23.5361908", "O_QUE_FAZER": "APLICAR T2", "ER_REGIAO_CIDADE_min": "Capital Centro_Santa Cecília" }, "geometry": { "type": "Point", "coordinates": [ -46.6558497, -23.5361908 ] } },
{ "type": "Feature", "properties": { "CNPJ": "20096359000111", "IDCIDADE": "SAO_PAULO", "NOMEFANTASIA": "TENDENCE_HAIR", "RAZAOSOCIAL": "TENDENCE_HAIR_CABELEIREIROS_LTDA", "ENDEE": "RUA_BARONESA_DE_ITU193__SANTA_CECILIA_01231-000", "LMAPS": "https://www.google.com/maps?q=&layer=c&cbll=-46.6549166,-23.5399278", "O_QUE_FAZER": "APLICAR T2", "ER_REGIAO_CIDADE_min": "Capital Centro_Santa Cecília" }, "geometry": { "type": "Point", "coordinates": [ -46.6549166, -23.5399278 ] } },
{ "type": "Feature", "properties": { "CNPJ": "14505031000109", "IDCIDADE": "SAO_PAULO", "NOMEFANTASIA": "STUDIO_ESTETICA_AVANCADA", "RAZAOSOCIAL": "STUDIO_ESTETICA_AVANCADA", "ENDEE": "SAO_JOAO_1496_SANTA_CECILIA_SAO_PAULO", "LMAPS": "https://www.google.com/maps?q=&layer=c&cbll=-23.5382928,-46.6472507", "O_QUE_FAZER": "APLICAR T2", "ER_REGIAO_CIDADE_min": "Capital Centro_Santa Cecília" }, "geometry": { "type": "Point", "coordinates": [ -46.6472507, -23.5382928 ] } },
{ "type": "Feature", "properties": { "CNPJ": "43676248000180", "IDCIDADE": "SAO_PAULO", "NOMEFANTASIA": "DAMAS_CAKE", "RAZAOSOCIAL": "DAMAS_CAKE", "ENDEE": "ANA_CINTRA_196_CAMPOS_ELISEOS_SAO_PAULO", "LMAPS": "https://www.google.com/maps?q=&layer=c&cbll=-23.5381856,-46.6482244", "O_QUE_FAZER": "APLICAR T2", "ER_REGIAO_CIDADE_min": "Capital Centro_Santa Cecília" }, "geometry": { "type": "Point", "coordinates": [ -46.6482244, -23.5381856 ] } },
{ "type": "Feature", "properties": { "CNPJ": "46747207000125", "IDCIDADE": "SAO_PAULO", "NOMEFANTASIA": "ATINA_FLORES", "RAZAOSOCIAL": "ATINA_FLORES", "ENDEE": "SAO_JOAO_1522_SANTA_CECILIA_SAO_PAULO", "LMAPS": "https://www.google.com/maps?q=&layer=c&cbll=-23.5381651,-46.6474392", "O_QUE_FAZER": "APLICAR T2", "ER_REGIAO_CIDADE_min": "Capital Centro_Santa Cecília" }, "geometry": { "type": "Point", "coordinates": [ -46.6474392, -23.5381651 ] } },
{ "type": "Feature", "properties": { "CNPJ": "54426415000150", "IDCIDADE": "SAO_PAULO", "NOMEFANTASIA": "HL", "RAZAOSOCIAL": "HL", "ENDEE": "CAPITAO-MOR_GONCALO_MONTEIRO_66_VARZEA_DA_BARRA_FUNDA_SAO_PAULO_01140-110", "LMAPS": "https://www.google.com/maps?q=&layer=c&cbll=-23.525639,-46.659435", "O_QUE_FAZER": "APLICAR T3", "ER_REGIAO_CIDADE_min": "Capital Centro_Santa Cecília" }, "geometry": { "type": "Point", "coordinates": [ -46.659435, -23.525639 ] } },
{ "type": "Feature", "properties": { "CNPJ": "07170968000105", "IDCIDADE": "SAO_PAULO", "NOMEFANTASIA": "CERE", "RAZAOSOCIAL": "C.E.R.E_CENTRO_ESPECIALIZADO_EM_REFRIGERACAO_E_ENROLAMENTOS_LTDA", "ENDEE": "AVENIDA_SAO_JOAO1651__SANTA_CECILIA_01035-000", "LMAPS": "https://www.google.com/maps?q=&layer=c&cbll=-46.6491333,-23.5372367", "O_QUE_FAZER": "CARTEIRA", "ER_REGIAO_CIDADE_min": "Capital Centro_Santa Cecília" }, "geometry": { "type": "Point", "coordinates": [ -46.6491333, -23.5372367 ] } },
{ "type": "Feature", "properties": { "CNPJ": "47279017000193", "IDCIDADE": "SAO_PAULO", "NOMEFANTASIA": "ESSENCIAL_COLCHOES", "RAZAOSOCIAL": "ESSENCIAL_COLCHOES_LTDA", "ENDEE": "AVENIDA_SAO_JOAO1884__SANTA_CECILIA_01035-000", "LMAPS": "https://www.google.com/maps?q=&layer=c&cbll=-46.6504509,-23.5364392", "O_QUE_FAZER": "CARTEIRA", "ER_REGIAO_CIDADE_min": "Capital Centro_Santa Cecília" }, "geometry": { "type": "Point", "coordinates": [ -46.6504509, -23.5364392 ] } },
{ "type": "Feature", "properties": { "CNPJ": "23108920000123", "IDCIDADE": "SAO_PAULO", "NOMEFANTASIA": "CONEXAO_OFFICE", "RAZAOSOCIAL": "ASSUMPCAO_COMERCIO_DE_MOVEIS_LTDA", "ENDEE": "AVENIDA_SAO_JOAO1895__SANTA_CECILIA_01035-000", "LMAPS": "https://www.google.com/maps?q=&layer=c&cbll=-46.6506828,-23.5366047", "O_QUE_FAZER": "CARTEIRA", "ER_REGIAO_CIDADE_min": "Capital Centro_Santa Cecília" }, "geometry": { "type": "Point", "coordinates": [ -46.6506828, -23.5366047 ] } },
{ "type": "Feature", "properties": { "CNPJ": "03505850000130", "IDCIDADE": "SAO_PAULO", "NOMEFANTASIA": "CONEXAO_HOME", "RAZAOSOCIAL": "MARIA_LUZINEIDE_DUARTE_DE_MEDEIROS_ASSUMPCAO", "ENDEE": "AVENIDA_SAO_JOAO1915__SANTA_CECILIA_01035-000", "LMAPS": "https://www.google.com/maps?q=&layer=c&cbll=-46.6508046,-23.536471", "O_QUE_FAZER": "CARTEIRA", "ER_REGIAO_CIDADE_min": "Capital Centro_Santa Cecília" }, "geometry": { "type": "Point", "coordinates": [ -46.6508046, -23.536471 ] } },
{ "type": "Feature", "properties": { "CNPJ": "02349573000150", "IDCIDADE": "SAO_PAULO", "NOMEFANTASIA": "ARIZONA_MOVEIS", "RAZAOSOCIAL": "ARIZONA_COMERCIO_DE_MOVEIS_LTDA", "ENDEE": "AVENIDA_SAO_JOAO1931__SANTA_CECILIA_01035-000", "LMAPS": "https://www.google.com/maps?q=&layer=c&cbll=-46.6509171,-23.536412", "O_QUE_FAZER": "CARTEIRA", "ER_REGIAO_CIDADE_min": "Capital Centro_Santa Cecília" }, "geometry": { "type": "Point", "coordinates": [ -46.6509171, -23.536412 ] } },
{ "type": "Feature", "properties": { "CNPJ": "43402601000133", "IDCIDADE": "SAO_PAULO", "NOMEFANTASIA": "TROQUESCAPE", "RAZAOSOCIAL": "TROQUESCAP_COMERCIO_DE_ESCAPAMENTO_LTDA", "ENDEE": "RUA_BARONESA_DE_PORTO_CARREIRO76__BOM_RETIRO_01133-010", "LMAPS": "https://www.google.com/maps?q=&layer=c&cbll=-46.6532632,-23.5195884", "O_QUE_FAZER": "CARTEIRA", "ER_REGIAO_CIDADE_min": "Capital Centro_Santa Cecília" }, "geometry": { "type": "Point", "coordinates": [ -46.6532632, -23.5195884 ] } },
{ "type": "Feature", "properties": { "CNPJ": "13287189000197", "IDCIDADE": "SAO_PAULO", "NOMEFANTASIA": "CRUZEIROS_BAR", "RAZAOSOCIAL": "SENHOR_CRUZEIRO_BAR_E_LANCHES_LTDA", "ENDEE": "RUA_EDUARDO_VIANA1__BOM_RETIRO_01133-040", "LMAPS": "https://www.google.com/maps?q=&layer=c&cbll=-46.6542817,-23.5189017", "O_QUE_FAZER": "CARTEIRA", "ER_REGIAO_CIDADE_min": "Capital Centro_Santa Cecília" }, "geometry": { "type": "Point", "coordinates": [ -46.6542817, -23.5189017 ] } },
{ "type": "Feature", "properties": { "CNPJ": "49256718000132", "IDCIDADE": "SAO_PAULO", "NOMEFANTASIA": "PEGASUS", "RAZAOSOCIAL": "PEGASUS_MOTORS_SPORT_LTDA", "ENDEE": "RUA_EDUARDO_VIANA8__BOM_RETIRO_01133-040", "LMAPS": "https://www.google.com/maps?q=&layer=c&cbll=-46.6533867,-23.51896", "O_QUE_FAZER": "CARTEIRA", "ER_REGIAO_CIDADE_min": "Capital Centro_Santa Cecília" }, "geometry": { "type": "Point", "coordinates": [ -46.6533867, -23.51896 ] } },
{ "type": "Feature", "properties": { "CNPJ": "21559107000144", "IDCIDADE": "SAO_PAULO", "NOMEFANTASIA": "MD_VATERIAS", "RAZAOSOCIAL": "TATIANE_ALMEIDA_DE_SOUZA_BATERIAS", "ENDEE": "AVENIDA_RUDGE709__BOM_RETIRO_01134-000", "LMAPS": "https://www.google.com/maps?q=&layer=c&cbll=-46.6514167,-23.5223633", "O_QUE_FAZER": "CARTEIRA", "ER_REGIAO_CIDADE_min": "Capital Centro_Santa Cecília" }, "geometry": { "type": "Point", "coordinates": [ -46.6514167, -23.5223633 ] } },
{ "type": "Feature", "properties": { "CNPJ": "47147651000172", "IDCIDADE": "SAO_PAULO", "NOMEFANTASIA": "BARRA_FUNDA_PIZZA_E_VINHO", "RAZAOSOCIAL": "BARRA_FUNDA_VINHOS_LTDA", "ENDEE": "RUA_ANHANGUERA129__BARRA_FUNDA_01135-000", "LMAPS": "https://www.google.com/maps?q=&layer=c&cbll=-46.6528381,-23.5266446", "O_QUE_FAZER": "CARTEIRA", "ER_REGIAO_CIDADE_min": "Capital Centro_Santa Cecília" }, "geometry": { "type": "Point", "coordinates": [ -46.6528381, -23.5266446 ] } },
{ "type": "Feature", "properties": { "CNPJ": "44519205000153", "IDCIDADE": "SAO_PAULO", "NOMEFANTASIA": "OFICINA_DUCRIL", "RAZAOSOCIAL": "DUCRIL_EQUIPAMENTOS_PERSONALIZADOS_PARA_VEICULOS_LTDA", "ENDEE": "RUA_ANHANGUERA150__BARRA_FUNDA_01135-000", "LMAPS": "https://www.google.com/maps?q=&layer=c&cbll=-46.6527403,-23.5264043", "O_QUE_FAZER": "CARTEIRA", "ER_REGIAO_CIDADE_min": "Capital Centro_Santa Cecília" }, "geometry": { "type": "Point", "coordinates": [ -46.6527403, -23.5264043 ] } },
{ "type": "Feature", "properties": { "CNPJ": "51529631000133", "IDCIDADE": "SAO_PAULO", "NOMEFANTASIA": "ADEGA_PORTUGALIA", "RAZAOSOCIAL": "ADEGA_PORTUGALIA_1950_LTDA", "ENDEE": "RUA_ANHANGUERA155__BARRA_FUNDA_01135-000", "LMAPS": "https://www.google.com/maps?q=&layer=c&cbll=-46.6528067,-23.5264433", "O_QUE_FAZER": "CARTEIRA", "ER_REGIAO_CIDADE_min": "Capital Centro_Santa Cecília" }, "geometry": { "type": "Point", "coordinates": [ -46.6528067, -23.5264433 ] } },
{ "type": "Feature", "properties": { "CNPJ": "68119809000170", "IDCIDADE": "SAO_PAULO", "NOMEFANTASIA": "AUTO_CAPAS_WANDERLEI_OLIVIERI", "RAZAOSOCIAL": "WANDERLEI_OLIVIERI", "ENDEE": "RUA_ANHANGUERA207__BARRA_FUNDA_01135-000", "LMAPS": "https://www.google.com/maps?q=&layer=c&cbll=-46.652935,-23.5261167", "O_QUE_FAZER": "CARTEIRA", "ER_REGIAO_CIDADE_min": "Capital Centro_Santa Cecília" }, "geometry": { "type": "Point", "coordinates": [ -46.652935, -23.5261167 ] } },
{ "type": "Feature", "properties": { "CNPJ": "24449672000147", "IDCIDADE": "SAO_PAULO", "NOMEFANTASIA": "SOLUCOS_COMERCIO_E_SERVICOS", "RAZAOSOCIAL": "MARCOS_ANTONIO_GODOI", "ENDEE": "RUA_ANHANGUERA215__BARRA_FUNDA_01135-000", "LMAPS": "https://www.google.com/maps?q=&layer=c&cbll=-46.6527193,-23.5259848", "O_QUE_FAZER": "CARTEIRA", "ER_REGIAO_CIDADE_min": "Capital Centro_Santa Cecília" }, "geometry": { "type": "Point", "coordinates": [ -46.6527193, -23.5259848 ] } },
{ "type": "Feature", "properties": { "CNPJ": "16657675000229", "IDCIDADE": "SAO_PAULO", "NOMEFANTASIA": "ARCAR_AUTO_PECAS", "RAZAOSOCIAL": "ARCAR_SERVICOS_AUTOMOTIVOS_LTDA", "ENDEE": "RUA_ANHANGUERA264__BARRA_FUNDA_01135-000", "LMAPS": "https://www.google.com/maps?q=&layer=c&cbll=-46.6527635,-23.5254954", "O_QUE_FAZER": "CARTEIRA", "ER_REGIAO_CIDADE_min": "Capital Centro_Santa Cecília" }, "geometry": { "type": "Point", "coordinates": [ -46.6527635, -23.5254954 ] } },
{ "type": "Feature", "properties": { "CNPJ": "06324345000187", "IDCIDADE": "SAO_PAULO", "NOMEFANTASIA": "NELSON_TAPECARIA", "RAZAOSOCIAL": "NELSON_FRANCISCO_DA_SILVA_-_TAPECARIA", "ENDEE": "RUA_ANHANGUERA283__BARRA_FUNDA_01135-000", "LMAPS": "https://www.google.com/maps?q=&layer=c&cbll=-46.6528705,-23.52494", "O_QUE_FAZER": "CARTEIRA", "ER_REGIAO_CIDADE_min": "Capital Centro_Santa Cecília" }, "geometry": { "type": "Point", "coordinates": [ -46.6528705, -23.52494 ] } },
{ "type": "Feature", "properties": { "CNPJ": "62428040000196", "IDCIDADE": "SAO_PAULO", "NOMEFANTASIA": "FERRAGENS_ANHANGUERA", "RAZAOSOCIAL": "COMERCIO_DE_FERRAGENS_ANHANGUERA_LTDA", "ENDEE": "RUA_ANHANGUERA310__BARRA_FUNDA_01135-000", "LMAPS": "https://www.google.com/maps?q=&layer=c&cbll=-46.6526655,-23.5250788", "O_QUE_FAZER": "CARTEIRA", "ER_REGIAO_CIDADE_min": "Capital Centro_Santa Cecília" }, "geometry": { "type": "Point", "coordinates": [ -46.6526655, -23.5250788 ] } },
{ "type": "Feature", "properties": { "CNPJ": "61074019000177", "IDCIDADE": "SAO_PAULO", "NOMEFANTASIA": "PADARIACERES", "RAZAOSOCIAL": "PANIFICADORA_CERES_LTDA", "ENDEE": "RUA_ANHANGUERA316__BARRA_FUNDA_01135-000", "LMAPS": "https://www.google.com/maps?q=&layer=c&cbll=-46.6526876,-23.5250639", "O_QUE_FAZER": "CARTEIRA", "ER_REGIAO_CIDADE_min": "Capital Centro_Santa Cecília" }, "geometry": { "type": "Point", "coordinates": [ -46.6526876, -23.5250639 ] } },
{ "type": "Feature", "properties": { "CNPJ": "08727263000109", "IDCIDADE": "SAO_PAULO", "NOMEFANTASIA": "EXPRESS_CAFE", "RAZAOSOCIAL": "JOSIAS_MIRANDA_DE_MELO", "ENDEE": "RUA_ANHANGUERA541__BARRA_FUNDA_01135-000", "LMAPS": "https://www.google.com/maps?q=&layer=c&cbll=-46.6529641,-23.5229489", "O_QUE_FAZER": "CARTEIRA", "ER_REGIAO_CIDADE_min": "Capital Centro_Santa Cecília" }, "geometry": { "type": "Point", "coordinates": [ -46.6529641, -23.5229489 ] } },
{ "type": "Feature", "properties": { "CNPJ": "51817683000105", "IDCIDADE": "SAO_PAULO", "NOMEFANTASIA": "COZINHA_Z", "RAZAOSOCIAL": "COZINHA-Z_COMERCIO_DE_ALIMENTOS_LTDA", "ENDEE": "RUA_ANHANGUERA645__BARRA_FUNDA_01135-000", "LMAPS": "https://www.google.com/maps?q=&layer=c&cbll=-46.6530475,-23.5220335", "O_QUE_FAZER": "CARTEIRA", "ER_REGIAO_CIDADE_min": "Capital Centro_Santa Cecília" }, "geometry": { "type": "Point", "coordinates": [ -46.6530475, -23.5220335 ] } },
{ "type": "Feature", "properties": { "CNPJ": "12696687000120", "IDCIDADE": "SAO_PAULO", "NOMEFANTASIA": "PONTO_BRANCO_AUTO", "RAZAOSOCIAL": "PONTO_BRANCO_AUTO_CENTER_LTDA", "ENDEE": "RUA_ANHANGUERA680__BARRA_FUNDA_01135-000", "LMAPS": "https://www.google.com/maps?q=&layer=c&cbll=-46.6528031,-23.5216964", "O_QUE_FAZER": "CARTEIRA", "ER_REGIAO_CIDADE_min": "Capital Centro_Santa Cecília" }, "geometry": { "type": "Point", "coordinates": [ -46.6528031, -23.5216964 ] } },
{ "type": "Feature", "properties": { "CNPJ": "05136027000120", "IDCIDADE": "SAO_PAULO", "NOMEFANTASIA": "SHYURI_X_PRO", "RAZAOSOCIAL": "A._M._HIROSE_ELETRONICA", "ENDEE": "RUA_ANHANGUERA704__BARRA_FUNDA_01135-000", "LMAPS": "https://www.google.com/maps?q=&layer=c&cbll=-46.6528272,-23.5215043", "O_QUE_FAZER": "CARTEIRA", "ER_REGIAO_CIDADE_min": "Capital Centro_Santa Cecília" }, "geometry": { "type": "Point", "coordinates": [ -46.6528272, -23.5215043 ] } },
{ "type": "Feature", "properties": { "CNPJ": "06190114000128", "IDCIDADE": "SAO_PAULO", "NOMEFANTASIA": "PARA_TODOS_ENTREGA_RAPIDA", "RAZAOSOCIAL": "PARATODOS_ENTREGAS_RAPIDAS_LTDA.", "ENDEE": "RUA_ANHANGUERA716__BARRA_FUNDA_01135-000", "LMAPS": "https://www.google.com/maps?q=&layer=c&cbll=-46.6527571,-23.5213628", "O_QUE_FAZER": "CARTEIRA", "ER_REGIAO_CIDADE_min": "Capital Centro_Santa Cecília" }, "geometry": { "type": "Point", "coordinates": [ -46.6527571, -23.5213628 ] } },
{ "type": "Feature", "properties": { "CNPJ": "10379133000174", "IDCIDADE": "SAO_PAULO", "NOMEFANTASIA": "CASA_DE_SANTO_EXPEDITO_MATERIAIS_PARA_CONSTRUCAO_E_LIMPEZA", "RAZAOSOCIAL": "C.S.E._-_COMERCIO_DE_FERRAGENS_E_FERRAMENTAS_LTDA", "ENDEE": "RUA_ANHANGUERA756__BARRA_FUNDA_01135-000", "LMAPS": "https://www.google.com/maps?q=&layer=c&cbll=-46.6529029,-23.5213404", "O_QUE_FAZER": "CARTEIRA", "ER_REGIAO_CIDADE_min": "Capital Centro_Santa Cecília" }, "geometry": { "type": "Point", "coordinates": [ -46.6529029, -23.5213404 ] } },
{ "type": "Feature", "properties": { "CNPJ": "60407376000147", "IDCIDADE": "SAO_PAULO", "NOMEFANTASIA": "ANHANGUERA_PAES", "RAZAOSOCIAL": "PANIFICADORA_ANHANGUERA_LTDA", "ENDEE": "RUA_ANHANGUERA889__BARRA_FUNDA_01135-000", "LMAPS": "https://www.google.com/maps?q=&layer=c&cbll=-46.6530444,-23.519758", "O_QUE_FAZER": "CARTEIRA", "ER_REGIAO_CIDADE_min": "Capital Centro_Santa Cecília" }, "geometry": { "type": "Point", "coordinates": [ -46.6530444, -23.519758 ] } },
{ "type": "Feature", "properties": { "CNPJ": "33727755000141", "IDCIDADE": "SAO_PAULO", "NOMEFANTASIA": "M3RCADO_E_ROTISSERIA_DA_BARRA", "RAZAOSOCIAL": "MERCADO_E_ROTISSERIA_DA_BARRA_LTDA", "ENDEE": "RUA_CONEGO_VICENTE_MIGUEL_MARINO136__BARRA_FUNDA_01135-020", "LMAPS": "https://www.google.com/maps?q=&layer=c&cbll=-46.6497749,-23.5272405", "O_QUE_FAZER": "CARTEIRA", "ER_REGIAO_CIDADE_min": "Capital Centro_Santa Cecília" }, "geometry": { "type": "Point", "coordinates": [ -46.6497749, -23.5272405 ] } },
{ "type": "Feature", "properties": { "CNPJ": "40087909000143", "IDCIDADE": "SAO_PAULO", "NOMEFANTASIA": "EMPORIO_QUINTAL_DA_BARRA", "RAZAOSOCIAL": "EMPORIO_QUINTAL_DA_BARRA_LTDA", "ENDEE": "RUA_CONEGO_VICENTE_MIGUEL_MARINO226__BARRA_FUNDA_01135-020", "LMAPS": "https://www.google.com/maps?q=&layer=c&cbll=-46.6505717,-23.52684", "O_QUE_FAZER": "CARTEIRA", "ER_REGIAO_CIDADE_min": "Capital Centro_Santa Cecília" }, "geometry": { "type": "Point", "coordinates": [ -46.6505717, -23.52684 ] } },
{ "type": "Feature", "properties": { "CNPJ": "47419654000118", "IDCIDADE": "SAO_PAULO", "NOMEFANTASIA": "STYLOS_DA_BARRA", "RAZAOSOCIAL": "MARCELO_SANT_ANNA", "ENDEE": "RUA_CONEGO_VICENTE_MIGUEL_MARINO256__BARRA_FUNDA_01135-020", "LMAPS": "https://www.google.com/maps?q=&layer=c&cbll=-46.6506915,-23.526969", "O_QUE_FAZER": "CARTEIRA", "ER_REGIAO_CIDADE_min": "Capital Centro_Santa Cecília" }, "geometry": { "type": "Point", "coordinates": [ -46.6506915, -23.526969 ] } },
{ "type": "Feature", "properties": { "CNPJ": "41467658000195", "IDCIDADE": "SAO_PAULO", "NOMEFANTASIA": "WEST_CROSS", "RAZAOSOCIAL": "WEST_CROSS_ACADEMIA_LTDA", "ENDEE": "RUA_CONEGO_VICENTE_MIGUEL_MARINO272__BARRA_FUNDA_01135-020", "LMAPS": "https://www.google.com/maps?q=&layer=c&cbll=-46.6509409,-23.5269247", "O_QUE_FAZER": "CARTEIRA", "ER_REGIAO_CIDADE_min": "Capital Centro_Santa Cecília" }, "geometry": { "type": "Point", "coordinates": [ -46.6509409, -23.5269247 ] } },
{ "type": "Feature", "properties": { "CNPJ": "37719961000160", "IDCIDADE": "SAO_PAULO", "NOMEFANTASIA": "MADRUGADA_ESTACIONAMENTO_E_DISK_AGUA", "RAZAOSOCIAL": "MADRUGAS_ESTACIONAMENTO_E_DISK_AGUA_LTDA", "ENDEE": "RUA_CONEGO_VICENTE_MIGUEL_MARINO292__BARRA_FUNDA_01135-020", "LMAPS": "https://www.google.com/maps?q=&layer=c&cbll=-46.6511097,-23.526792", "O_QUE_FAZER": "CARTEIRA", "ER_REGIAO_CIDADE_min": "Capital Centro_Santa Cecília" }, "geometry": { "type": "Point", "coordinates": [ -46.6511097, -23.526792 ] } },
{ "type": "Feature", "properties": { "CNPJ": "47384978000168", "IDCIDADE": "SAO_PAULO", "NOMEFANTASIA": "BELO_BOI_CARNES", "RAZAOSOCIAL": "BELO_BOI_CARNES_LTDA", "ENDEE": "RUA_CONEGO_VICENTE_MIGUEL_MARINO316__BARRA_FUNDA_01135-020", "LMAPS": "https://www.google.com/maps?q=&layer=c&cbll=-46.6512481,-23.5268754", "O_QUE_FAZER": "CARTEIRA", "ER_REGIAO_CIDADE_min": "Capital Centro_Santa Cecília" }, "geometry": { "type": "Point", "coordinates": [ -46.6512481, -23.5268754 ] } },
{ "type": "Feature", "properties": { "CNPJ": "16723137000104", "IDCIDADE": "SAO_PAULO", "NOMEFANTASIA": "RESTAURANTE_E_LANCHONETE_ML", "RAZAOSOCIAL": "RESTAURANTE_E_LANCHONETE_M_L_LTDA", "ENDEE": "RUA_CONEGO_VICENTE_MIGUEL_MARINO318__BARRA_FUNDA_01135-020", "LMAPS": "https://www.google.com/maps?q=&layer=c&cbll=-46.6516617,-23.5270317", "O_QUE_FAZER": "CARTEIRA", "ER_REGIAO_CIDADE_min": "Capital Centro_Santa Cecília" }, "geometry": { "type": "Point", "coordinates": [ -46.6516617, -23.5270317 ] } },
{ "type": "Feature", "properties": { "CNPJ": "35786316000135", "IDCIDADE": "SAO_PAULO", "NOMEFANTASIA": "PALINOIA_CERVEJARIA", "RAZAOSOCIAL": "PALINOIA_CERVEJARIA_LTDA", "ENDEE": "RUA_CONEGO_VICENTE_MIGUEL_MARINO390__BARRA_FUNDA_01135-020", "LMAPS": "https://www.google.com/maps?q=&layer=c&cbll=-46.65208,-23.5266383", "O_QUE_FAZER": "CARTEIRA", "ER_REGIAO_CIDADE_min": "Capital Centro_Santa Cecília" }, "geometry": { "type": "Point", "coordinates": [ -46.65208, -23.5266383 ] } },
{ "type": "Feature", "properties": { "CNPJ": "05100413000161", "IDCIDADE": "SAO_PAULO", "NOMEFANTASIA": "LUGO_SUCATAS", "RAZAOSOCIAL": "LUGO_COMERCIO_DE_MATERIAIS_LTDA", "ENDEE": "RUA_CONEGO_VICENTE_MIGUEL_MARINO413__BARRA_FUNDA_01135-020", "LMAPS": "https://www.google.com/maps?q=&layer=c&cbll=-46.6521153,-23.5266672", "O_QUE_FAZER": "CARTEIRA", "ER_REGIAO_CIDADE_min": "Capital Centro_Santa Cecília" }, "geometry": { "type": "Point", "coordinates": [ -46.6521153, -23.5266672 ] } },
{ "type": "Feature", "properties": { "CNPJ": "38794137000138", "IDCIDADE": "SAO_PAULO", "NOMEFANTASIA": "WHITE_SOUND", "RAZAOSOCIAL": "IVALDO_ALVES_MEIRA", "ENDEE": "RUA_DO_BOSQUE470__BARRA_FUNDA_01136-000", "LMAPS": "https://www.google.com/maps?q=&layer=c&cbll=-46.6531291,-23.5257582", "O_QUE_FAZER": "CARTEIRA", "ER_REGIAO_CIDADE_min": "Capital Centro_Santa Cecília" }, "geometry": { "type": "Point", "coordinates": [ -46.6531291, -23.5257582 ] } },
{ "type": "Feature", "properties": { "CNPJ": "62420633000106", "IDCIDADE": "SAO_PAULO", "NOMEFANTASIA": "LANCHES_QUERENCIA", "RAZAOSOCIAL": "LANCHES_QUERENCIA_LTDA", "ENDEE": "RUA_DO_BOSQUE546__BARRA_FUNDA_01136-000", "LMAPS": "https://www.google.com/maps?q=&layer=c&cbll=-46.6549799,-23.525665", "O_QUE_FAZER": "CARTEIRA", "ER_REGIAO_CIDADE_min": "Capital Centro_Santa Cecília" }, "geometry": { "type": "Point", "coordinates": [ -46.6549799, -23.525665 ] } },
{ "type": "Feature", "properties": { "CNPJ": "49121298000187", "IDCIDADE": "SAO_PAULO", "NOMEFANTASIA": "ESTACIONAMENTO_CRUZEIRO_BARRA_FUNDA", "RAZAOSOCIAL": "ESTACIONAMENTO_CRUZEIRO_BARRA_FUNDA_LTDA", "ENDEE": "RUA_CRUZEIRO676__BARRA_FUNDA_01137-000", "LMAPS": "https://www.google.com/maps?q=&layer=c&cbll=-46.65408,-23.5215033", "O_QUE_FAZER": "CARTEIRA", "ER_REGIAO_CIDADE_min": "Capital Centro_Santa Cecília" }, "geometry": { "type": "Point", "coordinates": [ -46.65408, -23.5215033 ] } },
{ "type": "Feature", "properties": { "CNPJ": "07266606000112", "IDCIDADE": "SAO_PAULO", "NOMEFANTASIA": "QUEEN_BOOKS", "RAZAOSOCIAL": "QUEEN_BOOKS_DISTRIBUICAO_IMPORTACAO_E_EXPORTACAO_DE_LIVROS_LTDA", "ENDEE": "RUA_CRUZEIRO704__BARRA_FUNDA_01137-000", "LMAPS": "https://www.google.com/maps?q=&layer=c&cbll=-46.6540133,-23.5212617", "O_QUE_FAZER": "CARTEIRA", "ER_REGIAO_CIDADE_min": "Capital Centro_Santa Cecília" }, "geometry": { "type": "Point", "coordinates": [ -46.6540133, -23.5212617 ] } },
{ "type": "Feature", "properties": { "CNPJ": "60264181000195", "IDCIDADE": "SAO_PAULO", "NOMEFANTASIA": "MECANICA_CANTO", "RAZAOSOCIAL": "MECANICA_CANTO_LTDA", "ENDEE": "RUA_CRUZEIRO911__BARRA_FUNDA_01137-000", "LMAPS": "https://www.google.com/maps?q=&layer=c&cbll=-46.6544267,-23.5193167", "O_QUE_FAZER": "CARTEIRA", "ER_REGIAO_CIDADE_min": "Capital Centro_Santa Cecília" }, "geometry": { "type": "Point", "coordinates": [ -46.6544267, -23.5193167 ] } },
{ "type": "Feature", "properties": { "CNPJ": "46522549000147", "IDCIDADE": "SAO_PAULO", "NOMEFANTASIA": "VCK_TRANSPORTES", "RAZAOSOCIAL": "VCK_TRANSPORTES_E_LOGISTICA_LTDA", "ENDEE": "RUA_CRUZEIRO927__BARRA_FUNDA_01137-000", "LMAPS": "https://www.google.com/maps?q=&layer=c&cbll=-46.654475,-23.5192017", "O_QUE_FAZER": "CARTEIRA", "ER_REGIAO_CIDADE_min": "Capital Centro_Santa Cecília" }, "geometry": { "type": "Point", "coordinates": [ -46.654475, -23.5192017 ] } },
{ "type": "Feature", "properties": { "CNPJ": "65843773000185", "IDCIDADE": "SAO_PAULO", "NOMEFANTASIA": "RECONDAO", "RAZAOSOCIAL": "RECONDAO_RECUPERADORA_DE_PECAS_LTDA", "ENDEE": "RUA_NORMA_PIERUCCINI_GIANNOTTI196__BARRA_FUNDA_01137-010", "LMAPS": "https://www.google.com/maps?q=&layer=c&cbll=-46.6523177,-23.5229436", "O_QUE_FAZER": "CARTEIRA", "ER_REGIAO_CIDADE_min": "Capital Centro_Santa Cecília" }, "geometry": { "type": "Point", "coordinates": [ -46.6523177, -23.5229436 ] } },
{ "type": "Feature", "properties": { "CNPJ": "19171220000106", "IDCIDADE": "SAO_PAULO", "NOMEFANTASIA": "COCK_PIT_CAR", "RAZAOSOCIAL": "DIEGO_JOSE_CANDEA_DO_NASCIMENTO", "ENDEE": "RUA_NORMA_PIERUCCINI_GIANNOTTI356__BARRA_FUNDA_01137-010", "LMAPS": "https://www.google.com/maps?q=&layer=c&cbll=-46.653895,-23.5229117", "O_QUE_FAZER": "CARTEIRA", "ER_REGIAO_CIDADE_min": "Capital Centro_Santa Cecília" }, "geometry": { "type": "Point", "coordinates": [ -46.653895, -23.5229117 ] } },
{ "type": "Feature", "properties": { "CNPJ": "54947064000123", "IDCIDADE": "SAO_PAULO", "NOMEFANTASIA": "FOFOCAS_BAR", "RAZAOSOCIAL": "BAR_E_LANCHES_ENTRETANTOS_LTDA", "ENDEE": "RUA_NORMA_PIERUCCINI_GIANNOTTI366__BARRA_FUNDA_01137-010", "LMAPS": "https://www.google.com/maps?q=&layer=c&cbll=-46.6539025,-23.5230432", "O_QUE_FAZER": "CARTEIRA", "ER_REGIAO_CIDADE_min": "Capital Centro_Santa Cecília" }, "geometry": { "type": "Point", "coordinates": [ -46.6539025, -23.5230432 ] } },
{ "type": "Feature", "properties": { "CNPJ": "01970873000190", "IDCIDADE": "SAO_PAULO", "NOMEFANTASIA": "ALVORADA_PET_SHOP", "RAZAOSOCIAL": "TOBY_PET_SHOP_&_ACESSORIOS_LTDA", "ENDEE": "RUA_NORMA_PIERUCCINI_GIANNOTTI423__BARRA_FUNDA_01137-010", "LMAPS": "https://www.google.com/maps?q=&layer=c&cbll=-46.65438,-23.5233849", "O_QUE_FAZER": "CARTEIRA", "ER_REGIAO_CIDADE_min": "Capital Centro_Santa Cecília" }, "geometry": { "type": "Point", "coordinates": [ -46.65438, -23.5233849 ] } },
{ "type": "Feature", "properties": { "CNPJ": "22352916000143", "IDCIDADE": "SAO_PAULO", "NOMEFANTASIA": "QUINTAS_CAR", "RAZAOSOCIAL": "QUINKA_S_SERVICO_AUTOMOTIVO_E_GNV_LTDA", "ENDEE": "RUA_NORMA_PIERUCCINI_GIANNOTTI496__BARRA_FUNDA_01137-010", "LMAPS": "https://www.google.com/maps?q=&layer=c&cbll=-46.6552882,-23.5232495", "O_QUE_FAZER": "CARTEIRA", "ER_REGIAO_CIDADE_min": "Capital Centro_Santa Cecília" }, "geometry": { "type": "Point", "coordinates": [ -46.6552882, -23.5232495 ] } },
{ "type": "Feature", "properties": { "CNPJ": "40881148000105", "IDCIDADE": "SAO_PAULO", "NOMEFANTASIA": "BOX_78_MOTOS", "RAZAOSOCIAL": "BOX_78_MOTOCICLETA_OFICINA_E_ESTETICA_AUTOMOTIVA_LTDA", "ENDEE": "RUA_NORMA_PIERUCCINI_GIANNOTTI539__BARRA_FUNDA_01137-010", "LMAPS": "https://www.google.com/maps?q=&layer=c&cbll=-46.6556233,-23.52339", "O_QUE_FAZER": "CARTEIRA", "ER_REGIAO_CIDADE_min": "Capital Centro_Santa Cecília" }, "geometry": { "type": "Point", "coordinates": [ -46.6556233, -23.52339 ] } },
{ "type": "Feature", "properties": { "CNPJ": "15287429000189", "IDCIDADE": "SAO_PAULO", "NOMEFANTASIA": "SHALLON_DESPACHANTE", "RAZAOSOCIAL": "MARCELO_ALEXANDRE_FERRARI_DOS_SANTOS", "ENDEE": "RUA_NORMA_PIERUCCINI_GIANNOTTI80__BARRA_FUNDA_01137-010", "LMAPS": "https://www.google.com/maps?q=&layer=c&cbll=-46.6512283,-23.522875", "O_QUE_FAZER": "CARTEIRA", "ER_REGIAO_CIDADE_min": "Capital Centro_Santa Cecília" }, "geometry": { "type": "Point", "coordinates": [ -46.6512283, -23.522875 ] } },
{ "type": "Feature", "properties": { "CNPJ": "49517824000122", "IDCIDADE": "SAO_PAULO", "NOMEFANTASIA": "BAR_E_LANCHES_SILVAL", "RAZAOSOCIAL": "BAR_E_LANCHES_SINVAL_LTDA.", "ENDEE": "RUA_DOUTOR_RIBEIRO_DE_ALMEIDA151__BARRA_FUNDA_01137-020", "LMAPS": "https://www.google.com/maps?q=&layer=c&cbll=-46.653065,-23.524855", "O_QUE_FAZER": "CARTEIRA", "ER_REGIAO_CIDADE_min": "Capital Centro_Santa Cecília" }, "geometry": { "type": "Point", "coordinates": [ -46.653065, -23.524855 ] } },
{ "type": "Feature", "properties": { "CNPJ": "46153033000172", "IDCIDADE": "SAO_PAULO", "NOMEFANTASIA": "PIZZARIA_BOCADAS", "RAZAOSOCIAL": "RESTAURANTE_E_PIZZARIA_RIBEIRO_DE_ALMEIDA_LTDA", "ENDEE": "RUA_DOUTOR_RIBEIRO_DE_ALMEIDA167__BARRA_FUNDA_01137-020", "LMAPS": "https://www.google.com/maps?q=&layer=c&cbll=-46.6530084,-23.5247783", "O_QUE_FAZER": "CARTEIRA", "ER_REGIAO_CIDADE_min": "Capital Centro_Santa Cecília" }, "geometry": { "type": "Point", "coordinates": [ -46.6530084, -23.5247783 ] } },
{ "type": "Feature", "properties": { "CNPJ": "08668391000129", "IDCIDADE": "SAO_PAULO", "NOMEFANTASIA": "PRISMA_PRINT", "RAZAOSOCIAL": "PRISMA_PRINT_DESIGN_ACABAMENTOS_GRAFICOS_LTDA", "ENDEE": "RUA_DOUTOR_RIBEIRO_DE_ALMEIDA194__BARRA_FUNDA_01137-020", "LMAPS": "https://www.google.com/maps?q=&layer=c&cbll=-46.6534967,-23.5249533", "O_QUE_FAZER": "CARTEIRA", "ER_REGIAO_CIDADE_min": "Capital Centro_Santa Cecília" }, "geometry": { "type": "Point", "coordinates": [ -46.6534967, -23.5249533 ] } },
{ "type": "Feature", "properties": { "CNPJ": "05654373000108", "IDCIDADE": "SAO_PAULO", "NOMEFANTASIA": "DUPLOTECH_LASER", "RAZAOSOCIAL": "IDEAL_-_INDUSTRIA_DE_MAQUINAS_INDUSTRIAIS,_IMPORTACAO_E_EXPORTACAO_LTDA", "ENDEE": "RUA_DOUTOR_RIBEIRO_DE_ALMEIDA208__BARRA_FUNDA_01137-020", "LMAPS": "https://www.google.com/maps?q=&layer=c&cbll=-46.6536065,-23.5246448", "O_QUE_FAZER": "CARTEIRA", "ER_REGIAO_CIDADE_min": "Capital Centro_Santa Cecília" }, "geometry": { "type": "Point", "coordinates": [ -46.6536065, -23.5246448 ] } },
{ "type": "Feature", "properties": { "CNPJ": "28869429000139", "IDCIDADE": "SAO_PAULO", "NOMEFANTASIA": "CANTINHO_DA_BARRA_FUNDA", "RAZAOSOCIAL": "CANTINHO_DA_BARRA_FUNDA_LTDA", "ENDEE": "RUA_DOUTOR_RIBEIRO_DE_ALMEIDA278__BARRA_FUNDA_01137-020", "LMAPS": "https://www.google.com/maps?q=&layer=c&cbll=-46.6542106,-23.5246274", "O_QUE_FAZER": "CARTEIRA", "ER_REGIAO_CIDADE_min": "Capital Centro_Santa Cecília" }, "geometry": { "type": "Point", "coordinates": [ -46.6542106, -23.5246274 ] } },
{ "type": "Feature", "properties": { "CNPJ": "05141769000143", "IDCIDADE": "SAO_PAULO", "NOMEFANTASIA": "GARAGE_BATISTINHA", "RAZAOSOCIAL": "G_1_COMERCIO_DE_PECAS_E_SERVICOS_LTDA", "ENDEE": "RUA_DOUTOR_RIBEIRO_DE_ALMEIDA281__BARRA_FUNDA_01137-020", "LMAPS": "https://www.google.com/maps?q=&layer=c&cbll=-46.654465,-23.5247867", "O_QUE_FAZER": "CARTEIRA", "ER_REGIAO_CIDADE_min": "Capital Centro_Santa Cecília" }, "geometry": { "type": "Point", "coordinates": [ -46.654465, -23.5247867 ] } },
{ "type": "Feature", "properties": { "CNPJ": "74056789000139", "IDCIDADE": "SAO_PAULO", "NOMEFANTASIA": "MECANICA_GUACA", "RAZAOSOCIAL": "ELISEU_ANDRADE_DE_OLIVEIRA", "ENDEE": "RUA_DOUTOR_RIBEIRO_DE_ALMEIDA345__BARRA_FUNDA_01137-020", "LMAPS": "https://www.google.com/maps?q=&layer=c&cbll=-46.6550861,-23.5248161", "O_QUE_FAZER": "CARTEIRA", "ER_REGIAO_CIDADE_min": "Capital Centro_Santa Cecília" }, "geometry": { "type": "Point", "coordinates": [ -46.6550861, -23.5248161 ] } },
{ "type": "Feature", "properties": { "CNPJ": "26728645000139", "IDCIDADE": "SAO_PAULO", "NOMEFANTASIA": "MINIMERCADO_TAIUVA", "RAZAOSOCIAL": "MINIMERCADO_TAIUVA_LTDA", "ENDEE": "RUA_DOUTOR_RIBEIRO_DE_ALMEIDA365__BARRA_FUNDA_01137-020", "LMAPS": "https://www.google.com/maps?q=&layer=c&cbll=-46.6551667,-23.5249333", "O_QUE_FAZER": "CARTEIRA", "ER_REGIAO_CIDADE_min": "Capital Centro_Santa Cecília" }, "geometry": { "type": "Point", "coordinates": [ -46.6551667, -23.5249333 ] } },
{ "type": "Feature", "properties": { "CNPJ": "00246294000136", "IDCIDADE": "SAO_PAULO", "NOMEFANTASIA": "LANCHONETE_GGR", "RAZAOSOCIAL": "LANCHONETE_G_G_R_LTDA", "ENDEE": "RUA_JAMES_HOLLAND298__BARRA_FUNDA_01138-000", "LMAPS": "https://www.google.com/maps?q=&layer=c&cbll=-46.65411,-23.52287", "O_QUE_FAZER": "CARTEIRA", "ER_REGIAO_CIDADE_min": "Capital Centro_Santa Cecília" }, "geometry": { "type": "Point", "coordinates": [ -46.65411, -23.52287 ] } },
{ "type": "Feature", "properties": { "CNPJ": "18410155000161", "IDCIDADE": "SAO_PAULO", "NOMEFANTASIA": "DAN_POZZI_CENTRO_AUTOMOTIVO", "RAZAOSOCIAL": "DANPOZZI_CENTRO_AUTOMOTIVO_LTDA", "ENDEE": "RUA_JAMES_HOLLAND355__BARRA_FUNDA_01138-000", "LMAPS": "https://www.google.com/maps?q=&layer=c&cbll=-46.654505,-23.5221783", "O_QUE_FAZER": "CARTEIRA", "ER_REGIAO_CIDADE_min": "Capital Centro_Santa Cecília" }, "geometry": { "type": "Point", "coordinates": [ -46.654505, -23.5221783 ] } },
{ "type": "Feature", "properties": { "CNPJ": "04931397000196", "IDCIDADE": "SAO_PAULO", "NOMEFANTASIA": "JONY_MERBEL", "RAZAOSOCIAL": "JONNY_LUCIO_NARVAEZ_MERMA", "ENDEE": "RUA_SOLIMOES392__BARRA_FUNDA_01138-020", "LMAPS": "https://www.google.com/maps?q=&layer=c&cbll=-46.6556661,-23.5206345", "O_QUE_FAZER": "CARTEIRA", "ER_REGIAO_CIDADE_min": "Capital Centro_Santa Cecília" }, "geometry": { "type": "Point", "coordinates": [ -46.6556661, -23.5206345 ] } },
{ "type": "Feature", "properties": { "CNPJ": "44053922000132", "IDCIDADE": "SAO_PAULO", "NOMEFANTASIA": "LOLO_BAR_E_RESTAURANTE", "RAZAOSOCIAL": "LOLO_BAR_E_RESTAURANTE_LTDA", "ENDEE": "AVENIDA_GENERAL_OLIMPIO_DA_SILVEIRA370__SANTA_CECILIA_01150-001", "LMAPS": "https://www.google.com/maps?q=&layer=c&cbll=-46.6598448,-23.5317116", "O_QUE_FAZER": "CARTEIRA", "ER_REGIAO_CIDADE_min": "Capital Centro_Santa Cecília" }, "geometry": { "type": "Point", "coordinates": [ -46.6598448, -23.5317116 ] } },
{ "type": "Feature", "properties": { "CNPJ": "24162937000121", "IDCIDADE": "SAO_PAULO", "NOMEFANTASIA": "THAIUNIT_ACADEMIA_DE_ARTES_MARCIAIS", "RAZAOSOCIAL": "THAIUNIT_ACADEMIA_DE_ARTES_MARCIAIS_LTDA", "ENDEE": "AVENIDA_GENERAL_OLIMPIO_DA_SILVEIRA447__SANTA_CECILIA_01150-001", "LMAPS": "https://www.google.com/maps?q=&layer=c&cbll=-46.6606562,-23.5321121", "O_QUE_FAZER": "CARTEIRA", "ER_REGIAO_CIDADE_min": "Capital Centro_Santa Cecília" }, "geometry": { "type": "Point", "coordinates": [ -46.6606562, -23.5321121 ] } },
{ "type": "Feature", "properties": { "CNPJ": "32025851000185", "IDCIDADE": "SAO_PAULO", "NOMEFANTASIA": "RM_DOCES", "RAZAOSOCIAL": "BOMBONIERE_LANCHES_MANIA_LTDA", "ENDEE": "AVENIDA_MARECHAL_DEODORO170__SANTA_CECILIA_01150-010", "LMAPS": "https://www.google.com/maps?q=&layer=c&cbll=-46.6542148,-23.5343983", "O_QUE_FAZER": "CARTEIRA", "ER_REGIAO_CIDADE_min": "Capital Centro_Santa Cecília" }, "geometry": { "type": "Point", "coordinates": [ -46.6542148, -23.5343983 ] } },
{ "type": "Feature", "properties": { "CNPJ": "46587997000129", "IDCIDADE": "SAO_PAULO", "NOMEFANTASIA": "ESPETARIA_MARECHAL", "RAZAOSOCIAL": "ESPETARIA_MARECHAL_LTDA", "ENDEE": "AVENIDA_MARECHAL_DEODORO216__SANTA_CECILIA_01150-010", "LMAPS": "https://www.google.com/maps?q=&layer=c&cbll=-46.6545487,-23.5341621", "O_QUE_FAZER": "CARTEIRA", "ER_REGIAO_CIDADE_min": "Capital Centro_Santa Cecília" }, "geometry": { "type": "Point", "coordinates": [ -46.6545487, -23.5341621 ] } },
{ "type": "Feature", "properties": { "CNPJ": "09278405000241", "IDCIDADE": "SAO_PAULO", "NOMEFANTASIA": "SBP_PARK", "RAZAOSOCIAL": "SBP_PARK_ESTACIONAMENTO_LTDA", "ENDEE": "AVENIDA_MARECHAL_DEODORO426__SANTA_CECILIA_01150-010", "LMAPS": "https://www.google.com/maps?q=&layer=c&cbll=-46.6564938,-23.533164", "O_QUE_FAZER": "CARTEIRA", "ER_REGIAO_CIDADE_min": "Capital Centro_Santa Cecília" }, "geometry": { "type": "Point", "coordinates": [ -46.6564938, -23.533164 ] } },
{ "type": "Feature", "properties": { "CNPJ": "22854594000130", "IDCIDADE": "SAO_PAULO", "NOMEFANTASIA": "LANCHONETE_NOVA_PIRINEUS", "RAZAOSOCIAL": "LANCHONETE_NOVA_PIRINEUS_LTDA", "ENDEE": "AVENIDA_MARECHAL_DEODORO52__SANTA_CECILIA_01150-010", "LMAPS": "https://www.google.com/maps?q=&layer=c&cbll=-46.6531272,-23.534931", "O_QUE_FAZER": "CARTEIRA", "ER_REGIAO_CIDADE_min": "Capital Centro_Santa Cecília" }, "geometry": { "type": "Point", "coordinates": [ -46.6531272, -23.534931 ] } },
{ "type": "Feature", "properties": { "CNPJ": "08694909000107", "IDCIDADE": "SAO_PAULO", "NOMEFANTASIA": "OLIVEIRA_DECORACOES", "RAZAOSOCIAL": "ANTONIO_DE_SOUSA_OLIVEIRA_-_ELETROCENTER", "ENDEE": "PRACA_MARECHAL_DEODORO202__SANTA_CECILIA_01150-010", "LMAPS": "https://www.google.com/maps?q=&layer=c&cbll=-46.6544617,-23.5341983", "O_QUE_FAZER": "CARTEIRA", "ER_REGIAO_CIDADE_min": "Capital Centro_Santa Cecília" }, "geometry": { "type": "Point", "coordinates": [ -46.6544617, -23.5341983 ] } },
{ "type": "Feature", "properties": { "CNPJ": "00782408000162", "IDCIDADE": "SAO_PAULO", "NOMEFANTASIA": "CASA_DE_CARNES_FRANCESINHA", "RAZAOSOCIAL": "CASA_DE_CARNES_FRANCEZINHA_LTDA", "ENDEE": "PRACA_MARECHAL_DEODORO258__SANTA_CECILIA_01150-010", "LMAPS": "https://www.google.com/maps?q=&layer=c&cbll=-46.6550135,-23.5341299", "O_QUE_FAZER": "CARTEIRA", "ER_REGIAO_CIDADE_min": "Capital Centro_Santa Cecília" }, "geometry": { "type": "Point", "coordinates": [ -46.6550135, -23.5341299 ] } },
{ "type": "Feature", "properties": { "CNPJ": "61372173000125", "IDCIDADE": "SAO_PAULO", "NOMEFANTASIA": "PADARIA_E_CONFEITARIA_PALMEIRAS", "RAZAOSOCIAL": "PADARIA_E_CONFEITARIA_PALMEIRAS_LTDA", "ENDEE": "PRACA_MARECHAL_DEODORO268__SANTA_CECILIA_01150-010", "LMAPS": "https://www.google.com/maps?q=&layer=c&cbll=-46.6550529,-23.5338018", "O_QUE_FAZER": "CARTEIRA", "ER_REGIAO_CIDADE_min": "Capital Centro_Santa Cecília" }, "geometry": { "type": "Point", "coordinates": [ -46.6550529, -23.5338018 ] } },
{ "type": "Feature", "properties": { "CNPJ": "60780483000116", "IDCIDADE": "SAO_PAULO", "NOMEFANTASIA": "DROGA_FACIL", "RAZAOSOCIAL": "FARMACIA_DROGAFACIL_LTDA", "ENDEE": "PRACA_MARECHAL_DEODORO328__SANTA_CECILIA_01150-010", "LMAPS": "https://www.google.com/maps?q=&layer=c&cbll=-46.6555187,-23.5336787", "O_QUE_FAZER": "CARTEIRA", "ER_REGIAO_CIDADE_min": "Capital Centro_Santa Cecília" }, "geometry": { "type": "Point", "coordinates": [ -46.6555187, -23.5336787 ] } },
{ "type": "Feature", "properties": { "CNPJ": "07856790000150", "IDCIDADE": "SAO_PAULO", "NOMEFANTASIA": "NOVA_ESTRELA", "RAZAOSOCIAL": "ZHAO_AIDAN", "ENDEE": "PRACA_MARECHAL_DEODORO117__SANTA_CECILIA_01150-011", "LMAPS": "https://www.google.com/maps?q=&layer=c&cbll=-46.65418,-23.5352299", "O_QUE_FAZER": "CARTEIRA", "ER_REGIAO_CIDADE_min": "Capital Centro_Santa Cecília" }, "geometry": { "type": "Point", "coordinates": [ -46.65418, -23.5352299 ] } },
{ "type": "Feature", "properties": { "CNPJ": "44882728000160", "IDCIDADE": "SAO_PAULO", "NOMEFANTASIA": "AUTO_ESCOLA_POSITIVA", "RAZAOSOCIAL": "AUTO_MOTO_ESCOLA_SABRINA_LTDA", "ENDEE": "PRACA_MARECHAL_DEODORO235__SANTA_CECILIA_01150-011", "LMAPS": "https://www.google.com/maps?q=&layer=c&cbll=-46.6550534,-23.5345525", "O_QUE_FAZER": "CARTEIRA", "ER_REGIAO_CIDADE_min": "Capital Centro_Santa Cecília" }, "geometry": { "type": "Point", "coordinates": [ -46.6550534, -23.5345525 ] } },
{ "type": "Feature", "properties": { "CNPJ": "03582120000132", "IDCIDADE": "SAO_PAULO", "NOMEFANTASIA": "BING_HONG_PRESENTES", "RAZAOSOCIAL": "BING_HONG_PRESENTES_LTDA", "ENDEE": "PRACA_MARECHAL_DEODORO241__SANTA_CECILIA_01150-011", "LMAPS": "https://www.google.com/maps?q=&layer=c&cbll=-46.6551496,-23.5344438", "O_QUE_FAZER": "CARTEIRA", "ER_REGIAO_CIDADE_min": "Capital Centro_Santa Cecília" }, "geometry": { "type": "Point", "coordinates": [ -46.6551496, -23.5344438 ] } },
{ "type": "Feature", "properties": { "CNPJ": "37751352000199", "IDCIDADE": "SAO_PAULO", "NOMEFANTASIA": "SBW_DOCERIA", "RAZAOSOCIAL": "SBW_EMPORIO,_DOCERIA_E_LANCHES_LTDA", "ENDEE": "PRACA_MARECHAL_DEODORO249__SANTA_CECILIA_01150-011", "LMAPS": "https://www.google.com/maps?q=&layer=c&cbll=-46.6551676,-23.5344105", "O_QUE_FAZER": "CARTEIRA", "ER_REGIAO_CIDADE_min": "Capital Centro_Santa Cecília" }, "geometry": { "type": "Point", "coordinates": [ -46.6551676, -23.5344105 ] } },
{ "type": "Feature", "properties": { "CNPJ": "35678113000125", "IDCIDADE": "SAO_PAULO", "NOMEFANTASIA": "LI_HIUANG", "RAZAOSOCIAL": "LI_HUANGUI", "ENDEE": "PRACA_MARECHAL_DEODORO433__SANTA_CECILIA_01150-011", "LMAPS": "https://www.google.com/maps?q=&layer=c&cbll=-46.6565482,-23.5333782", "O_QUE_FAZER": "CARTEIRA", "ER_REGIAO_CIDADE_min": "Capital Centro_Santa Cecília" }, "geometry": { "type": "Point", "coordinates": [ -46.6565482, -23.5333782 ] } },
{ "type": "Feature", "properties": { "CNPJ": "58517244000126", "IDCIDADE": "SAO_PAULO", "NOMEFANTASIA": "LANCHONETE_MARECHAL", "RAZAOSOCIAL": "LANCHONETE_MARECHAL_COELHO_DURAES_LTDA", "ENDEE": "PRACA_MARECHAL_DEODORO447__SANTA_CECILIA_01150-011", "LMAPS": "https://www.google.com/maps?q=&layer=c&cbll=-46.6566447,-23.5332452", "O_QUE_FAZER": "CARTEIRA", "ER_REGIAO_CIDADE_min": "Capital Centro_Santa Cecília" }, "geometry": { "type": "Point", "coordinates": [ -46.6566447, -23.5332452 ] } },
{ "type": "Feature", "properties": { "CNPJ": "51725596000128", "IDCIDADE": "SAO_PAULO", "NOMEFANTASIA": "LAVANDERIA_YUBI", "RAZAOSOCIAL": "LAVANDERIA_YUBI_LTDA", "ENDEE": "AVENIDA_GENERAL_OLIMPIO_DA_SILVEIRA399__SANTA_CECILIA_01150-020", "LMAPS": "https://www.google.com/maps?q=&layer=c&cbll=-46.6602174,-23.5320086", "O_QUE_FAZER": "CARTEIRA", "ER_REGIAO_CIDADE_min": "Capital Centro_Santa Cecília" }, "geometry": { "type": "Point", "coordinates": [ -46.6602174, -23.5320086 ] } },
{ "type": "Feature", "properties": { "CNPJ": "30357383000110", "IDCIDADE": "SAO_PAULO", "NOMEFANTASIA": "PLAN_DISTRIBUIDORA", "RAZAOSOCIAL": "PLAN_COMERCIO_DE_DESCARTAVEIS_LTDA", "ENDEE": "RUA_BRIGADEIRO_GALVAO1007__BARRA_FUNDA_01151-000", "LMAPS": "https://www.google.com/maps?q=&layer=c&cbll=-46.6603447,-23.528103", "O_QUE_FAZER": "CARTEIRA", "ER_REGIAO_CIDADE_min": "Capital Centro_Santa Cecília" }, "geometry": { "type": "Point", "coordinates": [ -46.6603447, -23.528103 ] } },
{ "type": "Feature", "properties": { "CNPJ": "40101353000100", "IDCIDADE": "SAO_PAULO", "NOMEFANTASIA": "LOTUS_ASSESSORIA", "RAZAOSOCIAL": "LOTUS_ASSESSORIA_LTDA", "ENDEE": "RUA_BRIGADEIRO_GALVAO1031__BARRA_FUNDA_01151-000", "LMAPS": "https://www.google.com/maps?q=&layer=c&cbll=-46.6602917,-23.5278633", "O_QUE_FAZER": "CARTEIRA", "ER_REGIAO_CIDADE_min": "Capital Centro_Santa Cecília" }, "geometry": { "type": "Point", "coordinates": [ -46.6602917, -23.5278633 ] } },
{ "type": "Feature", "properties": { "CNPJ": "08732726000120", "IDCIDADE": "SAO_PAULO", "NOMEFANTASIA": "MAX_FRIO", "RAZAOSOCIAL": "ANGELICA_SAMER_LIMA_DA_SILVA", "ENDEE": "RUA_BRIGADEIRO_GALVAO1066__BARRA_FUNDA_01151-000", "LMAPS": "https://www.google.com/maps?q=&layer=c&cbll=-46.6602676,-23.5273998", "O_QUE_FAZER": "CARTEIRA", "ER_REGIAO_CIDADE_min": "Capital Centro_Santa Cecília" }, "geometry": { "type": "Point", "coordinates": [ -46.6602676, -23.5273998 ] } },
{ "type": "Feature", "properties": { "CNPJ": "04833444000169", "IDCIDADE": "SAO_PAULO", "NOMEFANTASIA": "PARAFUSOS_BARRA_FUNDA", "RAZAOSOCIAL": "PARAFUSOS_BARRA_FUNDA_LTDA", "ENDEE": "RUA_BRIGADEIRO_GALVAO235__BARRA_FUNDA_01151-000", "LMAPS": "https://www.google.com/maps?q=&layer=c&cbll=-46.6549031,-23.5335462", "O_QUE_FAZER": "CARTEIRA", "ER_REGIAO_CIDADE_min": "Capital Centro_Santa Cecília" }, "geometry": { "type": "Point", "coordinates": [ -46.6549031, -23.5335462 ] } },
{ "type": "Feature", "properties": { "CNPJ": "23607964000106", "IDCIDADE": "SAO_PAULO", "NOMEFANTASIA": "A&F_COMERCIO_DE_PLANTAS", "RAZAOSOCIAL": "A&F_COMERCIO_DE_PLANTAS_E_FLORES_LTDA", "ENDEE": "RUA_BRIGADEIRO_GALVAO254__BARRA_FUNDA_01151-000", "LMAPS": "https://www.google.com/maps?q=&layer=c&cbll=-46.6547997,-23.5327288", "O_QUE_FAZER": "CARTEIRA", "ER_REGIAO_CIDADE_min": "Capital Centro_Santa Cecília" }, "geometry": { "type": "Point", "coordinates": [ -46.6547997, -23.5327288 ] } },
{ "type": "Feature", "properties": { "CNPJ": "23650577000144", "IDCIDADE": "SAO_PAULO", "NOMEFANTASIA": "CASA_DAS_PLOTAGENS", "RAZAOSOCIAL": "RENAN_PEREIRA_ROCHA_FOTOCOPIAS", "ENDEE": "RUA_BRIGADEIRO_GALVAO28__BARRA_FUNDA_01151-000", "LMAPS": "https://www.google.com/maps?q=&layer=c&cbll=-46.6530967,-23.533935", "O_QUE_FAZER": "CARTEIRA", "ER_REGIAO_CIDADE_min": "Capital Centro_Santa Cecília" }, "geometry": { "type": "Point", "coordinates": [ -46.6530967, -23.533935 ] } },
{ "type": "Feature", "properties": { "CNPJ": "34320503000166", "IDCIDADE": "SAO_PAULO", "NOMEFANTASIA": "RN_PARK", "RAZAOSOCIAL": "ANATILIA_GARCIA_DOS_SANTOS", "ENDEE": "RUA_BRIGADEIRO_GALVAO345__BARRA_FUNDA_01151-000", "LMAPS": "https://www.google.com/maps?q=&layer=c&cbll=-46.655403,-23.5323331", "O_QUE_FAZER": "CARTEIRA", "ER_REGIAO_CIDADE_min": "Capital Centro_Santa Cecília" }, "geometry": { "type": "Point", "coordinates": [ -46.655403, -23.5323331 ] } },
{ "type": "Feature", "properties": { "CNPJ": "33149453000133", "IDCIDADE": "SAO_PAULO", "NOMEFANTASIA": "AUTO_CAPAS_TEIXEIRA", "RAZAOSOCIAL": "AUTO_CAPAS_TEIXEIRA_LTDA", "ENDEE": "RUA_BRIGADEIRO_GALVAO409__BARRA_FUNDA_01151-000", "LMAPS": "https://www.google.com/maps?q=&layer=c&cbll=-46.6559583,-23.5317583", "O_QUE_FAZER": "CARTEIRA", "ER_REGIAO_CIDADE_min": "Capital Centro_Santa Cecília" }, "geometry": { "type": "Point", "coordinates": [ -46.6559583, -23.5317583 ] } },
{ "type": "Feature", "properties": { "CNPJ": "30221770000125", "IDCIDADE": "SAO_PAULO", "NOMEFANTASIA": "SAFETY_CAR", "RAZAOSOCIAL": "GILBERT_BENETTI", "ENDEE": "RUA_BRIGADEIRO_GALVAO415__BARRA_FUNDA_01151-000", "LMAPS": "https://www.google.com/maps?q=&layer=c&cbll=-46.6559617,-23.5317283", "O_QUE_FAZER": "CARTEIRA", "ER_REGIAO_CIDADE_min": "Capital Centro_Santa Cecília" }, "geometry": { "type": "Point", "coordinates": [ -46.6559617, -23.5317283 ] } },
{ "type": "Feature", "properties": { "CNPJ": "53873196000195", "IDCIDADE": "SAO_PAULO", "NOMEFANTASIA": "UNIPLAC", "RAZAOSOCIAL": "UNIPLAC_COMERCIO_E_REPRESENTACOES_LTDA", "ENDEE": "RUA_BRIGADEIRO_GALVAO459__BARRA_FUNDA_01151-000", "LMAPS": "https://www.google.com/maps?q=&layer=c&cbll=-46.6562717,-23.5313", "O_QUE_FAZER": "CARTEIRA", "ER_REGIAO_CIDADE_min": "Capital Centro_Santa Cecília" }, "geometry": { "type": "Point", "coordinates": [ -46.6562717, -23.5313 ] } },
{ "type": "Feature", "properties": { "CNPJ": "31227988000150", "IDCIDADE": "SAO_PAULO", "NOMEFANTASIA": "LA_GUSTARE", "RAZAOSOCIAL": "PIZZARIA_E_O_NOME_LTDA", "ENDEE": "RUA_BRIGADEIRO_GALVAO596__BARRA_FUNDA_01151-000", "LMAPS": "https://www.google.com/maps?q=&layer=c&cbll=-46.6572512,-23.5305878", "O_QUE_FAZER": "CARTEIRA", "ER_REGIAO_CIDADE_min": "Capital Centro_Santa Cecília" }, "geometry": { "type": "Point", "coordinates": [ -46.6572512, -23.5305878 ] } },
{ "type": "Feature", "properties": { "CNPJ": "10767981000150", "IDCIDADE": "SAO_PAULO", "NOMEFANTASIA": "CLASSICOS_TATOO", "RAZAOSOCIAL": "EDGAR_E_CELSO_SERVICOS_DE_TATUAGENS_LTDA.", "ENDEE": "RUA_BRIGADEIRO_GALVAO644__BARRA_FUNDA_01151-000", "LMAPS": "https://www.google.com/maps?q=&layer=c&cbll=-46.6575267,-23.5303083", "O_QUE_FAZER": "CARTEIRA", "ER_REGIAO_CIDADE_min": "Capital Centro_Santa Cecília" }, "geometry": { "type": "Point", "coordinates": [ -46.6575267, -23.5303083 ] } },
{ "type": "Feature", "properties": { "CNPJ": "21236907000124", "IDCIDADE": "SAO_PAULO", "NOMEFANTASIA": "ORIGINAL_PECAS", "RAZAOSOCIAL": "DISTRIBUIDORA_ORIGEM_ACESSORIOS_AUTOMOTIVOS_LTDA", "ENDEE": "RUA_BRIGADEIRO_GALVAO659__BARRA_FUNDA_01151-000", "LMAPS": "https://www.google.com/maps?q=&layer=c&cbll=-46.6577218,-23.53014", "O_QUE_FAZER": "CARTEIRA", "ER_REGIAO_CIDADE_min": "Capital Centro_Santa Cecília" }, "geometry": { "type": "Point", "coordinates": [ -46.6577218, -23.53014 ] } },
{ "type": "Feature", "properties": { "CNPJ": "20888907000146", "IDCIDADE": "SAO_PAULO", "NOMEFANTASIA": "INSTALL_PRODUTORA_DE_ART3", "RAZAOSOCIAL": "INSTALL_PRODUTORA_DE_ARTE_LTDA", "ENDEE": "RUA_BRIGADEIRO_GALVAO745__BARRA_FUNDA_01151-000", "LMAPS": "https://www.google.com/maps?q=&layer=c&cbll=-46.6576651,-23.5297695", "O_QUE_FAZER": "CARTEIRA", "ER_REGIAO_CIDADE_min": "Capital Centro_Santa Cecília" }, "geometry": { "type": "Point", "coordinates": [ -46.6576651, -23.5297695 ] } },
{ "type": "Feature", "properties": { "CNPJ": "36348055000134", "IDCIDADE": "SAO_PAULO", "NOMEFANTASIA": "G&A_ADEGA", "RAZAOSOCIAL": "ADEGA_G&A_LTDA", "ENDEE": "RUA_BRIGADEIRO_GALVAO755__BARRA_FUNDA_01151-000", "LMAPS": "https://www.google.com/maps?q=&layer=c&cbll=-46.6582692,-23.5295323", "O_QUE_FAZER": "CARTEIRA", "ER_REGIAO_CIDADE_min": "Capital Centro_Santa Cecília" }, "geometry": { "type": "Point", "coordinates": [ -46.6582692, -23.5295323 ] } },
{ "type": "Feature", "properties": { "CNPJ": "31443791000158", "IDCIDADE": "SAO_PAULO", "NOMEFANTASIA": "RESTAURANTE_ESTACAO_ANGELICA", "RAZAOSOCIAL": "ESTACAO_ANGELICA_COMERCIO_DE_ALIMENTOS_LTDA", "ENDEE": "RUA_BRIGADEIRO_GALVAO83__BARRA_FUNDA_01151-000", "LMAPS": "https://www.google.com/maps?q=&layer=c&cbll=-46.6533733,-23.533895", "O_QUE_FAZER": "CARTEIRA", "ER_REGIAO_CIDADE_min": "Capital Centro_Santa Cecília" }, "geometry": { "type": "Point", "coordinates": [ -46.6533733, -23.533895 ] } },
{ "type": "Feature", "properties": { "CNPJ": "07090758000107", "IDCIDADE": "SAO_PAULO", "NOMEFANTASIA": "KONIGAME_ALINHAMENTO_TECNICO", "RAZAOSOCIAL": "KONIGAME_ALINHAMENTO_TECNICO_DE_AUTOS_LTDA", "ENDEE": "RUA_BRIGADEIRO_GALVAO872__BARRA_FUNDA_01151-000", "LMAPS": "https://www.google.com/maps?q=&layer=c&cbll=-46.6590939,-23.5288673", "O_QUE_FAZER": "CARTEIRA", "ER_REGIAO_CIDADE_min": "Capital Centro_Santa Cecília" }, "geometry": { "type": "Point", "coordinates": [ -46.6590939, -23.5288673 ] } },
{ "type": "Feature", "properties": { "CNPJ": "96220660000157", "IDCIDADE": "SAO_PAULO", "NOMEFANTASIA": "ATLANTA_SNOOKER_BAR", "RAZAOSOCIAL": "ATLANTA_SNOOKER_BAR_LTDA", "ENDEE": "RUA_BRIGADEIRO_GALVAO893__BARRA_FUNDA_01151-000", "LMAPS": "https://www.google.com/maps?q=&layer=c&cbll=-46.659515,-23.52897", "O_QUE_FAZER": "CARTEIRA", "ER_REGIAO_CIDADE_min": "Capital Centro_Santa Cecília" }, "geometry": { "type": "Point", "coordinates": [ -46.659515, -23.52897 ] } },
{ "type": "Feature", "properties": { "CNPJ": "62954680000130", "IDCIDADE": "SAO_PAULO", "NOMEFANTASIA": "CARIM_FERRAMENTAS", "RAZAOSOCIAL": "CARIM_FERRAMENTAS_LTDA", "ENDEE": "RUA_BRIGADEIRO_GALVAO91__BARRA_FUNDA_01151-000", "LMAPS": "https://www.google.com/maps?q=&layer=c&cbll=-46.653655,-23.5335683", "O_QUE_FAZER": "CARTEIRA", "ER_REGIAO_CIDADE_min": "Capital Centro_Santa Cecília" }, "geometry": { "type": "Point", "coordinates": [ -46.653655, -23.5335683 ] } },
{ "type": "Feature", "properties": { "CNPJ": "34882325000167", "IDCIDADE": "SAO_PAULO", "NOMEFANTASIA": "AUTO_PERFORMANCE", "RAZAOSOCIAL": "ELAINE_CRISTINA_MENDES_DA_SILVA_-_FUNILARIA", "ENDEE": "RUA_BRIGADEIRO_GALVAO92__BARRA_FUNDA_01151-000", "LMAPS": "https://www.google.com/maps?q=&layer=c&cbll=-46.6535483,-23.533525", "O_QUE_FAZER": "CARTEIRA", "ER_REGIAO_CIDADE_min": "Capital Centro_Santa Cecília" }, "geometry": { "type": "Point", "coordinates": [ -46.6535483, -23.533525 ] } },
{ "type": "Feature", "properties": { "CNPJ": "28435357000111", "IDCIDADE": "SAO_PAULO", "NOMEFANTASIA": "JK_AUTOMOTIVE", "RAZAOSOCIAL": "J_K_AUTOMOTIVE_DISTRIBUIDORA_DE_AUTOPECAS_LIMITADA.", "ENDEE": "RUA_BRIGADEIRO_GALVAO925__BARRA_FUNDA_01151-000", "LMAPS": "https://www.google.com/maps?q=&layer=c&cbll=-46.659635,-23.5284167", "O_QUE_FAZER": "CARTEIRA", "ER_REGIAO_CIDADE_min": "Capital Centro_Santa Cecília" }, "geometry": { "type": "Point", "coordinates": [ -46.659635, -23.5284167 ] } },
{ "type": "Feature", "properties": { "CNPJ": "06189113000163", "IDCIDADE": "SAO_PAULO", "NOMEFANTASIA": "COMERCIO_VM", "RAZAOSOCIAL": "COMERCIO_DE_MATERIAIS_PARA_CONSTRUCAO_V.M._LTDA", "ENDEE": "RUA_BARRA_FUNDA198__BARRA_FUNDA_01152-000", "LMAPS": "https://www.google.com/maps?q=&layer=c&cbll=-46.6536585,-23.5319506", "O_QUE_FAZER": "CARTEIRA", "ER_REGIAO_CIDADE_min": "Capital Centro_Santa Cecília" }, "geometry": { "type": "Point", "coordinates": [ -46.6536585, -23.5319506 ] } },
{ "type": "Feature", "properties": { "CNPJ": "64010218000100", "IDCIDADE": "SAO_PAULO", "NOMEFANTASIA": "SAO_FRANCISCO_MADEIRAS_E_FERRAGENS", "RAZAOSOCIAL": "SAO_FRANCISCO_MADEIRAS_E_FERRAGENS_LTDA", "ENDEE": "RUA_BARRA_FUNDA211__BARRA_FUNDA_01152-000", "LMAPS": "https://www.google.com/maps?q=&layer=c&cbll=-46.654003,-23.5318798", "O_QUE_FAZER": "CARTEIRA", "ER_REGIAO_CIDADE_min": "Capital Centro_Santa Cecília" }, "geometry": { "type": "Point", "coordinates": [ -46.654003, -23.5318798 ] } },
{ "type": "Feature", "properties": { "CNPJ": "16849436000190", "IDCIDADE": "SAO_PAULO", "NOMEFANTASIA": "LAVA_E_LEVA", "RAZAOSOCIAL": "GUSTAVO_SIQUEIRA_GIUBERTI_LAVANDERIA", "ENDEE": "RUA_BARRA_FUNDA280__BARRA_FUNDA_01152-000", "LMAPS": "https://www.google.com/maps?q=&layer=c&cbll=-46.6542233,-23.5314717", "O_QUE_FAZER": "CARTEIRA", "ER_REGIAO_CIDADE_min": "Capital Centro_Santa Cecília" }, "geometry": { "type": "Point", "coordinates": [ -46.6542233, -23.5314717 ] } },
{ "type": "Feature", "properties": { "CNPJ": "40340323000149", "IDCIDADE": "SAO_PAULO", "NOMEFANTASIA": "NICOLAS_GARAGE", "RAZAOSOCIAL": "NICOLA_GARAGE_SERVICOS_AUTOMOTIVOS_LTDA", "ENDEE": "RUA_BARRA_FUNDA308__BARRA_FUNDA_01152-000", "LMAPS": "https://www.google.com/maps?q=&layer=c&cbll=-46.6543983,-23.5312117", "O_QUE_FAZER": "CARTEIRA", "ER_REGIAO_CIDADE_min": "Capital Centro_Santa Cecília" }, "geometry": { "type": "Point", "coordinates": [ -46.6543983, -23.5312117 ] } },
{ "type": "Feature", "properties": { "CNPJ": "22988707000190", "IDCIDADE": "SAO_PAULO", "NOMEFANTASIA": "JC_CAR", "RAZAOSOCIAL": "SERGIO_MARIO_DA_HORA_BERTOUDO", "ENDEE": "RUA_BARRA_FUNDA315__BARRA_FUNDA_01152-000", "LMAPS": "https://www.google.com/maps?q=&layer=c&cbll=-46.654555,-23.53117", "O_QUE_FAZER": "CARTEIRA", "ER_REGIAO_CIDADE_min": "Capital Centro_Santa Cecília" }, "geometry": { "type": "Point", "coordinates": [ -46.654555, -23.53117 ] } },
{ "type": "Feature", "properties": { "CNPJ": "22166084000170", "IDCIDADE": "SAO_PAULO", "NOMEFANTASIA": "BR_GARAGE", "RAZAOSOCIAL": "B.R._ESTETICA_AUTOMOTIVA_LTDA", "ENDEE": "RUA_BARRA_FUNDA323__BARRA_FUNDA_01152-000", "LMAPS": "https://www.google.com/maps?q=&layer=c&cbll=-46.6545594,-23.5311227", "O_QUE_FAZER": "CARTEIRA", "ER_REGIAO_CIDADE_min": "Capital Centro_Santa Cecília" }, "geometry": { "type": "Point", "coordinates": [ -46.6545594, -23.5311227 ] } },
{ "type": "Feature", "properties": { "CNPJ": "40008242000146", "IDCIDADE": "SAO_PAULO", "NOMEFANTASIA": "LANCHONETE_POPULAR_DA_BARRA", "RAZAOSOCIAL": "LANCHONETE_NOVA_BARRA_FUNDA_SOCIEDADE_LIMITADA", "ENDEE": "RUA_BARRA_FUNDA333__BARRA_FUNDA_01152-000", "LMAPS": "https://www.google.com/maps?q=&layer=c&cbll=-46.6546813,-23.5310528", "O_QUE_FAZER": "CARTEIRA", "ER_REGIAO_CIDADE_min": "Capital Centro_Santa Cecília" }, "geometry": { "type": "Point", "coordinates": [ -46.6546813, -23.5310528 ] } },
{ "type": "Feature", "properties": { "CNPJ": "02400713000178", "IDCIDADE": "SAO_PAULO", "NOMEFANTASIA": "JFG_TINTAS", "RAZAOSOCIAL": "J_F_G_COMERCIO_DE_TINTAS_LTDA", "ENDEE": "RUA_BARRA_FUNDA398__BARRA_FUNDA_01152-000", "LMAPS": "https://www.google.com/maps?q=&layer=c&cbll=-46.6548017,-23.5307333", "O_QUE_FAZER": "CARTEIRA", "ER_REGIAO_CIDADE_min": "Capital Centro_Santa Cecília" }, "geometry": { "type": "Point", "coordinates": [ -46.6548017, -23.5307333 ] } },
{ "type": "Feature", "properties": { "CNPJ": "08776675000210", "IDCIDADE": "SAO_PAULO", "NOMEFANTASIA": "SSS_ESTACIONAMENTO", "RAZAOSOCIAL": "SSS_ESTACIONAMENTO_LTDA", "ENDEE": "RUA_BARRA_FUNDA401__BARRA_FUNDA_01152-000", "LMAPS": "https://www.google.com/maps?q=&layer=c&cbll=-46.6553767,-23.5305761", "O_QUE_FAZER": "CARTEIRA", "ER_REGIAO_CIDADE_min": "Capital Centro_Santa Cecília" }, "geometry": { "type": "Point", "coordinates": [ -46.6553767, -23.5305761 ] } },
{ "type": "Feature", "properties": { "CNPJ": "29331439000189", "IDCIDADE": "SAO_PAULO", "NOMEFANTASIA": "BMB_BARBEARIA", "RAZAOSOCIAL": "MARIVALDO_BRAZ_SERAFIM", "ENDEE": "RUA_BARRA_FUNDA434__BARRA_FUNDA_01152-000", "LMAPS": "https://www.google.com/maps?q=&layer=c&cbll=-46.6552479,-23.5303756", "O_QUE_FAZER": "CARTEIRA", "ER_REGIAO_CIDADE_min": "Capital Centro_Santa Cecília" }, "geometry": { "type": "Point", "coordinates": [ -46.6552479, -23.5303756 ] } },
{ "type": "Feature", "properties": { "CNPJ": "20183999000169", "IDCIDADE": "SAO_PAULO", "NOMEFANTASIA": "LANCHONETE_BOA_DA_BARRA", "RAZAOSOCIAL": "LANCHONETE_BOA_DA_BARRA_LTDA", "ENDEE": "RUA_BARRA_FUNDA466__BARRA_FUNDA_01152-000", "LMAPS": "https://www.google.com/maps?q=&layer=c&cbll=-46.65571,-23.530075", "O_QUE_FAZER": "CARTEIRA", "ER_REGIAO_CIDADE_min": "Capital Centro_Santa Cecília" }, "geometry": { "type": "Point", "coordinates": [ -46.65571, -23.530075 ] } },
{ "type": "Feature", "properties": { "CNPJ": "60860889000109", "IDCIDADE": "SAO_PAULO", "NOMEFANTASIA": "BATAG,IA", "RAZAOSOCIAL": "BATAGLIA_COMERCIO_DE_MATERIAIS_DE_CONSTRUCAO_LTDA", "ENDEE": "RUA_BARRA_FUNDA520__BARRA_FUNDA_01152-000", "LMAPS": "https://www.google.com/maps?q=&layer=c&cbll=-46.6558064,-23.5299385", "O_QUE_FAZER": "CARTEIRA", "ER_REGIAO_CIDADE_min": "Capital Centro_Santa Cecília" }, "geometry": { "type": "Point", "coordinates": [ -46.6558064, -23.5299385 ] } },
{ "type": "Feature", "properties": { "CNPJ": "64764111000157", "IDCIDADE": "SAO_PAULO", "NOMEFANTASIA": "SPA_TURBO", "RAZAOSOCIAL": "SPA_TURBO_COMERCIAL,_IMPORTADORA_E_EXPORTADORA_LTDA", "ENDEE": "RUA_BARRA_FUNDA560__BARRA_FUNDA_01152-000", "LMAPS": "https://www.google.com/maps?q=&layer=c&cbll=-46.6561768,-23.529571", "O_QUE_FAZER": "CARTEIRA", "ER_REGIAO_CIDADE_min": "Capital Centro_Santa Cecília" }, "geometry": { "type": "Point", "coordinates": [ -46.6561768, -23.529571 ] } },
{ "type": "Feature", "properties": { "CNPJ": "03718218000174", "IDCIDADE": "SAO_PAULO", "NOMEFANTASIA": "LANCHONETE_BARRA_FUNDA", "RAZAOSOCIAL": "LANCHONETE_BARRA_FUNDA_LTDA", "ENDEE": "RUA_BARRA_FUNDA573__BARRA_FUNDA_01152-000", "LMAPS": "https://www.google.com/maps?q=&layer=c&cbll=-46.6565169,-23.529674", "O_QUE_FAZER": "CARTEIRA", "ER_REGIAO_CIDADE_min": "Capital Centro_Santa Cecília" }, "geometry": { "type": "Point", "coordinates": [ -46.6565169, -23.529674 ] } },
{ "type": "Feature", "properties": { "CNPJ": "01488620000184", "IDCIDADE": "SAO_PAULO", "NOMEFANTASIA": "PANIFICADORA_BARRA_PAO", "RAZAOSOCIAL": "PANIFICADORA_BARRA_PAO_LTDA", "ENDEE": "RUA_BARRA_FUNDA636__BARRA_FUNDA_01152-000", "LMAPS": "https://www.google.com/maps?q=&layer=c&cbll=-46.6567588,-23.5291087", "O_QUE_FAZER": "CARTEIRA", "ER_REGIAO_CIDADE_min": "Capital Centro_Santa Cecília" }, "geometry": { "type": "Point", "coordinates": [ -46.6567588, -23.5291087 ] } },
{ "type": "Feature", "properties": { "CNPJ": "43042226000168", "IDCIDADE": "SAO_PAULO", "NOMEFANTASIA": "MENDES_ESTACIONAMENTO", "RAZAOSOCIAL": "ANTONIO_XAVIER_ESTACIONAMENTO_LTDA", "ENDEE": "RUA_BARRA_FUNDA640__BARRA_FUNDA_01152-000", "LMAPS": "https://www.google.com/maps?q=&layer=c&cbll=-46.6568615,-23.5291301", "O_QUE_FAZER": "CARTEIRA", "ER_REGIAO_CIDADE_min": "Capital Centro_Santa Cecília" }, "geometry": { "type": "Point", "coordinates": [ -46.6568615, -23.5291301 ] } },
{ "type": "Feature", "properties": { "CNPJ": "67803486000177", "IDCIDADE": "SAO_PAULO", "NOMEFANTASIA": "CASA_DE_LANCHES_NELY", "RAZAOSOCIAL": "CASA_DE_LANCHE_NELY_LTDA", "ENDEE": "RUA_BARRA_FUNDA689__BARRA_FUNDA_01152-000", "LMAPS": "https://www.google.com/maps?q=&layer=c&cbll=-46.6568493,-23.5290503", "O_QUE_FAZER": "CARTEIRA", "ER_REGIAO_CIDADE_min": "Capital Centro_Santa Cecília" }, "geometry": { "type": "Point", "coordinates": [ -46.6568493, -23.5290503 ] } },
{ "type": "Feature", "properties": { "CNPJ": "15053337000134", "IDCIDADE": "SAO_PAULO", "NOMEFANTASIA": "INOXFER", "RAZAOSOCIAL": "INOX_FER_COMERCIAL_DE_ABRASIVOS_E_ELETRICA_LTDA", "ENDEE": "RUA_BARRA_FUNDA794__BARRA_FUNDA_01152-000", "LMAPS": "https://www.google.com/maps?q=&layer=c&cbll=-46.6577909,-23.5280238", "O_QUE_FAZER": "CARTEIRA", "ER_REGIAO_CIDADE_min": "Capital Centro_Santa Cecília" }, "geometry": { "type": "Point", "coordinates": [ -46.6577909, -23.5280238 ] } },
{ "type": "Feature", "properties": { "CNPJ": "12234585000193", "IDCIDADE": "SAO_PAULO", "NOMEFANTASIA": "LUZ_OTICA", "RAZAOSOCIAL": "OTICA_ANDREA_&_DALVA_LTDA", "ENDEE": "RUA_LOPES_DE_OLIVEIRA149__BARRA_FUNDA_01152-010", "LMAPS": "https://www.google.com/maps?q=&layer=c&cbll=-46.6526483,-23.5295608", "O_QUE_FAZER": "CARTEIRA", "ER_REGIAO_CIDADE_min": "Capital Centro_Santa Cecília" }, "geometry": { "type": "Point", "coordinates": [ -46.6526483, -23.5295608 ] } },
{ "type": "Feature", "properties": { "CNPJ": "67899179000131", "IDCIDADE": "SAO_PAULO", "NOMEFANTASIA": "NOVA_ROMA", "RAZAOSOCIAL": "PIZZARIA_E_LANCHONETE_NOVA_ROMA_LTDA", "ENDEE": "RUA_LOPES_DE_OLIVEIRA244__BARRA_FUNDA_01152-010", "LMAPS": "https://www.google.com/maps?q=&layer=c&cbll=-46.6534886,-23.5299628", "O_QUE_FAZER": "CARTEIRA", "ER_REGIAO_CIDADE_min": "Capital Centro_Santa Cecília" }, "geometry": { "type": "Point", "coordinates": [ -46.6534886, -23.5299628 ] } },
{ "type": "Feature", "properties": { "CNPJ": "44555499000179", "IDCIDADE": "SAO_PAULO", "NOMEFANTASIA": "GOES_ELETRONICA", "RAZAOSOCIAL": "EBN_ELETRONICA_LTDA", "ENDEE": "RUA_LOPES_DE_OLIVEIRA316__BARRA_FUNDA_01152-010", "LMAPS": "https://www.google.com/maps?q=&layer=c&cbll=-46.6540679,-23.5303599", "O_QUE_FAZER": "CARTEIRA", "ER_REGIAO_CIDADE_min": "Capital Centro_Santa Cecília" }, "geometry": { "type": "Point", "coordinates": [ -46.6540679, -23.5303599 ] } },
{ "type": "Feature", "properties": { "CNPJ": "31557725000109", "IDCIDADE": "SAO_PAULO", "NOMEFANTASIA": "MIX_DISTRIBUIDORA", "RAZAOSOCIAL": "MIX_DISTRIBUIDORA_DE_BEBIDAS_LTDA", "ENDEE": "RUA_LOPES_DE_OLIVEIRA319__BARRA_FUNDA_01152-010", "LMAPS": "https://www.google.com/maps?q=&layer=c&cbll=-46.653985,-23.5304806", "O_QUE_FAZER": "CARTEIRA", "ER_REGIAO_CIDADE_min": "Capital Centro_Santa Cecília" }, "geometry": { "type": "Point", "coordinates": [ -46.653985, -23.5304806 ] } },
{ "type": "Feature", "properties": { "CNPJ": "08839972000186", "IDCIDADE": "SAO_PAULO", "NOMEFANTASIA": "IGARAPEACU_SERRALHERIA", "RAZAOSOCIAL": "YGARAPEACU_-_SERRALHEIRIA_E_COMERCIO_LTDA", "ENDEE": "RUA_LOPES_DE_OLIVEIRA437__BARRA_FUNDA_01152-010", "LMAPS": "https://www.google.com/maps?q=&layer=c&cbll=-46.6549491,-23.5311091", "O_QUE_FAZER": "CARTEIRA", "ER_REGIAO_CIDADE_min": "Capital Centro_Santa Cecília" }, "geometry": { "type": "Point", "coordinates": [ -46.6549491, -23.5311091 ] } },
{ "type": "Feature", "properties": { "CNPJ": "26185168000102", "IDCIDADE": "SAO_PAULO", "NOMEFANTASIA": "MECANICA_DIRECIONE", "RAZAOSOCIAL": "AUTO_ELETRICA_&_MECANICA_DIRECIONE_LTDA", "ENDEE": "RUA_LOPES_DE_OLIVEIRA488__BARRA_FUNDA_01152-010", "LMAPS": "https://www.google.com/maps?q=&layer=c&cbll=-46.6555467,-23.5311933", "O_QUE_FAZER": "CARTEIRA", "ER_REGIAO_CIDADE_min": "Capital Centro_Santa Cecília" }, "geometry": { "type": "Point", "coordinates": [ -46.6555467, -23.5311933 ] } },
{ "type": "Feature", "properties": { "CNPJ": "29957911000193", "IDCIDADE": "SAO_PAULO", "NOMEFANTASIA": "HINODE", "RAZAOSOCIAL": "F.B.LEAL_COSMETICOS_LTDA", "ENDEE": "RUA_LOPES_DE_OLIVEIRA489__BARRA_FUNDA_01152-010", "LMAPS": "https://www.google.com/maps?q=&layer=c&cbll=-46.6551006,-23.5314917", "O_QUE_FAZER": "CARTEIRA", "ER_REGIAO_CIDADE_min": "Capital Centro_Santa Cecília" }, "geometry": { "type": "Point", "coordinates": [ -46.6551006, -23.5314917 ] } },
{ "type": "Feature", "properties": { "CNPJ": "18528278000100", "IDCIDADE": "SAO_PAULO", "NOMEFANTASIA": "DOCE_SAL_DO_SABOR", "RAZAOSOCIAL": "DOCE_SAL_DO_SABOR_COMERCIO_LTDA", "ENDEE": "RUA_LOPES_DE_OLIVEIRA493__BARRA_FUNDA_01152-010", "LMAPS": "https://www.google.com/maps?q=&layer=c&cbll=-46.65535,-23.5314133", "O_QUE_FAZER": "CARTEIRA", "ER_REGIAO_CIDADE_min": "Capital Centro_Santa Cecília" }, "geometry": { "type": "Point", "coordinates": [ -46.65535, -23.5314133 ] } },
{ "type": "Feature", "properties": { "CNPJ": "46530721000104", "IDCIDADE": "SAO_PAULO", "NOMEFANTASIA": "HOTEL_CISNE", "RAZAOSOCIAL": "HOTEL_CISNE_LTDA", "ENDEE": "RUA_LOPES_DE_OLIVEIRA511__BARRA_FUNDA_01152-010", "LMAPS": "https://www.google.com/maps?q=&layer=c&cbll=-46.6552848,-23.5316711", "O_QUE_FAZER": "CARTEIRA", "ER_REGIAO_CIDADE_min": "Capital Centro_Santa Cecília" }, "geometry": { "type": "Point", "coordinates": [ -46.6552848, -23.5316711 ] } },
{ "type": "Feature", "properties": { "CNPJ": "08527195000134", "IDCIDADE": "SAO_PAULO", "NOMEFANTASIA": "LAVANDERIA_MARROCOS", "RAZAOSOCIAL": "LAVANDERIA_MARROCOS_LTDA", "ENDEE": "RUA_LOPES_DE_OLIVEIRA649__BARRA_FUNDA_01152-010", "LMAPS": "https://www.google.com/maps?q=&layer=c&cbll=-46.6563654,-23.532796", "O_QUE_FAZER": "CARTEIRA", "ER_REGIAO_CIDADE_min": "Capital Centro_Santa Cecília" }, "geometry": { "type": "Point", "coordinates": [ -46.6563654, -23.532796 ] } },
{ "type": "Feature", "properties": { "CNPJ": "23828584000193", "IDCIDADE": "SAO_PAULO", "NOMEFANTASIA": "AGUAS_ANDREOTTI", "RAZAOSOCIAL": "ANDREOTTI_&_ANDREOTTI_COMERCIO_DE_PRODUTOS_ALIMENTICIOS_LTDA.", "ENDEE": "RUA_LOPES_DE_OLIVEIRA677__BARRA_FUNDA_01152-010", "LMAPS": "https://www.google.com/maps?q=&layer=c&cbll=-46.6563881,-23.5327943", "O_QUE_FAZER": "CARTEIRA", "ER_REGIAO_CIDADE_min": "Capital Centro_Santa Cecília" }, "geometry": { "type": "Point", "coordinates": [ -46.6563881, -23.5327943 ] } },
{ "type": "Feature", "properties": { "CNPJ": "29180862000125", "IDCIDADE": "SAO_PAULO", "NOMEFANTASIA": "LABOTEC_COLETA", "RAZAOSOCIAL": "ENIDES_BACCI_MANGANIELLO", "ENDEE": "RUA_LOPES_DE_OLIVEIRA691__BARRA_FUNDA_01152-010", "LMAPS": "https://www.google.com/maps?q=&layer=c&cbll=-46.6565586,-23.5329216", "O_QUE_FAZER": "CARTEIRA", "ER_REGIAO_CIDADE_min": "Capital Centro_Santa Cecília" }, "geometry": { "type": "Point", "coordinates": [ -46.6565586, -23.5329216 ] } },
{ "type": "Feature", "properties": { "CNPJ": "51691912000198", "IDCIDADE": "SAO_PAULO", "NOMEFANTASIA": "UP_REFRIGERACAO", "RAZAOSOCIAL": "ALMEIDA_E_DEBROI_REFRIGERACAO_LTDA", "ENDEE": "RUA_VITORINO_CARMILO16__BARRA_FUNDA_01153-000", "LMAPS": "https://www.google.com/maps?q=&layer=c&cbll=-46.6489787,-23.5362302", "O_QUE_FAZER": "CARTEIRA", "ER_REGIAO_CIDADE_min": "Capital Centro_Santa Cecília" }, "geometry": { "type": "Point", "coordinates": [ -46.6489787, -23.5362302 ] } },
{ "type": "Feature", "properties": { "CNPJ": "05726517000186", "IDCIDADE": "SAO_PAULO", "NOMEFANTASIA": "REFRITEC", "RAZAOSOCIAL": "WWW.REFRITEC_REFRIGERACAO_PAULISTA_LTDA", "ENDEE": "RUA_VITORINO_CARMILO161__BARRA_FUNDA_01153-000", "LMAPS": "https://www.google.com/maps?q=&layer=c&cbll=-46.6495967,-23.535475", "O_QUE_FAZER": "CARTEIRA", "ER_REGIAO_CIDADE_min": "Capital Centro_Santa Cecília" }, "geometry": { "type": "Point", "coordinates": [ -46.6495967, -23.535475 ] } },
{ "type": "Feature", "properties": { "CNPJ": "23521630000107", "IDCIDADE": "SAO_PAULO", "NOMEFANTASIA": "SERV_CENTER", "RAZAOSOCIAL": "MACHADO_&_MARQUES_LTDA", "ENDEE": "RUA_VITORINO_CARMILO39__BARRA_FUNDA_01153-000", "LMAPS": "https://www.google.com/maps?q=&layer=c&cbll=-46.649185,-23.5361333", "O_QUE_FAZER": "CARTEIRA", "ER_REGIAO_CIDADE_min": "Capital Centro_Santa Cecília" }, "geometry": { "type": "Point", "coordinates": [ -46.649185, -23.5361333 ] } },
{ "type": "Feature", "properties": { "CNPJ": "62988928000183", "IDCIDADE": "SAO_PAULO", "NOMEFANTASIA": "RESTAURANTE_RECANTO_DULAR", "RAZAOSOCIAL": "RESTAURANTE_RECANTO_DU_LAR_LTDA", "ENDEE": "RUA_VITORINO_CARMILO562__BARRA_FUNDA_01153-000", "LMAPS": "https://www.google.com/maps?q=&layer=c&cbll=-46.6516,-23.5321967", "O_QUE_FAZER": "CARTEIRA", "ER_REGIAO_CIDADE_min": "Capital Centro_Santa Cecília" }, "geometry": { "type": "Point", "coordinates": [ -46.6516, -23.5321967 ] } },
{ "type": "Feature", "properties": { "CNPJ": "08289847000140", "IDCIDADE": "SAO_PAULO", "NOMEFANTASIA": "JR_PARK_ESTACIONAMENTO", "RAZAOSOCIAL": "JOSE_ROMERO_ALVES", "ENDEE": "RUA_VITORINO_CARMILO58__BARRA_FUNDA_01153-000", "LMAPS": "https://www.google.com/maps?q=&layer=c&cbll=-46.649025,-23.5358833", "O_QUE_FAZER": "CARTEIRA", "ER_REGIAO_CIDADE_min": "Capital Centro_Santa Cecília" }, "geometry": { "type": "Point", "coordinates": [ -46.649025, -23.5358833 ] } },
{ "type": "Feature", "properties": { "CNPJ": "28929911000117", "IDCIDADE": "SAO_PAULO", "NOMEFANTASIA": "HOMEFRIO", "RAZAOSOCIAL": "HOMEFRIO_COMERCIAL_IMPORTADORA_E_SERVICOS_LTDA", "ENDEE": "RUA_VITORINO_CARMILO63__BARRA_FUNDA_01153-000", "LMAPS": "https://www.google.com/maps?q=&layer=c&cbll=-46.6492,-23.53588", "O_QUE_FAZER": "CARTEIRA", "ER_REGIAO_CIDADE_min": "Capital Centro_Santa Cecília" }, "geometry": { "type": "Point", "coordinates": [ -46.6492, -23.53588 ] } },
{ "type": "Feature", "properties": { "CNPJ": "47027672000154", "IDCIDADE": "SAO_PAULO", "NOMEFANTASIA": "LEDS_MOVEIS", "RAZAOSOCIAL": "LEDS_MOVEIS_PLANEJADOS_E_ACESSORIOS_LTDA", "ENDEE": "RUA_SOUSA_LIMA127__BARRA_FUNDA_01153-020", "LMAPS": "https://www.google.com/maps?q=&layer=c&cbll=-46.6538523,-23.5290327", "O_QUE_FAZER": "CARTEIRA", "ER_REGIAO_CIDADE_min": "Capital Centro_Santa Cecília" }, "geometry": { "type": "Point", "coordinates": [ -46.6538523, -23.5290327 ] } },
{ "type": "Feature", "properties": { "CNPJ": "02752125000101", "IDCIDADE": "SAO_PAULO", "NOMEFANTASIA": "NTC_TRANSPORTES_DE_CARGA", "RAZAOSOCIAL": "NTC_NEVES_TRANSPORTES_DE_CARGAS_LTDA", "ENDEE": "RUA_SOUSA_LIMA132__BARRA_FUNDA_01153-020", "LMAPS": "https://www.google.com/maps?q=&layer=c&cbll=-46.6539985,-23.5288106", "O_QUE_FAZER": "CARTEIRA", "ER_REGIAO_CIDADE_min": "Capital Centro_Santa Cecília" }, "geometry": { "type": "Point", "coordinates": [ -46.6539985, -23.5288106 ] } },
{ "type": "Feature", "properties": { "CNPJ": "35810645000174", "IDCIDADE": "SAO_PAULO", "NOMEFANTASIA": "TRAGO_BAR", "RAZAOSOCIAL": "TR3S_BAR_E_RESTAURANTE_LTDA", "ENDEE": "RUA_SOUSA_LIMA174__BARRA_FUNDA_01153-020", "LMAPS": "https://www.google.com/maps?q=&layer=c&cbll=-46.6542683,-23.52919", "O_QUE_FAZER": "CARTEIRA", "ER_REGIAO_CIDADE_min": "Capital Centro_Santa Cecília" }, "geometry": { "type": "Point", "coordinates": [ -46.6542683, -23.52919 ] } },
{ "type": "Feature", "properties": { "CNPJ": "61203725000171", "IDCIDADE": "SAO_PAULO", "NOMEFANTASIA": "AUTOMAR", "RAZAOSOCIAL": "RETIFICADORA_AUTOMAR_LTDA", "ENDEE": "RUA_SOUSA_LIMA220__BARRA_FUNDA_01153-020", "LMAPS": "https://www.google.com/maps?q=&layer=c&cbll=-46.654765,-23.5295133", "O_QUE_FAZER": "CARTEIRA", "ER_REGIAO_CIDADE_min": "Capital Centro_Santa Cecília" }, "geometry": { "type": "Point", "coordinates": [ -46.654765, -23.5295133 ] } },
{ "type": "Feature", "properties": { "CNPJ": "24508278000132", "IDCIDADE": "SAO_PAULO", "NOMEFANTASIA": "MESCLA", "RAZAOSOCIAL": "GONZALES_&_SANTOS_ALIMENTOS_E_EVENTOS_LTDA", "ENDEE": "RUA_SOUSA_LIMA305__BARRA_FUNDA_01153-020", "LMAPS": "https://www.google.com/maps?q=&layer=c&cbll=-46.6553277,-23.5299711", "O_QUE_FAZER": "CARTEIRA", "ER_REGIAO_CIDADE_min": "Capital Centro_Santa Cecília" }, "geometry": { "type": "Point", "coordinates": [ -46.6553277, -23.5299711 ] } },
{ "type": "Feature", "properties": { "CNPJ": "28643665000132", "IDCIDADE": "SAO_PAULO", "NOMEFANTASIA": "A_DAMA_E_OS_VAGABUNDOS", "RAZAOSOCIAL": "OS_VAGABUNDOS_DA_DAMA_BAR_LTDA", "ENDEE": "RUA_SOUSA_LIMA43__BARRA_FUNDA_01153-020", "LMAPS": "https://www.google.com/maps?q=&layer=c&cbll=-46.653747,-23.5285651", "O_QUE_FAZER": "CARTEIRA", "ER_REGIAO_CIDADE_min": "Capital Centro_Santa Cecília" }, "geometry": { "type": "Point", "coordinates": [ -46.653747, -23.5285651 ] } },
{ "type": "Feature", "properties": { "CNPJ": "33821983000186", "IDCIDADE": "SAO_PAULO", "NOMEFANTASIA": "LASKARINA", "RAZAOSOCIAL": "LASKARINA_BOUBOULINA_BAR_E_RESTAURANTE_LTDA", "ENDEE": "RUA_SOUSA_LIMA67__BARRA_FUNDA_01153-020", "LMAPS": "https://www.google.com/maps?q=&layer=c&cbll=-46.6534379,-23.5287705", "O_QUE_FAZER": "CARTEIRA", "ER_REGIAO_CIDADE_min": "Capital Centro_Santa Cecília" }, "geometry": { "type": "Point", "coordinates": [ -46.6534379, -23.5287705 ] } },
{ "type": "Feature", "properties": { "CNPJ": "10665942000142", "IDCIDADE": "SAO_PAULO", "NOMEFANTASIA": "LANCHONETE_PRINCESA_DA_BARRA", "RAZAOSOCIAL": "LANCHONETE_PRINCESA_DA_BARRA_FUNDA_LTDA", "ENDEE": "RUA_CAMERINO108__BARRA_FUNDA_01153-030", "LMAPS": "https://www.google.com/maps?q=&layer=c&cbll=-46.6532483,-23.5286983", "O_QUE_FAZER": "CARTEIRA", "ER_REGIAO_CIDADE_min": "Capital Centro_Santa Cecília" }, "geometry": { "type": "Point", "coordinates": [ -46.6532483, -23.5286983 ] } },
{ "type": "Feature", "properties": { "CNPJ": "23850053000105", "IDCIDADE": "SAO_PAULO", "NOMEFANTASIA": "MARTINS_FARMA", "RAZAOSOCIAL": "DROGARIA_E_PERFUMARIA_MARTINS_FARMA_LTDA", "ENDEE": "RUA_CONSELHEIRO_BROTERO571__BARRA_FUNDA_01154-000", "LMAPS": "https://www.google.com/maps?q=&layer=c&cbll=-46.6585451,-23.5315961", "O_QUE_FAZER": "CARTEIRA", "ER_REGIAO_CIDADE_min": "Capital Centro_Santa Cecília" }, "geometry": { "type": "Point", "coordinates": [ -46.6585451, -23.5315961 ] } },
{ "type": "Feature", "properties": { "CNPJ": "59405845000100", "IDCIDADE": "SAO_PAULO", "NOMEFANTASIA": "LANCHONETE_SOL_DABARRO", "RAZAOSOCIAL": "LANCHONETE_PORTO_LIBERTY_LTDA", "ENDEE": "RUA_LOPES_CHAVES159__BARRA_FUNDA_01154-010", "LMAPS": "https://www.google.com/maps?q=&layer=c&cbll=-46.6574433,-23.5284817", "O_QUE_FAZER": "CARTEIRA", "ER_REGIAO_CIDADE_min": "Capital Centro_Santa Cecília" }, "geometry": { "type": "Point", "coordinates": [ -46.6574433, -23.5284817 ] } },
{ "type": "Feature", "properties": { "CNPJ": "51498722000159", "IDCIDADE": "SAO_PAULO", "NOMEFANTASIA": "BACK_STAGE", "RAZAOSOCIAL": "BACKSTAGE_EQUIPAMENTOS_DE_PALCO_LTDA", "ENDEE": "RUA_LOPES_CHAVES477__BARRA_FUNDA_01154-010", "LMAPS": "https://www.google.com/maps?q=&layer=c&cbll=-46.6596377,-23.5303907", "O_QUE_FAZER": "CARTEIRA", "ER_REGIAO_CIDADE_min": "Capital Centro_Santa Cecília" }, "geometry": { "type": "Point", "coordinates": [ -46.6596377, -23.5303907 ] } },
{ "type": "Feature", "properties": { "CNPJ": "34455416000116", "IDCIDADE": "SAO_PAULO", "NOMEFANTASIA": "NA_FILA_DO_PAO", "RAZAOSOCIAL": "NA_FILA_DO_PAO_COMERCIO_DE_ALIMENTOS_LTDA.", "ENDEE": "RUA_MARGARIDA30__BARRA_FUNDA_01154-030", "LMAPS": "https://www.google.com/maps?q=&layer=c&cbll=-46.6598249,-23.5316514", "O_QUE_FAZER": "CARTEIRA", "ER_REGIAO_CIDADE_min": "Capital Centro_Santa Cecília" }, "geometry": { "type": "Point", "coordinates": [ -46.6598249, -23.5316514 ] } },
{ "type": "Feature", "properties": { "CNPJ": "03788675000135", "IDCIDADE": "SAO_PAULO", "NOMEFANTASIA": "ESTACIONAMENTO_THABATA", "RAZAOSOCIAL": "ESTACIONAMENTO_THABATA_LTDA", "ENDEE": "RUA_BARAO_DE_CAMPINAS266__CAMPOS_ELISEOS_01201-000", "LMAPS": "https://www.google.com/maps?q=&layer=c&cbll=-46.6458026,-23.5382046", "O_QUE_FAZER": "CARTEIRA", "ER_REGIAO_CIDADE_min": "Capital Centro_Santa Cecília" }, "geometry": { "type": "Point", "coordinates": [ -46.6458026, -23.5382046 ] } },
{ "type": "Feature", "properties": { "CNPJ": "60651528000152", "IDCIDADE": "SAO_PAULO", "NOMEFANTASIA": "AUTO_PECAS_HIDRAMATICOS_BARAO", "RAZAOSOCIAL": "AUTO_PECAS_HIDRAMATICO_BARAO_LTDA", "ENDEE": "RUA_BARAO_DE_CAMPINAS282__CAMPOS_ELISEOS_01201-000", "LMAPS": "https://www.google.com/maps?q=&layer=c&cbll=-46.6458885,-23.5380658", "O_QUE_FAZER": "CARTEIRA", "ER_REGIAO_CIDADE_min": "Capital Centro_Santa Cecília" }, "geometry": { "type": "Point", "coordinates": [ -46.6458885, -23.5380658 ] } },
{ "type": "Feature", "properties": { "CNPJ": "38144026000186", "IDCIDADE": "SAO_PAULO", "NOMEFANTASIA": "PRIMIAR", "RAZAOSOCIAL": "PRIMOAR_REFRIGERACAO_COMERCIO_INDUSTRIA_E_SERVICOS_LTDA", "ENDEE": "RUA_BARAO_DE_CAMPINAS572__CAMPOS_ELISEOS_01201-000", "LMAPS": "https://www.google.com/maps?q=&layer=c&cbll=-46.6475399,-23.5360226", "O_QUE_FAZER": "CARTEIRA", "ER_REGIAO_CIDADE_min": "Capital Centro_Santa Cecília" }, "geometry": { "type": "Point", "coordinates": [ -46.6475399, -23.5360226 ] } },
{ "type": "Feature", "properties": { "CNPJ": "19786726000120", "IDCIDADE": "SAO_PAULO", "NOMEFANTASIA": "CLIMA_REVERSO", "RAZAOSOCIAL": "REVERSO_CLIMA_REPRESENTACAO_E_REFRIGERACAO_LTDA", "ENDEE": "RUA_BARAO_DE_CAMPINAS584__CAMPOS_ELISEOS_01201-000", "LMAPS": "https://www.google.com/maps?q=&layer=c&cbll=-46.64779,-23.5359767", "O_QUE_FAZER": "CARTEIRA", "ER_REGIAO_CIDADE_min": "Capital Centro_Santa Cecília" }, "geometry": { "type": "Point", "coordinates": [ -46.64779, -23.5359767 ] } },
{ "type": "Feature", "properties": { "CNPJ": "12401934000114", "IDCIDADE": "SAO_PAULO", "NOMEFANTASIA": "ORION_BORRACHAS", "RAZAOSOCIAL": "ORION_MATOS_DA_SILVA_JUNIOR_BORRACHAS", "ENDEE": "RUA_BARAO_DE_CAMPINAS631__CAMPOS_ELISEOS_01201-000", "LMAPS": "https://www.google.com/maps?q=&layer=c&cbll=-46.6479114,-23.5356939", "O_QUE_FAZER": "CARTEIRA", "ER_REGIAO_CIDADE_min": "Capital Centro_Santa Cecília" }, "geometry": { "type": "Point", "coordinates": [ -46.6479114, -23.5356939 ] } },
{ "type": "Feature", "properties": { "CNPJ": "43872676000188", "IDCIDADE": "SAO_PAULO", "NOMEFANTASIA": "PURISUL_FILTROS", "RAZAOSOCIAL": "PURISUL_SAO_PAULO_LTDA", "ENDEE": "RUA_BARAO_DE_CAMPINAS655__CAMPOS_ELISEOS_01201-000", "LMAPS": "https://www.google.com/maps?q=&layer=c&cbll=-46.6480966,-23.5354529", "O_QUE_FAZER": "CARTEIRA", "ER_REGIAO_CIDADE_min": "Capital Centro_Santa Cecília" }, "geometry": { "type": "Point", "coordinates": [ -46.6480966, -23.5354529 ] } },
{ "type": "Feature", "properties": { "CNPJ": "02964515000137", "IDCIDADE": "SAO_PAULO", "NOMEFANTASIA": "CASA_DOS_TANQUINHOS", "RAZAOSOCIAL": "REIFRIO_COMERCIO_E_SERVICOS_DE_UTILIDADES_DOMESTICAS_LTDA", "ENDEE": "RUA_BARAO_DE_CAMPINAS661__CAMPOS_ELISEOS_01201-000", "LMAPS": "https://www.google.com/maps?q=&layer=c&cbll=-46.6480825,-23.5354302", "O_QUE_FAZER": "CARTEIRA", "ER_REGIAO_CIDADE_min": "Capital Centro_Santa Cecília" }, "geometry": { "type": "Point", "coordinates": [ -46.6480825, -23.5354302 ] } },
{ "type": "Feature", "properties": { "CNPJ": "30736206000145", "IDCIDADE": "SAO_PAULO", "NOMEFANTASIA": "ROMANIN_AR_CONDICIONADO", "RAZAOSOCIAL": "ROMANIN_AR_CONDICIONADO_LTDA", "ENDEE": "RUA_BARAO_DE_CAMPINAS662__CAMPOS_ELISEOS_01201-000", "LMAPS": "https://www.google.com/maps?q=&layer=c&cbll=-46.6481182,-23.5353886", "O_QUE_FAZER": "CARTEIRA", "ER_REGIAO_CIDADE_min": "Capital Centro_Santa Cecília" }, "geometry": { "type": "Point", "coordinates": [ -46.6481182, -23.5353886 ] } },
{ "type": "Feature", "properties": { "CNPJ": "28536995000129", "IDCIDADE": "SAO_PAULO", "NOMEFANTASIA": "WINTER", "RAZAOSOCIAL": "WINTER_COMERCIO_IMPORTACAO_E_EXPORTACAO_LTDA", "ENDEE": "RUA_BARAO_DE_CAMPINAS691__CAMPOS_ELISEOS_01201-000", "LMAPS": "https://www.google.com/maps?q=&layer=c&cbll=-46.6483122,-23.5352221", "O_QUE_FAZER": "CARTEIRA", "ER_REGIAO_CIDADE_min": "Capital Centro_Santa Cecília" }, "geometry": { "type": "Point", "coordinates": [ -46.6483122, -23.5352221 ] } },
{ "type": "Feature", "properties": { "CNPJ": "60514932000184", "IDCIDADE": "SAO_PAULO", "NOMEFANTASIA": "GURU_PARAFUSOS", "RAZAOSOCIAL": "GURU_COMERCIO_DE_PARAFUSOS_E_FERRAGENS_LTDA", "ENDEE": "RUA_BARAO_DE_CAMPINAS770__CAMPOS_ELISEOS_01201-000", "LMAPS": "https://www.google.com/maps?q=&layer=c&cbll=-46.6485918,-23.5348197", "O_QUE_FAZER": "CARTEIRA", "ER_REGIAO_CIDADE_min": "Capital Centro_Santa Cecília" }, "geometry": { "type": "Point", "coordinates": [ -46.6485918, -23.5348197 ] } },
{ "type": "Feature", "properties": { "CNPJ": "57987430000166", "IDCIDADE": "SAO_PAULO", "NOMEFANTASIA": "MERCEARIA_NELNATA", "RAZAOSOCIAL": "MERCEARIA_NELNATA_LTDA", "ENDEE": "RUA_BARAO_DE_CAMPINAS415__CAMPOS_ELISEOS_01201-001", "LMAPS": "https://www.google.com/maps?q=&layer=c&cbll=-46.6466974,-23.5372273", "O_QUE_FAZER": "CARTEIRA", "ER_REGIAO_CIDADE_min": "Capital Centro_Santa Cecília" }, "geometry": { "type": "Point", "coordinates": [ -46.6466974, -23.5372273 ] } },
{ "type": "Feature", "properties": { "CNPJ": "44111128000106", "IDCIDADE": "SAO_PAULO", "NOMEFANTASIA": "SERVE_SEMPRE_REFRIGERACAO", "RAZAOSOCIAL": "REFRIGERACAO_SERVE_SEMPRE_LTDA", "ENDEE": "RUA_BARAO_DE_CAMPINAS558__CAMPOS_ELISEOS_01201-001", "LMAPS": "https://www.google.com/maps?q=&layer=c&cbll=-46.6474737,-23.5361544", "O_QUE_FAZER": "CARTEIRA", "ER_REGIAO_CIDADE_min": "Capital Centro_Santa Cecília" }, "geometry": { "type": "Point", "coordinates": [ -46.6474737, -23.5361544 ] } },
{ "type": "Feature", "properties": { "CNPJ": "53920228000166", "IDCIDADE": "SAO_PAULO", "NOMEFANTASIA": "RECANTO_DO_BAIAO", "RAZAOSOCIAL": "RECANTO_NORDESTINO_O_REI_DO_BAIAO_LTDA", "ENDEE": "RUA_DOUTOR_CARVALHO_DE_MENDONCA200__CAMPOS_ELISEOS_01201-010", "LMAPS": "https://www.google.com/maps?q=&layer=c&cbll=-46.6510689,-23.5340893", "O_QUE_FAZER": "CARTEIRA", "ER_REGIAO_CIDADE_min": "Capital Centro_Santa Cecília" }, "geometry": { "type": "Point", "coordinates": [ -46.6510689, -23.5340893 ] } },
{ "type": "Feature", "properties": { "CNPJ": "40627183000194", "IDCIDADE": "SAO_PAULO", "NOMEFANTASIA": "MERCADINHO_PARAIBA_PRECO_BOM", "RAZAOSOCIAL": "MERCADINHO_PARAIBA_PRECO_BOM_LTDA", "ENDEE": "RUA_DOUTOR_CARVALHO_DE_MENDONCA206__CAMPOS_ELISEOS_01201-010", "LMAPS": "https://www.google.com/maps?q=&layer=c&cbll=-46.65147,-23.5341183", "O_QUE_FAZER": "CARTEIRA", "ER_REGIAO_CIDADE_min": "Capital Centro_Santa Cecília" }, "geometry": { "type": "Point", "coordinates": [ -46.65147, -23.5341183 ] } },
{ "type": "Feature", "properties": { "CNPJ": "40905660000136", "IDCIDADE": "SAO_PAULO", "NOMEFANTASIA": "ADEGA_BL", "RAZAOSOCIAL": "ADEGA_ALINE_CARVALHO_LTDA", "ENDEE": "RUA_DOUTOR_CARVALHO_DE_MENDONCA236__CAMPOS_ELISEOS_01201-010", "LMAPS": "https://www.google.com/maps?q=&layer=c&cbll=-46.6513735,-23.5340963", "O_QUE_FAZER": "CARTEIRA", "ER_REGIAO_CIDADE_min": "Capital Centro_Santa Cecília" }, "geometry": { "type": "Point", "coordinates": [ -46.6513735, -23.5340963 ] } },
{ "type": "Feature", "properties": { "CNPJ": "45385603000197", "IDCIDADE": "SAO_PAULO", "NOMEFANTASIA": "R_PARKING", "RAZAOSOCIAL": "R_PARKING_ESTACIONAMENTO_LTDA", "ENDEE": "RUA_GENERAL_JULIO_MARCONDES_SALGADO103__CAMPOS_ELISEOS_01201-020", "LMAPS": "https://www.google.com/maps?q=&layer=c&cbll=-46.6507324,-23.5360499", "O_QUE_FAZER": "CARTEIRA", "ER_REGIAO_CIDADE_min": "Capital Centro_Santa Cecília" }, "geometry": { "type": "Point", "coordinates": [ -46.6507324, -23.5360499 ] } },
{ "type": "Feature", "properties": { "CNPJ": "10322994000116", "IDCIDADE": "SAO_PAULO", "NOMEFANTASIA": "POWER_FIELD", "RAZAOSOCIAL": "DUTO_EXPRESS_COMERCIO_DE_PECAS_E_SERVICOS_DE_REFRIGERACAO_LTDA", "ENDEE": "RUA_GENERAL_JULIO_MARCONDES_SALGADO117__CAMPOS_ELISEOS_01201-020", "LMAPS": "https://www.google.com/maps?q=&layer=c&cbll=-46.6504499,-23.535627", "O_QUE_FAZER": "CARTEIRA", "ER_REGIAO_CIDADE_min": "Capital Centro_Santa Cecília" }, "geometry": { "type": "Point", "coordinates": [ -46.6504499, -23.535627 ] } },
{ "type": "Feature", "properties": { "CNPJ": "05280895000189", "IDCIDADE": "SAO_PAULO", "NOMEFANTASIA": "CARMELO_NOBRE", "RAZAOSOCIAL": "CARMELO_NOBRE_COMERCIO_DE_PRODUTOS_ALIMENTICIOS_LTDA", "ENDEE": "RUA_GENERAL_JULIO_MARCONDES_SALGADO123__CAMPOS_ELISEOS_01201-020", "LMAPS": "https://www.google.com/maps?q=&layer=c&cbll=-46.6508637,-23.5357809", "O_QUE_FAZER": "CARTEIRA", "ER_REGIAO_CIDADE_min": "Capital Centro_Santa Cecília" }, "geometry": { "type": "Point", "coordinates": [ -46.6508637, -23.5357809 ] } },
{ "type": "Feature", "properties": { "CNPJ": "06950268000170", "IDCIDADE": "SAO_PAULO", "NOMEFANTASIA": "L_A_AR-CONDICIONADO", "RAZAOSOCIAL": "LA_BORTOLETO_AR_CONDICIONADO_LTDA", "ENDEE": "RUA_GENERAL_JULIO_MARCONDES_SALGADO140__CAMPOS_ELISEOS_01201-020", "LMAPS": "https://www.google.com/maps?q=&layer=c&cbll=-46.6509812,-23.5356839", "O_QUE_FAZER": "CARTEIRA", "ER_REGIAO_CIDADE_min": "Capital Centro_Santa Cecília" }, "geometry": { "type": "Point", "coordinates": [ -46.6509812, -23.5356839 ] } },
{ "type": "Feature", "properties": { "CNPJ": "30456050000149", "IDCIDADE": "SAO_PAULO", "NOMEFANTASIA": "SO_GM_MULTIMARCAS", "RAZAOSOCIAL": "IRA_MOTORS_SERVICOS_E_PECAS_LTDA", "ENDEE": "RUA_GENERAL_JULIO_MARCONDES_SALGADO211__CAMPOS_ELISEOS_01201-020", "LMAPS": "https://www.google.com/maps?q=&layer=c&cbll=-46.6512978,-23.5352327", "O_QUE_FAZER": "CARTEIRA", "ER_REGIAO_CIDADE_min": "Capital Centro_Santa Cecília" }, "geometry": { "type": "Point", "coordinates": [ -46.6512978, -23.5352327 ] } },
{ "type": "Feature", "properties": { "CNPJ": "33847196000103", "IDCIDADE": "SAO_PAULO", "NOMEFANTASIA": "COME_ON_HAMBURGUERIA", "RAZAOSOCIAL": "HAMBURGUERIA_SANTA_CECILIA_LTDA", "ENDEE": "RUA_GENERAL_JULIO_MARCONDES_SALGADO274__CAMPOS_ELISEOS_01201-020", "LMAPS": "https://www.google.com/maps?q=&layer=c&cbll=-46.6514826,-23.5347557", "O_QUE_FAZER": "CARTEIRA", "ER_REGIAO_CIDADE_min": "Capital Centro_Santa Cecília" }, "geometry": { "type": "Point", "coordinates": [ -46.6514826, -23.5347557 ] } },
{ "type": "Feature", "properties": { "CNPJ": "67040170000170", "IDCIDADE": "SAO_PAULO", "NOMEFANTASIA": "LUX_SERVICE", "RAZAOSOCIAL": "LUX_SERVICE_LTDA", "ENDEE": "RUA_GENERAL_JULIO_MARCONDES_SALGADO298__CAMPOS_ELISEOS_01201-020", "LMAPS": "https://www.google.com/maps?q=&layer=c&cbll=-46.6517055,-23.5345305", "O_QUE_FAZER": "CARTEIRA", "ER_REGIAO_CIDADE_min": "Capital Centro_Santa Cecília" }, "geometry": { "type": "Point", "coordinates": [ -46.6517055, -23.5345305 ] } },
{ "type": "Feature", "properties": { "CNPJ": "46976423000142", "IDCIDADE": "SAO_PAULO", "NOMEFANTASIA": "MOVENALIS_MARCENARIA", "RAZAOSOCIAL": "MOVENALIS_LTDA", "ENDEE": "RUA_GENERAL_JULIO_MARCONDES_SALGADO343__CAMPOS_ELISEOS_01201-020", "LMAPS": "https://www.google.com/maps?q=&layer=c&cbll=-46.651993,-23.5342402", "O_QUE_FAZER": "CARTEIRA", "ER_REGIAO_CIDADE_min": "Capital Centro_Santa Cecília" }, "geometry": { "type": "Point", "coordinates": [ -46.651993, -23.5342402 ] } },
{ "type": "Feature", "properties": { "CNPJ": "03279008000127", "IDCIDADE": "SAO_PAULO", "NOMEFANTASIA": "JB_SERVICOS_AUTOMOTIVOS", "RAZAOSOCIAL": "J._B._TAXIMETROS_E_VELOCIMETROS_LTDA", "ENDEE": "RUA_APA145__CAMPOS_ELISEOS_01201-030", "LMAPS": "https://www.google.com/maps?q=&layer=c&cbll=-46.6515664,-23.535021", "O_QUE_FAZER": "CARTEIRA", "ER_REGIAO_CIDADE_min": "Capital Centro_Santa Cecília" }, "geometry": { "type": "Point", "coordinates": [ -46.6515664, -23.535021 ] } },
{ "type": "Feature", "properties": { "CNPJ": "45042840000155", "IDCIDADE": "SAO_PAULO", "NOMEFANTASIA": "HOTEL_SMART_INN", "RAZAOSOCIAL": "HOTEL_SMART_INN_LTDA.", "ENDEE": "RUA_APA226__CAMPOS_ELISEOS_01201-030", "LMAPS": "https://www.google.com/maps?q=&layer=c&cbll=-46.6522183,-23.5354983", "O_QUE_FAZER": "CARTEIRA", "ER_REGIAO_CIDADE_min": "Capital Centro_Santa Cecília" }, "geometry": { "type": "Point", "coordinates": [ -46.6522183, -23.5354983 ] } },
{ "type": "Feature", "properties": { "CNPJ": "61441184000110", "IDCIDADE": "SAO_PAULO", "NOMEFANTASIA": "SUPER_LANCHAS", "RAZAOSOCIAL": "SUPER_LANCHES_264_LTDA", "ENDEE": "RUA_APA291__CAMPOS_ELISEOS_01201-030", "LMAPS": "https://www.google.com/maps?q=&layer=c&cbll=-46.6528167,-23.5357033", "O_QUE_FAZER": "CARTEIRA", "ER_REGIAO_CIDADE_min": "Capital Centro_Santa Cecília" }, "geometry": { "type": "Point", "coordinates": [ -46.6528167, -23.5357033 ] } },
{ "type": "Feature", "properties": { "CNPJ": "32250010000171", "IDCIDADE": "SAO_PAULO", "NOMEFANTASIA": "PINTA_MUNDI", "RAZAOSOCIAL": "INOVA_TINTAS_LTDA", "ENDEE": "RUA_APA303__CAMPOS_ELISEOS_01201-030", "LMAPS": "https://www.google.com/maps?q=&layer=c&cbll=-46.6529069,-23.5358627", "O_QUE_FAZER": "CARTEIRA", "ER_REGIAO_CIDADE_min": "Capital Centro_Santa Cecília" }, "geometry": { "type": "Point", "coordinates": [ -46.6529069, -23.5358627 ] } },
{ "type": "Feature", "properties": { "CNPJ": "28505862000195", "IDCIDADE": "SAO_PAULO", "NOMEFANTASIA": "CDN_SERVICOS", "RAZAOSOCIAL": "C._D._N._ASSISTENCIA_TECNICA_LTDA", "ENDEE": "RUA_APA5__CAMPOS_ELISEOS_01201-030", "LMAPS": "https://www.google.com/maps?q=&layer=c&cbll=-46.6503823,-23.5342204", "O_QUE_FAZER": "CARTEIRA", "ER_REGIAO_CIDADE_min": "Capital Centro_Santa Cecília" }, "geometry": { "type": "Point", "coordinates": [ -46.6503823, -23.5342204 ] } },
{ "type": "Feature", "properties": { "CNPJ": "28311877000201", "IDCIDADE": "SAO_PAULO", "NOMEFANTASIA": "PREGO_SECOS_E_MOLHADOS", "RAZAOSOCIAL": "YERBA_MATE_BAR_E_CAFE_LTDA", "ENDEE": "RUA_PIRINEUS100__CAMPOS_ELISEOS_01201-040", "LMAPS": "https://www.google.com/maps?q=&layer=c&cbll=-46.6528201,-23.5342533", "O_QUE_FAZER": "CARTEIRA", "ER_REGIAO_CIDADE_min": "Capital Centro_Santa Cecília" }, "geometry": { "type": "Point", "coordinates": [ -46.6528201, -23.5342533 ] } },
{ "type": "Feature", "properties": { "CNPJ": "29796746000135", "IDCIDADE": "SAO_PAULO", "NOMEFANTASIA": "BAR_E_LANCHES_RAINHA_DA_OLAVO_BILAC", "RAZAOSOCIAL": "BAR_E_LANCHES_RAINHA_DA_OLAVO_BILAC_LTDA", "ENDEE": "PRACA_OLAVO_BILAC194__CAMPOS_ELISEOS_01201-050", "LMAPS": "https://www.google.com/maps?q=&layer=c&cbll=-46.65287,-23.5338867", "O_QUE_FAZER": "CARTEIRA", "ER_REGIAO_CIDADE_min": "Capital Centro_Santa Cecília" }, "geometry": { "type": "Point", "coordinates": [ -46.65287, -23.5338867 ] } },
{ "type": "Feature", "properties": { "CNPJ": "33879294000122", "IDCIDADE": "SAO_PAULO", "NOMEFANTASIA": "AUTO_CAR_CENTER", "RAZAOSOCIAL": "SILVANA_DO_PRADO_RIBEIRO", "ENDEE": "PRACA_OLAVO_BILAC73__CAMPOS_ELISEOS_01201-050", "LMAPS": "https://www.google.com/maps?q=&layer=c&cbll=-46.6523983,-23.5341217", "O_QUE_FAZER": "CARTEIRA", "ER_REGIAO_CIDADE_min": "Capital Centro_Santa Cecília" }, "geometry": { "type": "Point", "coordinates": [ -46.6523983, -23.5341217 ] } },
{ "type": "Feature", "properties": { "CNPJ": "17938500000171", "IDCIDADE": "SAO_PAULO", "NOMEFANTASIA": "SALOMAO_RESTAURANTE", "RAZAOSOCIAL": "SALOMAO_RESTAURANTE_E_LANCHONETE_LTDA", "ENDEE": "PRACA_OLAVO_BILAC99__CAMPOS_ELISEOS_01201-050", "LMAPS": "https://www.google.com/maps?q=&layer=c&cbll=-46.6526836,-23.5340857", "O_QUE_FAZER": "CARTEIRA", "ER_REGIAO_CIDADE_min": "Capital Centro_Santa Cecília" }, "geometry": { "type": "Point", "coordinates": [ -46.6526836, -23.5340857 ] } },
{ "type": "Feature", "properties": { "CNPJ": "28689488000125", "IDCIDADE": "SAO_PAULO", "NOMEFANTASIA": "SOMAFRIO", "RAZAOSOCIAL": "FLATEC_AR_CONDICIONADO_LTDA", "ENDEE": "RUA_ANA_CINTRA110__CAMPOS_ELISEOS_01201-060", "LMAPS": "https://www.google.com/maps?q=&layer=c&cbll=-46.6472767,-23.5374683", "O_QUE_FAZER": "CARTEIRA", "ER_REGIAO_CIDADE_min": "Capital Centro_Santa Cecília" }, "geometry": { "type": "Point", "coordinates": [ -46.6472767, -23.5374683 ] } },
{ "type": "Feature", "properties": { "CNPJ": "00245492000185", "IDCIDADE": "SAO_PAULO", "NOMEFANTASIA": "SANTA_CECILIA_LANCHONETE", "RAZAOSOCIAL": "SANTA_CECILIA_LANCHONETE_LTDA", "ENDEE": "RUA_ANA_CINTRA300__CAMPOS_ELISEOS_01201-060", "LMAPS": "https://www.google.com/maps?q=&layer=c&cbll=-46.6490343,-23.5387361", "O_QUE_FAZER": "CARTEIRA", "ER_REGIAO_CIDADE_min": "Capital Centro_Santa Cecília" }, "geometry": { "type": "Point", "coordinates": [ -46.6490343, -23.5387361 ] } },
{ "type": "Feature", "properties": { "CNPJ": "31402173000160", "IDCIDADE": "SAO_PAULO", "NOMEFANTASIA": "DR_PARK", "RAZAOSOCIAL": "R._S._COUTO_PARK_ESTACIONAMENTO_LTDA", "ENDEE": "RUA_ANA_CINTRA45__CAMPOS_ELISEOS_01201-060", "LMAPS": "https://www.google.com/maps?q=&layer=c&cbll=-46.6468983,-23.5378533", "O_QUE_FAZER": "CARTEIRA", "ER_REGIAO_CIDADE_min": "Capital Centro_Santa Cecília" }, "geometry": { "type": "Point", "coordinates": [ -46.6468983, -23.5378533 ] } },
{ "type": "Feature", "properties": { "CNPJ": "09515591000104", "IDCIDADE": "SAO_PAULO", "NOMEFANTASIA": "DAVILLA_ESTACIONAMENTO", "RAZAOSOCIAL": "DAVILLA_ESTACIONAMENTO_LTDA", "ENDEE": "RUA_ANA_CINTRA58__CAMPOS_ELISEOS_01201-060", "LMAPS": "https://www.google.com/maps?q=&layer=c&cbll=-46.6471739,-23.5375569", "O_QUE_FAZER": "CARTEIRA", "ER_REGIAO_CIDADE_min": "Capital Centro_Santa Cecília" }, "geometry": { "type": "Point", "coordinates": [ -46.6471739, -23.5375569 ] } },
{ "type": "Feature", "properties": { "CNPJ": "62675228000139", "IDCIDADE": "SAO_PAULO", "NOMEFANTASIA": "JUNTAS_ANDRE", "RAZAOSOCIAL": "JUNTAS_ANDRELIMA_LTDA", "ENDEE": "RUA_ANA_CINTRA59__CAMPOS_ELISEOS_01201-060", "LMAPS": "https://www.google.com/maps?q=&layer=c&cbll=-46.64751,-23.537335", "O_QUE_FAZER": "CARTEIRA", "ER_REGIAO_CIDADE_min": "Capital Centro_Santa Cecília" }, "geometry": { "type": "Point", "coordinates": [ -46.64751, -23.537335 ] } },
{ "type": "Feature", "properties": { "CNPJ": "11839484000183", "IDCIDADE": "SAO_PAULO", "NOMEFANTASIA": "JADLOG_INFOCCO", "RAZAOSOCIAL": "INFOCCO_EXPRESS_TRANSPORTES_LTDA", "ENDEE": "RUA_ANA_CINTRA65__CAMPOS_ELISEOS_01201-060", "LMAPS": "https://www.google.com/maps?q=&layer=c&cbll=-46.6471587,-23.5376844", "O_QUE_FAZER": "CARTEIRA", "ER_REGIAO_CIDADE_min": "Capital Centro_Santa Cecília" }, "geometry": { "type": "Point", "coordinates": [ -46.6471587, -23.5376844 ] } },
{ "type": "Feature", "properties": { "CNPJ": "53965523000139", "IDCIDADE": "SAO_PAULO", "NOMEFANTASIA": "CENTRAL_BEIRUT", "RAZAOSOCIAL": "CENTRO_BEIRUTE_LTDA", "ENDEE": "ALAMEDA_BARAO_DE_LIMEIRA1031__CAMPOS_ELISEOS_01202-000", "LMAPS": "https://www.google.com/maps?q=&layer=c&cbll=-46.6490825,-23.5325525", "O_QUE_FAZER": "CARTEIRA", "ER_REGIAO_CIDADE_min": "Capital Centro_Santa Cecília" }, "geometry": { "type": "Point", "coordinates": [ -46.6490825, -23.5325525 ] } },
{ "type": "Feature", "properties": { "CNPJ": "31415121000128", "IDCIDADE": "SAO_PAULO", "NOMEFANTASIA": "QUALIBERF", "RAZAOSOCIAL": "TOP_CARNES_DA_BARAO_LTDA", "ENDEE": "ALAMEDA_BARAO_DE_LIMEIRA1096__CAMPOS_ELISEOS_01202-000", "LMAPS": "https://www.google.com/maps?q=&layer=c&cbll=-46.6492901,-23.5322544", "O_QUE_FAZER": "CARTEIRA", "ER_REGIAO_CIDADE_min": "Capital Centro_Santa Cecília" }, "geometry": { "type": "Point", "coordinates": [ -46.6492901, -23.5322544 ] } },
{ "type": "Feature", "properties": { "CNPJ": "61711438000172", "IDCIDADE": "SAO_PAULO", "NOMEFANTASIA": "MORIYAMA_MEAT", "RAZAOSOCIAL": "COMERCIAL_MORIYAMA_LTDA", "ENDEE": "ALAMEDA_BARAO_DE_LIMEIRA1111__CAMPOS_ELISEOS_01202-000", "LMAPS": "https://www.google.com/maps?q=&layer=c&cbll=-46.6494456,-23.5321268", "O_QUE_FAZER": "CARTEIRA", "ER_REGIAO_CIDADE_min": "Capital Centro_Santa Cecília" }, "geometry": { "type": "Point", "coordinates": [ -46.6494456, -23.5321268 ] } },
{ "type": "Feature", "properties": { "CNPJ": "05058116000103", "IDCIDADE": "SAO_PAULO", "NOMEFANTASIA": "PLANETA_REAL", "RAZAOSOCIAL": "EILAT_PLANETA_REAL_COMERCIO_LTDA", "ENDEE": "ALAMEDA_BARAO_DE_LIMEIRA1145__CAMPOS_ELISEOS_01202-000", "LMAPS": "https://www.google.com/maps?q=&layer=c&cbll=-46.64974,-23.531866", "O_QUE_FAZER": "CARTEIRA", "ER_REGIAO_CIDADE_min": "Capital Centro_Santa Cecília" }, "geometry": { "type": "Point", "coordinates": [ -46.64974, -23.531866 ] } },
{ "type": "Feature", "properties": { "CNPJ": "12685605000223", "IDCIDADE": "SAO_PAULO", "NOMEFANTASIA": "MELOS_PARK", "RAZAOSOCIAL": "JORGE_LUIZ_MARTA_MELO", "ENDEE": "ALAMEDA_BARAO_DE_LIMEIRA1158__CAMPOS_ELISEOS_01202-000", "LMAPS": "https://www.google.com/maps?q=&layer=c&cbll=-46.6488359,-23.5326183", "O_QUE_FAZER": "CARTEIRA", "ER_REGIAO_CIDADE_min": "Capital Centro_Santa Cecília" }, "geometry": { "type": "Point", "coordinates": [ -46.6488359, -23.5326183 ] } },
{ "type": "Feature", "properties": { "CNPJ": "57359989000141", "IDCIDADE": "SAO_PAULO", "NOMEFANTASIA": "BLACK_ZONE", "RAZAOSOCIAL": "AGS_BARBEARIA_LTDA", "ENDEE": "ALAMEDA_BARAO_DE_LIMEIRA1161__CAMPOS_ELISEOS_01202-000", "LMAPS": "https://www.google.com/maps?q=&layer=c&cbll=-46.6497917,-23.5317825", "O_QUE_FAZER": "CARTEIRA", "ER_REGIAO_CIDADE_min": "Capital Centro_Santa Cecília" }, "geometry": { "type": "Point", "coordinates": [ -46.6497917, -23.5317825 ] } },
{ "type": "Feature", "properties": { "CNPJ": "31589312000106", "IDCIDADE": "SAO_PAULO", "NOMEFANTASIA": "ROSA_PRESENTES", "RAZAOSOCIAL": "EVERY_DAY_HOUSE_COMERCIO_DE_UTILIDADES_DOMESTICAS", "ENDEE": "ALAMEDA_BARAO_DE_LIMEIRA1174__CAMPOS_ELISEOS_01202-000", "LMAPS": "https://www.google.com/maps?q=&layer=c&cbll=-46.649543,-23.5315811", "O_QUE_FAZER": "CARTEIRA", "ER_REGIAO_CIDADE_min": "Capital Centro_Santa Cecília" }, "geometry": { "type": "Point", "coordinates": [ -46.649543, -23.5315811 ] } },
{ "type": "Feature", "properties": { "CNPJ": "26905461000105", "IDCIDADE": "SAO_PAULO", "NOMEFANTASIA": "OGGI_SORVETES", "RAZAOSOCIAL": "J_L_&_N_COMERCIO_DE_SORVETES_LTDA", "ENDEE": "ALAMEDA_BARAO_DE_LIMEIRA1193__CAMPOS_ELISEOS_01202-000", "LMAPS": "https://www.google.com/maps?q=&layer=c&cbll=-46.649948,-23.5316376", "O_QUE_FAZER": "CARTEIRA", "ER_REGIAO_CIDADE_min": "Capital Centro_Santa Cecília" }, "geometry": { "type": "Point", "coordinates": [ -46.649948, -23.5316376 ] } },
{ "type": "Feature", "properties": { "CNPJ": "41011101000145", "IDCIDADE": "SAO_PAULO", "NOMEFANTASIA": "MASTER_LAMP", "RAZAOSOCIAL": "RICARDO_DA_SILVA_SANTOS_LTDA", "ENDEE": "ALAMEDA_BARAO_DE_LIMEIRA1206__CAMPOS_ELISEOS_01202-000", "LMAPS": "https://www.google.com/maps?q=&layer=c&cbll=-46.6499733,-23.5314217", "O_QUE_FAZER": "CARTEIRA", "ER_REGIAO_CIDADE_min": "Capital Centro_Santa Cecília" }, "geometry": { "type": "Point", "coordinates": [ -46.6499733, -23.5314217 ] } },
{ "type": "Feature", "properties": { "CNPJ": "17043644000160", "IDCIDADE": "SAO_PAULO", "NOMEFANTASIA": "CACAU_SHOW", "RAZAOSOCIAL": "REDE_BRASIL_COMERCIO_DE_CHOCOLATE_LTDA.", "ENDEE": "ALAMEDA_BARAO_DE_LIMEIRA1210__CAMPOS_ELISEOS_01202-000", "LMAPS": "https://www.google.com/maps?q=&layer=c&cbll=-46.6500517,-23.5315317", "O_QUE_FAZER": "CARTEIRA", "ER_REGIAO_CIDADE_min": "Capital Centro_Santa Cecília" }, "geometry": { "type": "Point", "coordinates": [ -46.6500517, -23.5315317 ] } },
{ "type": "Feature", "properties": { "CNPJ": "17321090000115", "IDCIDADE": "SAO_PAULO", "NOMEFANTASIA": "MARIANO_MODAS", "RAZAOSOCIAL": "DANIEL_DE_ALMEIDA_MAGAZINE", "ENDEE": "ALAMEDA_BARAO_DE_LIMEIRA1216__CAMPOS_ELISEOS_01202-000", "LMAPS": "https://www.google.com/maps?q=&layer=c&cbll=-46.650033,-23.5314413", "O_QUE_FAZER": "CARTEIRA", "ER_REGIAO_CIDADE_min": "Capital Centro_Santa Cecília" }, "geometry": { "type": "Point", "coordinates": [ -46.650033, -23.5314413 ] } },
{ "type": "Feature", "properties": { "CNPJ": "38459279000149", "IDCIDADE": "SAO_PAULO", "NOMEFANTASIA": "BAR_E_RESTAURANTE_FOLHAS_DE_LIMEIRA", "RAZAOSOCIAL": "BAR_E_RESTAURANTE_FOLHA_DE_LIMEIRA_LTDA", "ENDEE": "ALAMEDA_BARAO_DE_LIMEIRA332__CAMPOS_ELISEOS_01202-000", "LMAPS": "https://www.google.com/maps?q=&layer=c&cbll=-46.6449689,-23.5378643", "O_QUE_FAZER": "CARTEIRA", "ER_REGIAO_CIDADE_min": "Capital Centro_Santa Cecília" }, "geometry": { "type": "Point", "coordinates": [ -46.6449689, -23.5378643 ] } },
{ "type": "Feature", "properties": { "CNPJ": "39507642000117", "IDCIDADE": "SAO_PAULO", "NOMEFANTASIA": "LIMEIRA_SOM", "RAZAOSOCIAL": "LIMEIRA_SOM_ACESSORIO_E_COMERCIO_PARA_AUTOS_LTDA", "ENDEE": "ALAMEDA_BARAO_DE_LIMEIRA572__CAMPOS_ELISEOS_01202-000", "LMAPS": "https://www.google.com/maps?q=&layer=c&cbll=-46.646201,-23.5361288", "O_QUE_FAZER": "CARTEIRA", "ER_REGIAO_CIDADE_min": "Capital Centro_Santa Cecília" }, "geometry": { "type": "Point", "coordinates": [ -46.646201, -23.5361288 ] } },
{ "type": "Feature", "properties": { "CNPJ": "13229453000136", "IDCIDADE": "SAO_PAULO", "NOMEFANTASIA": "BODY_BARAO", "RAZAOSOCIAL": "LUCIANO_C._HONORIO_COMERCIO_DE_SUPRIMENTOS_ALIMENTARES", "ENDEE": "ALAMEDA_BARAO_DE_LIMEIRA575__CAMPOS_ELISEOS_01202-000", "LMAPS": "https://www.google.com/maps?q=&layer=c&cbll=-46.6462417,-23.53622", "O_QUE_FAZER": "CARTEIRA", "ER_REGIAO_CIDADE_min": "Capital Centro_Santa Cecília" }, "geometry": { "type": "Point", "coordinates": [ -46.6462417, -23.53622 ] } },
{ "type": "Feature", "properties": { "CNPJ": "32891987000178", "IDCIDADE": "SAO_PAULO", "NOMEFANTASIA": "RESTAURANTE_SABOR_E_MELODIA", "RAZAOSOCIAL": "LANCHONETE_E_RESTAURANTE_SABOR_E_MELODIA_LTDA", "ENDEE": "ALAMEDA_BARAO_DE_LIMEIRA588__CAMPOS_ELISEOS_01202-000", "LMAPS": "https://www.google.com/maps?q=&layer=c&cbll=-46.6464414,-23.535878", "O_QUE_FAZER": "CARTEIRA", "ER_REGIAO_CIDADE_min": "Capital Centro_Santa Cecília" }, "geometry": { "type": "Point", "coordinates": [ -46.6464414, -23.535878 ] } },
{ "type": "Feature", "properties": { "CNPJ": "53458535000177", "IDCIDADE": "SAO_PAULO", "NOMEFANTASIA": "BOTECO_LIMEIRA", "RAZAOSOCIAL": "LANCHONETE_RODRIGUES_E_AMARAL_LTDA", "ENDEE": "ALAMEDA_BARAO_DE_LIMEIRA709__CAMPOS_ELISEOS_01202-000", "LMAPS": "https://www.google.com/maps?q=&layer=c&cbll=-46.6472038,-23.5352762", "O_QUE_FAZER": "CARTEIRA", "ER_REGIAO_CIDADE_min": "Capital Centro_Santa Cecília" }, "geometry": { "type": "Point", "coordinates": [ -46.6472038, -23.5352762 ] } },
{ "type": "Feature", "properties": { "CNPJ": "41542935000187", "IDCIDADE": "SAO_PAULO", "NOMEFANTASIA": "WORLD_MULTIMIDIAS", "RAZAOSOCIAL": "JG_SOM_E_COMERCIO_DE_ELETRONICOS_LTDA", "ENDEE": "ALAMEDA_BARAO_DE_LIMEIRA745__CAMPOS_ELISEOS_01202-000", "LMAPS": "https://www.google.com/maps?q=&layer=c&cbll=-46.6475479,-23.5350622", "O_QUE_FAZER": "CARTEIRA", "ER_REGIAO_CIDADE_min": "Capital Centro_Santa Cecília" }, "geometry": { "type": "Point", "coordinates": [ -46.6475479, -23.5350622 ] } },
{ "type": "Feature", "properties": { "CNPJ": "07596534000171", "IDCIDADE": "SAO_PAULO", "NOMEFANTASIA": "SP_COPIAS", "RAZAOSOCIAL": "S.P._COPIAS_E_PAPELARIA_LTDA", "ENDEE": "ALAMEDA_BARAO_DE_LIMEIRA776__CAMPOS_ELISEOS_01202-000", "LMAPS": "https://www.google.com/maps?q=&layer=c&cbll=-46.6474011,-23.5346198", "O_QUE_FAZER": "CARTEIRA", "ER_REGIAO_CIDADE_min": "Capital Centro_Santa Cecília" }, "geometry": { "type": "Point", "coordinates": [ -46.6474011, -23.5346198 ] } },
{ "type": "Feature", "properties": { "CNPJ": "48104662000138", "IDCIDADE": "SAO_PAULO", "NOMEFANTASIA": "NANY_CAR", "RAZAOSOCIAL": "NANY_CAR_SERVICOS_AUTOMOTIVOS_LTDA", "ENDEE": "ALAMEDA_BARAO_DE_LIMEIRA782__CAMPOS_ELISEOS_01202-000", "LMAPS": "https://www.google.com/maps?q=&layer=c&cbll=-46.6474118,-23.53461", "O_QUE_FAZER": "CARTEIRA", "ER_REGIAO_CIDADE_min": "Capital Centro_Santa Cecília" }, "geometry": { "type": "Point", "coordinates": [ -46.6474118, -23.53461 ] } },
{ "type": "Feature", "properties": { "CNPJ": "03242087000100", "IDCIDADE": "SAO_PAULO", "NOMEFANTASIA": "LACASA_MATERIAIS_PARA_CONSTRUCAO", "RAZAOSOCIAL": "LACASA_MATERIAIS_PARA_CONSTRUCAO_LTDA", "ENDEE": "ALAMEDA_BARAO_DE_LIMEIRA835__CAMPOS_ELISEOS_01202-000", "LMAPS": "https://www.google.com/maps?q=&layer=c&cbll=-46.6480317,-23.534353", "O_QUE_FAZER": "CARTEIRA", "ER_REGIAO_CIDADE_min": "Capital Centro_Santa Cecília" }, "geometry": { "type": "Point", "coordinates": [ -46.6480317, -23.534353 ] } },
{ "type": "Feature", "properties": { "CNPJ": "43405679000101", "IDCIDADE": "SAO_PAULO", "NOMEFANTASIA": "PADARIA_CAMPOS_ELISEOS", "RAZAOSOCIAL": "PANIFICADORA_E_CONFEITARIA_CAMPOS_ELISEOS_LTDA", "ENDEE": "ALAMEDA_BARAO_DE_LIMEIRA872__CAMPOS_ELISEOS_01202-000", "LMAPS": "https://www.google.com/maps?q=&layer=c&cbll=-46.6479503,-23.5338907", "O_QUE_FAZER": "CARTEIRA", "ER_REGIAO_CIDADE_min": "Capital Centro_Santa Cecília" }, "geometry": { "type": "Point", "coordinates": [ -46.6479503, -23.5338907 ] } },
{ "type": "Feature", "properties": { "CNPJ": "26333729000173", "IDCIDADE": "SAO_PAULO", "NOMEFANTASIA": "LANCHONETE_CAMPOS_ELISEOS", "RAZAOSOCIAL": "LANCHONETE_E_RESTAURANTE_CAMPOS_ELISEOS_LTDA", "ENDEE": "ALAMEDA_BARAO_DE_LIMEIRA873__CAMPOS_ELISEOS_01202-000", "LMAPS": "https://www.google.com/maps?q=&layer=c&cbll=-46.6482308,-23.5340118", "O_QUE_FAZER": "CARTEIRA", "ER_REGIAO_CIDADE_min": "Capital Centro_Santa Cecília" }, "geometry": { "type": "Point", "coordinates": [ -46.6482308, -23.5340118 ] } },
{ "type": "Feature", "properties": { "CNPJ": "09428720000127", "IDCIDADE": "SAO_PAULO", "NOMEFANTASIA": "DEPOSITO_BARONESA", "RAZAOSOCIAL": "DEPOSITO_BARONESA_MATERIAIS_PARA_CONSTRUCAO_E_TINTAS_EM_GERAL_LTDA", "ENDEE": "ALAMEDA_BARAO_DE_LIMEIRA933__CAMPOS_ELISEOS_01202-000", "LMAPS": "https://www.google.com/maps?q=&layer=c&cbll=-46.64854,-23.5335868", "O_QUE_FAZER": "CARTEIRA", "ER_REGIAO_CIDADE_min": "Capital Centro_Santa Cecília" }, "geometry": { "type": "Point", "coordinates": [ -46.64854, -23.5335868 ] } },
{ "type": "Feature", "properties": { "CNPJ": "52934916000112", "IDCIDADE": "SAO_PAULO", "NOMEFANTASIA": "JAIRO_AUTOMOVEIS", "RAZAOSOCIAL": "VISUAL_COMERCIAL_DE_VEICULOS_LIMITADA", "ENDEE": "ALAMEDA_BARAO_DE_LIMEIRA944__CAMPOS_ELISEOS_01202-000", "LMAPS": "https://www.google.com/maps?q=&layer=c&cbll=-46.6484284,-23.5334095", "O_QUE_FAZER": "CARTEIRA", "ER_REGIAO_CIDADE_min": "Capital Centro_Santa Cecília" }, "geometry": { "type": "Point", "coordinates": [ -46.6484284, -23.5334095 ] } },
{ "type": "Feature", "properties": { "CNPJ": "21239809000140", "IDCIDADE": "SAO_PAULO", "NOMEFANTASIA": "BARAO_PRESENTES", "RAZAOSOCIAL": "WU_GUOCHAO_PRESENTES", "ENDEE": "ALAMEDA_BARAO_DE_LIMEIRA955__CAMPOS_ELISEOS_01202-000", "LMAPS": "https://www.google.com/maps?q=&layer=c&cbll=-46.6486967,-23.5334805", "O_QUE_FAZER": "CARTEIRA", "ER_REGIAO_CIDADE_min": "Capital Centro_Santa Cecília" }, "geometry": { "type": "Point", "coordinates": [ -46.6486967, -23.5334805 ] } },
{ "type": "Feature", "properties": { "CNPJ": "28435344000142", "IDCIDADE": "SAO_PAULO", "NOMEFANTASIA": "AUTO_MARQUES", "RAZAOSOCIAL": "AUTO_MARQUES_MECANICA_LTDA", "ENDEE": "ALAMEDA_BARAO_DE_LIMEIRA956__CAMPOS_ELISEOS_01202-000", "LMAPS": "https://www.google.com/maps?q=&layer=c&cbll=-46.6482311,-23.5333403", "O_QUE_FAZER": "CARTEIRA", "ER_REGIAO_CIDADE_min": "Capital Centro_Santa Cecília" }, "geometry": { "type": "Point", "coordinates": [ -46.6482311, -23.5333403 ] } },
{ "type": "Feature", "properties": { "CNPJ": "07020129000100", "IDCIDADE": "SAO_PAULO", "NOMEFANTASIA": "OFICINA_DESAMASSA", "RAZAOSOCIAL": "DESAMASSA_SERVICOS_AUTOMOTIVOS_LTDA", "ENDEE": "ALAMEDA_BARAO_DE_LIMEIRA977__CAMPOS_ELISEOS_01202-000", "LMAPS": "https://www.google.com/maps?q=&layer=c&cbll=-46.6487284,-23.533282", "O_QUE_FAZER": "CARTEIRA", "ER_REGIAO_CIDADE_min": "Capital Centro_Santa Cecília" }, "geometry": { "type": "Point", "coordinates": [ -46.6487284, -23.533282 ] } },
{ "type": "Feature", "properties": { "CNPJ": "49943582000139", "IDCIDADE": "SAO_PAULO", "NOMEFANTASIA": "EDUARDO_VEICULOS_ANTIGOS", "RAZAOSOCIAL": "EDUARDO_COMERCIO_DE_VEICULOS_LTDA", "ENDEE": "ALAMEDA_BARAO_DE_LIMEIRA992__CAMPOS_ELISEOS_01202-000", "LMAPS": "https://www.google.com/maps?q=&layer=c&cbll=-46.6485619,-23.5330194", "O_QUE_FAZER": "CARTEIRA", "ER_REGIAO_CIDADE_min": "Capital Centro_Santa Cecília" }, "geometry": { "type": "Point", "coordinates": [ -46.6485619, -23.5330194 ] } },
{ "type": "Feature", "properties": { "CNPJ": "43038918000132", "IDCIDADE": "SAO_PAULO", "NOMEFANTASIA": "FLORICULTURA_DIAS", "RAZAOSOCIAL": "DIAS_DA_COSTA_&_ALMEIDA_LTDA", "ENDEE": "ALAMEDA_BARAO_DE_LIMEIRA998__CAMPOS_ELISEOS_01202-000", "LMAPS": "https://www.google.com/maps?q=&layer=c&cbll=-46.6487383,-23.5328815", "O_QUE_FAZER": "CARTEIRA", "ER_REGIAO_CIDADE_min": "Capital Centro_Santa Cecília" }, "geometry": { "type": "Point", "coordinates": [ -46.6487383, -23.5328815 ] } },
{ "type": "Feature", "properties": { "CNPJ": "49367990000190", "IDCIDADE": "SAO_PAULO", "NOMEFANTASIA": "LAVANDERIA_SUPIMPA", "RAZAOSOCIAL": "L_HELENA_BRAULIO_CARNEIRO_DE_ALBUQUERQUE_LTDA", "ENDEE": "ALAMEDA_BARAO_DE_LIMEIRA161__CAMPOS_ELISEOS_01202-001", "LMAPS": "https://www.google.com/maps?q=&layer=c&cbll=-46.6498135,-23.5317572", "O_QUE_FAZER": "CARTEIRA", "ER_REGIAO_CIDADE_min": "Capital Centro_Santa Cecília" }, "geometry": { "type": "Point", "coordinates": [ -46.6498135, -23.5317572 ] } },
{ "type": "Feature", "properties": { "CNPJ": "14760073000196", "IDCIDADE": "SAO_PAULO", "NOMEFANTASIA": "OLIVER_CAR", "RAZAOSOCIAL": "OLIVERCAR_PECAS_E_SERVICOS_AUTOMOTIVOS_LTDA", "ENDEE": "ALAMEDA_BARAO_DE_LIMEIRA748__CAMPOS_ELISEOS_01202-002", "LMAPS": "https://www.google.com/maps?q=&layer=c&cbll=-46.6473237,-23.5348247", "O_QUE_FAZER": "CARTEIRA", "ER_REGIAO_CIDADE_min": "Capital Centro_Santa Cecília" }, "geometry": { "type": "Point", "coordinates": [ -46.6473237, -23.5348247 ] } },
{ "type": "Feature", "properties": { "CNPJ": "61151585000135", "IDCIDADE": "SAO_PAULO", "NOMEFANTASIA": "BAR_DO_CHICO", "RAZAOSOCIAL": "HAVIDAYS_LANCHES_LTDA", "ENDEE": "RUA_CONSELHEIRO_NEBIAS1032__CAMPOS_ELISEOS_01203-000", "LMAPS": "https://www.google.com/maps?q=&layer=c&cbll=-46.6464745,-23.5344921", "O_QUE_FAZER": "CARTEIRA", "ER_REGIAO_CIDADE_min": "Capital Centro_Santa Cecília" }, "geometry": { "type": "Point", "coordinates": [ -46.6464745, -23.5344921 ] } },
{ "type": "Feature", "properties": { "CNPJ": "22277000000176", "IDCIDADE": "SAO_PAULO", "NOMEFANTASIA": "PETROAMBIENTAL", "RAZAOSOCIAL": "J.R.S_SERVICOS_AUTOMOTIVOS_LTDA", "ENDEE": "RUA_CONSELHEIRO_NEBIAS1045__CAMPOS_ELISEOS_01203-000", "LMAPS": "https://www.google.com/maps?q=&layer=c&cbll=-46.6466091,-23.5343656", "O_QUE_FAZER": "CARTEIRA", "ER_REGIAO_CIDADE_min": "Capital Centro_Santa Cecília" }, "geometry": { "type": "Point", "coordinates": [ -46.6466091, -23.5343656 ] } },
{ "type": "Feature", "properties": { "CNPJ": "56292790000180", "IDCIDADE": "SAO_PAULO", "NOMEFANTASIA": "PIZZARIA_CAMPOS_ELISEOS", "RAZAOSOCIAL": "PIZZARIA_CAMPOS_ELISEOS_LTDA", "ENDEE": "RUA_CONSELHEIRO_NEBIAS1154__CAMPOS_ELISEOS_01203-000", "LMAPS": "https://www.google.com/maps?q=&layer=c&cbll=-46.6472821,-23.5337504", "O_QUE_FAZER": "CARTEIRA", "ER_REGIAO_CIDADE_min": "Capital Centro_Santa Cecília" }, "geometry": { "type": "Point", "coordinates": [ -46.6472821, -23.5337504 ] } },
{ "type": "Feature", "properties": { "CNPJ": "22275896000154", "IDCIDADE": "SAO_PAULO", "NOMEFANTASIA": "A_SENHORITA_LANCHONETE", "RAZAOSOCIAL": "J._B._DE_OLIVEIRA_CASA_DE_REFEICOES", "ENDEE": "RUA_CONSELHEIRO_NEBIAS1162__CAMPOS_ELISEOS_01203-000", "LMAPS": "https://www.google.com/maps?q=&layer=c&cbll=-46.6472775,-23.5334069", "O_QUE_FAZER": "CARTEIRA", "ER_REGIAO_CIDADE_min": "Capital Centro_Santa Cecília" }, "geometry": { "type": "Point", "coordinates": [ -46.6472775, -23.5334069 ] } },
{ "type": "Feature", "properties": { "CNPJ": "28303128000143", "IDCIDADE": "SAO_PAULO", "NOMEFANTASIA": "VITAPAN", "RAZAOSOCIAL": "JOSE_LUCIANO_DE_SOUZA", "ENDEE": "RUA_CONSELHEIRO_NEBIAS731__CAMPOS_ELISEOS_01203-000", "LMAPS": "https://www.google.com/maps?q=&layer=c&cbll=-46.644731,-23.536623", "O_QUE_FAZER": "CARTEIRA", "ER_REGIAO_CIDADE_min": "Capital Centro_Santa Cecília" }, "geometry": { "type": "Point", "coordinates": [ -46.644731, -23.536623 ] } },
{ "type": "Feature", "properties": { "CNPJ": "10740248000142", "IDCIDADE": "SAO_PAULO", "NOMEFANTASIA": "HIDRAPARTS", "RAZAOSOCIAL": "JACINTO_BATISTA_DOS_REIS_AUTO_PECAS", "ENDEE": "RUA_CONSELHEIRO_NEBIAS795__CAMPOS_ELISEOS_01203-000", "LMAPS": "https://www.google.com/maps?q=&layer=c&cbll=-46.6451316,-23.536194", "O_QUE_FAZER": "CARTEIRA", "ER_REGIAO_CIDADE_min": "Capital Centro_Santa Cecília" }, "geometry": { "type": "Point", "coordinates": [ -46.6451316, -23.536194 ] } },
{ "type": "Feature", "properties": { "CNPJ": "05703752000132", "IDCIDADE": "SAO_PAULO", "NOMEFANTASIA": "PASTORZINHO_AUTO_ELETRICA", "RAZAOSOCIAL": "PASTORZINHO_AUTO_ELETRICO_LTDA", "ENDEE": "RUA_CONSELHEIRO_NEBIAS815__CAMPOS_ELISEOS_01203-000", "LMAPS": "https://www.google.com/maps?q=&layer=c&cbll=-46.6452599,-23.5361216", "O_QUE_FAZER": "CARTEIRA", "ER_REGIAO_CIDADE_min": "Capital Centro_Santa Cecília" }, "geometry": { "type": "Point", "coordinates": [ -46.6452599, -23.5361216 ] } },
{ "type": "Feature", "properties": { "CNPJ": "46718084000102", "IDCIDADE": "SAO_PAULO", "NOMEFANTASIA": "BAR_E_RESTAURANTE_CONSELHEIRO", "RAZAOSOCIAL": "CONSELHEIROS_BAR_E_RESTAURANTE_LTDA", "ENDEE": "RUA_CONSELHEIRO_NEBIAS846__CAMPOS_ELISEOS_01203-000", "LMAPS": "https://www.google.com/maps?q=&layer=c&cbll=-46.6453612,-23.5358542", "O_QUE_FAZER": "CARTEIRA", "ER_REGIAO_CIDADE_min": "Capital Centro_Santa Cecília" }, "geometry": { "type": "Point", "coordinates": [ -46.6453612, -23.5358542 ] } },
{ "type": "Feature", "properties": { "CNPJ": "46594127000187", "IDCIDADE": "SAO_PAULO", "NOMEFANTASIA": "MAIA_ESTACIONAMENTO", "RAZAOSOCIAL": "SOUZA_MAIA_PARK_ESTACIONAMENTO_LTDA", "ENDEE": "RUA_CONSELHEIRO_NEBIAS918__CAMPOS_ELISEOS_01203-000", "LMAPS": "https://www.google.com/maps?q=&layer=c&cbll=-46.6457937,-23.5353086", "O_QUE_FAZER": "CARTEIRA", "ER_REGIAO_CIDADE_min": "Capital Centro_Santa Cecília" }, "geometry": { "type": "Point", "coordinates": [ -46.6457937, -23.5353086 ] } },
{ "type": "Feature", "properties": { "CNPJ": "23501006000148", "IDCIDADE": "SAO_PAULO", "NOMEFANTASIA": "IVS_CANAA_AR_CONDICIONADO", "RAZAOSOCIAL": "IVS_CANAA_AR_CONDICIONADO_LTDA", "ENDEE": "RUA_CONSELHEIRO_NEBIAS977__CAMPOS_ELISEOS_01203-000", "LMAPS": "https://www.google.com/maps?q=&layer=c&cbll=-46.6462009,-23.534957", "O_QUE_FAZER": "CARTEIRA", "ER_REGIAO_CIDADE_min": "Capital Centro_Santa Cecília" }, "geometry": { "type": "Point", "coordinates": [ -46.6462009, -23.534957 ] } },
{ "type": "Feature", "properties": { "CNPJ": "61018644000100", "IDCIDADE": "SAO_PAULO", "NOMEFANTASIA": "CONSELHEIRO_1000_BAR_E_LANCHONETE", "RAZAOSOCIAL": "LANCHES_BAR_CONSELHEIRO_LTDA", "ENDEE": "RUA_CONSELHEIRO_NEBIAS1000__CAMPOS_ELISEOS_01203-002", "LMAPS": "https://www.google.com/maps?q=&layer=c&cbll=-46.64624,-23.5347067", "O_QUE_FAZER": "CARTEIRA", "ER_REGIAO_CIDADE_min": "Capital Centro_Santa Cecília" }, "geometry": { "type": "Point", "coordinates": [ -46.64624, -23.5347067 ] } },
{ "type": "Feature", "properties": { "CNPJ": "53480350000169", "IDCIDADE": "SAO_PAULO", "NOMEFANTASIA": "CASA_DECARNES_NOVA_PAULISTANA", "RAZAOSOCIAL": "CARLOS_ALEXANDRE_DA_SILVA_CARNES_LTDA", "ENDEE": "RUA_CONSELHEIRO_NEBIAS1057__CAMPOS_ELISEOS_01203-002", "LMAPS": "https://www.google.com/maps?q=&layer=c&cbll=-46.6467852,-23.5342819", "O_QUE_FAZER": "CARTEIRA", "ER_REGIAO_CIDADE_min": "Capital Centro_Santa Cecília" }, "geometry": { "type": "Point", "coordinates": [ -46.6467852, -23.5342819 ] } },
{ "type": "Feature", "properties": { "CNPJ": "21355036000168", "IDCIDADE": "SAO_PAULO", "NOMEFANTASIA": "TREND_AUTO_SERVICE", "RAZAOSOCIAL": "TREND_AUTO_SERVICE_E_DISTRIBUIDORA_DE_AUTO_PECAS_LTDA", "ENDEE": "RUA_CONSELHEIRO_NEBIAS530__CAMPOS_ELISEOS_01203-002", "LMAPS": "https://www.google.com/maps?q=&layer=c&cbll=-46.649015,-23.5306367", "O_QUE_FAZER": "CARTEIRA", "ER_REGIAO_CIDADE_min": "Capital Centro_Santa Cecília" }, "geometry": { "type": "Point", "coordinates": [ -46.649015, -23.5306367 ] } },
{ "type": "Feature", "properties": { "CNPJ": "56085699000194", "IDCIDADE": "SAO_PAULO", "NOMEFANTASIA": "JOCAF", "RAZAOSOCIAL": "JOCAF_SERVICOS_AUTOMOTIVOS_LTDA", "ENDEE": "RUA_GUAIANASES1081__CAMPOS_ELISEOS_01204-000", "LMAPS": "https://www.google.com/maps?q=&layer=c&cbll=-46.6461808,-23.5331824", "O_QUE_FAZER": "CARTEIRA", "ER_REGIAO_CIDADE_min": "Capital Centro_Santa Cecília" }, "geometry": { "type": "Point", "coordinates": [ -46.6461808, -23.5331824 ] } },
{ "type": "Feature", "properties": { "CNPJ": "08030957000192", "IDCIDADE": "SAO_PAULO", "NOMEFANTASIA": "SM_COMERCIO_DE_ACESSORIOS_AUTOMOTIVOS", "RAZAOSOCIAL": "SM_COMERCIO_DE_ACESSORIOS_AUTOMOTIVOS_LTDA", "ENDEE": "RUA_GUAIANASES677__CAMPOS_ELISEOS_01204-000", "LMAPS": "https://www.google.com/maps?q=&layer=c&cbll=-46.6435733,-23.5361633", "O_QUE_FAZER": "CARTEIRA", "ER_REGIAO_CIDADE_min": "Capital Centro_Santa Cecília" }, "geometry": { "type": "Point", "coordinates": [ -46.6435733, -23.5361633 ] } },
{ "type": "Feature", "properties": { "CNPJ": "59465199000176", "IDCIDADE": "SAO_PAULO", "NOMEFANTASIA": "ADEGA_2_G", "RAZAOSOCIAL": "ADEGA_2G_ATACADO_E_VAREJO_LTDA", "ENDEE": "RUA_GUAIANASES699__CAMPOS_ELISEOS_01204-000", "LMAPS": "https://www.google.com/maps?q=&layer=c&cbll=-46.6440442,-23.5361674", "O_QUE_FAZER": "CARTEIRA", "ER_REGIAO_CIDADE_min": "Capital Centro_Santa Cecília" }, "geometry": { "type": "Point", "coordinates": [ -46.6440442, -23.5361674 ] } },
{ "type": "Feature", "properties": { "CNPJ": "48904213000174", "IDCIDADE": "SAO_PAULO", "NOMEFANTASIA": "SABOR_DEMINAS", "RAZAOSOCIAL": "LANCHONETE_SABOR_DE_MINAS_LTDA", "ENDEE": "RUA_GUAIANASES661__CAMPOS_ELISEOS_01204-001", "LMAPS": "https://www.google.com/maps?q=&layer=c&cbll=-46.6439016,-23.5361115", "O_QUE_FAZER": "CARTEIRA", "ER_REGIAO_CIDADE_min": "Capital Centro_Santa Cecília" }, "geometry": { "type": "Point", "coordinates": [ -46.6439016, -23.5361115 ] } },
{ "type": "Feature", "properties": { "CNPJ": "04350058000116", "IDCIDADE": "SAO_PAULO", "NOMEFANTASIA": "PAM_AUTOMOVEIS", "RAZAOSOCIAL": "MARCOS_RODRIGUES_DA_COSTA_CORRETOR_DE_IMOVEIS_LTDA", "ENDEE": "RUA_GUAIANASES743__CAMPOS_ELISEOS_01204-001", "LMAPS": "https://www.google.com/maps?q=&layer=c&cbll=-46.6443517,-23.5355617", "O_QUE_FAZER": "CARTEIRA", "ER_REGIAO_CIDADE_min": "Capital Centro_Santa Cecília" }, "geometry": { "type": "Point", "coordinates": [ -46.6443517, -23.5355617 ] } },
{ "type": "Feature", "properties": { "CNPJ": "08937603000126", "IDCIDADE": "SAO_PAULO", "NOMEFANTASIA": "PARK_IN", "RAZAOSOCIAL": "HANSENZACK_ESTACIONAMENTO_LTDA", "ENDEE": "AVENIDA_RIO_BRANCO1010__CAMPOS_ELISEOS_01205-000", "LMAPS": "https://www.google.com/maps?q=&layer=c&cbll=-46.6435633,-23.534805", "O_QUE_FAZER": "CARTEIRA", "ER_REGIAO_CIDADE_min": "Capital Centro_Santa Cecília" }, "geometry": { "type": "Point", "coordinates": [ -46.6435633, -23.534805 ] } },
{ "type": "Feature", "properties": { "CNPJ": "60769239000152", "IDCIDADE": "SAO_PAULO", "NOMEFANTASIA": "BAR_SAO_SIMAO", "RAZAOSOCIAL": "BAR_E_LANCHES_SAO_SIMAO_LTDA", "ENDEE": "AVENIDA_RIO_BRANCO1580__CAMPOS_ELISEOS_01205-000", "LMAPS": "https://www.google.com/maps?q=&layer=c&cbll=-46.646708,-23.5306728", "O_QUE_FAZER": "CARTEIRA", "ER_REGIAO_CIDADE_min": "Capital Centro_Santa Cecília" }, "geometry": { "type": "Point", "coordinates": [ -46.646708, -23.5306728 ] } },
{ "type": "Feature", "properties": { "CNPJ": "02975600000109", "IDCIDADE": "SAO_PAULO", "NOMEFANTASIA": "DROGARIA_RIBEIRO_DA_SILVA", "RAZAOSOCIAL": "DROGARIA_RIBEIRO_DA_SILVA_LTDA", "ENDEE": "AVENIDA_RIO_BRANCO1622__CAMPOS_ELISEOS_01205-000", "LMAPS": "https://www.google.com/maps?q=&layer=c&cbll=-46.6467465,-23.5302679", "O_QUE_FAZER": "CARTEIRA", "ER_REGIAO_CIDADE_min": "Capital Centro_Santa Cecília" }, "geometry": { "type": "Point", "coordinates": [ -46.6467465, -23.5302679 ] } },
{ "type": "Feature", "properties": { "CNPJ": "61074738000198", "IDCIDADE": "SAO_PAULO", "NOMEFANTASIA": "BAR_E_LANCHES_PORTIMAO", "RAZAOSOCIAL": "BAR_E_LANCHES_PORTIMAO_LTDA", "ENDEE": "AVENIDA_RIO_BRANCO1632__CAMPOS_ELISEOS_01205-000", "LMAPS": "https://www.google.com/maps?q=&layer=c&cbll=-46.6468092,-23.5302945", "O_QUE_FAZER": "CARTEIRA", "ER_REGIAO_CIDADE_min": "Capital Centro_Santa Cecília" }, "geometry": { "type": "Point", "coordinates": [ -46.6468092, -23.5302945 ] } },
{ "type": "Feature", "properties": { "CNPJ": "26373176000182", "IDCIDADE": "SAO_PAULO", "NOMEFANTASIA": "BAR_E_LANCHES_SAAD", "RAZAOSOCIAL": "BAR_E_LANCHES_SAAD_LTDA", "ENDEE": "AVENIDA_RIO_BRANCO974__CAMPOS_ELISEOS_01205-000", "LMAPS": "https://www.google.com/maps?q=&layer=c&cbll=-46.6431833,-23.5351629", "O_QUE_FAZER": "CARTEIRA", "ER_REGIAO_CIDADE_min": "Capital Centro_Santa Cecília" }, "geometry": { "type": "Point", "coordinates": [ -46.6431833, -23.5351629 ] } },
{ "type": "Feature", "properties": { "CNPJ": "48594042000124", "IDCIDADE": "SAO_PAULO", "NOMEFANTASIA": "ELIBEL", "RAZAOSOCIAL": "GOMES_&_ROCHA_COMERCIO_E_SERVICOS_AUTOMOTIVOS_LTDA", "ENDEE": "AVENIDA_RIO_BRANCO1690__CAMPOS_ELISEOS_01206-001", "LMAPS": "https://www.google.com/maps?q=&layer=c&cbll=-46.6470557,-23.5298306", "O_QUE_FAZER": "CARTEIRA", "ER_REGIAO_CIDADE_min": "Capital Centro_Santa Cecília" }, "geometry": { "type": "Point", "coordinates": [ -46.6470557, -23.5298306 ] } },
{ "type": "Feature", "properties": { "CNPJ": "18064302000199", "IDCIDADE": "SAO_PAULO", "NOMEFANTASIA": "DISTRIBUIDORA_DE_BEBIDAS_MARCAO", "RAZAOSOCIAL": "PRINCESA_ISABEL_COMERCIO_DE_BEBIDAS_LTDA", "ENDEE": "PRACA_PRINCESA_ISABEL185__CAMPOS_ELISEOS_01206-010", "LMAPS": "https://www.google.com/maps?q=&layer=c&cbll=-46.6435795,-23.5367072", "O_QUE_FAZER": "CARTEIRA", "ER_REGIAO_CIDADE_min": "Capital Centro_Santa Cecília" }, "geometry": { "type": "Point", "coordinates": [ -46.6435795, -23.5367072 ] } },
{ "type": "Feature", "properties": { "CNPJ": "43315586000196", "IDCIDADE": "SAO_PAULO", "NOMEFANTASIA": "CHURRASCARIA_2001", "RAZAOSOCIAL": "FAMILIA_SOUZA_GRILL_RESTAURANTE_E_LANCHONETE_LTDA", "ENDEE": "PRACA_PRINCESA_ISABEL31__CAMPOS_ELISEOS_01206-010", "LMAPS": "https://www.google.com/maps?q=&layer=c&cbll=-46.6424497,-23.5361234", "O_QUE_FAZER": "CARTEIRA", "ER_REGIAO_CIDADE_min": "Capital Centro_Santa Cecília" }, "geometry": { "type": "Point", "coordinates": [ -46.6424497, -23.5361234 ] } },
{ "type": "Feature", "properties": { "CNPJ": "46787091000158", "IDCIDADE": "SAO_PAULO", "NOMEFANTASIA": "ODALISCA_PIZZARIA", "RAZAOSOCIAL": "PIZZARIA_E_HAMBURGUERIA_ODALISCA_LTDA", "ENDEE": "PRACA_PRINCESA_ISABEL50__CAMPOS_ELISEOS_01206-010", "LMAPS": "https://www.google.com/maps?q=&layer=c&cbll=-46.6425324,-23.5359777", "O_QUE_FAZER": "CARTEIRA", "ER_REGIAO_CIDADE_min": "Capital Centro_Santa Cecília" }, "geometry": { "type": "Point", "coordinates": [ -46.6425324, -23.5359777 ] } },
{ "type": "Feature", "properties": { "CNPJ": "50549677000151", "IDCIDADE": "SAO_PAULO", "NOMEFANTASIA": "LLA_BELEZA_E_ESTETICA", "RAZAOSOCIAL": "LLA_BELEZA_&_ESTETICA_LTDA", "ENDEE": "PRACA_PRINCESA_ISABEL81__CAMPOS_ELISEOS_01206-010", "LMAPS": "https://www.google.com/maps?q=&layer=c&cbll=-46.6435508,-23.5367812", "O_QUE_FAZER": "CARTEIRA", "ER_REGIAO_CIDADE_min": "Capital Centro_Santa Cecília" }, "geometry": { "type": "Point", "coordinates": [ -46.6435508, -23.5367812 ] } },
{ "type": "Feature", "properties": { "CNPJ": "45576235000164", "IDCIDADE": "SAO_PAULO", "NOMEFANTASIA": "MOGILAC_MOVEIS", "RAZAOSOCIAL": "GABRIELLA_DUARTE_MEDEIROS_COMERCIO_DE_MOVEIS_LTDA", "ENDEE": "AVENIDA_SAO_JOAO1928__SANTA_CECILIA_01211-002", "LMAPS": "https://www.google.com/maps?q=&layer=c&cbll=-46.6508491,-23.536406", "O_QUE_FAZER": "CARTEIRA", "ER_REGIAO_CIDADE_min": "Capital Centro_Santa Cecília" }, "geometry": { "type": "Point", "coordinates": [ -46.6508491, -23.536406 ] } },
{ "type": "Feature", "properties": { "CNPJ": "63100895000156", "IDCIDADE": "SAO_PAULO", "NOMEFANTASIA": "O_MUSEU", "RAZAOSOCIAL": "COMERCIO_DE_MOVEIS_MARECHAL_LTDA", "ENDEE": "AVENIDA_SAO_JOAO2158__SANTA_CECILIA_01211-100", "LMAPS": "https://www.google.com/maps?q=&layer=c&cbll=-46.6527996,-23.5351917", "O_QUE_FAZER": "CARTEIRA", "ER_REGIAO_CIDADE_min": "Capital Centro_Santa Cecília" }, "geometry": { "type": "Point", "coordinates": [ -46.6527996, -23.5351917 ] } },
{ "type": "Feature", "properties": { "CNPJ": "22408559000198", "IDCIDADE": "SAO_PAULO", "NOMEFANTASIA": "GILDE_ELETRICA", "RAZAOSOCIAL": "GILDELETRICA_MATERIAIS_E_SERVICOS_LTDA", "ENDEE": "AVENIDA_SAO_JOAO2055__SANTA_CECILIA_01211-101", "LMAPS": "https://www.google.com/maps?q=&layer=c&cbll=-46.6518917,-23.5359378", "O_QUE_FAZER": "CARTEIRA", "ER_REGIAO_CIDADE_min": "Capital Centro_Santa Cecília" }, "geometry": { "type": "Point", "coordinates": [ -46.6518917, -23.5359378 ] } },
{ "type": "Feature", "properties": { "CNPJ": "10869088000136", "IDCIDADE": "SAO_PAULO", "NOMEFANTASIA": "ARTE_MOVEIS", "RAZAOSOCIAL": "LRS-COMERCIO_DE_MOVEIS_USADOS_LTDA", "ENDEE": "AVENIDA_SAO_JOAO2115__SANTA_CECILIA_01211-101", "LMAPS": "https://www.google.com/maps?q=&layer=c&cbll=-46.6526983,-23.535632", "O_QUE_FAZER": "CARTEIRA", "ER_REGIAO_CIDADE_min": "Capital Centro_Santa Cecília" }, "geometry": { "type": "Point", "coordinates": [ -46.6526983, -23.535632 ] } },
{ "type": "Feature", "properties": { "CNPJ": "24601412000145", "IDCIDADE": "SAO_PAULO", "NOMEFANTASIA": "TOPO_SOM", "RAZAOSOCIAL": "GUILHERME_BARROS_AGUIAR", "ENDEE": "AVENIDA_DUQUE_DE_CAXIAS185__SANTA_EFIGENIA_01214-000", "LMAPS": "https://www.google.com/maps?q=&layer=c&cbll=-46.6463435,-23.5398889", "O_QUE_FAZER": "CARTEIRA", "ER_REGIAO_CIDADE_min": "Capital Centro_Santa Cecília" }, "geometry": { "type": "Point", "coordinates": [ -46.6463435, -23.5398889 ] } },
{ "type": "Feature", "properties": { "CNPJ": "12231441000183", "IDCIDADE": "SAO_PAULO", "NOMEFANTASIA": "CARRESOM", "RAZAOSOCIAL": "CARRESOM_PECAS_E_ACESSORIOS_PARA_VEICULOS_LTDA", "ENDEE": "AVENIDA_DUQUE_DE_CAXIAS376__CAMPOS_ELISEOS_01214-000", "LMAPS": "https://www.google.com/maps?q=&layer=c&cbll=-46.6453417,-23.538385", "O_QUE_FAZER": "CARTEIRA", "ER_REGIAO_CIDADE_min": "Capital Centro_Santa Cecília" }, "geometry": { "type": "Point", "coordinates": [ -46.6453417, -23.538385 ] } },
{ "type": "Feature", "properties": { "CNPJ": "06258715000125", "IDCIDADE": "SAO_PAULO", "NOMEFANTASIA": "ALEX_CHAVEIRO", "RAZAOSOCIAL": "ALEX_SANDRO_MURADOR_NUNES_-_CHAVEIRO", "ENDEE": "AVENIDA_DUQUE_DE_CAXIAS90__SANTA_EFIGENIA_01214-000", "LMAPS": "https://www.google.com/maps?q=&layer=c&cbll=-46.6465675,-23.5406992", "O_QUE_FAZER": "CARTEIRA", "ER_REGIAO_CIDADE_min": "Capital Centro_Santa Cecília" }, "geometry": { "type": "Point", "coordinates": [ -46.6465675, -23.5406992 ] } },
{ "type": "Feature", "properties": { "CNPJ": "52823886000177", "IDCIDADE": "SAO_PAULO", "NOMEFANTASIA": "MERCADO_MARIA_E_JOSE", "RAZAOSOCIAL": "ATALAIA_S_BAR_DRINKS_E_DISTRIBUIDORA_DE_ALIMENTOS_LTDA", "ENDEE": "AVENIDA_DUQUE_DE_CAXIAS156__SANTA_EFIGENIA_01214-100", "LMAPS": "https://www.google.com/maps?q=&layer=c&cbll=-46.6471,-23.5407567", "O_QUE_FAZER": "CARTEIRA", "ER_REGIAO_CIDADE_min": "Capital Centro_Santa Cecília" }, "geometry": { "type": "Point", "coordinates": [ -46.6471, -23.5407567 ] } },
{ "type": "Feature", "properties": { "CNPJ": "43155142000130", "IDCIDADE": "SAO_PAULO", "NOMEFANTASIA": "PASTELARIA_TAN", "RAZAOSOCIAL": "PASTELARIA_TAN_LTDA", "ENDEE": "AVENIDA_DUQUE_DE_CAXIAS172__CAMPOS_ELISEOS_01214-100", "LMAPS": "https://www.google.com/maps?q=&layer=c&cbll=-46.6464414,-23.5399744", "O_QUE_FAZER": "CARTEIRA", "ER_REGIAO_CIDADE_min": "Capital Centro_Santa Cecília" }, "geometry": { "type": "Point", "coordinates": [ -46.6464414, -23.5399744 ] } },
{ "type": "Feature", "properties": { "CNPJ": "03108878000133", "IDCIDADE": "SAO_PAULO", "NOMEFANTASIA": "FEIJAO_DA_DUQUE", "RAZAOSOCIAL": "FEIJAO_DA_DUQUE_LTDA", "ENDEE": "AVENIDA_DUQUE_DE_CAXIAS371__CAMPOS_ELISEOS_01214-100", "LMAPS": "https://www.google.com/maps?q=&layer=c&cbll=-46.6455246,-23.5385006", "O_QUE_FAZER": "CARTEIRA", "ER_REGIAO_CIDADE_min": "Capital Centro_Santa Cecília" }, "geometry": { "type": "Point", "coordinates": [ -46.6455246, -23.5385006 ] } },
{ "type": "Feature", "properties": { "CNPJ": "29354125000100", "IDCIDADE": "SAO_PAULO", "NOMEFANTASIA": "RRM_SOM", "RAZAOSOCIAL": "DR_&_RJ_SOM_ACESSORIOS_LTDA", "ENDEE": "AVENIDA_DUQUE_DE_CAXIAS436__CAMPOS_ELISEOS_01214-100", "LMAPS": "https://www.google.com/maps?q=&layer=c&cbll=-46.6449083,-23.5381583", "O_QUE_FAZER": "CARTEIRA", "ER_REGIAO_CIDADE_min": "Capital Centro_Santa Cecília" }, "geometry": { "type": "Point", "coordinates": [ -46.6449083, -23.5381583 ] } },
{ "type": "Feature", "properties": { "CNPJ": "47411009000159", "IDCIDADE": "SAO_PAULO", "NOMEFANTASIA": "JR_KERO_SOUND", "RAZAOSOCIAL": "JR._KERO_SOUND_LTDA", "ENDEE": "AVENIDA_DUQUE_DE_CAXIAS477__CAMPOS_ELISEOS_01214-100", "LMAPS": "https://www.google.com/maps?q=&layer=c&cbll=-46.6446953,-23.5378913", "O_QUE_FAZER": "CARTEIRA", "ER_REGIAO_CIDADE_min": "Capital Centro_Santa Cecília" }, "geometry": { "type": "Point", "coordinates": [ -46.6446953, -23.5378913 ] } },
{ "type": "Feature", "properties": { "CNPJ": "41557415000148", "IDCIDADE": "SAO_PAULO", "NOMEFANTASIA": "RESTAURANTE_TERRACO_PORTINARI", "RAZAOSOCIAL": "SILVANA_APARECIDA_DOS_SANTOS_GARCIA", "ENDEE": "AVENIDA_DUQUE_DE_CAXIAS529__CAMPOS_ELISEOS_01214-100", "LMAPS": "https://www.google.com/maps?q=&layer=c&cbll=-46.6442754,-23.53755", "O_QUE_FAZER": "CARTEIRA", "ER_REGIAO_CIDADE_min": "Capital Centro_Santa Cecília" }, "geometry": { "type": "Point", "coordinates": [ -46.6442754, -23.53755 ] } },
{ "type": "Feature", "properties": { "CNPJ": "20380502000100", "IDCIDADE": "SAO_PAULO", "NOMEFANTASIA": "AUTO_TEC_CHAVES", "RAZAOSOCIAL": "JHONATAN_PEREIRA_DE_LIMA", "ENDEE": "AVENIDA_DUQUE_DE_CAXIAS563__CAMPOS_ELISEOS_01214-100", "LMAPS": "https://www.google.com/maps?q=&layer=c&cbll=-46.6439278,-23.5373885", "O_QUE_FAZER": "CARTEIRA", "ER_REGIAO_CIDADE_min": "Capital Centro_Santa Cecília" }, "geometry": { "type": "Point", "coordinates": [ -46.6439278, -23.5373885 ] } },
{ "type": "Feature", "properties": { "CNPJ": "00900735000171", "IDCIDADE": "SAO_PAULO", "NOMEFANTASIA": "ATLAS_ACESSORIOS", "RAZAOSOCIAL": "ATLAS_ACESSORIOS_AUTOMOTIVOS_LTDA", "ENDEE": "AVENIDA_DUQUE_DE_CAXIAS613__SANTA_EFIGENIA_01214-100", "LMAPS": "https://www.google.com/maps?q=&layer=c&cbll=-46.6432283,-23.5369617", "O_QUE_FAZER": "CARTEIRA", "ER_REGIAO_CIDADE_min": "Capital Centro_Santa Cecília" }, "geometry": { "type": "Point", "coordinates": [ -46.6432283, -23.5369617 ] } },
{ "type": "Feature", "properties": { "CNPJ": "50326043000130", "IDCIDADE": "SAO_PAULO", "NOMEFANTASIA": "COMERCIO_SCHNEIDER", "RAZAOSOCIAL": "COMERCIO_SCHNEIDER_LTDA", "ENDEE": "AVENIDA_DUQUE_DE_CAXIAS798__SANTA_EFIGENIA_01214-100", "LMAPS": "https://www.google.com/maps?q=&layer=c&cbll=-46.642338,-23.5364173", "O_QUE_FAZER": "CARTEIRA", "ER_REGIAO_CIDADE_min": "Capital Centro_Santa Cecília" }, "geometry": { "type": "Point", "coordinates": [ -46.642338, -23.5364173 ] } },
{ "type": "Feature", "properties": { "CNPJ": "06072646000160", "IDCIDADE": "SAO_PAULO", "NOMEFANTASIA": "DEPOSITO_REAL", "RAZAOSOCIAL": "DEPOSITO_REAL_MATERIAL_PARA_CONSTRUCAO_LTDA", "ENDEE": "AVENIDA_DUQUE_DE_CAXIAS830__SANTA_EFIGENIA_01214-100", "LMAPS": "https://www.google.com/maps?q=&layer=c&cbll=-46.6419257,-23.5360116", "O_QUE_FAZER": "CARTEIRA", "ER_REGIAO_CIDADE_min": "Capital Centro_Santa Cecília" }, "geometry": { "type": "Point", "coordinates": [ -46.6419257, -23.5360116 ] } },
{ "type": "Feature", "properties": { "CNPJ": "68958776000152", "IDCIDADE": "SAO_PAULO", "NOMEFANTASIA": "ZEZAO_SOM", "RAZAOSOCIAL": "RADIO_GAMA_SOM_LTDA", "ENDEE": "AVENIDA_DUQUE_DE_CAXIAS833__SANTA_EFIGENIA_01214-100", "LMAPS": "https://www.google.com/maps?q=&layer=c&cbll=-46.6417331,-23.5358257", "O_QUE_FAZER": "CARTEIRA", "ER_REGIAO_CIDADE_min": "Capital Centro_Santa Cecília" }, "geometry": { "type": "Point", "coordinates": [ -46.6417331, -23.5358257 ] } },
{ "type": "Feature", "properties": { "CNPJ": "23486296000106", "IDCIDADE": "SAO_PAULO", "NOMEFANTASIA": "RENNOV", "RAZAOSOCIAL": "J._HENRIQUE_DE_AGUIAR_SOM_&_ACESSORIOS", "ENDEE": "AVENIDA_DUQUE_DE_CAXIAS84__SANTA_EFIGENIA_01214-100", "LMAPS": "https://www.google.com/maps?q=&layer=c&cbll=-46.6467375,-23.5407916", "O_QUE_FAZER": "CARTEIRA", "ER_REGIAO_CIDADE_min": "Capital Centro_Santa Cecília" }, "geometry": { "type": "Point", "coordinates": [ -46.6467375, -23.5407916 ] } },
{ "type": "Feature", "properties": { "CNPJ": "54408455000170", "IDCIDADE": "SAO_PAULO", "NOMEFANTASIA": "CONECTRON", "RAZAOSOCIAL": "CONECTRON_CONEXOES_INDUSTRIAIS_LTDA", "ENDEE": "AVENIDA_DUQUE_DE_CAXIAS853__SANTA_EFIGENIA_01214-100", "LMAPS": "https://www.google.com/maps?q=&layer=c&cbll=-46.6417203,-23.5358488", "O_QUE_FAZER": "CARTEIRA", "ER_REGIAO_CIDADE_min": "Capital Centro_Santa Cecília" }, "geometry": { "type": "Point", "coordinates": [ -46.6417203, -23.5358488 ] } },
{ "type": "Feature", "properties": { "CNPJ": "61101937000148", "IDCIDADE": "SAO_PAULO", "NOMEFANTASIA": "HOTEL_MINHO", "RAZAOSOCIAL": "HOTEL_MINHO_LTDA", "ENDEE": "AVENIDA_DUQUE_DE_CAXIAS888__SANTA_EFIGENIA_01214-100", "LMAPS": "https://www.google.com/maps?q=&layer=c&cbll=-46.641758,-23.5356924", "O_QUE_FAZER": "CARTEIRA", "ER_REGIAO_CIDADE_min": "Capital Centro_Santa Cecília" }, "geometry": { "type": "Point", "coordinates": [ -46.641758, -23.5356924 ] } },
{ "type": "Feature", "properties": { "CNPJ": "67022061000120", "IDCIDADE": "SAO_PAULO", "NOMEFANTASIA": "A_CASA_DA_MUSICA", "RAZAOSOCIAL": "A_CASA_DA_MUSICA_ENTRETENIMENTO_LTDA", "ENDEE": "AVENIDA_DUQUE_DE_CAXIAS89__SANTA_EFIGENIA_01214-100", "LMAPS": "https://www.google.com/maps?q=&layer=c&cbll=-46.6467186,-23.5406372", "O_QUE_FAZER": "CARTEIRA", "ER_REGIAO_CIDADE_min": "Capital Centro_Santa Cecília" }, "geometry": { "type": "Point", "coordinates": [ -46.6467186, -23.5406372 ] } },
{ "type": "Feature", "properties": { "CNPJ": "71909279000179", "IDCIDADE": "SAO_PAULO", "NOMEFANTASIA": "RESSU_GAS", "RAZAOSOCIAL": "RESSU-LAR_DISTRIBUIDORA_DE_FOGOES_PECAS_FERRAGENS_E_FERRAMENTAS_LTDA", "ENDEE": "ALAMEDA_GLETE1024__CAMPOS_ELISEOS_01215-000", "LMAPS": "https://www.google.com/maps?q=&layer=c&cbll=-46.6502847,-23.5373179", "O_QUE_FAZER": "CARTEIRA", "ER_REGIAO_CIDADE_min": "Capital Centro_Santa Cecília" }, "geometry": { "type": "Point", "coordinates": [ -46.6502847, -23.5373179 ] } },
{ "type": "Feature", "properties": { "CNPJ": "12838704000117", "IDCIDADE": "SAO_PAULO", "NOMEFANTASIA": "CNA", "RAZAOSOCIAL": "IMPERATOR_ENSINO_DE_IDIOMAS_LTDA", "ENDEE": "ALAMEDA_GLETE1031__CAMPOS_ELISEOS_01215-000", "LMAPS": "https://www.google.com/maps?q=&layer=c&cbll=-46.6502887,-23.5375138", "O_QUE_FAZER": "CARTEIRA", "ER_REGIAO_CIDADE_min": "Capital Centro_Santa Cecília" }, "geometry": { "type": "Point", "coordinates": [ -46.6502887, -23.5375138 ] } },
{ "type": "Feature", "properties": { "CNPJ": "11515436000130", "IDCIDADE": "SAO_PAULO", "NOMEFANTASIA": "BLUE_AR", "RAZAOSOCIAL": "BLUE_AR_COMERCIO_E_SERVICOS_DE_MANUTENCAO_E_INSTALACAO_DE_AR_CONDICIONADO_LTDA", "ENDEE": "ALAMEDA_GLETE557__CAMPOS_ELISEOS_01215-000", "LMAPS": "https://www.google.com/maps?q=&layer=c&cbll=-46.6464033,-23.5349947", "O_QUE_FAZER": "CARTEIRA", "ER_REGIAO_CIDADE_min": "Capital Centro_Santa Cecília" }, "geometry": { "type": "Point", "coordinates": [ -46.6464033, -23.5349947 ] } },
{ "type": "Feature", "properties": { "CNPJ": "41985365000108", "IDCIDADE": "SAO_PAULO", "NOMEFANTASIA": "FRIGGA", "RAZAOSOCIAL": "FRIGGA_REFRIGERACAO_E_AR_CONDICIONADO_LTDA", "ENDEE": "ALAMEDA_GLETE663__CAMPOS_ELISEOS_01215-000", "LMAPS": "https://www.google.com/maps?q=&layer=c&cbll=-46.6473756,-23.5354731", "O_QUE_FAZER": "CARTEIRA", "ER_REGIAO_CIDADE_min": "Capital Centro_Santa Cecília" }, "geometry": { "type": "Point", "coordinates": [ -46.6473756, -23.5354731 ] } },
{ "type": "Feature", "properties": { "CNPJ": "26316185000131", "IDCIDADE": "SAO_PAULO", "NOMEFANTASIA": "DS_FRIO", "RAZAOSOCIAL": "DSFRIO_REFRIGERACAO_LTDA", "ENDEE": "ALAMEDA_GLETE740__CAMPOS_ELISEOS_01215-000", "LMAPS": "https://www.google.com/maps?q=&layer=c&cbll=-46.64784,-23.5359833", "O_QUE_FAZER": "CARTEIRA", "ER_REGIAO_CIDADE_min": "Capital Centro_Santa Cecília" }, "geometry": { "type": "Point", "coordinates": [ -46.64784, -23.5359833 ] } },
{ "type": "Feature", "properties": { "CNPJ": "32431798000112", "IDCIDADE": "SAO_PAULO", "NOMEFANTASIA": "REFRIGERACAO_MARECHAL", "RAZAOSOCIAL": "MCHL_SERVICOS_DE_REFRIGERACAO_LTDA", "ENDEE": "ALAMEDA_GLETE778__CAMPOS_ELISEOS_01215-000", "LMAPS": "https://www.google.com/maps?q=&layer=c&cbll=-46.6481667,-23.53621", "O_QUE_FAZER": "CARTEIRA", "ER_REGIAO_CIDADE_min": "Capital Centro_Santa Cecília" }, "geometry": { "type": "Point", "coordinates": [ -46.6481667, -23.53621 ] } },
{ "type": "Feature", "properties": { "CNPJ": "62080924000100", "IDCIDADE": "SAO_PAULO", "NOMEFANTASIA": "NOBRELAR", "RAZAOSOCIAL": "DNP_DISTRIBUIDORA_NOBRELAR_DE_PECAS_LTDA", "ENDEE": "ALAMEDA_GLETE822__CAMPOS_ELISEOS_01215-000", "LMAPS": "https://www.google.com/maps?q=&layer=c&cbll=-46.6487383,-23.5366233", "O_QUE_FAZER": "CARTEIRA", "ER_REGIAO_CIDADE_min": "Capital Centro_Santa Cecília" }, "geometry": { "type": "Point", "coordinates": [ -46.6487383, -23.5366233 ] } },
{ "type": "Feature", "properties": { "CNPJ": "08585577000114", "IDCIDADE": "SAO_PAULO", "NOMEFANTASIA": "URSO_BRANCO", "RAZAOSOCIAL": "LELES_CRISTIANE_CATUNA", "ENDEE": "ALAMEDA_GLETE850__CAMPOS_ELISEOS_01215-000", "LMAPS": "https://www.google.com/maps?q=&layer=c&cbll=-46.6488883,-23.5364767", "O_QUE_FAZER": "CARTEIRA", "ER_REGIAO_CIDADE_min": "Capital Centro_Santa Cecília" }, "geometry": { "type": "Point", "coordinates": [ -46.6488883, -23.5364767 ] } },
{ "type": "Feature", "properties": { "CNPJ": "14288458000100", "IDCIDADE": "SAO_PAULO", "NOMEFANTASIA": "PCICOM", "RAZAOSOCIAL": "PCI-CON_LTDA", "ENDEE": "ALAMEDA_GLETE920__CAMPOS_ELISEOS_01215-000", "LMAPS": "https://www.google.com/maps?q=&layer=c&cbll=-46.649445,-23.5368133", "O_QUE_FAZER": "CARTEIRA", "ER_REGIAO_CIDADE_min": "Capital Centro_Santa Cecília" }, "geometry": { "type": "Point", "coordinates": [ -46.649445, -23.5368133 ] } },
{ "type": "Feature", "properties": { "CNPJ": "21101219000157", "IDCIDADE": "SAO_PAULO", "NOMEFANTASIA": "LANCHONETE_PRINCESA_DO_NORDESTE", "RAZAOSOCIAL": "LANCHONETE_PRINCESA_DO_NORDESTE_LTDA", "ENDEE": "ALAMEDA_GLETE1008__CAMPOS_ELISEOS_01215-001", "LMAPS": "https://www.google.com/maps?q=&layer=c&cbll=-46.6502117,-23.5371667", "O_QUE_FAZER": "CARTEIRA", "ER_REGIAO_CIDADE_min": "Capital Centro_Santa Cecília" }, "geometry": { "type": "Point", "coordinates": [ -46.6502117, -23.5371667 ] } },
{ "type": "Feature", "properties": { "CNPJ": "38294695000134", "IDCIDADE": "SAO_PAULO", "NOMEFANTASIA": "PADARIA_PAO_&_PAO", "RAZAOSOCIAL": "SCARLET_RODRIGUES_AZEVEDO_MERCEARIA", "ENDEE": "RUA_HELVETIA236__CAMPOS_ELISEOS_01215-010", "LMAPS": "https://www.google.com/maps?q=&layer=c&cbll=-46.6431803,-23.5342449", "O_QUE_FAZER": "CARTEIRA", "ER_REGIAO_CIDADE_min": "Capital Centro_Santa Cecília" }, "geometry": { "type": "Point", "coordinates": [ -46.6431803, -23.5342449 ] } },
{ "type": "Feature", "properties": { "CNPJ": "46523445000157", "IDCIDADE": "SAO_PAULO", "NOMEFANTASIA": "MIAMI_CENTER_CAR", "RAZAOSOCIAL": "MIAMI_CENTER_CAR_COMERCIO_DE_VEICULOS_LTDA", "ENDEE": "RUA_HELVETIA467__CAMPOS_ELISEOS_01215-010", "LMAPS": "https://www.google.com/maps?q=&layer=c&cbll=-46.644874,-23.5356584", "O_QUE_FAZER": "CARTEIRA", "ER_REGIAO_CIDADE_min": "Capital Centro_Santa Cecília" }, "geometry": { "type": "Point", "coordinates": [ -46.644874, -23.5356584 ] } },
{ "type": "Feature", "properties": { "CNPJ": "55538409000158", "IDCIDADE": "SAO_PAULO", "NOMEFANTASIA": "RN_OFICINA", "RAZAOSOCIAL": "AUTO_FUNILARIA_E_PINTURA_MATHIAS_LTDA", "ENDEE": "RUA_HELVETIA468__CAMPOS_ELISEOS_01215-010", "LMAPS": "https://www.google.com/maps?q=&layer=c&cbll=-46.6451046,-23.5354016", "O_QUE_FAZER": "CARTEIRA", "ER_REGIAO_CIDADE_min": "Capital Centro_Santa Cecília" }, "geometry": { "type": "Point", "coordinates": [ -46.6451046, -23.5354016 ] } },
{ "type": "Feature", "properties": { "CNPJ": "36552887000178", "IDCIDADE": "SAO_PAULO", "NOMEFANTASIA": "NOVA_MARQUES_MECANICA_ESPECIALIZADA", "RAZAOSOCIAL": "NOVA_MARQUES_MECANICA_LTDA", "ENDEE": "RUA_HELVETIA485__CAMPOS_ELISEOS_01215-010", "LMAPS": "https://www.google.com/maps?q=&layer=c&cbll=-46.6451947,-23.5355196", "O_QUE_FAZER": "CARTEIRA", "ER_REGIAO_CIDADE_min": "Capital Centro_Santa Cecília" }, "geometry": { "type": "Point", "coordinates": [ -46.6451947, -23.5355196 ] } },
{ "type": "Feature", "properties": { "CNPJ": "48831542000132", "IDCIDADE": "SAO_PAULO", "NOMEFANTASIA": "DOM_DE_ELITE_OFICINA_MECANICA", "RAZAOSOCIAL": "DOM_DE_ELITE_OFICINA_MECANICA_LTDA", "ENDEE": "RUA_HELVETIA586__CAMPOS_ELISEOS_01215-010", "LMAPS": "https://www.google.com/maps?q=&layer=c&cbll=-46.6453093,-23.5355246", "O_QUE_FAZER": "CARTEIRA", "ER_REGIAO_CIDADE_min": "Capital Centro_Santa Cecília" }, "geometry": { "type": "Point", "coordinates": [ -46.6453093, -23.5355246 ] } },
{ "type": "Feature", "properties": { "CNPJ": "01289049000179", "IDCIDADE": "SAO_PAULO", "NOMEFANTASIA": "METROPOLIS_HOTEL", "RAZAOSOCIAL": "HOTEL_METROPOLIS_LTDA", "ENDEE": "RUA_HELVETIA973__CAMPOS_ELISEOS_01215-010", "LMAPS": "https://www.google.com/maps?q=&layer=c&cbll=-46.6491826,-23.5379653", "O_QUE_FAZER": "CARTEIRA", "ER_REGIAO_CIDADE_min": "Capital Centro_Santa Cecília" }, "geometry": { "type": "Point", "coordinates": [ -46.6491826, -23.5379653 ] } },
{ "type": "Feature", "properties": { "CNPJ": "20210691000165", "IDCIDADE": "SAO_PAULO", "NOMEFANTASIA": "JORGE_PARK", "RAZAOSOCIAL": "JORGE_PARK_SERVICOS_ADMINISTRATIVOS_LTDA", "ENDEE": "RUA_HELVETIA990__CAMPOS_ELISEOS_01215-010", "LMAPS": "https://www.google.com/maps?q=&layer=c&cbll=-46.6493104,-23.5379895", "O_QUE_FAZER": "CARTEIRA", "ER_REGIAO_CIDADE_min": "Capital Centro_Santa Cecília" }, "geometry": { "type": "Point", "coordinates": [ -46.6493104, -23.5379895 ] } },
{ "type": "Feature", "properties": { "CNPJ": "12382372000109", "IDCIDADE": "SAO_PAULO", "NOMEFANTASIA": "HP_AR_CONDICIONADO", "RAZAOSOCIAL": "HP._AR_CONDICIONADO_E_REFRIGERACAO_LTDA", "ENDEE": "ALAMEDA_NOTHMANN1017__CAMPOS_ELISEOS_01216-000", "LMAPS": "https://www.google.com/maps?q=&layer=c&cbll=-46.6502796,-23.5351644", "O_QUE_FAZER": "CARTEIRA", "ER_REGIAO_CIDADE_min": "Capital Centro_Santa Cecília" }, "geometry": { "type": "Point", "coordinates": [ -46.6502796, -23.5351644 ] } },
{ "type": "Feature", "properties": { "CNPJ": "12982857000133", "IDCIDADE": "SAO_PAULO", "NOMEFANTASIA": "SSD_SERRALHERIA", "RAZAOSOCIAL": "S.S.D_SERVICOS_DE_SERRALHERIA_LTDA", "ENDEE": "ALAMEDA_NOTHMANN1053__CAMPOS_ELISEOS_01216-000", "LMAPS": "https://www.google.com/maps?q=&layer=c&cbll=-46.65029,-23.5353867", "O_QUE_FAZER": "CARTEIRA", "ER_REGIAO_CIDADE_min": "Capital Centro_Santa Cecília" }, "geometry": { "type": "Point", "coordinates": [ -46.65029, -23.5353867 ] } },
{ "type": "Feature", "properties": { "CNPJ": "37118808000188", "IDCIDADE": "SAO_PAULO", "NOMEFANTASIA": "ARMAZEM_DO_CAMPO", "RAZAOSOCIAL": "COMERCIO_DE_ALIMENTOS_CAMPONES_LTDA", "ENDEE": "ALAMEDA_NOTHMANN206__CAMPOS_ELISEOS_01216-000", "LMAPS": "https://www.google.com/maps?q=&layer=c&cbll=-46.6488081,-23.5339005", "O_QUE_FAZER": "CARTEIRA", "ER_REGIAO_CIDADE_min": "Capital Centro_Santa Cecília" }, "geometry": { "type": "Point", "coordinates": [ -46.6488081, -23.5339005 ] } },
{ "type": "Feature", "properties": { "CNPJ": "04218643000167", "IDCIDADE": "SAO_PAULO", "NOMEFANTASIA": "272_CENTRO_AUTOMOTIVO", "RAZAOSOCIAL": "272_-_CENTRO_AUTOMOTIVO_LTDA", "ENDEE": "ALAMEDA_NOTHMANN278__CAMPOS_ELISEOS_01216-000", "LMAPS": "https://www.google.com/maps?q=&layer=c&cbll=-46.6443343,-23.5313692", "O_QUE_FAZER": "CARTEIRA", "ER_REGIAO_CIDADE_min": "Capital Centro_Santa Cecília" }, "geometry": { "type": "Point", "coordinates": [ -46.6443343, -23.5313692 ] } },
{ "type": "Feature", "properties": { "CNPJ": "14632259000160", "IDCIDADE": "SAO_PAULO", "NOMEFANTASIA": "ROSY_MERCADO", "RAZAOSOCIAL": "ROSY_MERCADO_E_COMERCIO_LTDA", "ENDEE": "ALAMEDA_NOTHMANN389__CAMPOS_ELISEOS_01216-000", "LMAPS": "https://www.google.com/maps?q=&layer=c&cbll=-46.6451217,-23.53215", "O_QUE_FAZER": "CARTEIRA", "ER_REGIAO_CIDADE_min": "Capital Centro_Santa Cecília" }, "geometry": { "type": "Point", "coordinates": [ -46.6451217, -23.53215 ] } },
{ "type": "Feature", "properties": { "CNPJ": "48916324000109", "IDCIDADE": "SAO_PAULO", "NOMEFANTASIA": "BAR_E_LANCHES_FORMIGAO", "RAZAOSOCIAL": "LANCHONETE_FORMIGAO_LTDA", "ENDEE": "ALAMEDA_NOTHMANN417__CAMPOS_ELISEOS_01216-000", "LMAPS": "https://www.google.com/maps?q=&layer=c&cbll=-46.6455133,-23.532475", "O_QUE_FAZER": "CARTEIRA", "ER_REGIAO_CIDADE_min": "Capital Centro_Santa Cecília" }, "geometry": { "type": "Point", "coordinates": [ -46.6455133, -23.532475 ] } },
{ "type": "Feature", "properties": { "CNPJ": "53793967000134", "IDCIDADE": "SAO_PAULO", "NOMEFANTASIA": "FLOR_DE_SAL_GASTRONOMIA", "RAZAOSOCIAL": "ESPACO_GOURMET_FLOR_DE_SAL_LTDA", "ENDEE": "ALAMEDA_NOTHMANN581__CAMPOS_ELISEOS_01216-000", "LMAPS": "https://www.google.com/maps?q=&layer=c&cbll=-46.646678,-23.532905", "O_QUE_FAZER": "CARTEIRA", "ER_REGIAO_CIDADE_min": "Capital Centro_Santa Cecília" }, "geometry": { "type": "Point", "coordinates": [ -46.646678, -23.532905 ] } },
{ "type": "Feature", "properties": { "CNPJ": "61426573000176", "IDCIDADE": "SAO_PAULO", "NOMEFANTASIA": "AUTO_HELIO", "RAZAOSOCIAL": "AUTO_ELETRICO_HELIO_LTDA", "ENDEE": "ALAMEDA_NOTHMANN621__CAMPOS_ELISEOS_01216-000", "LMAPS": "https://www.google.com/maps?q=&layer=c&cbll=-46.6470829,-23.5332182", "O_QUE_FAZER": "CARTEIRA", "ER_REGIAO_CIDADE_min": "Capital Centro_Santa Cecília" }, "geometry": { "type": "Point", "coordinates": [ -46.6470829, -23.5332182 ] } },
{ "type": "Feature", "properties": { "CNPJ": "11268401000143", "IDCIDADE": "SAO_PAULO", "NOMEFANTASIA": "RESTAURANTE_KATARINA", "RAZAOSOCIAL": "SUL_GRUPO_ALIMENTOS_LTDA", "ENDEE": "ALAMEDA_NOTHMANN682__CAMPOS_ELISEOS_01216-000", "LMAPS": "https://www.google.com/maps?q=&layer=c&cbll=-46.647671,-23.5332799", "O_QUE_FAZER": "CARTEIRA", "ER_REGIAO_CIDADE_min": "Capital Centro_Santa Cecília" }, "geometry": { "type": "Point", "coordinates": [ -46.647671, -23.5332799 ] } },
{ "type": "Feature", "properties": { "CNPJ": "01004442001140", "IDCIDADE": "SAO_PAULO", "NOMEFANTASIA": "SCALA_PARK", "RAZAOSOCIAL": "GUIMIL_&_SCALA_ESTACIONAMENTO_LTDA", "ENDEE": "ALAMEDA_NOTHMANN683__CAMPOS_ELISEOS_01216-000", "LMAPS": "https://www.google.com/maps?q=&layer=c&cbll=-46.6475998,-23.5334543", "O_QUE_FAZER": "CARTEIRA", "ER_REGIAO_CIDADE_min": "Capital Centro_Santa Cecília" }, "geometry": { "type": "Point", "coordinates": [ -46.6475998, -23.5334543 ] } },
{ "type": "Feature", "properties": { "CNPJ": "03048166000176", "IDCIDADE": "SAO_PAULO", "NOMEFANTASIA": "LIVRARIA_EXPRESSAO_POPULAR", "RAZAOSOCIAL": "EDITORA_EXPRESSAO_POPULAR_LTDA", "ENDEE": "ALAMEDA_NOTHMANN806__CAMPOS_ELISEOS_01216-000", "LMAPS": "https://www.google.com/maps?q=&layer=c&cbll=-46.6488086,-23.5338971", "O_QUE_FAZER": "CARTEIRA", "ER_REGIAO_CIDADE_min": "Capital Centro_Santa Cecília" }, "geometry": { "type": "Point", "coordinates": [ -46.6488086, -23.5338971 ] } },
{ "type": "Feature", "properties": { "CNPJ": "22553987000104", "IDCIDADE": "SAO_PAULO", "NOMEFANTASIA": "CUNHA_ADMINISTRACAO_DE_IMOVEIS", "RAZAOSOCIAL": "CUNHA_ADMINISTRACAO_DE_IMOVEIS_LTDA", "ENDEE": "ALAMEDA_NOTHMANN897__CAMPOS_ELISEOS_01216-000", "LMAPS": "https://www.google.com/maps?q=&layer=c&cbll=-46.6492825,-23.5345928", "O_QUE_FAZER": "CARTEIRA", "ER_REGIAO_CIDADE_min": "Capital Centro_Santa Cecília" }, "geometry": { "type": "Point", "coordinates": [ -46.6492825, -23.5345928 ] } },
{ "type": "Feature", "properties": { "CNPJ": "12539899000102", "IDCIDADE": "SAO_PAULO", "NOMEFANTASIA": "LEAR_AR_CONDICIONADO", "RAZAOSOCIAL": "LEAR_CONDICIONADORES_DE_AR_LTDA", "ENDEE": "ALAMEDA_NOTHMANN909__CAMPOS_ELISEOS_01216-000", "LMAPS": "https://www.google.com/maps?q=&layer=c&cbll=-46.6494052,-23.5346832", "O_QUE_FAZER": "CARTEIRA", "ER_REGIAO_CIDADE_min": "Capital Centro_Santa Cecília" }, "geometry": { "type": "Point", "coordinates": [ -46.6494052, -23.5346832 ] } },
{ "type": "Feature", "properties": { "CNPJ": "32974100000105", "IDCIDADE": "SAO_PAULO", "NOMEFANTASIA": "GNTEC", "RAZAOSOCIAL": "GNTEC_ASSISTENCIA", "ENDEE": "ALAMEDA_NOTHMANN914__CAMPOS_ELISEOS_01216-000", "LMAPS": "https://www.google.com/maps?q=&layer=c&cbll=-46.6494307,-23.5345927", "O_QUE_FAZER": "CARTEIRA", "ER_REGIAO_CIDADE_min": "Capital Centro_Santa Cecília" }, "geometry": { "type": "Point", "coordinates": [ -46.6494307, -23.5345927 ] } },
{ "type": "Feature", "properties": { "CNPJ": "35662748000134", "IDCIDADE": "SAO_PAULO", "NOMEFANTASIA": "HVAC_ELETRONIC", "RAZAOSOCIAL": "HVAC_ELECTRONIC_LTDA", "ENDEE": "ALAMEDA_NOTHMANN933__CAMPOS_ELISEOS_01216-000", "LMAPS": "https://www.google.com/maps?q=&layer=c&cbll=-46.6489245,-23.5349655", "O_QUE_FAZER": "CARTEIRA", "ER_REGIAO_CIDADE_min": "Capital Centro_Santa Cecília" }, "geometry": { "type": "Point", "coordinates": [ -46.6489245, -23.5349655 ] } },
{ "type": "Feature", "properties": { "CNPJ": "37376252000120", "IDCIDADE": "SAO_PAULO", "NOMEFANTASIA": "CENTRAL_DO_RASPADOR", "RAZAOSOCIAL": "CENTRAL_DO_RASPADOR_LTDA", "ENDEE": "ALAMEDA_NOTHMANN1162__CAMPOS_ELISEOS_01216-001", "LMAPS": "https://www.google.com/maps?q=&layer=c&cbll=-46.6516852,-23.5356049", "O_QUE_FAZER": "CARTEIRA", "ER_REGIAO_CIDADE_min": "Capital Centro_Santa Cecília" }, "geometry": { "type": "Point", "coordinates": [ -46.6516852, -23.5356049 ] } },
{ "type": "Feature", "properties": { "CNPJ": "16785127000101", "IDCIDADE": "SAO_PAULO", "NOMEFANTASIA": "HOTEL_MUSIC_AND_SPORTS", "RAZAOSOCIAL": "JCB_TUR_VIAGENS_E_HOSPEDAGENS_LTDA", "ENDEE": "ALAMEDA_NOTHMANN1218__CAMPOS_ELISEOS_01216-001", "LMAPS": "https://www.google.com/maps?q=&layer=c&cbll=-46.6519439,-23.5362236", "O_QUE_FAZER": "CARTEIRA", "ER_REGIAO_CIDADE_min": "Capital Centro_Santa Cecília" }, "geometry": { "type": "Point", "coordinates": [ -46.6519439, -23.5362236 ] } },
{ "type": "Feature", "properties": { "CNPJ": "24867096000158", "IDCIDADE": "SAO_PAULO", "NOMEFANTASIA": "CASA_DO_NORTE_MINAS", "RAZAOSOCIAL": "CASA_DO_NORTE_MINAS_NOTHMAN_COMERCIO_DE_CEREAIS_UNIPESSOAL_LTDA", "ENDEE": "ALAMEDA_NOTHMANN1231__CAMPOS_ELISEOS_01216-001", "LMAPS": "https://www.google.com/maps?q=&layer=c&cbll=-46.6519564,-23.5363169", "O_QUE_FAZER": "CARTEIRA", "ER_REGIAO_CIDADE_min": "Capital Centro_Santa Cecília" }, "geometry": { "type": "Point", "coordinates": [ -46.6519564, -23.5363169 ] } },
{ "type": "Feature", "properties": { "CNPJ": "09352885000162", "IDCIDADE": "SAO_PAULO", "NOMEFANTASIA": "JOIA_CABELEREIROS", "RAZAOSOCIAL": "JOILSON_PEREIRA_DE_JESUS", "ENDEE": "ALAMEDA_NOTHMANN910__CAMPOS_ELISEOS_01216-001", "LMAPS": "https://www.google.com/maps?q=&layer=c&cbll=-46.6494218,-23.5346179", "O_QUE_FAZER": "CARTEIRA", "ER_REGIAO_CIDADE_min": "Capital Centro_Santa Cecília" }, "geometry": { "type": "Point", "coordinates": [ -46.6494218, -23.5346179 ] } },
{ "type": "Feature", "properties": { "CNPJ": "32274965000169", "IDCIDADE": "SAO_PAULO", "NOMEFANTASIA": "BAR_E_LANCHES_BARAO_DE_PARANAPIACABA", "RAZAOSOCIAL": "BAR_E_LANCHES_BARAO_DE_PIRACICABA_LTDA", "ENDEE": "ALAMEDA_BARAO_DE_PIRACICABA555__CAMPOS_ELISEOS_01216-011", "LMAPS": "https://www.google.com/maps?q=&layer=c&cbll=-46.6447113,-23.531626", "O_QUE_FAZER": "CARTEIRA", "ER_REGIAO_CIDADE_min": "Capital Centro_Santa Cecília" }, "geometry": { "type": "Point", "coordinates": [ -46.6447113, -23.531626 ] } },
{ "type": "Feature", "properties": { "CNPJ": "34469004000135", "IDCIDADE": "SAO_PAULO", "NOMEFANTASIA": "DOCES_PIRTO", "RAZAOSOCIAL": "DOCES_PORTO_LATICINIOS_EM_GERAL_LTDA", "ENDEE": "ALAMEDA_RIBEIRO_DA_SILVA264__CAMPOS_ELISEOS_01217-010", "LMAPS": "https://www.google.com/maps?q=&layer=c&cbll=-46.6462456,-23.5303877", "O_QUE_FAZER": "CARTEIRA", "ER_REGIAO_CIDADE_min": "Capital Centro_Santa Cecília" }, "geometry": { "type": "Point", "coordinates": [ -46.6462456, -23.5303877 ] } },
{ "type": "Feature", "properties": { "CNPJ": "35458779000178", "IDCIDADE": "SAO_PAULO", "NOMEFANTASIA": "EMPORIO_PORTO", "RAZAOSOCIAL": "EMPORIO_PORTO_LTDA", "ENDEE": "ALAMEDA_RIBEIRO_DA_SILVA264__CAMPOS_ELISEOS_01217-010", "LMAPS": "https://www.google.com/maps?q=&layer=c&cbll=-46.646223,-23.5304869", "O_QUE_FAZER": "CARTEIRA", "ER_REGIAO_CIDADE_min": "Capital Centro_Santa Cecília" }, "geometry": { "type": "Point", "coordinates": [ -46.646223, -23.5304869 ] } },
{ "type": "Feature", "properties": { "CNPJ": "57882294000140", "IDCIDADE": "SAO_PAULO", "NOMEFANTASIA": "BEM_ESTAR_ESTETICA_E_BELEZA", "RAZAOSOCIAL": "STUDIO_GONCALVES_&_VICENTIN_LTDA", "ENDEE": "ALAMEDA_RIBEIRO_DA_SILVA270__CAMPOS_ELISEOS_01217-010", "LMAPS": "https://www.google.com/maps?q=&layer=c&cbll=-46.6461907,-23.530545", "O_QUE_FAZER": "CARTEIRA", "ER_REGIAO_CIDADE_min": "Capital Centro_Santa Cecília" }, "geometry": { "type": "Point", "coordinates": [ -46.6461907, -23.530545 ] } },
{ "type": "Feature", "properties": { "CNPJ": "23300123000143", "IDCIDADE": "SAO_PAULO", "NOMEFANTASIA": "CAFE_PIRTO", "RAZAOSOCIAL": "CAFETERIA_PORTO_LTDA", "ENDEE": "ALAMEDA_RIBEIRO_DA_SILVA300__CAMPOS_ELISEOS_01217-010", "LMAPS": "https://www.google.com/maps?q=&layer=c&cbll=-46.6463369,-23.5306228", "O_QUE_FAZER": "CARTEIRA", "ER_REGIAO_CIDADE_min": "Capital Centro_Santa Cecília" }, "geometry": { "type": "Point", "coordinates": [ -46.6463369, -23.5306228 ] } },
{ "type": "Feature", "properties": { "CNPJ": "17902246000151", "IDCIDADE": "SAO_PAULO", "NOMEFANTASIA": "REMAX_NOVA_ESPERANCA", "RAZAOSOCIAL": "NOVA_ESPERANCA_IMOVEIS_LTDA", "ENDEE": "ALAMEDA_RIBEIRO_DA_SILVA580__CAMPOS_ELISEOS_01217-010", "LMAPS": "https://www.google.com/maps?q=&layer=c&cbll=-46.6486733,-23.5321683", "O_QUE_FAZER": "CARTEIRA", "ER_REGIAO_CIDADE_min": "Capital Centro_Santa Cecília" }, "geometry": { "type": "Point", "coordinates": [ -46.6486733, -23.5321683 ] } },
{ "type": "Feature", "properties": { "CNPJ": "37836948000191", "IDCIDADE": "SAO_PAULO", "NOMEFANTASIA": "PET_SUPREMO", "RAZAOSOCIAL": "DNGP_SERVICOS_VETERINARIOS_LTDA", "ENDEE": "ALAMEDA_RIBEIRO_DA_SILVA713__CAMPOS_ELISEOS_01217-010", "LMAPS": "https://www.google.com/maps?q=&layer=c&cbll=-46.6498702,-23.5328487", "O_QUE_FAZER": "CARTEIRA", "ER_REGIAO_CIDADE_min": "Capital Centro_Santa Cecília" }, "geometry": { "type": "Point", "coordinates": [ -46.6498702, -23.5328487 ] } },
{ "type": "Feature", "properties": { "CNPJ": "41583080000132", "IDCIDADE": "SAO_PAULO", "NOMEFANTASIA": "RESTAURANTE_CAIXETA", "RAZAOSOCIAL": "CAIXETA_RESTAURANTE_E_PIZZARIA_LTDA.", "ENDEE": "ALAMEDA_RIBEIRO_DA_SILVA726__CAMPOS_ELISEOS_01217-010", "LMAPS": "https://www.google.com/maps?q=&layer=c&cbll=-46.6496064,-23.5330162", "O_QUE_FAZER": "CARTEIRA", "ER_REGIAO_CIDADE_min": "Capital Centro_Santa Cecília" }, "geometry": { "type": "Point", "coordinates": [ -46.6496064, -23.5330162 ] } },
{ "type": "Feature", "properties": { "CNPJ": "53459095000172", "IDCIDADE": "SAO_PAULO", "NOMEFANTASIA": "EMPORIUM_COMPRE_FACIL", "RAZAOSOCIAL": "FCA_ALIMENTOS_E_UTENSILIOS_LTDA", "ENDEE": "ALAMEDA_EDUARDO_PRADO165__CAMPOS_ELISEOS_01218-011", "LMAPS": "https://www.google.com/maps?q=&layer=c&cbll=-46.6471425,-23.5292277", "O_QUE_FAZER": "CARTEIRA", "ER_REGIAO_CIDADE_min": "Capital Centro_Santa Cecília" }, "geometry": { "type": "Point", "coordinates": [ -46.6471425, -23.5292277 ] } },
{ "type": "Feature", "properties": { "CNPJ": "00475356000181", "IDCIDADE": "SAO_PAULO", "NOMEFANTASIA": "HOT4L_TENDA_OBSESSION", "RAZAOSOCIAL": "OBSESSION_HOTEL_LTDA", "ENDEE": "ALAMEDA_EDUARDO_PRADO388__CAMPOS_ELISEOS_01218-011", "LMAPS": "https://www.google.com/maps?q=&layer=c&cbll=-46.6489166,-23.5303627", "O_QUE_FAZER": "CARTEIRA", "ER_REGIAO_CIDADE_min": "Capital Centro_Santa Cecília" }, "geometry": { "type": "Point", "coordinates": [ -46.6489166, -23.5303627 ] } },
{ "type": "Feature", "properties": { "CNPJ": "15738770000103", "IDCIDADE": "SAO_PAULO", "NOMEFANTASIA": "LANCHONETE_PE_NA_COVA", "RAZAOSOCIAL": "PE_NA_COVA_LTDA", "ENDEE": "ALAMEDA_EDUARDO_PRADO430__CAMPOS_ELISEOS_01218-011", "LMAPS": "https://www.google.com/maps?q=&layer=c&cbll=-46.649289,-23.5305274", "O_QUE_FAZER": "CARTEIRA", "ER_REGIAO_CIDADE_min": "Capital Centro_Santa Cecília" }, "geometry": { "type": "Point", "coordinates": [ -46.649289, -23.5305274 ] } },
{ "type": "Feature", "properties": { "CNPJ": "10615331000190", "IDCIDADE": "SAO_PAULO", "NOMEFANTASIA": "CAFE_COLOMBIANO", "RAZAOSOCIAL": "RUSSO_MANRIQUE_COMERCIO_IMPORTACAO_EXPORTACAO_E_SERVICOS_LTDA", "ENDEE": "ALAMEDA_EDUARDO_PRADO493__CAMPOS_ELISEOS_01218-011", "LMAPS": "https://www.google.com/maps?q=&layer=c&cbll=-46.6496213,-23.531117", "O_QUE_FAZER": "CARTEIRA", "ER_REGIAO_CIDADE_min": "Capital Centro_Santa Cecília" }, "geometry": { "type": "Point", "coordinates": [ -46.6496213, -23.531117 ] } },
{ "type": "Feature", "properties": { "CNPJ": "49594718000142", "IDCIDADE": "SAO_PAULO", "NOMEFANTASIA": "HOTEL_REAL", "RAZAOSOCIAL": "HOTEL_REAL_CENTRO_LTDA", "ENDEE": "ALAMEDA_EDUARDO_PRADO500__CAMPOS_ELISEOS_01218-011", "LMAPS": "https://www.google.com/maps?q=&layer=c&cbll=-46.6498435,-23.5308757", "O_QUE_FAZER": "CARTEIRA", "ER_REGIAO_CIDADE_min": "Capital Centro_Santa Cecília" }, "geometry": { "type": "Point", "coordinates": [ -46.6498435, -23.5308757 ] } },
{ "type": "Feature", "properties": { "CNPJ": "24929272000139", "IDCIDADE": "SAO_PAULO", "NOMEFANTASIA": "ARMAZEM_DO_CAMPO", "RAZAOSOCIAL": "COMERCIO_DE_ALIMENTOS_DA_TERRA_LTDA", "ENDEE": "ALAMEDA_EDUARDO_PRADO499__CAMPOS_ELISEOS_01218-012", "LMAPS": "https://www.google.com/maps?q=&layer=c&cbll=-46.649795,-23.531085", "O_QUE_FAZER": "CARTEIRA", "ER_REGIAO_CIDADE_min": "Capital Centro_Santa Cecília" }, "geometry": { "type": "Point", "coordinates": [ -46.649795, -23.531085 ] } },
{ "type": "Feature", "properties": { "CNPJ": "28146677000151", "IDCIDADE": "SAO_PAULO", "NOMEFANTASIA": "MERCADO_DA_PRACA", "RAZAOSOCIAL": "SUPERMERCADO_PAO_DE_ALHO_LTDA", "ENDEE": "ALAMEDA_EDUARDO_PRADO797__CAMPOS_ELISEOS_01218-012", "LMAPS": "https://www.google.com/maps?q=&layer=c&cbll=-46.6519417,-23.5326367", "O_QUE_FAZER": "CARTEIRA", "ER_REGIAO_CIDADE_min": "Capital Centro_Santa Cecília" }, "geometry": { "type": "Point", "coordinates": [ -46.6519417, -23.5326367 ] } },
{ "type": "Feature", "properties": { "CNPJ": "15604850000176", "IDCIDADE": "SAO_PAULO", "NOMEFANTASIA": "PRADO_SUCOS_E_LANCHES", "RAZAOSOCIAL": "PRADO_SUCOS_E_LANCHES_LTDA", "ENDEE": "ALAMEDA_EDUARDO_PRADO860__CAMPOS_ELISEOS_01218-012", "LMAPS": "https://www.google.com/maps?q=&layer=c&cbll=-46.6527583,-23.532735", "O_QUE_FAZER": "CARTEIRA", "ER_REGIAO_CIDADE_min": "Capital Centro_Santa Cecília" }, "geometry": { "type": "Point", "coordinates": [ -46.6527583, -23.532735 ] } },
{ "type": "Feature", "properties": { "CNPJ": "19842630000131", "IDCIDADE": "SAO_PAULO", "NOMEFANTASIA": "I_LOVE_ME_BARBEARIA", "RAZAOSOCIAL": "I_LOVE_ME_SERVICOS_DE_BELEZA_LTDA", "ENDEE": "RUA_BARAO_DE_LIMEIRA1253__CAMPOS_ELISEOS_01218-012", "LMAPS": "https://www.google.com/maps?q=&layer=c&cbll=-46.6503205,-23.5311685", "O_QUE_FAZER": "CARTEIRA", "ER_REGIAO_CIDADE_min": "Capital Centro_Santa Cecília" }, "geometry": { "type": "Point", "coordinates": [ -46.6503205, -23.5311685 ] } },
{ "type": "Feature", "properties": { "CNPJ": "35374308000181", "IDCIDADE": "SAO_PAULO", "NOMEFANTASIA": "OGGI_SORVETES", "RAZAOSOCIAL": "M.A.T._HAGUIHARA_COMERCIO_VAREJISTA_DE_SORVETES", "ENDEE": "RUA_JAGUARIBE112__VILA_BUARQUE_01224-000", "LMAPS": "https://www.google.com/maps?q=&layer=c&cbll=-46.6487775,-23.5415475", "O_QUE_FAZER": "CARTEIRA", "ER_REGIAO_CIDADE_min": "Capital Centro_Santa Cecília" }, "geometry": { "type": "Point", "coordinates": [ -46.6487775, -23.5415475 ] } },
{ "type": "Feature", "properties": { "CNPJ": "61775748000150", "IDCIDADE": "SAO_PAULO", "NOMEFANTASIA": "GARDEM_PAISAGISMO", "RAZAOSOCIAL": "GARDEN_CENTER_PAISAGISMO_LTDA", "ENDEE": "RUA_JAGUARIBE134__VILA_BUARQUE_01224-000", "LMAPS": "https://www.google.com/maps?q=&layer=c&cbll=-46.6490706,-23.5415594", "O_QUE_FAZER": "CARTEIRA", "ER_REGIAO_CIDADE_min": "Capital Centro_Santa Cecília" }, "geometry": { "type": "Point", "coordinates": [ -46.6490706, -23.5415594 ] } },
{ "type": "Feature", "properties": { "CNPJ": "15241695000170", "IDCIDADE": "SAO_PAULO", "NOMEFANTASIA": "OFICINA_DAS_LETRAS", "RAZAOSOCIAL": "OFICINA_DAS_LETRAS_EDITORA_LTDA", "ENDEE": "RUA_FORTUNATO117__VILA_BUARQUE_01224-030", "LMAPS": "https://www.google.com/maps?q=&layer=c&cbll=-46.6515483,-23.5399933", "O_QUE_FAZER": "CARTEIRA", "ER_REGIAO_CIDADE_min": "Capital Centro_Santa Cecília" }, "geometry": { "type": "Point", "coordinates": [ -46.6515483, -23.5399933 ] } },
{ "type": "Feature", "properties": { "CNPJ": "09553198000105", "IDCIDADE": "SAO_PAULO", "NOMEFANTASIA": "EL_CABRITON", "RAZAOSOCIAL": "EL_CABRITON_COMERCIO_LTDA", "ENDEE": "RUA_FORTUNATO121__VILA_BUARQUE_01224-030", "LMAPS": "https://www.google.com/maps?q=&layer=c&cbll=-46.65167,-23.5397533", "O_QUE_FAZER": "CARTEIRA", "ER_REGIAO_CIDADE_min": "Capital Centro_Santa Cecília" }, "geometry": { "type": "Point", "coordinates": [ -46.65167, -23.5397533 ] } },
{ "type": "Feature", "properties": { "CNPJ": "33260475000176", "IDCIDADE": "SAO_PAULO", "NOMEFANTASIA": "JHONYS_BAR_4", "RAZAOSOCIAL": "JBR_BAR_E_RESTAURANTE_LTDA", "ENDEE": "RUA_FORTUNATO172__VILA_BUARQUE_01224-030", "LMAPS": "https://www.google.com/maps?q=&layer=c&cbll=-46.6518867,-23.5403417", "O_QUE_FAZER": "CARTEIRA", "ER_REGIAO_CIDADE_min": "Capital Centro_Santa Cecília" }, "geometry": { "type": "Point", "coordinates": [ -46.6518867, -23.5403417 ] } },
{ "type": "Feature", "properties": { "CNPJ": "19716401000170", "IDCIDADE": "SAO_PAULO", "NOMEFANTASIA": "CERVEJARIA_DOGMA", "RAZAOSOCIAL": "CERVEJARIA_DOGMA_SERVICOS_INDUSTRIA_E_COMERCIO_DE_BEBIDAS_LTDA", "ENDEE": "RUA_FORTUNATO236__VILA_BUARQUE_01224-030", "LMAPS": "https://www.google.com/maps?q=&layer=c&cbll=-46.6520562,-23.5409425", "O_QUE_FAZER": "CARTEIRA", "ER_REGIAO_CIDADE_min": "Capital Centro_Santa Cecília" }, "geometry": { "type": "Point", "coordinates": [ -46.6520562, -23.5409425 ] } },
{ "type": "Feature", "properties": { "CNPJ": "05797677000116", "IDCIDADE": "SAO_PAULO", "NOMEFANTASIA": "AUTO_POLICAR", "RAZAOSOCIAL": "EVED_AUTO_MECANICA_FUNILARIA_E_PINTURA_LTDA", "ENDEE": "RUA_FORTUNATO272__VILA_BUARQUE_01224-030", "LMAPS": "https://www.google.com/maps?q=&layer=c&cbll=-46.6521873,-23.5412779", "O_QUE_FAZER": "CARTEIRA", "ER_REGIAO_CIDADE_min": "Capital Centro_Santa Cecília" }, "geometry": { "type": "Point", "coordinates": [ -46.6521873, -23.5412779 ] } },
{ "type": "Feature", "properties": { "CNPJ": "00999056000100", "IDCIDADE": "SAO_PAULO", "NOMEFANTASIA": "AUTO_ESCOLA_NOVA_PAISSANDU", "RAZAOSOCIAL": "AUTO_ESCOLA_NOVA_PAYSANDU_LTDA", "ENDEE": "RUA_FORTUNATO28__VILA_BUARQUE_01224-030", "LMAPS": "https://www.google.com/maps?q=&layer=c&cbll=-46.6514548,-23.5391351", "O_QUE_FAZER": "CARTEIRA", "ER_REGIAO_CIDADE_min": "Capital Centro_Santa Cecília" }, "geometry": { "type": "Point", "coordinates": [ -46.6514548, -23.5391351 ] } },
{ "type": "Feature", "properties": { "CNPJ": "12353176000106", "IDCIDADE": "SAO_PAULO", "NOMEFANTASIA": "FRANGO_COM_TUDO", "RAZAOSOCIAL": "OFFICE_DAY_PIZZARIA_LTDA", "ENDEE": "RUA_CANUTO_DO_VAL115__VILA_BUARQUE_01224-040", "LMAPS": "https://www.google.com/maps?q=&layer=c&cbll=-46.6517623,-23.540483", "O_QUE_FAZER": "CARTEIRA", "ER_REGIAO_CIDADE_min": "Capital Centro_Santa Cecília" }, "geometry": { "type": "Point", "coordinates": [ -46.6517623, -23.540483 ] } },
{ "type": "Feature", "properties": { "CNPJ": "06913734000148", "IDCIDADE": "SAO_PAULO", "NOMEFANTASIA": "NADELI_DELICATESSEN", "RAZAOSOCIAL": "NADELI_DELICATESSEN_COMERCIO_DE_GENEROS_ALIMENTICIOS_LTDA", "ENDEE": "RUA_CANUTO_DO_VAL177__VILA_BUARQUE_01224-040", "LMAPS": "https://www.google.com/maps?q=&layer=c&cbll=-46.6522584,-23.5401969", "O_QUE_FAZER": "CARTEIRA", "ER_REGIAO_CIDADE_min": "Capital Centro_Santa Cecília" }, "geometry": { "type": "Point", "coordinates": [ -46.6522584, -23.5401969 ] } },
{ "type": "Feature", "properties": { "CNPJ": "40603385000104", "IDCIDADE": "SAO_PAULO", "NOMEFANTASIA": "BABYS_PET_SHOP", "RAZAOSOCIAL": "MG_GRANDINI_PET_SHOP_LTDA", "ENDEE": "RUA_CANUTO_DO_VAL205__VILA_BUARQUE_01224-040", "LMAPS": "https://www.google.com/maps?q=&layer=c&cbll=-46.6525726,-23.5401041", "O_QUE_FAZER": "CARTEIRA", "ER_REGIAO_CIDADE_min": "Capital Centro_Santa Cecília" }, "geometry": { "type": "Point", "coordinates": [ -46.6525726, -23.5401041 ] } },
{ "type": "Feature", "properties": { "CNPJ": "33047014000110", "IDCIDADE": "SAO_PAULO", "NOMEFANTASIA": "O_MIRANDES", "RAZAOSOCIAL": "O_MIRANDES_BAR_E_PETISCARIA_LTDA", "ENDEE": "RUA_CANUTO_DO_VAL206__VILA_BUARQUE_01224-040", "LMAPS": "https://www.google.com/maps?q=&layer=c&cbll=-46.6524917,-23.5401494", "O_QUE_FAZER": "CARTEIRA", "ER_REGIAO_CIDADE_min": "Capital Centro_Santa Cecília" }, "geometry": { "type": "Point", "coordinates": [ -46.6524917, -23.5401494 ] } },
{ "type": "Feature", "properties": { "CNPJ": "13546068000112", "IDCIDADE": "SAO_PAULO", "NOMEFANTASIA": "MINI_MERCADO_ALVAREZ_FERNANDEZ", "RAZAOSOCIAL": "MINI_MERCADO_ALVAREZ_FERNANDEZ_LTDA", "ENDEE": "RUA_CANUTO_DO_VAL218__VILA_BUARQUE_01224-040", "LMAPS": "https://www.google.com/maps?q=&layer=c&cbll=-46.6527688,-23.5400444", "O_QUE_FAZER": "CARTEIRA", "ER_REGIAO_CIDADE_min": "Capital Centro_Santa Cecília" }, "geometry": { "type": "Point", "coordinates": [ -46.6527688, -23.5400444 ] } },
{ "type": "Feature", "properties": { "CNPJ": "24236901000145", "IDCIDADE": "SAO_PAULO", "NOMEFANTASIA": "JHONYS_BAR_E_LANCHES", "RAZAOSOCIAL": "JHONYS_BAR_E_RESTAURANTE_LTDA", "ENDEE": "RUA_CANUTO_DO_VAL242__VILA_BUARQUE_01224-040", "LMAPS": "https://www.google.com/maps?q=&layer=c&cbll=-46.6528222,-23.5399708", "O_QUE_FAZER": "CARTEIRA", "ER_REGIAO_CIDADE_min": "Capital Centro_Santa Cecília" }, "geometry": { "type": "Point", "coordinates": [ -46.6528222, -23.5399708 ] } },
{ "type": "Feature", "properties": { "CNPJ": "44702676000100", "IDCIDADE": "SAO_PAULO", "NOMEFANTASIA": "40_S_BURGUER", "RAZAOSOCIAL": "ALISSON_DA_SILVA_NERE_COMERCIO_DE_HAMBURGUERIA_E_LANCHONETE_LTDA.", "ENDEE": "RUA_CANUTO_DO_VAL40__VILA_BUARQUE_01224-040", "LMAPS": "https://www.google.com/maps?q=&layer=c&cbll=-46.6508838,-23.5405492", "O_QUE_FAZER": "CARTEIRA", "ER_REGIAO_CIDADE_min": "Capital Centro_Santa Cecília" }, "geometry": { "type": "Point", "coordinates": [ -46.6508838, -23.5405492 ] } },
{ "type": "Feature", "properties": { "CNPJ": "23870888000119", "IDCIDADE": "SAO_PAULO", "NOMEFANTASIA": "MARCO_ANTONIO_STUDIO", "RAZAOSOCIAL": "MARCO_ANTONIO_LEITE_CABELEIREIRO", "ENDEE": "RUA_CANUTO_DO_VAL48__VILA_BUARQUE_01224-040", "LMAPS": "https://www.google.com/maps?q=&layer=c&cbll=-46.6510263,-23.5404811", "O_QUE_FAZER": "CARTEIRA", "ER_REGIAO_CIDADE_min": "Capital Centro_Santa Cecília" }, "geometry": { "type": "Point", "coordinates": [ -46.6510263, -23.5404811 ] } },
{ "type": "Feature", "properties": { "CNPJ": "37178665000108", "IDCIDADE": "SAO_PAULO", "NOMEFANTASIA": "LIMA_STATION_PETS", "RAZAOSOCIAL": "A_A_DE_LIMA", "ENDEE": "RUA_CANUTO_DO_VAL54__VILA_BUARQUE_01224-040", "LMAPS": "https://www.google.com/maps?q=&layer=c&cbll=-46.6510983,-23.5404467", "O_QUE_FAZER": "CARTEIRA", "ER_REGIAO_CIDADE_min": "Capital Centro_Santa Cecília" }, "geometry": { "type": "Point", "coordinates": [ -46.6510983, -23.5404467 ] } },
{ "type": "Feature", "properties": { "CNPJ": "53268815000112", "IDCIDADE": "SAO_PAULO", "NOMEFANTASIA": "O_BARZINHO", "RAZAOSOCIAL": "G_P_B_EMPRESARIAL_REFEICOES_&_BARES_LTDA", "ENDEE": "RUA_JESUINO_PASCOAL162__VILA_BUARQUE_01224-050", "LMAPS": "https://www.google.com/maps?q=&layer=c&cbll=-46.6500108,-23.5415075", "O_QUE_FAZER": "CARTEIRA", "ER_REGIAO_CIDADE_min": "Capital Centro_Santa Cecília" }, "geometry": { "type": "Point", "coordinates": [ -46.6500108, -23.5415075 ] } },
{ "type": "Feature", "properties": { "CNPJ": "21280498000325", "IDCIDADE": "SAO_PAULO", "NOMEFANTASIA": "JOJO_RAMEN", "RAZAOSOCIAL": "ELEVEN_CASE_COMERCIO_VAREJISTA_DE_ALIMENTOS_LTDA", "ENDEE": "RUA_JESUINO_PASCOAL24__VILA_BUARQUE_01224-050", "LMAPS": "https://www.google.com/maps?q=&layer=c&cbll=-46.6495899,-23.5401955", "O_QUE_FAZER": "CARTEIRA", "ER_REGIAO_CIDADE_min": "Capital Centro_Santa Cecília" }, "geometry": { "type": "Point", "coordinates": [ -46.6495899, -23.5401955 ] } },
{ "type": "Feature", "properties": { "CNPJ": "21280498000163", "IDCIDADE": "SAO_PAULO", "NOMEFANTASIA": "JOJO_RAMEN", "RAZAOSOCIAL": "ELEVEN_CASE_COMERCIO_VAREJISTA_DE_ALIMENTOS_LTDA", "ENDEE": "RUA_JESUINO_PASCOAL24__VILA_BUARQUE_01224-050", "LMAPS": "https://www.google.com/maps?q=&layer=c&cbll=-46.649625,-23.5403119", "O_QUE_FAZER": "CARTEIRA", "ER_REGIAO_CIDADE_min": "Capital Centro_Santa Cecília" }, "geometry": { "type": "Point", "coordinates": [ -46.649625, -23.5403119 ] } },
{ "type": "Feature", "properties": { "CNPJ": "52540200000130", "IDCIDADE": "SAO_PAULO", "NOMEFANTASIA": "JBR_RESTAURANTE", "RAZAOSOCIAL": "LANCHONETE_TERENOS_LTDA", "ENDEE": "RUA_FREDERICO_ABRANCHES129__VILA_BUARQUE_01225-000", "LMAPS": "https://www.google.com/maps?q=&layer=c&cbll=-46.6502953,-23.5397741", "O_QUE_FAZER": "CARTEIRA", "ER_REGIAO_CIDADE_min": "Capital Centro_Santa Cecília" }, "geometry": { "type": "Point", "coordinates": [ -46.6502953, -23.5397741 ] } },
{ "type": "Feature", "properties": { "CNPJ": "26960590000198", "IDCIDADE": "SAO_PAULO", "NOMEFANTASIA": "NALIN_PET_SHOP_2", "RAZAOSOCIAL": "MARCIO_I._RODRIGUES_DA_SILVA_BANHO_E_TOSA", "ENDEE": "RUA_FREDERICO_ABRANCHES23__VILA_BUARQUE_01225-000", "LMAPS": "https://www.google.com/maps?q=&layer=c&cbll=-46.6473363,-23.5413766", "O_QUE_FAZER": "CARTEIRA", "ER_REGIAO_CIDADE_min": "Capital Centro_Santa Cecília" }, "geometry": { "type": "Point", "coordinates": [ -46.6473363, -23.5413766 ] } },
{ "type": "Feature", "properties": { "CNPJ": "03294057000139", "IDCIDADE": "SAO_PAULO", "NOMEFANTASIA": "D&A_DECORACOES", "RAZAOSOCIAL": "D_&_A_DECORACOES_E_ARTESANATO_LITURGICO_LTDA", "ENDEE": "RUA_FREDERICO_ABRANCHES315__VILA_BUARQUE_01225-000", "LMAPS": "https://www.google.com/maps?q=&layer=c&cbll=-46.6504738,-23.5395328", "O_QUE_FAZER": "CARTEIRA", "ER_REGIAO_CIDADE_min": "Capital Centro_Santa Cecília" }, "geometry": { "type": "Point", "coordinates": [ -46.6504738, -23.5395328 ] } },
{ "type": "Feature", "properties": { "CNPJ": "07028695000169", "IDCIDADE": "SAO_PAULO", "NOMEFANTASIA": "CFC_ABRANCHES", "RAZAOSOCIAL": "CENTRO_DE_FORMACAO_DE_CONDUTORES_ABRANCHES_LTDA", "ENDEE": "RUA_FREDERICO_ABRANCHES422__VILA_BUARQUE_01225-000", "LMAPS": "https://www.google.com/maps?q=&layer=c&cbll=-46.6512398,-23.5390075", "O_QUE_FAZER": "CARTEIRA", "ER_REGIAO_CIDADE_min": "Capital Centro_Santa Cecília" }, "geometry": { "type": "Point", "coordinates": [ -46.6512398, -23.5390075 ] } },
{ "type": "Feature", "properties": { "CNPJ": "09152044000101", "IDCIDADE": "SAO_PAULO", "NOMEFANTASIA": "BELISSIMA_QUITANDA", "RAZAOSOCIAL": "BELISSIMA_QUITANDA_LTDA", "ENDEE": "RUA_FREDERICO_ABRANCHES430__VILA_BUARQUE_01225-000", "LMAPS": "https://www.google.com/maps?q=&layer=c&cbll=-46.6512653,-23.538842", "O_QUE_FAZER": "CARTEIRA", "ER_REGIAO_CIDADE_min": "Capital Centro_Santa Cecília" }, "geometry": { "type": "Point", "coordinates": [ -46.6512653, -23.538842 ] } },
{ "type": "Feature", "properties": { "CNPJ": "27346370000131", "IDCIDADE": "SAO_PAULO", "NOMEFANTASIA": "AUTO_POSTO_POLI_BEM", "RAZAOSOCIAL": "AUTO_POSTO_POLIBEM_REPARO_AUTOMOTIVO_LTDA", "ENDEE": "RUA_FREDERICO_ABRANCHES179__VILA_BUARQUE_01225-001", "LMAPS": "https://www.google.com/maps?q=&layer=c&cbll=-46.6492783,-23.5402934", "O_QUE_FAZER": "CARTEIRA", "ER_REGIAO_CIDADE_min": "Capital Centro_Santa Cecília" }, "geometry": { "type": "Point", "coordinates": [ -46.6492783, -23.5402934 ] } },
{ "type": "Feature", "properties": { "CNPJ": "03770684000107", "IDCIDADE": "SAO_PAULO", "NOMEFANTASIA": "CASA_DO_NORTE_LUIZAO", "RAZAOSOCIAL": "CASA_DO_NORTE_LUIZAO_LTDA", "ENDEE": "RUA_FREDERICO_ABRANCHES451__VILA_BUARQUE_01225-001", "LMAPS": "https://www.google.com/maps?q=&layer=c&cbll=-46.6513433,-23.5388417", "O_QUE_FAZER": "CARTEIRA", "ER_REGIAO_CIDADE_min": "Capital Centro_Santa Cecília" }, "geometry": { "type": "Point", "coordinates": [ -46.6513433, -23.5388417 ] } },
{ "type": "Feature", "properties": { "CNPJ": "10544990000263", "IDCIDADE": "SAO_PAULO", "NOMEFANTASIA": "LEADING_PARK", "RAZAOSOCIAL": "LEADING_PARK_ESTACIONAMENTO_LTDA", "ENDEE": "LARGO_SANTA_CECILIA146__VILA_BUARQUE_01225-010", "LMAPS": "https://www.google.com/maps?q=&layer=c&cbll=-46.6497655,-23.5388638", "O_QUE_FAZER": "CARTEIRA", "ER_REGIAO_CIDADE_min": "Capital Centro_Santa Cecília" }, "geometry": { "type": "Point", "coordinates": [ -46.6497655, -23.5388638 ] } },
{ "type": "Feature", "properties": { "CNPJ": "53441654000117", "IDCIDADE": "SAO_PAULO", "NOMEFANTASIA": "HERBES_FARMACIA_DE_MANIPULACAO", "RAZAOSOCIAL": "SANTA_CECILIA_FARMACIA_DE_MANIPULACAO_LTDA", "ENDEE": "LARGO_SANTA_CECILIA150__VILA_BUARQUE_01225-010", "LMAPS": "https://www.google.com/maps?q=&layer=c&cbll=-46.6498477,-23.53889", "O_QUE_FAZER": "CARTEIRA", "ER_REGIAO_CIDADE_min": "Capital Centro_Santa Cecília" }, "geometry": { "type": "Point", "coordinates": [ -46.6498477, -23.53889 ] } },
{ "type": "Feature", "properties": { "CNPJ": "59744003000182", "IDCIDADE": "SAO_PAULO", "NOMEFANTASIA": "SCHOBER_PAISAGISMO_E_DECORACAO", "RAZAOSOCIAL": "MARCOS_DOPONA_DE_OLIVEIRA_PAISAGISTA", "ENDEE": "LARGO_SANTA_CECILIA158__VILA_BUARQUE_01225-010", "LMAPS": "https://www.google.com/maps?q=&layer=c&cbll=-46.6498147,-23.5390972", "O_QUE_FAZER": "CARTEIRA", "ER_REGIAO_CIDADE_min": "Capital Centro_Santa Cecília" }, "geometry": { "type": "Point", "coordinates": [ -46.6498147, -23.5390972 ] } },
{ "type": "Feature", "properties": { "CNPJ": "52847492000159", "IDCIDADE": "SAO_PAULO", "NOMEFANTASIA": "THE_BEST_ACAI", "RAZAOSOCIAL": "THE_BEST_ACAI_SANTA_CECILIA_LTDA", "ENDEE": "LARGO_SANTA_CECILIA162__VILA_BUARQUE_01225-010", "LMAPS": "https://www.google.com/maps?q=&layer=c&cbll=-46.6500034,-23.5389894", "O_QUE_FAZER": "CARTEIRA", "ER_REGIAO_CIDADE_min": "Capital Centro_Santa Cecília" }, "geometry": { "type": "Point", "coordinates": [ -46.6500034, -23.5389894 ] } },
{ "type": "Feature", "properties": { "CNPJ": "01880263000103", "IDCIDADE": "SAO_PAULO", "NOMEFANTASIA": "HOTEL_DONA_LU", "RAZAOSOCIAL": "HOTEL_DONA_LU_LTDA", "ENDEE": "LARGO_SANTA_CECILIA166__VILA_BUARQUE_01225-010", "LMAPS": "https://www.google.com/maps?q=&layer=c&cbll=-46.6499015,-23.538878", "O_QUE_FAZER": "CARTEIRA", "ER_REGIAO_CIDADE_min": "Capital Centro_Santa Cecília" }, "geometry": { "type": "Point", "coordinates": [ -46.6499015, -23.538878 ] } },
{ "type": "Feature", "properties": { "CNPJ": "49789478000131", "IDCIDADE": "SAO_PAULO", "NOMEFANTASIA": "TARGET", "RAZAOSOCIAL": "GINASTICA_NEXT_PLUS_LTDA", "ENDEE": "RUA_DAS_PALMEIRAS74__SANTA_CECILIA_01225-010", "LMAPS": "https://www.google.com/maps?q=&layer=c&cbll=-46.6494371,-23.5386742", "O_QUE_FAZER": "CARTEIRA", "ER_REGIAO_CIDADE_min": "Capital Centro_Santa Cecília" }, "geometry": { "type": "Point", "coordinates": [ -46.6494371, -23.5386742 ] } },
{ "type": "Feature", "properties": { "CNPJ": "30056276000152", "IDCIDADE": "SAO_PAULO", "NOMEFANTASIA": "GESSO_SANTA_CECILIA", "RAZAOSOCIAL": "LUNAR_COMERCIO_E_SERVICOS_EM_GESSO_LTDA", "ENDEE": "RUA_SEBASTIAO_PEREIRA199__VILA_BUARQUE_01225-020", "LMAPS": "https://www.google.com/maps?q=&layer=c&cbll=-46.648885,-23.539965", "O_QUE_FAZER": "CARTEIRA", "ER_REGIAO_CIDADE_min": "Capital Centro_Santa Cecília" }, "geometry": { "type": "Point", "coordinates": [ -46.648885, -23.539965 ] } },
{ "type": "Feature", "properties": { "CNPJ": "49084864000128", "IDCIDADE": "SAO_PAULO", "NOMEFANTASIA": "RJ_DISTRIBUIDORA_DE_BEBIDAS", "RAZAOSOCIAL": "R_J_-_DISTRIBUIDORA_LTDA", "ENDEE": "RUA_SEBASTIAO_PEREIRA223__VILA_BUARQUE_01225-020", "LMAPS": "https://www.google.com/maps?q=&layer=c&cbll=-46.6482395,-23.5395946", "O_QUE_FAZER": "CARTEIRA", "ER_REGIAO_CIDADE_min": "Capital Centro_Santa Cecília" }, "geometry": { "type": "Point", "coordinates": [ -46.6482395, -23.5395946 ] } },
{ "type": "Feature", "properties": { "CNPJ": "64111669000133", "IDCIDADE": "SAO_PAULO", "NOMEFANTASIA": "IDEAL_ELEVADORES", "RAZAOSOCIAL": "IDEL_ELEVADORES_LTDA", "ENDEE": "RUA_DOUTOR_FREDERICO_STEIDEL223__VILA_BUARQUE_01225-030", "LMAPS": "https://www.google.com/maps?q=&layer=c&cbll=-46.6473384,-23.5395378", "O_QUE_FAZER": "CARTEIRA", "ER_REGIAO_CIDADE_min": "Capital Centro_Santa Cecília" }, "geometry": { "type": "Point", "coordinates": [ -46.6473384, -23.5395378 ] } },
{ "type": "Feature", "properties": { "CNPJ": "43732193000188", "IDCIDADE": "SAO_PAULO", "NOMEFANTASIA": "SOMARCO", "RAZAOSOCIAL": "NOVA_BARAO_LAR_E_CONSTRUCAO_COMERCIO_LTDA", "ENDEE": "RUA_MARTIM_FRANCISCO212__VILA_BUARQUE_01226-000", "LMAPS": "https://www.google.com/maps?q=&layer=c&cbll=-46.652195,-23.539105", "O_QUE_FAZER": "CARTEIRA", "ER_REGIAO_CIDADE_min": "Capital Centro_Santa Cecília" }, "geometry": { "type": "Point", "coordinates": [ -46.652195, -23.539105 ] } },
{ "type": "Feature", "properties": { "CNPJ": "13611552000188", "IDCIDADE": "SAO_PAULO", "NOMEFANTASIA": "LAURA_CABELEREIROS", "RAZAOSOCIAL": "LAURA_BEZERRA_GUIMARAES_CASTRO_CABELEIREIROS", "ENDEE": "RUA_MARTIM_FRANCISCO225__VILA_BUARQUE_01226-000", "LMAPS": "https://www.google.com/maps?q=&layer=c&cbll=-46.65235,-23.5391683", "O_QUE_FAZER": "CARTEIRA", "ER_REGIAO_CIDADE_min": "Capital Centro_Santa Cecília" }, "geometry": { "type": "Point", "coordinates": [ -46.65235, -23.5391683 ] } },
{ "type": "Feature", "properties": { "CNPJ": "50546911000197", "IDCIDADE": "SAO_PAULO", "NOMEFANTASIA": "RESTAURANTE_VIRGULINO", "RAZAOSOCIAL": "VIRGULINO_RESTAURANTE_NORDESTINO_LTDA", "ENDEE": "RUA_MARTIM_FRANCISCO111__SANTA_CECILIA_01226-001", "LMAPS": "https://www.google.com/maps?q=&layer=c&cbll=-46.6516062,-23.5383535", "O_QUE_FAZER": "CARTEIRA", "ER_REGIAO_CIDADE_min": "Capital Centro_Santa Cecília" }, "geometry": { "type": "Point", "coordinates": [ -46.6516062, -23.5383535 ] } },
{ "type": "Feature", "properties": { "CNPJ": "29889440000123", "IDCIDADE": "SAO_PAULO", "NOMEFANTASIA": "SIM_LOJA_GRAFICA", "RAZAOSOCIAL": "VITOR_GASPAR_RIBEIRO", "ENDEE": "RUA_MARTIM_FRANCISCO112__SANTA_CECILIA_01226-001", "LMAPS": "https://www.google.com/maps?q=&layer=c&cbll=-46.6515633,-23.5384019", "O_QUE_FAZER": "CARTEIRA", "ER_REGIAO_CIDADE_min": "Capital Centro_Santa Cecília" }, "geometry": { "type": "Point", "coordinates": [ -46.6515633, -23.5384019 ] } },
{ "type": "Feature", "properties": { "CNPJ": "37979500000127", "IDCIDADE": "SAO_PAULO", "NOMEFANTASIA": "ESFIHA_CHIC", "RAZAOSOCIAL": "MACHADO_COMERCIO_DE_ALIMENTOS_LTDA", "ENDEE": "RUA_MARTIM_FRANCISCO149__SANTA_CECILIA_01226-001", "LMAPS": "https://www.google.com/maps?q=&layer=c&cbll=-46.6517114,-23.5387317", "O_QUE_FAZER": "CARTEIRA", "ER_REGIAO_CIDADE_min": "Capital Centro_Santa Cecília" }, "geometry": { "type": "Point", "coordinates": [ -46.6517114, -23.5387317 ] } },
{ "type": "Feature", "properties": { "CNPJ": "40403392000154", "IDCIDADE": "SAO_PAULO", "NOMEFANTASIA": "SOU_ICE", "RAZAOSOCIAL": "LILIAM_PANASSOL_ZAPPAROLLI_COMERCIO_DE_SORVETES_E_CONGELADOS", "ENDEE": "RUA_MARTIM_FRANCISCO167__SANTA_CECILIA_01226-001", "LMAPS": "https://www.google.com/maps?q=&layer=c&cbll=-46.6519011,-23.5387887", "O_QUE_FAZER": "CARTEIRA", "ER_REGIAO_CIDADE_min": "Capital Centro_Santa Cecília" }, "geometry": { "type": "Point", "coordinates": [ -46.6519011, -23.5387887 ] } },
{ "type": "Feature", "properties": { "CNPJ": "04039363000191", "IDCIDADE": "SAO_PAULO", "NOMEFANTASIA": "NUTRI._REQUINTE_CARNES", "RAZAOSOCIAL": "NUTRI_REQUINTE_COMERCIO_DE_CARNES_LTDA", "ENDEE": "RUA_MARTIM_FRANCISCO179__SANTA_CECILIA_01226-001", "LMAPS": "https://www.google.com/maps?q=&layer=c&cbll=-46.6520097,-23.53884", "O_QUE_FAZER": "CARTEIRA", "ER_REGIAO_CIDADE_min": "Capital Centro_Santa Cecília" }, "geometry": { "type": "Point", "coordinates": [ -46.6520097, -23.53884 ] } },
{ "type": "Feature", "properties": { "CNPJ": "06957684000109", "IDCIDADE": "SAO_PAULO", "NOMEFANTASIA": "AKI_TEM", "RAZAOSOCIAL": "OSNI_VANDERLEI_FERREIRA", "ENDEE": "RUA_MARTIM_FRANCISCO185__SANTA_CECILIA_01226-001", "LMAPS": "https://www.google.com/maps?q=&layer=c&cbll=-46.651982,-23.5389684", "O_QUE_FAZER": "CARTEIRA", "ER_REGIAO_CIDADE_min": "Capital Centro_Santa Cecília" }, "geometry": { "type": "Point", "coordinates": [ -46.651982, -23.5389684 ] } },
{ "type": "Feature", "properties": { "CNPJ": "43138493000133", "IDCIDADE": "SAO_PAULO", "NOMEFANTASIA": "MERCADO_INOVA", "RAZAOSOCIAL": "MERCADO_INOVA_LTDA", "ENDEE": "RUA_MARTIM_FRANCISCO188__SANTA_CECILIA_01226-001", "LMAPS": "https://www.google.com/maps?q=&layer=c&cbll=-46.6521352,-23.5389763", "O_QUE_FAZER": "CARTEIRA", "ER_REGIAO_CIDADE_min": "Capital Centro_Santa Cecília" }, "geometry": { "type": "Point", "coordinates": [ -46.6521352, -23.5389763 ] } },
{ "type": "Feature", "properties": { "CNPJ": "20739007000137", "IDCIDADE": "SAO_PAULO", "NOMEFANTASIA": "PADOKAS", "RAZAOSOCIAL": "ATELIER_DOS_BOLOS_LTDA", "ENDEE": "RUA_MARTIM_FRANCISCO207__SANTA_CECILIA_01226-001", "LMAPS": "https://www.google.com/maps?q=&layer=c&cbll=-46.6521407,-23.5390864", "O_QUE_FAZER": "CARTEIRA", "ER_REGIAO_CIDADE_min": "Capital Centro_Santa Cecília" }, "geometry": { "type": "Point", "coordinates": [ -46.6521407, -23.5390864 ] } },
{ "type": "Feature", "properties": { "CNPJ": "05601549000236", "IDCIDADE": "SAO_PAULO", "NOMEFANTASIA": "CRAVO_E_CANELA_TABACARIA", "RAZAOSOCIAL": "CRAVO_E_CANELA_TABACARIA_ARTIGOS_RELIGIOSOS_ESOTERICOS_E_PRESENTES_LTDA", "ENDEE": "RUA_MARTIM_FRANCISCO217__SANTA_CECILIA_01226-001", "LMAPS": "https://www.google.com/maps?q=&layer=c&cbll=-46.6522221,-23.5392113", "O_QUE_FAZER": "CARTEIRA", "ER_REGIAO_CIDADE_min": "Capital Centro_Santa Cecília" }, "geometry": { "type": "Point", "coordinates": [ -46.6522221, -23.5392113 ] } },
{ "type": "Feature", "properties": { "CNPJ": "46535647000119", "IDCIDADE": "SAO_PAULO", "NOMEFANTASIA": "AGENCIA_NORMANDIE", "RAZAOSOCIAL": "AGENCIA_NORMANDIE_DESPACHANTES_E_CORRETORA_DE_SEGUROS_S/S_LTDA", "ENDEE": "RUA_MARTIM_FRANCISCO228__SANTA_CECILIA_01226-001", "LMAPS": "https://www.google.com/maps?q=&layer=c&cbll=-46.6523741,-23.539168", "O_QUE_FAZER": "CARTEIRA", "ER_REGIAO_CIDADE_min": "Capital Centro_Santa Cecília" }, "geometry": { "type": "Point", "coordinates": [ -46.6523741, -23.539168 ] } },
{ "type": "Feature", "properties": { "CNPJ": "23413579000110", "IDCIDADE": "SAO_PAULO", "NOMEFANTASIA": "ESQUINA_DO_FUAD", "RAZAOSOCIAL": "LILIAN_COMERCIO_DE_ALIMENTOS_LTDA", "ENDEE": "RUA_MARTIM_FRANCISCO244__SANTA_CECILIA_01226-001", "LMAPS": "https://www.google.com/maps?q=&layer=c&cbll=-46.6525072,-23.5393034", "O_QUE_FAZER": "CARTEIRA", "ER_REGIAO_CIDADE_min": "Capital Centro_Santa Cecília" }, "geometry": { "type": "Point", "coordinates": [ -46.6525072, -23.5393034 ] } },
{ "type": "Feature", "properties": { "CNPJ": "07314109000142", "IDCIDADE": "SAO_PAULO", "NOMEFANTASIA": "MEY_MEY_STORE", "RAZAOSOCIAL": "JULIE_RIOS_MODAS_COMERCIO_VAREJISTA_DE_ARTIGOS_DO_VESTUARIO_EM_GERAL_LTDA", "ENDEE": "RUA_MARTIM_FRANCISCO25__SANTA_CECILIA_01226-001", "LMAPS": "https://www.google.com/maps?q=&layer=c&cbll=-46.6509537,-23.5378734", "O_QUE_FAZER": "CARTEIRA", "ER_REGIAO_CIDADE_min": "Capital Centro_Santa Cecília" }, "geometry": { "type": "Point", "coordinates": [ -46.6509537, -23.5378734 ] } },
{ "type": "Feature", "properties": { "CNPJ": "45337697000129", "IDCIDADE": "SAO_PAULO", "NOMEFANTASIA": "BONES_&_CO", "RAZAOSOCIAL": "BONES_&_CO_LTDA", "ENDEE": "RUA_MARTIM_FRANCISCO261__SANTA_CECILIA_01226-001", "LMAPS": "https://www.google.com/maps?q=&layer=c&cbll=-46.6525037,-23.5393314", "O_QUE_FAZER": "CARTEIRA", "ER_REGIAO_CIDADE_min": "Capital Centro_Santa Cecília" }, "geometry": { "type": "Point", "coordinates": [ -46.6525037, -23.5393314 ] } },
{ "type": "Feature", "properties": { "CNPJ": "08608052000157", "IDCIDADE": "SAO_PAULO", "NOMEFANTASIA": "PURIFIC", "RAZAOSOCIAL": "SANTA_CECILIA_COMERCIO_SERVICOS_E_LOCACAO_DE_PURIFICADORES_DE_AGUA_LTDA", "ENDEE": "RUA_MARTIM_FRANCISCO263__SANTA_CECILIA_01226-001", "LMAPS": "https://www.google.com/maps?q=&layer=c&cbll=-46.6524509,-23.5395121", "O_QUE_FAZER": "CARTEIRA", "ER_REGIAO_CIDADE_min": "Capital Centro_Santa Cecília" }, "geometry": { "type": "Point", "coordinates": [ -46.6524509, -23.5395121 ] } },
{ "type": "Feature", "properties": { "CNPJ": "02821828000217", "IDCIDADE": "SAO_PAULO", "NOMEFANTASIA": "BERGAMIN_TINTAS", "RAZAOSOCIAL": "BERGAMIN_COMERCIO_DE_MATERIAIS_PARA_CONSTRUCAO_LTDA", "ENDEE": "RUA_MARTIM_FRANCISCO287__SANTA_CECILIA_01226-001", "LMAPS": "https://www.google.com/maps?q=&layer=c&cbll=-46.6527087,-23.5396232", "O_QUE_FAZER": "CARTEIRA", "ER_REGIAO_CIDADE_min": "Capital Centro_Santa Cecília" }, "geometry": { "type": "Point", "coordinates": [ -46.6527087, -23.5396232 ] } },
{ "type": "Feature", "properties": { "CNPJ": "00292662000182", "IDCIDADE": "SAO_PAULO", "NOMEFANTASIA": "CHINA_IN_BOX", "RAZAOSOCIAL": "HARUMI_COMERCIO_DE_ALIMENTOS_LTDA", "ENDEE": "RUA_MARTIM_FRANCISCO303__SANTA_CECILIA_01226-001", "LMAPS": "https://www.google.com/maps?q=&layer=c&cbll=-46.6527482,-23.5397535", "O_QUE_FAZER": "CARTEIRA", "ER_REGIAO_CIDADE_min": "Capital Centro_Santa Cecília" }, "geometry": { "type": "Point", "coordinates": [ -46.6527482, -23.5397535 ] } },
{ "type": "Feature", "properties": { "CNPJ": "16928062000106", "IDCIDADE": "SAO_PAULO", "NOMEFANTASIA": "CONDEZIN_IMOVEIS", "RAZAOSOCIAL": "CONDEZIN_IMOVEIS_LTDA", "ENDEE": "RUA_MARTIM_FRANCISCO309__SANTA_CECILIA_01226-001", "LMAPS": "https://www.google.com/maps?q=&layer=c&cbll=-46.6529533,-23.5396967", "O_QUE_FAZER": "CARTEIRA", "ER_REGIAO_CIDADE_min": "Capital Centro_Santa Cecília" }, "geometry": { "type": "Point", "coordinates": [ -46.6529533, -23.5396967 ] } },
{ "type": "Feature", "properties": { "CNPJ": "46517232000112", "IDCIDADE": "SAO_PAULO", "NOMEFANTASIA": "CASA_CIRURGICA_SANTA_CECILIA", "RAZAOSOCIAL": "COMERCIO_DE_MATERIAL_HOSPITALAR_E_CIRURGICO_SANTA_CECILIA_LTDA", "ENDEE": "RUA_MARTIM_FRANCISCO310__SANTA_CECILIA_01226-001", "LMAPS": "https://www.google.com/maps?q=&layer=c&cbll=-46.6528887,-23.5398191", "O_QUE_FAZER": "CARTEIRA", "ER_REGIAO_CIDADE_min": "Capital Centro_Santa Cecília" }, "geometry": { "type": "Point", "coordinates": [ -46.6528887, -23.5398191 ] } },
{ "type": "Feature", "properties": { "CNPJ": "02331891000194", "IDCIDADE": "SAO_PAULO", "NOMEFANTASIA": "UTILITA", "RAZAOSOCIAL": "UTILITA_DISTRIBUIDORA_DE_UTENSILIOS_PARA_MESA_LTDA", "ENDEE": "RUA_MARTIM_FRANCISCO409__SANTA_CECILIA_01226-001", "LMAPS": "https://www.google.com/maps?q=&layer=c&cbll=-46.653242,-23.5405486", "O_QUE_FAZER": "CARTEIRA", "ER_REGIAO_CIDADE_min": "Capital Centro_Santa Cecília" }, "geometry": { "type": "Point", "coordinates": [ -46.653242, -23.5405486 ] } },
{ "type": "Feature", "properties": { "CNPJ": "47701263000191", "IDCIDADE": "SAO_PAULO", "NOMEFANTASIA": "AGENCIA_DE_DESPACHOS_DOMINIO", "RAZAOSOCIAL": "AGENCIA_DE_DESPACHOS_DOMINIO_LTDA", "ENDEE": "RUA_MARTIM_FRANCISCO41__SANTA_CECILIA_01226-001", "LMAPS": "https://www.google.com/maps?q=&layer=c&cbll=-46.6510618,-23.5379718", "O_QUE_FAZER": "CARTEIRA", "ER_REGIAO_CIDADE_min": "Capital Centro_Santa Cecília" }, "geometry": { "type": "Point", "coordinates": [ -46.6510618, -23.5379718 ] } },
{ "type": "Feature", "properties": { "CNPJ": "03426986000154", "IDCIDADE": "SAO_PAULO", "NOMEFANTASIA": "OFICINA_PALACIO", "RAZAOSOCIAL": "M.C.R._EQUIPAMENTOS_E_SERVICOS_AUTOMOTIVOS_LTDA", "ENDEE": "RUA_MARTIM_FRANCISCO455__SANTA_CECILIA_01226-001", "LMAPS": "https://www.google.com/maps?q=&layer=c&cbll=-46.653685,-23.54087", "O_QUE_FAZER": "CARTEIRA", "ER_REGIAO_CIDADE_min": "Capital Centro_Santa Cecília" }, "geometry": { "type": "Point", "coordinates": [ -46.653685, -23.54087 ] } },
{ "type": "Feature", "properties": { "CNPJ": "35192670000131", "IDCIDADE": "SAO_PAULO", "NOMEFANTASIA": "TOSHIRO_SUSHI", "RAZAOSOCIAL": "TS_SUSHI_DELIVERY_LTDA", "ENDEE": "RUA_MARTIM_FRANCISCO92__SANTA_CECILIA_01226-001", "LMAPS": "https://www.google.com/maps?q=&layer=c&cbll=-46.6515762,-23.5382964", "O_QUE_FAZER": "CARTEIRA", "ER_REGIAO_CIDADE_min": "Capital Centro_Santa Cecília" }, "geometry": { "type": "Point", "coordinates": [ -46.6515762, -23.5382964 ] } },
{ "type": "Feature", "properties": { "CNPJ": "45778076000180", "IDCIDADE": "SAO_PAULO", "NOMEFANTASIA": "HEINPARK", "RAZAOSOCIAL": "CWE_SERVICOS_DE_ESTACIONAMENTO_LTDA", "ENDEE": "RUA_MARTIM_FRANCISCO97__SANTA_CECILIA_01226-001", "LMAPS": "https://www.google.com/maps?q=&layer=c&cbll=-46.651427,-23.5383092", "O_QUE_FAZER": "CARTEIRA", "ER_REGIAO_CIDADE_min": "Capital Centro_Santa Cecília" }, "geometry": { "type": "Point", "coordinates": [ -46.651427, -23.5383092 ] } },
{ "type": "Feature", "properties": { "CNPJ": "51941896000144", "IDCIDADE": "SAO_PAULO", "NOMEFANTASIA": "AUTO_ESCOLA_HIGIENOPOLIS", "RAZAOSOCIAL": "AUTO_ESCOLA_HIGIENOPOLIS_LTDA", "ENDEE": "RUA_MARTIM_FRANCISCO392__SANTA_CECILIA_01226-002", "LMAPS": "https://www.google.com/maps?q=&layer=c&cbll=-46.653405,-23.5403067", "O_QUE_FAZER": "CARTEIRA", "ER_REGIAO_CIDADE_min": "Capital Centro_Santa Cecília" }, "geometry": { "type": "Point", "coordinates": [ -46.653405, -23.5403067 ] } },
{ "type": "Feature", "properties": { "CNPJ": "08714457000170", "IDCIDADE": "SAO_PAULO", "NOMEFANTASIA": "MECANICA_ARRUDA", "RAZAOSOCIAL": "AUTO_MECANICA_ARRUDA_LTDA", "ENDEE": "RUA_MARTIM_FRANCISCO450__SANTA_CECILIA_01226-002", "LMAPS": "https://www.google.com/maps?q=&layer=c&cbll=-46.6538052,-23.5406956", "O_QUE_FAZER": "CARTEIRA", "ER_REGIAO_CIDADE_min": "Capital Centro_Santa Cecília" }, "geometry": { "type": "Point", "coordinates": [ -46.6538052, -23.5406956 ] } },
{ "type": "Feature", "properties": { "CNPJ": "17812188000175", "IDCIDADE": "SAO_PAULO", "NOMEFANTASIA": "UTIL_DEMAIS_VARIEDADES", "RAZAOSOCIAL": "UDMIX_COMERCIAL_DE_UTENSILIOS_LTDA", "ENDEE": "RUA_DAS_PALMEIRAS108__VILA_BUARQUE_01226-010", "LMAPS": "https://www.google.com/maps?q=&layer=c&cbll=-46.6502465,-23.5379823", "O_QUE_FAZER": "CARTEIRA", "ER_REGIAO_CIDADE_min": "Capital Centro_Santa Cecília" }, "geometry": { "type": "Point", "coordinates": [ -46.6502465, -23.5379823 ] } },
{ "type": "Feature", "properties": { "CNPJ": "07956033000159", "IDCIDADE": "SAO_PAULO", "NOMEFANTASIA": "MAXFARMA", "RAZAOSOCIAL": "ETHICA_COMERCIO_DE_PRODUTOS_FARMACEUTICOS_LTDA", "ENDEE": "RUA_DAS_PALMEIRAS118__VILA_BUARQUE_01226-010", "LMAPS": "https://www.google.com/maps?q=&layer=c&cbll=-46.6495674,-23.5373786", "O_QUE_FAZER": "CARTEIRA", "ER_REGIAO_CIDADE_min": "Capital Centro_Santa Cecília" }, "geometry": { "type": "Point", "coordinates": [ -46.6495674, -23.5373786 ] } },
{ "type": "Feature", "properties": { "CNPJ": "44185967000160", "IDCIDADE": "SAO_PAULO", "NOMEFANTASIA": "POLIFARMA_POPULAR", "RAZAOSOCIAL": "POLIFARMA_POPULAR_DROGARIA_LTDA", "ENDEE": "RUA_DAS_PALMEIRAS218__VILA_BUARQUE_01226-010", "LMAPS": "https://www.google.com/maps?q=&layer=c&cbll=-46.6511499,-23.5374018", "O_QUE_FAZER": "CARTEIRA", "ER_REGIAO_CIDADE_min": "Capital Centro_Santa Cecília" }, "geometry": { "type": "Point", "coordinates": [ -46.6511499, -23.5374018 ] } },
{ "type": "Feature", "properties": { "CNPJ": "43200003000181", "IDCIDADE": "SAO_PAULO", "NOMEFANTASIA": "PINK_E_MEL_COSMETICOS", "RAZAOSOCIAL": "BKM_KYODAI_COSMETICOS_LTDA", "ENDEE": "RUA_DAS_PALMEIRAS265__VILA_BUARQUE_01226-010", "LMAPS": "https://www.google.com/maps?q=&layer=c&cbll=-46.6515545,-23.5370493", "O_QUE_FAZER": "CARTEIRA", "ER_REGIAO_CIDADE_min": "Capital Centro_Santa Cecília" }, "geometry": { "type": "Point", "coordinates": [ -46.6515545, -23.5370493 ] } },
{ "type": "Feature", "properties": { "CNPJ": "54389200000107", "IDCIDADE": "SAO_PAULO", "NOMEFANTASIA": "QUASE_TUDO_VARIEDADES", "RAZAOSOCIAL": "QUASE_TUDO_VARIEDADES_ELETRICAS_E_HIDRAULICAS_LTDA", "ENDEE": "RUA_DAS_PALMEIRAS30__VILA_BUARQUE_01226-010", "LMAPS": "https://www.google.com/maps?q=&layer=c&cbll=-46.6496355,-23.538318", "O_QUE_FAZER": "CARTEIRA", "ER_REGIAO_CIDADE_min": "Capital Centro_Santa Cecília" }, "geometry": { "type": "Point", "coordinates": [ -46.6496355, -23.538318 ] } },
{ "type": "Feature", "properties": { "CNPJ": "14465643000115", "IDCIDADE": "SAO_PAULO", "NOMEFANTASIA": "PASTEL_SABOR_BRASILEIRO", "RAZAOSOCIAL": "SALGADOS_SANTA_CECILIA_LTDA", "ENDEE": "RUA_DAS_PALMEIRAS306__VILA_BUARQUE_01226-010", "LMAPS": "https://www.google.com/maps?q=&layer=c&cbll=-46.651865,-23.5369433", "O_QUE_FAZER": "CARTEIRA", "ER_REGIAO_CIDADE_min": "Capital Centro_Santa Cecília" }, "geometry": { "type": "Point", "coordinates": [ -46.651865, -23.5369433 ] } },
{ "type": "Feature", "properties": { "CNPJ": "10500608000139", "IDCIDADE": "SAO_PAULO", "NOMEFANTASIA": "ADF_CELULARES", "RAZAOSOCIAL": "LUIS_FELIPE_SERRULHA_DAMIAN", "ENDEE": "RUA_DAS_PALMEIRAS336__VILA_BUARQUE_01226-010", "LMAPS": "https://www.google.com/maps?q=&layer=c&cbll=-46.651974,-23.5366402", "O_QUE_FAZER": "CARTEIRA", "ER_REGIAO_CIDADE_min": "Capital Centro_Santa Cecília" }, "geometry": { "type": "Point", "coordinates": [ -46.651974, -23.5366402 ] } },
{ "type": "Feature", "properties": { "CNPJ": "27378672000191", "IDCIDADE": "SAO_PAULO", "NOMEFANTASIA": "LOJA_DE_SERVICOS._COM", "RAZAOSOCIAL": "MINHA_LOJA_DE_SERVICOS.COM_LTDA", "ENDEE": "RUA_DAS_PALMEIRAS336__VILA_BUARQUE_01226-010", "LMAPS": "https://www.google.com/maps?q=&layer=c&cbll=-46.6520337,-23.5366965", "O_QUE_FAZER": "CARTEIRA", "ER_REGIAO_CIDADE_min": "Capital Centro_Santa Cecília" }, "geometry": { "type": "Point", "coordinates": [ -46.6520337, -23.5366965 ] } },
{ "type": "Feature", "properties": { "CNPJ": "60915956000145", "IDCIDADE": "SAO_PAULO", "NOMEFANTASIA": "PANIFICADORA_NOVA_DAS_PALMEIRAS", "RAZAOSOCIAL": "PANIFICADORA_NOVA_DAS_PALMEIRAS_LTDA", "ENDEE": "RUA_DAS_PALMEIRAS382__VILA_BUARQUE_01226-010", "LMAPS": "https://www.google.com/maps?q=&layer=c&cbll=-46.6522883,-23.5364", "O_QUE_FAZER": "CARTEIRA", "ER_REGIAO_CIDADE_min": "Capital Centro_Santa Cecília" }, "geometry": { "type": "Point", "coordinates": [ -46.6522883, -23.5364 ] } },
{ "type": "Feature", "properties": { "CNPJ": "40208040000148", "IDCIDADE": "SAO_PAULO", "NOMEFANTASIA": "ROSE_COPIADORA", "RAZAOSOCIAL": "ROSE_COPIADORA_E_IMPRESSOES_LTDA", "ENDEE": "RUA_DAS_PALMEIRAS393__VILA_BUARQUE_01226-010", "LMAPS": "https://www.google.com/maps?q=&layer=c&cbll=-46.6521983,-23.536335", "O_QUE_FAZER": "CARTEIRA", "ER_REGIAO_CIDADE_min": "Capital Centro_Santa Cecília" }, "geometry": { "type": "Point", "coordinates": [ -46.6521983, -23.536335 ] } },
{ "type": "Feature", "properties": { "CNPJ": "22620136000218", "IDCIDADE": "SAO_PAULO", "NOMEFANTASIA": "OTICAS_CAROL", "RAZAOSOCIAL": "DANFLA_COMERCIO_DE_ARTIGOS_OTICOS_LTDA", "ENDEE": "RUA_DAS_PALMEIRAS403__VILA_BUARQUE_01226-010", "LMAPS": "https://www.google.com/maps?q=&layer=c&cbll=-46.6524967,-23.5362133", "O_QUE_FAZER": "CARTEIRA", "ER_REGIAO_CIDADE_min": "Capital Centro_Santa Cecília" }, "geometry": { "type": "Point", "coordinates": [ -46.6524967, -23.5362133 ] } },
{ "type": "Feature", "properties": { "CNPJ": "07432312000113", "IDCIDADE": "SAO_PAULO", "NOMEFANTASIA": "CACAU_SHOW", "RAZAOSOCIAL": "EDUARDO_CANDIDO_GOMES", "ENDEE": "RUA_DAS_PALMEIRAS413__VILA_BUARQUE_01226-010", "LMAPS": "https://www.google.com/maps?q=&layer=c&cbll=-46.6528415,-23.5363544", "O_QUE_FAZER": "CARTEIRA", "ER_REGIAO_CIDADE_min": "Capital Centro_Santa Cecília" }, "geometry": { "type": "Point", "coordinates": [ -46.6528415, -23.5363544 ] } },
{ "type": "Feature", "properties": { "CNPJ": "51835317000189", "IDCIDADE": "SAO_PAULO", "NOMEFANTASIA": "TARGET_FIT_CLUB", "RAZAOSOCIAL": "SANTA_CECILIA_CONDICIONAMENTO_FISICO_LTDA", "ENDEE": "RUA_DAS_PALMEIRAS74__VILA_BUARQUE_01226-010", "LMAPS": "https://www.google.com/maps?q=&layer=c&cbll=-46.649416,-23.5384655", "O_QUE_FAZER": "CARTEIRA", "ER_REGIAO_CIDADE_min": "Capital Centro_Santa Cecília" }, "geometry": { "type": "Point", "coordinates": [ -46.649416, -23.5384655 ] } },
{ "type": "Feature", "properties": { "CNPJ": "15527808000107", "IDCIDADE": "SAO_PAULO", "NOMEFANTASIA": "OTICA_GARDIEN", "RAZAOSOCIAL": "OTICA_GARDIEN_LTDA", "ENDEE": "RUA_DAS_PALMEIRAS97__VILA_BUARQUE_01226-010", "LMAPS": "https://www.google.com/maps?q=&layer=c&cbll=-46.6502683,-23.5381338", "O_QUE_FAZER": "CARTEIRA", "ER_REGIAO_CIDADE_min": "Capital Centro_Santa Cecília" }, "geometry": { "type": "Point", "coordinates": [ -46.6502683, -23.5381338 ] } },
{ "type": "Feature", "properties": { "CNPJ": "18003528000180", "IDCIDADE": "SAO_PAULO", "NOMEFANTASIA": "OSA_EMBALAGENS", "RAZAOSOCIAL": "A.M.E._COMERCIO_DE_EMBALAGENS_E_DESCARTAVEIS_LTDA", "ENDEE": "RUA_DAS_PALMEIRAS438__VILA_BUARQUE_01226-011", "LMAPS": "https://www.google.com/maps?q=&layer=c&cbll=-46.6528484,-23.5367222", "O_QUE_FAZER": "CARTEIRA", "ER_REGIAO_CIDADE_min": "Capital Centro_Santa Cecília" }, "geometry": { "type": "Point", "coordinates": [ -46.6528484, -23.5367222 ] } },
{ "type": "Feature", "properties": { "CNPJ": "21277452000195", "IDCIDADE": "SAO_PAULO", "NOMEFANTASIA": "VIA_BABUSH_RESTAURANTE", "RAZAOSOCIAL": "VB_KOSHER_FOOD_LTDA", "ENDEE": "RUA_BARAO_DE_TATUI115__VILA_BUARQUE_01226-030", "LMAPS": "https://www.google.com/maps?q=&layer=c&cbll=-46.653315,-23.5369983", "O_QUE_FAZER": "CARTEIRA", "ER_REGIAO_CIDADE_min": "Capital Centro_Santa Cecília" }, "geometry": { "type": "Point", "coordinates": [ -46.653315, -23.5369983 ] } },
{ "type": "Feature", "properties": { "CNPJ": "07221704000133", "IDCIDADE": "SAO_PAULO", "NOMEFANTASIA": "MARILAN_MUDANCAS", "RAZAOSOCIAL": "MARIBEM_TRANSPORTES_E_MUDANCAS_LTDA", "ENDEE": "RUA_BARAO_DE_TATUI164__VILA_BUARQUE_01226-030", "LMAPS": "https://www.google.com/maps?q=&layer=c&cbll=-46.6535744,-23.537341", "O_QUE_FAZER": "CARTEIRA", "ER_REGIAO_CIDADE_min": "Capital Centro_Santa Cecília" }, "geometry": { "type": "Point", "coordinates": [ -46.6535744, -23.537341 ] } },
{ "type": "Feature", "properties": { "CNPJ": "04691300000115", "IDCIDADE": "SAO_PAULO", "NOMEFANTASIA": "UTIL_DEMAIS_1", "RAZAOSOCIAL": "ONYX_COMERCIO_DE_UTENSILIOS_DOMESTICOS_LTDA", "ENDEE": "RUA_BARAO_DE_TATUI25__VILA_BUARQUE_01226-030", "LMAPS": "https://www.google.com/maps?q=&layer=c&cbll=-46.6528066,-23.5364015", "O_QUE_FAZER": "CARTEIRA", "ER_REGIAO_CIDADE_min": "Capital Centro_Santa Cecília" }, "geometry": { "type": "Point", "coordinates": [ -46.6528066, -23.5364015 ] } },
{ "type": "Feature", "properties": { "CNPJ": "47062034000174", "IDCIDADE": "SAO_PAULO", "NOMEFANTASIA": "BORGO_MOOCA_RESTAURANTE", "RAZAOSOCIAL": "BORGO_MOOCA_RESTAURANTE_LTDA.", "ENDEE": "RUA_BARAO_DE_TATUI302__VILA_BUARQUE_01226-030", "LMAPS": "https://www.google.com/maps?q=&layer=c&cbll=-46.6539269,-23.5384445", "O_QUE_FAZER": "CARTEIRA", "ER_REGIAO_CIDADE_min": "Capital Centro_Santa Cecília" }, "geometry": { "type": "Point", "coordinates": [ -46.6539269, -23.5384445 ] } },
{ "type": "Feature", "properties": { "CNPJ": "22341702000171", "IDCIDADE": "SAO_PAULO", "NOMEFANTASIA": "JUN_RESTAURANTE", "RAZAOSOCIAL": "WAGNER_JOSE_DE_OLIVEIRA_JUNIOR", "ENDEE": "RUA_BARAO_DE_TATUI376__VILA_BUARQUE_01226-030", "LMAPS": "https://www.google.com/maps?q=&layer=c&cbll=-46.6542794,-23.5392858", "O_QUE_FAZER": "CARTEIRA", "ER_REGIAO_CIDADE_min": "Capital Centro_Santa Cecília" }, "geometry": { "type": "Point", "coordinates": [ -46.6542794, -23.5392858 ] } },
{ "type": "Feature", "properties": { "CNPJ": "29197726000148", "IDCIDADE": "SAO_PAULO", "NOMEFANTASIA": "ZUD_CAFE", "RAZAOSOCIAL": "CHUCKY_MORALES_COMERCIO_DE_ALIMENTOS_E_BEBIDAS_LTDA", "ENDEE": "RUA_BARAO_DE_TATUI377__VILA_BUARQUE_01226-030", "LMAPS": "https://www.google.com/maps?q=&layer=c&cbll=-46.6542322,-23.5393222", "O_QUE_FAZER": "CARTEIRA", "ER_REGIAO_CIDADE_min": "Capital Centro_Santa Cecília" }, "geometry": { "type": "Point", "coordinates": [ -46.6542322, -23.5393222 ] } },
{ "type": "Feature", "properties": { "CNPJ": "35556163000130", "IDCIDADE": "SAO_PAULO", "NOMEFANTASIA": "CAFE_STORE", "RAZAOSOCIAL": "PROFISSIONAL_CAFE_STORE_COMERCIO_E_SERVICOS_LTDA", "ENDEE": "RUA_BARAO_DE_TATUI387__VILA_BUARQUE_01226-030", "LMAPS": "https://www.google.com/maps?q=&layer=c&cbll=-46.6542008,-23.5393693", "O_QUE_FAZER": "CARTEIRA", "ER_REGIAO_CIDADE_min": "Capital Centro_Santa Cecília" }, "geometry": { "type": "Point", "coordinates": [ -46.6542008, -23.5393693 ] } },
{ "type": "Feature", "properties": { "CNPJ": "24286806000156", "IDCIDADE": "SAO_PAULO", "NOMEFANTASIA": "KRAUT_BAR", "RAZAOSOCIAL": "KRAUT_BAR_LTDA.", "ENDEE": "RUA_BARAO_DE_TATUI405__VILA_BUARQUE_01226-030", "LMAPS": "https://www.google.com/maps?q=&layer=c&cbll=-46.6541947,-23.5395019", "O_QUE_FAZER": "CARTEIRA", "ER_REGIAO_CIDADE_min": "Capital Centro_Santa Cecília" }, "geometry": { "type": "Point", "coordinates": [ -46.6541947, -23.5395019 ] } },
{ "type": "Feature", "properties": { "CNPJ": "40607734000158", "IDCIDADE": "SAO_PAULO", "NOMEFANTASIA": "RC_CAR_PARK", "RAZAOSOCIAL": "RC_CAR_PARK_ESTACIONAMENTOS_LTDA", "ENDEE": "RUA_BARAO_DE_TATUI412__VILA_BUARQUE_01226-030", "LMAPS": "https://www.google.com/maps?q=&layer=c&cbll=-46.6542438,-23.5395576", "O_QUE_FAZER": "CARTEIRA", "ER_REGIAO_CIDADE_min": "Capital Centro_Santa Cecília" }, "geometry": { "type": "Point", "coordinates": [ -46.6542438, -23.5395576 ] } },
{ "type": "Feature", "properties": { "CNPJ": "44783314000183", "IDCIDADE": "SAO_PAULO", "NOMEFANTASIA": "HOBBYS_AQUARIO", "RAZAOSOCIAL": "HOBBY'S_AQUARIO_LTDA", "ENDEE": "RUA_BARAO_DE_TATUI417__VILA_BUARQUE_01226-030", "LMAPS": "https://www.google.com/maps?q=&layer=c&cbll=-46.6543745,-23.5396061", "O_QUE_FAZER": "CARTEIRA", "ER_REGIAO_CIDADE_min": "Capital Centro_Santa Cecília" }, "geometry": { "type": "Point", "coordinates": [ -46.6543745, -23.5396061 ] } },
{ "type": "Feature", "properties": { "CNPJ": "22024600000122", "IDCIDADE": "SAO_PAULO", "NOMEFANTASIA": "BARAO_RESTAURANTE", "RAZAOSOCIAL": "KARINE_AYUMI_HENMI", "ENDEE": "RUA_BARAO_DE_TATUI547__VILA_BUARQUE_01226-030", "LMAPS": "https://www.google.com/maps?q=&layer=c&cbll=-46.6545933,-23.5408033", "O_QUE_FAZER": "CARTEIRA", "ER_REGIAO_CIDADE_min": "Capital Centro_Santa Cecília" }, "geometry": { "type": "Point", "coordinates": [ -46.6545933, -23.5408033 ] } },
{ "type": "Feature", "properties": { "CNPJ": "07290589000159", "IDCIDADE": "SAO_PAULO", "NOMEFANTASIA": "BELEZA_DE_MARIA", "RAZAOSOCIAL": "OSMARINA_ALVES_DINIZ", "ENDEE": "RUA_BARAO_DE_TATUI528__VILA_BUARQUE_01226-031", "LMAPS": "https://www.google.com/maps?q=&layer=c&cbll=-46.6547871,-23.5405596", "O_QUE_FAZER": "CARTEIRA", "ER_REGIAO_CIDADE_min": "Capital Centro_Santa Cecília" }, "geometry": { "type": "Point", "coordinates": [ -46.6547871, -23.5405596 ] } },
{ "type": "Feature", "properties": { "CNPJ": "59406660000110", "IDCIDADE": "SAO_PAULO", "NOMEFANTASIA": "MEDICATIVA", "RAZAOSOCIAL": "MEDICATIVA_AVIAMENTOS_DE_RECEITAS_MEDICAS_LTDA", "ENDEE": "RUA_BARAO_DE_TATUI552__VILA_BUARQUE_01226-031", "LMAPS": "https://www.google.com/maps?q=&layer=c&cbll=-46.6547591,-23.5407751", "O_QUE_FAZER": "CARTEIRA", "ER_REGIAO_CIDADE_min": "Capital Centro_Santa Cecília" }, "geometry": { "type": "Point", "coordinates": [ -46.6547591, -23.5407751 ] } },
{ "type": "Feature", "properties": { "CNPJ": "31056268000179", "IDCIDADE": "SAO_PAULO", "NOMEFANTASIA": "FIOCA", "RAZAOSOCIAL": "FIOCA_CONFEITARIA_SAUDAVEL_LTDA.", "ENDEE": "RUA_BARAO_DE_TATUI555__VILA_BUARQUE_01226-031", "LMAPS": "https://www.google.com/maps?q=&layer=c&cbll=-46.6546433,-23.5407517", "O_QUE_FAZER": "CARTEIRA", "ER_REGIAO_CIDADE_min": "Capital Centro_Santa Cecília" }, "geometry": { "type": "Point", "coordinates": [ -46.6546433, -23.5407517 ] } },
{ "type": "Feature", "properties": { "CNPJ": "10888381000140", "IDCIDADE": "SAO_PAULO", "NOMEFANTASIA": "VOVO_JUJU", "RAZAOSOCIAL": "CAJU_COMERCIO_DE_FRALDAS_DESCARTAVEIS_E_PERFUMARIA_LTDA", "ENDEE": "RUA_BARAO_DE_TATUI574__VILA_BUARQUE_01226-031", "LMAPS": "https://www.google.com/maps?q=&layer=c&cbll=-46.6548417,-23.541", "O_QUE_FAZER": "CARTEIRA", "ER_REGIAO_CIDADE_min": "Capital Centro_Santa Cecília" }, "geometry": { "type": "Point", "coordinates": [ -46.6548417, -23.541 ] } },
{ "type": "Feature", "properties": { "CNPJ": "09653853000105", "IDCIDADE": "SAO_PAULO", "NOMEFANTASIA": "PANIFICADORA_IRACEMA", "RAZAOSOCIAL": "CONFEITARIA_E_ROTISSERIA_IRACEMA_LTDA", "ENDEE": "AVENIDA_ANGELICA101__SANTA_CECILIA_01227-000", "LMAPS": "https://www.google.com/maps?q=&layer=c&cbll=-46.653247,-23.5340113", "O_QUE_FAZER": "CARTEIRA", "ER_REGIAO_CIDADE_min": "Capital Centro_Santa Cecília" }, "geometry": { "type": "Point", "coordinates": [ -46.653247, -23.5340113 ] } },
{ "type": "Feature", "properties": { "CNPJ": "34241540000189", "IDCIDADE": "SAO_PAULO", "NOMEFANTASIA": "MR_VALET", "RAZAOSOCIAL": "JVC_PARK_ESTACIONAMENTOS_LTDA", "ENDEE": "AVENIDA_ANGELICA745__SANTA_CECILIA_01227-000", "LMAPS": "https://www.google.com/maps?q=&layer=c&cbll=-46.655007,-23.5395251", "O_QUE_FAZER": "CARTEIRA", "ER_REGIAO_CIDADE_min": "Capital Centro_Santa Cecília" }, "geometry": { "type": "Point", "coordinates": [ -46.655007, -23.5395251 ] } },
{ "type": "Feature", "properties": { "CNPJ": "02897790000185", "IDCIDADE": "SAO_PAULO", "NOMEFANTASIA": "NOVA_ANGELICA_HOTEL", "RAZAOSOCIAL": "HOTEL_NOVA_ANGELICA_LIMITADA", "ENDEE": "AVENIDA_ANGELICA132__SANTA_CECILIA_01228-000", "LMAPS": "https://www.google.com/maps?q=&layer=c&cbll=-46.6535833,-23.5340217", "O_QUE_FAZER": "CARTEIRA", "ER_REGIAO_CIDADE_min": "Capital Centro_Santa Cecília" }, "geometry": { "type": "Point", "coordinates": [ -46.6535833, -23.5340217 ] } },
{ "type": "Feature", "properties": { "CNPJ": "07584351000136", "IDCIDADE": "SAO_PAULO", "NOMEFANTASIA": "OPTICA_MY_VISION", "RAZAOSOCIAL": "OTICA_MY_VISION_LTDA", "ENDEE": "AVENIDA_ANGELICA546__SANTA_CECILIA_01228-000", "LMAPS": "https://www.google.com/maps?q=&layer=c&cbll=-46.6545283,-23.5370383", "O_QUE_FAZER": "CARTEIRA", "ER_REGIAO_CIDADE_min": "Capital Centro_Santa Cecília" }, "geometry": { "type": "Point", "coordinates": [ -46.6545283, -23.5370383 ] } },
{ "type": "Feature", "properties": { "CNPJ": "11836784000109", "IDCIDADE": "SAO_PAULO", "NOMEFANTASIA": "ESPETINHO_ANGELICA", "RAZAOSOCIAL": "BAR_E_ESPETINHO_ANGELICA_LTDA", "ENDEE": "AVENIDA_ANGELICA56__SANTA_CECILIA_01228-000", "LMAPS": "https://www.google.com/maps?q=&layer=c&cbll=-46.6531677,-23.5334475", "O_QUE_FAZER": "CARTEIRA", "ER_REGIAO_CIDADE_min": "Capital Centro_Santa Cecília" }, "geometry": { "type": "Point", "coordinates": [ -46.6531677, -23.5334475 ] } },
{ "type": "Feature", "properties": { "CNPJ": "44103794000194", "IDCIDADE": "SAO_PAULO", "NOMEFANTASIA": "EDUANA_BAR_E_LANCHES", "RAZAOSOCIAL": "BAR_E_LANCHES_EDUANA_LTDA", "ENDEE": "RUA_DOUTOR_VEIGA_FILHO273__SANTA_CECILIA_01229-001", "LMAPS": "https://www.google.com/maps?q=&layer=c&cbll=-46.6583583,-23.5406217", "O_QUE_FAZER": "CARTEIRA", "ER_REGIAO_CIDADE_min": "Capital Centro_Santa Cecília" }, "geometry": { "type": "Point", "coordinates": [ -46.6583583, -23.5406217 ] } },
{ "type": "Feature", "properties": { "CNPJ": "54600614000133", "IDCIDADE": "SAO_PAULO", "NOMEFANTASIA": "CARNES_PERDIZES", "RAZAOSOCIAL": "CASA_DE_CARNES_AVE-BOI_LTDA", "ENDEE": "RUA_SAO_VICENTE_DE_PAULA551__SANTA_CECILIA_01229-010", "LMAPS": "https://www.google.com/maps?q=&layer=c&cbll=-46.656575,-23.5392683", "O_QUE_FAZER": "CARTEIRA", "ER_REGIAO_CIDADE_min": "Capital Centro_Santa Cecília" }, "geometry": { "type": "Point", "coordinates": [ -46.656575, -23.5392683 ] } },
{ "type": "Feature", "properties": { "CNPJ": "52622659000183", "IDCIDADE": "SAO_PAULO", "NOMEFANTASIA": "NIRA_SUSHI", "RAZAOSOCIAL": "A.R.V._RESTAURANTE_JAPONES_LTDA", "ENDEE": "RUA_SAO_VICENTE_DE_PAULA561__SANTA_CECILIA_01229-010", "LMAPS": "https://www.google.com/maps?q=&layer=c&cbll=-46.65666,-23.5393783", "O_QUE_FAZER": "CARTEIRA", "ER_REGIAO_CIDADE_min": "Capital Centro_Santa Cecília" }, "geometry": { "type": "Point", "coordinates": [ -46.65666, -23.5393783 ] } },
{ "type": "Feature", "properties": { "CNPJ": "00510427000130", "IDCIDADE": "SAO_PAULO", "NOMEFANTASIA": "LANCHONETE_FLOR_DE_MORPARA", "RAZAOSOCIAL": "LANCHONETE_FLOR_DO_MORPARA_LTDA", "ENDEE": "RUA_SAO_VICENTE_DE_PAULA563__SANTA_CECILIA_01229-010", "LMAPS": "https://www.google.com/maps?q=&layer=c&cbll=-46.6565971,-23.5395296", "O_QUE_FAZER": "CARTEIRA", "ER_REGIAO_CIDADE_min": "Capital Centro_Santa Cecília" }, "geometry": { "type": "Point", "coordinates": [ -46.6565971, -23.5395296 ] } },
{ "type": "Feature", "properties": { "CNPJ": "07622505000137", "IDCIDADE": "SAO_PAULO", "NOMEFANTASIA": "MINORCAO", "RAZAOSOCIAL": "MINORCAO_PET_SHOP_LTDA", "ENDEE": "RUA_SAO_VICENTE_DE_PAULO275__SANTA_CECILIA_01229-010", "LMAPS": "https://www.google.com/maps?q=&layer=c&cbll=-46.6558317,-23.5368417", "O_QUE_FAZER": "CARTEIRA", "ER_REGIAO_CIDADE_min": "Capital Centro_Santa Cecília" }, "geometry": { "type": "Point", "coordinates": [ -46.6558317, -23.5368417 ] } },
{ "type": "Feature", "properties": { "CNPJ": "60609658000127", "IDCIDADE": "SAO_PAULO", "NOMEFANTASIA": "PADARIA_E_CONFEITARIA_BARONESA", "RAZAOSOCIAL": "PADARIA_E_CONFEITARIA_BARONESA_LTDA.", "ENDEE": "RUA_ALBUQUERQUE_LINS1038__SANTA_CECILIA_01230-000", "LMAPS": "https://www.google.com/maps?q=&layer=c&cbll=-46.6581009,-23.5390119", "O_QUE_FAZER": "CARTEIRA", "ER_REGIAO_CIDADE_min": "Capital Centro_Santa Cecília" }, "geometry": { "type": "Point", "coordinates": [ -46.6581009, -23.5390119 ] } },
{ "type": "Feature", "properties": { "CNPJ": "37844757000171", "IDCIDADE": "SAO_PAULO", "NOMEFANTASIA": "BOLO_DA_CASA_DA_VOVO", "RAZAOSOCIAL": "BOLO_DA_VOVO_ALMERINDA_LTDA", "ENDEE": "RUA_DOUTOR_ALBUQUERQUE_LINS106__SANTA_CECILIA_01230-001", "LMAPS": "https://www.google.com/maps?q=&layer=c&cbll=-46.6533633,-23.53175", "O_QUE_FAZER": "CARTEIRA", "ER_REGIAO_CIDADE_min": "Capital Centro_Santa Cecília" }, "geometry": { "type": "Point", "coordinates": [ -46.6533633, -23.53175 ] } },
{ "type": "Feature", "properties": { "CNPJ": "18644857000100", "IDCIDADE": "SAO_PAULO", "NOMEFANTASIA": "CEPA_ODONTOLOGIA", "RAZAOSOCIAL": "PIRES_&_PIRES_CLINICA_ODONTOLOGICA_LTDA", "ENDEE": "RUA_DOUTOR_ALBUQUERQUE_LINS170__SANTA_CECILIA_01230-001", "LMAPS": "https://www.google.com/maps?q=&layer=c&cbll=-46.6539733,-23.5321867", "O_QUE_FAZER": "CARTEIRA", "ER_REGIAO_CIDADE_min": "Capital Centro_Santa Cecília" }, "geometry": { "type": "Point", "coordinates": [ -46.6539733, -23.5321867 ] } },
{ "type": "Feature", "properties": { "CNPJ": "19834257000177", "IDCIDADE": "SAO_PAULO", "NOMEFANTASIA": "OFICINA_SAO_JOAO", "RAZAOSOCIAL": "RUBENS_JOSE_AZEVEDO_NETO", "ENDEE": "RUA_DOUTOR_ALBUQUERQUE_LINS184__SANTA_CECILIA_01230-001", "LMAPS": "https://www.google.com/maps?q=&layer=c&cbll=-46.65414,-23.53218", "O_QUE_FAZER": "CARTEIRA", "ER_REGIAO_CIDADE_min": "Capital Centro_Santa Cecília" }, "geometry": { "type": "Point", "coordinates": [ -46.65414, -23.53218 ] } },
{ "type": "Feature", "properties": { "CNPJ": "38492944000104", "IDCIDADE": "SAO_PAULO", "NOMEFANTASIA": "CRAVO_E_CANELA_TABACARIA", "RAZAOSOCIAL": "NATUREBA_TABACO_E_ACESSORIOS_LTDA", "ENDEE": "RUA_DOUTOR_ALBUQUERQUE_LINS209__SANTA_CECILIA_01230-001", "LMAPS": "https://www.google.com/maps?q=&layer=c&cbll=-46.6541367,-23.5326067", "O_QUE_FAZER": "CARTEIRA", "ER_REGIAO_CIDADE_min": "Capital Centro_Santa Cecília" }, "geometry": { "type": "Point", "coordinates": [ -46.6541367, -23.5326067 ] } },
{ "type": "Feature", "properties": { "CNPJ": "41646797000186", "IDCIDADE": "SAO_PAULO", "NOMEFANTASIA": "BAR_E_RESTAURANTE_ESQUINA_DA_LINS", "RAZAOSOCIAL": "BAR_E_RESTAURANTE_ESQUINA_DA_LINS_LTDA", "ENDEE": "RUA_DOUTOR_ALBUQUERQUE_LINS291__SANTA_CECILIA_01230-001", "LMAPS": "https://www.google.com/maps?q=&layer=c&cbll=-46.6545574,-23.5331257", "O_QUE_FAZER": "CARTEIRA", "ER_REGIAO_CIDADE_min": "Capital Centro_Santa Cecília" }, "geometry": { "type": "Point", "coordinates": [ -46.6545574, -23.5331257 ] } },
{ "type": "Feature", "properties": { "CNPJ": "10818778000166", "IDCIDADE": "SAO_PAULO", "NOMEFANTASIA": "MM_PRESENTES_E_ACESSORIOS", "RAZAOSOCIAL": "MM_PRESENTES_E_ACESSORIOS_PARA_CELULARES_LTDA", "ENDEE": "RUA_DOUTOR_ALBUQUERQUE_LINS294__SANTA_CECILIA_01230-001", "LMAPS": "https://www.google.com/maps?q=&layer=c&cbll=-46.6547176,-23.533098", "O_QUE_FAZER": "CARTEIRA", "ER_REGIAO_CIDADE_min": "Capital Centro_Santa Cecília" }, "geometry": { "type": "Point", "coordinates": [ -46.6547176, -23.533098 ] } },
{ "type": "Feature", "properties": { "CNPJ": "74222456000132", "IDCIDADE": "SAO_PAULO", "NOMEFANTASIA": "DROGARIA_ITAI", "RAZAOSOCIAL": "DROGARIA_PERFUMARIA_ITAI_LTDA", "ENDEE": "RUA_DOUTOR_ALBUQUERQUE_LINS300__SANTA_CECILIA_01230-001", "LMAPS": "https://www.google.com/maps?q=&layer=c&cbll=-46.6545733,-23.5332183", "O_QUE_FAZER": "CARTEIRA", "ER_REGIAO_CIDADE_min": "Capital Centro_Santa Cecília" }, "geometry": { "type": "Point", "coordinates": [ -46.6545733, -23.5332183 ] } },
{ "type": "Feature", "properties": { "CNPJ": "23890496000111", "IDCIDADE": "SAO_PAULO", "NOMEFANTASIA": "NOSSA_CASA_MATERIAIS_DE_CONSTRUCAO", "RAZAOSOCIAL": "GISLENE_APARECIDA_DOS_SANTOS_FERREIRA_MATERIAIS_PARA_CONSTRUCAO", "ENDEE": "RUA_DOUTOR_ALBUQUERQUE_LINS313__SANTA_CECILIA_01230-001", "LMAPS": "https://www.google.com/maps?q=&layer=c&cbll=-46.65489,-23.5332567", "O_QUE_FAZER": "CARTEIRA", "ER_REGIAO_CIDADE_min": "Capital Centro_Santa Cecília" }, "geometry": { "type": "Point", "coordinates": [ -46.65489, -23.5332567 ] } },
{ "type": "Feature", "properties": { "CNPJ": "48278223000141", "IDCIDADE": "SAO_PAULO", "NOMEFANTASIA": "ESPETINHO_DA_MARECHAL", "RAZAOSOCIAL": "BAR_E_ESPETINHO_MARECHAL_LTDA", "ENDEE": "RUA_DOUTOR_ALBUQUERQUE_LINS343__SANTA_CECILIA_01230-001", "LMAPS": "https://www.google.com/maps?q=&layer=c&cbll=-46.65498,-23.5335117", "O_QUE_FAZER": "CARTEIRA", "ER_REGIAO_CIDADE_min": "Capital Centro_Santa Cecília" }, "geometry": { "type": "Point", "coordinates": [ -46.65498, -23.5335117 ] } },
{ "type": "Feature", "properties": { "CNPJ": "18829546000115", "IDCIDADE": "SAO_PAULO", "NOMEFANTASIA": "MERCADO_MID", "RAZAOSOCIAL": "MERCADO_MID_LTDA", "ENDEE": "RUA_DOUTOR_ALBUQUERQUE_LINS358__SANTA_CECILIA_01230-001", "LMAPS": "https://www.google.com/maps?q=&layer=c&cbll=-46.655046,-23.5335675", "O_QUE_FAZER": "CARTEIRA", "ER_REGIAO_CIDADE_min": "Capital Centro_Santa Cecília" }, "geometry": { "type": "Point", "coordinates": [ -46.655046, -23.5335675 ] } },
{ "type": "Feature", "properties": { "CNPJ": "00233260000107", "IDCIDADE": "SAO_PAULO", "NOMEFANTASIA": "OFF_GREEN", "RAZAOSOCIAL": "BEETHOVEN_INDUSTRIA_E_COMERCIO_DE_CONFECCOES_LTDA", "ENDEE": "RUA_DOUTOR_ALBUQUERQUE_LINS361__SANTA_CECILIA_01230-001", "LMAPS": "https://www.google.com/maps?q=&layer=c&cbll=-46.654861,-23.5337625", "O_QUE_FAZER": "CARTEIRA", "ER_REGIAO_CIDADE_min": "Capital Centro_Santa Cecília" }, "geometry": { "type": "Point", "coordinates": [ -46.654861, -23.5337625 ] } },
{ "type": "Feature", "properties": { "CNPJ": "15359259000443", "IDCIDADE": "SAO_PAULO", "NOMEFANTASIA": "WORK_PARK", "RAZAOSOCIAL": "WORK_PARK_ESTACIONAMENTOS_E_SERVICOS_DE_VALLET_LTDA", "ENDEE": "RUA_DOUTOR_ALBUQUERQUE_LINS537__SANTA_CECILIA_01230-001", "LMAPS": "https://www.google.com/maps?q=&layer=c&cbll=-46.6561383,-23.534945", "O_QUE_FAZER": "CARTEIRA", "ER_REGIAO_CIDADE_min": "Capital Centro_Santa Cecília" }, "geometry": { "type": "Point", "coordinates": [ -46.6561383, -23.534945 ] } },
{ "type": "Feature", "properties": { "CNPJ": "54299391000116", "IDCIDADE": "SAO_PAULO", "NOMEFANTASIA": "PLASFORT", "RAZAOSOCIAL": "PLASFORT_COMERCIO_E_REPRESENTACOES_LTDA", "ENDEE": "RUA_DOUTOR_ALBUQUERQUE_LINS541__SANTA_CECILIA_01230-001", "LMAPS": "https://www.google.com/maps?q=&layer=c&cbll=-46.6561343,-23.5349239", "O_QUE_FAZER": "CARTEIRA", "ER_REGIAO_CIDADE_min": "Capital Centro_Santa Cecília" }, "geometry": { "type": "Point", "coordinates": [ -46.6561343, -23.5349239 ] } },
{ "type": "Feature", "properties": { "CNPJ": "28466212000188", "IDCIDADE": "SAO_PAULO", "NOMEFANTASIA": "MIMARIBELEZA_E_ESTETICA", "RAZAOSOCIAL": "MARIANA_TCHERNOBILSKY_BRAUN", "ENDEE": "RUA_DOUTOR_ALBUQUERQUE_LINS617__SANTA_CECILIA_01230-001", "LMAPS": "https://www.google.com/maps?q=&layer=c&cbll=-46.6564233,-23.5355133", "O_QUE_FAZER": "CARTEIRA", "ER_REGIAO_CIDADE_min": "Capital Centro_Santa Cecília" }, "geometry": { "type": "Point", "coordinates": [ -46.6564233, -23.5355133 ] } },
{ "type": "Feature", "properties": { "CNPJ": "02230111000110", "IDCIDADE": "SAO_PAULO", "NOMEFANTASIA": "POLANCO", "RAZAOSOCIAL": "COMERCIAL_POLANCO_LTDA", "ENDEE": "RUA_DOUTOR_ALBUQUERQUE_LINS645__SANTA_CECILIA_01230-001", "LMAPS": "https://www.google.com/maps?q=&layer=c&cbll=-46.6564736,-23.5358369", "O_QUE_FAZER": "CARTEIRA", "ER_REGIAO_CIDADE_min": "Capital Centro_Santa Cecília" }, "geometry": { "type": "Point", "coordinates": [ -46.6564736, -23.5358369 ] } },
{ "type": "Feature", "properties": { "CNPJ": "04921408000157", "IDCIDADE": "SAO_PAULO", "NOMEFANTASIA": "DFAB_MECANICA", "RAZAOSOCIAL": "UR13GB_-_COMERCIO_E_AUTOMOTIVOS_LTDA", "ENDEE": "RUA_ROSA_E_SILVA267__SANTA_CECILIA_01230-020", "LMAPS": "https://www.google.com/maps?q=&layer=c&cbll=-46.6581383,-23.53521", "O_QUE_FAZER": "CARTEIRA", "ER_REGIAO_CIDADE_min": "Capital Centro_Santa Cecília" }, "geometry": { "type": "Point", "coordinates": [ -46.6581383, -23.53521 ] } },
{ "type": "Feature", "properties": { "CNPJ": "38713797000147", "IDCIDADE": "SAO_PAULO", "NOMEFANTASIA": "KID_STOK_MARECHAL", "RAZAOSOCIAL": "SIMONE_CERQUEIRA_BATISTA", "ENDEE": "RUA_ROSA_E_SILVA37__SANTA_CECILIA_01230-020", "LMAPS": "https://www.google.com/maps?q=&layer=c&cbll=-46.6569167,-23.53346", "O_QUE_FAZER": "CARTEIRA", "ER_REGIAO_CIDADE_min": "Capital Centro_Santa Cecília" }, "geometry": { "type": "Point", "coordinates": [ -46.6569167, -23.53346 ] } },
{ "type": "Feature", "properties": { "CNPJ": "16730883000125", "IDCIDADE": "SAO_PAULO", "NOMEFANTASIA": "P,US_OPTICAL", "RAZAOSOCIAL": "OTICA_OR_VISION_LTDA", "ENDEE": "RUA_BARONESA_DE_ITU351__SANTA_CECILIA_01231-000", "LMAPS": "https://www.google.com/maps?q=&layer=c&cbll=-46.6562967,-23.5397267", "O_QUE_FAZER": "CARTEIRA", "ER_REGIAO_CIDADE_min": "Capital Centro_Santa Cecília" }, "geometry": { "type": "Point", "coordinates": [ -46.6562967, -23.5397267 ] } },
{ "type": "Feature", "properties": { "CNPJ": "32224931000160", "IDCIDADE": "SAO_PAULO", "NOMEFANTASIA": "SMOKEDELI", "RAZAOSOCIAL": "S_DELI_COMERCIO_E_FABRICACAO_DE_PRODUTOS_ALIMENTICIOS_LTDA.", "ENDEE": "RUA_BARONESA_DE_ITU375__SANTA_CECILIA_01231-000", "LMAPS": "https://www.google.com/maps?q=&layer=c&cbll=-46.6568397,-23.5396759", "O_QUE_FAZER": "CARTEIRA", "ER_REGIAO_CIDADE_min": "Capital Centro_Santa Cecília" }, "geometry": { "type": "Point", "coordinates": [ -46.6568397, -23.5396759 ] } },
{ "type": "Feature", "properties": { "CNPJ": "47893204000162", "IDCIDADE": "SAO_PAULO", "NOMEFANTASIA": "MH_ASSISTENCIA_E_ACESSORIOS", "RAZAOSOCIAL": "MH_ASSISTENCIA_E_ACESSORIOS_PARA_CELULARES_LTDA", "ENDEE": "RUA_BARONESA_DE_ITU396__SANTA_CECILIA_01231-000", "LMAPS": "https://www.google.com/maps?q=&layer=c&cbll=-46.6568476,-23.539399", "O_QUE_FAZER": "CARTEIRA", "ER_REGIAO_CIDADE_min": "Capital Centro_Santa Cecília" }, "geometry": { "type": "Point", "coordinates": [ -46.6568476, -23.539399 ] } },
{ "type": "Feature", "properties": { "CNPJ": "01350494000105", "IDCIDADE": "SAO_PAULO", "NOMEFANTASIA": "LAVANDERIA_CLASSE_A", "RAZAOSOCIAL": "MARIA_DO_ROSARIO_LEITE_FELIX_ROUPAS", "ENDEE": "RUA_BARONESA_DE_ITU96__SANTA_CECILIA_01231-000", "LMAPS": "https://www.google.com/maps?q=&layer=c&cbll=-46.654015,-23.5399039", "O_QUE_FAZER": "CARTEIRA", "ER_REGIAO_CIDADE_min": "Capital Centro_Santa Cecília" }, "geometry": { "type": "Point", "coordinates": [ -46.654015, -23.5399039 ] } },
{ "type": "Feature", "properties": { "CNPJ": "23623026000272", "IDCIDADE": "SAO_PAULO", "NOMEFANTASIA": "BOLO_DA_MADRE", "RAZAOSOCIAL": "JKA_COMERCIO_DE_ALIMENTOS_LTDA", "ENDEE": "RUA_BARONESA_DE_ITU402__SANTA_CECILIA_01231-001", "LMAPS": "https://www.google.com/maps?q=&layer=c&cbll=-46.6567067,-23.5391167", "O_QUE_FAZER": "CARTEIRA", "ER_REGIAO_CIDADE_min": "Capital Centro_Santa Cecília" }, "geometry": { "type": "Point", "coordinates": [ -46.6567067, -23.5391167 ] } },
{ "type": "Feature", "properties": { "CNPJ": "39612969000159", "IDCIDADE": "SAO_PAULO", "NOMEFANTASIA": "PETPARK", "RAZAOSOCIAL": "BUSQUILA_SERVICOS_PET_LTDA", "ENDEE": "RUA_BARONESA_DE_ITU581__SANTA_CECILIA_01231-001", "LMAPS": "https://www.google.com/maps?q=&layer=c&cbll=-46.6587267,-23.53899", "O_QUE_FAZER": "CARTEIRA", "ER_REGIAO_CIDADE_min": "Capital Centro_Santa Cecília" }, "geometry": { "type": "Point", "coordinates": [ -46.6587267, -23.53899 ] } },
{ "type": "Feature", "properties": { "CNPJ": "24291186000143", "IDCIDADE": "SAO_PAULO", "NOMEFANTASIA": "STUDIO_ANA_SANTOS", "RAZAOSOCIAL": "PETRONILA_MARIA_DOS_SANTOS_SANTIAGO", "ENDEE": "RUA_BARONESA_DE_ITU615__SANTA_CECILIA_01231-001", "LMAPS": "https://www.google.com/maps?q=&layer=c&cbll=-46.6589648,-23.5389933", "O_QUE_FAZER": "CARTEIRA", "ER_REGIAO_CIDADE_min": "Capital Centro_Santa Cecília" }, "geometry": { "type": "Point", "coordinates": [ -46.6589648, -23.5389933 ] } },
{ "type": "Feature", "properties": { "CNPJ": "61053179000130", "IDCIDADE": "SAO_PAULO", "NOMEFANTASIA": "ABC_COMERCIAL", "RAZAOSOCIAL": "RODRIGUES_&_RODRIGUES_COMERCIAL_LTDA", "ENDEE": "RUA_BARONESA_DE_ITU645__SANTA_CECILIA_01231-001", "LMAPS": "https://www.google.com/maps?q=&layer=c&cbll=-46.659185,-23.5389206", "O_QUE_FAZER": "CARTEIRA", "ER_REGIAO_CIDADE_min": "Capital Centro_Santa Cecília" }, "geometry": { "type": "Point", "coordinates": [ -46.659185, -23.5389206 ] } },
{ "type": "Feature", "properties": { "CNPJ": "65522377000156", "IDCIDADE": "SAO_PAULO", "NOMEFANTASIA": "MITIE_CABELEREIROS", "RAZAOSOCIAL": "MITIE_CABELEIREIRA_LTDA", "ENDEE": "ALAMEDA_BARROS262__SANTA_CECILIA_01232-000", "LMAPS": "https://www.google.com/maps?q=&layer=c&cbll=-46.6537283,-23.5371283", "O_QUE_FAZER": "CARTEIRA", "ER_REGIAO_CIDADE_min": "Capital Centro_Santa Cecília" }, "geometry": { "type": "Point", "coordinates": [ -46.6537283, -23.5371283 ] } },
{ "type": "Feature", "properties": { "CNPJ": "39240733000139", "IDCIDADE": "SAO_PAULO", "NOMEFANTASIA": "HAMBURGUINHO", "RAZAOSOCIAL": "ALAMEDA_BURGUER_EJ_HAMBURGUERIA_LTDA", "ENDEE": "ALAMEDA_BARROS274__SANTA_CECILIA_01232-000", "LMAPS": "https://www.google.com/maps?q=&layer=c&cbll=-46.6538383,-23.5370676", "O_QUE_FAZER": "CARTEIRA", "ER_REGIAO_CIDADE_min": "Capital Centro_Santa Cecília" }, "geometry": { "type": "Point", "coordinates": [ -46.6538383, -23.5370676 ] } },
{ "type": "Feature", "properties": { "CNPJ": "07503512000110", "IDCIDADE": "SAO_PAULO", "NOMEFANTASIA": "DROGARIA_VIA_BRASIL", "RAZAOSOCIAL": "DROGARIA_E_PERFUMARIA_VIA_BRASIL_LTDA", "ENDEE": "ALAMEDA_BARROS280__SANTA_CECILIA_01232-000", "LMAPS": "https://www.google.com/maps?q=&layer=c&cbll=-46.65386,-23.5370783", "O_QUE_FAZER": "CARTEIRA", "ER_REGIAO_CIDADE_min": "Capital Centro_Santa Cecília" }, "geometry": { "type": "Point", "coordinates": [ -46.65386, -23.5370783 ] } },
{ "type": "Feature", "properties": { "CNPJ": "42033934000170", "IDCIDADE": "SAO_PAULO", "NOMEFANTASIA": "GRAO_VEG_EMPORIO", "RAZAOSOCIAL": "NOVO_NATURAL_COMERCIO_DE_ALIMENTOS_LTDA", "ENDEE": "ALAMEDA_BARROS160__SANTA_CECILIA_01232-001", "LMAPS": "https://www.google.com/maps?q=&layer=c&cbll=-46.6528239,-23.5375995", "O_QUE_FAZER": "CARTEIRA", "ER_REGIAO_CIDADE_min": "Capital Centro_Santa Cecília" }, "geometry": { "type": "Point", "coordinates": [ -46.6528239, -23.5375995 ] } },
{ "type": "Feature", "properties": { "CNPJ": "61847349000158", "IDCIDADE": "SAO_PAULO", "NOMEFANTASIA": "JETMAK_LAVANDERIA", "RAZAOSOCIAL": "JETMAK_LAVANDERIA_AUTOMATICA_LTDA", "ENDEE": "ALAMEDA_BARROS164__SANTA_CECILIA_01232-001", "LMAPS": "https://www.google.com/maps?q=&layer=c&cbll=-46.6528833,-23.537465", "O_QUE_FAZER": "CARTEIRA", "ER_REGIAO_CIDADE_min": "Capital Centro_Santa Cecília" }, "geometry": { "type": "Point", "coordinates": [ -46.6528833, -23.537465 ] } },
{ "type": "Feature", "properties": { "CNPJ": "07052347000127", "IDCIDADE": "SAO_PAULO", "NOMEFANTASIA": "EMPADA_BRASIL", "RAZAOSOCIAL": "COMERCIO_DE_EMPADAS_BRASIL_SAO_PAULO_LTDA", "ENDEE": "ALAMEDA_BARROS170__SANTA_CECILIA_01232-001", "LMAPS": "https://www.google.com/maps?q=&layer=c&cbll=-46.6529109,-23.5375963", "O_QUE_FAZER": "CARTEIRA", "ER_REGIAO_CIDADE_min": "Capital Centro_Santa Cecília" }, "geometry": { "type": "Point", "coordinates": [ -46.6529109, -23.5375963 ] } },
{ "type": "Feature", "properties": { "CNPJ": "43913748000198", "IDCIDADE": "SAO_PAULO", "NOMEFANTASIA": "OTICA_VITORIA", "RAZAOSOCIAL": "OTICA_NOVA_VITORIA_LTDA", "ENDEE": "ALAMEDA_BARROS20__SANTA_CECILIA_01232-001", "LMAPS": "https://www.google.com/maps?q=&layer=c&cbll=-46.6518469,-23.5384756", "O_QUE_FAZER": "CARTEIRA", "ER_REGIAO_CIDADE_min": "Capital Centro_Santa Cecília" }, "geometry": { "type": "Point", "coordinates": [ -46.6518469, -23.5384756 ] } },
{ "type": "Feature", "properties": { "CNPJ": "19522138000189", "IDCIDADE": "SAO_PAULO", "NOMEFANTASIA": "LOJA_JAPONESA", "RAZAOSOCIAL": "MAGAZINE_ZS_LTDA", "ENDEE": "ALAMEDA_BARROS211__SANTA_CECILIA_01232-001", "LMAPS": "https://www.google.com/maps?q=&layer=c&cbll=-46.6534521,-23.5376169", "O_QUE_FAZER": "CARTEIRA", "ER_REGIAO_CIDADE_min": "Capital Centro_Santa Cecília" }, "geometry": { "type": "Point", "coordinates": [ -46.6534521, -23.5376169 ] } },
{ "type": "Feature", "properties": { "CNPJ": "62681762000158", "IDCIDADE": "SAO_PAULO", "NOMEFANTASIA": "CASA_DAS_FECHADURAS", "RAZAOSOCIAL": "DEL_GRANDE_&_CIA_LTDA", "ENDEE": "ALAMEDA_BARROS224__SANTA_CECILIA_01232-001", "LMAPS": "https://www.google.com/maps?q=&layer=c&cbll=-46.653374,-23.5373755", "O_QUE_FAZER": "CARTEIRA", "ER_REGIAO_CIDADE_min": "Capital Centro_Santa Cecília" }, "geometry": { "type": "Point", "coordinates": [ -46.653374, -23.5373755 ] } },
{ "type": "Feature", "properties": { "CNPJ": "44251196000162", "IDCIDADE": "SAO_PAULO", "NOMEFANTASIA": "BARBARA_DAMARINS_CAKE", "RAZAOSOCIAL": "ISABEL_R_MARTINS_CONFEITARIA", "ENDEE": "ALAMEDA_BARROS23__SANTA_CECILIA_01232-001", "LMAPS": "https://www.google.com/maps?q=&layer=c&cbll=-46.6518127,-23.5383744", "O_QUE_FAZER": "CARTEIRA", "ER_REGIAO_CIDADE_min": "Capital Centro_Santa Cecília" }, "geometry": { "type": "Point", "coordinates": [ -46.6518127, -23.5383744 ] } },
{ "type": "Feature", "properties": { "CNPJ": "30789836000420", "IDCIDADE": "SAO_PAULO", "NOMEFANTASIA": "BLACK_ZONE", "RAZAOSOCIAL": "BLACK_ZONE_TRADE_LTDA", "ENDEE": "ALAMEDA_BARROS36__SANTA_CECILIA_01232-001", "LMAPS": "https://www.google.com/maps?q=&layer=c&cbll=-46.6520153,-23.5384589", "O_QUE_FAZER": "CARTEIRA", "ER_REGIAO_CIDADE_min": "Capital Centro_Santa Cecília" }, "geometry": { "type": "Point", "coordinates": [ -46.6520153, -23.5384589 ] } },
{ "type": "Feature", "properties": { "CNPJ": "34961414000107", "IDCIDADE": "SAO_PAULO", "NOMEFANTASIA": "PAPELOKA", "RAZAOSOCIAL": "PAPELOKA_PAPELARIA_LTDA", "ENDEE": "ALAMEDA_BARROS37__SANTA_CECILIA_01232-001", "LMAPS": "https://www.google.com/maps?q=&layer=c&cbll=-46.6520384,-23.5384764", "O_QUE_FAZER": "CARTEIRA", "ER_REGIAO_CIDADE_min": "Capital Centro_Santa Cecília" }, "geometry": { "type": "Point", "coordinates": [ -46.6520384, -23.5384764 ] } },
{ "type": "Feature", "properties": { "CNPJ": "34242481000163", "IDCIDADE": "SAO_PAULO", "NOMEFANTASIA": "PLENTY_PARK", "RAZAOSOCIAL": "S.Y._JO_ESTACIONAMENTO", "ENDEE": "ALAMEDA_BARROS538__SANTA_CECILIA_01232-001", "LMAPS": "https://www.google.com/maps?q=&layer=c&cbll=-46.65627,-23.5363683", "O_QUE_FAZER": "CARTEIRA", "ER_REGIAO_CIDADE_min": "Capital Centro_Santa Cecília" }, "geometry": { "type": "Point", "coordinates": [ -46.65627, -23.5363683 ] } },
{ "type": "Feature", "properties": { "CNPJ": "67452375000163", "IDCIDADE": "SAO_PAULO", "NOMEFANTASIA": "RESTAURANTE_E_PIZZARIA_LENHARETTO", "RAZAOSOCIAL": "RESTAURANTE_E_PIZZARIA_LENHARETTO_LTDA", "ENDEE": "ALAMEDA_BARROS755__SANTA_CECILIA_01232-001", "LMAPS": "https://www.google.com/maps?q=&layer=c&cbll=-46.6579583,-23.5354483", "O_QUE_FAZER": "CARTEIRA", "ER_REGIAO_CIDADE_min": "Capital Centro_Santa Cecília" }, "geometry": { "type": "Point", "coordinates": [ -46.6579583, -23.5354483 ] } },
{ "type": "Feature", "properties": { "CNPJ": "11043286000109", "IDCIDADE": "SAO_PAULO", "NOMEFANTASIA": "OTICAS_CAROL", "RAZAOSOCIAL": "LUIZ_FLAVIO_LOBEL", "ENDEE": "ALAMEDA_BARROS782__SANTA_CECILIA_01232-001", "LMAPS": "https://www.google.com/maps?q=&layer=c&cbll=-46.6585763,-23.5354617", "O_QUE_FAZER": "CARTEIRA", "ER_REGIAO_CIDADE_min": "Capital Centro_Santa Cecília" }, "geometry": { "type": "Point", "coordinates": [ -46.6585763, -23.5354617 ] } },
{ "type": "Feature", "properties": { "CNPJ": "08873956000290", "IDCIDADE": "SAO_PAULO", "NOMEFANTASIA": "BEATRIZ_LAVANDERIA", "RAZAOSOCIAL": "LAVANDERIA_CAIOWAA_LTDA", "ENDEE": "ALAMEDA_BARROS782__SANTA_CECILIA_01232-001", "LMAPS": "https://www.google.com/maps?q=&layer=c&cbll=-46.658425,-23.5355767", "O_QUE_FAZER": "CARTEIRA", "ER_REGIAO_CIDADE_min": "Capital Centro_Santa Cecília" }, "geometry": { "type": "Point", "coordinates": [ -46.658425, -23.5355767 ] } },
{ "type": "Feature", "properties": { "CNPJ": "20452489000140", "IDCIDADE": "SAO_PAULO", "NOMEFANTASIA": "FORNERIA_PAULISTANA", "RAZAOSOCIAL": "FORNERIA_ALAMEDA_LTDA", "ENDEE": "ALAMEDA_BARROS83__SANTA_CECILIA_01232-001", "LMAPS": "https://www.google.com/maps?q=&layer=c&cbll=-46.6523833,-23.538235", "O_QUE_FAZER": "CARTEIRA", "ER_REGIAO_CIDADE_min": "Capital Centro_Santa Cecília" }, "geometry": { "type": "Point", "coordinates": [ -46.6523833, -23.538235 ] } },
{ "type": "Feature", "properties": { "CNPJ": "49008199000193", "IDCIDADE": "SAO_PAULO", "NOMEFANTASIA": "SALAO_RAMOS", "RAZAOSOCIAL": "AMANDA_RAMOS_GUILA_LTDA", "ENDEE": "ALAMEDA_BARROS839__SANTA_CECILIA_01232-001", "LMAPS": "https://www.google.com/maps?q=&layer=c&cbll=-46.6590735,-23.5355325", "O_QUE_FAZER": "CARTEIRA", "ER_REGIAO_CIDADE_min": "Capital Centro_Santa Cecília" }, "geometry": { "type": "Point", "coordinates": [ -46.6590735, -23.5355325 ] } },
{ "type": "Feature", "properties": { "CNPJ": "02593801000133", "IDCIDADE": "SAO_PAULO", "NOMEFANTASIA": "PAPELARIA_VSLEDO_JORDAO", "RAZAOSOCIAL": "PAPELARIA_VALE_DO_JORDAO_LTDA", "ENDEE": "ALAMEDA_BARROS912__SANTA_CECILIA_01232-001", "LMAPS": "https://www.google.com/maps?q=&layer=c&cbll=-46.6595639,-23.5348372", "O_QUE_FAZER": "CARTEIRA", "ER_REGIAO_CIDADE_min": "Capital Centro_Santa Cecília" }, "geometry": { "type": "Point", "coordinates": [ -46.6595639, -23.5348372 ] } },
{ "type": "Feature", "properties": { "CNPJ": "00183358000105", "IDCIDADE": "SAO_PAULO", "NOMEFANTASIA": "KRAKELE", "RAZAOSOCIAL": "JNF_CHERUBINI_ROUPAS_LTDA", "ENDEE": "ALAMEDA_BARROS917__SANTA_CECILIA_01232-001", "LMAPS": "https://www.google.com/maps?q=&layer=c&cbll=-46.6599239,-23.5351857", "O_QUE_FAZER": "CARTEIRA", "ER_REGIAO_CIDADE_min": "Capital Centro_Santa Cecília" }, "geometry": { "type": "Point", "coordinates": [ -46.6599239, -23.5351857 ] } },
{ "type": "Feature", "properties": { "CNPJ": "24073787000180", "IDCIDADE": "SAO_PAULO", "NOMEFANTASIA": "STUDIO_ROBERTO_CAPELLI", "RAZAOSOCIAL": "INSTITUTO_CAPELLI_SERVICOS_DE_BELEZA_LTDA", "ENDEE": "ALAMEDA_BARROS922__SANTA_CECILIA_01232-001", "LMAPS": "https://www.google.com/maps?q=&layer=c&cbll=-46.6597219,-23.5348888", "O_QUE_FAZER": "CARTEIRA", "ER_REGIAO_CIDADE_min": "Capital Centro_Santa Cecília" }, "geometry": { "type": "Point", "coordinates": [ -46.6597219, -23.5348888 ] } },
{ "type": "Feature", "properties": { "CNPJ": "23099964000304", "IDCIDADE": "SAO_PAULO", "NOMEFANTASIA": "DECADA", "RAZAOSOCIAL": "DECADA_COMERCIO_DE_ROUPAS_E_ACESSORIOS_LTDA", "ENDEE": "ALAMEDA_BARROS935__SANTA_CECILIA_01232-001", "LMAPS": "https://www.google.com/maps?q=&layer=c&cbll=-46.6599167,-23.5350633", "O_QUE_FAZER": "CARTEIRA", "ER_REGIAO_CIDADE_min": "Capital Centro_Santa Cecília" }, "geometry": { "type": "Point", "coordinates": [ -46.6599167, -23.5350633 ] } },
{ "type": "Feature", "properties": { "CNPJ": "48331033000140", "IDCIDADE": "SAO_PAULO", "NOMEFANTASIA": "CB_COMERCIO_DE_ALIMENTOS", "RAZAOSOCIAL": "CP_COMERCIO_DE_DOCES_LTDA", "ENDEE": "ALAMEDA_BARROS943__SANTA_CECILIA_01232-001", "LMAPS": "https://www.google.com/maps?q=&layer=c&cbll=-46.6599539,-23.5348507", "O_QUE_FAZER": "CARTEIRA", "ER_REGIAO_CIDADE_min": "Capital Centro_Santa Cecília" }, "geometry": { "type": "Point", "coordinates": [ -46.6599539, -23.5348507 ] } },
{ "type": "Feature", "properties": { "CNPJ": "33624251000104", "IDCIDADE": "SAO_PAULO", "NOMEFANTASIA": "SALVATORE_SERVICOS_AUTOMOTIVOS", "RAZAOSOCIAL": "SALVATORE_SERVICOS_AUTOMOTIVOS_LTDA", "ENDEE": "RUA_CONSELHEIRO_BROTERO430__BARRA_FUNDA_01232-010", "LMAPS": "https://www.google.com/maps?q=&layer=c&cbll=-46.657665,-23.5305583", "O_QUE_FAZER": "CARTEIRA", "ER_REGIAO_CIDADE_min": "Capital Centro_Santa Cecília" }, "geometry": { "type": "Point", "coordinates": [ -46.657665, -23.5305583 ] } },
{ "type": "Feature", "properties": { "CNPJ": "31980061000196", "IDCIDADE": "SAO_PAULO", "NOMEFANTASIA": "BOTECO_DA_DONA_TATI", "RAZAOSOCIAL": "BOTECO_DA_DONA_TATI_LTDA", "ENDEE": "RUA_CONSELHEIRO_BROTERO506__BARRA_FUNDA_01232-010", "LMAPS": "https://www.google.com/maps?q=&layer=c&cbll=-46.6583517,-23.5314683", "O_QUE_FAZER": "CARTEIRA", "ER_REGIAO_CIDADE_min": "Capital Centro_Santa Cecília" }, "geometry": { "type": "Point", "coordinates": [ -46.6583517, -23.5314683 ] } },
{ "type": "Feature", "properties": { "CNPJ": "32299438000109", "IDCIDADE": "SAO_PAULO", "NOMEFANTASIA": "ELITE_PARK", "RAZAOSOCIAL": "ELITE_PARK_ESTACIONAMENTO_LTDA", "ENDEE": "RUA_CONSELHEIRO_BROTERO521__BARRA_FUNDA_01232-010", "LMAPS": "https://www.google.com/maps?q=&layer=c&cbll=-46.6584158,-23.5315004", "O_QUE_FAZER": "CARTEIRA", "ER_REGIAO_CIDADE_min": "Capital Centro_Santa Cecília" }, "geometry": { "type": "Point", "coordinates": [ -46.6584158, -23.5315004 ] } },
{ "type": "Feature", "properties": { "CNPJ": "20343741000182", "IDCIDADE": "SAO_PAULO", "NOMEFANTASIA": "NEED_LAVANDERIA", "RAZAOSOCIAL": "R_&_Q_SERVICOS_DE_LAVANDERIA_LTDA", "ENDEE": "RUA_CONSELHEIRO_BROTERO698__SANTA_CECILIA_01232-010", "LMAPS": "https://www.google.com/maps?q=&layer=c&cbll=-46.6589869,-23.5326666", "O_QUE_FAZER": "CARTEIRA", "ER_REGIAO_CIDADE_min": "Capital Centro_Santa Cecília" }, "geometry": { "type": "Point", "coordinates": [ -46.6589869, -23.5326666 ] } },
{ "type": "Feature", "properties": { "CNPJ": "20784142000102", "IDCIDADE": "SAO_PAULO", "NOMEFANTASIA": "VELODROME", "RAZAOSOCIAL": "CRAB_BICICLETARIA_LTDA", "ENDEE": "RUA_CONSELHEIRO_BROTERO744__SANTA_CECILIA_01232-010", "LMAPS": "https://www.google.com/maps?q=&layer=c&cbll=-46.6591542,-23.5330625", "O_QUE_FAZER": "CARTEIRA", "ER_REGIAO_CIDADE_min": "Capital Centro_Santa Cecília" }, "geometry": { "type": "Point", "coordinates": [ -46.6591542, -23.5330625 ] } },
{ "type": "Feature", "properties": { "CNPJ": "56601115000196", "IDCIDADE": "SAO_PAULO", "NOMEFANTASIA": "PIZZARIA_TIABELA", "RAZAOSOCIAL": "PIZZARIA_CORTEZ_E_FERREIRA_LTDA", "ENDEE": "RUA_CONSELHEIRO_BROTERO810__BARRA_FUNDA_01232-010", "LMAPS": "https://www.google.com/maps?q=&layer=c&cbll=-46.6594874,-23.5335653", "O_QUE_FAZER": "CARTEIRA", "ER_REGIAO_CIDADE_min": "Capital Centro_Santa Cecília" }, "geometry": { "type": "Point", "coordinates": [ -46.6594874, -23.5335653 ] } },
{ "type": "Feature", "properties": { "CNPJ": "52092186000150", "IDCIDADE": "SAO_PAULO", "NOMEFANTASIA": "EMPORIO_A_BRASILEIRA_BAR_E_RESTAURANTE", "RAZAOSOCIAL": "EMPORIO_A_BRASILEIRA_BAR_E_RESTAURANTE_LTDA", "ENDEE": "RUA_CONSELHEIRO_BROTERO953__SANTA_CECILIA_01232-010", "LMAPS": "https://www.google.com/maps?q=&layer=c&cbll=-46.6600013,-23.5350826", "O_QUE_FAZER": "CARTEIRA", "ER_REGIAO_CIDADE_min": "Capital Centro_Santa Cecília" }, "geometry": { "type": "Point", "coordinates": [ -46.6600013, -23.5350826 ] } },
{ "type": "Feature", "properties": { "CNPJ": "42129401000196", "IDCIDADE": "SAO_PAULO", "NOMEFANTASIA": "BEBIDAS_YTAL", "RAZAOSOCIAL": "ANTONIO_PAULO_COMERCIO_DE_BEBIDAS_LTDA", "ENDEE": "RUA_CONSELHEIRO_BROTERO759__SANTA_CECILIA_01232-011", "LMAPS": "https://www.google.com/maps?q=&layer=c&cbll=-46.6592383,-23.5331583", "O_QUE_FAZER": "CARTEIRA", "ER_REGIAO_CIDADE_min": "Capital Centro_Santa Cecília" }, "geometry": { "type": "Point", "coordinates": [ -46.6592383, -23.5331583 ] } },
{ "type": "Feature", "properties": { "CNPJ": "05613293000104", "IDCIDADE": "SAO_PAULO", "NOMEFANTASIA": "VIDA_E_COR", "RAZAOSOCIAL": "M._BENZAKEIN", "ENDEE": "RUA_CONSELHEIRO_BROTERO947__SANTA_CECILIA_01232-011", "LMAPS": "https://www.google.com/maps?q=&layer=c&cbll=-46.6599904,-23.5347053", "O_QUE_FAZER": "CARTEIRA", "ER_REGIAO_CIDADE_min": "Capital Centro_Santa Cecília" }, "geometry": { "type": "Point", "coordinates": [ -46.6599904, -23.5347053 ] } },
{ "type": "Feature", "properties": { "CNPJ": "28361532000173", "IDCIDADE": "SAO_PAULO", "NOMEFANTASIA": "JACA_BOAH", "RAZAOSOCIAL": "MARIANA_FIGUEIREDO_BERTELLI", "ENDEE": "RUA_TUPI177__SANTA_CECILIA_01233-001", "LMAPS": "https://www.google.com/maps?q=&layer=c&cbll=-46.6605,-23.5333667", "O_QUE_FAZER": "CARTEIRA", "ER_REGIAO_CIDADE_min": "Capital Centro_Santa Cecília" }, "geometry": { "type": "Point", "coordinates": [ -46.6605, -23.5333667 ] } },
{ "type": "Feature", "properties": { "CNPJ": "02266454000134", "IDCIDADE": "SAO_PAULO", "NOMEFANTASIA": "JM_AUTOMOTIVE_SERVICE", "RAZAOSOCIAL": "JOAO_HENRIQUE_DE_MOURA", "ENDEE": "RUA_TUPI205__SANTA_CECILIA_01233-001", "LMAPS": "https://www.google.com/maps?q=&layer=c&cbll=-46.6606214,-23.5335794", "O_QUE_FAZER": "CARTEIRA", "ER_REGIAO_CIDADE_min": "Capital Centro_Santa Cecília" }, "geometry": { "type": "Point", "coordinates": [ -46.6606214, -23.5335794 ] } },
{ "type": "Feature", "properties": { "CNPJ": "10966461000177", "IDCIDADE": "SAO_PAULO", "NOMEFANTASIA": "BIOMETRIA_BRASIL", "RAZAOSOCIAL": "BIOMETRIA_BRASIL_TECNOLOGIA_E_SISTEMAS_INTELIGENTES_LTDA", "ENDEE": "RUA_TUPI280__SANTA_CECILIA_01233-001", "LMAPS": "https://www.google.com/maps?q=&layer=c&cbll=-46.661015,-23.5341817", "O_QUE_FAZER": "CARTEIRA", "ER_REGIAO_CIDADE_min": "Capital Centro_Santa Cecília" }, "geometry": { "type": "Point", "coordinates": [ -46.661015, -23.5341817 ] } },
{ "type": "Feature", "properties": { "CNPJ": "28402460000165", "IDCIDADE": "SAO_PAULO", "NOMEFANTASIA": "PARK_ESTACIONAMENTO", "RAZAOSOCIAL": "ROBERTO_NUNES_FERRAZ_ESTACIONAMENTO", "ENDEE": "RUA_TUPI397__SANTA_CECILIA_01233-001", "LMAPS": "https://www.google.com/maps?q=&layer=c&cbll=-46.6613621,-23.535282", "O_QUE_FAZER": "CARTEIRA", "ER_REGIAO_CIDADE_min": "Capital Centro_Santa Cecília" }, "geometry": { "type": "Point", "coordinates": [ -46.6613621, -23.535282 ] } },
{ "type": "Feature", "properties": { "CNPJ": "05546634000168", "IDCIDADE": "SAO_PAULO", "NOMEFANTASIA": "HIDRAULICA_ELETRICA_SOUZA", "RAZAOSOCIAL": "HIDRAULICA_ELETRICA_SOUZA_LTDA", "ENDEE": "RUA_TUPI41__SANTA_CECILIA_01233-001", "LMAPS": "https://www.google.com/maps?q=&layer=c&cbll=-46.6601267,-23.53222", "O_QUE_FAZER": "CARTEIRA", "ER_REGIAO_CIDADE_min": "Capital Centro_Santa Cecília" }, "geometry": { "type": "Point", "coordinates": [ -46.6601267, -23.53222 ] } },
{ "type": "Feature", "properties": { "CNPJ": "04890272000165", "IDCIDADE": "SAO_PAULO", "NOMEFANTASIA": "PET_SHOP_BICHARADA", "RAZAOSOCIAL": "BICHARADA_ARTIGOS_PARA_ANIMAIS_LTDA", "ENDEE": "RUA_TUPI490__SANTA_CECILIA_01233-001", "LMAPS": "https://www.google.com/maps?q=&layer=c&cbll=-46.6620267,-23.5361793", "O_QUE_FAZER": "CARTEIRA", "ER_REGIAO_CIDADE_min": "Capital Centro_Santa Cecília" }, "geometry": { "type": "Point", "coordinates": [ -46.6620267, -23.5361793 ] } },
{ "type": "Feature", "properties": { "CNPJ": "25268410000149", "IDCIDADE": "SAO_PAULO", "NOMEFANTASIA": "ESPACO_VERTICE_SAUDE", "RAZAOSOCIAL": "ESPACO_VERTICE_SAUDE_LTDA.", "ENDEE": "RUA_TUPI560__SANTA_CECILIA_01233-001", "LMAPS": "https://www.google.com/maps?q=&layer=c&cbll=-46.6620722,-23.5364948", "O_QUE_FAZER": "CARTEIRA", "ER_REGIAO_CIDADE_min": "Capital Centro_Santa Cecília" }, "geometry": { "type": "Point", "coordinates": [ -46.6620722, -23.5364948 ] } },
{ "type": "Feature", "properties": { "CNPJ": "19677577000160", "IDCIDADE": "SAO_PAULO", "NOMEFANTASIA": "SS_ESTACIONAMENTO", "RAZAOSOCIAL": "SANTOS_E_SILVA_ESTACIONAMENTOS_LTDA", "ENDEE": "RUA_TUPI92__SANTA_CECILIA_01233-060", "LMAPS": "https://www.google.com/maps?q=&layer=c&cbll=-46.6604151,-23.5326497", "O_QUE_FAZER": "CARTEIRA", "ER_REGIAO_CIDADE_min": "Capital Centro_Santa Cecília" }, "geometry": { "type": "Point", "coordinates": [ -46.6604151, -23.5326497 ] } },
{ "type": "Feature", "properties": { "CNPJ": "47577523000169", "IDCIDADE": "SAO_PAULO", "NOMEFANTASIA": "MERCADOMED", "RAZAOSOCIAL": "CARDIOEQUIPO_ELETROMEDICINA_COMERCIAL_LTDA.", "ENDEE": "RUA_DONA_VERIDIANA107__HIGIENOPOLIS_01238-010", "LMAPS": "https://www.google.com/maps?q=&layer=c&cbll=-46.6504719,-23.5405672", "O_QUE_FAZER": "CARTEIRA", "ER_REGIAO_CIDADE_min": "Capital Centro_Santa Cecília" }, "geometry": { "type": "Point", "coordinates": [ -46.6504719, -23.5405672 ] } },
{ "type": "Feature", "properties": { "CNPJ": "15435125000111", "IDCIDADE": "SAO_PAULO", "NOMEFANTASIA": "CANTI_HO_DA_CECILIA", "RAZAOSOCIAL": "FAMILY_WINNERS_RESTAURANTE_LANCHONETE_PIZZARIA_E_BAR_LTDA", "ENDEE": "RUA_DONA_VERIDIANA14__HIGIENOPOLIS_01238-010", "LMAPS": "https://www.google.com/maps?q=&layer=c&cbll=-46.65157,-23.539935", "O_QUE_FAZER": "CARTEIRA", "ER_REGIAO_CIDADE_min": "Capital Centro_Santa Cecília" }, "geometry": { "type": "Point", "coordinates": [ -46.65157, -23.539935 ] } },
{ "type": "Feature", "properties": { "CNPJ": "26472070000136", "IDCIDADE": "SAO_PAULO", "NOMEFANTASIA": "CHIQUINHO_SORVETES", "RAZAOSOCIAL": "FABRICIO_CIARINI_VIOTT", "ENDEE": "RUA_DONA_VERIDIANA196__HIGIENOPOLIS_01238-010", "LMAPS": "https://www.google.com/maps?q=&layer=c&cbll=-46.6508665,-23.5413289", "O_QUE_FAZER": "CARTEIRA", "ER_REGIAO_CIDADE_min": "Capital Centro_Santa Cecília" }, "geometry": { "type": "Point", "coordinates": [ -46.6508665, -23.5413289 ] } },
{ "type": "Feature", "properties": { "CNPJ": "47186903000172", "IDCIDADE": "SAO_PAULO", "NOMEFANTASIA": "AMPLICOLOR", "RAZAOSOCIAL": "FOTOACABAMENTO_AMPLICOLOR_LTDA", "ENDEE": "RUA_DONA_VERIDIANA200__HIGIENOPOLIS_01238-010", "LMAPS": "https://www.google.com/maps?q=&layer=c&cbll=-46.6508624,-23.541332", "O_QUE_FAZER": "CARTEIRA", "ER_REGIAO_CIDADE_min": "Capital Centro_Santa Cecília" }, "geometry": { "type": "Point", "coordinates": [ -46.6508624, -23.541332 ] } },
{ "type": "Feature", "properties": { "CNPJ": "43229223000138", "IDCIDADE": "SAO_PAULO", "NOMEFANTASIA": "MAXXI_NATURAIS", "RAZAOSOCIAL": "VICENZZO_II_PRODUTOS_NATURAIS_LTDA", "ENDEE": "RUA_DONA_VERIDIANA36__HIGIENOPOLIS_01238-010", "LMAPS": "https://www.google.com/maps?q=&layer=c&cbll=-46.6504519,-23.5399279", "O_QUE_FAZER": "CARTEIRA", "ER_REGIAO_CIDADE_min": "Capital Centro_Santa Cecília" }, "geometry": { "type": "Point", "coordinates": [ -46.6504519, -23.5399279 ] } },
{ "type": "Feature", "properties": { "CNPJ": "08833249000190", "IDCIDADE": "SAO_PAULO", "NOMEFANTASIA": "ULTRA_PARK", "RAZAOSOCIAL": "ULTRA_PARK_ESTACIONAMENTOS_LTDA", "ENDEE": "RUA_DONA_VERIDIANA53__HIGIENOPOLIS_01238-010", "LMAPS": "https://www.google.com/maps?q=&layer=c&cbll=-46.6503022,-23.540069", "O_QUE_FAZER": "CARTEIRA", "ER_REGIAO_CIDADE_min": "Capital Centro_Santa Cecília" }, "geometry": { "type": "Point", "coordinates": [ -46.6503022, -23.540069 ] } },
{ "type": "Feature", "properties": { "CNPJ": "09454502000167", "IDCIDADE": "SAO_PAULO", "NOMEFANTASIA": "MAIS_SABOR", "RAZAOSOCIAL": "LANCHONETE_DONA_VERIDIANA_LTDA", "ENDEE": "RUA_DONA_VERIDIANA73__HIGIENOPOLIS_01238-010", "LMAPS": "https://www.google.com/maps?q=&layer=c&cbll=-46.6503521,-23.5399924", "O_QUE_FAZER": "CARTEIRA", "ER_REGIAO_CIDADE_min": "Capital Centro_Santa Cecília" }, "geometry": { "type": "Point", "coordinates": [ -46.6503521, -23.5399924 ] } },
{ "type": "Feature", "properties": { "CNPJ": "42746991000104", "IDCIDADE": "SAO_PAULO", "NOMEFANTASIA": "CRISTALINA", "RAZAOSOCIAL": "SUPERMERCADO_E_CONVENIENCIA_VERIDIANA_LTDA", "ENDEE": "RUA_DONA_VERIDIANA91__HIGIENOPOLIS_01238-010", "LMAPS": "https://www.google.com/maps?q=&layer=c&cbll=-46.6504933,-23.5404533", "O_QUE_FAZER": "CARTEIRA", "ER_REGIAO_CIDADE_min": "Capital Centro_Santa Cecília" }, "geometry": { "type": "Point", "coordinates": [ -46.6504933, -23.5404533 ] } },
{ "type": "Feature", "properties": { "CNPJ": "27882586000111", "IDCIDADE": "SAO_PAULO", "NOMEFANTASIA": "MOOVE_FITNESS", "RAZAOSOCIAL": "MOOVE_FITNESS_ACADEMIA_DE_GINASTICA_LTDA.", "ENDEE": "AVENIDA_GENERAL_OLIMPIO_DA_SILVEIRA216__SANTA_CECILIA_02473-040", "LMAPS": "https://www.google.com/maps?q=&layer=c&cbll=-46.6584367,-23.53203", "O_QUE_FAZER": "CARTEIRA", "ER_REGIAO_CIDADE_min": "Capital Centro_Santa Cecília" }, "geometry": { "type": "Point", "coordinates": [ -46.6584367, -23.53203 ] } },
{ "type": "Feature", "properties": { "CNPJ": "43207646000157", "IDCIDADE": "SAO_PAULO", "NOMEFANTASIA": "SOPRA_BALAO", "RAZAOSOCIAL": "PROCOL_INDUSTRIA_E_COMERCIO_LTDA", "ENDEE": "RUA_TUPI274__SANTA_CECILIA_04477-420", "LMAPS": "https://www.google.com/maps?q=&layer=c&cbll=-46.6609333,-23.534145", "O_QUE_FAZER": "CARTEIRA", "ER_REGIAO_CIDADE_min": "Capital Centro_Santa Cecília" }, "geometry": { "type": "Point", "coordinates": [ -46.6609333, -23.534145 ] } },
{ "type": "Feature", "properties": { "CNPJ": "57366809000159", "IDCIDADE": "SAO_PAULO", "NOMEFANTASIA": "LIDER", "RAZAOSOCIAL": "LIDER_PNEUS_E_ACESSORIOS_LTDA", "ENDEE": "ALAMEDA_EDUARDO_PRADO863__CAMPOS_ELISEOS_04941-175", "LMAPS": "https://www.google.com/maps?q=&layer=c&cbll=-46.6527283,-23.5329217", "O_QUE_FAZER": "CARTEIRA", "ER_REGIAO_CIDADE_min": "Capital Centro_Santa Cecília" }, "geometry": { "type": "Point", "coordinates": [ -46.6527283, -23.5329217 ] } },
{ "type": "Feature", "properties": { "CNPJ": "44934531000127", "IDCIDADE": "SAO_PAULO", "NOMEFANTASIA": "TAO_LONGE_TAO_PERTO", "RAZAOSOCIAL": "TAO_LONGE,_TAO_PERTO_COMERCIO_E_SERVICOS_LTDA", "ENDEE": "RUA_DOUTOR_SERGIO_MEIRA7__CERQUEIRA_CESAR_05414-001", "LMAPS": "https://www.google.com/maps?q=&layer=c&cbll=-46.6548683,-23.5296033", "O_QUE_FAZER": "CARTEIRA", "ER_REGIAO_CIDADE_min": "Capital Centro_Santa Cecília" }, "geometry": { "type": "Point", "coordinates": [ -46.6548683, -23.5296033 ] } },
{ "type": "Feature", "properties": { "CNPJ": "56032834000133", "IDCIDADE": "SAO_PAULO", "NOMEFANTASIA": "56.032.834_ANDREA_DOS_REIS", "RAZAOSOCIAL": "DONAKYON_BOCHE", "ENDEE": "RUA_CONEGO_VICENTE_MIGUEL_MARINO101__BARRA_FUNDA_01135-020", "LMAPS": "https://www.google.com/maps?q=&layer=c&cbll=-46.6494234,-23.5270649", "O_QUE_FAZER": "FINALIZADO", "ER_REGIAO_CIDADE_min": "Capital Centro_Santa Cecília" }, "geometry": { "type": "Point", "coordinates": [ -46.6494234, -23.5270649 ] } },
{ "type": "Feature", "properties": { "CNPJ": "60514061000107", "IDCIDADE": "SAO_PAULO", "NOMEFANTASIA": "60.514.061_GIOVANA_ANDRADE_BONOCCHI_MILLER", "RAZAOSOCIAL": "60.514.061_GIOVANA_ANDRADE_BONOCCHI_MILLER", "ENDEE": "RUA_CONEGO_VICENTE_MIGUEL_MARINO43__BARRA_FUNDA_01135-020", "LMAPS": "https://www.google.com/maps?q=&layer=c&cbll=-46.6487914,-23.5270684", "O_QUE_FAZER": "FINALIZADO", "ER_REGIAO_CIDADE_min": "Capital Centro_Santa Cecília" }, "geometry": { "type": "Point", "coordinates": [ -46.6487914, -23.5270684 ] } },
{ "type": "Feature", "properties": { "CNPJ": "03064520000156", "IDCIDADE": "SAO_PAULO", "NOMEFANTASIA": "VITESSE_SERVICOS_DE_LAVANDERIA_LTDA", "RAZAOSOCIAL": "VITESSE_SERVICOS_DE_LAVANDERIA_LTDA", "ENDEE": "RUA_NORMA_PIERUCCINI_GIANNOTTI423__BARRA_FUNDA_01137-010", "LMAPS": "https://www.google.com/maps?q=&layer=c&cbll=-46.654848,-23.523279", "O_QUE_FAZER": "FINALIZADO", "ER_REGIAO_CIDADE_min": "Capital Centro_Santa Cecília" }, "geometry": { "type": "Point", "coordinates": [ -46.654848, -23.523279 ] } },
{ "type": "Feature", "properties": { "CNPJ": "11240909000133", "IDCIDADE": "SAO_PAULO", "NOMEFANTASIA": "11.240.909_DOMINGOS_EVANALDO_RIBEIRO_RODRIGUES", "RAZAOSOCIAL": "IPIAPABA_BAR", "ENDEE": "AVENIDA_GENERAL_OLIMPIO_DA_SILVEIRA149__SANTA_CECILIA_01150-000", "LMAPS": "https://www.google.com/maps?q=&layer=c&cbll=-46.6580823,-23.5325597", "O_QUE_FAZER": "FINALIZADO", "ER_REGIAO_CIDADE_min": "Capital Centro_Santa Cecília" }, "geometry": { "type": "Point", "coordinates": [ -46.6580823, -23.5325597 ] } },
{ "type": "Feature", "properties": { "CNPJ": "19999248000136", "IDCIDADE": "SAO_PAULO", "NOMEFANTASIA": "IRMAOS_CEARA_-_BAR_E_LANCHONETE_LTDA", "RAZAOSOCIAL": "BAR_E_LANCHES_ENCONTRO_DOS_AMIGOS", "ENDEE": "AVENIDA_GENERAL_OLIMPIO_DA_SILVEIRA183__SANTA_CECILIA_01150-000", "LMAPS": "https://www.google.com/maps?q=&layer=c&cbll=-46.6583214,-23.5324433", "O_QUE_FAZER": "FINALIZADO", "ER_REGIAO_CIDADE_min": "Capital Centro_Santa Cecília" }, "geometry": { "type": "Point", "coordinates": [ -46.6583214, -23.5324433 ] } },
{ "type": "Feature", "properties": { "CNPJ": "54371955000184", "IDCIDADE": "SAO_PAULO", "NOMEFANTASIA": "54.371.955_EDIVALDO_ALVES_DOS_SANTOS", "RAZAOSOCIAL": "SABOR_DO_CAPOEIRA", "ENDEE": "AVENIDA_GENERAL_OLIMPIO_DA_SILVEIRA349__SANTA_CECILIA_01150-000", "LMAPS": "https://www.google.com/maps?q=&layer=c&cbll=-46.659787,-23.5322392", "O_QUE_FAZER": "FINALIZADO", "ER_REGIAO_CIDADE_min": "Capital Centro_Santa Cecília" }, "geometry": { "type": "Point", "coordinates": [ -46.659787, -23.5322392 ] } },
{ "type": "Feature", "properties": { "CNPJ": "35919243000102", "IDCIDADE": "SAO_PAULO", "NOMEFANTASIA": "35.919.243_CLAUDIA_FERREIRA_DE_LIMA", "RAZAOSOCIAL": "CLAUDIAS_ACESSORIOS_E_BIJOUX", "ENDEE": "AVENIDA_GENERAL_OLIMPIO_DA_SILVEIRA87__SANTA_CECILIA_01150-000", "LMAPS": "https://www.google.com/maps?q=&layer=c&cbll=-46.6575624,-23.5328557", "O_QUE_FAZER": "FINALIZADO", "ER_REGIAO_CIDADE_min": "Capital Centro_Santa Cecília" }, "geometry": { "type": "Point", "coordinates": [ -46.6575624, -23.5328557 ] } },
{ "type": "Feature", "properties": { "CNPJ": "43012578000170", "IDCIDADE": "SAO_PAULO", "NOMEFANTASIA": "43.012.578_IRACELIA_FERREIRA_DOS_SANTOS", "RAZAOSOCIAL": "MONARCA_ESPECIARIAS", "ENDEE": "AVENIDA_GENERAL_OLIMPIO_DA_SILVEIRA87__SANTA_CECILIA_01150-000", "LMAPS": "https://www.google.com/maps?q=&layer=c&cbll=-46.6575624,-23.5328557", "O_QUE_FAZER": "FINALIZADO", "ER_REGIAO_CIDADE_min": "Capital Centro_Santa Cecília" }, "geometry": { "type": "Point", "coordinates": [ -46.6575624, -23.5328557 ] } },
{ "type": "Feature", "properties": { "CNPJ": "57107855000133", "IDCIDADE": "SAO_PAULO", "NOMEFANTASIA": "57.107.855_STELA_MARA_ALMEIDA_DE_OLIVEIRA_SOUZA", "RAZAOSOCIAL": "GRANEL_NATUS_PRODUTOS_NATURAIS", "ENDEE": "AVENIDA_GENERAL_OLIMPIO_DA_SILVEIRA169__SANTA_CECILIA_01150-001", "LMAPS": "https://www.google.com/maps?q=&layer=c&cbll=-46.6582077,-23.5325747", "O_QUE_FAZER": "FINALIZADO", "ER_REGIAO_CIDADE_min": "Capital Centro_Santa Cecília" }, "geometry": { "type": "Point", "coordinates": [ -46.6582077, -23.5325747 ] } },
{ "type": "Feature", "properties": { "CNPJ": "51003897000148", "IDCIDADE": "SAO_PAULO", "NOMEFANTASIA": "CASA_DE_CARNES_MARECHAL_LTDA", "RAZAOSOCIAL": "MERCADO_DE_CARNES_FRANCEZINHA", "ENDEE": "PRACA_MARECHAL_DEODORO258__SANTA_CECILIA_01150-010", "LMAPS": "https://www.google.com/maps?q=&layer=c&cbll=-46.654916,-23.53395", "O_QUE_FAZER": "FINALIZADO", "ER_REGIAO_CIDADE_min": "Capital Centro_Santa Cecília" }, "geometry": { "type": "Point", "coordinates": [ -46.654916, -23.53395 ] } },
{ "type": "Feature", "properties": { "CNPJ": "15236290000144", "IDCIDADE": "SAO_PAULO", "NOMEFANTASIA": "LANCHONETE_BRASILEIRISSIMA_DA_MARECHAL_LTDA", "RAZAOSOCIAL": "LANCHONETE_BRASILEIRISSIMO_DA_MARECHAL", "ENDEE": "PRACA_MARECHAL_DEODORO320__SANTA_CECILIA_01150-010", "LMAPS": "https://www.google.com/maps?q=&layer=c&cbll=-46.6554027,-23.5336795", "O_QUE_FAZER": "FINALIZADO", "ER_REGIAO_CIDADE_min": "Capital Centro_Santa Cecília" }, "geometry": { "type": "Point", "coordinates": [ -46.6554027, -23.5336795 ] } },
{ "type": "Feature", "properties": { "CNPJ": "48910335000173", "IDCIDADE": "SAO_PAULO", "NOMEFANTASIA": "COMERCIO_DE_CONFECCOES_TRUDY_LTDA", "RAZAOSOCIAL": "CONFECCOES_TRUDY", "ENDEE": "PRACA_MARECHAL_DEODORO37__SANTA_CECILIA_01150-010", "LMAPS": "https://www.google.com/maps?q=&layer=c&cbll=-46.6535597,-23.5356541", "O_QUE_FAZER": "FINALIZADO", "ER_REGIAO_CIDADE_min": "Capital Centro_Santa Cecília" }, "geometry": { "type": "Point", "coordinates": [ -46.6535597, -23.5356541 ] } },
{ "type": "Feature", "properties": { "CNPJ": "33031065000153", "IDCIDADE": "SAO_PAULO", "NOMEFANTASIA": "FAMILIA_CEBRIAN_LTDA", "RAZAOSOCIAL": "BAZAR_MARECHAL", "ENDEE": "PRACA_MARECHAL_DEODORO411__SANTA_CECILIA_01150-010", "LMAPS": "https://www.google.com/maps?q=&layer=c&cbll=-46.6564241,-23.5334901", "O_QUE_FAZER": "FINALIZADO", "ER_REGIAO_CIDADE_min": "Capital Centro_Santa Cecília" }, "geometry": { "type": "Point", "coordinates": [ -46.6564241, -23.5334901 ] } },
{ "type": "Feature", "properties": { "CNPJ": "64173525000101", "IDCIDADE": "SAO_PAULO", "NOMEFANTASIA": "64.173.525_AMANDA_DA_SILVA_MESQUITA", "RAZAOSOCIAL": "ATELIE_MITRA", "ENDEE": "PRACA_MARECHAL_DEODORO411__SANTA_CECILIA_01150-010", "LMAPS": "https://www.google.com/maps?q=&layer=c&cbll=-46.6564241,-23.5334901", "O_QUE_FAZER": "FINALIZADO", "ER_REGIAO_CIDADE_min": "Capital Centro_Santa Cecília" }, "geometry": { "type": "Point", "coordinates": [ -46.6564241, -23.5334901 ] } },
{ "type": "Feature", "properties": { "CNPJ": "46613464000174", "IDCIDADE": "SAO_PAULO", "NOMEFANTASIA": "BAHIA_INFORMATICA_TUDO_PARA_SEU_LAR_LIMITADA", "RAZAOSOCIAL": "BAHIA_DOCES_E_INFORMATICA", "ENDEE": "PRACA_MARECHAL_DEODORO419__SANTA_CECILIA_01150-010", "LMAPS": "https://www.google.com/maps?q=&layer=c&cbll=-46.6563917,-23.5335504", "O_QUE_FAZER": "FINALIZADO", "ER_REGIAO_CIDADE_min": "Capital Centro_Santa Cecília" }, "geometry": { "type": "Point", "coordinates": [ -46.6563917, -23.5335504 ] } },
{ "type": "Feature", "properties": { "CNPJ": "38035720000165", "IDCIDADE": "SAO_PAULO", "NOMEFANTASIA": "JOSUE_AQUINO_DA_SILVA_82566526672", "RAZAOSOCIAL": "SALAODO_JOSUE", "ENDEE": "PRACA_MARECHAL_DEODORO423__SANTA_CECILIA_01150-010", "LMAPS": "https://www.google.com/maps?q=&layer=c&cbll=-46.6565153,-23.5334206", "O_QUE_FAZER": "FINALIZADO", "ER_REGIAO_CIDADE_min": "Capital Centro_Santa Cecília" }, "geometry": { "type": "Point", "coordinates": [ -46.6565153, -23.5334206 ] } },
{ "type": "Feature", "properties": { "CNPJ": "43819403000170", "IDCIDADE": "SAO_PAULO", "NOMEFANTASIA": "MAFE_CASA_DE_CARNES_LTDA", "RAZAOSOCIAL": "MAFE_CASA_DE_CARNES", "ENDEE": "PRACA_MARECHAL_DEODORO435__SANTA_CECILIA_01150-010", "LMAPS": "https://www.google.com/maps?q=&layer=c&cbll=-46.6566117,-23.5333777", "O_QUE_FAZER": "FINALIZADO", "ER_REGIAO_CIDADE_min": "Capital Centro_Santa Cecília" }, "geometry": { "type": "Point", "coordinates": [ -46.6566117, -23.5333777 ] } },
{ "type": "Feature", "properties": { "CNPJ": "41663776000179", "IDCIDADE": "SAO_PAULO", "NOMEFANTASIA": "OCUPA_COZINHA_E_BAR_LTDA", "RAZAOSOCIAL": "OCUPA_COZINHA_E_BAR_LTDA", "ENDEE": "RUA_BRIGADEIRO_GALVAO102__BARRA_FUNDA_01151-000", "LMAPS": "https://www.google.com/maps?q=&layer=c&cbll=-46.6536193,-23.5334565", "O_QUE_FAZER": "FINALIZADO", "ER_REGIAO_CIDADE_min": "Capital Centro_Santa Cecília" }, "geometry": { "type": "Point", "coordinates": [ -46.6536193, -23.5334565 ] } },
{ "type": "Feature", "properties": { "CNPJ": "37194692000166", "IDCIDADE": "SAO_PAULO", "NOMEFANTASIA": "L.M._DA_SILVA_-_SERVICOS_AUTOMOTIVOS", "RAZAOSOCIAL": "GENESIS_LAVA_RAPIDO_E_ESTACIONAMENTO", "ENDEE": "RUA_BRIGADEIRO_GALVAO335__BARRA_FUNDA_01151-000", "LMAPS": "https://www.google.com/maps?q=&layer=c&cbll=-46.6555285,-23.5323957", "O_QUE_FAZER": "FINALIZADO", "ER_REGIAO_CIDADE_min": "Capital Centro_Santa Cecília" }, "geometry": { "type": "Point", "coordinates": [ -46.6555285, -23.5323957 ] } },
{ "type": "Feature", "properties": { "CNPJ": "46459742000180", "IDCIDADE": "SAO_PAULO", "NOMEFANTASIA": "BAR_E_LANCHES_JPNC_LTDA", "RAZAOSOCIAL": "JP_LANCHES", "ENDEE": "RUA_BRIGADEIRO_GALVAO354__BARRA_FUNDA_01151-000", "LMAPS": "https://www.google.com/maps?q=&layer=c&cbll=-46.6555193,-23.5320261", "O_QUE_FAZER": "FINALIZADO", "ER_REGIAO_CIDADE_min": "Capital Centro_Santa Cecília" }, "geometry": { "type": "Point", "coordinates": [ -46.6555193, -23.5320261 ] } },
{ "type": "Feature", "properties": { "CNPJ": "40612693000198", "IDCIDADE": "SAO_PAULO", "NOMEFANTASIA": "VALDIR_GOMES_&_YURI_BENTO_LTDA", "RAZAOSOCIAL": "PACAEMBU_LIMPEZAS", "ENDEE": "RUA_BRIGADEIRO_GALVAO358__BARRA_FUNDA_01151-000", "LMAPS": "https://www.google.com/maps?q=&layer=c&cbll=-46.6555221,-23.5320082", "O_QUE_FAZER": "FINALIZADO", "ER_REGIAO_CIDADE_min": "Capital Centro_Santa Cecília" }, "geometry": { "type": "Point", "coordinates": [ -46.6555221, -23.5320082 ] } },
{ "type": "Feature", "properties": { "CNPJ": "35386971000104", "IDCIDADE": "SAO_PAULO", "NOMEFANTASIA": "PIZZA_BELO_SABORES_LTDA", "RAZAOSOCIAL": "PIZZARIA_E_RESTAURANTE_BELLOS_SABORES", "ENDEE": "RUA_BRIGADEIRO_GALVAO363__BARRA_FUNDA_01151-000", "LMAPS": "https://www.google.com/maps?q=&layer=c&cbll=-46.6556765,-23.5321096", "O_QUE_FAZER": "FINALIZADO", "ER_REGIAO_CIDADE_min": "Capital Centro_Santa Cecília" }, "geometry": { "type": "Point", "coordinates": [ -46.6556765, -23.5321096 ] } },
{ "type": "Feature", "properties": { "CNPJ": "48668970000196", "IDCIDADE": "SAO_PAULO", "NOMEFANTASIA": "IVANEI_PEREIRA_SANTOS_32588504884", "RAZAOSOCIAL": "IVAN_SP_SERVICOS_ELETRICOS", "ENDEE": "RUA_BRIGADEIRO_GALVAO767__BARRA_FUNDA_01151-000", "LMAPS": "https://www.google.com/maps?q=&layer=c&cbll=-46.6585103,-23.5295579", "O_QUE_FAZER": "FINALIZADO", "ER_REGIAO_CIDADE_min": "Capital Centro_Santa Cecília" }, "geometry": { "type": "Point", "coordinates": [ -46.6585103, -23.5295579 ] } },
{ "type": "Feature", "properties": { "CNPJ": "07967843000100", "IDCIDADE": "SAO_PAULO", "NOMEFANTASIA": "PSM_MANGUEIRAS_E_CONEXOES_LTDA", "RAZAOSOCIAL": "PSM_FLEX", "ENDEE": "RUA_BRIGADEIRO_GALVAO87__BARRA_FUNDA_01151-000", "LMAPS": "https://www.google.com/maps?q=&layer=c&cbll=-46.653625,-23.5337087", "O_QUE_FAZER": "FINALIZADO", "ER_REGIAO_CIDADE_min": "Capital Centro_Santa Cecília" }, "geometry": { "type": "Point", "coordinates": [ -46.653625, -23.5337087 ] } },
{ "type": "Feature", "properties": { "CNPJ": "47108541000100", "IDCIDADE": "SAO_PAULO", "NOMEFANTASIA": "ROSVALDO_DIAS_SANTANA_15308297800", "RAZAOSOCIAL": "D&D_AR_CONDICIONADO", "ENDEE": "RUA_OSCAR_THOMPSON36__BARRA_FUNDA_01151-020", "LMAPS": "https://www.google.com/maps?q=&layer=c&cbll=-46.6564815,-23.5323118", "O_QUE_FAZER": "FINALIZADO", "ER_REGIAO_CIDADE_min": "Capital Centro_Santa Cecília" }, "geometry": { "type": "Point", "coordinates": [ -46.6564815, -23.5323118 ] } },
{ "type": "Feature", "properties": { "CNPJ": "49015309000144", "IDCIDADE": "SAO_PAULO", "NOMEFANTASIA": "49.015.309_ARTHUR_GONCALVES_ALMEIDA_DOS_SANTOS", "RAZAOSOCIAL": "ARTHUR_ALMEIDA", "ENDEE": "RUA_OSCAR_THOMPSON44__BARRA_FUNDA_01151-020", "LMAPS": "https://www.google.com/maps?q=&layer=c&cbll=-46.6565377,-23.5322718", "O_QUE_FAZER": "FINALIZADO", "ER_REGIAO_CIDADE_min": "Capital Centro_Santa Cecília" }, "geometry": { "type": "Point", "coordinates": [ -46.6565377, -23.5322718 ] } },
{ "type": "Feature", "properties": { "CNPJ": "08968583000150", "IDCIDADE": "SAO_PAULO", "NOMEFANTASIA": "SOUSA_&_LIMA_COMERCIO_DE_PECAS_AUTOMOTIVAS_LTDA", "RAZAOSOCIAL": "MER_SERVICOS_AUTOMOTIVOS", "ENDEE": "RUA_OSCAR_THOMPSON68__BARRA_FUNDA_01151-020", "LMAPS": "https://www.google.com/maps?q=&layer=c&cbll=-46.6566965,-23.5321652", "O_QUE_FAZER": "FINALIZADO", "ER_REGIAO_CIDADE_min": "Capital Centro_Santa Cecília" }, "geometry": { "type": "Point", "coordinates": [ -46.6566965, -23.5321652 ] } },
{ "type": "Feature", "properties": { "CNPJ": "61051204000146", "IDCIDADE": "SAO_PAULO", "NOMEFANTASIA": "61.051.204_CICERA_ERLANDIA_MENDES_ROCHA", "RAZAOSOCIAL": "MERCEARIA_DO_BALON", "ENDEE": "RUA_BARRA_FUNDA233__BARRA_FUNDA_01152-000", "LMAPS": "https://www.google.com/maps?q=&layer=c&cbll=-46.6541015,-23.531783", "O_QUE_FAZER": "FINALIZADO", "ER_REGIAO_CIDADE_min": "Capital Centro_Santa Cecília" }, "geometry": { "type": "Point", "coordinates": [ -46.6541015, -23.531783 ] } },
{ "type": "Feature", "properties": { "CNPJ": "54161164000120", "IDCIDADE": "SAO_PAULO", "NOMEFANTASIA": "54.161.164_SEBASTIAO_BEZERRA_DE_SOUZA", "RAZAOSOCIAL": "CASA_NOVA_MECANICA_E_FUNILARIA", "ENDEE": "RUA_BARRA_FUNDA285__BARRA_FUNDA_01152-000", "LMAPS": "https://www.google.com/maps?q=&layer=c&cbll=-46.6544078,-23.5314261", "O_QUE_FAZER": "FINALIZADO", "ER_REGIAO_CIDADE_min": "Capital Centro_Santa Cecília" }, "geometry": { "type": "Point", "coordinates": [ -46.6544078, -23.5314261 ] } },
{ "type": "Feature", "properties": { "CNPJ": "59940018000116", "IDCIDADE": "SAO_PAULO", "NOMEFANTASIA": "SABOR_SUPREMO_BARRA_FUNDA_LTDA", "RAZAOSOCIAL": "SABOR_SUPREMO_RESTAURANTE", "ENDEE": "RUA_BARRA_FUNDA289__BARRA_FUNDA_01152-000", "LMAPS": "https://www.google.com/maps?q=&layer=c&cbll=-46.6545147,-23.5314296", "O_QUE_FAZER": "FINALIZADO", "ER_REGIAO_CIDADE_min": "Capital Centro_Santa Cecília" }, "geometry": { "type": "Point", "coordinates": [ -46.6545147, -23.5314296 ] } },
{ "type": "Feature", "properties": { "CNPJ": "13884062000155", "IDCIDADE": "SAO_PAULO", "NOMEFANTASIA": "RESTAURANTE_E_CASA_DO_NORTE_IP_LTDA", "RAZAOSOCIAL": "CASA_DO_NORTE_IP", "ENDEE": "RUA_BARRA_FUNDA341__BARRA_FUNDA_01152-000", "LMAPS": "https://www.google.com/maps?q=&layer=c&cbll=-46.6547958,-23.5310521", "O_QUE_FAZER": "FINALIZADO", "ER_REGIAO_CIDADE_min": "Capital Centro_Santa Cecília" }, "geometry": { "type": "Point", "coordinates": [ -46.6547958, -23.5310521 ] } },
{ "type": "Feature", "properties": { "CNPJ": "08776675000139", "IDCIDADE": "SAO_PAULO", "NOMEFANTASIA": "SSS_ESTACIONAMENTO_LTDA", "RAZAOSOCIAL": "SSS_ESTACIONAMENTO", "ENDEE": "RUA_BARRA_FUNDA401__BARRA_FUNDA_01152-000", "LMAPS": "https://www.google.com/maps?q=&layer=c&cbll=-46.6551997,-23.5306229", "O_QUE_FAZER": "FINALIZADO", "ER_REGIAO_CIDADE_min": "Capital Centro_Santa Cecília" }, "geometry": { "type": "Point", "coordinates": [ -46.6551997, -23.5306229 ] } },
{ "type": "Feature", "properties": { "CNPJ": "50286696000132", "IDCIDADE": "SAO_PAULO", "NOMEFANTASIA": "50.286.696_MARIO_FABIAO_DE_JESUS_JUNIOR", "RAZAOSOCIAL": "THE_UPPERCUT_BARBER_SHOP", "ENDEE": "RUA_BARRA_FUNDA434__BARRA_FUNDA_01152-000", "LMAPS": "https://www.google.com/maps?q=&layer=c&cbll=-46.6553212,-23.5303188", "O_QUE_FAZER": "FINALIZADO", "ER_REGIAO_CIDADE_min": "Capital Centro_Santa Cecília" }, "geometry": { "type": "Point", "coordinates": [ -46.6553212, -23.5303188 ] } },
{ "type": "Feature", "properties": { "CNPJ": "38202767000176", "IDCIDADE": "SAO_PAULO", "NOMEFANTASIA": "VICTOR_HUGO_DOS_SANTOS_COSTA_MECANICA_AUTOMOTIVA", "RAZAOSOCIAL": "MASTER_CENTRO_AUTOMOTIVA", "ENDEE": "RUA_LOPES_DE_OLIVEIRA304__BARRA_FUNDA_01152-010", "LMAPS": "https://www.google.com/maps?q=&layer=c&cbll=-46.6540246,-23.5302717", "O_QUE_FAZER": "FINALIZADO", "ER_REGIAO_CIDADE_min": "Capital Centro_Santa Cecília" }, "geometry": { "type": "Point", "coordinates": [ -46.6540246, -23.5302717 ] } },
{ "type": "Feature", "properties": { "CNPJ": "27088796000132", "IDCIDADE": "SAO_PAULO", "NOMEFANTASIA": "EVO_AUTOMOTIVE_MECANICA_E_COMERCIO_DE_PECAS_LTDA.", "RAZAOSOCIAL": "EVO_AUTOMOTIVE", "ENDEE": "RUA_LOPES_DE_OLIVEIRA321__BARRA_FUNDA_01152-010", "LMAPS": "https://www.google.com/maps?q=&layer=c&cbll=-46.6539672,-23.5305339", "O_QUE_FAZER": "FINALIZADO", "ER_REGIAO_CIDADE_min": "Capital Centro_Santa Cecília" }, "geometry": { "type": "Point", "coordinates": [ -46.6539672, -23.5305339 ] } },
{ "type": "Feature", "properties": { "CNPJ": "62578189000151", "IDCIDADE": "SAO_PAULO", "NOMEFANTASIA": "LOVE_UNIVERSE_LTDA", "RAZAOSOCIAL": "LOVE_UNIVERSE", "ENDEE": "RUA_LOPES_DE_OLIVEIRA385__BARRA_FUNDA_01152-010", "LMAPS": "https://www.google.com/maps?q=&layer=c&cbll=-46.6545062,-23.5308304", "O_QUE_FAZER": "FINALIZADO", "ER_REGIAO_CIDADE_min": "Capital Centro_Santa Cecília" }, "geometry": { "type": "Point", "coordinates": [ -46.6545062, -23.5308304 ] } },
{ "type": "Feature", "properties": { "CNPJ": "14196412000153", "IDCIDADE": "SAO_PAULO", "NOMEFANTASIA": "14.196.412_JOSEFA_CREUSA_DOS_SANTOS", "RAZAOSOCIAL": "THIENNY_DEPILACAO_E_SALAO", "ENDEE": "RUA_LOPES_DE_OLIVEIRA387__BARRA_FUNDA_01152-010", "LMAPS": "https://www.google.com/maps?q=&layer=c&cbll=-46.6545546,-23.5308772", "O_QUE_FAZER": "FINALIZADO", "ER_REGIAO_CIDADE_min": "Capital Centro_Santa Cecília" }, "geometry": { "type": "Point", "coordinates": [ -46.6545546, -23.5308772 ] } },
{ "type": "Feature", "properties": { "CNPJ": "59793226000130", "IDCIDADE": "SAO_PAULO", "NOMEFANTASIA": "IGARASSU_SERRALHERIA_E_COMERCIO_LTDA", "RAZAOSOCIAL": "IGARASSU_SERRALHERIA", "ENDEE": "RUA_LOPES_DE_OLIVEIRA439__BARRA_FUNDA_01152-010", "LMAPS": "https://www.google.com/maps?q=&layer=c&cbll=-46.6549331,-23.531148", "O_QUE_FAZER": "FINALIZADO", "ER_REGIAO_CIDADE_min": "Capital Centro_Santa Cecília" }, "geometry": { "type": "Point", "coordinates": [ -46.6549331, -23.531148 ] } },
{ "type": "Feature", "properties": { "CNPJ": "42500084000172", "IDCIDADE": "SAO_PAULO", "NOMEFANTASIA": "42.500.084_ESTER_DIAS_DOS_SANTOS", "RAZAOSOCIAL": "BRECHO__IELARO", "ENDEE": "RUA_LOPES_DE_OLIVEIRA441__BARRA_FUNDA_01152-010", "LMAPS": "https://www.google.com/maps?q=&layer=c&cbll=-46.6549435,-23.5311754", "O_QUE_FAZER": "FINALIZADO", "ER_REGIAO_CIDADE_min": "Capital Centro_Santa Cecília" }, "geometry": { "type": "Point", "coordinates": [ -46.6549435, -23.5311754 ] } },
{ "type": "Feature", "properties": { "CNPJ": "58459781000167", "IDCIDADE": "SAO_PAULO", "NOMEFANTASIA": "JUVILIANE_LAZARETI_LTDA", "RAZAOSOCIAL": "DROGARIA_UNICA", "ENDEE": "RUA_LOPES_DE_OLIVEIRA467__BARRA_FUNDA_01152-010", "LMAPS": "https://www.google.com/maps?q=&layer=c&cbll=-46.6550811,-23.5313283", "O_QUE_FAZER": "FINALIZADO", "ER_REGIAO_CIDADE_min": "Capital Centro_Santa Cecília" }, "geometry": { "type": "Point", "coordinates": [ -46.6550811, -23.5313283 ] } },
{ "type": "Feature", "properties": { "CNPJ": "14915226000127", "IDCIDADE": "SAO_PAULO", "NOMEFANTASIA": "R_V_DE_FREITAS_AUTO_PECAS", "RAZAOSOCIAL": "GENIUS_AUTO_PECAS", "ENDEE": "RUA_LOPES_DE_OLIVEIRA501__BARRA_FUNDA_01152-010", "LMAPS": "https://www.google.com/maps?q=&layer=c&cbll=-46.6552556,-23.5315953", "O_QUE_FAZER": "FINALIZADO", "ER_REGIAO_CIDADE_min": "Capital Centro_Santa Cecília" }, "geometry": { "type": "Point", "coordinates": [ -46.6552556, -23.5315953 ] } },
{ "type": "Feature", "properties": { "CNPJ": "18810155000159", "IDCIDADE": "SAO_PAULO", "NOMEFANTASIA": "AVG_CAIRES_COMERCIO_VAREJISTA_LTDA", "RAZAOSOCIAL": "AVG_CAIRES", "ENDEE": "RUA_LOPES_DE_OLIVEIRA508__BARRA_FUNDA_01152-010", "LMAPS": "https://www.google.com/maps?q=&layer=c&cbll=-46.6554411,-23.5315002", "O_QUE_FAZER": "FINALIZADO", "ER_REGIAO_CIDADE_min": "Capital Centro_Santa Cecília" }, "geometry": { "type": "Point", "coordinates": [ -46.6554411, -23.5315002 ] } },
{ "type": "Feature", "properties": { "CNPJ": "35393488000149", "IDCIDADE": "SAO_PAULO", "NOMEFANTASIA": "35.393.488_JOSAFA_SILVA_BARROS", "RAZAOSOCIAL": "CASA_DO_NORTE_SILVA", "ENDEE": "RUA_LOPES_DE_OLIVEIRA535__BARRA_FUNDA_01152-010", "LMAPS": "https://www.google.com/maps?q=&layer=c&cbll=-46.6554846,-23.5318129", "O_QUE_FAZER": "FINALIZADO", "ER_REGIAO_CIDADE_min": "Capital Centro_Santa Cecília" }, "geometry": { "type": "Point", "coordinates": [ -46.6554846, -23.5318129 ] } },
{ "type": "Feature", "properties": { "CNPJ": "59244720000145", "IDCIDADE": "SAO_PAULO", "NOMEFANTASIA": "LANCHONETE_LOPES_LTDA", "RAZAOSOCIAL": "BOTECO_LOPES", "ENDEE": "RUA_LOPES_DE_OLIVEIRA572__BARRA_FUNDA_01152-010", "LMAPS": "https://www.google.com/maps?q=&layer=c&cbll=-46.655925,-23.5319313", "O_QUE_FAZER": "FINALIZADO", "ER_REGIAO_CIDADE_min": "Capital Centro_Santa Cecília" }, "geometry": { "type": "Point", "coordinates": [ -46.655925, -23.5319313 ] } },
{ "type": "Feature", "properties": { "CNPJ": "56047340000122", "IDCIDADE": "SAO_PAULO", "NOMEFANTASIA": "GROUP_STA_BARBARA_MULT-SERVICE_LTDA", "RAZAOSOCIAL": "LAVANDERIA_SANTA_BARBARA", "ENDEE": "RUA_LOPES_DE_OLIVEIRA576__BARRA_FUNDA_01152-010", "LMAPS": "https://www.google.com/maps?q=&layer=c&cbll=-46.6559226,-23.5319781", "O_QUE_FAZER": "FINALIZADO", "ER_REGIAO_CIDADE_min": "Capital Centro_Santa Cecília" }, "geometry": { "type": "Point", "coordinates": [ -46.6559226, -23.5319781 ] } },
{ "type": "Feature", "properties": { "CNPJ": "19448263000196", "IDCIDADE": "SAO_PAULO", "NOMEFANTASIA": "GERALDA_BETANIA_DE_FRANCA_BARRIONUEVO", "RAZAOSOCIAL": "BETHANIA_MIX", "ENDEE": "RUA_LOPES_DE_OLIVEIRA695__BARRA_FUNDA_01152-010", "LMAPS": "https://www.google.com/maps?q=&layer=c&cbll=-46.6564552,-23.5329833", "O_QUE_FAZER": "FINALIZADO", "ER_REGIAO_CIDADE_min": "Capital Centro_Santa Cecília" }, "geometry": { "type": "Point", "coordinates": [ -46.6564552, -23.5329833 ] } },
{ "type": "Feature", "properties": { "CNPJ": "16726545000110", "IDCIDADE": "SAO_PAULO", "NOMEFANTASIA": "ARIDIOVAL_APARECIDO_LUZ_MANUTENCAO", "RAZAOSOCIAL": "AGROTORCK", "ENDEE": "RUA_VITORINO_CARMILO585__BARRA_FUNDA_01153-000", "LMAPS": "https://www.google.com/maps?q=&layer=c&cbll=-46.6520292,-23.5321824", "O_QUE_FAZER": "FINALIZADO", "ER_REGIAO_CIDADE_min": "Capital Centro_Santa Cecília" }, "geometry": { "type": "Point", "coordinates": [ -46.6520292, -23.5321824 ] } },
{ "type": "Feature", "properties": { "CNPJ": "53924487000165", "IDCIDADE": "SAO_PAULO", "NOMEFANTASIA": "53.924.487_ELANDY_ENIRA_NASCIMENTO_DA_SILVA", "RAZAOSOCIAL": "LANDY_IMPORTADOS", "ENDEE": "RUA_DOUTOR_SERGIO_MEIRA280__BARRA_FUNDA_01153-010", "LMAPS": "https://www.google.com/maps?q=&layer=c&cbll=-46.656734,-23.527807", "O_QUE_FAZER": "FINALIZADO", "ER_REGIAO_CIDADE_min": "Capital Centro_Santa Cecília" }, "geometry": { "type": "Point", "coordinates": [ -46.656734, -23.527807 ] } },
{ "type": "Feature", "properties": { "CNPJ": "42887809000127", "IDCIDADE": "SAO_PAULO", "NOMEFANTASIA": "ALQUIMIA_SP_DRINKS_LTDA", "RAZAOSOCIAL": "ALQUIMIA_BAR", "ENDEE": "RUA_SOUSA_LIMA136__BARRA_FUNDA_01153-020", "LMAPS": "https://www.google.com/maps?q=&layer=c&cbll=-46.6541163,-23.5289197", "O_QUE_FAZER": "FINALIZADO", "ER_REGIAO_CIDADE_min": "Capital Centro_Santa Cecília" }, "geometry": { "type": "Point", "coordinates": [ -46.6541163, -23.5289197 ] } },
{ "type": "Feature", "properties": { "CNPJ": "49472747000131", "IDCIDADE": "SAO_PAULO", "NOMEFANTASIA": "FAGNOLOS_LTDA", "RAZAOSOCIAL": "FAGNOLOS_PIZZARIA", "ENDEE": "RUA_SOUSA_LIMA93__BARRA_FUNDA_01153-020", "LMAPS": "https://www.google.com/maps?q=&layer=c&cbll=-46.6535107,-23.5290021", "O_QUE_FAZER": "FINALIZADO", "ER_REGIAO_CIDADE_min": "Capital Centro_Santa Cecília" }, "geometry": { "type": "Point", "coordinates": [ -46.6535107, -23.5290021 ] } },
{ "type": "Feature", "properties": { "CNPJ": "54314257000147", "IDCIDADE": "SAO_PAULO", "NOMEFANTASIA": "GETRAT_MANGUEIRAS_E_PECAS_LTDA", "RAZAOSOCIAL": "GETRAT", "ENDEE": "RUA_CONSELHEIRO_BROTERO478__BARRA_FUNDA_01154-000", "LMAPS": "https://www.google.com/maps?q=&layer=c&cbll=-46.6580657,-23.5308052", "O_QUE_FAZER": "FINALIZADO", "ER_REGIAO_CIDADE_min": "Capital Centro_Santa Cecília" }, "geometry": { "type": "Point", "coordinates": [ -46.6580657, -23.5308052 ] } },
{ "type": "Feature", "properties": { "CNPJ": "50974922000178", "IDCIDADE": "SAO_PAULO", "NOMEFANTASIA": "AVICULTURA_GAIOLA_DE_PRATA_LTDA", "RAZAOSOCIAL": "AVICULTURA_GAIOLA_DE_PRATA", "ENDEE": "RUA_CONSELHEIRO_BROTERO486__BARRA_FUNDA_01154-000", "LMAPS": "https://www.google.com/maps?q=&layer=c&cbll=-46.6581158,-23.5308745", "O_QUE_FAZER": "FINALIZADO", "ER_REGIAO_CIDADE_min": "Capital Centro_Santa Cecília" }, "geometry": { "type": "Point", "coordinates": [ -46.6581158, -23.5308745 ] } },
{ "type": "Feature", "properties": { "CNPJ": "66155482000167", "IDCIDADE": "SAO_PAULO", "NOMEFANTASIA": "LANCHONETE_BURGER_BOX_LTDA", "RAZAOSOCIAL": "BAR_DO_ZOIO", "ENDEE": "RUA_CONSELHEIRO_BROTERO590__BARRA_FUNDA_01154-000", "LMAPS": "https://www.google.com/maps?q=&layer=c&cbll=-46.6585885,-23.5316523", "O_QUE_FAZER": "FINALIZADO", "ER_REGIAO_CIDADE_min": "Capital Centro_Santa Cecília" }, "geometry": { "type": "Point", "coordinates": [ -46.6585885, -23.5316523 ] } },
{ "type": "Feature", "properties": { "CNPJ": "17524581000163", "IDCIDADE": "SAO_PAULO", "NOMEFANTASIA": "D.B.B._PIZZARIA_LTDA", "RAZAOSOCIAL": "DIDIO_PIZZA", "ENDEE": "RUA_CONSELHEIRO_BROTERO696__BARRA_FUNDA_01154-000", "LMAPS": "https://www.google.com/maps?q=&layer=c&cbll=-46.6590829,-23.532541", "O_QUE_FAZER": "FINALIZADO", "ER_REGIAO_CIDADE_min": "Capital Centro_Santa Cecília" }, "geometry": { "type": "Point", "coordinates": [ -46.6590829, -23.532541 ] } },
{ "type": "Feature", "properties": { "CNPJ": "52503110000170", "IDCIDADE": "SAO_PAULO", "NOMEFANTASIA": "BEIT_JULIA_HOTELARIA_E_RESTAURANTE_LTDA", "RAZAOSOCIAL": "BEIT_JULIA", "ENDEE": "RUA_CAMARAJIBE111__BARRA_FUNDA_01154-050", "LMAPS": "https://www.google.com/maps?q=&layer=c&cbll=-46.6590844,-23.5304707", "O_QUE_FAZER": "FINALIZADO", "ER_REGIAO_CIDADE_min": "Capital Centro_Santa Cecília" }, "geometry": { "type": "Point", "coordinates": [ -46.6590844, -23.5304707 ] } },
{ "type": "Feature", "properties": { "CNPJ": "41500850000136", "IDCIDADE": "SAO_PAULO", "NOMEFANTASIA": "JOSIMAURO_TOMAZ_DA_SILVA_02266509446", "RAZAOSOCIAL": "BEAUTHY_HAIR", "ENDEE": "RUA_MARIO_DE_ANDRADE12__BARRA_FUNDA_01154-060", "LMAPS": "https://www.google.com/maps?q=&layer=c&cbll=-46.6588148,-23.531457", "O_QUE_FAZER": "FINALIZADO", "ER_REGIAO_CIDADE_min": "Capital Centro_Santa Cecília" }, "geometry": { "type": "Point", "coordinates": [ -46.6588148, -23.531457 ] } },
{ "type": "Feature", "properties": { "CNPJ": "30839894000179", "IDCIDADE": "SAO_PAULO", "NOMEFANTASIA": "SARA_DE_ALMEIDA_SANTOS_00173833586", "RAZAOSOCIAL": "SA_PRESENTES", "ENDEE": "RUA_MARIO_DE_ANDRADE4__BARRA_FUNDA_01154-060", "LMAPS": "https://www.google.com/maps?q=&layer=c&cbll=-46.6588055,-23.5315956", "O_QUE_FAZER": "FINALIZADO", "ER_REGIAO_CIDADE_min": "Capital Centro_Santa Cecília" }, "geometry": { "type": "Point", "coordinates": [ -46.6588055, -23.5315956 ] } },
{ "type": "Feature", "properties": { "CNPJ": "48896172000111", "IDCIDADE": "SAO_PAULO", "NOMEFANTASIA": "48.896.172_ADRIELLE_CERQUEIRA_DOS_SANTOS", "RAZAOSOCIAL": "R4_SMART_CELL", "ENDEE": "RUA_BARAO_DE_CAMPINAS704__CAMPOS_ELISEOS_01201-000", "LMAPS": "https://www.google.com/maps?q=&layer=c&cbll=-46.6483131,-23.5350697", "O_QUE_FAZER": "FINALIZADO", "ER_REGIAO_CIDADE_min": "Capital Centro_Santa Cecília" }, "geometry": { "type": "Point", "coordinates": [ -46.6483131, -23.5350697 ] } },
{ "type": "Feature", "properties": { "CNPJ": "43487991000191", "IDCIDADE": "SAO_PAULO", "NOMEFANTASIA": "PARQUINHO_COMERCIO_E_SERVICOS_LTDA", "RAZAOSOCIAL": "PARQUINHO", "ENDEE": "RUA_APA198__CAMPOS_ELISEOS_01201-030", "LMAPS": "https://www.google.com/maps?q=&layer=c&cbll=-46.6522651,-23.535083", "O_QUE_FAZER": "FINALIZADO", "ER_REGIAO_CIDADE_min": "Capital Centro_Santa Cecília" }, "geometry": { "type": "Point", "coordinates": [ -46.6522651, -23.535083 ] } },
{ "type": "Feature", "properties": { "CNPJ": "06204776000100", "IDCIDADE": "SAO_PAULO", "NOMEFANTASIA": "HILDA_DAMASO_DE_SOUZA", "RAZAOSOCIAL": "SALGUEIRO_FUNILARIA_E_PINTURA", "ENDEE": "RUA_PIRINEUS28__CAMPOS_ELISEOS_01201-040", "LMAPS": "https://www.google.com/maps?q=&layer=c&cbll=-46.65281,-23.534922", "O_QUE_FAZER": "FINALIZADO", "ER_REGIAO_CIDADE_min": "Capital Centro_Santa Cecília" }, "geometry": { "type": "Point", "coordinates": [ -46.65281, -23.534922 ] } },
{ "type": "Feature", "properties": { "CNPJ": "59528425000110", "IDCIDADE": "SAO_PAULO", "NOMEFANTASIA": "GASTRO_NORDESTINO_BAR_E_RESTAURANTE_LTDA", "RAZAOSOCIAL": "GASTRO_NORDESTINO", "ENDEE": "PRACA_OLAVO_BILAC99__CAMPOS_ELISEOS_01201-050", "LMAPS": "https://www.google.com/maps?q=&layer=c&cbll=-46.6527272,-23.5340686", "O_QUE_FAZER": "FINALIZADO", "ER_REGIAO_CIDADE_min": "Capital Centro_Santa Cecília" }, "geometry": { "type": "Point", "coordinates": [ -46.6527272, -23.5340686 ] } },
{ "type": "Feature", "properties": { "CNPJ": "13598490000111", "IDCIDADE": "SAO_PAULO", "NOMEFANTASIA": "DEKA_CABELEIREIROS_E_COSMETICOS", "RAZAOSOCIAL": "DEKA_CABELEIREIROS_E_COSMETICOS", "ENDEE": "RUA_ANA_CINTRA__73_01201-060", "LMAPS": "https://www.google.com/maps?q=&layer=c&cbll=-46.6471075,-23.5377234", "O_QUE_FAZER": "FINALIZADO", "ER_REGIAO_CIDADE_min": "Capital Centro_Santa Cecília" }, "geometry": { "type": "Point", "coordinates": [ -46.6471075, -23.5377234 ] } },
{ "type": "Feature", "properties": { "CNPJ": "28090218000101", "IDCIDADE": "SAO_PAULO", "NOMEFANTASIA": "ESPACO_SIRLENE", "RAZAOSOCIAL": "SIRLENE_AZEVEDO_21607908859", "ENDEE": "ANA_CINTRA_73_CAMPOS_ELISEOS_01201-060_SAO_PAULO_01201-060", "LMAPS": "https://www.google.com/maps?q=&layer=c&cbll=-23.5377234,-46.6471075", "O_QUE_FAZER": "FINALIZADO", "ER_REGIAO_CIDADE_min": "Capital Centro_Santa Cecília" }, "geometry": { "type": "Point", "coordinates": [ -46.6471075, -23.5377234 ] } },
{ "type": "Feature", "properties": { "CNPJ": "30139632000100", "IDCIDADE": "SAO_PAULO", "NOMEFANTASIA": "JMJ_CABELEIREIROS", "RAZAOSOCIAL": "JMJ_CABELEIREIROS", "ENDEE": "RUA_ANA_CINTRA__226_01201-060", "LMAPS": "https://www.google.com/maps?q=&layer=c&cbll=-46.6484738,-23.5383308", "O_QUE_FAZER": "FINALIZADO", "ER_REGIAO_CIDADE_min": "Capital Centro_Santa Cecília" }, "geometry": { "type": "Point", "coordinates": [ -46.6484738, -23.5383308 ] } },
{ "type": "Feature", "properties": { "CNPJ": "52283228000130", "IDCIDADE": "SAO_PAULO", "NOMEFANTASIA": "MEGA_LANCHES_DA_ESTACAO_LTDA", "RAZAOSOCIAL": "MEGA_LANCHES", "ENDEE": "RUA_ANA_CINTRA304__CAMPOS_ELISEOS_01201-060", "LMAPS": "https://www.google.com/maps?q=&layer=c&cbll=-46.6491193,-23.5387487", "O_QUE_FAZER": "FINALIZADO", "ER_REGIAO_CIDADE_min": "Capital Centro_Santa Cecília" }, "geometry": { "type": "Point", "coordinates": [ -46.6491193, -23.5387487 ] } },
{ "type": "Feature", "properties": { "CNPJ": "55224968000193", "IDCIDADE": "SAO_PAULO", "NOMEFANTASIA": "SALAO_DE_BELEZA_SILVIO_LTDA", "RAZAOSOCIAL": "SILVIO_CABELEIREIROS", "ENDEE": "ALAMEDA_BARAO_DE_LIMEIRA1026__CAMPOS_ELISEOS_01202-000", "LMAPS": "https://www.google.com/maps?q=&layer=c&cbll=-46.648894,-23.5327536", "O_QUE_FAZER": "FINALIZADO", "ER_REGIAO_CIDADE_min": "Capital Centro_Santa Cecília" }, "geometry": { "type": "Point", "coordinates": [ -46.648894, -23.5327536 ] } },
{ "type": "Feature", "properties": { "CNPJ": "46416707000184", "IDCIDADE": "SAO_PAULO", "NOMEFANTASIA": "FOTO_HIGASHI_&_ARAI_LTDA", "RAZAOSOCIAL": "ASAOTICA", "ENDEE": "ALAMEDA_BARAO_DE_LIMEIRA1045__CAMPOS_ELISEOS_01202-000", "LMAPS": "https://www.google.com/maps?q=&layer=c&cbll=-46.6491883,-23.532729", "O_QUE_FAZER": "FINALIZADO", "ER_REGIAO_CIDADE_min": "Capital Centro_Santa Cecília" }, "geometry": { "type": "Point", "coordinates": [ -46.6491883, -23.532729 ] } },
{ "type": "Feature", "properties": { "CNPJ": "08578349000117", "IDCIDADE": "SAO_PAULO", "NOMEFANTASIA": "GSM_GLOBAL_TELECOM_LTDA", "RAZAOSOCIAL": "GSM_GLOBAL", "ENDEE": "ALAMEDA_BARAO_DE_LIMEIRA1051__CAMPOS_ELISEOS_01202-000", "LMAPS": "https://www.google.com/maps?q=&layer=c&cbll=-46.6492446,-23.5327176", "O_QUE_FAZER": "FINALIZADO", "ER_REGIAO_CIDADE_min": "Capital Centro_Santa Cecília" }, "geometry": { "type": "Point", "coordinates": [ -46.6492446, -23.5327176 ] } },
{ "type": "Feature", "properties": { "CNPJ": "17986867000160", "IDCIDADE": "SAO_PAULO", "NOMEFANTASIA": "LANCHONETE_PRINCESA_DA_BARAO_LTDA", "RAZAOSOCIAL": "LANCHONETE_JABUTI", "ENDEE": "ALAMEDA_BARAO_DE_LIMEIRA1069__CAMPOS_ELISEOS_01202-000", "LMAPS": "https://www.google.com/maps?q=&layer=c&cbll=-46.6492852,-23.5325757", "O_QUE_FAZER": "FINALIZADO", "ER_REGIAO_CIDADE_min": "Capital Centro_Santa Cecília" }, "geometry": { "type": "Point", "coordinates": [ -46.6492852, -23.5325757 ] } },
{ "type": "Feature", "properties": { "CNPJ": "31597368000102", "IDCIDADE": "SAO_PAULO", "NOMEFANTASIA": "RESTAURANTE_E_PIZZARIA_REI_DA_BARAO_LTDA", "RAZAOSOCIAL": "RESTAURANTE_E_PIZZARIA_REGO_DA_BARAO", "ENDEE": "ALAMEDA_BARAO_DE_LIMEIRA1090__CAMPOS_ELISEOS_01202-000", "LMAPS": "https://www.google.com/maps?q=&layer=c&cbll=-46.649145,-23.5322652", "O_QUE_FAZER": "FINALIZADO", "ER_REGIAO_CIDADE_min": "Capital Centro_Santa Cecília" }, "geometry": { "type": "Point", "coordinates": [ -46.649145, -23.5322652 ] } },
{ "type": "Feature", "properties": { "CNPJ": "19842630000212", "IDCIDADE": "SAO_PAULO", "NOMEFANTASIA": "I_LOVE_ME_SERVICOS_DE_BELEZA_LTDA", "RAZAOSOCIAL": "I_LOVE_ME_SERVICOS_DE_BELEZA", "ENDEE": "ALAMEDA_BARAO_DE_LIMEIRA1253__CAMPOS_ELISEOS_01202-000", "LMAPS": "https://www.google.com/maps?q=&layer=c&cbll=-46.6504363,-23.5311647", "O_QUE_FAZER": "FINALIZADO", "ER_REGIAO_CIDADE_min": "Capital Centro_Santa Cecília" }, "geometry": { "type": "Point", "coordinates": [ -46.6504363, -23.5311647 ] } },
{ "type": "Feature", "properties": { "CNPJ": "48392615000137", "IDCIDADE": "SAO_PAULO", "NOMEFANTASIA": "DOLCE_PETS_COMERCIO_DE_ARTIGOS_E_ACESSORIOS_LTDA", "RAZAOSOCIAL": "DOLCE_PETS", "ENDEE": "ALAMEDA_BARAO_DE_LIMEIRA1269__CAMPOS_ELISEOS_01202-000", "LMAPS": "https://www.google.com/maps?q=&layer=c&cbll=-46.650492,-23.5310852", "O_QUE_FAZER": "FINALIZADO", "ER_REGIAO_CIDADE_min": "Capital Centro_Santa Cecília" }, "geometry": { "type": "Point", "coordinates": [ -46.650492, -23.5310852 ] } },
{ "type": "Feature", "properties": { "CNPJ": "62363270000114", "IDCIDADE": "SAO_PAULO", "NOMEFANTASIA": "PANIFICADORA_E_DOCES_CAXIAS_LTDA", "RAZAOSOCIAL": "PADARIA_CAXIAS", "ENDEE": "ALAMEDA_BARAO_DE_LIMEIRA360__CAMPOS_ELISEOS_01202-000", "LMAPS": "https://www.google.com/maps?q=&layer=c&cbll=-46.6448094,-23.5375435", "O_QUE_FAZER": "FINALIZADO", "ER_REGIAO_CIDADE_min": "Capital Centro_Santa Cecília" }, "geometry": { "type": "Point", "coordinates": [ -46.6448094, -23.5375435 ] } },
{ "type": "Feature", "properties": { "CNPJ": "00863855000146", "IDCIDADE": "SAO_PAULO", "NOMEFANTASIA": "CIGRECAR_ACESSORIOS_E_PECAS_P_AUTOS_LTDA", "RAZAOSOCIAL": "LIDER_101", "ENDEE": "ALAMEDA_BARAO_DE_LIMEIRA436__CAMPOS_ELISEOS_01202-000", "LMAPS": "https://www.google.com/maps?q=&layer=c&cbll=-46.6453951,-23.5370647", "O_QUE_FAZER": "FINALIZADO", "ER_REGIAO_CIDADE_min": "Capital Centro_Santa Cecília" }, "geometry": { "type": "Point", "coordinates": [ -46.6453951, -23.5370647 ] } },
{ "type": "Feature", "properties": { "CNPJ": "60559820000140", "IDCIDADE": "SAO_PAULO", "NOMEFANTASIA": "CAFE_E_LANCHES_SAO_JOSE_LTDA", "RAZAOSOCIAL": "ALDINOS_RESTAURANTE", "ENDEE": "ALAMEDA_BARAO_DE_LIMEIRA548__CAMPOS_ELISEOS_01202-000", "LMAPS": "https://www.google.com/maps?q=&layer=c&cbll=-46.6460153,-23.5361994", "O_QUE_FAZER": "FINALIZADO", "ER_REGIAO_CIDADE_min": "Capital Centro_Santa Cecília" }, "geometry": { "type": "Point", "coordinates": [ -46.6460153, -23.5361994 ] } },
{ "type": "Feature", "properties": { "CNPJ": "49159195000106", "IDCIDADE": "SAO_PAULO", "NOMEFANTASIA": "49.159.195_JUCIANE_SALES_PEREIRA", "RAZAOSOCIAL": "JU_TE_VESTE", "ENDEE": "ALAMEDA_BARAO_DE_LIMEIRA620__CAMPOS_ELISEOS_01202-000", "LMAPS": "https://www.google.com/maps?q=&layer=c&cbll=-46.6465183,-23.5356488", "O_QUE_FAZER": "FINALIZADO", "ER_REGIAO_CIDADE_min": "Capital Centro_Santa Cecília" }, "geometry": { "type": "Point", "coordinates": [ -46.6465183, -23.5356488 ] } },
{ "type": "Feature", "properties": { "CNPJ": "38169909000140", "IDCIDADE": "SAO_PAULO", "NOMEFANTASIA": "JOSE_ERINALDO_CONCEICAO_GUIMARAES", "RAZAOSOCIAL": "BAR_E_RESTAURANTE_DO_NALDO", "ENDEE": "ALAMEDA_BARAO_DE_LIMEIRA729__CAMPOS_ELISEOS_01202-000", "LMAPS": "https://www.google.com/maps?q=&layer=c&cbll=-46.6473982,-23.5350497", "O_QUE_FAZER": "FINALIZADO", "ER_REGIAO_CIDADE_min": "Capital Centro_Santa Cecília" }, "geometry": { "type": "Point", "coordinates": [ -46.6473982, -23.5350497 ] } },
{ "type": "Feature", "properties": { "CNPJ": "19435483000185", "IDCIDADE": "SAO_PAULO", "NOMEFANTASIA": "LTM_&_ARAUJO_SERVICOS_LTDA", "RAZAOSOCIAL": "EVOLUTTION_VISTORIA", "ENDEE": "ALAMEDA_BARAO_DE_LIMEIRA753__CAMPOS_ELISEOS_01202-000", "LMAPS": "https://www.google.com/maps?q=&layer=c&cbll=-46.6475846,-23.5348865", "O_QUE_FAZER": "FINALIZADO", "ER_REGIAO_CIDADE_min": "Capital Centro_Santa Cecília" }, "geometry": { "type": "Point", "coordinates": [ -46.6475846, -23.5348865 ] } },
{ "type": "Feature", "properties": { "CNPJ": "37455388000125", "IDCIDADE": "SAO_PAULO", "NOMEFANTASIA": "CAMPOS_ELISEOS_EMPLACAR'S_SERVICOS_DE_EMPLACAMENTO_LTDA", "RAZAOSOCIAL": "EMPLACARS", "ENDEE": "ALAMEDA_BARAO_DE_LIMEIRA903__CAMPOS_ELISEOS_01202-000", "LMAPS": "https://www.google.com/maps?q=&layer=c&cbll=-46.6483674,-23.5338006", "O_QUE_FAZER": "FINALIZADO", "ER_REGIAO_CIDADE_min": "Capital Centro_Santa Cecília" }, "geometry": { "type": "Point", "coordinates": [ -46.6483674, -23.5338006 ] } },
{ "type": "Feature", "properties": { "CNPJ": "24230378000140", "IDCIDADE": "SAO_PAULO", "NOMEFANTASIA": "BARAO_PERICIAS_E_VISTORIAS_AUTOMOTIVAS_LTDA.", "RAZAOSOCIAL": "VISTORIA._COM.BR", "ENDEE": "ALAMEDA_BARAO_DE_LIMEIRA923__CAMPOS_ELISEOS_01202-000", "LMAPS": "https://www.google.com/maps?q=&layer=c&cbll=-46.6484969,-23.5336651", "O_QUE_FAZER": "FINALIZADO", "ER_REGIAO_CIDADE_min": "Capital Centro_Santa Cecília" }, "geometry": { "type": "Point", "coordinates": [ -46.6484969, -23.5336651 ] } },
{ "type": "Feature", "properties": { "CNPJ": "61133757000148", "IDCIDADE": "SAO_PAULO", "NOMEFANTASIA": "VILA_MINEIRA_BAR_E_DRINKS_LTDA", "RAZAOSOCIAL": "VILA_MINEIRA_RESTAURANTE", "ENDEE": "ALAMEDA_BARAO_DE_LIMEIRA987__CAMPOS_ELISEOS_01202-000", "LMAPS": "https://www.google.com/maps?q=&layer=c&cbll=-46.6489024,-23.533207", "O_QUE_FAZER": "FINALIZADO", "ER_REGIAO_CIDADE_min": "Capital Centro_Santa Cecília" }, "geometry": { "type": "Point", "coordinates": [ -46.6489024, -23.533207 ] } },
{ "type": "Feature", "properties": { "CNPJ": "38014985000187", "IDCIDADE": "SAO_PAULO", "NOMEFANTASIA": "TRUE_BIM_CONSULTORIA_LTDA.", "RAZAOSOCIAL": "TRUE_BIM", "ENDEE": "ALAMEDA_BR_DE_LIMEIRA373__CAMPOS_ELISEOS_01202-001", "LMAPS": "https://www.google.com/maps?q=&layer=c&cbll=-46.6452482,-23.5376798", "O_QUE_FAZER": "FINALIZADO", "ER_REGIAO_CIDADE_min": "Capital Centro_Santa Cecília" }, "geometry": { "type": "Point", "coordinates": [ -46.6452482, -23.5376798 ] } },
{ "type": "Feature", "properties": { "CNPJ": "15655795000143", "IDCIDADE": "SAO_PAULO", "NOMEFANTASIA": "JOSELIA_ALVES_GOMES_29428951870", "RAZAOSOCIAL": "SALAO_MENINA_FLOR_JG", "ENDEE": "RUA_CONSELHEIRO_NEBIAS1330__CAMPOS_ELISEOS_01203-000", "LMAPS": "https://www.google.com/maps?q=&layer=c&cbll=-46.647959,-23.5321729", "O_QUE_FAZER": "FINALIZADO", "ER_REGIAO_CIDADE_min": "Capital Centro_Santa Cecília" }, "geometry": { "type": "Point", "coordinates": [ -46.647959, -23.5321729 ] } },
{ "type": "Feature", "properties": { "CNPJ": "54170168000174", "IDCIDADE": "SAO_PAULO", "NOMEFANTASIA": "54.170.168_JOSE_MIMI_DA_SILVA_JUNIOR", "RAZAOSOCIAL": "JM_CENTRAL_MOTOS", "ENDEE": "AVENIDA_SAO_JOAO1382__SANTA_CECILIA_01211-000", "LMAPS": "https://www.google.com/maps?q=&layer=c&cbll=-46.6462319,-23.538735", "O_QUE_FAZER": "FINALIZADO", "ER_REGIAO_CIDADE_min": "Capital Centro_Santa Cecília" }, "geometry": { "type": "Point", "coordinates": [ -46.6462319, -23.538735 ] } },
{ "type": "Feature", "properties": { "CNPJ": "24904805000128", "IDCIDADE": "SAO_PAULO", "NOMEFANTASIA": "AGUAS_BOAS_D_MINAS_E_DISTRIBUIDORA_DE_BEBIDAS_LTDA", "RAZAOSOCIAL": "AGUAS_DE_MINAS_DISTRIBUIDORA_DE_BEBIDAS", "ENDEE": "AVENIDA_SAO_JOAO2139__SANTA_CECILIA_01211-000", "LMAPS": "https://www.google.com/maps?q=&layer=c&cbll=-46.6528157,-23.5354907", "O_QUE_FAZER": "FINALIZADO", "ER_REGIAO_CIDADE_min": "Capital Centro_Santa Cecília" }, "geometry": { "type": "Point", "coordinates": [ -46.6528157, -23.5354907 ] } },
{ "type": "Feature", "properties": { "CNPJ": "29182149000110", "IDCIDADE": "SAO_PAULO", "NOMEFANTASIA": "DESCART_AMBIENTAL", "RAZAOSOCIAL": "DESCART_AMBIENTAL", "ENDEE": "SAO_JOAO1459__SANTA_CECILIA_01211-100", "LMAPS": "https://www.google.com/maps?q=&layer=c&cbll=-46.6469785,-23.538964", "O_QUE_FAZER": "FINALIZADO", "ER_REGIAO_CIDADE_min": "Capital Centro_Santa Cecília" }, "geometry": { "type": "Point", "coordinates": [ -46.6469785, -23.538964 ] } },
{ "type": "Feature", "properties": { "CNPJ": "69338507000156", "IDCIDADE": "SAO_PAULO", "NOMEFANTASIA": "J._MARTINS_MOVEIS_LTDA", "RAZAOSOCIAL": "EXPRESSAO_MOVEIS", "ENDEE": "AVENIDA_SAO_JOAO2023__SANTA_CECILIA_01211-100", "LMAPS": "https://www.google.com/maps?q=&layer=c&cbll=-46.6519633,-23.5360143", "O_QUE_FAZER": "FINALIZADO", "ER_REGIAO_CIDADE_min": "Capital Centro_Santa Cecília" }, "geometry": { "type": "Point", "coordinates": [ -46.6519633, -23.5360143 ] } },
{ "type": "Feature", "properties": { "CNPJ": "40009327000149", "IDCIDADE": "SAO_PAULO", "NOMEFANTASIA": "LILI_MOVEIS_CORPORATIVOS", "RAZAOSOCIAL": "LILI_MOVEIS_CORPORATIVOS_LTDA", "ENDEE": "AVENIDA_SAO_JOAO1965__SANTA_CECILIA_01211-101", "LMAPS": "https://www.google.com/maps?q=&layer=c&cbll=-46.6513667,-23.5362429", "O_QUE_FAZER": "FINALIZADO", "ER_REGIAO_CIDADE_min": "Capital Centro_Santa Cecília" }, "geometry": { "type": "Point", "coordinates": [ -46.6513667, -23.5362429 ] } },
{ "type": "Feature", "properties": { "CNPJ": "62757278000165", "IDCIDADE": "SAO_PAULO", "NOMEFANTASIA": "RESTAURANTE_E_LANCHONETE_FLOR_DA_DUQUE_LTDA", "RAZAOSOCIAL": "BAR_E_RESTAURANTE_F,OR_DA_DUQUE", "ENDEE": "AVENIDA_DUQUE_DE_CAXIAS292__SANTA_EFIGENIA_01214-000", "LMAPS": "https://www.google.com/maps?q=&layer=c&cbll=-46.6437029,-23.5372977", "O_QUE_FAZER": "FINALIZADO", "ER_REGIAO_CIDADE_min": "Capital Centro_Santa Cecília" }, "geometry": { "type": "Point", "coordinates": [ -46.6437029, -23.5372977 ] } },
{ "type": "Feature", "properties": { "CNPJ": "20666537000100", "IDCIDADE": "SAO_PAULO", "NOMEFANTASIA": "FABIANA_DE_MONTES_NOVAES_33437243861", "RAZAOSOCIAL": "MUNDO_DE_MAGIA", "ENDEE": "ALAMEDA_GLETE1067__CAMPOS_ELISEOS_01215-000", "LMAPS": "https://www.google.com/maps?q=&layer=c&cbll=-46.6505993,-23.5376452", "O_QUE_FAZER": "FINALIZADO", "ER_REGIAO_CIDADE_min": "Capital Centro_Santa Cecília" }, "geometry": { "type": "Point", "coordinates": [ -46.6505993, -23.5376452 ] } },
{ "type": "Feature", "properties": { "CNPJ": "46695646000131", "IDCIDADE": "SAO_PAULO", "NOMEFANTASIA": "DR_COMERCIO_DE_PECAS_E_ACESSORIOS_PARA_REFRIGERACAO_LTDA", "RAZAOSOCIAL": "DR_REFRIGERACAO", "ENDEE": "ALAMEDA_GLETE670__CAMPOS_ELISEOS_01215-000", "LMAPS": "https://www.google.com/maps?q=&layer=c&cbll=-46.6475156,-23.5353022", "O_QUE_FAZER": "FINALIZADO", "ER_REGIAO_CIDADE_min": "Capital Centro_Santa Cecília" }, "geometry": { "type": "Point", "coordinates": [ -46.6475156, -23.5353022 ] } },
{ "type": "Feature", "properties": { "CNPJ": "45848900000121", "IDCIDADE": "SAO_PAULO", "NOMEFANTASIA": "OTICA_DAMFER_LTDA", "RAZAOSOCIAL": "OTICA_DANFER", "ENDEE": "RUA_MARTIM_FRANCISCO15__VILA_BUARQUE_01215-001", "LMAPS": "https://www.google.com/maps?q=&layer=c&cbll=-46.6508353,-23.5378387", "O_QUE_FAZER": "FINALIZADO", "ER_REGIAO_CIDADE_min": "Capital Centro_Santa Cecília" }, "geometry": { "type": "Point", "coordinates": [ -46.6508353, -23.5378387 ] } },
{ "type": "Feature", "properties": { "CNPJ": "57015787000182", "IDCIDADE": "SAO_PAULO", "NOMEFANTASIA": "57.015.787_CLEIDIMAR_DE_TOLEDO_BERTO_DE_OLIVEIRA", "RAZAOSOCIAL": "CLEIDE_AR_DE_TOLEDO_BERTO_DE_OLIVEIRA", "ENDEE": "RUA_HELVETIA539__CAMPOS_ELISIOS_01215-010", "LMAPS": "https://www.google.com/maps?q=&layer=c&cbll=-46.6455417,-23.5358708", "O_QUE_FAZER": "FINALIZADO", "ER_REGIAO_CIDADE_min": "Capital Centro_Santa Cecília" }, "geometry": { "type": "Point", "coordinates": [ -46.6455417, -23.5358708 ] } },
{ "type": "Feature", "properties": { "CNPJ": "06219762000160", "IDCIDADE": "SAO_PAULO", "NOMEFANTASIA": "OTANIEL_CARDOSO_DA_SILVA_MECANICA", "RAZAOSOCIAL": "RETANCAR", "ENDEE": "RUA_HELVETIA656__CAMPOS_ELISEOS_01215-010", "LMAPS": "https://www.google.com/maps?q=&layer=c&cbll=-46.646584,-23.53625", "O_QUE_FAZER": "FINALIZADO", "ER_REGIAO_CIDADE_min": "Capital Centro_Santa Cecília" }, "geometry": { "type": "Point", "coordinates": [ -46.646584, -23.53625 ] } },
{ "type": "Feature", "properties": { "CNPJ": "57871477000160", "IDCIDADE": "SAO_PAULO", "NOMEFANTASIA": "SNOB_-_AR_CONDICIONADO_LTDA.", "RAZAOSOCIAL": "SNOB_AR_CONDICIONADO", "ENDEE": "ALAMEDA_NOTHMANN1009__CAMPOS_ELISEOS_01216-000", "LMAPS": "https://www.google.com/maps?q=&layer=c&cbll=-46.650137,-23.5352337", "O_QUE_FAZER": "FINALIZADO", "ER_REGIAO_CIDADE_min": "Capital Centro_Santa Cecília" }, "geometry": { "type": "Point", "coordinates": [ -46.650137, -23.5352337 ] } },
{ "type": "Feature", "properties": { "CNPJ": "10240003000156", "IDCIDADE": "SAO_PAULO", "NOMEFANTASIA": "FALLCAR_TAPECARIA_LTDA", "RAZAOSOCIAL": "FALL_CAR_TAPECARIA", "ENDEE": "ALAMEDA_NOTHMANN1027__CAMPOS_ELISEOS_01216-000", "LMAPS": "https://www.google.com/maps?q=&layer=c&cbll=-46.6500367,-23.5353333", "O_QUE_FAZER": "FINALIZADO", "ER_REGIAO_CIDADE_min": "Capital Centro_Santa Cecília" }, "geometry": { "type": "Point", "coordinates": [ -46.6500367, -23.5353333 ] } },
{ "type": "Feature", "properties": { "CNPJ": "42629918000225", "IDCIDADE": "SAO_PAULO", "NOMEFANTASIA": "BRAD_PET_BOUTIQUE_E_ESTETICA_ANIMAL_LTDA", "RAZAOSOCIAL": "BRAD_PET_SHOP", "ENDEE": "ALAMEDA_NOTHMANN1029__CAMPOS_ELISEOS_01216-000", "LMAPS": "https://www.google.com/maps?q=&layer=c&cbll=-46.6503594,-23.5353476", "O_QUE_FAZER": "FINALIZADO", "ER_REGIAO_CIDADE_min": "Capital Centro_Santa Cecília" }, "geometry": { "type": "Point", "coordinates": [ -46.6503594, -23.5353476 ] } },
{ "type": "Feature", "properties": { "CNPJ": "37484109000151", "IDCIDADE": "SAO_PAULO", "NOMEFANTASIA": "VANDA_LUCIA_DOS_SANTOS_PINHEIRO_29199948320", "RAZAOSOCIAL": "MV_CABELEIREIROS", "ENDEE": "ALAMEDA_NOTHMANN1243__CAMPOS_ELISEOS_01216-000", "LMAPS": "https://www.google.com/maps?q=&layer=c&cbll=-46.651976,-23.536417", "O_QUE_FAZER": "FINALIZADO", "ER_REGIAO_CIDADE_min": "Capital Centro_Santa Cecília" }, "geometry": { "type": "Point", "coordinates": [ -46.651976, -23.536417 ] } },
{ "type": "Feature", "properties": { "CNPJ": "34258253000181", "IDCIDADE": "SAO_PAULO", "NOMEFANTASIA": "34.258.253_DOUGLAS_ROBERTO_ALMEIDA_DE_ARAUJO", "RAZAOSOCIAL": "OPTICA_SANTA", "ENDEE": "ALAMEDA_NOTHMANN900__CAMPOS_ELISEOS_01216-000", "LMAPS": "https://www.google.com/maps?q=&layer=c&cbll=-46.6493204,-23.5344904", "O_QUE_FAZER": "FINALIZADO", "ER_REGIAO_CIDADE_min": "Capital Centro_Santa Cecília" }, "geometry": { "type": "Point", "coordinates": [ -46.6493204, -23.5344904 ] } },
{ "type": "Feature", "properties": { "CNPJ": "17133098000158", "IDCIDADE": "SAO_PAULO", "NOMEFANTASIA": "LIDIANE_FRANCISCA_DA_SILVA_AR_CONDICIONADO", "RAZAOSOCIAL": "FRIAUTO", "ENDEE": "ALAMEDA_NOTHMANN906__CAMPOS_ELISEOS_01216-000", "LMAPS": "https://www.google.com/maps?q=&layer=c&cbll=-46.6493929,-23.5345484", "O_QUE_FAZER": "FINALIZADO", "ER_REGIAO_CIDADE_min": "Capital Centro_Santa Cecília" }, "geometry": { "type": "Point", "coordinates": [ -46.6493929, -23.5345484 ] } },
{ "type": "Feature", "properties": { "CNPJ": "42999186000184", "IDCIDADE": "SAO_PAULO", "NOMEFANTASIA": "EDER_L_MARCANDALLE_LTDA", "RAZAOSOCIAL": "ZECA_'S_MARMITEX_E_BURGUER", "ENDEE": "ALAMEDA_NOTHMANN907__CAMPOS_ELISEOS_01216-000", "LMAPS": "https://www.google.com/maps?q=&layer=c&cbll=-46.649271,-23.5347011", "O_QUE_FAZER": "FINALIZADO", "ER_REGIAO_CIDADE_min": "Capital Centro_Santa Cecília" }, "geometry": { "type": "Point", "coordinates": [ -46.649271, -23.5347011 ] } },
{ "type": "Feature", "properties": { "CNPJ": "37316768000189", "IDCIDADE": "SAO_PAULO", "NOMEFANTASIA": "ELIELMA_REIS_DE_JESUS_97027758504", "RAZAOSOCIAL": "SUCESSO__CAFE", "ENDEE": "ALAMEDA_NOTHMANN924__CAMPOS_ELISEOS_01216-000", "LMAPS": "https://www.google.com/maps?q=&layer=c&cbll=-46.6495136,-23.5346253", "O_QUE_FAZER": "FINALIZADO", "ER_REGIAO_CIDADE_min": "Capital Centro_Santa Cecília" }, "geometry": { "type": "Point", "coordinates": [ -46.6495136, -23.5346253 ] } },
{ "type": "Feature", "properties": { "CNPJ": "62676499000109", "IDCIDADE": "SAO_PAULO", "NOMEFANTASIA": "BAR_E_LANCHES_959_LTDA", "RAZAOSOCIAL": "BAR_E_LANCHES_959", "ENDEE": "ALAMEDA_NOTHMANN959__CAMPOS_ELISEOS_01216-000", "LMAPS": "https://www.google.com/maps?q=&layer=c&cbll=-46.6496716,-23.5349647", "O_QUE_FAZER": "FINALIZADO", "ER_REGIAO_CIDADE_min": "Capital Centro_Santa Cecília" }, "geometry": { "type": "Point", "coordinates": [ -46.6496716, -23.5349647 ] } },
{ "type": "Feature", "properties": { "CNPJ": "07661670000106", "IDCIDADE": "SAO_PAULO", "NOMEFANTASIA": "BAR_E_LANCHES_LIDIO_LTDA", "RAZAOSOCIAL": "BAR_E_LANCHES_LIDIA", "ENDEE": "ALAMEDA_NOTHMANN979__CAMPOS_ELISEOS_01216-000", "LMAPS": "https://www.google.com/maps?q=&layer=c&cbll=-46.6498582,-23.5350394", "O_QUE_FAZER": "FINALIZADO", "ER_REGIAO_CIDADE_min": "Capital Centro_Santa Cecília" }, "geometry": { "type": "Point", "coordinates": [ -46.6498582, -23.5350394 ] } },
{ "type": "Feature", "properties": { "CNPJ": "42620705000151", "IDCIDADE": "SAO_PAULO", "NOMEFANTASIA": "42.620.705_STEFANE_MARIA_RODRIGUES_DA_SILVA", "RAZAOSOCIAL": "ALEMAO_E_CIA_AGUAS", "ENDEE": "ALAMEDA_NOTHMANN989__CAMPOS_ELISEOS_01216-000", "LMAPS": "https://www.google.com/maps?q=&layer=c&cbll=-46.6499457,-23.5351028", "O_QUE_FAZER": "FINALIZADO", "ER_REGIAO_CIDADE_min": "Capital Centro_Santa Cecília" }, "geometry": { "type": "Point", "coordinates": [ -46.6499457, -23.5351028 ] } },
{ "type": "Feature", "properties": { "CNPJ": "22431958000170", "IDCIDADE": "SAO_PAULO", "NOMEFANTASIA": "FLORISVALDO_DE_SOUZA_BORGES_FILHO_38794004587", "RAZAOSOCIAL": "FLORISVALDO_BORGES", "ENDEE": "ALAMEDA_BARAO_DE_PIRACICABA153__CAMPOS_ELISEOS_01216-011", "LMAPS": "https://www.google.com/maps?q=&layer=c&cbll=-46.6425199,-23.5347959", "O_QUE_FAZER": "FINALIZADO", "ER_REGIAO_CIDADE_min": "Capital Centro_Santa Cecília" }, "geometry": { "type": "Point", "coordinates": [ -46.6425199, -23.5347959 ] } },
{ "type": "Feature", "properties": { "CNPJ": "60427875000104", "IDCIDADE": "SAO_PAULO", "NOMEFANTASIA": "60.427.875_JOSELIA_RODRIGUES_SILVA_FREITAS", "RAZAOSOCIAL": "PAO_DE_LO", "ENDEE": "ALAMEDA_RIBEIRO_DA_SILVA594__CAMPOS_ELISEOS_01217-010", "LMAPS": "https://www.google.com/maps?q=&layer=c&cbll=-46.6489212,-23.5321014", "O_QUE_FAZER": "FINALIZADO", "ER_REGIAO_CIDADE_min": "Capital Centro_Santa Cecília" }, "geometry": { "type": "Point", "coordinates": [ -46.6489212, -23.5321014 ] } },
{ "type": "Feature", "properties": { "CNPJ": "35516134000144", "IDCIDADE": "SAO_PAULO", "NOMEFANTASIA": "35.516.134_JOERLAN_VIEIRA_DOS_SANTOS", "RAZAOSOCIAL": "MARRE_BOM_CONFEITARIA", "ENDEE": "ALAMEDA_RIBEIRO_DA_SILVA611__CAMPOS_ELISEOS_01217-010", "LMAPS": "https://www.google.com/maps?q=&layer=c&cbll=-46.6489771,-23.5323469", "O_QUE_FAZER": "FINALIZADO", "ER_REGIAO_CIDADE_min": "Capital Centro_Santa Cecília" }, "geometry": { "type": "Point", "coordinates": [ -46.6489771, -23.5323469 ] } },
{ "type": "Feature", "properties": { "CNPJ": "24808352000136", "IDCIDADE": "SAO_PAULO", "NOMEFANTASIA": "24.808.352_MARCOS_ROGERIO_FABIO", "RAZAOSOCIAL": "BARBAROS_BARBEARIA", "ENDEE": "ALAMEDA_RIBEIRO_DA_SILVA619__CAMPOS_ELISEOS_01217-010", "LMAPS": "https://www.google.com/maps?q=&layer=c&cbll=-46.6490245,-23.5323966", "O_QUE_FAZER": "FINALIZADO", "ER_REGIAO_CIDADE_min": "Capital Centro_Santa Cecília" }, "geometry": { "type": "Point", "coordinates": [ -46.6490245, -23.5323966 ] } },
{ "type": "Feature", "properties": { "CNPJ": "05909741000103", "IDCIDADE": "SAO_PAULO", "NOMEFANTASIA": "ALBERTO_DINIZ_OLIVEIRA", "RAZAOSOCIAL": "BETO_DINIZ_CABELO_E_ESTETICA", "ENDEE": "ALAMEDA_RIBEIRO_DA_SILVA687__CAMPOS_ELISEOS_01217-010", "LMAPS": "https://www.google.com/maps?q=&layer=c&cbll=-46.6495528,-23.532808", "O_QUE_FAZER": "FINALIZADO", "ER_REGIAO_CIDADE_min": "Capital Centro_Santa Cecília" }, "geometry": { "type": "Point", "coordinates": [ -46.6495528, -23.532808 ] } },
{ "type": "Feature", "properties": { "CNPJ": "32866604000101", "IDCIDADE": "SAO_PAULO", "NOMEFANTASIA": "PAOLA_GISELLA_MARTINANGELO_FERREIRA_04940039870", "RAZAOSOCIAL": "MARTINANGELO_RESTAURANTE", "ENDEE": "ALAMEDA_RIBEIRO_DA_SILVA707__CAMPOS_ELISEOS_01217-010", "LMAPS": "https://www.google.com/maps?q=&layer=c&cbll=-46.649739,-23.5328277", "O_QUE_FAZER": "FINALIZADO", "ER_REGIAO_CIDADE_min": "Capital Centro_Santa Cecília" }, "geometry": { "type": "Point", "coordinates": [ -46.649739, -23.5328277 ] } },
{ "type": "Feature", "properties": { "CNPJ": "05863777000101", "IDCIDADE": "SAO_PAULO", "NOMEFANTASIA": "BAR_E_LANCHES_SABORES_LTDA", "RAZAOSOCIAL": "BAR_E_LANCHES_SABORES", "ENDEE": "ALAMEDA_RIBEIRO_DA_SILVA944__CAMPOS_ELISEOS_01217-010", "LMAPS": "https://www.google.com/maps?q=&layer=c&cbll=-46.6517937,-23.5339329", "O_QUE_FAZER": "FINALIZADO", "ER_REGIAO_CIDADE_min": "Capital Centro_Santa Cecília" }, "geometry": { "type": "Point", "coordinates": [ -46.6517937, -23.5339329 ] } },
{ "type": "Feature", "properties": { "CNPJ": "05358490000116", "IDCIDADE": "SAO_PAULO", "NOMEFANTASIA": "DROGARIA_EDUARDO_PRADO_LTDA", "RAZAOSOCIAL": "DROGARIA_EDUARDO_PRADO", "ENDEE": "ALAMEDA_EDUARDO_PRADO873__CAMPOS_ELISEOS_01218-011", "LMAPS": "https://www.google.com/maps?q=&layer=c&cbll=-46.6526473,-23.5330287", "O_QUE_FAZER": "FINALIZADO", "ER_REGIAO_CIDADE_min": "Capital Centro_Santa Cecília" }, "geometry": { "type": "Point", "coordinates": [ -46.6526473, -23.5330287 ] } },
{ "type": "Feature", "properties": { "CNPJ": "49442410000181", "IDCIDADE": "SAO_PAULO", "NOMEFANTASIA": "SPEED_GARAGE", "RAZAOSOCIAL": "GARAGE_SPEED_MECANICA_AUTOMOTIVAS_LTDA", "ENDEE": "ALAMEDA_EDUARDO_PRADO511__CAMPOS_ELISEOS_01218-012", "LMAPS": "https://www.google.com/maps?q=&layer=c&cbll=-46.6498384,-23.5310342", "O_QUE_FAZER": "FINALIZADO", "ER_REGIAO_CIDADE_min": "Capital Centro_Santa Cecília" }, "geometry": { "type": "Point", "coordinates": [ -46.6498384, -23.5310342 ] } },
{ "type": "Feature", "properties": { "CNPJ": "20959676000114", "IDCIDADE": "SAO_PAULO", "NOMEFANTASIA": "B_E_M_MARTINS_COMERCIO_DE_LIVROS", "RAZAOSOCIAL": "LIVRARIA_PONTA_DE_LANCA", "ENDEE": "RUA_AURELIANO_COUTINHO26__CONSOLACAO_01224-020", "LMAPS": "https://www.google.com/maps?q=&layer=c&cbll=-46.6528193,-23.5402443", "O_QUE_FAZER": "FINALIZADO", "ER_REGIAO_CIDADE_min": "Capital Centro_Santa Cecília" }, "geometry": { "type": "Point", "coordinates": [ -46.6528193, -23.5402443 ] } },
{ "type": "Feature", "properties": { "CNPJ": "53780963000111", "IDCIDADE": "SAO_PAULO", "NOMEFANTASIA": "AESTOIC_PRODUCOES_AUDIOVISUAIS_LTDA", "RAZAOSOCIAL": "AESTOIC", "ENDEE": "RUA_FORTUNATO238__VILA_BUARQUE_01224-030", "LMAPS": "https://www.google.com/maps?q=&layer=c&cbll=-46.6520861,-23.540964", "O_QUE_FAZER": "FINALIZADO", "ER_REGIAO_CIDADE_min": "Capital Centro_Santa Cecília" }, "geometry": { "type": "Point", "coordinates": [ -46.6520861, -23.540964 ] } },
{ "type": "Feature", "properties": { "CNPJ": "03895264000149", "IDCIDADE": "SAO_PAULO", "NOMEFANTASIA": "FORTUNATO_MERCADO_DAS_VARIEDADES_LTDA", "RAZAOSOCIAL": "FORTUNATO_MERCADO_E_VARIEDADES", "ENDEE": "RUA_FORTUNATO24__VILA_BUARQUE_01224-030", "LMAPS": "https://www.google.com/maps?q=&layer=c&cbll=-46.6514648,-23.5390641", "O_QUE_FAZER": "FINALIZADO", "ER_REGIAO_CIDADE_min": "Capital Centro_Santa Cecília" }, "geometry": { "type": "Point", "coordinates": [ -46.6514648, -23.5390641 ] } },
{ "type": "Feature", "properties": { "CNPJ": "58078559000114", "IDCIDADE": "SAO_PAULO", "NOMEFANTASIA": "LAVANDERIA_FORT_EXPRESS_VILA_BUARQUE_LTDA", "RAZAOSOCIAL": "MARIA_EXPRESS_-_VILA_BUARQUE,_SAO_PAULO/SP", "ENDEE": "RUA_FORTUNATO28__VILA_BUARQUE_01224-030", "LMAPS": "https://www.google.com/maps?q=&layer=c&cbll=-46.6515868,-23.539084", "O_QUE_FAZER": "FINALIZADO", "ER_REGIAO_CIDADE_min": "Capital Centro_Santa Cecília" }, "geometry": { "type": "Point", "coordinates": [ -46.6515868, -23.539084 ] } },
{ "type": "Feature", "properties": { "CNPJ": "13273333000136", "IDCIDADE": "SAO_PAULO", "NOMEFANTASIA": "CLARICE_BLEIVAS", "RAZAOSOCIAL": "LEVANA_RESTAURANTE", "ENDEE": "RUA_FORTUNATO33__HIGIENOPOLIS_01224-030", "LMAPS": "https://www.google.com/maps?q=&layer=c&cbll=-46.6513396,-23.5391933", "O_QUE_FAZER": "FINALIZADO", "ER_REGIAO_CIDADE_min": "Capital Centro_Santa Cecília" }, "geometry": { "type": "Point", "coordinates": [ -46.6513396, -23.5391933 ] } },
{ "type": "Feature", "properties": { "CNPJ": "25034017000190", "IDCIDADE": "SAO_PAULO", "NOMEFANTASIA": "BRUNIAN_COMERCIO_DE_MATERIAL_DE_LIMPEZA_E_DESCARTAVEIS_LTDA", "RAZAOSOCIAL": "BRUNIAN_MATERIAL_DE_LIMPEZA", "ENDEE": "RUA_FORTUNATO40__VILA_BUARQUE_01224-030", "LMAPS": "https://www.google.com/maps?q=&layer=c&cbll=-46.6516481,-23.5391909", "O_QUE_FAZER": "FINALIZADO", "ER_REGIAO_CIDADE_min": "Capital Centro_Santa Cecília" }, "geometry": { "type": "Point", "coordinates": [ -46.6516481, -23.5391909 ] } },
{ "type": "Feature", "properties": { "CNPJ": "18949191000106", "IDCIDADE": "SAO_PAULO", "NOMEFANTASIA": "VANDERLEY_DA_SILVA_FERREIRA_LANCHONETE", "RAZAOSOCIAL": "BAR_DO_COCO", "ENDEE": "RUA_FORTUNATO64__VILA_BUARQUE_01224-030", "LMAPS": "https://www.google.com/maps?q=&layer=c&cbll=-46.6515647,-23.5394277", "O_QUE_FAZER": "FINALIZADO", "ER_REGIAO_CIDADE_min": "Capital Centro_Santa Cecília" }, "geometry": { "type": "Point", "coordinates": [ -46.6515647, -23.5394277 ] } },
{ "type": "Feature", "properties": { "CNPJ": "12362144000177", "IDCIDADE": "SAO_PAULO", "NOMEFANTASIA": "PARKING_VISUVION_ESTACIONAMENTO_LTDA", "RAZAOSOCIAL": "FRANGO_COM_TUDO_DENTRO", "ENDEE": "RUA_CANUTO_DO_VAL115__VILA_BUARQUE_01224-040", "LMAPS": "https://www.google.com/maps?q=&layer=c&cbll=-46.6517164,-23.5404854", "O_QUE_FAZER": "FINALIZADO", "ER_REGIAO_CIDADE_min": "Capital Centro_Santa Cecília" }, "geometry": { "type": "Point", "coordinates": [ -46.6517164, -23.5404854 ] } },
{ "type": "Feature", "properties": { "CNPJ": "29131465000163", "IDCIDADE": "SAO_PAULO", "NOMEFANTASIA": "ALTAIR_MARIA_DE_JESUS_27228237803", "RAZAOSOCIAL": "AN_BAR", "ENDEE": "RUA_CANUTO_DO_VAL204__VILA_BUARQUE_01224-040", "LMAPS": "https://www.google.com/maps?q=&layer=c&cbll=-46.6524613,-23.540059", "O_QUE_FAZER": "FINALIZADO", "ER_REGIAO_CIDADE_min": "Capital Centro_Santa Cecília" }, "geometry": { "type": "Point", "coordinates": [ -46.6524613, -23.540059 ] } },
{ "type": "Feature", "properties": { "CNPJ": "54764633000103", "IDCIDADE": "SAO_PAULO", "NOMEFANTASIA": "O_MIRANDES_RESTAURANTE_LTDA", "RAZAOSOCIAL": "O_MIRANDES", "ENDEE": "RUA_CANUTO_DO_VAL206__VILA_BUARQUE_01224-040", "LMAPS": "https://www.google.com/maps?q=&layer=c&cbll=-46.6524864,-23.5400349", "O_QUE_FAZER": "FINALIZADO", "ER_REGIAO_CIDADE_min": "Capital Centro_Santa Cecília" }, "geometry": { "type": "Point", "coordinates": [ -46.6524864, -23.5400349 ] } },
{ "type": "Feature", "properties": { "CNPJ": "45406597000107", "IDCIDADE": "SAO_PAULO", "NOMEFANTASIA": "UNO_MAIS_TABACARIA_PRESENTES_E_COMERCIO_LTDA", "RAZAOSOCIAL": "NATUREBA_CACHACARIA", "ENDEE": "RUA_CANUTO_DO_VAL209__VILA_BUARQUE_01224-040", "LMAPS": "https://www.google.com/maps?q=&layer=c&cbll=-46.6525972,-23.5402023", "O_QUE_FAZER": "FINALIZADO", "ER_REGIAO_CIDADE_min": "Capital Centro_Santa Cecília" }, "geometry": { "type": "Point", "coordinates": [ -46.6525972, -23.5402023 ] } },
{ "type": "Feature", "properties": { "CNPJ": "01126883000143", "IDCIDADE": "SAO_PAULO", "NOMEFANTASIA": "LANCHES_FLOR_DO_JOAO_ALFREDO_LTDA", "RAZAOSOCIAL": "JHONYS_BAR_E_RESTAURANTE", "ENDEE": "RUA_CANUTO_DO_VAL241__VILA_BUARQUE_01224-040", "LMAPS": "https://www.google.com/maps?q=&layer=c&cbll=-46.6528421,-23.5401694", "O_QUE_FAZER": "FINALIZADO", "ER_REGIAO_CIDADE_min": "Capital Centro_Santa Cecília" }, "geometry": { "type": "Point", "coordinates": [ -46.6528421, -23.5401694 ] } },
{ "type": "Feature", "properties": { "CNPJ": "40840307000115", "IDCIDADE": "SAO_PAULO", "NOMEFANTASIA": "BONILHA_&_NEVES_CAFES_ESPECIAIS_LTDA", "RAZAOSOCIAL": "CAFE_NAIF", "ENDEE": "RUA_CANUTO_DO_VAL26__VILA_BUARQUE_01224-040", "LMAPS": "https://www.google.com/maps?q=&layer=c&cbll=-46.6507928,-23.5405146", "O_QUE_FAZER": "FINALIZADO", "ER_REGIAO_CIDADE_min": "Capital Centro_Santa Cecília" }, "geometry": { "type": "Point", "coordinates": [ -46.6507928, -23.5405146 ] } },
{ "type": "Feature", "properties": { "CNPJ": "49058169000191", "IDCIDADE": "SAO_PAULO", "NOMEFANTASIA": "ESPACO_BARBARA_MOURA_LTDA", "RAZAOSOCIAL": "ESPACO_BARBARA_MOURA", "ENDEE": "RUA_CANUTO_DO_VAL54__VILA_BUARQUE_01224-040", "LMAPS": "https://www.google.com/maps?q=&layer=c&cbll=-46.651051,-23.540468", "O_QUE_FAZER": "FINALIZADO", "ER_REGIAO_CIDADE_min": "Capital Centro_Santa Cecília" }, "geometry": { "type": "Point", "coordinates": [ -46.651051, -23.540468 ] } },
{ "type": "Feature", "properties": { "CNPJ": "45669870000196", "IDCIDADE": "SAO_PAULO", "NOMEFANTASIA": "ARAMES_MATERIAIS_DE_CONSTRUCAO_LTDA", "RAZAOSOCIAL": "ARAMES_MATERIAIS", "ENDEE": "RUA_FREDERICO_ABRANCHES173__CONSOLACAO_01225-000", "LMAPS": "https://www.google.com/maps?q=&layer=c&cbll=-46.6492775,-23.5403573", "O_QUE_FAZER": "FINALIZADO", "ER_REGIAO_CIDADE_min": "Capital Centro_Santa Cecília" }, "geometry": { "type": "Point", "coordinates": [ -46.6492775, -23.5403573 ] } },
{ "type": "Feature", "properties": { "CNPJ": "39920885000182", "IDCIDADE": "SAO_PAULO", "NOMEFANTASIA": "KIA_FARMA_COMERCIO_DE_PRODUTOS_FARMACEUTICOS_LTDA", "RAZAOSOCIAL": "BEM_ESTAR_FARMA", "ENDEE": "RUA_FREDERICO_ABRANCHES331__VILA_BUARQUE_01225-000", "LMAPS": "https://www.google.com/maps?q=&layer=c&cbll=-46.6506178,-23.5395521", "O_QUE_FAZER": "FINALIZADO", "ER_REGIAO_CIDADE_min": "Capital Centro_Santa Cecília" }, "geometry": { "type": "Point", "coordinates": [ -46.6506178, -23.5395521 ] } },
{ "type": "Feature", "properties": { "CNPJ": "05785437000100", "IDCIDADE": "SAO_PAULO", "NOMEFANTASIA": "SANTA_CECILIA_COMERCIO_DE_PRODUTOS_DE_UTILIDADES_DOMESTICAS_LTDA", "RAZAOSOCIAL": "SHOPPING_DO_REAL", "ENDEE": "RUA_FREDERICO_ABRANCHES349__CONSOLACAO_01225-000", "LMAPS": "https://www.google.com/maps?q=&layer=c&cbll=-46.6507794,-23.5394931", "O_QUE_FAZER": "FINALIZADO", "ER_REGIAO_CIDADE_min": "Capital Centro_Santa Cecília" }, "geometry": { "type": "Point", "coordinates": [ -46.6507794, -23.5394931 ] } },
{ "type": "Feature", "properties": { "CNPJ": "31072831000100", "IDCIDADE": "SAO_PAULO", "NOMEFANTASIA": "ROBSON_LUIS_ALBINO", "RAZAOSOCIAL": "VINTAGE_STUDIO_CABELEIREIROS", "ENDEE": "RUA_FREDERICO_ABRANCHES410__CONSOLACAO_01225-000", "LMAPS": "https://www.google.com/maps?q=&layer=c&cbll=-46.6510752,-23.5389776", "O_QUE_FAZER": "FINALIZADO", "ER_REGIAO_CIDADE_min": "Capital Centro_Santa Cecília" }, "geometry": { "type": "Point", "coordinates": [ -46.6510752, -23.5389776 ] } },
{ "type": "Feature", "properties": { "CNPJ": "35296947000176", "IDCIDADE": "SAO_PAULO", "NOMEFANTASIA": "BAR_E_LANCHONETE_OLD_GOLD_LTDA", "RAZAOSOCIAL": "LANCHONETE_OLD_GOLD", "ENDEE": "RUA_FREDERICO_ABRANCHES417__VILA_BUARQUE_01225-000", "LMAPS": "https://www.google.com/maps?q=&layer=c&cbll=-46.6512613,-23.5390847", "O_QUE_FAZER": "FINALIZADO", "ER_REGIAO_CIDADE_min": "Capital Centro_Santa Cecília" }, "geometry": { "type": "Point", "coordinates": [ -46.6512613, -23.5390847 ] } },
{ "type": "Feature", "properties": { "CNPJ": "96581731000147", "IDCIDADE": "SAO_PAULO", "NOMEFANTASIA": "R_MARC_COMERCIO_DE_PAPEIS_LTDA", "RAZAOSOCIAL": "R_MARC_PAPELARIA", "ENDEE": "RUA_FREDERICO_ABRANCHES432__VILA_BUARQUE_01225-000", "LMAPS": "https://www.google.com/maps?q=&layer=c&cbll=-46.6512587,-23.5388147", "O_QUE_FAZER": "FINALIZADO", "ER_REGIAO_CIDADE_min": "Capital Centro_Santa Cecília" }, "geometry": { "type": "Point", "coordinates": [ -46.6512587, -23.5388147 ] } },
{ "type": "Feature", "properties": { "CNPJ": "49063735000153", "IDCIDADE": "SAO_PAULO", "NOMEFANTASIA": "KING_BLACK_BARBEAR_ELTON", "RAZAOSOCIAL": "KING_BLACK_BARBEAR_ELTON", "ENDEE": "RUA_FREDERICO_ABRANCHES__410_01225-001", "LMAPS": "https://www.google.com/maps?q=&layer=c&cbll=-46.6510752,-23.5389776", "O_QUE_FAZER": "FINALIZADO", "ER_REGIAO_CIDADE_min": "Capital Centro_Santa Cecília" }, "geometry": { "type": "Point", "coordinates": [ -46.6510752, -23.5389776 ] } },
{ "type": "Feature", "properties": { "CNPJ": "33597289000127", "IDCIDADE": "SAO_PAULO", "NOMEFANTASIA": "FABIO_MUROLLO_DE_OLIVEIRA", "RAZAOSOCIAL": "775_OCULOS", "ENDEE": "RUA_FREDERICO_ABRANCHES331__VILA_BUARQUE_01225-001", "LMAPS": "https://www.google.com/maps?q=&layer=c&cbll=-46.6506178,-23.5395521", "O_QUE_FAZER": "FINALIZADO", "ER_REGIAO_CIDADE_min": "Capital Centro_Santa Cecília" }, "geometry": { "type": "Point", "coordinates": [ -46.6506178, -23.5395521 ] } },
{ "type": "Feature", "properties": { "CNPJ": "28670132000140", "IDCIDADE": "SAO_PAULO", "NOMEFANTASIA": "RUBERVAL_MARCELO_DA_SILVA_OLIVEIRA_12533401889", "RAZAOSOCIAL": "RM", "ENDEE": "1010_SANTA_CECILIA158__VILA_BUARQUE_01225-010", "LMAPS": "https://www.google.com/maps?q=&layer=c&cbll=-46.6499307,-23.5389516", "O_QUE_FAZER": "FINALIZADO", "ER_REGIAO_CIDADE_min": "Capital Centro_Santa Cecília" }, "geometry": { "type": "Point", "coordinates": [ -46.6499307, -23.5389516 ] } },
{ "type": "Feature", "properties": { "CNPJ": "13846694000124", "IDCIDADE": "SAO_PAULO", "NOMEFANTASIA": "LANCHONETE_NOVA_CECILIA_52_SOCIEDADE_UNIPESSOAL_LTDA", "RAZAOSOCIAL": "LANCHONETE_NOVA_CECILIA", "ENDEE": "1010_SANTA_CECILIA52__VILA_BUARQUE_01225-010", "LMAPS": "https://www.google.com/maps?q=&layer=c&cbll=-46.6492198,-23.538751", "O_QUE_FAZER": "FINALIZADO", "ER_REGIAO_CIDADE_min": "Capital Centro_Santa Cecília" }, "geometry": { "type": "Point", "coordinates": [ -46.6492198, -23.538751 ] } },
{ "type": "Feature", "properties": { "CNPJ": "13355829000159", "IDCIDADE": "SAO_PAULO", "NOMEFANTASIA": "SANDRO_GOMES_DE_SANTANA_LTDA", "RAZAOSOCIAL": "ACAI_DO_LARGO_SANTA_CECILIA", "ENDEE": "1010_SANTA_CECILIA81__VILA_BUARQUE_01225-010", "LMAPS": "https://www.google.com/maps?q=&layer=c&cbll=-46.6498338,-23.5397149", "O_QUE_FAZER": "FINALIZADO", "ER_REGIAO_CIDADE_min": "Capital Centro_Santa Cecília" }, "geometry": { "type": "Point", "coordinates": [ -46.6498338, -23.5397149 ] } },
{ "type": "Feature", "properties": { "CNPJ": "08252295000103", "IDCIDADE": "SAO_PAULO", "NOMEFANTASIA": "DROGARIA_ESTRELA_POPULAR_LTDA", "RAZAOSOCIAL": "DROGARIA_ESTRELA_POPULAR", "ENDEE": "1010_SANTA_CECILIA89__VILA_BUARQUE_01225-010", "LMAPS": "https://www.google.com/maps?q=&layer=c&cbll=-46.6494483,-23.5389258", "O_QUE_FAZER": "FINALIZADO", "ER_REGIAO_CIDADE_min": "Capital Centro_Santa Cecília" }, "geometry": { "type": "Point", "coordinates": [ -46.6494483, -23.5389258 ] } },
{ "type": "Feature", "properties": { "CNPJ": "21819481000131", "IDCIDADE": "SAO_PAULO", "NOMEFANTASIA": "JOSE_RAFAEL_DA_SILVA_COMERCIO_E_VIDRACARIA", "RAZAOSOCIAL": "VIDRACARIA__PYACA", "ENDEE": "RUA_SEBASTIAO_PEREIRA129__VILA_BUARQUE_01225-020", "LMAPS": "https://www.google.com/maps?q=&layer=c&cbll=-46.6485297,-23.5405712", "O_QUE_FAZER": "FINALIZADO", "ER_REGIAO_CIDADE_min": "Capital Centro_Santa Cecília" }, "geometry": { "type": "Point", "coordinates": [ -46.6485297, -23.5405712 ] } },
{ "type": "Feature", "properties": { "CNPJ": "26398288000198", "IDCIDADE": "SAO_PAULO", "NOMEFANTASIA": "MALU_AZULEJOS_E_PISOS_ANTIGOS_LTDA", "RAZAOSOCIAL": "AZULEJOS_ANTIGOS", "ENDEE": "RUA_SEBASTIAO_PEREIRA209__VILA_BUARQUE_01225-020", "LMAPS": "https://www.google.com/maps?q=&layer=c&cbll=-46.6489421,-23.540032", "O_QUE_FAZER": "FINALIZADO", "ER_REGIAO_CIDADE_min": "Capital Centro_Santa Cecília" }, "geometry": { "type": "Point", "coordinates": [ -46.6489421, -23.540032 ] } },
{ "type": "Feature", "properties": { "CNPJ": "54485247000174", "IDCIDADE": "SAO_PAULO", "NOMEFANTASIA": "SERRALHERIA_E_VIDRACARIA_D.M._LTDA", "RAZAOSOCIAL": "DM_SERRALHERIA_E_VIDRACARIA", "ENDEE": "RUA_SEBASTIAO_PEREIRA42__VILA_BUARQUE_01225-020", "LMAPS": "https://www.google.com/maps?q=&layer=c&cbll=-46.6478207,-23.5411213", "O_QUE_FAZER": "FINALIZADO", "ER_REGIAO_CIDADE_min": "Capital Centro_Santa Cecília" }, "geometry": { "type": "Point", "coordinates": [ -46.6478207, -23.5411213 ] } },
{ "type": "Feature", "properties": { "CNPJ": "62350182000188", "IDCIDADE": "SAO_PAULO", "NOMEFANTASIA": "PERFIL_CABELEIREIRO", "RAZAOSOCIAL": "PERFIL_CABELEIREIRO", "ENDEE": "RUA_MARTIM_FRANCISCO__45_01226-000", "LMAPS": "https://www.google.com/maps?q=&layer=c&cbll=-46.6510124,-23.5380601", "O_QUE_FAZER": "FINALIZADO", "ER_REGIAO_CIDADE_min": "Capital Centro_Santa Cecília" }, "geometry": { "type": "Point", "coordinates": [ -46.6510124, -23.5380601 ] } },
{ "type": "Feature", "properties": { "CNPJ": "60634326000100", "IDCIDADE": "SAO_PAULO", "NOMEFANTASIA": "LANCHES_ADAMASTOR_LTDA", "RAZAOSOCIAL": "LANCHONETE_ADAMASTOR", "ENDEE": "RUA_MARTIM_FRANCISCO127__SANTA_CECILIA_01226-000", "LMAPS": "https://www.google.com/maps?q=&layer=c&cbll=-46.6515067,-23.5386114", "O_QUE_FAZER": "FINALIZADO", "ER_REGIAO_CIDADE_min": "Capital Centro_Santa Cecília" }, "geometry": { "type": "Point", "coordinates": [ -46.6515067, -23.5386114 ] } },
{ "type": "Feature", "properties": { "CNPJ": "69273324000108", "IDCIDADE": "SAO_PAULO", "NOMEFANTASIA": "GUSTAVO_TENORIO_LUCAS", "RAZAOSOCIAL": "100%_DECOR", "ENDEE": "RUA_MARTIM_FRANCISCO197__VILA_BUARQUE_01226-000", "LMAPS": "https://www.google.com/maps?q=&layer=c&cbll=-46.6520402,-23.5390668", "O_QUE_FAZER": "FINALIZADO", "ER_REGIAO_CIDADE_min": "Capital Centro_Santa Cecília" }, "geometry": { "type": "Point", "coordinates": [ -46.6520402, -23.5390668 ] } },
{ "type": "Feature", "properties": { "CNPJ": "02375743000171", "IDCIDADE": "SAO_PAULO", "NOMEFANTASIA": "MILLANEA_INSTITUTO_DE_DEPILACAO_LTDA", "RAZAOSOCIAL": "MILLANEA_DEPILACAO", "ENDEE": "RUA_MARTIM_FRANCISCO217__VILA_BUARQUE_01226-000", "LMAPS": "https://www.google.com/maps?q=&layer=c&cbll=-46.6521583,-23.5392688", "O_QUE_FAZER": "FINALIZADO", "ER_REGIAO_CIDADE_min": "Capital Centro_Santa Cecília" }, "geometry": { "type": "Point", "coordinates": [ -46.6521583, -23.5392688 ] } },
{ "type": "Feature", "properties": { "CNPJ": "10974611000275", "IDCIDADE": "SAO_PAULO", "NOMEFANTASIA": "STATUS_EMBELEZAMENTO_AUTOMOTIVO_LTDA", "RAZAOSOCIAL": "STATUS_DEFENDER", "ENDEE": "RUA_MARTIM_FRANCISCO218__VILA_BUARQUE_01226-000", "LMAPS": "https://www.google.com/maps?q=&layer=c&cbll=-46.6523818,-23.5390464", "O_QUE_FAZER": "FINALIZADO", "ER_REGIAO_CIDADE_min": "Capital Centro_Santa Cecília" }, "geometry": { "type": "Point", "coordinates": [ -46.6523818, -23.5390464 ] } },
{ "type": "Feature", "properties": { "CNPJ": "22615206000169", "IDCIDADE": "SAO_PAULO", "NOMEFANTASIA": "22.615.206_ROSANGELA_APARECIDA_GUIMARAES", "RAZAOSOCIAL": "ROSANGELA_CABELEIREIROS", "ENDEE": "RUA_MARTIM_FRANCISCO225__VILA_BUARQUE_01226-000", "LMAPS": "https://www.google.com/maps?q=&layer=c&cbll=-46.6522387,-23.539291", "O_QUE_FAZER": "FINALIZADO", "ER_REGIAO_CIDADE_min": "Capital Centro_Santa Cecília" }, "geometry": { "type": "Point", "coordinates": [ -46.6522387, -23.539291 ] } },
{ "type": "Feature", "properties": { "CNPJ": "43067313000170", "IDCIDADE": "SAO_PAULO", "NOMEFANTASIA": "LANCHONETE_JANINE_LTDA", "RAZAOSOCIAL": "JANINE_RESTAURANTE", "ENDEE": "RUA_MARTIM_FRANCISCO232__VILA_BUARQUE_01226-000", "LMAPS": "https://www.google.com/maps?q=&layer=c&cbll=-46.6524271,-23.539118", "O_QUE_FAZER": "FINALIZADO", "ER_REGIAO_CIDADE_min": "Capital Centro_Santa Cecília" }, "geometry": { "type": "Point", "coordinates": [ -46.6524271, -23.539118 ] } },
{ "type": "Feature", "properties": { "CNPJ": "08434436000109", "IDCIDADE": "SAO_PAULO", "NOMEFANTASIA": "EFATA_COMERCIO_DE_AGUA_MINERAL_LTDA", "RAZAOSOCIAL": "EFATA_AGUA", "ENDEE": "RUA_MARTIM_FRANCISCO235__CONSOLACAO_01226-000", "LMAPS": "https://www.google.com/maps?q=&layer=c&cbll=-46.6523132,-23.5393348", "O_QUE_FAZER": "FINALIZADO", "ER_REGIAO_CIDADE_min": "Capital Centro_Santa Cecília" }, "geometry": { "type": "Point", "coordinates": [ -46.6523132, -23.5393348 ] } },
{ "type": "Feature", "properties": { "CNPJ": "60766995000128", "IDCIDADE": "SAO_PAULO", "NOMEFANTASIA": "MATTA_CAPOTE_&_CIA_LTDA", "RAZAOSOCIAL": "CASA_DAS_TRES_MENINAS", "ENDEE": "RUA_MARTIM_FRANCISCO236__VILA_BUARQUE_01226-000", "LMAPS": "https://www.google.com/maps?q=&layer=c&cbll=-46.6524278,-23.5391706", "O_QUE_FAZER": "FINALIZADO", "ER_REGIAO_CIDADE_min": "Capital Centro_Santa Cecília" }, "geometry": { "type": "Point", "coordinates": [ -46.6524278, -23.5391706 ] } },
{ "type": "Feature", "properties": { "CNPJ": "24129221000122", "IDCIDADE": "SAO_PAULO", "NOMEFANTASIA": "IVANILDO_MENDONCA_DE_SOUSA_VISTORIAS_LTDA", "RAZAOSOCIAL": "VISTORIA_CAR", "ENDEE": "RUA_MARTIM_FRANCISCO247__VILA_BUARQUE_01226-000", "LMAPS": "https://www.google.com/maps?q=&layer=c&cbll=-46.6523199,-23.5393632", "O_QUE_FAZER": "FINALIZADO", "ER_REGIAO_CIDADE_min": "Capital Centro_Santa Cecília" }, "geometry": { "type": "Point", "coordinates": [ -46.6523199, -23.5393632 ] } },
{ "type": "Feature", "properties": { "CNPJ": "61062908000114", "IDCIDADE": "SAO_PAULO", "NOMEFANTASIA": "CONSERTAE_LTDA", "RAZAOSOCIAL": "CONSERTAE", "ENDEE": "RUA_MARTIM_FRANCISCO25__SANTA_CECILIA_01226-000", "LMAPS": "https://www.google.com/maps?q=&layer=c&cbll=-46.6508588,-23.5379092", "O_QUE_FAZER": "FINALIZADO", "ER_REGIAO_CIDADE_min": "Capital Centro_Santa Cecília" }, "geometry": { "type": "Point", "coordinates": [ -46.6508588, -23.5379092 ] } },
{ "type": "Feature", "properties": { "CNPJ": "07242099000187", "IDCIDADE": "SAO_PAULO", "NOMEFANTASIA": "BAR_DO_ELINEI_LTDA", "RAZAOSOCIAL": "RESTAURANTE_VILA_BUARQUE", "ENDEE": "RUA_MARTIM_FRANCISCO295__VILA_BUARQUE_01226-000", "LMAPS": "https://www.google.com/maps?q=&layer=c&cbll=-46.6526525,-23.5396894", "O_QUE_FAZER": "FINALIZADO", "ER_REGIAO_CIDADE_min": "Capital Centro_Santa Cecília" }, "geometry": { "type": "Point", "coordinates": [ -46.6526525, -23.5396894 ] } },
{ "type": "Feature", "properties": { "CNPJ": "01571754000164", "IDCIDADE": "SAO_PAULO", "NOMEFANTASIA": "G.G._MITO_COMERCIO_DE_PRODUTOS_ALIMENTICIOS_LTDA", "RAZAOSOCIAL": "GG_MITO", "ENDEE": "RUA_MARTIM_FRANCISCO313__VILA_BUARQUE_01226-000", "LMAPS": "https://www.google.com/maps?q=&layer=c&cbll=-46.6527617,-23.5398362", "O_QUE_FAZER": "FINALIZADO", "ER_REGIAO_CIDADE_min": "Capital Centro_Santa Cecília" }, "geometry": { "type": "Point", "coordinates": [ -46.6527617, -23.5398362 ] } },
{ "type": "Feature", "properties": { "CNPJ": "97532545000180", "IDCIDADE": "SAO_PAULO", "NOMEFANTASIA": "ROMILDO_BERNARDO_SANTOS_42710723549", "RAZAOSOCIAL": "ROMILDO_CABELEIREIROS", "ENDEE": "RUA_MARTIM_FRANCISCO322__CONSOLACAO_01226-000", "LMAPS": "https://www.google.com/maps?q=&layer=c&cbll=-46.653024,-23.5397777", "O_QUE_FAZER": "FINALIZADO", "ER_REGIAO_CIDADE_min": "Capital Centro_Santa Cecília" }, "geometry": { "type": "Point", "coordinates": [ -46.653024, -23.5397777 ] } },
{ "type": "Feature", "properties": { "CNPJ": "49706899000151", "IDCIDADE": "SAO_PAULO", "NOMEFANTASIA": "BELLA_MISSE_LTDA", "RAZAOSOCIAL": "BELLA_MISSE", "ENDEE": "RUA_MARTIM_FRANCISCO449__VILA_BUARQUE_01226-000", "LMAPS": "https://www.google.com/maps?q=&layer=c&cbll=-46.6536023,-23.5407541", "O_QUE_FAZER": "FINALIZADO", "ER_REGIAO_CIDADE_min": "Capital Centro_Santa Cecília" }, "geometry": { "type": "Point", "coordinates": [ -46.6536023, -23.5407541 ] } },
{ "type": "Feature", "properties": { "CNPJ": "28464794000163", "IDCIDADE": "SAO_PAULO", "NOMEFANTASIA": "28.464.794_SILVANA_MARIA_BEZERRA_SILVA", "RAZAOSOCIAL": "SILVANA_BEZERRA_STUDIO", "ENDEE": "RUA_MARTIM_FRANCISCO45__VILA_BUARQUE_01226-000", "LMAPS": "https://www.google.com/maps?q=&layer=c&cbll=-46.6510114,-23.5380212", "O_QUE_FAZER": "FINALIZADO", "ER_REGIAO_CIDADE_min": "Capital Centro_Santa Cecília" }, "geometry": { "type": "Point", "coordinates": [ -46.6510114, -23.5380212 ] } },
{ "type": "Feature", "properties": { "CNPJ": "46249728000152", "IDCIDADE": "SAO_PAULO", "NOMEFANTASIA": "BIG_SOM_COMERCIO_E_ASSISTENCIA_TECNICA_DE_APARELHOS_DE_SOM_LTDA", "RAZAOSOCIAL": "BIG_SOM", "ENDEE": "RUA_MARTIM_FRANCISCO458__VILA_BUARQUE_01226-000", "LMAPS": "https://www.google.com/maps?q=&layer=c&cbll=-46.6539392,-23.5406829", "O_QUE_FAZER": "FINALIZADO", "ER_REGIAO_CIDADE_min": "Capital Centro_Santa Cecília" }, "geometry": { "type": "Point", "coordinates": [ -46.6539392, -23.5406829 ] } },
{ "type": "Feature", "properties": { "CNPJ": "14845889000112", "IDCIDADE": "SAO_PAULO", "NOMEFANTASIA": "CASA_DE_CARNES_BOI_LEGAL_LTDA", "RAZAOSOCIAL": "ATACADO_DE_CARNES_BOI_LEGAL", "ENDEE": "RUA_MARTIM_FRANCISCO78__VILA_BUARQUE_01226-000", "LMAPS": "https://www.google.com/maps?q=&layer=c&cbll=-46.6514851,-23.5380805", "O_QUE_FAZER": "FINALIZADO", "ER_REGIAO_CIDADE_min": "Capital Centro_Santa Cecília" }, "geometry": { "type": "Point", "coordinates": [ -46.6514851, -23.5380805 ] } },
{ "type": "Feature", "properties": { "CNPJ": "32509111000114", "IDCIDADE": "SAO_PAULO", "NOMEFANTASIA": "RAFAEL_DIAS_DOS_SANTOS_39455151812", "RAZAOSOCIAL": "SANTOS_CELL", "ENDEE": "RUA_DAS_PALMEIRAS107__VILA_BUARQUE_01226-010", "LMAPS": "https://www.google.com/maps?q=&layer=c&cbll=-46.6503986,-23.5381286", "O_QUE_FAZER": "FINALIZADO", "ER_REGIAO_CIDADE_min": "Capital Centro_Santa Cecília" }, "geometry": { "type": "Point", "coordinates": [ -46.6503986, -23.5381286 ] } },
{ "type": "Feature", "properties": { "CNPJ": "63291161000100", "IDCIDADE": "SAO_PAULO", "NOMEFANTASIA": "63.291.161_BRUNO_CRISTIAN_SILVA_DOS_SANTOS", "RAZAOSOCIAL": "EXL_MODAS", "ENDEE": "RUA_DAS_PALMEIRAS138__VILA_BUARQUE_01226-010", "LMAPS": "https://www.google.com/maps?q=&layer=c&cbll=-46.6504788,-23.5377633", "O_QUE_FAZER": "FINALIZADO", "ER_REGIAO_CIDADE_min": "Capital Centro_Santa Cecília" }, "geometry": { "type": "Point", "coordinates": [ -46.6504788, -23.5377633 ] } },
{ "type": "Feature", "properties": { "CNPJ": "04950128000177", "IDCIDADE": "SAO_PAULO", "NOMEFANTASIA": "TUDO_MAIS_DOCE_COMERCIO_DE_PRODUTOS_ALIMENTICIOS_LTDA", "RAZAOSOCIAL": "TUDO_MAIS_DOCE", "ENDEE": "RUA_DAS_PALMEIRAS143__VILA_BUARQUE_01226-010", "LMAPS": "https://www.google.com/maps?q=&layer=c&cbll=-46.6506639,-23.5379023", "O_QUE_FAZER": "FINALIZADO", "ER_REGIAO_CIDADE_min": "Capital Centro_Santa Cecília" }, "geometry": { "type": "Point", "coordinates": [ -46.6506639, -23.5379023 ] } },
{ "type": "Feature", "properties": { "CNPJ": "50224771000130", "IDCIDADE": "SAO_PAULO", "NOMEFANTASIA": "MAGNIFICO_CARNES_LTDA", "RAZAOSOCIAL": "MAGNIFICO_BOUTIQUE_DE_CARNES", "ENDEE": "RUA_DAS_PALMEIRAS200__VILA_BUARQUE_01226-010", "LMAPS": "https://www.google.com/maps?q=&layer=c&cbll=-46.6509415,-23.5373801", "O_QUE_FAZER": "FINALIZADO", "ER_REGIAO_CIDADE_min": "Capital Centro_Santa Cecília" }, "geometry": { "type": "Point", "coordinates": [ -46.6509415, -23.5373801 ] } },
{ "type": "Feature", "properties": { "CNPJ": "29835459000197", "IDCIDADE": "SAO_PAULO", "NOMEFANTASIA": "UNATTIMO_REVESTIMENTOS_TECNICOS_LTDA", "RAZAOSOCIAL": "UNATTIMO_REVESTIMENTOS_TECNICOS", "ENDEE": "RUA_DAS_PALMEIRAS214__VILA_BUARQUE_01226-010", "LMAPS": "https://www.google.com/maps?q=&layer=c&cbll=-46.6510243,-23.5373371", "O_QUE_FAZER": "FINALIZADO", "ER_REGIAO_CIDADE_min": "Capital Centro_Santa Cecília" }, "geometry": { "type": "Point", "coordinates": [ -46.6510243, -23.5373371 ] } },
{ "type": "Feature", "properties": { "CNPJ": "31334580000187", "IDCIDADE": "SAO_PAULO", "NOMEFANTASIA": "JOAO_JORGE_MARTINS_FREITAS_05612509871", "RAZAOSOCIAL": "JJC_ATELIER", "ENDEE": "RUA_DAS_PALMEIRAS257__VILA_BUARQUE_01226-010", "LMAPS": "https://www.google.com/maps?q=&layer=c&cbll=-46.6515727,-23.5373046", "O_QUE_FAZER": "FINALIZADO", "ER_REGIAO_CIDADE_min": "Capital Centro_Santa Cecília" }, "geometry": { "type": "Point", "coordinates": [ -46.6515727, -23.5373046 ] } },
{ "type": "Feature", "properties": { "CNPJ": "59546415000108", "IDCIDADE": "SAO_PAULO", "NOMEFANTASIA": "59.546.415_LUZANETE_CASTRO_ARAUJO", "RAZAOSOCIAL": "CASTRO_CAFE", "ENDEE": "RUA_DAS_PALMEIRAS257__VILA_BUARQUE_01226-010", "LMAPS": "https://www.google.com/maps?q=&layer=c&cbll=-46.6515727,-23.5373046", "O_QUE_FAZER": "FINALIZADO", "ER_REGIAO_CIDADE_min": "Capital Centro_Santa Cecília" }, "geometry": { "type": "Point", "coordinates": [ -46.6515727, -23.5373046 ] } },
{ "type": "Feature", "properties": { "CNPJ": "30752911000136", "IDCIDADE": "SAO_PAULO", "NOMEFANTASIA": "ANAETE_LIMA_DOS_SANTOS_25820028368", "RAZAOSOCIAL": "ANNA_SANTOS_COSTUREIRA", "ENDEE": "RUA_DAS_PALMEIRAS304__VILA_BUARQUE_01226-010", "LMAPS": "https://www.google.com/maps?q=&layer=c&cbll=-46.6516182,-23.5367511", "O_QUE_FAZER": "FINALIZADO", "ER_REGIAO_CIDADE_min": "Capital Centro_Santa Cecília" }, "geometry": { "type": "Point", "coordinates": [ -46.6516182, -23.5367511 ] } },
{ "type": "Feature", "properties": { "CNPJ": "50927860000143", "IDCIDADE": "SAO_PAULO", "NOMEFANTASIA": "50.927.860_DEYSE_CRISTINA_ALVES_FERREIRA", "RAZAOSOCIAL": "DRIVECAR_ASSESSORIA", "ENDEE": "RUA_DAS_PALMEIRAS304__VILA_BUARQUE_01226-010", "LMAPS": "https://www.google.com/maps?q=&layer=c&cbll=-46.6516182,-23.5367511", "O_QUE_FAZER": "FINALIZADO", "ER_REGIAO_CIDADE_min": "Capital Centro_Santa Cecília" }, "geometry": { "type": "Point", "coordinates": [ -46.6516182, -23.5367511 ] } },
{ "type": "Feature", "properties": { "CNPJ": "51817249000125", "IDCIDADE": "SAO_PAULO", "NOMEFANTASIA": "51.817.249_MARIA_CLAUDIA_SOARES_DE_ARRUDA", "RAZAOSOCIAL": "ATELIE_CLAUDINHA_ARRUDA", "ENDEE": "RUA_DAS_PALMEIRAS304__VILA_BUARQUE_01226-010", "LMAPS": "https://www.google.com/maps?q=&layer=c&cbll=-46.6516182,-23.5367511", "O_QUE_FAZER": "FINALIZADO", "ER_REGIAO_CIDADE_min": "Capital Centro_Santa Cecília" }, "geometry": { "type": "Point", "coordinates": [ -46.6516182, -23.5367511 ] } },
{ "type": "Feature", "properties": { "CNPJ": "20264912000269", "IDCIDADE": "SAO_PAULO", "NOMEFANTASIA": "LAMP_ACADEMIA_DE_GINASTICA_LTDA", "RAZAOSOCIAL": "VOU_FIT", "ENDEE": "RUA_DAS_PALMEIRAS329__VILA_BUARQUE_01226-010", "LMAPS": "https://www.google.com/maps?q=&layer=c&cbll=-46.6520647,-23.5367954", "O_QUE_FAZER": "FINALIZADO", "ER_REGIAO_CIDADE_min": "Capital Centro_Santa Cecília" }, "geometry": { "type": "Point", "coordinates": [ -46.6520647, -23.5367954 ] } },
{ "type": "Feature", "properties": { "CNPJ": "57738178000151", "IDCIDADE": "SAO_PAULO", "NOMEFANTASIA": "BOTECO_MONDEGO_III_LTDA", "RAZAOSOCIAL": "CHOPPERIA_MONDEGO", "ENDEE": "RUA_DAS_PALMEIRAS382__VILA_BUARQUE_01226-010", "LMAPS": "https://www.google.com/maps?q=&layer=c&cbll=-46.652249,-23.5363339", "O_QUE_FAZER": "FINALIZADO", "ER_REGIAO_CIDADE_min": "Capital Centro_Santa Cecília" }, "geometry": { "type": "Point", "coordinates": [ -46.652249, -23.5363339 ] } },
{ "type": "Feature", "properties": { "CNPJ": "07719244000178", "IDCIDADE": "SAO_PAULO", "NOMEFANTASIA": "MINI_MERCADO_PALMEIRAS_BR_LTDA", "RAZAOSOCIAL": "AMIGAO_BOMBONIERE", "ENDEE": "RUA_DAS_PALMEIRAS43__VILA_BUARQUE_01226-010", "LMAPS": "https://www.google.com/maps?q=&layer=c&cbll=-46.6498521,-23.5384828", "O_QUE_FAZER": "FINALIZADO", "ER_REGIAO_CIDADE_min": "Capital Centro_Santa Cecília" }, "geometry": { "type": "Point", "coordinates": [ -46.6498521, -23.5384828 ] } },
{ "type": "Feature", "properties": { "CNPJ": "67584706000119", "IDCIDADE": "SAO_PAULO", "NOMEFANTASIA": "OTICA_POTI_LTDA", "RAZAOSOCIAL": "OTICA_POTI", "ENDEE": "RUA_DAS_PALMEIRAS452__VILA_BUARQUE_01226-010", "LMAPS": "https://www.google.com/maps?q=&layer=c&cbll=-46.6529099,-23.5359626", "O_QUE_FAZER": "FINALIZADO", "ER_REGIAO_CIDADE_min": "Capital Centro_Santa Cecília" }, "geometry": { "type": "Point", "coordinates": [ -46.6529099, -23.5359626 ] } },
{ "type": "Feature", "properties": { "CNPJ": "59993658000194", "IDCIDADE": "SAO_PAULO", "NOMEFANTASIA": "SALGADOS_SANTA_CECILIA_LANCHONETE_LTDA", "RAZAOSOCIAL": "SALGADOS_SANTA_CECILIA", "ENDEE": "RUA_DAS_PALMEIRAS47__VILA_BUARQUE_01226-010", "LMAPS": "https://www.google.com/maps?q=&layer=c&cbll=-46.6499015,-23.5384603", "O_QUE_FAZER": "FINALIZADO", "ER_REGIAO_CIDADE_min": "Capital Centro_Santa Cecília" }, "geometry": { "type": "Point", "coordinates": [ -46.6499015, -23.5384603 ] } },
{ "type": "Feature", "properties": { "CNPJ": "44573584000160", "IDCIDADE": "SAO_PAULO", "NOMEFANTASIA": "P_L_BRAZ_CALCADOS_LTDA", "RAZAOSOCIAL": "IMPERIO_DOS_CALCADOS", "ENDEE": "RUA_DAS_PALMEIRAS53__VILA_BUARQUE_01226-010", "LMAPS": "https://www.google.com/maps?q=&layer=c&cbll=-46.6499686,-23.5384196", "O_QUE_FAZER": "FINALIZADO", "ER_REGIAO_CIDADE_min": "Capital Centro_Santa Cecília" }, "geometry": { "type": "Point", "coordinates": [ -46.6499686, -23.5384196 ] } },
{ "type": "Feature", "properties": { "CNPJ": "02420950000109", "IDCIDADE": "SAO_PAULO", "NOMEFANTASIA": "MAGAZINE_FRANCA_ACESSORIOS_DA_MODA_LTDA", "RAZAOSOCIAL": "MAGAZINE_FRANCA", "ENDEE": "RUA_DAS_PALMEIRAS71__VILA_BUARQUE_01226-010", "LMAPS": "https://www.google.com/maps?q=&layer=c&cbll=-46.6500955,-23.5383011", "O_QUE_FAZER": "FINALIZADO", "ER_REGIAO_CIDADE_min": "Capital Centro_Santa Cecília" }, "geometry": { "type": "Point", "coordinates": [ -46.6500955, -23.5383011 ] } },
{ "type": "Feature", "properties": { "CNPJ": "37380356000108", "IDCIDADE": "SAO_PAULO", "NOMEFANTASIA": "BELINDA_GOLDBERG_COMERCIO_DE_CAMISETAS_LTDA", "RAZAOSOCIAL": "MARIA_BONITA", "ENDEE": "RUA_DAS_PALMEIRAS93__VILA_BUARQUE_01226-010", "LMAPS": "https://www.google.com/maps?q=&layer=c&cbll=-46.6502697,-23.538174", "O_QUE_FAZER": "FINALIZADO", "ER_REGIAO_CIDADE_min": "Capital Centro_Santa Cecília" }, "geometry": { "type": "Point", "coordinates": [ -46.6502697, -23.538174 ] } },
{ "type": "Feature", "properties": { "CNPJ": "48457233000144", "IDCIDADE": "SAO_PAULO", "NOMEFANTASIA": "PATRICIA_INACIO_VILLALTA_18901777843", "RAZAOSOCIAL": "ESPACO_BELEZA_SANTA_CECILIA", "ENDEE": "RUA_DAS_PALMEIRAS97__VILA_BUARQUE_01226-010", "LMAPS": "https://www.google.com/maps?q=&layer=c&cbll=-46.6503009,-23.5381628", "O_QUE_FAZER": "FINALIZADO", "ER_REGIAO_CIDADE_min": "Capital Centro_Santa Cecília" }, "geometry": { "type": "Point", "coordinates": [ -46.6503009, -23.5381628 ] } },
{ "type": "Feature", "properties": { "CNPJ": "49590593000182", "IDCIDADE": "SAO_PAULO", "NOMEFANTASIA": "PINHEIRO_SILVA_SOLUCOES_INTEGRADAS_LTDA", "RAZAOSOCIAL": "OTICA_GARDIEN", "ENDEE": "RUA_DAS_PALMEIRAS97__VILA_BUARQUE_01226-010", "LMAPS": "https://www.google.com/maps?q=&layer=c&cbll=-46.6503009,-23.5381628", "O_QUE_FAZER": "FINALIZADO", "ER_REGIAO_CIDADE_min": "Capital Centro_Santa Cecília" }, "geometry": { "type": "Point", "coordinates": [ -46.6503009, -23.5381628 ] } },
{ "type": "Feature", "properties": { "CNPJ": "57056190000186", "IDCIDADE": "SAO_PAULO", "NOMEFANTASIA": "ESQUINA_GRILL_DO_FUAD", "RAZAOSOCIAL": "ESQUINA_GRILL_DO_FUAD", "ENDEE": "RUA_IMACULADA_CONCEICAO__28_01226-020", "LMAPS": "https://www.google.com/maps?q=&layer=c&cbll=-46.6525567,-23.5390904", "O_QUE_FAZER": "FINALIZADO", "ER_REGIAO_CIDADE_min": "Capital Centro_Santa Cecília" }, "geometry": { "type": "Point", "coordinates": [ -46.6525567, -23.5390904 ] } },
{ "type": "Feature", "properties": { "CNPJ": "47722011000149", "IDCIDADE": "SAO_PAULO", "NOMEFANTASIA": "COMERCIAL_PET_FRIENDLY_SERVICOS_DE_BANHO_E_TOSA_LTDA", "RAZAOSOCIAL": "ESPACO_PET_FRIENDLY", "ENDEE": "RUA_IMACULADA_CONCEICAO30__VILA_BUARQUE_01226-020", "LMAPS": "https://www.google.com/maps?q=&layer=c&cbll=-46.652601,-23.5390487", "O_QUE_FAZER": "FINALIZADO", "ER_REGIAO_CIDADE_min": "Capital Centro_Santa Cecília" }, "geometry": { "type": "Point", "coordinates": [ -46.652601, -23.5390487 ] } },
{ "type": "Feature", "properties": { "CNPJ": "61078051000120", "IDCIDADE": "SAO_PAULO", "NOMEFANTASIA": "BAR_E_LANCHES_JOIA_DO_MONDEGO_LTDA", "RAZAOSOCIAL": "MONDEGO_BAR", "ENDEE": "RUA_BARAO_DE_TATUI128__VILA_BUARQUE_01226-030", "LMAPS": "https://www.google.com/maps?q=&layer=c&cbll=-46.6537151,-23.5374748", "O_QUE_FAZER": "FINALIZADO", "ER_REGIAO_CIDADE_min": "Capital Centro_Santa Cecília" }, "geometry": { "type": "Point", "coordinates": [ -46.6537151, -23.5374748 ] } },
{ "type": "Feature", "properties": { "CNPJ": "61538476000175", "IDCIDADE": "SAO_PAULO", "NOMEFANTASIA": "BAR_E_LANCHES_CABRAL_LTDA", "RAZAOSOCIAL": "LANCHONETE_E_RESTAURANTE_CABRAL", "ENDEE": "RUA_BARAO_DE_TATUI154__VILA_BUARQUE_01226-030", "LMAPS": "https://www.google.com/maps?q=&layer=c&cbll=-46.6536757,-23.5372719", "O_QUE_FAZER": "FINALIZADO", "ER_REGIAO_CIDADE_min": "Capital Centro_Santa Cecília" }, "geometry": { "type": "Point", "coordinates": [ -46.6536757, -23.5372719 ] } },
{ "type": "Feature", "properties": { "CNPJ": "05594449000149", "IDCIDADE": "SAO_PAULO", "NOMEFANTASIA": "ARTE_&_DESIGN_COMERCIO_DE_MOLDURAS_LTDA", "RAZAOSOCIAL": "ARTE_&_DESIGN", "ENDEE": "RUA_BARAO_DE_TATUI219__VILA_BUARQUE_01226-030", "LMAPS": "https://www.google.com/maps?q=&layer=c&cbll=-46.6536485,-23.5379527", "O_QUE_FAZER": "FINALIZADO", "ER_REGIAO_CIDADE_min": "Capital Centro_Santa Cecília" }, "geometry": { "type": "Point", "coordinates": [ -46.6536485, -23.5379527 ] } },
{ "type": "Feature", "properties": { "CNPJ": "10974611000194", "IDCIDADE": "SAO_PAULO", "NOMEFANTASIA": "STATUS_EMBELEZAMENTO_AUTOMOTIVO_LTDA", "RAZAOSOCIAL": "STATUS_EMBELEZAMENTO_AUTOMOTIVO", "ENDEE": "RUA_BARAO_DE_TATUI246__VILA_BUARQUE_01226-030", "LMAPS": "https://www.google.com/maps?q=&layer=c&cbll=-46.6539962,-23.5380973", "O_QUE_FAZER": "FINALIZADO", "ER_REGIAO_CIDADE_min": "Capital Centro_Santa Cecília" }, "geometry": { "type": "Point", "coordinates": [ -46.6539962, -23.5380973 ] } },
{ "type": "Feature", "properties": { "CNPJ": "62121041000193", "IDCIDADE": "SAO_PAULO", "NOMEFANTASIA": "MERCEARIA_JOANA_DARC_LTDA", "RAZAOSOCIAL": "MERCEARIA_JOANA_DARK", "ENDEE": "RUA_BARAO_DE_TATUI253__VILA_BUARQUE_01226-030", "LMAPS": "https://www.google.com/maps?q=&layer=c&cbll=-46.6537796,-23.5382228", "O_QUE_FAZER": "FINALIZADO", "ER_REGIAO_CIDADE_min": "Capital Centro_Santa Cecília" }, "geometry": { "type": "Point", "coordinates": [ -46.6537796, -23.5382228 ] } },
{ "type": "Feature", "properties": { "CNPJ": "31321770000160", "IDCIDADE": "SAO_PAULO", "NOMEFANTASIA": "DONA_ELISA_COMERCIO_DE_ALIMENTOS_LTDA", "RAZAOSOCIAL": "DONA_ELISA_RESTAURANTE", "ENDEE": "RUA_BARAO_DE_TATUI270__VILA_BUARQUE_01226-030", "LMAPS": "https://www.google.com/maps?q=&layer=c&cbll=-46.6539847,-23.5382782", "O_QUE_FAZER": "FINALIZADO", "ER_REGIAO_CIDADE_min": "Capital Centro_Santa Cecília" }, "geometry": { "type": "Point", "coordinates": [ -46.6539847, -23.5382782 ] } },
{ "type": "Feature", "properties": { "CNPJ": "12103839000134", "IDCIDADE": "SAO_PAULO", "NOMEFANTASIA": "SRP_BAR_E_LANCHES_LTDA", "RAZAOSOCIAL": "BAR_E_LANCHES_JOIA_DA_TATUI", "ENDEE": "RUA_BARAO_DE_TATUI275__VILA_BUARQUE_01226-030", "LMAPS": "https://www.google.com/maps?q=&layer=c&cbll=-46.6537621,-23.5384948", "O_QUE_FAZER": "FINALIZADO", "ER_REGIAO_CIDADE_min": "Capital Centro_Santa Cecília" }, "geometry": { "type": "Point", "coordinates": [ -46.6537621, -23.5384948 ] } },
{ "type": "Feature", "properties": { "CNPJ": "35074854000105", "IDCIDADE": "SAO_PAULO", "NOMEFANTASIA": "RJ_ALIMENTACAO_LTDA", "RAZAOSOCIAL": "RAMA_RESTAURANTE", "ENDEE": "RUA_BARAO_DE_TATUI532__VILA_BUARQUE_01226-030", "LMAPS": "https://www.google.com/maps?q=&layer=c&cbll=-46.654778,-23.5405828", "O_QUE_FAZER": "FINALIZADO", "ER_REGIAO_CIDADE_min": "Capital Centro_Santa Cecília" }, "geometry": { "type": "Point", "coordinates": [ -46.654778, -23.5405828 ] } },
{ "type": "Feature", "properties": { "CNPJ": "55066352000131", "IDCIDADE": "SAO_PAULO", "NOMEFANTASIA": "COMERCIO_DE_MATERIAL_DE_CONSTRUCAO_IDEAL_LTDA", "RAZAOSOCIAL": "IDEAL_MATERIAIS_DE_CONSTRUCAO", "ENDEE": "RUA_BARAO_DE_TATUI55__SANTA_CECILIA_01226-030", "LMAPS": "https://www.google.com/maps?q=&layer=c&cbll=-46.6529572,-23.5366623", "O_QUE_FAZER": "FINALIZADO", "ER_REGIAO_CIDADE_min": "Capital Centro_Santa Cecília" }, "geometry": { "type": "Point", "coordinates": [ -46.6529572, -23.5366623 ] } },
{ "type": "Feature", "properties": { "CNPJ": "35655849000188", "IDCIDADE": "SAO_PAULO", "NOMEFANTASIA": "LIGIA_MARA_ROSSI_07626136888", "RAZAOSOCIAL": "GRAO_DE_BOLO", "ENDEE": "RUA_BARAO_DE_TATUI567__VILA_BUARQUE_01226-030", "LMAPS": "https://www.google.com/maps?q=&layer=c&cbll=-46.6546648,-23.5409224", "O_QUE_FAZER": "FINALIZADO", "ER_REGIAO_CIDADE_min": "Capital Centro_Santa Cecília" }, "geometry": { "type": "Point", "coordinates": [ -46.6546648, -23.5409224 ] } },
{ "type": "Feature", "properties": { "CNPJ": "05529633000105", "IDCIDADE": "SAO_PAULO", "NOMEFANTASIA": "PET_SHOP-SANTOS_COMERCIO_DE_RACOES_PARA_CAES_E_GATOS_LTDA", "RAZAOSOCIAL": "PET_SHOP_SANTOS", "ENDEE": "RUA_BARAO_DE_TATUI64__SANTA_CECILIA_01226-030", "LMAPS": "https://www.google.com/maps?q=&layer=c&cbll=-46.6532815,-23.5365736", "O_QUE_FAZER": "FINALIZADO", "ER_REGIAO_CIDADE_min": "Capital Centro_Santa Cecília" }, "geometry": { "type": "Point", "coordinates": [ -46.6532815, -23.5365736 ] } },
{ "type": "Feature", "properties": { "CNPJ": "45985513000137", "IDCIDADE": "SAO_PAULO", "NOMEFANTASIA": "PPLI_ESTETICA_E_BELEZA_LTDA", "RAZAOSOCIAL": "BEAUTY_B_BELEZA_E_ESTETICA", "ENDEE": "RUA_BARAO_DE_TATUI75__VILA_BUARQUE_01226-030", "LMAPS": "https://www.google.com/maps?q=&layer=c&cbll=-46.6531265,-23.53679", "O_QUE_FAZER": "FINALIZADO", "ER_REGIAO_CIDADE_min": "Capital Centro_Santa Cecília" }, "geometry": { "type": "Point", "coordinates": [ -46.6531265, -23.53679 ] } },
{ "type": "Feature", "properties": { "CNPJ": "62169237000158", "IDCIDADE": "SAO_PAULO", "NOMEFANTASIA": "CBC_SISTEMAS_DE_SEGURANCA_E_AUTOMACAO_LTDA", "RAZAOSOCIAL": "CBC_SYSTEMS", "ENDEE": "AVENIDA_ANGELICA104__SANTA_CECILIA_01227-000", "LMAPS": "https://www.google.com/maps?q=&layer=c&cbll=-46.6535017,-23.5338066", "O_QUE_FAZER": "FINALIZADO", "ER_REGIAO_CIDADE_min": "Capital Centro_Santa Cecília" }, "geometry": { "type": "Point", "coordinates": [ -46.6535017, -23.5338066 ] } },
{ "type": "Feature", "properties": { "CNPJ": "47917108000107", "IDCIDADE": "SAO_PAULO", "NOMEFANTASIA": "KLARC_TURISMO_LTDA", "RAZAOSOCIAL": "CVC_AVENIDA_ANGELICA", "ENDEE": "AVENIDA_ANGELICA546__SANTA_CECILIA_01227-000", "LMAPS": "https://www.google.com/maps?q=&layer=c&cbll=-46.6547563,-23.5376555", "O_QUE_FAZER": "FINALIZADO", "ER_REGIAO_CIDADE_min": "Capital Centro_Santa Cecília" }, "geometry": { "type": "Point", "coordinates": [ -46.6547563, -23.5376555 ] } },
{ "type": "Feature", "properties": { "CNPJ": "09121618000184", "IDCIDADE": "SAO_PAULO", "NOMEFANTASIA": "GATTI_MAGALHAES_SERVICOS_MEDICOS_LTDA", "RAZAOSOCIAL": "GATTI_MAGALHAES_SERVICOS_MEDICOS_LTDA", "ENDEE": "AVENIDA_ANGELICA916__SANTA_CECILIA_01228-900", "LMAPS": "https://www.google.com/maps?q=&layer=c&cbll=-46.6560224,-23.5408558", "O_QUE_FAZER": "FINALIZADO", "ER_REGIAO_CIDADE_min": "Capital Centro_Santa Cecília" }, "geometry": { "type": "Point", "coordinates": [ -46.6560224, -23.5408558 ] } },
{ "type": "Feature", "properties": { "CNPJ": "54570263000165", "IDCIDADE": "SAO_PAULO", "NOMEFANTASIA": "EMC_DATA_SCIENCE_E_AI_LTDA", "RAZAOSOCIAL": "EMC_DATA_SCIENCE_E_AI", "ENDEE": "RUA_S_VICENTE_DE_PAULO638__SANTA_CECILIA_01229-010", "LMAPS": "https://www.google.com/maps?q=&layer=c&cbll=-46.657161,-23.5398435", "O_QUE_FAZER": "FINALIZADO", "ER_REGIAO_CIDADE_min": "Capital Centro_Santa Cecília" }, "geometry": { "type": "Point", "coordinates": [ -46.657161, -23.5398435 ] } },
{ "type": "Feature", "properties": { "CNPJ": "53495591000181", "IDCIDADE": "SAO_PAULO", "NOMEFANTASIA": "53.495.591_MAJED_YONATHAN_SOMAILI_ARROYO", "RAZAOSOCIAL": "53.495.591_MAJED_YONATHAN_SOMAILI_ARROYO", "ENDEE": "RUA_DOUTOR_ALBUQUERQUE_LINS107__SANTA_CECILIA_01230-000", "LMAPS": "https://www.google.com/maps?q=&layer=c&cbll=-46.6533636,-23.5318834", "O_QUE_FAZER": "FINALIZADO", "ER_REGIAO_CIDADE_min": "Capital Centro_Santa Cecília" }, "geometry": { "type": "Point", "coordinates": [ -46.6533636, -23.5318834 ] } },
{ "type": "Feature", "properties": { "CNPJ": "33679710000149", "IDCIDADE": "SAO_PAULO", "NOMEFANTASIA": "LINDALVA_CAMPOS_AVELINO_68289081472", "RAZAOSOCIAL": "MODA_LIVRE", "ENDEE": "RUA_DOUTOR_ALBUQUERQUE_LINS112__SANTA_CECILIA_01230-000", "LMAPS": "https://www.google.com/maps?q=&layer=c&cbll=-46.6536019,-23.5318265", "O_QUE_FAZER": "FINALIZADO", "ER_REGIAO_CIDADE_min": "Capital Centro_Santa Cecília" }, "geometry": { "type": "Point", "coordinates": [ -46.6536019, -23.5318265 ] } },
{ "type": "Feature", "properties": { "CNPJ": "15521473000101", "IDCIDADE": "SAO_PAULO", "NOMEFANTASIA": "DOCE_ACHADO_COMERCIO_DE_DOCES_LTDA", "RAZAOSOCIAL": "DOCE_ACHADO", "ENDEE": "RUA_DOUTOR_ALBUQUERQUE_LINS211__SANTA_CECILIA_01230-000", "LMAPS": "https://www.google.com/maps?q=&layer=c&cbll=-46.6540736,-23.532611", "O_QUE_FAZER": "FINALIZADO", "ER_REGIAO_CIDADE_min": "Capital Centro_Santa Cecília" }, "geometry": { "type": "Point", "coordinates": [ -46.6540736, -23.532611 ] } },
{ "type": "Feature", "properties": { "CNPJ": "39687251000121", "IDCIDADE": "SAO_PAULO", "NOMEFANTASIA": "JOALDO_SILVA_DOS_SANTOS_62567888500", "RAZAOSOCIAL": "STYLO_BLINDADOS", "ENDEE": "RUA_DOUTOR_ALBUQUERQUE_LINS218__SANTA_CECILIA_01230-000", "LMAPS": "https://www.google.com/maps?q=&layer=c&cbll=-46.6544083,-23.5325026", "O_QUE_FAZER": "FINALIZADO", "ER_REGIAO_CIDADE_min": "Capital Centro_Santa Cecília" }, "geometry": { "type": "Point", "coordinates": [ -46.6544083, -23.5325026 ] } },
{ "type": "Feature", "properties": { "CNPJ": "14834586000102", "IDCIDADE": "SAO_PAULO", "NOMEFANTASIA": "GABRIEL_-_HIDRAMATICOS_LTDA", "RAZAOSOCIAL": "GABRIEL_HIDRAMATICOS", "ENDEE": "RUA_DOUTOR_ALBUQUERQUE_LINS231__SANTA_CECILIA_01230-000", "LMAPS": "https://www.google.com/maps?q=&layer=c&cbll=-46.6541715,-23.5328228", "O_QUE_FAZER": "FINALIZADO", "ER_REGIAO_CIDADE_min": "Capital Centro_Santa Cecília" }, "geometry": { "type": "Point", "coordinates": [ -46.6541715, -23.5328228 ] } },
{ "type": "Feature", "properties": { "CNPJ": "26484779000151", "IDCIDADE": "SAO_PAULO", "NOMEFANTASIA": "VILA_LINS_ESTACIONAMENTO_LTDA", "RAZAOSOCIAL": "ESTACIONAMENTO_VILA_LINS", "ENDEE": "RUA_DOUTOR_ALBUQUERQUE_LINS301__SANTA_CECILIA_01230-000", "LMAPS": "https://www.google.com/maps?q=&layer=c&cbll=-46.6545475,-23.5333182", "O_QUE_FAZER": "FINALIZADO", "ER_REGIAO_CIDADE_min": "Capital Centro_Santa Cecília" }, "geometry": { "type": "Point", "coordinates": [ -46.6545475, -23.5333182 ] } },
{ "type": "Feature", "properties": { "CNPJ": "16728544000104", "IDCIDADE": "SAO_PAULO", "NOMEFANTASIA": "WAGNER_CABELOS_SALAO_DE_BELEZA_LTDA", "RAZAOSOCIAL": "WAGNER__CABELEIREIROS", "ENDEE": "RUA_DOUTOR_ALBUQUERQUE_LINS312__SANTA_CECILIA_01230-000", "LMAPS": "https://www.google.com/maps?q=&layer=c&cbll=-46.654949,-23.5331818", "O_QUE_FAZER": "FINALIZADO", "ER_REGIAO_CIDADE_min": "Capital Centro_Santa Cecília" }, "geometry": { "type": "Point", "coordinates": [ -46.654949, -23.5331818 ] } },
{ "type": "Feature", "properties": { "CNPJ": "17458313000190", "IDCIDADE": "SAO_PAULO", "NOMEFANTASIA": "RESTAURANTE_ESPACO_LINS_LTDA", "RAZAOSOCIAL": "ESPACO_LINS_RESTAURANTE", "ENDEE": "RUA_DOUTOR_ALBUQUERQUE_LINS323__SANTA_CECILIA_01230-000", "LMAPS": "https://www.google.com/maps?q=&layer=c&cbll=-46.6547415,-23.5334254", "O_QUE_FAZER": "FINALIZADO", "ER_REGIAO_CIDADE_min": "Capital Centro_Santa Cecília" }, "geometry": { "type": "Point", "coordinates": [ -46.6547415, -23.5334254 ] } },
{ "type": "Feature", "properties": { "CNPJ": "00648586000103", "IDCIDADE": "SAO_PAULO", "NOMEFANTASIA": "OTIMA_OTICA_M_V_N_LTDA", "RAZAOSOCIAL": "OTIMA_OTICA", "ENDEE": "RUA_DOUTOR_ALBUQUERQUE_LINS331__SANTA_CECILIA_01230-000", "LMAPS": "https://www.google.com/maps?q=&layer=c&cbll=-46.6547777,-23.5335073", "O_QUE_FAZER": "FINALIZADO", "ER_REGIAO_CIDADE_min": "Capital Centro_Santa Cecília" }, "geometry": { "type": "Point", "coordinates": [ -46.6547777, -23.5335073 ] } },
{ "type": "Feature", "properties": { "CNPJ": "20730274000143", "IDCIDADE": "SAO_PAULO", "NOMEFANTASIA": "JOSE_ROBERTO_SANTOS_DE_SOUSA_25788858852", "RAZAOSOCIAL": "ROBERTO_CABELEIREIROS", "ENDEE": "RUA_DOUTOR_ALBUQUERQUE_LINS335__SANTA_CECILIA_01230-000", "LMAPS": "https://www.google.com/maps?q=&layer=c&cbll=-46.6547986,-23.5335123", "O_QUE_FAZER": "FINALIZADO", "ER_REGIAO_CIDADE_min": "Capital Centro_Santa Cecília" }, "geometry": { "type": "Point", "coordinates": [ -46.6547986, -23.5335123 ] } },
{ "type": "Feature", "properties": { "CNPJ": "13646766000190", "IDCIDADE": "SAO_PAULO", "NOMEFANTASIA": "JOBSON_DE_ANDRADE_ABREU-_PAPELARIA", "RAZAOSOCIAL": "JOBSON_ACESSORIOS_E_PAPELARIA", "ENDEE": "RUA_DOUTOR_ALBUQUERQUE_LINS353__SANTA_CECILIA_01230-000", "LMAPS": "https://www.google.com/maps?q=&layer=c&cbll=-46.6548704,-23.5336301", "O_QUE_FAZER": "FINALIZADO", "ER_REGIAO_CIDADE_min": "Capital Centro_Santa Cecília" }, "geometry": { "type": "Point", "coordinates": [ -46.6548704, -23.5336301 ] } },
{ "type": "Feature", "properties": { "CNPJ": "60455354000152", "IDCIDADE": "SAO_PAULO", "NOMEFANTASIA": "MERCADO_E_DOCERIA_LINS_LTDA", "RAZAOSOCIAL": "DOCERIA_LINS", "ENDEE": "RUA_DOUTOR_ALBUQUERQUE_LINS357__SANTA_CECILIA_01230-000", "LMAPS": "https://www.google.com/maps?q=&layer=c&cbll=-46.6549273,-23.5336866", "O_QUE_FAZER": "FINALIZADO", "ER_REGIAO_CIDADE_min": "Capital Centro_Santa Cecília" }, "geometry": { "type": "Point", "coordinates": [ -46.6549273, -23.5336866 ] } },
{ "type": "Feature", "properties": { "CNPJ": "47994251000100", "IDCIDADE": "SAO_PAULO", "NOMEFANTASIA": "ESSENCIAL_ACESSORIOS_PARA_CELULAR", "RAZAOSOCIAL": "ESSENCIAL_ACESSORIOS_PARA_CELULAR", "ENDEE": "RUA_DOUTOR_ALBUQUERQUE_LINS370__SANTA_CECILIA_01230-000", "LMAPS": "https://www.google.com/maps?q=&layer=c&cbll=-46.6552018,-23.5336192", "O_QUE_FAZER": "FINALIZADO", "ER_REGIAO_CIDADE_min": "Capital Centro_Santa Cecília" }, "geometry": { "type": "Point", "coordinates": [ -46.6552018, -23.5336192 ] } },
{ "type": "Feature", "properties": { "CNPJ": "43154657000116", "IDCIDADE": "SAO_PAULO", "NOMEFANTASIA": "BAR_E_LANCHES_BARDALINS_LTDA", "RAZAOSOCIAL": "BAR_DA_LINS", "ENDEE": "RUA_DOUTOR_ALBUQUERQUE_LINS491__SANTA_CECILIA_01230-000", "LMAPS": "https://www.google.com/maps?q=&layer=c&cbll=-46.6557252,-23.5346631", "O_QUE_FAZER": "FINALIZADO", "ER_REGIAO_CIDADE_min": "Capital Centro_Santa Cecília" }, "geometry": { "type": "Point", "coordinates": [ -46.6557252, -23.5346631 ] } },
{ "type": "Feature", "properties": { "CNPJ": "39417583000196", "IDCIDADE": "SAO_PAULO", "NOMEFANTASIA": "39.417.583_JOSE_ALMIR_DOS_SANTOS", "RAZAOSOCIAL": "SAPATARIA_ROSA_E_SILVA", "ENDEE": "RUA_ROSA_E_SILVA141__SANTA_CECILIA_01230-020", "LMAPS": "https://www.google.com/maps?q=&layer=c&cbll=-46.6573049,-23.5342169", "O_QUE_FAZER": "FINALIZADO", "ER_REGIAO_CIDADE_min": "Capital Centro_Santa Cecília" }, "geometry": { "type": "Point", "coordinates": [ -46.6573049, -23.5342169 ] } },
{ "type": "Feature", "properties": { "CNPJ": "54516342000198", "IDCIDADE": "SAO_PAULO", "NOMEFANTASIA": "DISTRIBUIDORA_NOVO_ALVORECER_ALIMENTOS_LTDA", "RAZAOSOCIAL": "CASA_DE_CARNES_NOVO_ALVORECER", "ENDEE": "RUA_ROSA_E_SILVA147__SANTA_CECILIA_01230-020", "LMAPS": "https://www.google.com/maps?q=&layer=c&cbll=-46.6573895,-23.5343137", "O_QUE_FAZER": "FINALIZADO", "ER_REGIAO_CIDADE_min": "Capital Centro_Santa Cecília" }, "geometry": { "type": "Point", "coordinates": [ -46.6573895, -23.5343137 ] } },
{ "type": "Feature", "properties": { "CNPJ": "13692049000102", "IDCIDADE": "SAO_PAULO", "NOMEFANTASIA": "C._P._DE_NOVAIS_OTICAS", "RAZAOSOCIAL": "OPTICA_DEODORO", "ENDEE": "RUA_ROSA_E_SILVA99__SANTA_CECILIA_01230-020", "LMAPS": "https://www.google.com/maps?q=&layer=c&cbll=-46.65717,-23.5339262", "O_QUE_FAZER": "FINALIZADO", "ER_REGIAO_CIDADE_min": "Capital Centro_Santa Cecília" }, "geometry": { "type": "Point", "coordinates": [ -46.65717, -23.5339262 ] } },
{ "type": "Feature", "properties": { "CNPJ": "24146891000157", "IDCIDADE": "SAO_PAULO", "NOMEFANTASIA": "J&J_DESCARTAVEIS_LTDA", "RAZAOSOCIAL": "J&J_DESCARTAVEIS", "ENDEE": "RUA_AZEVEDO_MARQUES27__SANTA_CECILIA_01230-030", "LMAPS": "https://www.google.com/maps?q=&layer=c&cbll=-46.6568464,-23.5338747", "O_QUE_FAZER": "FINALIZADO", "ER_REGIAO_CIDADE_min": "Capital Centro_Santa Cecília" }, "geometry": { "type": "Point", "coordinates": [ -46.6568464, -23.5338747 ] } },
{ "type": "Feature", "properties": { "CNPJ": "13280205000110", "IDCIDADE": "SAO_PAULO", "NOMEFANTASIA": "CLOVIS_F.DE_AGUIAR_-_TELEFONIA_LTDA", "RAZAOSOCIAL": "PEZAO_ACESSORIOS", "ENDEE": "RUA_AZEVEDO_MARQUES5__SANTA_CECILIA_01230-030", "LMAPS": "https://www.google.com/maps?q=&layer=c&cbll=-46.6568878,-23.5335671", "O_QUE_FAZER": "FINALIZADO", "ER_REGIAO_CIDADE_min": "Capital Centro_Santa Cecília" }, "geometry": { "type": "Point", "coordinates": [ -46.6568878, -23.5335671 ] } },
{ "type": "Feature", "properties": { "CNPJ": "37221245000159", "IDCIDADE": "SAO_PAULO", "NOMEFANTASIA": "BAR_E_LANCHONETE_JARDIM_DA_ROSA_&_SILVA_LTDA", "RAZAOSOCIAL": "LANCHONETE_JARDIM_DA_ROSA_E_SILVA", "ENDEE": "RUA_AZEVEDO_MARQUES50__SANTA_CECILIA_01230-030", "LMAPS": "https://www.google.com/maps?q=&layer=c&cbll=-46.6570288,-23.5337619", "O_QUE_FAZER": "FINALIZADO", "ER_REGIAO_CIDADE_min": "Capital Centro_Santa Cecília" }, "geometry": { "type": "Point", "coordinates": [ -46.6570288, -23.5337619 ] } },
{ "type": "Feature", "properties": { "CNPJ": "06170230000185", "IDCIDADE": "SAO_PAULO", "NOMEFANTASIA": "TELEFIZ_ASSISTENCIA_TECNICA", "RAZAOSOCIAL": "TELEFIZ_ASSISTENCIA_TECNICA_LTDA", "ENDEE": "RUA_BARONESA_DE_ITU28__SANTA_CECILIA_01231-000", "LMAPS": "https://www.google.com/maps?q=&layer=c&cbll=-46.653325,-23.539815", "O_QUE_FAZER": "FINALIZADO", "ER_REGIAO_CIDADE_min": "Capital Centro_Santa Cecília" }, "geometry": { "type": "Point", "coordinates": [ -46.653325, -23.539815 ] } },
{ "type": "Feature", "properties": { "CNPJ": "07295083000132", "IDCIDADE": "SAO_PAULO", "NOMEFANTASIA": "ROBETO_ARTIGOS_ESPORTIVOS_LTDA", "RAZAOSOCIAL": "ONE_SUPLEMENTOS", "ENDEE": "RUA_BARONESA_DE_ITU179__SANTA_CECILIA_01231-000", "LMAPS": "https://www.google.com/maps?q=&layer=c&cbll=-46.6548143,-23.5399659", "O_QUE_FAZER": "FINALIZADO", "ER_REGIAO_CIDADE_min": "Capital Centro_Santa Cecília" }, "geometry": { "type": "Point", "coordinates": [ -46.6548143, -23.5399659 ] } },
{ "type": "Feature", "properties": { "CNPJ": "55138549000139", "IDCIDADE": "SAO_PAULO", "NOMEFANTASIA": "BARONESA_FLORES_LTDA", "RAZAOSOCIAL": "BARONESA_FLORES", "ENDEE": "RUA_BARONESA_DE_ITU203__SANTA_CECILIA_01231-000", "LMAPS": "https://www.google.com/maps?q=&layer=c&cbll=-46.6550324,-23.5399659", "O_QUE_FAZER": "FINALIZADO", "ER_REGIAO_CIDADE_min": "Capital Centro_Santa Cecília" }, "geometry": { "type": "Point", "coordinates": [ -46.6550324, -23.5399659 ] } },
{ "type": "Feature", "properties": { "CNPJ": "11799688000138", "IDCIDADE": "SAO_PAULO", "NOMEFANTASIA": "STAR_BEAUTY_COSMETICOS_E_UTILIDADES_LTDA", "RAZAOSOCIAL": "STAR_BEAUTY", "ENDEE": "RUA_BARONESA_DE_ITU22__SANTA_CECILIA_01231-000", "LMAPS": "https://www.google.com/maps?q=&layer=c&cbll=-46.6532819,-23.5398595", "O_QUE_FAZER": "FINALIZADO", "ER_REGIAO_CIDADE_min": "Capital Centro_Santa Cecília" }, "geometry": { "type": "Point", "coordinates": [ -46.6532819, -23.5398595 ] } },
{ "type": "Feature", "properties": { "CNPJ": "65870701000127", "IDCIDADE": "SAO_PAULO", "NOMEFANTASIA": "EMPORIO_SCHEHRASAD_ALIMENTOS_LTDA", "RAZAOSOCIAL": "EMPORIO_SCHERASAD", "ENDEE": "RUA_BARONESA_DE_ITU340__SANTA_CECILIA_01231-000", "LMAPS": "https://www.google.com/maps?q=&layer=c&cbll=-46.6562464,-23.5395035", "O_QUE_FAZER": "FINALIZADO", "ER_REGIAO_CIDADE_min": "Capital Centro_Santa Cecília" }, "geometry": { "type": "Point", "coordinates": [ -46.6562464, -23.5395035 ] } },
{ "type": "Feature", "properties": { "CNPJ": "47332615000189", "IDCIDADE": "SAO_PAULO", "NOMEFANTASIA": "CRS_BELEZA_E_ESTETICA_LTDA", "RAZAOSOCIAL": "SANTA_CECILIA__CENTRO_DE_ESTETICA", "ENDEE": "RUA_BARONESA_DE_ITU42__VILA_BUARQUE_01231-000", "LMAPS": "https://www.google.com/maps?q=&layer=c&cbll=-46.6534496,-23.5396973", "O_QUE_FAZER": "FINALIZADO", "ER_REGIAO_CIDADE_min": "Capital Centro_Santa Cecília" }, "geometry": { "type": "Point", "coordinates": [ -46.6534496, -23.5396973 ] } },
{ "type": "Feature", "properties": { "CNPJ": "51737712000129", "IDCIDADE": "SAO_PAULO", "NOMEFANTASIA": "51.737.712_BIANKA_TOZARINI_MENDES_DA_SILVA", "RAZAOSOCIAL": "BIA_COSTURA", "ENDEE": "RUA_BARONESA_DE_ITU96__SANTA_CECILIA_01231-000", "LMAPS": "https://www.google.com/maps?q=&layer=c&cbll=-46.6540011,-23.5397768", "O_QUE_FAZER": "FINALIZADO", "ER_REGIAO_CIDADE_min": "Capital Centro_Santa Cecília" }, "geometry": { "type": "Point", "coordinates": [ -46.6540011, -23.5397768 ] } },
{ "type": "Feature", "properties": { "CNPJ": "52745664000183", "IDCIDADE": "SAO_PAULO", "NOMEFANTASIA": "52.745.664_EMERSON_COSTA_FRANCA", "RAZAOSOCIAL": "BARBEIRO", "ENDEE": "ALAMEDA_BARROS36__SANTA_CECILIA_01232-000", "LMAPS": "https://www.google.com/maps?q=&layer=c&cbll=-46.6519078,-23.5383134", "O_QUE_FAZER": "FINALIZADO", "ER_REGIAO_CIDADE_min": "Capital Centro_Santa Cecília" }, "geometry": { "type": "Point", "coordinates": [ -46.6519078, -23.5383134 ] } },
{ "type": "Feature", "properties": { "CNPJ": "31547393000181", "IDCIDADE": "SAO_PAULO", "NOMEFANTASIA": "BARBEARIA_VEGAS_LTDA", "RAZAOSOCIAL": "BARBEARIA_VEGAS", "ENDEE": "ALAMEDA_BARROS268__SANTA_CECILIA_01232-000", "LMAPS": "https://www.google.com/maps?q=&layer=c&cbll=-46.6537506,-23.5370156", "O_QUE_FAZER": "FINALIZADO", "ER_REGIAO_CIDADE_min": "Capital Centro_Santa Cecília" }, "geometry": { "type": "Point", "coordinates": [ -46.6537506, -23.5370156 ] } },
{ "type": "Feature", "properties": { "CNPJ": "26841816000131", "IDCIDADE": "SAO_PAULO", "NOMEFANTASIA": "RAFAEL_FERNANDO_DOS_SANTOS_GUIMARAES_40991152832", "RAZAOSOCIAL": "RAFA_REPARACOES_DE_CELULARES", "ENDEE": "ALAMEDA_BARROS270__SANTA_CECILIA_01232-000", "LMAPS": "https://www.google.com/maps?q=&layer=c&cbll=-46.6538015,-23.5370065", "O_QUE_FAZER": "FINALIZADO", "ER_REGIAO_CIDADE_min": "Capital Centro_Santa Cecília" }, "geometry": { "type": "Point", "coordinates": [ -46.6538015, -23.5370065 ] } },
{ "type": "Feature", "properties": { "CNPJ": "62001642000162", "IDCIDADE": "SAO_PAULO", "NOMEFANTASIA": "JUNIOR_GESTAO_DE_BELEZA_E_EMPRESARIAL_LTDA", "RAZAOSOCIAL": "TURQUESA_BELEZA_E_BEM_ESTAR", "ENDEE": "ALAMEDA_BARROS279__SANTA_CECILIA_01232-000", "LMAPS": "https://www.google.com/maps?q=&layer=c&cbll=-46.6539879,-23.5372214", "O_QUE_FAZER": "FINALIZADO", "ER_REGIAO_CIDADE_min": "Capital Centro_Santa Cecília" }, "geometry": { "type": "Point", "coordinates": [ -46.6539879, -23.5372214 ] } },
{ "type": "Feature", "properties": { "CNPJ": "21662442000173", "IDCIDADE": "SAO_PAULO", "NOMEFANTASIA": "CARMELUCIA_AGUIAR_43424147320", "RAZAOSOCIAL": "CARMEN_BOUTIQUE", "ENDEE": "ALAMEDA_BARROS30__SANTA_CECILIA_01232-000", "LMAPS": "https://www.google.com/maps?q=&layer=c&cbll=-46.6518995,-23.538359", "O_QUE_FAZER": "FINALIZADO", "ER_REGIAO_CIDADE_min": "Capital Centro_Santa Cecília" }, "geometry": { "type": "Point", "coordinates": [ -46.6518995, -23.538359 ] } },
{ "type": "Feature", "properties": { "CNPJ": "47278916000171", "IDCIDADE": "SAO_PAULO", "NOMEFANTASIA": "DOCERIA_LA_BUCAI_LTDA", "RAZAOSOCIAL": "LA_BUCAI_DOCERIA", "ENDEE": "ALAMEDA_BARROS33__SANTA_CECILIA_01232-000", "LMAPS": "https://www.google.com/maps?q=&layer=c&cbll=-46.6520365,-23.5384996", "O_QUE_FAZER": "FINALIZADO", "ER_REGIAO_CIDADE_min": "Capital Centro_Santa Cecília" }, "geometry": { "type": "Point", "coordinates": [ -46.6520365, -23.5384996 ] } },
{ "type": "Feature", "properties": { "CNPJ": "58435291000120", "IDCIDADE": "SAO_PAULO", "NOMEFANTASIA": "58.435.291_EDSON_DE_SOUSA_GOMES", "RAZAOSOCIAL": "EDSON_GOMES_BARBEARIA", "ENDEE": "ALAMEDA_BARROS36__SANTA_CECILIA_01232-000", "LMAPS": "https://www.google.com/maps?q=&layer=c&cbll=-46.6519078,-23.5383134", "O_QUE_FAZER": "FINALIZADO", "ER_REGIAO_CIDADE_min": "Capital Centro_Santa Cecília" }, "geometry": { "type": "Point", "coordinates": [ -46.6519078, -23.5383134 ] } },
{ "type": "Feature", "properties": { "CNPJ": "59630992000183", "IDCIDADE": "SAO_PAULO", "NOMEFANTASIA": "59.630.992_JONAS_ALVES_DE_OLIVEIRA", "RAZAOSOCIAL": "JONAS_ALVES_DE_OLIVEIRA", "ENDEE": "ALAMEDA_BARROS36__SANTA_CECILIA_01232-000", "LMAPS": "https://www.google.com/maps?q=&layer=c&cbll=-46.6519078,-23.5383134", "O_QUE_FAZER": "FINALIZADO", "ER_REGIAO_CIDADE_min": "Capital Centro_Santa Cecília" }, "geometry": { "type": "Point", "coordinates": [ -46.6519078, -23.5383134 ] } },
{ "type": "Feature", "properties": { "CNPJ": "45050945000156", "IDCIDADE": "SAO_PAULO", "NOMEFANTASIA": "TAPECARIA_SANDRA_LTDA", "RAZAOSOCIAL": "TAPECARIA_SANDRA", "ENDEE": "ALAMEDA_BARROS47__SANTA_CECILIA_01232-000", "LMAPS": "https://www.google.com/maps?q=&layer=c&cbll=-46.6521949,-23.5385048", "O_QUE_FAZER": "FINALIZADO", "ER_REGIAO_CIDADE_min": "Capital Centro_Santa Cecília" }, "geometry": { "type": "Point", "coordinates": [ -46.6521949, -23.5385048 ] } },
{ "type": "Feature", "properties": { "CNPJ": "04689023000106", "IDCIDADE": "SAO_PAULO", "NOMEFANTASIA": "LANCHONETE_NOVA_TUPI_LTDA", "RAZAOSOCIAL": "LANCHONETE_NOVA_TUPI", "ENDEE": "RUA_TUPI146__SANTA_CECILIA_01233-000", "LMAPS": "https://www.google.com/maps?q=&layer=c&cbll=-46.6606866,-23.5330536", "O_QUE_FAZER": "FINALIZADO", "ER_REGIAO_CIDADE_min": "Capital Centro_Santa Cecília" }, "geometry": { "type": "Point", "coordinates": [ -46.6606866, -23.5330536 ] } },
{ "type": "Feature", "properties": { "CNPJ": "47532346000102", "IDCIDADE": "SAO_PAULO", "NOMEFANTASIA": "DROGARIA_NOVA_TUPI_LTDA", "RAZAOSOCIAL": "DROGARIA_NOVA_TUPI", "ENDEE": "RUA_TUPI314__SANTA_CECILIA_01233-000", "LMAPS": "https://www.google.com/maps?q=&layer=c&cbll=-46.6612474,-23.5344501", "O_QUE_FAZER": "FINALIZADO", "ER_REGIAO_CIDADE_min": "Capital Centro_Santa Cecília" }, "geometry": { "type": "Point", "coordinates": [ -46.6612474, -23.5344501 ] } },
{ "type": "Feature", "properties": { "CNPJ": "44941931000160", "IDCIDADE": "SAO_PAULO", "NOMEFANTASIA": "HBN_DESIGN_DE_INTERIORES_E_MARCENARIA_PERSONALIZADA_LTDA", "RAZAOSOCIAL": "HBN_DESIGN_DE_INTERIORES_E_MARCENARIA_PERSONALIZADA_LTDA", "ENDEE": "RUA_TUPI65__SANTA_CECILIA_01233-001", "LMAPS": "https://www.google.com/maps?q=&layer=c&cbll=-46.6600487,-23.5324276", "O_QUE_FAZER": "FINALIZADO", "ER_REGIAO_CIDADE_min": "Capital Centro_Santa Cecília" }, "geometry": { "type": "Point", "coordinates": [ -46.6600487, -23.5324276 ] } },
{ "type": "Feature", "properties": { "CNPJ": "16878807000161", "IDCIDADE": "SAO_PAULO", "NOMEFANTASIA": "GUFI_CAFE_E_CONFEITARIA_LTDA", "RAZAOSOCIAL": "GUFI_CAFE", "ENDEE": "RUA_FRANCISCO_ESTACIO_FORTES136__SANTA_CECILIA_01233-060", "LMAPS": "https://www.google.com/maps?q=&layer=c&cbll=-46.6605836,-23.5328451", "O_QUE_FAZER": "FINALIZADO", "ER_REGIAO_CIDADE_min": "Capital Centro_Santa Cecília" }, "geometry": { "type": "Point", "coordinates": [ -46.6605836, -23.5328451 ] } },
{ "type": "Feature", "properties": { "CNPJ": "53075925000249", "IDCIDADE": "SAO_PAULO", "NOMEFANTASIA": "VAVA_ARTIGOS_RELIGIOSOS_E_ESOTERICOS_LTDA", "RAZAOSOCIAL": "VAVA_ARTIGOS_RELIGIOSOS", "ENDEE": "RUA_DONA_VERIDIANA101__HIGIENOPOLIS_01238-010", "LMAPS": "https://www.google.com/maps?q=&layer=c&cbll=-46.6503822,-23.5405308", "O_QUE_FAZER": "FINALIZADO", "ER_REGIAO_CIDADE_min": "Capital Centro_Santa Cecília" }, "geometry": { "type": "Point", "coordinates": [ -46.6503822, -23.5405308 ] } },
{ "type": "Feature", "properties": { "CNPJ": "26609877000178", "IDCIDADE": "SAO_PAULO", "NOMEFANTASIA": "OLD_BAR_E_RESTAURANTE_LTDA", "RAZAOSOCIAL": "JHONYS__BAR_E_RESTAURANTE", "ENDEE": "RUA_DONA_VERIDIANA106__VILA_BUARQUE_01238-010", "LMAPS": "https://www.google.com/maps?q=&layer=c&cbll=-46.6506653,-23.5404968", "O_QUE_FAZER": "FINALIZADO", "ER_REGIAO_CIDADE_min": "Capital Centro_Santa Cecília" }, "geometry": { "type": "Point", "coordinates": [ -46.6506653, -23.5404968 ] } },
{ "type": "Feature", "properties": { "CNPJ": "27892004000188", "IDCIDADE": "SAO_PAULO", "NOMEFANTASIA": "MAILTON_DE_MELO_OLIVEIRA", "RAZAOSOCIAL": "MAILTON_MELO_CABELEREIROS", "ENDEE": "RUA_DONA_VERIDIANA175__VILA_BUARQUE_01238-010", "LMAPS": "https://www.google.com/maps?q=&layer=c&cbll=-46.6506554,-23.5411962", "O_QUE_FAZER": "FINALIZADO", "ER_REGIAO_CIDADE_min": "Capital Centro_Santa Cecília" }, "geometry": { "type": "Point", "coordinates": [ -46.6506554, -23.5411962 ] } },
{ "type": "Feature", "properties": { "CNPJ": "00744475000192", "IDCIDADE": "SAO_PAULO", "NOMEFANTASIA": "MARLENE_M_RODRIGUES_TOQUE_DE_CLASSE", "RAZAOSOCIAL": "TOQUE_DE_CLASSE_CALCADOS_E_ACESSORIOS", "ENDEE": "RUA_DONA_VERIDIANA180__VILA_BUARQUE_01238-010", "LMAPS": "https://www.google.com/maps?q=&layer=c&cbll=-46.6509077,-23.5411666", "O_QUE_FAZER": "FINALIZADO", "ER_REGIAO_CIDADE_min": "Capital Centro_Santa Cecília" }, "geometry": { "type": "Point", "coordinates": [ -46.6509077, -23.5411666 ] } },
{ "type": "Feature", "properties": { "CNPJ": "44277108000100", "IDCIDADE": "SAO_PAULO", "NOMEFANTASIA": "AMT_BAR_E_RESTAURANTE_LTDA", "RAZAOSOCIAL": "VERMELHINHO_BAR_E_RESTAURANTE", "ENDEE": "RUA_DONA_VERIDIANA186__VILA_BUARQUE_01238-010", "LMAPS": "https://www.google.com/maps?q=&layer=c&cbll=-46.6509683,-23.5413079", "O_QUE_FAZER": "FINALIZADO", "ER_REGIAO_CIDADE_min": "Capital Centro_Santa Cecília" }, "geometry": { "type": "Point", "coordinates": [ -46.6509683, -23.5413079 ] } },
{ "type": "Feature", "properties": { "CNPJ": "26267893000120", "IDCIDADE": "SAO_PAULO", "NOMEFANTASIA": "ACADEMIA_FERREIRA_&_RODRIGUES_LTDA", "RAZAOSOCIAL": "ACADEMIA_CORPUS_MALHADUS", "ENDEE": "AVENIDA_SAO_JOAO1421__CAMPOS_ELISEOS_02920-050", "LMAPS": "https://www.google.com/maps?q=&layer=c&cbll=-46.6468034,-23.5390077", "O_QUE_FAZER": "FINALIZADO", "ER_REGIAO_CIDADE_min": "Capital Centro_Santa Cecília" }, "geometry": { "type": "Point", "coordinates": [ -46.6468034, -23.5390077 ] } },
{ "type": "Feature", "properties": { "CNPJ": "41907592000107", "IDCIDADE": "SAO_PAULO", "NOMEFANTASIA": "BAR_E_LANCHONETE_IMPERIO_DA_SAO_JOAO_LTDA", "RAZAOSOCIAL": "LANCHONETE_IMPERIO_DA_SAO_JOAO", "ENDEE": "AVENIDA_SAO_JOAO1587__CAMPOS_ELISEOS_02920-050", "LMAPS": "https://www.google.com/maps?q=&layer=c&cbll=-46.6481665,-23.5380788", "O_QUE_FAZER": "FINALIZADO", "ER_REGIAO_CIDADE_min": "Capital Centro_Santa Cecília" }, "geometry": { "type": "Point", "coordinates": [ -46.6481665, -23.5380788 ] } },
{ "type": "Feature", "properties": { "CNPJ": "27781286000146", "IDCIDADE": "SAO_PAULO", "NOMEFANTASIA": "CORREA_SERVICE_ASSISTENCIA_TECNICA_LTDA.", "RAZAOSOCIAL": "CORREA_SERVICE", "ENDEE": "AVENIDA_SAO_JOAO1723__VILA_PEREIRA_BARRETO_02920-050", "LMAPS": "https://www.google.com/maps?q=&layer=c&cbll=-46.6493869,-23.537544", "O_QUE_FAZER": "FINALIZADO", "ER_REGIAO_CIDADE_min": "Capital Centro_Santa Cecília" }, "geometry": { "type": "Point", "coordinates": [ -46.6493869, -23.537544 ] } },
{ "type": "Feature", "properties": { "CNPJ": "45217524000177", "IDCIDADE": "SAO_PAULO", "NOMEFANTASIA": "ZOOM_OFFICE_MOVEIS_LTDA", "RAZAOSOCIAL": "ZOOM_OFFICE_MOVEIS", "ENDEE": "AVENIDA_SAO_JOAO1959__VILA_BUARQUE_02920-050", "LMAPS": "https://www.google.com/maps?q=&layer=c&cbll=-46.6512559,-23.5364066", "O_QUE_FAZER": "FINALIZADO", "ER_REGIAO_CIDADE_min": "Capital Centro_Santa Cecília" }, "geometry": { "type": "Point", "coordinates": [ -46.6512559, -23.5364066 ] } },
{ "type": "Feature", "properties": { "CNPJ": "23966079000105", "IDCIDADE": "SAO_PAULO", "NOMEFANTASIA": "LANCHONETE_CAFE_NO_PONTO_LTDA", "RAZAOSOCIAL": "LANCHONETE_CAFE_NO_PONTO", "ENDEE": "AVENIDA_SAO_JOAO1997__VILA_BUARQUE_02920-050", "LMAPS": "https://www.google.com/maps?q=&layer=c&cbll=-46.6515167,-23.5362054", "O_QUE_FAZER": "FINALIZADO", "ER_REGIAO_CIDADE_min": "Capital Centro_Santa Cecília" }, "geometry": { "type": "Point", "coordinates": [ -46.6515167, -23.5362054 ] } },
{ "type": "Feature", "properties": { "CNPJ": "17132680000108", "IDCIDADE": "SAO_PAULO", "NOMEFANTASIA": "D'OURO_ANTIGO_-_MOVEIS_LTDA", "RAZAOSOCIAL": "D'OURO_ANTIGO", "ENDEE": "AVENIDA_SAO_JOAO2097__VILA_PEREIRA_BARRETO_02920-050", "LMAPS": "https://www.google.com/maps?q=&layer=c&cbll=-46.6524296,-23.5358009", "O_QUE_FAZER": "FINALIZADO", "ER_REGIAO_CIDADE_min": "Capital Centro_Santa Cecília" }, "geometry": { "type": "Point", "coordinates": [ -46.6524296, -23.5358009 ] } },
{ "type": "Feature", "properties": { "CNPJ": "37931388000154", "IDCIDADE": "SAO_PAULO", "NOMEFANTASIA": "CLEIDINEIA_SANTOS_ABREU_05984095645", "RAZAOSOCIAL": "ESPELHO_MEU_BOUTIQUE", "ENDEE": "PRACA_MARECHAL_DEODORO137__SANTA_CECILIA_04738-000", "LMAPS": "https://www.google.com/maps?q=&layer=c&cbll=-46.6542875,-23.535105", "O_QUE_FAZER": "FINALIZADO", "ER_REGIAO_CIDADE_min": "Capital Centro_Santa Cecília" }, "geometry": { "type": "Point", "coordinates": [ -46.6542875, -23.535105 ] } },
{ "type": "Feature", "properties": { "CNPJ": "10498560000171", "IDCIDADE": "SAO_PAULO", "NOMEFANTASIA": "SAN_MINI_MERCADO_LTDA", "RAZAOSOCIAL": "GASPAR_PRESENTES", "ENDEE": "PRACA_MARECHAL_DEODORO386__SANTO_AMARO_04738-000", "LMAPS": "https://www.google.com/maps?q=&layer=c&cbll=-46.6560121,-23.5332731", "O_QUE_FAZER": "FINALIZADO", "ER_REGIAO_CIDADE_min": "Capital Centro_Santa Cecília" }, "geometry": { "type": "Point", "coordinates": [ -46.6560121, -23.5332731 ] } },
{ "type": "Feature", "properties": { "CNPJ": "41927354000163", "IDCIDADE": "SAO_PAULO", "NOMEFANTASIA": "ADEGA_REI_DOS_DRINKS_LTDA", "RAZAOSOCIAL": "ADEGA_REI_DOS_DRINKS", "ENDEE": "PRACA_MARECHAL_DEODORO43__SANTA_CECILIA_04738-000", "LMAPS": "https://www.google.com/maps?q=&layer=c&cbll=-46.6536197,-23.53561", "O_QUE_FAZER": "FINALIZADO", "ER_REGIAO_CIDADE_min": "Capital Centro_Santa Cecília" }, "geometry": { "type": "Point", "coordinates": [ -46.6536197, -23.53561 ] } },
{ "type": "Feature", "properties": { "CNPJ": "13149611000148", "IDCIDADE": "SAO_PAULO", "NOMEFANTASIA": "APARECIDA_ELIANA_B._-_PELICULAS_SOLARES", "RAZAOSOCIAL": "ONYX", "ENDEE": "AVENIDA_DUQUE_DE_CAXIAS555__CAMPOS_ELISEOS_04748-020", "LMAPS": "https://www.google.com/maps?q=&layer=c&cbll=-46.6440573,-23.5373815", "O_QUE_FAZER": "FINALIZADO", "ER_REGIAO_CIDADE_min": "Capital Centro_Santa Cecília" }, "geometry": { "type": "Point", "coordinates": [ -46.6440573, -23.5373815 ] } },
{ "type": "Feature", "properties": { "CNPJ": "49519231000103", "IDCIDADE": "SAO_PAULO", "NOMEFANTASIA": "49.519.231_WELLINTON_BIANZENO", "RAZAOSOCIAL": "FILO_PETS", "ENDEE": "AVENIDA_DUQUE_DE_CAXIAS605__CAMPOS_ELISEOS_04748-020", "LMAPS": "https://www.google.com/maps?q=&layer=c&cbll=-46.6437401,-23.5371535", "O_QUE_FAZER": "FINALIZADO", "ER_REGIAO_CIDADE_min": "Capital Centro_Santa Cecília" }, "geometry": { "type": "Point", "coordinates": [ -46.6437401, -23.5371535 ] } },
{ "type": "Feature", "properties": { "CNPJ": "25961328000103", "IDCIDADE": "SAO_PAULO", "NOMEFANTASIA": "ALBENIA_SILVA_DE_PAIVA_03330776447", "RAZAOSOCIAL": "TUPIOCAS__TAPIOCARIA_GOURMET", "ENDEE": "AVENIDA_DUQUE_DE_CAXIAS925__CAMPOS_ELISEOS_04748-020", "LMAPS": "https://www.google.com/maps?q=&layer=c&cbll=-46.6413335,-23.535489", "O_QUE_FAZER": "FINALIZADO", "ER_REGIAO_CIDADE_min": "Capital Centro_Santa Cecília" }, "geometry": { "type": "Point", "coordinates": [ -46.6413335, -23.535489 ] } },
{ "type": "Feature", "properties": { "CNPJ": "33304669000126", "IDCIDADE": "VINHEDO", "NOMEFANTASIA": "PRADO_PINTO_&_OLIVEIRA_FUNELARIA_VEICULOS_LIMITADA", "RAZAOSOCIAL": "PRADO_FUNILARIA", "ENDEE": "RUA_DAS_PALMEIRAS126__RESIDENCIAL_FLORA_13280-164", "LMAPS": "https://www.google.com/maps?q=&layer=c&cbll=-46.6503559,-23.5378459", "O_QUE_FAZER": "FINALIZADO", "ER_REGIAO_CIDADE_min": "Capital Centro_Santa Cecília" }, "geometry": { "type": "Point", "coordinates": [ -46.6503559, -23.5378459 ] } },
{ "type": "Feature", "properties": { "CNPJ": "56054574000105", "IDCIDADE": "FERNANDOPOLIS", "NOMEFANTASIA": "56.054.574_CASSIUS_CLAY_NUNES_FERRAZ", "RAZAOSOCIAL": "MECANICA__FERRAZ", "ENDEE": "AVENIDA_DUQUE_DE_CAXIAS881__SANTA_CECILIA_15610-140", "LMAPS": "https://www.google.com/maps?q=&layer=c&cbll=-46.6490241,-23.534385", "O_QUE_FAZER": "FINALIZADO", "ER_REGIAO_CIDADE_min": "Capital Centro_Santa Cecília" }, "geometry": { "type": "Point", "coordinates": [ -46.6490241, -23.534385 ] } },
{ "type": "Feature", "properties": { "CNPJ": "62619077000100", "IDCIDADE": "SAO_PAULO", "NOMEFANTASIA": "DESPACHANTE_OURO", "RAZAOSOCIAL": "AGENCIA_DE_DESPACHOS_OURO_SOCIEDADE_SIMPLES_LTDA", "ENDEE": "RUA_GUAIANASES687__CAMPOS_ELISEOS_01204-000", "LMAPS": "https://www.google.com/maps?q=&layer=c&cbll=-46.6438692,-23.5360706", "O_QUE_FAZER": "FINALIZADO", "ER_REGIAO_CIDADE_min": "Capital Centro_Santa Cecília" }, "geometry": { "type": "Point", "coordinates": [ -46.6438692, -23.5360706 ] } },
{ "type": "Feature", "properties": { "CNPJ": "25168072000173", "IDCIDADE": "SAO_PAULO", "NOMEFANTASIA": "DISK_AGUA", "RAZAOSOCIAL": "DISK_AGUA", "ENDEE": "RUA_DOUTOR_CARVALHO_DE_MENDONCA__160_01201-010", "LMAPS": "https://www.google.com/maps?q=&layer=c&cbll=-46.6506481,-23.5340887", "O_QUE_FAZER": "FINALIZADO", "ER_REGIAO_CIDADE_min": "Capital Centro_Santa Cecília" }, "geometry": { "type": "Point", "coordinates": [ -46.6506481, -23.5340887 ] } },
{ "type": "Feature", "properties": { "CNPJ": "58088246000147", "IDCIDADE": "SAO_PAULO", "NOMEFANTASIA": "REBAR_RECONDICIONADORA", "RAZAOSOCIAL": "REBAR_RECONDICIONADORA_BARAO_LTDA", "ENDEE": "RUA_ANA_CINTRA81__CAMPOS_ELISEOS_01201-060", "LMAPS": "https://www.google.com/maps?q=&layer=c&cbll=-46.6471941,-23.5377308", "O_QUE_FAZER": "FINALIZADO", "ER_REGIAO_CIDADE_min": "Capital Centro_Santa Cecília" }, "geometry": { "type": "Point", "coordinates": [ -46.6471941, -23.5377308 ] } },
{ "type": "Feature", "properties": { "CNPJ": "28168452000104", "IDCIDADE": "SAO_PAULO", "NOMEFANTASIA": "CLASSE_A", "RAZAOSOCIAL": "CHAMBERLAIN_FLAUSINO_RAMOS_PECAS_E_ACESSORIOS_PARA_VEICULOS", "ENDEE": "RUA_CONSELHEIRO_NEBIAS580__CAMPOS_ELISEOS_04370-105", "LMAPS": "https://www.google.com/maps?q=&layer=c&cbll=-46.6441783,-23.5376883", "O_QUE_FAZER": "FINALIZADO", "ER_REGIAO_CIDADE_min": "Capital Centro_Santa Cecília" }, "geometry": { "type": "Point", "coordinates": [ -46.6441783, -23.5376883 ] } },
{ "type": "Feature", "properties": { "CNPJ": "08767777000198", "IDCIDADE": "SAO_PAULO", "NOMEFANTASIA": "ADEGA_SOUZA", "RAZAOSOCIAL": "ADEGA_SOUZA_RAMOS_LTDA", "ENDEE": "AVENIDA_SAO_JOAO1522__SANTA_CECILIA_08490-500", "LMAPS": "https://www.google.com/maps?q=&layer=c&cbll=-46.6473637,-23.5382489", "O_QUE_FAZER": "FINALIZADO", "ER_REGIAO_CIDADE_min": "Capital Centro_Santa Cecília" }, "geometry": { "type": "Point", "coordinates": [ -46.6473637, -23.5382489 ] } },
{ "type": "Feature", "properties": { "CNPJ": "54489719000167", "IDCIDADE": "SAO_PAULO", "NOMEFANTASIA": "-", "RAZAOSOCIAL": "54.489.719_JULIANA_LACERDA", "ENDEE": "RUA_CONSELHEIRO_BROTERO_436_BARRA_FUNDA_01154-000_SAO_PAULO", "LMAPS": "https://www.google.com/maps?q=&layer=c&cbll=-23.5304798,-46.6578266", "O_QUE_FAZER": "FINALIZADO", "ER_REGIAO_CIDADE_min": "Capital Centro_Santa Cecília" }, "geometry": { "type": "Point", "coordinates": [ -46.6578266, -23.5304798 ] } }
]
}
